{
    "type": "instance",
    "class_path": "autofit.non_linear.samples.summary.SamplesSummary",
    "arguments": {
        "model": null,
        "errors_at_sigma_1": {
            "type": "list",
            "values": [
                {
                    "type": "tuple",
                    "values": [
                        0.011560164450282864,
                        0.006058870508130781
                    ]
                },
                {
                    "type": "tuple",
                    "values": [
                        0.009420794009558031,
                        0.01039253121724331
                    ]
                }
            ]
        },
        "log_evidence": -60.200338569735614,
        "errors_at_sigma_3": {
            "type": "list",
            "values": [
                {
                    "type": "tuple",
                    "values": [
                        0.01703265500351535,
                        0.020350926453374482
                    ]
                },
                {
                    "type": "tuple",
                    "values": [
                        0.019227267178874435,
                        0.020174176705879975
                    ]
                }
            ]
        },
        "median_pdf_sample": {
            "type": "instance",
            "class_path": "autofit.non_linear.samples.sample.Sample",
            "arguments": {
                "log_likelihood": -49.11401377201914,
                "log_prior": 0.0,
                "weight": 0.0010048662647460386,
                "kwargs": {
                    "type": "dict",
                    "arguments": {
                        "ellipses.0.ell_comps.ell_comps_0": -0.06261108015151448,
                        "ellipses.0.ell_comps.ell_comps_1": 0.06030515498438003
                    }
                }
            }
        },
        "max_log_likelihood_sample": {
            "type": "instance",
            "class_path": "autofit.non_linear.samples.sample.Sample",
            "arguments": {
                "log_likelihood": -49.11401377201914,
                "log_prior": 0.0,
                "weight": 0.0010048662647460386,
                "kwargs": {
                    "type": "dict",
                    "arguments": {
                        "ellipses.0.ell_comps.ell_comps_0": -0.07356459699642,
                        "ellipses.0.ell_comps.ell_comps_1": 0.07037999083373
                    }
                }
            }
        },
        "values_at_sigma_1": {
            "type": "list",
            "values": [
                {
                    "type": "tuple",
                    "values": [
                        -0.07417124460179735,
                        -0.0565522096433837
                    ]
                },
                {
                    "type": "tuple",
                    "values": [
                        0.050884360974822,
                        0.07069768620162334
                    ]
                }
            ]
        },
        "values_at_sigma_3": {
            "type": "list",
            "values": [
                {
                    "type": "tuple",
                    "values": [
                        -0.07964373515502983,
                        -0.04226015369814
                    ]
                },
                {
                    "type": "tuple",
                    "values": [
                        0.04107788780550559,
                        0.08047933169026
                    ]
                }
            ]
        }
    }
}