{
    "type": "instance",
    "class_path": "autofit.non_linear.samples.summary.SamplesSummary",
    "arguments": {
        "errors_at_sigma_3": {
            "type": "list",
            "values": [
                {
                    "type": "tuple",
                    "values": [
                        0.013080835488544303,
                        0.014122289211829998
                    ]
                },
                {
                    "type": "tuple",
                    "values": [
                        0.013332725452772642,
                        0.01926744678367466
                    ]
                },
                {
                    "type": "tuple",
                    "values": [
                        0.02032271620638,
                        0.02048092103354156
                    ]
                },
                {
                    "type": "tuple",
                    "values": [
                        0.020942293597716568,
                        0.018270013912041954
                    ]
                },
                {
                    "type": "tuple",
                    "values": [
                        0.02227979170505234,
                        0.019182028515623166
                    ]
                },
                {
                    "type": "tuple",
                    "values": [
                        0.024203353820786738,
                        0.025392763450647667
                    ]
                }
            ]
        },
        "errors_at_sigma_1": {
            "type": "list",
            "values": [
                {
                    "type": "tuple",
                    "values": [
                        0.005347570158862626,
                        0.00460048254945215
                    ]
                },
                {
                    "type": "tuple",
                    "values": [
                        0.004505892224912392,
                        0.00563153494488465
                    ]
                },
                {
                    "type": "tuple",
                    "values": [
                        0.006374495722945761,
                        0.00761838656665
                    ]
                },
                {
                    "type": "tuple",
                    "values": [
                        0.005705635039076536,
                        0.006319864270062755
                    ]
                },
                {
                    "type": "tuple",
                    "values": [
                        0.006693046588965889,
                        0.006394829642073987
                    ]
                },
                {
                    "type": "tuple",
                    "values": [
                        0.0077925051206304725,
                        0.010082338131907672
                    ]
                }
            ]
        },
        "values_at_sigma_3": {
            "type": "list",
            "values": [
                {
                    "type": "tuple",
                    "values": [
                        0.004758876564685698,
                        0.03196200126506
                    ]
                },
                {
                    "type": "tuple",
                    "values": [
                        -0.1258083662437573,
                        -0.09320819400731
                    ]
                },
                {
                    "type": "tuple",
                    "values": [
                        -0.02689236094009,
                        0.01391127629983156
                    ]
                },
                {
                    "type": "tuple",
                    "values": [
                        -0.021868173043659324,
                        0.017344134466099198
                    ]
                },
                {
                    "type": "tuple",
                    "values": [
                        -0.018850982498790213,
                        0.022610837721885293
                    ]
                },
                {
                    "type": "tuple",
                    "values": [
                        -0.00110559512920702,
                        0.048490522142227384
                    ]
                }
            ]
        },
        "values_at_sigma_1": {
            "type": "list",
            "values": [
                {
                    "type": "tuple",
                    "values": [
                        0.012492141894367375,
                        0.02244019460268215
                    ]
                },
                {
                    "type": "tuple",
                    "values": [
                        -0.11698153301589705,
                        -0.1068441058461
                    ]
                },
                {
                    "type": "tuple",
                    "values": [
                        -0.012944140456655762,
                        0.00104874183294
                    ]
                },
                {
                    "type": "tuple",
                    "values": [
                        -0.006631514485019292,
                        0.00539398482412
                    ]
                },
                {
                    "type": "tuple",
                    "values": [
                        -0.0032642373827037625,
                        0.009823638848336114
                    ]
                },
                {
                    "type": "tuple",
                    "values": [
                        0.015305253570949244,
                        0.03318009682348739
                    ]
                }
            ]
        },
        "log_evidence": -37.272421413018115,
        "median_pdf_sample": {
            "type": "instance",
            "class_path": "autofit.non_linear.samples.sample.Sample",
            "arguments": {
                "log_likelihood": -18.018236851551865,
                "log_prior": 0.0,
                "weight": 0.001000327403931588,
                "kwargs": {
                    "type": "dict",
                    "arguments": {
                        "ellipses.0.ell_comps.ell_comps_0": 0.01783971205323,
                        "ellipses.0.ell_comps.ell_comps_1": -0.11247564079098465,
                        "multipoles.0.multipole_3.multipole_comps.multipole_comps_0": -0.00656964473371,
                        "multipoles.0.multipole_3.multipole_comps.multipole_comps_1": -0.0009258794459427555,
                        "multipoles.0.multipole_4.multipole_comps.multipole_comps_0": 0.0034288092062621273,
                        "multipoles.0.multipole_4.multipole_comps.multipole_comps_1": 0.023097758691579717
                    }
                }
            }
        },
        "max_log_likelihood_sample": {
            "type": "instance",
            "class_path": "autofit.non_linear.samples.sample.Sample",
            "arguments": {
                "log_likelihood": -18.018236851551865,
                "log_prior": 0.0,
                "weight": 0.001000327403931588,
                "kwargs": {
                    "type": "dict",
                    "arguments": {
                        "ellipses.0.ell_comps.ell_comps_0": 0.01683938689113,
                        "ellipses.0.ell_comps.ell_comps_1": -0.11197506242797,
                        "multipoles.0.multipole_3.multipole_comps.multipole_comps_0": -0.00704760986938,
                        "multipoles.0.multipole_3.multipole_comps.multipole_comps_1": -0.0002360158762,
                        "multipoles.0.multipole_4.multipole_comps.multipole_comps_0": 0.00412364716878,
                        "multipoles.0.multipole_4.multipole_comps.multipole_comps_1": 0.02172084345335
                    }
                }
            }
        },
        "model": null
    }
}