{
    "type": "instance",
    "class_path": "autofit.non_linear.samples.summary.SamplesSummary",
    "arguments": {
        "median_pdf_sample": {
            "type": "instance",
            "class_path": "autofit.non_linear.samples.sample.Sample",
            "arguments": {
                "log_likelihood": -14.321964038072643,
                "log_prior": 0.0,
                "weight": 0.0010047551064160697,
                "kwargs": {
                    "type": "dict",
                    "arguments": {
                        "ellipses.0.ell_comps.ell_comps_0": 0.027292705126645736,
                        "ellipses.0.ell_comps.ell_comps_1": -0.1016187592133,
                        "multipoles.0.multipole_3.multipole_comps.multipole_comps_0": -0.001512322568631103,
                        "multipoles.0.multipole_3.multipole_comps.multipole_comps_1": -0.00361829216366,
                        "multipoles.0.multipole_4.multipole_comps.multipole_comps_0": -0.003927715422423327,
                        "multipoles.0.multipole_4.multipole_comps.multipole_comps_1": 0.001499876074791795
                    }
                }
            }
        },
        "max_log_likelihood_sample": {
            "type": "instance",
            "class_path": "autofit.non_linear.samples.sample.Sample",
            "arguments": {
                "log_likelihood": -14.321964038072643,
                "log_prior": 0.0,
                "weight": 0.0010047551064160697,
                "kwargs": {
                    "type": "dict",
                    "arguments": {
                        "ellipses.0.ell_comps.ell_comps_0": 0.02729092955756,
                        "ellipses.0.ell_comps.ell_comps_1": -0.10396194316269,
                        "multipoles.0.multipole_3.multipole_comps.multipole_comps_0": -0.00110983834805,
                        "multipoles.0.multipole_3.multipole_comps.multipole_comps_1": -0.0039890019737,
                        "multipoles.0.multipole_4.multipole_comps.multipole_comps_0": -0.00485556008784,
                        "multipoles.0.multipole_4.multipole_comps.multipole_comps_1": 0.00348705923953
                    }
                }
            }
        },
        "values_at_sigma_3": {
            "type": "list",
            "values": [
                {
                    "type": "tuple",
                    "values": [
                        0.01305334301676,
                        0.04084509297225727
                    ]
                },
                {
                    "type": "tuple",
                    "values": [
                        -0.11826592547376924,
                        -0.08743205536242
                    ]
                },
                {
                    "type": "tuple",
                    "values": [
                        -0.010200035611500374,
                        0.007885532430277415
                    ]
                },
                {
                    "type": "tuple",
                    "values": [
                        -0.013286821671268647,
                        0.00648948847582
                    ]
                },
                {
                    "type": "tuple",
                    "values": [
                        -0.01654792098578424,
                        0.009741984359922573
                    ]
                },
                {
                    "type": "tuple",
                    "values": [
                        -0.01196969508196285,
                        0.012970227498515868
                    ]
                }
            ]
        },
        "model": null,
        "log_evidence": -35.9376307301271,
        "errors_at_sigma_1": {
            "type": "list",
            "values": [
                {
                    "type": "tuple",
                    "values": [
                        0.0048489845116705226,
                        0.005066456354534267
                    ]
                },
                {
                    "type": "tuple",
                    "values": [
                        0.004882229359365747,
                        0.005170022411849412
                    ]
                },
                {
                    "type": "tuple",
                    "values": [
                        0.0030510483277095875,
                        0.003133035768661103
                    ]
                },
                {
                    "type": "tuple",
                    "values": [
                        0.0030575364402699997,
                        0.0034435613074531237
                    ]
                },
                {
                    "type": "tuple",
                    "values": [
                        0.00454288789433073,
                        0.004728446382868733
                    ]
                },
                {
                    "type": "tuple",
                    "values": [
                        0.0044965893499328505,
                        0.004349165940328205
                    ]
                }
            ]
        },
        "errors_at_sigma_3": {
            "type": "list",
            "values": [
                {
                    "type": "tuple",
                    "values": [
                        0.014239362109885736,
                        0.013552387845611531
                    ]
                },
                {
                    "type": "tuple",
                    "values": [
                        0.016647166260469234,
                        0.01418670385088
                    ]
                },
                {
                    "type": "tuple",
                    "values": [
                        0.008687713042869272,
                        0.009397854998908517
                    ]
                },
                {
                    "type": "tuple",
                    "values": [
                        0.009668529507608648,
                        0.01010778063948
                    ]
                },
                {
                    "type": "tuple",
                    "values": [
                        0.012620205563360912,
                        0.0136696997823459
                    ]
                },
                {
                    "type": "tuple",
                    "values": [
                        0.013469571156754645,
                        0.011470351423724073
                    ]
                }
            ]
        },
        "values_at_sigma_1": {
            "type": "list",
            "values": [
                {
                    "type": "tuple",
                    "values": [
                        0.022443720614975213,
                        0.03235916148118
                    ]
                },
                {
                    "type": "tuple",
                    "values": [
                        -0.10650098857266575,
                        -0.0964487368014506
                    ]
                },
                {
                    "type": "tuple",
                    "values": [
                        -0.004563370896340691,
                        0.00162071320003
                    ]
                },
                {
                    "type": "tuple",
                    "values": [
                        -0.00667582860393,
                        -0.00017473085620687626
                    ]
                },
                {
                    "type": "tuple",
                    "values": [
                        -0.008470603316754057,
                        0.0008007309604454056
                    ]
                },
                {
                    "type": "tuple",
                    "values": [
                        -0.002996713275141056,
                        0.00584904201512
                    ]
                }
            ]
        }
    }
}