{
    "type": "instance",
    "class_path": "autofit.non_linear.samples.summary.SamplesSummary",
    "arguments": {
        "values_at_sigma_1": {
            "type": "list",
            "values": [
                {
                    "type": "tuple",
                    "values": [
                        0.01353908281642,
                        0.02696039995869
                    ]
                },
                {
                    "type": "tuple",
                    "values": [
                        -0.044167194292389356,
                        0.00010603625798752753
                    ]
                },
                {
                    "type": "tuple",
                    "values": [
                        -0.0400697998935,
                        0.0561519484892
                    ]
                },
                {
                    "type": "tuple",
                    "values": [
                        -0.03892671920402,
                        0.03524374281439
                    ]
                },
                {
                    "type": "tuple",
                    "values": [
                        -0.07812374502904,
                        0.04852587843911747
                    ]
                },
                {
                    "type": "tuple",
                    "values": [
                        -0.043017750136971,
                        0.09134464074686463
                    ]
                }
            ]
        },
        "median_pdf_sample": {
            "type": "instance",
            "class_path": "autofit.non_linear.samples.sample.Sample",
            "arguments": {
                "log_likelihood": -25.753802822117702,
                "log_prior": 0.0,
                "weight": 0.0009219597939643022,
                "kwargs": {
                    "type": "dict",
                    "arguments": {
                        "ellipses.0.ell_comps.ell_comps_0": 0.02175708507214195,
                        "ellipses.0.ell_comps.ell_comps_1": -0.008618517315576415,
                        "multipoles.0.multipole_3.multipole_comps.multipole_comps_0": 0.00543086980723,
                        "multipoles.0.multipole_3.multipole_comps.multipole_comps_1": 0.00247277117393,
                        "multipoles.0.multipole_4.multipole_comps.multipole_comps_0": -0.01780939597378894,
                        "multipoles.0.multipole_4.multipole_comps.multipole_comps_1": 0.03766295102975
                    }
                }
            }
        },
        "errors_at_sigma_1": {
            "type": "list",
            "values": [
                {
                    "type": "tuple",
                    "values": [
                        0.00821800225572195,
                        0.005203314886548047
                    ]
                },
                {
                    "type": "tuple",
                    "values": [
                        0.03554867697681294,
                        0.008724553573563942
                    ]
                },
                {
                    "type": "tuple",
                    "values": [
                        0.04550066970073,
                        0.05072107868197
                    ]
                },
                {
                    "type": "tuple",
                    "values": [
                        0.04139949037795,
                        0.03277097164046
                    ]
                },
                {
                    "type": "tuple",
                    "values": [
                        0.06031434905525106,
                        0.06633527441290642
                    ]
                },
                {
                    "type": "tuple",
                    "values": [
                        0.08068070116672099,
                        0.05368168971711463
                    ]
                }
            ]
        },
        "errors_at_sigma_3": {
            "type": "list",
            "values": [
                {
                    "type": "tuple",
                    "values": [
                        0.04364311734537332,
                        0.03446907829525363
                    ]
                },
                {
                    "type": "tuple",
                    "values": [
                        0.06327132636245358,
                        0.027037148877086414
                    ]
                },
                {
                    "type": "tuple",
                    "values": [
                        0.09624854413078203,
                        0.0892644316660403
                    ]
                },
                {
                    "type": "tuple",
                    "values": [
                        0.09932033823006804,
                        0.09057223483172071
                    ]
                },
                {
                    "type": "tuple",
                    "values": [
                        0.08205067537721829,
                        0.11687899264185844
                    ]
                },
                {
                    "type": "tuple",
                    "values": [
                        0.13652004756441602,
                        0.062198243372754806
                    ]
                }
            ]
        },
        "model": null,
        "log_evidence": -42.30509293095361,
        "values_at_sigma_3": {
            "type": "list",
            "values": [
                {
                    "type": "tuple",
                    "values": [
                        -0.02188603227323137,
                        0.056226163367395575
                    ]
                },
                {
                    "type": "tuple",
                    "values": [
                        -0.07188984367803,
                        0.01841863156151
                    ]
                },
                {
                    "type": "tuple",
                    "values": [
                        -0.09081767432355203,
                        0.0946953014732703
                    ]
                },
                {
                    "type": "tuple",
                    "values": [
                        -0.09684756705613805,
                        0.0930450060056507
                    ]
                },
                {
                    "type": "tuple",
                    "values": [
                        -0.09986007135100723,
                        0.0990695966680695
                    ]
                },
                {
                    "type": "tuple",
                    "values": [
                        -0.09885709653466603,
                        0.09986119440250481
                    ]
                }
            ]
        },
        "max_log_likelihood_sample": {
            "type": "instance",
            "class_path": "autofit.non_linear.samples.sample.Sample",
            "arguments": {
                "log_likelihood": -25.753802822117702,
                "log_prior": 0.0,
                "weight": 0.0009219597939643022,
                "kwargs": {
                    "type": "dict",
                    "arguments": {
                        "ellipses.0.ell_comps.ell_comps_0": 0.01958483129978,
                        "ellipses.0.ell_comps.ell_comps_1": 0.00455912463842,
                        "multipoles.0.multipole_3.multipole_comps.multipole_comps_0": 0.02963663249875,
                        "multipoles.0.multipole_3.multipole_comps.multipole_comps_1": -0.0218667574851,
                        "multipoles.0.multipole_4.multipole_comps.multipole_comps_0": -0.00690408004458,
                        "multipoles.0.multipole_4.multipole_comps.multipole_comps_1": 0.09832955185825
                    }
                }
            }
        }
    }
}