{
    "type": "instance",
    "class_path": "autofit.non_linear.samples.summary.SamplesSummary",
    "arguments": {
        "median_pdf_sample": {
            "type": "instance",
            "class_path": "autofit.non_linear.samples.sample.Sample",
            "arguments": {
                "log_likelihood": -13071.045603176608,
                "log_prior": 0.03493448964332964,
                "weight": 8.67330967035955e-05,
                "kwargs": {
                    "type": "dict",
                    "arguments": {
                        "galaxies.lens.mass.ell_comps.ell_comps_0": -0.061817440918239465,
                        "galaxies.lens.mass.ell_comps.ell_comps_1": -0.039888295265741225,
                        "galaxies.lens.multipole_4.einstein_radius": 1.0183714839916003,
                        "galaxies.lens.multipole_4.centre.centre_0": -0.005254858599384493,
                        "galaxies.lens.multipole_4.centre.centre_1": 0.004853724242575705,
                        "galaxies.lens.multipole_3.multipole_comps.multipole_comps_0": 0.0016430089442470523,
                        "galaxies.lens.multipole_3.multipole_comps.multipole_comps_1": 0.0013248784224190989,
                        "galaxies.lens.multipole_4.multipole_comps.multipole_comps_0": 0.0008788358436652279,
                        "galaxies.lens.multipole_4.multipole_comps.multipole_comps_1": 0.00030277796426685745,
                        "galaxies.lens.multipole_4.slope": 1.8968011191521503,
                        "galaxies.lens.shear.gamma_1": -0.01011268581926422,
                        "galaxies.lens.shear.gamma_2": -0.035830598347582544
                    }
                }
            }
        },
        "errors_at_sigma_3": {
            "type": "list",
            "values": [
                {
                    "type": "tuple",
                    "values": [
                        0.01759108452105309,
                        0.017328963981903873
                    ]
                },
                {
                    "type": "tuple",
                    "values": [
                        0.01705644676011924,
                        0.016842518736117654
                    ]
                },
                {
                    "type": "tuple",
                    "values": [
                        0.01146479462193195,
                        0.017662787198714947
                    ]
                },
                {
                    "type": "tuple",
                    "values": [
                        0.01132523485066817,
                        0.011232265712242114
                    ]
                },
                {
                    "type": "tuple",
                    "values": [
                        0.008965958422829629,
                        0.008871513157354374
                    ]
                },
                {
                    "type": "tuple",
                    "values": [
                        0.0031567759059119302,
                        0.003653125760198178
                    ]
                },
                {
                    "type": "tuple",
                    "values": [
                        0.003575241644041681,
                        0.004243001730485224
                    ]
                },
                {
                    "type": "tuple",
                    "values": [
                        0.002861364962273659,
                        0.002437374204352684
                    ]
                },
                {
                    "type": "tuple",
                    "values": [
                        0.0022124390515309103,
                        0.00250277471055344
                    ]
                },
                {
                    "type": "tuple",
                    "values": [
                        0.13219747556816608,
                        0.230256291470742
                    ]
                },
                {
                    "type": "tuple",
                    "values": [
                        0.009937792258653879,
                        0.010780983652389678
                    ]
                },
                {
                    "type": "tuple",
                    "values": [
                        0.006858004320262706,
                        0.009393925742724605
                    ]
                }
            ]
        },
        "log_evidence": -13130.049726012994,
        "model": null,
        "errors_at_sigma_1": {
            "type": "list",
            "values": [
                {
                    "type": "tuple",
                    "values": [
                        0.005358610341489926,
                        0.005231536891692527
                    ]
                },
                {
                    "type": "tuple",
                    "values": [
                        0.005348268285174006,
                        0.005995282999677727
                    ]
                },
                {
                    "type": "tuple",
                    "values": [
                        0.004701394239316592,
                        0.006005557670011985
                    ]
                },
                {
                    "type": "tuple",
                    "values": [
                        0.003610310469435621,
                        0.0037391900060082368
                    ]
                },
                {
                    "type": "tuple",
                    "values": [
                        0.002741104407685729,
                        0.0028273714202700796
                    ]
                },
                {
                    "type": "tuple",
                    "values": [
                        0.0010935065889304766,
                        0.0010640742872837499
                    ]
                },
                {
                    "type": "tuple",
                    "values": [
                        0.0013387883733459768,
                        0.0013461461364930756
                    ]
                },
                {
                    "type": "tuple",
                    "values": [
                        0.0010526473520933001,
                        0.000831043280028938
                    ]
                },
                {
                    "type": "tuple",
                    "values": [
                        0.0007141070999698606,
                        0.0007781819700787387
                    ]
                },
                {
                    "type": "tuple",
                    "values": [
                        0.05698780137285242,
                        0.07693536299788684
                    ]
                },
                {
                    "type": "tuple",
                    "values": [
                        0.00315542460792698,
                        0.003409527491835245
                    ]
                },
                {
                    "type": "tuple",
                    "values": [
                        0.002716257360392174,
                        0.0026594826685957876
                    ]
                }
            ]
        },
        "values_at_sigma_1": {
            "type": "list",
            "values": [
                {
                    "type": "tuple",
                    "values": [
                        -0.06717605125972939,
                        -0.05658590402654694
                    ]
                },
                {
                    "type": "tuple",
                    "values": [
                        -0.04523656355091523,
                        -0.0338930122660635
                    ]
                },
                {
                    "type": "tuple",
                    "values": [
                        1.0136700897522837,
                        1.0243770416616123
                    ]
                },
                {
                    "type": "tuple",
                    "values": [
                        -0.008865169068820114,
                        -0.001515668593376256
                    ]
                },
                {
                    "type": "tuple",
                    "values": [
                        0.002112619834889976,
                        0.007681095662845785
                    ]
                },
                {
                    "type": "tuple",
                    "values": [
                        0.0005495023553165756,
                        0.0027070832315308022
                    ]
                },
                {
                    "type": "tuple",
                    "values": [
                        -1.3909950926877987e-05,
                        0.0026710245589121745
                    ]
                },
                {
                    "type": "tuple",
                    "values": [
                        -0.00017381150842807233,
                        0.0017098791236941659
                    ]
                },
                {
                    "type": "tuple",
                    "values": [
                        -0.00041132913570300313,
                        0.0010809599343455962
                    ]
                },
                {
                    "type": "tuple",
                    "values": [
                        1.839813317779298,
                        1.9737364821500372
                    ]
                },
                {
                    "type": "tuple",
                    "values": [
                        -0.0132681104271912,
                        -0.006703158327428975
                    ]
                },
                {
                    "type": "tuple",
                    "values": [
                        -0.03854685570797472,
                        -0.03317111567898676
                    ]
                }
            ]
        },
        "values_at_sigma_3": {
            "type": "list",
            "values": [
                {
                    "type": "tuple",
                    "values": [
                        -0.07940852543929255,
                        -0.04448847693633559
                    ]
                },
                {
                    "type": "tuple",
                    "values": [
                        -0.056944742025860466,
                        -0.02304577652962357
                    ]
                },
                {
                    "type": "tuple",
                    "values": [
                        1.0069066893696683,
                        1.0360342711903152
                    ]
                },
                {
                    "type": "tuple",
                    "values": [
                        -0.016580093450052662,
                        0.0059774071128576205
                    ]
                },
                {
                    "type": "tuple",
                    "values": [
                        -0.004112234180253923,
                        0.013725237399930078
                    ]
                },
                {
                    "type": "tuple",
                    "values": [
                        -0.0015137669616648779,
                        0.0052961347044452305
                    ]
                },
                {
                    "type": "tuple",
                    "values": [
                        -0.0022503632216225823,
                        0.005567880152904323
                    ]
                },
                {
                    "type": "tuple",
                    "values": [
                        -0.0019825291186084315,
                        0.0033162100480179117
                    ]
                },
                {
                    "type": "tuple",
                    "values": [
                        -0.0019096610872640528,
                        0.0028055526748202975
                    ]
                },
                {
                    "type": "tuple",
                    "values": [
                        1.7646036435839842,
                        2.1270574106228923
                    ]
                },
                {
                    "type": "tuple",
                    "values": [
                        -0.0200504780779181,
                        0.0006682978331254568
                    ]
                },
                {
                    "type": "tuple",
                    "values": [
                        -0.04268860266784525,
                        -0.02643667260485794
                    ]
                }
            ]
        },
        "max_log_likelihood_sample": {
            "type": "instance",
            "class_path": "autofit.non_linear.samples.sample.Sample",
            "arguments": {
                "log_likelihood": -13071.045603176608,
                "log_prior": 0.03493448964332964,
                "weight": 8.67330967035955e-05,
                "kwargs": {
                    "type": "dict",
                    "arguments": {
                        "galaxies.lens.mass.ell_comps.ell_comps_0": -0.06262036012609079,
                        "galaxies.lens.mass.ell_comps.ell_comps_1": -0.03134309522832187,
                        "galaxies.lens.multipole_4.einstein_radius": 1.0167698250547696,
                        "galaxies.lens.multipole_4.centre.centre_0": -0.0016808759046026724,
                        "galaxies.lens.multipole_4.centre.centre_1": 0.005277634508367634,
                        "galaxies.lens.multipole_3.multipole_comps.multipole_comps_0": 0.00177914461034,
                        "galaxies.lens.multipole_3.multipole_comps.multipole_comps_1": 0.00299948012681,
                        "galaxies.lens.multipole_4.multipole_comps.multipole_comps_0": -0.0008258664316,
                        "galaxies.lens.multipole_4.multipole_comps.multipole_comps_1": -0.00020987694461,
                        "galaxies.lens.multipole_4.slope": 1.86066174490309,
                        "galaxies.lens.shear.gamma_1": -0.00620225869959,
                        "galaxies.lens.shear.gamma_2": -0.03732411901459
                    }
                }
            }
        }
    }
}