{
    "type": "instance",
    "class_path": "autoarray.structures.grids.irregular_2d.Grid2DIrregular",
    "arguments": {
        "values": {
            "type": "ndarray",
            "array": [
                [
                    1.0,
                    -0.36
                ],
                [
                    0.52,
                    0.92
                ],
                [
                    -0.2,
                    1.04
                ],
                [
                    -1.08,
                    -0.56
                ]
            ],
            "dtype": "float64"
        }
    }
}