{
    "type": "instance",
    "class_path": "autofit.non_linear.samples.summary.SamplesSummary",
    "arguments": {
        "median_pdf_sample": {
            "type": "instance",
            "class_path": "autofit.non_linear.samples.sample.Sample",
            "arguments": {
                "log_likelihood": -13152.548802231107,
                "log_prior": 0.1647478969362949,
                "weight": 0.00017667631293786606,
                "kwargs": {
                    "type": "dict",
                    "arguments": {
                        "galaxies.lens.mass.ell_comps.ell_comps_0": 0.4806426097965271,
                        "galaxies.lens.mass.ell_comps.ell_comps_1": -0.18157587682624945,
                        "galaxies.lens.mass.einstein_radius": 1.59835895183337,
                        "galaxies.lens.mass.centre.centre_0": -0.06142745764845835,
                        "galaxies.lens.mass.centre.centre_1": 0.11290538804332027,
                        "galaxies.lens.mass.slope": 2.081269692133421,
                        "galaxies.lens.shear.gamma_1": -0.012754748055795712,
                        "galaxies.lens.shear.gamma_2": 0.1425358694595253
                    }
                }
            }
        },
        "values_at_sigma_3": {
            "type": "list",
            "values": [
                {
                    "type": "tuple",
                    "values": [
                        0.44768363753874685,
                        0.513212969085401
                    ]
                },
                {
                    "type": "tuple",
                    "values": [
                        -0.22073183702032256,
                        -0.15415956368798078
                    ]
                },
                {
                    "type": "tuple",
                    "values": [
                        1.5374956677428249,
                        1.6678935180142538
                    ]
                },
                {
                    "type": "tuple",
                    "values": [
                        -0.07174867544471965,
                        -0.05005260694350765
                    ]
                },
                {
                    "type": "tuple",
                    "values": [
                        0.09796466133108604,
                        0.13875218722474508
                    ]
                },
                {
                    "type": "tuple",
                    "values": [
                        2.0197187527731004,
                        2.1285479159953105
                    ]
                },
                {
                    "type": "tuple",
                    "values": [
                        -0.031916229677713195,
                        0.0015789068053653087
                    ]
                },
                {
                    "type": "tuple",
                    "values": [
                        0.12598204180942824,
                        0.16086345788966935
                    ]
                }
            ]
        },
        "model": null,
        "values_at_sigma_1": {
            "type": "list",
            "values": [
                {
                    "type": "tuple",
                    "values": [
                        0.4633908554363777,
                        0.4950850417756569
                    ]
                },
                {
                    "type": "tuple",
                    "values": [
                        -0.1905002746045265,
                        -0.17170256110312032
                    ]
                },
                {
                    "type": "tuple",
                    "values": [
                        1.5631378243606513,
                        1.6279910781209062
                    ]
                },
                {
                    "type": "tuple",
                    "values": [
                        -0.06535117337263484,
                        -0.05652533948180895
                    ]
                },
                {
                    "type": "tuple",
                    "values": [
                        0.10757950579092102,
                        0.11938545118631215
                    ]
                },
                {
                    "type": "tuple",
                    "values": [
                        2.0502603027707385,
                        2.096394498584013
                    ]
                },
                {
                    "type": "tuple",
                    "values": [
                        -0.019740723671671758,
                        -0.007316455731950781
                    ]
                },
                {
                    "type": "tuple",
                    "values": [
                        0.13776685002823652,
                        0.14738252632186516
                    ]
                }
            ]
        },
        "log_evidence": -13198.883526079433,
        "errors_at_sigma_3": {
            "type": "list",
            "values": [
                {
                    "type": "tuple",
                    "values": [
                        0.03295897225778027,
                        0.03257035928887392
                    ]
                },
                {
                    "type": "tuple",
                    "values": [
                        0.03915596019407311,
                        0.027416313138268672
                    ]
                },
                {
                    "type": "tuple",
                    "values": [
                        0.0608632840905452,
                        0.06953456618088372
                    ]
                },
                {
                    "type": "tuple",
                    "values": [
                        0.0103212177962613,
                        0.011374850704950694
                    ]
                },
                {
                    "type": "tuple",
                    "values": [
                        0.014940726712234231,
                        0.02584679918142481
                    ]
                },
                {
                    "type": "tuple",
                    "values": [
                        0.06155093936032063,
                        0.0472782238618894
                    ]
                },
                {
                    "type": "tuple",
                    "values": [
                        0.019161481621917484,
                        0.01433365486116102
                    ]
                },
                {
                    "type": "tuple",
                    "values": [
                        0.016553827650097053,
                        0.018327588430144065
                    ]
                }
            ]
        },
        "errors_at_sigma_1": {
            "type": "list",
            "values": [
                {
                    "type": "tuple",
                    "values": [
                        0.01725175436014942,
                        0.014442431979129755
                    ]
                },
                {
                    "type": "tuple",
                    "values": [
                        0.008924397778277054,
                        0.009873315723129134
                    ]
                },
                {
                    "type": "tuple",
                    "values": [
                        0.03522112747271877,
                        0.029632126287536087
                    ]
                },
                {
                    "type": "tuple",
                    "values": [
                        0.003923715724176491,
                        0.0049021181666494
                    ]
                },
                {
                    "type": "tuple",
                    "values": [
                        0.005325882252399258,
                        0.0064800631429918765
                    ]
                },
                {
                    "type": "tuple",
                    "values": [
                        0.031009389362682604,
                        0.015124806450591777
                    ]
                },
                {
                    "type": "tuple",
                    "values": [
                        0.0069859756158760465,
                        0.005438292323844931
                    ]
                },
                {
                    "type": "tuple",
                    "values": [
                        0.004769019431288768,
                        0.004846656862339871
                    ]
                }
            ]
        },
        "max_log_likelihood_sample": {
            "type": "instance",
            "class_path": "autofit.non_linear.samples.sample.Sample",
            "arguments": {
                "log_likelihood": -13152.548802231107,
                "log_prior": 0.1647478969362949,
                "weight": 0.00017667631293786606,
                "kwargs": {
                    "type": "dict",
                    "arguments": {
                        "galaxies.lens.mass.ell_comps.ell_comps_0": 0.4970816181201041,
                        "galaxies.lens.mass.ell_comps.ell_comps_1": -0.176737440751008,
                        "galaxies.lens.mass.einstein_radius": 1.6274764413796798,
                        "galaxies.lens.mass.centre.centre_0": -0.06620025081214523,
                        "galaxies.lens.mass.centre.centre_1": 0.11379668985190598,
                        "galaxies.lens.mass.slope": 2.08987683684628,
                        "galaxies.lens.shear.gamma_1": -0.00880264563123,
                        "galaxies.lens.shear.gamma_2": 0.14529075837011
                    }
                }
            }
        }
    }
}