{
    "type": "instance",
    "class_path": "autofit.non_linear.samples.summary.SamplesSummary",
    "arguments": {
        "median_pdf_sample": {
            "type": "instance",
            "class_path": "autofit.non_linear.samples.sample.Sample",
            "arguments": {
                "log_likelihood": -21.82139685852585,
                "log_prior": 0.0,
                "weight": 0.0009821830827982409,
                "kwargs": {
                    "type": "dict",
                    "arguments": {
                        "ellipses.0.ell_comps.ell_comps_0": 0.01793817535439308,
                        "ellipses.0.ell_comps.ell_comps_1": -0.0513557376587
                    }
                }
            }
        },
        "values_at_sigma_1": {
            "type": "list",
            "values": [
                {
                    "type": "tuple",
                    "values": [
                        0.013964888526593545,
                        0.02216199870705377
                    ]
                },
                {
                    "type": "tuple",
                    "values": [
                        -0.057282124159592634,
                        -0.04442831084447
                    ]
                }
            ]
        },
        "max_log_likelihood_sample": {
            "type": "instance",
            "class_path": "autofit.non_linear.samples.sample.Sample",
            "arguments": {
                "log_likelihood": -21.82139685852585,
                "log_prior": 0.0,
                "weight": 0.0009821830827982409,
                "kwargs": {
                    "type": "dict",
                    "arguments": {
                        "ellipses.0.ell_comps.ell_comps_0": 0.0156667092891,
                        "ellipses.0.ell_comps.ell_comps_1": -0.05422416551928
                    }
                }
            }
        },
        "model": null,
        "values_at_sigma_3": {
            "type": "list",
            "values": [
                {
                    "type": "tuple",
                    "values": [
                        0.00168916677742,
                        0.031410522756665456
                    ]
                },
                {
                    "type": "tuple",
                    "values": [
                        -0.06625832806718,
                        -0.0332081675638061
                    ]
                }
            ]
        },
        "errors_at_sigma_1": {
            "type": "list",
            "values": [
                {
                    "type": "tuple",
                    "values": [
                        0.003973286827799537,
                        0.004223823352660687
                    ]
                },
                {
                    "type": "tuple",
                    "values": [
                        0.005926386500892632,
                        0.006927426814230003
                    ]
                }
            ]
        },
        "log_evidence": -30.903928218318455,
        "errors_at_sigma_3": {
            "type": "list",
            "values": [
                {
                    "type": "tuple",
                    "values": [
                        0.016249008576973083,
                        0.013472347402272374
                    ]
                },
                {
                    "type": "tuple",
                    "values": [
                        0.01490259040848,
                        0.0181475700948939
                    ]
                }
            ]
        }
    }
}