{
    "type": "instance",
    "class_path": "autofit.non_linear.samples.summary.SamplesSummary",
    "arguments": {
        "median_pdf_sample": {
            "type": "instance",
            "class_path": "autofit.non_linear.samples.sample.Sample",
            "arguments": {
                "log_likelihood": -50.005936328809184,
                "log_prior": 0.0,
                "weight": 0.0009222923577398045,
                "kwargs": {
                    "type": "dict",
                    "arguments": {
                        "ellipses.0.ell_comps.ell_comps_0": -0.17502953625784204,
                        "ellipses.0.ell_comps.ell_comps_1": 0.10050810321018987,
                        "multipoles.0.multipole_1.multipole_comps.multipole_comps_0": 0.04937526406319,
                        "multipoles.0.multipole_1.multipole_comps.multipole_comps_1": 0.1777841605458004,
                        "multipoles.0.multipole_3.multipole_comps.multipole_comps_0": 0.07996518723787986,
                        "multipoles.0.multipole_3.multipole_comps.multipole_comps_1": 0.04435355255087773,
                        "multipoles.0.multipole_4.multipole_comps.multipole_comps_0": -0.007455744210147122,
                        "multipoles.0.multipole_4.multipole_comps.multipole_comps_1": -0.03002493939328
                    }
                }
            }
        },
        "log_evidence": -72.07198074804737,
        "values_at_sigma_3": {
            "type": "list",
            "values": [
                {
                    "type": "tuple",
                    "values": [
                        -0.2274642615495,
                        -0.15899922987967552
                    ]
                },
                {
                    "type": "tuple",
                    "values": [
                        0.08447448580816835,
                        0.18402327496105395
                    ]
                },
                {
                    "type": "tuple",
                    "values": [
                        -0.05269899182726635,
                        0.13632676704613
                    ]
                },
                {
                    "type": "tuple",
                    "values": [
                        -0.08183254707803,
                        0.1999372687824
                    ]
                },
                {
                    "type": "tuple",
                    "values": [
                        -0.04957555249212163,
                        0.09995769212603114
                    ]
                },
                {
                    "type": "tuple",
                    "values": [
                        -0.06656180399228834,
                        0.09733817172077822
                    ]
                },
                {
                    "type": "tuple",
                    "values": [
                        -0.06344450419353638,
                        0.07247205036716
                    ]
                },
                {
                    "type": "tuple",
                    "values": [
                        -0.08102422996955,
                        0.07371726974942
                    ]
                }
            ]
        },
        "errors_at_sigma_3": {
            "type": "list",
            "values": [
                {
                    "type": "tuple",
                    "values": [
                        0.05243472529165796,
                        0.01603030637816652
                    ]
                },
                {
                    "type": "tuple",
                    "values": [
                        0.016033617402021513,
                        0.08351517175086408
                    ]
                },
                {
                    "type": "tuple",
                    "values": [
                        0.10207425589045635,
                        0.08695150298294001
                    ]
                },
                {
                    "type": "tuple",
                    "values": [
                        0.2596167076238304,
                        0.022153108236599606
                    ]
                },
                {
                    "type": "tuple",
                    "values": [
                        0.1295407397300015,
                        0.019992504888151283
                    ]
                },
                {
                    "type": "tuple",
                    "values": [
                        0.11091535654316606,
                        0.052984619169900486
                    ]
                },
                {
                    "type": "tuple",
                    "values": [
                        0.05598875998338926,
                        0.07992779457730713
                    ]
                },
                {
                    "type": "tuple",
                    "values": [
                        0.05099929057627,
                        0.10374220914269999
                    ]
                }
            ]
        },
        "errors_at_sigma_1": {
            "type": "list",
            "values": [
                {
                    "type": "tuple",
                    "values": [
                        0.0019969697372479722,
                        0.002210368666892032
                    ]
                },
                {
                    "type": "tuple",
                    "values": [
                        0.008822448509983233,
                        0.003285746886688992
                    ]
                },
                {
                    "type": "tuple",
                    "values": [
                        0.03701192661038284,
                        0.03048309368788546
                    ]
                },
                {
                    "type": "tuple",
                    "values": [
                        0.020458622064210397,
                        0.013381026315294031
                    ]
                },
                {
                    "type": "tuple",
                    "values": [
                        0.016063722139587525,
                        0.015210622226068282
                    ]
                },
                {
                    "type": "tuple",
                    "values": [
                        0.02599807264856863,
                        0.02380216461653175
                    ]
                },
                {
                    "type": "tuple",
                    "values": [
                        0.024103816108013723,
                        0.019985167663296714
                    ]
                },
                {
                    "type": "tuple",
                    "values": [
                        0.021235908193161006,
                        0.02388742688655
                    ]
                }
            ]
        },
        "values_at_sigma_1": {
            "type": "list",
            "values": [
                {
                    "type": "tuple",
                    "values": [
                        -0.17702650599509,
                        -0.17281916759095
                    ]
                },
                {
                    "type": "tuple",
                    "values": [
                        0.09168565470020663,
                        0.10379385009687886
                    ]
                },
                {
                    "type": "tuple",
                    "values": [
                        0.012363337452807153,
                        0.07985835775107546
                    ]
                },
                {
                    "type": "tuple",
                    "values": [
                        0.15732553848159,
                        0.19116518686109443
                    ]
                },
                {
                    "type": "tuple",
                    "values": [
                        0.06390146509829234,
                        0.09517580946394814
                    ]
                },
                {
                    "type": "tuple",
                    "values": [
                        0.0183554799023091,
                        0.06815571716740948
                    ]
                },
                {
                    "type": "tuple",
                    "values": [
                        -0.031559560318160845,
                        0.012529423453149592
                    ]
                },
                {
                    "type": "tuple",
                    "values": [
                        -0.051260847586441005,
                        -0.00613751250673
                    ]
                }
            ]
        },
        "model": null,
        "max_log_likelihood_sample": {
            "type": "instance",
            "class_path": "autofit.non_linear.samples.sample.Sample",
            "arguments": {
                "log_likelihood": -50.005936328809184,
                "log_prior": 0.0,
                "weight": 0.0009222923577398045,
                "kwargs": {
                    "type": "dict",
                    "arguments": {
                        "ellipses.0.ell_comps.ell_comps_0": -0.17500264257166,
                        "ellipses.0.ell_comps.ell_comps_1": 0.10193998990294,
                        "multipoles.0.multipole_1.multipole_comps.multipole_comps_0": 0.01668552538146,
                        "multipoles.0.multipole_1.multipole_comps.multipole_comps_1": 0.17311113001031,
                        "multipoles.0.multipole_3.multipole_comps.multipole_comps_0": 0.07539489316703,
                        "multipoles.0.multipole_3.multipole_comps.multipole_comps_1": 0.02880395820481,
                        "multipoles.0.multipole_4.multipole_comps.multipole_comps_0": -0.00066106837972,
                        "multipoles.0.multipole_4.multipole_comps.multipole_comps_1": -0.05865318703331
                    }
                }
            }
        }
    }
}