{
    "type": "instance",
    "class_path": "autofit.non_linear.samples.summary.SamplesSummary",
    "arguments": {
        "median_pdf_sample": {
            "type": "instance",
            "class_path": "autofit.non_linear.samples.sample.Sample",
            "arguments": {
                "log_likelihood": -55.18665239478304,
                "log_prior": 0.0,
                "weight": 0.0009788715790522088,
                "kwargs": {
                    "type": "dict",
                    "arguments": {
                        "ellipses.0.ell_comps.ell_comps_0": 0.09086111308203353,
                        "ellipses.0.ell_comps.ell_comps_1": -0.0831679196634412,
                        "multipoles.0.multipole_3.multipole_comps.multipole_comps_0": 0.08327319704623713,
                        "multipoles.0.multipole_3.multipole_comps.multipole_comps_1": 0.04957538383354427,
                        "multipoles.0.multipole_4.multipole_comps.multipole_comps_0": 0.02458271008822,
                        "multipoles.0.multipole_4.multipole_comps.multipole_comps_1": 0.05743641112001039
                    }
                }
            }
        },
        "max_log_likelihood_sample": {
            "type": "instance",
            "class_path": "autofit.non_linear.samples.sample.Sample",
            "arguments": {
                "log_likelihood": -55.18665239478304,
                "log_prior": 0.0,
                "weight": 0.0009788715790522088,
                "kwargs": {
                    "type": "dict",
                    "arguments": {
                        "ellipses.0.ell_comps.ell_comps_0": 0.07616612439823,
                        "ellipses.0.ell_comps.ell_comps_1": -0.09729500665811,
                        "multipoles.0.multipole_3.multipole_comps.multipole_comps_0": 0.02905274647171,
                        "multipoles.0.multipole_3.multipole_comps.multipole_comps_1": 0.09932352509635,
                        "multipoles.0.multipole_4.multipole_comps.multipole_comps_0": -0.02022731337577,
                        "multipoles.0.multipole_4.multipole_comps.multipole_comps_1": 0.08671105774254
                    }
                }
            }
        },
        "values_at_sigma_3": {
            "type": "list",
            "values": [
                {
                    "type": "tuple",
                    "values": [
                        0.008170481567151413,
                        0.10093162169868099
                    ]
                },
                {
                    "type": "tuple",
                    "values": [
                        -0.12165083147489,
                        -0.02581729624033
                    ]
                },
                {
                    "type": "tuple",
                    "values": [
                        -0.08787863105581,
                        0.09989994483921336
                    ]
                },
                {
                    "type": "tuple",
                    "values": [
                        -0.07510263718277439,
                        0.09997538733902
                    ]
                },
                {
                    "type": "tuple",
                    "values": [
                        -0.09026188924921388,
                        0.09395873876478601
                    ]
                },
                {
                    "type": "tuple",
                    "values": [
                        -0.09904619210358,
                        0.09894261554895
                    ]
                }
            ]
        },
        "model": null,
        "log_evidence": -72.76445288753463,
        "errors_at_sigma_1": {
            "type": "list",
            "values": [
                {
                    "type": "tuple",
                    "values": [
                        0.015987575505323523,
                        0.005781226177006479
                    ]
                },
                {
                    "type": "tuple",
                    "values": [
                        0.015722162542638807,
                        0.020150777736830702
                    ]
                },
                {
                    "type": "tuple",
                    "values": [
                        0.050684888982339193,
                        0.013719063148742647
                    ]
                },
                {
                    "type": "tuple",
                    "values": [
                        0.07904372000043228,
                        0.03861860322247488
                    ]
                },
                {
                    "type": "tuple",
                    "values": [
                        0.0709212909058975,
                        0.029487839319847275
                    ]
                },
                {
                    "type": "tuple",
                    "values": [
                        0.03694923382336039,
                        0.02544327921709961
                    ]
                }
            ]
        },
        "errors_at_sigma_3": {
            "type": "list",
            "values": [
                {
                    "type": "tuple",
                    "values": [
                        0.08269063151488211,
                        0.010070508616647461
                    ]
                },
                {
                    "type": "tuple",
                    "values": [
                        0.038482911811448806,
                        0.0573506234231112
                    ]
                },
                {
                    "type": "tuple",
                    "values": [
                        0.17115182810204713,
                        0.016626747792976224
                    ]
                },
                {
                    "type": "tuple",
                    "values": [
                        0.12467802101631867,
                        0.050400003505475736
                    ]
                },
                {
                    "type": "tuple",
                    "values": [
                        0.11484459933743388,
                        0.069376028676566
                    ]
                },
                {
                    "type": "tuple",
                    "values": [
                        0.1564826032235904,
                        0.041506204428939604
                    ]
                }
            ]
        },
        "values_at_sigma_1": {
            "type": "list",
            "values": [
                {
                    "type": "tuple",
                    "values": [
                        0.07487353757671,
                        0.09664233925904
                    ]
                },
                {
                    "type": "tuple",
                    "values": [
                        -0.09889008220608,
                        -0.0630171419266105
                    ]
                },
                {
                    "type": "tuple",
                    "values": [
                        0.03258830806389794,
                        0.09699226019497978
                    ]
                },
                {
                    "type": "tuple",
                    "values": [
                        -0.029468336166888,
                        0.08819398705601915
                    ]
                },
                {
                    "type": "tuple",
                    "values": [
                        -0.046338580817677485,
                        0.05407054940806728
                    ]
                },
                {
                    "type": "tuple",
                    "values": [
                        0.02048717729665,
                        0.08287969033711
                    ]
                }
            ]
        }
    }
}