{
    "type": "instance",
    "class_path": "autofit.non_linear.samples.summary.SamplesSummary",
    "arguments": {
        "log_evidence": -48.30290148919025,
        "median_pdf_sample": {
            "type": "instance",
            "class_path": "autofit.non_linear.samples.sample.Sample",
            "arguments": {
                "log_likelihood": -25.57565655465093,
                "log_prior": 0.0,
                "weight": 0.0010450409184207738,
                "kwargs": {
                    "type": "dict",
                    "arguments": {
                        "ellipses.0.ell_comps.ell_comps_0": -0.08457087283221239,
                        "ellipses.0.ell_comps.ell_comps_1": 0.059423164170681185,
                        "multipoles.0.multipole_1.multipole_comps.multipole_comps_0": 0.004965855444079251,
                        "multipoles.0.multipole_1.multipole_comps.multipole_comps_1": 0.013236994967156215,
                        "multipoles.0.multipole_3.multipole_comps.multipole_comps_0": 0.00023102422997,
                        "multipoles.0.multipole_3.multipole_comps.multipole_comps_1": 0.01779130610944,
                        "multipoles.0.multipole_4.multipole_comps.multipole_comps_0": -0.02365931803336,
                        "multipoles.0.multipole_4.multipole_comps.multipole_comps_1": 0.02045110038262
                    }
                }
            }
        },
        "max_log_likelihood_sample": {
            "type": "instance",
            "class_path": "autofit.non_linear.samples.sample.Sample",
            "arguments": {
                "log_likelihood": -25.57565655465093,
                "log_prior": 0.0,
                "weight": 0.0010450409184207738,
                "kwargs": {
                    "type": "dict",
                    "arguments": {
                        "ellipses.0.ell_comps.ell_comps_0": -0.08396862386939,
                        "ellipses.0.ell_comps.ell_comps_1": 0.05576317819814,
                        "multipoles.0.multipole_1.multipole_comps.multipole_comps_0": 0.02931150772999,
                        "multipoles.0.multipole_1.multipole_comps.multipole_comps_1": 0.01777248819484,
                        "multipoles.0.multipole_3.multipole_comps.multipole_comps_0": -0.00114628057641,
                        "multipoles.0.multipole_3.multipole_comps.multipole_comps_1": 0.00691559103147,
                        "multipoles.0.multipole_4.multipole_comps.multipole_comps_0": -0.01955720546777,
                        "multipoles.0.multipole_4.multipole_comps.multipole_comps_1": 0.0156890416074
                    }
                }
            }
        },
        "values_at_sigma_1": {
            "type": "list",
            "values": [
                {
                    "type": "tuple",
                    "values": [
                        -0.0959557820994991,
                        -0.08113324095975175
                    ]
                },
                {
                    "type": "tuple",
                    "values": [
                        0.05427709172536421,
                        0.06459801509764
                    ]
                },
                {
                    "type": "tuple",
                    "values": [
                        -0.025318593658663298,
                        0.02130186969526
                    ]
                },
                {
                    "type": "tuple",
                    "values": [
                        0.0014164037512658812,
                        0.024285171006213805
                    ]
                },
                {
                    "type": "tuple",
                    "values": [
                        -0.01782680397206,
                        0.011881363478477135
                    ]
                },
                {
                    "type": "tuple",
                    "values": [
                        -0.0010477226674763733,
                        0.0400707029728643
                    ]
                },
                {
                    "type": "tuple",
                    "values": [
                        -0.05258022949045504,
                        -0.006762996201875706
                    ]
                },
                {
                    "type": "tuple",
                    "values": [
                        0.00481409001772,
                        0.036349507761928836
                    ]
                }
            ]
        },
        "values_at_sigma_3": {
            "type": "list",
            "values": [
                {
                    "type": "tuple",
                    "values": [
                        -0.10385964951016874,
                        -0.07593810036188162
                    ]
                },
                {
                    "type": "tuple",
                    "values": [
                        0.03579600627268,
                        0.07060298943813866
                    ]
                },
                {
                    "type": "tuple",
                    "values": [
                        -0.10010393486578728,
                        0.04333315689036499
                    ]
                },
                {
                    "type": "tuple",
                    "values": [
                        -0.0413373030282,
                        0.06090477136297
                    ]
                },
                {
                    "type": "tuple",
                    "values": [
                        -0.04263862848040094,
                        0.05724830004563
                    ]
                },
                {
                    "type": "tuple",
                    "values": [
                        -0.05772997779734111,
                        0.08363951423339404
                    ]
                },
                {
                    "type": "tuple",
                    "values": [
                        -0.092727960691042,
                        0.01413042421703
                    ]
                },
                {
                    "type": "tuple",
                    "values": [
                        -0.05069770929502,
                        0.07053107107751305
                    ]
                }
            ]
        },
        "model": null,
        "errors_at_sigma_1": {
            "type": "list",
            "values": [
                {
                    "type": "tuple",
                    "values": [
                        0.01138490926728672,
                        0.003437631872460642
                    ]
                },
                {
                    "type": "tuple",
                    "values": [
                        0.005146072445316972,
                        0.005174850926958817
                    ]
                },
                {
                    "type": "tuple",
                    "values": [
                        0.03028444910274255,
                        0.01633601425118075
                    ]
                },
                {
                    "type": "tuple",
                    "values": [
                        0.011820591215890333,
                        0.01104817603905759
                    ]
                },
                {
                    "type": "tuple",
                    "values": [
                        0.018057828202030002,
                        0.011650339248507136
                    ]
                },
                {
                    "type": "tuple",
                    "values": [
                        0.018839028776916372,
                        0.022279396863424304
                    ]
                },
                {
                    "type": "tuple",
                    "values": [
                        0.028920911457095036,
                        0.016896321831484297
                    ]
                },
                {
                    "type": "tuple",
                    "values": [
                        0.015637010364900002,
                        0.015898407379308834
                    ]
                }
            ]
        },
        "errors_at_sigma_3": {
            "type": "list",
            "values": [
                {
                    "type": "tuple",
                    "values": [
                        0.01928877667795635,
                        0.008632772470330771
                    ]
                },
                {
                    "type": "tuple",
                    "values": [
                        0.023627157898001183,
                        0.01117982526745747
                    ]
                },
                {
                    "type": "tuple",
                    "values": [
                        0.10506979030986653,
                        0.03836730144628574
                    ]
                },
                {
                    "type": "tuple",
                    "values": [
                        0.05457429799535621,
                        0.04766777639581378
                    ]
                },
                {
                    "type": "tuple",
                    "values": [
                        0.04286965271037094,
                        0.057017275815660004
                    ]
                },
                {
                    "type": "tuple",
                    "values": [
                        0.07552128390678112,
                        0.06584820812395403
                    ]
                },
                {
                    "type": "tuple",
                    "values": [
                        0.069068642657682,
                        0.03778974225039
                    ]
                },
                {
                    "type": "tuple",
                    "values": [
                        0.07114880967764001,
                        0.05007997069489305
                    ]
                }
            ]
        }
    }
}