{
    "type": "instance",
    "class_path": "autofit.non_linear.samples.summary.SamplesSummary",
    "arguments": {
        "max_log_likelihood_sample": {
            "type": "instance",
            "class_path": "autofit.non_linear.samples.sample.Sample",
            "arguments": {
                "log_likelihood": -5.588038278526113,
                "log_prior": 0.0,
                "weight": 0.0010244665909530045,
                "kwargs": {
                    "type": "dict",
                    "arguments": {
                        "ellipses.0.ell_comps.ell_comps_0": 0.1295521180323,
                        "ellipses.0.ell_comps.ell_comps_1": -0.01900746225277,
                        "multipoles.0.multipole_3.multipole_comps.multipole_comps_0": 0.00012490901291,
                        "multipoles.0.multipole_3.multipole_comps.multipole_comps_1": 0.00112431669503,
                        "multipoles.0.multipole_4.multipole_comps.multipole_comps_0": 0.00050979200251,
                        "multipoles.0.multipole_4.multipole_comps.multipole_comps_1": -0.00048694443906
                    }
                }
            }
        },
        "median_pdf_sample": {
            "type": "instance",
            "class_path": "autofit.non_linear.samples.sample.Sample",
            "arguments": {
                "log_likelihood": -5.588038278526113,
                "log_prior": 0.0,
                "weight": 0.0010244665909530045,
                "kwargs": {
                    "type": "dict",
                    "arguments": {
                        "ellipses.0.ell_comps.ell_comps_0": 0.12833074532273053,
                        "ellipses.0.ell_comps.ell_comps_1": -0.01932538854127959,
                        "multipoles.0.multipole_3.multipole_comps.multipole_comps_0": -0.00015763398992,
                        "multipoles.0.multipole_3.multipole_comps.multipole_comps_1": 0.0011741413434587177,
                        "multipoles.0.multipole_4.multipole_comps.multipole_comps_0": 0.00017687084930197936,
                        "multipoles.0.multipole_4.multipole_comps.multipole_comps_1": -0.0008400852658215027
                    }
                }
            }
        },
        "values_at_sigma_1": {
            "type": "list",
            "values": [
                {
                    "type": "tuple",
                    "values": [
                        0.12486189671957028,
                        0.13170164330518136
                    ]
                },
                {
                    "type": "tuple",
                    "values": [
                        -0.023311189838544428,
                        -0.015298753545866961
                    ]
                },
                {
                    "type": "tuple",
                    "values": [
                        -0.00095988094091,
                        0.00071999985579
                    ]
                },
                {
                    "type": "tuple",
                    "values": [
                        0.00046581891028,
                        0.0020533985958299484
                    ]
                },
                {
                    "type": "tuple",
                    "values": [
                        -0.00083697839933,
                        0.0013483381609163134
                    ]
                },
                {
                    "type": "tuple",
                    "values": [
                        -0.002011697416439393,
                        0.0004112662610473835
                    ]
                }
            ]
        },
        "log_evidence": -33.363570626399564,
        "errors_at_sigma_3": {
            "type": "list",
            "values": [
                {
                    "type": "tuple",
                    "values": [
                        0.00899845831679974,
                        0.011839747884720586
                    ]
                },
                {
                    "type": "tuple",
                    "values": [
                        0.011494437391589382,
                        0.01129647497190959
                    ]
                },
                {
                    "type": "tuple",
                    "values": [
                        0.002197567387818548,
                        0.0025254703102918353
                    ]
                },
                {
                    "type": "tuple",
                    "values": [
                        0.0023916188050446593,
                        0.0021984078916212823
                    ]
                },
                {
                    "type": "tuple",
                    "values": [
                        0.0032069724109190364,
                        0.003666157977064055
                    ]
                },
                {
                    "type": "tuple",
                    "values": [
                        0.002906649874830215,
                        0.003303440495481503
                    ]
                }
            ]
        },
        "model": null,
        "values_at_sigma_3": {
            "type": "list",
            "values": [
                {
                    "type": "tuple",
                    "values": [
                        0.11933228700593079,
                        0.14017049320745112
                    ]
                },
                {
                    "type": "tuple",
                    "values": [
                        -0.03081982593286897,
                        -0.00802891356937
                    ]
                },
                {
                    "type": "tuple",
                    "values": [
                        -0.0023552013777385482,
                        0.0023678363203718353
                    ]
                },
                {
                    "type": "tuple",
                    "values": [
                        -0.0012174774615859418,
                        0.00337254923508
                    ]
                },
                {
                    "type": "tuple",
                    "values": [
                        -0.003030101561617057,
                        0.0038430288263660343
                    ]
                },
                {
                    "type": "tuple",
                    "values": [
                        -0.003746735140651718,
                        0.00246335522966
                    ]
                }
            ]
        },
        "errors_at_sigma_1": {
            "type": "list",
            "values": [
                {
                    "type": "tuple",
                    "values": [
                        0.0034688486031602545,
                        0.0033708979824508267
                    ]
                },
                {
                    "type": "tuple",
                    "values": [
                        0.003985801297264838,
                        0.0040266349954126285
                    ]
                },
                {
                    "type": "tuple",
                    "values": [
                        0.00080224695099,
                        0.0008776338457099999
                    ]
                },
                {
                    "type": "tuple",
                    "values": [
                        0.0007083224331787177,
                        0.0008792572523712307
                    ]
                },
                {
                    "type": "tuple",
                    "values": [
                        0.0010138492486319794,
                        0.001171467311614334
                    ]
                },
                {
                    "type": "tuple",
                    "values": [
                        0.0011716121506178904,
                        0.0012513515268688861
                    ]
                }
            ]
        }
    }
}