{
    "type": "instance",
    "class_path": "autofit.non_linear.samples.summary.SamplesSummary",
    "arguments": {
        "values_at_sigma_3": {
            "type": "list",
            "values": [
                {
                    "type": "tuple",
                    "values": [
                        -0.005687226013332853,
                        0.005349276194762119
                    ]
                },
                {
                    "type": "tuple",
                    "values": [
                        -0.002023109198934998,
                        0.00902407741893
                    ]
                },
                {
                    "type": "tuple",
                    "values": [
                        -0.09546736727700102,
                        -0.04532273144892446
                    ]
                },
                {
                    "type": "tuple",
                    "values": [
                        0.00119066041848,
                        0.07047138007807004
                    ]
                },
                {
                    "type": "tuple",
                    "values": [
                        -0.11877992224713561,
                        -0.014600002591326582
                    ]
                },
                {
                    "type": "tuple",
                    "values": [
                        -0.01429893683130234,
                        0.03689807703139453
                    ]
                },
                {
                    "type": "tuple",
                    "values": [
                        -0.08409722933004,
                        0.025081867576181485
                    ]
                },
                {
                    "type": "tuple",
                    "values": [
                        -0.06302706131361277,
                        0.06982201744454
                    ]
                },
                {
                    "type": "tuple",
                    "values": [
                        -0.27910378857858,
                        0.07406537715232
                    ]
                },
                {
                    "type": "tuple",
                    "values": [
                        -0.12766020893661992,
                        0.19655133085524
                    ]
                },
                {
                    "type": "tuple",
                    "values": [
                        -0.17534678119532,
                        0.21453244584601
                    ]
                },
                {
                    "type": "tuple",
                    "values": [
                        -0.06681513733783673,
                        0.24554661404202788
                    ]
                }
            ]
        },
        "max_log_likelihood_sample": {
            "type": "instance",
            "class_path": "autofit.non_linear.samples.sample.Sample",
            "arguments": {
                "log_likelihood": -129.02446978939452,
                "log_prior": 0.0,
                "weight": 0.0009481478046220131,
                "kwargs": {
                    "type": "dict",
                    "arguments": {
                        "ellipses.ellipse_4.centre.centre_0": 0.00185115745291,
                        "ellipses.ellipse_4.centre.centre_1": 0.00192543165442,
                        "ellipses.ellipse_0.ell_comps.ell_comps_0": -0.07343958441723,
                        "ellipses.ellipse_0.ell_comps.ell_comps_1": 0.01447369726279,
                        "ellipses.ellipse_1.ell_comps.ell_comps_0": -0.08543193226493,
                        "ellipses.ellipse_1.ell_comps.ell_comps_1": 0.01261187255152,
                        "ellipses.ellipse_2.ell_comps.ell_comps_0": -0.00425289177952,
                        "ellipses.ellipse_2.ell_comps.ell_comps_1": 0.0331570412502,
                        "ellipses.ellipse_3.ell_comps.ell_comps_0": -0.12215082430302,
                        "ellipses.ellipse_3.ell_comps.ell_comps_1": 0.10695853791126,
                        "ellipses.ellipse_4.ell_comps.ell_comps_0": 0.07703106580206,
                        "ellipses.ellipse_4.ell_comps.ell_comps_1": -0.05544076469873
                    }
                }
            }
        },
        "log_evidence": -168.02060447340625,
        "errors_at_sigma_3": {
            "type": "list",
            "values": [
                {
                    "type": "tuple",
                    "values": [
                        0.007737221544382854,
                        0.0032992806637121186
                    ]
                },
                {
                    "type": "tuple",
                    "values": [
                        0.006118934163654998,
                        0.0049282524542100005
                    ]
                },
                {
                    "type": "tuple",
                    "values": [
                        0.016098014519131024,
                        0.034046621308945535
                    ]
                },
                {
                    "type": "tuple",
                    "values": [
                        0.02691198818797,
                        0.04236873147162004
                    ]
                },
                {
                    "type": "tuple",
                    "values": [
                        0.06127891842207561,
                        0.042901001233733416
                    ]
                },
                {
                    "type": "tuple",
                    "values": [
                        0.022093093564810606,
                        0.02910392029788626
                    ]
                },
                {
                    "type": "tuple",
                    "values": [
                        0.062129367359402846,
                        0.047049729546818644
                    ]
                },
                {
                    "type": "tuple",
                    "values": [
                        0.05741745144145277,
                        0.0754316273167
                    ]
                },
                {
                    "type": "tuple",
                    "values": [
                        0.2899129770185741,
                        0.06325618871232587
                    ]
                },
                {
                    "type": "tuple",
                    "values": [
                        0.08170350156596992,
                        0.24250803822588998
                    ]
                },
                {
                    "type": "tuple",
                    "values": [
                        0.1299033420651801,
                        0.25997588497614993
                    ]
                },
                {
                    "type": "tuple",
                    "values": [
                        0.15599538657042028,
                        0.15636636480944432
                    ]
                }
            ]
        },
        "errors_at_sigma_1": {
            "type": "list",
            "values": [
                {
                    "type": "tuple",
                    "values": [
                        0.0017980540139500001,
                        0.001244833297847477
                    ]
                },
                {
                    "type": "tuple",
                    "values": [
                        0.004263905153587613,
                        0.0018469615807600002
                    ]
                },
                {
                    "type": "tuple",
                    "values": [
                        0.004815751145390013,
                        0.01034395218199266
                    ]
                },
                {
                    "type": "tuple",
                    "values": [
                        0.017473099922719997,
                        0.034308865419133736
                    ]
                },
                {
                    "type": "tuple",
                    "values": [
                        0.04674004831635116,
                        0.02119683109632
                    ]
                },
                {
                    "type": "tuple",
                    "values": [
                        0.009982677687702878,
                        0.019108744958799388
                    ]
                },
                {
                    "type": "tuple",
                    "values": [
                        0.026496593707533773,
                        0.03093304080139716
                    ]
                },
                {
                    "type": "tuple",
                    "values": [
                        0.022407923736040003,
                        0.031261600457110864
                    ]
                },
                {
                    "type": "tuple",
                    "values": [
                        0.2112006784795641,
                        0.021427471904265874
                    ]
                },
                {
                    "type": "tuple",
                    "values": [
                        0.06905634155414,
                        0.15268440569983
                    ]
                },
                {
                    "type": "tuple",
                    "values": [
                        0.006798123901235201,
                        0.12357963450890178
                    ]
                },
                {
                    "type": "tuple",
                    "values": [
                        0.14627071206461023,
                        0.06829910540789709
                    ]
                }
            ]
        },
        "values_at_sigma_1": {
            "type": "list",
            "values": [
                {
                    "type": "tuple",
                    "values": [
                        0.0002519415171,
                        0.003294828828897477
                    ]
                },
                {
                    "type": "tuple",
                    "values": [
                        -0.0001680801888676135,
                        0.00594278654548
                    ]
                },
                {
                    "type": "tuple",
                    "values": [
                        -0.08418510390326,
                        -0.06902540057587733
                    ]
                },
                {
                    "type": "tuple",
                    "values": [
                        0.01062954868373,
                        0.06241151402558373
                    ]
                },
                {
                    "type": "tuple",
                    "values": [
                        -0.10424105214141116,
                        -0.03630417272874
                    ]
                },
                {
                    "type": "tuple",
                    "values": [
                        -0.002188520954194611,
                        0.026902901692307656
                    ]
                },
                {
                    "type": "tuple",
                    "values": [
                        -0.04846445567817093,
                        0.00896517883076
                    ]
                },
                {
                    "type": "tuple",
                    "values": [
                        -0.0280175336082,
                        0.025651990584950865
                    ]
                },
                {
                    "type": "tuple",
                    "values": [
                        -0.20039149003957,
                        0.03223666034426
                    ]
                },
                {
                    "type": "tuple",
                    "values": [
                        -0.11501304892479,
                        0.10672769832918
                    ]
                },
                {
                    "type": "tuple",
                    "values": [
                        -0.05224156303137511,
                        0.07813619537876187
                    ]
                },
                {
                    "type": "tuple",
                    "values": [
                        -0.05709046283202668,
                        0.15747935464048063
                    ]
                }
            ]
        },
        "median_pdf_sample": {
            "type": "instance",
            "class_path": "autofit.non_linear.samples.sample.Sample",
            "arguments": {
                "log_likelihood": -129.02446978939452,
                "log_prior": 0.0,
                "weight": 0.0009481478046220131,
                "kwargs": {
                    "type": "dict",
                    "arguments": {
                        "ellipses.ellipse_4.centre.centre_0": 0.00204999553105,
                        "ellipses.ellipse_4.centre.centre_1": 0.00409582496472,
                        "ellipses.ellipse_0.ell_comps.ell_comps_0": -0.07936935275787,
                        "ellipses.ellipse_0.ell_comps.ell_comps_1": 0.02810264860645,
                        "ellipses.ellipse_1.ell_comps.ell_comps_0": -0.05750100382506,
                        "ellipses.ellipse_1.ell_comps.ell_comps_1": 0.007794156733508267,
                        "ellipses.ellipse_2.ell_comps.ell_comps_0": -0.02196786197063716,
                        "ellipses.ellipse_2.ell_comps.ell_comps_1": -0.00560960987216,
                        "ellipses.ellipse_3.ell_comps.ell_comps_0": 0.01080918843999413,
                        "ellipses.ellipse_3.ell_comps.ell_comps_1": -0.04595670737065,
                        "ellipses.ellipse_4.ell_comps.ell_comps_0": -0.04544343913013991,
                        "ellipses.ellipse_4.ell_comps.ell_comps_1": 0.08918024923258354
                    }
                }
            }
        },
        "model": null
    }
}