{
    "type": "instance",
    "class_path": "autofit.non_linear.samples.summary.SamplesSummary",
    "arguments": {
        "max_log_likelihood_sample": {
            "type": "instance",
            "class_path": "autofit.non_linear.samples.sample.Sample",
            "arguments": {
                "log_likelihood": -30008.317174170683,
                "log_prior": 0.02968411678576362,
                "weight": 3.156823155568411e-05,
                "kwargs": {
                    "type": "dict",
                    "arguments": {
                        "galaxies.lens.mass.ell_comps.ell_comps_0": 0.0754391118983065,
                        "galaxies.lens.mass.ell_comps.ell_comps_1": -0.1737443791597547,
                        "galaxies.lens.mass.einstein_radius": 1.2207944606717152,
                        "galaxies.lens.mass.centre.centre_0": -0.05863469799386417,
                        "galaxies.lens.mass.centre.centre_1": -0.02950520433798149,
                        "galaxies.lens.mass.slope": 1.9841463658999,
                        "galaxies.lens.shear.gamma_1": -0.01058960007855,
                        "galaxies.lens.shear.gamma_2": 0.02769605115724
                    }
                }
            }
        },
        "errors_at_sigma_1": {
            "type": "list",
            "values": [
                {
                    "type": "tuple",
                    "values": [
                        0.014882745860034685,
                        0.014961129514419372
                    ]
                },
                {
                    "type": "tuple",
                    "values": [
                        0.019852614105311972,
                        0.019916529312761472
                    ]
                },
                {
                    "type": "tuple",
                    "values": [
                        0.024453204040778553,
                        0.01425176907172121
                    ]
                },
                {
                    "type": "tuple",
                    "values": [
                        0.013354473475591926,
                        0.012108689455700691
                    ]
                },
                {
                    "type": "tuple",
                    "values": [
                        0.010720240987684232,
                        0.00960072191946712
                    ]
                },
                {
                    "type": "tuple",
                    "values": [
                        0.09661806670264705,
                        0.04848467690403835
                    ]
                },
                {
                    "type": "tuple",
                    "values": [
                        0.009025688225050461,
                        0.006918173763687751
                    ]
                },
                {
                    "type": "tuple",
                    "values": [
                        0.011720818608068145,
                        0.012479538819385592
                    ]
                }
            ]
        },
        "model": null,
        "values_at_sigma_3": {
            "type": "list",
            "values": [
                {
                    "type": "tuple",
                    "values": [
                        0.03776780365950043,
                        0.12906408857227564
                    ]
                },
                {
                    "type": "tuple",
                    "values": [
                        -0.22254539228680625,
                        -0.10911479051859507
                    ]
                },
                {
                    "type": "tuple",
                    "values": [
                        1.1307347280138347,
                        1.249423704555028
                    ]
                },
                {
                    "type": "tuple",
                    "values": [
                        -0.10221202761667368,
                        -0.023872685734706498
                    ]
                },
                {
                    "type": "tuple",
                    "values": [
                        -0.0691796722957556,
                        -0.011644104073528607
                    ]
                },
                {
                    "type": "tuple",
                    "values": [
                        1.6535858098428025,
                        2.0550740806626715
                    ]
                },
                {
                    "type": "tuple",
                    "values": [
                        -0.05433792629145442,
                        0.0084494163189831
                    ]
                },
                {
                    "type": "tuple",
                    "values": [
                        0.005518698345754422,
                        0.07479970502878983
                    ]
                }
            ]
        },
        "log_evidence": -30032.736066855643,
        "median_pdf_sample": {
            "type": "instance",
            "class_path": "autofit.non_linear.samples.sample.Sample",
            "arguments": {
                "log_likelihood": -30008.317174170683,
                "log_prior": 0.02968411678576362,
                "weight": 3.156823155568411e-05,
                "kwargs": {
                    "type": "dict",
                    "arguments": {
                        "galaxies.lens.mass.ell_comps.ell_comps_0": 0.08422242973637108,
                        "galaxies.lens.mass.ell_comps.ell_comps_1": -0.16371086813624955,
                        "galaxies.lens.mass.einstein_radius": 1.2084768546449074,
                        "galaxies.lens.mass.centre.centre_0": -0.06146754732032709,
                        "galaxies.lens.mass.centre.centre_1": -0.038128169245146566,
                        "galaxies.lens.mass.slope": 1.927354562122179,
                        "galaxies.lens.shear.gamma_1": -0.014608332618888456,
                        "galaxies.lens.shear.gamma_2": 0.03992036701694494
                    }
                }
            }
        },
        "values_at_sigma_1": {
            "type": "list",
            "values": [
                {
                    "type": "tuple",
                    "values": [
                        0.06933968387633639,
                        0.09918355925079045
                    ]
                },
                {
                    "type": "tuple",
                    "values": [
                        -0.18356348224156152,
                        -0.14379433882348808
                    ]
                },
                {
                    "type": "tuple",
                    "values": [
                        1.1840236506041288,
                        1.2227286237166286
                    ]
                },
                {
                    "type": "tuple",
                    "values": [
                        -0.07482202079591901,
                        -0.0493588578646264
                    ]
                },
                {
                    "type": "tuple",
                    "values": [
                        -0.0488484102328308,
                        -0.028527447325679446
                    ]
                },
                {
                    "type": "tuple",
                    "values": [
                        1.830736495419532,
                        1.9758392390262174
                    ]
                },
                {
                    "type": "tuple",
                    "values": [
                        -0.023634020843938917,
                        -0.007690158855200705
                    ]
                },
                {
                    "type": "tuple",
                    "values": [
                        0.02819954840887679,
                        0.05239990583633053
                    ]
                }
            ]
        },
        "errors_at_sigma_3": {
            "type": "list",
            "values": [
                {
                    "type": "tuple",
                    "values": [
                        0.04645462607687065,
                        0.04484165883590456
                    ]
                },
                {
                    "type": "tuple",
                    "values": [
                        0.058834524150556705,
                        0.054596077617654476
                    ]
                },
                {
                    "type": "tuple",
                    "values": [
                        0.07774212663107272,
                        0.04094684991012065
                    ]
                },
                {
                    "type": "tuple",
                    "values": [
                        0.04074448029634659,
                        0.03759486158562059
                    ]
                },
                {
                    "type": "tuple",
                    "values": [
                        0.031051503050609032,
                        0.026484065171617957
                    ]
                },
                {
                    "type": "tuple",
                    "values": [
                        0.2737687522793766,
                        0.12771951854049246
                    ]
                },
                {
                    "type": "tuple",
                    "values": [
                        0.03972959367256596,
                        0.023057748937871554
                    ]
                },
                {
                    "type": "tuple",
                    "values": [
                        0.034401668671190516,
                        0.03487933801184489
                    ]
                }
            ]
        }
    }
}