{
    "type": "instance",
    "class_path": "autofit.non_linear.samples.summary.SamplesSummary",
    "arguments": {
        "errors_at_sigma_3": {
            "type": "list",
            "values": [
                {
                    "type": "tuple",
                    "values": [
                        0.05036465820947306,
                        0.006434280528449993
                    ]
                },
                {
                    "type": "tuple",
                    "values": [
                        0.0766218143386154,
                        0.02884048411251461
                    ]
                },
                {
                    "type": "tuple",
                    "values": [
                        0.09963799469574044,
                        0.0078759619734
                    ]
                },
                {
                    "type": "tuple",
                    "values": [
                        0.13501845667173254,
                        0.04714748931035523
                    ]
                },
                {
                    "type": "tuple",
                    "values": [
                        0.03253152954697565,
                        0.1150217053121807
                    ]
                },
                {
                    "type": "tuple",
                    "values": [
                        0.16132923089751,
                        0.015862442148709993
                    ]
                }
            ]
        },
        "median_pdf_sample": {
            "type": "instance",
            "class_path": "autofit.non_linear.samples.sample.Sample",
            "arguments": {
                "log_likelihood": -50.746135810459336,
                "log_prior": 0.0,
                "weight": 0.0010298290653152618,
                "kwargs": {
                    "type": "dict",
                    "arguments": {
                        "ellipses.0.ell_comps.ell_comps_0": -0.25308509697679,
                        "ellipses.0.ell_comps.ell_comps_1": 0.04668830496155539,
                        "multipoles.0.multipole_3.multipole_comps.multipole_comps_0": 0.09208684233714,
                        "multipoles.0.multipole_3.multipole_comps.multipole_comps_1": 0.05068050690802477,
                        "multipoles.0.multipole_4.multipole_comps.multipole_comps_0": -0.0671737296012407,
                        "multipoles.0.multipole_4.multipole_comps.multipole_comps_1": 0.08405094298602
                    }
                }
            }
        },
        "model": null,
        "errors_at_sigma_1": {
            "type": "list",
            "values": [
                {
                    "type": "tuple",
                    "values": [
                        0.026272003732150162,
                        0.002787691040378737
                    ]
                },
                {
                    "type": "tuple",
                    "values": [
                        0.06394929019553539,
                        0.006954982894924612
                    ]
                },
                {
                    "type": "tuple",
                    "values": [
                        0.023404536404934687,
                        0.00588046099445072
                    ]
                },
                {
                    "type": "tuple",
                    "values": [
                        0.05914911048984675,
                        0.020299062165028636
                    ]
                },
                {
                    "type": "tuple",
                    "values": [
                        0.022463291122020723,
                        0.04863015511866384
                    ]
                },
                {
                    "type": "tuple",
                    "values": [
                        0.11809230933533,
                        0.012685252830279534
                    ]
                }
            ]
        },
        "values_at_sigma_3": {
            "type": "list",
            "values": [
                {
                    "type": "tuple",
                    "values": [
                        -0.30344975518626305,
                        -0.24665081644834
                    ]
                },
                {
                    "type": "tuple",
                    "values": [
                        -0.02993350937706,
                        0.07552878907407
                    ]
                },
                {
                    "type": "tuple",
                    "values": [
                        -0.00755115235860044,
                        0.09996280431054
                    ]
                },
                {
                    "type": "tuple",
                    "values": [
                        -0.08433794976370777,
                        0.09782799621838
                    ]
                },
                {
                    "type": "tuple",
                    "values": [
                        -0.09970525914821635,
                        0.04784797571094
                    ]
                },
                {
                    "type": "tuple",
                    "values": [
                        -0.07727828791149,
                        0.09991338513473
                    ]
                }
            ]
        },
        "values_at_sigma_1": {
            "type": "list",
            "values": [
                {
                    "type": "tuple",
                    "values": [
                        -0.27935710070894015,
                        -0.25029740593641125
                    ]
                },
                {
                    "type": "tuple",
                    "values": [
                        -0.01726098523398,
                        0.05364328785648
                    ]
                },
                {
                    "type": "tuple",
                    "values": [
                        0.06868230593220531,
                        0.09796730333159072
                    ]
                },
                {
                    "type": "tuple",
                    "values": [
                        -0.008468603581821983,
                        0.0709795690730534
                    ]
                },
                {
                    "type": "tuple",
                    "values": [
                        -0.08963702072326142,
                        -0.01854357448257686
                    ]
                },
                {
                    "type": "tuple",
                    "values": [
                        -0.03404136634931,
                        0.09673619581629954
                    ]
                }
            ]
        },
        "max_log_likelihood_sample": {
            "type": "instance",
            "class_path": "autofit.non_linear.samples.sample.Sample",
            "arguments": {
                "log_likelihood": -50.746135810459336,
                "log_prior": 0.0,
                "weight": 0.0010298290653152618,
                "kwargs": {
                    "type": "dict",
                    "arguments": {
                        "ellipses.0.ell_comps.ell_comps_0": -0.25073376581162,
                        "ellipses.0.ell_comps.ell_comps_1": 0.05321668484885,
                        "multipoles.0.multipole_3.multipole_comps.multipole_comps_0": 0.0944978180274,
                        "multipoles.0.multipole_3.multipole_comps.multipole_comps_1": 0.06082942843674,
                        "multipoles.0.multipole_4.multipole_comps.multipole_comps_0": -0.09576079692105,
                        "multipoles.0.multipole_4.multipole_comps.multipole_comps_1": 0.09582290123351
                    }
                }
            }
        },
        "log_evidence": -69.43011667158339
    }
}