{
    "type": "instance",
    "class_path": "autofit.non_linear.samples.summary.SamplesSummary",
    "arguments": {
        "values_at_sigma_1": {
            "type": "list",
            "values": [
                {
                    "type": "tuple",
                    "values": [
                        0.04338311528911,
                        0.05073229700295
                    ]
                },
                {
                    "type": "tuple",
                    "values": [
                        -0.07740065737393495,
                        -0.0704485471007284
                    ]
                },
                {
                    "type": "tuple",
                    "values": [
                        -0.025080682861559143,
                        0.007034744878809527
                    ]
                },
                {
                    "type": "tuple",
                    "values": [
                        -0.024504213952585605,
                        0.009778407585202048
                    ]
                },
                {
                    "type": "tuple",
                    "values": [
                        -0.03082383607743,
                        0.0098260902205
                    ]
                },
                {
                    "type": "tuple",
                    "values": [
                        -0.01607331505677097,
                        0.012614462294149788
                    ]
                },
                {
                    "type": "tuple",
                    "values": [
                        -0.03752114330546,
                        0.0020178622374494924
                    ]
                },
                {
                    "type": "tuple",
                    "values": [
                        -0.0281891901291279,
                        0.00224277511929
                    ]
                }
            ]
        },
        "max_log_likelihood_sample": {
            "type": "instance",
            "class_path": "autofit.non_linear.samples.sample.Sample",
            "arguments": {
                "log_likelihood": -36.72120054111822,
                "log_prior": 0.0,
                "weight": 0.001014333873111071,
                "kwargs": {
                    "type": "dict",
                    "arguments": {
                        "ellipses.0.ell_comps.ell_comps_0": 0.04856621246756,
                        "ellipses.0.ell_comps.ell_comps_1": -0.07587356647508,
                        "multipoles.0.multipole_1.multipole_comps.multipole_comps_0": -0.00302957323972,
                        "multipoles.0.multipole_1.multipole_comps.multipole_comps_1": 0.00457599273748,
                        "multipoles.0.multipole_3.multipole_comps.multipole_comps_0": -0.00638571243336,
                        "multipoles.0.multipole_3.multipole_comps.multipole_comps_1": -0.00800027203373,
                        "multipoles.0.multipole_4.multipole_comps.multipole_comps_0": -0.02879676850603,
                        "multipoles.0.multipole_4.multipole_comps.multipole_comps_1": -0.01140851080887
                    }
                }
            }
        },
        "errors_at_sigma_1": {
            "type": "list",
            "values": [
                {
                    "type": "tuple",
                    "values": [
                        0.003714639550109998,
                        0.0036345421637299993
                    ]
                },
                {
                    "type": "tuple",
                    "values": [
                        0.0034109762206145783,
                        0.0035411340525919738
                    ]
                },
                {
                    "type": "tuple",
                    "values": [
                        0.015230706736199143,
                        0.016884721004169528
                    ]
                },
                {
                    "type": "tuple",
                    "values": [
                        0.017119686279676184,
                        0.017162935258111467
                    ]
                },
                {
                    "type": "tuple",
                    "values": [
                        0.02165284712332,
                        0.01899707917461
                    ]
                },
                {
                    "type": "tuple",
                    "values": [
                        0.014470388151479137,
                        0.014217389199441622
                    ]
                },
                {
                    "type": "tuple",
                    "values": [
                        0.018370887200169998,
                        0.021168118342739493
                    ]
                },
                {
                    "type": "tuple",
                    "values": [
                        0.0160238592539479,
                        0.01440810599447
                    ]
                }
            ]
        },
        "model": null,
        "median_pdf_sample": {
            "type": "instance",
            "class_path": "autofit.non_linear.samples.sample.Sample",
            "arguments": {
                "log_likelihood": -36.72120054111822,
                "log_prior": 0.0,
                "weight": 0.001014333873111071,
                "kwargs": {
                    "type": "dict",
                    "arguments": {
                        "ellipses.0.ell_comps.ell_comps_0": 0.04709775483922,
                        "ellipses.0.ell_comps.ell_comps_1": -0.07398968115332037,
                        "multipoles.0.multipole_1.multipole_comps.multipole_comps_0": -0.00984997612536,
                        "multipoles.0.multipole_1.multipole_comps.multipole_comps_1": -0.007384527672909421,
                        "multipoles.0.multipole_3.multipole_comps.multipole_comps_0": -0.00917098895411,
                        "multipoles.0.multipole_3.multipole_comps.multipole_comps_1": -0.0016029269052918339,
                        "multipoles.0.multipole_4.multipole_comps.multipole_comps_0": -0.01915025610529,
                        "multipoles.0.multipole_4.multipole_comps.multipole_comps_1": -0.01216533087518
                    }
                }
            }
        },
        "errors_at_sigma_3": {
            "type": "list",
            "values": [
                {
                    "type": "tuple",
                    "values": [
                        0.01584331173444,
                        0.013448482632084292
                    ]
                },
                {
                    "type": "tuple",
                    "values": [
                        0.024958282778449623,
                        0.012021517536710373
                    ]
                },
                {
                    "type": "tuple",
                    "values": [
                        0.053520214959760004,
                        0.05112504273652678
                    ]
                },
                {
                    "type": "tuple",
                    "values": [
                        0.05332600249322057,
                        0.05428146745211715
                    ]
                },
                {
                    "type": "tuple",
                    "values": [
                        0.04537670452669351,
                        0.06783999746176
                    ]
                },
                {
                    "type": "tuple",
                    "values": [
                        0.06082380085369065,
                        0.04453589316289541
                    ]
                },
                {
                    "type": "tuple",
                    "values": [
                        0.05243080107997,
                        0.075118316887
                    ]
                },
                {
                    "type": "tuple",
                    "values": [
                        0.05058419540429,
                        0.08236942481768
                    ]
                }
            ]
        },
        "log_evidence": -58.99727653985005,
        "values_at_sigma_3": {
            "type": "list",
            "values": [
                {
                    "type": "tuple",
                    "values": [
                        0.03125444310478,
                        0.06054623747130429
                    ]
                },
                {
                    "type": "tuple",
                    "values": [
                        -0.09894796393177,
                        -0.06196816361661
                    ]
                },
                {
                    "type": "tuple",
                    "values": [
                        -0.06337019108512,
                        0.041275066611166776
                    ]
                },
                {
                    "type": "tuple",
                    "values": [
                        -0.06071053016613,
                        0.046896939779207725
                    ]
                },
                {
                    "type": "tuple",
                    "values": [
                        -0.05454769348080351,
                        0.05866900850765
                    ]
                },
                {
                    "type": "tuple",
                    "values": [
                        -0.06242672775898248,
                        0.04293296625760358
                    ]
                },
                {
                    "type": "tuple",
                    "values": [
                        -0.07158105718526,
                        0.05596806078171
                    ]
                },
                {
                    "type": "tuple",
                    "values": [
                        -0.06274952627947,
                        0.0702040939425
                    ]
                }
            ]
        }
    }
}