{
    "type": "instance",
    "class_path": "autofit.non_linear.samples.summary.SamplesSummary",
    "arguments": {
        "log_evidence": -308.2418779177204,
        "errors_at_sigma_1": {
            "type": "list",
            "values": [
                {
                    "type": "tuple",
                    "values": [
                        0.00035523643197617335,
                        0.00035387137085
                    ]
                },
                {
                    "type": "tuple",
                    "values": [
                        0.0003445500532115554,
                        0.00035927985615993223
                    ]
                },
                {
                    "type": "tuple",
                    "values": [
                        0.0017133536571832808,
                        0.001592938259347712
                    ]
                },
                {
                    "type": "tuple",
                    "values": [
                        0.001741327277444235,
                        0.0018262688485761805
                    ]
                },
                {
                    "type": "tuple",
                    "values": [
                        0.0005112639639050223,
                        0.0005437006227563025
                    ]
                },
                {
                    "type": "tuple",
                    "values": [
                        0.0004893117161151797,
                        0.00044151451274844977
                    ]
                },
                {
                    "type": "tuple",
                    "values": [
                        0.0005576798154106463,
                        0.0005898515802633543
                    ]
                },
                {
                    "type": "tuple",
                    "values": [
                        0.0005086293556676954,
                        0.0004986205315090429
                    ]
                },
                {
                    "type": "tuple",
                    "values": [
                        0.002324141081496464,
                        0.0018576633748500007
                    ]
                },
                {
                    "type": "tuple",
                    "values": [
                        0.0022279146137400008,
                        0.0022479900869429373
                    ]
                },
                {
                    "type": "tuple",
                    "values": [
                        0.0016047797515235684,
                        0.0017600226577046052
                    ]
                },
                {
                    "type": "tuple",
                    "values": [
                        0.0015753956588022981,
                        0.001574142422877702
                    ]
                },
                {
                    "type": "tuple",
                    "values": [
                        0.0023879816124143475,
                        0.0023181374245942283
                    ]
                },
                {
                    "type": "tuple",
                    "values": [
                        0.0023625361896090547,
                        0.002420336791762384
                    ]
                },
                {
                    "type": "tuple",
                    "values": [
                        0.0023485288709999066,
                        0.0024624514655652435
                    ]
                },
                {
                    "type": "tuple",
                    "values": [
                        0.002124146848572178,
                        0.0025163796865778215
                    ]
                },
                {
                    "type": "tuple",
                    "values": [
                        0.0034723209117256417,
                        0.0027399719179892245
                    ]
                },
                {
                    "type": "tuple",
                    "values": [
                        0.00296548209592,
                        0.0030731822215
                    ]
                },
                {
                    "type": "tuple",
                    "values": [
                        0.0058626635086400005,
                        0.005919650278737229
                    ]
                },
                {
                    "type": "tuple",
                    "values": [
                        0.004705307170487307,
                        0.003963785915536033
                    ]
                },
                {
                    "type": "tuple",
                    "values": [
                        0.00169158268477132,
                        0.0017883439142227647
                    ]
                },
                {
                    "type": "tuple",
                    "values": [
                        0.0017113016070299941,
                        0.0018261638968700006
                    ]
                },
                {
                    "type": "tuple",
                    "values": [
                        0.006241593401572618,
                        0.006290018094202105
                    ]
                },
                {
                    "type": "tuple",
                    "values": [
                        0.00801077260951,
                        0.0077485155639099995
                    ]
                },
                {
                    "type": "tuple",
                    "values": [
                        0.007273453593756734,
                        0.00646980154692443
                    ]
                },
                {
                    "type": "tuple",
                    "values": [
                        0.008349317805413627,
                        0.007078922392474728
                    ]
                },
                {
                    "type": "tuple",
                    "values": [
                        0.0011685535372499972,
                        0.001229297291664877
                    ]
                },
                {
                    "type": "tuple",
                    "values": [
                        0.0014079205281571638,
                        0.002714776173690897
                    ]
                },
                {
                    "type": "tuple",
                    "values": [
                        0.011914746605718656,
                        0.008397838267274346
                    ]
                },
                {
                    "type": "tuple",
                    "values": [
                        0.0052249880994094736,
                        0.005696663975235647
                    ]
                },
                {
                    "type": "tuple",
                    "values": [
                        0.007943856163479313,
                        0.00994079129412545
                    ]
                },
                {
                    "type": "tuple",
                    "values": [
                        0.006071371652481734,
                        0.00568262675088
                    ]
                }
            ]
        },
        "values_at_sigma_1": {
            "type": "list",
            "values": [
                {
                    "type": "tuple",
                    "values": [
                        0.00035813738795382663,
                        0.00106724519078
                    ]
                },
                {
                    "type": "tuple",
                    "values": [
                        0.0002658604516584446,
                        0.0009696903610299322
                    ]
                },
                {
                    "type": "tuple",
                    "values": [
                        0.03652508537884998,
                        0.03983137729538097
                    ]
                },
                {
                    "type": "tuple",
                    "values": [
                        0.04529306140702,
                        0.04886065753304041
                    ]
                },
                {
                    "type": "tuple",
                    "values": [
                        0.0005177196246949776,
                        0.0015726842113563024
                    ]
                },
                {
                    "type": "tuple",
                    "values": [
                        -0.00029639944097517974,
                        0.0006344267878884498
                    ]
                },
                {
                    "type": "tuple",
                    "values": [
                        0.00110056942867,
                        0.0022481008243440005
                    ]
                },
                {
                    "type": "tuple",
                    "values": [
                        -0.0002450285411967383,
                        0.00076222134598
                    ]
                },
                {
                    "type": "tuple",
                    "values": [
                        0.045498596694873536,
                        0.04968040115122
                    ]
                },
                {
                    "type": "tuple",
                    "values": [
                        0.05165610264104,
                        0.05613200734172294
                    ]
                },
                {
                    "type": "tuple",
                    "values": [
                        -0.0018940998453681735,
                        0.00147070256386
                    ]
                },
                {
                    "type": "tuple",
                    "values": [
                        -0.00247667289188,
                        0.0006728651898
                    ]
                },
                {
                    "type": "tuple",
                    "values": [
                        -0.005312626583941576,
                        -0.0006065075469329999
                    ]
                },
                {
                    "type": "tuple",
                    "values": [
                        0.0012830111295956117,
                        0.00606588411096705
                    ]
                },
                {
                    "type": "tuple",
                    "values": [
                        0.06187404695685,
                        0.06668502729341515
                    ]
                },
                {
                    "type": "tuple",
                    "values": [
                        0.09239903547769,
                        0.09703956201284
                    ]
                },
                {
                    "type": "tuple",
                    "values": [
                        0.0020189410613784416,
                        0.008231233891093308
                    ]
                },
                {
                    "type": "tuple",
                    "values": [
                        -0.00286098299892,
                        0.0031776813185
                    ]
                },
                {
                    "type": "tuple",
                    "values": [
                        -0.00272349978604,
                        0.009058814001337229
                    ]
                },
                {
                    "type": "tuple",
                    "values": [
                        0.014535450563412693,
                        0.023204543649436034
                    ]
                },
                {
                    "type": "tuple",
                    "values": [
                        0.07820406070592,
                        0.08168398730491408
                    ]
                },
                {
                    "type": "tuple",
                    "values": [
                        0.1054330957027,
                        0.1089705612066
                    ]
                },
                {
                    "type": "tuple",
                    "values": [
                        -0.006248193495584723,
                        0.00628341800019
                    ]
                },
                {
                    "type": "tuple",
                    "values": [
                        -0.03699552836068,
                        -0.02123624018726
                    ]
                },
                {
                    "type": "tuple",
                    "values": [
                        -0.034239756865546735,
                        -0.02049650172486557
                    ]
                },
                {
                    "type": "tuple",
                    "values": [
                        0.025707434060036685,
                        0.04113567425792504
                    ]
                },
                {
                    "type": "tuple",
                    "values": [
                        0.09387889412623,
                        0.09627674495514488
                    ]
                },
                {
                    "type": "tuple",
                    "values": [
                        0.11344057639524614,
                        0.1175632730970942
                    ]
                },
                {
                    "type": "tuple",
                    "values": [
                        0.013857805505052976,
                        0.03417039037804598
                    ]
                },
                {
                    "type": "tuple",
                    "values": [
                        -0.05794287183077195,
                        -0.04702121975612683
                    ]
                },
                {
                    "type": "tuple",
                    "values": [
                        -0.05115210760676985,
                        -0.03326746014916509
                    ]
                },
                {
                    "type": "tuple",
                    "values": [
                        0.032348238425008266,
                        0.04410223682837
                    ]
                }
            ]
        },
        "max_log_likelihood_sample": {
            "type": "instance",
            "class_path": "autofit.non_linear.samples.sample.Sample",
            "arguments": {
                "log_likelihood": -216.99970760784808,
                "log_prior": 0.0,
                "weight": 0.001098424212763034,
                "kwargs": {
                    "type": "dict",
                    "arguments": {
                        "ellipses.ellipse_4.centre.centre_0": 0.0004916317315,
                        "ellipses.ellipse_4.centre.centre_1": 0.00010568793589,
                        "ellipses.ellipse_0.ell_comps.ell_comps_0": 0.03893015619466,
                        "ellipses.ellipse_0.ell_comps.ell_comps_1": 0.04575900847496,
                        "multipoles.0.multipole_3.multipole_comps.multipole_comps_0": 0.00070390464549,
                        "multipoles.0.multipole_3.multipole_comps.multipole_comps_1": 0.00078849577045,
                        "multipoles.0.multipole_4.multipole_comps.multipole_comps_0": 0.0013918701171,
                        "multipoles.0.multipole_4.multipole_comps.multipole_comps_1": 0.00011084354138,
                        "ellipses.ellipse_1.ell_comps.ell_comps_0": 0.04743717922254,
                        "ellipses.ellipse_1.ell_comps.ell_comps_1": 0.05250638059027,
                        "multipoles.1.multipole_3.multipole_comps.multipole_comps_0": -0.00061547865078,
                        "multipoles.1.multipole_3.multipole_comps.multipole_comps_1": -0.00065934563344,
                        "multipoles.1.multipole_4.multipole_comps.multipole_comps_0": -0.00492387830873,
                        "multipoles.1.multipole_4.multipole_comps.multipole_comps_1": 0.00326520437902,
                        "ellipses.ellipse_2.ell_comps.ell_comps_0": 0.06592813635549,
                        "ellipses.ellipse_2.ell_comps.ell_comps_1": 0.09271483257304,
                        "multipoles.2.multipole_3.multipole_comps.multipole_comps_0": 0.00548877267347,
                        "multipoles.2.multipole_3.multipole_comps.multipole_comps_1": -0.00416525637697,
                        "multipoles.2.multipole_4.multipole_comps.multipole_comps_0": -0.00276056449791,
                        "multipoles.2.multipole_4.multipole_comps.multipole_comps_1": 0.02298366523916,
                        "ellipses.ellipse_3.ell_comps.ell_comps_0": 0.08064192178979,
                        "ellipses.ellipse_3.ell_comps.ell_comps_1": 0.10756347815015,
                        "multipoles.3.multipole_3.multipole_comps.multipole_comps_0": -0.00221015873026,
                        "multipoles.3.multipole_3.multipole_comps.multipole_comps_1": -0.02360486492838,
                        "multipoles.3.multipole_4.multipole_comps.multipole_comps_0": -0.02730537833707,
                        "multipoles.3.multipole_4.multipole_comps.multipole_comps_1": 0.03271567996924,
                        "ellipses.ellipse_4.ell_comps.ell_comps_0": 0.09520558553768,
                        "ellipses.ellipse_4.ell_comps.ell_comps_1": 0.11404109254514,
                        "multipoles.4.multipole_3.multipole_comps.multipole_comps_0": 0.02380056738086,
                        "multipoles.4.multipole_3.multipole_comps.multipole_comps_1": -0.05458476739746,
                        "multipoles.4.multipole_4.multipole_comps.multipole_comps_0": -0.03945327655516,
                        "multipoles.4.multipole_4.multipole_comps.multipole_comps_1": 0.04287004543744
                    }
                }
            }
        },
        "model": null,
        "values_at_sigma_3": {
            "type": "list",
            "values": [
                {
                    "type": "tuple",
                    "values": [
                        -0.0002416361484125267,
                        0.0017463475738106248
                    ]
                },
                {
                    "type": "tuple",
                    "values": [
                        -0.0003840658662342677,
                        0.0017467956226944782
                    ]
                },
                {
                    "type": "tuple",
                    "values": [
                        0.03343702187095939,
                        0.04273536414342
                    ]
                },
                {
                    "type": "tuple",
                    "values": [
                        0.041747129415356306,
                        0.05209955184184647
                    ]
                },
                {
                    "type": "tuple",
                    "values": [
                        -0.0007003495826419648,
                        0.002627200478128867
                    ]
                },
                {
                    "type": "tuple",
                    "values": [
                        -0.00096928679055,
                        0.001566731173417889
                    ]
                },
                {
                    "type": "tuple",
                    "values": [
                        -3.221191677779481e-05,
                        0.0032174250662144375
                    ]
                },
                {
                    "type": "tuple",
                    "values": [
                        -0.0011140058631635703,
                        0.00177356307806
                    ]
                },
                {
                    "type": "tuple",
                    "values": [
                        0.04088564302386216,
                        0.05305118706572
                    ]
                },
                {
                    "type": "tuple",
                    "values": [
                        0.04729428853108665,
                        0.06209050733133927
                    ]
                },
                {
                    "type": "tuple",
                    "values": [
                        -0.00562865903788,
                        0.004501023638120572
                    ]
                },
                {
                    "type": "tuple",
                    "values": [
                        -0.00612356935404,
                        0.003460894116829795
                    ]
                },
                {
                    "type": "tuple",
                    "values": [
                        -0.00927934166973,
                        0.0036702873268208936
                    ]
                },
                {
                    "type": "tuple",
                    "values": [
                        -0.00331802980603,
                        0.01147091516329
                    ]
                },
                {
                    "type": "tuple",
                    "values": [
                        0.05809945154777,
                        0.07069532658526
                    ]
                },
                {
                    "type": "tuple",
                    "values": [
                        0.08871264140926798,
                        0.10257524598588495
                    ]
                },
                {
                    "type": "tuple",
                    "values": [
                        -0.00463385394052,
                        0.013668535678229822
                    ]
                },
                {
                    "type": "tuple",
                    "values": [
                        -0.009134404592650093,
                        0.01060821673392069
                    ]
                },
                {
                    "type": "tuple",
                    "values": [
                        -0.012076265562710176,
                        0.02050692809637
                    ]
                },
                {
                    "type": "tuple",
                    "values": [
                        0.005859131945043516,
                        0.028885399568885615
                    ]
                },
                {
                    "type": "tuple",
                    "values": [
                        0.07491423784027,
                        0.0851564403501336
                    ]
                },
                {
                    "type": "tuple",
                    "values": [
                        0.10184963655891,
                        0.11384719177002
                    ]
                },
                {
                    "type": "tuple",
                    "values": [
                        -0.02056278813523,
                        0.018397313999989204
                    ]
                },
                {
                    "type": "tuple",
                    "values": [
                        -0.05788252087783805,
                        -0.005115728000838876
                    ]
                },
                {
                    "type": "tuple",
                    "values": [
                        -0.05151990878846,
                        -0.00665022743332
                    ]
                },
                {
                    "type": "tuple",
                    "values": [
                        0.00507662182915,
                        0.05153319561877013
                    ]
                },
                {
                    "type": "tuple",
                    "values": [
                        0.0890663420378861,
                        0.0989749520437072
                    ]
                },
                {
                    "type": "tuple",
                    "values": [
                        0.11118682353762507,
                        0.12205229205589853
                    ]
                },
                {
                    "type": "tuple",
                    "values": [
                        -0.02855485827121906,
                        0.05083895067341
                    ]
                },
                {
                    "type": "tuple",
                    "values": [
                        -0.06841585254980712,
                        -0.03495909661765175
                    ]
                },
                {
                    "type": "tuple",
                    "values": [
                        -0.06364038036775595,
                        -0.01859260939158
                    ]
                },
                {
                    "type": "tuple",
                    "values": [
                        0.016259050963182406,
                        0.056623003202838015
                    ]
                }
            ]
        },
        "errors_at_sigma_3": {
            "type": "list",
            "values": [
                {
                    "type": "tuple",
                    "values": [
                        0.0009550099683425267,
                        0.0010329737538806248
                    ]
                },
                {
                    "type": "tuple",
                    "values": [
                        0.0009944763711042678,
                        0.0011363851178244782
                    ]
                },
                {
                    "type": "tuple",
                    "values": [
                        0.004801417165073867,
                        0.004496925107386744
                    ]
                },
                {
                    "type": "tuple",
                    "values": [
                        0.005287259269107926,
                        0.005065163157382237
                    ]
                },
                {
                    "type": "tuple",
                    "values": [
                        0.0017293331712419646,
                        0.001598216889528867
                    ]
                },
                {
                    "type": "tuple",
                    "values": [
                        0.00116219906569,
                        0.001373818898277889
                    ]
                },
                {
                    "type": "tuple",
                    "values": [
                        0.001690461160858441,
                        0.0015591758221337913
                    ]
                },
                {
                    "type": "tuple",
                    "values": [
                        0.0013776066776345275,
                        0.001509962263589043
                    ]
                },
                {
                    "type": "tuple",
                    "values": [
                        0.006937094752507839,
                        0.005228449289349998
                    ]
                },
                {
                    "type": "tuple",
                    "values": [
                        0.006589728723693351,
                        0.00820649007655927
                    ]
                },
                {
                    "type": "tuple",
                    "values": [
                        0.005339338944035395,
                        0.004790343731965177
                    ]
                },
                {
                    "type": "tuple",
                    "values": [
                        0.005222292120962298,
                        0.004362171349907497
                    ]
                },
                {
                    "type": "tuple",
                    "values": [
                        0.0063546966982027725,
                        0.006594932298348122
                    ]
                },
                {
                    "type": "tuple",
                    "values": [
                        0.006963577125234667,
                        0.007825367844085333
                    ]
                },
                {
                    "type": "tuple",
                    "values": [
                        0.006123124280079904,
                        0.006472750757410092
                    ]
                },
                {
                    "type": "tuple",
                    "values": [
                        0.005810540916994206,
                        0.008052063659622771
                    ]
                },
                {
                    "type": "tuple",
                    "values": [
                        0.010125115913624083,
                        0.008177273705125738
                    ]
                },
                {
                    "type": "tuple",
                    "values": [
                        0.009238903689650092,
                        0.01050371763692069
                    ]
                },
                {
                    "type": "tuple",
                    "values": [
                        0.015215429285310177,
                        0.01736776437377
                    ]
                },
                {
                    "type": "tuple",
                    "values": [
                        0.013381625788856485,
                        0.009644641834985614
                    ]
                },
                {
                    "type": "tuple",
                    "values": [
                        0.004981405550421314,
                        0.005260796959442288
                    ]
                },
                {
                    "type": "tuple",
                    "values": [
                        0.005294760750819999,
                        0.0067027944602900125
                    ]
                },
                {
                    "type": "tuple",
                    "values": [
                        0.020556188041217893,
                        0.01840391409400131
                    ]
                },
                {
                    "type": "tuple",
                    "values": [
                        0.028897765126668053,
                        0.023869027750331125
                    ]
                },
                {
                    "type": "tuple",
                    "values": [
                        0.02455360551667,
                        0.02031607583847
                    ]
                },
                {
                    "type": "tuple",
                    "values": [
                        0.02898013003630031,
                        0.017476443753319817
                    ]
                },
                {
                    "type": "tuple",
                    "values": [
                        0.005981105625593897,
                        0.003927504380227195
                    ]
                },
                {
                    "type": "tuple",
                    "values": [
                        0.003661673385778233,
                        0.007203795132495222
                    ]
                },
                {
                    "type": "tuple",
                    "values": [
                        0.054327410381990696,
                        0.02506639856263837
                    ]
                },
                {
                    "type": "tuple",
                    "values": [
                        0.015697968818444638,
                        0.017758787113710726
                    ]
                },
                {
                    "type": "tuple",
                    "values": [
                        0.020432128924465408,
                        0.02461564205171054
                    ]
                },
                {
                    "type": "tuple",
                    "values": [
                        0.022160559114307594,
                        0.018203393125348015
                    ]
                }
            ]
        },
        "median_pdf_sample": {
            "type": "instance",
            "class_path": "autofit.non_linear.samples.sample.Sample",
            "arguments": {
                "log_likelihood": -216.99970760784808,
                "log_prior": 0.0,
                "weight": 0.001098424212763034,
                "kwargs": {
                    "type": "dict",
                    "arguments": {
                        "ellipses.ellipse_4.centre.centre_0": 0.00071337381993,
                        "ellipses.ellipse_4.centre.centre_1": 0.00061041050487,
                        "ellipses.ellipse_0.ell_comps.ell_comps_0": 0.03823843903603326,
                        "ellipses.ellipse_0.ell_comps.ell_comps_1": 0.04703438868446423,
                        "multipoles.0.multipole_3.multipole_comps.multipole_comps_0": 0.0010289835886,
                        "multipoles.0.multipole_3.multipole_comps.multipole_comps_1": 0.00019291227514,
                        "multipoles.0.multipole_4.multipole_comps.multipole_comps_0": 0.0016582492440806462,
                        "multipoles.0.multipole_4.multipole_comps.multipole_comps_1": 0.00026360081447095705,
                        "ellipses.ellipse_1.ell_comps.ell_comps_0": 0.04782273777637,
                        "ellipses.ellipse_1.ell_comps.ell_comps_1": 0.05388401725478,
                        "multipoles.1.multipole_3.multipole_comps.multipole_comps_0": -0.00028932009384460497,
                        "multipoles.1.multipole_3.multipole_comps.multipole_comps_1": -0.000901277233077702,
                        "multipoles.1.multipole_4.multipole_comps.multipole_comps_0": -0.002924644971527228,
                        "multipoles.1.multipole_4.multipole_comps.multipole_comps_1": 0.0036455473192046665,
                        "ellipses.ellipse_2.ell_comps.ell_comps_0": 0.0642225758278499,
                        "ellipses.ellipse_2.ell_comps.ell_comps_1": 0.09452318232626218,
                        "multipoles.2.multipole_3.multipole_comps.multipole_comps_0": 0.005491261973104083,
                        "multipoles.2.multipole_3.multipole_comps.multipole_comps_1": 0.000104499097,
                        "multipoles.2.multipole_4.multipole_comps.multipole_comps_0": 0.0031391637226,
                        "multipoles.2.multipole_4.multipole_comps.multipole_comps_1": 0.0192407577339,
                        "ellipses.ellipse_3.ell_comps.ell_comps_0": 0.07989564339069131,
                        "ellipses.ellipse_3.ell_comps.ell_comps_1": 0.10714439730973,
                        "multipoles.3.multipole_3.multipole_comps.multipole_comps_0": -6.600094012105213e-06,
                        "multipoles.3.multipole_3.multipole_comps.multipole_comps_1": -0.02898475575117,
                        "multipoles.3.multipole_4.multipole_comps.multipole_comps_0": -0.02696630327179,
                        "multipoles.3.multipole_4.multipole_comps.multipole_comps_1": 0.03405675186545031,
                        "ellipses.ellipse_4.ell_comps.ell_comps_0": 0.09504744766348,
                        "ellipses.ellipse_4.ell_comps.ell_comps_1": 0.1148484969234033,
                        "multipoles.4.multipole_3.multipole_comps.multipole_comps_0": 0.025772552110771632,
                        "multipoles.4.multipole_3.multipole_comps.multipole_comps_1": -0.05271788373136248,
                        "multipoles.4.multipole_4.multipole_comps.multipole_comps_0": -0.04320825144329054,
                        "multipoles.4.multipole_4.multipole_comps.multipole_comps_1": 0.03841961007749
                    }
                }
            }
        }
    }
}