{
    "type": "instance",
    "class_path": "autofit.non_linear.samples.summary.SamplesSummary",
    "arguments": {
        "errors_at_sigma_1": {
            "type": "list",
            "values": [
                {
                    "type": "tuple",
                    "values": [
                        0.00088039625359,
                        0.0007309817113906386
                    ]
                },
                {
                    "type": "tuple",
                    "values": [
                        0.0006952631437199999,
                        0.00066212525415
                    ]
                },
                {
                    "type": "tuple",
                    "values": [
                        0.0014615416950899997,
                        0.0053882219176395255
                    ]
                },
                {
                    "type": "tuple",
                    "values": [
                        0.0043501305489748315,
                        0.002906726879431526
                    ]
                },
                {
                    "type": "tuple",
                    "values": [
                        0.021046387299710007,
                        0.006099288033900002
                    ]
                },
                {
                    "type": "tuple",
                    "values": [
                        0.006892766434786056,
                        0.0053538563706399984
                    ]
                },
                {
                    "type": "tuple",
                    "values": [
                        0.006262568648241221,
                        0.010248120115536039
                    ]
                },
                {
                    "type": "tuple",
                    "values": [
                        0.013713861653682984,
                        0.011052537615794743
                    ]
                },
                {
                    "type": "tuple",
                    "values": [
                        0.017830630592682042,
                        0.011008601260508871
                    ]
                },
                {
                    "type": "tuple",
                    "values": [
                        0.0077898702506710785,
                        0.007802991440923852
                    ]
                },
                {
                    "type": "tuple",
                    "values": [
                        0.17996049294668182,
                        0.004520921070925221
                    ]
                },
                {
                    "type": "tuple",
                    "values": [
                        0.003094359295660626,
                        0.20534611701719999
                    ]
                }
            ]
        },
        "max_log_likelihood_sample": {
            "type": "instance",
            "class_path": "autofit.non_linear.samples.sample.Sample",
            "arguments": {
                "log_likelihood": -118.97637837609759,
                "log_prior": 0.0,
                "weight": 0.0010511724704916306,
                "kwargs": {
                    "type": "dict",
                    "arguments": {
                        "ellipses.ellipse_4.centre.centre_0": 0.00106128983081,
                        "ellipses.ellipse_4.centre.centre_1": 0.00174671264106,
                        "ellipses.ellipse_0.ell_comps.ell_comps_0": -0.00123822352051,
                        "ellipses.ellipse_0.ell_comps.ell_comps_1": -0.09311885198349,
                        "ellipses.ellipse_1.ell_comps.ell_comps_0": 0.08585721592524,
                        "ellipses.ellipse_1.ell_comps.ell_comps_1": -0.02944111398697,
                        "ellipses.ellipse_2.ell_comps.ell_comps_0": 0.1127015763116,
                        "ellipses.ellipse_2.ell_comps.ell_comps_1": -0.02868507871867,
                        "ellipses.ellipse_3.ell_comps.ell_comps_0": 0.09120159099229,
                        "ellipses.ellipse_3.ell_comps.ell_comps_1": 0.02391043705478,
                        "ellipses.ellipse_4.ell_comps.ell_comps_0": 0.25923285942234,
                        "ellipses.ellipse_4.ell_comps.ell_comps_1": -0.22996861164003
                    }
                }
            }
        },
        "median_pdf_sample": {
            "type": "instance",
            "class_path": "autofit.non_linear.samples.sample.Sample",
            "arguments": {
                "log_likelihood": -118.97637837609759,
                "log_prior": 0.0,
                "weight": 0.0010511724704916306,
                "kwargs": {
                    "type": "dict",
                    "arguments": {
                        "ellipses.ellipse_4.centre.centre_0": 0.00346548446518,
                        "ellipses.ellipse_4.centre.centre_1": 0.00258185269613,
                        "ellipses.ellipse_0.ell_comps.ell_comps_0": -0.01068117178856,
                        "ellipses.ellipse_0.ell_comps.ell_comps_1": -0.07360832660656517,
                        "ellipses.ellipse_1.ell_comps.ell_comps_0": 0.08915250632205,
                        "ellipses.ellipse_1.ell_comps.ell_comps_1": -0.03658342247542,
                        "ellipses.ellipse_2.ell_comps.ell_comps_0": 0.11054502536734122,
                        "ellipses.ellipse_2.ell_comps.ell_comps_1": -0.047298343550974745,
                        "ellipses.ellipse_3.ell_comps.ell_comps_0": 0.08704989957017205,
                        "ellipses.ellipse_3.ell_comps.ell_comps_1": 0.02471737617786,
                        "ellipses.ellipse_4.ell_comps.ell_comps_0": 0.2598342390803618,
                        "ellipses.ellipse_4.ell_comps.ell_comps_1": -0.22897663030822
                    }
                }
            }
        },
        "values_at_sigma_1": {
            "type": "list",
            "values": [
                {
                    "type": "tuple",
                    "values": [
                        0.00258508821159,
                        0.004196466176570639
                    ]
                },
                {
                    "type": "tuple",
                    "values": [
                        0.00188658955241,
                        0.00324397795028
                    ]
                },
                {
                    "type": "tuple",
                    "values": [
                        -0.01214271348365,
                        -0.0052929498709204745
                    ]
                },
                {
                    "type": "tuple",
                    "values": [
                        -0.07795845715554,
                        -0.07070159972713365
                    ]
                },
                {
                    "type": "tuple",
                    "values": [
                        0.06810611902234,
                        0.09525179435595
                    ]
                },
                {
                    "type": "tuple",
                    "values": [
                        -0.043476188910206055,
                        -0.03122956610478
                    ]
                },
                {
                    "type": "tuple",
                    "values": [
                        0.1042824567191,
                        0.12079314548287726
                    ]
                },
                {
                    "type": "tuple",
                    "values": [
                        -0.06101220520465773,
                        -0.03624580593518
                    ]
                },
                {
                    "type": "tuple",
                    "values": [
                        0.06921926897749,
                        0.09805850083068092
                    ]
                },
                {
                    "type": "tuple",
                    "values": [
                        0.016927505927188922,
                        0.03252036761878385
                    ]
                },
                {
                    "type": "tuple",
                    "values": [
                        0.07987374613368,
                        0.264355160151287
                    ]
                },
                {
                    "type": "tuple",
                    "values": [
                        -0.23207098960388062,
                        -0.02363051329102
                    ]
                }
            ]
        },
        "model": null,
        "errors_at_sigma_3": {
            "type": "list",
            "values": [
                {
                    "type": "tuple",
                    "values": [
                        0.007135483732030001,
                        0.0028647922924999996
                    ]
                },
                {
                    "type": "tuple",
                    "values": [
                        0.005949414796907946,
                        0.004511276471442039
                    ]
                },
                {
                    "type": "tuple",
                    "values": [
                        0.01220555023604,
                        0.01452558688467
                    ]
                },
                {
                    "type": "tuple",
                    "values": [
                        0.03935038304535482,
                        0.012188064011565178
                    ]
                },
                {
                    "type": "tuple",
                    "values": [
                        0.05063917701604,
                        0.027379163513182106
                    ]
                },
                {
                    "type": "tuple",
                    "values": [
                        0.036350892393739995,
                        0.0431229224908
                    ]
                },
                {
                    "type": "tuple",
                    "values": [
                        0.07082857775196122,
                        0.1002704360457921
                    ]
                },
                {
                    "type": "tuple",
                    "values": [
                        0.06825741021131815,
                        0.07741534497023475
                    ]
                },
                {
                    "type": "tuple",
                    "values": [
                        0.14669456017326302,
                        0.16348542239926794
                    ]
                },
                {
                    "type": "tuple",
                    "values": [
                        0.19785040222441,
                        0.10023289926875735
                    ]
                },
                {
                    "type": "tuple",
                    "values": [
                        0.5239382587787819,
                        0.1107476168657478
                    ]
                },
                {
                    "type": "tuple",
                    "values": [
                        0.06984704840179543,
                        0.5868991868586007
                    ]
                }
            ]
        },
        "log_evidence": -158.59892788046696,
        "values_at_sigma_3": {
            "type": "list",
            "values": [
                {
                    "type": "tuple",
                    "values": [
                        -0.00366999926685,
                        0.00633027675768
                    ]
                },
                {
                    "type": "tuple",
                    "values": [
                        -0.0033675621007779456,
                        0.007093129167572039
                    ]
                },
                {
                    "type": "tuple",
                    "values": [
                        -0.0228867220246,
                        0.00384441509611
                    ]
                },
                {
                    "type": "tuple",
                    "values": [
                        -0.11295870965192,
                        -0.061420262595
                    ]
                },
                {
                    "type": "tuple",
                    "values": [
                        0.03851332930601,
                        0.11653166983523211
                    ]
                },
                {
                    "type": "tuple",
                    "values": [
                        -0.07293431486916,
                        0.00653950001538
                    ]
                },
                {
                    "type": "tuple",
                    "values": [
                        0.03971644761538,
                        0.21081546141313331
                    ]
                },
                {
                    "type": "tuple",
                    "values": [
                        -0.11555575376229289,
                        0.03011700141926
                    ]
                },
                {
                    "type": "tuple",
                    "values": [
                        -0.059644660603090975,
                        0.25053532196944
                    ]
                },
                {
                    "type": "tuple",
                    "values": [
                        -0.17313302604655,
                        0.12495027544661735
                    ]
                },
                {
                    "type": "tuple",
                    "values": [
                        -0.26410401969842007,
                        0.3705818559461096
                    ]
                },
                {
                    "type": "tuple",
                    "values": [
                        -0.2988236787100154,
                        0.3579225565503807
                    ]
                }
            ]
        }
    }
}