{
    "type": "instance",
    "class_path": "autofit.non_linear.samples.summary.SamplesSummary",
    "arguments": {
        "errors_at_sigma_1": {
            "type": "list",
            "values": [
                {
                    "type": "tuple",
                    "values": [
                        0.0027101329340188662,
                        0.003056765655079993
                    ]
                },
                {
                    "type": "tuple",
                    "values": [
                        0.003189988994216436,
                        0.002383174953658765
                    ]
                }
            ]
        },
        "log_evidence": -29.26112717356554,
        "max_log_likelihood_sample": {
            "type": "instance",
            "class_path": "autofit.non_linear.samples.sample.Sample",
            "arguments": {
                "log_likelihood": -18.56316927689113,
                "log_prior": 0.0,
                "weight": 0.0009831725650780313,
                "kwargs": {
                    "type": "dict",
                    "arguments": {
                        "ellipses.0.ell_comps.ell_comps_0": -0.10435163275043,
                        "ellipses.0.ell_comps.ell_comps_1": 0.09701602793739
                    }
                }
            }
        },
        "values_at_sigma_1": {
            "type": "list",
            "values": [
                {
                    "type": "tuple",
                    "values": [
                        -0.10704861825033,
                        -0.10128171966123115
                    ]
                },
                {
                    "type": "tuple",
                    "values": [
                        0.0941309411171648,
                        0.09970410506504
                    ]
                }
            ]
        },
        "errors_at_sigma_3": {
            "type": "list",
            "values": [
                {
                    "type": "tuple",
                    "values": [
                        0.008468910155508866,
                        0.007926452193269429
                    ]
                },
                {
                    "type": "tuple",
                    "values": [
                        0.008784761617981238,
                        0.007719638888005836
                    ]
                }
            ]
        },
        "model": null,
        "values_at_sigma_3": {
            "type": "list",
            "values": [
                {
                    "type": "tuple",
                    "values": [
                        -0.11280739547182,
                        -0.09641203312304171
                    ]
                },
                {
                    "type": "tuple",
                    "values": [
                        0.0885361684934,
                        0.10504056899938707
                    ]
                }
            ]
        },
        "median_pdf_sample": {
            "type": "instance",
            "class_path": "autofit.non_linear.samples.sample.Sample",
            "arguments": {
                "log_likelihood": -18.56316927689113,
                "log_prior": 0.0,
                "weight": 0.0009831725650780313,
                "kwargs": {
                    "type": "dict",
                    "arguments": {
                        "ellipses.0.ell_comps.ell_comps_0": -0.10433848531631114,
                        "ellipses.0.ell_comps.ell_comps_1": 0.09732093011138124
                    }
                }
            }
        }
    }
}