{
    "type": "instance",
    "class_path": "autofit.non_linear.samples.summary.SamplesSummary",
    "arguments": {
        "values_at_sigma_1": {
            "type": "list",
            "values": [
                {
                    "type": "tuple",
                    "values": [
                        0.05220729772223458,
                        0.06702422304778
                    ]
                },
                {
                    "type": "tuple",
                    "values": [
                        -0.10320847565354,
                        -0.08718997206354821
                    ]
                },
                {
                    "type": "tuple",
                    "values": [
                        -0.040571226864752764,
                        0.025209427509661687
                    ]
                },
                {
                    "type": "tuple",
                    "values": [
                        -0.06525192916797,
                        -0.014680587674409964
                    ]
                },
                {
                    "type": "tuple",
                    "values": [
                        -0.04444800063899397,
                        0.02456088019559
                    ]
                },
                {
                    "type": "tuple",
                    "values": [
                        -0.08446297650997,
                        0.05018181776241
                    ]
                },
                {
                    "type": "tuple",
                    "values": [
                        0.04943544804916168,
                        0.09118611387408
                    ]
                },
                {
                    "type": "tuple",
                    "values": [
                        0.02132371062928795,
                        0.0868268226898
                    ]
                }
            ]
        },
        "max_log_likelihood_sample": {
            "type": "instance",
            "class_path": "autofit.non_linear.samples.sample.Sample",
            "arguments": {
                "log_likelihood": -50.94937876709239,
                "log_prior": 0.0,
                "weight": 0.0010726866128144762,
                "kwargs": {
                    "type": "dict",
                    "arguments": {
                        "ellipses.0.ell_comps.ell_comps_0": 0.06423592333084,
                        "ellipses.0.ell_comps.ell_comps_1": -0.09678319846098,
                        "multipoles.0.multipole_1.multipole_comps.multipole_comps_0": 0.00711733601243,
                        "multipoles.0.multipole_1.multipole_comps.multipole_comps_1": -0.05266776961618,
                        "multipoles.0.multipole_3.multipole_comps.multipole_comps_0": -0.03972788073708,
                        "multipoles.0.multipole_3.multipole_comps.multipole_comps_1": -0.08982885046431,
                        "multipoles.0.multipole_4.multipole_comps.multipole_comps_0": 0.05886927045984,
                        "multipoles.0.multipole_4.multipole_comps.multipole_comps_1": 0.03664775488945
                    }
                }
            }
        },
        "errors_at_sigma_1": {
            "type": "list",
            "values": [
                {
                    "type": "tuple",
                    "values": [
                        0.011110185953838433,
                        0.003706739371706985
                    ]
                },
                {
                    "type": "tuple",
                    "values": [
                        0.008246954337579937,
                        0.007771549252411844
                    ]
                },
                {
                    "type": "tuple",
                    "values": [
                        0.037367691049226395,
                        0.028412963325188056
                    ]
                },
                {
                    "type": "tuple",
                    "values": [
                        0.024118176109456387,
                        0.02645316538410365
                    ]
                },
                {
                    "type": "tuple",
                    "values": [
                        0.02940774914602397,
                        0.03960113168856
                    ]
                },
                {
                    "type": "tuple",
                    "values": [
                        0.032677708378492584,
                        0.10196708589388742
                    ]
                },
                {
                    "type": "tuple",
                    "values": [
                        0.0278189181192655,
                        0.013931747705652822
                    ]
                },
                {
                    "type": "tuple",
                    "values": [
                        0.03686492880804868,
                        0.028638183252463374
                    ]
                }
            ]
        },
        "model": null,
        "median_pdf_sample": {
            "type": "instance",
            "class_path": "autofit.non_linear.samples.sample.Sample",
            "arguments": {
                "log_likelihood": -50.94937876709239,
                "log_prior": 0.0,
                "weight": 0.0010726866128144762,
                "kwargs": {
                    "type": "dict",
                    "arguments": {
                        "ellipses.0.ell_comps.ell_comps_0": 0.06331748367607301,
                        "ellipses.0.ell_comps.ell_comps_1": -0.09496152131596006,
                        "multipoles.0.multipole_1.multipole_comps.multipole_comps_0": -0.003203535815526369,
                        "multipoles.0.multipole_1.multipole_comps.multipole_comps_1": -0.04113375305851361,
                        "multipoles.0.multipole_3.multipole_comps.multipole_comps_0": -0.01504025149297,
                        "multipoles.0.multipole_3.multipole_comps.multipole_comps_1": -0.05178526813147742,
                        "multipoles.0.multipole_4.multipole_comps.multipole_comps_0": 0.07725436616842718,
                        "multipoles.0.multipole_4.multipole_comps.multipole_comps_1": 0.05818863943733663
                    }
                }
            }
        },
        "errors_at_sigma_3": {
            "type": "list",
            "values": [
                {
                    "type": "tuple",
                    "values": [
                        0.03086604419296301,
                        0.015390213108516987
                    ]
                },
                {
                    "type": "tuple",
                    "values": [
                        0.021160636408179945,
                        0.02176145005121005
                    ]
                },
                {
                    "type": "tuple",
                    "values": [
                        0.14779828834547287,
                        0.12437795104865637
                    ]
                },
                {
                    "type": "tuple",
                    "values": [
                        0.08980866788096464,
                        0.07230210612315133
                    ]
                },
                {
                    "type": "tuple",
                    "values": [
                        0.08479890760184755,
                        0.10557222777487
                    ]
                },
                {
                    "type": "tuple",
                    "values": [
                        0.04766469983386573,
                        0.14530519920920285
                    ]
                },
                {
                    "type": "tuple",
                    "values": [
                        0.12500160936585442,
                        0.022433799020332823
                    ]
                },
                {
                    "type": "tuple",
                    "values": [
                        0.1439865978374498,
                        0.041168416501248924
                    ]
                }
            ]
        },
        "log_evidence": -71.0891706924946,
        "values_at_sigma_3": {
            "type": "list",
            "values": [
                {
                    "type": "tuple",
                    "values": [
                        0.03245143948311,
                        0.07870769678459
                    ]
                },
                {
                    "type": "tuple",
                    "values": [
                        -0.11612215772414,
                        -0.07320007126475
                    ]
                },
                {
                    "type": "tuple",
                    "values": [
                        -0.15100182416099925,
                        0.12117441523313
                    ]
                },
                {
                    "type": "tuple",
                    "values": [
                        -0.13094242093947825,
                        0.03116835306463772
                    ]
                },
                {
                    "type": "tuple",
                    "values": [
                        -0.09983915909481755,
                        0.0905319762819
                    ]
                },
                {
                    "type": "tuple",
                    "values": [
                        -0.09944996796534315,
                        0.09351993107772542
                    ]
                },
                {
                    "type": "tuple",
                    "values": [
                        -0.04774724319742725,
                        0.09968816518876
                    ]
                },
                {
                    "type": "tuple",
                    "values": [
                        -0.08579795840011317,
                        0.09935705593858556
                    ]
                }
            ]
        }
    }
}