{
    "type": "instance",
    "class_path": "autofit.non_linear.samples.summary.SamplesSummary",
    "arguments": {
        "log_evidence": -39.769236348536815,
        "max_log_likelihood_sample": {
            "type": "instance",
            "class_path": "autofit.non_linear.samples.sample.Sample",
            "arguments": {
                "log_likelihood": -22.912304611595196,
                "log_prior": 0.0,
                "weight": 0.0010463044049069158,
                "kwargs": {
                    "type": "dict",
                    "arguments": {
                        "ellipses.0.ell_comps.ell_comps_0": 0.01913248551204,
                        "ellipses.0.ell_comps.ell_comps_1": 0.00681346143272,
                        "multipoles.0.multipole_3.multipole_comps.multipole_comps_0": 0.00108585830606,
                        "multipoles.0.multipole_3.multipole_comps.multipole_comps_1": 0.01678381802092,
                        "multipoles.0.multipole_4.multipole_comps.multipole_comps_0": -0.00724202845659,
                        "multipoles.0.multipole_4.multipole_comps.multipole_comps_1": -0.00130782841788
                    }
                }
            }
        },
        "errors_at_sigma_1": {
            "type": "list",
            "values": [
                {
                    "type": "tuple",
                    "values": [
                        0.006976978709559999,
                        0.010106433586449998
                    ]
                },
                {
                    "type": "tuple",
                    "values": [
                        0.011452248135881221,
                        0.006387751108812538
                    ]
                },
                {
                    "type": "tuple",
                    "values": [
                        0.013280342019046671,
                        0.011599229711629138
                    ]
                },
                {
                    "type": "tuple",
                    "values": [
                        0.01083900821574432,
                        0.00782511971367112
                    ]
                },
                {
                    "type": "tuple",
                    "values": [
                        0.012821264986089187,
                        0.01950878141691463
                    ]
                },
                {
                    "type": "tuple",
                    "values": [
                        0.01150105856683,
                        0.01335813328285691
                    ]
                }
            ]
        },
        "values_at_sigma_1": {
            "type": "list",
            "values": [
                {
                    "type": "tuple",
                    "values": [
                        0.01817414070405,
                        0.03525755300006
                    ]
                },
                {
                    "type": "tuple",
                    "values": [
                        -0.00678891108683,
                        0.011051088157863759
                    ]
                },
                {
                    "type": "tuple",
                    "values": [
                        -0.01580370088726073,
                        0.009075870843415079
                    ]
                },
                {
                    "type": "tuple",
                    "values": [
                        0.00537880338055568,
                        0.02404293130997112
                    ]
                },
                {
                    "type": "tuple",
                    "values": [
                        -0.009214777015223817,
                        0.02311526938778
                    ]
                },
                {
                    "type": "tuple",
                    "values": [
                        -0.01271929597266,
                        0.012139895877026909
                    ]
                }
            ]
        },
        "values_at_sigma_3": {
            "type": "list",
            "values": [
                {
                    "type": "tuple",
                    "values": [
                        0.00736671581593,
                        0.053582548579303
                    ]
                },
                {
                    "type": "tuple",
                    "values": [
                        -0.027073170413421086,
                        0.02458853895933
                    ]
                },
                {
                    "type": "tuple",
                    "values": [
                        -0.03642477836299698,
                        0.02823391224617671
                    ]
                },
                {
                    "type": "tuple",
                    "values": [
                        -0.01678496251092576,
                        0.042127814598787734
                    ]
                },
                {
                    "type": "tuple",
                    "values": [
                        -0.029477038530797722,
                        0.049935178504959335
                    ]
                },
                {
                    "type": "tuple",
                    "values": [
                        -0.03404200472202282,
                        0.029953300370058684
                    ]
                }
            ]
        },
        "model": null,
        "median_pdf_sample": {
            "type": "instance",
            "class_path": "autofit.non_linear.samples.sample.Sample",
            "arguments": {
                "log_likelihood": -22.912304611595196,
                "log_prior": 0.0,
                "weight": 0.0010463044049069158,
                "kwargs": {
                    "type": "dict",
                    "arguments": {
                        "ellipses.0.ell_comps.ell_comps_0": 0.02515111941361,
                        "ellipses.0.ell_comps.ell_comps_1": 0.0046633370490512215,
                        "multipoles.0.multipole_3.multipole_comps.multipole_comps_0": -0.002523358868214059,
                        "multipoles.0.multipole_3.multipole_comps.multipole_comps_1": 0.0162178115963,
                        "multipoles.0.multipole_4.multipole_comps.multipole_comps_0": 0.0036064879708653697,
                        "multipoles.0.multipole_4.multipole_comps.multipole_comps_1": -0.00121823740583
                    }
                }
            }
        },
        "errors_at_sigma_3": {
            "type": "list",
            "values": [
                {
                    "type": "tuple",
                    "values": [
                        0.01778440359768,
                        0.028431429165693002
                    ]
                },
                {
                    "type": "tuple",
                    "values": [
                        0.03173650746247231,
                        0.01992520191027878
                    ]
                },
                {
                    "type": "tuple",
                    "values": [
                        0.03390141949478292,
                        0.03075727111439077
                    ]
                },
                {
                    "type": "tuple",
                    "values": [
                        0.03300277410722576,
                        0.025910003002487733
                    ]
                },
                {
                    "type": "tuple",
                    "values": [
                        0.033083526501663095,
                        0.04632869053409396
                    ]
                },
                {
                    "type": "tuple",
                    "values": [
                        0.03282376731619282,
                        0.031171537775888682
                    ]
                }
            ]
        }
    }
}