{
    "type": "instance",
    "class_path": "autofit.non_linear.samples.summary.SamplesSummary",
    "arguments": {
        "values_at_sigma_1": {
            "type": "list",
            "values": [
                {
                    "type": "tuple",
                    "values": [
                        -0.01264014266996,
                        -0.0025863538179099594
                    ]
                },
                {
                    "type": "tuple",
                    "values": [
                        -0.00578745905405,
                        0.01809645833377
                    ]
                },
                {
                    "type": "tuple",
                    "values": [
                        -0.02131180890923,
                        0.006600747770655459
                    ]
                },
                {
                    "type": "tuple",
                    "values": [
                        -0.006116822209473589,
                        0.01511030129874
                    ]
                },
                {
                    "type": "tuple",
                    "values": [
                        -0.09146948389289568,
                        0.03736196274155179
                    ]
                },
                {
                    "type": "tuple",
                    "values": [
                        -0.09145324311779308,
                        0.08845741360734402
                    ]
                }
            ]
        },
        "log_evidence": -63.638303967150605,
        "values_at_sigma_3": {
            "type": "list",
            "values": [
                {
                    "type": "tuple",
                    "values": [
                        -0.019818354105906277,
                        0.0027631511752161395
                    ]
                },
                {
                    "type": "tuple",
                    "values": [
                        -0.01945160757053,
                        0.02259635791558
                    ]
                },
                {
                    "type": "tuple",
                    "values": [
                        -0.054215641829262265,
                        0.027551956761042395
                    ]
                },
                {
                    "type": "tuple",
                    "values": [
                        -0.02386129107486163,
                        0.04019020087889347
                    ]
                },
                {
                    "type": "tuple",
                    "values": [
                        -0.09986998678416,
                        0.09951204793265
                    ]
                },
                {
                    "type": "tuple",
                    "values": [
                        -0.09985173753979937,
                        0.09996660214927
                    ]
                }
            ]
        },
        "model": null,
        "max_log_likelihood_sample": {
            "type": "instance",
            "class_path": "autofit.non_linear.samples.sample.Sample",
            "arguments": {
                "log_likelihood": -42.603143309626496,
                "log_prior": 0.0,
                "weight": 0.0010457662564064092,
                "kwargs": {
                    "type": "dict",
                    "arguments": {
                        "ellipses.0.ell_comps.ell_comps_0": -0.0103800657315,
                        "ellipses.0.ell_comps.ell_comps_1": -0.00445587552027,
                        "multipoles.0.multipole_3.multipole_comps.multipole_comps_0": -0.01859351003506,
                        "multipoles.0.multipole_3.multipole_comps.multipole_comps_1": 0.00304503951828,
                        "multipoles.0.multipole_4.multipole_comps.multipole_comps_0": -0.09720827755444,
                        "multipoles.0.multipole_4.multipole_comps.multipole_comps_1": -0.09671810348684
                    }
                }
            }
        },
        "errors_at_sigma_1": {
            "type": "list",
            "values": [
                {
                    "type": "tuple",
                    "values": [
                        0.0038612699332785574,
                        0.0061925189187714835
                    ]
                },
                {
                    "type": "tuple",
                    "values": [
                        0.01103394316223,
                        0.012849974225590002
                    ]
                },
                {
                    "type": "tuple",
                    "values": [
                        0.015229987269283575,
                        0.012682569410601884
                    ]
                },
                {
                    "type": "tuple",
                    "values": [
                        0.009839652000571941,
                        0.011387471507641647
                    ]
                },
                {
                    "type": "tuple",
                    "values": [
                        0.0930486621285315,
                        0.035782784505915974
                    ]
                },
                {
                    "type": "tuple",
                    "values": [
                        0.1080633348321137,
                        0.07184732189302341
                    ]
                }
            ]
        },
        "median_pdf_sample": {
            "type": "instance",
            "class_path": "autofit.non_linear.samples.sample.Sample",
            "arguments": {
                "log_likelihood": -42.603143309626496,
                "log_prior": 0.0,
                "weight": 0.0010457662564064092,
                "kwargs": {
                    "type": "dict",
                    "arguments": {
                        "ellipses.0.ell_comps.ell_comps_0": -0.008778872736681443,
                        "ellipses.0.ell_comps.ell_comps_1": 0.00524648410818,
                        "multipoles.0.multipole_3.multipole_comps.multipole_comps_0": -0.006081821639946423,
                        "multipoles.0.multipole_3.multipole_comps.multipole_comps_1": 0.0037228297910983517,
                        "multipoles.0.multipole_4.multipole_comps.multipole_comps_0": 0.001579178235635817,
                        "multipoles.0.multipole_4.multipole_comps.multipole_comps_1": 0.016610091714320614
                    }
                }
            }
        },
        "errors_at_sigma_3": {
            "type": "list",
            "values": [
                {
                    "type": "tuple",
                    "values": [
                        0.011039481369224833,
                        0.011542023911897584
                    ]
                },
                {
                    "type": "tuple",
                    "values": [
                        0.02469809167871,
                        0.017349873807400003
                    ]
                },
                {
                    "type": "tuple",
                    "values": [
                        0.04813382018931584,
                        0.033633778400988815
                    ]
                },
                {
                    "type": "tuple",
                    "values": [
                        0.02758412086595998,
                        0.03646737108779512
                    ]
                },
                {
                    "type": "tuple",
                    "values": [
                        0.10144916501979581,
                        0.09793286969701419
                    ]
                },
                {
                    "type": "tuple",
                    "values": [
                        0.11646182925411998,
                        0.08335651043494939
                    ]
                }
            ]
        }
    }
}