{
    "type": "instance",
    "class_path": "autofit.non_linear.samples.summary.SamplesSummary",
    "arguments": {
        "log_evidence": -92.34446907017876,
        "errors_at_sigma_1": {
            "type": "list",
            "values": [
                {
                    "type": "tuple",
                    "values": [
                        0.0016811381072744935,
                        0.001078603042489995
                    ]
                },
                {
                    "type": "tuple",
                    "values": [
                        0.002408603495715353,
                        0.0031027217727773587
                    ]
                },
                {
                    "type": "tuple",
                    "values": [
                        0.011889912589239425,
                        0.009559477433245811
                    ]
                },
                {
                    "type": "tuple",
                    "values": [
                        0.008129388413045488,
                        0.008073840687023555
                    ]
                },
                {
                    "type": "tuple",
                    "values": [
                        0.009950889090586827,
                        0.013387692208973172
                    ]
                },
                {
                    "type": "tuple",
                    "values": [
                        0.013399906419525289,
                        0.008745679942795615
                    ]
                }
            ]
        },
        "values_at_sigma_1": {
            "type": "list",
            "values": [
                {
                    "type": "tuple",
                    "values": [
                        0.09593492992201551,
                        0.09869467107178
                    ]
                },
                {
                    "type": "tuple",
                    "values": [
                        0.12210716526931464,
                        0.12761849053780736
                    ]
                },
                {
                    "type": "tuple",
                    "values": [
                        -0.024381303634916824,
                        -0.002931913612431587
                    ]
                },
                {
                    "type": "tuple",
                    "values": [
                        -0.06062596726211,
                        -0.04442273816204096
                    ]
                },
                {
                    "type": "tuple",
                    "values": [
                        -0.05234027153227,
                        -0.02900169023271
                    ]
                },
                {
                    "type": "tuple",
                    "values": [
                        -0.0002257475357,
                        0.021919838826620904
                    ]
                }
            ]
        },
        "max_log_likelihood_sample": {
            "type": "instance",
            "class_path": "autofit.non_linear.samples.sample.Sample",
            "arguments": {
                "log_likelihood": -72.0253767265533,
                "log_prior": 0.0,
                "weight": 0.0009671947758893595,
                "kwargs": {
                    "type": "dict",
                    "arguments": {
                        "ellipses.0.ell_comps.ell_comps_0": 0.09806956792319,
                        "ellipses.0.ell_comps.ell_comps_1": 0.12456589944274,
                        "multipoles.0.multipole_3.multipole_comps.multipole_comps_0": -0.0110107766631,
                        "multipoles.0.multipole_3.multipole_comps.multipole_comps_1": -0.05296323791945,
                        "multipoles.0.multipole_4.multipole_comps.multipole_comps_0": -0.04406865026601,
                        "multipoles.0.multipole_4.multipole_comps.multipole_comps_1": 0.01308081321867
                    }
                }
            }
        },
        "model": null,
        "values_at_sigma_3": {
            "type": "list",
            "values": [
                {
                    "type": "tuple",
                    "values": [
                        0.09076833160155,
                        0.10364174551911
                    ]
                },
                {
                    "type": "tuple",
                    "values": [
                        0.11683781406123869,
                        0.13386664943754
                    ]
                },
                {
                    "type": "tuple",
                    "values": [
                        -0.05114480972850336,
                        0.01760822542588
                    ]
                },
                {
                    "type": "tuple",
                    "values": [
                        -0.07865188772885,
                        -0.03124270838369165
                    ]
                },
                {
                    "type": "tuple",
                    "values": [
                        -0.0764833074855576,
                        -0.00387754339517
                    ]
                },
                {
                    "type": "tuple",
                    "values": [
                        -0.02457879427085,
                        0.03951474949738443
                    ]
                }
            ]
        },
        "errors_at_sigma_3": {
            "type": "list",
            "values": [
                {
                    "type": "tuple",
                    "values": [
                        0.006847736427740003,
                        0.006025677489819997
                    ]
                },
                {
                    "type": "tuple",
                    "values": [
                        0.007677954703791304,
                        0.009350880672510012
                    ]
                },
                {
                    "type": "tuple",
                    "values": [
                        0.038653418682825964,
                        0.0300996164715574
                    ]
                },
                {
                    "type": "tuple",
                    "values": [
                        0.026155308879785483,
                        0.021253870465372866
                    ]
                },
                {
                    "type": "tuple",
                    "values": [
                        0.03409392504387442,
                        0.038511839046513174
                    ]
                },
                {
                    "type": "tuple",
                    "values": [
                        0.03775295315467529,
                        0.026340590613559138
                    ]
                }
            ]
        },
        "median_pdf_sample": {
            "type": "instance",
            "class_path": "autofit.non_linear.samples.sample.Sample",
            "arguments": {
                "log_likelihood": -72.0253767265533,
                "log_prior": 0.0,
                "weight": 0.0009671947758893595,
                "kwargs": {
                    "type": "dict",
                    "arguments": {
                        "ellipses.0.ell_comps.ell_comps_0": 0.09761606802929,
                        "ellipses.0.ell_comps.ell_comps_1": 0.12451576876503,
                        "multipoles.0.multipole_3.multipole_comps.multipole_comps_0": -0.012491391045677399,
                        "multipoles.0.multipole_3.multipole_comps.multipole_comps_1": -0.052496578849064515,
                        "multipoles.0.multipole_4.multipole_comps.multipole_comps_0": -0.04238938244168317,
                        "multipoles.0.multipole_4.multipole_comps.multipole_comps_1": 0.013174158883825289
                    }
                }
            }
        }
    }
}