{
    "type": "instance",
    "class_path": "autofit.non_linear.samples.summary.SamplesSummary",
    "arguments": {
        "model": null,
        "errors_at_sigma_1": {
            "type": "list",
            "values": [
                {
                    "type": "tuple",
                    "values": [
                        0.0012192776975838968,
                        0.00534806673540803
                    ]
                },
                {
                    "type": "tuple",
                    "values": [
                        0.0015166032676077069,
                        0.0028681396595181827
                    ]
                },
                {
                    "type": "tuple",
                    "values": [
                        0.06349811337198,
                        0.0032766040524921346
                    ]
                },
                {
                    "type": "tuple",
                    "values": [
                        0.0044996313690642276,
                        0.004631121398675775
                    ]
                },
                {
                    "type": "tuple",
                    "values": [
                        0.01388299677948,
                        0.0013244819154299998
                    ]
                },
                {
                    "type": "tuple",
                    "values": [
                        0.006485620811968946,
                        0.000662497935136612
                    ]
                },
                {
                    "type": "tuple",
                    "values": [
                        0.0008248750516534533,
                        0.009527810815791593
                    ]
                },
                {
                    "type": "tuple",
                    "values": [
                        0.01163059967415,
                        0.0023891854279199996
                    ]
                },
                {
                    "type": "tuple",
                    "values": [
                        0.020586021560690747,
                        0.005567626439586916
                    ]
                },
                {
                    "type": "tuple",
                    "values": [
                        0.005065780894834511,
                        0.011771028175670765
                    ]
                },
                {
                    "type": "tuple",
                    "values": [
                        0.0021304846571703825,
                        0.00685792473183984
                    ]
                },
                {
                    "type": "tuple",
                    "values": [
                        0.018789086339134967,
                        0.0023081309632691886
                    ]
                },
                {
                    "type": "tuple",
                    "values": [
                        0.001829822921226393,
                        0.00519608418773
                    ]
                },
                {
                    "type": "tuple",
                    "values": [
                        0.04269844143513124,
                        0.005386813239261063
                    ]
                },
                {
                    "type": "tuple",
                    "values": [
                        0.05185479607258757,
                        0.004835676924202281
                    ]
                },
                {
                    "type": "tuple",
                    "values": [
                        0.04587169362005772,
                        0.03071849639191121
                    ]
                },
                {
                    "type": "tuple",
                    "values": [
                        0.08809001465445948,
                        0.004868227416567568
                    ]
                },
                {
                    "type": "tuple",
                    "values": [
                        0.003489065611847128,
                        0.033309978160101034
                    ]
                },
                {
                    "type": "tuple",
                    "values": [
                        0.008337393329356782,
                        0.017518141426993403
                    ]
                },
                {
                    "type": "tuple",
                    "values": [
                        0.0038633610696218526,
                        0.014402952478429994
                    ]
                },
                {
                    "type": "tuple",
                    "values": [
                        0.0020571561321766907,
                        0.0983956609063933
                    ]
                },
                {
                    "type": "tuple",
                    "values": [
                        0.0021700415914011548,
                        0.0039013743222651096
                    ]
                },
                {
                    "type": "tuple",
                    "values": [
                        0.08682569204831875,
                        0.004663661394573471
                    ]
                },
                {
                    "type": "tuple",
                    "values": [
                        0.009789099053891005,
                        0.006973087818242095
                    ]
                },
                {
                    "type": "tuple",
                    "values": [
                        0.006968269173010355,
                        0.13023461064988406
                    ]
                },
                {
                    "type": "tuple",
                    "values": [
                        0.002167299241347606,
                        0.0034344223636623935
                    ]
                },
                {
                    "type": "tuple",
                    "values": [
                        0.0037001802546477863,
                        0.24990061951627973
                    ]
                },
                {
                    "type": "tuple",
                    "values": [
                        0.12569230808700085,
                        0.0024763365710391283
                    ]
                },
                {
                    "type": "tuple",
                    "values": [
                        0.04470911074132841,
                        0.005483780302639416
                    ]
                },
                {
                    "type": "tuple",
                    "values": [
                        0.008698459419409998,
                        0.0332709836522235
                    ]
                },
                {
                    "type": "tuple",
                    "values": [
                        0.021931035362439233,
                        0.0028833868532011087
                    ]
                },
                {
                    "type": "tuple",
                    "values": [
                        0.0073562980027851175,
                        0.007755124358694587
                    ]
                }
            ]
        },
        "values_at_sigma_1": {
            "type": "list",
            "values": [
                {
                    "type": "tuple",
                    "values": [
                        -0.003770270859491927,
                        0.0027970735735
                    ]
                },
                {
                    "type": "tuple",
                    "values": [
                        -0.008130023372216603,
                        -0.0037452804450907136
                    ]
                },
                {
                    "type": "tuple",
                    "values": [
                        -0.0447004173709,
                        0.022074300053572134
                    ]
                },
                {
                    "type": "tuple",
                    "values": [
                        0.06065193177276,
                        0.0697826845405
                    ]
                },
                {
                    "type": "tuple",
                    "values": [
                        -0.0086683332155,
                        0.00653914547941
                    ]
                },
                {
                    "type": "tuple",
                    "values": [
                        0.003592219588511053,
                        0.010740338335616611
                    ]
                },
                {
                    "type": "tuple",
                    "values": [
                        -0.013853483056875046,
                        -0.00350079718943
                    ]
                },
                {
                    "type": "tuple",
                    "values": [
                        -0.00979510674362,
                        0.00422467835845
                    ]
                },
                {
                    "type": "tuple",
                    "values": [
                        -0.011994575272938821,
                        0.01415907272733884
                    ]
                },
                {
                    "type": "tuple",
                    "values": [
                        0.04767133704327299,
                        0.06450814611377827
                    ]
                },
                {
                    "type": "tuple",
                    "values": [
                        -0.01941657414121,
                        -0.010428164752199778
                    ]
                },
                {
                    "type": "tuple",
                    "values": [
                        0.00066718877234,
                        0.021764406074744155
                    ]
                },
                {
                    "type": "tuple",
                    "values": [
                        -0.007246037983696393,
                        -0.00022013087474
                    ]
                },
                {
                    "type": "tuple",
                    "values": [
                        -0.01424537894403,
                        0.033839875730362304
                    ]
                },
                {
                    "type": "tuple",
                    "values": [
                        -0.06955160477801242,
                        -0.01286113178122257
                    ]
                },
                {
                    "type": "tuple",
                    "values": [
                        0.11436347332682106,
                        0.19095366333879
                    ]
                },
                {
                    "type": "tuple",
                    "values": [
                        -0.07436981285787705,
                        0.01858842921315
                    ]
                },
                {
                    "type": "tuple",
                    "values": [
                        -0.04099044172911,
                        -0.004191397957161835
                    ]
                },
                {
                    "type": "tuple",
                    "values": [
                        0.0032071277227598157,
                        0.02906266247911
                    ]
                },
                {
                    "type": "tuple",
                    "values": [
                        -0.06303382482230593,
                        -0.04476751127425409
                    ]
                },
                {
                    "type": "tuple",
                    "values": [
                        0.03708188361853,
                        0.1375347006571
                    ]
                },
                {
                    "type": "tuple",
                    "values": [
                        0.05600559913093279,
                        0.06207701504459905
                    ]
                },
                {
                    "type": "tuple",
                    "values": [
                        -0.013584405819918745,
                        0.07790494762297347
                    ]
                },
                {
                    "type": "tuple",
                    "values": [
                        -0.04106106831171587,
                        -0.024298881439582767
                    ]
                },
                {
                    "type": "tuple",
                    "values": [
                        -0.08717254787927099,
                        0.05003033194362343
                    ]
                },
                {
                    "type": "tuple",
                    "values": [
                        0.00068647673349,
                        0.0062881983385
                    ]
                },
                {
                    "type": "tuple",
                    "values": [
                        -0.10991531333273061,
                        0.1436854864381969
                    ]
                },
                {
                    "type": "tuple",
                    "values": [
                        -0.00290015841834,
                        0.1252684862397
                    ]
                },
                {
                    "type": "tuple",
                    "values": [
                        -0.02964525731769,
                        0.020547633726277825
                    ]
                },
                {
                    "type": "tuple",
                    "values": [
                        -0.09607808880751,
                        -0.054108645735876496
                    ]
                },
                {
                    "type": "tuple",
                    "values": [
                        0.010433040583299658,
                        0.03524746279894
                    ]
                },
                {
                    "type": "tuple",
                    "values": [
                        0.00336554549687,
                        0.018476967858349704
                    ]
                }
            ]
        },
        "values_at_sigma_3": {
            "type": "list",
            "values": [
                {
                    "type": "tuple",
                    "values": [
                        -0.006918123264754898,
                        0.007597368294096081
                    ]
                },
                {
                    "type": "tuple",
                    "values": [
                        -0.009977790470482098,
                        0.004105114618326912
                    ]
                },
                {
                    "type": "tuple",
                    "values": [
                        -0.05723411498242,
                        0.0356514578915
                    ]
                },
                {
                    "type": "tuple",
                    "values": [
                        0.04021303660103,
                        0.08549458700920355
                    ]
                },
                {
                    "type": "tuple",
                    "values": [
                        -0.01217951574386886,
                        0.007766207458012171
                    ]
                },
                {
                    "type": "tuple",
                    "values": [
                        -0.0018213460883,
                        0.012979236670381386
                    ]
                },
                {
                    "type": "tuple",
                    "values": [
                        -0.016168051493838032,
                        0.00036624639976
                    ]
                },
                {
                    "type": "tuple",
                    "values": [
                        -0.015019697686673661,
                        0.00799693331011
                    ]
                },
                {
                    "type": "tuple",
                    "values": [
                        -0.02232461504093,
                        0.04131233966326
                    ]
                },
                {
                    "type": "tuple",
                    "values": [
                        0.03714371121248,
                        0.09545248333403
                    ]
                },
                {
                    "type": "tuple",
                    "values": [
                        -0.02755157199369769,
                        0.0006221849821599712
                    ]
                },
                {
                    "type": "tuple",
                    "values": [
                        -0.03040483001453,
                        0.026305547530564792
                    ]
                },
                {
                    "type": "tuple",
                    "values": [
                        -0.02217659105643838,
                        0.032479284408110896
                    ]
                },
                {
                    "type": "tuple",
                    "values": [
                        -0.02458835903971,
                        0.03809888677091772
                    ]
                },
                {
                    "type": "tuple",
                    "values": [
                        -0.0930220789914,
                        0.01158319519821
                    ]
                },
                {
                    "type": "tuple",
                    "values": [
                        0.0007330028094387414,
                        0.206878459596663
                    ]
                },
                {
                    "type": "tuple",
                    "values": [
                        -0.09943990013286,
                        0.06256834981027
                    ]
                },
                {
                    "type": "tuple",
                    "values": [
                        -0.08253423276563,
                        0.013937577376153969
                    ]
                },
                {
                    "type": "tuple",
                    "values": [
                        -0.05606743091715,
                        0.05031504278214
                    ]
                },
                {
                    "type": "tuple",
                    "values": [
                        -0.07113699630448934,
                        0.00518727677772
                    ]
                },
                {
                    "type": "tuple",
                    "values": [
                        0.009523253346513667,
                        0.14659198802054
                    ]
                },
                {
                    "type": "tuple",
                    "values": [
                        0.04735776760529,
                        0.10712575278619968
                    ]
                },
                {
                    "type": "tuple",
                    "values": [
                        -0.029190341844851087,
                        0.08442461061764024
                    ]
                },
                {
                    "type": "tuple",
                    "values": [
                        -0.06026113794253105,
                        0.01440252999204897
                    ]
                },
                {
                    "type": "tuple",
                    "values": [
                        -0.09518269199837326,
                        0.07012498016238941
                    ]
                },
                {
                    "type": "tuple",
                    "values": [
                        -0.018779045372111447,
                        0.025285794037096375
                    ]
                },
                {
                    "type": "tuple",
                    "values": [
                        -0.1262494490870824,
                        0.15054683096169919
                    ]
                },
                {
                    "type": "tuple",
                    "values": [
                        -0.08410938028921755,
                        0.20920064926666
                    ]
                },
                {
                    "type": "tuple",
                    "values": [
                        -0.04895026485585,
                        0.06757278328801
                    ]
                },
                {
                    "type": "tuple",
                    "values": [
                        -0.09987268284738,
                        -0.03711603574818
                    ]
                },
                {
                    "type": "tuple",
                    "values": [
                        0.0012680954360147427,
                        0.06465718208245559
                    ]
                },
                {
                    "type": "tuple",
                    "values": [
                        -0.055808281071133774,
                        0.030409767882477436
                    ]
                }
            ]
        },
        "log_evidence": -168.83254722373897,
        "errors_at_sigma_3": {
            "type": "list",
            "values": [
                {
                    "type": "tuple",
                    "values": [
                        0.004367130102846868,
                        0.010148361456004111
                    ]
                },
                {
                    "type": "tuple",
                    "values": [
                        0.0033643703658732017,
                        0.010718534722935808
                    ]
                },
                {
                    "type": "tuple",
                    "values": [
                        0.07603181098350001,
                        0.016853761890420003
                    ]
                },
                {
                    "type": "tuple",
                    "values": [
                        0.02493852654079423,
                        0.020343023867379323
                    ]
                },
                {
                    "type": "tuple",
                    "values": [
                        0.01739417930784886,
                        0.002551543894032171
                    ]
                },
                {
                    "type": "tuple",
                    "values": [
                        0.01189918648878,
                        0.0029013962699013865
                    ]
                },
                {
                    "type": "tuple",
                    "values": [
                        0.0031394434886164394,
                        0.013394854404981593
                    ]
                },
                {
                    "type": "tuple",
                    "values": [
                        0.016855190617203662,
                        0.00616144037958
                    ]
                },
                {
                    "type": "tuple",
                    "values": [
                        0.030916061328681924,
                        0.03272089337550808
                    ]
                },
                {
                    "type": "tuple",
                    "values": [
                        0.0155934067256275,
                        0.0427153653959225
                    ]
                },
                {
                    "type": "tuple",
                    "values": [
                        0.010265482509658072,
                        0.01790827446619959
                    ]
                },
                {
                    "type": "tuple",
                    "values": [
                        0.049861105126004966,
                        0.006849272419089825
                    ]
                },
                {
                    "type": "tuple",
                    "values": [
                        0.01676037599396838,
                        0.03789549947058089
                    ]
                },
                {
                    "type": "tuple",
                    "values": [
                        0.05304142153081124,
                        0.009645824279816476
                    ]
                },
                {
                    "type": "tuple",
                    "values": [
                        0.07532527028597515,
                        0.029280003903634853
                    ]
                },
                {
                    "type": "tuple",
                    "values": [
                        0.15950216413744003,
                        0.04664329264978423
                    ]
                },
                {
                    "type": "tuple",
                    "values": [
                        0.11316010192944242,
                        0.048848148013687566
                    ]
                },
                {
                    "type": "tuple",
                    "values": [
                        0.045032856648367134,
                        0.05143895349341684
                    ]
                },
                {
                    "type": "tuple",
                    "values": [
                        0.0676119519692666,
                        0.038770521730023405
                    ]
                },
                {
                    "type": "tuple",
                    "values": [
                        0.011966532551805263,
                        0.06435774053040408
                    ]
                },
                {
                    "type": "tuple",
                    "values": [
                        0.029615786404193024,
                        0.1074529482698333
                    ]
                },
                {
                    "type": "tuple",
                    "values": [
                        0.010817873117043943,
                        0.048950112063865736
                    ]
                },
                {
                    "type": "tuple",
                    "values": [
                        0.10243162807325108,
                        0.011183324389240246
                    ]
                },
                {
                    "type": "tuple",
                    "values": [
                        0.02898916868470619,
                        0.04567449924987383
                    ]
                },
                {
                    "type": "tuple",
                    "values": [
                        0.014978413292112622,
                        0.15032925886865006
                    ]
                },
                {
                    "type": "tuple",
                    "values": [
                        0.021632821346949053,
                        0.02243201806225877
                    ]
                },
                {
                    "type": "tuple",
                    "values": [
                        0.02003431600899959,
                        0.256761964039782
                    ]
                },
                {
                    "type": "tuple",
                    "values": [
                        0.20690152995787842,
                        0.08640849959799912
                    ]
                },
                {
                    "type": "tuple",
                    "values": [
                        0.06401411827948841,
                        0.05250892986437159
                    ]
                },
                {
                    "type": "tuple",
                    "values": [
                        0.012493053459280007,
                        0.050263593639919994
                    ]
                },
                {
                    "type": "tuple",
                    "values": [
                        0.031095980509724147,
                        0.0322931061367167
                    ]
                },
                {
                    "type": "tuple",
                    "values": [
                        0.06653012457078888,
                        0.019687924382822318
                    ]
                }
            ]
        },
        "max_log_likelihood_sample": {
            "type": "instance",
            "class_path": "autofit.non_linear.samples.sample.Sample",
            "arguments": {
                "log_likelihood": -123.49335011517356,
                "log_prior": 0.0,
                "weight": 0.0010727148912395188,
                "kwargs": {
                    "type": "dict",
                    "arguments": {
                        "ellipses.ellipse_4.centre.centre_0": -0.002258569382,
                        "ellipses.ellipse_4.centre.centre_1": -0.00615427690645,
                        "ellipses.ellipse_0.ell_comps.ell_comps_0": 0.02353842589388,
                        "ellipses.ellipse_0.ell_comps.ell_comps_1": 0.06512042760131,
                        "multipoles.0.multipole_3.multipole_comps.multipole_comps_0": 0.00639980036365,
                        "multipoles.0.multipole_3.multipole_comps.multipole_comps_1": 0.00986094444421,
                        "multipoles.0.multipole_4.multipole_comps.multipole_comps_0": -0.01516897609831,
                        "multipoles.0.multipole_4.multipole_comps.multipole_comps_1": 0.00398113246318,
                        "ellipses.ellipse_1.ell_comps.ell_comps_0": 0.01228034329337,
                        "ellipses.ellipse_1.ell_comps.ell_comps_1": 0.04446696159389,
                        "multipoles.1.multipole_3.multipole_comps.multipole_comps_0": -0.01632820286654,
                        "multipoles.1.multipole_3.multipole_comps.multipole_comps_1": 0.01906905645908,
                        "multipoles.1.multipole_4.multipole_comps.multipole_comps_0": -0.00570543983115,
                        "multipoles.1.multipole_4.multipole_comps.multipole_comps_1": 0.03085900600553,
                        "ellipses.ellipse_2.ell_comps.ell_comps_0": -0.00975333305749,
                        "ellipses.ellipse_2.ell_comps.ell_comps_1": 0.16049883894806,
                        "multipoles.2.multipole_3.multipole_comps.multipole_comps_0": 0.01476365538426,
                        "multipoles.2.multipole_3.multipole_comps.multipole_comps_1": -0.03883060197149,
                        "multipoles.2.multipole_4.multipole_comps.multipole_comps_0": 0.00142259547125,
                        "multipoles.2.multipole_4.multipole_comps.multipole_comps_1": -0.06348227964488,
                        "ellipses.ellipse_3.ell_comps.ell_comps_0": 0.03989942110399,
                        "ellipses.ellipse_3.ell_comps.ell_comps_1": 0.05712958589344,
                        "multipoles.3.multipole_3.multipole_comps.multipole_comps_0": 0.07123267446756,
                        "multipoles.3.multipole_3.multipole_comps.multipole_comps_1": -0.02312072526368,
                        "multipoles.3.multipole_4.multipole_comps.multipole_comps_0": -0.09036555832071,
                        "multipoles.3.multipole_4.multipole_comps.multipole_comps_1": 0.00583311076097,
                        "ellipses.ellipse_4.ell_comps.ell_comps_0": -0.10573173990449,
                        "ellipses.ellipse_4.ell_comps.ell_comps_1": 0.12368795999235,
                        "multipoles.4.multipole_3.multipole_comps.multipole_comps_0": 0.02134970436405,
                        "multipoles.4.multipole_3.multipole_comps.multipole_comps_1": -0.08288996032491,
                        "multipoles.4.multipole_4.multipole_comps.multipole_comps_0": 0.02850143115581,
                        "multipoles.4.multipole_4.multipole_comps.multipole_comps_1": 0.00769602345921
                    }
                }
            }
        },
        "median_pdf_sample": {
            "type": "instance",
            "class_path": "autofit.non_linear.samples.sample.Sample",
            "arguments": {
                "log_likelihood": -123.49335011517356,
                "log_prior": 0.0,
                "weight": 0.0010727148912395188,
                "kwargs": {
                    "type": "dict",
                    "arguments": {
                        "ellipses.ellipse_4.centre.centre_0": -0.00255099316190803,
                        "ellipses.ellipse_4.centre.centre_1": -0.006613420104608896,
                        "ellipses.ellipse_0.ell_comps.ell_comps_0": 0.01879769600108,
                        "ellipses.ellipse_0.ell_comps.ell_comps_1": 0.06515156314182423,
                        "multipoles.0.multipole_3.multipole_comps.multipole_comps_0": 0.00521466356398,
                        "multipoles.0.multipole_3.multipole_comps.multipole_comps_1": 0.01007784040048,
                        "multipoles.0.multipole_4.multipole_comps.multipole_comps_0": -0.013028608005221593,
                        "multipoles.0.multipole_4.multipole_comps.multipole_comps_1": 0.00183549293053,
                        "ellipses.ellipse_1.ell_comps.ell_comps_0": 0.008591446287751924,
                        "ellipses.ellipse_1.ell_comps.ell_comps_1": 0.0527371179381075,
                        "multipoles.1.multipole_3.multipole_comps.multipole_comps_0": -0.01728608948403962,
                        "multipoles.1.multipole_3.multipole_comps.multipole_comps_1": 0.019456275111474967,
                        "multipoles.1.multipole_4.multipole_comps.multipole_comps_0": -0.00541621506247,
                        "multipoles.1.multipole_4.multipole_comps.multipole_comps_1": 0.02845306249110124,
                        "ellipses.ellipse_2.ell_comps.ell_comps_0": -0.017696808705424852,
                        "ellipses.ellipse_2.ell_comps.ell_comps_1": 0.16023516694687878,
                        "multipoles.2.multipole_3.multipole_comps.multipole_comps_0": 0.013720201796582433,
                        "multipoles.2.multipole_3.multipole_comps.multipole_comps_1": -0.03750137611726287,
                        "multipoles.2.multipole_4.multipole_comps.multipole_comps_0": 0.011544521052116598,
                        "multipoles.2.multipole_4.multipole_comps.multipole_comps_1": -0.05917046375268408,
                        "ellipses.ellipse_3.ell_comps.ell_comps_0": 0.03913903975070669,
                        "ellipses.ellipse_3.ell_comps.ell_comps_1": 0.05817564072233394,
                        "multipoles.3.multipole_3.multipole_comps.multipole_comps_0": 0.0732412862284,
                        "multipoles.3.multipole_3.multipole_comps.multipole_comps_1": -0.03127196925782486,
                        "multipoles.3.multipole_4.multipole_comps.multipole_comps_0": -0.08020427870626064,
                        "multipoles.3.multipole_4.multipole_comps.multipole_comps_1": 0.0028537759748376063,
                        "ellipses.ellipse_4.ell_comps.ell_comps_0": -0.10621513307808282,
                        "ellipses.ellipse_4.ell_comps.ell_comps_1": 0.12279214966866087,
                        "multipoles.4.multipole_3.multipole_comps.multipole_comps_0": 0.01506385342363841,
                        "multipoles.4.multipole_3.multipole_comps.multipole_comps_1": -0.0873796293881,
                        "multipoles.4.multipole_4.multipole_comps.multipole_comps_0": 0.03236407594573889,
                        "multipoles.4.multipole_4.multipole_comps.multipole_comps_1": 0.010721843499655118
                    }
                }
            }
        }
    }
}