{
    "type": "instance",
    "class_path": "autofit.non_linear.samples.summary.SamplesSummary",
    "arguments": {
        "values_at_sigma_1": {
            "type": "list",
            "values": [
                {
                    "type": "tuple",
                    "values": [
                        -0.14950528164101734,
                        -0.14344924664852
                    ]
                },
                {
                    "type": "tuple",
                    "values": [
                        0.13188941980772048,
                        0.1535131910827525
                    ]
                },
                {
                    "type": "tuple",
                    "values": [
                        -0.06575780430632,
                        0.01761549678633
                    ]
                },
                {
                    "type": "tuple",
                    "values": [
                        -0.060553283020461895,
                        0.026001191813038105
                    ]
                },
                {
                    "type": "tuple",
                    "values": [
                        -0.04774658343615608,
                        -0.0187021574897544
                    ]
                },
                {
                    "type": "tuple",
                    "values": [
                        -0.04717108209957,
                        0.004234756003951448
                    ]
                }
            ]
        },
        "median_pdf_sample": {
            "type": "instance",
            "class_path": "autofit.non_linear.samples.sample.Sample",
            "arguments": {
                "log_likelihood": -50.07360628431939,
                "log_prior": 0.0,
                "weight": 0.0010458856567338308,
                "kwargs": {
                    "type": "dict",
                    "arguments": {
                        "ellipses.0.ell_comps.ell_comps_0": -0.1466850676167364,
                        "ellipses.0.ell_comps.ell_comps_1": 0.14886192433943016,
                        "multipoles.0.multipole_3.multipole_comps.multipole_comps_0": -0.02250537000701,
                        "multipoles.0.multipole_3.multipole_comps.multipole_comps_1": 0.010483247950693194,
                        "multipoles.0.multipole_4.multipole_comps.multipole_comps_0": -0.03370190475601,
                        "multipoles.0.multipole_4.multipole_comps.multipole_comps_1": -0.016040075637270532
                    }
                }
            }
        },
        "max_log_likelihood_sample": {
            "type": "instance",
            "class_path": "autofit.non_linear.samples.sample.Sample",
            "arguments": {
                "log_likelihood": -50.07360628431939,
                "log_prior": 0.0,
                "weight": 0.0010458856567338308,
                "kwargs": {
                    "type": "dict",
                    "arguments": {
                        "ellipses.0.ell_comps.ell_comps_0": -0.14805634351163,
                        "ellipses.0.ell_comps.ell_comps_1": 0.15046351526248,
                        "multipoles.0.multipole_3.multipole_comps.multipole_comps_0": -0.06631591398687,
                        "multipoles.0.multipole_3.multipole_comps.multipole_comps_1": 0.02145019573054,
                        "multipoles.0.multipole_4.multipole_comps.multipole_comps_0": -0.03527827414196,
                        "multipoles.0.multipole_4.multipole_comps.multipole_comps_1": -0.01214257396536
                    }
                }
            }
        },
        "model": null,
        "errors_at_sigma_3": {
            "type": "list",
            "values": [
                {
                    "type": "tuple",
                    "values": [
                        0.009066420165563915,
                        0.03066935306680496
                    ]
                },
                {
                    "type": "tuple",
                    "values": [
                        0.023768734785900164,
                        0.016493077897556357
                    ]
                },
                {
                    "type": "tuple",
                    "values": [
                        0.0702796247350316,
                        0.07582094713901469
                    ]
                },
                {
                    "type": "tuple",
                    "values": [
                        0.1082875029805302,
                        0.05370247751203332
                    ]
                },
                {
                    "type": "tuple",
                    "values": [
                        0.051523689083629996,
                        0.07835272484951
                    ]
                },
                {
                    "type": "tuple",
                    "values": [
                        0.05593521976365948,
                        0.05673698447767127
                    ]
                }
            ]
        },
        "log_evidence": -67.67454630580858,
        "values_at_sigma_3": {
            "type": "list",
            "values": [
                {
                    "type": "tuple",
                    "values": [
                        -0.1557514877823003,
                        -0.11601571454993143
                    ]
                },
                {
                    "type": "tuple",
                    "values": [
                        0.12509318955353,
                        0.16535500223698651
                    ]
                },
                {
                    "type": "tuple",
                    "values": [
                        -0.0927849947420416,
                        0.053315577132004695
                    ]
                },
                {
                    "type": "tuple",
                    "values": [
                        -0.09780425502983701,
                        0.06418572546272651
                    ]
                },
                {
                    "type": "tuple",
                    "values": [
                        -0.08522559383964,
                        0.0446508200935
                    ]
                },
                {
                    "type": "tuple",
                    "values": [
                        -0.07197529540093,
                        0.04069690884040074
                    ]
                }
            ]
        },
        "errors_at_sigma_1": {
            "type": "list",
            "values": [
                {
                    "type": "tuple",
                    "values": [
                        0.0028202140242809537,
                        0.0032358209682163963
                    ]
                },
                {
                    "type": "tuple",
                    "values": [
                        0.016972504531709676,
                        0.004651266743322335
                    ]
                },
                {
                    "type": "tuple",
                    "values": [
                        0.04325243429931,
                        0.040120866793339996
                    ]
                },
                {
                    "type": "tuple",
                    "values": [
                        0.07103653097115509,
                        0.015517943862344912
                    ]
                },
                {
                    "type": "tuple",
                    "values": [
                        0.014044678680146076,
                        0.014999747266255602
                    ]
                },
                {
                    "type": "tuple",
                    "values": [
                        0.03113100646229947,
                        0.02027483164122198
                    ]
                }
            ]
        }
    }
}