{
    "type": "instance",
    "class_path": "autofit.non_linear.samples.summary.SamplesSummary",
    "arguments": {
        "values_at_sigma_3": {
            "type": "list",
            "values": [
                {
                    "type": "tuple",
                    "values": [
                        -0.17952649824529843,
                        -0.1710585757248827
                    ]
                },
                {
                    "type": "tuple",
                    "values": [
                        -0.2006729789310381,
                        -0.1933780371914785
                    ]
                },
                {
                    "type": "tuple",
                    "values": [
                        -0.01870732067001701,
                        -3.436698073249166e-05
                    ]
                },
                {
                    "type": "tuple",
                    "values": [
                        0.0016821554069346124,
                        0.017591548087477395
                    ]
                },
                {
                    "type": "tuple",
                    "values": [
                        -0.0038308648949083634,
                        0.010334658572380797
                    ]
                },
                {
                    "type": "tuple",
                    "values": [
                        -0.01729165850100007,
                        0.0020962740463665087
                    ]
                },
                {
                    "type": "tuple",
                    "values": [
                        -0.036281453563013245,
                        -0.01878651050754
                    ]
                },
                {
                    "type": "tuple",
                    "values": [
                        -0.0015878234188,
                        0.0147101915644
                    ]
                }
            ]
        },
        "values_at_sigma_1": {
            "type": "list",
            "values": [
                {
                    "type": "tuple",
                    "values": [
                        -0.17737407123244267,
                        -0.1741411559426
                    ]
                },
                {
                    "type": "tuple",
                    "values": [
                        -0.19846154585231443,
                        -0.19596073994003999
                    ]
                },
                {
                    "type": "tuple",
                    "values": [
                        -0.012831502062239902,
                        -0.00588491386741
                    ]
                },
                {
                    "type": "tuple",
                    "values": [
                        0.008075809591360427,
                        0.01402990590559847
                    ]
                },
                {
                    "type": "tuple",
                    "values": [
                        0.0008407470446581961,
                        0.0057053514690235995
                    ]
                },
                {
                    "type": "tuple",
                    "values": [
                        -0.01105430281276,
                        -0.003095845192890976
                    ]
                },
                {
                    "type": "tuple",
                    "values": [
                        -0.0317409625247371,
                        -0.02615804132252924
                    ]
                },
                {
                    "type": "tuple",
                    "values": [
                        0.004501536172555219,
                        0.010141862434229331
                    ]
                }
            ]
        },
        "median_pdf_sample": {
            "type": "instance",
            "class_path": "autofit.non_linear.samples.sample.Sample",
            "arguments": {
                "log_likelihood": -168.5780053741044,
                "log_prior": 0.0,
                "weight": 0.0009558476407471658,
                "kwargs": {
                    "type": "dict",
                    "arguments": {
                        "ellipses.0.ell_comps.ell_comps_0": -0.17588556904464706,
                        "ellipses.0.ell_comps.ell_comps_1": -0.19715667043629254,
                        "multipoles.0.multipole_1.multipole_comps.multipole_comps_0": -0.009413914277253225,
                        "multipoles.0.multipole_1.multipole_comps.multipole_comps_1": 0.01103119477446,
                        "multipoles.0.multipole_3.multipole_comps.multipole_comps_0": 0.0030791734234641636,
                        "multipoles.0.multipole_3.multipole_comps.multipole_comps_1": -0.007090601294356963,
                        "multipoles.0.multipole_4.multipole_comps.multipole_comps_0": -0.02904157326765235,
                        "multipoles.0.multipole_4.multipole_comps.multipole_comps_1": 0.007249728780303186
                    }
                }
            }
        },
        "errors_at_sigma_1": {
            "type": "list",
            "values": [
                {
                    "type": "tuple",
                    "values": [
                        0.001488502187795615,
                        0.0017444131020470655
                    ]
                },
                {
                    "type": "tuple",
                    "values": [
                        0.0013048754160218945,
                        0.0011959304962525508
                    ]
                },
                {
                    "type": "tuple",
                    "values": [
                        0.003417587784986678,
                        0.0035290004098432245
                    ]
                },
                {
                    "type": "tuple",
                    "values": [
                        0.0029553851830995733,
                        0.0029987111311384693
                    ]
                },
                {
                    "type": "tuple",
                    "values": [
                        0.0022384263788059675,
                        0.002626178045559436
                    ]
                },
                {
                    "type": "tuple",
                    "values": [
                        0.0039637015184030375,
                        0.003994756101465987
                    ]
                },
                {
                    "type": "tuple",
                    "values": [
                        0.0026993892570847493,
                        0.00288353194512311
                    ]
                },
                {
                    "type": "tuple",
                    "values": [
                        0.0027481926077479674,
                        0.002892133653926145
                    ]
                }
            ]
        },
        "max_log_likelihood_sample": {
            "type": "instance",
            "class_path": "autofit.non_linear.samples.sample.Sample",
            "arguments": {
                "log_likelihood": -168.5780053741044,
                "log_prior": 0.0,
                "weight": 0.0009558476407471658,
                "kwargs": {
                    "type": "dict",
                    "arguments": {
                        "ellipses.0.ell_comps.ell_comps_0": -0.17729827009891,
                        "ellipses.0.ell_comps.ell_comps_1": -0.19775418785538,
                        "multipoles.0.multipole_1.multipole_comps.multipole_comps_0": -0.00905856342794,
                        "multipoles.0.multipole_1.multipole_comps.multipole_comps_1": 0.01069483202586,
                        "multipoles.0.multipole_3.multipole_comps.multipole_comps_0": 0.00336492050508,
                        "multipoles.0.multipole_3.multipole_comps.multipole_comps_1": -0.00701826527828,
                        "multipoles.0.multipole_4.multipole_comps.multipole_comps_0": -0.02962865257412,
                        "multipoles.0.multipole_4.multipole_comps.multipole_comps_1": 0.00773053816457
                    }
                }
            }
        },
        "model": null,
        "log_evidence": -200.4675501405461,
        "errors_at_sigma_3": {
            "type": "list",
            "values": [
                {
                    "type": "tuple",
                    "values": [
                        0.0036409292006513716,
                        0.0048269933197643555
                    ]
                },
                {
                    "type": "tuple",
                    "values": [
                        0.0035163084947455736,
                        0.0037786332448140336
                    ]
                },
                {
                    "type": "tuple",
                    "values": [
                        0.009293406392763786,
                        0.009379547296520734
                    ]
                },
                {
                    "type": "tuple",
                    "values": [
                        0.009349039367525389,
                        0.006560353313017395
                    ]
                },
                {
                    "type": "tuple",
                    "values": [
                        0.0069100383183725266,
                        0.007255485148916633
                    ]
                },
                {
                    "type": "tuple",
                    "values": [
                        0.010201057206643107,
                        0.009186875340723471
                    ]
                },
                {
                    "type": "tuple",
                    "values": [
                        0.007239880295360896,
                        0.01025506276011235
                    ]
                },
                {
                    "type": "tuple",
                    "values": [
                        0.008837552199103186,
                        0.007460462784096814
                    ]
                }
            ]
        }
    }
}