{
    "type": "instance",
    "class_path": "autofit.non_linear.samples.summary.SamplesSummary",
    "arguments": {
        "median_pdf_sample": {
            "type": "instance",
            "class_path": "autofit.non_linear.samples.sample.Sample",
            "arguments": {
                "log_likelihood": -24.13480898124196,
                "log_prior": 0.0,
                "weight": 0.0009529157976262657,
                "kwargs": {
                    "type": "dict",
                    "arguments": {
                        "ellipses.0.ell_comps.ell_comps_0": -0.04488620070595763,
                        "ellipses.0.ell_comps.ell_comps_1": -0.10259459846751,
                        "multipoles.0.multipole_3.multipole_comps.multipole_comps_0": 0.00161186890063,
                        "multipoles.0.multipole_3.multipole_comps.multipole_comps_1": 0.00649076981147,
                        "multipoles.0.multipole_4.multipole_comps.multipole_comps_0": 0.010902357060133518,
                        "multipoles.0.multipole_4.multipole_comps.multipole_comps_1": 0.016237264521315162
                    }
                }
            }
        },
        "errors_at_sigma_3": {
            "type": "list",
            "values": [
                {
                    "type": "tuple",
                    "values": [
                        0.017627043408532453,
                        0.017377258412458296
                    ]
                },
                {
                    "type": "tuple",
                    "values": [
                        0.01688268071897843,
                        0.022007970304935315
                    ]
                },
                {
                    "type": "tuple",
                    "values": [
                        0.018777970845769803,
                        0.017872616040341203
                    ]
                },
                {
                    "type": "tuple",
                    "values": [
                        0.02280846360731377,
                        0.018783425428750167
                    ]
                },
                {
                    "type": "tuple",
                    "values": [
                        0.024668851919450348,
                        0.025005644368501397
                    ]
                },
                {
                    "type": "tuple",
                    "values": [
                        0.036257696003735164,
                        0.028133573230704836
                    ]
                }
            ]
        },
        "log_evidence": -42.66417821993315,
        "values_at_sigma_3": {
            "type": "list",
            "values": [
                {
                    "type": "tuple",
                    "values": [
                        -0.06251324411449008,
                        -0.02750894229349933
                    ]
                },
                {
                    "type": "tuple",
                    "values": [
                        -0.11947727918648843,
                        -0.08058662816257468
                    ]
                },
                {
                    "type": "tuple",
                    "values": [
                        -0.017166101945139803,
                        0.019484484940971204
                    ]
                },
                {
                    "type": "tuple",
                    "values": [
                        -0.01631769379584377,
                        0.025274195240220166
                    ]
                },
                {
                    "type": "tuple",
                    "values": [
                        -0.01376649485931683,
                        0.035908001428634914
                    ]
                },
                {
                    "type": "tuple",
                    "values": [
                        -0.02002043148242,
                        0.04437083775202
                    ]
                }
            ]
        },
        "max_log_likelihood_sample": {
            "type": "instance",
            "class_path": "autofit.non_linear.samples.sample.Sample",
            "arguments": {
                "log_likelihood": -24.13480898124196,
                "log_prior": 0.0,
                "weight": 0.0009529157976262657,
                "kwargs": {
                    "type": "dict",
                    "arguments": {
                        "ellipses.0.ell_comps.ell_comps_0": -0.04407766112573,
                        "ellipses.0.ell_comps.ell_comps_1": -0.10692094876912,
                        "multipoles.0.multipole_3.multipole_comps.multipole_comps_0": 0.00605388593529,
                        "multipoles.0.multipole_3.multipole_comps.multipole_comps_1": 0.00951104954285,
                        "multipoles.0.multipole_4.multipole_comps.multipole_comps_0": 0.00980053123505,
                        "multipoles.0.multipole_4.multipole_comps.multipole_comps_1": 0.01440406638358
                    }
                }
            }
        },
        "values_at_sigma_1": {
            "type": "list",
            "values": [
                {
                    "type": "tuple",
                    "values": [
                        -0.05113258287384752,
                        -0.03983890696984486
                    ]
                },
                {
                    "type": "tuple",
                    "values": [
                        -0.10976359760986,
                        -0.09510289643828791
                    ]
                },
                {
                    "type": "tuple",
                    "values": [
                        -0.00522353135671,
                        0.00765393279485
                    ]
                },
                {
                    "type": "tuple",
                    "values": [
                        -0.00088873540403,
                        0.013764715600478773
                    ]
                },
                {
                    "type": "tuple",
                    "values": [
                        0.0008773769507248946,
                        0.01851287686324
                    ]
                },
                {
                    "type": "tuple",
                    "values": [
                        0.008202363897939201,
                        0.0248331087681
                    ]
                }
            ]
        },
        "errors_at_sigma_1": {
            "type": "list",
            "values": [
                {
                    "type": "tuple",
                    "values": [
                        0.006246382167889891,
                        0.005047293736112769
                    ]
                },
                {
                    "type": "tuple",
                    "values": [
                        0.007168999142350002,
                        0.007491702029222086
                    ]
                },
                {
                    "type": "tuple",
                    "values": [
                        0.00683540025734,
                        0.0060420638942199996
                    ]
                },
                {
                    "type": "tuple",
                    "values": [
                        0.0073795052155,
                        0.007273945789008773
                    ]
                },
                {
                    "type": "tuple",
                    "values": [
                        0.010024980109408624,
                        0.007610519803106484
                    ]
                },
                {
                    "type": "tuple",
                    "values": [
                        0.008034900623375961,
                        0.008595844246784837
                    ]
                }
            ]
        },
        "model": null
    }
}