{
    "type": "instance",
    "class_path": "autofit.non_linear.samples.summary.SamplesSummary",
    "arguments": {
        "values_at_sigma_3": {
            "type": "list",
            "values": [
                {
                    "type": "tuple",
                    "values": [
                        -0.014777516194039343,
                        0.02999934804544561
                    ]
                },
                {
                    "type": "tuple",
                    "values": [
                        -0.17816729553847216,
                        -0.14129414084135
                    ]
                }
            ]
        },
        "model": null,
        "median_pdf_sample": {
            "type": "instance",
            "class_path": "autofit.non_linear.samples.sample.Sample",
            "arguments": {
                "log_likelihood": -47.215081861778486,
                "log_prior": 0.0,
                "weight": 0.0009915582264584826,
                "kwargs": {
                    "type": "dict",
                    "arguments": {
                        "ellipses.0.ell_comps.ell_comps_0": 0.01038887638367,
                        "ellipses.0.ell_comps.ell_comps_1": -0.15287459603992148
                    }
                }
            }
        },
        "log_evidence": -57.78503984033778,
        "errors_at_sigma_3": {
            "type": "list",
            "values": [
                {
                    "type": "tuple",
                    "values": [
                        0.02516639257770934,
                        0.01961047166177561
                    ]
                },
                {
                    "type": "tuple",
                    "values": [
                        0.025292699498550675,
                        0.011580455198571482
                    ]
                }
            ]
        },
        "max_log_likelihood_sample": {
            "type": "instance",
            "class_path": "autofit.non_linear.samples.sample.Sample",
            "arguments": {
                "log_likelihood": -47.215081861778486,
                "log_prior": 0.0,
                "weight": 0.0009915582264584826,
                "kwargs": {
                    "type": "dict",
                    "arguments": {
                        "ellipses.0.ell_comps.ell_comps_0": 0.01258684035719,
                        "ellipses.0.ell_comps.ell_comps_1": -0.15276174796528
                    }
                }
            }
        },
        "values_at_sigma_1": {
            "type": "list",
            "values": [
                {
                    "type": "tuple",
                    "values": [
                        -0.00324270725568,
                        0.016698458763986825
                    ]
                },
                {
                    "type": "tuple",
                    "values": [
                        -0.15530790235009553,
                        -0.15077751662618502
                    ]
                }
            ]
        },
        "errors_at_sigma_1": {
            "type": "list",
            "values": [
                {
                    "type": "tuple",
                    "values": [
                        0.01363158363935,
                        0.006309582380316824
                    ]
                },
                {
                    "type": "tuple",
                    "values": [
                        0.0024333063101740493,
                        0.0020970794137364634
                    ]
                }
            ]
        }
    }
}