{
    "type": "instance",
    "class_path": "autofit.non_linear.samples.summary.SamplesSummary",
    "arguments": {
        "model": null,
        "errors_at_sigma_3": {
            "type": "list",
            "values": [
                {
                    "type": "tuple",
                    "values": [
                        0.034683360946510006,
                        0.05860445907553
                    ]
                },
                {
                    "type": "tuple",
                    "values": [
                        0.06581998334435005,
                        0.026228540702759956
                    ]
                }
            ]
        },
        "max_log_likelihood_sample": {
            "type": "instance",
            "class_path": "autofit.non_linear.samples.sample.Sample",
            "arguments": {
                "log_likelihood": -56.73798122079363,
                "log_prior": 0.0,
                "weight": 0.0010206944629293777,
                "kwargs": {
                    "type": "dict",
                    "arguments": {
                        "ellipses.0.ell_comps.ell_comps_0": -0.17253307621888,
                        "ellipses.0.ell_comps.ell_comps_1": 0.04184348091082
                    }
                }
            }
        },
        "log_evidence": -67.31513469308723,
        "median_pdf_sample": {
            "type": "instance",
            "class_path": "autofit.non_linear.samples.sample.Sample",
            "arguments": {
                "log_likelihood": -56.73798122079363,
                "log_prior": 0.0,
                "weight": 0.0010206944629293777,
                "kwargs": {
                    "type": "dict",
                    "arguments": {
                        "ellipses.0.ell_comps.ell_comps_0": -0.17153080539746,
                        "ellipses.0.ell_comps.ell_comps_1": 0.04507233737296004
                    }
                }
            }
        },
        "values_at_sigma_3": {
            "type": "list",
            "values": [
                {
                    "type": "tuple",
                    "values": [
                        -0.20621416634397,
                        -0.11292634632193
                    ]
                },
                {
                    "type": "tuple",
                    "values": [
                        -0.02074764597139,
                        0.07130087807572
                    ]
                }
            ]
        },
        "errors_at_sigma_1": {
            "type": "list",
            "values": [
                {
                    "type": "tuple",
                    "values": [
                        0.02339793024050002,
                        0.039034851506870416
                    ]
                },
                {
                    "type": "tuple",
                    "values": [
                        0.019498710596469543,
                        0.006935999784040914
                    ]
                }
            ]
        },
        "values_at_sigma_1": {
            "type": "list",
            "values": [
                {
                    "type": "tuple",
                    "values": [
                        -0.19492873563796,
                        -0.13249595389058957
                    ]
                },
                {
                    "type": "tuple",
                    "values": [
                        0.0255736267764905,
                        0.052008337157000956
                    ]
                }
            ]
        }
    }
}