{
    "type": "instance",
    "class_path": "autofit.non_linear.samples.summary.SamplesSummary",
    "arguments": {
        "values_at_sigma_1": {
            "type": "list",
            "values": [
                {
                    "type": "tuple",
                    "values": [
                        -0.34549956754846,
                        -0.3419352201352454
                    ]
                },
                {
                    "type": "tuple",
                    "values": [
                        -0.07625205560710673,
                        -0.07297189749661
                    ]
                },
                {
                    "type": "tuple",
                    "values": [
                        -0.004070873946856349,
                        -0.0001987723383673979
                    ]
                },
                {
                    "type": "tuple",
                    "values": [
                        0.0011141657955067363,
                        0.00511406342554
                    ]
                },
                {
                    "type": "tuple",
                    "values": [
                        -0.02170576428052094,
                        -0.01709041317246862
                    ]
                },
                {
                    "type": "tuple",
                    "values": [
                        0.00196726190322,
                        0.00649099051582
                    ]
                }
            ]
        },
        "errors_at_sigma_1": {
            "type": "list",
            "values": [
                {
                    "type": "tuple",
                    "values": [
                        0.0018003873237105172,
                        0.0017639600895040797
                    ]
                },
                {
                    "type": "tuple",
                    "values": [
                        0.0016527471034767233,
                        0.0016274110070200049
                    ]
                },
                {
                    "type": "tuple",
                    "values": [
                        0.0019200272146863494,
                        0.0019520743938026021
                    ]
                },
                {
                    "type": "tuple",
                    "values": [
                        0.0021057474831325342,
                        0.0018941501469007297
                    ]
                },
                {
                    "type": "tuple",
                    "values": [
                        0.002233169976142372,
                        0.0023821811319099453
                    ]
                },
                {
                    "type": "tuple",
                    "values": [
                        0.002156023268053588,
                        0.0023677053445464117
                    ]
                }
            ]
        },
        "median_pdf_sample": {
            "type": "instance",
            "class_path": "autofit.non_linear.samples.sample.Sample",
            "arguments": {
                "log_likelihood": -88.58412724920157,
                "log_prior": 0.0,
                "weight": 0.00101295397154708,
                "kwargs": {
                    "type": "dict",
                    "arguments": {
                        "ellipses.0.ell_comps.ell_comps_0": -0.3436991802247495,
                        "ellipses.0.ell_comps.ell_comps_1": -0.07459930850363,
                        "multipoles.0.multipole_3.multipole_comps.multipole_comps_0": -0.00215084673217,
                        "multipoles.0.multipole_3.multipole_comps.multipole_comps_1": 0.0032199132786392705,
                        "multipoles.0.multipole_4.multipole_comps.multipole_comps_0": -0.019472594304378567,
                        "multipoles.0.multipole_4.multipole_comps.multipole_comps_1": 0.004123285171273588
                    }
                }
            }
        },
        "values_at_sigma_3": {
            "type": "list",
            "values": [
                {
                    "type": "tuple",
                    "values": [
                        -0.34879188268519,
                        -0.33739052531276
                    ]
                },
                {
                    "type": "tuple",
                    "values": [
                        -0.07991015220065228,
                        -0.06987379280642689
                    ]
                },
                {
                    "type": "tuple",
                    "values": [
                        -0.00842043977013,
                        0.0028561349278159068
                    ]
                },
                {
                    "type": "tuple",
                    "values": [
                        -0.0025078765640536957,
                        0.009495500700682932
                    ]
                },
                {
                    "type": "tuple",
                    "values": [
                        -0.026096403240527442,
                        -0.012635344238093425
                    ]
                },
                {
                    "type": "tuple",
                    "values": [
                        -0.0027684179303970984,
                        0.010650324237809554
                    ]
                }
            ]
        },
        "errors_at_sigma_3": {
            "type": "list",
            "values": [
                {
                    "type": "tuple",
                    "values": [
                        0.0050927024604405235,
                        0.0063086549119895086
                    ]
                },
                {
                    "type": "tuple",
                    "values": [
                        0.005310843697022283,
                        0.004725515697203114
                    ]
                },
                {
                    "type": "tuple",
                    "values": [
                        0.00626959303796,
                        0.005006981659985907
                    ]
                },
                {
                    "type": "tuple",
                    "values": [
                        0.005727789842692966,
                        0.006275587422043661
                    ]
                },
                {
                    "type": "tuple",
                    "values": [
                        0.0066238089361488756,
                        0.006837250066285142
                    ]
                },
                {
                    "type": "tuple",
                    "values": [
                        0.0068917031016706865,
                        0.006527039066535966
                    ]
                }
            ]
        },
        "model": null,
        "max_log_likelihood_sample": {
            "type": "instance",
            "class_path": "autofit.non_linear.samples.sample.Sample",
            "arguments": {
                "log_likelihood": -88.58412724920157,
                "log_prior": 0.0,
                "weight": 0.00101295397154708,
                "kwargs": {
                    "type": "dict",
                    "arguments": {
                        "ellipses.0.ell_comps.ell_comps_0": -0.34379066089191,
                        "ellipses.0.ell_comps.ell_comps_1": -0.0743802489126,
                        "multipoles.0.multipole_3.multipole_comps.multipole_comps_0": -0.00208105156729,
                        "multipoles.0.multipole_3.multipole_comps.multipole_comps_1": 0.00301508824502,
                        "multipoles.0.multipole_4.multipole_comps.multipole_comps_0": -0.02040871930081,
                        "multipoles.0.multipole_4.multipole_comps.multipole_comps_1": 0.00395487401763
                    }
                }
            }
        },
        "log_evidence": -114.05758476258775
    }
}