{
    "type": "instance",
    "class_path": "autofit.non_linear.samples.summary.SamplesSummary",
    "arguments": {
        "model": null,
        "errors_at_sigma_1": {
            "type": "list",
            "values": [
                {
                    "type": "tuple",
                    "values": [
                        0.04360122570177,
                        0.02640344687347744
                    ]
                },
                {
                    "type": "tuple",
                    "values": [
                        0.031079035056709337,
                        0.024236448190547606
                    ]
                },
                {
                    "type": "tuple",
                    "values": [
                        0.031629840949308596,
                        0.05465665451279568
                    ]
                },
                {
                    "type": "tuple",
                    "values": [
                        0.06368357222580491,
                        0.06482289656137993
                    ]
                },
                {
                    "type": "tuple",
                    "values": [
                        0.032701995586656,
                        0.02080371293223688
                    ]
                },
                {
                    "type": "tuple",
                    "values": [
                        0.07014281504835342,
                        0.03896818270396367
                    ]
                },
                {
                    "type": "tuple",
                    "values": [
                        0.04845843878470037,
                        0.061524441549968376
                    ]
                },
                {
                    "type": "tuple",
                    "values": [
                        0.03704970591201476,
                        0.0414258731789609
                    ]
                }
            ]
        },
        "values_at_sigma_1": {
            "type": "list",
            "values": [
                {
                    "type": "tuple",
                    "values": [
                        0.06663265490857,
                        0.13663732748381743
                    ]
                },
                {
                    "type": "tuple",
                    "values": [
                        -0.08136369057876,
                        -0.026048207331503058
                    ]
                },
                {
                    "type": "tuple",
                    "values": [
                        -0.05934771744481378,
                        0.0269387780172905
                    ]
                },
                {
                    "type": "tuple",
                    "values": [
                        -0.1012306571180687,
                        0.027275811669116155
                    ]
                },
                {
                    "type": "tuple",
                    "values": [
                        -0.00017004794987599545,
                        0.05333566056901688
                    ]
                },
                {
                    "type": "tuple",
                    "values": [
                        -0.05234951211721341,
                        0.05676148563510367
                    ]
                },
                {
                    "type": "tuple",
                    "values": [
                        -0.06506341200419727,
                        0.044919468330471474
                    ]
                },
                {
                    "type": "tuple",
                    "values": [
                        -0.057155212548284755,
                        0.021320366542690896
                    ]
                }
            ]
        },
        "median_pdf_sample": {
            "type": "instance",
            "class_path": "autofit.non_linear.samples.sample.Sample",
            "arguments": {
                "log_likelihood": -13.213740414245782,
                "log_prior": 0.0,
                "weight": 0.001028237266005439,
                "kwargs": {
                    "type": "dict",
                    "arguments": {
                        "ellipses.0.ell_comps.ell_comps_0": 0.11023388061034,
                        "ellipses.0.ell_comps.ell_comps_1": -0.050284655522050664,
                        "multipoles.0.multipole_1.multipole_comps.multipole_comps_0": -0.027717876495505184,
                        "multipoles.0.multipole_1.multipole_comps.multipole_comps_1": -0.037547084892263785,
                        "multipoles.0.multipole_3.multipole_comps.multipole_comps_0": 0.03253194763678,
                        "multipoles.0.multipole_3.multipole_comps.multipole_comps_1": 0.01779330293114,
                        "multipoles.0.multipole_4.multipole_comps.multipole_comps_0": -0.0166049732194969,
                        "multipoles.0.multipole_4.multipole_comps.multipole_comps_1": -0.02010550663627
                    }
                }
            }
        },
        "errors_at_sigma_3": {
            "type": "list",
            "values": [
                {
                    "type": "tuple",
                    "values": [
                        0.10393947619367999,
                        0.06990340505021035
                    ]
                },
                {
                    "type": "tuple",
                    "values": [
                        0.07775195079792757,
                        0.13082896225168067
                    ]
                },
                {
                    "type": "tuple",
                    "values": [
                        0.09948930385343481,
                        0.13569027990607013
                    ]
                },
                {
                    "type": "tuple",
                    "values": [
                        0.15512564469446422,
                        0.13112611126186355
                    ]
                },
                {
                    "type": "tuple",
                    "values": [
                        0.11114559316796,
                        0.06030646716856484
                    ]
                },
                {
                    "type": "tuple",
                    "values": [
                        0.11574426894228877,
                        0.08104845466369
                    ]
                },
                {
                    "type": "tuple",
                    "values": [
                        0.08123702406713845,
                        0.1145711769687569
                    ]
                },
                {
                    "type": "tuple",
                    "values": [
                        0.07939191765739,
                        0.11309857177412
                    ]
                }
            ]
        },
        "values_at_sigma_3": {
            "type": "list",
            "values": [
                {
                    "type": "tuple",
                    "values": [
                        0.00629440441666,
                        0.18013728566055034
                    ]
                },
                {
                    "type": "tuple",
                    "values": [
                        -0.12803660631997824,
                        0.08054430672963
                    ]
                },
                {
                    "type": "tuple",
                    "values": [
                        -0.12720718034894,
                        0.10797240341056494
                    ]
                },
                {
                    "type": "tuple",
                    "values": [
                        -0.19267272958672801,
                        0.09357902636959976
                    ]
                },
                {
                    "type": "tuple",
                    "values": [
                        -0.07861364553118,
                        0.09283841480534484
                    ]
                },
                {
                    "type": "tuple",
                    "values": [
                        -0.09795096601114878,
                        0.09884175759483
                    ]
                },
                {
                    "type": "tuple",
                    "values": [
                        -0.09784199728663535,
                        0.09796620374926
                    ]
                },
                {
                    "type": "tuple",
                    "values": [
                        -0.09949742429366,
                        0.09299306513785
                    ]
                }
            ]
        },
        "max_log_likelihood_sample": {
            "type": "instance",
            "class_path": "autofit.non_linear.samples.sample.Sample",
            "arguments": {
                "log_likelihood": -13.213740414245782,
                "log_prior": 0.0,
                "weight": 0.001028237266005439,
                "kwargs": {
                    "type": "dict",
                    "arguments": {
                        "ellipses.0.ell_comps.ell_comps_0": 0.1195390591997,
                        "ellipses.0.ell_comps.ell_comps_1": -0.05277507856976,
                        "multipoles.0.multipole_1.multipole_comps.multipole_comps_0": -0.05503766425776,
                        "multipoles.0.multipole_1.multipole_comps.multipole_comps_1": -0.04178871360552,
                        "multipoles.0.multipole_3.multipole_comps.multipole_comps_0": 0.05865572914491,
                        "multipoles.0.multipole_3.multipole_comps.multipole_comps_1": 0.03576171240233,
                        "multipoles.0.multipole_4.multipole_comps.multipole_comps_0": -0.03343694010519,
                        "multipoles.0.multipole_4.multipole_comps.multipole_comps_1": -0.0319924326842
                    }
                }
            }
        },
        "log_evidence": -28.583841805807616
    }
}