{
    "type": "instance",
    "class_path": "autofit.non_linear.samples.summary.SamplesSummary",
    "arguments": {
        "log_evidence": -42.50473324825105,
        "model": null,
        "errors_at_sigma_3": {
            "type": "list",
            "values": [
                {
                    "type": "tuple",
                    "values": [
                        0.009472807324842708,
                        0.017777045735767286
                    ]
                },
                {
                    "type": "tuple",
                    "values": [
                        0.016125861409746492,
                        0.011414934668454571
                    ]
                }
            ]
        },
        "max_log_likelihood_sample": {
            "type": "instance",
            "class_path": "autofit.non_linear.samples.sample.Sample",
            "arguments": {
                "log_likelihood": -33.250265538301775,
                "log_prior": 0.0,
                "weight": 0.0009844564478810728,
                "kwargs": {
                    "type": "dict",
                    "arguments": {
                        "ellipses.0.ell_comps.ell_comps_0": -0.1152299870836,
                        "ellipses.0.ell_comps.ell_comps_1": 0.0506478709345
                    }
                }
            }
        },
        "values_at_sigma_3": {
            "type": "list",
            "values": [
                {
                    "type": "tuple",
                    "values": [
                        -0.1202865381321,
                        -0.09303668507149
                    ]
                },
                {
                    "type": "tuple",
                    "values": [
                        0.029017757807433507,
                        0.05655855388563457
                    ]
                }
            ]
        },
        "median_pdf_sample": {
            "type": "instance",
            "class_path": "autofit.non_linear.samples.sample.Sample",
            "arguments": {
                "log_likelihood": -33.250265538301775,
                "log_prior": 0.0,
                "weight": 0.0009844564478810728,
                "kwargs": {
                    "type": "dict",
                    "arguments": {
                        "ellipses.0.ell_comps.ell_comps_0": -0.11081373080725729,
                        "ellipses.0.ell_comps.ell_comps_1": 0.04514361921718
                    }
                }
            }
        },
        "errors_at_sigma_1": {
            "type": "list",
            "values": [
                {
                    "type": "tuple",
                    "values": [
                        0.005302633778266189,
                        0.012317670991386781
                    ]
                },
                {
                    "type": "tuple",
                    "values": [
                        0.008265729367064593,
                        0.005757738950554966
                    ]
                }
            ]
        },
        "values_at_sigma_1": {
            "type": "list",
            "values": [
                {
                    "type": "tuple",
                    "values": [
                        -0.11611636458552348,
                        -0.09849605981587051
                    ]
                },
                {
                    "type": "tuple",
                    "values": [
                        0.036877889850115406,
                        0.050901358167734966
                    ]
                }
            ]
        }
    }
}