{
    "type": "instance",
    "class_path": "autofit.non_linear.samples.summary.SamplesSummary",
    "arguments": {
        "log_evidence": -68489.66945922597,
        "errors_at_sigma_3": {
            "type": "list",
            "values": [
                {
                    "type": "tuple",
                    "values": [
                        0.013986634550925386,
                        0.01495043023028153
                    ]
                },
                {
                    "type": "tuple",
                    "values": [
                        0.007343875957418415,
                        0.013909326919652486
                    ]
                },
                {
                    "type": "tuple",
                    "values": [
                        0.008267807495440316,
                        0.012287349877200926
                    ]
                },
                {
                    "type": "tuple",
                    "values": [
                        0.005080143291456183,
                        0.005036408015393596
                    ]
                },
                {
                    "type": "tuple",
                    "values": [
                        0.005519483664741581,
                        0.005721602811389226
                    ]
                },
                {
                    "type": "tuple",
                    "values": [
                        0.03993211904944882,
                        0.07185665325152168
                    ]
                },
                {
                    "type": "tuple",
                    "values": [
                        0.004928973981275397,
                        0.00580235398902443
                    ]
                },
                {
                    "type": "tuple",
                    "values": [
                        0.008664158554052871,
                        0.01274905675734228
                    ]
                }
            ]
        },
        "errors_at_sigma_1": {
            "type": "list",
            "values": [
                {
                    "type": "tuple",
                    "values": [
                        0.004758436568275126,
                        0.004745089091023655
                    ]
                },
                {
                    "type": "tuple",
                    "values": [
                        0.002907472529866048,
                        0.005371153769384421
                    ]
                },
                {
                    "type": "tuple",
                    "values": [
                        0.003033908037471278,
                        0.004062807893643328
                    ]
                },
                {
                    "type": "tuple",
                    "values": [
                        0.0016649458223197634,
                        0.001628583191141799
                    ]
                },
                {
                    "type": "tuple",
                    "values": [
                        0.0019385658687459811,
                        0.002039578222162207
                    ]
                },
                {
                    "type": "tuple",
                    "values": [
                        0.015021768872447883,
                        0.02831591373361597
                    ]
                },
                {
                    "type": "tuple",
                    "values": [
                        0.0016427860561170453,
                        0.0017848606772981924
                    ]
                },
                {
                    "type": "tuple",
                    "values": [
                        0.0032143033359478337,
                        0.004291325781369967
                    ]
                }
            ]
        },
        "model": null,
        "values_at_sigma_1": {
            "type": "list",
            "values": [
                {
                    "type": "tuple",
                    "values": [
                        -0.13352961308350264,
                        -0.12402608742420386
                    ]
                },
                {
                    "type": "tuple",
                    "values": [
                        0.046154989141354706,
                        0.054433615440605175
                    ]
                },
                {
                    "type": "tuple",
                    "values": [
                        1.316799232649984,
                        1.3238959485810986
                    ]
                },
                {
                    "type": "tuple",
                    "values": [
                        0.00012243014317574974,
                        0.003415959156637312
                    ]
                },
                {
                    "type": "tuple",
                    "values": [
                        -0.006859492603184012,
                        -0.0028813485122758243
                    ]
                },
                {
                    "type": "tuple",
                    "values": [
                        2.0465107736489365,
                        2.0898484562550004
                    ]
                },
                {
                    "type": "tuple",
                    "values": [
                        -0.018323821763507084,
                        -0.014896175030091847
                    ]
                },
                {
                    "type": "tuple",
                    "values": [
                        0.05681679491313817,
                        0.06432242403045597
                    ]
                }
            ]
        },
        "max_log_likelihood_sample": {
            "type": "instance",
            "class_path": "autofit.non_linear.samples.sample.Sample",
            "arguments": {
                "log_likelihood": -68450.784835466,
                "log_prior": 0.0032184237513508225,
                "weight": 4.0373124259745066e-05,
                "kwargs": {
                    "type": "dict",
                    "arguments": {
                        "galaxies.lens.mass.ell_comps.ell_comps_0": -0.12784451442444958,
                        "galaxies.lens.mass.ell_comps.ell_comps_1": 0.04778710298363343,
                        "galaxies.lens.mass.einstein_radius": 1.3191146642466745,
                        "galaxies.lens.mass.centre.centre_0": 0.00233759889253531,
                        "galaxies.lens.mass.centre.centre_1": -0.0055225154733439695,
                        "galaxies.lens.mass.slope": 2.05769188323801,
                        "galaxies.lens.shear.gamma_1": -0.01702273265874,
                        "galaxies.lens.shear.gamma_2": 0.05920655963541
                    }
                }
            }
        },
        "values_at_sigma_3": {
            "type": "list",
            "values": [
                {
                    "type": "tuple",
                    "values": [
                        -0.1427578110661529,
                        -0.11382074628494598
                    ]
                },
                {
                    "type": "tuple",
                    "values": [
                        0.04171858571380234,
                        0.06297178859087324
                    ]
                },
                {
                    "type": "tuple",
                    "values": [
                        1.311565333192015,
                        1.3321204905646562
                    ]
                },
                {
                    "type": "tuple",
                    "values": [
                        -0.0032927673259606693,
                        0.0068237839808891095
                    ]
                },
                {
                    "type": "tuple",
                    "values": [
                        -0.010440410399179612,
                        0.000800676076951195
                    ]
                },
                {
                    "type": "tuple",
                    "values": [
                        2.0216004234719356,
                        2.133389195772906
                    ]
                },
                {
                    "type": "tuple",
                    "values": [
                        -0.021610009688665437,
                        -0.01087868171836561
                    ]
                },
                {
                    "type": "tuple",
                    "values": [
                        0.051366939695033136,
                        0.07278015500642829
                    ]
                }
            ]
        },
        "median_pdf_sample": {
            "type": "instance",
            "class_path": "autofit.non_linear.samples.sample.Sample",
            "arguments": {
                "log_likelihood": -68450.784835466,
                "log_prior": 0.0032184237513508225,
                "weight": 4.0373124259745066e-05,
                "kwargs": {
                    "type": "dict",
                    "arguments": {
                        "galaxies.lens.mass.ell_comps.ell_comps_0": -0.12877117651522751,
                        "galaxies.lens.mass.ell_comps.ell_comps_1": 0.049062461671220754,
                        "galaxies.lens.mass.einstein_radius": 1.3198331406874553,
                        "galaxies.lens.mass.centre.centre_0": 0.001787375965495513,
                        "galaxies.lens.mass.centre.centre_1": -0.004920926734438031,
                        "galaxies.lens.mass.slope": 2.0615325425213844,
                        "galaxies.lens.shear.gamma_1": -0.01668103570739004,
                        "galaxies.lens.shear.gamma_2": 0.06003109824908601
                    }
                }
            }
        }
    }
}