{
    "type": "instance",
    "class_path": "autofit.non_linear.samples.summary.SamplesSummary",
    "arguments": {
        "values_at_sigma_3": {
            "type": "list",
            "values": [
                {
                    "type": "tuple",
                    "values": [
                        -0.1079243758081159,
                        -0.06381695099179559
                    ]
                },
                {
                    "type": "tuple",
                    "values": [
                        -0.13057287824675004,
                        -0.09001550915289495
                    ]
                }
            ]
        },
        "errors_at_sigma_3": {
            "type": "list",
            "values": [
                {
                    "type": "tuple",
                    "values": [
                        0.025379215711299086,
                        0.018728209105021223
                    ]
                },
                {
                    "type": "tuple",
                    "values": [
                        0.022910210460251518,
                        0.01764715863360357
                    ]
                }
            ]
        },
        "values_at_sigma_1": {
            "type": "list",
            "values": [
                {
                    "type": "tuple",
                    "values": [
                        -0.08969255741240162,
                        -0.0740906666265006
                    ]
                },
                {
                    "type": "tuple",
                    "values": [
                        -0.11659125477378568,
                        -0.09918112254837783
                    ]
                }
            ]
        },
        "errors_at_sigma_1": {
            "type": "list",
            "values": [
                {
                    "type": "tuple",
                    "values": [
                        0.007147397315584808,
                        0.00845449347031621
                    ]
                },
                {
                    "type": "tuple",
                    "values": [
                        0.008928586987287157,
                        0.008481545238120697
                    ]
                }
            ]
        },
        "log_evidence": -29.460926305644396,
        "max_log_likelihood_sample": {
            "type": "instance",
            "class_path": "autofit.non_linear.samples.sample.Sample",
            "arguments": {
                "log_likelihood": -21.33046328146741,
                "log_prior": 0.0,
                "weight": 0.0009870319678219248,
                "kwargs": {
                    "type": "dict",
                    "arguments": {
                        "ellipses.0.ell_comps.ell_comps_0": -0.08375763194482,
                        "ellipses.0.ell_comps.ell_comps_1": -0.10837267318362
                    }
                }
            }
        },
        "model": null,
        "median_pdf_sample": {
            "type": "instance",
            "class_path": "autofit.non_linear.samples.sample.Sample",
            "arguments": {
                "log_likelihood": -21.33046328146741,
                "log_prior": 0.0,
                "weight": 0.0009870319678219248,
                "kwargs": {
                    "type": "dict",
                    "arguments": {
                        "ellipses.0.ell_comps.ell_comps_0": -0.08254516009681681,
                        "ellipses.0.ell_comps.ell_comps_1": -0.10766266778649852
                    }
                }
            }
        }
    }
}