{
    "type": "instance",
    "class_path": "autofit.non_linear.samples.summary.SamplesSummary",
    "arguments": {
        "max_log_likelihood_sample": {
            "type": "instance",
            "class_path": "autofit.non_linear.samples.sample.Sample",
            "arguments": {
                "log_likelihood": -47.33818573861684,
                "log_prior": 0.0,
                "weight": 0.0009954123695592883,
                "kwargs": {
                    "type": "dict",
                    "arguments": {
                        "ellipses.0.ell_comps.ell_comps_0": -0.10829356652317,
                        "ellipses.0.ell_comps.ell_comps_1": -0.06249191352129,
                        "multipoles.0.multipole_1.multipole_comps.multipole_comps_0": 0.00639480637398,
                        "multipoles.0.multipole_1.multipole_comps.multipole_comps_1": -0.0013806175885,
                        "multipoles.0.multipole_3.multipole_comps.multipole_comps_0": 0.0118620905914,
                        "multipoles.0.multipole_3.multipole_comps.multipole_comps_1": -0.0164575079057,
                        "multipoles.0.multipole_4.multipole_comps.multipole_comps_0": -0.00364053765159,
                        "multipoles.0.multipole_4.multipole_comps.multipole_comps_1": -0.00147426701343
                    }
                }
            }
        },
        "errors_at_sigma_3": {
            "type": "list",
            "values": [
                {
                    "type": "tuple",
                    "values": [
                        0.006314765527069291,
                        0.009818633255129883
                    ]
                },
                {
                    "type": "tuple",
                    "values": [
                        0.004586581866441598,
                        0.007514618342981755
                    ]
                },
                {
                    "type": "tuple",
                    "values": [
                        0.026435478194125516,
                        0.030026687378062317
                    ]
                },
                {
                    "type": "tuple",
                    "values": [
                        0.021766576015036794,
                        0.020479676827684392
                    ]
                },
                {
                    "type": "tuple",
                    "values": [
                        0.02555130900947391,
                        0.02140673422714
                    ]
                },
                {
                    "type": "tuple",
                    "values": [
                        0.02479050294634655,
                        0.027274000246345242
                    ]
                },
                {
                    "type": "tuple",
                    "values": [
                        0.021293010943391966,
                        0.019358621421372166
                    ]
                },
                {
                    "type": "tuple",
                    "values": [
                        0.020662661548838272,
                        0.0218040110358614
                    ]
                }
            ]
        },
        "values_at_sigma_1": {
            "type": "list",
            "values": [
                {
                    "type": "tuple",
                    "values": [
                        -0.11026212842337334,
                        -0.10597301309746271
                    ]
                },
                {
                    "type": "tuple",
                    "values": [
                        -0.06402087766387805,
                        -0.06017849141744478
                    ]
                },
                {
                    "type": "tuple",
                    "values": [
                        0.003466087929989938,
                        0.022904567287261923
                    ]
                },
                {
                    "type": "tuple",
                    "values": [
                        -0.00550150237857,
                        0.008767315440823625
                    ]
                },
                {
                    "type": "tuple",
                    "values": [
                        -0.00208346073758,
                        0.013160175345521004
                    ]
                },
                {
                    "type": "tuple",
                    "values": [
                        -0.02279271737107,
                        -0.00582857763723
                    ]
                },
                {
                    "type": "tuple",
                    "values": [
                        -0.01474285057962,
                        -0.00031162220031754186
                    ]
                },
                {
                    "type": "tuple",
                    "values": [
                        -0.0029134207318641647,
                        0.01178692250699
                    ]
                }
            ]
        },
        "median_pdf_sample": {
            "type": "instance",
            "class_path": "autofit.non_linear.samples.sample.Sample",
            "arguments": {
                "log_likelihood": -47.33818573861684,
                "log_prior": 0.0,
                "weight": 0.0009954123695592883,
                "kwargs": {
                    "type": "dict",
                    "arguments": {
                        "ellipses.0.ell_comps.ell_comps_0": -0.10817704974144,
                        "ellipses.0.ell_comps.ell_comps_1": -0.06213507001524841,
                        "multipoles.0.multipole_1.multipole_comps.multipole_comps_0": 0.012360854160875515,
                        "multipoles.0.multipole_1.multipole_comps.multipole_comps_1": 0.00142105145352,
                        "multipoles.0.multipole_3.multipole_comps.multipole_comps_0": 0.00606668027389,
                        "multipoles.0.multipole_3.multipole_comps.multipole_comps_1": -0.014798598992213453,
                        "multipoles.0.multipole_4.multipole_comps.multipole_comps_0": -0.0073035779883,
                        "multipoles.0.multipole_4.multipole_comps.multipole_comps_1": 0.004094778861102194
                    }
                }
            }
        },
        "errors_at_sigma_1": {
            "type": "list",
            "values": [
                {
                    "type": "tuple",
                    "values": [
                        0.0020850786819333333,
                        0.0022040366439772946
                    ]
                },
                {
                    "type": "tuple",
                    "values": [
                        0.0018858076486296463,
                        0.0019565785978036265
                    ]
                },
                {
                    "type": "tuple",
                    "values": [
                        0.008894766230885576,
                        0.010543713126386408
                    ]
                },
                {
                    "type": "tuple",
                    "values": [
                        0.00692255383209,
                        0.007346263987303626
                    ]
                },
                {
                    "type": "tuple",
                    "values": [
                        0.00815014101147,
                        0.007093495071631004
                    ]
                },
                {
                    "type": "tuple",
                    "values": [
                        0.007994118378856548,
                        0.008970021354983454
                    ]
                },
                {
                    "type": "tuple",
                    "values": [
                        0.007439272591319999,
                        0.006991955787982458
                    ]
                },
                {
                    "type": "tuple",
                    "values": [
                        0.007008199592966359,
                        0.007692143645887806
                    ]
                }
            ]
        },
        "values_at_sigma_3": {
            "type": "list",
            "values": [
                {
                    "type": "tuple",
                    "values": [
                        -0.1144918152685093,
                        -0.09835841648631012
                    ]
                },
                {
                    "type": "tuple",
                    "values": [
                        -0.06672165188169,
                        -0.05462045167226665
                    ]
                },
                {
                    "type": "tuple",
                    "values": [
                        -0.01407462403325,
                        0.04238754153893783
                    ]
                },
                {
                    "type": "tuple",
                    "values": [
                        -0.020345524561516795,
                        0.02190072828120439
                    ]
                },
                {
                    "type": "tuple",
                    "values": [
                        -0.01948462873558391,
                        0.02747341450103
                    ]
                },
                {
                    "type": "tuple",
                    "values": [
                        -0.03958910193856,
                        0.012475401254131787
                    ]
                },
                {
                    "type": "tuple",
                    "values": [
                        -0.028596588931691966,
                        0.012055043433072166
                    ]
                },
                {
                    "type": "tuple",
                    "values": [
                        -0.01656788268773608,
                        0.025898789896963592
                    ]
                }
            ]
        },
        "log_evidence": -73.10400944340141,
        "model": null
    }
}