{
    "type": "instance",
    "class_path": "autofit.non_linear.samples.summary.SamplesSummary",
    "arguments": {
        "log_evidence": -74.66430261816312,
        "values_at_sigma_1": {
            "type": "list",
            "values": [
                {
                    "type": "tuple",
                    "values": [
                        0.1562309890510646,
                        0.16396298216756
                    ]
                },
                {
                    "type": "tuple",
                    "values": [
                        -0.0378844707803,
                        -0.028217265749335946
                    ]
                },
                {
                    "type": "tuple",
                    "values": [
                        -0.0548491064785,
                        0.06641026812387844
                    ]
                },
                {
                    "type": "tuple",
                    "values": [
                        0.03131603849665,
                        0.12293642524702765
                    ]
                },
                {
                    "type": "tuple",
                    "values": [
                        -0.04411460621151,
                        0.049997959114529034
                    ]
                },
                {
                    "type": "tuple",
                    "values": [
                        -0.024705220300835853,
                        0.0765780247792331
                    ]
                },
                {
                    "type": "tuple",
                    "values": [
                        -0.06762554677431,
                        0.019887798023006713
                    ]
                },
                {
                    "type": "tuple",
                    "values": [
                        -0.07708226181094,
                        -0.020499681175458827
                    ]
                }
            ]
        },
        "values_at_sigma_3": {
            "type": "list",
            "values": [
                {
                    "type": "tuple",
                    "values": [
                        0.1502808101452236,
                        0.18456364963523
                    ]
                },
                {
                    "type": "tuple",
                    "values": [
                        -0.04828481705384426,
                        -0.01900225387289
                    ]
                },
                {
                    "type": "tuple",
                    "values": [
                        -0.08306315993259,
                        0.13529331302480496
                    ]
                },
                {
                    "type": "tuple",
                    "values": [
                        -0.05466188404379639,
                        0.17769688619034815
                    ]
                },
                {
                    "type": "tuple",
                    "values": [
                        -0.0760424434966,
                        0.09019059340466483
                    ]
                },
                {
                    "type": "tuple",
                    "values": [
                        -0.09590355580640657,
                        0.09876365765853
                    ]
                },
                {
                    "type": "tuple",
                    "values": [
                        -0.09822943933485083,
                        0.08978385113289035
                    ]
                },
                {
                    "type": "tuple",
                    "values": [
                        -0.09928070190464859,
                        0.0633557726262992
                    ]
                }
            ]
        },
        "max_log_likelihood_sample": {
            "type": "instance",
            "class_path": "autofit.non_linear.samples.sample.Sample",
            "arguments": {
                "log_likelihood": -52.71610871361471,
                "log_prior": 0.0,
                "weight": 0.001005016856335983,
                "kwargs": {
                    "type": "dict",
                    "arguments": {
                        "ellipses.0.ell_comps.ell_comps_0": 0.15730138118224,
                        "ellipses.0.ell_comps.ell_comps_1": -0.03620102432783,
                        "multipoles.0.multipole_1.multipole_comps.multipole_comps_0": 0.06086810518576,
                        "multipoles.0.multipole_1.multipole_comps.multipole_comps_1": 0.13908333588075,
                        "multipoles.0.multipole_3.multipole_comps.multipole_comps_0": -0.02674016477974,
                        "multipoles.0.multipole_3.multipole_comps.multipole_comps_1": -0.00663897852877,
                        "multipoles.0.multipole_4.multipole_comps.multipole_comps_0": 0.00332634799636,
                        "multipoles.0.multipole_4.multipole_comps.multipole_comps_1": -0.06005020056898
                    }
                }
            }
        },
        "model": null,
        "errors_at_sigma_3": {
            "type": "list",
            "values": [
                {
                    "type": "tuple",
                    "values": [
                        0.009244310952773005,
                        0.0250385285372334
                    ]
                },
                {
                    "type": "tuple",
                    "values": [
                        0.014494348546097144,
                        0.01478821463485712
                    ]
                },
                {
                    "type": "tuple",
                    "values": [
                        0.08617401128694069,
                        0.13218246167045428
                    ]
                },
                {
                    "type": "tuple",
                    "values": [
                        0.13496654494707638,
                        0.09739222528706815
                    ]
                },
                {
                    "type": "tuple",
                    "values": [
                        0.057848033879519256,
                        0.10838500302174557
                    ]
                },
                {
                    "type": "tuple",
                    "values": [
                        0.09512761454576657,
                        0.09953959891917
                    ]
                },
                {
                    "type": "tuple",
                    "values": [
                        0.08702195553872849,
                        0.10099133492901269
                    ]
                },
                {
                    "type": "tuple",
                    "values": [
                        0.039047997576400005,
                        0.12358847695454778
                    ]
                }
            ]
        },
        "median_pdf_sample": {
            "type": "instance",
            "class_path": "autofit.non_linear.samples.sample.Sample",
            "arguments": {
                "log_likelihood": -52.71610871361471,
                "log_prior": 0.0,
                "weight": 0.001005016856335983,
                "kwargs": {
                    "type": "dict",
                    "arguments": {
                        "ellipses.0.ell_comps.ell_comps_0": 0.1595251210979966,
                        "ellipses.0.ell_comps.ell_comps_1": -0.03379046850774712,
                        "multipoles.0.multipole_1.multipole_comps.multipole_comps_0": 0.0031108513543506877,
                        "multipoles.0.multipole_1.multipole_comps.multipole_comps_1": 0.08030466090328,
                        "multipoles.0.multipole_3.multipole_comps.multipole_comps_0": -0.018194409617080742,
                        "multipoles.0.multipole_3.multipole_comps.multipole_comps_1": -0.00077594126064,
                        "multipoles.0.multipole_4.multipole_comps.multipole_comps_0": -0.011207483796122332,
                        "multipoles.0.multipole_4.multipole_comps.multipole_comps_1": -0.060232704328248586
                    }
                }
            }
        },
        "errors_at_sigma_1": {
            "type": "list",
            "values": [
                {
                    "type": "tuple",
                    "values": [
                        0.0032941320469319912,
                        0.004437861069563398
                    ]
                },
                {
                    "type": "tuple",
                    "values": [
                        0.004094002272552882,
                        0.0055732027584111735
                    ]
                },
                {
                    "type": "tuple",
                    "values": [
                        0.057959957832850684,
                        0.06329941676952776
                    ]
                },
                {
                    "type": "tuple",
                    "values": [
                        0.04898862240663,
                        0.042631764343747644
                    ]
                },
                {
                    "type": "tuple",
                    "values": [
                        0.025920196594429255,
                        0.06819236873160978
                    ]
                },
                {
                    "type": "tuple",
                    "values": [
                        0.02392927904019585,
                        0.0773539660398731
                    ]
                },
                {
                    "type": "tuple",
                    "values": [
                        0.05641806297818767,
                        0.031095281819129045
                    ]
                },
                {
                    "type": "tuple",
                    "values": [
                        0.01684955748269141,
                        0.03973302315278976
                    ]
                }
            ]
        }
    }
}