{
    "type": "instance",
    "class_path": "autofit.non_linear.samples.summary.SamplesSummary",
    "arguments": {
        "model": null,
        "errors_at_sigma_3": {
            "type": "list",
            "values": [
                {
                    "type": "tuple",
                    "values": [
                        0.009079393870945474,
                        0.022895514620000827
                    ]
                },
                {
                    "type": "tuple",
                    "values": [
                        0.037836373836851615,
                        0.022389051822470002
                    ]
                }
            ]
        },
        "max_log_likelihood_sample": {
            "type": "instance",
            "class_path": "autofit.non_linear.samples.sample.Sample",
            "arguments": {
                "log_likelihood": -37.99817826070063,
                "log_prior": 0.0,
                "weight": 0.0010158210912320203,
                "kwargs": {
                    "type": "dict",
                    "arguments": {
                        "ellipses.0.ell_comps.ell_comps_0": -0.07329075897469,
                        "ellipses.0.ell_comps.ell_comps_1": -0.04512720792071
                    }
                }
            }
        },
        "log_evidence": -48.526505601307115,
        "median_pdf_sample": {
            "type": "instance",
            "class_path": "autofit.non_linear.samples.sample.Sample",
            "arguments": {
                "log_likelihood": -37.99817826070063,
                "log_prior": 0.0,
                "weight": 0.0010158210912320203,
                "kwargs": {
                    "type": "dict",
                    "arguments": {
                        "ellipses.0.ell_comps.ell_comps_0": -0.07197489630770021,
                        "ellipses.0.ell_comps.ell_comps_1": -0.04293262424969
                    }
                }
            }
        },
        "values_at_sigma_3": {
            "type": "list",
            "values": [
                {
                    "type": "tuple",
                    "values": [
                        -0.08105429017864568,
                        -0.04907938168769938
                    ]
                },
                {
                    "type": "tuple",
                    "values": [
                        -0.08076899808654162,
                        -0.02054357242722
                    ]
                }
            ]
        },
        "errors_at_sigma_1": {
            "type": "list",
            "values": [
                {
                    "type": "tuple",
                    "values": [
                        0.004030184517699792,
                        0.003999738292176855
                    ]
                },
                {
                    "type": "tuple",
                    "values": [
                        0.005478572276529807,
                        0.007124918620899999
                    ]
                }
            ]
        },
        "values_at_sigma_1": {
            "type": "list",
            "values": [
                {
                    "type": "tuple",
                    "values": [
                        -0.0760050808254,
                        -0.06797515801552335
                    ]
                },
                {
                    "type": "tuple",
                    "values": [
                        -0.04841119652621981,
                        -0.03580770562879
                    ]
                }
            ]
        }
    }
}