{
    "type": "instance",
    "class_path": "autofit.non_linear.samples.summary.SamplesSummary",
    "arguments": {
        "max_log_likelihood_sample": {
            "type": "instance",
            "class_path": "autofit.non_linear.samples.sample.Sample",
            "arguments": {
                "log_likelihood": -43.96503164330888,
                "log_prior": 0.0,
                "weight": 0.0009232494462386022,
                "kwargs": {
                    "type": "dict",
                    "arguments": {
                        "ellipses.0.ell_comps.ell_comps_0": 0.07009259816496,
                        "ellipses.0.ell_comps.ell_comps_1": 0.03946228695689,
                        "multipoles.0.multipole_3.multipole_comps.multipole_comps_0": -0.00171457637077,
                        "multipoles.0.multipole_3.multipole_comps.multipole_comps_1": -0.00770452162562,
                        "multipoles.0.multipole_4.multipole_comps.multipole_comps_0": -0.03824315738579,
                        "multipoles.0.multipole_4.multipole_comps.multipole_comps_1": -0.01906717726693
                    }
                }
            }
        },
        "model": null,
        "median_pdf_sample": {
            "type": "instance",
            "class_path": "autofit.non_linear.samples.sample.Sample",
            "arguments": {
                "log_likelihood": -43.96503164330888,
                "log_prior": 0.0,
                "weight": 0.0009232494462386022,
                "kwargs": {
                    "type": "dict",
                    "arguments": {
                        "ellipses.0.ell_comps.ell_comps_0": 0.07060599081674,
                        "ellipses.0.ell_comps.ell_comps_1": 0.0455099504035403,
                        "multipoles.0.multipole_3.multipole_comps.multipole_comps_0": 0.01362943761909,
                        "multipoles.0.multipole_3.multipole_comps.multipole_comps_1": -0.00103329831343,
                        "multipoles.0.multipole_4.multipole_comps.multipole_comps_0": -0.06111691197663169,
                        "multipoles.0.multipole_4.multipole_comps.multipole_comps_1": 0.03296912274335935
                    }
                }
            }
        },
        "errors_at_sigma_3": {
            "type": "list",
            "values": [
                {
                    "type": "tuple",
                    "values": [
                        0.025456922817784597,
                        0.025507961677539992
                    ]
                },
                {
                    "type": "tuple",
                    "values": [
                        0.02959928321163836,
                        0.027236933106668186
                    ]
                },
                {
                    "type": "tuple",
                    "values": [
                        0.06728763211638035,
                        0.0689059205784
                    ]
                },
                {
                    "type": "tuple",
                    "values": [
                        0.07731382854982609,
                        0.08363043634576
                    ]
                },
                {
                    "type": "tuple",
                    "values": [
                        0.03797282692524133,
                        0.09579908076697169
                    ]
                },
                {
                    "type": "tuple",
                    "values": [
                        0.12843274743317823,
                        0.06681071319867066
                    ]
                }
            ]
        },
        "values_at_sigma_1": {
            "type": "list",
            "values": [
                {
                    "type": "tuple",
                    "values": [
                        0.058546056316435204,
                        0.07860435840187574
                    ]
                },
                {
                    "type": "tuple",
                    "values": [
                        0.03220649143784847,
                        0.05892612367890788
                    ]
                },
                {
                    "type": "tuple",
                    "values": [
                        -0.013536825433764124,
                        0.04303877141290459
                    ]
                },
                {
                    "type": "tuple",
                    "values": [
                        -0.02783263935291,
                        0.03186190988070445
                    ]
                },
                {
                    "type": "tuple",
                    "values": [
                        -0.08114254228239019,
                        -0.02491524323544907
                    ]
                },
                {
                    "type": "tuple",
                    "values": [
                        -0.04343961621393,
                        0.08795466664116999
                    ]
                }
            ]
        },
        "log_evidence": -60.01974960090573,
        "values_at_sigma_3": {
            "type": "list",
            "values": [
                {
                    "type": "tuple",
                    "values": [
                        0.045149067998955406,
                        0.09611395249428
                    ]
                },
                {
                    "type": "tuple",
                    "values": [
                        0.01591066719190194,
                        0.07274688351020848
                    ]
                },
                {
                    "type": "tuple",
                    "values": [
                        -0.05365819449729035,
                        0.08253535819749
                    ]
                },
                {
                    "type": "tuple",
                    "values": [
                        -0.0783471268632561,
                        0.08259713803233
                    ]
                },
                {
                    "type": "tuple",
                    "values": [
                        -0.09908973890187302,
                        0.03468216879034
                    ]
                },
                {
                    "type": "tuple",
                    "values": [
                        -0.09546362468981888,
                        0.09977983594203
                    ]
                }
            ]
        },
        "errors_at_sigma_1": {
            "type": "list",
            "values": [
                {
                    "type": "tuple",
                    "values": [
                        0.012059934500304799,
                        0.007998367585135738
                    ]
                },
                {
                    "type": "tuple",
                    "values": [
                        0.01330345896569183,
                        0.01341617327536758
                    ]
                },
                {
                    "type": "tuple",
                    "values": [
                        0.027166263052854123,
                        0.02940933379381459
                    ]
                },
                {
                    "type": "tuple",
                    "values": [
                        0.02679934103948,
                        0.03289520819413445
                    ]
                },
                {
                    "type": "tuple",
                    "values": [
                        0.020025630305758504,
                        0.03620166874118262
                    ]
                },
                {
                    "type": "tuple",
                    "values": [
                        0.07640873895728935,
                        0.05498554389781064
                    ]
                }
            ]
        }
    }
}