{
    "type": "instance",
    "class_path": "autofit.non_linear.samples.summary.SamplesSummary",
    "arguments": {
        "values_at_sigma_1": {
            "type": "list",
            "values": [
                {
                    "type": "tuple",
                    "values": [
                        -0.14612150285843437,
                        -0.13992526546338818
                    ]
                },
                {
                    "type": "tuple",
                    "values": [
                        0.1581268039284,
                        0.1637759448027151
                    ]
                },
                {
                    "type": "tuple",
                    "values": [
                        -0.02813616120394,
                        0.02579762850599
                    ]
                },
                {
                    "type": "tuple",
                    "values": [
                        0.01728071909207,
                        0.08277734799313
                    ]
                },
                {
                    "type": "tuple",
                    "values": [
                        -0.08722748334125,
                        -0.05409023284667985
                    ]
                },
                {
                    "type": "tuple",
                    "values": [
                        -0.0124626026749,
                        0.04477830303708956
                    ]
                }
            ]
        },
        "median_pdf_sample": {
            "type": "instance",
            "class_path": "autofit.non_linear.samples.sample.Sample",
            "arguments": {
                "log_likelihood": -49.983973773658505,
                "log_prior": 0.0,
                "weight": 0.0009920488817318726,
                "kwargs": {
                    "type": "dict",
                    "arguments": {
                        "ellipses.0.ell_comps.ell_comps_0": -0.14390689887406746,
                        "ellipses.0.ell_comps.ell_comps_1": 0.16081839678828,
                        "multipoles.0.multipole_3.multipole_comps.multipole_comps_0": -0.014951701946517779,
                        "multipoles.0.multipole_3.multipole_comps.multipole_comps_1": 0.06187937977871124,
                        "multipoles.0.multipole_4.multipole_comps.multipole_comps_0": -0.07019124891897018,
                        "multipoles.0.multipole_4.multipole_comps.multipole_comps_1": 0.033176900774940274
                    }
                }
            }
        },
        "max_log_likelihood_sample": {
            "type": "instance",
            "class_path": "autofit.non_linear.samples.sample.Sample",
            "arguments": {
                "log_likelihood": -49.983973773658505,
                "log_prior": 0.0,
                "weight": 0.0009920488817318726,
                "kwargs": {
                    "type": "dict",
                    "arguments": {
                        "ellipses.0.ell_comps.ell_comps_0": -0.14409860637565,
                        "ellipses.0.ell_comps.ell_comps_1": 0.16120660293948,
                        "multipoles.0.multipole_3.multipole_comps.multipole_comps_0": -0.02456709257805,
                        "multipoles.0.multipole_3.multipole_comps.multipole_comps_1": 0.08894284473485,
                        "multipoles.0.multipole_4.multipole_comps.multipole_comps_0": -0.07471807552166,
                        "multipoles.0.multipole_4.multipole_comps.multipole_comps_1": 0.03212793907627
                    }
                }
            }
        },
        "model": null,
        "errors_at_sigma_3": {
            "type": "list",
            "values": [
                {
                    "type": "tuple",
                    "values": [
                        0.010098855284968011,
                        0.01645225713124071
                    ]
                },
                {
                    "type": "tuple",
                    "values": [
                        0.023034124621109986,
                        0.008887749541669987
                    ]
                },
                {
                    "type": "tuple",
                    "values": [
                        0.053572061063745804,
                        0.10276714397418778
                    ]
                },
                {
                    "type": "tuple",
                    "values": [
                        0.11089832446557114,
                        0.03733697447246876
                    ]
                },
                {
                    "type": "tuple",
                    "values": [
                        0.028771280746822323,
                        0.06972042507797017
                    ]
                },
                {
                    "type": "tuple",
                    "values": [
                        0.12422831067181027,
                        0.041484360604187934
                    ]
                }
            ]
        },
        "log_evidence": -70.2621166420993,
        "values_at_sigma_3": {
            "type": "list",
            "values": [
                {
                    "type": "tuple",
                    "values": [
                        -0.15400575415903547,
                        -0.12745464174282675
                    ]
                },
                {
                    "type": "tuple",
                    "values": [
                        0.13778427216717,
                        0.16970614632995
                    ]
                },
                {
                    "type": "tuple",
                    "values": [
                        -0.06852376301026358,
                        0.08781544202767
                    ]
                },
                {
                    "type": "tuple",
                    "values": [
                        -0.049018944686859904,
                        0.09921635425118
                    ]
                },
                {
                    "type": "tuple",
                    "values": [
                        -0.0989625296657925,
                        -0.000470823841
                    ]
                },
                {
                    "type": "tuple",
                    "values": [
                        -0.09105140989687,
                        0.07466126137912821
                    ]
                }
            ]
        },
        "errors_at_sigma_1": {
            "type": "list",
            "values": [
                {
                    "type": "tuple",
                    "values": [
                        0.002214603984366903,
                        0.0039816334106792806
                    ]
                },
                {
                    "type": "tuple",
                    "values": [
                        0.002691592859879993,
                        0.0029575480144350963
                    ]
                },
                {
                    "type": "tuple",
                    "values": [
                        0.013184459257422221,
                        0.04074933045250778
                    ]
                },
                {
                    "type": "tuple",
                    "values": [
                        0.04459866068664124,
                        0.020897968214418756
                    ]
                },
                {
                    "type": "tuple",
                    "values": [
                        0.01703623442227982,
                        0.016101016072290322
                    ]
                },
                {
                    "type": "tuple",
                    "values": [
                        0.045639503449840274,
                        0.011601402262149285
                    ]
                }
            ]
        }
    }
}