{
    "type": "instance",
    "class_path": "autofit.non_linear.samples.summary.SamplesSummary",
    "arguments": {
        "values_at_sigma_1": {
            "type": "list",
            "values": [
                {
                    "type": "tuple",
                    "values": [
                        0.08472078381118865,
                        0.08974218755390284
                    ]
                },
                {
                    "type": "tuple",
                    "values": [
                        0.21720047998506,
                        0.22059466571410613
                    ]
                },
                {
                    "type": "tuple",
                    "values": [
                        -0.0014069835087861737,
                        0.025482521714568603
                    ]
                },
                {
                    "type": "tuple",
                    "values": [
                        0.007659912367498213,
                        0.037198412663864595
                    ]
                },
                {
                    "type": "tuple",
                    "values": [
                        -0.01550871701774744,
                        0.00485159397264
                    ]
                },
                {
                    "type": "tuple",
                    "values": [
                        0.010553287014849195,
                        0.04275760314313
                    ]
                },
                {
                    "type": "tuple",
                    "values": [
                        0.019634660227932713,
                        0.04219064148962224
                    ]
                },
                {
                    "type": "tuple",
                    "values": [
                        -0.06715682453922948,
                        -0.03018745401689223
                    ]
                }
            ]
        },
        "values_at_sigma_3": {
            "type": "list",
            "values": [
                {
                    "type": "tuple",
                    "values": [
                        0.08014335245972,
                        0.09475817030640109
                    ]
                },
                {
                    "type": "tuple",
                    "values": [
                        0.21049292604888,
                        0.22376507176256777
                    ]
                },
                {
                    "type": "tuple",
                    "values": [
                        -0.02767148881281,
                        0.041461343265946325
                    ]
                },
                {
                    "type": "tuple",
                    "values": [
                        -0.013576655162523708,
                        0.06887594928787613
                    ]
                },
                {
                    "type": "tuple",
                    "values": [
                        -0.03793293026132,
                        0.02258483209542
                    ]
                },
                {
                    "type": "tuple",
                    "values": [
                        -0.010767448726280535,
                        0.06490383515500187
                    ]
                },
                {
                    "type": "tuple",
                    "values": [
                        -0.015643930246521477,
                        0.05966435447949492
                    ]
                },
                {
                    "type": "tuple",
                    "values": [
                        -0.09535948585535,
                        -0.010300201894189256
                    ]
                }
            ]
        },
        "max_log_likelihood_sample": {
            "type": "instance",
            "class_path": "autofit.non_linear.samples.sample.Sample",
            "arguments": {
                "log_likelihood": -75.67831152438958,
                "log_prior": 0.0,
                "weight": 0.0009317714680128195,
                "kwargs": {
                    "type": "dict",
                    "arguments": {
                        "ellipses.0.ell_comps.ell_comps_0": 0.08654102674566,
                        "ellipses.0.ell_comps.ell_comps_1": 0.21928900580624,
                        "multipoles.0.multipole_1.multipole_comps.multipole_comps_0": 0.02262714057795,
                        "multipoles.0.multipole_1.multipole_comps.multipole_comps_1": 0.0120393804476,
                        "multipoles.0.multipole_3.multipole_comps.multipole_comps_0": 0.00235770735711,
                        "multipoles.0.multipole_3.multipole_comps.multipole_comps_1": 0.02525436360997,
                        "multipoles.0.multipole_4.multipole_comps.multipole_comps_0": 0.03642627888961,
                        "multipoles.0.multipole_4.multipole_comps.multipole_comps_1": -0.0382270113
                    }
                }
            }
        },
        "median_pdf_sample": {
            "type": "instance",
            "class_path": "autofit.non_linear.samples.sample.Sample",
            "arguments": {
                "log_likelihood": -75.67831152438958,
                "log_prior": 0.0,
                "weight": 0.0009317714680128195,
                "kwargs": {
                    "type": "dict",
                    "arguments": {
                        "ellipses.0.ell_comps.ell_comps_0": 0.08701913040955,
                        "ellipses.0.ell_comps.ell_comps_1": 0.21900599832477,
                        "multipoles.0.multipole_1.multipole_comps.multipole_comps_0": 0.01208282786032921,
                        "multipoles.0.multipole_1.multipole_comps.multipole_comps_1": 0.0209850723046388,
                        "multipoles.0.multipole_3.multipole_comps.multipole_comps_0": -0.005064391749337925,
                        "multipoles.0.multipole_3.multipole_comps.multipole_comps_1": 0.025015854518340007,
                        "multipoles.0.multipole_4.multipole_comps.multipole_comps_0": 0.03037634747632,
                        "multipoles.0.multipole_4.multipole_comps.multipole_comps_1": -0.04144166610117672
                    }
                }
            }
        },
        "model": null,
        "errors_at_sigma_1": {
            "type": "list",
            "values": [
                {
                    "type": "tuple",
                    "values": [
                        0.0022983465983613532,
                        0.002723057144352836
                    ]
                },
                {
                    "type": "tuple",
                    "values": [
                        0.0018055183397099883,
                        0.0015886673893361347
                    ]
                },
                {
                    "type": "tuple",
                    "values": [
                        0.013489811369115383,
                        0.013399693854239393
                    ]
                },
                {
                    "type": "tuple",
                    "values": [
                        0.013325159937140587,
                        0.016213340359225795
                    ]
                },
                {
                    "type": "tuple",
                    "values": [
                        0.010444325268409516,
                        0.009915985721977924
                    ]
                },
                {
                    "type": "tuple",
                    "values": [
                        0.014462567503490812,
                        0.017741748624789992
                    ]
                },
                {
                    "type": "tuple",
                    "values": [
                        0.010741687248387286,
                        0.01181429401330224
                    ]
                },
                {
                    "type": "tuple",
                    "values": [
                        0.025715158438052763,
                        0.011254212084284492
                    ]
                }
            ]
        },
        "errors_at_sigma_3": {
            "type": "list",
            "values": [
                {
                    "type": "tuple",
                    "values": [
                        0.006875777949830006,
                        0.007739039896851083
                    ]
                },
                {
                    "type": "tuple",
                    "values": [
                        0.008513072275889988,
                        0.004759073437797773
                    ]
                },
                {
                    "type": "tuple",
                    "values": [
                        0.03975431667313921,
                        0.029378515405617117
                    ]
                },
                {
                    "type": "tuple",
                    "values": [
                        0.03456172746716251,
                        0.04789087698323733
                    ]
                },
                {
                    "type": "tuple",
                    "values": [
                        0.03286853851198207,
                        0.027649223844757924
                    ]
                },
                {
                    "type": "tuple",
                    "values": [
                        0.03578330324462054,
                        0.03988798063666186
                    ]
                },
                {
                    "type": "tuple",
                    "values": [
                        0.04602027772284148,
                        0.02928800700317492
                    ]
                },
                {
                    "type": "tuple",
                    "values": [
                        0.053917819754173285,
                        0.031141464206987466
                    ]
                }
            ]
        },
        "log_evidence": -100.39258661200985
    }
}