{
    "type": "instance",
    "class_path": "autofit.non_linear.samples.summary.SamplesSummary",
    "arguments": {
        "errors_at_sigma_1": {
            "type": "list",
            "values": [
                {
                    "type": "tuple",
                    "values": [
                        0.0005836330254135962,
                        0.0005338829584199999
                    ]
                },
                {
                    "type": "tuple",
                    "values": [
                        0.0005418458225551972,
                        0.0005799897614480548
                    ]
                },
                {
                    "type": "tuple",
                    "values": [
                        0.00330483334105873,
                        0.0035334697957852823
                    ]
                },
                {
                    "type": "tuple",
                    "values": [
                        0.003591380936165914,
                        0.003519850825513272
                    ]
                },
                {
                    "type": "tuple",
                    "values": [
                        0.0009083019902578263,
                        0.0008776239094536131
                    ]
                },
                {
                    "type": "tuple",
                    "values": [
                        0.0008531592880295049,
                        0.00083787307261
                    ]
                },
                {
                    "type": "tuple",
                    "values": [
                        0.00106232608054,
                        0.0011087321550937003
                    ]
                },
                {
                    "type": "tuple",
                    "values": [
                        0.0009457118222711143,
                        0.001050544299783436
                    ]
                },
                {
                    "type": "tuple",
                    "values": [
                        0.00104074998304457,
                        0.000938490111814072
                    ]
                },
                {
                    "type": "tuple",
                    "values": [
                        0.0013153534698689927,
                        0.0013474308590597402
                    ]
                },
                {
                    "type": "tuple",
                    "values": [
                        0.0010011481746814278,
                        0.00107382508641
                    ]
                },
                {
                    "type": "tuple",
                    "values": [
                        0.0013150292508300001,
                        0.0011442947619102308
                    ]
                },
                {
                    "type": "tuple",
                    "values": [
                        0.001370130626867823,
                        0.001289982151962229
                    ]
                },
                {
                    "type": "tuple",
                    "values": [
                        0.0012092679523651377,
                        0.0011969163134848623
                    ]
                },
                {
                    "type": "tuple",
                    "values": [
                        0.001939525730718497,
                        0.00200824993493999
                    ]
                },
                {
                    "type": "tuple",
                    "values": [
                        0.0019153547590000028,
                        0.0019576604301799957
                    ]
                },
                {
                    "type": "tuple",
                    "values": [
                        0.0027686451990677078,
                        0.0023293488720988243
                    ]
                },
                {
                    "type": "tuple",
                    "values": [
                        0.0035004358183422144,
                        0.0030208462258581852
                    ]
                },
                {
                    "type": "tuple",
                    "values": [
                        0.00398423790654,
                        0.004202008216185438
                    ]
                },
                {
                    "type": "tuple",
                    "values": [
                        0.0035838539387665997,
                        0.003774554959941289
                    ]
                },
                {
                    "type": "tuple",
                    "values": [
                        0.001625997348769212,
                        0.003836597054297494
                    ]
                },
                {
                    "type": "tuple",
                    "values": [
                        0.0015171249802806291,
                        0.0020728990800495672
                    ]
                },
                {
                    "type": "tuple",
                    "values": [
                        0.018651100171429447,
                        0.007128620063251809
                    ]
                },
                {
                    "type": "tuple",
                    "values": [
                        0.003393259712911127,
                        0.00457507478718
                    ]
                },
                {
                    "type": "tuple",
                    "values": [
                        0.005865416555107028,
                        0.011464409973799921
                    ]
                },
                {
                    "type": "tuple",
                    "values": [
                        0.004595047801823328,
                        0.005692469961551587
                    ]
                },
                {
                    "type": "tuple",
                    "values": [
                        0.0017081918478464853,
                        0.0013043593302935197
                    ]
                },
                {
                    "type": "tuple",
                    "values": [
                        0.0015268410354090031,
                        0.002561929625484703
                    ]
                },
                {
                    "type": "tuple",
                    "values": [
                        0.011469950524869713,
                        0.007318971855813899
                    ]
                },
                {
                    "type": "tuple",
                    "values": [
                        0.00555816275700638,
                        0.008605027913787366
                    ]
                },
                {
                    "type": "tuple",
                    "values": [
                        0.01109708835387,
                        0.008506615086060001
                    ]
                },
                {
                    "type": "tuple",
                    "values": [
                        0.007467469903612724,
                        0.00450157618454
                    ]
                }
            ]
        },
        "log_evidence": -379.0468711624534,
        "median_pdf_sample": {
            "type": "instance",
            "class_path": "autofit.non_linear.samples.sample.Sample",
            "arguments": {
                "log_likelihood": -248.9773827777326,
                "log_prior": 0.0,
                "weight": 0.0011264834581252883,
                "kwargs": {
                    "type": "dict",
                    "arguments": {
                        "ellipses.ellipse_4.centre.centre_0": 0.00100482238187,
                        "ellipses.ellipse_4.centre.centre_1": -0.0004985150159748027,
                        "ellipses.ellipse_0.ell_comps.ell_comps_0": -0.12248633303220528,
                        "ellipses.ellipse_0.ell_comps.ell_comps_1": -0.01791590001625414,
                        "multipoles.0.multipole_3.multipole_comps.multipole_comps_0": -0.0012154640781621869,
                        "multipoles.0.multipole_3.multipole_comps.multipole_comps_1": 0.00020322808167,
                        "multipoles.0.multipole_4.multipole_comps.multipole_comps_0": -0.00161221998321,
                        "multipoles.0.multipole_4.multipole_comps.multipole_comps_1": 0.0005554864443314294,
                        "ellipses.ellipse_1.ell_comps.ell_comps_0": -0.13049917442037,
                        "ellipses.ellipse_1.ell_comps.ell_comps_1": -0.03063844629947481,
                        "multipoles.1.multipole_3.multipole_comps.multipole_comps_0": -0.00161379181029,
                        "multipoles.1.multipole_3.multipole_comps.multipole_comps_1": 0.00206217793096,
                        "multipoles.1.multipole_4.multipole_comps.multipole_comps_0": -0.00191163154188,
                        "multipoles.1.multipole_4.multipole_comps.multipole_comps_1": -0.0037722678021048623,
                        "ellipses.ellipse_2.ell_comps.ell_comps_0": -0.11444812042234,
                        "ellipses.ellipse_2.ell_comps.ell_comps_1": -0.03355837151874,
                        "multipoles.2.multipole_3.multipole_comps.multipole_comps_0": -0.0019051650851388243,
                        "multipoles.2.multipole_3.multipole_comps.multipole_comps_1": 0.00065522893415,
                        "multipoles.2.multipole_4.multipole_comps.multipole_comps_0": -0.00083099740807,
                        "multipoles.2.multipole_4.multipole_comps.multipole_comps_1": -0.007697013188751289,
                        "ellipses.ellipse_3.ell_comps.ell_comps_0": -0.09977760465769,
                        "ellipses.ellipse_3.ell_comps.ell_comps_1": -0.06642894645503937,
                        "multipoles.3.multipole_3.multipole_comps.multipole_comps_0": 0.03566909775472,
                        "multipoles.3.multipole_3.multipole_comps.multipole_comps_1": -0.00784798605301,
                        "multipoles.3.multipole_4.multipole_comps.multipole_comps_0": -0.017218680485652973,
                        "multipoles.3.multipole_4.multipole_comps.multipole_comps_1": 0.01770924386405333,
                        "ellipses.ellipse_4.ell_comps.ell_comps_0": -0.07525151922844352,
                        "ellipses.ellipse_4.ell_comps.ell_comps_1": -0.05545555364164969,
                        "multipoles.4.multipole_3.multipole_comps.multipole_comps_0": 0.028711537521004207,
                        "multipoles.4.multipole_3.multipole_comps.multipole_comps_1": -0.03913281649814,
                        "multipoles.4.multipole_4.multipole_comps.multipole_comps_0": -0.04848318861044,
                        "multipoles.4.multipole_4.multipole_comps.multipole_comps_1": 0.00706405858465
                    }
                }
            }
        },
        "max_log_likelihood_sample": {
            "type": "instance",
            "class_path": "autofit.non_linear.samples.sample.Sample",
            "arguments": {
                "log_likelihood": -248.9773827777326,
                "log_prior": 0.0,
                "weight": 0.0011264834581252883,
                "kwargs": {
                    "type": "dict",
                    "arguments": {
                        "ellipses.ellipse_4.centre.centre_0": 0.00093590650607,
                        "ellipses.ellipse_4.centre.centre_1": -0.00056779983749,
                        "ellipses.ellipse_0.ell_comps.ell_comps_0": -0.12294592733006,
                        "ellipses.ellipse_0.ell_comps.ell_comps_1": -0.01817046441491,
                        "multipoles.0.multipole_3.multipole_comps.multipole_comps_0": -0.00073695783023,
                        "multipoles.0.multipole_3.multipole_comps.multipole_comps_1": -0.00028444774936,
                        "multipoles.0.multipole_4.multipole_comps.multipole_comps_0": -0.00016491581808,
                        "multipoles.0.multipole_4.multipole_comps.multipole_comps_1": 0.0003562207012,
                        "ellipses.ellipse_1.ell_comps.ell_comps_0": -0.13018902313065,
                        "ellipses.ellipse_1.ell_comps.ell_comps_1": -0.02979846591631,
                        "multipoles.1.multipole_3.multipole_comps.multipole_comps_0": -0.00108446132604,
                        "multipoles.1.multipole_3.multipole_comps.multipole_comps_1": 0.0016472344289,
                        "multipoles.1.multipole_4.multipole_comps.multipole_comps_0": -0.0022195874016,
                        "multipoles.1.multipole_4.multipole_comps.multipole_comps_1": -0.00377227314427,
                        "ellipses.ellipse_2.ell_comps.ell_comps_0": -0.1134997757507,
                        "ellipses.ellipse_2.ell_comps.ell_comps_1": -0.03230220239391,
                        "multipoles.2.multipole_3.multipole_comps.multipole_comps_0": -0.00203744052034,
                        "multipoles.2.multipole_3.multipole_comps.multipole_comps_1": -0.00022548850766,
                        "multipoles.2.multipole_4.multipole_comps.multipole_comps_0": 0.00353275123681,
                        "multipoles.2.multipole_4.multipole_comps.multipole_comps_1": -0.00250220597891,
                        "ellipses.ellipse_3.ell_comps.ell_comps_0": -0.10167128142208,
                        "ellipses.ellipse_3.ell_comps.ell_comps_1": -0.06562987564533,
                        "multipoles.3.multipole_3.multipole_comps.multipole_comps_0": 0.04524030742356,
                        "multipoles.3.multipole_3.multipole_comps.multipole_comps_1": -0.00894124044472,
                        "multipoles.3.multipole_4.multipole_comps.multipole_comps_0": -0.02616070031907,
                        "multipoles.3.multipole_4.multipole_comps.multipole_comps_1": 0.01687122191004,
                        "ellipses.ellipse_4.ell_comps.ell_comps_0": -0.0790100510261,
                        "ellipses.ellipse_4.ell_comps.ell_comps_1": -0.05158017945767,
                        "multipoles.4.multipole_3.multipole_comps.multipole_comps_0": 0.03365695843724,
                        "multipoles.4.multipole_3.multipole_comps.multipole_comps_1": -0.04397330725683,
                        "multipoles.4.multipole_4.multipole_comps.multipole_comps_0": -0.04325390505468,
                        "multipoles.4.multipole_4.multipole_comps.multipole_comps_1": 0.00976884623363
                    }
                }
            }
        },
        "model": null,
        "errors_at_sigma_3": {
            "type": "list",
            "values": [
                {
                    "type": "tuple",
                    "values": [
                        0.0031205972738950595,
                        0.0017470910673259468
                    ]
                },
                {
                    "type": "tuple",
                    "values": [
                        0.001607570121825197,
                        0.0018215427793548027
                    ]
                },
                {
                    "type": "tuple",
                    "values": [
                        0.009497595728952882,
                        0.008692662556165284
                    ]
                },
                {
                    "type": "tuple",
                    "values": [
                        0.013219866381869626,
                        0.011386706002977396
                    ]
                },
                {
                    "type": "tuple",
                    "values": [
                        0.002815052816777813,
                        0.003129801667182187
                    ]
                },
                {
                    "type": "tuple",
                    "values": [
                        0.002213710434932012,
                        0.00258659959239
                    ]
                },
                {
                    "type": "tuple",
                    "values": [
                        0.003220353663423027,
                        0.0032740270539244128
                    ]
                },
                {
                    "type": "tuple",
                    "values": [
                        0.0030119665868414292,
                        0.0031043640671611626
                    ]
                },
                {
                    "type": "tuple",
                    "values": [
                        0.0033127320534342974,
                        0.0031815938626200135
                    ]
                },
                {
                    "type": "tuple",
                    "values": [
                        0.003987253634269706,
                        0.0036865909858276556
                    ]
                },
                {
                    "type": "tuple",
                    "values": [
                        0.00285434063979,
                        0.004273960925224632
                    ]
                },
                {
                    "type": "tuple",
                    "values": [
                        0.003501426417872281,
                        0.0032040172386787347
                    ]
                },
                {
                    "type": "tuple",
                    "values": [
                        0.00427400623416117,
                        0.0036294239187000003
                    ]
                },
                {
                    "type": "tuple",
                    "values": [
                        0.0035533979237348163,
                        0.0032278669923455875
                    ]
                },
                {
                    "type": "tuple",
                    "values": [
                        0.006938641849450006,
                        0.004822595514747494
                    ]
                },
                {
                    "type": "tuple",
                    "values": [
                        0.0058241286749727145,
                        0.006674100824380809
                    ]
                },
                {
                    "type": "tuple",
                    "values": [
                        0.008279149332191177,
                        0.008298438334718824
                    ]
                },
                {
                    "type": "tuple",
                    "values": [
                        0.012713647391418996,
                        0.008124398620634903
                    ]
                },
                {
                    "type": "tuple",
                    "values": [
                        0.023063253636833578,
                        0.010541928836013795
                    ]
                },
                {
                    "type": "tuple",
                    "values": [
                        0.012062277733441502,
                        0.01037876513533129
                    ]
                },
                {
                    "type": "tuple",
                    "values": [
                        0.00611841030212,
                        0.019335176118940284
                    ]
                },
                {
                    "type": "tuple",
                    "values": [
                        0.005263258222325637,
                        0.007121449809489373
                    ]
                },
                {
                    "type": "tuple",
                    "values": [
                        0.04701416010916497,
                        0.016474939476493283
                    ]
                },
                {
                    "type": "tuple",
                    "values": [
                        0.009148620813975064,
                        0.01357917504305
                    ]
                },
                {
                    "type": "tuple",
                    "values": [
                        0.012985831685397027,
                        0.03138710040717298
                    ]
                },
                {
                    "type": "tuple",
                    "values": [
                        0.01503792630983333,
                        0.02324381451750076
                    ]
                },
                {
                    "type": "tuple",
                    "values": [
                        0.004374252192284864,
                        0.002681722491973515
                    ]
                },
                {
                    "type": "tuple",
                    "values": [
                        0.002676989901460314,
                        0.004719542138421719
                    ]
                },
                {
                    "type": "tuple",
                    "values": [
                        0.035449076535503554,
                        0.018946795810485792
                    ]
                },
                {
                    "type": "tuple",
                    "values": [
                        0.012837605675203617,
                        0.026949650888350003
                    ]
                },
                {
                    "type": "tuple",
                    "values": [
                        0.025229074850990005,
                        0.023639817691034605
                    ]
                },
                {
                    "type": "tuple",
                    "values": [
                        0.02361116913091,
                        0.011084230584034245
                    ]
                }
            ]
        },
        "values_at_sigma_1": {
            "type": "list",
            "values": [
                {
                    "type": "tuple",
                    "values": [
                        0.0004211893564564039,
                        0.00153870534029
                    ]
                },
                {
                    "type": "tuple",
                    "values": [
                        -0.00104036083853,
                        8.14747454732521e-05
                    ]
                },
                {
                    "type": "tuple",
                    "values": [
                        -0.125791166373264,
                        -0.11895286323642
                    ]
                },
                {
                    "type": "tuple",
                    "values": [
                        -0.021507280952420053,
                        -0.014396049190740867
                    ]
                },
                {
                    "type": "tuple",
                    "values": [
                        -0.002123766068420013,
                        -0.00033784016870857375
                    ]
                },
                {
                    "type": "tuple",
                    "values": [
                        -0.0006499312063595049,
                        0.00104110115428
                    ]
                },
                {
                    "type": "tuple",
                    "values": [
                        -0.00267454606375,
                        -0.0005034878281162995
                    ]
                },
                {
                    "type": "tuple",
                    "values": [
                        -0.0003902253779396849,
                        0.0016060307441148655
                    ]
                },
                {
                    "type": "tuple",
                    "values": [
                        -0.13153992440341458,
                        -0.12956068430855594
                    ]
                },
                {
                    "type": "tuple",
                    "values": [
                        -0.0319537997693438,
                        -0.02929101544041507
                    ]
                },
                {
                    "type": "tuple",
                    "values": [
                        -0.002614939984971428,
                        -0.00053996672388
                    ]
                },
                {
                    "type": "tuple",
                    "values": [
                        0.00074714868013,
                        0.003206472692870231
                    ]
                },
                {
                    "type": "tuple",
                    "values": [
                        -0.003281762168747823,
                        -0.000621649389917771
                    ]
                },
                {
                    "type": "tuple",
                    "values": [
                        -0.00498153575447,
                        -0.00257535148862
                    ]
                },
                {
                    "type": "tuple",
                    "values": [
                        -0.1163876461530585,
                        -0.1124398704874
                    ]
                },
                {
                    "type": "tuple",
                    "values": [
                        -0.03547372627774,
                        -0.03160071108856
                    ]
                },
                {
                    "type": "tuple",
                    "values": [
                        -0.004673810284206532,
                        0.00042418378696
                    ]
                },
                {
                    "type": "tuple",
                    "values": [
                        -0.0028452068841922145,
                        0.003676075160008185
                    ]
                },
                {
                    "type": "tuple",
                    "values": [
                        -0.00481523531461,
                        0.003371010808115438
                    ]
                },
                {
                    "type": "tuple",
                    "values": [
                        -0.011280867127517889,
                        -0.00392245822881
                    ]
                },
                {
                    "type": "tuple",
                    "values": [
                        -0.10140360200645922,
                        -0.09594100760339251
                    ]
                },
                {
                    "type": "tuple",
                    "values": [
                        -0.06794607143532,
                        -0.0643560473749898
                    ]
                },
                {
                    "type": "tuple",
                    "values": [
                        0.01701799758329055,
                        0.04279771781797181
                    ]
                },
                {
                    "type": "tuple",
                    "values": [
                        -0.011241245765921127,
                        -0.00327291126583
                    ]
                },
                {
                    "type": "tuple",
                    "values": [
                        -0.02308409704076,
                        -0.005754270511853053
                    ]
                },
                {
                    "type": "tuple",
                    "values": [
                        0.01311419606223,
                        0.023401713825604915
                    ]
                },
                {
                    "type": "tuple",
                    "values": [
                        -0.07695971107629,
                        -0.07394715989815
                    ]
                },
                {
                    "type": "tuple",
                    "values": [
                        -0.05698239467705869,
                        -0.052893624016164986
                    ]
                },
                {
                    "type": "tuple",
                    "values": [
                        0.017241586996134494,
                        0.03603050937681811
                    ]
                },
                {
                    "type": "tuple",
                    "values": [
                        -0.04469097925514638,
                        -0.030527788584352636
                    ]
                },
                {
                    "type": "tuple",
                    "values": [
                        -0.05958027696431,
                        -0.03997657352438
                    ]
                },
                {
                    "type": "tuple",
                    "values": [
                        -0.0004034113189627236,
                        0.01156563476919
                    ]
                }
            ]
        },
        "values_at_sigma_3": {
            "type": "list",
            "values": [
                {
                    "type": "tuple",
                    "values": [
                        -0.0021157748920250597,
                        0.002751913449195947
                    ]
                },
                {
                    "type": "tuple",
                    "values": [
                        -0.0021060851378,
                        0.00132302776338
                    ]
                },
                {
                    "type": "tuple",
                    "values": [
                        -0.13198392876115816,
                        -0.11379367047604
                    ]
                },
                {
                    "type": "tuple",
                    "values": [
                        -0.031135766398123765,
                        -0.006529194013276744
                    ]
                },
                {
                    "type": "tuple",
                    "values": [
                        -0.00403051689494,
                        0.00191433758902
                    ]
                },
                {
                    "type": "tuple",
                    "values": [
                        -0.002010482353262012,
                        0.00278982767406
                    ]
                },
                {
                    "type": "tuple",
                    "values": [
                        -0.004832573646633027,
                        0.0016618070707144128
                    ]
                },
                {
                    "type": "tuple",
                    "values": [
                        -0.00245648014251,
                        0.003659850511492592
                    ]
                },
                {
                    "type": "tuple",
                    "values": [
                        -0.1338119064738043,
                        -0.12731758055775
                    ]
                },
                {
                    "type": "tuple",
                    "values": [
                        -0.034625699933744515,
                        -0.026951855313647154
                    ]
                },
                {
                    "type": "tuple",
                    "values": [
                        -0.00446813245008,
                        0.002660169114934632
                    ]
                },
                {
                    "type": "tuple",
                    "values": [
                        -0.0014392484869122806,
                        0.005266195169638735
                    ]
                },
                {
                    "type": "tuple",
                    "values": [
                        -0.00618563777604117,
                        0.00171779237682
                    ]
                },
                {
                    "type": "tuple",
                    "values": [
                        -0.007325665725839679,
                        -0.0005444008097592747
                    ]
                },
                {
                    "type": "tuple",
                    "values": [
                        -0.12138676227179,
                        -0.1096255249075925
                    ]
                },
                {
                    "type": "tuple",
                    "values": [
                        -0.03938250019371271,
                        -0.02688427069435919
                    ]
                },
                {
                    "type": "tuple",
                    "values": [
                        -0.01018431441733,
                        0.00639327324958
                    ]
                },
                {
                    "type": "tuple",
                    "values": [
                        -0.012058418457268997,
                        0.008779627554784902
                    ]
                },
                {
                    "type": "tuple",
                    "values": [
                        -0.02389425104490358,
                        0.009710931427943796
                    ]
                },
                {
                    "type": "tuple",
                    "values": [
                        -0.01975929092219279,
                        0.00268175194658
                    ]
                },
                {
                    "type": "tuple",
                    "values": [
                        -0.10589601495981,
                        -0.08044242853874972
                    ]
                },
                {
                    "type": "tuple",
                    "values": [
                        -0.071692204677365,
                        -0.05930749664555
                    ]
                },
                {
                    "type": "tuple",
                    "values": [
                        -0.01134506235444497,
                        0.05214403723121328
                    ]
                },
                {
                    "type": "tuple",
                    "values": [
                        -0.016996606866985065,
                        0.00573118899004
                    ]
                },
                {
                    "type": "tuple",
                    "values": [
                        -0.03020451217105,
                        0.01416841992152
                    ]
                },
                {
                    "type": "tuple",
                    "values": [
                        0.00267131755422,
                        0.04095305838155409
                    ]
                },
                {
                    "type": "tuple",
                    "values": [
                        -0.07962577142072838,
                        -0.07256979673647
                    ]
                },
                {
                    "type": "tuple",
                    "values": [
                        -0.05813254354311,
                        -0.05073601150322797
                    ]
                },
                {
                    "type": "tuple",
                    "values": [
                        -0.006737539014499345,
                        0.04765833333149
                    ]
                },
                {
                    "type": "tuple",
                    "values": [
                        -0.05197042217334362,
                        -0.01218316560979
                    ]
                },
                {
                    "type": "tuple",
                    "values": [
                        -0.07371226346143,
                        -0.024843370919405396
                    ]
                },
                {
                    "type": "tuple",
                    "values": [
                        -0.01654711054626,
                        0.018148289168684245
                    ]
                }
            ]
        }
    }
}