{
    "type": "instance",
    "class_path": "autofit.non_linear.samples.summary.SamplesSummary",
    "arguments": {
        "log_evidence": -21.864634421434296,
        "max_log_likelihood_sample": {
            "type": "instance",
            "class_path": "autofit.non_linear.samples.sample.Sample",
            "arguments": {
                "log_likelihood": -13.996722128513447,
                "log_prior": 0.0,
                "weight": 0.0009836466085904937,
                "kwargs": {
                    "type": "dict",
                    "arguments": {
                        "ellipses.0.ell_comps.ell_comps_0": -0.05517485088512,
                        "ellipses.0.ell_comps.ell_comps_1": 0.01973698358849
                    }
                }
            }
        },
        "model": null,
        "values_at_sigma_3": {
            "type": "list",
            "values": [
                {
                    "type": "tuple",
                    "values": [
                        -0.08672820995427188,
                        -0.0222474529954
                    ]
                },
                {
                    "type": "tuple",
                    "values": [
                        -0.009732854489076558,
                        0.047282055760362846
                    ]
                }
            ]
        },
        "median_pdf_sample": {
            "type": "instance",
            "class_path": "autofit.non_linear.samples.sample.Sample",
            "arguments": {
                "log_likelihood": -13.996722128513447,
                "log_prior": 0.0,
                "weight": 0.0009836466085904937,
                "kwargs": {
                    "type": "dict",
                    "arguments": {
                        "ellipses.0.ell_comps.ell_comps_0": -0.05626681051289655,
                        "ellipses.0.ell_comps.ell_comps_1": 0.01877410299400832
                    }
                }
            }
        },
        "values_at_sigma_1": {
            "type": "list",
            "values": [
                {
                    "type": "tuple",
                    "values": [
                        -0.06744987977970586,
                        -0.044752107139693666
                    ]
                },
                {
                    "type": "tuple",
                    "values": [
                        0.008820332452072229,
                        0.02924172589419
                    ]
                }
            ]
        },
        "errors_at_sigma_1": {
            "type": "list",
            "values": [
                {
                    "type": "tuple",
                    "values": [
                        0.011183069266809308,
                        0.011514703373202886
                    ]
                },
                {
                    "type": "tuple",
                    "values": [
                        0.009953770541936092,
                        0.010467622900181679
                    ]
                }
            ]
        },
        "errors_at_sigma_3": {
            "type": "list",
            "values": [
                {
                    "type": "tuple",
                    "values": [
                        0.030461399441375332,
                        0.03401935751749655
                    ]
                },
                {
                    "type": "tuple",
                    "values": [
                        0.028506957483084877,
                        0.028507952766354525
                    ]
                }
            ]
        }
    }
}