{
    "type": "instance",
    "class_path": "autofit.non_linear.samples.summary.SamplesSummary",
    "arguments": {
        "max_log_likelihood_sample": {
            "type": "instance",
            "class_path": "autofit.non_linear.samples.sample.Sample",
            "arguments": {
                "log_likelihood": -39.64644495539804,
                "log_prior": 0.0,
                "weight": 0.0009900109895681491,
                "kwargs": {
                    "type": "dict",
                    "arguments": {
                        "ellipses.0.ell_comps.ell_comps_0": -0.05427193980469,
                        "ellipses.0.ell_comps.ell_comps_1": 0.05273014763647
                    }
                }
            }
        },
        "log_evidence": -48.552995380564695,
        "values_at_sigma_1": {
            "type": "list",
            "values": [
                {
                    "type": "tuple",
                    "values": [
                        -0.05586241381621,
                        -0.01827632873758
                    ]
                },
                {
                    "type": "tuple",
                    "values": [
                        0.037602958798059145,
                        0.05331222877609
                    ]
                }
            ]
        },
        "errors_at_sigma_3": {
            "type": "list",
            "values": [
                {
                    "type": "tuple",
                    "values": [
                        0.030158924828847227,
                        0.03784874524632187
                    ]
                },
                {
                    "type": "tuple",
                    "values": [
                        0.022137364153871974,
                        0.05126845205909536
                    ]
                }
            ]
        },
        "values_at_sigma_3": {
            "type": "list",
            "values": [
                {
                    "type": "tuple",
                    "values": [
                        -0.06000011769008,
                        0.0080075523850891
                    ]
                },
                {
                    "type": "tuple",
                    "values": [
                        0.020309978723598025,
                        0.09371579493656536
                    ]
                }
            ]
        },
        "median_pdf_sample": {
            "type": "instance",
            "class_path": "autofit.non_linear.samples.sample.Sample",
            "arguments": {
                "log_likelihood": -39.64644495539804,
                "log_prior": 0.0,
                "weight": 0.0009900109895681491,
                "kwargs": {
                    "type": "dict",
                    "arguments": {
                        "ellipses.0.ell_comps.ell_comps_0": -0.02984119286123277,
                        "ellipses.0.ell_comps.ell_comps_1": 0.04244734287747
                    }
                }
            }
        },
        "model": null,
        "errors_at_sigma_1": {
            "type": "list",
            "values": [
                {
                    "type": "tuple",
                    "values": [
                        0.02602122095497723,
                        0.011564864123652773
                    ]
                },
                {
                    "type": "tuple",
                    "values": [
                        0.004844384079410853,
                        0.010864885898620003
                    ]
                }
            ]
        }
    }
}