{
    "type": "collection",
    "arguments": {
        "ellipses": {
            "type": "collection",
            "arguments": {
                "ellipse_0": {
                    "class_path": "autogalaxy.ellipse.ellipse.ellipse.Ellipse",
                    "type": "model",
                    "arguments": {
                        "centre": {
                            "type": "tuple_prior",
                            "arguments": {
                                "centre_0": {
                                    "lower_limit": -0.1,
                                    "upper_limit": 0.1,
                                    "type": "Uniform",
                                    "id": 0
                                },
                                "centre_1": {
                                    "lower_limit": -0.1,
                                    "upper_limit": 0.1,
                                    "type": "Uniform",
                                    "id": 1
                                }
                            }
                        },
                        "ell_comps": {
                            "type": "tuple_prior",
                            "arguments": {
                                "ell_comps_0": {
                                    "lower_limit": -0.6,
                                    "upper_limit": 0.6,
                                    "type": "Uniform",
                                    "id": 6
                                },
                                "ell_comps_1": {
                                    "lower_limit": -0.6,
                                    "upper_limit": 0.6,
                                    "type": "Uniform",
                                    "id": 7
                                }
                            }
                        },
                        "major_axis": {
                            "type": "Constant",
                            "value": 0.25
                        }
                    }
                },
                "ellipse_1": {
                    "class_path": "autogalaxy.ellipse.ellipse.ellipse.Ellipse",
                    "type": "model",
                    "arguments": {
                        "centre": {
                            "type": "tuple_prior",
                            "arguments": {
                                "centre_0": {
                                    "lower_limit": -0.1,
                                    "upper_limit": 0.1,
                                    "type": "Uniform",
                                    "id": 0
                                },
                                "centre_1": {
                                    "lower_limit": -0.1,
                                    "upper_limit": 0.1,
                                    "type": "Uniform",
                                    "id": 1
                                }
                            }
                        },
                        "ell_comps": {
                            "type": "tuple_prior",
                            "arguments": {
                                "ell_comps_0": {
                                    "lower_limit": -0.6,
                                    "upper_limit": 0.6,
                                    "type": "Uniform",
                                    "id": 20
                                },
                                "ell_comps_1": {
                                    "lower_limit": -0.6,
                                    "upper_limit": 0.6,
                                    "type": "Uniform",
                                    "id": 21
                                }
                            }
                        },
                        "major_axis": {
                            "type": "Constant",
                            "value": 0.75
                        }
                    }
                },
                "ellipse_2": {
                    "class_path": "autogalaxy.ellipse.ellipse.ellipse.Ellipse",
                    "type": "model",
                    "arguments": {
                        "centre": {
                            "type": "tuple_prior",
                            "arguments": {
                                "centre_0": {
                                    "lower_limit": -0.1,
                                    "upper_limit": 0.1,
                                    "type": "Uniform",
                                    "id": 0
                                },
                                "centre_1": {
                                    "lower_limit": -0.1,
                                    "upper_limit": 0.1,
                                    "type": "Uniform",
                                    "id": 1
                                }
                            }
                        },
                        "ell_comps": {
                            "type": "tuple_prior",
                            "arguments": {
                                "ell_comps_0": {
                                    "lower_limit": -0.6,
                                    "upper_limit": 0.6,
                                    "type": "Uniform",
                                    "id": 34
                                },
                                "ell_comps_1": {
                                    "lower_limit": -0.6,
                                    "upper_limit": 0.6,
                                    "type": "Uniform",
                                    "id": 35
                                }
                            }
                        },
                        "major_axis": {
                            "type": "Constant",
                            "value": 1.75
                        }
                    }
                },
                "ellipse_3": {
                    "class_path": "autogalaxy.ellipse.ellipse.ellipse.Ellipse",
                    "type": "model",
                    "arguments": {
                        "centre": {
                            "type": "tuple_prior",
                            "arguments": {
                                "centre_0": {
                                    "lower_limit": -0.1,
                                    "upper_limit": 0.1,
                                    "type": "Uniform",
                                    "id": 0
                                },
                                "centre_1": {
                                    "lower_limit": -0.1,
                                    "upper_limit": 0.1,
                                    "type": "Uniform",
                                    "id": 1
                                }
                            }
                        },
                        "ell_comps": {
                            "type": "tuple_prior",
                            "arguments": {
                                "ell_comps_0": {
                                    "lower_limit": -0.6,
                                    "upper_limit": 0.6,
                                    "type": "Uniform",
                                    "id": 48
                                },
                                "ell_comps_1": {
                                    "lower_limit": -0.6,
                                    "upper_limit": 0.6,
                                    "type": "Uniform",
                                    "id": 49
                                }
                            }
                        },
                        "major_axis": {
                            "type": "Constant",
                            "value": 3.0
                        }
                    }
                },
                "ellipse_4": {
                    "class_path": "autogalaxy.ellipse.ellipse.ellipse.Ellipse",
                    "type": "model",
                    "arguments": {
                        "centre": {
                            "type": "tuple_prior",
                            "arguments": {
                                "centre_0": {
                                    "lower_limit": -0.1,
                                    "upper_limit": 0.1,
                                    "type": "Uniform",
                                    "id": 0
                                },
                                "centre_1": {
                                    "lower_limit": -0.1,
                                    "upper_limit": 0.1,
                                    "type": "Uniform",
                                    "id": 1
                                }
                            }
                        },
                        "ell_comps": {
                            "type": "tuple_prior",
                            "arguments": {
                                "ell_comps_0": {
                                    "lower_limit": -0.6,
                                    "upper_limit": 0.6,
                                    "type": "Uniform",
                                    "id": 62
                                },
                                "ell_comps_1": {
                                    "lower_limit": -0.6,
                                    "upper_limit": 0.6,
                                    "type": "Uniform",
                                    "id": 63
                                }
                            }
                        },
                        "major_axis": {
                            "type": "Constant",
                            "value": 4.5
                        }
                    }
                }
            }
        },
        "multipoles": {
            "type": "collection",
            "arguments": {
                "0": {
                    "type": "collection",
                    "arguments": {
                        "multipole_3": {
                            "class_path": "autogalaxy.ellipse.ellipse.ellipse_multipole.EllipseMultipole",
                            "type": "model",
                            "arguments": {
                                "m": 3,
                                "multipole_comps": {
                                    "type": "tuple_prior",
                                    "arguments": {
                                        "multipole_comps_0": {
                                            "lower_limit": -0.1,
                                            "upper_limit": 0.1,
                                            "type": "Uniform",
                                            "id": 12
                                        },
                                        "multipole_comps_1": {
                                            "lower_limit": -0.1,
                                            "upper_limit": 0.1,
                                            "type": "Uniform",
                                            "id": 13
                                        }
                                    }
                                }
                            }
                        },
                        "multipole_4": {
                            "class_path": "autogalaxy.ellipse.ellipse.ellipse_multipole.EllipseMultipole",
                            "type": "model",
                            "arguments": {
                                "m": 4,
                                "multipole_comps": {
                                    "type": "tuple_prior",
                                    "arguments": {
                                        "multipole_comps_0": {
                                            "lower_limit": -0.1,
                                            "upper_limit": 0.1,
                                            "type": "Uniform",
                                            "id": 14
                                        },
                                        "multipole_comps_1": {
                                            "lower_limit": -0.1,
                                            "upper_limit": 0.1,
                                            "type": "Uniform",
                                            "id": 15
                                        }
                                    }
                                }
                            }
                        }
                    }
                },
                "1": {
                    "type": "collection",
                    "arguments": {
                        "multipole_3": {
                            "class_path": "autogalaxy.ellipse.ellipse.ellipse_multipole.EllipseMultipole",
                            "type": "model",
                            "arguments": {
                                "m": 3,
                                "multipole_comps": {
                                    "type": "tuple_prior",
                                    "arguments": {
                                        "multipole_comps_0": {
                                            "lower_limit": -0.1,
                                            "upper_limit": 0.1,
                                            "type": "Uniform",
                                            "id": 26
                                        },
                                        "multipole_comps_1": {
                                            "lower_limit": -0.1,
                                            "upper_limit": 0.1,
                                            "type": "Uniform",
                                            "id": 27
                                        }
                                    }
                                }
                            }
                        },
                        "multipole_4": {
                            "class_path": "autogalaxy.ellipse.ellipse.ellipse_multipole.EllipseMultipole",
                            "type": "model",
                            "arguments": {
                                "m": 4,
                                "multipole_comps": {
                                    "type": "tuple_prior",
                                    "arguments": {
                                        "multipole_comps_0": {
                                            "lower_limit": -0.1,
                                            "upper_limit": 0.1,
                                            "type": "Uniform",
                                            "id": 28
                                        },
                                        "multipole_comps_1": {
                                            "lower_limit": -0.1,
                                            "upper_limit": 0.1,
                                            "type": "Uniform",
                                            "id": 29
                                        }
                                    }
                                }
                            }
                        }
                    }
                },
                "2": {
                    "type": "collection",
                    "arguments": {
                        "multipole_3": {
                            "class_path": "autogalaxy.ellipse.ellipse.ellipse_multipole.EllipseMultipole",
                            "type": "model",
                            "arguments": {
                                "m": 3,
                                "multipole_comps": {
                                    "type": "tuple_prior",
                                    "arguments": {
                                        "multipole_comps_0": {
                                            "lower_limit": -0.1,
                                            "upper_limit": 0.1,
                                            "type": "Uniform",
                                            "id": 40
                                        },
                                        "multipole_comps_1": {
                                            "lower_limit": -0.1,
                                            "upper_limit": 0.1,
                                            "type": "Uniform",
                                            "id": 41
                                        }
                                    }
                                }
                            }
                        },
                        "multipole_4": {
                            "class_path": "autogalaxy.ellipse.ellipse.ellipse_multipole.EllipseMultipole",
                            "type": "model",
                            "arguments": {
                                "m": 4,
                                "multipole_comps": {
                                    "type": "tuple_prior",
                                    "arguments": {
                                        "multipole_comps_0": {
                                            "lower_limit": -0.1,
                                            "upper_limit": 0.1,
                                            "type": "Uniform",
                                            "id": 42
                                        },
                                        "multipole_comps_1": {
                                            "lower_limit": -0.1,
                                            "upper_limit": 0.1,
                                            "type": "Uniform",
                                            "id": 43
                                        }
                                    }
                                }
                            }
                        }
                    }
                },
                "3": {
                    "type": "collection",
                    "arguments": {
                        "multipole_3": {
                            "class_path": "autogalaxy.ellipse.ellipse.ellipse_multipole.EllipseMultipole",
                            "type": "model",
                            "arguments": {
                                "m": 3,
                                "multipole_comps": {
                                    "type": "tuple_prior",
                                    "arguments": {
                                        "multipole_comps_0": {
                                            "lower_limit": -0.1,
                                            "upper_limit": 0.1,
                                            "type": "Uniform",
                                            "id": 54
                                        },
                                        "multipole_comps_1": {
                                            "lower_limit": -0.1,
                                            "upper_limit": 0.1,
                                            "type": "Uniform",
                                            "id": 55
                                        }
                                    }
                                }
                            }
                        },
                        "multipole_4": {
                            "class_path": "autogalaxy.ellipse.ellipse.ellipse_multipole.EllipseMultipole",
                            "type": "model",
                            "arguments": {
                                "m": 4,
                                "multipole_comps": {
                                    "type": "tuple_prior",
                                    "arguments": {
                                        "multipole_comps_0": {
                                            "lower_limit": -0.1,
                                            "upper_limit": 0.1,
                                            "type": "Uniform",
                                            "id": 56
                                        },
                                        "multipole_comps_1": {
                                            "lower_limit": -0.1,
                                            "upper_limit": 0.1,
                                            "type": "Uniform",
                                            "id": 57
                                        }
                                    }
                                }
                            }
                        }
                    }
                },
                "4": {
                    "type": "collection",
                    "arguments": {
                        "multipole_3": {
                            "class_path": "autogalaxy.ellipse.ellipse.ellipse_multipole.EllipseMultipole",
                            "type": "model",
                            "arguments": {
                                "m": 3,
                                "multipole_comps": {
                                    "type": "tuple_prior",
                                    "arguments": {
                                        "multipole_comps_0": {
                                            "lower_limit": -0.1,
                                            "upper_limit": 0.1,
                                            "type": "Uniform",
                                            "id": 68
                                        },
                                        "multipole_comps_1": {
                                            "lower_limit": -0.1,
                                            "upper_limit": 0.1,
                                            "type": "Uniform",
                                            "id": 69
                                        }
                                    }
                                }
                            }
                        },
                        "multipole_4": {
                            "class_path": "autogalaxy.ellipse.ellipse.ellipse_multipole.EllipseMultipole",
                            "type": "model",
                            "arguments": {
                                "m": 4,
                                "multipole_comps": {
                                    "type": "tuple_prior",
                                    "arguments": {
                                        "multipole_comps_0": {
                                            "lower_limit": -0.1,
                                            "upper_limit": 0.1,
                                            "type": "Uniform",
                                            "id": 70
                                        },
                                        "multipole_comps_1": {
                                            "lower_limit": -0.1,
                                            "upper_limit": 0.1,
                                            "type": "Uniform",
                                            "id": 71
                                        }
                                    }
                                }
                            }
                        }
                    }
                }
            }
        }
    }
}