{
    "type": "instance",
    "class_path": "autofit.non_linear.samples.summary.SamplesSummary",
    "arguments": {
        "errors_at_sigma_1": {
            "type": "list",
            "values": [
                {
                    "type": "tuple",
                    "values": [
                        0.0006013669832288927,
                        0.0005664695202111073
                    ]
                },
                {
                    "type": "tuple",
                    "values": [
                        0.0009168396513670914,
                        0.0006042726403120702
                    ]
                },
                {
                    "type": "tuple",
                    "values": [
                        0.0039411019463305025,
                        0.002983738354016864
                    ]
                },
                {
                    "type": "tuple",
                    "values": [
                        0.003553077922305324,
                        0.004555316053527235
                    ]
                },
                {
                    "type": "tuple",
                    "values": [
                        0.0010230903423898378,
                        0.0016921825853319988
                    ]
                },
                {
                    "type": "tuple",
                    "values": [
                        0.00097990204679,
                        0.0009921665403731295
                    ]
                },
                {
                    "type": "tuple",
                    "values": [
                        0.0012884062478545507,
                        0.0016978227978165438
                    ]
                },
                {
                    "type": "tuple",
                    "values": [
                        0.0012035530114744507,
                        0.0012736917683570624
                    ]
                },
                {
                    "type": "tuple",
                    "values": [
                        0.003292796713629996,
                        0.003293285922109028
                    ]
                },
                {
                    "type": "tuple",
                    "values": [
                        0.004645568544421941,
                        0.00330385404733107
                    ]
                },
                {
                    "type": "tuple",
                    "values": [
                        0.00346268401184,
                        0.0026439335080073066
                    ]
                },
                {
                    "type": "tuple",
                    "values": [
                        0.002071542021399475,
                        0.00314512735961
                    ]
                },
                {
                    "type": "tuple",
                    "values": [
                        0.00346674711121,
                        0.003292051284275391
                    ]
                },
                {
                    "type": "tuple",
                    "values": [
                        0.005028444652240126,
                        0.005462630808839873
                    ]
                },
                {
                    "type": "tuple",
                    "values": [
                        0.003838552048969754,
                        0.0034442936879116454
                    ]
                },
                {
                    "type": "tuple",
                    "values": [
                        0.004910709731261849,
                        0.003856594098129995
                    ]
                },
                {
                    "type": "tuple",
                    "values": [
                        0.007380870791694277,
                        0.008653803598293321
                    ]
                },
                {
                    "type": "tuple",
                    "values": [
                        0.014077081906863492,
                        0.01144591744105573
                    ]
                },
                {
                    "type": "tuple",
                    "values": [
                        0.005819009582638417,
                        0.009105201110629286
                    ]
                },
                {
                    "type": "tuple",
                    "values": [
                        0.009445672799358177,
                        0.009217520699220407
                    ]
                },
                {
                    "type": "tuple",
                    "values": [
                        0.005901719236762831,
                        0.021310957616971077
                    ]
                },
                {
                    "type": "tuple",
                    "values": [
                        0.009248481966342953,
                        0.008240236318688116
                    ]
                },
                {
                    "type": "tuple",
                    "values": [
                        0.018489721371726706,
                        0.0528152386257533
                    ]
                },
                {
                    "type": "tuple",
                    "values": [
                        0.011488785244621946,
                        0.013015723251719725
                    ]
                },
                {
                    "type": "tuple",
                    "values": [
                        0.025696352284988656,
                        0.05305345333383
                    ]
                },
                {
                    "type": "tuple",
                    "values": [
                        0.02479355253223315,
                        0.02802820292189826
                    ]
                },
                {
                    "type": "tuple",
                    "values": [
                        0.005655285555956818,
                        0.002624533073359192
                    ]
                },
                {
                    "type": "tuple",
                    "values": [
                        0.009689256045375641,
                        0.009530704382234773
                    ]
                },
                {
                    "type": "tuple",
                    "values": [
                        0.015786938298543503,
                        0.026089829731492223
                    ]
                },
                {
                    "type": "tuple",
                    "values": [
                        0.035514887975689566,
                        0.024623744070141097
                    ]
                },
                {
                    "type": "tuple",
                    "values": [
                        0.02168658272901,
                        0.07523153272305
                    ]
                },
                {
                    "type": "tuple",
                    "values": [
                        0.020517514979953615,
                        0.015187782773993557
                    ]
                }
            ]
        },
        "log_evidence": -216.6686356078179,
        "model": null,
        "median_pdf_sample": {
            "type": "instance",
            "class_path": "autofit.non_linear.samples.sample.Sample",
            "arguments": {
                "log_likelihood": -146.96678449488132,
                "log_prior": 0.0,
                "weight": 0.000989942818308371,
                "kwargs": {
                    "type": "dict",
                    "arguments": {
                        "ellipses.ellipse_4.centre.centre_0": -0.0034199810171911074,
                        "ellipses.ellipse_4.centre.centre_1": -0.01174456489541207,
                        "ellipses.ellipse_0.ell_comps.ell_comps_0": -0.035649628463536864,
                        "ellipses.ellipse_0.ell_comps.ell_comps_1": 0.02557515085231,
                        "multipoles.0.multipole_3.multipole_comps.multipole_comps_0": 0.0010184442836398378,
                        "multipoles.0.multipole_3.multipole_comps.multipole_comps_1": 0.00059383630539,
                        "multipoles.0.multipole_4.multipole_comps.multipole_comps_0": 0.00011158096922455063,
                        "multipoles.0.multipole_4.multipole_comps.multipole_comps_1": -0.00044443409138,
                        "ellipses.ellipse_1.ell_comps.ell_comps_0": -0.03247444566437,
                        "ellipses.ellipse_1.ell_comps.ell_comps_1": -0.018816731712518058,
                        "multipoles.1.multipole_3.multipole_comps.multipole_comps_0": -0.00262371942694,
                        "multipoles.1.multipole_3.multipole_comps.multipole_comps_1": -0.0014737084628,
                        "multipoles.1.multipole_4.multipole_comps.multipole_comps_0": -0.00010796637928,
                        "multipoles.1.multipole_4.multipole_comps.multipole_comps_1": -0.0030727053050498736,
                        "ellipses.ellipse_2.ell_comps.ell_comps_0": -0.07054842367886024,
                        "ellipses.ellipse_2.ell_comps.ell_comps_1": -0.04831652509114,
                        "multipoles.2.multipole_3.multipole_comps.multipole_comps_0": -0.00981495372057184,
                        "multipoles.2.multipole_3.multipole_comps.multipole_comps_1": 0.0030056243532434923,
                        "multipoles.2.multipole_4.multipole_comps.multipole_comps_0": -0.009001113199229286,
                        "multipoles.2.multipole_4.multipole_comps.multipole_comps_1": 0.02383935404466959,
                        "ellipses.ellipse_3.ell_comps.ell_comps_0": -0.11062569224134108,
                        "ellipses.ellipse_3.ell_comps.ell_comps_1": -0.07330891451184812,
                        "multipoles.3.multipole_3.multipole_comps.multipole_comps_0": -0.029193752062723295,
                        "multipoles.3.multipole_3.multipole_comps.multipole_comps_1": 0.015698635124871945,
                        "multipoles.3.multipole_4.multipole_comps.multipole_comps_0": -0.0078980364299,
                        "multipoles.3.multipole_4.multipole_comps.multipole_comps_1": -0.05945090675411659,
                        "ellipses.ellipse_4.ell_comps.ell_comps_0": -0.17365036158720182,
                        "ellipses.ellipse_4.ell_comps.ell_comps_1": -0.095301981695508,
                        "multipoles.4.multipole_3.multipole_comps.multipole_comps_0": -0.058847704410482225,
                        "multipoles.4.multipole_3.multipole_comps.multipole_comps_1": -0.0187576520171211,
                        "multipoles.4.multipole_4.multipole_comps.multipole_comps_0": -0.01863512293848,
                        "multipoles.4.multipole_4.multipole_comps.multipole_comps_1": 0.017441404827993615
                    }
                }
            }
        },
        "values_at_sigma_3": {
            "type": "list",
            "values": [
                {
                    "type": "tuple",
                    "values": [
                        -0.00552349642634,
                        -0.0016070886031365175
                    ]
                },
                {
                    "type": "tuple",
                    "values": [
                        -0.0143547088665,
                        -0.0098350489017
                    ]
                },
                {
                    "type": "tuple",
                    "values": [
                        -0.04705898782233023,
                        -0.02786497125361723
                    ]
                },
                {
                    "type": "tuple",
                    "values": [
                        0.017038025826063258,
                        0.03662921045795267
                    ]
                },
                {
                    "type": "tuple",
                    "values": [
                        -0.0016715406394155106,
                        0.00488342689737
                    ]
                },
                {
                    "type": "tuple",
                    "values": [
                        -0.00226450597861,
                        0.003383622799341327
                    ]
                },
                {
                    "type": "tuple",
                    "values": [
                        -0.0038866236396784483,
                        0.00334922597941
                    ]
                },
                {
                    "type": "tuple",
                    "values": [
                        -0.00428142136557,
                        0.0024791250311083273
                    ]
                },
                {
                    "type": "tuple",
                    "values": [
                        -0.04077542556804986,
                        -0.021158032956860032
                    ]
                },
                {
                    "type": "tuple",
                    "values": [
                        -0.0282104482485191,
                        -0.010477904611625644
                    ]
                },
                {
                    "type": "tuple",
                    "values": [
                        -0.012076438463124265,
                        0.0054140444725474385
                    ]
                },
                {
                    "type": "tuple",
                    "values": [
                        -0.00836665284553,
                        0.007997006652240258
                    ]
                },
                {
                    "type": "tuple",
                    "values": [
                        -0.010472016415978036,
                        0.00906736294533
                    ]
                },
                {
                    "type": "tuple",
                    "values": [
                        -0.013143838913091593,
                        0.009420802441561616
                    ]
                },
                {
                    "type": "tuple",
                    "values": [
                        -0.08331883778708,
                        -0.061869080702212254
                    ]
                },
                {
                    "type": "tuple",
                    "values": [
                        -0.06107186640503359,
                        -0.03649188527621
                    ]
                },
                {
                    "type": "tuple",
                    "values": [
                        -0.02907466833021,
                        0.01217684060835
                    ]
                },
                {
                    "type": "tuple",
                    "values": [
                        -0.02777651649035,
                        0.04950630507316
                    ]
                },
                {
                    "type": "tuple",
                    "values": [
                        -0.02639339561946,
                        0.013444272801
                    ]
                },
                {
                    "type": "tuple",
                    "values": [
                        -0.002162644910553138,
                        0.04933926100710728
                    ]
                },
                {
                    "type": "tuple",
                    "values": [
                        -0.12337674820126,
                        -0.07891065686513
                    ]
                },
                {
                    "type": "tuple",
                    "values": [
                        -0.08880823940161041,
                        -0.05595956894409
                    ]
                },
                {
                    "type": "tuple",
                    "values": [
                        -0.07163921709141,
                        0.04953952313112
                    ]
                },
                {
                    "type": "tuple",
                    "values": [
                        -0.023964233067704295,
                        0.04914614760096
                    ]
                },
                {
                    "type": "tuple",
                    "values": [
                        -0.07083928720782177,
                        0.08861362604355
                    ]
                },
                {
                    "type": "tuple",
                    "values": [
                        -0.09964529949263,
                        -0.01277401524358
                    ]
                },
                {
                    "type": "tuple",
                    "values": [
                        -0.1878808408617371,
                        -0.16420938892371
                    ]
                },
                {
                    "type": "tuple",
                    "values": [
                        -0.11979483231791081,
                        -0.07992958324886608
                    ]
                },
                {
                    "type": "tuple",
                    "values": [
                        -0.09551123864209,
                        0.01068849957396597
                    ]
                },
                {
                    "type": "tuple",
                    "values": [
                        -0.09478813791135537,
                        0.04111304611097
                    ]
                },
                {
                    "type": "tuple",
                    "values": [
                        -0.07571991835128974,
                        0.08455772294150121
                    ]
                },
                {
                    "type": "tuple",
                    "values": [
                        -0.03935529153505,
                        0.06379454756183
                    ]
                }
            ]
        },
        "values_at_sigma_1": {
            "type": "list",
            "values": [
                {
                    "type": "tuple",
                    "values": [
                        -0.00402134800042,
                        -0.00285351149698
                    ]
                },
                {
                    "type": "tuple",
                    "values": [
                        -0.012661404546779161,
                        -0.0111402922551
                    ]
                },
                {
                    "type": "tuple",
                    "values": [
                        -0.03959073040986737,
                        -0.03266589010952
                    ]
                },
                {
                    "type": "tuple",
                    "values": [
                        0.022022072930004678,
                        0.030130466905837237
                    ]
                },
                {
                    "type": "tuple",
                    "values": [
                        -4.64605875e-06,
                        0.0027106268689718366
                    ]
                },
                {
                    "type": "tuple",
                    "values": [
                        -0.0003860657414,
                        0.0015860028457631294
                    ]
                },
                {
                    "type": "tuple",
                    "values": [
                        -0.00117682527863,
                        0.0018094037670410945
                    ]
                },
                {
                    "type": "tuple",
                    "values": [
                        -0.0016479871028544507,
                        0.0008292576769770624
                    ]
                },
                {
                    "type": "tuple",
                    "values": [
                        -0.035767242378,
                        -0.029181159742260973
                    ]
                },
                {
                    "type": "tuple",
                    "values": [
                        -0.02346230025694,
                        -0.015512877665186988
                    ]
                },
                {
                    "type": "tuple",
                    "values": [
                        -0.00608640343878,
                        2.0214081067306554e-05
                    ]
                },
                {
                    "type": "tuple",
                    "values": [
                        -0.003545250484199475,
                        0.00167141889681
                    ]
                },
                {
                    "type": "tuple",
                    "values": [
                        -0.00357471349049,
                        0.003184084904995391
                    ]
                },
                {
                    "type": "tuple",
                    "values": [
                        -0.00810114995729,
                        0.00238992550379
                    ]
                },
                {
                    "type": "tuple",
                    "values": [
                        -0.07438697572783,
                        -0.0671041299909486
                    ]
                },
                {
                    "type": "tuple",
                    "values": [
                        -0.053227234822401846,
                        -0.04445993099301
                    ]
                },
                {
                    "type": "tuple",
                    "values": [
                        -0.017195824512266117,
                        -0.0011611501222785192
                    ]
                },
                {
                    "type": "tuple",
                    "values": [
                        -0.01107145755362,
                        0.014451541794299222
                    ]
                },
                {
                    "type": "tuple",
                    "values": [
                        -0.014820122781867702,
                        0.0001040879114
                    ]
                },
                {
                    "type": "tuple",
                    "values": [
                        0.014393681245311414,
                        0.03305687474389
                    ]
                },
                {
                    "type": "tuple",
                    "values": [
                        -0.11652741147810391,
                        -0.08931473462437
                    ]
                },
                {
                    "type": "tuple",
                    "values": [
                        -0.08255739647819108,
                        -0.06506867819316
                    ]
                },
                {
                    "type": "tuple",
                    "values": [
                        -0.04768347343445,
                        0.02362148656303
                    ]
                },
                {
                    "type": "tuple",
                    "values": [
                        0.00420984988025,
                        0.02871435837659167
                    ]
                },
                {
                    "type": "tuple",
                    "values": [
                        -0.03359438871488866,
                        0.04515541690393
                    ]
                },
                {
                    "type": "tuple",
                    "values": [
                        -0.08424445928634974,
                        -0.03142270383221833
                    ]
                },
                {
                    "type": "tuple",
                    "values": [
                        -0.17930564714315864,
                        -0.17102582851384263
                    ]
                },
                {
                    "type": "tuple",
                    "values": [
                        -0.10499123774088365,
                        -0.08577127731327323
                    ]
                },
                {
                    "type": "tuple",
                    "values": [
                        -0.07463464270902573,
                        -0.03275787467899
                    ]
                },
                {
                    "type": "tuple",
                    "values": [
                        -0.05427253999281066,
                        0.00586609205302
                    ]
                },
                {
                    "type": "tuple",
                    "values": [
                        -0.04032170566749,
                        0.05659640978457
                    ]
                },
                {
                    "type": "tuple",
                    "values": [
                        -0.00307611015196,
                        0.03262918760198717
                    ]
                }
            ]
        },
        "max_log_likelihood_sample": {
            "type": "instance",
            "class_path": "autofit.non_linear.samples.sample.Sample",
            "arguments": {
                "log_likelihood": -146.96678449488132,
                "log_prior": 0.0,
                "weight": 0.000989942818308371,
                "kwargs": {
                    "type": "dict",
                    "arguments": {
                        "ellipses.ellipse_4.centre.centre_0": -0.0031829857912,
                        "ellipses.ellipse_4.centre.centre_1": -0.01217607226932,
                        "ellipses.ellipse_0.ell_comps.ell_comps_0": -0.03728517527759,
                        "ellipses.ellipse_0.ell_comps.ell_comps_1": 0.02388157354801,
                        "multipoles.0.multipole_3.multipole_comps.multipole_comps_0": 0.00092612989596,
                        "multipoles.0.multipole_3.multipole_comps.multipole_comps_1": 0.00111265617845,
                        "multipoles.0.multipole_4.multipole_comps.multipole_comps_0": -0.00026334714758,
                        "multipoles.0.multipole_4.multipole_comps.multipole_comps_1": -0.00088377489743,
                        "ellipses.ellipse_1.ell_comps.ell_comps_0": -0.03296102811135,
                        "ellipses.ellipse_1.ell_comps.ell_comps_1": -0.0225795648278,
                        "multipoles.1.multipole_3.multipole_comps.multipole_comps_0": -0.00107228304059,
                        "multipoles.1.multipole_3.multipole_comps.multipole_comps_1": -0.00181571300438,
                        "multipoles.1.multipole_4.multipole_comps.multipole_comps_0": -0.00191775405378,
                        "multipoles.1.multipole_4.multipole_comps.multipole_comps_1": -0.00724004221148,
                        "ellipses.ellipse_2.ell_comps.ell_comps_0": -0.06968279925888,
                        "ellipses.ellipse_2.ell_comps.ell_comps_1": -0.04429674588494,
                        "multipoles.2.multipole_3.multipole_comps.multipole_comps_0": -0.00421009102938,
                        "multipoles.2.multipole_3.multipole_comps.multipole_comps_1": 0.01462889722924,
                        "multipoles.2.multipole_4.multipole_comps.multipole_comps_0": -0.00765779108752,
                        "multipoles.2.multipole_4.multipole_comps.multipole_comps_1": 0.02703888228136,
                        "ellipses.ellipse_3.ell_comps.ell_comps_0": -0.11565011355876,
                        "ellipses.ellipse_3.ell_comps.ell_comps_1": -0.08408012672388,
                        "multipoles.3.multipole_3.multipole_comps.multipole_comps_0": -0.03106461170482,
                        "multipoles.3.multipole_3.multipole_comps.multipole_comps_1": 0.01551397182367,
                        "multipoles.3.multipole_4.multipole_comps.multipole_comps_0": -0.00998300857487,
                        "multipoles.3.multipole_4.multipole_comps.multipole_comps_1": -0.02725046183474,
                        "ellipses.ellipse_4.ell_comps.ell_comps_0": -0.171847031025,
                        "ellipses.ellipse_4.ell_comps.ell_comps_1": -0.08447895874105,
                        "multipoles.4.multipole_3.multipole_comps.multipole_comps_0": -0.07245877260532,
                        "multipoles.4.multipole_3.multipole_comps.multipole_comps_1": -0.00901275316033,
                        "multipoles.4.multipole_4.multipole_comps.multipole_comps_0": -0.02807446638367,
                        "multipoles.4.multipole_4.multipole_comps.multipole_comps_1": 0.03971079314668
                    }
                }
            }
        },
        "errors_at_sigma_3": {
            "type": "list",
            "values": [
                {
                    "type": "tuple",
                    "values": [
                        0.0021035154091488925,
                        0.0018128924140545899
                    ]
                },
                {
                    "type": "tuple",
                    "values": [
                        0.0026101439710879294,
                        0.0019095159937120697
                    ]
                },
                {
                    "type": "tuple",
                    "values": [
                        0.011409359358793364,
                        0.007784657209919634
                    ]
                },
                {
                    "type": "tuple",
                    "values": [
                        0.008537125026246744,
                        0.01105405960564267
                    ]
                },
                {
                    "type": "tuple",
                    "values": [
                        0.0026899849230553486,
                        0.0038649826137301625
                    ]
                },
                {
                    "type": "tuple",
                    "values": [
                        0.002858342284,
                        0.0027897864939513267
                    ]
                },
                {
                    "type": "tuple",
                    "values": [
                        0.003998204608902999,
                        0.0032376450101854496
                    ]
                },
                {
                    "type": "tuple",
                    "values": [
                        0.00383698727419,
                        0.0029235591224883273
                    ]
                },
                {
                    "type": "tuple",
                    "values": [
                        0.00830097990367986,
                        0.011316412707509969
                    ]
                },
                {
                    "type": "tuple",
                    "values": [
                        0.009393716536001042,
                        0.008338827100892414
                    ]
                },
                {
                    "type": "tuple",
                    "values": [
                        0.009452719036184266,
                        0.00803776389948744
                    ]
                },
                {
                    "type": "tuple",
                    "values": [
                        0.00689294438273,
                        0.009470715115040258
                    ]
                },
                {
                    "type": "tuple",
                    "values": [
                        0.010364050036698035,
                        0.009175329324610002
                    ]
                },
                {
                    "type": "tuple",
                    "values": [
                        0.01007113360804172,
                        0.012493507746611489
                    ]
                },
                {
                    "type": "tuple",
                    "values": [
                        0.01277041410821976,
                        0.008679342976647991
                    ]
                },
                {
                    "type": "tuple",
                    "values": [
                        0.012755341313893595,
                        0.011824639814929996
                    ]
                },
                {
                    "type": "tuple",
                    "values": [
                        0.01925971460963816,
                        0.02199179432892184
                    ]
                },
                {
                    "type": "tuple",
                    "values": [
                        0.030782140843593493,
                        0.046500680719916504
                    ]
                },
                {
                    "type": "tuple",
                    "values": [
                        0.017392282420230713,
                        0.022445386000229287
                    ]
                },
                {
                    "type": "tuple",
                    "values": [
                        0.02600199895522273,
                        0.02549990696243769
                    ]
                },
                {
                    "type": "tuple",
                    "values": [
                        0.01275105595991892,
                        0.03171503537621108
                    ]
                },
                {
                    "type": "tuple",
                    "values": [
                        0.015499324889762287,
                        0.01734934556775812
                    ]
                },
                {
                    "type": "tuple",
                    "values": [
                        0.0424454650286867,
                        0.0787332751938433
                    ]
                },
                {
                    "type": "tuple",
                    "values": [
                        0.03966286819257624,
                        0.03344751247608806
                    ]
                },
                {
                    "type": "tuple",
                    "values": [
                        0.06294125077792177,
                        0.09651166247345
                    ]
                },
                {
                    "type": "tuple",
                    "values": [
                        0.040194392738513406,
                        0.0466768915105366
                    ]
                },
                {
                    "type": "tuple",
                    "values": [
                        0.014230479274535274,
                        0.009440972663491809
                    ]
                },
                {
                    "type": "tuple",
                    "values": [
                        0.024492850622402806,
                        0.015372398446641927
                    ]
                },
                {
                    "type": "tuple",
                    "values": [
                        0.03666353423160778,
                        0.0695362039844482
                    ]
                },
                {
                    "type": "tuple",
                    "values": [
                        0.07603048589423428,
                        0.05987069812809109
                    ]
                },
                {
                    "type": "tuple",
                    "values": [
                        0.057084795412809745,
                        0.1031928458799812
                    ]
                },
                {
                    "type": "tuple",
                    "values": [
                        0.05679669636304362,
                        0.046353142733836394
                    ]
                }
            ]
        }
    }
}