{
    "type": "instance",
    "class_path": "autofit.non_linear.samples.summary.SamplesSummary",
    "arguments": {
        "values_at_sigma_3": {
            "type": "list",
            "values": [
                {
                    "type": "tuple",
                    "values": [
                        -0.06659763342994,
                        -0.01277643349412929
                    ]
                },
                {
                    "type": "tuple",
                    "values": [
                        -0.17417550531378,
                        -0.12719282039313
                    ]
                },
                {
                    "type": "tuple",
                    "values": [
                        -0.08477815866163849,
                        0.09980550197827
                    ]
                },
                {
                    "type": "tuple",
                    "values": [
                        -0.09474700818849371,
                        0.08682934285075426
                    ]
                },
                {
                    "type": "tuple",
                    "values": [
                        -0.0967185905311,
                        0.09992143092479924
                    ]
                },
                {
                    "type": "tuple",
                    "values": [
                        -0.0719888349317,
                        0.08899341150727
                    ]
                }
            ]
        },
        "values_at_sigma_1": {
            "type": "list",
            "values": [
                {
                    "type": "tuple",
                    "values": [
                        -0.057801614068580545,
                        -0.03766107555
                    ]
                },
                {
                    "type": "tuple",
                    "values": [
                        -0.16739447021263495,
                        -0.161228144028358
                    ]
                },
                {
                    "type": "tuple",
                    "values": [
                        0.03699463997515,
                        0.08261679987738743
                    ]
                },
                {
                    "type": "tuple",
                    "values": [
                        -0.03414646050438185,
                        -0.0017825643604998788
                    ]
                },
                {
                    "type": "tuple",
                    "values": [
                        0.02561239083603,
                        0.09056555646163574
                    ]
                },
                {
                    "type": "tuple",
                    "values": [
                        -0.03986903430417154,
                        -0.0013348386003538635
                    ]
                }
            ]
        },
        "errors_at_sigma_3": {
            "type": "list",
            "values": [
                {
                    "type": "tuple",
                    "values": [
                        0.013323347096421634,
                        0.04049785283938908
                    ]
                },
                {
                    "type": "tuple",
                    "values": [
                        0.009564385650986718,
                        0.03741829926966328
                    ]
                },
                {
                    "type": "tuple",
                    "values": [
                        0.1485362483800885,
                        0.03604741225982
                    ]
                },
                {
                    "type": "tuple",
                    "values": [
                        0.07770625591401215,
                        0.10387009512523583
                    ]
                },
                {
                    "type": "tuple",
                    "values": [
                        0.17372739453914104,
                        0.022912626916758216
                    ]
                },
                {
                    "type": "tuple",
                    "values": [
                        0.04554834456053973,
                        0.11543390187843026
                    ]
                }
            ]
        },
        "model": null,
        "errors_at_sigma_1": {
            "type": "list",
            "values": [
                {
                    "type": "tuple",
                    "values": [
                        0.0045273277350621755,
                        0.01561321078351837
                    ]
                },
                {
                    "type": "tuple",
                    "values": [
                        0.002783350549841662,
                        0.0033829756344352924
                    ]
                },
                {
                    "type": "tuple",
                    "values": [
                        0.0267634497433,
                        0.018858710158937433
                    ]
                },
                {
                    "type": "tuple",
                    "values": [
                        0.017105708229900287,
                        0.015258187913981687
                    ]
                },
                {
                    "type": "tuple",
                    "values": [
                        0.051396413172011025,
                        0.013556752453594709
                    ]
                },
                {
                    "type": "tuple",
                    "values": [
                        0.013428543933011274,
                        0.025105651770806404
                    ]
                }
            ]
        },
        "max_log_likelihood_sample": {
            "type": "instance",
            "class_path": "autofit.non_linear.samples.sample.Sample",
            "arguments": {
                "log_likelihood": -44.30001938002594,
                "log_prior": 0.0,
                "weight": 0.001007168053515486,
                "kwargs": {
                    "type": "dict",
                    "arguments": {
                        "ellipses.0.ell_comps.ell_comps_0": -0.05321870731603,
                        "ellipses.0.ell_comps.ell_comps_1": -0.16429033556442,
                        "multipoles.0.multipole_3.multipole_comps.multipole_comps_0": 0.06097010692045,
                        "multipoles.0.multipole_3.multipole_comps.multipole_comps_1": -0.01229497967088,
                        "multipoles.0.multipole_4.multipole_comps.multipole_comps_0": 0.08968623602009,
                        "multipoles.0.multipole_4.multipole_comps.multipole_comps_1": -0.03024517361557
                    }
                }
            }
        },
        "log_evidence": -62.42074570535683,
        "median_pdf_sample": {
            "type": "instance",
            "class_path": "autofit.non_linear.samples.sample.Sample",
            "arguments": {
                "log_likelihood": -44.30001938002594,
                "log_prior": 0.0,
                "weight": 0.001007168053515486,
                "kwargs": {
                    "type": "dict",
                    "arguments": {
                        "ellipses.0.ell_comps.ell_comps_0": -0.05327428633351837,
                        "ellipses.0.ell_comps.ell_comps_1": -0.1646111196627933,
                        "multipoles.0.multipole_3.multipole_comps.multipole_comps_0": 0.06375808971845,
                        "multipoles.0.multipole_3.multipole_comps.multipole_comps_1": -0.017040752274481565,
                        "multipoles.0.multipole_4.multipole_comps.multipole_comps_0": 0.07700880400804103,
                        "multipoles.0.multipole_4.multipole_comps.multipole_comps_1": -0.026440490371160266
                    }
                }
            }
        }
    }
}