{
    "type": "instance",
    "class_path": "autofit.non_linear.samples.summary.SamplesSummary",
    "arguments": {
        "model": null,
        "errors_at_sigma_3": {
            "type": "list",
            "values": [
                {
                    "type": "tuple",
                    "values": [
                        0.011599014664377322,
                        0.011958993098659998
                    ]
                },
                {
                    "type": "tuple",
                    "values": [
                        0.012333839584091635,
                        0.013464193240823222
                    ]
                }
            ]
        },
        "max_log_likelihood_sample": {
            "type": "instance",
            "class_path": "autofit.non_linear.samples.sample.Sample",
            "arguments": {
                "log_likelihood": -32.234911015483576,
                "log_prior": 0.0,
                "weight": 0.0009808667349643612,
                "kwargs": {
                    "type": "dict",
                    "arguments": {
                        "ellipses.0.ell_comps.ell_comps_0": -0.02712415733435,
                        "ellipses.0.ell_comps.ell_comps_1": -0.10258546811241
                    }
                }
            }
        },
        "log_evidence": -41.3360259765715,
        "median_pdf_sample": {
            "type": "instance",
            "class_path": "autofit.non_linear.samples.sample.Sample",
            "arguments": {
                "log_likelihood": -32.234911015483576,
                "log_prior": 0.0,
                "weight": 0.0009808667349643612,
                "kwargs": {
                    "type": "dict",
                    "arguments": {
                        "ellipses.0.ell_comps.ell_comps_0": -0.02664357663428,
                        "ellipses.0.ell_comps.ell_comps_1": -0.1050527862051
                    }
                }
            }
        },
        "values_at_sigma_3": {
            "type": "list",
            "values": [
                {
                    "type": "tuple",
                    "values": [
                        -0.03824259129865732,
                        -0.01468458353562
                    ]
                },
                {
                    "type": "tuple",
                    "values": [
                        -0.11738662578919164,
                        -0.09158859296427678
                    ]
                }
            ]
        },
        "errors_at_sigma_1": {
            "type": "list",
            "values": [
                {
                    "type": "tuple",
                    "values": [
                        0.0040612156526195035,
                        0.00499701673637
                    ]
                },
                {
                    "type": "tuple",
                    "values": [
                        0.005439321690750731,
                        0.005283152910999997
                    ]
                }
            ]
        },
        "values_at_sigma_1": {
            "type": "list",
            "values": [
                {
                    "type": "tuple",
                    "values": [
                        -0.030704792286899502,
                        -0.02164655989791
                    ]
                },
                {
                    "type": "tuple",
                    "values": [
                        -0.11049210789585073,
                        -0.0997696332941
                    ]
                }
            ]
        }
    }
}