{
    "type": "instance",
    "class_path": "autofit.non_linear.samples.summary.SamplesSummary",
    "arguments": {
        "max_log_likelihood_sample": {
            "type": "instance",
            "class_path": "autofit.non_linear.samples.sample.Sample",
            "arguments": {
                "log_likelihood": -41.47739429752913,
                "log_prior": 0.0,
                "weight": 0.0010184501483785297,
                "kwargs": {
                    "type": "dict",
                    "arguments": {
                        "ellipses.0.ell_comps.ell_comps_0": -0.15061631109705,
                        "ellipses.0.ell_comps.ell_comps_1": 0.00744569696574,
                        "multipoles.0.multipole_1.multipole_comps.multipole_comps_0": 0.14882186593884,
                        "multipoles.0.multipole_1.multipole_comps.multipole_comps_1": -0.10103770014744,
                        "multipoles.0.multipole_3.multipole_comps.multipole_comps_0": 0.01588745790564,
                        "multipoles.0.multipole_3.multipole_comps.multipole_comps_1": 0.0321297032137,
                        "multipoles.0.multipole_4.multipole_comps.multipole_comps_0": -0.05654891880577,
                        "multipoles.0.multipole_4.multipole_comps.multipole_comps_1": -0.00341281058587
                    }
                }
            }
        },
        "log_evidence": -59.42463211000254,
        "values_at_sigma_3": {
            "type": "list",
            "values": [
                {
                    "type": "tuple",
                    "values": [
                        -0.19211173989158256,
                        -0.12563435580569485
                    ]
                },
                {
                    "type": "tuple",
                    "values": [
                        -0.06036639236235786,
                        0.01926292820260576
                    ]
                },
                {
                    "type": "tuple",
                    "values": [
                        -0.19124561988177177,
                        0.19240813267946
                    ]
                },
                {
                    "type": "tuple",
                    "values": [
                        -0.195674051255265,
                        0.19756779452968
                    ]
                },
                {
                    "type": "tuple",
                    "values": [
                        -0.099346597517879,
                        0.0989285732216003
                    ]
                },
                {
                    "type": "tuple",
                    "values": [
                        -0.06487021598445,
                        0.09944639881794
                    ]
                },
                {
                    "type": "tuple",
                    "values": [
                        -0.09259260271794,
                        0.07256753450300403
                    ]
                },
                {
                    "type": "tuple",
                    "values": [
                        -0.04307729630958824,
                        0.09953471611043814
                    ]
                }
            ]
        },
        "errors_at_sigma_1": {
            "type": "list",
            "values": [
                {
                    "type": "tuple",
                    "values": [
                        0.026264973061949526,
                        0.010771070460227516
                    ]
                },
                {
                    "type": "tuple",
                    "values": [
                        0.008767517776981013,
                        0.030922935609847102
                    ]
                },
                {
                    "type": "tuple",
                    "values": [
                        0.10049971907824,
                        0.17601718257736
                    ]
                },
                {
                    "type": "tuple",
                    "values": [
                        0.12719097604498178,
                        0.1353306782725786
                    ]
                },
                {
                    "type": "tuple",
                    "values": [
                        0.10884762769645207,
                        0.04709008930313847
                    ]
                },
                {
                    "type": "tuple",
                    "values": [
                        0.05197584073942775,
                        0.04463534841964919
                    ]
                },
                {
                    "type": "tuple",
                    "values": [
                        0.032942583081129996,
                        0.059754480140618474
                    ]
                },
                {
                    "type": "tuple",
                    "values": [
                        0.026134504245115982,
                        0.0685600935514689
                    ]
                }
            ]
        },
        "values_at_sigma_1": {
            "type": "list",
            "values": [
                {
                    "type": "tuple",
                    "values": [
                        -0.18039435817156704,
                        -0.14335831464939
                    ]
                },
                {
                    "type": "tuple",
                    "values": [
                        -0.03061503261812,
                        0.009075420768708113
                    ]
                },
                {
                    "type": "tuple",
                    "values": [
                        -0.13609241103691,
                        0.14042449061869
                    ]
                },
                {
                    "type": "tuple",
                    "values": [
                        -0.1447854965522804,
                        0.11773615776528
                    ]
                },
                {
                    "type": "tuple",
                    "values": [
                        -0.07414623632631079,
                        0.08179148067327974
                    ]
                },
                {
                    "type": "tuple",
                    "values": [
                        -0.019451220882556946,
                        0.07715996827652
                    ]
                },
                {
                    "type": "tuple",
                    "values": [
                        -0.06174069545016,
                        0.030956367771588472
                    ]
                },
                {
                    "type": "tuple",
                    "values": [
                        -0.018675752036635983,
                        0.0760188457599489
                    ]
                }
            ]
        },
        "errors_at_sigma_3": {
            "type": "list",
            "values": [
                {
                    "type": "tuple",
                    "values": [
                        0.037982354781965044,
                        0.02849502930392267
                    ]
                },
                {
                    "type": "tuple",
                    "values": [
                        0.03851887752121887,
                        0.04111044304374475
                    ]
                },
                {
                    "type": "tuple",
                    "values": [
                        0.15565292792310176,
                        0.22800082463812998
                    ]
                },
                {
                    "type": "tuple",
                    "values": [
                        0.17807953074796637,
                        0.21516231503697864
                    ]
                },
                {
                    "type": "tuple",
                    "values": [
                        0.13404798888802028,
                        0.06422718185145904
                    ]
                },
                {
                    "type": "tuple",
                    "values": [
                        0.0973948358413208,
                        0.06692177896106918
                    ]
                },
                {
                    "type": "tuple",
                    "values": [
                        0.06379449034891,
                        0.10136564687203403
                    ]
                },
                {
                    "type": "tuple",
                    "values": [
                        0.05053604851806824,
                        0.09207596390195814
                    ]
                }
            ]
        },
        "median_pdf_sample": {
            "type": "instance",
            "class_path": "autofit.non_linear.samples.sample.Sample",
            "arguments": {
                "log_likelihood": -41.47739429752913,
                "log_prior": 0.0,
                "weight": 0.0010184501483785297,
                "kwargs": {
                    "type": "dict",
                    "arguments": {
                        "ellipses.0.ell_comps.ell_comps_0": -0.15412938510961752,
                        "ellipses.0.ell_comps.ell_comps_1": -0.021847514841138987,
                        "multipoles.0.multipole_1.multipole_comps.multipole_comps_0": -0.03559269195867,
                        "multipoles.0.multipole_1.multipole_comps.multipole_comps_1": -0.01759452050729862,
                        "multipoles.0.multipole_3.multipole_comps.multipole_comps_0": 0.03470139137014127,
                        "multipoles.0.multipole_3.multipole_comps.multipole_comps_1": 0.03252461985687081,
                        "multipoles.0.multipole_4.multipole_comps.multipole_comps_0": -0.02879811236903,
                        "multipoles.0.multipole_4.multipole_comps.multipole_comps_1": 0.00745875220848
                    }
                }
            }
        },
        "model": null
    }
}