{
    "type": "instance",
    "class_path": "autofit.non_linear.samples.summary.SamplesSummary",
    "arguments": {
        "log_evidence": -38.18873465919617,
        "median_pdf_sample": {
            "type": "instance",
            "class_path": "autofit.non_linear.samples.sample.Sample",
            "arguments": {
                "log_likelihood": -19.476484337093957,
                "log_prior": 0.0,
                "weight": 0.001015615120180466,
                "kwargs": {
                    "type": "dict",
                    "arguments": {
                        "ellipses.0.ell_comps.ell_comps_0": -0.04454775826907274,
                        "ellipses.0.ell_comps.ell_comps_1": 0.03316511345375927,
                        "multipoles.0.multipole_1.multipole_comps.multipole_comps_0": 0.01885297407363,
                        "multipoles.0.multipole_1.multipole_comps.multipole_comps_1": 0.000800933075441331,
                        "multipoles.0.multipole_3.multipole_comps.multipole_comps_0": -0.014082863606678224,
                        "multipoles.0.multipole_3.multipole_comps.multipole_comps_1": -0.03592301636307507,
                        "multipoles.0.multipole_4.multipole_comps.multipole_comps_0": -0.0071173978645938385,
                        "multipoles.0.multipole_4.multipole_comps.multipole_comps_1": -0.0012476747511385457
                    }
                }
            }
        },
        "max_log_likelihood_sample": {
            "type": "instance",
            "class_path": "autofit.non_linear.samples.sample.Sample",
            "arguments": {
                "log_likelihood": -19.476484337093957,
                "log_prior": 0.0,
                "weight": 0.001015615120180466,
                "kwargs": {
                    "type": "dict",
                    "arguments": {
                        "ellipses.0.ell_comps.ell_comps_0": -0.05177848668427,
                        "ellipses.0.ell_comps.ell_comps_1": 0.0302363678614,
                        "multipoles.0.multipole_1.multipole_comps.multipole_comps_0": 0.02852427701428,
                        "multipoles.0.multipole_1.multipole_comps.multipole_comps_1": -0.00614043755428,
                        "multipoles.0.multipole_3.multipole_comps.multipole_comps_0": -0.03014300630216,
                        "multipoles.0.multipole_3.multipole_comps.multipole_comps_1": -0.05334548177632,
                        "multipoles.0.multipole_4.multipole_comps.multipole_comps_0": -0.00857935950149,
                        "multipoles.0.multipole_4.multipole_comps.multipole_comps_1": -0.01544105648195
                    }
                }
            }
        },
        "values_at_sigma_1": {
            "type": "list",
            "values": [
                {
                    "type": "tuple",
                    "values": [
                        -0.05346091326399114,
                        -0.03309017585232
                    ]
                },
                {
                    "type": "tuple",
                    "values": [
                        0.0232716704376,
                        0.04530253425496
                    ]
                },
                {
                    "type": "tuple",
                    "values": [
                        -0.0017716118486937776,
                        0.03594070349446439
                    ]
                },
                {
                    "type": "tuple",
                    "values": [
                        -0.02473785512115,
                        0.022826973869501534
                    ]
                },
                {
                    "type": "tuple",
                    "values": [
                        -0.03204908486946023,
                        0.0033596316028217665
                    ]
                },
                {
                    "type": "tuple",
                    "values": [
                        -0.05833091828072,
                        -0.01363300030697559
                    ]
                },
                {
                    "type": "tuple",
                    "values": [
                        -0.02667179460354044,
                        0.014602429269636216
                    ]
                },
                {
                    "type": "tuple",
                    "values": [
                        -0.02154476147671,
                        0.01825722325122695
                    ]
                }
            ]
        },
        "values_at_sigma_3": {
            "type": "list",
            "values": [
                {
                    "type": "tuple",
                    "values": [
                        -0.06451810641754,
                        -0.01253850511448
                    ]
                },
                {
                    "type": "tuple",
                    "values": [
                        0.00413212407661,
                        0.0536958168983031
                    ]
                },
                {
                    "type": "tuple",
                    "values": [
                        -0.04320822383325738,
                        0.07618583279726
                    ]
                },
                {
                    "type": "tuple",
                    "values": [
                        -0.05974534957021012,
                        0.06403616522429499
                    ]
                },
                {
                    "type": "tuple",
                    "values": [
                        -0.08293473515453587,
                        0.0374581769160976
                    ]
                },
                {
                    "type": "tuple",
                    "values": [
                        -0.09581249658504,
                        0.029851122164601136
                    ]
                },
                {
                    "type": "tuple",
                    "values": [
                        -0.06598485583970778,
                        0.04735425516565168
                    ]
                },
                {
                    "type": "tuple",
                    "values": [
                        -0.05152713639532,
                        0.06209527869487
                    ]
                }
            ]
        },
        "model": null,
        "errors_at_sigma_1": {
            "type": "list",
            "values": [
                {
                    "type": "tuple",
                    "values": [
                        0.008913154994918397,
                        0.011457582416752744
                    ]
                },
                {
                    "type": "tuple",
                    "values": [
                        0.00989344301615927,
                        0.012137420801200734
                    ]
                },
                {
                    "type": "tuple",
                    "values": [
                        0.020624585922323777,
                        0.01708772942083439
                    ]
                },
                {
                    "type": "tuple",
                    "values": [
                        0.02553878819659133,
                        0.022026040794060203
                    ]
                },
                {
                    "type": "tuple",
                    "values": [
                        0.01796622126278201,
                        0.01744249520949999
                    ]
                },
                {
                    "type": "tuple",
                    "values": [
                        0.022407901917644926,
                        0.022290016056099482
                    ]
                },
                {
                    "type": "tuple",
                    "values": [
                        0.0195543967389466,
                        0.021719827134230055
                    ]
                },
                {
                    "type": "tuple",
                    "values": [
                        0.020297086725571456,
                        0.019504898002365493
                    ]
                }
            ]
        },
        "errors_at_sigma_3": {
            "type": "list",
            "values": [
                {
                    "type": "tuple",
                    "values": [
                        0.01997034814846725,
                        0.03200925315459274
                    ]
                },
                {
                    "type": "tuple",
                    "values": [
                        0.02903298937714927,
                        0.02053070344454383
                    ]
                },
                {
                    "type": "tuple",
                    "values": [
                        0.062061197906887376,
                        0.057332858723630004
                    ]
                },
                {
                    "type": "tuple",
                    "values": [
                        0.06054628264565145,
                        0.06323523214885365
                    ]
                },
                {
                    "type": "tuple",
                    "values": [
                        0.06885187154785764,
                        0.051541040522775826
                    ]
                },
                {
                    "type": "tuple",
                    "values": [
                        0.05988948022196493,
                        0.0657741385276762
                    ]
                },
                {
                    "type": "tuple",
                    "values": [
                        0.058867457975113946,
                        0.054471653030245516
                    ]
                },
                {
                    "type": "tuple",
                    "values": [
                        0.050279461644181456,
                        0.06334295344600854
                    ]
                }
            ]
        }
    }
}