{
    "type": "instance",
    "class_path": "autofit.non_linear.samples.summary.SamplesSummary",
    "arguments": {
        "errors_at_sigma_1": {
            "type": "list",
            "values": [
                {
                    "type": "tuple",
                    "values": [
                        0.000947515316994145,
                        0.0039039580460400003
                    ]
                },
                {
                    "type": "tuple",
                    "values": [
                        0.009475271897723122,
                        0.0018144011176914904
                    ]
                },
                {
                    "type": "tuple",
                    "values": [
                        0.0030632991419246094,
                        0.029003838902934752
                    ]
                },
                {
                    "type": "tuple",
                    "values": [
                        0.009722648943078475,
                        0.04156204187568
                    ]
                },
                {
                    "type": "tuple",
                    "values": [
                        0.0059856920686491046,
                        0.001992757695966467
                    ]
                },
                {
                    "type": "tuple",
                    "values": [
                        0.01521251836092739,
                        0.005075746676022609
                    ]
                },
                {
                    "type": "tuple",
                    "values": [
                        0.006297630767690257,
                        0.013712226510937245
                    ]
                },
                {
                    "type": "tuple",
                    "values": [
                        0.013510722002836558,
                        0.004214224519619999
                    ]
                },
                {
                    "type": "tuple",
                    "values": [
                        0.012407442637995106,
                        0.07249674467394819
                    ]
                },
                {
                    "type": "tuple",
                    "values": [
                        0.040656440587543606,
                        0.03197121796716421
                    ]
                },
                {
                    "type": "tuple",
                    "values": [
                        0.0037161128888128646,
                        0.009296609072107961
                    ]
                },
                {
                    "type": "tuple",
                    "values": [
                        0.007283575712203711,
                        0.01931904190324
                    ]
                },
                {
                    "type": "tuple",
                    "values": [
                        0.006617567724449694,
                        0.004602493726930001
                    ]
                },
                {
                    "type": "tuple",
                    "values": [
                        0.036007162695472356,
                        0.009661512630437642
                    ]
                },
                {
                    "type": "tuple",
                    "values": [
                        0.019439397770679996,
                        0.058706928495452074
                    ]
                },
                {
                    "type": "tuple",
                    "values": [
                        0.014776308630120668,
                        0.03892548841560032
                    ]
                },
                {
                    "type": "tuple",
                    "values": [
                        0.03696773700403472,
                        0.04627600265828636
                    ]
                },
                {
                    "type": "tuple",
                    "values": [
                        0.03133725270200341,
                        0.006817854344699584
                    ]
                },
                {
                    "type": "tuple",
                    "values": [
                        0.04224772862968857,
                        0.031573753066406564
                    ]
                },
                {
                    "type": "tuple",
                    "values": [
                        0.019649239304292767,
                        0.012735552556719999
                    ]
                },
                {
                    "type": "tuple",
                    "values": [
                        0.10207357964122621,
                        0.013386457939379717
                    ]
                },
                {
                    "type": "tuple",
                    "values": [
                        0.07931585372162611,
                        0.054865799501757274
                    ]
                },
                {
                    "type": "tuple",
                    "values": [
                        0.015009068290600001,
                        0.032154637437540004
                    ]
                },
                {
                    "type": "tuple",
                    "values": [
                        0.009375191854550005,
                        0.016440038051366408
                    ]
                },
                {
                    "type": "tuple",
                    "values": [
                        0.004542145514902167,
                        0.01855967322909783
                    ]
                },
                {
                    "type": "tuple",
                    "values": [
                        0.0048080590732457636,
                        0.021538459720774235
                    ]
                },
                {
                    "type": "tuple",
                    "values": [
                        0.004989941568108114,
                        0.04749861762194188
                    ]
                },
                {
                    "type": "tuple",
                    "values": [
                        0.008667180286269997,
                        0.032588524722750006
                    ]
                },
                {
                    "type": "tuple",
                    "values": [
                        0.02186068993643065,
                        0.012882898103070053
                    ]
                },
                {
                    "type": "tuple",
                    "values": [
                        0.04464410892769,
                        0.008772548496909997
                    ]
                },
                {
                    "type": "tuple",
                    "values": [
                        0.01283883244430023,
                        0.002535701072613517
                    ]
                },
                {
                    "type": "tuple",
                    "values": [
                        0.024715701595904943,
                        0.03348510767916506
                    ]
                }
            ]
        },
        "median_pdf_sample": {
            "type": "instance",
            "class_path": "autofit.non_linear.samples.sample.Sample",
            "arguments": {
                "log_likelihood": -127.65202696325356,
                "log_prior": 0.0,
                "weight": 0.0010240430189841798,
                "kwargs": {
                    "type": "dict",
                    "arguments": {
                        "ellipses.ellipse_4.centre.centre_0": 0.00205421780713,
                        "ellipses.ellipse_4.centre.centre_1": 0.00834346652138851,
                        "ellipses.ellipse_0.ell_comps.ell_comps_0": -0.05348140330403458,
                        "ellipses.ellipse_0.ell_comps.ell_comps_1": 0.01763486617584,
                        "multipoles.0.multipole_3.multipole_comps.multipole_comps_0": -0.004865038008040895,
                        "multipoles.0.multipole_3.multipole_comps.multipole_comps_1": 0.0067698240765473915,
                        "multipoles.0.multipole_4.multipole_comps.multipole_comps_0": 0.0048304061737702575,
                        "multipoles.0.multipole_4.multipole_comps.multipole_comps_1": 0.01197185500975,
                        "ellipses.ellipse_1.ell_comps.ell_comps_0": -0.08522483076897819,
                        "ellipses.ellipse_1.ell_comps.ell_comps_1": 0.023674873566272216,
                        "multipoles.1.multipole_3.multipole_comps.multipole_comps_0": 0.003011541708672039,
                        "multipoles.1.multipole_3.multipole_comps.multipole_comps_1": 0.00577163237611,
                        "multipoles.1.multipole_4.multipole_comps.multipole_comps_0": -0.0082567157288,
                        "multipoles.1.multipole_4.multipole_comps.multipole_comps_1": 0.013761481012662358,
                        "ellipses.ellipse_2.ell_comps.ell_comps_0": -0.05024633767065,
                        "ellipses.ellipse_2.ell_comps.ell_comps_1": 0.02324746946150473,
                        "multipoles.2.multipole_3.multipole_comps.multipole_comps_0": 0.02616029589869797,
                        "multipoles.2.multipole_3.multipole_comps.multipole_comps_1": 0.0011263276200904157,
                        "multipoles.2.multipole_4.multipole_comps.multipole_comps_0": 0.02566892962502857,
                        "multipoles.2.multipole_4.multipole_comps.multipole_comps_1": -0.01098084857152,
                        "ellipses.ellipse_3.ell_comps.ell_comps_0": 0.09614077438782617,
                        "ellipses.ellipse_3.ell_comps.ell_comps_1": 0.05201520035909,
                        "multipoles.3.multipole_3.multipole_comps.multipole_comps_0": 0.02374636642435,
                        "multipoles.3.multipole_3.multipole_comps.multipole_comps_1": 0.04032020891486,
                        "multipoles.3.multipole_4.multipole_comps.multipole_comps_0": -0.03489595803228783,
                        "multipoles.3.multipole_4.multipole_comps.multipole_comps_1": 0.003880328609605764,
                        "ellipses.ellipse_4.ell_comps.ell_comps_0": -0.29232224209067187,
                        "ellipses.ellipse_4.ell_comps.ell_comps_1": 0.04099383475641,
                        "multipoles.4.multipole_3.multipole_comps.multipole_comps_0": -0.03725934196057273,
                        "multipoles.4.multipole_3.multipole_comps.multipole_comps_1": 0.05241014809139,
                        "multipoles.4.multipole_4.multipole_comps.multipole_comps_0": -0.011032678908653518,
                        "multipoles.4.multipole_4.multipole_comps.multipole_comps_1": -0.029870984751125054
                    }
                }
            }
        },
        "values_at_sigma_3": {
            "type": "list",
            "values": [
                {
                    "type": "tuple",
                    "values": [
                        -0.00924876089826,
                        0.010389601340152469
                    ]
                },
                {
                    "type": "tuple",
                    "values": [
                        -0.00564965879028,
                        0.012820357545695561
                    ]
                },
                {
                    "type": "tuple",
                    "values": [
                        -0.06935185791565127,
                        -0.00507097041784
                    ]
                },
                {
                    "type": "tuple",
                    "values": [
                        0.002447306044779785,
                        0.06826241971149734
                    ]
                },
                {
                    "type": "tuple",
                    "values": [
                        -0.01626486439421,
                        0.012156448045122059
                    ]
                },
                {
                    "type": "tuple",
                    "values": [
                        -0.016705851282107602,
                        0.017937327055885376
                    ]
                },
                {
                    "type": "tuple",
                    "values": [
                        -0.01913491755053,
                        0.021427528875561763
                    ]
                },
                {
                    "type": "tuple",
                    "values": [
                        -0.0031775381956136287,
                        0.028387503891624026
                    ]
                },
                {
                    "type": "tuple",
                    "values": [
                        -0.10632837873995916,
                        0.00867144028292
                    ]
                },
                {
                    "type": "tuple",
                    "values": [
                        -0.029994555285473092,
                        0.06242206389827928
                    ]
                },
                {
                    "type": "tuple",
                    "values": [
                        -0.01476239099234,
                        0.02197596440585
                    ]
                },
                {
                    "type": "tuple",
                    "values": [
                        -0.026829124439516773,
                        0.028894815789464845
                    ]
                },
                {
                    "type": "tuple",
                    "values": [
                        -0.0368455572856744,
                        0.01357534936749129
                    ]
                },
                {
                    "type": "tuple",
                    "values": [
                        -0.033072493471187465,
                        0.04590656982271527
                    ]
                },
                {
                    "type": "tuple",
                    "values": [
                        -0.08968201371535,
                        0.03836907171949
                    ]
                },
                {
                    "type": "tuple",
                    "values": [
                        -0.027925254400996365,
                        0.07971414264503694
                    ]
                },
                {
                    "type": "tuple",
                    "values": [
                        -0.05915614074196471,
                        0.09974413618592383
                    ]
                },
                {
                    "type": "tuple",
                    "values": [
                        -0.046409037412031874,
                        0.016593986661660846
                    ]
                },
                {
                    "type": "tuple",
                    "values": [
                        -0.03424089059585735,
                        0.06607377116402187
                    ]
                },
                {
                    "type": "tuple",
                    "values": [
                        -0.052598804905450526,
                        0.008857966039429403
                    ]
                },
                {
                    "type": "tuple",
                    "values": [
                        -0.0900800877794511,
                        0.15126858322515
                    ]
                },
                {
                    "type": "tuple",
                    "values": [
                        -0.061335718854508545,
                        0.17672035020948
                    ]
                },
                {
                    "type": "tuple",
                    "values": [
                        -0.036963452440257366,
                        0.0803300899518
                    ]
                },
                {
                    "type": "tuple",
                    "values": [
                        -0.01316365135558,
                        0.08179434522062846
                    ]
                },
                {
                    "type": "tuple",
                    "values": [
                        -0.06316182399276,
                        0.03384960267385936
                    ]
                },
                {
                    "type": "tuple",
                    "values": [
                        -0.03898240976184808,
                        0.03984637763184
                    ]
                },
                {
                    "type": "tuple",
                    "values": [
                        -0.33716839411647,
                        0.12950816901702
                    ]
                },
                {
                    "type": "tuple",
                    "values": [
                        -0.06291295097282,
                        0.3683518438263501
                    ]
                },
                {
                    "type": "tuple",
                    "values": [
                        -0.06529133392915769,
                        -0.01091359843139
                    ]
                },
                {
                    "type": "tuple",
                    "values": [
                        -0.00705226326026,
                        0.06937384335033
                    ]
                },
                {
                    "type": "tuple",
                    "values": [
                        -0.0326683216334385,
                        0.03456678662332
                    ]
                },
                {
                    "type": "tuple",
                    "values": [
                        -0.08988233277275,
                        0.0096115521898
                    ]
                }
            ]
        },
        "values_at_sigma_1": {
            "type": "list",
            "values": [
                {
                    "type": "tuple",
                    "values": [
                        0.001106702490135855,
                        0.00595817585317
                    ]
                },
                {
                    "type": "tuple",
                    "values": [
                        -0.0011318053763346115,
                        0.01015786763908
                    ]
                },
                {
                    "type": "tuple",
                    "values": [
                        -0.05654470244595919,
                        -0.024477564401099827
                    ]
                },
                {
                    "type": "tuple",
                    "values": [
                        0.007912217232761526,
                        0.05919690805152
                    ]
                },
                {
                    "type": "tuple",
                    "values": [
                        -0.01085073007669,
                        -0.0028722803120744276
                    ]
                },
                {
                    "type": "tuple",
                    "values": [
                        -0.00844269428438,
                        0.01184557075257
                    ]
                },
                {
                    "type": "tuple",
                    "values": [
                        -0.00146722459392,
                        0.018542632684707502
                    ]
                },
                {
                    "type": "tuple",
                    "values": [
                        -0.001538866993086559,
                        0.01618607952937
                    ]
                },
                {
                    "type": "tuple",
                    "values": [
                        -0.0976322734069733,
                        -0.01272808609503
                    ]
                },
                {
                    "type": "tuple",
                    "values": [
                        -0.01698156702127139,
                        0.05564609153343643
                    ]
                },
                {
                    "type": "tuple",
                    "values": [
                        -0.0007045711801408255,
                        0.01230815078078
                    ]
                },
                {
                    "type": "tuple",
                    "values": [
                        -0.0015119433360937114,
                        0.02509067427935
                    ]
                },
                {
                    "type": "tuple",
                    "values": [
                        -0.014874283453249695,
                        -0.00365422200187
                    ]
                },
                {
                    "type": "tuple",
                    "values": [
                        -0.02224568168281,
                        0.0234229936431
                    ]
                },
                {
                    "type": "tuple",
                    "values": [
                        -0.06968573544133,
                        0.008460590824802067
                    ]
                },
                {
                    "type": "tuple",
                    "values": [
                        0.008471160831384062,
                        0.06217295787710505
                    ]
                },
                {
                    "type": "tuple",
                    "values": [
                        -0.010807441105336744,
                        0.07243629855698433
                    ]
                },
                {
                    "type": "tuple",
                    "values": [
                        -0.030210925081912993,
                        0.00794418196479
                    ]
                },
                {
                    "type": "tuple",
                    "values": [
                        -0.01657879900466,
                        0.057242682691435134
                    ]
                },
                {
                    "type": "tuple",
                    "values": [
                        -0.030630087875812766,
                        0.0017547039852
                    ]
                },
                {
                    "type": "tuple",
                    "values": [
                        -0.005932805253400031,
                        0.10952723232720589
                    ]
                },
                {
                    "type": "tuple",
                    "values": [
                        -0.027300653362536113,
                        0.10688099986084727
                    ]
                },
                {
                    "type": "tuple",
                    "values": [
                        0.00873729813375,
                        0.05590100386189
                    ]
                },
                {
                    "type": "tuple",
                    "values": [
                        0.03094501706031,
                        0.05676024696622641
                    ]
                },
                {
                    "type": "tuple",
                    "values": [
                        -0.03943810354719,
                        -0.01633628480319
                    ]
                },
                {
                    "type": "tuple",
                    "values": [
                        -0.00092773046364,
                        0.02541878833038
                    ]
                },
                {
                    "type": "tuple",
                    "values": [
                        -0.29731218365878,
                        -0.24482362446873
                    ]
                },
                {
                    "type": "tuple",
                    "values": [
                        0.03232665447014,
                        0.07358235947916
                    ]
                },
                {
                    "type": "tuple",
                    "values": [
                        -0.05912003189700338,
                        -0.024376443857502674
                    ]
                },
                {
                    "type": "tuple",
                    "values": [
                        0.0077660391637,
                        0.0611826965883
                    ]
                },
                {
                    "type": "tuple",
                    "values": [
                        -0.023871511352953748,
                        -0.00849697783604
                    ]
                },
                {
                    "type": "tuple",
                    "values": [
                        -0.05458668634703,
                        0.00361412292804
                    ]
                }
            ]
        },
        "model": null,
        "errors_at_sigma_3": {
            "type": "list",
            "values": [
                {
                    "type": "tuple",
                    "values": [
                        0.01130297870539,
                        0.008335383533022468
                    ]
                },
                {
                    "type": "tuple",
                    "values": [
                        0.013993125311668509,
                        0.004476891024307051
                    ]
                },
                {
                    "type": "tuple",
                    "values": [
                        0.015870454611616687,
                        0.04841043288619458
                    ]
                },
                {
                    "type": "tuple",
                    "values": [
                        0.015187560131060216,
                        0.05062755353565734
                    ]
                },
                {
                    "type": "tuple",
                    "values": [
                        0.011399826386169104,
                        0.017021486053162956
                    ]
                },
                {
                    "type": "tuple",
                    "values": [
                        0.023475675358654993,
                        0.011167502979337985
                    ]
                },
                {
                    "type": "tuple",
                    "values": [
                        0.02396532372430026,
                        0.016597122701791506
                    ]
                },
                {
                    "type": "tuple",
                    "values": [
                        0.015149393205363628,
                        0.016415648881874027
                    ]
                },
                {
                    "type": "tuple",
                    "values": [
                        0.021103547970980976,
                        0.09389627105189818
                    ]
                },
                {
                    "type": "tuple",
                    "values": [
                        0.053669428851745304,
                        0.03874719033200706
                    ]
                },
                {
                    "type": "tuple",
                    "values": [
                        0.01777393270101204,
                        0.018964422697177963
                    ]
                },
                {
                    "type": "tuple",
                    "values": [
                        0.032600756815626776,
                        0.023123183413354845
                    ]
                },
                {
                    "type": "tuple",
                    "values": [
                        0.0285888415568744,
                        0.021832065096291292
                    ]
                },
                {
                    "type": "tuple",
                    "values": [
                        0.04683397448384982,
                        0.032145088810052916
                    ]
                },
                {
                    "type": "tuple",
                    "values": [
                        0.039435676044700003,
                        0.08861540939014001
                    ]
                },
                {
                    "type": "tuple",
                    "values": [
                        0.051172723862501095,
                        0.05646667318353221
                    ]
                },
                {
                    "type": "tuple",
                    "values": [
                        0.08531643664066269,
                        0.07358384028722587
                    ]
                },
                {
                    "type": "tuple",
                    "values": [
                        0.04753536503212229,
                        0.01546765904157043
                    ]
                },
                {
                    "type": "tuple",
                    "values": [
                        0.05990982022088592,
                        0.0404048415389933
                    ]
                },
                {
                    "type": "tuple",
                    "values": [
                        0.04161795633393053,
                        0.019838814610949402
                    ]
                },
                {
                    "type": "tuple",
                    "values": [
                        0.1862208621672773,
                        0.05512780883732382
                    ]
                },
                {
                    "type": "tuple",
                    "values": [
                        0.11335091921359855,
                        0.12470514985039
                    ]
                },
                {
                    "type": "tuple",
                    "values": [
                        0.06070981886460737,
                        0.05658372352744999
                    ]
                },
                {
                    "type": "tuple",
                    "values": [
                        0.053483860270440005,
                        0.04147413630576846
                    ]
                },
                {
                    "type": "tuple",
                    "values": [
                        0.028265865960472175,
                        0.06874556070614718
                    ]
                },
                {
                    "type": "tuple",
                    "values": [
                        0.042862738371453844,
                        0.035966049022234235
                    ]
                },
                {
                    "type": "tuple",
                    "values": [
                        0.044846152025798114,
                        0.42183041110769187
                    ]
                },
                {
                    "type": "tuple",
                    "values": [
                        0.10390678572923,
                        0.3273580090699401
                    ]
                },
                {
                    "type": "tuple",
                    "values": [
                        0.02803199196858496,
                        0.026345743529182727
                    ]
                },
                {
                    "type": "tuple",
                    "values": [
                        0.05946241135165,
                        0.016963695258940002
                    ]
                },
                {
                    "type": "tuple",
                    "values": [
                        0.021635642724784986,
                        0.04559946553197352
                    ]
                },
                {
                    "type": "tuple",
                    "values": [
                        0.060011348021624944,
                        0.03948253694092505
                    ]
                }
            ]
        },
        "max_log_likelihood_sample": {
            "type": "instance",
            "class_path": "autofit.non_linear.samples.sample.Sample",
            "arguments": {
                "log_likelihood": -127.65202696325356,
                "log_prior": 0.0,
                "weight": 0.0010240430189841798,
                "kwargs": {
                    "type": "dict",
                    "arguments": {
                        "ellipses.ellipse_4.centre.centre_0": 0.00171397937857,
                        "ellipses.ellipse_4.centre.centre_1": 0.00905209823007,
                        "ellipses.ellipse_0.ell_comps.ell_comps_0": -0.05438558624902,
                        "ellipses.ellipse_0.ell_comps.ell_comps_1": 0.01300465210231,
                        "multipoles.0.multipole_3.multipole_comps.multipole_comps_0": -0.00417772041123,
                        "multipoles.0.multipole_3.multipole_comps.multipole_comps_1": 0.00690985995576,
                        "multipoles.0.multipole_4.multipole_comps.multipole_comps_0": 0.01527228292641,
                        "multipoles.0.multipole_4.multipole_comps.multipole_comps_1": -0.00049364518855,
                        "ellipses.ellipse_1.ell_comps.ell_comps_0": -0.09024351317912,
                        "ellipses.ellipse_1.ell_comps.ell_comps_1": 0.05270608557284,
                        "multipoles.1.multipole_3.multipole_comps.multipole_comps_0": 0.00171646573601,
                        "multipoles.1.multipole_3.multipole_comps.multipole_comps_1": 0.02387426680762,
                        "multipoles.1.multipole_4.multipole_comps.multipole_comps_0": -0.00888641184375,
                        "multipoles.1.multipole_4.multipole_comps.multipole_comps_1": 0.01346913660826,
                        "ellipses.ellipse_2.ell_comps.ell_comps_0": -0.05164129855888,
                        "ellipses.ellipse_2.ell_comps.ell_comps_1": 0.02237616007662,
                        "multipoles.2.multipole_3.multipole_comps.multipole_comps_0": 0.02863822700766,
                        "multipoles.2.multipole_3.multipole_comps.multipole_comps_1": 0.00178256840782,
                        "multipoles.2.multipole_4.multipole_comps.multipole_comps_0": 0.05609929813572,
                        "multipoles.2.multipole_4.multipole_comps.multipole_comps_1": 0.00063789782066,
                        "ellipses.ellipse_3.ell_comps.ell_comps_0": 0.10059852282474,
                        "ellipses.ellipse_3.ell_comps.ell_comps_1": -0.0243198058592,
                        "multipoles.3.multipole_3.multipole_comps.multipole_comps_0": 0.01282832090853,
                        "multipoles.3.multipole_3.multipole_comps.multipole_comps_1": 0.05402926014912,
                        "multipoles.3.multipole_4.multipole_comps.multipole_comps_0": -0.03477340288061,
                        "multipoles.3.multipole_4.multipole_comps.multipole_comps_1": 0.00205019545591,
                        "ellipses.ellipse_4.ell_comps.ell_comps_0": -0.29233116086039,
                        "ellipses.ellipse_4.ell_comps.ell_comps_1": 0.03410905242841,
                        "multipoles.4.multipole_3.multipole_comps.multipole_comps_0": -0.05915217794641,
                        "multipoles.4.multipole_3.multipole_comps.multipole_comps_1": 0.05679514891461,
                        "multipoles.4.multipole_4.multipole_comps.multipole_comps_0": -0.01032390312851,
                        "multipoles.4.multipole_4.multipole_comps.multipole_comps_1": 0.00265205458144
                    }
                }
            }
        },
        "log_evidence": -171.55878522626435
    }
}