{
    "type": "instance",
    "class_path": "autofit.non_linear.samples.summary.SamplesSummary",
    "arguments": {
        "values_at_sigma_3": {
            "type": "list",
            "values": [
                {
                    "type": "tuple",
                    "values": [
                        -0.5005134154117401,
                        -0.45442378759184887
                    ]
                },
                {
                    "type": "tuple",
                    "values": [
                        -0.005176786162312006,
                        0.03582013722871
                    ]
                }
            ]
        },
        "log_evidence": -93.19338263012645,
        "errors_at_sigma_3": {
            "type": "list",
            "values": [
                {
                    "type": "tuple",
                    "values": [
                        0.011371906874870108,
                        0.034717720945021124
                    ]
                },
                {
                    "type": "tuple",
                    "values": [
                        0.014118432591812006,
                        0.026878490799209995
                    ]
                }
            ]
        },
        "values_at_sigma_1": {
            "type": "list",
            "values": [
                {
                    "type": "tuple",
                    "values": [
                        -0.49389402641953356,
                        -0.48584705842311
                    ]
                },
                {
                    "type": "tuple",
                    "values": [
                        0.00606113484789,
                        0.013319844267564876
                    ]
                }
            ]
        },
        "errors_at_sigma_1": {
            "type": "list",
            "values": [
                {
                    "type": "tuple",
                    "values": [
                        0.004752517882663565,
                        0.0032944501137600057
                    ]
                },
                {
                    "type": "tuple",
                    "values": [
                        0.002880511581610001,
                        0.004378197838064875
                    ]
                }
            ]
        },
        "median_pdf_sample": {
            "type": "instance",
            "class_path": "autofit.non_linear.samples.sample.Sample",
            "arguments": {
                "log_likelihood": -81.58726441252904,
                "log_prior": 0.0,
                "weight": 0.0010126202556416694,
                "kwargs": {
                    "type": "dict",
                    "arguments": {
                        "ellipses.0.ell_comps.ell_comps_0": -0.48914150853687,
                        "ellipses.0.ell_comps.ell_comps_1": 0.0089416464295
                    }
                }
            }
        },
        "model": null,
        "max_log_likelihood_sample": {
            "type": "instance",
            "class_path": "autofit.non_linear.samples.sample.Sample",
            "arguments": {
                "log_likelihood": -81.58726441252904,
                "log_prior": 0.0,
                "weight": 0.0010126202556416694,
                "kwargs": {
                    "type": "dict",
                    "arguments": {
                        "ellipses.0.ell_comps.ell_comps_0": -0.48946843558615,
                        "ellipses.0.ell_comps.ell_comps_1": 0.00872638893723
                    }
                }
            }
        }
    }
}