{
    "type": "instance",
    "class_path": "autofit.non_linear.samples.summary.SamplesSummary",
    "arguments": {
        "errors_at_sigma_1": {
            "type": "list",
            "values": [
                {
                    "type": "tuple",
                    "values": [
                        0.0036969886582906425,
                        0.0030233400840399965
                    ]
                },
                {
                    "type": "tuple",
                    "values": [
                        0.002864667151322463,
                        0.0030936586515045925
                    ]
                },
                {
                    "type": "tuple",
                    "values": [
                        0.006191658563114471,
                        0.005950922793846358
                    ]
                },
                {
                    "type": "tuple",
                    "values": [
                        0.005069153292686252,
                        0.005510046951768264
                    ]
                },
                {
                    "type": "tuple",
                    "values": [
                        0.008666015844820001,
                        0.009864854418029999
                    ]
                },
                {
                    "type": "tuple",
                    "values": [
                        0.006782784580440642,
                        0.006477908643341911
                    ]
                }
            ]
        },
        "log_evidence": -72.60544598693772,
        "median_pdf_sample": {
            "type": "instance",
            "class_path": "autofit.non_linear.samples.sample.Sample",
            "arguments": {
                "log_likelihood": -51.795005399100496,
                "log_prior": 0.0,
                "weight": 0.0010345295110927538,
                "kwargs": {
                    "type": "dict",
                    "arguments": {
                        "ellipses.0.ell_comps.ell_comps_0": -0.09809179229728,
                        "ellipses.0.ell_comps.ell_comps_1": -0.04308444519076459,
                        "multipoles.0.multipole_3.multipole_comps.multipole_comps_0": -0.00371915569396,
                        "multipoles.0.multipole_3.multipole_comps.multipole_comps_1": -0.0037166876867137486,
                        "multipoles.0.multipole_4.multipole_comps.multipole_comps_0": -0.0057209522396,
                        "multipoles.0.multipole_4.multipole_comps.multipole_comps_1": -0.010420631795104862
                    }
                }
            }
        },
        "max_log_likelihood_sample": {
            "type": "instance",
            "class_path": "autofit.non_linear.samples.sample.Sample",
            "arguments": {
                "log_likelihood": -51.795005399100496,
                "log_prior": 0.0,
                "weight": 0.0010345295110927538,
                "kwargs": {
                    "type": "dict",
                    "arguments": {
                        "ellipses.0.ell_comps.ell_comps_0": -0.09916641455452,
                        "ellipses.0.ell_comps.ell_comps_1": -0.04234297750953,
                        "multipoles.0.multipole_3.multipole_comps.multipole_comps_0": -0.00121517179242,
                        "multipoles.0.multipole_3.multipole_comps.multipole_comps_1": -0.00267177838924,
                        "multipoles.0.multipole_4.multipole_comps.multipole_comps_0": -0.00508510715125,
                        "multipoles.0.multipole_4.multipole_comps.multipole_comps_1": -0.00680079830004
                    }
                }
            }
        },
        "model": null,
        "errors_at_sigma_3": {
            "type": "list",
            "values": [
                {
                    "type": "tuple",
                    "values": [
                        0.017635710456331014,
                        0.008999076864433589
                    ]
                },
                {
                    "type": "tuple",
                    "values": [
                        0.009131984465556992,
                        0.010011821606524592
                    ]
                },
                {
                    "type": "tuple",
                    "values": [
                        0.015606098330868725,
                        0.01615209744301395
                    ]
                },
                {
                    "type": "tuple",
                    "values": [
                        0.01618485837326625,
                        0.01739309066207938
                    ]
                },
                {
                    "type": "tuple",
                    "values": [
                        0.032122596279871414,
                        0.03222999949241
                    ]
                },
                {
                    "type": "tuple",
                    "values": [
                        0.020880412072604798,
                        0.020074400036622968
                    ]
                }
            ]
        },
        "values_at_sigma_1": {
            "type": "list",
            "values": [
                {
                    "type": "tuple",
                    "values": [
                        -0.10178878095557065,
                        -0.09506845221324
                    ]
                },
                {
                    "type": "tuple",
                    "values": [
                        -0.04594911234208705,
                        -0.03999078653926
                    ]
                },
                {
                    "type": "tuple",
                    "values": [
                        -0.009910814257074472,
                        0.0022317670998863583
                    ]
                },
                {
                    "type": "tuple",
                    "values": [
                        -0.0087858409794,
                        0.0017933592650545159
                    ]
                },
                {
                    "type": "tuple",
                    "values": [
                        -0.01438696808442,
                        0.00414390217843
                    ]
                },
                {
                    "type": "tuple",
                    "values": [
                        -0.017203416375545504,
                        -0.003942723151762951
                    ]
                }
            ]
        },
        "values_at_sigma_3": {
            "type": "list",
            "values": [
                {
                    "type": "tuple",
                    "values": [
                        -0.11572750275361102,
                        -0.08909271543284641
                    ]
                },
                {
                    "type": "tuple",
                    "values": [
                        -0.05221642965632158,
                        -0.03307262358424
                    ]
                },
                {
                    "type": "tuple",
                    "values": [
                        -0.019325254024828726,
                        0.012432941749053949
                    ]
                },
                {
                    "type": "tuple",
                    "values": [
                        -0.01990154605998,
                        0.013676402975365633
                    ]
                },
                {
                    "type": "tuple",
                    "values": [
                        -0.037843548519471415,
                        0.02650904725281
                    ]
                },
                {
                    "type": "tuple",
                    "values": [
                        -0.03130104386770966,
                        0.009653768241518104
                    ]
                }
            ]
        }
    }
}