{
    "type": "instance",
    "class_path": "autofit.non_linear.samples.summary.SamplesSummary",
    "arguments": {
        "max_log_likelihood_sample": {
            "type": "instance",
            "class_path": "autofit.non_linear.samples.sample.Sample",
            "arguments": {
                "log_likelihood": -2.406410219611609,
                "log_prior": 0.0,
                "weight": 0.001030709187459022,
                "kwargs": {
                    "type": "dict",
                    "arguments": {
                        "ellipses.0.ell_comps.ell_comps_0": 0.0269335749949,
                        "ellipses.0.ell_comps.ell_comps_1": 0.02873630189947,
                        "multipoles.0.multipole_3.multipole_comps.multipole_comps_0": 0.00085144763513,
                        "multipoles.0.multipole_3.multipole_comps.multipole_comps_1": -0.00083253457212,
                        "multipoles.0.multipole_4.multipole_comps.multipole_comps_0": 0.0005384434437,
                        "multipoles.0.multipole_4.multipole_comps.multipole_comps_1": -0.00016251359624
                    }
                }
            }
        },
        "model": null,
        "median_pdf_sample": {
            "type": "instance",
            "class_path": "autofit.non_linear.samples.sample.Sample",
            "arguments": {
                "log_likelihood": -2.406410219611609,
                "log_prior": 0.0,
                "weight": 0.001030709187459022,
                "kwargs": {
                    "type": "dict",
                    "arguments": {
                        "ellipses.0.ell_comps.ell_comps_0": 0.02605388717412,
                        "ellipses.0.ell_comps.ell_comps_1": 0.02828620457462302,
                        "multipoles.0.multipole_3.multipole_comps.multipole_comps_0": 0.0007844671898299397,
                        "multipoles.0.multipole_3.multipole_comps.multipole_comps_1": -0.0004500072687962009,
                        "multipoles.0.multipole_4.multipole_comps.multipole_comps_0": 0.00021194307910192504,
                        "multipoles.0.multipole_4.multipole_comps.multipole_comps_1": 2.430285277e-05
                    }
                }
            }
        },
        "errors_at_sigma_3": {
            "type": "list",
            "values": [
                {
                    "type": "tuple",
                    "values": [
                        0.011236768498129084,
                        0.01026292321571682
                    ]
                },
                {
                    "type": "tuple",
                    "values": [
                        0.010168732723884109,
                        0.012902650844595815
                    ]
                },
                {
                    "type": "tuple",
                    "values": [
                        0.0025141830616099395,
                        0.0030408002350000604
                    ]
                },
                {
                    "type": "tuple",
                    "values": [
                        0.002867532592393799,
                        0.002668015871478578
                    ]
                },
                {
                    "type": "tuple",
                    "values": [
                        0.003387532179051925,
                        0.0039058839054131466
                    ]
                },
                {
                    "type": "tuple",
                    "values": [
                        0.00378264537896,
                        0.003794492970356669
                    ]
                }
            ]
        },
        "values_at_sigma_1": {
            "type": "list",
            "values": [
                {
                    "type": "tuple",
                    "values": [
                        0.022303434772010314,
                        0.03013705502648
                    ]
                },
                {
                    "type": "tuple",
                    "values": [
                        0.024614235749890915,
                        0.032926868119351194
                    ]
                },
                {
                    "type": "tuple",
                    "values": [
                        3.317043087954675e-05,
                        0.0017444705819907016
                    ]
                },
                {
                    "type": "tuple",
                    "values": [
                        -0.0013961233823444913,
                        0.0004091624036468775
                    ]
                },
                {
                    "type": "tuple",
                    "values": [
                        -0.00110933403808,
                        0.0017251860715538653
                    ]
                },
                {
                    "type": "tuple",
                    "values": [
                        -0.0012314165161676233,
                        0.00116636569668
                    ]
                }
            ]
        },
        "log_evidence": -29.591939625773055,
        "values_at_sigma_3": {
            "type": "list",
            "values": [
                {
                    "type": "tuple",
                    "values": [
                        0.014817118675990917,
                        0.03631681038983682
                    ]
                },
                {
                    "type": "tuple",
                    "values": [
                        0.018117471850738913,
                        0.04118885541921884
                    ]
                },
                {
                    "type": "tuple",
                    "values": [
                        -0.00172971587178,
                        0.00382526742483
                    ]
                },
                {
                    "type": "tuple",
                    "values": [
                        -0.00331753986119,
                        0.0022180086026823767
                    ]
                },
                {
                    "type": "tuple",
                    "values": [
                        -0.00317558909995,
                        0.004117826984515072
                    ]
                },
                {
                    "type": "tuple",
                    "values": [
                        -0.00375834252619,
                        0.003818795823126669
                    ]
                }
            ]
        },
        "errors_at_sigma_1": {
            "type": "list",
            "values": [
                {
                    "type": "tuple",
                    "values": [
                        0.003750452402109687,
                        0.004083167852360001
                    ]
                },
                {
                    "type": "tuple",
                    "values": [
                        0.0036719688247321067,
                        0.004640663544728172
                    ]
                },
                {
                    "type": "tuple",
                    "values": [
                        0.0007512967589503929,
                        0.0009600033921607619
                    ]
                },
                {
                    "type": "tuple",
                    "values": [
                        0.0009461161135482904,
                        0.0008591696724430783
                    ]
                },
                {
                    "type": "tuple",
                    "values": [
                        0.0013212771171819252,
                        0.0015132429924519402
                    ]
                },
                {
                    "type": "tuple",
                    "values": [
                        0.0012557193689376233,
                        0.0011420628439100002
                    ]
                }
            ]
        }
    }
}