{
    "type": "instance",
    "class_path": "autofit.non_linear.samples.summary.SamplesSummary",
    "arguments": {
        "errors_at_sigma_3": {
            "type": "list",
            "values": [
                {
                    "type": "tuple",
                    "values": [
                        0.011064882464061065,
                        0.010326755311203
                    ]
                },
                {
                    "type": "tuple",
                    "values": [
                        0.01830814637588826,
                        0.02053098827634
                    ]
                },
                {
                    "type": "tuple",
                    "values": [
                        0.02287292190491969,
                        0.024307116211141445
                    ]
                },
                {
                    "type": "tuple",
                    "values": [
                        0.026821344593593303,
                        0.0420921040069631
                    ]
                },
                {
                    "type": "tuple",
                    "values": [
                        0.022544663259768588,
                        0.02140513610183365
                    ]
                },
                {
                    "type": "tuple",
                    "values": [
                        0.025872671863388458,
                        0.03685431583012139
                    ]
                }
            ]
        },
        "median_pdf_sample": {
            "type": "instance",
            "class_path": "autofit.non_linear.samples.sample.Sample",
            "arguments": {
                "log_likelihood": -31.750759746510262,
                "log_prior": 0.0,
                "weight": 0.0009688502508970216,
                "kwargs": {
                    "type": "dict",
                    "arguments": {
                        "ellipses.0.ell_comps.ell_comps_0": -0.20801162617020894,
                        "ellipses.0.ell_comps.ell_comps_1": 0.00134975893178,
                        "multipoles.0.multipole_3.multipole_comps.multipole_comps_0": -0.00021992393503144424,
                        "multipoles.0.multipole_3.multipole_comps.multipole_comps_1": -0.00937497262757,
                        "multipoles.0.multipole_4.multipole_comps.multipole_comps_0": 0.0005578438893585907,
                        "multipoles.0.multipole_4.multipole_comps.multipole_comps_1": -0.04482730918793024
                    }
                }
            }
        },
        "model": null,
        "errors_at_sigma_1": {
            "type": "list",
            "values": [
                {
                    "type": "tuple",
                    "values": [
                        0.00328826244158556,
                        0.002664752184727198
                    ]
                },
                {
                    "type": "tuple",
                    "values": [
                        0.008193215902759999,
                        0.004528746951640785
                    ]
                },
                {
                    "type": "tuple",
                    "values": [
                        0.007374794374681457,
                        0.006232612575381444
                    ]
                },
                {
                    "type": "tuple",
                    "values": [
                        0.012041162664219644,
                        0.026538216050921624
                    ]
                },
                {
                    "type": "tuple",
                    "values": [
                        0.006851690052644467,
                        0.006148825294621409
                    ]
                },
                {
                    "type": "tuple",
                    "values": [
                        0.009997069492046436,
                        0.008775483072785771
                    ]
                }
            ]
        },
        "values_at_sigma_3": {
            "type": "list",
            "values": [
                {
                    "type": "tuple",
                    "values": [
                        -0.21907650863427,
                        -0.19768487085900593
                    ]
                },
                {
                    "type": "tuple",
                    "values": [
                        -0.01695838744410826,
                        0.02188074720812
                    ]
                },
                {
                    "type": "tuple",
                    "values": [
                        -0.023092845839951134,
                        0.02408719227611
                    ]
                },
                {
                    "type": "tuple",
                    "values": [
                        -0.0361963172211633,
                        0.032717131379393104
                    ]
                },
                {
                    "type": "tuple",
                    "values": [
                        -0.02198681937041,
                        0.02196297999119224
                    ]
                },
                {
                    "type": "tuple",
                    "values": [
                        -0.0706999810513187,
                        -0.007972993357808851
                    ]
                }
            ]
        },
        "values_at_sigma_1": {
            "type": "list",
            "values": [
                {
                    "type": "tuple",
                    "values": [
                        -0.2112998886117945,
                        -0.20534687398548174
                    ]
                },
                {
                    "type": "tuple",
                    "values": [
                        -0.00684345697098,
                        0.005878505883420785
                    ]
                },
                {
                    "type": "tuple",
                    "values": [
                        -0.0075947183097129015,
                        0.00601268864035
                    ]
                },
                {
                    "type": "tuple",
                    "values": [
                        -0.021416135291789644,
                        0.017163243423351626
                    ]
                },
                {
                    "type": "tuple",
                    "values": [
                        -0.006293846163285876,
                        0.00670666918398
                    ]
                },
                {
                    "type": "tuple",
                    "values": [
                        -0.05482437867997667,
                        -0.036051826115144466
                    ]
                }
            ]
        },
        "max_log_likelihood_sample": {
            "type": "instance",
            "class_path": "autofit.non_linear.samples.sample.Sample",
            "arguments": {
                "log_likelihood": -31.750759746510262,
                "log_prior": 0.0,
                "weight": 0.0009688502508970216,
                "kwargs": {
                    "type": "dict",
                    "arguments": {
                        "ellipses.0.ell_comps.ell_comps_0": -0.20741890924852,
                        "ellipses.0.ell_comps.ell_comps_1": -0.00161103010432,
                        "multipoles.0.multipole_3.multipole_comps.multipole_comps_0": 0.00101508261436,
                        "multipoles.0.multipole_3.multipole_comps.multipole_comps_1": 0.01669223200535,
                        "multipoles.0.multipole_4.multipole_comps.multipole_comps_0": 0.00193664784952,
                        "multipoles.0.multipole_4.multipole_comps.multipole_comps_1": -0.04781501521879
                    }
                }
            }
        },
        "log_evidence": -51.197798507879234
    }
}