{
    "type": "instance",
    "class_path": "autofit.non_linear.samples.summary.SamplesSummary",
    "arguments": {
        "errors_at_sigma_1": {
            "type": "list",
            "values": [
                {
                    "type": "tuple",
                    "values": [
                        0.013800329357318952,
                        0.01615877411095809
                    ]
                },
                {
                    "type": "tuple",
                    "values": [
                        0.01880641644858,
                        0.018351443598934612
                    ]
                }
            ]
        },
        "values_at_sigma_3": {
            "type": "list",
            "values": [
                {
                    "type": "tuple",
                    "values": [
                        -0.168863906498479,
                        -0.057450974387087295
                    ]
                },
                {
                    "type": "tuple",
                    "values": [
                        -0.044855631188961013,
                        0.06264635838257325
                    ]
                }
            ]
        },
        "model": null,
        "median_pdf_sample": {
            "type": "instance",
            "class_path": "autofit.non_linear.samples.sample.Sample",
            "arguments": {
                "log_likelihood": -6.934504457410444,
                "log_prior": 0.0,
                "weight": 0.0009790703949632217,
                "kwargs": {
                    "type": "dict",
                    "arguments": {
                        "ellipses.0.ell_comps.ell_comps_0": -0.13031459167567105,
                        "ellipses.0.ell_comps.ell_comps_1": 0.00605337838783
                    }
                }
            }
        },
        "max_log_likelihood_sample": {
            "type": "instance",
            "class_path": "autofit.non_linear.samples.sample.Sample",
            "arguments": {
                "log_likelihood": -6.934504457410444,
                "log_prior": 0.0,
                "weight": 0.0009790703949632217,
                "kwargs": {
                    "type": "dict",
                    "arguments": {
                        "ellipses.0.ell_comps.ell_comps_0": -0.13740952903431,
                        "ellipses.0.ell_comps.ell_comps_1": 0.00078448389339
                    }
                }
            }
        },
        "log_evidence": -13.92849549774235,
        "errors_at_sigma_3": {
            "type": "list",
            "values": [
                {
                    "type": "tuple",
                    "values": [
                        0.038549314822807934,
                        0.07286361728858376
                    ]
                },
                {
                    "type": "tuple",
                    "values": [
                        0.050909009576791016,
                        0.05659297999474325
                    ]
                }
            ]
        },
        "values_at_sigma_1": {
            "type": "list",
            "values": [
                {
                    "type": "tuple",
                    "values": [
                        -0.14411492103299,
                        -0.11415581756471296
                    ]
                },
                {
                    "type": "tuple",
                    "values": [
                        -0.01275303806075,
                        0.02440482198676461
                    ]
                }
            ]
        }
    }
}