{
    "type": "instance",
    "class_path": "autofit.non_linear.samples.summary.SamplesSummary",
    "arguments": {
        "median_pdf_sample": {
            "type": "instance",
            "class_path": "autofit.non_linear.samples.sample.Sample",
            "arguments": {
                "log_likelihood": -59.0402373675607,
                "log_prior": 0.0,
                "weight": 0.0009874086323483824,
                "kwargs": {
                    "type": "dict",
                    "arguments": {
                        "ellipses.0.ell_comps.ell_comps_0": -0.27561321826728347,
                        "ellipses.0.ell_comps.ell_comps_1": 0.01459936612253885,
                        "multipoles.0.multipole_3.multipole_comps.multipole_comps_0": -0.001004782456845798,
                        "multipoles.0.multipole_3.multipole_comps.multipole_comps_1": 0.01279992359744,
                        "multipoles.0.multipole_4.multipole_comps.multipole_comps_0": -0.01805853715279293,
                        "multipoles.0.multipole_4.multipole_comps.multipole_comps_1": -0.01872765281259821
                    }
                }
            }
        },
        "errors_at_sigma_3": {
            "type": "list",
            "values": [
                {
                    "type": "tuple",
                    "values": [
                        0.009512313973886521,
                        0.023392268322603493
                    ]
                },
                {
                    "type": "tuple",
                    "values": [
                        0.03493230466891002,
                        0.018887516252041152
                    ]
                },
                {
                    "type": "tuple",
                    "values": [
                        0.07114021119573453,
                        0.08911214903800929
                    ]
                },
                {
                    "type": "tuple",
                    "values": [
                        0.07705927393835,
                        0.08100510135118
                    ]
                },
                {
                    "type": "tuple",
                    "values": [
                        0.06549504203457707,
                        0.09142241686951293
                    ]
                },
                {
                    "type": "tuple",
                    "values": [
                        0.08071865997514178,
                        0.058180824957726945
                    ]
                }
            ]
        },
        "log_evidence": -77.09202221801651,
        "errors_at_sigma_1": {
            "type": "list",
            "values": [
                {
                    "type": "tuple",
                    "values": [
                        0.003038753031166519,
                        0.0050819344444876235
                    ]
                },
                {
                    "type": "tuple",
                    "values": [
                        0.016766723893238848,
                        0.0047145584182122675
                    ]
                },
                {
                    "type": "tuple",
                    "values": [
                        0.02641318072486401,
                        0.04842439201138109
                    ]
                },
                {
                    "type": "tuple",
                    "values": [
                        0.03539566174297785,
                        0.03595297750449927
                    ]
                },
                {
                    "type": "tuple",
                    "values": [
                        0.01839866805019707,
                        0.035469854806252935
                    ]
                },
                {
                    "type": "tuple",
                    "values": [
                        0.043973709669891795,
                        0.022138224886726423
                    ]
                }
            ]
        },
        "model": null,
        "values_at_sigma_3": {
            "type": "list",
            "values": [
                {
                    "type": "tuple",
                    "values": [
                        -0.28512553224117,
                        -0.25222094994468
                    ]
                },
                {
                    "type": "tuple",
                    "values": [
                        -0.020332938546371176,
                        0.03348688237458
                    ]
                },
                {
                    "type": "tuple",
                    "values": [
                        -0.07214499365258033,
                        0.0881073665811635
                    ]
                },
                {
                    "type": "tuple",
                    "values": [
                        -0.06425935034091,
                        0.09380502494862
                    ]
                },
                {
                    "type": "tuple",
                    "values": [
                        -0.08355357918737,
                        0.07336387971672
                    ]
                },
                {
                    "type": "tuple",
                    "values": [
                        -0.09944631278774,
                        0.03945317214512874
                    ]
                }
            ]
        },
        "max_log_likelihood_sample": {
            "type": "instance",
            "class_path": "autofit.non_linear.samples.sample.Sample",
            "arguments": {
                "log_likelihood": -59.0402373675607,
                "log_prior": 0.0,
                "weight": 0.0009874086323483824,
                "kwargs": {
                    "type": "dict",
                    "arguments": {
                        "ellipses.0.ell_comps.ell_comps_0": -0.27452236337554,
                        "ellipses.0.ell_comps.ell_comps_1": 0.01742799015571,
                        "multipoles.0.multipole_3.multipole_comps.multipole_comps_0": -0.00833686802626,
                        "multipoles.0.multipole_3.multipole_comps.multipole_comps_1": 0.02808547669804,
                        "multipoles.0.multipole_4.multipole_comps.multipole_comps_0": -0.02543347397295,
                        "multipoles.0.multipole_4.multipole_comps.multipole_comps_1": -0.0100070763374
                    }
                }
            }
        },
        "values_at_sigma_1": {
            "type": "list",
            "values": [
                {
                    "type": "tuple",
                    "values": [
                        -0.27865197129845,
                        -0.27053128382279584
                    ]
                },
                {
                    "type": "tuple",
                    "values": [
                        -0.0021673577707,
                        0.019313924540751117
                    ]
                },
                {
                    "type": "tuple",
                    "values": [
                        -0.027417963181709807,
                        0.04741960955453529
                    ]
                },
                {
                    "type": "tuple",
                    "values": [
                        -0.02259573814553785,
                        0.04875290110193927
                    ]
                },
                {
                    "type": "tuple",
                    "values": [
                        -0.03645720520299,
                        0.01741131765346
                    ]
                },
                {
                    "type": "tuple",
                    "values": [
                        -0.06270136248249,
                        0.0034105720741282133
                    ]
                }
            ]
        }
    }
}