{
    "type": "instance",
    "class_path": "autofit.non_linear.samples.summary.SamplesSummary",
    "arguments": {
        "values_at_sigma_3": {
            "type": "list",
            "values": [
                {
                    "type": "tuple",
                    "values": [
                        0.03342646584631,
                        0.06109716734996
                    ]
                },
                {
                    "type": "tuple",
                    "values": [
                        -0.16225045224035956,
                        -0.15150294362117
                    ]
                }
            ]
        },
        "values_at_sigma_1": {
            "type": "list",
            "values": [
                {
                    "type": "tuple",
                    "values": [
                        0.03667222720660978,
                        0.042119010627509855
                    ]
                },
                {
                    "type": "tuple",
                    "values": [
                        -0.15847709954370778,
                        -0.1564499210583839
                    ]
                }
            ]
        },
        "max_log_likelihood_sample": {
            "type": "instance",
            "class_path": "autofit.non_linear.samples.sample.Sample",
            "arguments": {
                "log_likelihood": -61.42160490439507,
                "log_prior": 0.0,
                "weight": 0.0009062964750994183,
                "kwargs": {
                    "type": "dict",
                    "arguments": {
                        "ellipses.0.ell_comps.ell_comps_0": 0.03952387186774,
                        "ellipses.0.ell_comps.ell_comps_1": -0.15660713533958
                    }
                }
            }
        },
        "model": null,
        "errors_at_sigma_1": {
            "type": "list",
            "values": [
                {
                    "type": "tuple",
                    "values": [
                        0.0020231751122211927,
                        0.0034236083086788827
                    ]
                },
                {
                    "type": "tuple",
                    "values": [
                        0.0007900256401178474,
                        0.0012371528452060354
                    ]
                }
            ]
        },
        "errors_at_sigma_3": {
            "type": "list",
            "values": [
                {
                    "type": "tuple",
                    "values": [
                        0.005268936472520976,
                        0.022401765031129027
                    ]
                },
                {
                    "type": "tuple",
                    "values": [
                        0.004563378336769619,
                        0.006184130282419931
                    ]
                }
            ]
        },
        "log_evidence": -74.18414928528453,
        "median_pdf_sample": {
            "type": "instance",
            "class_path": "autofit.non_linear.samples.sample.Sample",
            "arguments": {
                "log_likelihood": -61.42160490439507,
                "log_prior": 0.0,
                "weight": 0.0009062964750994183,
                "kwargs": {
                    "type": "dict",
                    "arguments": {
                        "ellipses.0.ell_comps.ell_comps_0": 0.03869540231883097,
                        "ellipses.0.ell_comps.ell_comps_1": -0.15768707390358994
                    }
                }
            }
        }
    }
}