{
    "data_name": "J0237-0641",
    "redshift_lens": 0.4859,
    "redshift_source": 2.2491,
    "velocity_dispersion": 290,
    "velocity_dispersion_error": 89,
    "slope_ritondale_map": 1.914,
    "slope_ritondale_multinest": 1.86,
    "slope_ritondale_error": 0.04,
    "r_dev": 1.05,
    "r_eff": 1.05,
    "slope": 2.32,
    "slope_err": 0.54,
    "r_ein": 0.65,
    "PA": 49,
    "q_SIE": 0.86,
    "dRA": 0.01,
    "dDEC": 0.05,
    "subhalo_grid_dimensions_arcsec": 1.6,
    "mask_inner_radius": 0.2,
    "mask_outer_radius": 1.2,
    "scaled_annular": 1,
    "detect_delaunay": 0,
    "bpl_source_mask": 0,
    "mask_circular_radii": 3.5
}