{
    "type": "instance",
    "class_path": "autofit.non_linear.samples.summary.SamplesSummary",
    "arguments": {
        "model": null,
        "max_log_likelihood_sample": {
            "type": "instance",
            "class_path": "autofit.non_linear.samples.sample.Sample",
            "arguments": {
                "log_likelihood": -10.983509808105849,
                "log_prior": 0.0,
                "weight": 0.0010390990773376397,
                "kwargs": {
                    "type": "dict",
                    "arguments": {
                        "ellipses.0.ell_comps.ell_comps_0": 0.00161271284235,
                        "ellipses.0.ell_comps.ell_comps_1": 0.03367366831399,
                        "multipoles.0.multipole_3.multipole_comps.multipole_comps_0": 0.00266852550725,
                        "multipoles.0.multipole_3.multipole_comps.multipole_comps_1": 0.02517374878972,
                        "multipoles.0.multipole_4.multipole_comps.multipole_comps_0": 0.0219127213156,
                        "multipoles.0.multipole_4.multipole_comps.multipole_comps_1": -0.00650287056302
                    }
                }
            }
        },
        "median_pdf_sample": {
            "type": "instance",
            "class_path": "autofit.non_linear.samples.sample.Sample",
            "arguments": {
                "log_likelihood": -10.983509808105849,
                "log_prior": 0.0,
                "weight": 0.0010390990773376397,
                "kwargs": {
                    "type": "dict",
                    "arguments": {
                        "ellipses.0.ell_comps.ell_comps_0": 0.00455787018004,
                        "ellipses.0.ell_comps.ell_comps_1": -0.01029854615027,
                        "multipoles.0.multipole_3.multipole_comps.multipole_comps_0": -0.006683518781824531,
                        "multipoles.0.multipole_3.multipole_comps.multipole_comps_1": -0.00426370598237045,
                        "multipoles.0.multipole_4.multipole_comps.multipole_comps_0": -0.005102939390215808,
                        "multipoles.0.multipole_4.multipole_comps.multipole_comps_1": 0.01511722326672
                    }
                }
            }
        },
        "values_at_sigma_1": {
            "type": "list",
            "values": [
                {
                    "type": "tuple",
                    "values": [
                        -0.026066248786410284,
                        0.02632869778809
                    ]
                },
                {
                    "type": "tuple",
                    "values": [
                        -0.07710227487878411,
                        0.021685874701614212
                    ]
                },
                {
                    "type": "tuple",
                    "values": [
                        -0.03939293195939,
                        0.019404110661175727
                    ]
                },
                {
                    "type": "tuple",
                    "values": [
                        -0.045305693199261365,
                        0.05580450773739
                    ]
                },
                {
                    "type": "tuple",
                    "values": [
                        -0.030748203448938992,
                        0.03527207840401
                    ]
                },
                {
                    "type": "tuple",
                    "values": [
                        -0.02375875134108,
                        0.05328039162218
                    ]
                }
            ]
        },
        "errors_at_sigma_3": {
            "type": "list",
            "values": [
                {
                    "type": "tuple",
                    "values": [
                        0.09290024307867001,
                        0.05156033901404077
                    ]
                },
                {
                    "type": "tuple",
                    "values": [
                        0.10898238564826408,
                        0.07775289563933228
                    ]
                },
                {
                    "type": "tuple",
                    "values": [
                        0.07573668433064928,
                        0.07575783193260453
                    ]
                },
                {
                    "type": "tuple",
                    "values": [
                        0.0817284576380458,
                        0.0860409657135658
                    ]
                },
                {
                    "type": "tuple",
                    "values": [
                        0.09240816967385262,
                        0.08448588569607747
                    ]
                },
                {
                    "type": "tuple",
                    "values": [
                        0.09152596506568,
                        0.07357172411138257
                    ]
                }
            ]
        },
        "values_at_sigma_3": {
            "type": "list",
            "values": [
                {
                    "type": "tuple",
                    "values": [
                        -0.08834237289863,
                        0.056118209194080775
                    ]
                },
                {
                    "type": "tuple",
                    "values": [
                        -0.11928093179853408,
                        0.06745434948906229
                    ]
                },
                {
                    "type": "tuple",
                    "values": [
                        -0.08242020311247382,
                        0.06907431315078
                    ]
                },
                {
                    "type": "tuple",
                    "values": [
                        -0.08599216362041626,
                        0.08177725973119535
                    ]
                },
                {
                    "type": "tuple",
                    "values": [
                        -0.09751110906406843,
                        0.07938294630586167
                    ]
                },
                {
                    "type": "tuple",
                    "values": [
                        -0.07640874179896,
                        0.08868894737810257
                    ]
                }
            ]
        },
        "log_evidence": -22.70857298199896,
        "errors_at_sigma_1": {
            "type": "list",
            "values": [
                {
                    "type": "tuple",
                    "values": [
                        0.030624118966450283,
                        0.021770827608050002
                    ]
                },
                {
                    "type": "tuple",
                    "values": [
                        0.06680372872851412,
                        0.031984420851884215
                    ]
                },
                {
                    "type": "tuple",
                    "values": [
                        0.03270941317756547,
                        0.02608762944300026
                    ]
                },
                {
                    "type": "tuple",
                    "values": [
                        0.04104198721689092,
                        0.06006821371976045
                    ]
                },
                {
                    "type": "tuple",
                    "values": [
                        0.025645264058723184,
                        0.04037501779422581
                    ]
                },
                {
                    "type": "tuple",
                    "values": [
                        0.0388759746078,
                        0.03816316835546
                    ]
                }
            ]
        }
    }
}