{
    "type": "instance",
    "class_path": "autofit.non_linear.samples.summary.SamplesSummary",
    "arguments": {
        "log_evidence": -52.525646403404885,
        "model": null,
        "errors_at_sigma_3": {
            "type": "list",
            "values": [
                {
                    "type": "tuple",
                    "values": [
                        0.008893226483549996,
                        0.01571667226188042
                    ]
                },
                {
                    "type": "tuple",
                    "values": [
                        0.010330699263188588,
                        0.01119971344652141
                    ]
                }
            ]
        },
        "max_log_likelihood_sample": {
            "type": "instance",
            "class_path": "autofit.non_linear.samples.sample.Sample",
            "arguments": {
                "log_likelihood": -41.64207932980345,
                "log_prior": 0.0,
                "weight": 0.0009961975931035046,
                "kwargs": {
                    "type": "dict",
                    "arguments": {
                        "ellipses.0.ell_comps.ell_comps_0": -0.10742790340141,
                        "ellipses.0.ell_comps.ell_comps_1": 0.0368891963079
                    }
                }
            }
        },
        "values_at_sigma_3": {
            "type": "list",
            "values": [
                {
                    "type": "tuple",
                    "values": [
                        -0.11449107166491042,
                        -0.08988117291948
                    ]
                },
                {
                    "type": "tuple",
                    "values": [
                        0.02806212873089,
                        0.0495925414406
                    ]
                }
            ]
        },
        "median_pdf_sample": {
            "type": "instance",
            "class_path": "autofit.non_linear.samples.sample.Sample",
            "arguments": {
                "log_likelihood": -41.64207932980345,
                "log_prior": 0.0,
                "weight": 0.0009961975931035046,
                "kwargs": {
                    "type": "dict",
                    "arguments": {
                        "ellipses.0.ell_comps.ell_comps_0": -0.10559784518136042,
                        "ellipses.0.ell_comps.ell_comps_1": 0.03839282799407859
                    }
                }
            }
        },
        "errors_at_sigma_1": {
            "type": "list",
            "values": [
                {
                    "type": "tuple",
                    "values": [
                        0.0031406907269595774,
                        0.004032552686586671
                    ]
                },
                {
                    "type": "tuple",
                    "values": [
                        0.0032896709658370438,
                        0.002904994059452423
                    ]
                }
            ]
        },
        "values_at_sigma_1": {
            "type": "list",
            "values": [
                {
                    "type": "tuple",
                    "values": [
                        -0.10873853590832,
                        -0.10156529249477375
                    ]
                },
                {
                    "type": "tuple",
                    "values": [
                        0.035103157028241544,
                        0.04129782205353101
                    ]
                }
            ]
        }
    }
}