{
    "type": "instance",
    "class_path": "autofit.non_linear.samples.summary.SamplesSummary",
    "arguments": {
        "values_at_sigma_1": {
            "type": "list",
            "values": [
                {
                    "type": "tuple",
                    "values": [
                        -0.14342338818154,
                        -0.13548111124897533
                    ]
                },
                {
                    "type": "tuple",
                    "values": [
                        0.12869644301753014,
                        0.13672549273445467
                    ]
                },
                {
                    "type": "tuple",
                    "values": [
                        -0.02127051621154,
                        -0.00370800866681
                    ]
                },
                {
                    "type": "tuple",
                    "values": [
                        -0.01236936977614,
                        0.0114173187189
                    ]
                },
                {
                    "type": "tuple",
                    "values": [
                        -0.02559649737255,
                        0.001490508073760598
                    ]
                },
                {
                    "type": "tuple",
                    "values": [
                        0.0081728851153,
                        0.029983431867980474
                    ]
                }
            ]
        },
        "median_pdf_sample": {
            "type": "instance",
            "class_path": "autofit.non_linear.samples.sample.Sample",
            "arguments": {
                "log_likelihood": -30.252124462701875,
                "log_prior": 0.0,
                "weight": 0.0010255102409393417,
                "kwargs": {
                    "type": "dict",
                    "arguments": {
                        "ellipses.0.ell_comps.ell_comps_0": -0.1398164861108863,
                        "ellipses.0.ell_comps.ell_comps_1": 0.13292432772153717,
                        "multipoles.0.multipole_3.multipole_comps.multipole_comps_0": -0.013187613326993782,
                        "multipoles.0.multipole_3.multipole_comps.multipole_comps_1": -0.002409290128949478,
                        "multipoles.0.multipole_4.multipole_comps.multipole_comps_0": -0.011195537464791242,
                        "multipoles.0.multipole_4.multipole_comps.multipole_comps_1": 0.0198085509609268
                    }
                }
            }
        },
        "max_log_likelihood_sample": {
            "type": "instance",
            "class_path": "autofit.non_linear.samples.sample.Sample",
            "arguments": {
                "log_likelihood": -30.252124462701875,
                "log_prior": 0.0,
                "weight": 0.0010255102409393417,
                "kwargs": {
                    "type": "dict",
                    "arguments": {
                        "ellipses.0.ell_comps.ell_comps_0": -0.13959627976946,
                        "ellipses.0.ell_comps.ell_comps_1": 0.1355477375295,
                        "multipoles.0.multipole_3.multipole_comps.multipole_comps_0": -0.01935860134839,
                        "multipoles.0.multipole_3.multipole_comps.multipole_comps_1": -0.00629790871805,
                        "multipoles.0.multipole_4.multipole_comps.multipole_comps_0": -0.01119040295199,
                        "multipoles.0.multipole_4.multipole_comps.multipole_comps_1": 0.01869756535356
                    }
                }
            }
        },
        "model": null,
        "errors_at_sigma_3": {
            "type": "list",
            "values": [
                {
                    "type": "tuple",
                    "values": [
                        0.009264307309523712,
                        0.01347763706023597
                    ]
                },
                {
                    "type": "tuple",
                    "values": [
                        0.015845686537657167,
                        0.011193771440092232
                    ]
                },
                {
                    "type": "tuple",
                    "values": [
                        0.023489888943526223,
                        0.03753029523358378
                    ]
                },
                {
                    "type": "tuple",
                    "values": [
                        0.03124100249168052,
                        0.029596721304572086
                    ]
                },
                {
                    "type": "tuple",
                    "values": [
                        0.04035012988933673,
                        0.03609553565029124
                    ]
                },
                {
                    "type": "tuple",
                    "values": [
                        0.036190162023386804,
                        0.0265404154619889
                    ]
                }
            ]
        },
        "log_evidence": -48.82623176311083,
        "values_at_sigma_3": {
            "type": "list",
            "values": [
                {
                    "type": "tuple",
                    "values": [
                        -0.14908079342041,
                        -0.12633884905065032
                    ]
                },
                {
                    "type": "tuple",
                    "values": [
                        0.11707864118388,
                        0.1441180991616294
                    ]
                },
                {
                    "type": "tuple",
                    "values": [
                        -0.03667750227052,
                        0.02434268190659
                    ]
                },
                {
                    "type": "tuple",
                    "values": [
                        -0.03365029262063,
                        0.027187431175622608
                    ]
                },
                {
                    "type": "tuple",
                    "values": [
                        -0.051545667354127966,
                        0.0248999981855
                    ]
                },
                {
                    "type": "tuple",
                    "values": [
                        -0.01638161106246,
                        0.0463489664229157
                    ]
                }
            ]
        },
        "errors_at_sigma_1": {
            "type": "list",
            "values": [
                {
                    "type": "tuple",
                    "values": [
                        0.0036069020706537003,
                        0.004335374861910962
                    ]
                },
                {
                    "type": "tuple",
                    "values": [
                        0.004227884704007034,
                        0.0038011650129174956
                    ]
                },
                {
                    "type": "tuple",
                    "values": [
                        0.008082902884546219,
                        0.009479604660183782
                    ]
                },
                {
                    "type": "tuple",
                    "values": [
                        0.009960079647190522,
                        0.013826608847849477
                    ]
                },
                {
                    "type": "tuple",
                    "values": [
                        0.014400959907758758,
                        0.01268604553855184
                    ]
                },
                {
                    "type": "tuple",
                    "values": [
                        0.011635665845626801,
                        0.010174880907053672
                    ]
                }
            ]
        }
    }
}