{
    "type": "collection",
    "arguments": {
        "ellipses": {
            "type": "collection",
            "arguments": {
                "0": {
                    "type": "instance",
                    "class_path": "autogalaxy.ellipse.ellipse.ellipse.Ellipse",
                    "arguments": {
                        "centre": {
                            "type": "tuple",
                            "values": [
                                -0.00406232805516,
                                -0.00190204913354
                            ]
                        },
                        "major_axis": 0.25,
                        "ell_comps": {
                            "type": "tuple",
                            "values": [
                                0.01168565361241,
                                -0.09651370040254
                            ]
                        }
                    }
                },
                "1": {
                    "type": "instance",
                    "class_path": "autogalaxy.ellipse.ellipse.ellipse.Ellipse",
                    "arguments": {
                        "centre": {
                            "type": "tuple",
                            "values": [
                                -0.00406232805516,
                                -0.00190204913354
                            ]
                        },
                        "major_axis": 0.5,
                        "ell_comps": {
                            "type": "tuple",
                            "values": [
                                0.01605218342136,
                                -0.12290389563021
                            ]
                        }
                    }
                },
                "2": {
                    "type": "instance",
                    "class_path": "autogalaxy.ellipse.ellipse.ellipse.Ellipse",
                    "arguments": {
                        "centre": {
                            "type": "tuple",
                            "values": [
                                -0.00406232805516,
                                -0.00190204913354
                            ]
                        },
                        "major_axis": 0.75,
                        "ell_comps": {
                            "type": "tuple",
                            "values": [
                                0.02457708253437,
                                -0.13211273285284
                            ]
                        }
                    }
                },
                "3": {
                    "type": "instance",
                    "class_path": "autogalaxy.ellipse.ellipse.ellipse.Ellipse",
                    "arguments": {
                        "centre": {
                            "type": "tuple",
                            "values": [
                                -0.00406232805516,
                                -0.00190204913354
                            ]
                        },
                        "major_axis": 1.0,
                        "ell_comps": {
                            "type": "tuple",
                            "values": [
                                0.02225123244795,
                                -0.12370087941446
                            ]
                        }
                    }
                },
                "4": {
                    "type": "instance",
                    "class_path": "autogalaxy.ellipse.ellipse.ellipse.Ellipse",
                    "arguments": {
                        "centre": {
                            "type": "tuple",
                            "values": [
                                -0.00406232805516,
                                -0.00190204913354
                            ]
                        },
                        "major_axis": 1.25,
                        "ell_comps": {
                            "type": "tuple",
                            "values": [
                                0.02277441278732,
                                -0.11629765021785
                            ]
                        }
                    }
                },
                "5": {
                    "type": "instance",
                    "class_path": "autogalaxy.ellipse.ellipse.ellipse.Ellipse",
                    "arguments": {
                        "centre": {
                            "type": "tuple",
                            "values": [
                                -0.00406232805516,
                                -0.00190204913354
                            ]
                        },
                        "major_axis": 1.5,
                        "ell_comps": {
                            "type": "tuple",
                            "values": [
                                0.00993030740245,
                                -0.11155488950246
                            ]
                        }
                    }
                },
                "6": {
                    "type": "instance",
                    "class_path": "autogalaxy.ellipse.ellipse.ellipse.Ellipse",
                    "arguments": {
                        "centre": {
                            "type": "tuple",
                            "values": [
                                -0.00406232805516,
                                -0.00190204913354
                            ]
                        },
                        "major_axis": 1.75,
                        "ell_comps": {
                            "type": "tuple",
                            "values": [
                                0.00531386816893,
                                -0.10123193183494
                            ]
                        }
                    }
                },
                "7": {
                    "type": "instance",
                    "class_path": "autogalaxy.ellipse.ellipse.ellipse.Ellipse",
                    "arguments": {
                        "centre": {
                            "type": "tuple",
                            "values": [
                                -0.00406232805516,
                                -0.00190204913354
                            ]
                        },
                        "major_axis": 2.0,
                        "ell_comps": {
                            "type": "tuple",
                            "values": [
                                0.00985570933473,
                                -0.11800700473243
                            ]
                        }
                    }
                },
                "8": {
                    "type": "instance",
                    "class_path": "autogalaxy.ellipse.ellipse.ellipse.Ellipse",
                    "arguments": {
                        "centre": {
                            "type": "tuple",
                            "values": [
                                -0.00406232805516,
                                -0.00190204913354
                            ]
                        },
                        "major_axis": 2.25,
                        "ell_comps": {
                            "type": "tuple",
                            "values": [
                                -0.00483206257935,
                                -0.10657893256047
                            ]
                        }
                    }
                },
                "9": {
                    "type": "instance",
                    "class_path": "autogalaxy.ellipse.ellipse.ellipse.Ellipse",
                    "arguments": {
                        "centre": {
                            "type": "tuple",
                            "values": [
                                -0.00406232805516,
                                -0.00190204913354
                            ]
                        },
                        "major_axis": 2.5,
                        "ell_comps": {
                            "type": "tuple",
                            "values": [
                                -0.00605499068056,
                                -0.12218908499879
                            ]
                        }
                    }
                },
                "10": {
                    "type": "instance",
                    "class_path": "autogalaxy.ellipse.ellipse.ellipse.Ellipse",
                    "arguments": {
                        "centre": {
                            "type": "tuple",
                            "values": [
                                -0.00406232805516,
                                -0.00190204913354
                            ]
                        },
                        "major_axis": 2.75,
                        "ell_comps": {
                            "type": "tuple",
                            "values": [
                                -0.00732972705105,
                                -0.11774914508723
                            ]
                        }
                    }
                },
                "11": {
                    "type": "instance",
                    "class_path": "autogalaxy.ellipse.ellipse.ellipse.Ellipse",
                    "arguments": {
                        "centre": {
                            "type": "tuple",
                            "values": [
                                -0.00406232805516,
                                -0.00190204913354
                            ]
                        },
                        "major_axis": 3.0,
                        "ell_comps": {
                            "type": "tuple",
                            "values": [
                                0.01044039781829,
                                -0.12951225928921
                            ]
                        }
                    }
                },
                "12": {
                    "type": "instance",
                    "class_path": "autogalaxy.ellipse.ellipse.ellipse.Ellipse",
                    "arguments": {
                        "centre": {
                            "type": "tuple",
                            "values": [
                                -0.00406232805516,
                                -0.00190204913354
                            ]
                        },
                        "major_axis": 3.25,
                        "ell_comps": {
                            "type": "tuple",
                            "values": [
                                -0.01461087045246,
                                -0.14467719481374
                            ]
                        }
                    }
                },
                "13": {
                    "type": "instance",
                    "class_path": "autogalaxy.ellipse.ellipse.ellipse.Ellipse",
                    "arguments": {
                        "centre": {
                            "type": "tuple",
                            "values": [
                                -0.00406232805516,
                                -0.00190204913354
                            ]
                        },
                        "major_axis": 3.5,
                        "ell_comps": {
                            "type": "tuple",
                            "values": [
                                0.00952130865803,
                                -0.14792878389494
                            ]
                        }
                    }
                },
                "14": {
                    "type": "instance",
                    "class_path": "autogalaxy.ellipse.ellipse.ellipse.Ellipse",
                    "arguments": {
                        "centre": {
                            "type": "tuple",
                            "values": [
                                -0.00406232805516,
                                -0.00190204913354
                            ]
                        },
                        "major_axis": 3.75,
                        "ell_comps": {
                            "type": "tuple",
                            "values": [
                                0.01771363696715,
                                -0.17571909656165
                            ]
                        }
                    }
                },
                "15": {
                    "type": "instance",
                    "class_path": "autogalaxy.ellipse.ellipse.ellipse.Ellipse",
                    "arguments": {
                        "centre": {
                            "type": "tuple",
                            "values": [
                                -0.00406232805516,
                                -0.00190204913354
                            ]
                        },
                        "major_axis": 4.0,
                        "ell_comps": {
                            "type": "tuple",
                            "values": [
                                0.00326903235431,
                                -0.1518132572453
                            ]
                        }
                    }
                },
                "16": {
                    "type": "instance",
                    "class_path": "autogalaxy.ellipse.ellipse.ellipse.Ellipse",
                    "arguments": {
                        "centre": {
                            "type": "tuple",
                            "values": [
                                -0.00406232805516,
                                -0.00190204913354
                            ]
                        },
                        "major_axis": 4.25,
                        "ell_comps": {
                            "type": "tuple",
                            "values": [
                                -0.00455588090683,
                                -0.17221465903883
                            ]
                        }
                    }
                },
                "17": {
                    "type": "instance",
                    "class_path": "autogalaxy.ellipse.ellipse.ellipse.Ellipse",
                    "arguments": {
                        "centre": {
                            "type": "tuple",
                            "values": [
                                -0.00406232805516,
                                -0.00190204913354
                            ]
                        },
                        "major_axis": 4.5,
                        "ell_comps": {
                            "type": "tuple",
                            "values": [
                                0.00474741422773,
                                -0.16706976519739
                            ]
                        }
                    }
                },
                "18": {
                    "type": "instance",
                    "class_path": "autogalaxy.ellipse.ellipse.ellipse.Ellipse",
                    "arguments": {
                        "centre": {
                            "type": "tuple",
                            "values": [
                                -0.00406232805516,
                                -0.00190204913354
                            ]
                        },
                        "major_axis": 4.75,
                        "ell_comps": {
                            "type": "tuple",
                            "values": [
                                -0.01233081059194,
                                -0.17026211642433
                            ]
                        }
                    }
                }
            }
        },
        "multipoles": {
            "type": "collection",
            "arguments": {
                "0": {
                    "type": "instance",
                    "class_path": "autofit.mapper.model.ModelInstance",
                    "arguments": {
                        "child_items": {
                            "type": "dict",
                            "arguments": {
                                "multipole_1": {
                                    "type": "instance",
                                    "class_path": "autogalaxy.ellipse.ellipse.ellipse_multipole.EllipseMultipole",
                                    "arguments": {
                                        "multipole_comps": {
                                            "type": "tuple",
                                            "values": [
                                                -0.0017504047379,
                                                -0.00199413497367
                                            ]
                                        },
                                        "m": 1
                                    }
                                },
                                "multipole_3": {
                                    "type": "instance",
                                    "class_path": "autogalaxy.ellipse.ellipse.ellipse_multipole.EllipseMultipole",
                                    "arguments": {
                                        "multipole_comps": {
                                            "type": "tuple",
                                            "values": [
                                                0.00130841241978,
                                                -0.00242588121363
                                            ]
                                        },
                                        "m": 3
                                    }
                                },
                                "multipole_4": {
                                    "type": "instance",
                                    "class_path": "autogalaxy.ellipse.ellipse.ellipse_multipole.EllipseMultipole",
                                    "arguments": {
                                        "multipole_comps": {
                                            "type": "tuple",
                                            "values": [
                                                -0.00043732845756,
                                                -0.00142445441887
                                            ]
                                        },
                                        "m": 4
                                    }
                                }
                            }
                        }
                    }
                },
                "1": {
                    "type": "instance",
                    "class_path": "autofit.mapper.model.ModelInstance",
                    "arguments": {
                        "child_items": {
                            "type": "dict",
                            "arguments": {
                                "multipole_1": {
                                    "type": "instance",
                                    "class_path": "autogalaxy.ellipse.ellipse.ellipse_multipole.EllipseMultipole",
                                    "arguments": {
                                        "multipole_comps": {
                                            "type": "tuple",
                                            "values": [
                                                -0.00540758489574,
                                                0.00029354389777
                                            ]
                                        },
                                        "m": 1
                                    }
                                },
                                "multipole_3": {
                                    "type": "instance",
                                    "class_path": "autogalaxy.ellipse.ellipse.ellipse_multipole.EllipseMultipole",
                                    "arguments": {
                                        "multipole_comps": {
                                            "type": "tuple",
                                            "values": [
                                                -0.00732616244942,
                                                -0.00286196237277
                                            ]
                                        },
                                        "m": 3
                                    }
                                },
                                "multipole_4": {
                                    "type": "instance",
                                    "class_path": "autogalaxy.ellipse.ellipse.ellipse_multipole.EllipseMultipole",
                                    "arguments": {
                                        "multipole_comps": {
                                            "type": "tuple",
                                            "values": [
                                                0.00610040027267,
                                                0.00086791238609
                                            ]
                                        },
                                        "m": 4
                                    }
                                }
                            }
                        }
                    }
                },
                "2": {
                    "type": "instance",
                    "class_path": "autofit.mapper.model.ModelInstance",
                    "arguments": {
                        "child_items": {
                            "type": "dict",
                            "arguments": {
                                "multipole_1": {
                                    "type": "instance",
                                    "class_path": "autogalaxy.ellipse.ellipse.ellipse_multipole.EllipseMultipole",
                                    "arguments": {
                                        "multipole_comps": {
                                            "type": "tuple",
                                            "values": [
                                                0.00517887173493,
                                                0.00137238573224
                                            ]
                                        },
                                        "m": 1
                                    }
                                },
                                "multipole_3": {
                                    "type": "instance",
                                    "class_path": "autogalaxy.ellipse.ellipse.ellipse_multipole.EllipseMultipole",
                                    "arguments": {
                                        "multipole_comps": {
                                            "type": "tuple",
                                            "values": [
                                                0.00295756202042,
                                                -0.00831468184081
                                            ]
                                        },
                                        "m": 3
                                    }
                                },
                                "multipole_4": {
                                    "type": "instance",
                                    "class_path": "autogalaxy.ellipse.ellipse.ellipse_multipole.EllipseMultipole",
                                    "arguments": {
                                        "multipole_comps": {
                                            "type": "tuple",
                                            "values": [
                                                0.01270781493588,
                                                -0.00204898868102
                                            ]
                                        },
                                        "m": 4
                                    }
                                }
                            }
                        }
                    }
                },
                "3": {
                    "type": "instance",
                    "class_path": "autofit.mapper.model.ModelInstance",
                    "arguments": {
                        "child_items": {
                            "type": "dict",
                            "arguments": {
                                "multipole_1": {
                                    "type": "instance",
                                    "class_path": "autogalaxy.ellipse.ellipse.ellipse_multipole.EllipseMultipole",
                                    "arguments": {
                                        "multipole_comps": {
                                            "type": "tuple",
                                            "values": [
                                                -0.00175626130161,
                                                -0.00192758649733
                                            ]
                                        },
                                        "m": 1
                                    }
                                },
                                "multipole_3": {
                                    "type": "instance",
                                    "class_path": "autogalaxy.ellipse.ellipse.ellipse_multipole.EllipseMultipole",
                                    "arguments": {
                                        "multipole_comps": {
                                            "type": "tuple",
                                            "values": [
                                                -0.00051034011224,
                                                -0.0041960496866
                                            ]
                                        },
                                        "m": 3
                                    }
                                },
                                "multipole_4": {
                                    "type": "instance",
                                    "class_path": "autogalaxy.ellipse.ellipse.ellipse_multipole.EllipseMultipole",
                                    "arguments": {
                                        "multipole_comps": {
                                            "type": "tuple",
                                            "values": [
                                                0.00567688300228,
                                                -0.00582842987792
                                            ]
                                        },
                                        "m": 4
                                    }
                                }
                            }
                        }
                    }
                },
                "4": {
                    "type": "instance",
                    "class_path": "autofit.mapper.model.ModelInstance",
                    "arguments": {
                        "child_items": {
                            "type": "dict",
                            "arguments": {
                                "multipole_1": {
                                    "type": "instance",
                                    "class_path": "autogalaxy.ellipse.ellipse.ellipse_multipole.EllipseMultipole",
                                    "arguments": {
                                        "multipole_comps": {
                                            "type": "tuple",
                                            "values": [
                                                0.00038337471666,
                                                0.00296652947477
                                            ]
                                        },
                                        "m": 1
                                    }
                                },
                                "multipole_3": {
                                    "type": "instance",
                                    "class_path": "autogalaxy.ellipse.ellipse.ellipse_multipole.EllipseMultipole",
                                    "arguments": {
                                        "multipole_comps": {
                                            "type": "tuple",
                                            "values": [
                                                -0.00975384904744,
                                                -0.00077457651288
                                            ]
                                        },
                                        "m": 3
                                    }
                                },
                                "multipole_4": {
                                    "type": "instance",
                                    "class_path": "autogalaxy.ellipse.ellipse.ellipse_multipole.EllipseMultipole",
                                    "arguments": {
                                        "multipole_comps": {
                                            "type": "tuple",
                                            "values": [
                                                0.00252261407112,
                                                -0.01703976091459
                                            ]
                                        },
                                        "m": 4
                                    }
                                }
                            }
                        }
                    }
                },
                "5": {
                    "type": "instance",
                    "class_path": "autofit.mapper.model.ModelInstance",
                    "arguments": {
                        "child_items": {
                            "type": "dict",
                            "arguments": {
                                "multipole_1": {
                                    "type": "instance",
                                    "class_path": "autogalaxy.ellipse.ellipse.ellipse_multipole.EllipseMultipole",
                                    "arguments": {
                                        "multipole_comps": {
                                            "type": "tuple",
                                            "values": [
                                                0.0097879884681,
                                                0.01033864449159
                                            ]
                                        },
                                        "m": 1
                                    }
                                },
                                "multipole_3": {
                                    "type": "instance",
                                    "class_path": "autogalaxy.ellipse.ellipse.ellipse_multipole.EllipseMultipole",
                                    "arguments": {
                                        "multipole_comps": {
                                            "type": "tuple",
                                            "values": [
                                                -0.00498709210506,
                                                -0.01148677937078
                                            ]
                                        },
                                        "m": 3
                                    }
                                },
                                "multipole_4": {
                                    "type": "instance",
                                    "class_path": "autogalaxy.ellipse.ellipse.ellipse_multipole.EllipseMultipole",
                                    "arguments": {
                                        "multipole_comps": {
                                            "type": "tuple",
                                            "values": [
                                                0.01443574065334,
                                                -0.02258006758411
                                            ]
                                        },
                                        "m": 4
                                    }
                                }
                            }
                        }
                    }
                },
                "6": {
                    "type": "instance",
                    "class_path": "autofit.mapper.model.ModelInstance",
                    "arguments": {
                        "child_items": {
                            "type": "dict",
                            "arguments": {
                                "multipole_1": {
                                    "type": "instance",
                                    "class_path": "autogalaxy.ellipse.ellipse.ellipse_multipole.EllipseMultipole",
                                    "arguments": {
                                        "multipole_comps": {
                                            "type": "tuple",
                                            "values": [
                                                -0.01821852454659,
                                                -0.02036364952754
                                            ]
                                        },
                                        "m": 1
                                    }
                                },
                                "multipole_3": {
                                    "type": "instance",
                                    "class_path": "autogalaxy.ellipse.ellipse.ellipse_multipole.EllipseMultipole",
                                    "arguments": {
                                        "multipole_comps": {
                                            "type": "tuple",
                                            "values": [
                                                -0.02406836803895,
                                                -0.01533480866198
                                            ]
                                        },
                                        "m": 3
                                    }
                                },
                                "multipole_4": {
                                    "type": "instance",
                                    "class_path": "autogalaxy.ellipse.ellipse.ellipse_multipole.EllipseMultipole",
                                    "arguments": {
                                        "multipole_comps": {
                                            "type": "tuple",
                                            "values": [
                                                0.00675239620904,
                                                -0.01971821082652
                                            ]
                                        },
                                        "m": 4
                                    }
                                }
                            }
                        }
                    }
                },
                "7": {
                    "type": "instance",
                    "class_path": "autofit.mapper.model.ModelInstance",
                    "arguments": {
                        "child_items": {
                            "type": "dict",
                            "arguments": {
                                "multipole_1": {
                                    "type": "instance",
                                    "class_path": "autogalaxy.ellipse.ellipse.ellipse_multipole.EllipseMultipole",
                                    "arguments": {
                                        "multipole_comps": {
                                            "type": "tuple",
                                            "values": [
                                                -0.01528966617781,
                                                -0.00560354120058
                                            ]
                                        },
                                        "m": 1
                                    }
                                },
                                "multipole_3": {
                                    "type": "instance",
                                    "class_path": "autogalaxy.ellipse.ellipse.ellipse_multipole.EllipseMultipole",
                                    "arguments": {
                                        "multipole_comps": {
                                            "type": "tuple",
                                            "values": [
                                                -0.0145683606043,
                                                0.00031704200786
                                            ]
                                        },
                                        "m": 3
                                    }
                                },
                                "multipole_4": {
                                    "type": "instance",
                                    "class_path": "autogalaxy.ellipse.ellipse.ellipse_multipole.EllipseMultipole",
                                    "arguments": {
                                        "multipole_comps": {
                                            "type": "tuple",
                                            "values": [
                                                -0.00061516632739,
                                                0.00072578970787
                                            ]
                                        },
                                        "m": 4
                                    }
                                }
                            }
                        }
                    }
                },
                "8": {
                    "type": "instance",
                    "class_path": "autofit.mapper.model.ModelInstance",
                    "arguments": {
                        "child_items": {
                            "type": "dict",
                            "arguments": {
                                "multipole_1": {
                                    "type": "instance",
                                    "class_path": "autogalaxy.ellipse.ellipse.ellipse_multipole.EllipseMultipole",
                                    "arguments": {
                                        "multipole_comps": {
                                            "type": "tuple",
                                            "values": [
                                                0.0134239794864,
                                                0.01297460819335
                                            ]
                                        },
                                        "m": 1
                                    }
                                },
                                "multipole_3": {
                                    "type": "instance",
                                    "class_path": "autogalaxy.ellipse.ellipse.ellipse_multipole.EllipseMultipole",
                                    "arguments": {
                                        "multipole_comps": {
                                            "type": "tuple",
                                            "values": [
                                                -0.00327528184628,
                                                0.00197007240455
                                            ]
                                        },
                                        "m": 3
                                    }
                                },
                                "multipole_4": {
                                    "type": "instance",
                                    "class_path": "autogalaxy.ellipse.ellipse.ellipse_multipole.EllipseMultipole",
                                    "arguments": {
                                        "multipole_comps": {
                                            "type": "tuple",
                                            "values": [
                                                0.04310096530276,
                                                -0.03212838455524
                                            ]
                                        },
                                        "m": 4
                                    }
                                }
                            }
                        }
                    }
                },
                "9": {
                    "type": "instance",
                    "class_path": "autofit.mapper.model.ModelInstance",
                    "arguments": {
                        "child_items": {
                            "type": "dict",
                            "arguments": {
                                "multipole_1": {
                                    "type": "instance",
                                    "class_path": "autogalaxy.ellipse.ellipse.ellipse_multipole.EllipseMultipole",
                                    "arguments": {
                                        "multipole_comps": {
                                            "type": "tuple",
                                            "values": [
                                                0.02158384951164,
                                                -0.0047532452014
                                            ]
                                        },
                                        "m": 1
                                    }
                                },
                                "multipole_3": {
                                    "type": "instance",
                                    "class_path": "autogalaxy.ellipse.ellipse.ellipse_multipole.EllipseMultipole",
                                    "arguments": {
                                        "multipole_comps": {
                                            "type": "tuple",
                                            "values": [
                                                0.00984577916621,
                                                0.02162209689386
                                            ]
                                        },
                                        "m": 3
                                    }
                                },
                                "multipole_4": {
                                    "type": "instance",
                                    "class_path": "autogalaxy.ellipse.ellipse.ellipse_multipole.EllipseMultipole",
                                    "arguments": {
                                        "multipole_comps": {
                                            "type": "tuple",
                                            "values": [
                                                0.04074979594846,
                                                0.03628514792168
                                            ]
                                        },
                                        "m": 4
                                    }
                                }
                            }
                        }
                    }
                },
                "10": {
                    "type": "instance",
                    "class_path": "autofit.mapper.model.ModelInstance",
                    "arguments": {
                        "child_items": {
                            "type": "dict",
                            "arguments": {
                                "multipole_1": {
                                    "type": "instance",
                                    "class_path": "autogalaxy.ellipse.ellipse.ellipse_multipole.EllipseMultipole",
                                    "arguments": {
                                        "multipole_comps": {
                                            "type": "tuple",
                                            "values": [
                                                0.06081791950981,
                                                0.01432790825718
                                            ]
                                        },
                                        "m": 1
                                    }
                                },
                                "multipole_3": {
                                    "type": "instance",
                                    "class_path": "autogalaxy.ellipse.ellipse.ellipse_multipole.EllipseMultipole",
                                    "arguments": {
                                        "multipole_comps": {
                                            "type": "tuple",
                                            "values": [
                                                0.03972741523574,
                                                0.03263508371235
                                            ]
                                        },
                                        "m": 3
                                    }
                                },
                                "multipole_4": {
                                    "type": "instance",
                                    "class_path": "autogalaxy.ellipse.ellipse.ellipse_multipole.EllipseMultipole",
                                    "arguments": {
                                        "multipole_comps": {
                                            "type": "tuple",
                                            "values": [
                                                0.03477106631585,
                                                0.03258776776989
                                            ]
                                        },
                                        "m": 4
                                    }
                                }
                            }
                        }
                    }
                },
                "11": {
                    "type": "instance",
                    "class_path": "autofit.mapper.model.ModelInstance",
                    "arguments": {
                        "child_items": {
                            "type": "dict",
                            "arguments": {
                                "multipole_1": {
                                    "type": "instance",
                                    "class_path": "autogalaxy.ellipse.ellipse.ellipse_multipole.EllipseMultipole",
                                    "arguments": {
                                        "multipole_comps": {
                                            "type": "tuple",
                                            "values": [
                                                0.05914185390557,
                                                -0.04112636227365
                                            ]
                                        },
                                        "m": 1
                                    }
                                },
                                "multipole_3": {
                                    "type": "instance",
                                    "class_path": "autogalaxy.ellipse.ellipse.ellipse_multipole.EllipseMultipole",
                                    "arguments": {
                                        "multipole_comps": {
                                            "type": "tuple",
                                            "values": [
                                                0.09582643046573,
                                                0.01613632998776
                                            ]
                                        },
                                        "m": 3
                                    }
                                },
                                "multipole_4": {
                                    "type": "instance",
                                    "class_path": "autogalaxy.ellipse.ellipse.ellipse_multipole.EllipseMultipole",
                                    "arguments": {
                                        "multipole_comps": {
                                            "type": "tuple",
                                            "values": [
                                                0.03168804933243,
                                                -0.02700503753204
                                            ]
                                        },
                                        "m": 4
                                    }
                                }
                            }
                        }
                    }
                },
                "12": {
                    "type": "instance",
                    "class_path": "autofit.mapper.model.ModelInstance",
                    "arguments": {
                        "child_items": {
                            "type": "dict",
                            "arguments": {
                                "multipole_1": {
                                    "type": "instance",
                                    "class_path": "autogalaxy.ellipse.ellipse.ellipse_multipole.EllipseMultipole",
                                    "arguments": {
                                        "multipole_comps": {
                                            "type": "tuple",
                                            "values": [
                                                -0.00730156387853,
                                                0.02978875954123
                                            ]
                                        },
                                        "m": 1
                                    }
                                },
                                "multipole_3": {
                                    "type": "instance",
                                    "class_path": "autogalaxy.ellipse.ellipse.ellipse_multipole.EllipseMultipole",
                                    "arguments": {
                                        "multipole_comps": {
                                            "type": "tuple",
                                            "values": [
                                                -0.03734486105483,
                                                -0.00194030490847
                                            ]
                                        },
                                        "m": 3
                                    }
                                },
                                "multipole_4": {
                                    "type": "instance",
                                    "class_path": "autogalaxy.ellipse.ellipse.ellipse_multipole.EllipseMultipole",
                                    "arguments": {
                                        "multipole_comps": {
                                            "type": "tuple",
                                            "values": [
                                                0.08989431167257,
                                                0.05349963707578
                                            ]
                                        },
                                        "m": 4
                                    }
                                }
                            }
                        }
                    }
                },
                "13": {
                    "type": "instance",
                    "class_path": "autofit.mapper.model.ModelInstance",
                    "arguments": {
                        "child_items": {
                            "type": "dict",
                            "arguments": {
                                "multipole_1": {
                                    "type": "instance",
                                    "class_path": "autogalaxy.ellipse.ellipse.ellipse_multipole.EllipseMultipole",
                                    "arguments": {
                                        "multipole_comps": {
                                            "type": "tuple",
                                            "values": [
                                                0.04427423967821,
                                                0.02907811038685
                                            ]
                                        },
                                        "m": 1
                                    }
                                },
                                "multipole_3": {
                                    "type": "instance",
                                    "class_path": "autogalaxy.ellipse.ellipse.ellipse_multipole.EllipseMultipole",
                                    "arguments": {
                                        "multipole_comps": {
                                            "type": "tuple",
                                            "values": [
                                                0.08055953550438,
                                                0.08315986550966
                                            ]
                                        },
                                        "m": 3
                                    }
                                },
                                "multipole_4": {
                                    "type": "instance",
                                    "class_path": "autogalaxy.ellipse.ellipse.ellipse_multipole.EllipseMultipole",
                                    "arguments": {
                                        "multipole_comps": {
                                            "type": "tuple",
                                            "values": [
                                                -0.03243285692001,
                                                0.00613601473091
                                            ]
                                        },
                                        "m": 4
                                    }
                                }
                            }
                        }
                    }
                },
                "14": {
                    "type": "instance",
                    "class_path": "autofit.mapper.model.ModelInstance",
                    "arguments": {
                        "child_items": {
                            "type": "dict",
                            "arguments": {
                                "multipole_1": {
                                    "type": "instance",
                                    "class_path": "autogalaxy.ellipse.ellipse.ellipse_multipole.EllipseMultipole",
                                    "arguments": {
                                        "multipole_comps": {
                                            "type": "tuple",
                                            "values": [
                                                -0.00497377530293,
                                                -0.02189679617115
                                            ]
                                        },
                                        "m": 1
                                    }
                                },
                                "multipole_3": {
                                    "type": "instance",
                                    "class_path": "autogalaxy.ellipse.ellipse.ellipse_multipole.EllipseMultipole",
                                    "arguments": {
                                        "multipole_comps": {
                                            "type": "tuple",
                                            "values": [
                                                -0.00622186487851,
                                                0.02093378180604
                                            ]
                                        },
                                        "m": 3
                                    }
                                },
                                "multipole_4": {
                                    "type": "instance",
                                    "class_path": "autogalaxy.ellipse.ellipse.ellipse_multipole.EllipseMultipole",
                                    "arguments": {
                                        "multipole_comps": {
                                            "type": "tuple",
                                            "values": [
                                                -0.02481242935551,
                                                0.09203444730432
                                            ]
                                        },
                                        "m": 4
                                    }
                                }
                            }
                        }
                    }
                },
                "15": {
                    "type": "instance",
                    "class_path": "autofit.mapper.model.ModelInstance",
                    "arguments": {
                        "child_items": {
                            "type": "dict",
                            "arguments": {
                                "multipole_1": {
                                    "type": "instance",
                                    "class_path": "autogalaxy.ellipse.ellipse.ellipse_multipole.EllipseMultipole",
                                    "arguments": {
                                        "multipole_comps": {
                                            "type": "tuple",
                                            "values": [
                                                0.07693933481756,
                                                0.0377388511478
                                            ]
                                        },
                                        "m": 1
                                    }
                                },
                                "multipole_3": {
                                    "type": "instance",
                                    "class_path": "autogalaxy.ellipse.ellipse.ellipse_multipole.EllipseMultipole",
                                    "arguments": {
                                        "multipole_comps": {
                                            "type": "tuple",
                                            "values": [
                                                0.01146391502109,
                                                -0.01464745837061
                                            ]
                                        },
                                        "m": 3
                                    }
                                },
                                "multipole_4": {
                                    "type": "instance",
                                    "class_path": "autogalaxy.ellipse.ellipse.ellipse_multipole.EllipseMultipole",
                                    "arguments": {
                                        "multipole_comps": {
                                            "type": "tuple",
                                            "values": [
                                                0.07099499091914,
                                                -0.070541805372
                                            ]
                                        },
                                        "m": 4
                                    }
                                }
                            }
                        }
                    }
                },
                "16": {
                    "type": "instance",
                    "class_path": "autofit.mapper.model.ModelInstance",
                    "arguments": {
                        "child_items": {
                            "type": "dict",
                            "arguments": {
                                "multipole_1": {
                                    "type": "instance",
                                    "class_path": "autogalaxy.ellipse.ellipse.ellipse_multipole.EllipseMultipole",
                                    "arguments": {
                                        "multipole_comps": {
                                            "type": "tuple",
                                            "values": [
                                                0.06702720377679,
                                                0.07779352037042
                                            ]
                                        },
                                        "m": 1
                                    }
                                },
                                "multipole_3": {
                                    "type": "instance",
                                    "class_path": "autogalaxy.ellipse.ellipse.ellipse_multipole.EllipseMultipole",
                                    "arguments": {
                                        "multipole_comps": {
                                            "type": "tuple",
                                            "values": [
                                                0.08801530507588,
                                                0.04982476402708
                                            ]
                                        },
                                        "m": 3
                                    }
                                },
                                "multipole_4": {
                                    "type": "instance",
                                    "class_path": "autogalaxy.ellipse.ellipse.ellipse_multipole.EllipseMultipole",
                                    "arguments": {
                                        "multipole_comps": {
                                            "type": "tuple",
                                            "values": [
                                                0.0636567454254,
                                                0.00072859802058
                                            ]
                                        },
                                        "m": 4
                                    }
                                }
                            }
                        }
                    }
                },
                "17": {
                    "type": "instance",
                    "class_path": "autofit.mapper.model.ModelInstance",
                    "arguments": {
                        "child_items": {
                            "type": "dict",
                            "arguments": {
                                "multipole_1": {
                                    "type": "instance",
                                    "class_path": "autogalaxy.ellipse.ellipse.ellipse_multipole.EllipseMultipole",
                                    "arguments": {
                                        "multipole_comps": {
                                            "type": "tuple",
                                            "values": [
                                                -0.02550980874309,
                                                0.09251023835312
                                            ]
                                        },
                                        "m": 1
                                    }
                                },
                                "multipole_3": {
                                    "type": "instance",
                                    "class_path": "autogalaxy.ellipse.ellipse.ellipse_multipole.EllipseMultipole",
                                    "arguments": {
                                        "multipole_comps": {
                                            "type": "tuple",
                                            "values": [
                                                0.03460566695793,
                                                0.06117174443039
                                            ]
                                        },
                                        "m": 3
                                    }
                                },
                                "multipole_4": {
                                    "type": "instance",
                                    "class_path": "autogalaxy.ellipse.ellipse.ellipse_multipole.EllipseMultipole",
                                    "arguments": {
                                        "multipole_comps": {
                                            "type": "tuple",
                                            "values": [
                                                0.07292259183713,
                                                -0.04524140535428
                                            ]
                                        },
                                        "m": 4
                                    }
                                }
                            }
                        }
                    }
                },
                "18": {
                    "type": "instance",
                    "class_path": "autofit.mapper.model.ModelInstance",
                    "arguments": {
                        "child_items": {
                            "type": "dict",
                            "arguments": {
                                "multipole_1": {
                                    "type": "instance",
                                    "class_path": "autogalaxy.ellipse.ellipse.ellipse_multipole.EllipseMultipole",
                                    "arguments": {
                                        "multipole_comps": {
                                            "type": "tuple",
                                            "values": [
                                                -0.07751312917404,
                                                0.03012265508503
                                            ]
                                        },
                                        "m": 1
                                    }
                                },
                                "multipole_3": {
                                    "type": "instance",
                                    "class_path": "autogalaxy.ellipse.ellipse.ellipse_multipole.EllipseMultipole",
                                    "arguments": {
                                        "multipole_comps": {
                                            "type": "tuple",
                                            "values": [
                                                -0.07029378088282,
                                                -0.03642136105314
                                            ]
                                        },
                                        "m": 3
                                    }
                                },
                                "multipole_4": {
                                    "type": "instance",
                                    "class_path": "autogalaxy.ellipse.ellipse.ellipse_multipole.EllipseMultipole",
                                    "arguments": {
                                        "multipole_comps": {
                                            "type": "tuple",
                                            "values": [
                                                0.03539038741511,
                                                -0.02387528011481
                                            ]
                                        },
                                        "m": 4
                                    }
                                }
                            }
                        }
                    }
                }
            }
        },
        "dummy_0": {
            "lower_limit": -0.1,
            "upper_limit": 0.1,
            "type": "Uniform",
            "id": 434
        }
    }
}