{
    "type": "instance",
    "class_path": "autofit.non_linear.samples.summary.SamplesSummary",
    "arguments": {
        "median_pdf_sample": {
            "type": "instance",
            "class_path": "autofit.non_linear.samples.sample.Sample",
            "arguments": {
                "log_likelihood": -50.1323114769921,
                "log_prior": 0.0,
                "weight": 0.000939711366193359,
                "kwargs": {
                    "type": "dict",
                    "arguments": {
                        "ellipses.0.ell_comps.ell_comps_0": 0.05179565464923,
                        "ellipses.0.ell_comps.ell_comps_1": -0.050972346753377584,
                        "multipoles.0.multipole_3.multipole_comps.multipole_comps_0": 0.00848420743026,
                        "multipoles.0.multipole_3.multipole_comps.multipole_comps_1": -0.06535760008699444,
                        "multipoles.0.multipole_4.multipole_comps.multipole_comps_0": -0.04449088546629223,
                        "multipoles.0.multipole_4.multipole_comps.multipole_comps_1": -0.0072917075048688695
                    }
                }
            }
        },
        "max_log_likelihood_sample": {
            "type": "instance",
            "class_path": "autofit.non_linear.samples.sample.Sample",
            "arguments": {
                "log_likelihood": -50.1323114769921,
                "log_prior": 0.0,
                "weight": 0.000939711366193359,
                "kwargs": {
                    "type": "dict",
                    "arguments": {
                        "ellipses.0.ell_comps.ell_comps_0": 0.04999905690993,
                        "ellipses.0.ell_comps.ell_comps_1": -0.04937207846291,
                        "multipoles.0.multipole_3.multipole_comps.multipole_comps_0": 0.01370120854035,
                        "multipoles.0.multipole_3.multipole_comps.multipole_comps_1": -0.06836704590322,
                        "multipoles.0.multipole_4.multipole_comps.multipole_comps_0": -0.06430307200094,
                        "multipoles.0.multipole_4.multipole_comps.multipole_comps_1": -0.00090076936949
                    }
                }
            }
        },
        "values_at_sigma_3": {
            "type": "list",
            "values": [
                {
                    "type": "tuple",
                    "values": [
                        0.02821666998548,
                        0.08800622844845
                    ]
                },
                {
                    "type": "tuple",
                    "values": [
                        -0.10276373883379,
                        -0.033804684308438374
                    ]
                },
                {
                    "type": "tuple",
                    "values": [
                        -0.08915916932225319,
                        0.0935545579629533
                    ]
                },
                {
                    "type": "tuple",
                    "values": [
                        -0.09602794256757,
                        0.08485871034716
                    ]
                },
                {
                    "type": "tuple",
                    "values": [
                        -0.0908478474889331,
                        0.09914146368848
                    ]
                },
                {
                    "type": "tuple",
                    "values": [
                        -0.09985174409838,
                        0.06188651223571113
                    ]
                }
            ]
        },
        "model": null,
        "log_evidence": -68.24203847718032,
        "errors_at_sigma_1": {
            "type": "list",
            "values": [
                {
                    "type": "tuple",
                    "values": [
                        0.004904263441240002,
                        0.02214201767908
                    ]
                },
                {
                    "type": "tuple",
                    "values": [
                        0.012218809395718289,
                        0.0031359288584014364
                    ]
                },
                {
                    "type": "tuple",
                    "values": [
                        0.020881672212434484,
                        0.02213323933863165
                    ]
                },
                {
                    "type": "tuple",
                    "values": [
                        0.013975945277097918,
                        0.06682650197071444
                    ]
                },
                {
                    "type": "tuple",
                    "values": [
                        0.02135203008066778,
                        0.11875738710689224
                    ]
                },
                {
                    "type": "tuple",
                    "values": [
                        0.05771607327075113,
                        0.02200014178025887
                    ]
                }
            ]
        },
        "errors_at_sigma_3": {
            "type": "list",
            "values": [
                {
                    "type": "tuple",
                    "values": [
                        0.02357898466375,
                        0.036210573799220006
                    ]
                },
                {
                    "type": "tuple",
                    "values": [
                        0.05179139208041242,
                        0.01716766244493921
                    ]
                },
                {
                    "type": "tuple",
                    "values": [
                        0.0976433767525132,
                        0.0850703505326933
                    ]
                },
                {
                    "type": "tuple",
                    "values": [
                        0.030670342480575555,
                        0.15021631043415445
                    ]
                },
                {
                    "type": "tuple",
                    "values": [
                        0.04635696202264087,
                        0.14363234915477222
                    ]
                },
                {
                    "type": "tuple",
                    "values": [
                        0.09256003659351114,
                        0.06917821974058
                    ]
                }
            ]
        },
        "values_at_sigma_1": {
            "type": "list",
            "values": [
                {
                    "type": "tuple",
                    "values": [
                        0.04689139120799,
                        0.07393767232831
                    ]
                },
                {
                    "type": "tuple",
                    "values": [
                        -0.06319115614909587,
                        -0.04783641789497615
                    ]
                },
                {
                    "type": "tuple",
                    "values": [
                        -0.012397464782174485,
                        0.030617446768891648
                    ]
                },
                {
                    "type": "tuple",
                    "values": [
                        -0.07933354536409236,
                        0.00146890188372
                    ]
                },
                {
                    "type": "tuple",
                    "values": [
                        -0.06584291554696,
                        0.0742665016406
                    ]
                },
                {
                    "type": "tuple",
                    "values": [
                        -0.06500778077562,
                        0.01470843427539
                    ]
                }
            ]
        }
    }
}