{
    "type": "instance",
    "class_path": "autofit.non_linear.samples.summary.SamplesSummary",
    "arguments": {
        "log_evidence": -69.40950308110743,
        "values_at_sigma_1": {
            "type": "list",
            "values": [
                {
                    "type": "tuple",
                    "values": [
                        0.16368452339729,
                        0.16843532344931195
                    ]
                },
                {
                    "type": "tuple",
                    "values": [
                        -0.03416034699068585,
                        -0.02908414468015999
                    ]
                },
                {
                    "type": "tuple",
                    "values": [
                        -0.00323224474538496,
                        0.0010935984046799047
                    ]
                },
                {
                    "type": "tuple",
                    "values": [
                        -0.001308614204899976,
                        0.001755454696419403
                    ]
                },
                {
                    "type": "tuple",
                    "values": [
                        -0.00039751962850173176,
                        0.003278786054299919
                    ]
                },
                {
                    "type": "tuple",
                    "values": [
                        -0.0037769763152672095,
                        -0.00016615189325
                    ]
                },
                {
                    "type": "tuple",
                    "values": [
                        -0.0074109792586116545,
                        -0.003098458250237472
                    ]
                },
                {
                    "type": "tuple",
                    "values": [
                        -0.00319503527117,
                        0.00133413808943
                    ]
                }
            ]
        },
        "values_at_sigma_3": {
            "type": "list",
            "values": [
                {
                    "type": "tuple",
                    "values": [
                        0.15811421557543,
                        0.17351146207799492
                    ]
                },
                {
                    "type": "tuple",
                    "values": [
                        -0.037968715462383416,
                        -0.02487045788148998
                    ]
                },
                {
                    "type": "tuple",
                    "values": [
                        -0.00838951400261,
                        0.004346924442566452
                    ]
                },
                {
                    "type": "tuple",
                    "values": [
                        -0.00401658782414,
                        0.0051254722247086
                    ]
                },
                {
                    "type": "tuple",
                    "values": [
                        -0.0037184314460988557,
                        0.007193666653461126
                    ]
                },
                {
                    "type": "tuple",
                    "values": [
                        -0.00863048920639,
                        0.0036199202407728413
                    ]
                },
                {
                    "type": "tuple",
                    "values": [
                        -0.01193345164611,
                        0.00222114134434
                    ]
                },
                {
                    "type": "tuple",
                    "values": [
                        -0.00748137048712,
                        0.0050780775445544435
                    ]
                }
            ]
        },
        "max_log_likelihood_sample": {
            "type": "instance",
            "class_path": "autofit.non_linear.samples.sample.Sample",
            "arguments": {
                "log_likelihood": -35.798899217451655,
                "log_prior": 0.0,
                "weight": 0.0009872951321820663,
                "kwargs": {
                    "type": "dict",
                    "arguments": {
                        "ellipses.0.ell_comps.ell_comps_0": 0.16521597115887,
                        "ellipses.0.ell_comps.ell_comps_1": -0.03159466557778,
                        "multipoles.0.multipole_1.multipole_comps.multipole_comps_0": -0.00096617732334,
                        "multipoles.0.multipole_1.multipole_comps.multipole_comps_1": 9.630720203e-05,
                        "multipoles.0.multipole_3.multipole_comps.multipole_comps_0": 0.00062729207188,
                        "multipoles.0.multipole_3.multipole_comps.multipole_comps_1": -0.00212305290727,
                        "multipoles.0.multipole_4.multipole_comps.multipole_comps_0": -0.00589701010804,
                        "multipoles.0.multipole_4.multipole_comps.multipole_comps_1": -0.00173084872151
                    }
                }
            }
        },
        "model": null,
        "errors_at_sigma_3": {
            "type": "list",
            "values": [
                {
                    "type": "tuple",
                    "values": [
                        0.008143234470162242,
                        0.007254012032402668
                    ]
                },
                {
                    "type": "tuple",
                    "values": [
                        0.006416804988563417,
                        0.006681452592330019
                    ]
                },
                {
                    "type": "tuple",
                    "values": [
                        0.00724958672491,
                        0.005486851720266452
                    ]
                },
                {
                    "type": "tuple",
                    "values": [
                        0.004241021332109999,
                        0.0049010387167386
                    ]
                },
                {
                    "type": "tuple",
                    "values": [
                        0.005012235428380672,
                        0.00589986267117931
                    ]
                },
                {
                    "type": "tuple",
                    "values": [
                        0.006651443777773218,
                        0.005598965669389624
                    ]
                },
                {
                    "type": "tuple",
                    "values": [
                        0.0067288907460292015,
                        0.007425702244420799
                    ]
                },
                {
                    "type": "tuple",
                    "values": [
                        0.006770407778846828,
                        0.005789040252827615
                    ]
                }
            ]
        },
        "median_pdf_sample": {
            "type": "instance",
            "class_path": "autofit.non_linear.samples.sample.Sample",
            "arguments": {
                "log_likelihood": -35.798899217451655,
                "log_prior": 0.0,
                "weight": 0.0009872951321820663,
                "kwargs": {
                    "type": "dict",
                    "arguments": {
                        "ellipses.0.ell_comps.ell_comps_0": 0.16625745004559225,
                        "ellipses.0.ell_comps.ell_comps_1": -0.03155191047382,
                        "multipoles.0.multipole_1.multipole_comps.multipole_comps_0": -0.0011399272777,
                        "multipoles.0.multipole_1.multipole_comps.multipole_comps_1": 0.00022443350797,
                        "multipoles.0.multipole_3.multipole_comps.multipole_comps_0": 0.0012938039822818165,
                        "multipoles.0.multipole_3.multipole_comps.multipole_comps_1": -0.0019790454286167823,
                        "multipoles.0.multipole_4.multipole_comps.multipole_comps_0": -0.0052045609000807985,
                        "multipoles.0.multipole_4.multipole_comps.multipole_comps_1": -0.0007109627082731715
                    }
                }
            }
        },
        "errors_at_sigma_1": {
            "type": "list",
            "values": [
                {
                    "type": "tuple",
                    "values": [
                        0.0025729266483022484,
                        0.0021778734037196934
                    ]
                },
                {
                    "type": "tuple",
                    "values": [
                        0.0026084365168658474,
                        0.0024677657936600095
                    ]
                },
                {
                    "type": "tuple",
                    "values": [
                        0.00209231746768496,
                        0.0022335256823799044
                    ]
                },
                {
                    "type": "tuple",
                    "values": [
                        0.001533047712869976,
                        0.001531021188449403
                    ]
                },
                {
                    "type": "tuple",
                    "values": [
                        0.0016913236107835483,
                        0.001984982072018102
                    ]
                },
                {
                    "type": "tuple",
                    "values": [
                        0.0017979308866504272,
                        0.0018128935353667823
                    ]
                },
                {
                    "type": "tuple",
                    "values": [
                        0.002206418358530856,
                        0.0021061026498433266
                    ]
                },
                {
                    "type": "tuple",
                    "values": [
                        0.0024840725628968285,
                        0.0020451007977031715
                    ]
                }
            ]
        }
    }
}