{
    "type": "instance",
    "class_path": "autofit.non_linear.samples.summary.SamplesSummary",
    "arguments": {
        "values_at_sigma_1": {
            "type": "list",
            "values": [
                {
                    "type": "tuple",
                    "values": [
                        -0.01927159023994,
                        0.01621910219892513
                    ]
                },
                {
                    "type": "tuple",
                    "values": [
                        0.037878571399308086,
                        0.053155375139327894
                    ]
                },
                {
                    "type": "tuple",
                    "values": [
                        -0.00923995352279,
                        0.07355220163321
                    ]
                },
                {
                    "type": "tuple",
                    "values": [
                        -0.06337412954850842,
                        -0.011577530826881604
                    ]
                },
                {
                    "type": "tuple",
                    "values": [
                        0.006507284735171786,
                        0.04536361242569
                    ]
                },
                {
                    "type": "tuple",
                    "values": [
                        -0.08707115235791,
                        0.016350541481
                    ]
                }
            ]
        },
        "log_evidence": -86.12989368434147,
        "values_at_sigma_3": {
            "type": "list",
            "values": [
                {
                    "type": "tuple",
                    "values": [
                        -0.03066751229817,
                        0.03282693434224291
                    ]
                },
                {
                    "type": "tuple",
                    "values": [
                        0.02545033989963,
                        0.07102167515949563
                    ]
                },
                {
                    "type": "tuple",
                    "values": [
                        -0.09221043095603003,
                        0.0982577244766207
                    ]
                },
                {
                    "type": "tuple",
                    "values": [
                        -0.09757244097303,
                        0.05409982780563543
                    ]
                },
                {
                    "type": "tuple",
                    "values": [
                        -0.0862030121999209,
                        0.0940638956899
                    ]
                },
                {
                    "type": "tuple",
                    "values": [
                        -0.09972238429691263,
                        0.06503270303344995
                    ]
                }
            ]
        },
        "model": null,
        "max_log_likelihood_sample": {
            "type": "instance",
            "class_path": "autofit.non_linear.samples.sample.Sample",
            "arguments": {
                "log_likelihood": -67.0068444944593,
                "log_prior": 0.0,
                "weight": 0.0010382992003789534,
                "kwargs": {
                    "type": "dict",
                    "arguments": {
                        "ellipses.0.ell_comps.ell_comps_0": -0.01468119323936,
                        "ellipses.0.ell_comps.ell_comps_1": 0.0516211116777,
                        "multipoles.0.multipole_3.multipole_comps.multipole_comps_0": 0.04562372534638,
                        "multipoles.0.multipole_3.multipole_comps.multipole_comps_1": -0.04730996712573,
                        "multipoles.0.multipole_4.multipole_comps.multipole_comps_0": 0.02662769157087,
                        "multipoles.0.multipole_4.multipole_comps.multipole_comps_1": -0.06148256111528
                    }
                }
            }
        },
        "errors_at_sigma_1": {
            "type": "list",
            "values": [
                {
                    "type": "tuple",
                    "values": [
                        0.006547065391305422,
                        0.028943627047559706
                    ]
                },
                {
                    "type": "tuple",
                    "values": [
                        0.009861337584711916,
                        0.005415466155307892
                    ]
                },
                {
                    "type": "tuple",
                    "values": [
                        0.055151258979987405,
                        0.02764089617601259
                    ]
                },
                {
                    "type": "tuple",
                    "values": [
                        0.021382905261554612,
                        0.030413693460072205
                    ]
                },
                {
                    "type": "tuple",
                    "values": [
                        0.023450007510439155,
                        0.01540632018007906
                    ]
                },
                {
                    "type": "tuple",
                    "values": [
                        0.02815121323529019,
                        0.07527048060361982
                    ]
                }
            ]
        },
        "median_pdf_sample": {
            "type": "instance",
            "class_path": "autofit.non_linear.samples.sample.Sample",
            "arguments": {
                "log_likelihood": -67.0068444944593,
                "log_prior": 0.0,
                "weight": 0.0010382992003789534,
                "kwargs": {
                    "type": "dict",
                    "arguments": {
                        "ellipses.0.ell_comps.ell_comps_0": -0.012724524848634578,
                        "ellipses.0.ell_comps.ell_comps_1": 0.04773990898402,
                        "multipoles.0.multipole_3.multipole_comps.multipole_comps_0": 0.045911305457197404,
                        "multipoles.0.multipole_3.multipole_comps.multipole_comps_1": -0.04199122428695381,
                        "multipoles.0.multipole_4.multipole_comps.multipole_comps_0": 0.02995729224561094,
                        "multipoles.0.multipole_4.multipole_comps.multipole_comps_1": -0.058919939122619815
                    }
                }
            }
        },
        "errors_at_sigma_3": {
            "type": "list",
            "values": [
                {
                    "type": "tuple",
                    "values": [
                        0.017942987449535423,
                        0.04555145919087749
                    ]
                },
                {
                    "type": "tuple",
                    "values": [
                        0.02228956908439,
                        0.02328176617547563
                    ]
                },
                {
                    "type": "tuple",
                    "values": [
                        0.13812173641322745,
                        0.0523464190194233
                    ]
                },
                {
                    "type": "tuple",
                    "values": [
                        0.05558121668607619,
                        0.09609105209258924
                    ]
                },
                {
                    "type": "tuple",
                    "values": [
                        0.11616030444553184,
                        0.06410660344428906
                    ]
                },
                {
                    "type": "tuple",
                    "values": [
                        0.040802445174292816,
                        0.12395264215606977
                    ]
                }
            ]
        }
    }
}