{
    "type": "instance",
    "class_path": "autofit.non_linear.samples.summary.SamplesSummary",
    "arguments": {
        "errors_at_sigma_1": {
            "type": "list",
            "values": [
                {
                    "type": "tuple",
                    "values": [
                        0.013919193019500002,
                        0.014890432094393873
                    ]
                },
                {
                    "type": "tuple",
                    "values": [
                        0.012793306261388686,
                        0.015690137207374465
                    ]
                },
                {
                    "type": "tuple",
                    "values": [
                        0.0041526519769640126,
                        0.004649604773984963
                    ]
                },
                {
                    "type": "tuple",
                    "values": [
                        0.004175695730000762,
                        0.0045126260460992395
                    ]
                },
                {
                    "type": "tuple",
                    "values": [
                        0.00488767185926,
                        0.005927307460478018
                    ]
                },
                {
                    "type": "tuple",
                    "values": [
                        0.004053746542474523,
                        0.004435471652304623
                    ]
                },
                {
                    "type": "tuple",
                    "values": [
                        0.007643524277243815,
                        0.008019739938738736
                    ]
                },
                {
                    "type": "tuple",
                    "values": [
                        0.006251336920928699,
                        0.0055400486030744624
                    ]
                }
            ]
        },
        "errors_at_sigma_3": {
            "type": "list",
            "values": [
                {
                    "type": "tuple",
                    "values": [
                        0.04731671480147493,
                        0.03907567912700534
                    ]
                },
                {
                    "type": "tuple",
                    "values": [
                        0.028528588065538867,
                        0.042060373286117156
                    ]
                },
                {
                    "type": "tuple",
                    "values": [
                        0.012386484621979582,
                        0.014658624292780417
                    ]
                },
                {
                    "type": "tuple",
                    "values": [
                        0.011237197339680762,
                        0.01162775289678491
                    ]
                },
                {
                    "type": "tuple",
                    "values": [
                        0.013380626274629999,
                        0.01528296387384
                    ]
                },
                {
                    "type": "tuple",
                    "values": [
                        0.01148670617681492,
                        0.01328078858862272
                    ]
                },
                {
                    "type": "tuple",
                    "values": [
                        0.021834821000470062,
                        0.01926435708940121
                    ]
                },
                {
                    "type": "tuple",
                    "values": [
                        0.0169447235150987,
                        0.015268586145636039
                    ]
                }
            ]
        },
        "model": null,
        "values_at_sigma_1": {
            "type": "list",
            "values": [
                {
                    "type": "tuple",
                    "values": [
                        -0.05651830606282,
                        -0.027708680948926128
                    ]
                },
                {
                    "type": "tuple",
                    "values": [
                        0.016790809059912364,
                        0.045274252528675514
                    ]
                },
                {
                    "type": "tuple",
                    "values": [
                        -0.0014214984540244292,
                        0.007380758296924546
                    ]
                },
                {
                    "type": "tuple",
                    "values": [
                        0.00776999658614,
                        0.01645831836224
                    ]
                },
                {
                    "type": "tuple",
                    "values": [
                        -0.00696602963731,
                        0.0038489496824280177
                    ]
                },
                {
                    "type": "tuple",
                    "values": [
                        0.00030054011746455996,
                        0.008789758312243707
                    ]
                },
                {
                    "type": "tuple",
                    "values": [
                        -0.007052013038083815,
                        0.008611251177898736
                    ]
                },
                {
                    "type": "tuple",
                    "values": [
                        -0.00081679961339,
                        0.010974585910613162
                    ]
                }
            ]
        },
        "log_evidence": -32.756641535115776,
        "values_at_sigma_3": {
            "type": "list",
            "values": [
                {
                    "type": "tuple",
                    "values": [
                        -0.08991582784479493,
                        -0.0035234339163146603
                    ]
                },
                {
                    "type": "tuple",
                    "values": [
                        0.0010555272557621815,
                        0.0716444886074182
                    ]
                },
                {
                    "type": "tuple",
                    "values": [
                        -0.00965533109904,
                        0.01738977781572
                    ]
                },
                {
                    "type": "tuple",
                    "values": [
                        0.00070849497646,
                        0.023573445212925672
                    ]
                },
                {
                    "type": "tuple",
                    "values": [
                        -0.01545898405268,
                        0.01320460609579
                    ]
                },
                {
                    "type": "tuple",
                    "values": [
                        -0.007132419516875837,
                        0.017635075248561803
                    ]
                },
                {
                    "type": "tuple",
                    "values": [
                        -0.021243309761310062,
                        0.01985586832856121
                    ]
                },
                {
                    "type": "tuple",
                    "values": [
                        -0.01151018620756,
                        0.020703123453174738
                    ]
                }
            ]
        },
        "median_pdf_sample": {
            "type": "instance",
            "class_path": "autofit.non_linear.samples.sample.Sample",
            "arguments": {
                "log_likelihood": -6.880089882220071,
                "log_prior": 0.0,
                "weight": 0.0010337943188022116,
                "kwargs": {
                    "type": "dict",
                    "arguments": {
                        "ellipses.0.ell_comps.ell_comps_0": -0.04259911304332,
                        "ellipses.0.ell_comps.ell_comps_1": 0.02958411532130105,
                        "multipoles.0.multipole_1.multipole_comps.multipole_comps_0": 0.002731153522939583,
                        "multipoles.0.multipole_1.multipole_comps.multipole_comps_1": 0.011945692316140762,
                        "multipoles.0.multipole_3.multipole_comps.multipole_comps_0": -0.00207835777805,
                        "multipoles.0.multipole_3.multipole_comps.multipole_comps_1": 0.004354286659939083,
                        "multipoles.0.multipole_4.multipole_comps.multipole_comps_0": 0.00059151123916,
                        "multipoles.0.multipole_4.multipole_comps.multipole_comps_1": 0.005434537307538699
                    }
                }
            }
        },
        "max_log_likelihood_sample": {
            "type": "instance",
            "class_path": "autofit.non_linear.samples.sample.Sample",
            "arguments": {
                "log_likelihood": -6.880089882220071,
                "log_prior": 0.0,
                "weight": 0.0010337943188022116,
                "kwargs": {
                    "type": "dict",
                    "arguments": {
                        "ellipses.0.ell_comps.ell_comps_0": -0.04498819205174,
                        "ellipses.0.ell_comps.ell_comps_1": 0.04227272332375,
                        "multipoles.0.multipole_1.multipole_comps.multipole_comps_0": 0.00396545459687,
                        "multipoles.0.multipole_1.multipole_comps.multipole_comps_1": 0.01290676975095,
                        "multipoles.0.multipole_3.multipole_comps.multipole_comps_0": -0.00355117954677,
                        "multipoles.0.multipole_3.multipole_comps.multipole_comps_1": 0.00287654796379,
                        "multipoles.0.multipole_4.multipole_comps.multipole_comps_0": -0.00305523660418,
                        "multipoles.0.multipole_4.multipole_comps.multipole_comps_1": 0.0078167425078
                    }
                }
            }
        }
    }
}