{
    "type": "instance",
    "class_path": "autofit.non_linear.samples.summary.SamplesSummary",
    "arguments": {
        "values_at_sigma_3": {
            "type": "list",
            "values": [
                {
                    "type": "tuple",
                    "values": [
                        0.06184379613516,
                        0.13041350414927172
                    ]
                },
                {
                    "type": "tuple",
                    "values": [
                        -0.14075457631677,
                        -0.0919045365764974
                    ]
                }
            ]
        },
        "model": null,
        "median_pdf_sample": {
            "type": "instance",
            "class_path": "autofit.non_linear.samples.sample.Sample",
            "arguments": {
                "log_likelihood": -22.284641382916377,
                "log_prior": 0.0,
                "weight": 0.0009934099203321232,
                "kwargs": {
                    "type": "dict",
                    "arguments": {
                        "ellipses.0.ell_comps.ell_comps_0": 0.08818882287642957,
                        "ellipses.0.ell_comps.ell_comps_1": -0.11275673377204
                    }
                }
            }
        },
        "errors_at_sigma_1": {
            "type": "list",
            "values": [
                {
                    "type": "tuple",
                    "values": [
                        0.013916786233769574,
                        0.017232540630062035
                    ]
                },
                {
                    "type": "tuple",
                    "values": [
                        0.008591394150567672,
                        0.006943507873311328
                    ]
                }
            ]
        },
        "max_log_likelihood_sample": {
            "type": "instance",
            "class_path": "autofit.non_linear.samples.sample.Sample",
            "arguments": {
                "log_likelihood": -22.284641382916377,
                "log_prior": 0.0,
                "weight": 0.0009934099203321232,
                "kwargs": {
                    "type": "dict",
                    "arguments": {
                        "ellipses.0.ell_comps.ell_comps_0": 0.08512664574257,
                        "ellipses.0.ell_comps.ell_comps_1": -0.11069741482061
                    }
                }
            }
        },
        "errors_at_sigma_3": {
            "type": "list",
            "values": [
                {
                    "type": "tuple",
                    "values": [
                        0.026345026741269567,
                        0.04222468127284215
                    ]
                },
                {
                    "type": "tuple",
                    "values": [
                        0.027997842544729992,
                        0.0208521971955426
                    ]
                }
            ]
        },
        "values_at_sigma_1": {
            "type": "list",
            "values": [
                {
                    "type": "tuple",
                    "values": [
                        0.07427203664266,
                        0.1054213635064916
                    ]
                },
                {
                    "type": "tuple",
                    "values": [
                        -0.12134812792260767,
                        -0.10581322589872867
                    ]
                }
            ]
        },
        "log_evidence": -30.378834909960688
    }
}