{
    "type": "instance",
    "class_path": "autofit.non_linear.samples.summary.SamplesSummary",
    "arguments": {
        "values_at_sigma_3": {
            "type": "list",
            "values": [
                {
                    "type": "tuple",
                    "values": [
                        0.03992837442155941,
                        0.12578638128862
                    ]
                },
                {
                    "type": "tuple",
                    "values": [
                        -0.1561737231942,
                        -0.06688541160568
                    ]
                },
                {
                    "type": "tuple",
                    "values": [
                        -0.05176890922976,
                        0.19886554584966845
                    ]
                },
                {
                    "type": "tuple",
                    "values": [
                        -0.09271029576529,
                        0.14892960396986
                    ]
                },
                {
                    "type": "tuple",
                    "values": [
                        -0.06581786036364862,
                        0.09028031273339518
                    ]
                },
                {
                    "type": "tuple",
                    "values": [
                        -0.09973620706885,
                        0.09866309393019
                    ]
                },
                {
                    "type": "tuple",
                    "values": [
                        -0.09934979079867978,
                        0.09579150872903157
                    ]
                },
                {
                    "type": "tuple",
                    "values": [
                        -0.07487345486775,
                        0.09896178120004
                    ]
                }
            ]
        },
        "errors_at_sigma_1": {
            "type": "list",
            "values": [
                {
                    "type": "tuple",
                    "values": [
                        0.012745305523889638,
                        0.003569854306468917
                    ]
                },
                {
                    "type": "tuple",
                    "values": [
                        0.045311880361169996,
                        0.004995003936229994
                    ]
                },
                {
                    "type": "tuple",
                    "values": [
                        0.03297553623659949,
                        0.07916387121137476
                    ]
                },
                {
                    "type": "tuple",
                    "values": [
                        0.03942798649158152,
                        0.0350621553334
                    ]
                },
                {
                    "type": "tuple",
                    "values": [
                        0.017783856181503667,
                        0.028828337392240003
                    ]
                },
                {
                    "type": "tuple",
                    "values": [
                        0.07514015252098653,
                        0.027493241408968593
                    ]
                },
                {
                    "type": "tuple",
                    "values": [
                        0.022793052519320144,
                        0.0818873549375847
                    ]
                },
                {
                    "type": "tuple",
                    "values": [
                        0.05965359108045634,
                        0.02832007593585366
                    ]
                }
            ]
        },
        "median_pdf_sample": {
            "type": "instance",
            "class_path": "autofit.non_linear.samples.sample.Sample",
            "arguments": {
                "log_likelihood": -49.74198888597081,
                "log_prior": 0.0,
                "weight": 0.0010192707794825146,
                "kwargs": {
                    "type": "dict",
                    "arguments": {
                        "ellipses.0.ell_comps.ell_comps_0": 0.08274809131945109,
                        "ellipses.0.ell_comps.ell_comps_1": -0.08039088003832,
                        "multipoles.0.multipole_1.multipole_comps.multipole_comps_0": 0.10501654037504644,
                        "multipoles.0.multipole_1.multipole_comps.multipole_comps_1": 0.00831306783169,
                        "multipoles.0.multipole_3.multipole_comps.multipole_comps_0": 0.02734554501017,
                        "multipoles.0.multipole_3.multipole_comps.multipole_comps_1": 0.009760244949004352,
                        "multipoles.0.multipole_4.multipole_comps.multipole_comps_0": -0.060303121883924705,
                        "multipoles.0.multipole_4.multipole_comps.multipole_comps_1": 0.04145954219612634
                    }
                }
            }
        },
        "max_log_likelihood_sample": {
            "type": "instance",
            "class_path": "autofit.non_linear.samples.sample.Sample",
            "arguments": {
                "log_likelihood": -49.74198888597081,
                "log_prior": 0.0,
                "weight": 0.0010192707794825146,
                "kwargs": {
                    "type": "dict",
                    "arguments": {
                        "ellipses.0.ell_comps.ell_comps_0": 0.08493208724461,
                        "ellipses.0.ell_comps.ell_comps_1": -0.08193373348281,
                        "multipoles.0.multipole_1.multipole_comps.multipole_comps_0": 0.12335844975191,
                        "multipoles.0.multipole_1.multipole_comps.multipole_comps_1": -0.00219094694313,
                        "multipoles.0.multipole_3.multipole_comps.multipole_comps_0": 0.03399552669639,
                        "multipoles.0.multipole_3.multipole_comps.multipole_comps_1": 0.02440073231508,
                        "multipoles.0.multipole_4.multipole_comps.multipole_comps_0": -0.09197458994536,
                        "multipoles.0.multipole_4.multipole_comps.multipole_comps_1": 0.08258226243124
                    }
                }
            }
        },
        "values_at_sigma_1": {
            "type": "list",
            "values": [
                {
                    "type": "tuple",
                    "values": [
                        0.07000278579556145,
                        0.08631794562592
                    ]
                },
                {
                    "type": "tuple",
                    "values": [
                        -0.12570276039949,
                        -0.07539587610209
                    ]
                },
                {
                    "type": "tuple",
                    "values": [
                        0.07204100413844695,
                        0.1841804115864212
                    ]
                },
                {
                    "type": "tuple",
                    "values": [
                        -0.031114918659891515,
                        0.04337522316509
                    ]
                },
                {
                    "type": "tuple",
                    "values": [
                        0.00956168882866633,
                        0.05617388240241
                    ]
                },
                {
                    "type": "tuple",
                    "values": [
                        -0.06537990757198218,
                        0.037253486357972945
                    ]
                },
                {
                    "type": "tuple",
                    "values": [
                        -0.08309617440324485,
                        0.02158423305366
                    ]
                },
                {
                    "type": "tuple",
                    "values": [
                        -0.01819404888433,
                        0.06977961813198
                    ]
                }
            ]
        },
        "model": null,
        "log_evidence": -71.75746681899994,
        "errors_at_sigma_3": {
            "type": "list",
            "values": [
                {
                    "type": "tuple",
                    "values": [
                        0.04281971689789168,
                        0.043038289969168905
                    ]
                },
                {
                    "type": "tuple",
                    "values": [
                        0.07578284315588,
                        0.01350546843264
                    ]
                },
                {
                    "type": "tuple",
                    "values": [
                        0.15678544960480645,
                        0.09384900547462201
                    ]
                },
                {
                    "type": "tuple",
                    "values": [
                        0.10102336359698,
                        0.14061653613817
                    ]
                },
                {
                    "type": "tuple",
                    "values": [
                        0.09316340537381862,
                        0.06293476772322518
                    ]
                },
                {
                    "type": "tuple",
                    "values": [
                        0.10949645201785435,
                        0.08890284898118565
                    ]
                },
                {
                    "type": "tuple",
                    "values": [
                        0.03904666891475508,
                        0.15609463061295628
                    ]
                },
                {
                    "type": "tuple",
                    "values": [
                        0.11633299706387634,
                        0.05750223900391366
                    ]
                }
            ]
        }
    }
}