{
    "type": "instance",
    "class_path": "autofit.non_linear.samples.summary.SamplesSummary",
    "arguments": {
        "values_at_sigma_3": {
            "type": "list",
            "values": [
                {
                    "type": "tuple",
                    "values": [
                        -0.0005490446048644985,
                        0.02781042717524728
                    ]
                },
                {
                    "type": "tuple",
                    "values": [
                        -0.11674390863351888,
                        -0.08862902219725519
                    ]
                },
                {
                    "type": "tuple",
                    "values": [
                        -0.01784806546052806,
                        0.01658684668481
                    ]
                },
                {
                    "type": "tuple",
                    "values": [
                        -0.02393176331358038,
                        0.01041899986689
                    ]
                },
                {
                    "type": "tuple",
                    "values": [
                        -0.02009591194317242,
                        0.0193114974779
                    ]
                },
                {
                    "type": "tuple",
                    "values": [
                        -0.01171150391319952,
                        0.018066506625369242
                    ]
                },
                {
                    "type": "tuple",
                    "values": [
                        -0.014347053440143068,
                        0.0206526141867119
                    ]
                },
                {
                    "type": "tuple",
                    "values": [
                        -0.00710677300568,
                        0.02780393036140163
                    ]
                }
            ]
        },
        "errors_at_sigma_3": {
            "type": "list",
            "values": [
                {
                    "type": "tuple",
                    "values": [
                        0.0137032028590345,
                        0.01465626892107728
                    ]
                },
                {
                    "type": "tuple",
                    "values": [
                        0.013179184235300054,
                        0.014935702200963644
                    ]
                },
                {
                    "type": "tuple",
                    "values": [
                        0.01747392405078618,
                        0.01696098809455188
                    ]
                },
                {
                    "type": "tuple",
                    "values": [
                        0.01749381327704038,
                        0.01685694990343
                    ]
                },
                {
                    "type": "tuple",
                    "values": [
                        0.017823111990823794,
                        0.021584297430248627
                    ]
                },
                {
                    "type": "tuple",
                    "values": [
                        0.01456126682853952,
                        0.015216743710029242
                    ]
                },
                {
                    "type": "tuple",
                    "values": [
                        0.016441280791503067,
                        0.0185583868353519
                    ]
                },
                {
                    "type": "tuple",
                    "values": [
                        0.017060411130819998,
                        0.01785029223626163
                    ]
                }
            ]
        },
        "log_evidence": -43.60804993559197,
        "model": null,
        "values_at_sigma_1": {
            "type": "list",
            "values": [
                {
                    "type": "tuple",
                    "values": [
                        0.00858866027124,
                        0.017511510271427805
                    ]
                },
                {
                    "type": "tuple",
                    "values": [
                        -0.10811696045653,
                        -0.09887903266221704
                    ]
                },
                {
                    "type": "tuple",
                    "values": [
                        -0.005280216317741266,
                        0.0044855491329740945
                    ]
                },
                {
                    "type": "tuple",
                    "values": [
                        -0.01199851047871,
                        -0.0009318634768192034
                    ]
                },
                {
                    "type": "tuple",
                    "values": [
                        -0.00767632690651956,
                        0.00326470515739
                    ]
                },
                {
                    "type": "tuple",
                    "values": [
                        -0.0021247797208865027,
                        0.007592125902595843
                    ]
                },
                {
                    "type": "tuple",
                    "values": [
                        -0.003382817198914123,
                        0.00843391183172
                    ]
                },
                {
                    "type": "tuple",
                    "values": [
                        0.004454390410211585,
                        0.015377569112747543
                    ]
                }
            ]
        },
        "median_pdf_sample": {
            "type": "instance",
            "class_path": "autofit.non_linear.samples.sample.Sample",
            "arguments": {
                "log_likelihood": -17.492081446814627,
                "log_prior": 0.0,
                "weight": 0.0009449564912926103,
                "kwargs": {
                    "type": "dict",
                    "arguments": {
                        "ellipses.0.ell_comps.ell_comps_0": 0.01315415825417,
                        "ellipses.0.ell_comps.ell_comps_1": -0.10356472439821883,
                        "multipoles.0.multipole_1.multipole_comps.multipole_comps_0": -0.00037414140974188005,
                        "multipoles.0.multipole_1.multipole_comps.multipole_comps_1": -0.00643795003654,
                        "multipoles.0.multipole_3.multipole_comps.multipole_comps_0": -0.0022727999523486264,
                        "multipoles.0.multipole_3.multipole_comps.multipole_comps_1": 0.00284976291534,
                        "multipoles.0.multipole_4.multipole_comps.multipole_comps_0": 0.00209422735136,
                        "multipoles.0.multipole_4.multipole_comps.multipole_comps_1": 0.00995363812514
                    }
                }
            }
        },
        "errors_at_sigma_1": {
            "type": "list",
            "values": [
                {
                    "type": "tuple",
                    "values": [
                        0.0045654979829299995,
                        0.004357352017257805
                    ]
                },
                {
                    "type": "tuple",
                    "values": [
                        0.0045522360583111765,
                        0.004685691736001793
                    ]
                },
                {
                    "type": "tuple",
                    "values": [
                        0.0049060749079993865,
                        0.0048596905427159744
                    ]
                },
                {
                    "type": "tuple",
                    "values": [
                        0.005560560442169999,
                        0.005506086559720796
                    ]
                },
                {
                    "type": "tuple",
                    "values": [
                        0.005403526954170934,
                        0.005537505109738626
                    ]
                },
                {
                    "type": "tuple",
                    "values": [
                        0.004974542636226502,
                        0.004742362987255843
                    ]
                },
                {
                    "type": "tuple",
                    "values": [
                        0.005477044550274123,
                        0.006339684480360001
                    ]
                },
                {
                    "type": "tuple",
                    "values": [
                        0.005499247714928415,
                        0.005423930987607543
                    ]
                }
            ]
        },
        "max_log_likelihood_sample": {
            "type": "instance",
            "class_path": "autofit.non_linear.samples.sample.Sample",
            "arguments": {
                "log_likelihood": -17.492081446814627,
                "log_prior": 0.0,
                "weight": 0.0009449564912926103,
                "kwargs": {
                    "type": "dict",
                    "arguments": {
                        "ellipses.0.ell_comps.ell_comps_0": 0.01367902924243,
                        "ellipses.0.ell_comps.ell_comps_1": -0.10216123085528,
                        "multipoles.0.multipole_1.multipole_comps.multipole_comps_0": -0.00222573936404,
                        "multipoles.0.multipole_1.multipole_comps.multipole_comps_1": -0.00525685517124,
                        "multipoles.0.multipole_3.multipole_comps.multipole_comps_0": -0.00505780538114,
                        "multipoles.0.multipole_3.multipole_comps.multipole_comps_1": 0.00241986745031,
                        "multipoles.0.multipole_4.multipole_comps.multipole_comps_0": 0.00048086577049,
                        "multipoles.0.multipole_4.multipole_comps.multipole_comps_1": 0.00961559409633
                    }
                }
            }
        }
    }
}