{
    "type": "instance",
    "class_path": "autofit.non_linear.samples.summary.SamplesSummary",
    "arguments": {
        "errors_at_sigma_1": {
            "type": "list",
            "values": [
                {
                    "type": "tuple",
                    "values": [
                        0.004306697716543101,
                        0.014490603653591894
                    ]
                },
                {
                    "type": "tuple",
                    "values": [
                        0.009060903754036759,
                        0.009098315991363543
                    ]
                },
                {
                    "type": "tuple",
                    "values": [
                        0.02799614223965181,
                        0.06865578748597807
                    ]
                },
                {
                    "type": "tuple",
                    "values": [
                        0.04291693011862,
                        0.0744188571912675
                    ]
                },
                {
                    "type": "tuple",
                    "values": [
                        0.028326931041567326,
                        0.04863712900658511
                    ]
                },
                {
                    "type": "tuple",
                    "values": [
                        0.03195986126350452,
                        0.03732935550335336
                    ]
                }
            ]
        },
        "log_evidence": -63.42976465224667,
        "model": null,
        "median_pdf_sample": {
            "type": "instance",
            "class_path": "autofit.non_linear.samples.sample.Sample",
            "arguments": {
                "log_likelihood": -45.68037324046013,
                "log_prior": 0.0,
                "weight": 0.0010152406650767564,
                "kwargs": {
                    "type": "dict",
                    "arguments": {
                        "ellipses.0.ell_comps.ell_comps_0": -0.16972656687971188,
                        "ellipses.0.ell_comps.ell_comps_1": -0.07582742210631355,
                        "multipoles.0.multipole_3.multipole_comps.multipole_comps_0": -0.015181441480728069,
                        "multipoles.0.multipole_3.multipole_comps.multipole_comps_1": -0.04103279491354,
                        "multipoles.0.multipole_4.multipole_comps.multipole_comps_0": -0.01986009525863,
                        "multipoles.0.multipole_4.multipole_comps.multipole_comps_1": 0.03461782797138802
                    }
                }
            }
        },
        "values_at_sigma_3": {
            "type": "list",
            "values": [
                {
                    "type": "tuple",
                    "values": [
                        -0.19454558414712428,
                        -0.12264946635017
                    ]
                },
                {
                    "type": "tuple",
                    "values": [
                        -0.1275661618444014,
                        -0.0391066794002
                    ]
                },
                {
                    "type": "tuple",
                    "values": [
                        -0.09886448754868199,
                        0.09940586937441692
                    ]
                },
                {
                    "type": "tuple",
                    "values": [
                        -0.09983883470277283,
                        0.09014166403234
                    ]
                },
                {
                    "type": "tuple",
                    "values": [
                        -0.0999215524499554,
                        0.08527255309661204
                    ]
                },
                {
                    "type": "tuple",
                    "values": [
                        -0.08991331958376,
                        0.09944729043631144
                    ]
                }
            ]
        },
        "values_at_sigma_1": {
            "type": "list",
            "values": [
                {
                    "type": "tuple",
                    "values": [
                        -0.17403326459625498,
                        -0.15523596322612
                    ]
                },
                {
                    "type": "tuple",
                    "values": [
                        -0.0848883258603503,
                        -0.06672910611495
                    ]
                },
                {
                    "type": "tuple",
                    "values": [
                        -0.04317758372037988,
                        0.05347434600525
                    ]
                },
                {
                    "type": "tuple",
                    "values": [
                        -0.08394972503216,
                        0.03338606227772751
                    ]
                },
                {
                    "type": "tuple",
                    "values": [
                        -0.048187026300197326,
                        0.028777033747955105
                    ]
                },
                {
                    "type": "tuple",
                    "values": [
                        0.002657966707883502,
                        0.07194718347474138
                    ]
                }
            ]
        },
        "max_log_likelihood_sample": {
            "type": "instance",
            "class_path": "autofit.non_linear.samples.sample.Sample",
            "arguments": {
                "log_likelihood": -45.68037324046013,
                "log_prior": 0.0,
                "weight": 0.0010152406650767564,
                "kwargs": {
                    "type": "dict",
                    "arguments": {
                        "ellipses.0.ell_comps.ell_comps_0": -0.17192302760503,
                        "ellipses.0.ell_comps.ell_comps_1": -0.07309771686649,
                        "multipoles.0.multipole_3.multipole_comps.multipole_comps_0": -0.02040348975918,
                        "multipoles.0.multipole_3.multipole_comps.multipole_comps_1": -0.05664470644194,
                        "multipoles.0.multipole_4.multipole_comps.multipole_comps_0": -0.02035013068686,
                        "multipoles.0.multipole_4.multipole_comps.multipole_comps_1": 0.02866991356745
                    }
                }
            }
        },
        "errors_at_sigma_3": {
            "type": "list",
            "values": [
                {
                    "type": "tuple",
                    "values": [
                        0.024819017267412397,
                        0.04707710052954188
                    ]
                },
                {
                    "type": "tuple",
                    "values": [
                        0.05173873973808785,
                        0.03672074270611354
                    ]
                },
                {
                    "type": "tuple",
                    "values": [
                        0.08368304606795392,
                        0.114587310855145
                    ]
                },
                {
                    "type": "tuple",
                    "values": [
                        0.05880603978923283,
                        0.13117445894588
                    ]
                },
                {
                    "type": "tuple",
                    "values": [
                        0.0800614571913254,
                        0.10513264835524204
                    ]
                },
                {
                    "type": "tuple",
                    "values": [
                        0.12453114755514802,
                        0.06482946246492341
                    ]
                }
            ]
        }
    }
}