{
    "type": "instance",
    "class_path": "autofit.non_linear.samples.summary.SamplesSummary",
    "arguments": {
        "values_at_sigma_1": {
            "type": "list",
            "values": [
                {
                    "type": "tuple",
                    "values": [
                        -0.15007926858278642,
                        -0.14404160025729
                    ]
                },
                {
                    "type": "tuple",
                    "values": [
                        0.15884855783940047,
                        0.1651195035182957
                    ]
                },
                {
                    "type": "tuple",
                    "values": [
                        -0.08559507459444253,
                        -0.04762865801474837
                    ]
                },
                {
                    "type": "tuple",
                    "values": [
                        -0.0038870734108306876,
                        0.014744151361751423
                    ]
                },
                {
                    "type": "tuple",
                    "values": [
                        -0.09393573096105,
                        -0.07180073465356389
                    ]
                },
                {
                    "type": "tuple",
                    "values": [
                        -0.010928321079518293,
                        0.017702063216305478
                    ]
                }
            ]
        },
        "median_pdf_sample": {
            "type": "instance",
            "class_path": "autofit.non_linear.samples.sample.Sample",
            "arguments": {
                "log_likelihood": -43.115070373762244,
                "log_prior": 0.0,
                "weight": 0.0009518335967433084,
                "kwargs": {
                    "type": "dict",
                    "arguments": {
                        "ellipses.0.ell_comps.ell_comps_0": -0.14553815532147,
                        "ellipses.0.ell_comps.ell_comps_1": 0.1634101987024053,
                        "multipoles.0.multipole_3.multipole_comps.multipole_comps_0": -0.07290734251321,
                        "multipoles.0.multipole_3.multipole_comps.multipole_comps_1": 0.00490791626981,
                        "multipoles.0.multipole_4.multipole_comps.multipole_comps_0": -0.08592263504536425,
                        "multipoles.0.multipole_4.multipole_comps.multipole_comps_1": 0.003328524181917074
                    }
                }
            }
        },
        "max_log_likelihood_sample": {
            "type": "instance",
            "class_path": "autofit.non_linear.samples.sample.Sample",
            "arguments": {
                "log_likelihood": -43.115070373762244,
                "log_prior": 0.0,
                "weight": 0.0009518335967433084,
                "kwargs": {
                    "type": "dict",
                    "arguments": {
                        "ellipses.0.ell_comps.ell_comps_0": -0.1462038689562,
                        "ellipses.0.ell_comps.ell_comps_1": 0.16330851191219,
                        "multipoles.0.multipole_3.multipole_comps.multipole_comps_0": -0.08035312096717,
                        "multipoles.0.multipole_3.multipole_comps.multipole_comps_1": 4.072827004e-05,
                        "multipoles.0.multipole_4.multipole_comps.multipole_comps_0": -0.09678999607028,
                        "multipoles.0.multipole_4.multipole_comps.multipole_comps_1": 0.00066712432523
                    }
                }
            }
        },
        "model": null,
        "errors_at_sigma_3": {
            "type": "list",
            "values": [
                {
                    "type": "tuple",
                    "values": [
                        0.013982422278020018,
                        0.01699310333484999
                    ]
                },
                {
                    "type": "tuple",
                    "values": [
                        0.01732588405971472,
                        0.00506448659368508
                    ]
                },
                {
                    "type": "tuple",
                    "values": [
                        0.026631435486818858,
                        0.08560039458535
                    ]
                },
                {
                    "type": "tuple",
                    "values": [
                        0.0642033511781549,
                        0.03728501236422
                    ]
                },
                {
                    "type": "tuple",
                    "values": [
                        0.01404153273721398,
                        0.07618762311852433
                    ]
                },
                {
                    "type": "tuple",
                    "values": [
                        0.03530572131831321,
                        0.05348748774705293
                    ]
                }
            ]
        },
        "log_evidence": -64.13616622760986,
        "values_at_sigma_3": {
            "type": "list",
            "values": [
                {
                    "type": "tuple",
                    "values": [
                        -0.15952057759949,
                        -0.12854505198662
                    ]
                },
                {
                    "type": "tuple",
                    "values": [
                        0.1460843146426906,
                        0.1684746852960904
                    ]
                },
                {
                    "type": "tuple",
                    "values": [
                        -0.09953877800002886,
                        0.01269305207214
                    ]
                },
                {
                    "type": "tuple",
                    "values": [
                        -0.0592954349083449,
                        0.04219292863403
                    ]
                },
                {
                    "type": "tuple",
                    "values": [
                        -0.09996416778257823,
                        -0.009735011926839931
                    ]
                },
                {
                    "type": "tuple",
                    "values": [
                        -0.031977197136396136,
                        0.05681601192897
                    ]
                }
            ]
        },
        "errors_at_sigma_1": {
            "type": "list",
            "values": [
                {
                    "type": "tuple",
                    "values": [
                        0.004541113261316426,
                        0.0014965550641800052
                    ]
                },
                {
                    "type": "tuple",
                    "values": [
                        0.00456164086300484,
                        0.0017093048158904056
                    ]
                },
                {
                    "type": "tuple",
                    "values": [
                        0.012687732081232528,
                        0.02527868449846163
                    ]
                },
                {
                    "type": "tuple",
                    "values": [
                        0.008794989680640687,
                        0.009836235091941422
                    ]
                },
                {
                    "type": "tuple",
                    "values": [
                        0.008013095915685747,
                        0.014121900391800363
                    ]
                },
                {
                    "type": "tuple",
                    "values": [
                        0.014256845261435367,
                        0.014373539034388403
                    ]
                }
            ]
        }
    }
}