{
    "type": "instance",
    "class_path": "autofit.non_linear.samples.summary.SamplesSummary",
    "arguments": {
        "median_pdf_sample": {
            "type": "instance",
            "class_path": "autofit.non_linear.samples.sample.Sample",
            "arguments": {
                "log_likelihood": -45.11420894591983,
                "log_prior": 0.0,
                "weight": 0.0009857134165271715,
                "kwargs": {
                    "type": "dict",
                    "arguments": {
                        "ellipses.0.ell_comps.ell_comps_0": 0.1452497639775128,
                        "ellipses.0.ell_comps.ell_comps_1": -0.02673239588189
                    }
                }
            }
        },
        "model": null,
        "log_evidence": -56.27351062356211,
        "errors_at_sigma_3": {
            "type": "list",
            "values": [
                {
                    "type": "tuple",
                    "values": [
                        0.012866878669442805,
                        0.0048456260419942054
                    ]
                },
                {
                    "type": "tuple",
                    "values": [
                        0.00851448959054046,
                        0.006896854323316118
                    ]
                }
            ]
        },
        "values_at_sigma_1": {
            "type": "list",
            "values": [
                {
                    "type": "tuple",
                    "values": [
                        0.14279090619401363,
                        0.1469439193833
                    ]
                },
                {
                    "type": "tuple",
                    "values": [
                        -0.02900089058216,
                        -0.02478381667518
                    ]
                }
            ]
        },
        "max_log_likelihood_sample": {
            "type": "instance",
            "class_path": "autofit.non_linear.samples.sample.Sample",
            "arguments": {
                "log_likelihood": -45.11420894591983,
                "log_prior": 0.0,
                "weight": 0.0009857134165271715,
                "kwargs": {
                    "type": "dict",
                    "arguments": {
                        "ellipses.0.ell_comps.ell_comps_0": 0.14557712755921,
                        "ellipses.0.ell_comps.ell_comps_1": -0.02647304800629
                    }
                }
            }
        },
        "errors_at_sigma_1": {
            "type": "list",
            "values": [
                {
                    "type": "tuple",
                    "values": [
                        0.002458857783499163,
                        0.0016941554057872121
                    ]
                },
                {
                    "type": "tuple",
                    "values": [
                        0.0022684947002699976,
                        0.0019485792067100022
                    ]
                }
            ]
        },
        "values_at_sigma_3": {
            "type": "list",
            "values": [
                {
                    "type": "tuple",
                    "values": [
                        0.13238288530807,
                        0.150095390019507
                    ]
                },
                {
                    "type": "tuple",
                    "values": [
                        -0.03524688547243046,
                        -0.019835541558573883
                    ]
                }
            ]
        }
    }
}