{
    "type": "instance",
    "class_path": "autofit.non_linear.samples.summary.SamplesSummary",
    "arguments": {
        "values_at_sigma_3": {
            "type": "list",
            "values": [
                {
                    "type": "tuple",
                    "values": [
                        0.05550422074059,
                        0.06839507630277
                    ]
                },
                {
                    "type": "tuple",
                    "values": [
                        -0.05112647435429,
                        -0.03774399939929
                    ]
                }
            ]
        },
        "errors_at_sigma_1": {
            "type": "list",
            "values": [
                {
                    "type": "tuple",
                    "values": [
                        0.0020700750921046757,
                        0.002102197802720883
                    ]
                },
                {
                    "type": "tuple",
                    "values": [
                        0.0018045158600300051,
                        0.0022970640051851385
                    ]
                }
            ]
        },
        "model": null,
        "values_at_sigma_1": {
            "type": "list",
            "values": [
                {
                    "type": "tuple",
                    "values": [
                        0.05927341553674,
                        0.06344568843156556
                    ]
                },
                {
                    "type": "tuple",
                    "values": [
                        -0.04642610703166,
                        -0.04232452716644486
                    ]
                }
            ]
        },
        "errors_at_sigma_3": {
            "type": "list",
            "values": [
                {
                    "type": "tuple",
                    "values": [
                        0.005839269888254679,
                        0.007051585673925324
                    ]
                },
                {
                    "type": "tuple",
                    "values": [
                        0.006504883182660001,
                        0.00687759177234
                    ]
                }
            ]
        },
        "max_log_likelihood_sample": {
            "type": "instance",
            "class_path": "autofit.non_linear.samples.sample.Sample",
            "arguments": {
                "log_likelihood": -6.466558580709644,
                "log_prior": 0.0,
                "weight": 0.0009781107186105714,
                "kwargs": {
                    "type": "dict",
                    "arguments": {
                        "ellipses.0.ell_comps.ell_comps_0": 0.06147455430966,
                        "ellipses.0.ell_comps.ell_comps_1": -0.04460126599863
                    }
                }
            }
        },
        "log_evidence": -17.964132197769644,
        "median_pdf_sample": {
            "type": "instance",
            "class_path": "autofit.non_linear.samples.sample.Sample",
            "arguments": {
                "log_likelihood": -6.466558580709644,
                "log_prior": 0.0,
                "weight": 0.0009781107186105714,
                "kwargs": {
                    "type": "dict",
                    "arguments": {
                        "ellipses.0.ell_comps.ell_comps_0": 0.06134349062884468,
                        "ellipses.0.ell_comps.ell_comps_1": -0.04462159117163
                    }
                }
            }
        }
    }
}