{
    "type": "instance",
    "class_path": "autofit.non_linear.samples.summary.SamplesSummary",
    "arguments": {
        "median_pdf_sample": {
            "type": "instance",
            "class_path": "autofit.non_linear.samples.sample.Sample",
            "arguments": {
                "log_likelihood": -57.23522934026562,
                "log_prior": 0.0,
                "weight": 0.0010023779085672154,
                "kwargs": {
                    "type": "dict",
                    "arguments": {
                        "ellipses.0.ell_comps.ell_comps_0": 0.14907759525687,
                        "ellipses.0.ell_comps.ell_comps_1": -0.024074252974948057
                    }
                }
            }
        },
        "model": null,
        "log_evidence": -68.16700510859167,
        "errors_at_sigma_3": {
            "type": "list",
            "values": [
                {
                    "type": "tuple",
                    "values": [
                        0.00913527628079,
                        0.018707099728539484
                    ]
                },
                {
                    "type": "tuple",
                    "values": [
                        0.016445915130541944,
                        0.01325939387056241
                    ]
                }
            ]
        },
        "values_at_sigma_1": {
            "type": "list",
            "values": [
                {
                    "type": "tuple",
                    "values": [
                        0.14613492252347307,
                        0.15873316965951806
                    ]
                },
                {
                    "type": "tuple",
                    "values": [
                        -0.027893943046917422,
                        -0.020517738342177266
                    ]
                }
            ]
        },
        "max_log_likelihood_sample": {
            "type": "instance",
            "class_path": "autofit.non_linear.samples.sample.Sample",
            "arguments": {
                "log_likelihood": -57.23522934026562,
                "log_prior": 0.0,
                "weight": 0.0010023779085672154,
                "kwargs": {
                    "type": "dict",
                    "arguments": {
                        "ellipses.0.ell_comps.ell_comps_0": 0.14672769467504,
                        "ellipses.0.ell_comps.ell_comps_1": -0.02248116359252
                    }
                }
            }
        },
        "errors_at_sigma_1": {
            "type": "list",
            "values": [
                {
                    "type": "tuple",
                    "values": [
                        0.002942672733396934,
                        0.009655574402648054
                    ]
                },
                {
                    "type": "tuple",
                    "values": [
                        0.003819690071969365,
                        0.003556514632770791
                    ]
                }
            ]
        },
        "values_at_sigma_3": {
            "type": "list",
            "values": [
                {
                    "type": "tuple",
                    "values": [
                        0.13994231897608,
                        0.1677846949854095
                    ]
                },
                {
                    "type": "tuple",
                    "values": [
                        -0.04052016810549,
                        -0.010814859104385647
                    ]
                }
            ]
        }
    }
}