{
    "type": "instance",
    "class_path": "autofit.non_linear.samples.summary.SamplesSummary",
    "arguments": {
        "median_pdf_sample": {
            "type": "instance",
            "class_path": "autofit.non_linear.samples.sample.Sample",
            "arguments": {
                "log_likelihood": -13.475508134583945,
                "log_prior": 0.0,
                "weight": 0.0009773521556822732,
                "kwargs": {
                    "type": "dict",
                    "arguments": {
                        "ellipses.0.ell_comps.ell_comps_0": -0.03378994444884187,
                        "ellipses.0.ell_comps.ell_comps_1": 0.005168703253108473
                    }
                }
            }
        },
        "model": null,
        "errors_at_sigma_3": {
            "type": "list",
            "values": [
                {
                    "type": "tuple",
                    "values": [
                        0.009403384078692761,
                        0.009761803584443802
                    ]
                },
                {
                    "type": "tuple",
                    "values": [
                        0.009522114491067567,
                        0.009426699130300045
                    ]
                }
            ]
        },
        "values_at_sigma_1": {
            "type": "list",
            "values": [
                {
                    "type": "tuple",
                    "values": [
                        -0.03670930236578687,
                        -0.030371111973943363
                    ]
                },
                {
                    "type": "tuple",
                    "values": [
                        0.0025375614910286928,
                        0.008653491571843086
                    ]
                }
            ]
        },
        "log_evidence": -23.43953851971864,
        "max_log_likelihood_sample": {
            "type": "instance",
            "class_path": "autofit.non_linear.samples.sample.Sample",
            "arguments": {
                "log_likelihood": -13.475508134583945,
                "log_prior": 0.0,
                "weight": 0.0009773521556822732,
                "kwargs": {
                    "type": "dict",
                    "arguments": {
                        "ellipses.0.ell_comps.ell_comps_0": -0.03383621006424,
                        "ellipses.0.ell_comps.ell_comps_1": 0.00525302085405
                    }
                }
            }
        },
        "errors_at_sigma_1": {
            "type": "list",
            "values": [
                {
                    "type": "tuple",
                    "values": [
                        0.0029193579169450035,
                        0.003418832474898506
                    ]
                },
                {
                    "type": "tuple",
                    "values": [
                        0.00263114176207978,
                        0.0034847883187346133
                    ]
                }
            ]
        },
        "values_at_sigma_3": {
            "type": "list",
            "values": [
                {
                    "type": "tuple",
                    "values": [
                        -0.04319332852753463,
                        -0.024028140864398067
                    ]
                },
                {
                    "type": "tuple",
                    "values": [
                        -0.004353411237959095,
                        0.014595402383408519
                    ]
                }
            ]
        }
    }
}