{
    "type": "instance",
    "class_path": "autofit.non_linear.samples.summary.SamplesSummary",
    "arguments": {
        "max_log_likelihood_sample": {
            "type": "instance",
            "class_path": "autofit.non_linear.samples.sample.Sample",
            "arguments": {
                "log_likelihood": -3.8142305177028026,
                "log_prior": 0.0,
                "weight": 0.0010242099471954476,
                "kwargs": {
                    "type": "dict",
                    "arguments": {
                        "ellipses.0.ell_comps.ell_comps_0": -0.05075490209223,
                        "ellipses.0.ell_comps.ell_comps_1": 0.03789942187639,
                        "multipoles.0.multipole_1.multipole_comps.multipole_comps_0": -0.00094246034407,
                        "multipoles.0.multipole_1.multipole_comps.multipole_comps_1": 0.00526849842339,
                        "multipoles.0.multipole_3.multipole_comps.multipole_comps_0": 0.00618981073296,
                        "multipoles.0.multipole_3.multipole_comps.multipole_comps_1": -0.00334593999257,
                        "multipoles.0.multipole_4.multipole_comps.multipole_comps_0": 0.00056452378429,
                        "multipoles.0.multipole_4.multipole_comps.multipole_comps_1": 0.01574697397385
                    }
                }
            }
        },
        "errors_at_sigma_1": {
            "type": "list",
            "values": [
                {
                    "type": "tuple",
                    "values": [
                        0.017422429082965082,
                        0.01531722100851661
                    ]
                },
                {
                    "type": "tuple",
                    "values": [
                        0.01881637280786343,
                        0.017492445081072137
                    ]
                },
                {
                    "type": "tuple",
                    "values": [
                        0.00502193166289,
                        0.004822745886826856
                    ]
                },
                {
                    "type": "tuple",
                    "values": [
                        0.00424042249713965,
                        0.005382251379714154
                    ]
                },
                {
                    "type": "tuple",
                    "values": [
                        0.006526350364622766,
                        0.005256132772645076
                    ]
                },
                {
                    "type": "tuple",
                    "values": [
                        0.006532351948115565,
                        0.006085493366630001
                    ]
                },
                {
                    "type": "tuple",
                    "values": [
                        0.01229748250546605,
                        0.01227911927954395
                    ]
                },
                {
                    "type": "tuple",
                    "values": [
                        0.0061738962861294065,
                        0.006356565480190328
                    ]
                }
            ]
        },
        "log_evidence": -27.954650442378675,
        "median_pdf_sample": {
            "type": "instance",
            "class_path": "autofit.non_linear.samples.sample.Sample",
            "arguments": {
                "log_likelihood": -3.8142305177028026,
                "log_prior": 0.0,
                "weight": 0.0010242099471954476,
                "kwargs": {
                    "type": "dict",
                    "arguments": {
                        "ellipses.0.ell_comps.ell_comps_0": -0.046270596162162045,
                        "ellipses.0.ell_comps.ell_comps_1": 0.04271633835619786,
                        "multipoles.0.multipole_1.multipole_comps.multipole_comps_0": -0.00329684257583,
                        "multipoles.0.multipole_1.multipole_comps.multipole_comps_1": 0.00147743261557,
                        "multipoles.0.multipole_3.multipole_comps.multipole_comps_0": 0.00751883447045595,
                        "multipoles.0.multipole_3.multipole_comps.multipole_comps_1": -0.00109830543082,
                        "multipoles.0.multipole_4.multipole_comps.multipole_comps_0": -0.0017182098861339506,
                        "multipoles.0.multipole_4.multipole_comps.multipole_comps_1": 0.011829915726888558
                    }
                }
            }
        },
        "values_at_sigma_3": {
            "type": "list",
            "values": [
                {
                    "type": "tuple",
                    "values": [
                        -0.09816161548822254,
                        0.00443544397238
                    ]
                },
                {
                    "type": "tuple",
                    "values": [
                        -0.021236056746487496,
                        0.08889223074859345
                    ]
                },
                {
                    "type": "tuple",
                    "values": [
                        -0.01919085119567,
                        0.014096487481178664
                    ]
                },
                {
                    "type": "tuple",
                    "values": [
                        -0.01201825634758,
                        0.018093853041489243
                    ]
                },
                {
                    "type": "tuple",
                    "values": [
                        -0.00759516733803,
                        0.02363826730803722
                    ]
                },
                {
                    "type": "tuple",
                    "values": [
                        -0.02389843115663,
                        0.01577781764418065
                    ]
                },
                {
                    "type": "tuple",
                    "values": [
                        -0.02849707611388338,
                        0.02550009876884445
                    ]
                },
                {
                    "type": "tuple",
                    "values": [
                        -0.012774814704488298,
                        0.03048510578582
                    ]
                }
            ]
        },
        "errors_at_sigma_3": {
            "type": "list",
            "values": [
                {
                    "type": "tuple",
                    "values": [
                        0.051891019326060495,
                        0.050706040134542045
                    ]
                },
                {
                    "type": "tuple",
                    "values": [
                        0.06395239510268536,
                        0.04617589239239559
                    ]
                },
                {
                    "type": "tuple",
                    "values": [
                        0.01589400861984,
                        0.017393330057008664
                    ]
                },
                {
                    "type": "tuple",
                    "values": [
                        0.01349568896315,
                        0.016616420425919244
                    ]
                },
                {
                    "type": "tuple",
                    "values": [
                        0.01511400180848595,
                        0.01611943283758127
                    ]
                },
                {
                    "type": "tuple",
                    "values": [
                        0.02280012572581,
                        0.016876123075000648
                    ]
                },
                {
                    "type": "tuple",
                    "values": [
                        0.026778866227749432,
                        0.027218308654978398
                    ]
                },
                {
                    "type": "tuple",
                    "values": [
                        0.024604730431376856,
                        0.018655190058931445
                    ]
                }
            ]
        },
        "model": null,
        "values_at_sigma_1": {
            "type": "list",
            "values": [
                {
                    "type": "tuple",
                    "values": [
                        -0.06369302524512713,
                        -0.030953375153645435
                    ]
                },
                {
                    "type": "tuple",
                    "values": [
                        0.023899965548334432,
                        0.06020878343727
                    ]
                },
                {
                    "type": "tuple",
                    "values": [
                        -0.00831877423872,
                        0.0015259033109968556
                    ]
                },
                {
                    "type": "tuple",
                    "values": [
                        -0.00276298988156965,
                        0.006859683995284154
                    ]
                },
                {
                    "type": "tuple",
                    "values": [
                        0.0009924841058331834,
                        0.012774967243101025
                    ]
                },
                {
                    "type": "tuple",
                    "values": [
                        -0.007630657378935565,
                        0.00498718793581
                    ]
                },
                {
                    "type": "tuple",
                    "values": [
                        -0.0140156923916,
                        0.01056090939341
                    ]
                },
                {
                    "type": "tuple",
                    "values": [
                        0.005656019440759151,
                        0.018186481207078886
                    ]
                }
            ]
        }
    }
}