{
    "type": "instance",
    "class_path": "autofit.non_linear.samples.summary.SamplesSummary",
    "arguments": {
        "values_at_sigma_3": {
            "type": "list",
            "values": [
                {
                    "type": "tuple",
                    "values": [
                        -0.2639605152613283,
                        -0.24409078829157763
                    ]
                },
                {
                    "type": "tuple",
                    "values": [
                        -0.00944420538754,
                        0.03446383107862899
                    ]
                },
                {
                    "type": "tuple",
                    "values": [
                        -0.0627555017263217,
                        0.09364559549312595
                    ]
                },
                {
                    "type": "tuple",
                    "values": [
                        -0.1120069041351495,
                        0.08385871667688434
                    ]
                },
                {
                    "type": "tuple",
                    "values": [
                        -0.09172833766269645,
                        0.07449770930770233
                    ]
                },
                {
                    "type": "tuple",
                    "values": [
                        -0.09661948955308,
                        0.09490949085552
                    ]
                },
                {
                    "type": "tuple",
                    "values": [
                        -0.07188504354331378,
                        0.08734166080669108
                    ]
                },
                {
                    "type": "tuple",
                    "values": [
                        -0.09577773789299932,
                        0.07315603369378984
                    ]
                }
            ]
        },
        "errors_at_sigma_3": {
            "type": "list",
            "values": [
                {
                    "type": "tuple",
                    "values": [
                        0.011046623505048314,
                        0.008823103464702359
                    ]
                },
                {
                    "type": "tuple",
                    "values": [
                        0.02504431901206614,
                        0.018863717454102855
                    ]
                },
                {
                    "type": "tuple",
                    "values": [
                        0.0762939956190317,
                        0.08010710160041595
                    ]
                },
                {
                    "type": "tuple",
                    "values": [
                        0.11192146169331106,
                        0.08394415911872277
                    ]
                },
                {
                    "type": "tuple",
                    "values": [
                        0.07750554991519645,
                        0.08872049705520232
                    ]
                },
                {
                    "type": "tuple",
                    "values": [
                        0.08370594644724,
                        0.10782303396136
                    ]
                },
                {
                    "type": "tuple",
                    "values": [
                        0.09162880200266378,
                        0.06759790234734107
                    ]
                },
                {
                    "type": "tuple",
                    "values": [
                        0.09236413381076357,
                        0.07656963777602559
                    ]
                }
            ]
        },
        "errors_at_sigma_1": {
            "type": "list",
            "values": [
                {
                    "type": "tuple",
                    "values": [
                        0.00297694780432034,
                        0.0037343180401699927
                    ]
                },
                {
                    "type": "tuple",
                    "values": [
                        0.009929834547726377,
                        0.009227434691403861
                    ]
                },
                {
                    "type": "tuple",
                    "values": [
                        0.027511267260838156,
                        0.040661152909957955
                    ]
                },
                {
                    "type": "tuple",
                    "values": [
                        0.01682265034432157,
                        0.021806862722037416
                    ]
                },
                {
                    "type": "tuple",
                    "values": [
                        0.019945681103598602,
                        0.02583996843848
                    ]
                },
                {
                    "type": "tuple",
                    "values": [
                        0.04302774048209451,
                        0.05449775252027063
                    ]
                },
                {
                    "type": "tuple",
                    "values": [
                        0.04875602072379992,
                        0.025339640915880004
                    ]
                },
                {
                    "type": "tuple",
                    "values": [
                        0.04167260348840576,
                        0.040408998522685736
                    ]
                }
            ]
        },
        "max_log_likelihood_sample": {
            "type": "instance",
            "class_path": "autofit.non_linear.samples.sample.Sample",
            "arguments": {
                "log_likelihood": -55.05464236643089,
                "log_prior": 0.0,
                "weight": 0.0010094161062215506,
                "kwargs": {
                    "type": "dict",
                    "arguments": {
                        "ellipses.0.ell_comps.ell_comps_0": -0.25403545960073,
                        "ellipses.0.ell_comps.ell_comps_1": 0.0206134015183,
                        "multipoles.0.multipole_1.multipole_comps.multipole_comps_0": 0.03665069615391,
                        "multipoles.0.multipole_1.multipole_comps.multipole_comps_1": 0.00304970449014,
                        "multipoles.0.multipole_3.multipole_comps.multipole_comps_0": -0.00187327387407,
                        "multipoles.0.multipole_3.multipole_comps.multipole_comps_1": -0.05783888457503,
                        "multipoles.0.multipole_4.multipole_comps.multipole_comps_0": 0.04107217546603,
                        "multipoles.0.multipole_4.multipole_comps.multipole_comps_1": 0.00104387487704
                    }
                }
            }
        },
        "median_pdf_sample": {
            "type": "instance",
            "class_path": "autofit.non_linear.samples.sample.Sample",
            "arguments": {
                "log_likelihood": -55.05464236643089,
                "log_prior": 0.0,
                "weight": 0.0010094161062215506,
                "kwargs": {
                    "type": "dict",
                    "arguments": {
                        "ellipses.0.ell_comps.ell_comps_0": -0.25291389175628,
                        "ellipses.0.ell_comps.ell_comps_1": 0.015600113624526138,
                        "multipoles.0.multipole_1.multipole_comps.multipole_comps_0": 0.01353849389271,
                        "multipoles.0.multipole_1.multipole_comps.multipole_comps_1": -8.544244183843137e-05,
                        "multipoles.0.multipole_3.multipole_comps.multipole_comps_0": -0.0142227877475,
                        "multipoles.0.multipole_3.multipole_comps.multipole_comps_1": -0.01291354310584,
                        "multipoles.0.multipole_4.multipole_comps.multipole_comps_0": 0.01974375845935,
                        "multipoles.0.multipole_4.multipole_comps.multipole_comps_1": -0.0034136040822357423
                    }
                }
            }
        },
        "log_evidence": -76.60981423479004,
        "model": null,
        "values_at_sigma_1": {
            "type": "list",
            "values": [
                {
                    "type": "tuple",
                    "values": [
                        -0.2558908395606003,
                        -0.24917957371611
                    ]
                },
                {
                    "type": "tuple",
                    "values": [
                        0.005670279076799762,
                        0.02482754831593
                    ]
                },
                {
                    "type": "tuple",
                    "values": [
                        -0.013972773368128154,
                        0.05419964680266796
                    ]
                },
                {
                    "type": "tuple",
                    "values": [
                        -0.01690809278616,
                        0.021721420280198984
                    ]
                },
                {
                    "type": "tuple",
                    "values": [
                        -0.0341684688510986,
                        0.01161718069098
                    ]
                },
                {
                    "type": "tuple",
                    "values": [
                        -0.05594128358793451,
                        0.04158420941443063
                    ]
                },
                {
                    "type": "tuple",
                    "values": [
                        -0.02901226226444992,
                        0.04508339937523
                    ]
                },
                {
                    "type": "tuple",
                    "values": [
                        -0.0450862075706415,
                        0.03699539444045
                    ]
                }
            ]
        }
    }
}