{
    "type": "instance",
    "class_path": "autofit.non_linear.samples.summary.SamplesSummary",
    "arguments": {
        "values_at_sigma_1": {
            "type": "list",
            "values": [
                {
                    "type": "tuple",
                    "values": [
                        0.0025250334463780976,
                        0.01414440859353
                    ]
                },
                {
                    "type": "tuple",
                    "values": [
                        0.054042998708957325,
                        0.06737019222513768
                    ]
                },
                {
                    "type": "tuple",
                    "values": [
                        -0.011928310156398982,
                        0.02060812111332
                    ]
                },
                {
                    "type": "tuple",
                    "values": [
                        -0.028035026245876688,
                        0.012249553265294182
                    ]
                },
                {
                    "type": "tuple",
                    "values": [
                        -0.009965953416738432,
                        0.028197151619397752
                    ]
                },
                {
                    "type": "tuple",
                    "values": [
                        -0.02460719348431968,
                        0.01507410150805195
                    ]
                }
            ]
        },
        "model": null,
        "values_at_sigma_3": {
            "type": "list",
            "values": [
                {
                    "type": "tuple",
                    "values": [
                        -0.0076050338254365695,
                        0.02551037911418463
                    ]
                },
                {
                    "type": "tuple",
                    "values": [
                        0.0398707813206161,
                        0.07745520137494119
                    ]
                },
                {
                    "type": "tuple",
                    "values": [
                        -0.04508526103264,
                        0.04271535428167248
                    ]
                },
                {
                    "type": "tuple",
                    "values": [
                        -0.05206760232284,
                        0.036202390838915584
                    ]
                },
                {
                    "type": "tuple",
                    "values": [
                        -0.03773633814515,
                        0.05788818461734
                    ]
                },
                {
                    "type": "tuple",
                    "values": [
                        -0.056188747683214385,
                        0.03276642503025193
                    ]
                }
            ]
        },
        "max_log_likelihood_sample": {
            "type": "instance",
            "class_path": "autofit.non_linear.samples.sample.Sample",
            "arguments": {
                "log_likelihood": -27.253374008900543,
                "log_prior": 0.0,
                "weight": 0.0010404698032394385,
                "kwargs": {
                    "type": "dict",
                    "arguments": {
                        "ellipses.0.ell_comps.ell_comps_0": 0.01024551146525,
                        "ellipses.0.ell_comps.ell_comps_1": 0.04882381029742,
                        "multipoles.0.multipole_3.multipole_comps.multipole_comps_0": -0.00975166500581,
                        "multipoles.0.multipole_3.multipole_comps.multipole_comps_1": -0.02958581080648,
                        "multipoles.0.multipole_4.multipole_comps.multipole_comps_0": 0.01297991165171,
                        "multipoles.0.multipole_4.multipole_comps.multipole_comps_1": 0.01037459466188
                    }
                }
            }
        },
        "median_pdf_sample": {
            "type": "instance",
            "class_path": "autofit.non_linear.samples.sample.Sample",
            "arguments": {
                "log_likelihood": -27.253374008900543,
                "log_prior": 0.0,
                "weight": 0.0010404698032394385,
                "kwargs": {
                    "type": "dict",
                    "arguments": {
                        "ellipses.0.ell_comps.ell_comps_0": 0.00826378000639,
                        "ellipses.0.ell_comps.ell_comps_1": 0.062250441841243676,
                        "multipoles.0.multipole_3.multipole_comps.multipole_comps_0": 0.0045858022801432185,
                        "multipoles.0.multipole_3.multipole_comps.multipole_comps_1": -0.00648433980735,
                        "multipoles.0.multipole_4.multipole_comps.multipole_comps_0": 0.010765683018330438,
                        "multipoles.0.multipole_4.multipole_comps.multipole_comps_1": -0.0037652694080802817
                    }
                }
            }
        },
        "errors_at_sigma_3": {
            "type": "list",
            "values": [
                {
                    "type": "tuple",
                    "values": [
                        0.01586881383182657,
                        0.01724659910779463
                    ]
                },
                {
                    "type": "tuple",
                    "values": [
                        0.02237966052062758,
                        0.015204759533697515
                    ]
                },
                {
                    "type": "tuple",
                    "values": [
                        0.049671063312783224,
                        0.03812955200152926
                    ]
                },
                {
                    "type": "tuple",
                    "values": [
                        0.045583262515490004,
                        0.04268673064626558
                    ]
                },
                {
                    "type": "tuple",
                    "values": [
                        0.04850202116348044,
                        0.04712250159900956
                    ]
                },
                {
                    "type": "tuple",
                    "values": [
                        0.052423478275134106,
                        0.03653169443833221
                    ]
                }
            ]
        },
        "log_evidence": -44.349659093580854,
        "errors_at_sigma_1": {
            "type": "list",
            "values": [
                {
                    "type": "tuple",
                    "values": [
                        0.005738746560011903,
                        0.00588062858714
                    ]
                },
                {
                    "type": "tuple",
                    "values": [
                        0.00820744313228635,
                        0.005119750383894006
                    ]
                },
                {
                    "type": "tuple",
                    "values": [
                        0.0165141124365422,
                        0.01602231883317678
                    ]
                },
                {
                    "type": "tuple",
                    "values": [
                        0.021550686438526687,
                        0.018733893072644184
                    ]
                },
                {
                    "type": "tuple",
                    "values": [
                        0.020731636435068868,
                        0.017431468601067313
                    ]
                },
                {
                    "type": "tuple",
                    "values": [
                        0.020841924076239398,
                        0.018839370916132234
                    ]
                }
            ]
        }
    }
}