{
    "type": "instance",
    "class_path": "autofit.non_linear.samples.summary.SamplesSummary",
    "arguments": {
        "values_at_sigma_3": {
            "type": "list",
            "values": [
                {
                    "type": "tuple",
                    "values": [
                        -0.009068450395933748,
                        0.03095406369353
                    ]
                },
                {
                    "type": "tuple",
                    "values": [
                        -0.09360784538746017,
                        -0.06636911815243
                    ]
                }
            ]
        },
        "values_at_sigma_1": {
            "type": "list",
            "values": [
                {
                    "type": "tuple",
                    "values": [
                        0.00678711516452,
                        0.022956161627406758
                    ]
                },
                {
                    "type": "tuple",
                    "values": [
                        -0.08437351722148514,
                        -0.07435646361674675
                    ]
                }
            ]
        },
        "max_log_likelihood_sample": {
            "type": "instance",
            "class_path": "autofit.non_linear.samples.sample.Sample",
            "arguments": {
                "log_likelihood": -34.4473141237491,
                "log_prior": 0.0,
                "weight": 0.0009846419464657724,
                "kwargs": {
                    "type": "dict",
                    "arguments": {
                        "ellipses.0.ell_comps.ell_comps_0": 0.02033350078022,
                        "ellipses.0.ell_comps.ell_comps_1": -0.07514751769501
                    }
                }
            }
        },
        "model": null,
        "errors_at_sigma_1": {
            "type": "list",
            "values": [
                {
                    "type": "tuple",
                    "values": [
                        0.01061178328628236,
                        0.0055572631766043976
                    ]
                },
                {
                    "type": "tuple",
                    "values": [
                        0.00645302557635348,
                        0.0035640280283849163
                    ]
                }
            ]
        },
        "errors_at_sigma_3": {
            "type": "list",
            "values": [
                {
                    "type": "tuple",
                    "values": [
                        0.026467348846736106,
                        0.013555165242727641
                    ]
                },
                {
                    "type": "tuple",
                    "values": [
                        0.015687353742328505,
                        0.011551373492701661
                    ]
                }
            ]
        },
        "log_evidence": -44.075797645569494,
        "median_pdf_sample": {
            "type": "instance",
            "class_path": "autofit.non_linear.samples.sample.Sample",
            "arguments": {
                "log_likelihood": -34.4473141237491,
                "log_prior": 0.0,
                "weight": 0.0009846419464657724,
                "kwargs": {
                    "type": "dict",
                    "arguments": {
                        "ellipses.0.ell_comps.ell_comps_0": 0.01739889845080236,
                        "ellipses.0.ell_comps.ell_comps_1": -0.07792049164513166
                    }
                }
            }
        }
    }
}