{
    "type": "instance",
    "class_path": "autofit.non_linear.samples.summary.SamplesSummary",
    "arguments": {
        "values_at_sigma_1": {
            "type": "list",
            "values": [
                {
                    "type": "tuple",
                    "values": [
                        0.09631089913164673,
                        0.1007504571305077
                    ]
                },
                {
                    "type": "tuple",
                    "values": [
                        0.2056701125303249,
                        0.20970966677968272
                    ]
                },
                {
                    "type": "tuple",
                    "values": [
                        -0.019946167388824636,
                        -0.00236197575788
                    ]
                },
                {
                    "type": "tuple",
                    "values": [
                        -0.025502410828183147,
                        -0.0084787521902
                    ]
                },
                {
                    "type": "tuple",
                    "values": [
                        -0.01591015904978655,
                        0.001619648057770819
                    ]
                },
                {
                    "type": "tuple",
                    "values": [
                        -0.021135212606039625,
                        -0.002216177567560417
                    ]
                },
                {
                    "type": "tuple",
                    "values": [
                        -0.01492396624766251,
                        0.00886938694457313
                    ]
                },
                {
                    "type": "tuple",
                    "values": [
                        -0.04258758944332,
                        -0.024872604426383362
                    ]
                }
            ]
        },
        "values_at_sigma_3": {
            "type": "list",
            "values": [
                {
                    "type": "tuple",
                    "values": [
                        0.09039621128830536,
                        0.10461206311222054
                    ]
                },
                {
                    "type": "tuple",
                    "values": [
                        0.20103245911302114,
                        0.2128471791398322
                    ]
                },
                {
                    "type": "tuple",
                    "values": [
                        -0.03880968052895,
                        0.01279196456887289
                    ]
                },
                {
                    "type": "tuple",
                    "values": [
                        -0.04164437960516,
                        0.01532719078794
                    ]
                },
                {
                    "type": "tuple",
                    "values": [
                        -0.0318910856814,
                        0.020318431579531174
                    ]
                },
                {
                    "type": "tuple",
                    "values": [
                        -0.04400437584691,
                        0.015850622440610158
                    ]
                },
                {
                    "type": "tuple",
                    "values": [
                        -0.03143465013829196,
                        0.028906545922322818
                    ]
                },
                {
                    "type": "tuple",
                    "values": [
                        -0.05874611857507275,
                        -0.00511625133893
                    ]
                }
            ]
        },
        "max_log_likelihood_sample": {
            "type": "instance",
            "class_path": "autofit.non_linear.samples.sample.Sample",
            "arguments": {
                "log_likelihood": -61.00836518007128,
                "log_prior": 0.0,
                "weight": 0.0010423699791699665,
                "kwargs": {
                    "type": "dict",
                    "arguments": {
                        "ellipses.0.ell_comps.ell_comps_0": 0.09826751424555,
                        "ellipses.0.ell_comps.ell_comps_1": 0.20873226345216,
                        "multipoles.0.multipole_1.multipole_comps.multipole_comps_0": -0.01426345110893,
                        "multipoles.0.multipole_1.multipole_comps.multipole_comps_1": -0.0263281011269,
                        "multipoles.0.multipole_3.multipole_comps.multipole_comps_0": -0.00781574804548,
                        "multipoles.0.multipole_3.multipole_comps.multipole_comps_1": -0.0084970863112,
                        "multipoles.0.multipole_4.multipole_comps.multipole_comps_0": -0.0052610212326,
                        "multipoles.0.multipole_4.multipole_comps.multipole_comps_1": -0.03388660872177
                    }
                }
            }
        },
        "median_pdf_sample": {
            "type": "instance",
            "class_path": "autofit.non_linear.samples.sample.Sample",
            "arguments": {
                "log_likelihood": -61.00836518007128,
                "log_prior": 0.0,
                "weight": 0.0010423699791699665,
                "kwargs": {
                    "type": "dict",
                    "arguments": {
                        "ellipses.0.ell_comps.ell_comps_0": 0.09850644661980293,
                        "ellipses.0.ell_comps.ell_comps_1": 0.20761496521815748,
                        "multipoles.0.multipole_1.multipole_comps.multipole_comps_0": -0.011302085638051766,
                        "multipoles.0.multipole_1.multipole_comps.multipole_comps_1": -0.017199284273951197,
                        "multipoles.0.multipole_3.multipole_comps.multipole_comps_0": -0.006731727716678499,
                        "multipoles.0.multipole_3.multipole_comps.multipole_comps_1": -0.011878337184034811,
                        "multipoles.0.multipole_4.multipole_comps.multipole_comps_0": -0.00455200496878,
                        "multipoles.0.multipole_4.multipole_comps.multipole_comps_1": -0.03423610057876594
                    }
                }
            }
        },
        "model": null,
        "errors_at_sigma_1": {
            "type": "list",
            "values": [
                {
                    "type": "tuple",
                    "values": [
                        0.002195547488156202,
                        0.0022440105107047748
                    ]
                },
                {
                    "type": "tuple",
                    "values": [
                        0.0019448526878325656,
                        0.0020947015615252473
                    ]
                },
                {
                    "type": "tuple",
                    "values": [
                        0.00864408175077287,
                        0.008940109880171765
                    ]
                },
                {
                    "type": "tuple",
                    "values": [
                        0.00830312655423195,
                        0.008720532083751197
                    ]
                },
                {
                    "type": "tuple",
                    "values": [
                        0.00917843133310805,
                        0.008351375774449318
                    ]
                },
                {
                    "type": "tuple",
                    "values": [
                        0.009256875422004814,
                        0.009662159616474394
                    ]
                },
                {
                    "type": "tuple",
                    "values": [
                        0.01037196127888251,
                        0.01342139191335313
                    ]
                },
                {
                    "type": "tuple",
                    "values": [
                        0.008351488864554057,
                        0.009363496152382581
                    ]
                }
            ]
        },
        "errors_at_sigma_3": {
            "type": "list",
            "values": [
                {
                    "type": "tuple",
                    "values": [
                        0.008110235331497573,
                        0.006105616492417615
                    ]
                },
                {
                    "type": "tuple",
                    "values": [
                        0.006582506105136332,
                        0.005232213921674722
                    ]
                },
                {
                    "type": "tuple",
                    "values": [
                        0.027507594890898233,
                        0.024094050206924657
                    ]
                },
                {
                    "type": "tuple",
                    "values": [
                        0.024445095331208803,
                        0.0325264750618912
                    ]
                },
                {
                    "type": "tuple",
                    "values": [
                        0.025159357964721497,
                        0.027050159296209672
                    ]
                },
                {
                    "type": "tuple",
                    "values": [
                        0.03212603866287519,
                        0.02772895962464497
                    ]
                },
                {
                    "type": "tuple",
                    "values": [
                        0.026882645169511964,
                        0.03345855089110282
                    ]
                },
                {
                    "type": "tuple",
                    "values": [
                        0.02451001799630681,
                        0.029119849239835943
                    ]
                }
            ]
        },
        "log_evidence": -86.35323538536102
    }
}