{
    "type": "collection",
    "arguments": {
        "ellipses": {
            "type": "collection",
            "arguments": {
                "0": {
                    "type": "instance",
                    "class_path": "autogalaxy.ellipse.ellipse.ellipse.Ellipse",
                    "arguments": {
                        "ell_comps": {
                            "type": "tuple",
                            "values": [
                                -0.05517485088512,
                                0.01973698358849
                            ]
                        },
                        "centre": {
                            "type": "tuple",
                            "values": [
                                0.00328545686154,
                                0.01721274661792
                            ]
                        },
                        "major_axis": 0.25
                    }
                },
                "1": {
                    "type": "instance",
                    "class_path": "autogalaxy.ellipse.ellipse.ellipse.Ellipse",
                    "arguments": {
                        "ell_comps": {
                            "type": "tuple",
                            "values": [
                                -0.12010476847668,
                                0.09696103991005
                            ]
                        },
                        "centre": {
                            "type": "tuple",
                            "values": [
                                0.00328545686154,
                                0.01721274661792
                            ]
                        },
                        "major_axis": 0.5
                    }
                },
                "2": {
                    "type": "instance",
                    "class_path": "autogalaxy.ellipse.ellipse.ellipse.Ellipse",
                    "arguments": {
                        "ell_comps": {
                            "type": "tuple",
                            "values": [
                                -0.16215349225274,
                                0.0822853773154
                            ]
                        },
                        "centre": {
                            "type": "tuple",
                            "values": [
                                0.00328545686154,
                                0.01721274661792
                            ]
                        },
                        "major_axis": 0.75
                    }
                },
                "3": {
                    "type": "instance",
                    "class_path": "autogalaxy.ellipse.ellipse.ellipse.Ellipse",
                    "arguments": {
                        "ell_comps": {
                            "type": "tuple",
                            "values": [
                                -0.02566817584863,
                                -0.00397997550989
                            ]
                        },
                        "centre": {
                            "type": "tuple",
                            "values": [
                                0.00328545686154,
                                0.01721274661792
                            ]
                        },
                        "major_axis": 1.0
                    }
                }
            }
        },
        "dummy_0": {
            "lower_limit": -0.1,
            "upper_limit": 0.1,
            "type": "Uniform",
            "id": 56
        }
    }
}