{
    "type": "instance",
    "class_path": "autofit.non_linear.samples.summary.SamplesSummary",
    "arguments": {
        "values_at_sigma_3": {
            "type": "list",
            "values": [
                {
                    "type": "tuple",
                    "values": [
                        -0.007316057989404684,
                        0.03259044245217828
                    ]
                },
                {
                    "type": "tuple",
                    "values": [
                        -0.07470318888100963,
                        -0.05367016772721978
                    ]
                }
            ]
        },
        "values_at_sigma_1": {
            "type": "list",
            "values": [
                {
                    "type": "tuple",
                    "values": [
                        0.0014369420201534274,
                        0.01235552809642
                    ]
                },
                {
                    "type": "tuple",
                    "values": [
                        -0.06261318626453781,
                        -0.05760305889668
                    ]
                }
            ]
        },
        "max_log_likelihood_sample": {
            "type": "instance",
            "class_path": "autofit.non_linear.samples.sample.Sample",
            "arguments": {
                "log_likelihood": -44.15961825677796,
                "log_prior": 0.0,
                "weight": 0.0009891699994089016,
                "kwargs": {
                    "type": "dict",
                    "arguments": {
                        "ellipses.0.ell_comps.ell_comps_0": 0.00488054371468,
                        "ellipses.0.ell_comps.ell_comps_1": -0.05953026970879
                    }
                }
            }
        },
        "model": null,
        "errors_at_sigma_1": {
            "type": "list",
            "values": [
                {
                    "type": "tuple",
                    "values": [
                        0.00423847939478079,
                        0.006680106681485782
                    ]
                },
                {
                    "type": "tuple",
                    "values": [
                        0.0030656601447292056,
                        0.0019444672231286042
                    ]
                }
            ]
        },
        "errors_at_sigma_3": {
            "type": "list",
            "values": [
                {
                    "type": "tuple",
                    "values": [
                        0.012991479404338903,
                        0.02691502103724406
                    ]
                },
                {
                    "type": "tuple",
                    "values": [
                        0.015155662761201026,
                        0.005877358392588822
                    ]
                }
            ]
        },
        "log_evidence": -55.18275883387405,
        "median_pdf_sample": {
            "type": "instance",
            "class_path": "autofit.non_linear.samples.sample.Sample",
            "arguments": {
                "log_likelihood": -44.15961825677796,
                "log_prior": 0.0,
                "weight": 0.0009891699994089016,
                "kwargs": {
                    "type": "dict",
                    "arguments": {
                        "ellipses.0.ell_comps.ell_comps_0": 0.005675421414934218,
                        "ellipses.0.ell_comps.ell_comps_1": -0.059547526119808604
                    }
                }
            }
        }
    }
}