{
    "type": "instance",
    "class_path": "autofit.non_linear.samples.summary.SamplesSummary",
    "arguments": {
        "model": null,
        "errors_at_sigma_3": {
            "type": "list",
            "values": [
                {
                    "type": "tuple",
                    "values": [
                        0.0018741186424220612,
                        0.0018521369228702354
                    ]
                },
                {
                    "type": "tuple",
                    "values": [
                        0.0011429196273828116,
                        0.0010359111940403815
                    ]
                },
                {
                    "type": "tuple",
                    "values": [
                        0.006948469014664647,
                        0.006571783698308574
                    ]
                },
                {
                    "type": "tuple",
                    "values": [
                        0.0047737000894919335,
                        0.0058395294240680545
                    ]
                },
                {
                    "type": "tuple",
                    "values": [
                        0.0070867396840909,
                        0.008940533453189847
                    ]
                },
                {
                    "type": "tuple",
                    "values": [
                        0.0066382515932301295,
                        0.008452493427182989
                    ]
                },
                {
                    "type": "tuple",
                    "values": [
                        0.01245137589049828,
                        0.012744686521189999
                    ]
                },
                {
                    "type": "tuple",
                    "values": [
                        0.011080948529327811,
                        0.0069230399839507045
                    ]
                },
                {
                    "type": "tuple",
                    "values": [
                        0.027482697865132008,
                        0.02619372926065386
                    ]
                },
                {
                    "type": "tuple",
                    "values": [
                        0.013883039068193326,
                        0.044214904872369995
                    ]
                },
                {
                    "type": "tuple",
                    "values": [
                        0.03795827113962913,
                        0.020473031046696594
                    ]
                },
                {
                    "type": "tuple",
                    "values": [
                        0.023099822551280003,
                        0.014782522644527993
                    ]
                }
            ]
        },
        "max_log_likelihood_sample": {
            "type": "instance",
            "class_path": "autofit.non_linear.samples.sample.Sample",
            "arguments": {
                "log_likelihood": -145.33639757705828,
                "log_prior": 0.0,
                "weight": 0.0010098570108136075,
                "kwargs": {
                    "type": "dict",
                    "arguments": {
                        "ellipses.ellipse_4.centre.centre_0": 0.00163056668999,
                        "ellipses.ellipse_4.centre.centre_1": -8.830513327e-05,
                        "ellipses.ellipse_0.ell_comps.ell_comps_0": -0.01480428721654,
                        "ellipses.ellipse_0.ell_comps.ell_comps_1": -0.11193134762651,
                        "ellipses.ellipse_1.ell_comps.ell_comps_0": -0.02113640470793,
                        "ellipses.ellipse_1.ell_comps.ell_comps_1": -0.11653808831265,
                        "ellipses.ellipse_2.ell_comps.ell_comps_0": -0.0550812559089,
                        "ellipses.ellipse_2.ell_comps.ell_comps_1": -0.07912206744182,
                        "ellipses.ellipse_3.ell_comps.ell_comps_0": -0.1030347776056,
                        "ellipses.ellipse_3.ell_comps.ell_comps_1": -0.04602488347904,
                        "ellipses.ellipse_4.ell_comps.ell_comps_0": -0.17862073532524,
                        "ellipses.ellipse_4.ell_comps.ell_comps_1": 0.0485012201968
                    }
                }
            }
        },
        "log_evidence": -202.90195165906638,
        "median_pdf_sample": {
            "type": "instance",
            "class_path": "autofit.non_linear.samples.sample.Sample",
            "arguments": {
                "log_likelihood": -145.33639757705828,
                "log_prior": 0.0,
                "weight": 0.0010098570108136075,
                "kwargs": {
                    "type": "dict",
                    "arguments": {
                        "ellipses.ellipse_4.centre.centre_0": 0.0015555259476897646,
                        "ellipses.ellipse_4.centre.centre_1": -0.00012919504117718858,
                        "ellipses.ellipse_0.ell_comps.ell_comps_0": -0.01563500584814,
                        "ellipses.ellipse_0.ell_comps.ell_comps_1": -0.11237795172326806,
                        "ellipses.ellipse_1.ell_comps.ell_comps_0": -0.022192988697684612,
                        "ellipses.ellipse_1.ell_comps.ell_comps_1": -0.11487823009443299,
                        "ellipses.ellipse_2.ell_comps.ell_comps_0": -0.05101693808965,
                        "ellipses.ellipse_2.ell_comps.ell_comps_1": -0.08093704222382,
                        "ellipses.ellipse_3.ell_comps.ell_comps_0": -0.10291645578523799,
                        "ellipses.ellipse_3.ell_comps.ell_comps_1": -0.04370227078158,
                        "ellipses.ellipse_4.ell_comps.ell_comps_0": -0.17672276722092087,
                        "ellipses.ellipse_4.ell_comps.ell_comps_1": 0.05008409952454
                    }
                }
            }
        },
        "values_at_sigma_3": {
            "type": "list",
            "values": [
                {
                    "type": "tuple",
                    "values": [
                        -0.0003185926947322965,
                        0.00340766287056
                    ]
                },
                {
                    "type": "tuple",
                    "values": [
                        -0.00127211466856,
                        0.0009067161528631928
                    ]
                },
                {
                    "type": "tuple",
                    "values": [
                        -0.022583474862804646,
                        -0.009063222149831426
                    ]
                },
                {
                    "type": "tuple",
                    "values": [
                        -0.11715165181276,
                        -0.1065384222992
                    ]
                },
                {
                    "type": "tuple",
                    "values": [
                        -0.029279728381775512,
                        -0.013252455244494765
                    ]
                },
                {
                    "type": "tuple",
                    "values": [
                        -0.12151648168766312,
                        -0.10642573666725
                    ]
                },
                {
                    "type": "tuple",
                    "values": [
                        -0.06346831398014828,
                        -0.03827225156846
                    ]
                },
                {
                    "type": "tuple",
                    "values": [
                        -0.09201799075314782,
                        -0.0740140022398693
                    ]
                },
                {
                    "type": "tuple",
                    "values": [
                        -0.13039915365037,
                        -0.07672272652458413
                    ]
                },
                {
                    "type": "tuple",
                    "values": [
                        -0.05758530984977332,
                        0.00051263409079
                    ]
                },
                {
                    "type": "tuple",
                    "values": [
                        -0.21468103836055,
                        -0.15624973617422427
                    ]
                },
                {
                    "type": "tuple",
                    "values": [
                        0.02698427697326,
                        0.064866622169068
                    ]
                }
            ]
        },
        "errors_at_sigma_1": {
            "type": "list",
            "values": [
                {
                    "type": "tuple",
                    "values": [
                        0.0006554736158606825,
                        0.0006040683487195187
                    ]
                },
                {
                    "type": "tuple",
                    "values": [
                        0.0003561854500028114,
                        0.0003808292948071886
                    ]
                },
                {
                    "type": "tuple",
                    "values": [
                        0.0022313064846441535,
                        0.0022908340179900004
                    ]
                },
                {
                    "type": "tuple",
                    "values": [
                        0.0018099851229788633,
                        0.0019126203171780654
                    ]
                },
                {
                    "type": "tuple",
                    "values": [
                        0.0028621892346810326,
                        0.002701807638724612
                    ]
                },
                {
                    "type": "tuple",
                    "values": [
                        0.0023656955589670126,
                        0.002863643341322983
                    ]
                },
                {
                    "type": "tuple",
                    "values": [
                        0.004123780470009997,
                        0.004606627425400002
                    ]
                },
                {
                    "type": "tuple",
                    "values": [
                        0.0030712375241251505,
                        0.002568809172910011
                    ]
                },
                {
                    "type": "tuple",
                    "values": [
                        0.0019312406996220138,
                        0.0066025427773279965
                    ]
                },
                {
                    "type": "tuple",
                    "values": [
                        0.003421550861110005,
                        0.007301927696034272
                    ]
                },
                {
                    "type": "tuple",
                    "values": [
                        0.0030189291869491264,
                        0.004441937580841687
                    ]
                },
                {
                    "type": "tuple",
                    "values": [
                        0.002653271177232297,
                        0.004667692832129998
                    ]
                }
            ]
        },
        "values_at_sigma_1": {
            "type": "list",
            "values": [
                {
                    "type": "tuple",
                    "values": [
                        0.0009000523318290822,
                        0.0021595942964092833
                    ]
                },
                {
                    "type": "tuple",
                    "values": [
                        -0.00048538049118,
                        0.00025163425363
                    ]
                },
                {
                    "type": "tuple",
                    "values": [
                        -0.017866312332784153,
                        -0.01334417183015
                    ]
                },
                {
                    "type": "tuple",
                    "values": [
                        -0.11418793684624692,
                        -0.11046533140609
                    ]
                },
                {
                    "type": "tuple",
                    "values": [
                        -0.025055177932365644,
                        -0.01949118105896
                    ]
                },
                {
                    "type": "tuple",
                    "values": [
                        -0.1172439256534,
                        -0.11201458675311
                    ]
                },
                {
                    "type": "tuple",
                    "values": [
                        -0.05514071855966,
                        -0.04641031066425
                    ]
                },
                {
                    "type": "tuple",
                    "values": [
                        -0.08400827974794516,
                        -0.07836823305091
                    ]
                },
                {
                    "type": "tuple",
                    "values": [
                        -0.10484769648486,
                        -0.09631391300791
                    ]
                },
                {
                    "type": "tuple",
                    "values": [
                        -0.04712382164269,
                        -0.036400343085545725
                    ]
                },
                {
                    "type": "tuple",
                    "values": [
                        -0.17974169640787,
                        -0.17228082964007918
                    ]
                },
                {
                    "type": "tuple",
                    "values": [
                        0.047430828347307705,
                        0.05475179235667
                    ]
                }
            ]
        }
    }
}