{
    "type": "instance",
    "class_path": "autofit.non_linear.samples.summary.SamplesSummary",
    "arguments": {
        "median_pdf_sample": {
            "type": "instance",
            "class_path": "autofit.non_linear.samples.sample.Sample",
            "arguments": {
                "log_likelihood": -16.237836395929705,
                "log_prior": 0.0,
                "weight": 0.0009820777931506667,
                "kwargs": {
                    "type": "dict",
                    "arguments": {
                        "ellipses.0.ell_comps.ell_comps_0": 0.022025357733953265,
                        "ellipses.0.ell_comps.ell_comps_1": -0.09372324683581837,
                        "multipoles.0.multipole_3.multipole_comps.multipole_comps_0": 0.00136265051518,
                        "multipoles.0.multipole_3.multipole_comps.multipole_comps_1": -0.00434640971224,
                        "multipoles.0.multipole_4.multipole_comps.multipole_comps_0": -0.00986028924834,
                        "multipoles.0.multipole_4.multipole_comps.multipole_comps_1": 0.0033896856745776103
                    }
                }
            }
        },
        "max_log_likelihood_sample": {
            "type": "instance",
            "class_path": "autofit.non_linear.samples.sample.Sample",
            "arguments": {
                "log_likelihood": -16.237836395929705,
                "log_prior": 0.0,
                "weight": 0.0009820777931506667,
                "kwargs": {
                    "type": "dict",
                    "arguments": {
                        "ellipses.0.ell_comps.ell_comps_0": 0.02325058910406,
                        "ellipses.0.ell_comps.ell_comps_1": -0.09613012368738,
                        "multipoles.0.multipole_3.multipole_comps.multipole_comps_0": -0.00027314285546,
                        "multipoles.0.multipole_3.multipole_comps.multipole_comps_1": -0.00697863005093,
                        "multipoles.0.multipole_4.multipole_comps.multipole_comps_0": -0.00775540449562,
                        "multipoles.0.multipole_4.multipole_comps.multipole_comps_1": 0.00813553076207
                    }
                }
            }
        },
        "values_at_sigma_3": {
            "type": "list",
            "values": [
                {
                    "type": "tuple",
                    "values": [
                        0.0049316815128,
                        0.036752614052621965
                    ]
                },
                {
                    "type": "tuple",
                    "values": [
                        -0.11006725147788064,
                        -0.0747298300284934
                    ]
                },
                {
                    "type": "tuple",
                    "values": [
                        -0.022574221244175685,
                        0.02330505375015
                    ]
                },
                {
                    "type": "tuple",
                    "values": [
                        -0.024002148405339596,
                        0.0179289465416
                    ]
                },
                {
                    "type": "tuple",
                    "values": [
                        -0.03116660196227899,
                        0.014400067714103685
                    ]
                },
                {
                    "type": "tuple",
                    "values": [
                        -0.0315286790268,
                        0.026935965372513502
                    ]
                }
            ]
        },
        "model": null,
        "log_evidence": -34.40739851795798,
        "errors_at_sigma_1": {
            "type": "list",
            "values": [
                {
                    "type": "tuple",
                    "values": [
                        0.00557192179355254,
                        0.00501565101844478
                    ]
                },
                {
                    "type": "tuple",
                    "values": [
                        0.0053668823718203,
                        0.005670301680908374
                    ]
                },
                {
                    "type": "tuple",
                    "values": [
                        0.00664415384979,
                        0.006690773036973433
                    ]
                },
                {
                    "type": "tuple",
                    "values": [
                        0.0055427706530934255,
                        0.00568475458391
                    ]
                },
                {
                    "type": "tuple",
                    "values": [
                        0.006509620806660567,
                        0.008875750887030001
                    ]
                },
                {
                    "type": "tuple",
                    "values": [
                        0.00949615675416761,
                        0.008613878125437452
                    ]
                }
            ]
        },
        "errors_at_sigma_3": {
            "type": "list",
            "values": [
                {
                    "type": "tuple",
                    "values": [
                        0.017093676221153264,
                        0.0147272563186687
                    ]
                },
                {
                    "type": "tuple",
                    "values": [
                        0.016344004642062274,
                        0.01899341680732497
                    ]
                },
                {
                    "type": "tuple",
                    "values": [
                        0.023936871759355684,
                        0.02194240323497
                    ]
                },
                {
                    "type": "tuple",
                    "values": [
                        0.019655738693099598,
                        0.02227535625384
                    ]
                },
                {
                    "type": "tuple",
                    "values": [
                        0.021306312713938992,
                        0.024260356962443684
                    ]
                },
                {
                    "type": "tuple",
                    "values": [
                        0.03491836470137761,
                        0.023546279697935893
                    ]
                }
            ]
        },
        "values_at_sigma_1": {
            "type": "list",
            "values": [
                {
                    "type": "tuple",
                    "values": [
                        0.016453435940400725,
                        0.027041008752398045
                    ]
                },
                {
                    "type": "tuple",
                    "values": [
                        -0.09909012920763867,
                        -0.08805294515491
                    ]
                },
                {
                    "type": "tuple",
                    "values": [
                        -0.00528150333461,
                        0.008053423552153433
                    ]
                },
                {
                    "type": "tuple",
                    "values": [
                        -0.009889180365333426,
                        0.00133834487167
                    ]
                },
                {
                    "type": "tuple",
                    "values": [
                        -0.016369910055000568,
                        -0.00098453836131
                    ]
                },
                {
                    "type": "tuple",
                    "values": [
                        -0.00610647107959,
                        0.012003563800015063
                    ]
                }
            ]
        }
    }
}