{
    "type": "instance",
    "class_path": "autofit.non_linear.samples.summary.SamplesSummary",
    "arguments": {
        "max_log_likelihood_sample": {
            "type": "instance",
            "class_path": "autofit.non_linear.samples.sample.Sample",
            "arguments": {
                "log_likelihood": -23.19704412202647,
                "log_prior": 0.0,
                "weight": 0.0010479104101503963,
                "kwargs": {
                    "type": "dict",
                    "arguments": {
                        "ellipses.0.ell_comps.ell_comps_0": 0.00280634002037,
                        "ellipses.0.ell_comps.ell_comps_1": 0.09001939682102,
                        "multipoles.0.multipole_1.multipole_comps.multipole_comps_0": 0.00986272978569,
                        "multipoles.0.multipole_1.multipole_comps.multipole_comps_1": -0.00760654107171,
                        "multipoles.0.multipole_3.multipole_comps.multipole_comps_0": 0.00573093992663,
                        "multipoles.0.multipole_3.multipole_comps.multipole_comps_1": 0.02203159524711,
                        "multipoles.0.multipole_4.multipole_comps.multipole_comps_0": 0.0055381643008,
                        "multipoles.0.multipole_4.multipole_comps.multipole_comps_1": -0.01739762583373
                    }
                }
            }
        },
        "model": null,
        "values_at_sigma_3": {
            "type": "list",
            "values": [
                {
                    "type": "tuple",
                    "values": [
                        -0.013702706936855059,
                        0.02397132436749
                    ]
                },
                {
                    "type": "tuple",
                    "values": [
                        0.06617843127791796,
                        0.11002079158739
                    ]
                },
                {
                    "type": "tuple",
                    "values": [
                        -0.024501280859588363,
                        0.03636429989344
                    ]
                },
                {
                    "type": "tuple",
                    "values": [
                        -0.032405658750040124,
                        0.026243190172122653
                    ]
                },
                {
                    "type": "tuple",
                    "values": [
                        -0.02507810005744872,
                        0.030427939195614578
                    ]
                },
                {
                    "type": "tuple",
                    "values": [
                        -0.015626270370942722,
                        0.035374847801468726
                    ]
                },
                {
                    "type": "tuple",
                    "values": [
                        -0.04166300767664,
                        0.030184683197123263
                    ]
                },
                {
                    "type": "tuple",
                    "values": [
                        -0.05044683280517,
                        0.023728380559190677
                    ]
                }
            ]
        },
        "median_pdf_sample": {
            "type": "instance",
            "class_path": "autofit.non_linear.samples.sample.Sample",
            "arguments": {
                "log_likelihood": -23.19704412202647,
                "log_prior": 0.0,
                "weight": 0.0010479104101503963,
                "kwargs": {
                    "type": "dict",
                    "arguments": {
                        "ellipses.0.ell_comps.ell_comps_0": 0.00567812397966,
                        "ellipses.0.ell_comps.ell_comps_1": 0.08938634277405,
                        "multipoles.0.multipole_1.multipole_comps.multipole_comps_0": 0.010320252717720687,
                        "multipoles.0.multipole_1.multipole_comps.multipole_comps_1": -0.00601165582905,
                        "multipoles.0.multipole_3.multipole_comps.multipole_comps_0": 0.0018756971151277578,
                        "multipoles.0.multipole_3.multipole_comps.multipole_comps_1": 0.0134745799661,
                        "multipoles.0.multipole_4.multipole_comps.multipole_comps_0": -0.0020694328263539718,
                        "multipoles.0.multipole_4.multipole_comps.multipole_comps_1": -0.01754154749623611
                    }
                }
            }
        },
        "values_at_sigma_1": {
            "type": "list",
            "values": [
                {
                    "type": "tuple",
                    "values": [
                        -0.0013236752483080103,
                        0.01217556056195
                    ]
                },
                {
                    "type": "tuple",
                    "values": [
                        0.08173506132863495,
                        0.09557154225641366
                    ]
                },
                {
                    "type": "tuple",
                    "values": [
                        0.00074230855483,
                        0.0188049819232018
                    ]
                },
                {
                    "type": "tuple",
                    "values": [
                        -0.01527581052289,
                        0.00442383720987
                    ]
                },
                {
                    "type": "tuple",
                    "values": [
                        -0.00779938956708,
                        0.0122500970854
                    ]
                },
                {
                    "type": "tuple",
                    "values": [
                        0.0013396120934067064,
                        0.021624850719749986
                    ]
                },
                {
                    "type": "tuple",
                    "values": [
                        -0.013550866395932684,
                        0.00834193152091
                    ]
                },
                {
                    "type": "tuple",
                    "values": [
                        -0.028616613236149,
                        -0.00457836207726397
                    ]
                }
            ]
        },
        "errors_at_sigma_1": {
            "type": "list",
            "values": [
                {
                    "type": "tuple",
                    "values": [
                        0.00700179922796801,
                        0.006497436582290001
                    ]
                },
                {
                    "type": "tuple",
                    "values": [
                        0.007651281445415048,
                        0.006185199482363665
                    ]
                },
                {
                    "type": "tuple",
                    "values": [
                        0.009577944162890687,
                        0.008484729205481115
                    ]
                },
                {
                    "type": "tuple",
                    "values": [
                        0.00926415469384,
                        0.01043549303892
                    ]
                },
                {
                    "type": "tuple",
                    "values": [
                        0.009675086682207757,
                        0.010374399970272242
                    ]
                },
                {
                    "type": "tuple",
                    "values": [
                        0.012134967872693294,
                        0.008150270753649986
                    ]
                },
                {
                    "type": "tuple",
                    "values": [
                        0.011481433569578713,
                        0.01041136434726397
                    ]
                },
                {
                    "type": "tuple",
                    "values": [
                        0.01107506573991289,
                        0.012963185418972139
                    ]
                }
            ]
        },
        "errors_at_sigma_3": {
            "type": "list",
            "values": [
                {
                    "type": "tuple",
                    "values": [
                        0.01938083091651506,
                        0.01829320038783
                    ]
                },
                {
                    "type": "tuple",
                    "values": [
                        0.023207911496132036,
                        0.020634448813340006
                    ]
                },
                {
                    "type": "tuple",
                    "values": [
                        0.03482153357730905,
                        0.02604404717571931
                    ]
                },
                {
                    "type": "tuple",
                    "values": [
                        0.026394002920990124,
                        0.03225484600117265
                    ]
                },
                {
                    "type": "tuple",
                    "values": [
                        0.026953797172576476,
                        0.02855224208048682
                    ]
                },
                {
                    "type": "tuple",
                    "values": [
                        0.029100850337042725,
                        0.021900267835368727
                    ]
                },
                {
                    "type": "tuple",
                    "values": [
                        0.03959357485028603,
                        0.03225411602347723
                    ]
                },
                {
                    "type": "tuple",
                    "values": [
                        0.032905285308933885,
                        0.041269928055426786
                    ]
                }
            ]
        },
        "log_evidence": -45.96307799477133
    }
}