{
    "type": "instance",
    "class_path": "autofit.non_linear.samples.summary.SamplesSummary",
    "arguments": {
        "median_pdf_sample": {
            "type": "instance",
            "class_path": "autofit.non_linear.samples.sample.Sample",
            "arguments": {
                "log_likelihood": -54.871931132342006,
                "log_prior": 0.0,
                "weight": 0.0009825605005566503,
                "kwargs": {
                    "type": "dict",
                    "arguments": {
                        "ellipses.0.ell_comps.ell_comps_0": 0.06645292514530268,
                        "ellipses.0.ell_comps.ell_comps_1": -0.08896675795637651,
                        "multipoles.0.multipole_3.multipole_comps.multipole_comps_0": -0.03240546787667586,
                        "multipoles.0.multipole_3.multipole_comps.multipole_comps_1": -0.0296462580607,
                        "multipoles.0.multipole_4.multipole_comps.multipole_comps_0": 0.06261982445201,
                        "multipoles.0.multipole_4.multipole_comps.multipole_comps_1": 0.07597549046629
                    }
                }
            }
        },
        "errors_at_sigma_3": {
            "type": "list",
            "values": [
                {
                    "type": "tuple",
                    "values": [
                        0.03245164061883506,
                        0.01721177837536761
                    ]
                },
                {
                    "type": "tuple",
                    "values": [
                        0.01602550988794918,
                        0.030651581628880056
                    ]
                },
                {
                    "type": "tuple",
                    "values": [
                        0.06685221599428415,
                        0.1309485117992213
                    ]
                },
                {
                    "type": "tuple",
                    "values": [
                        0.06653716537223997,
                        0.12826696083152467
                    ]
                },
                {
                    "type": "tuple",
                    "values": [
                        0.10517632405518984,
                        0.03706377598961999
                    ]
                },
                {
                    "type": "tuple",
                    "values": [
                        0.16600194854925,
                        0.02386693863759609
                    ]
                }
            ]
        },
        "values_at_sigma_3": {
            "type": "list",
            "values": [
                {
                    "type": "tuple",
                    "values": [
                        0.03400128452646762,
                        0.08366470352067029
                    ]
                },
                {
                    "type": "tuple",
                    "values": [
                        -0.10499226784432569,
                        -0.05831517632749646
                    ]
                },
                {
                    "type": "tuple",
                    "values": [
                        -0.09925768387096,
                        0.09854304392254543
                    ]
                },
                {
                    "type": "tuple",
                    "values": [
                        -0.09618342343293997,
                        0.09862070277082466
                    ]
                },
                {
                    "type": "tuple",
                    "values": [
                        -0.042556499603179844,
                        0.09968360044163
                    ]
                },
                {
                    "type": "tuple",
                    "values": [
                        -0.09002645808296,
                        0.09984242910388609
                    ]
                }
            ]
        },
        "values_at_sigma_1": {
            "type": "list",
            "values": [
                {
                    "type": "tuple",
                    "values": [
                        0.0536495121104,
                        0.07259863718292
                    ]
                },
                {
                    "type": "tuple",
                    "values": [
                        -0.09872855857354,
                        -0.06775562497232
                    ]
                },
                {
                    "type": "tuple",
                    "values": [
                        -0.0884728654575724,
                        0.04667542760737
                    ]
                },
                {
                    "type": "tuple",
                    "values": [
                        -0.06518112367129,
                        0.05586413734336
                    ]
                },
                {
                    "type": "tuple",
                    "values": [
                        0.003874117344313161,
                        0.08972320397472
                    ]
                },
                {
                    "type": "tuple",
                    "values": [
                        0.03916469419368285,
                        0.0955828252197
                    ]
                }
            ]
        },
        "model": null,
        "errors_at_sigma_1": {
            "type": "list",
            "values": [
                {
                    "type": "tuple",
                    "values": [
                        0.012803413034902685,
                        0.0061457120376173235
                    ]
                },
                {
                    "type": "tuple",
                    "values": [
                        0.009761800617163488,
                        0.02121113298405651
                    ]
                },
                {
                    "type": "tuple",
                    "values": [
                        0.05606739758089654,
                        0.07908089548404586
                    ]
                },
                {
                    "type": "tuple",
                    "values": [
                        0.03553486561059001,
                        0.08551039540406
                    ]
                },
                {
                    "type": "tuple",
                    "values": [
                        0.058745707107696846,
                        0.027103379522709997
                    ]
                },
                {
                    "type": "tuple",
                    "values": [
                        0.03681079627260715,
                        0.019607334753410005
                    ]
                }
            ]
        },
        "log_evidence": -71.69846585802632,
        "max_log_likelihood_sample": {
            "type": "instance",
            "class_path": "autofit.non_linear.samples.sample.Sample",
            "arguments": {
                "log_likelihood": -54.871931132342006,
                "log_prior": 0.0,
                "weight": 0.0009825605005566503,
                "kwargs": {
                    "type": "dict",
                    "arguments": {
                        "ellipses.0.ell_comps.ell_comps_0": 0.06265366394082,
                        "ellipses.0.ell_comps.ell_comps_1": -0.09691746300844,
                        "multipoles.0.multipole_3.multipole_comps.multipole_comps_0": -0.05516254147042,
                        "multipoles.0.multipole_3.multipole_comps.multipole_comps_1": -0.07016438973574,
                        "multipoles.0.multipole_4.multipole_comps.multipole_comps_0": 0.07414333559181,
                        "multipoles.0.multipole_4.multipole_comps.multipole_comps_1": 0.07856913159518
                    }
                }
            }
        }
    }
}