{
    "type": "instance",
    "class_path": "autofit.non_linear.samples.summary.SamplesSummary",
    "arguments": {
        "median_pdf_sample": {
            "type": "instance",
            "class_path": "autofit.non_linear.samples.sample.Sample",
            "arguments": {
                "log_likelihood": -27.50970724351139,
                "log_prior": 0.0,
                "weight": 0.0009924057283332004,
                "kwargs": {
                    "type": "dict",
                    "arguments": {
                        "ellipses.0.ell_comps.ell_comps_0": -0.06743816763058,
                        "ellipses.0.ell_comps.ell_comps_1": -0.05233001199311
                    }
                }
            }
        },
        "model": null,
        "errors_at_sigma_3": {
            "type": "list",
            "values": [
                {
                    "type": "tuple",
                    "values": [
                        0.017058748891040004,
                        0.012551576461259997
                    ]
                },
                {
                    "type": "tuple",
                    "values": [
                        0.018098253609490002,
                        0.014385718387828005
                    ]
                }
            ]
        },
        "values_at_sigma_1": {
            "type": "list",
            "values": [
                {
                    "type": "tuple",
                    "values": [
                        -0.07465624105109252,
                        -0.062097108209186125
                    ]
                },
                {
                    "type": "tuple",
                    "values": [
                        -0.05779724279298,
                        -0.04634492558443
                    ]
                }
            ]
        },
        "log_evidence": -36.34430108856993,
        "max_log_likelihood_sample": {
            "type": "instance",
            "class_path": "autofit.non_linear.samples.sample.Sample",
            "arguments": {
                "log_likelihood": -27.50970724351139,
                "log_prior": 0.0,
                "weight": 0.0009924057283332004,
                "kwargs": {
                    "type": "dict",
                    "arguments": {
                        "ellipses.0.ell_comps.ell_comps_0": -0.0650685918795,
                        "ellipses.0.ell_comps.ell_comps_1": -0.04822575341839
                    }
                }
            }
        },
        "errors_at_sigma_1": {
            "type": "list",
            "values": [
                {
                    "type": "tuple",
                    "values": [
                        0.007218073420512519,
                        0.005341059421393873
                    ]
                },
                {
                    "type": "tuple",
                    "values": [
                        0.00546723079987,
                        0.00598508640868
                    ]
                }
            ]
        },
        "values_at_sigma_3": {
            "type": "list",
            "values": [
                {
                    "type": "tuple",
                    "values": [
                        -0.08449691652162,
                        -0.05488659116932
                    ]
                },
                {
                    "type": "tuple",
                    "values": [
                        -0.0704282656026,
                        -0.037944293605281995
                    ]
                }
            ]
        }
    }
}