{
    "type": "instance",
    "class_path": "autofit.non_linear.samples.summary.SamplesSummary",
    "arguments": {
        "max_log_likelihood_sample": {
            "type": "instance",
            "class_path": "autofit.non_linear.samples.sample.Sample",
            "arguments": {
                "log_likelihood": -43.259704150504845,
                "log_prior": 0.0,
                "weight": 0.0009246419608122811,
                "kwargs": {
                    "type": "dict",
                    "arguments": {
                        "ellipses.0.ell_comps.ell_comps_0": 0.12087610108364,
                        "ellipses.0.ell_comps.ell_comps_1": 0.04211061721074,
                        "multipoles.0.multipole_3.multipole_comps.multipole_comps_0": 0.08406417506704,
                        "multipoles.0.multipole_3.multipole_comps.multipole_comps_1": -0.0195283242061,
                        "multipoles.0.multipole_4.multipole_comps.multipole_comps_0": -0.09161524751763,
                        "multipoles.0.multipole_4.multipole_comps.multipole_comps_1": -0.05296695874865
                    }
                }
            }
        },
        "model": null,
        "median_pdf_sample": {
            "type": "instance",
            "class_path": "autofit.non_linear.samples.sample.Sample",
            "arguments": {
                "log_likelihood": -43.259704150504845,
                "log_prior": 0.0,
                "weight": 0.0009246419608122811,
                "kwargs": {
                    "type": "dict",
                    "arguments": {
                        "ellipses.0.ell_comps.ell_comps_0": 0.1204010782873794,
                        "ellipses.0.ell_comps.ell_comps_1": 0.04160109109049,
                        "multipoles.0.multipole_3.multipole_comps.multipole_comps_0": 0.047419862648215905,
                        "multipoles.0.multipole_3.multipole_comps.multipole_comps_1": 0.02143635892172,
                        "multipoles.0.multipole_4.multipole_comps.multipole_comps_0": -0.076142305183344,
                        "multipoles.0.multipole_4.multipole_comps.multipole_comps_1": 0.019161809092241626
                    }
                }
            }
        },
        "errors_at_sigma_3": {
            "type": "list",
            "values": [
                {
                    "type": "tuple",
                    "values": [
                        0.0347163448166094,
                        0.007489507397100595
                    ]
                },
                {
                    "type": "tuple",
                    "values": [
                        0.01893982052441067,
                        0.0695974987467
                    ]
                },
                {
                    "type": "tuple",
                    "values": [
                        0.12441567315275591,
                        0.052411167755382834
                    ]
                },
                {
                    "type": "tuple",
                    "values": [
                        0.11924888015198087,
                        0.07727137429535999
                    ]
                },
                {
                    "type": "tuple",
                    "values": [
                        0.02383217889504184,
                        0.173818704607174
                    ]
                },
                {
                    "type": "tuple",
                    "values": [
                        0.11690496071714163,
                        0.07842103020825572
                    ]
                }
            ]
        },
        "values_at_sigma_1": {
            "type": "list",
            "values": [
                {
                    "type": "tuple",
                    "values": [
                        0.11720522900326,
                        0.12320720179838443
                    ]
                },
                {
                    "type": "tuple",
                    "values": [
                        0.035421766410155854,
                        0.056354996823207354
                    ]
                },
                {
                    "type": "tuple",
                    "values": [
                        -0.00261173912571,
                        0.09188459133183
                    ]
                },
                {
                    "type": "tuple",
                    "values": [
                        -0.030941140052386944,
                        0.06820719429047523
                    ]
                },
                {
                    "type": "tuple",
                    "values": [
                        -0.09486798301940867,
                        0.00107731700963
                    ]
                },
                {
                    "type": "tuple",
                    "values": [
                        -0.0504030394530931,
                        0.05322220980371
                    ]
                }
            ]
        },
        "log_evidence": -60.36178390160465,
        "values_at_sigma_3": {
            "type": "list",
            "values": [
                {
                    "type": "tuple",
                    "values": [
                        0.08568473347077,
                        0.12789058568448
                    ]
                },
                {
                    "type": "tuple",
                    "values": [
                        0.022661270566079326,
                        0.11119858983719
                    ]
                },
                {
                    "type": "tuple",
                    "values": [
                        -0.07699581050454,
                        0.09983103040359874
                    ]
                },
                {
                    "type": "tuple",
                    "values": [
                        -0.09781252123026088,
                        0.09870773321708
                    ]
                },
                {
                    "type": "tuple",
                    "values": [
                        -0.09997448407838584,
                        0.09767639942383
                    ]
                },
                {
                    "type": "tuple",
                    "values": [
                        -0.0977431516249,
                        0.09758283930049734
                    ]
                }
            ]
        },
        "errors_at_sigma_1": {
            "type": "list",
            "values": [
                {
                    "type": "tuple",
                    "values": [
                        0.003195849284119409,
                        0.0028061235110050237
                    ]
                },
                {
                    "type": "tuple",
                    "values": [
                        0.006179324680334143,
                        0.014753905732717357
                    ]
                },
                {
                    "type": "tuple",
                    "values": [
                        0.050031601773925904,
                        0.04446472868361409
                    ]
                },
                {
                    "type": "tuple",
                    "values": [
                        0.05237749897410694,
                        0.046770835368755224
                    ]
                },
                {
                    "type": "tuple",
                    "values": [
                        0.018725677836064672,
                        0.077219622192974
                    ]
                },
                {
                    "type": "tuple",
                    "values": [
                        0.06956484854533473,
                        0.034060400711468375
                    ]
                }
            ]
        }
    }
}