{
    "type": "instance",
    "class_path": "autofit.non_linear.samples.summary.SamplesSummary",
    "arguments": {
        "values_at_sigma_1": {
            "type": "list",
            "values": [
                {
                    "type": "tuple",
                    "values": [
                        -0.02241173770231,
                        -0.01368238176262
                    ]
                },
                {
                    "type": "tuple",
                    "values": [
                        0.01019431018273815,
                        0.01957053722901721
                    ]
                },
                {
                    "type": "tuple",
                    "values": [
                        0.0008157368255794549,
                        0.006109040912323847
                    ]
                },
                {
                    "type": "tuple",
                    "values": [
                        0.002289693459338304,
                        0.007025602626087555
                    ]
                },
                {
                    "type": "tuple",
                    "values": [
                        0.0018117327199982194,
                        0.007442579822416133
                    ]
                },
                {
                    "type": "tuple",
                    "values": [
                        -0.004679761903646907,
                        0.001059718138174423
                    ]
                },
                {
                    "type": "tuple",
                    "values": [
                        -0.004957975089956498,
                        0.0021074267727829565
                    ]
                },
                {
                    "type": "tuple",
                    "values": [
                        -0.002158935301560208,
                        0.0035740588633323142
                    ]
                }
            ]
        },
        "model": null,
        "values_at_sigma_3": {
            "type": "list",
            "values": [
                {
                    "type": "tuple",
                    "values": [
                        -0.03141577201776967,
                        -0.005773444907783177
                    ]
                },
                {
                    "type": "tuple",
                    "values": [
                        0.00190476908641,
                        0.02719275108653
                    ]
                },
                {
                    "type": "tuple",
                    "values": [
                        -0.0033208411192798626,
                        0.011138677503790212
                    ]
                },
                {
                    "type": "tuple",
                    "values": [
                        -0.0029911692895446262,
                        0.011851108432438513
                    ]
                },
                {
                    "type": "tuple",
                    "values": [
                        -0.003932377616227655,
                        0.01164990422703837
                    ]
                },
                {
                    "type": "tuple",
                    "values": [
                        -0.009342588029089422,
                        0.0066538049419324514
                    ]
                },
                {
                    "type": "tuple",
                    "values": [
                        -0.01188385831738,
                        0.006526046856216507
                    ]
                },
                {
                    "type": "tuple",
                    "values": [
                        -0.00791525540145,
                        0.00906576949442291
                    ]
                }
            ]
        },
        "max_log_likelihood_sample": {
            "type": "instance",
            "class_path": "autofit.non_linear.samples.sample.Sample",
            "arguments": {
                "log_likelihood": -7.849707759050032,
                "log_prior": 0.0,
                "weight": 0.0009989163226142713,
                "kwargs": {
                    "type": "dict",
                    "arguments": {
                        "ellipses.0.ell_comps.ell_comps_0": -0.01786932759942,
                        "ellipses.0.ell_comps.ell_comps_1": 0.01412391429338,
                        "multipoles.0.multipole_1.multipole_comps.multipole_comps_0": 0.00547336354406,
                        "multipoles.0.multipole_1.multipole_comps.multipole_comps_1": 0.00540172903771,
                        "multipoles.0.multipole_3.multipole_comps.multipole_comps_0": 0.00381674813295,
                        "multipoles.0.multipole_3.multipole_comps.multipole_comps_1": -0.00287321538468,
                        "multipoles.0.multipole_4.multipole_comps.multipole_comps_0": 5.253758763e-05,
                        "multipoles.0.multipole_4.multipole_comps.multipole_comps_1": 0.00214307811027
                    }
                }
            }
        },
        "errors_at_sigma_1": {
            "type": "list",
            "values": [
                {
                    "type": "tuple",
                    "values": [
                        0.00453319322483,
                        0.004196162714859999
                    ]
                },
                {
                    "type": "tuple",
                    "values": [
                        0.00448231658037185,
                        0.00489391046590721
                    ]
                },
                {
                    "type": "tuple",
                    "values": [
                        0.002766722034640545,
                        0.002526582052103847
                    ]
                },
                {
                    "type": "tuple",
                    "values": [
                        0.0023145551321618954,
                        0.0024213540345873552
                    ]
                },
                {
                    "type": "tuple",
                    "values": [
                        0.0029375885959817805,
                        0.002693258506436133
                    ]
                },
                {
                    "type": "tuple",
                    "values": [
                        0.003009905383830473,
                        0.002729574657990857
                    ]
                },
                {
                    "type": "tuple",
                    "values": [
                        0.003480611527116498,
                        0.0035847903356229565
                    ]
                },
                {
                    "type": "tuple",
                    "values": [
                        0.0027615015063019994,
                        0.002971492658590523
                    ]
                }
            ]
        },
        "errors_at_sigma_3": {
            "type": "list",
            "values": [
                {
                    "type": "tuple",
                    "values": [
                        0.01353722754028967,
                        0.012105099569696822
                    ]
                },
                {
                    "type": "tuple",
                    "values": [
                        0.012771857676700001,
                        0.012516124323419999
                    ]
                },
                {
                    "type": "tuple",
                    "values": [
                        0.006903299979499863,
                        0.007556218643570213
                    ]
                },
                {
                    "type": "tuple",
                    "values": [
                        0.007595417881044826,
                        0.007246859840938313
                    ]
                },
                {
                    "type": "tuple",
                    "values": [
                        0.008681698932207655,
                        0.00690058291105837
                    ]
                },
                {
                    "type": "tuple",
                    "values": [
                        0.007672731509272989,
                        0.008323661461748885
                    ]
                },
                {
                    "type": "tuple",
                    "values": [
                        0.010406494754539999,
                        0.008003410419056507
                    ]
                },
                {
                    "type": "tuple",
                    "values": [
                        0.008517821606191791,
                        0.008463203289681118
                    ]
                }
            ]
        },
        "log_evidence": -37.85278756204938,
        "median_pdf_sample": {
            "type": "instance",
            "class_path": "autofit.non_linear.samples.sample.Sample",
            "arguments": {
                "log_likelihood": -7.849707759050032,
                "log_prior": 0.0,
                "weight": 0.0009989163226142713,
                "kwargs": {
                    "type": "dict",
                    "arguments": {
                        "ellipses.0.ell_comps.ell_comps_0": -0.01787854447748,
                        "ellipses.0.ell_comps.ell_comps_1": 0.01467662676311,
                        "multipoles.0.multipole_1.multipole_comps.multipole_comps_0": 0.00358245886022,
                        "multipoles.0.multipole_1.multipole_comps.multipole_comps_1": 0.0046042485915001995,
                        "multipoles.0.multipole_3.multipole_comps.multipole_comps_0": 0.00474932131598,
                        "multipoles.0.multipole_3.multipole_comps.multipole_comps_1": -0.001669856519816434,
                        "multipoles.0.multipole_4.multipole_comps.multipole_comps_0": -0.00147736356284,
                        "multipoles.0.multipole_4.multipole_comps.multipole_comps_1": 0.0006025662047417915
                    }
                }
            }
        }
    }
}