{
    "type": "instance",
    "class_path": "autoarray.structures.grids.irregular_2d.Grid2DIrregular",
    "arguments": {
        "values": {
            "type": "ndarray",
            "array": [
                [
                    1.12,
                    0.04
                ],
                [
                    0.12,
                    1.08
                ],
                [
                    -1.24,
                    -0.32
                ],
                [
                    0.56,
                    -0.96
                ]
            ],
            "dtype": "float64"
        }
    }
}