{
    "type": "instance",
    "class_path": "autofit.non_linear.samples.summary.SamplesSummary",
    "arguments": {
        "log_evidence": -55.243941584023005,
        "values_at_sigma_1": {
            "type": "list",
            "values": [
                {
                    "type": "tuple",
                    "values": [
                        -0.10261097735099,
                        -0.08191003250183
                    ]
                },
                {
                    "type": "tuple",
                    "values": [
                        -0.05926845687589,
                        -0.048488534175991214
                    ]
                },
                {
                    "type": "tuple",
                    "values": [
                        -0.02748543382573,
                        0.01828927976347141
                    ]
                },
                {
                    "type": "tuple",
                    "values": [
                        -0.03474223253695,
                        0.01528360023843
                    ]
                },
                {
                    "type": "tuple",
                    "values": [
                        0.006217185216765815,
                        0.04484133294989
                    ]
                },
                {
                    "type": "tuple",
                    "values": [
                        -0.03834326983402541,
                        0.00664957799348
                    ]
                },
                {
                    "type": "tuple",
                    "values": [
                        -0.020353603854672407,
                        0.02489967367009
                    ]
                },
                {
                    "type": "tuple",
                    "values": [
                        -0.06253345977985,
                        0.004735275173168352
                    ]
                }
            ]
        },
        "model": null,
        "errors_at_sigma_3": {
            "type": "list",
            "values": [
                {
                    "type": "tuple",
                    "values": [
                        0.01992990059258,
                        0.024809539618978985
                    ]
                },
                {
                    "type": "tuple",
                    "values": [
                        0.018140494095851403,
                        0.017827429910628592
                    ]
                },
                {
                    "type": "tuple",
                    "values": [
                        0.0558302966673403,
                        0.06631854238924899
                    ]
                },
                {
                    "type": "tuple",
                    "values": [
                        0.07478269792481,
                        0.06860040530049
                    ]
                },
                {
                    "type": "tuple",
                    "values": [
                        0.06280549024026146,
                        0.04796394653253776
                    ]
                },
                {
                    "type": "tuple",
                    "values": [
                        0.06219272964913687,
                        0.06847134649533416
                    ]
                },
                {
                    "type": "tuple",
                    "values": [
                        0.07276139805932962,
                        0.05694823340466039
                    ]
                },
                {
                    "type": "tuple",
                    "values": [
                        0.06621421821806753,
                        0.08709518445695409
                    ]
                }
            ]
        },
        "values_at_sigma_3": {
            "type": "list",
            "values": [
                {
                    "type": "tuple",
                    "values": [
                        -0.11428005396188,
                        -0.06954061375032101
                    ]
                },
                {
                    "type": "tuple",
                    "values": [
                        -0.0714386515924,
                        -0.03547072758592
                    ]
                },
                {
                    "type": "tuple",
                    "values": [
                        -0.06417523842835,
                        0.05797360062823929
                    ]
                },
                {
                    "type": "tuple",
                    "values": [
                        -0.08738533765508,
                        0.05599776557022
                    ]
                },
                {
                    "type": "tuple",
                    "values": [
                        -0.03807827127743,
                        0.07269116549536922
                    ]
                },
                {
                    "type": "tuple",
                    "values": [
                        -0.08153495127295242,
                        0.04912912487151862
                    ]
                },
                {
                    "type": "tuple",
                    "values": [
                        -0.06789638590161,
                        0.06181324556238
                    ]
                },
                {
                    "type": "tuple",
                    "values": [
                        -0.09268234545733753,
                        0.06062705721768409
                    ]
                }
            ]
        },
        "errors_at_sigma_1": {
            "type": "list",
            "values": [
                {
                    "type": "tuple",
                    "values": [
                        0.008260823981689994,
                        0.012440120867469998
                    ]
                },
                {
                    "type": "tuple",
                    "values": [
                        0.005970299379341404,
                        0.004809623320557378
                    ]
                },
                {
                    "type": "tuple",
                    "values": [
                        0.019140492064720297,
                        0.02663422152448111
                    ]
                },
                {
                    "type": "tuple",
                    "values": [
                        0.022139592806680004,
                        0.0278862399687
                    ]
                },
                {
                    "type": "tuple",
                    "values": [
                        0.018510033746065645,
                        0.02011411398705854
                    ]
                },
                {
                    "type": "tuple",
                    "values": [
                        0.019001048210209863,
                        0.025991799617295547
                    ]
                },
                {
                    "type": "tuple",
                    "values": [
                        0.025218616012392017,
                        0.02003466151237039
                    ]
                },
                {
                    "type": "tuple",
                    "values": [
                        0.03606533254058,
                        0.031203402412438352
                    ]
                }
            ]
        },
        "max_log_likelihood_sample": {
            "type": "instance",
            "class_path": "autofit.non_linear.samples.sample.Sample",
            "arguments": {
                "log_likelihood": -33.72814670417572,
                "log_prior": 0.0,
                "weight": 0.0010537043339990874,
                "kwargs": {
                    "type": "dict",
                    "arguments": {
                        "ellipses.0.ell_comps.ell_comps_0": -0.09089964102254,
                        "ellipses.0.ell_comps.ell_comps_1": -0.05571428579072,
                        "multipoles.0.multipole_1.multipole_comps.multipole_comps_0": -0.00268459235548,
                        "multipoles.0.multipole_1.multipole_comps.multipole_comps_1": 0.00501865923957,
                        "multipoles.0.multipole_3.multipole_comps.multipole_comps_0": 0.0287870719324,
                        "multipoles.0.multipole_3.multipole_comps.multipole_comps_1": -0.03002344431552,
                        "multipoles.0.multipole_4.multipole_comps.multipole_comps_0": -0.00523026239498,
                        "multipoles.0.multipole_4.multipole_comps.multipole_comps_1": -0.02921187789925
                    }
                }
            }
        },
        "median_pdf_sample": {
            "type": "instance",
            "class_path": "autofit.non_linear.samples.sample.Sample",
            "arguments": {
                "log_likelihood": -33.72814670417572,
                "log_prior": 0.0,
                "weight": 0.0010537043339990874,
                "kwargs": {
                    "type": "dict",
                    "arguments": {
                        "ellipses.0.ell_comps.ell_comps_0": -0.0943501533693,
                        "ellipses.0.ell_comps.ell_comps_1": -0.05329815749654859,
                        "multipoles.0.multipole_1.multipole_comps.multipole_comps_0": -0.008344941761009701,
                        "multipoles.0.multipole_1.multipole_comps.multipole_comps_1": -0.01260263973027,
                        "multipoles.0.multipole_3.multipole_comps.multipole_comps_0": 0.02472721896283146,
                        "multipoles.0.multipole_3.multipole_comps.multipole_comps_1": -0.019342221623815548,
                        "multipoles.0.multipole_4.multipole_comps.multipole_comps_0": 0.004865012157719611,
                        "multipoles.0.multipole_4.multipole_comps.multipole_comps_1": -0.02646812723927
                    }
                }
            }
        }
    }
}