{
    "type": "instance",
    "class_path": "autofit.non_linear.samples.summary.SamplesSummary",
    "arguments": {
        "log_evidence": -207.6522176760282,
        "model": null,
        "errors_at_sigma_3": {
            "type": "list",
            "values": [
                {
                    "type": "tuple",
                    "values": [
                        0.0014016908518723879,
                        0.0015334373931276124
                    ]
                },
                {
                    "type": "tuple",
                    "values": [
                        0.001496501893,
                        0.0012176934013326073
                    ]
                },
                {
                    "type": "tuple",
                    "values": [
                        0.006300195287777768,
                        0.006309074905837611
                    ]
                },
                {
                    "type": "tuple",
                    "values": [
                        0.006428281706369762,
                        0.0069821767064441875
                    ]
                },
                {
                    "type": "tuple",
                    "values": [
                        0.008039444471445792,
                        0.007208163791939642
                    ]
                },
                {
                    "type": "tuple",
                    "values": [
                        0.007357962511062209,
                        0.007939874770594681
                    ]
                },
                {
                    "type": "tuple",
                    "values": [
                        0.008820400411676754,
                        0.008568176221133247
                    ]
                },
                {
                    "type": "tuple",
                    "values": [
                        0.010155220184195898,
                        0.009060034766697374
                    ]
                },
                {
                    "type": "tuple",
                    "values": [
                        0.007913705781304556,
                        0.009640270302313195
                    ]
                },
                {
                    "type": "tuple",
                    "values": [
                        0.013589805190440698,
                        0.00671755319098697
                    ]
                },
                {
                    "type": "tuple",
                    "values": [
                        0.01219378697382241,
                        0.004470657918257112
                    ]
                },
                {
                    "type": "tuple",
                    "values": [
                        0.008760214682591291,
                        0.005868972647226536
                    ]
                }
            ]
        },
        "max_log_likelihood_sample": {
            "type": "instance",
            "class_path": "autofit.non_linear.samples.sample.Sample",
            "arguments": {
                "log_likelihood": -148.1548939546677,
                "log_prior": 0.0,
                "weight": 0.001095036232503372,
                "kwargs": {
                    "type": "dict",
                    "arguments": {
                        "ellipses.ellipse_4.centre.centre_0": 0.00120195412972,
                        "ellipses.ellipse_4.centre.centre_1": 5.644587983e-05,
                        "ellipses.ellipse_0.ell_comps.ell_comps_0": -0.07360447210752,
                        "ellipses.ellipse_0.ell_comps.ell_comps_1": 0.03486504942609,
                        "ellipses.ellipse_1.ell_comps.ell_comps_0": -0.07886880377218,
                        "ellipses.ellipse_1.ell_comps.ell_comps_1": 0.02654113613296,
                        "ellipses.ellipse_2.ell_comps.ell_comps_0": -0.10683864538303,
                        "ellipses.ellipse_2.ell_comps.ell_comps_1": 0.04066458924176,
                        "ellipses.ellipse_3.ell_comps.ell_comps_0": -0.09246807282306,
                        "ellipses.ellipse_3.ell_comps.ell_comps_1": 0.04441782086089,
                        "ellipses.ellipse_4.ell_comps.ell_comps_0": -0.09557484326053,
                        "ellipses.ellipse_4.ell_comps.ell_comps_1": 0.06508376865489
                    }
                }
            }
        },
        "values_at_sigma_3": {
            "type": "list",
            "values": [
                {
                    "type": "tuple",
                    "values": [
                        -3.59427882e-06,
                        0.00293153396618
                    ]
                },
                {
                    "type": "tuple",
                    "values": [
                        -0.00161092024514,
                        0.0011032750491926074
                    ]
                },
                {
                    "type": "tuple",
                    "values": [
                        -0.07813726299067777,
                        -0.0655279927970624
                    ]
                },
                {
                    "type": "tuple",
                    "values": [
                        0.029363181979139744,
                        0.04277364039195369
                    ]
                },
                {
                    "type": "tuple",
                    "values": [
                        -0.08515334828409579,
                        -0.06990574002071036
                    ]
                },
                {
                    "type": "tuple",
                    "values": [
                        0.020641576494986474,
                        0.035939413776643364
                    ]
                },
                {
                    "type": "tuple",
                    "values": [
                        -0.11596004146373,
                        -0.09857146483092
                    ]
                },
                {
                    "type": "tuple",
                    "values": [
                        0.03057427508779,
                        0.04978953003868327
                    ]
                },
                {
                    "type": "tuple",
                    "values": [
                        -0.09975279470747286,
                        -0.08219881862385511
                    ]
                },
                {
                    "type": "tuple",
                    "values": [
                        0.029187635561682333,
                        0.04949499394311
                    ]
                },
                {
                    "type": "tuple",
                    "values": [
                        -0.10788619987849091,
                        -0.09122175498641139
                    ]
                },
                {
                    "type": "tuple",
                    "values": [
                        0.05624826174014218,
                        0.07087744906996
                    ]
                }
            ]
        },
        "median_pdf_sample": {
            "type": "instance",
            "class_path": "autofit.non_linear.samples.sample.Sample",
            "arguments": {
                "log_likelihood": -148.1548939546677,
                "log_prior": 0.0,
                "weight": 0.001095036232503372,
                "kwargs": {
                    "type": "dict",
                    "arguments": {
                        "ellipses.ellipse_4.centre.centre_0": 0.0013980965730523878,
                        "ellipses.ellipse_4.centre.centre_1": -0.00011441835214,
                        "ellipses.ellipse_0.ell_comps.ell_comps_0": -0.0718370677029,
                        "ellipses.ellipse_0.ell_comps.ell_comps_1": 0.035791463685509506,
                        "ellipses.ellipse_1.ell_comps.ell_comps_0": -0.07711390381265,
                        "ellipses.ellipse_1.ell_comps.ell_comps_1": 0.027999539006048683,
                        "ellipses.ellipse_2.ell_comps.ell_comps_0": -0.10713964105205324,
                        "ellipses.ellipse_2.ell_comps.ell_comps_1": 0.0407294952719859,
                        "ellipses.ellipse_3.ell_comps.ell_comps_0": -0.09183908892616831,
                        "ellipses.ellipse_3.ell_comps.ell_comps_1": 0.04277744075212303,
                        "ellipses.ellipse_4.ell_comps.ell_comps_0": -0.0956924129046685,
                        "ellipses.ellipse_4.ell_comps.ell_comps_1": 0.06500847642273347
                    }
                }
            }
        },
        "errors_at_sigma_1": {
            "type": "list",
            "values": [
                {
                    "type": "tuple",
                    "values": [
                        0.0004737472673226995,
                        0.0005094074330076121
                    ]
                },
                {
                    "type": "tuple",
                    "values": [
                        0.0004805146805339827,
                        0.00048753877634
                    ]
                },
                {
                    "type": "tuple",
                    "values": [
                        0.0021750305634299916,
                        0.002225264796747936
                    ]
                },
                {
                    "type": "tuple",
                    "values": [
                        0.0021437366454695045,
                        0.0022436556643004937
                    ]
                },
                {
                    "type": "tuple",
                    "values": [
                        0.002692128927546167,
                        0.00240354227207
                    ]
                },
                {
                    "type": "tuple",
                    "values": [
                        0.002500926414299033,
                        0.0025265421248313186
                    ]
                },
                {
                    "type": "tuple",
                    "values": [
                        0.002757274638248805,
                        0.0027694240895532463
                    ]
                },
                {
                    "type": "tuple",
                    "values": [
                        0.003430823260555896,
                        0.0033605654044141023
                    ]
                },
                {
                    "type": "tuple",
                    "values": [
                        0.0021819989733616874,
                        0.0023738561850883133
                    ]
                },
                {
                    "type": "tuple",
                    "values": [
                        0.0035722859039030302,
                        0.002441476732694535
                    ]
                },
                {
                    "type": "tuple",
                    "values": [
                        0.0019481974195811325,
                        0.0013018863616720555
                    ]
                },
                {
                    "type": "tuple",
                    "values": [
                        0.001661801570053273,
                        0.00155400815204014
                    ]
                }
            ]
        },
        "values_at_sigma_1": {
            "type": "list",
            "values": [
                {
                    "type": "tuple",
                    "values": [
                        0.0009243493057296883,
                        0.00190750400606
                    ]
                },
                {
                    "type": "tuple",
                    "values": [
                        -0.0005949330326739827,
                        0.0003731204242
                    ]
                },
                {
                    "type": "tuple",
                    "values": [
                        -0.07401209826633,
                        -0.06961180290615207
                    ]
                },
                {
                    "type": "tuple",
                    "values": [
                        0.03364772704004,
                        0.03803511934981
                    ]
                },
                {
                    "type": "tuple",
                    "values": [
                        -0.07980603274019617,
                        -0.07471036154058
                    ]
                },
                {
                    "type": "tuple",
                    "values": [
                        0.02549861259174965,
                        0.03052608113088
                    ]
                },
                {
                    "type": "tuple",
                    "values": [
                        -0.10989691569030205,
                        -0.1043702169625
                    ]
                },
                {
                    "type": "tuple",
                    "values": [
                        0.03729867201143,
                        0.0440900606764
                    ]
                },
                {
                    "type": "tuple",
                    "values": [
                        -0.09402108789953,
                        -0.08946523274108
                    ]
                },
                {
                    "type": "tuple",
                    "values": [
                        0.03920515484822,
                        0.045218917484817565
                    ]
                },
                {
                    "type": "tuple",
                    "values": [
                        -0.09764061032424963,
                        -0.09439052654299644
                    ]
                },
                {
                    "type": "tuple",
                    "values": [
                        0.0633466748526802,
                        0.06656248457477361
                    ]
                }
            ]
        }
    }
}