{
    "type": "instance",
    "class_path": "autofit.non_linear.samples.summary.SamplesSummary",
    "arguments": {
        "log_evidence": -40.56565645369304,
        "values_at_sigma_3": {
            "type": "list",
            "values": [
                {
                    "type": "tuple",
                    "values": [
                        0.009800446477136364,
                        0.03308956114635082
                    ]
                },
                {
                    "type": "tuple",
                    "values": [
                        -0.13764922908612123,
                        -0.11240305879437354
                    ]
                },
                {
                    "type": "tuple",
                    "values": [
                        -0.010174496291278999,
                        0.011649226058948966
                    ]
                },
                {
                    "type": "tuple",
                    "values": [
                        -0.012009801590459175,
                        0.00928394575623
                    ]
                },
                {
                    "type": "tuple",
                    "values": [
                        -0.008575371929241496,
                        0.021116926112099015
                    ]
                },
                {
                    "type": "tuple",
                    "values": [
                        -0.02101130944126,
                        0.00961235921091761
                    ]
                }
            ]
        },
        "errors_at_sigma_3": {
            "type": "list",
            "values": [
                {
                    "type": "tuple",
                    "values": [
                        0.011266501302873268,
                        0.012022613366341185
                    ]
                },
                {
                    "type": "tuple",
                    "values": [
                        0.012465443007701221,
                        0.012780727284046473
                    ]
                },
                {
                    "type": "tuple",
                    "values": [
                        0.010029482285448999,
                        0.011794240064778966
                    ]
                },
                {
                    "type": "tuple",
                    "values": [
                        0.00987812603142979,
                        0.011415621315259385
                    ]
                },
                {
                    "type": "tuple",
                    "values": [
                        0.014220093459931495,
                        0.015472204581409015
                    ]
                },
                {
                    "type": "tuple",
                    "values": [
                        0.017431727878508926,
                        0.013191940773668684
                    ]
                }
            ]
        },
        "median_pdf_sample": {
            "type": "instance",
            "class_path": "autofit.non_linear.samples.sample.Sample",
            "arguments": {
                "log_likelihood": -18.989304288729,
                "log_prior": 0.0,
                "weight": 0.001037166374184574,
                "kwargs": {
                    "type": "dict",
                    "arguments": {
                        "ellipses.0.ell_comps.ell_comps_0": 0.021066947780009632,
                        "ellipses.0.ell_comps.ell_comps_1": -0.12518378607842,
                        "multipoles.0.multipole_3.multipole_comps.multipole_comps_0": -0.00014501400583,
                        "multipoles.0.multipole_3.multipole_comps.multipole_comps_1": -0.0021316755590293857,
                        "multipoles.0.multipole_4.multipole_comps.multipole_comps_0": 0.00564472153069,
                        "multipoles.0.multipole_4.multipole_comps.multipole_comps_1": -0.0035795815627510724
                    }
                }
            }
        },
        "errors_at_sigma_1": {
            "type": "list",
            "values": [
                {
                    "type": "tuple",
                    "values": [
                        0.004137222399269631,
                        0.004358377225456133
                    ]
                },
                {
                    "type": "tuple",
                    "values": [
                        0.004365853071209985,
                        0.00419931108376051
                    ]
                },
                {
                    "type": "tuple",
                    "values": [
                        0.004406608190763299,
                        0.004486006439553957
                    ]
                },
                {
                    "type": "tuple",
                    "values": [
                        0.003444124232357265,
                        0.0037447883016093857
                    ]
                },
                {
                    "type": "tuple",
                    "values": [
                        0.005564931444858951,
                        0.00534100213545
                    ]
                },
                {
                    "type": "tuple",
                    "values": [
                        0.005183251059495706,
                        0.005253138673588752
                    ]
                }
            ]
        },
        "model": null,
        "max_log_likelihood_sample": {
            "type": "instance",
            "class_path": "autofit.non_linear.samples.sample.Sample",
            "arguments": {
                "log_likelihood": -18.989304288729,
                "log_prior": 0.0,
                "weight": 0.001037166374184574,
                "kwargs": {
                    "type": "dict",
                    "arguments": {
                        "ellipses.0.ell_comps.ell_comps_0": 0.02128228346584,
                        "ellipses.0.ell_comps.ell_comps_1": -0.12316501231965,
                        "multipoles.0.multipole_3.multipole_comps.multipole_comps_0": -0.00050196696085,
                        "multipoles.0.multipole_3.multipole_comps.multipole_comps_1": -0.00249796027738,
                        "multipoles.0.multipole_4.multipole_comps.multipole_comps_0": 0.00304902924705,
                        "multipoles.0.multipole_4.multipole_comps.multipole_comps_1": -0.00710467422894
                    }
                }
            }
        },
        "values_at_sigma_1": {
            "type": "list",
            "values": [
                {
                    "type": "tuple",
                    "values": [
                        0.01692972538074,
                        0.025425325005465765
                    ]
                },
                {
                    "type": "tuple",
                    "values": [
                        -0.12954963914963,
                        -0.1209844749946595
                    ]
                },
                {
                    "type": "tuple",
                    "values": [
                        -0.004551622196593299,
                        0.004340992433723957
                    ]
                },
                {
                    "type": "tuple",
                    "values": [
                        -0.005575799791386651,
                        0.00161311274258
                    ]
                },
                {
                    "type": "tuple",
                    "values": [
                        7.979008583104843e-05,
                        0.01098572366614
                    ]
                },
                {
                    "type": "tuple",
                    "values": [
                        -0.008762832622246778,
                        0.0016735571108376789
                    ]
                }
            ]
        }
    }
}