{
    "type": "instance",
    "class_path": "autofit.non_linear.samples.summary.SamplesSummary",
    "arguments": {
        "values_at_sigma_3": {
            "type": "list",
            "values": [
                {
                    "type": "tuple",
                    "values": [
                        0.0171001375189,
                        0.03164557010777
                    ]
                },
                {
                    "type": "tuple",
                    "values": [
                        -0.11729386298065418,
                        -0.10175510621033289
                    ]
                }
            ]
        },
        "values_at_sigma_1": {
            "type": "list",
            "values": [
                {
                    "type": "tuple",
                    "values": [
                        0.021736114053960004,
                        0.027194676256295562
                    ]
                },
                {
                    "type": "tuple",
                    "values": [
                        -0.11292678586005,
                        -0.10695947848548
                    ]
                }
            ]
        },
        "max_log_likelihood_sample": {
            "type": "instance",
            "class_path": "autofit.non_linear.samples.sample.Sample",
            "arguments": {
                "log_likelihood": -8.13733152552087,
                "log_prior": 0.0,
                "weight": 0.0009828175684581794,
                "kwargs": {
                    "type": "dict",
                    "arguments": {
                        "ellipses.0.ell_comps.ell_comps_0": 0.02442302032743,
                        "ellipses.0.ell_comps.ell_comps_1": -0.11082037098234
                    }
                }
            }
        },
        "model": null,
        "errors_at_sigma_1": {
            "type": "list",
            "values": [
                {
                    "type": "tuple",
                    "values": [
                        0.002682931797256174,
                        0.0027756304050793844
                    ]
                },
                {
                    "type": "tuple",
                    "values": [
                        0.0028360163652800113,
                        0.0031312910092899937
                    ]
                }
            ]
        },
        "errors_at_sigma_3": {
            "type": "list",
            "values": [
                {
                    "type": "tuple",
                    "values": [
                        0.007318908332316177,
                        0.007226524256553821
                    ]
                },
                {
                    "type": "tuple",
                    "values": [
                        0.007203093485884188,
                        0.008335663284437106
                    ]
                }
            ]
        },
        "log_evidence": -18.772180552804635,
        "median_pdf_sample": {
            "type": "instance",
            "class_path": "autofit.non_linear.samples.sample.Sample",
            "arguments": {
                "log_likelihood": -8.13733152552087,
                "log_prior": 0.0,
                "weight": 0.0009828175684581794,
                "kwargs": {
                    "type": "dict",
                    "arguments": {
                        "ellipses.0.ell_comps.ell_comps_0": 0.024419045851216178,
                        "ellipses.0.ell_comps.ell_comps_1": -0.11009076949477
                    }
                }
            }
        }
    }
}