{
    "type": "instance",
    "class_path": "autofit.non_linear.samples.summary.SamplesSummary",
    "arguments": {
        "errors_at_sigma_1": {
            "type": "list",
            "values": [
                {
                    "type": "tuple",
                    "values": [
                        0.007641313975919994,
                        0.00989052590049204
                    ]
                },
                {
                    "type": "tuple",
                    "values": [
                        0.032360850385069896,
                        0.01277640542971463
                    ]
                }
            ]
        },
        "max_log_likelihood_sample": {
            "type": "instance",
            "class_path": "autofit.non_linear.samples.sample.Sample",
            "arguments": {
                "log_likelihood": -18.004987837196122,
                "log_prior": 0.0,
                "weight": 0.0009882492876211238,
                "kwargs": {
                    "type": "dict",
                    "arguments": {
                        "ellipses.0.ell_comps.ell_comps_0": 0.10764597996106,
                        "ellipses.0.ell_comps.ell_comps_1": -0.04573820812938
                    }
                }
            }
        },
        "median_pdf_sample": {
            "type": "instance",
            "class_path": "autofit.non_linear.samples.sample.Sample",
            "arguments": {
                "log_likelihood": -18.004987837196122,
                "log_prior": 0.0,
                "weight": 0.0009882492876211238,
                "kwargs": {
                    "type": "dict",
                    "arguments": {
                        "ellipses.0.ell_comps.ell_comps_0": 0.10848327090785,
                        "ellipses.0.ell_comps.ell_comps_1": -0.0473031055883
                    }
                }
            }
        },
        "values_at_sigma_1": {
            "type": "list",
            "values": [
                {
                    "type": "tuple",
                    "values": [
                        0.10084195693193,
                        0.11837379680834204
                    ]
                },
                {
                    "type": "tuple",
                    "values": [
                        -0.0796639559733699,
                        -0.03452670015858537
                    ]
                }
            ]
        },
        "model": null,
        "errors_at_sigma_3": {
            "type": "list",
            "values": [
                {
                    "type": "tuple",
                    "values": [
                        0.06762395745482,
                        0.11601950215926023
                    ]
                },
                {
                    "type": "tuple",
                    "values": [
                        0.09521398866046604,
                        0.07742446169605174
                    ]
                }
            ]
        },
        "log_evidence": -25.64283545882227,
        "values_at_sigma_3": {
            "type": "list",
            "values": [
                {
                    "type": "tuple",
                    "values": [
                        0.04085931345303,
                        0.22450277306711022
                    ]
                },
                {
                    "type": "tuple",
                    "values": [
                        -0.14251709424876605,
                        0.03012135610775174
                    ]
                }
            ]
        }
    }
}