{
    "type": "instance",
    "class_path": "autofit.non_linear.samples.summary.SamplesSummary",
    "arguments": {
        "errors_at_sigma_1": {
            "type": "list",
            "values": [
                {
                    "type": "tuple",
                    "values": [
                        0.003973208518079974,
                        0.010927628803730605
                    ]
                },
                {
                    "type": "tuple",
                    "values": [
                        0.005468297213115245,
                        0.0041659709278100004
                    ]
                }
            ]
        },
        "model": null,
        "log_evidence": -87.63345090962311,
        "errors_at_sigma_3": {
            "type": "list",
            "values": [
                {
                    "type": "tuple",
                    "values": [
                        0.024861352783529966,
                        0.022094899697603726
                    ]
                },
                {
                    "type": "tuple",
                    "values": [
                        0.016501213893440003,
                        0.011923500025832937
                    ]
                }
            ]
        },
        "max_log_likelihood_sample": {
            "type": "instance",
            "class_path": "autofit.non_linear.samples.sample.Sample",
            "arguments": {
                "log_likelihood": -77.32093600852116,
                "log_prior": 0.0,
                "weight": 0.0009951903054511294,
                "kwargs": {
                    "type": "dict",
                    "arguments": {
                        "ellipses.0.ell_comps.ell_comps_0": -0.25339248311192,
                        "ellipses.0.ell_comps.ell_comps_1": -0.08390636409959
                    }
                }
            }
        },
        "values_at_sigma_1": {
            "type": "list",
            "values": [
                {
                    "type": "tuple",
                    "values": [
                        -0.268720905342,
                        -0.2538200680201894
                    ]
                },
                {
                    "type": "tuple",
                    "values": [
                        -0.09024580355701524,
                        -0.08061153541609
                    ]
                }
            ]
        },
        "median_pdf_sample": {
            "type": "instance",
            "class_path": "autofit.non_linear.samples.sample.Sample",
            "arguments": {
                "log_likelihood": -77.32093600852116,
                "log_prior": 0.0,
                "weight": 0.0009951903054511294,
                "kwargs": {
                    "type": "dict",
                    "arguments": {
                        "ellipses.0.ell_comps.ell_comps_0": -0.26474769682392,
                        "ellipses.0.ell_comps.ell_comps_1": -0.0847775063439
                    }
                }
            }
        },
        "values_at_sigma_3": {
            "type": "list",
            "values": [
                {
                    "type": "tuple",
                    "values": [
                        -0.28960904960745,
                        -0.2426527971263163
                    ]
                },
                {
                    "type": "tuple",
                    "values": [
                        -0.10127872023734,
                        -0.07285400631806706
                    ]
                }
            ]
        }
    }
}