{
    "type": "instance",
    "class_path": "autofit.non_linear.samples.summary.SamplesSummary",
    "arguments": {
        "max_log_likelihood_sample": {
            "type": "instance",
            "class_path": "autofit.non_linear.samples.sample.Sample",
            "arguments": {
                "log_likelihood": -16.089848022997536,
                "log_prior": 0.0,
                "weight": 0.0010226755632833828,
                "kwargs": {
                    "type": "dict",
                    "arguments": {
                        "ellipses.0.ell_comps.ell_comps_0": 0.01687766005943,
                        "ellipses.0.ell_comps.ell_comps_1": -0.10365921962151,
                        "multipoles.0.multipole_1.multipole_comps.multipole_comps_0": 0.00067169944282,
                        "multipoles.0.multipole_1.multipole_comps.multipole_comps_1": -0.00041033101429,
                        "multipoles.0.multipole_3.multipole_comps.multipole_comps_0": -0.0064163016624,
                        "multipoles.0.multipole_3.multipole_comps.multipole_comps_1": -0.00023783454647,
                        "multipoles.0.multipole_4.multipole_comps.multipole_comps_0": 0.01080806582898,
                        "multipoles.0.multipole_4.multipole_comps.multipole_comps_1": 0.00312516884207
                    }
                }
            }
        },
        "log_evidence": -42.37779653970373,
        "errors_at_sigma_3": {
            "type": "list",
            "values": [
                {
                    "type": "tuple",
                    "values": [
                        0.015272563555402442,
                        0.01538027827631
                    ]
                },
                {
                    "type": "tuple",
                    "values": [
                        0.013759380465264703,
                        0.021113313040996992
                    ]
                },
                {
                    "type": "tuple",
                    "values": [
                        0.016700955177068558,
                        0.015701409845268275
                    ]
                },
                {
                    "type": "tuple",
                    "values": [
                        0.018967593352509856,
                        0.0171254133804747
                    ]
                },
                {
                    "type": "tuple",
                    "values": [
                        0.016864486602408947,
                        0.017348237002804995
                    ]
                },
                {
                    "type": "tuple",
                    "values": [
                        0.016394350142136322,
                        0.014967982273219969
                    ]
                },
                {
                    "type": "tuple",
                    "values": [
                        0.020690056828642823,
                        0.01809428450702026
                    ]
                },
                {
                    "type": "tuple",
                    "values": [
                        0.020467055681705783,
                        0.018042267766484217
                    ]
                }
            ]
        },
        "values_at_sigma_1": {
            "type": "list",
            "values": [
                {
                    "type": "tuple",
                    "values": [
                        0.01443467402140071,
                        0.02410916389204
                    ]
                },
                {
                    "type": "tuple",
                    "values": [
                        -0.10723258109160803,
                        -0.09538381103744066
                    ]
                },
                {
                    "type": "tuple",
                    "values": [
                        -0.00680663744247,
                        0.004760851680765404
                    ]
                },
                {
                    "type": "tuple",
                    "values": [
                        -0.00469953911765,
                        0.006541276207630724
                    ]
                },
                {
                    "type": "tuple",
                    "values": [
                        -0.01562101794712,
                        -0.004120646393806188
                    ]
                },
                {
                    "type": "tuple",
                    "values": [
                        -0.0054762556406055315,
                        0.006615614878296868
                    ]
                },
                {
                    "type": "tuple",
                    "values": [
                        -0.0011072407229348999,
                        0.01223592146988
                    ]
                },
                {
                    "type": "tuple",
                    "values": [
                        -0.0022845131215294195,
                        0.00934794157041
                    ]
                }
            ]
        },
        "errors_at_sigma_1": {
            "type": "list",
            "values": [
                {
                    "type": "tuple",
                    "values": [
                        0.00443920343260929,
                        0.00523528643803
                    ]
                },
                {
                    "type": "tuple",
                    "values": [
                        0.00449980960516104,
                        0.007348960449006334
                    ]
                },
                {
                    "type": "tuple",
                    "values": [
                        0.005769758624888559,
                        0.005797730498346845
                    ]
                },
                {
                    "type": "tuple",
                    "values": [
                        0.0060605791824451345,
                        0.005180236142835589
                    ]
                },
                {
                    "type": "tuple",
                    "values": [
                        0.006875873232973704,
                        0.004624498320340108
                    ]
                },
                {
                    "type": "tuple",
                    "values": [
                        0.00577495493359802,
                        0.00631691558530438
                    ]
                },
                {
                    "type": "tuple",
                    "values": [
                        0.006652788565777722,
                        0.006690373627037178
                    ]
                },
                {
                    "type": "tuple",
                    "values": [
                        0.005519469125655204,
                        0.006112985566284215
                    ]
                }
            ]
        },
        "median_pdf_sample": {
            "type": "instance",
            "class_path": "autofit.non_linear.samples.sample.Sample",
            "arguments": {
                "log_likelihood": -16.089848022997536,
                "log_prior": 0.0,
                "weight": 0.0010226755632833828,
                "kwargs": {
                    "type": "dict",
                    "arguments": {
                        "ellipses.0.ell_comps.ell_comps_0": 0.01887387745401,
                        "ellipses.0.ell_comps.ell_comps_1": -0.102732771486447,
                        "multipoles.0.multipole_1.multipole_comps.multipole_comps_0": -0.0010368788175814407,
                        "multipoles.0.multipole_1.multipole_comps.multipole_comps_1": 0.0013610400647951347,
                        "multipoles.0.multipole_3.multipole_comps.multipole_comps_0": -0.008745144714146296,
                        "multipoles.0.multipole_3.multipole_comps.multipole_comps_1": 0.0002986992929924882,
                        "multipoles.0.multipole_4.multipole_comps.multipole_comps_0": 0.005545547842842822,
                        "multipoles.0.multipole_4.multipole_comps.multipole_comps_1": 0.003234956004125785
                    }
                }
            }
        },
        "model": null,
        "values_at_sigma_3": {
            "type": "list",
            "values": [
                {
                    "type": "tuple",
                    "values": [
                        0.003601313898607558,
                        0.03425415573032
                    ]
                },
                {
                    "type": "tuple",
                    "values": [
                        -0.1164921519517117,
                        -0.08161945844545
                    ]
                },
                {
                    "type": "tuple",
                    "values": [
                        -0.01773783399465,
                        0.014664531027686833
                    ]
                },
                {
                    "type": "tuple",
                    "values": [
                        -0.01760655328771472,
                        0.018486453445269835
                    ]
                },
                {
                    "type": "tuple",
                    "values": [
                        -0.02560963131655524,
                        0.008603092288658699
                    ]
                },
                {
                    "type": "tuple",
                    "values": [
                        -0.016095650849143835,
                        0.015266681566212456
                    ]
                },
                {
                    "type": "tuple",
                    "values": [
                        -0.0151445089858,
                        0.023639832349863082
                    ]
                },
                {
                    "type": "tuple",
                    "values": [
                        -0.01723209967758,
                        0.02127722377061
                    ]
                }
            ]
        }
    }
}