{
    "type": "instance",
    "class_path": "autofit.non_linear.samples.summary.SamplesSummary",
    "arguments": {
        "median_pdf_sample": {
            "type": "instance",
            "class_path": "autofit.non_linear.samples.sample.Sample",
            "arguments": {
                "log_likelihood": -33.94187052942727,
                "log_prior": 0.0,
                "weight": 0.000982015068546837,
                "kwargs": {
                    "type": "dict",
                    "arguments": {
                        "ellipses.0.ell_comps.ell_comps_0": -0.12897572117853298,
                        "ellipses.0.ell_comps.ell_comps_1": 0.022450540606422903
                    }
                }
            }
        },
        "errors_at_sigma_3": {
            "type": "list",
            "values": [
                {
                    "type": "tuple",
                    "values": [
                        0.008239504970337014,
                        0.005681106497371205
                    ]
                },
                {
                    "type": "tuple",
                    "values": [
                        0.008154762077662903,
                        0.008675050534977097
                    ]
                }
            ]
        },
        "model": null,
        "max_log_likelihood_sample": {
            "type": "instance",
            "class_path": "autofit.non_linear.samples.sample.Sample",
            "arguments": {
                "log_likelihood": -33.94187052942727,
                "log_prior": 0.0,
                "weight": 0.000982015068546837,
                "kwargs": {
                    "type": "dict",
                    "arguments": {
                        "ellipses.0.ell_comps.ell_comps_0": -0.12913885766181,
                        "ellipses.0.ell_comps.ell_comps_1": 0.02247290206159
                    }
                }
            }
        },
        "errors_at_sigma_1": {
            "type": "list",
            "values": [
                {
                    "type": "tuple",
                    "values": [
                        0.0023943612549274518,
                        0.001866813833482972
                    ]
                },
                {
                    "type": "tuple",
                    "values": [
                        0.0032093529526432026,
                        0.0034124335794770977
                    ]
                }
            ]
        },
        "values_at_sigma_3": {
            "type": "list",
            "values": [
                {
                    "type": "tuple",
                    "values": [
                        -0.13721522614887,
                        -0.12329461468116178
                    ]
                },
                {
                    "type": "tuple",
                    "values": [
                        0.01429577852876,
                        0.0311255911414
                    ]
                }
            ]
        },
        "values_at_sigma_1": {
            "type": "list",
            "values": [
                {
                    "type": "tuple",
                    "values": [
                        -0.13137008243346043,
                        -0.12710890734505
                    ]
                },
                {
                    "type": "tuple",
                    "values": [
                        0.0192411876537797,
                        0.0258629741859
                    ]
                }
            ]
        },
        "log_evidence": -44.185483293763404
    }
}