{
    "type": "instance",
    "class_path": "autofit.non_linear.samples.summary.SamplesSummary",
    "arguments": {
        "values_at_sigma_3": {
            "type": "list",
            "values": [
                {
                    "type": "tuple",
                    "values": [
                        0.08400776475116,
                        0.1349021342056685
                    ]
                },
                {
                    "type": "tuple",
                    "values": [
                        -0.14415063810799314,
                        -0.0900745699250839
                    ]
                }
            ]
        },
        "model": null,
        "median_pdf_sample": {
            "type": "instance",
            "class_path": "autofit.non_linear.samples.sample.Sample",
            "arguments": {
                "log_likelihood": -18.134358254944573,
                "log_prior": 0.0,
                "weight": 0.0009754334547499318,
                "kwargs": {
                    "type": "dict",
                    "arguments": {
                        "ellipses.0.ell_comps.ell_comps_0": 0.10843565009429,
                        "ellipses.0.ell_comps.ell_comps_1": -0.11196235363317697
                    }
                }
            }
        },
        "errors_at_sigma_1": {
            "type": "list",
            "values": [
                {
                    "type": "tuple",
                    "values": [
                        0.008632764733719656,
                        0.00900482069031
                    ]
                },
                {
                    "type": "tuple",
                    "values": [
                        0.010199882173713024,
                        0.007860928550359386
                    ]
                }
            ]
        },
        "max_log_likelihood_sample": {
            "type": "instance",
            "class_path": "autofit.non_linear.samples.sample.Sample",
            "arguments": {
                "log_likelihood": -18.134358254944573,
                "log_prior": 0.0,
                "weight": 0.0009754334547499318,
                "kwargs": {
                    "type": "dict",
                    "arguments": {
                        "ellipses.0.ell_comps.ell_comps_0": 0.10779519737409,
                        "ellipses.0.ell_comps.ell_comps_1": -0.10836352512062
                    }
                }
            }
        },
        "errors_at_sigma_3": {
            "type": "list",
            "values": [
                {
                    "type": "tuple",
                    "values": [
                        0.024427885343130007,
                        0.026466484111378488
                    ]
                },
                {
                    "type": "tuple",
                    "values": [
                        0.03218828447481617,
                        0.021887783708093064
                    ]
                }
            ]
        },
        "values_at_sigma_1": {
            "type": "list",
            "values": [
                {
                    "type": "tuple",
                    "values": [
                        0.09980288536057035,
                        0.1174404707846
                    ]
                },
                {
                    "type": "tuple",
                    "values": [
                        -0.12216223580689,
                        -0.10410142508281758
                    ]
                }
            ]
        },
        "log_evidence": -26.51268642720747
    }
}