{
    "type": "instance",
    "class_path": "autofit.non_linear.samples.summary.SamplesSummary",
    "arguments": {
        "errors_at_sigma_1": {
            "type": "list",
            "values": [
                {
                    "type": "tuple",
                    "values": [
                        0.0015268489190165546,
                        0.0009595280511850435
                    ]
                },
                {
                    "type": "tuple",
                    "values": [
                        0.0015678004226544195,
                        0.0010630122417706472
                    ]
                }
            ]
        },
        "model": null,
        "log_evidence": -117.91739053971064,
        "errors_at_sigma_3": {
            "type": "list",
            "values": [
                {
                    "type": "tuple",
                    "values": [
                        0.004033527236814438,
                        0.003847932282015132
                    ]
                },
                {
                    "type": "tuple",
                    "values": [
                        0.004672619201010003,
                        0.004595607166841528
                    ]
                }
            ]
        },
        "max_log_likelihood_sample": {
            "type": "instance",
            "class_path": "autofit.non_linear.samples.sample.Sample",
            "arguments": {
                "log_likelihood": -106.9602035078637,
                "log_prior": 0.0,
                "weight": 0.0009716881366274079,
                "kwargs": {
                    "type": "dict",
                    "arguments": {
                        "ellipses.0.ell_comps.ell_comps_0": -0.29558486047019,
                        "ellipses.0.ell_comps.ell_comps_1": -0.06850645562583
                    }
                }
            }
        },
        "values_at_sigma_1": {
            "type": "list",
            "values": [
                {
                    "type": "tuple",
                    "values": [
                        -0.29712549473801,
                        -0.2946391177678084
                    ]
                },
                {
                    "type": "tuple",
                    "values": [
                        -0.06999139638583442,
                        -0.06736058372140935
                    ]
                }
            ]
        },
        "median_pdf_sample": {
            "type": "instance",
            "class_path": "autofit.non_linear.samples.sample.Sample",
            "arguments": {
                "log_likelihood": -106.9602035078637,
                "log_prior": 0.0,
                "weight": 0.0009716881366274079,
                "kwargs": {
                    "type": "dict",
                    "arguments": {
                        "ellipses.0.ell_comps.ell_comps_0": -0.2955986458189934,
                        "ellipses.0.ell_comps.ell_comps_1": -0.06842359596318
                    }
                }
            }
        },
        "values_at_sigma_3": {
            "type": "list",
            "values": [
                {
                    "type": "tuple",
                    "values": [
                        -0.29963217305580786,
                        -0.2917507135369783
                    ]
                },
                {
                    "type": "tuple",
                    "values": [
                        -0.07309621516419,
                        -0.06382798879633847
                    ]
                }
            ]
        }
    }
}