{
    "type": "instance",
    "class_path": "autofit.non_linear.samples.summary.SamplesSummary",
    "arguments": {
        "model": null,
        "errors_at_sigma_1": {
            "type": "list",
            "values": [
                {
                    "type": "tuple",
                    "values": [
                        0.00407069340713645,
                        0.003382169820053557
                    ]
                },
                {
                    "type": "tuple",
                    "values": [
                        0.004871696800497309,
                        0.004691343163818577
                    ]
                },
                {
                    "type": "tuple",
                    "values": [
                        0.018822127661400002,
                        0.02392311263897356
                    ]
                },
                {
                    "type": "tuple",
                    "values": [
                        0.016961990863997148,
                        0.016498572945042853
                    ]
                },
                {
                    "type": "tuple",
                    "values": [
                        0.017324522506749998,
                        0.016017359951511684
                    ]
                },
                {
                    "type": "tuple",
                    "values": [
                        0.024635236341872164,
                        0.018166293089479937
                    ]
                },
                {
                    "type": "tuple",
                    "values": [
                        0.018459674428577322,
                        0.019219231407572573
                    ]
                },
                {
                    "type": "tuple",
                    "values": [
                        0.021144696008007294,
                        0.013274436557153255
                    ]
                }
            ]
        },
        "median_pdf_sample": {
            "type": "instance",
            "class_path": "autofit.non_linear.samples.sample.Sample",
            "arguments": {
                "log_likelihood": -37.71655982815135,
                "log_prior": 0.0,
                "weight": 0.0009740964235402531,
                "kwargs": {
                    "type": "dict",
                    "arguments": {
                        "ellipses.0.ell_comps.ell_comps_0": -0.08839161620864355,
                        "ellipses.0.ell_comps.ell_comps_1": 0.05506151503633038,
                        "multipoles.0.multipole_1.multipole_comps.multipole_comps_0": -0.00317962904059,
                        "multipoles.0.multipole_1.multipole_comps.multipole_comps_1": 0.010912937738127147,
                        "multipoles.0.multipole_3.multipole_comps.multipole_comps_0": 0.01250377688701,
                        "multipoles.0.multipole_3.multipole_comps.multipole_comps_1": 0.043996966742780065,
                        "multipoles.0.multipole_4.multipole_comps.multipole_comps_0": -0.016463461211412574,
                        "multipoles.0.multipole_4.multipole_comps.multipole_comps_1": 0.016108618926366745
                    }
                }
            }
        },
        "errors_at_sigma_3": {
            "type": "list",
            "values": [
                {
                    "type": "tuple",
                    "values": [
                        0.014238852371356442,
                        0.019702165992543555
                    ]
                },
                {
                    "type": "tuple",
                    "values": [
                        0.023449274136549306,
                        0.012855551267279615
                    ]
                },
                {
                    "type": "tuple",
                    "values": [
                        0.05294933403228,
                        0.08047334232301712
                    ]
                },
                {
                    "type": "tuple",
                    "values": [
                        0.05382889708796715,
                        0.05358366151412939
                    ]
                },
                {
                    "type": "tuple",
                    "values": [
                        0.08082005962498881,
                        0.059124463625
                    ]
                },
                {
                    "type": "tuple",
                    "values": [
                        0.07546772571410577,
                        0.04814737772628993
                    ]
                },
                {
                    "type": "tuple",
                    "values": [
                        0.04358531635717152,
                        0.08321890277935257
                    ]
                },
                {
                    "type": "tuple",
                    "values": [
                        0.07259466261924738,
                        0.045207042551383254
                    ]
                }
            ]
        },
        "log_evidence": -59.85006628128468,
        "max_log_likelihood_sample": {
            "type": "instance",
            "class_path": "autofit.non_linear.samples.sample.Sample",
            "arguments": {
                "log_likelihood": -37.71655982815135,
                "log_prior": 0.0,
                "weight": 0.0009740964235402531,
                "kwargs": {
                    "type": "dict",
                    "arguments": {
                        "ellipses.0.ell_comps.ell_comps_0": -0.08893550800259,
                        "ellipses.0.ell_comps.ell_comps_1": 0.05754692885616,
                        "multipoles.0.multipole_1.multipole_comps.multipole_comps_0": -0.00277464029224,
                        "multipoles.0.multipole_1.multipole_comps.multipole_comps_1": 0.00927766067093,
                        "multipoles.0.multipole_3.multipole_comps.multipole_comps_0": 0.01922486254178,
                        "multipoles.0.multipole_3.multipole_comps.multipole_comps_1": 0.04547989126637,
                        "multipoles.0.multipole_4.multipole_comps.multipole_comps_0": -0.04525435831641,
                        "multipoles.0.multipole_4.multipole_comps.multipole_comps_1": 0.01420153054325
                    }
                }
            }
        },
        "values_at_sigma_3": {
            "type": "list",
            "values": [
                {
                    "type": "tuple",
                    "values": [
                        -0.10263046858,
                        -0.0686894502161
                    ]
                },
                {
                    "type": "tuple",
                    "values": [
                        0.031612240899781076,
                        0.06791706630361
                    ]
                },
                {
                    "type": "tuple",
                    "values": [
                        -0.05612896307287,
                        0.07729371328242711
                    ]
                },
                {
                    "type": "tuple",
                    "values": [
                        -0.04291595934984,
                        0.06449659925225654
                    ]
                },
                {
                    "type": "tuple",
                    "values": [
                        -0.06831628273797881,
                        0.07162824051201
                    ]
                },
                {
                    "type": "tuple",
                    "values": [
                        -0.03147075897132571,
                        0.09214434446907
                    ]
                },
                {
                    "type": "tuple",
                    "values": [
                        -0.060048777568584094,
                        0.06675544156794
                    ]
                },
                {
                    "type": "tuple",
                    "values": [
                        -0.05648604369288063,
                        0.06131566147775
                    ]
                }
            ]
        },
        "values_at_sigma_1": {
            "type": "list",
            "values": [
                {
                    "type": "tuple",
                    "values": [
                        -0.09246230961578,
                        -0.08500944638859
                    ]
                },
                {
                    "type": "tuple",
                    "values": [
                        0.05018981823583307,
                        0.05975285820014896
                    ]
                },
                {
                    "type": "tuple",
                    "values": [
                        -0.02200175670199,
                        0.02074348359838356
                    ]
                },
                {
                    "type": "tuple",
                    "values": [
                        -0.00604905312587,
                        0.02741151068317
                    ]
                },
                {
                    "type": "tuple",
                    "values": [
                        -0.00482074561974,
                        0.02852113683852168
                    ]
                },
                {
                    "type": "tuple",
                    "values": [
                        0.0193617304009079,
                        0.06216325983226
                    ]
                },
                {
                    "type": "tuple",
                    "values": [
                        -0.034923135639989895,
                        0.00275577019616
                    ]
                },
                {
                    "type": "tuple",
                    "values": [
                        -0.005036077081640549,
                        0.02938305548352
                    ]
                }
            ]
        }
    }
}