{
    "type": "instance",
    "class_path": "autofit.non_linear.samples.summary.SamplesSummary",
    "arguments": {
        "errors_at_sigma_3": {
            "type": "list",
            "values": [
                {
                    "type": "tuple",
                    "values": [
                        0.036579273080059996,
                        0.010445594174696184
                    ]
                },
                {
                    "type": "tuple",
                    "values": [
                        0.006880420213792718,
                        0.02651490978262727
                    ]
                },
                {
                    "type": "tuple",
                    "values": [
                        0.07074045990457595,
                        0.042229991626987325
                    ]
                },
                {
                    "type": "tuple",
                    "values": [
                        0.055527378421483274,
                        0.05581228968826971
                    ]
                },
                {
                    "type": "tuple",
                    "values": [
                        0.0725902793557656,
                        0.042443046881558484
                    ]
                },
                {
                    "type": "tuple",
                    "values": [
                        0.08548915958787351,
                        0.03628465158237064
                    ]
                }
            ]
        },
        "errors_at_sigma_1": {
            "type": "list",
            "values": [
                {
                    "type": "tuple",
                    "values": [
                        0.002393070559004378,
                        0.0026834409870300016
                    ]
                },
                {
                    "type": "tuple",
                    "values": [
                        0.002185364352370281,
                        0.0019727276617392403
                    ]
                },
                {
                    "type": "tuple",
                    "values": [
                        0.015145455426865857,
                        0.01308856293855859
                    ]
                },
                {
                    "type": "tuple",
                    "values": [
                        0.01183486083131029,
                        0.014941915112769707
                    ]
                },
                {
                    "type": "tuple",
                    "values": [
                        0.012203951346404224,
                        0.012826532451604407
                    ]
                },
                {
                    "type": "tuple",
                    "values": [
                        0.016258247483749357,
                        0.013566247636577974
                    ]
                }
            ]
        },
        "values_at_sigma_3": {
            "type": "list",
            "values": [
                {
                    "type": "tuple",
                    "values": [
                        -0.00994142348954,
                        0.03708344376521618
                    ]
                },
                {
                    "type": "tuple",
                    "values": [
                        -0.11450770815742,
                        -0.081112378161
                    ]
                },
                {
                    "type": "tuple",
                    "values": [
                        -0.038271334441863265,
                        0.0746991170897
                    ]
                },
                {
                    "type": "tuple",
                    "values": [
                        -0.050995197395292985,
                        0.06034447071446
                    ]
                },
                {
                    "type": "tuple",
                    "values": [
                        -0.07280561168964,
                        0.04222771454768408
                    ]
                },
                {
                    "type": "tuple",
                    "values": [
                        -0.022633865710684157,
                        0.09913994545956
                    ]
                }
            ]
        },
        "values_at_sigma_1": {
            "type": "list",
            "values": [
                {
                    "type": "tuple",
                    "values": [
                        0.02424477903151562,
                        0.02932129057755
                    ]
                },
                {
                    "type": "tuple",
                    "values": [
                        -0.10981265229599756,
                        -0.10565456028188804
                    ]
                },
                {
                    "type": "tuple",
                    "values": [
                        0.017323670035846825,
                        0.04555768840127127
                    ]
                },
                {
                    "type": "tuple",
                    "values": [
                        -0.00730267980512,
                        0.01947409613896
                    ]
                },
                {
                    "type": "tuple",
                    "values": [
                        -0.01241928368027863,
                        0.01261120011773
                    ]
                },
                {
                    "type": "tuple",
                    "values": [
                        0.04659704639344,
                        0.07642154151376733
                    ]
                }
            ]
        },
        "log_evidence": -52.149234458746534,
        "median_pdf_sample": {
            "type": "instance",
            "class_path": "autofit.non_linear.samples.sample.Sample",
            "arguments": {
                "log_likelihood": -34.67674172327553,
                "log_prior": 0.0,
                "weight": 0.0009921650100128314,
                "kwargs": {
                    "type": "dict",
                    "arguments": {
                        "ellipses.0.ell_comps.ell_comps_0": 0.02663784959052,
                        "ellipses.0.ell_comps.ell_comps_1": -0.10762728794362728,
                        "multipoles.0.multipole_3.multipole_comps.multipole_comps_0": 0.03246912546271268,
                        "multipoles.0.multipole_3.multipole_comps.multipole_comps_1": 0.004532181026190292,
                        "multipoles.0.multipole_4.multipole_comps.multipole_comps_0": -0.00021533233387440522,
                        "multipoles.0.multipole_4.multipole_comps.multipole_comps_1": 0.06285529387718936
                    }
                }
            }
        },
        "max_log_likelihood_sample": {
            "type": "instance",
            "class_path": "autofit.non_linear.samples.sample.Sample",
            "arguments": {
                "log_likelihood": -34.67674172327553,
                "log_prior": 0.0,
                "weight": 0.0009921650100128314,
                "kwargs": {
                    "type": "dict",
                    "arguments": {
                        "ellipses.0.ell_comps.ell_comps_0": 0.02517556231621,
                        "ellipses.0.ell_comps.ell_comps_1": -0.1076046206167,
                        "multipoles.0.multipole_3.multipole_comps.multipole_comps_0": 0.03549417974904,
                        "multipoles.0.multipole_3.multipole_comps.multipole_comps_1": 0.00375725243136,
                        "multipoles.0.multipole_4.multipole_comps.multipole_comps_0": -0.00760863206465,
                        "multipoles.0.multipole_4.multipole_comps.multipole_comps_1": 0.06333838848287
                    }
                }
            }
        },
        "model": null
    }
}