{
    "type": "instance",
    "class_path": "autofit.non_linear.samples.summary.SamplesSummary",
    "arguments": {
        "values_at_sigma_1": {
            "type": "list",
            "values": [
                {
                    "type": "tuple",
                    "values": [
                        -0.14402582664569255,
                        -0.13609510247982
                    ]
                },
                {
                    "type": "tuple",
                    "values": [
                        0.12262048165874,
                        0.12845434545863407
                    ]
                },
                {
                    "type": "tuple",
                    "values": [
                        -0.00254741709569,
                        0.013040805964188752
                    ]
                },
                {
                    "type": "tuple",
                    "values": [
                        -0.010589708869811688,
                        0.00727944459654
                    ]
                },
                {
                    "type": "tuple",
                    "values": [
                        -0.02942123300459303,
                        -0.010434320952171033
                    ]
                },
                {
                    "type": "tuple",
                    "values": [
                        -0.006375099228221521,
                        0.012852154026512087
                    ]
                }
            ]
        },
        "median_pdf_sample": {
            "type": "instance",
            "class_path": "autofit.non_linear.samples.sample.Sample",
            "arguments": {
                "log_likelihood": -27.853883362912214,
                "log_prior": 0.0,
                "weight": 0.0010275143127893077,
                "kwargs": {
                    "type": "dict",
                    "arguments": {
                        "ellipses.0.ell_comps.ell_comps_0": -0.14068780206313,
                        "ellipses.0.ell_comps.ell_comps_1": 0.12556646600998564,
                        "multipoles.0.multipole_3.multipole_comps.multipole_comps_0": 0.0052623170372896036,
                        "multipoles.0.multipole_3.multipole_comps.multipole_comps_1": -0.0025361206139678264,
                        "multipoles.0.multipole_4.multipole_comps.multipole_comps_0": -0.02078709092223,
                        "multipoles.0.multipole_4.multipole_comps.multipole_comps_1": 0.0036731835138667083
                    }
                }
            }
        },
        "max_log_likelihood_sample": {
            "type": "instance",
            "class_path": "autofit.non_linear.samples.sample.Sample",
            "arguments": {
                "log_likelihood": -27.853883362912214,
                "log_prior": 0.0,
                "weight": 0.0010275143127893077,
                "kwargs": {
                    "type": "dict",
                    "arguments": {
                        "ellipses.0.ell_comps.ell_comps_0": -0.13981212080288,
                        "ellipses.0.ell_comps.ell_comps_1": 0.12733074351618,
                        "multipoles.0.multipole_3.multipole_comps.multipole_comps_0": 0.00448279067766,
                        "multipoles.0.multipole_3.multipole_comps.multipole_comps_1": -0.00706632299952,
                        "multipoles.0.multipole_4.multipole_comps.multipole_comps_0": -0.01939626898224,
                        "multipoles.0.multipole_4.multipole_comps.multipole_comps_1": 0.0033174645703
                    }
                }
            }
        },
        "model": null,
        "errors_at_sigma_3": {
            "type": "list",
            "values": [
                {
                    "type": "tuple",
                    "values": [
                        0.008497149239671153,
                        0.011560183134316393
                    ]
                },
                {
                    "type": "tuple",
                    "values": [
                        0.011529111011315638,
                        0.008968071378869319
                    ]
                },
                {
                    "type": "tuple",
                    "values": [
                        0.021386330745979603,
                        0.02233240032272324
                    ]
                },
                {
                    "type": "tuple",
                    "values": [
                        0.02252652407387217,
                        0.03596804170724782
                    ]
                },
                {
                    "type": "tuple",
                    "values": [
                        0.02539991559007,
                        0.033543378511689995
                    ]
                },
                {
                    "type": "tuple",
                    "values": [
                        0.02998208550300671,
                        0.02419769515826548
                    ]
                }
            ]
        },
        "log_evidence": -46.76566441959405,
        "values_at_sigma_3": {
            "type": "list",
            "values": [
                {
                    "type": "tuple",
                    "values": [
                        -0.14918495130280116,
                        -0.1291276189288136
                    ]
                },
                {
                    "type": "tuple",
                    "values": [
                        0.11403735499867,
                        0.13453453738885496
                    ]
                },
                {
                    "type": "tuple",
                    "values": [
                        -0.01612401370869,
                        0.027594717360012844
                    ]
                },
                {
                    "type": "tuple",
                    "values": [
                        -0.02506264468784,
                        0.03343192109328
                    ]
                },
                {
                    "type": "tuple",
                    "values": [
                        -0.0461870065123,
                        0.01275628758946
                    ]
                },
                {
                    "type": "tuple",
                    "values": [
                        -0.02630890198914,
                        0.02787087867213219
                    ]
                }
            ]
        },
        "errors_at_sigma_1": {
            "type": "list",
            "values": [
                {
                    "type": "tuple",
                    "values": [
                        0.0033380245825625487,
                        0.004592699583309989
                    ]
                },
                {
                    "type": "tuple",
                    "values": [
                        0.0029459843512456424,
                        0.002887879448648434
                    ]
                },
                {
                    "type": "tuple",
                    "values": [
                        0.0078097341329796035,
                        0.007778488926899149
                    ]
                },
                {
                    "type": "tuple",
                    "values": [
                        0.00805358825584386,
                        0.009815565210507827
                    ]
                },
                {
                    "type": "tuple",
                    "values": [
                        0.00863414208236303,
                        0.010352769970058965
                    ]
                },
                {
                    "type": "tuple",
                    "values": [
                        0.01004828274208823,
                        0.009178970512645379
                    ]
                }
            ]
        }
    }
}