{
    "type": "instance",
    "class_path": "autofit.non_linear.samples.summary.SamplesSummary",
    "arguments": {
        "max_log_likelihood_sample": {
            "type": "instance",
            "class_path": "autofit.non_linear.samples.sample.Sample",
            "arguments": {
                "log_likelihood": -46.62150737247384,
                "log_prior": 0.0,
                "weight": 0.000999026465849023,
                "kwargs": {
                    "type": "dict",
                    "arguments": {
                        "ellipses.0.ell_comps.ell_comps_0": 0.04355371550524,
                        "ellipses.0.ell_comps.ell_comps_1": 0.07197230486861
                    }
                }
            }
        },
        "errors_at_sigma_1": {
            "type": "list",
            "values": [
                {
                    "type": "tuple",
                    "values": [
                        0.009609967514626762,
                        0.009165309961050395
                    ]
                },
                {
                    "type": "tuple",
                    "values": [
                        0.00688661315700239,
                        0.016969735836399998
                    ]
                }
            ]
        },
        "errors_at_sigma_3": {
            "type": "list",
            "values": [
                {
                    "type": "tuple",
                    "values": [
                        0.02360449110694676,
                        0.017542504113586092
                    ]
                },
                {
                    "type": "tuple",
                    "values": [
                        0.020507372519013523,
                        0.02295801979920995
                    ]
                }
            ]
        },
        "model": null,
        "median_pdf_sample": {
            "type": "instance",
            "class_path": "autofit.non_linear.samples.sample.Sample",
            "arguments": {
                "log_likelihood": -46.62150737247384,
                "log_prior": 0.0,
                "weight": 0.000999026465849023,
                "kwargs": {
                    "type": "dict",
                    "arguments": {
                        "ellipses.0.ell_comps.ell_comps_0": 0.04271940553990676,
                        "ellipses.0.ell_comps.ell_comps_1": 0.05544484530675
                    }
                }
            }
        },
        "log_evidence": -55.93023391413148,
        "values_at_sigma_1": {
            "type": "list",
            "values": [
                {
                    "type": "tuple",
                    "values": [
                        0.03310943802528,
                        0.051884715500957156
                    ]
                },
                {
                    "type": "tuple",
                    "values": [
                        0.04855823214974761,
                        0.07241458114315
                    ]
                }
            ]
        },
        "values_at_sigma_3": {
            "type": "list",
            "values": [
                {
                    "type": "tuple",
                    "values": [
                        0.01911491443296,
                        0.06026190965349285
                    ]
                },
                {
                    "type": "tuple",
                    "values": [
                        0.03493747278773648,
                        0.07840286510595995
                    ]
                }
            ]
        }
    }
}