{
    "type": "instance",
    "class_path": "autofit.non_linear.samples.summary.SamplesSummary",
    "arguments": {
        "errors_at_sigma_3": {
            "type": "list",
            "values": [
                {
                    "type": "tuple",
                    "values": [
                        0.012322453615135454,
                        0.013074916644215256
                    ]
                },
                {
                    "type": "tuple",
                    "values": [
                        0.011797097113942553,
                        0.022879998593130002
                    ]
                },
                {
                    "type": "tuple",
                    "values": [
                        0.06583374963522075,
                        0.06659034981630535
                    ]
                },
                {
                    "type": "tuple",
                    "values": [
                        0.0493483204655521,
                        0.028402378889967314
                    ]
                },
                {
                    "type": "tuple",
                    "values": [
                        0.06081085614064134,
                        0.04965215298161
                    ]
                },
                {
                    "type": "tuple",
                    "values": [
                        0.046047971066907965,
                        0.03971590534211737
                    ]
                },
                {
                    "type": "tuple",
                    "values": [
                        0.0522785600488,
                        0.04880059038153
                    ]
                },
                {
                    "type": "tuple",
                    "values": [
                        0.03628087725408734,
                        0.040674295984122665
                    ]
                }
            ]
        },
        "model": null,
        "max_log_likelihood_sample": {
            "type": "instance",
            "class_path": "autofit.non_linear.samples.sample.Sample",
            "arguments": {
                "log_likelihood": -28.89346917018178,
                "log_prior": 0.0,
                "weight": 0.000970875920181977,
                "kwargs": {
                    "type": "dict",
                    "arguments": {
                        "ellipses.0.ell_comps.ell_comps_0": -0.22883783723756,
                        "ellipses.0.ell_comps.ell_comps_1": -0.00695770487356,
                        "multipoles.0.multipole_1.multipole_comps.multipole_comps_0": 0.02354648620316,
                        "multipoles.0.multipole_1.multipole_comps.multipole_comps_1": 0.01261681506421,
                        "multipoles.0.multipole_3.multipole_comps.multipole_comps_0": 0.00208165040259,
                        "multipoles.0.multipole_3.multipole_comps.multipole_comps_1": 0.01311042998635,
                        "multipoles.0.multipole_4.multipole_comps.multipole_comps_0": -0.02082941528112,
                        "multipoles.0.multipole_4.multipole_comps.multipole_comps_1": 0.00088604062507
                    }
                }
            }
        },
        "log_evidence": -50.132435803020584,
        "median_pdf_sample": {
            "type": "instance",
            "class_path": "autofit.non_linear.samples.sample.Sample",
            "arguments": {
                "log_likelihood": -28.89346917018178,
                "log_prior": 0.0,
                "weight": 0.000970875920181977,
                "kwargs": {
                    "type": "dict",
                    "arguments": {
                        "ellipses.0.ell_comps.ell_comps_0": -0.23139001789627525,
                        "ellipses.0.ell_comps.ell_comps_1": -0.00038273967068,
                        "multipoles.0.multipole_1.multipole_comps.multipole_comps_0": -0.00513526349214187,
                        "multipoles.0.multipole_1.multipole_comps.multipole_comps_1": 0.007728496235362098,
                        "multipoles.0.multipole_3.multipole_comps.multipole_comps_0": -0.00362326365766,
                        "multipoles.0.multipole_3.multipole_comps.multipole_comps_1": 0.005877048170232631,
                        "multipoles.0.multipole_4.multipole_comps.multipole_comps_0": -0.03145545538716,
                        "multipoles.0.multipole_4.multipole_comps.multipole_comps_1": 0.010165875448557337
                    }
                }
            }
        },
        "values_at_sigma_1": {
            "type": "list",
            "values": [
                {
                    "type": "tuple",
                    "values": [
                        -0.23411948175361,
                        -0.22811835168651529
                    ]
                },
                {
                    "type": "tuple",
                    "values": [
                        -0.006791657480789028,
                        0.00754130562112
                    ]
                },
                {
                    "type": "tuple",
                    "values": [
                        -0.03840951601569,
                        0.03255433970888427
                    ]
                },
                {
                    "type": "tuple",
                    "values": [
                        -0.006167271720573182,
                        0.01864663671308638
                    ]
                },
                {
                    "type": "tuple",
                    "values": [
                        -0.017679281691639317,
                        0.01115872922693
                    ]
                },
                {
                    "type": "tuple",
                    "values": [
                        -0.008528102287741535,
                        0.0201694153294024
                    ]
                },
                {
                    "type": "tuple",
                    "values": [
                        -0.04738507177119,
                        -0.0169775717073378
                    ]
                },
                {
                    "type": "tuple",
                    "values": [
                        0.00023962896227883672,
                        0.02358446942094
                    ]
                }
            ]
        },
        "values_at_sigma_3": {
            "type": "list",
            "values": [
                {
                    "type": "tuple",
                    "values": [
                        -0.2437124715114107,
                        -0.21831510125206
                    ]
                },
                {
                    "type": "tuple",
                    "values": [
                        -0.012179836784622552,
                        0.02249725892245
                    ]
                },
                {
                    "type": "tuple",
                    "values": [
                        -0.07096901312736262,
                        0.06145508632416349
                    ]
                },
                {
                    "type": "tuple",
                    "values": [
                        -0.04161982423019,
                        0.03613087512532941
                    ]
                },
                {
                    "type": "tuple",
                    "values": [
                        -0.06443411979830134,
                        0.04602888932395
                    ]
                },
                {
                    "type": "tuple",
                    "values": [
                        -0.040170922896675336,
                        0.04559295351235
                    ]
                },
                {
                    "type": "tuple",
                    "values": [
                        -0.08373401543596,
                        0.01734513499437
                    ]
                },
                {
                    "type": "tuple",
                    "values": [
                        -0.02611500180553,
                        0.05084017143268
                    ]
                }
            ]
        },
        "errors_at_sigma_1": {
            "type": "list",
            "values": [
                {
                    "type": "tuple",
                    "values": [
                        0.0027294638573347463,
                        0.003271666209759966
                    ]
                },
                {
                    "type": "tuple",
                    "values": [
                        0.006408917810109028,
                        0.0079240452918
                    ]
                },
                {
                    "type": "tuple",
                    "values": [
                        0.03327425252354813,
                        0.03768960320102614
                    ]
                },
                {
                    "type": "tuple",
                    "values": [
                        0.01389576795593528,
                        0.01091814047772428
                    ]
                },
                {
                    "type": "tuple",
                    "values": [
                        0.014056018033979316,
                        0.01478199288459
                    ]
                },
                {
                    "type": "tuple",
                    "values": [
                        0.014405150457974166,
                        0.01429236715916977
                    ]
                },
                {
                    "type": "tuple",
                    "values": [
                        0.015929616384030003,
                        0.014477883679822199
                    ]
                },
                {
                    "type": "tuple",
                    "values": [
                        0.0099262464862785,
                        0.013418593972382662
                    ]
                }
            ]
        }
    }
}