{
    "type": "instance",
    "class_path": "autofit.non_linear.samples.summary.SamplesSummary",
    "arguments": {
        "errors_at_sigma_1": {
            "type": "list",
            "values": [
                {
                    "type": "tuple",
                    "values": [
                        0.004797490308196484,
                        0.005466751703323086
                    ]
                },
                {
                    "type": "tuple",
                    "values": [
                        0.004916508657714119,
                        0.005016509535392108
                    ]
                },
                {
                    "type": "tuple",
                    "values": [
                        0.0013444774358234348,
                        0.001468391809816565
                    ]
                },
                {
                    "type": "tuple",
                    "values": [
                        0.0014720588502516378,
                        0.0015527578818100001
                    ]
                },
                {
                    "type": "tuple",
                    "values": [
                        0.0012619906504439486,
                        0.00125243940760042
                    ]
                },
                {
                    "type": "tuple",
                    "values": [
                        0.0014690204119354306,
                        0.0015100313372166357
                    ]
                },
                {
                    "type": "tuple",
                    "values": [
                        0.00149087282626,
                        0.0013887750618532101
                    ]
                },
                {
                    "type": "tuple",
                    "values": [
                        0.0012956383910138853,
                        0.0016451578028006863
                    ]
                }
            ]
        },
        "max_log_likelihood_sample": {
            "type": "instance",
            "class_path": "autofit.non_linear.samples.sample.Sample",
            "arguments": {
                "log_likelihood": -2.2505166892086863,
                "log_prior": 0.0,
                "weight": 0.0010379364729936143,
                "kwargs": {
                    "type": "dict",
                    "arguments": {
                        "ellipses.0.ell_comps.ell_comps_0": 0.08397776352171,
                        "ellipses.0.ell_comps.ell_comps_1": -0.08971715095439,
                        "multipoles.0.multipole_1.multipole_comps.multipole_comps_0": -0.00046921733404,
                        "multipoles.0.multipole_1.multipole_comps.multipole_comps_1": -0.00187839148725,
                        "multipoles.0.multipole_3.multipole_comps.multipole_comps_0": -0.0016301486597,
                        "multipoles.0.multipole_3.multipole_comps.multipole_comps_1": 0.00031991126896,
                        "multipoles.0.multipole_4.multipole_comps.multipole_comps_0": -0.00029606204348,
                        "multipoles.0.multipole_4.multipole_comps.multipole_comps_1": 0.00090159552682
                    }
                }
            }
        },
        "model": null,
        "values_at_sigma_1": {
            "type": "list",
            "values": [
                {
                    "type": "tuple",
                    "values": [
                        0.07732702219291351,
                        0.08759126420443308
                    ]
                },
                {
                    "type": "tuple",
                    "values": [
                        -0.09447877096431412,
                        -0.08454575277120789
                    ]
                },
                {
                    "type": "tuple",
                    "values": [
                        -0.00126555891763,
                        0.00154731032801
                    ]
                },
                {
                    "type": "tuple",
                    "values": [
                        -0.003563681444891638,
                        -0.00053886471283
                    ]
                },
                {
                    "type": "tuple",
                    "values": [
                        -0.002680954134425077,
                        -0.00016652407638070862
                    ]
                },
                {
                    "type": "tuple",
                    "values": [
                        -0.0012953637415620662,
                        0.00168368800759
                    ]
                },
                {
                    "type": "tuple",
                    "values": [
                        -0.00174796964153,
                        0.0011316782465832101
                    ]
                },
                {
                    "type": "tuple",
                    "values": [
                        -0.00033816501281,
                        0.002602631181004572
                    ]
                }
            ]
        },
        "median_pdf_sample": {
            "type": "instance",
            "class_path": "autofit.non_linear.samples.sample.Sample",
            "arguments": {
                "log_likelihood": -2.2505166892086863,
                "log_prior": 0.0,
                "weight": 0.0010379364729936143,
                "kwargs": {
                    "type": "dict",
                    "arguments": {
                        "ellipses.0.ell_comps.ell_comps_0": 0.08212451250111,
                        "ellipses.0.ell_comps.ell_comps_1": -0.0895622623066,
                        "multipoles.0.multipole_1.multipole_comps.multipole_comps_0": 7.891851819343493e-05,
                        "multipoles.0.multipole_1.multipole_comps.multipole_comps_1": -0.00209162259464,
                        "multipoles.0.multipole_3.multipole_comps.multipole_comps_0": -0.0014189634839811285,
                        "multipoles.0.multipole_3.multipole_comps.multipole_comps_1": 0.0001736566703733644,
                        "multipoles.0.multipole_4.multipole_comps.multipole_comps_0": -0.00025709681527,
                        "multipoles.0.multipole_4.multipole_comps.multipole_comps_1": 0.0009574733782038854
                    }
                }
            }
        },
        "values_at_sigma_3": {
            "type": "list",
            "values": [
                {
                    "type": "tuple",
                    "values": [
                        0.0678442662384241,
                        0.098232810377
                    ]
                },
                {
                    "type": "tuple",
                    "values": [
                        -0.10486102508644968,
                        -0.07460857884005574
                    ]
                },
                {
                    "type": "tuple",
                    "values": [
                        -0.00418427010511558,
                        0.0041261423750415
                    ]
                },
                {
                    "type": "tuple",
                    "values": [
                        -0.006269506198793486,
                        0.001893348859084985
                    ]
                },
                {
                    "type": "tuple",
                    "values": [
                        -0.004883927040829275,
                        0.00181248191574
                    ]
                },
                {
                    "type": "tuple",
                    "values": [
                        -0.0039608544587698665,
                        0.005097298610693295
                    ]
                },
                {
                    "type": "tuple",
                    "values": [
                        -0.0050056722011,
                        0.0046157620597
                    ]
                },
                {
                    "type": "tuple",
                    "values": [
                        -0.00445799862421,
                        0.00556885140503
                    ]
                }
            ]
        },
        "errors_at_sigma_3": {
            "type": "list",
            "values": [
                {
                    "type": "tuple",
                    "values": [
                        0.014280246262685897,
                        0.016108297875890007
                    ]
                },
                {
                    "type": "tuple",
                    "values": [
                        0.015298762779849678,
                        0.014953683466544257
                    ]
                },
                {
                    "type": "tuple",
                    "values": [
                        0.004263188623309015,
                        0.004047223856848065
                    ]
                },
                {
                    "type": "tuple",
                    "values": [
                        0.004177883604153486,
                        0.003984971453724985
                    ]
                },
                {
                    "type": "tuple",
                    "values": [
                        0.0034649635568481463,
                        0.0032314453997211285
                    ]
                },
                {
                    "type": "tuple",
                    "values": [
                        0.004134511129143231,
                        0.00492364194031993
                    ]
                },
                {
                    "type": "tuple",
                    "values": [
                        0.0047485753858299996,
                        0.00487285887497
                    ]
                },
                {
                    "type": "tuple",
                    "values": [
                        0.005415472002413885,
                        0.004611378026826114
                    ]
                }
            ]
        },
        "log_evidence": -36.11892576935574
    }
}