{
    "type": "instance",
    "class_path": "autofit.non_linear.samples.summary.SamplesSummary",
    "arguments": {
        "log_evidence": 40157.396032004996,
        "values_at_sigma_3": {
            "type": "list",
            "values": [
                {
                    "type": "tuple",
                    "values": [
                        -0.050217511260150394,
                        0.00852790998694924
                    ]
                },
                {
                    "type": "tuple",
                    "values": [
                        -0.09174183247953308,
                        -0.02726044291172783
                    ]
                },
                {
                    "type": "tuple",
                    "values": [
                        0.9640238017400276,
                        0.9865175915980952
                    ]
                },
                {
                    "type": "tuple",
                    "values": [
                        -0.02158275703005219,
                        -0.0023122785690989386
                    ]
                },
                {
                    "type": "tuple",
                    "values": [
                        -0.021757125640269083,
                        -0.0016758829382189518
                    ]
                },
                {
                    "type": "tuple",
                    "values": [
                        -0.0015122564425317042,
                        0.0066707154069816105
                    ]
                },
                {
                    "type": "tuple",
                    "values": [
                        -0.002283864070485726,
                        0.010734837196156151
                    ]
                },
                {
                    "type": "tuple",
                    "values": [
                        -0.009127276947213735,
                        0.0010261042889408733
                    ]
                },
                {
                    "type": "tuple",
                    "values": [
                        -0.012586237481595137,
                        0.001478960840216141
                    ]
                },
                {
                    "type": "tuple",
                    "values": [
                        1.9915476014329652,
                        2.329907798762348
                    ]
                },
                {
                    "type": "tuple",
                    "values": [
                        0.07289429485069647,
                        0.11186270703032525
                    ]
                },
                {
                    "type": "tuple",
                    "values": [
                        0.012107106432281984,
                        0.048032800336628226
                    ]
                }
            ]
        },
        "model": null,
        "errors_at_sigma_1": {
            "type": "list",
            "values": [
                {
                    "type": "tuple",
                    "values": [
                        0.010096250115013881,
                        0.009321303797322298
                    ]
                },
                {
                    "type": "tuple",
                    "values": [
                        0.011945090728275834,
                        0.01062450728280949
                    ]
                },
                {
                    "type": "tuple",
                    "values": [
                        0.0033868725215352447,
                        0.004577872681540196
                    ]
                },
                {
                    "type": "tuple",
                    "values": [
                        0.0026017807066939774,
                        0.0028709945560256474
                    ]
                },
                {
                    "type": "tuple",
                    "values": [
                        0.0034575206986526743,
                        0.0036458607509900678
                    ]
                },
                {
                    "type": "tuple",
                    "values": [
                        0.0012488428168510447,
                        0.001385136857988827
                    ]
                },
                {
                    "type": "tuple",
                    "values": [
                        0.0019909570084863516,
                        0.002106374934001065
                    ]
                },
                {
                    "type": "tuple",
                    "values": [
                        0.001622170508370254,
                        0.0015756482000039828
                    ]
                },
                {
                    "type": "tuple",
                    "values": [
                        0.0019014746806949425,
                        0.002058061483024524
                    ]
                },
                {
                    "type": "tuple",
                    "values": [
                        0.06394887342675881,
                        0.07555449602356612
                    ]
                },
                {
                    "type": "tuple",
                    "values": [
                        0.0068500052364913605,
                        0.007819222649851465
                    ]
                },
                {
                    "type": "tuple",
                    "values": [
                        0.005650828984670751,
                        0.0054317253044859695
                    ]
                }
            ]
        },
        "max_log_likelihood_sample": {
            "type": "instance",
            "class_path": "autofit.non_linear.samples.sample.Sample",
            "arguments": {
                "log_likelihood": 40213.60060518836,
                "log_prior": 0.02200159858008918,
                "weight": 5.4563426595052176e-05,
                "kwargs": {
                    "type": "dict",
                    "arguments": {
                        "galaxies.lens.mass.ell_comps.ell_comps_0": -0.015514956917371259,
                        "galaxies.lens.mass.ell_comps.ell_comps_1": -0.05468136094387421,
                        "galaxies.lens.multipole_4.einstein_radius": 0.9711813650692585,
                        "galaxies.lens.multipole_4.centre.centre_0": -0.015346783968641791,
                        "galaxies.lens.multipole_4.centre.centre_1": -0.011822211622191532,
                        "galaxies.lens.multipole_3.multipole_comps.multipole_comps_0": 0.00194241527516,
                        "galaxies.lens.multipole_3.multipole_comps.multipole_comps_1": 0.00312957224667,
                        "galaxies.lens.multipole_4.multipole_comps.multipole_comps_0": -0.00334683292661,
                        "galaxies.lens.multipole_4.multipole_comps.multipole_comps_1": -0.00555505781417,
                        "galaxies.lens.multipole_4.slope": 2.11604067053124,
                        "galaxies.lens.shear.gamma_1": 0.0860312738429,
                        "galaxies.lens.shear.gamma_2": 0.03071582813809
                    }
                }
            }
        },
        "values_at_sigma_1": {
            "type": "list",
            "values": [
                {
                    "type": "tuple",
                    "values": [
                        -0.026993791884337637,
                        -0.007576237972001457
                    ]
                },
                {
                    "type": "tuple",
                    "values": [
                        -0.06736643332923604,
                        -0.04479683531815072
                    ]
                },
                {
                    "type": "tuple",
                    "values": [
                        0.9690956896850045,
                        0.9770604348880799
                    ]
                },
                {
                    "type": "tuple",
                    "values": [
                        -0.01710041096905528,
                        -0.011627635706335656
                    ]
                },
                {
                    "type": "tuple",
                    "values": [
                        -0.016404471095707217,
                        -0.009301089646064475
                    ]
                },
                {
                    "type": "tuple",
                    "values": [
                        0.0013017112793256035,
                        0.003935690954165475
                    ]
                },
                {
                    "type": "tuple",
                    "values": [
                        0.002370878103961973,
                        0.00646821004644939
                    ]
                },
                {
                    "type": "tuple",
                    "values": [
                        -0.005831187927775319,
                        -0.0026333692194010824
                    ]
                },
                {
                    "type": "tuple",
                    "values": [
                        -0.008901241389443964,
                        -0.0049417052257244975
                    ]
                },
                {
                    "type": "tuple",
                    "values": [
                        2.1051478723842734,
                        2.2446512418345983
                    ]
                },
                {
                    "type": "tuple",
                    "values": [
                        0.08516873944668397,
                        0.0998379673330268
                    ]
                },
                {
                    "type": "tuple",
                    "values": [
                        0.027026188362352002,
                        0.03810874265150872
                    ]
                }
            ]
        },
        "errors_at_sigma_3": {
            "type": "list",
            "values": [
                {
                    "type": "tuple",
                    "values": [
                        0.033319969490826634,
                        0.025425451756272997
                    ]
                },
                {
                    "type": "tuple",
                    "values": [
                        0.036320489878572865,
                        0.02816089968923238
                    ]
                },
                {
                    "type": "tuple",
                    "values": [
                        0.008458760466512172,
                        0.014035029391555431
                    ]
                },
                {
                    "type": "tuple",
                    "values": [
                        0.007084126767690888,
                        0.012186351693262364
                    ]
                },
                {
                    "type": "tuple",
                    "values": [
                        0.00881017524321454,
                        0.01127106745883559
                    ]
                },
                {
                    "type": "tuple",
                    "values": [
                        0.004062810538708352,
                        0.004120161310804962
                    ]
                },
                {
                    "type": "tuple",
                    "values": [
                        0.00664569918293405,
                        0.006373002083707826
                    ]
                },
                {
                    "type": "tuple",
                    "values": [
                        0.0049182595278086695,
                        0.005235121708345938
                    ]
                },
                {
                    "type": "tuple",
                    "values": [
                        0.005586470772846116,
                        0.008478727548965163
                    ]
                },
                {
                    "type": "tuple",
                    "values": [
                        0.17754914437806701,
                        0.16081105295131604
                    ]
                },
                {
                    "type": "tuple",
                    "values": [
                        0.019124449832478865,
                        0.019843962347149913
                    ]
                },
                {
                    "type": "tuple",
                    "values": [
                        0.02056991091474077,
                        0.015355782989605472
                    ]
                }
            ]
        },
        "median_pdf_sample": {
            "type": "instance",
            "class_path": "autofit.non_linear.samples.sample.Sample",
            "arguments": {
                "log_likelihood": 40213.60060518836,
                "log_prior": 0.02200159858008918,
                "weight": 5.4563426595052176e-05,
                "kwargs": {
                    "type": "dict",
                    "arguments": {
                        "galaxies.lens.mass.ell_comps.ell_comps_0": -0.016897541769323756,
                        "galaxies.lens.mass.ell_comps.ell_comps_1": -0.05542134260096021,
                        "galaxies.lens.multipole_4.einstein_radius": 0.9724825622065397,
                        "galaxies.lens.multipole_4.centre.centre_0": -0.014498630262361303,
                        "galaxies.lens.multipole_4.centre.centre_1": -0.012946950397054542,
                        "galaxies.lens.multipole_3.multipole_comps.multipole_comps_0": 0.0025505540961766483,
                        "galaxies.lens.multipole_3.multipole_comps.multipole_comps_1": 0.004361835112448325,
                        "galaxies.lens.multipole_4.multipole_comps.multipole_comps_0": -0.004209017419405065,
                        "galaxies.lens.multipole_4.multipole_comps.multipole_comps_1": -0.006999766708749021,
                        "galaxies.lens.multipole_4.slope": 2.169096745811032,
                        "galaxies.lens.shear.gamma_1": 0.09201874468317534,
                        "galaxies.lens.shear.gamma_2": 0.03267701734702275
                    }
                }
            }
        }
    }
}