{
    "type": "instance",
    "class_path": "autofit.non_linear.samples.summary.SamplesSummary",
    "arguments": {
        "median_pdf_sample": {
            "type": "instance",
            "class_path": "autofit.non_linear.samples.sample.Sample",
            "arguments": {
                "log_likelihood": -26.218207119169634,
                "log_prior": 0.0,
                "weight": 0.001023547448766131,
                "kwargs": {
                    "type": "dict",
                    "arguments": {
                        "ellipses.0.ell_comps.ell_comps_0": -0.0313081581225,
                        "ellipses.0.ell_comps.ell_comps_1": -0.044996513273661956,
                        "multipoles.0.multipole_3.multipole_comps.multipole_comps_0": -0.0028455447070137897,
                        "multipoles.0.multipole_3.multipole_comps.multipole_comps_1": -0.00164014861118,
                        "multipoles.0.multipole_4.multipole_comps.multipole_comps_0": -0.005559027370597585,
                        "multipoles.0.multipole_4.multipole_comps.multipole_comps_1": -0.03970369075653
                    }
                }
            }
        },
        "log_evidence": -40.77506573207057,
        "errors_at_sigma_3": {
            "type": "list",
            "values": [
                {
                    "type": "tuple",
                    "values": [
                        0.03940780360757651,
                        0.04209162846382
                    ]
                },
                {
                    "type": "tuple",
                    "values": [
                        0.05994882627175696,
                        0.024115885879392427
                    ]
                },
                {
                    "type": "tuple",
                    "values": [
                        0.08353459582252885,
                        0.09881901942669345
                    ]
                },
                {
                    "type": "tuple",
                    "values": [
                        0.0907999575268,
                        0.09928054406077
                    ]
                },
                {
                    "type": "tuple",
                    "values": [
                        0.08955902429682504,
                        0.09419100139229009
                    ]
                },
                {
                    "type": "tuple",
                    "values": [
                        0.05947128202801998,
                        0.12410129300468001
                    ]
                }
            ]
        },
        "values_at_sigma_3": {
            "type": "list",
            "values": [
                {
                    "type": "tuple",
                    "values": [
                        -0.07071596173007651,
                        0.01078347034132
                    ]
                },
                {
                    "type": "tuple",
                    "values": [
                        -0.10494533954541892,
                        -0.02088062739426953
                    ]
                },
                {
                    "type": "tuple",
                    "values": [
                        -0.08638014052954264,
                        0.09597347471967967
                    ]
                },
                {
                    "type": "tuple",
                    "values": [
                        -0.09244010613798,
                        0.09764039544959
                    ]
                },
                {
                    "type": "tuple",
                    "values": [
                        -0.09511805166742263,
                        0.0886319740216925
                    ]
                },
                {
                    "type": "tuple",
                    "values": [
                        -0.09917497278454998,
                        0.08439760224815
                    ]
                }
            ]
        },
        "max_log_likelihood_sample": {
            "type": "instance",
            "class_path": "autofit.non_linear.samples.sample.Sample",
            "arguments": {
                "log_likelihood": -26.218207119169634,
                "log_prior": 0.0,
                "weight": 0.001023547448766131,
                "kwargs": {
                    "type": "dict",
                    "arguments": {
                        "ellipses.0.ell_comps.ell_comps_0": -0.03176369069668,
                        "ellipses.0.ell_comps.ell_comps_1": -0.04222663370243,
                        "multipoles.0.multipole_3.multipole_comps.multipole_comps_0": -0.03419670021543,
                        "multipoles.0.multipole_3.multipole_comps.multipole_comps_1": -0.02299406699486,
                        "multipoles.0.multipole_4.multipole_comps.multipole_comps_0": -0.01990146384897,
                        "multipoles.0.multipole_4.multipole_comps.multipole_comps_1": -0.08600376519912
                    }
                }
            }
        },
        "values_at_sigma_1": {
            "type": "list",
            "values": [
                {
                    "type": "tuple",
                    "values": [
                        -0.042834932427542896,
                        -0.019464457416190826
                    ]
                },
                {
                    "type": "tuple",
                    "values": [
                        -0.0605860854972,
                        -0.03681844989261
                    ]
                },
                {
                    "type": "tuple",
                    "values": [
                        -0.0406922579560685,
                        0.03721940694305
                    ]
                },
                {
                    "type": "tuple",
                    "values": [
                        -0.03638749992679,
                        0.03833924221922
                    ]
                },
                {
                    "type": "tuple",
                    "values": [
                        -0.05263830195698,
                        0.0373897487223
                    ]
                },
                {
                    "type": "tuple",
                    "values": [
                        -0.07766515468056,
                        0.006223940893643883
                    ]
                }
            ]
        },
        "errors_at_sigma_1": {
            "type": "list",
            "values": [
                {
                    "type": "tuple",
                    "values": [
                        0.011526774305042897,
                        0.011843700706309173
                    ]
                },
                {
                    "type": "tuple",
                    "values": [
                        0.015589572223538045,
                        0.008178063381051953
                    ]
                },
                {
                    "type": "tuple",
                    "values": [
                        0.03784671324905471,
                        0.040064951650063796
                    ]
                },
                {
                    "type": "tuple",
                    "values": [
                        0.034747351315610006,
                        0.0399793908304
                    ]
                },
                {
                    "type": "tuple",
                    "values": [
                        0.04707927458638242,
                        0.042948776092897586
                    ]
                },
                {
                    "type": "tuple",
                    "values": [
                        0.03796146392403,
                        0.045927631650173883
                    ]
                }
            ]
        },
        "model": null
    }
}