{
    "type": "instance",
    "class_path": "autofit.non_linear.samples.summary.SamplesSummary",
    "arguments": {
        "errors_at_sigma_3": {
            "type": "list",
            "values": [
                {
                    "type": "tuple",
                    "values": [
                        0.030328350555503997,
                        0.031120767621266
                    ]
                },
                {
                    "type": "tuple",
                    "values": [
                        0.0289384090547,
                        0.022150521047550005
                    ]
                },
                {
                    "type": "tuple",
                    "values": [
                        0.0657918276741991,
                        0.044829303979950004
                    ]
                },
                {
                    "type": "tuple",
                    "values": [
                        0.08991207099397999,
                        0.08828941533461787
                    ]
                },
                {
                    "type": "tuple",
                    "values": [
                        0.07806089008586843,
                        0.08554658480372032
                    ]
                },
                {
                    "type": "tuple",
                    "values": [
                        0.08621889682473358,
                        0.06907812459589698
                    ]
                }
            ]
        },
        "errors_at_sigma_1": {
            "type": "list",
            "values": [
                {
                    "type": "tuple",
                    "values": [
                        0.014207412025833132,
                        0.01749623086539367
                    ]
                },
                {
                    "type": "tuple",
                    "values": [
                        0.0058054252817632615,
                        0.0040040551487448214
                    ]
                },
                {
                    "type": "tuple",
                    "values": [
                        0.015458690530310001,
                        0.020476367227221324
                    ]
                },
                {
                    "type": "tuple",
                    "values": [
                        0.013914182621180823,
                        0.01687552238146
                    ]
                },
                {
                    "type": "tuple",
                    "values": [
                        0.02171798106073662,
                        0.03006269137702175
                    ]
                },
                {
                    "type": "tuple",
                    "values": [
                        0.03116167871071302,
                        0.027256518154533158
                    ]
                }
            ]
        },
        "values_at_sigma_3": {
            "type": "list",
            "values": [
                {
                    "type": "tuple",
                    "values": [
                        -0.01579437899037,
                        0.0456547391864
                    ]
                },
                {
                    "type": "tuple",
                    "values": [
                        -0.087661747816,
                        -0.03657281771375
                    ]
                },
                {
                    "type": "tuple",
                    "values": [
                        -0.06493118972379909,
                        0.04568994193035
                    ]
                },
                {
                    "type": "tuple",
                    "values": [
                        -0.09988383906817,
                        0.07831764726042788
                    ]
                },
                {
                    "type": "tuple",
                    "values": [
                        -0.09111387958449019,
                        0.07249359530509857
                    ]
                },
                {
                    "type": "tuple",
                    "values": [
                        -0.07586664266252055,
                        0.07943037875811
                    ]
                }
            ]
        },
        "values_at_sigma_1": {
            "type": "list",
            "values": [
                {
                    "type": "tuple",
                    "values": [
                        0.0003265595393008659,
                        0.03203020243052767
                    ]
                },
                {
                    "type": "tuple",
                    "values": [
                        -0.06452876404306326,
                        -0.05471928361255518
                    ]
                },
                {
                    "type": "tuple",
                    "values": [
                        -0.01459805257991,
                        0.021337005177621323
                    ]
                },
                {
                    "type": "tuple",
                    "values": [
                        -0.023885950695370823,
                        0.00690375430727
                    ]
                },
                {
                    "type": "tuple",
                    "values": [
                        -0.03477097055935837,
                        0.0170097018784
                    ]
                },
                {
                    "type": "tuple",
                    "values": [
                        -0.0208094245485,
                        0.037608772316746183
                    ]
                }
            ]
        },
        "log_evidence": -59.66719401126808,
        "median_pdf_sample": {
            "type": "instance",
            "class_path": "autofit.non_linear.samples.sample.Sample",
            "arguments": {
                "log_likelihood": -42.679722072850566,
                "log_prior": 0.0,
                "weight": 0.000959360184482655,
                "kwargs": {
                    "type": "dict",
                    "arguments": {
                        "ellipses.0.ell_comps.ell_comps_0": 0.014533971565133998,
                        "ellipses.0.ell_comps.ell_comps_1": -0.0587233387613,
                        "multipoles.0.multipole_3.multipole_comps.multipole_comps_0": 0.0008606379504,
                        "multipoles.0.multipole_3.multipole_comps.multipole_comps_1": -0.00997176807419,
                        "multipoles.0.multipole_4.multipole_comps.multipole_comps_0": -0.01305298949862175,
                        "multipoles.0.multipole_4.multipole_comps.multipole_comps_1": 0.010352254162213024
                    }
                }
            }
        },
        "max_log_likelihood_sample": {
            "type": "instance",
            "class_path": "autofit.non_linear.samples.sample.Sample",
            "arguments": {
                "log_likelihood": -42.679722072850566,
                "log_prior": 0.0,
                "weight": 0.000959360184482655,
                "kwargs": {
                    "type": "dict",
                    "arguments": {
                        "ellipses.0.ell_comps.ell_comps_0": 0.00107897966519,
                        "ellipses.0.ell_comps.ell_comps_1": -0.05748226133024,
                        "multipoles.0.multipole_3.multipole_comps.multipole_comps_0": -0.01355754903843,
                        "multipoles.0.multipole_3.multipole_comps.multipole_comps_1": -0.02512091632561,
                        "multipoles.0.multipole_4.multipole_comps.multipole_comps_0": 0.00908483585474,
                        "multipoles.0.multipole_4.multipole_comps.multipole_comps_1": -0.02479178084794
                    }
                }
            }
        },
        "model": null
    }
}