{
    "type": "instance",
    "class_path": "autofit.non_linear.samples.summary.SamplesSummary",
    "arguments": {
        "errors_at_sigma_3": {
            "type": "list",
            "values": [
                {
                    "type": "tuple",
                    "values": [
                        0.06261619696604664,
                        0.04992403929911128
                    ]
                },
                {
                    "type": "tuple",
                    "values": [
                        0.052585953134497675,
                        0.026378060448283454
                    ]
                },
                {
                    "type": "tuple",
                    "values": [
                        0.18243602460037195,
                        0.15576098298594745
                    ]
                },
                {
                    "type": "tuple",
                    "values": [
                        0.18450234196103213,
                        0.1163687064664144
                    ]
                },
                {
                    "type": "tuple",
                    "values": [
                        0.08185010698519002,
                        0.11397018554030235
                    ]
                },
                {
                    "type": "tuple",
                    "values": [
                        0.07132087634866,
                        0.11981898738708821
                    ]
                },
                {
                    "type": "tuple",
                    "values": [
                        0.10685051550600436,
                        0.07243001410650564
                    ]
                },
                {
                    "type": "tuple",
                    "values": [
                        0.10673397795982496,
                        0.07872433305192504
                    ]
                }
            ]
        },
        "max_log_likelihood_sample": {
            "type": "instance",
            "class_path": "autofit.non_linear.samples.sample.Sample",
            "arguments": {
                "log_likelihood": -23.49377164452537,
                "log_prior": 0.0,
                "weight": 0.000848447977782575,
                "kwargs": {
                    "type": "dict",
                    "arguments": {
                        "ellipses.0.ell_comps.ell_comps_0": 0.04995531028137,
                        "ellipses.0.ell_comps.ell_comps_1": 0.05425720692819,
                        "multipoles.0.multipole_1.multipole_comps.multipole_comps_0": -0.03304181278781,
                        "multipoles.0.multipole_1.multipole_comps.multipole_comps_1": 0.0506500921263,
                        "multipoles.0.multipole_3.multipole_comps.multipole_comps_0": -0.0550767903909,
                        "multipoles.0.multipole_3.multipole_comps.multipole_comps_1": -0.05926567918375,
                        "multipoles.0.multipole_4.multipole_comps.multipole_comps_0": -0.00935721644114,
                        "multipoles.0.multipole_4.multipole_comps.multipole_comps_1": 0.01037450999142
                    }
                }
            }
        },
        "model": null,
        "values_at_sigma_1": {
            "type": "list",
            "values": [
                {
                    "type": "tuple",
                    "values": [
                        0.04832772026017,
                        0.07999525994217
                    ]
                },
                {
                    "type": "tuple",
                    "values": [
                        0.03389326685436,
                        0.05516391436972917
                    ]
                },
                {
                    "type": "tuple",
                    "values": [
                        -0.07202936250621128,
                        0.08783745380566067
                    ]
                },
                {
                    "type": "tuple",
                    "values": [
                        -0.015886005814233207,
                        0.07124915794014
                    ]
                },
                {
                    "type": "tuple",
                    "values": [
                        -0.0566457819681,
                        0.03721487659845
                    ]
                },
                {
                    "type": "tuple",
                    "values": [
                        -0.07414686847641,
                        0.03477458733128
                    ]
                },
                {
                    "type": "tuple",
                    "values": [
                        -0.01443573953924,
                        0.07089546684303
                    ]
                },
                {
                    "type": "tuple",
                    "values": [
                        -0.02449519142917,
                        0.07600868469923
                    ]
                }
            ]
        },
        "median_pdf_sample": {
            "type": "instance",
            "class_path": "autofit.non_linear.samples.sample.Sample",
            "arguments": {
                "log_likelihood": -23.49377164452537,
                "log_prior": 0.0,
                "weight": 0.000848447977782575,
                "kwargs": {
                    "type": "dict",
                    "arguments": {
                        "ellipses.0.ell_comps.ell_comps_0": 0.06348413187027872,
                        "ellipses.0.ell_comps.ell_comps_1": 0.044757452847386546,
                        "multipoles.0.multipole_1.multipole_comps.multipole_comps_0": 0.005392666468322149,
                        "multipoles.0.multipole_1.multipole_comps.multipole_comps_1": 0.02754033302809,
                        "multipoles.0.multipole_3.multipole_comps.multipole_comps_0": -0.01595314324792235,
                        "multipoles.0.multipole_3.multipole_comps.multipole_comps_1": -0.02847209612171,
                        "multipoles.0.multipole_4.multipole_comps.multipole_comps_0": 0.02472348660305436,
                        "multipoles.0.multipole_4.multipole_comps.multipole_comps_1": 0.02107577022909496
                    }
                }
            }
        },
        "log_evidence": -40.050404298328,
        "values_at_sigma_3": {
            "type": "list",
            "values": [
                {
                    "type": "tuple",
                    "values": [
                        0.0008679349042320769,
                        0.11340817116939
                    ]
                },
                {
                    "type": "tuple",
                    "values": [
                        -0.007828500287111127,
                        0.07113551329567
                    ]
                },
                {
                    "type": "tuple",
                    "values": [
                        -0.1770433581320498,
                        0.1611536494542696
                    ]
                },
                {
                    "type": "tuple",
                    "values": [
                        -0.15696200893294213,
                        0.1439090394945044
                    ]
                },
                {
                    "type": "tuple",
                    "values": [
                        -0.09780325023311237,
                        0.09801704229238
                    ]
                },
                {
                    "type": "tuple",
                    "values": [
                        -0.09979297247037,
                        0.09134689126537822
                    ]
                },
                {
                    "type": "tuple",
                    "values": [
                        -0.08212702890295,
                        0.09715350070956
                    ]
                },
                {
                    "type": "tuple",
                    "values": [
                        -0.08565820773073,
                        0.09980010328102
                    ]
                }
            ]
        },
        "errors_at_sigma_1": {
            "type": "list",
            "values": [
                {
                    "type": "tuple",
                    "values": [
                        0.015156411610108722,
                        0.01651112807189127
                    ]
                },
                {
                    "type": "tuple",
                    "values": [
                        0.010864185993026548,
                        0.010406461522342626
                    ]
                },
                {
                    "type": "tuple",
                    "values": [
                        0.07742202897453343,
                        0.08244478733733852
                    ]
                },
                {
                    "type": "tuple",
                    "values": [
                        0.043426338842323206,
                        0.04370882491205
                    ]
                },
                {
                    "type": "tuple",
                    "values": [
                        0.04069263872017766,
                        0.053168019846372344
                    ]
                },
                {
                    "type": "tuple",
                    "values": [
                        0.0456747723547,
                        0.06324668345299
                    ]
                },
                {
                    "type": "tuple",
                    "values": [
                        0.03915922614229436,
                        0.04617198023997564
                    ]
                },
                {
                    "type": "tuple",
                    "values": [
                        0.045570961658264963,
                        0.05493291447013504
                    ]
                }
            ]
        }
    }
}