{
    "type": "instance",
    "class_path": "autofit.non_linear.samples.summary.SamplesSummary",
    "arguments": {
        "values_at_sigma_3": {
            "type": "list",
            "values": [
                {
                    "type": "tuple",
                    "values": [
                        0.11148969230770182,
                        0.1301772976080932
                    ]
                },
                {
                    "type": "tuple",
                    "values": [
                        -0.13404995935219668,
                        -0.11800974344425105
                    ]
                }
            ]
        },
        "errors_at_sigma_1": {
            "type": "list",
            "values": [
                {
                    "type": "tuple",
                    "values": [
                        0.0046274721103301,
                        0.0030901408156251697
                    ]
                },
                {
                    "type": "tuple",
                    "values": [
                        0.00207047529577728,
                        0.0023020113693800054
                    ]
                }
            ]
        },
        "model": null,
        "values_at_sigma_1": {
            "type": "list",
            "values": [
                {
                    "type": "tuple",
                    "values": [
                        0.11721029595338436,
                        0.12492790887933963
                    ]
                },
                {
                    "type": "tuple",
                    "values": [
                        -0.1287096944229273,
                        -0.12433720775777
                    ]
                }
            ]
        },
        "errors_at_sigma_3": {
            "type": "list",
            "values": [
                {
                    "type": "tuple",
                    "values": [
                        0.01034807575601264,
                        0.008339529544378749
                    ]
                },
                {
                    "type": "tuple",
                    "values": [
                        0.007410740225046675,
                        0.008629475682898957
                    ]
                }
            ]
        },
        "max_log_likelihood_sample": {
            "type": "instance",
            "class_path": "autofit.non_linear.samples.sample.Sample",
            "arguments": {
                "log_likelihood": -39.731438559306085,
                "log_prior": 0.0,
                "weight": 0.0009901037811193309,
                "kwargs": {
                    "type": "dict",
                    "arguments": {
                        "ellipses.0.ell_comps.ell_comps_0": 0.12327692379332,
                        "ellipses.0.ell_comps.ell_comps_1": -0.12671192493791
                    }
                }
            }
        },
        "log_evidence": -49.61891839691199,
        "median_pdf_sample": {
            "type": "instance",
            "class_path": "autofit.non_linear.samples.sample.Sample",
            "arguments": {
                "log_likelihood": -39.731438559306085,
                "log_prior": 0.0,
                "weight": 0.0009901037811193309,
                "kwargs": {
                    "type": "dict",
                    "arguments": {
                        "ellipses.0.ell_comps.ell_comps_0": 0.12183776806371446,
                        "ellipses.0.ell_comps.ell_comps_1": -0.12663921912715
                    }
                }
            }
        }
    }
}