{
    "type": "instance",
    "class_path": "autofit.non_linear.samples.summary.SamplesSummary",
    "arguments": {
        "max_log_likelihood_sample": {
            "type": "instance",
            "class_path": "autofit.non_linear.samples.sample.Sample",
            "arguments": {
                "log_likelihood": 66399.08739537562,
                "log_prior": 0.0017257340600869385,
                "weight": 3.418539085790617e-05,
                "kwargs": {
                    "type": "dict",
                    "arguments": {
                        "galaxies.lens.mass.ell_comps.ell_comps_0": -0.04526618415707462,
                        "galaxies.lens.mass.ell_comps.ell_comps_1": -0.041807105917901814,
                        "galaxies.lens.multipole_4.einstein_radius": 1.4639625466738062,
                        "galaxies.lens.multipole_4.centre.centre_0": -0.003105702055462305,
                        "galaxies.lens.multipole_4.centre.centre_1": -0.007577769387789438,
                        "galaxies.lens.multipole_3.multipole_comps.multipole_comps_0": -0.00091144877389,
                        "galaxies.lens.multipole_3.multipole_comps.multipole_comps_1": 0.00101541723181,
                        "galaxies.lens.multipole_4.multipole_comps.multipole_comps_0": 0.00052074492873,
                        "galaxies.lens.multipole_4.multipole_comps.multipole_comps_1": -0.00055485730207,
                        "galaxies.lens.multipole_4.slope": 2.00672230260723,
                        "galaxies.lens.shear.gamma_1": 0.05201731378314,
                        "galaxies.lens.shear.gamma_2": 0.06376178288771
                    }
                }
            }
        },
        "model": null,
        "values_at_sigma_1": {
            "type": "list",
            "values": [
                {
                    "type": "tuple",
                    "values": [
                        -0.046120116168281315,
                        -0.03891342373260706
                    ]
                },
                {
                    "type": "tuple",
                    "values": [
                        -0.04593300974872733,
                        -0.04057988981246349
                    ]
                },
                {
                    "type": "tuple",
                    "values": [
                        1.4624614380953413,
                        1.464880743059156
                    ]
                },
                {
                    "type": "tuple",
                    "values": [
                        -0.0051392969812721805,
                        -0.002051492711883368
                    ]
                },
                {
                    "type": "tuple",
                    "values": [
                        -0.008987561408619208,
                        -0.00609193561794896
                    ]
                },
                {
                    "type": "tuple",
                    "values": [
                        -0.0014063640012904198,
                        0.0002710010094737904
                    ]
                },
                {
                    "type": "tuple",
                    "values": [
                        0.0006279789655072786,
                        0.0018536198737884417
                    ]
                },
                {
                    "type": "tuple",
                    "values": [
                        -7.21007908273984e-05,
                        0.0011844688511822394
                    ]
                },
                {
                    "type": "tuple",
                    "values": [
                        -0.0009777204038699324,
                        0.00019319908367415606
                    ]
                },
                {
                    "type": "tuple",
                    "values": [
                        1.9988629242755804,
                        2.011312702929698
                    ]
                },
                {
                    "type": "tuple",
                    "values": [
                        0.049491670568077205,
                        0.05274239408950113
                    ]
                },
                {
                    "type": "tuple",
                    "values": [
                        0.06314859981416449,
                        0.06672217387315174
                    ]
                }
            ]
        },
        "log_evidence": 66339.27091100361,
        "values_at_sigma_3": {
            "type": "list",
            "values": [
                {
                    "type": "tuple",
                    "values": [
                        -0.05227503376775288,
                        -0.030308538583632864
                    ]
                },
                {
                    "type": "tuple",
                    "values": [
                        -0.05226154028886136,
                        -0.03439076169102265
                    ]
                },
                {
                    "type": "tuple",
                    "values": [
                        1.4598972506807228,
                        1.4677890909194875
                    ]
                },
                {
                    "type": "tuple",
                    "values": [
                        -0.008921457581036659,
                        0.0009346154594896669
                    ]
                },
                {
                    "type": "tuple",
                    "values": [
                        -0.011696496950979879,
                        -0.0025439266399728154
                    ]
                },
                {
                    "type": "tuple",
                    "values": [
                        -0.0028081059672232004,
                        0.0024826464296073543
                    ]
                },
                {
                    "type": "tuple",
                    "values": [
                        -0.00046122492832167977,
                        0.0032714992847082624
                    ]
                },
                {
                    "type": "tuple",
                    "values": [
                        -0.0013756056235353226,
                        0.0023953613003870333
                    ]
                },
                {
                    "type": "tuple",
                    "values": [
                        -0.0024251117875663617,
                        0.0013569793820185022
                    ]
                },
                {
                    "type": "tuple",
                    "values": [
                        1.9869612677558088,
                        2.02252459870162
                    ]
                },
                {
                    "type": "tuple",
                    "values": [
                        0.04580733653975607,
                        0.05615237942880393
                    ]
                },
                {
                    "type": "tuple",
                    "values": [
                        0.05979239471736523,
                        0.07078320095773907
                    ]
                }
            ]
        },
        "errors_at_sigma_3": {
            "type": "list",
            "values": [
                {
                    "type": "tuple",
                    "values": [
                        0.009644685994712146,
                        0.012321809189407871
                    ]
                },
                {
                    "type": "tuple",
                    "values": [
                        0.009091943106973907,
                        0.008778835490864806
                    ]
                },
                {
                    "type": "tuple",
                    "values": [
                        0.0037566769520818166,
                        0.004135163286682841
                    ]
                },
                {
                    "type": "tuple",
                    "values": [
                        0.0053708261667928785,
                        0.004485246873733447
                    ]
                },
                {
                    "type": "tuple",
                    "values": [
                        0.004111678281037099,
                        0.005040892029969965
                    ]
                },
                {
                    "type": "tuple",
                    "values": [
                        0.0021716292941302458,
                        0.003119123102700309
                    ]
                },
                {
                    "type": "tuple",
                    "values": [
                        0.0016855488455835624,
                        0.0020471753674463798
                    ]
                },
                {
                    "type": "tuple",
                    "values": [
                        0.001940303472451341,
                        0.0018306634514710148
                    ]
                },
                {
                    "type": "tuple",
                    "values": [
                        0.0020437536739241896,
                        0.0017383374956606744
                    ]
                },
                {
                    "type": "tuple",
                    "values": [
                        0.01793793514467734,
                        0.01762539580113387
                    ]
                },
                {
                    "type": "tuple",
                    "values": [
                        0.0053330061180915656,
                        0.005012036770956296
                    ]
                },
                {
                    "type": "tuple",
                    "values": [
                        0.005126584919408296,
                        0.005864221320965549
                    ]
                }
            ]
        },
        "errors_at_sigma_1": {
            "type": "list",
            "values": [
                {
                    "type": "tuple",
                    "values": [
                        0.0034897683952405806,
                        0.0037169240404336737
                    ]
                },
                {
                    "type": "tuple",
                    "values": [
                        0.0027634125668398735,
                        0.0025897073694239603
                    ]
                },
                {
                    "type": "tuple",
                    "values": [
                        0.0011924895374633149,
                        0.0012268154263512798
                    ]
                },
                {
                    "type": "tuple",
                    "values": [
                        0.0015886655670284008,
                        0.0014991387023604117
                    ]
                },
                {
                    "type": "tuple",
                    "values": [
                        0.0014027427386764275,
                        0.0014928830519938202
                    ]
                },
                {
                    "type": "tuple",
                    "values": [
                        0.0007698873281974651,
                        0.0009074776825667452
                    ]
                },
                {
                    "type": "tuple",
                    "values": [
                        0.000596344951754604,
                        0.0006292959565265591
                    ]
                },
                {
                    "type": "tuple",
                    "values": [
                        0.000636798639743417,
                        0.0006197710022662208
                    ]
                },
                {
                    "type": "tuple",
                    "values": [
                        0.0005963622902277602,
                        0.0005745571973163282
                    ]
                },
                {
                    "type": "tuple",
                    "values": [
                        0.006036278624905744,
                        0.006413500029212038
                    ]
                },
                {
                    "type": "tuple",
                    "values": [
                        0.001648672089770431,
                        0.001602051431653491
                    ]
                },
                {
                    "type": "tuple",
                    "values": [
                        0.001770379822609039,
                        0.0018031942363782166
                    ]
                }
            ]
        },
        "median_pdf_sample": {
            "type": "instance",
            "class_path": "autofit.non_linear.samples.sample.Sample",
            "arguments": {
                "log_likelihood": 66399.08739537562,
                "log_prior": 0.0017257340600869385,
                "weight": 3.418539085790617e-05,
                "kwargs": {
                    "type": "dict",
                    "arguments": {
                        "galaxies.lens.mass.ell_comps.ell_comps_0": -0.042630347773040735,
                        "galaxies.lens.mass.ell_comps.ell_comps_1": -0.043169597181887454,
                        "galaxies.lens.multipole_4.einstein_radius": 1.4636539276328047,
                        "galaxies.lens.multipole_4.centre.centre_0": -0.0035506314142437797,
                        "galaxies.lens.multipole_4.centre.centre_1": -0.00758481866994278,
                        "galaxies.lens.multipole_3.multipole_comps.multipole_comps_0": -0.0006364766730929547,
                        "galaxies.lens.multipole_3.multipole_comps.multipole_comps_1": 0.0012243239172618826,
                        "galaxies.lens.multipole_4.multipole_comps.multipole_comps_0": 0.0005646978489160186,
                        "galaxies.lens.multipole_4.multipole_comps.multipole_comps_1": -0.0003813581136421721,
                        "galaxies.lens.multipole_4.slope": 2.004899202900486,
                        "galaxies.lens.shear.gamma_1": 0.051140342657847636,
                        "galaxies.lens.shear.gamma_2": 0.06491897963677352
                    }
                }
            }
        }
    }
}