{
    "type": "instance",
    "class_path": "autofit.non_linear.samples.summary.SamplesSummary",
    "arguments": {
        "values_at_sigma_1": {
            "type": "list",
            "values": [
                {
                    "type": "tuple",
                    "values": [
                        -0.026116462046676465,
                        0.008712924185152657
                    ]
                },
                {
                    "type": "tuple",
                    "values": [
                        0.09324720796355876,
                        0.11287154332404475
                    ]
                }
            ]
        },
        "values_at_sigma_3": {
            "type": "list",
            "values": [
                {
                    "type": "tuple",
                    "values": [
                        -0.05526662407219702,
                        0.07121034462692946
                    ]
                },
                {
                    "type": "tuple",
                    "values": [
                        0.009003144724529743,
                        0.14410689620371675
                    ]
                }
            ]
        },
        "max_log_likelihood_sample": {
            "type": "instance",
            "class_path": "autofit.non_linear.samples.sample.Sample",
            "arguments": {
                "log_likelihood": -11.367194700813096,
                "log_prior": 0.0,
                "weight": 0.0009772787484534444,
                "kwargs": {
                    "type": "dict",
                    "arguments": {
                        "ellipses.0.ell_comps.ell_comps_0": -0.01616964760205,
                        "ellipses.0.ell_comps.ell_comps_1": 0.10652098039559
                    }
                }
            }
        },
        "errors_at_sigma_1": {
            "type": "list",
            "values": [
                {
                    "type": "tuple",
                    "values": [
                        0.014716174628500285,
                        0.020113211603328837
                    ]
                },
                {
                    "type": "tuple",
                    "values": [
                        0.011123329357141234,
                        0.00850100600334476
                    ]
                }
            ]
        },
        "errors_at_sigma_3": {
            "type": "list",
            "values": [
                {
                    "type": "tuple",
                    "values": [
                        0.04386633665402084,
                        0.08261063204510564
                    ]
                },
                {
                    "type": "tuple",
                    "values": [
                        0.09536739259617025,
                        0.039736358883016756
                    ]
                }
            ]
        },
        "model": null,
        "median_pdf_sample": {
            "type": "instance",
            "class_path": "autofit.non_linear.samples.sample.Sample",
            "arguments": {
                "log_likelihood": -11.367194700813096,
                "log_prior": 0.0,
                "weight": 0.0009772787484534444,
                "kwargs": {
                    "type": "dict",
                    "arguments": {
                        "ellipses.0.ell_comps.ell_comps_0": -0.01140028741817618,
                        "ellipses.0.ell_comps.ell_comps_1": 0.1043705373207
                    }
                }
            }
        },
        "log_evidence": -18.64149494935
    }
}