{
    "type": "instance",
    "class_path": "autofit.non_linear.samples.summary.SamplesSummary",
    "arguments": {
        "values_at_sigma_1": {
            "type": "list",
            "values": [
                {
                    "type": "tuple",
                    "values": [
                        0.0799685400994,
                        0.09189428794474902
                    ]
                },
                {
                    "type": "tuple",
                    "values": [
                        0.03310664571559547,
                        0.04997288343462062
                    ]
                }
            ]
        },
        "values_at_sigma_3": {
            "type": "list",
            "values": [
                {
                    "type": "tuple",
                    "values": [
                        0.0528729901744538,
                        0.14162451185189
                    ]
                },
                {
                    "type": "tuple",
                    "values": [
                        0.007090616513954633,
                        0.09635159196752
                    ]
                }
            ]
        },
        "model": null,
        "median_pdf_sample": {
            "type": "instance",
            "class_path": "autofit.non_linear.samples.sample.Sample",
            "arguments": {
                "log_likelihood": -22.069953781765093,
                "log_prior": 0.0,
                "weight": 0.0009835528102264096,
                "kwargs": {
                    "type": "dict",
                    "arguments": {
                        "ellipses.0.ell_comps.ell_comps_0": 0.08531532143247,
                        "ellipses.0.ell_comps.ell_comps_1": 0.04301430697159
                    }
                }
            }
        },
        "max_log_likelihood_sample": {
            "type": "instance",
            "class_path": "autofit.non_linear.samples.sample.Sample",
            "arguments": {
                "log_likelihood": -22.069953781765093,
                "log_prior": 0.0,
                "weight": 0.0009835528102264096,
                "kwargs": {
                    "type": "dict",
                    "arguments": {
                        "ellipses.0.ell_comps.ell_comps_0": 0.08405892605944,
                        "ellipses.0.ell_comps.ell_comps_1": 0.04384422523356
                    }
                }
            }
        },
        "errors_at_sigma_3": {
            "type": "list",
            "values": [
                {
                    "type": "tuple",
                    "values": [
                        0.032442331258016203,
                        0.05630919041942001
                    ]
                },
                {
                    "type": "tuple",
                    "values": [
                        0.03592369045763537,
                        0.05333728499593
                    ]
                }
            ]
        },
        "errors_at_sigma_1": {
            "type": "list",
            "values": [
                {
                    "type": "tuple",
                    "values": [
                        0.005346781333069997,
                        0.006578966512279016
                    ]
                },
                {
                    "type": "tuple",
                    "values": [
                        0.00990766125599453,
                        0.006958576463030622
                    ]
                }
            ]
        },
        "log_evidence": -31.229662301906348
    }
}