{
    "type": "instance",
    "class_path": "autofit.non_linear.samples.summary.SamplesSummary",
    "arguments": {
        "median_pdf_sample": {
            "type": "instance",
            "class_path": "autofit.non_linear.samples.sample.Sample",
            "arguments": {
                "log_likelihood": -18.239676895668083,
                "log_prior": 0.0,
                "weight": 0.0010462752259660568,
                "kwargs": {
                    "type": "dict",
                    "arguments": {
                        "ellipses.0.ell_comps.ell_comps_0": 0.0815905309147,
                        "ellipses.0.ell_comps.ell_comps_1": -0.02207592725026,
                        "multipoles.0.multipole_1.multipole_comps.multipole_comps_0": -0.03940516971662809,
                        "multipoles.0.multipole_1.multipole_comps.multipole_comps_1": 0.00207105504632,
                        "multipoles.0.multipole_3.multipole_comps.multipole_comps_0": 0.02596573992366,
                        "multipoles.0.multipole_3.multipole_comps.multipole_comps_1": -0.00808420501541,
                        "multipoles.0.multipole_4.multipole_comps.multipole_comps_0": -0.013597986604123436,
                        "multipoles.0.multipole_4.multipole_comps.multipole_comps_1": -0.00975511789514
                    }
                }
            }
        },
        "log_evidence": -32.34175727413489,
        "max_log_likelihood_sample": {
            "type": "instance",
            "class_path": "autofit.non_linear.samples.sample.Sample",
            "arguments": {
                "log_likelihood": -18.239676895668083,
                "log_prior": 0.0,
                "weight": 0.0010462752259660568,
                "kwargs": {
                    "type": "dict",
                    "arguments": {
                        "ellipses.0.ell_comps.ell_comps_0": 0.07756075341336,
                        "ellipses.0.ell_comps.ell_comps_1": -0.01022921251638,
                        "multipoles.0.multipole_1.multipole_comps.multipole_comps_0": -0.02479230597884,
                        "multipoles.0.multipole_1.multipole_comps.multipole_comps_1": -0.00340091146895,
                        "multipoles.0.multipole_3.multipole_comps.multipole_comps_0": 0.05163835540701,
                        "multipoles.0.multipole_3.multipole_comps.multipole_comps_1": 0.00756120107215,
                        "multipoles.0.multipole_4.multipole_comps.multipole_comps_0": 0.00224525284354,
                        "multipoles.0.multipole_4.multipole_comps.multipole_comps_1": 0.00420301573659
                    }
                }
            }
        },
        "values_at_sigma_1": {
            "type": "list",
            "values": [
                {
                    "type": "tuple",
                    "values": [
                        0.06788720467054536,
                        0.10605612840771
                    ]
                },
                {
                    "type": "tuple",
                    "values": [
                        -0.050447560213033475,
                        0.008520040766712292
                    ]
                },
                {
                    "type": "tuple",
                    "values": [
                        -0.10047499397032,
                        0.03166603492494
                    ]
                },
                {
                    "type": "tuple",
                    "values": [
                        -0.03365490960697559,
                        0.03816781216592
                    ]
                },
                {
                    "type": "tuple",
                    "values": [
                        -0.033274390783283404,
                        0.06719620838729
                    ]
                },
                {
                    "type": "tuple",
                    "values": [
                        -0.05547936306528209,
                        0.03638897642763
                    ]
                },
                {
                    "type": "tuple",
                    "values": [
                        -0.05319982422064,
                        0.045595271464527694
                    ]
                },
                {
                    "type": "tuple",
                    "values": [
                        -0.05427132078503,
                        0.04392410492188
                    ]
                }
            ]
        },
        "errors_at_sigma_1": {
            "type": "list",
            "values": [
                {
                    "type": "tuple",
                    "values": [
                        0.013703326244154643,
                        0.02446559749301
                    ]
                },
                {
                    "type": "tuple",
                    "values": [
                        0.028371632962773476,
                        0.030595968016972293
                    ]
                },
                {
                    "type": "tuple",
                    "values": [
                        0.061069824253691916,
                        0.07107120464156809
                    ]
                },
                {
                    "type": "tuple",
                    "values": [
                        0.03572596465329559,
                        0.036096757119600004
                    ]
                },
                {
                    "type": "tuple",
                    "values": [
                        0.05924013070694341,
                        0.04123046846363
                    ]
                },
                {
                    "type": "tuple",
                    "values": [
                        0.047395158049872085,
                        0.044473181443039994
                    ]
                },
                {
                    "type": "tuple",
                    "values": [
                        0.03960183761651656,
                        0.05919325806865113
                    ]
                },
                {
                    "type": "tuple",
                    "values": [
                        0.04451620288989,
                        0.05367922281702
                    ]
                }
            ]
        },
        "values_at_sigma_3": {
            "type": "list",
            "values": [
                {
                    "type": "tuple",
                    "values": [
                        -0.01588103505681,
                        0.21122473459085
                    ]
                },
                {
                    "type": "tuple",
                    "values": [
                        -0.09259113593533197,
                        0.06932105392049538
                    ]
                },
                {
                    "type": "tuple",
                    "values": [
                        -0.19849201691833,
                        0.14563851260000513
                    ]
                },
                {
                    "type": "tuple",
                    "values": [
                        -0.12514258923253008,
                        0.10016152865800239
                    ]
                },
                {
                    "type": "tuple",
                    "values": [
                        -0.09886034852306,
                        0.09889004512951
                    ]
                },
                {
                    "type": "tuple",
                    "values": [
                        -0.0998663483358892,
                        0.0839178409595758
                    ]
                },
                {
                    "type": "tuple",
                    "values": [
                        -0.09884835231532511,
                        0.09208634224033528
                    ]
                },
                {
                    "type": "tuple",
                    "values": [
                        -0.09716521716468,
                        0.09772417703790283
                    ]
                }
            ]
        },
        "model": null,
        "errors_at_sigma_3": {
            "type": "list",
            "values": [
                {
                    "type": "tuple",
                    "values": [
                        0.09747156597151001,
                        0.12963420367615
                    ]
                },
                {
                    "type": "tuple",
                    "values": [
                        0.07051520868507197,
                        0.09139698117075538
                    ]
                },
                {
                    "type": "tuple",
                    "values": [
                        0.1590868472017019,
                        0.1850436823166332
                    ]
                },
                {
                    "type": "tuple",
                    "values": [
                        0.12721364427885007,
                        0.09809047361168238
                    ]
                },
                {
                    "type": "tuple",
                    "values": [
                        0.12482608844672,
                        0.07292430520585
                    ]
                },
                {
                    "type": "tuple",
                    "values": [
                        0.0917821433204792,
                        0.0920020459749858
                    ]
                },
                {
                    "type": "tuple",
                    "values": [
                        0.08525036571120168,
                        0.10568432884445872
                    ]
                },
                {
                    "type": "tuple",
                    "values": [
                        0.08741009926954,
                        0.10747929493304283
                    ]
                }
            ]
        }
    }
}