{
    "type": "instance",
    "class_path": "autofit.non_linear.samples.summary.SamplesSummary",
    "arguments": {
        "values_at_sigma_1": {
            "type": "list",
            "values": [
                {
                    "type": "tuple",
                    "values": [
                        -0.00299329218248,
                        -0.0013260654074612932
                    ]
                },
                {
                    "type": "tuple",
                    "values": [
                        -0.002370551548411612,
                        -0.0007316280318987336
                    ]
                },
                {
                    "type": "tuple",
                    "values": [
                        -0.0034256323021725553,
                        0.001931467
                    ]
                },
                {
                    "type": "tuple",
                    "values": [
                        -0.016074351646483298,
                        -0.008943899741812322
                    ]
                },
                {
                    "type": "tuple",
                    "values": [
                        -0.00113459757169,
                        0.0011183865108106122
                    ]
                },
                {
                    "type": "tuple",
                    "values": [
                        -0.00195386692066,
                        1.9490067180142835e-05
                    ]
                },
                {
                    "type": "tuple",
                    "values": [
                        -0.0007739031435378463,
                        0.00142408082721
                    ]
                },
                {
                    "type": "tuple",
                    "values": [
                        0.0013096371562953408,
                        0.0029141276837188184
                    ]
                },
                {
                    "type": "tuple",
                    "values": [
                        -0.0610457709391497,
                        -0.05415712305388682
                    ]
                },
                {
                    "type": "tuple",
                    "values": [
                        -0.04846232231228,
                        -0.03827319178732595
                    ]
                },
                {
                    "type": "tuple",
                    "values": [
                        0.0007113286388852783,
                        0.006498452042959148
                    ]
                },
                {
                    "type": "tuple",
                    "values": [
                        0.004235534162225596,
                        0.00849482837673748
                    ]
                },
                {
                    "type": "tuple",
                    "values": [
                        -0.0051477044774,
                        0.003110196821859407
                    ]
                },
                {
                    "type": "tuple",
                    "values": [
                        -0.01570806232313817,
                        -0.008368237618045875
                    ]
                },
                {
                    "type": "tuple",
                    "values": [
                        0.01194372930085,
                        0.018688097815950745
                    ]
                },
                {
                    "type": "tuple",
                    "values": [
                        -0.061162118222923625,
                        -0.05584518344603
                    ]
                },
                {
                    "type": "tuple",
                    "values": [
                        -0.030272642017978916,
                        -0.020154266961255354
                    ]
                },
                {
                    "type": "tuple",
                    "values": [
                        -0.01229534801595,
                        -0.004034388822553567
                    ]
                },
                {
                    "type": "tuple",
                    "values": [
                        0.019459503356637962,
                        0.03224471441406225
                    ]
                },
                {
                    "type": "tuple",
                    "values": [
                        0.04577685412204041,
                        0.05626730998542622
                    ]
                },
                {
                    "type": "tuple",
                    "values": [
                        -0.030904158942044718,
                        -0.024127689245756426
                    ]
                },
                {
                    "type": "tuple",
                    "values": [
                        -0.03409852444962655,
                        -0.03035307956435792
                    ]
                },
                {
                    "type": "tuple",
                    "values": [
                        -0.0076897556851236405,
                        0.004132758755259499
                    ]
                },
                {
                    "type": "tuple",
                    "values": [
                        -0.015446915831188228,
                        -0.006573653739856276
                    ]
                },
                {
                    "type": "tuple",
                    "values": [
                        0.01042867105878,
                        0.015258136651394643
                    ]
                },
                {
                    "type": "tuple",
                    "values": [
                        0.007877978133067239,
                        0.01278725609503573
                    ]
                },
                {
                    "type": "tuple",
                    "values": [
                        -0.07486466067737749,
                        -0.06830079497666086
                    ]
                },
                {
                    "type": "tuple",
                    "values": [
                        -0.06545612748583578,
                        -0.04857353334695389
                    ]
                },
                {
                    "type": "tuple",
                    "values": [
                        -0.04022948627650507,
                        -0.027785357449443018
                    ]
                },
                {
                    "type": "tuple",
                    "values": [
                        0.031828439754147765,
                        0.04216071014962428
                    ]
                },
                {
                    "type": "tuple",
                    "values": [
                        0.00963485490202203,
                        0.01850719595618
                    ]
                },
                {
                    "type": "tuple",
                    "values": [
                        -0.02036911401795616,
                        -0.011151875563295508
                    ]
                }
            ]
        },
        "median_pdf_sample": {
            "type": "instance",
            "class_path": "autofit.non_linear.samples.sample.Sample",
            "arguments": {
                "log_likelihood": -131.18310368901678,
                "log_prior": 0.0,
                "weight": 0.0009643586183812899,
                "kwargs": {
                    "type": "dict",
                    "arguments": {
                        "ellipses.ellipse_4.centre.centre_0": -0.0021497058156826634,
                        "ellipses.ellipse_4.centre.centre_1": -0.00149967966692,
                        "ellipses.ellipse_0.ell_comps.ell_comps_0": -0.0010061142941845673,
                        "ellipses.ellipse_0.ell_comps.ell_comps_1": -0.01261135196933248,
                        "multipoles.0.multipole_3.multipole_comps.multipole_comps_0": -9.200601541347163e-05,
                        "multipoles.0.multipole_3.multipole_comps.multipole_comps_1": -0.00098131099515825,
                        "multipoles.0.multipole_4.multipole_comps.multipole_comps_0": 0.000337511631594601,
                        "multipoles.0.multipole_4.multipole_comps.multipole_comps_1": 0.0020793962296962783,
                        "ellipses.ellipse_1.ell_comps.ell_comps_0": -0.05744733410817935,
                        "ellipses.ellipse_1.ell_comps.ell_comps_1": -0.04330452881923,
                        "multipoles.1.multipole_3.multipole_comps.multipole_comps_0": 0.0036826140821342333,
                        "multipoles.1.multipole_3.multipole_comps.multipole_comps_1": 0.00641328406733,
                        "multipoles.1.multipole_4.multipole_comps.multipole_comps_0": -0.0012596257439164654,
                        "multipoles.1.multipole_4.multipole_comps.multipole_comps_1": -0.012201828144953512,
                        "ellipses.ellipse_2.ell_comps.ell_comps_0": 0.0151584080664,
                        "ellipses.ellipse_2.ell_comps.ell_comps_1": -0.05837051415390588,
                        "multipoles.2.multipole_3.multipole_comps.multipole_comps_0": -0.02456563083896,
                        "multipoles.2.multipole_3.multipole_comps.multipole_comps_1": -0.00808121028323,
                        "multipoles.2.multipole_4.multipole_comps.multipole_comps_0": 0.025439187428310674,
                        "multipoles.2.multipole_4.multipole_comps.multipole_comps_1": 0.05063005447929033,
                        "ellipses.ellipse_3.ell_comps.ell_comps_0": -0.02706843232561,
                        "ellipses.ellipse_3.ell_comps.ell_comps_1": -0.03240906539804,
                        "multipoles.3.multipole_3.multipole_comps.multipole_comps_0": -0.00194419337159,
                        "multipoles.3.multipole_3.multipole_comps.multipole_comps_1": -0.01116857178402,
                        "multipoles.3.multipole_4.multipole_comps.multipole_comps_0": 0.012968615283181174,
                        "multipoles.3.multipole_4.multipole_comps.multipole_comps_1": 0.01036486045282,
                        "ellipses.ellipse_4.ell_comps.ell_comps_0": -0.0716369839174342,
                        "ellipses.ellipse_4.ell_comps.ell_comps_1": -0.06259674900303687,
                        "multipoles.4.multipole_3.multipole_comps.multipole_comps_0": -0.0334059999747,
                        "multipoles.4.multipole_3.multipole_comps.multipole_comps_1": 0.03717832895838,
                        "multipoles.4.multipole_4.multipole_comps.multipole_comps_0": 0.0142486328292,
                        "multipoles.4.multipole_4.multipole_comps.multipole_comps_1": -0.015584701729448041
                    }
                }
            }
        },
        "errors_at_sigma_1": {
            "type": "list",
            "values": [
                {
                    "type": "tuple",
                    "values": [
                        0.0008435863667973368,
                        0.0008236404082213702
                    ]
                },
                {
                    "type": "tuple",
                    "values": [
                        0.000870871881491612,
                        0.0007680516350212664
                    ]
                },
                {
                    "type": "tuple",
                    "values": [
                        0.0024195180079879877,
                        0.002937581294184567
                    ]
                },
                {
                    "type": "tuple",
                    "values": [
                        0.0034629996771508176,
                        0.003667452227520159
                    ]
                },
                {
                    "type": "tuple",
                    "values": [
                        0.0010425915562765284,
                        0.0012103925262240839
                    ]
                },
                {
                    "type": "tuple",
                    "values": [
                        0.0009725559255017498,
                        0.0010008010623383929
                    ]
                },
                {
                    "type": "tuple",
                    "values": [
                        0.0011114147751324472,
                        0.001086569195615399
                    ]
                },
                {
                    "type": "tuple",
                    "values": [
                        0.0007697590734009375,
                        0.0008347314540225401
                    ]
                },
                {
                    "type": "tuple",
                    "values": [
                        0.0035984368309703516,
                        0.00329021105429253
                    ]
                },
                {
                    "type": "tuple",
                    "values": [
                        0.005157793493050004,
                        0.005031337031904046
                    ]
                },
                {
                    "type": "tuple",
                    "values": [
                        0.002971285443248955,
                        0.0028158379608249143
                    ]
                },
                {
                    "type": "tuple",
                    "values": [
                        0.0021777499051044043,
                        0.002081544309407479
                    ]
                },
                {
                    "type": "tuple",
                    "values": [
                        0.003888078733483535,
                        0.004369822565775872
                    ]
                },
                {
                    "type": "tuple",
                    "values": [
                        0.0035062341781846584,
                        0.003833590526907637
                    ]
                },
                {
                    "type": "tuple",
                    "values": [
                        0.0032146787655500005,
                        0.003529689749550745
                    ]
                },
                {
                    "type": "tuple",
                    "values": [
                        0.002791604069017746,
                        0.002525330707875882
                    ]
                },
                {
                    "type": "tuple",
                    "values": [
                        0.005707011179018916,
                        0.0044113638777046466
                    ]
                },
                {
                    "type": "tuple",
                    "values": [
                        0.004214137732719999,
                        0.0040468214606764336
                    ]
                },
                {
                    "type": "tuple",
                    "values": [
                        0.005979684071672712,
                        0.006805526985751577
                    ]
                },
                {
                    "type": "tuple",
                    "values": [
                        0.004853200357249919,
                        0.005637255506135891
                    ]
                },
                {
                    "type": "tuple",
                    "values": [
                        0.003835726616434717,
                        0.0029407430798535743
                    ]
                },
                {
                    "type": "tuple",
                    "values": [
                        0.0016894590515865518,
                        0.002055985833682078
                    ]
                },
                {
                    "type": "tuple",
                    "values": [
                        0.005745562313533641,
                        0.0060769521268495
                    ]
                },
                {
                    "type": "tuple",
                    "values": [
                        0.0042783440471682276,
                        0.004594918044163725
                    ]
                },
                {
                    "type": "tuple",
                    "values": [
                        0.0025399442244011736,
                        0.0022895213682134694
                    ]
                },
                {
                    "type": "tuple",
                    "values": [
                        0.0024868823197527617,
                        0.0024223956422157293
                    ]
                },
                {
                    "type": "tuple",
                    "values": [
                        0.0032276767599432876,
                        0.003336188940773338
                    ]
                },
                {
                    "type": "tuple",
                    "values": [
                        0.0028593784827989077,
                        0.014023215656082978
                    ]
                },
                {
                    "type": "tuple",
                    "values": [
                        0.006823486301805071,
                        0.005620642525256982
                    ]
                },
                {
                    "type": "tuple",
                    "values": [
                        0.005349889204232232,
                        0.004982381191244285
                    ]
                },
                {
                    "type": "tuple",
                    "values": [
                        0.004613777927177969,
                        0.004258563126980001
                    ]
                },
                {
                    "type": "tuple",
                    "values": [
                        0.00478441228850812,
                        0.0044328261661525335
                    ]
                }
            ]
        },
        "errors_at_sigma_3": {
            "type": "list",
            "values": [
                {
                    "type": "tuple",
                    "values": [
                        0.002243267377219174,
                        0.0029485483280047515
                    ]
                },
                {
                    "type": "tuple",
                    "values": [
                        0.00197416571672,
                        0.00208583209712
                    ]
                },
                {
                    "type": "tuple",
                    "values": [
                        0.005919033020075433,
                        0.007541957993214641
                    ]
                },
                {
                    "type": "tuple",
                    "values": [
                        0.008877426359796723,
                        0.011304442165970293
                    ]
                },
                {
                    "type": "tuple",
                    "values": [
                        0.003319106192490023,
                        0.005055394475852436
                    ]
                },
                {
                    "type": "tuple",
                    "values": [
                        0.00233798534104175,
                        0.0026998716827149266
                    ]
                },
                {
                    "type": "tuple",
                    "values": [
                        0.0027309557998333777,
                        0.004155251973878409
                    ]
                },
                {
                    "type": "tuple",
                    "values": [
                        0.0027486394636736557,
                        0.0023673250930134095
                    ]
                },
                {
                    "type": "tuple",
                    "values": [
                        0.012261863320687398,
                        0.008955550824605966
                    ]
                },
                {
                    "type": "tuple",
                    "values": [
                        0.013482383536797406,
                        0.011489074980943106
                    ]
                },
                {
                    "type": "tuple",
                    "values": [
                        0.010008544556594234,
                        0.006884879634845767
                    ]
                },
                {
                    "type": "tuple",
                    "values": [
                        0.01060962503465,
                        0.006383105106390633
                    ]
                },
                {
                    "type": "tuple",
                    "values": [
                        0.01222027316333039,
                        0.010637064967196465
                    ]
                },
                {
                    "type": "tuple",
                    "values": [
                        0.008834051031776487,
                        0.017349156009023512
                    ]
                },
                {
                    "type": "tuple",
                    "values": [
                        0.015445848723538165,
                        0.009551171810699999
                    ]
                },
                {
                    "type": "tuple",
                    "values": [
                        0.0069928251771715425,
                        0.007968149494529654
                    ]
                },
                {
                    "type": "tuple",
                    "values": [
                        0.014701721452605728,
                        0.01994583948341
                    ]
                },
                {
                    "type": "tuple",
                    "values": [
                        0.011489288217430001,
                        0.027826017065790642
                    ]
                },
                {
                    "type": "tuple",
                    "values": [
                        0.02159997325221336,
                        0.017783799424114934
                    ]
                },
                {
                    "type": "tuple",
                    "values": [
                        0.01909010105335033,
                        0.01687038170903523
                    ]
                },
                {
                    "type": "tuple",
                    "values": [
                        0.03644793264217981,
                        0.0099241396095846
                    ]
                },
                {
                    "type": "tuple",
                    "values": [
                        0.02797365072486304,
                        0.04640689080002
                    ]
                },
                {
                    "type": "tuple",
                    "values": [
                        0.025983731218396762,
                        0.015426966673211848
                    ]
                },
                {
                    "type": "tuple",
                    "values": [
                        0.033638373683529996,
                        0.012059578560890204
                    ]
                },
                {
                    "type": "tuple",
                    "values": [
                        0.007882236216781174,
                        0.01890896170753882
                    ]
                },
                {
                    "type": "tuple",
                    "values": [
                        0.006969293946335119,
                        0.019566111995969998
                    ]
                },
                {
                    "type": "tuple",
                    "values": [
                        0.05420850653176579,
                        0.008929939502787282
                    ]
                },
                {
                    "type": "tuple",
                    "values": [
                        0.00936232685754819,
                        0.08731488443091447
                    ]
                },
                {
                    "type": "tuple",
                    "values": [
                        0.018292803582890003,
                        0.04509749618538295
                    ]
                },
                {
                    "type": "tuple",
                    "values": [
                        0.04483479194841564,
                        0.01740494019378
                    ]
                },
                {
                    "type": "tuple",
                    "values": [
                        0.016319100828727236,
                        0.018597811511061088
                    ]
                },
                {
                    "type": "tuple",
                    "values": [
                        0.013568957346134591,
                        0.04597138179583804
                    ]
                }
            ]
        },
        "model": null,
        "log_evidence": -194.43887587079288,
        "values_at_sigma_3": {
            "type": "list",
            "values": [
                {
                    "type": "tuple",
                    "values": [
                        -0.004392973192901837,
                        0.0007988425123220879
                    ]
                },
                {
                    "type": "tuple",
                    "values": [
                        -0.00347384538364,
                        0.0005861524302
                    ]
                },
                {
                    "type": "tuple",
                    "values": [
                        -0.00692514731426,
                        0.006535843699030074
                    ]
                },
                {
                    "type": "tuple",
                    "values": [
                        -0.021488778329129203,
                        -0.0013069098033621882
                    ]
                },
                {
                    "type": "tuple",
                    "values": [
                        -0.0034111122079034948,
                        0.004963388460438965
                    ]
                },
                {
                    "type": "tuple",
                    "values": [
                        -0.0033192963362,
                        0.0017185606875566766
                    ]
                },
                {
                    "type": "tuple",
                    "values": [
                        -0.002393444168238777,
                        0.00449276360547301
                    ]
                },
                {
                    "type": "tuple",
                    "values": [
                        -0.0006692432339773774,
                        0.004446721322709688
                    ]
                },
                {
                    "type": "tuple",
                    "values": [
                        -0.06970919742886675,
                        -0.048491783283573384
                    ]
                },
                {
                    "type": "tuple",
                    "values": [
                        -0.056786912356027404,
                        -0.03181545383828689
                    ]
                },
                {
                    "type": "tuple",
                    "values": [
                        -0.00632593047446,
                        0.01056749371698
                    ]
                },
                {
                    "type": "tuple",
                    "values": [
                        -0.00419634096732,
                        0.012796389173720633
                    ]
                },
                {
                    "type": "tuple",
                    "values": [
                        -0.013479898907246855,
                        0.00937743922328
                    ]
                },
                {
                    "type": "tuple",
                    "values": [
                        -0.02103587917673,
                        0.00514732786407
                    ]
                },
                {
                    "type": "tuple",
                    "values": [
                        -0.00028744065713816466,
                        0.0247095798771
                    ]
                },
                {
                    "type": "tuple",
                    "values": [
                        -0.06536333933107742,
                        -0.050402364659376225
                    ]
                },
                {
                    "type": "tuple",
                    "values": [
                        -0.03926735229156573,
                        -0.00461979135555
                    ]
                },
                {
                    "type": "tuple",
                    "values": [
                        -0.01957049850066,
                        0.01974480678256064
                    ]
                },
                {
                    "type": "tuple",
                    "values": [
                        0.003839214176097314,
                        0.04322298685242561
                    ]
                },
                {
                    "type": "tuple",
                    "values": [
                        0.03153995342594,
                        0.06750043618832556
                    ]
                },
                {
                    "type": "tuple",
                    "values": [
                        -0.06351636496778981,
                        -0.0171442927160254
                    ]
                },
                {
                    "type": "tuple",
                    "values": [
                        -0.06038271612290304,
                        0.01399782540198
                    ]
                },
                {
                    "type": "tuple",
                    "values": [
                        -0.02792792458998676,
                        0.013482773301621847
                    ]
                },
                {
                    "type": "tuple",
                    "values": [
                        -0.04480694546755,
                        0.0008910067768702041
                    ]
                },
                {
                    "type": "tuple",
                    "values": [
                        0.0050863790664,
                        0.03187757699072
                    ]
                },
                {
                    "type": "tuple",
                    "values": [
                        0.003395566506484881,
                        0.02993097244879
                    ]
                },
                {
                    "type": "tuple",
                    "values": [
                        -0.1258454904492,
                        -0.06270704441464692
                    ]
                },
                {
                    "type": "tuple",
                    "values": [
                        -0.07195907586058506,
                        0.024718135427877597
                    ]
                },
                {
                    "type": "tuple",
                    "values": [
                        -0.05169880355759,
                        0.011691496210682951
                    ]
                },
                {
                    "type": "tuple",
                    "values": [
                        -0.007656462990035642,
                        0.05458326915216
                    ]
                },
                {
                    "type": "tuple",
                    "values": [
                        -0.0020704679995272378,
                        0.032846444340261086
                    ]
                },
                {
                    "type": "tuple",
                    "values": [
                        -0.029153659075582632,
                        0.03038668006639
                    ]
                }
            ]
        },
        "max_log_likelihood_sample": {
            "type": "instance",
            "class_path": "autofit.non_linear.samples.sample.Sample",
            "arguments": {
                "log_likelihood": -131.18310368901678,
                "log_prior": 0.0,
                "weight": 0.0009643586183812899,
                "kwargs": {
                    "type": "dict",
                    "arguments": {
                        "ellipses.ellipse_4.centre.centre_0": -0.00217026025391,
                        "ellipses.ellipse_4.centre.centre_1": -0.0018213096243,
                        "ellipses.ellipse_0.ell_comps.ell_comps_0": 0.00167817815969,
                        "ellipses.ellipse_0.ell_comps.ell_comps_1": -0.01359374378897,
                        "multipoles.0.multipole_3.multipole_comps.multipole_comps_0": -0.00022388853159,
                        "multipoles.0.multipole_3.multipole_comps.multipole_comps_1": -0.0015998480189,
                        "multipoles.0.multipole_4.multipole_comps.multipole_comps_0": -0.00012263701959,
                        "multipoles.0.multipole_4.multipole_comps.multipole_comps_1": 0.00112942211059,
                        "ellipses.ellipse_1.ell_comps.ell_comps_0": -0.05544783976353,
                        "ellipses.ellipse_1.ell_comps.ell_comps_1": -0.04346609594368,
                        "multipoles.1.multipole_3.multipole_comps.multipole_comps_0": 0.00309674666378,
                        "multipoles.1.multipole_3.multipole_comps.multipole_comps_1": 0.0040171166555,
                        "multipoles.1.multipole_4.multipole_comps.multipole_comps_0": -0.00023164808106,
                        "multipoles.1.multipole_4.multipole_comps.multipole_comps_1": -0.01279570741109,
                        "ellipses.ellipse_2.ell_comps.ell_comps_0": 0.014648109946,
                        "ellipses.ellipse_2.ell_comps.ell_comps_1": -0.05881675046549,
                        "multipoles.2.multipole_3.multipole_comps.multipole_comps_0": -0.02604112878535,
                        "multipoles.2.multipole_3.multipole_comps.multipole_comps_1": -0.00723288466824,
                        "multipoles.2.multipole_4.multipole_comps.multipole_comps_0": 0.03035144678578,
                        "multipoles.2.multipole_4.multipole_comps.multipole_comps_1": 0.04734292212315,
                        "ellipses.ellipse_3.ell_comps.ell_comps_0": -0.02592675140731,
                        "ellipses.ellipse_3.ell_comps.ell_comps_1": -0.03265840533803,
                        "multipoles.3.multipole_3.multipole_comps.multipole_comps_0": -0.00210676711471,
                        "multipoles.3.multipole_3.multipole_comps.multipole_comps_1": -0.01404770801789,
                        "multipoles.3.multipole_4.multipole_comps.multipole_comps_0": 0.01032417347495,
                        "multipoles.3.multipole_4.multipole_comps.multipole_comps_1": 0.01230252102908,
                        "ellipses.ellipse_4.ell_comps.ell_comps_0": -0.07255450308649,
                        "ellipses.ellipse_4.ell_comps.ell_comps_1": -0.06420761662053,
                        "multipoles.4.multipole_3.multipole_comps.multipole_comps_0": -0.03163628189782,
                        "multipoles.4.multipole_3.multipole_comps.multipole_comps_1": 0.03500034797515,
                        "multipoles.4.multipole_4.multipole_comps.multipole_comps_0": 0.01643513118993,
                        "multipoles.4.multipole_4.multipole_comps.multipole_comps_1": -0.01138932524814
                    }
                }
            }
        }
    }
}