{
    "type": "instance",
    "class_path": "autofit.non_linear.samples.summary.SamplesSummary",
    "arguments": {
        "values_at_sigma_3": {
            "type": "list",
            "values": [
                {
                    "type": "tuple",
                    "values": [
                        0.08667409862939679,
                        0.10215543003127028
                    ]
                },
                {
                    "type": "tuple",
                    "values": [
                        -0.08725343346237,
                        -0.07347286226286487
                    ]
                }
            ]
        },
        "errors_at_sigma_1": {
            "type": "list",
            "values": [
                {
                    "type": "tuple",
                    "values": [
                        0.0026307641628200013,
                        0.0021844502618820483
                    ]
                },
                {
                    "type": "tuple",
                    "values": [
                        0.0022431445758918783,
                        0.002873314724412712
                    ]
                }
            ]
        },
        "model": null,
        "values_at_sigma_1": {
            "type": "list",
            "values": [
                {
                    "type": "tuple",
                    "values": [
                        0.09223309860822,
                        0.09704831303292205
                    ]
                },
                {
                    "type": "tuple",
                    "values": [
                        -0.0831619375722,
                        -0.07804547827189541
                    ]
                }
            ]
        },
        "errors_at_sigma_3": {
            "type": "list",
            "values": [
                {
                    "type": "tuple",
                    "values": [
                        0.008189764141643213,
                        0.007291567260230281
                    ]
                },
                {
                    "type": "tuple",
                    "values": [
                        0.006334640466061872,
                        0.007445930733443254
                    ]
                }
            ]
        },
        "max_log_likelihood_sample": {
            "type": "instance",
            "class_path": "autofit.non_linear.samples.sample.Sample",
            "arguments": {
                "log_likelihood": -25.69729937607434,
                "log_prior": 0.0,
                "weight": 0.0009779956860720056,
                "kwargs": {
                    "type": "dict",
                    "arguments": {
                        "ellipses.0.ell_comps.ell_comps_0": 0.09492091023772,
                        "ellipses.0.ell_comps.ell_comps_1": -0.08054149515076
                    }
                }
            }
        },
        "log_evidence": -35.94257160167397,
        "median_pdf_sample": {
            "type": "instance",
            "class_path": "autofit.non_linear.samples.sample.Sample",
            "arguments": {
                "log_likelihood": -25.69729937607434,
                "log_prior": 0.0,
                "weight": 0.0009779956860720056,
                "kwargs": {
                    "type": "dict",
                    "arguments": {
                        "ellipses.0.ell_comps.ell_comps_0": 0.09486386277104,
                        "ellipses.0.ell_comps.ell_comps_1": -0.08091879299630812
                    }
                }
            }
        }
    }
}