{
    "type": "instance",
    "class_path": "autofit.non_linear.samples.summary.SamplesSummary",
    "arguments": {
        "errors_at_sigma_1": {
            "type": "list",
            "values": [
                {
                    "type": "tuple",
                    "values": [
                        0.0025608972872834534,
                        0.009302945021330548
                    ]
                },
                {
                    "type": "tuple",
                    "values": [
                        0.003992142315840469,
                        0.002000388947291626
                    ]
                }
            ]
        },
        "max_log_likelihood_sample": {
            "type": "instance",
            "class_path": "autofit.non_linear.samples.sample.Sample",
            "arguments": {
                "log_likelihood": -52.774946396186024,
                "log_prior": 0.0,
                "weight": 0.0009817883901397134,
                "kwargs": {
                    "type": "dict",
                    "arguments": {
                        "ellipses.0.ell_comps.ell_comps_0": -0.06312386154268,
                        "ellipses.0.ell_comps.ell_comps_1": -0.13221013602521
                    }
                }
            }
        },
        "model": null,
        "errors_at_sigma_3": {
            "type": "list",
            "values": [
                {
                    "type": "tuple",
                    "values": [
                        0.008235374595812653,
                        0.02650130247007184
                    ]
                },
                {
                    "type": "tuple",
                    "values": [
                        0.04236930000992767,
                        0.010040841856292337
                    ]
                }
            ]
        },
        "values_at_sigma_3": {
            "type": "list",
            "values": [
                {
                    "type": "tuple",
                    "values": [
                        -0.06993355156116265,
                        -0.03519687449527816
                    ]
                },
                {
                    "type": "tuple",
                    "values": [
                        -0.17501405350967,
                        -0.12260391164345
                    ]
                }
            ]
        },
        "log_evidence": -64.03448795402686,
        "median_pdf_sample": {
            "type": "instance",
            "class_path": "autofit.non_linear.samples.sample.Sample",
            "arguments": {
                "log_likelihood": -52.774946396186024,
                "log_prior": 0.0,
                "weight": 0.0009817883901397134,
                "kwargs": {
                    "type": "dict",
                    "arguments": {
                        "ellipses.0.ell_comps.ell_comps_0": -0.06169817696535,
                        "ellipses.0.ell_comps.ell_comps_1": -0.13264475349974233
                    }
                }
            }
        },
        "values_at_sigma_1": {
            "type": "list",
            "values": [
                {
                    "type": "tuple",
                    "values": [
                        -0.06425907425263346,
                        -0.05239523194401945
                    ]
                },
                {
                    "type": "tuple",
                    "values": [
                        -0.1366368958155828,
                        -0.1306443645524507
                    ]
                }
            ]
        }
    }
}