{
    "type": "instance",
    "class_path": "autofit.non_linear.samples.summary.SamplesSummary",
    "arguments": {
        "values_at_sigma_3": {
            "type": "list",
            "values": [
                {
                    "type": "tuple",
                    "values": [
                        -0.06850300685309,
                        -0.006396339954470677
                    ]
                },
                {
                    "type": "tuple",
                    "values": [
                        -0.15917228422495816,
                        -0.10280168983155
                    ]
                }
            ]
        },
        "values_at_sigma_1": {
            "type": "list",
            "values": [
                {
                    "type": "tuple",
                    "values": [
                        -0.0586274764028,
                        -0.03802951813430223
                    ]
                },
                {
                    "type": "tuple",
                    "values": [
                        -0.14328451526141994,
                        -0.12972703147081718
                    ]
                }
            ]
        },
        "max_log_likelihood_sample": {
            "type": "instance",
            "class_path": "autofit.non_linear.samples.sample.Sample",
            "arguments": {
                "log_likelihood": -58.72625244132708,
                "log_prior": 0.0,
                "weight": 0.001009022380581274,
                "kwargs": {
                    "type": "dict",
                    "arguments": {
                        "ellipses.0.ell_comps.ell_comps_0": -0.05761376199701,
                        "ellipses.0.ell_comps.ell_comps_1": -0.13970868572465
                    }
                }
            }
        },
        "model": null,
        "errors_at_sigma_1": {
            "type": "list",
            "values": [
                {
                    "type": "tuple",
                    "values": [
                        0.0032649516683299976,
                        0.017333006600167775
                    ]
                },
                {
                    "type": "tuple",
                    "values": [
                        0.003608487175109948,
                        0.009948996615492811
                    ]
                }
            ]
        },
        "errors_at_sigma_3": {
            "type": "list",
            "values": [
                {
                    "type": "tuple",
                    "values": [
                        0.013140482118620005,
                        0.048966184779999325
                    ]
                },
                {
                    "type": "tuple",
                    "values": [
                        0.019496256138648166,
                        0.03687433825476
                    ]
                }
            ]
        },
        "log_evidence": -69.90985285564497,
        "median_pdf_sample": {
            "type": "instance",
            "class_path": "autofit.non_linear.samples.sample.Sample",
            "arguments": {
                "log_likelihood": -58.72625244132708,
                "log_prior": 0.0,
                "weight": 0.001009022380581274,
                "kwargs": {
                    "type": "dict",
                    "arguments": {
                        "ellipses.0.ell_comps.ell_comps_0": -0.05536252473447,
                        "ellipses.0.ell_comps.ell_comps_1": -0.13967602808631
                    }
                }
            }
        }
    }
}