{
    "type": "instance",
    "class_path": "autofit.non_linear.samples.summary.SamplesSummary",
    "arguments": {
        "values_at_sigma_3": {
            "type": "list",
            "values": [
                {
                    "type": "tuple",
                    "values": [
                        0.08704434595921756,
                        0.107382070116108
                    ]
                },
                {
                    "type": "tuple",
                    "values": [
                        -0.0875126333423,
                        -0.06878179738975618
                    ]
                },
                {
                    "type": "tuple",
                    "values": [
                        -0.00827294154165,
                        0.006316368034344033
                    ]
                },
                {
                    "type": "tuple",
                    "values": [
                        -0.006987059966754506,
                        0.00738718699343
                    ]
                },
                {
                    "type": "tuple",
                    "values": [
                        -0.010392706507167369,
                        0.007564090953270194
                    ]
                },
                {
                    "type": "tuple",
                    "values": [
                        -0.004068307512365392,
                        0.013870351737671817
                    ]
                }
            ]
        },
        "model": null,
        "median_pdf_sample": {
            "type": "instance",
            "class_path": "autofit.non_linear.samples.sample.Sample",
            "arguments": {
                "log_likelihood": -24.78978230477455,
                "log_prior": 0.0,
                "weight": 0.0010294175040607102,
                "kwargs": {
                    "type": "dict",
                    "arguments": {
                        "ellipses.0.ell_comps.ell_comps_0": 0.09715151792431848,
                        "ellipses.0.ell_comps.ell_comps_1": -0.07891463970730606,
                        "multipoles.0.multipole_3.multipole_comps.multipole_comps_0": -0.0012337213395154927,
                        "multipoles.0.multipole_3.multipole_comps.multipole_comps_1": -0.00053023604113,
                        "multipoles.0.multipole_4.multipole_comps.multipole_comps_0": -0.0014750279877982328,
                        "multipoles.0.multipole_4.multipole_comps.multipole_comps_1": 0.00455050923299352
                    }
                }
            }
        },
        "log_evidence": -47.990479339621885,
        "errors_at_sigma_3": {
            "type": "list",
            "values": [
                {
                    "type": "tuple",
                    "values": [
                        0.010107171965100914,
                        0.010230552191789519
                    ]
                },
                {
                    "type": "tuple",
                    "values": [
                        0.008597993634993945,
                        0.010132842317549878
                    ]
                },
                {
                    "type": "tuple",
                    "values": [
                        0.007039220202134508,
                        0.007550089373859526
                    ]
                },
                {
                    "type": "tuple",
                    "values": [
                        0.006456823925624505,
                        0.00791742303456
                    ]
                },
                {
                    "type": "tuple",
                    "values": [
                        0.008917678519369136,
                        0.009039118941068427
                    ]
                },
                {
                    "type": "tuple",
                    "values": [
                        0.008618816745358911,
                        0.009319842504678297
                    ]
                }
            ]
        },
        "values_at_sigma_1": {
            "type": "list",
            "values": [
                {
                    "type": "tuple",
                    "values": [
                        0.09418460124012114,
                        0.10067594716698385
                    ]
                },
                {
                    "type": "tuple",
                    "values": [
                        -0.08204223709357,
                        -0.07527523508636794
                    ]
                },
                {
                    "type": "tuple",
                    "values": [
                        -0.0037170395808364632,
                        0.0013727471739912334
                    ]
                },
                {
                    "type": "tuple",
                    "values": [
                        -0.0028747051165794544,
                        0.001934297992271591
                    ]
                },
                {
                    "type": "tuple",
                    "values": [
                        -0.004756094469389069,
                        0.00184611018719
                    ]
                },
                {
                    "type": "tuple",
                    "values": [
                        0.0013581918187,
                        0.007302063198927867
                    ]
                }
            ]
        },
        "max_log_likelihood_sample": {
            "type": "instance",
            "class_path": "autofit.non_linear.samples.sample.Sample",
            "arguments": {
                "log_likelihood": -24.78978230477455,
                "log_prior": 0.0,
                "weight": 0.0010294175040607102,
                "kwargs": {
                    "type": "dict",
                    "arguments": {
                        "ellipses.0.ell_comps.ell_comps_0": 0.09790833724538,
                        "ellipses.0.ell_comps.ell_comps_1": -0.0786335928,
                        "multipoles.0.multipole_3.multipole_comps.multipole_comps_0": -0.00189939368451,
                        "multipoles.0.multipole_3.multipole_comps.multipole_comps_1": 0.00065926942588,
                        "multipoles.0.multipole_4.multipole_comps.multipole_comps_0": -0.00129759046602,
                        "multipoles.0.multipole_4.multipole_comps.multipole_comps_1": 0.00371629494386
                    }
                }
            }
        },
        "errors_at_sigma_1": {
            "type": "list",
            "values": [
                {
                    "type": "tuple",
                    "values": [
                        0.0029669166841973377,
                        0.0035244292426653695
                    ]
                },
                {
                    "type": "tuple",
                    "values": [
                        0.0031275973862639472,
                        0.0036394046209381192
                    ]
                },
                {
                    "type": "tuple",
                    "values": [
                        0.0024833182413209706,
                        0.002606468513506726
                    ]
                },
                {
                    "type": "tuple",
                    "values": [
                        0.0023444690754494545,
                        0.002464534033401591
                    ]
                },
                {
                    "type": "tuple",
                    "values": [
                        0.0032810664815908362,
                        0.0033211381749882326
                    ]
                },
                {
                    "type": "tuple",
                    "values": [
                        0.0031923174142935197,
                        0.0027515539659343476
                    ]
                }
            ]
        }
    }
}