{
    "type": "instance",
    "class_path": "autofit.non_linear.samples.summary.SamplesSummary",
    "arguments": {
        "log_evidence": -62.7396903179111,
        "values_at_sigma_1": {
            "type": "list",
            "values": [
                {
                    "type": "tuple",
                    "values": [
                        -0.14197915562692007,
                        -0.12475783295748
                    ]
                },
                {
                    "type": "tuple",
                    "values": [
                        -0.07857384619926884,
                        -0.06589102523413
                    ]
                },
                {
                    "type": "tuple",
                    "values": [
                        -0.031108379760563788,
                        0.00303954242255
                    ]
                },
                {
                    "type": "tuple",
                    "values": [
                        -0.08434514974941,
                        0.01476887317656
                    ]
                },
                {
                    "type": "tuple",
                    "values": [
                        -0.06118441712639255,
                        -0.015564951857659225
                    ]
                },
                {
                    "type": "tuple",
                    "values": [
                        -0.06075934617617843,
                        -0.007119573584987103
                    ]
                },
                {
                    "type": "tuple",
                    "values": [
                        0.042691123001628146,
                        0.08246280649317493
                    ]
                },
                {
                    "type": "tuple",
                    "values": [
                        -0.06184558852392245,
                        0.049055552177202894
                    ]
                }
            ]
        },
        "model": null,
        "errors_at_sigma_3": {
            "type": "list",
            "values": [
                {
                    "type": "tuple",
                    "values": [
                        0.011582649376320225,
                        0.023925771597514633
                    ]
                },
                {
                    "type": "tuple",
                    "values": [
                        0.017071651463349366,
                        0.02176618317120063
                    ]
                },
                {
                    "type": "tuple",
                    "values": [
                        0.07286892984837,
                        0.09093014128747999
                    ]
                },
                {
                    "type": "tuple",
                    "values": [
                        0.09658098497290982,
                        0.11203293703110617
                    ]
                },
                {
                    "type": "tuple",
                    "values": [
                        0.06264664625223668,
                        0.06957762089723296
                    ]
                },
                {
                    "type": "tuple",
                    "values": [
                        0.06318646875573214,
                        0.08237590493422663
                    ]
                },
                {
                    "type": "tuple",
                    "values": [
                        0.07074995177646441,
                        0.03829998067160559
                    ]
                },
                {
                    "type": "tuple",
                    "values": [
                        0.08955644515627427,
                        0.10341207374617568
                    ]
                }
            ]
        },
        "values_at_sigma_3": {
            "type": "list",
            "values": [
                {
                    "type": "tuple",
                    "values": [
                        -0.14978642347470023,
                        -0.11427800250086537
                    ]
                },
                {
                    "type": "tuple",
                    "values": [
                        -0.08926513956417,
                        -0.05042730492962
                    ]
                },
                {
                    "type": "tuple",
                    "values": [
                        -0.08691666758542,
                        0.07688240355043
                    ]
                },
                {
                    "type": "tuple",
                    "values": [
                        -0.13741650831157,
                        0.07119741369244596
                    ]
                },
                {
                    "type": "tuple",
                    "values": [
                        -0.09863891314432667,
                        0.03358535400514295
                    ]
                },
                {
                    "type": "tuple",
                    "values": [
                        -0.09985081371496823,
                        0.04571155997499054
                    ]
                },
                {
                    "type": "tuple",
                    "values": [
                        -0.00912434414085,
                        0.09992558830722
                    ]
                },
                {
                    "type": "tuple",
                    "values": [
                        -0.09741330085577529,
                        0.09555521804667466
                    ]
                }
            ]
        },
        "errors_at_sigma_1": {
            "type": "list",
            "values": [
                {
                    "type": "tuple",
                    "values": [
                        0.003775381528540067,
                        0.013445941140900003
                    ]
                },
                {
                    "type": "tuple",
                    "values": [
                        0.0063803580984482106,
                        0.006302462866690631
                    ]
                },
                {
                    "type": "tuple",
                    "values": [
                        0.01706064202351379,
                        0.0170872801596
                    ]
                },
                {
                    "type": "tuple",
                    "values": [
                        0.0435096264107498,
                        0.0556043965152202
                    ]
                },
                {
                    "type": "tuple",
                    "values": [
                        0.025192150234302546,
                        0.020427315034430776
                    ]
                },
                {
                    "type": "tuple",
                    "values": [
                        0.024095001216942344,
                        0.029544771374248983
                    ]
                },
                {
                    "type": "tuple",
                    "values": [
                        0.01893448463398626,
                        0.020837198857560524
                    ]
                },
                {
                    "type": "tuple",
                    "values": [
                        0.053988732824421425,
                        0.056912407876703916
                    ]
                }
            ]
        },
        "max_log_likelihood_sample": {
            "type": "instance",
            "class_path": "autofit.non_linear.samples.sample.Sample",
            "arguments": {
                "log_likelihood": -41.86842852518541,
                "log_prior": 0.0,
                "weight": 0.0010617505926397764,
                "kwargs": {
                    "type": "dict",
                    "arguments": {
                        "ellipses.0.ell_comps.ell_comps_0": -0.14156639556295,
                        "ellipses.0.ell_comps.ell_comps_1": -0.07307921211727,
                        "multipoles.0.multipole_1.multipole_comps.multipole_comps_0": -0.02029897617847,
                        "multipoles.0.multipole_1.multipole_comps.multipole_comps_1": -0.08049847337121,
                        "multipoles.0.multipole_3.multipole_comps.multipole_comps_0": -0.03025597989905,
                        "multipoles.0.multipole_3.multipole_comps.multipole_comps_1": -0.04230851016344,
                        "multipoles.0.multipole_4.multipole_comps.multipole_comps_0": 0.0604988596057,
                        "multipoles.0.multipole_4.multipole_comps.multipole_comps_1": 0.01206864406764
                    }
                }
            }
        },
        "median_pdf_sample": {
            "type": "instance",
            "class_path": "autofit.non_linear.samples.sample.Sample",
            "arguments": {
                "log_likelihood": -41.86842852518541,
                "log_prior": 0.0,
                "weight": 0.0010617505926397764,
                "kwargs": {
                    "type": "dict",
                    "arguments": {
                        "ellipses.0.ell_comps.ell_comps_0": -0.13820377409838,
                        "ellipses.0.ell_comps.ell_comps_1": -0.07219348810082063,
                        "multipoles.0.multipole_1.multipole_comps.multipole_comps_0": -0.01404773773705,
                        "multipoles.0.multipole_1.multipole_comps.multipole_comps_1": -0.0408355233386602,
                        "multipoles.0.multipole_3.multipole_comps.multipole_comps_0": -0.03599226689209,
                        "multipoles.0.multipole_3.multipole_comps.multipole_comps_1": -0.03666434495923609,
                        "multipoles.0.multipole_4.multipole_comps.multipole_comps_0": 0.06162560763561441,
                        "multipoles.0.multipole_4.multipole_comps.multipole_comps_1": -0.00785685569950102
                    }
                }
            }
        }
    }
}