{
    "type": "instance",
    "class_path": "autofit.non_linear.samples.summary.SamplesSummary",
    "arguments": {
        "max_log_likelihood_sample": {
            "type": "instance",
            "class_path": "autofit.non_linear.samples.sample.Sample",
            "arguments": {
                "log_likelihood": -743.3606323909091,
                "log_prior": 0.0,
                "weight": 0.0011132447594135856,
                "kwargs": {
                    "type": "dict",
                    "arguments": {
                        "ellipses.ellipse_4.centre.centre_0": 0.00277908431283,
                        "ellipses.ellipse_4.centre.centre_1": 0.00318009645195,
                        "ellipses.ellipse_0.ell_comps.ell_comps_0": -0.11273721598116,
                        "ellipses.ellipse_0.ell_comps.ell_comps_1": 0.01310858506924,
                        "multipoles.0.multipole_3.multipole_comps.multipole_comps_0": 8.739696475e-05,
                        "multipoles.0.multipole_3.multipole_comps.multipole_comps_1": -0.00121099124503,
                        "multipoles.0.multipole_4.multipole_comps.multipole_comps_0": 0.00022750937202,
                        "multipoles.0.multipole_4.multipole_comps.multipole_comps_1": -0.00123938667023,
                        "ellipses.ellipse_1.ell_comps.ell_comps_0": -0.2841626505655,
                        "ellipses.ellipse_1.ell_comps.ell_comps_1": 0.02938901532111,
                        "multipoles.1.multipole_3.multipole_comps.multipole_comps_0": -0.00288712436562,
                        "multipoles.1.multipole_3.multipole_comps.multipole_comps_1": 0.00070098259445,
                        "multipoles.1.multipole_4.multipole_comps.multipole_comps_0": -0.01056234175115,
                        "multipoles.1.multipole_4.multipole_comps.multipole_comps_1": -0.00117172599991,
                        "ellipses.ellipse_2.ell_comps.ell_comps_0": -0.44871853277198,
                        "ellipses.ellipse_2.ell_comps.ell_comps_1": 0.03015176610081,
                        "multipoles.2.multipole_3.multipole_comps.multipole_comps_0": 0.0006841286392,
                        "multipoles.2.multipole_3.multipole_comps.multipole_comps_1": 0.00464346374087,
                        "multipoles.2.multipole_4.multipole_comps.multipole_comps_0": -0.03431526489658,
                        "multipoles.2.multipole_4.multipole_comps.multipole_comps_1": -0.00398475949653,
                        "ellipses.ellipse_3.ell_comps.ell_comps_0": -0.47411898857698,
                        "ellipses.ellipse_3.ell_comps.ell_comps_1": 0.02605941509903,
                        "multipoles.3.multipole_3.multipole_comps.multipole_comps_0": 0.01666957887028,
                        "multipoles.3.multipole_3.multipole_comps.multipole_comps_1": -0.03039130529685,
                        "multipoles.3.multipole_4.multipole_comps.multipole_comps_0": -0.01741876451777,
                        "multipoles.3.multipole_4.multipole_comps.multipole_comps_1": 0.03615752701927,
                        "ellipses.ellipse_4.ell_comps.ell_comps_0": -0.12016813557663,
                        "ellipses.ellipse_4.ell_comps.ell_comps_1": -0.03973788572268,
                        "multipoles.4.multipole_3.multipole_comps.multipole_comps_0": 0.00042012183753,
                        "multipoles.4.multipole_3.multipole_comps.multipole_comps_1": -0.09764906725148,
                        "multipoles.4.multipole_4.multipole_comps.multipole_comps_0": -0.05993022031689,
                        "multipoles.4.multipole_4.multipole_comps.multipole_comps_1": -0.06350477821158
                    }
                }
            }
        },
        "model": null,
        "values_at_sigma_3": {
            "type": "list",
            "values": [
                {
                    "type": "tuple",
                    "values": [
                        0.0016784720118644203,
                        0.0038745532464900755
                    ]
                },
                {
                    "type": "tuple",
                    "values": [
                        0.0016991113647240365,
                        0.004283448898723321
                    ]
                },
                {
                    "type": "tuple",
                    "values": [
                        -0.11564651219004,
                        -0.10623703051482432
                    ]
                },
                {
                    "type": "tuple",
                    "values": [
                        0.008485104131156374,
                        0.02066594996784
                    ]
                },
                {
                    "type": "tuple",
                    "values": [
                        -0.0016101711866119202,
                        0.0016182934672001911
                    ]
                },
                {
                    "type": "tuple",
                    "values": [
                        -0.0028348066418,
                        -0.0003530800469675418
                    ]
                },
                {
                    "type": "tuple",
                    "values": [
                        -0.0010257956115036322,
                        0.0022774702059244665
                    ]
                },
                {
                    "type": "tuple",
                    "values": [
                        -0.00302540767225,
                        0.0009318205604808426
                    ]
                },
                {
                    "type": "tuple",
                    "values": [
                        -0.28746081522890565,
                        -0.2795722300900118
                    ]
                },
                {
                    "type": "tuple",
                    "values": [
                        0.02254893283069,
                        0.03329930850153392
                    ]
                },
                {
                    "type": "tuple",
                    "values": [
                        -0.00490663220547,
                        0.0009276339878073937
                    ]
                },
                {
                    "type": "tuple",
                    "values": [
                        -0.00209275493187,
                        0.0028933855297901853
                    ]
                },
                {
                    "type": "tuple",
                    "values": [
                        -0.01334110568365,
                        -0.006890614758391835
                    ]
                },
                {
                    "type": "tuple",
                    "values": [
                        -0.00490602460865,
                        0.0018982146294908603
                    ]
                },
                {
                    "type": "tuple",
                    "values": [
                        -0.45146895344266175,
                        -0.4452251005380838
                    ]
                },
                {
                    "type": "tuple",
                    "values": [
                        0.0271656182524,
                        0.03416540955347538
                    ]
                },
                {
                    "type": "tuple",
                    "values": [
                        -0.0041945145403,
                        0.004208167076764859
                    ]
                },
                {
                    "type": "tuple",
                    "values": [
                        0.00221565350306,
                        0.0125467571287
                    ]
                },
                {
                    "type": "tuple",
                    "values": [
                        -0.03842710914108361,
                        -0.030215835806890027
                    ]
                },
                {
                    "type": "tuple",
                    "values": [
                        -0.00816897943736,
                        0.0005916612988649211
                    ]
                },
                {
                    "type": "tuple",
                    "values": [
                        -0.47674725106367,
                        -0.45790669384655
                    ]
                },
                {
                    "type": "tuple",
                    "values": [
                        0.01778817602257881,
                        0.033354882840845174
                    ]
                },
                {
                    "type": "tuple",
                    "values": [
                        -0.00511193920166,
                        0.02318441611343
                    ]
                },
                {
                    "type": "tuple",
                    "values": [
                        -0.03882557968676,
                        -0.01097955836192
                    ]
                },
                {
                    "type": "tuple",
                    "values": [
                        -0.0266194393416,
                        0.000476377660911159
                    ]
                },
                {
                    "type": "tuple",
                    "values": [
                        0.020017197199826392,
                        0.04826358851941266
                    ]
                },
                {
                    "type": "tuple",
                    "values": [
                        -0.12539579709151,
                        -0.11250826685193994
                    ]
                },
                {
                    "type": "tuple",
                    "values": [
                        -0.04892633062830083,
                        -0.03143084703395608
                    ]
                },
                {
                    "type": "tuple",
                    "values": [
                        -0.02439651487632,
                        0.028830460727676855
                    ]
                },
                {
                    "type": "tuple",
                    "values": [
                        -0.09993288300887064,
                        -0.0678744862475
                    ]
                },
                {
                    "type": "tuple",
                    "values": [
                        -0.07566705976889862,
                        -0.03728547060600776
                    ]
                },
                {
                    "type": "tuple",
                    "values": [
                        -0.09031066796192258,
                        -0.02255308280606
                    ]
                }
            ]
        },
        "median_pdf_sample": {
            "type": "instance",
            "class_path": "autofit.non_linear.samples.sample.Sample",
            "arguments": {
                "log_likelihood": -743.3606323909091,
                "log_prior": 0.0,
                "weight": 0.0011132447594135856,
                "kwargs": {
                    "type": "dict",
                    "arguments": {
                        "ellipses.ellipse_4.centre.centre_0": 0.00272457494047,
                        "ellipses.ellipse_4.centre.centre_1": 0.00307856046608,
                        "ellipses.ellipse_0.ell_comps.ell_comps_0": -0.11121426074401644,
                        "ellipses.ellipse_0.ell_comps.ell_comps_1": 0.014346750326205979,
                        "multipoles.0.multipole_3.multipole_comps.multipole_comps_0": -0.00013471675107638224,
                        "multipoles.0.multipole_3.multipole_comps.multipole_comps_1": -0.00151833266122,
                        "multipoles.0.multipole_4.multipole_comps.multipole_comps_0": 0.000655816703901781,
                        "multipoles.0.multipole_4.multipole_comps.multipole_comps_1": -0.0010434911719055617,
                        "ellipses.ellipse_1.ell_comps.ell_comps_0": -0.28356455450944,
                        "ellipses.ellipse_1.ell_comps.ell_comps_1": 0.02866785199809,
                        "multipoles.1.multipole_3.multipole_comps.multipole_comps_0": -0.001870693710221862,
                        "multipoles.1.multipole_3.multipole_comps.multipole_comps_1": 0.000555787308240826,
                        "multipoles.1.multipole_4.multipole_comps.multipole_comps_0": -0.01034434125572859,
                        "multipoles.1.multipole_4.multipole_comps.multipole_comps_1": -0.00159884576748,
                        "ellipses.ellipse_2.ell_comps.ell_comps_0": -0.44817210062739,
                        "ellipses.ellipse_2.ell_comps.ell_comps_1": 0.03046978669136,
                        "multipoles.2.multipole_3.multipole_comps.multipole_comps_0": 0.00015912099422,
                        "multipoles.2.multipole_3.multipole_comps.multipole_comps_1": 0.00757061256812,
                        "multipoles.2.multipole_4.multipole_comps.multipole_comps_0": -0.03438928815879,
                        "multipoles.2.multipole_4.multipole_comps.multipole_comps_1": -0.004001909075593903,
                        "ellipses.ellipse_3.ell_comps.ell_comps_0": -0.4694481745493317,
                        "ellipses.ellipse_3.ell_comps.ell_comps_1": 0.025154059458150153,
                        "multipoles.3.multipole_3.multipole_comps.multipole_comps_0": 0.01022930496043,
                        "multipoles.3.multipole_3.multipole_comps.multipole_comps_1": -0.025920211789221794,
                        "multipoles.3.multipole_4.multipole_comps.multipole_comps_0": -0.012881236369397881,
                        "multipoles.3.multipole_4.multipole_comps.multipole_comps_1": 0.03320774562821,
                        "ellipses.ellipse_4.ell_comps.ell_comps_0": -0.12116741317086419,
                        "ellipses.ellipse_4.ell_comps.ell_comps_1": -0.03951517305612,
                        "multipoles.4.multipole_3.multipole_comps.multipole_comps_0": -0.0006453227101179418,
                        "multipoles.4.multipole_3.multipole_comps.multipole_comps_1": -0.09125360592355952,
                        "multipoles.4.multipole_4.multipole_comps.multipole_comps_0": -0.05842943182602141,
                        "multipoles.4.multipole_4.multipole_comps.multipole_comps_1": -0.06069072914885593
                    }
                }
            }
        },
        "errors_at_sigma_3": {
            "type": "list",
            "values": [
                {
                    "type": "tuple",
                    "values": [
                        0.0010461029286055797,
                        0.0011499783060200755
                    ]
                },
                {
                    "type": "tuple",
                    "values": [
                        0.0013794491013559634,
                        0.0012048884326433212
                    ]
                },
                {
                    "type": "tuple",
                    "values": [
                        0.0044322514460235635,
                        0.004977230229192123
                    ]
                },
                {
                    "type": "tuple",
                    "values": [
                        0.005861646195049605,
                        0.0063191996416340195
                    ]
                },
                {
                    "type": "tuple",
                    "values": [
                        0.001475454435535538,
                        0.0017530102182765734
                    ]
                },
                {
                    "type": "tuple",
                    "values": [
                        0.0013164739805799999,
                        0.0011652526142524582
                    ]
                },
                {
                    "type": "tuple",
                    "values": [
                        0.001681612315405413,
                        0.0016216535020226854
                    ]
                },
                {
                    "type": "tuple",
                    "values": [
                        0.001981916500344438,
                        0.0019753117323864046
                    ]
                },
                {
                    "type": "tuple",
                    "values": [
                        0.0038962607194656385,
                        0.003992324419428206
                    ]
                },
                {
                    "type": "tuple",
                    "values": [
                        0.0061189191674000006,
                        0.004631456503443918
                    ]
                },
                {
                    "type": "tuple",
                    "values": [
                        0.003035938495248138,
                        0.0027983276980292557
                    ]
                },
                {
                    "type": "tuple",
                    "values": [
                        0.002648542240110826,
                        0.0023375982215493593
                    ]
                },
                {
                    "type": "tuple",
                    "values": [
                        0.002996764427921411,
                        0.003453726497336754
                    ]
                },
                {
                    "type": "tuple",
                    "values": [
                        0.0033071788411700004,
                        0.0034970603969708604
                    ]
                },
                {
                    "type": "tuple",
                    "values": [
                        0.0032968528152717558,
                        0.0029470000893062065
                    ]
                },
                {
                    "type": "tuple",
                    "values": [
                        0.00330416843896,
                        0.003695622862115378
                    ]
                },
                {
                    "type": "tuple",
                    "values": [
                        0.00435363553452,
                        0.004049046082544859
                    ]
                },
                {
                    "type": "tuple",
                    "values": [
                        0.00535495906506,
                        0.004976144560580001
                    ]
                },
                {
                    "type": "tuple",
                    "values": [
                        0.004037820982293612,
                        0.004173452351899972
                    ]
                },
                {
                    "type": "tuple",
                    "values": [
                        0.004167070361766097,
                        0.004593570374458824
                    ]
                },
                {
                    "type": "tuple",
                    "values": [
                        0.00729907651433831,
                        0.011541480702781715
                    ]
                },
                {
                    "type": "tuple",
                    "values": [
                        0.007365883435571343,
                        0.008200823382695021
                    ]
                },
                {
                    "type": "tuple",
                    "values": [
                        0.015341244162089998,
                        0.012955111153000002
                    ]
                },
                {
                    "type": "tuple",
                    "values": [
                        0.012905367897538208,
                        0.014940653427301795
                    ]
                },
                {
                    "type": "tuple",
                    "values": [
                        0.013738202972202119,
                        0.01335761403030904
                    ]
                },
                {
                    "type": "tuple",
                    "values": [
                        0.01319054842838361,
                        0.01505584289120266
                    ]
                },
                {
                    "type": "tuple",
                    "values": [
                        0.004228383920645812,
                        0.00865914631892424
                    ]
                },
                {
                    "type": "tuple",
                    "values": [
                        0.009411157572180834,
                        0.00808432602216392
                    ]
                },
                {
                    "type": "tuple",
                    "values": [
                        0.02375119216620206,
                        0.029475783437794795
                    ]
                },
                {
                    "type": "tuple",
                    "values": [
                        0.008679277085311118,
                        0.023379119676059518
                    ]
                },
                {
                    "type": "tuple",
                    "values": [
                        0.017237627942877212,
                        0.02114396122001365
                    ]
                },
                {
                    "type": "tuple",
                    "values": [
                        0.029619938813066647,
                        0.038137646342795935
                    ]
                }
            ]
        },
        "log_evidence": -839.8946856062107,
        "errors_at_sigma_1": {
            "type": "list",
            "values": [
                {
                    "type": "tuple",
                    "values": [
                        0.00033757532292551977,
                        0.00036802913295999997
                    ]
                },
                {
                    "type": "tuple",
                    "values": [
                        0.00041342388467,
                        0.00044777544177195374
                    ]
                },
                {
                    "type": "tuple",
                    "values": [
                        0.0016941253369035653,
                        0.0017229278679664478
                    ]
                },
                {
                    "type": "tuple",
                    "values": [
                        0.002191302403345979,
                        0.0021342242659589585
                    ]
                },
                {
                    "type": "tuple",
                    "values": [
                        0.0005619762717436177,
                        0.0005568505125059305
                    ]
                },
                {
                    "type": "tuple",
                    "values": [
                        0.0004907868789399998,
                        0.00045902656433
                    ]
                },
                {
                    "type": "tuple",
                    "values": [
                        0.000480848261071781,
                        0.000506518131018219
                    ]
                },
                {
                    "type": "tuple",
                    "values": [
                        0.0006319405770644382,
                        0.0007190068646455618
                    ]
                },
                {
                    "type": "tuple",
                    "values": [
                        0.0015024545314599735,
                        0.0013695597672644388
                    ]
                },
                {
                    "type": "tuple",
                    "values": [
                        0.0019087514854000016,
                        0.001681995567259998
                    ]
                },
                {
                    "type": "tuple",
                    "values": [
                        0.0009374513911881378,
                        0.0009375581386618621
                    ]
                },
                {
                    "type": "tuple",
                    "values": [
                        0.000793937655317795,
                        0.0007505831132756384
                    ]
                },
                {
                    "type": "tuple",
                    "values": [
                        0.0011424650608314098,
                        0.0011048545576785897
                    ]
                },
                {
                    "type": "tuple",
                    "values": [
                        0.0011193600248885294,
                        0.0011074242080075813
                    ]
                },
                {
                    "type": "tuple",
                    "values": [
                        0.0010422659164914805,
                        0.0009450968353980072
                    ]
                },
                {
                    "type": "tuple",
                    "values": [
                        0.0012308859831399975,
                        0.001151875379538158
                    ]
                },
                {
                    "type": "tuple",
                    "values": [
                        0.0013687079907362134,
                        0.00141970112124
                    ]
                },
                {
                    "type": "tuple",
                    "values": [
                        0.0015436654976008915,
                        0.0017100771682499998
                    ]
                },
                {
                    "type": "tuple",
                    "values": [
                        0.0013984294455612264,
                        0.0014207760983585282
                    ]
                },
                {
                    "type": "tuple",
                    "values": [
                        0.0014296959492591,
                        0.0016421918312339032
                    ]
                },
                {
                    "type": "tuple",
                    "values": [
                        0.0028920519324683314,
                        0.0034534505887523492
                    ]
                },
                {
                    "type": "tuple",
                    "values": [
                        0.0025440602490834734,
                        0.002541896224679846
                    ]
                },
                {
                    "type": "tuple",
                    "values": [
                        0.0050326980869607905,
                        0.0044184976429807316
                    ]
                },
                {
                    "type": "tuple",
                    "values": [
                        0.0041130704255381775,
                        0.004265893747501793
                    ]
                },
                {
                    "type": "tuple",
                    "values": [
                        0.004865493228572118,
                        0.005202133500372813
                    ]
                },
                {
                    "type": "tuple",
                    "values": [
                        0.004476448327907848,
                        0.004848523346019998
                    ]
                },
                {
                    "type": "tuple",
                    "values": [
                        0.0012894746659996154,
                        0.001402600832172099
                    ]
                },
                {
                    "type": "tuple",
                    "values": [
                        0.0017637010375316162,
                        0.002069548130619707
                    ]
                },
                {
                    "type": "tuple",
                    "values": [
                        0.007558113018672296,
                        0.009707174934743209
                    ]
                },
                {
                    "type": "tuple",
                    "values": [
                        0.004830744921305433,
                        0.005757091283039528
                    ]
                },
                {
                    "type": "tuple",
                    "values": [
                        0.0055343171578185885,
                        0.006158375401356747
                    ]
                },
                {
                    "type": "tuple",
                    "values": [
                        0.00911533797663009,
                        0.014322330649748458
                    ]
                }
            ]
        },
        "values_at_sigma_1": {
            "type": "list",
            "values": [
                {
                    "type": "tuple",
                    "values": [
                        0.0023869996175444803,
                        0.00309260407343
                    ]
                },
                {
                    "type": "tuple",
                    "values": [
                        0.00266513658141,
                        0.0035263359078519536
                    ]
                },
                {
                    "type": "tuple",
                    "values": [
                        -0.11290838608092,
                        -0.10949133287605
                    ]
                },
                {
                    "type": "tuple",
                    "values": [
                        0.01215544792286,
                        0.016480974592164938
                    ]
                },
                {
                    "type": "tuple",
                    "values": [
                        -0.00069669302282,
                        0.00042213376142954826
                    ]
                },
                {
                    "type": "tuple",
                    "values": [
                        -0.00200911954016,
                        -0.00105930609689
                    ]
                },
                {
                    "type": "tuple",
                    "values": [
                        0.00017496844283,
                        0.00116233483492
                    ]
                },
                {
                    "type": "tuple",
                    "values": [
                        -0.00167543174897,
                        -0.00032448430726
                    ]
                },
                {
                    "type": "tuple",
                    "values": [
                        -0.2850670090409,
                        -0.2821949947421756
                    ]
                },
                {
                    "type": "tuple",
                    "values": [
                        0.02675910051269,
                        0.03034984756535
                    ]
                },
                {
                    "type": "tuple",
                    "values": [
                        -0.00280814510141,
                        -0.00093313557156
                    ]
                },
                {
                    "type": "tuple",
                    "values": [
                        -0.00023815034707696907,
                        0.0013063704215164644
                    ]
                },
                {
                    "type": "tuple",
                    "values": [
                        -0.01148680631656,
                        -0.00923948669805
                    ]
                },
                {
                    "type": "tuple",
                    "values": [
                        -0.0027182057923685293,
                        -0.0004914215594724185
                    ]
                },
                {
                    "type": "tuple",
                    "values": [
                        -0.44921436654388147,
                        -0.447227003791992
                    ]
                },
                {
                    "type": "tuple",
                    "values": [
                        0.02923890070822,
                        0.03162166207089816
                    ]
                },
                {
                    "type": "tuple",
                    "values": [
                        -0.0012095869965162134,
                        0.00157882211546
                    ]
                },
                {
                    "type": "tuple",
                    "values": [
                        0.006026947070519108,
                        0.00928068973637
                    ]
                },
                {
                    "type": "tuple",
                    "values": [
                        -0.035787717604351225,
                        -0.03296851206043147
                    ]
                },
                {
                    "type": "tuple",
                    "values": [
                        -0.005431605024853003,
                        -0.00235971724436
                    ]
                },
                {
                    "type": "tuple",
                    "values": [
                        -0.4723402264818,
                        -0.46599472396057934
                    ]
                },
                {
                    "type": "tuple",
                    "values": [
                        0.02260999920906668,
                        0.02769595568283
                    ]
                },
                {
                    "type": "tuple",
                    "values": [
                        0.005196606873469209,
                        0.01464780260341073
                    ]
                },
                {
                    "type": "tuple",
                    "values": [
                        -0.03003328221475997,
                        -0.02165431804172
                    ]
                },
                {
                    "type": "tuple",
                    "values": [
                        -0.01774672959797,
                        -0.007679102869025068
                    ]
                },
                {
                    "type": "tuple",
                    "values": [
                        0.028731297300302154,
                        0.03805626897423
                    ]
                },
                {
                    "type": "tuple",
                    "values": [
                        -0.1224568878368638,
                        -0.11976481233869209
                    ]
                },
                {
                    "type": "tuple",
                    "values": [
                        -0.041278874093651614,
                        -0.03744562492550029
                    ]
                },
                {
                    "type": "tuple",
                    "values": [
                        -0.008203435728790238,
                        0.009061852224625267
                    ]
                },
                {
                    "type": "tuple",
                    "values": [
                        -0.09608435084486495,
                        -0.08549651464052
                    ]
                },
                {
                    "type": "tuple",
                    "values": [
                        -0.06396374898384,
                        -0.05227105642466466
                    ]
                },
                {
                    "type": "tuple",
                    "values": [
                        -0.06980606712548602,
                        -0.046368398499107476
                    ]
                }
            ]
        }
    }
}