{
    "type": "instance",
    "class_path": "autofit.non_linear.samples.summary.SamplesSummary",
    "arguments": {
        "values_at_sigma_3": {
            "type": "list",
            "values": [
                {
                    "type": "tuple",
                    "values": [
                        0.07156439263576984,
                        0.09312994976905344
                    ]
                },
                {
                    "type": "tuple",
                    "values": [
                        -0.06798223960220741,
                        -0.04993775919587231
                    ]
                },
                {
                    "type": "tuple",
                    "values": [
                        -0.002089972951449707,
                        0.0068327631792843456
                    ]
                },
                {
                    "type": "tuple",
                    "values": [
                        -0.00247938290853,
                        0.00608530707849
                    ]
                },
                {
                    "type": "tuple",
                    "values": [
                        -0.004808300137605453,
                        0.007076259833255505
                    ]
                },
                {
                    "type": "tuple",
                    "values": [
                        -0.003411584911184313,
                        0.007539742217767053
                    ]
                }
            ]
        },
        "model": null,
        "median_pdf_sample": {
            "type": "instance",
            "class_path": "autofit.non_linear.samples.sample.Sample",
            "arguments": {
                "log_likelihood": -29.32595193694069,
                "log_prior": 0.0,
                "weight": 0.0010151537188498251,
                "kwargs": {
                    "type": "dict",
                    "arguments": {
                        "ellipses.0.ell_comps.ell_comps_0": 0.08225808094535,
                        "ellipses.0.ell_comps.ell_comps_1": -0.05812453048912888,
                        "multipoles.0.multipole_3.multipole_comps.multipole_comps_0": 0.00231134518922,
                        "multipoles.0.multipole_3.multipole_comps.multipole_comps_1": 0.0016765309842705976,
                        "multipoles.0.multipole_4.multipole_comps.multipole_comps_0": 0.00109383760754,
                        "multipoles.0.multipole_4.multipole_comps.multipole_comps_1": 0.002153256560121532
                    }
                }
            }
        },
        "log_evidence": -54.47310081662251,
        "errors_at_sigma_3": {
            "type": "list",
            "values": [
                {
                    "type": "tuple",
                    "values": [
                        0.01069368830958016,
                        0.010871868823703432
                    ]
                },
                {
                    "type": "tuple",
                    "values": [
                        0.009857709113078532,
                        0.008186771293256567
                    ]
                },
                {
                    "type": "tuple",
                    "values": [
                        0.004401318140669707,
                        0.004521417990064345
                    ]
                },
                {
                    "type": "tuple",
                    "values": [
                        0.004155913892800598,
                        0.004408776094219403
                    ]
                },
                {
                    "type": "tuple",
                    "values": [
                        0.005902137745145452,
                        0.005982422225715505
                    ]
                },
                {
                    "type": "tuple",
                    "values": [
                        0.005564841471305845,
                        0.005386485657645521
                    ]
                }
            ]
        },
        "values_at_sigma_1": {
            "type": "list",
            "values": [
                {
                    "type": "tuple",
                    "values": [
                        0.07903256557604064,
                        0.08533907855489985
                    ]
                },
                {
                    "type": "tuple",
                    "values": [
                        -0.061610152998162276,
                        -0.055126112926596804
                    ]
                },
                {
                    "type": "tuple",
                    "values": [
                        0.00086244044958,
                        0.003847721250511172
                    ]
                },
                {
                    "type": "tuple",
                    "values": [
                        9.21388036305552e-05,
                        0.003184285708874188
                    ]
                },
                {
                    "type": "tuple",
                    "values": [
                        -0.0011243222965694043,
                        0.00316215653905
                    ]
                },
                {
                    "type": "tuple",
                    "values": [
                        0.00020135963349,
                        0.004145070222671957
                    ]
                }
            ]
        },
        "max_log_likelihood_sample": {
            "type": "instance",
            "class_path": "autofit.non_linear.samples.sample.Sample",
            "arguments": {
                "log_likelihood": -29.32595193694069,
                "log_prior": 0.0,
                "weight": 0.0010151537188498251,
                "kwargs": {
                    "type": "dict",
                    "arguments": {
                        "ellipses.0.ell_comps.ell_comps_0": 0.08136474538708,
                        "ellipses.0.ell_comps.ell_comps_1": -0.05814982547872,
                        "multipoles.0.multipole_3.multipole_comps.multipole_comps_0": 0.00240037426738,
                        "multipoles.0.multipole_3.multipole_comps.multipole_comps_1": 0.00089010098246,
                        "multipoles.0.multipole_4.multipole_comps.multipole_comps_0": 0.000597957788,
                        "multipoles.0.multipole_4.multipole_comps.multipole_comps_1": 0.00183592273959
                    }
                }
            }
        },
        "errors_at_sigma_1": {
            "type": "list",
            "values": [
                {
                    "type": "tuple",
                    "values": [
                        0.003225515369309359,
                        0.003080997609549843
                    ]
                },
                {
                    "type": "tuple",
                    "values": [
                        0.0034856225090333995,
                        0.0029984175625320728
                    ]
                },
                {
                    "type": "tuple",
                    "values": [
                        0.0014489047396400003,
                        0.0015363760612911717
                    ]
                },
                {
                    "type": "tuple",
                    "values": [
                        0.0015843921806400424,
                        0.0015077547246035903
                    ]
                },
                {
                    "type": "tuple",
                    "values": [
                        0.0022181599041094045,
                        0.00206831893151
                    ]
                },
                {
                    "type": "tuple",
                    "values": [
                        0.0019518969266315322,
                        0.001991813662550425
                    ]
                }
            ]
        }
    }
}