{
    "type": "instance",
    "class_path": "autofit.non_linear.samples.summary.SamplesSummary",
    "arguments": {
        "max_log_likelihood_sample": {
            "type": "instance",
            "class_path": "autofit.non_linear.samples.sample.Sample",
            "arguments": {
                "log_likelihood": -43.536128881897255,
                "log_prior": 0.0,
                "weight": 0.0010033345595138,
                "kwargs": {
                    "type": "dict",
                    "arguments": {
                        "ellipses.0.ell_comps.ell_comps_0": -0.09755357773941,
                        "ellipses.0.ell_comps.ell_comps_1": -0.05583138611086,
                        "multipoles.0.multipole_1.multipole_comps.multipole_comps_0": 0.0011929759392,
                        "multipoles.0.multipole_1.multipole_comps.multipole_comps_1": -0.00392794168988,
                        "multipoles.0.multipole_3.multipole_comps.multipole_comps_0": -0.00913741491724,
                        "multipoles.0.multipole_3.multipole_comps.multipole_comps_1": -0.00471722322347,
                        "multipoles.0.multipole_4.multipole_comps.multipole_comps_0": -0.00524472075537,
                        "multipoles.0.multipole_4.multipole_comps.multipole_comps_1": -0.00687482664269
                    }
                }
            }
        },
        "errors_at_sigma_3": {
            "type": "list",
            "values": [
                {
                    "type": "tuple",
                    "values": [
                        0.007957482264038515,
                        0.007418277600261966
                    ]
                },
                {
                    "type": "tuple",
                    "values": [
                        0.007121190375691311,
                        0.008299932882493886
                    ]
                },
                {
                    "type": "tuple",
                    "values": [
                        0.02575494252485167,
                        0.030246506194129916
                    ]
                },
                {
                    "type": "tuple",
                    "values": [
                        0.020104699888952585,
                        0.021802969418176884
                    ]
                },
                {
                    "type": "tuple",
                    "values": [
                        0.019022084346849526,
                        0.02283474292177069
                    ]
                },
                {
                    "type": "tuple",
                    "values": [
                        0.024996001822839314,
                        0.029700781060447153
                    ]
                },
                {
                    "type": "tuple",
                    "values": [
                        0.0263666670514398,
                        0.022381672576895058
                    ]
                },
                {
                    "type": "tuple",
                    "values": [
                        0.01960253101710764,
                        0.024226361161633125
                    ]
                }
            ]
        },
        "values_at_sigma_1": {
            "type": "list",
            "values": [
                {
                    "type": "tuple",
                    "values": [
                        -0.09913556536025755,
                        -0.09425760984713528
                    ]
                },
                {
                    "type": "tuple",
                    "values": [
                        -0.05910008273309,
                        -0.053674625889768374
                    ]
                },
                {
                    "type": "tuple",
                    "values": [
                        -0.01374221257367,
                        0.007404745678766919
                    ]
                },
                {
                    "type": "tuple",
                    "values": [
                        -0.007141638577552324,
                        0.005075055398523211
                    ]
                },
                {
                    "type": "tuple",
                    "values": [
                        -0.014415921814254492,
                        0.0006029017485245562
                    ]
                },
                {
                    "type": "tuple",
                    "values": [
                        -0.01291756677256,
                        0.0067406841846689375
                    ]
                },
                {
                    "type": "tuple",
                    "values": [
                        -0.02208809905476002,
                        -0.00349877830929
                    ]
                },
                {
                    "type": "tuple",
                    "values": [
                        -0.01810668405741,
                        -0.00413219993142
                    ]
                }
            ]
        },
        "median_pdf_sample": {
            "type": "instance",
            "class_path": "autofit.non_linear.samples.sample.Sample",
            "arguments": {
                "log_likelihood": -43.536128881897255,
                "log_prior": 0.0,
                "weight": 0.0010033345595138,
                "kwargs": {
                    "type": "dict",
                    "arguments": {
                        "ellipses.0.ell_comps.ell_comps_0": -0.09660651869473288,
                        "ellipses.0.ell_comps.ell_comps_1": -0.05648540277364042,
                        "multipoles.0.multipole_1.multipole_comps.multipole_comps_0": -0.00285329218166,
                        "multipoles.0.multipole_1.multipole_comps.multipole_comps_1": -0.0007997554084674143,
                        "multipoles.0.multipole_3.multipole_comps.multipole_comps_0": -0.00659326376270069,
                        "multipoles.0.multipole_3.multipole_comps.multipole_comps_1": -0.0032840931650706846,
                        "multipoles.0.multipole_4.multipole_comps.multipole_comps_0": -0.011647403435389064,
                        "multipoles.0.multipole_4.multipole_comps.multipole_comps_1": -0.011718867119130678
                    }
                }
            }
        },
        "errors_at_sigma_1": {
            "type": "list",
            "values": [
                {
                    "type": "tuple",
                    "values": [
                        0.00252904666552467,
                        0.0023489088475976
                    ]
                },
                {
                    "type": "tuple",
                    "values": [
                        0.002614679959449577,
                        0.002810776883872046
                    ]
                },
                {
                    "type": "tuple",
                    "values": [
                        0.01088892039201,
                        0.010258037860426918
                    ]
                },
                {
                    "type": "tuple",
                    "values": [
                        0.00634188316908491,
                        0.005874810806990626
                    ]
                },
                {
                    "type": "tuple",
                    "values": [
                        0.007822658051553803,
                        0.007196165511225246
                    ]
                },
                {
                    "type": "tuple",
                    "values": [
                        0.009633473607489316,
                        0.010024777349739621
                    ]
                },
                {
                    "type": "tuple",
                    "values": [
                        0.010440695619370955,
                        0.008148625126099065
                    ]
                },
                {
                    "type": "tuple",
                    "values": [
                        0.006387816938279323,
                        0.007586667187710679
                    ]
                }
            ]
        },
        "values_at_sigma_3": {
            "type": "list",
            "values": [
                {
                    "type": "tuple",
                    "values": [
                        -0.1045640009587714,
                        -0.08918824109447092
                    ]
                },
                {
                    "type": "tuple",
                    "values": [
                        -0.06360659314933173,
                        -0.04818546989114653
                    ]
                },
                {
                    "type": "tuple",
                    "values": [
                        -0.02860823470651167,
                        0.027393214012469917
                    ]
                },
                {
                    "type": "tuple",
                    "values": [
                        -0.02090445529742,
                        0.02100321400970947
                    ]
                },
                {
                    "type": "tuple",
                    "values": [
                        -0.025615348109550216,
                        0.01624147915907
                    ]
                },
                {
                    "type": "tuple",
                    "values": [
                        -0.02828009498791,
                        0.02641668789537647
                    ]
                },
                {
                    "type": "tuple",
                    "values": [
                        -0.038014070486828866,
                        0.010734269141505994
                    ]
                },
                {
                    "type": "tuple",
                    "values": [
                        -0.03132139813623832,
                        0.012507494042502449
                    ]
                }
            ]
        },
        "log_evidence": -69.20271879605802,
        "model": null
    }
}