{
    "type": "collection",
    "arguments": {
        "ellipses": {
            "type": "collection",
            "arguments": {
                "0": {
                    "type": "instance",
                    "class_path": "autogalaxy.ellipse.ellipse.ellipse.Ellipse",
                    "arguments": {
                        "ell_comps": {
                            "type": "tuple",
                            "values": [
                                0.02023676059371,
                                0.02312135754792
                            ]
                        },
                        "major_axis": 0.25,
                        "centre": {
                            "type": "tuple",
                            "values": [
                                0.00209853939564,
                                0.00072674036305
                            ]
                        }
                    }
                },
                "1": {
                    "type": "instance",
                    "class_path": "autogalaxy.ellipse.ellipse.ellipse.Ellipse",
                    "arguments": {
                        "ell_comps": {
                            "type": "tuple",
                            "values": [
                                0.04338533664505,
                                0.03034435807529
                            ]
                        },
                        "major_axis": 0.5,
                        "centre": {
                            "type": "tuple",
                            "values": [
                                0.00209853939564,
                                0.00072674036305
                            ]
                        }
                    }
                },
                "2": {
                    "type": "instance",
                    "class_path": "autogalaxy.ellipse.ellipse.ellipse.Ellipse",
                    "arguments": {
                        "ell_comps": {
                            "type": "tuple",
                            "values": [
                                0.0483089831334,
                                0.03178600901143
                            ]
                        },
                        "major_axis": 0.75,
                        "centre": {
                            "type": "tuple",
                            "values": [
                                0.00209853939564,
                                0.00072674036305
                            ]
                        }
                    }
                },
                "3": {
                    "type": "instance",
                    "class_path": "autogalaxy.ellipse.ellipse.ellipse.Ellipse",
                    "arguments": {
                        "ell_comps": {
                            "type": "tuple",
                            "values": [
                                0.09260532494127,
                                0.04714314184865
                            ]
                        },
                        "major_axis": 1.0,
                        "centre": {
                            "type": "tuple",
                            "values": [
                                0.00209853939564,
                                0.00072674036305
                            ]
                        }
                    }
                },
                "4": {
                    "type": "instance",
                    "class_path": "autogalaxy.ellipse.ellipse.ellipse.Ellipse",
                    "arguments": {
                        "ell_comps": {
                            "type": "tuple",
                            "values": [
                                0.08202492064642,
                                0.02928911647703
                            ]
                        },
                        "major_axis": 1.25,
                        "centre": {
                            "type": "tuple",
                            "values": [
                                0.00209853939564,
                                0.00072674036305
                            ]
                        }
                    }
                },
                "5": {
                    "type": "instance",
                    "class_path": "autogalaxy.ellipse.ellipse.ellipse.Ellipse",
                    "arguments": {
                        "ell_comps": {
                            "type": "tuple",
                            "values": [
                                0.08405892605944,
                                0.04384422523356
                            ]
                        },
                        "major_axis": 1.5,
                        "centre": {
                            "type": "tuple",
                            "values": [
                                0.00209853939564,
                                0.00072674036305
                            ]
                        }
                    }
                },
                "6": {
                    "type": "instance",
                    "class_path": "autogalaxy.ellipse.ellipse.ellipse.Ellipse",
                    "arguments": {
                        "ell_comps": {
                            "type": "tuple",
                            "values": [
                                0.11675091737689,
                                0.0518955091159
                            ]
                        },
                        "major_axis": 1.75,
                        "centre": {
                            "type": "tuple",
                            "values": [
                                0.00209853939564,
                                0.00072674036305
                            ]
                        }
                    }
                },
                "7": {
                    "type": "instance",
                    "class_path": "autogalaxy.ellipse.ellipse.ellipse.Ellipse",
                    "arguments": {
                        "ell_comps": {
                            "type": "tuple",
                            "values": [
                                0.09850625069347,
                                0.04471584183024
                            ]
                        },
                        "major_axis": 2.0,
                        "centre": {
                            "type": "tuple",
                            "values": [
                                0.00209853939564,
                                0.00072674036305
                            ]
                        }
                    }
                },
                "8": {
                    "type": "instance",
                    "class_path": "autogalaxy.ellipse.ellipse.ellipse.Ellipse",
                    "arguments": {
                        "ell_comps": {
                            "type": "tuple",
                            "values": [
                                0.07534392423417,
                                0.05032681046202
                            ]
                        },
                        "major_axis": 2.25,
                        "centre": {
                            "type": "tuple",
                            "values": [
                                0.00209853939564,
                                0.00072674036305
                            ]
                        }
                    }
                },
                "9": {
                    "type": "instance",
                    "class_path": "autogalaxy.ellipse.ellipse.ellipse.Ellipse",
                    "arguments": {
                        "ell_comps": {
                            "type": "tuple",
                            "values": [
                                0.09237549871414,
                                0.0564861471426
                            ]
                        },
                        "major_axis": 2.5,
                        "centre": {
                            "type": "tuple",
                            "values": [
                                0.00209853939564,
                                0.00072674036305
                            ]
                        }
                    }
                }
            }
        },
        "dummy_0": {
            "lower_limit": -0.1,
            "upper_limit": 0.1,
            "type": "Uniform",
            "id": 92
        }
    }
}