{
    "type": "instance",
    "class_path": "autofit.non_linear.samples.summary.SamplesSummary",
    "arguments": {
        "values_at_sigma_1": {
            "type": "list",
            "values": [
                {
                    "type": "tuple",
                    "values": [
                        0.043426268622445606,
                        0.050532215608481264
                    ]
                },
                {
                    "type": "tuple",
                    "values": [
                        -0.07558960902747493,
                        -0.06732614954835
                    ]
                },
                {
                    "type": "tuple",
                    "values": [
                        -0.01604403723941,
                        0.0014962921445948072
                    ]
                },
                {
                    "type": "tuple",
                    "values": [
                        -0.013047682364528697,
                        0.0006270468177447499
                    ]
                },
                {
                    "type": "tuple",
                    "values": [
                        -0.004589590614283108,
                        0.01108828881025
                    ]
                },
                {
                    "type": "tuple",
                    "values": [
                        -0.011671945524121912,
                        0.0020863607722205147
                    ]
                },
                {
                    "type": "tuple",
                    "values": [
                        -0.00177188763045,
                        0.016647618090264066
                    ]
                },
                {
                    "type": "tuple",
                    "values": [
                        -0.00762767279834,
                        0.00581362184390674
                    ]
                }
            ]
        },
        "max_log_likelihood_sample": {
            "type": "instance",
            "class_path": "autofit.non_linear.samples.sample.Sample",
            "arguments": {
                "log_likelihood": -29.070433323468684,
                "log_prior": 0.0,
                "weight": 0.00103748381393887,
                "kwargs": {
                    "type": "dict",
                    "arguments": {
                        "ellipses.0.ell_comps.ell_comps_0": 0.04579079716238,
                        "ellipses.0.ell_comps.ell_comps_1": -0.0739529678482,
                        "multipoles.0.multipole_1.multipole_comps.multipole_comps_0": -0.00958250864598,
                        "multipoles.0.multipole_1.multipole_comps.multipole_comps_1": -0.00740494660457,
                        "multipoles.0.multipole_3.multipole_comps.multipole_comps_0": 0.00659525425361,
                        "multipoles.0.multipole_3.multipole_comps.multipole_comps_1": -0.00146214891061,
                        "multipoles.0.multipole_4.multipole_comps.multipole_comps_0": 0.0104855008945,
                        "multipoles.0.multipole_4.multipole_comps.multipole_comps_1": -0.00314681938191
                    }
                }
            }
        },
        "errors_at_sigma_1": {
            "type": "list",
            "values": [
                {
                    "type": "tuple",
                    "values": [
                        0.004032773899994117,
                        0.0030731730860415404
                    ]
                },
                {
                    "type": "tuple",
                    "values": [
                        0.004048751488410343,
                        0.004214707990714578
                    ]
                },
                {
                    "type": "tuple",
                    "values": [
                        0.008354872972277057,
                        0.00918545641172775
                    ]
                },
                {
                    "type": "tuple",
                    "values": [
                        0.006515520970261072,
                        0.007159208212012374
                    ]
                },
                {
                    "type": "tuple",
                    "values": [
                        0.0076007879694044555,
                        0.008077091455128653
                    ]
                },
                {
                    "type": "tuple",
                    "values": [
                        0.0071758867120312805,
                        0.006582419584311146
                    ]
                },
                {
                    "type": "tuple",
                    "values": [
                        0.008855880116190895,
                        0.00956362560452317
                    ]
                },
                {
                    "type": "tuple",
                    "values": [
                        0.007052034849553019,
                        0.006389259792693723
                    ]
                }
            ]
        },
        "model": null,
        "median_pdf_sample": {
            "type": "instance",
            "class_path": "autofit.non_linear.samples.sample.Sample",
            "arguments": {
                "log_likelihood": -29.070433323468684,
                "log_prior": 0.0,
                "weight": 0.00103748381393887,
                "kwargs": {
                    "type": "dict",
                    "arguments": {
                        "ellipses.0.ell_comps.ell_comps_0": 0.04745904252243972,
                        "ellipses.0.ell_comps.ell_comps_1": -0.07154085753906458,
                        "multipoles.0.multipole_1.multipole_comps.multipole_comps_0": -0.0076891642671329434,
                        "multipoles.0.multipole_1.multipole_comps.multipole_comps_1": -0.0065321613942676245,
                        "multipoles.0.multipole_3.multipole_comps.multipole_comps_0": 0.003011197355121347,
                        "multipoles.0.multipole_3.multipole_comps.multipole_comps_1": -0.0044960588120906315,
                        "multipoles.0.multipole_4.multipole_comps.multipole_comps_0": 0.007083992485740895,
                        "multipoles.0.multipole_4.multipole_comps.multipole_comps_1": -0.0005756379487869821
                    }
                }
            }
        },
        "errors_at_sigma_3": {
            "type": "list",
            "values": [
                {
                    "type": "tuple",
                    "values": [
                        0.012106983846464373,
                        0.010495955103132663
                    ]
                },
                {
                    "type": "tuple",
                    "values": [
                        0.013083386994154914,
                        0.012530676881354584
                    ]
                },
                {
                    "type": "tuple",
                    "values": [
                        0.026172178920309385,
                        0.026882957599172943
                    ]
                },
                {
                    "type": "tuple",
                    "values": [
                        0.019072001213513302,
                        0.020247817639977624
                    ]
                },
                {
                    "type": "tuple",
                    "values": [
                        0.021174225169631345,
                        0.02146992324634553
                    ]
                },
                {
                    "type": "tuple",
                    "values": [
                        0.023760445903065978,
                        0.022334604714668554
                    ]
                },
                {
                    "type": "tuple",
                    "values": [
                        0.02661571524585374,
                        0.028507852625429105
                    ]
                },
                {
                    "type": "tuple",
                    "values": [
                        0.022076915116633018,
                        0.019470065415566982
                    ]
                }
            ]
        },
        "log_evidence": -53.85974192210329,
        "values_at_sigma_3": {
            "type": "list",
            "values": [
                {
                    "type": "tuple",
                    "values": [
                        0.03535205867597535,
                        0.05795499762557239
                    ]
                },
                {
                    "type": "tuple",
                    "values": [
                        -0.0846242445332195,
                        -0.05901018065771
                    ]
                },
                {
                    "type": "tuple",
                    "values": [
                        -0.03386134318744233,
                        0.01919379333204
                    ]
                },
                {
                    "type": "tuple",
                    "values": [
                        -0.025604162607780926,
                        0.01371565624571
                    ]
                },
                {
                    "type": "tuple",
                    "values": [
                        -0.01816302781451,
                        0.024481120601466875
                    ]
                },
                {
                    "type": "tuple",
                    "values": [
                        -0.02825650471515661,
                        0.017838545902577923
                    ]
                },
                {
                    "type": "tuple",
                    "values": [
                        -0.019531722760112842,
                        0.03559184511117
                    ]
                },
                {
                    "type": "tuple",
                    "values": [
                        -0.02265255306542,
                        0.01889442746678
                    ]
                }
            ]
        }
    }
}