{
    "type": "instance",
    "class_path": "autofit.non_linear.samples.summary.SamplesSummary",
    "arguments": {
        "log_evidence": -65.50854228884695,
        "values_at_sigma_1": {
            "type": "list",
            "values": [
                {
                    "type": "tuple",
                    "values": [
                        -0.10349392170127394,
                        -0.09160298263018
                    ]
                },
                {
                    "type": "tuple",
                    "values": [
                        -0.08356513607217733,
                        -0.072967729117218
                    ]
                },
                {
                    "type": "tuple",
                    "values": [
                        -0.043582993149239094,
                        0.01663665873017033
                    ]
                },
                {
                    "type": "tuple",
                    "values": [
                        -0.004678027303143829,
                        0.05164184872174032
                    ]
                },
                {
                    "type": "tuple",
                    "values": [
                        -0.036788865585578756,
                        0.010758960298861208
                    ]
                },
                {
                    "type": "tuple",
                    "values": [
                        -0.04763055441565442,
                        0.02018318815772
                    ]
                },
                {
                    "type": "tuple",
                    "values": [
                        -0.07185900636361552,
                        0.006384806850907764
                    ]
                },
                {
                    "type": "tuple",
                    "values": [
                        -0.08159097062342706,
                        -0.02944876321963
                    ]
                }
            ]
        },
        "model": null,
        "errors_at_sigma_3": {
            "type": "list",
            "values": [
                {
                    "type": "tuple",
                    "values": [
                        0.03160413305349,
                        0.01655001376397
                    ]
                },
                {
                    "type": "tuple",
                    "values": [
                        0.018756504298729396,
                        0.0236773604747606
                    ]
                },
                {
                    "type": "tuple",
                    "values": [
                        0.0775794038003704,
                        0.08692478497482131
                    ]
                },
                {
                    "type": "tuple",
                    "values": [
                        0.09969613827371451,
                        0.07812421904854
                    ]
                },
                {
                    "type": "tuple",
                    "values": [
                        0.0828562838782,
                        0.0761636475605815
                    ]
                },
                {
                    "type": "tuple",
                    "values": [
                        0.07528574049515278,
                        0.08163951006577
                    ]
                },
                {
                    "type": "tuple",
                    "values": [
                        0.055573261146649997,
                        0.1153772060851873
                    ]
                },
                {
                    "type": "tuple",
                    "values": [
                        0.04009022303154634,
                        0.09497790652693193
                    ]
                }
            ]
        },
        "values_at_sigma_3": {
            "type": "list",
            "values": [
                {
                    "type": "tuple",
                    "values": [
                        -0.12777281433051,
                        -0.07961866751305
                    ]
                },
                {
                    "type": "tuple",
                    "values": [
                        -0.09744158611942,
                        -0.05500772134593
                    ]
                },
                {
                    "type": "tuple",
                    "values": [
                        -0.09343212924398,
                        0.0710720595312117
                    ]
                },
                {
                    "type": "tuple",
                    "values": [
                        -0.07018982403215451,
                        0.1076305332901
                    ]
                },
                {
                    "type": "tuple",
                    "values": [
                        -0.09327628170757,
                        0.0657436497312115
                    ]
                },
                {
                    "type": "tuple",
                    "values": [
                        -0.09435521208065278,
                        0.06257003848027
                    ]
                },
                {
                    "type": "tuple",
                    "values": [
                        -0.09878488816804,
                        0.0721655790637973
                    ]
                },
                {
                    "type": "tuple",
                    "values": [
                        -0.09965662128572635,
                        0.035411508272751926
                    ]
                }
            ]
        },
        "errors_at_sigma_1": {
            "type": "list",
            "values": [
                {
                    "type": "tuple",
                    "values": [
                        0.007325240424253948,
                        0.004565698646839991
                    ]
                },
                {
                    "type": "tuple",
                    "values": [
                        0.004880054251486729,
                        0.0057173527034726085
                    ]
                },
                {
                    "type": "tuple",
                    "values": [
                        0.027730267705629492,
                        0.03248938417377993
                    ]
                },
                {
                    "type": "tuple",
                    "values": [
                        0.03418434154470383,
                        0.022135534480180317
                    ]
                },
                {
                    "type": "tuple",
                    "values": [
                        0.026368867756208756,
                        0.021178958128231208
                    ]
                },
                {
                    "type": "tuple",
                    "values": [
                        0.02856108283015442,
                        0.03925265974322
                    ]
                },
                {
                    "type": "tuple",
                    "values": [
                        0.028647379342225512,
                        0.04959643387229777
                    ]
                },
                {
                    "type": "tuple",
                    "values": [
                        0.022024572369247056,
                        0.030117635034550002
                    ]
                }
            ]
        },
        "max_log_likelihood_sample": {
            "type": "instance",
            "class_path": "autofit.non_linear.samples.sample.Sample",
            "arguments": {
                "log_likelihood": -43.46256280485254,
                "log_prior": 0.0,
                "weight": 0.000964706959133915,
                "kwargs": {
                    "type": "dict",
                    "arguments": {
                        "ellipses.0.ell_comps.ell_comps_0": -0.0963718519837,
                        "ellipses.0.ell_comps.ell_comps_1": -0.07738047556464,
                        "multipoles.0.multipole_1.multipole_comps.multipole_comps_0": -0.02696533809467,
                        "multipoles.0.multipole_1.multipole_comps.multipole_comps_1": 0.03557012613955,
                        "multipoles.0.multipole_3.multipole_comps.multipole_comps_0": -0.01450949467873,
                        "multipoles.0.multipole_3.multipole_comps.multipole_comps_1": -0.04081176762577,
                        "multipoles.0.multipole_4.multipole_comps.multipole_comps_0": -0.06918996619131,
                        "multipoles.0.multipole_4.multipole_comps.multipole_comps_1": -0.08010079613306
                    }
                }
            }
        },
        "median_pdf_sample": {
            "type": "instance",
            "class_path": "autofit.non_linear.samples.sample.Sample",
            "arguments": {
                "log_likelihood": -43.46256280485254,
                "log_prior": 0.0,
                "weight": 0.000964706959133915,
                "kwargs": {
                    "type": "dict",
                    "arguments": {
                        "ellipses.0.ell_comps.ell_comps_0": -0.09616868127702,
                        "ellipses.0.ell_comps.ell_comps_1": -0.0786850818206906,
                        "multipoles.0.multipole_1.multipole_comps.multipole_comps_0": -0.015852725443609602,
                        "multipoles.0.multipole_1.multipole_comps.multipole_comps_1": 0.02950631424156,
                        "multipoles.0.multipole_3.multipole_comps.multipole_comps_0": -0.01041999782937,
                        "multipoles.0.multipole_3.multipole_comps.multipole_comps_1": -0.0190694715855,
                        "multipoles.0.multipole_4.multipole_comps.multipole_comps_0": -0.04321162702139,
                        "multipoles.0.multipole_4.multipole_comps.multipole_comps_1": -0.05956639825418
                    }
                }
            }
        }
    }
}