{
    "type": "instance",
    "class_path": "autofit.non_linear.samples.summary.SamplesSummary",
    "arguments": {
        "values_at_sigma_3": {
            "type": "list",
            "values": [
                {
                    "type": "tuple",
                    "values": [
                        -0.11445890553627,
                        -0.10133484942146
                    ]
                },
                {
                    "type": "tuple",
                    "values": [
                        -0.04045535654862149,
                        -0.02900876332754
                    ]
                }
            ]
        },
        "values_at_sigma_1": {
            "type": "list",
            "values": [
                {
                    "type": "tuple",
                    "values": [
                        -0.10989909217824,
                        -0.10571855779852211
                    ]
                },
                {
                    "type": "tuple",
                    "values": [
                        -0.03656455994715829,
                        -0.03289896445149
                    ]
                }
            ]
        },
        "median_pdf_sample": {
            "type": "instance",
            "class_path": "autofit.non_linear.samples.sample.Sample",
            "arguments": {
                "log_likelihood": -64.40087774776491,
                "log_prior": 0.0,
                "weight": 0.0009801323586885948,
                "kwargs": {
                    "type": "dict",
                    "arguments": {
                        "ellipses.0.ell_comps.ell_comps_0": -0.10763464877626641,
                        "ellipses.0.ell_comps.ell_comps_1": -0.03457824855078
                    }
                }
            }
        },
        "log_evidence": -75.43471445780604,
        "max_log_likelihood_sample": {
            "type": "instance",
            "class_path": "autofit.non_linear.samples.sample.Sample",
            "arguments": {
                "log_likelihood": -64.40087774776491,
                "log_prior": 0.0,
                "weight": 0.0009801323586885948,
                "kwargs": {
                    "type": "dict",
                    "arguments": {
                        "ellipses.0.ell_comps.ell_comps_0": -0.10822095791409,
                        "ellipses.0.ell_comps.ell_comps_1": -0.03486392242873
                    }
                }
            }
        },
        "model": null,
        "errors_at_sigma_3": {
            "type": "list",
            "values": [
                {
                    "type": "tuple",
                    "values": [
                        0.006824256760003589,
                        0.006299799354806415
                    ]
                },
                {
                    "type": "tuple",
                    "values": [
                        0.005877107997841496,
                        0.005569485223239998
                    ]
                }
            ]
        },
        "errors_at_sigma_1": {
            "type": "list",
            "values": [
                {
                    "type": "tuple",
                    "values": [
                        0.0022644434019735843,
                        0.0019160909777442975
                    ]
                },
                {
                    "type": "tuple",
                    "values": [
                        0.001986311396378296,
                        0.001679284099289996
                    ]
                }
            ]
        }
    }
}