{
    "type": "instance",
    "class_path": "autofit.non_linear.samples.summary.SamplesSummary",
    "arguments": {
        "model": null,
        "values_at_sigma_1": {
            "type": "list",
            "values": [
                {
                    "type": "tuple",
                    "values": [
                        -0.00953871575494,
                        0.017045880154116778
                    ]
                },
                {
                    "type": "tuple",
                    "values": [
                        -0.016920103942855508,
                        0.0028472645436774203
                    ]
                },
                {
                    "type": "tuple",
                    "values": [
                        -0.05572727761859,
                        0.10855277466543659
                    ]
                },
                {
                    "type": "tuple",
                    "values": [
                        -0.09349524624434,
                        -9.982458086899883e-05
                    ]
                },
                {
                    "type": "tuple",
                    "values": [
                        -0.0190261914812,
                        0.07289003905838431
                    ]
                },
                {
                    "type": "tuple",
                    "values": [
                        -0.0510985319356495,
                        0.024552367467374672
                    ]
                },
                {
                    "type": "tuple",
                    "values": [
                        -0.04833752709585699,
                        0.07619782253896
                    ]
                },
                {
                    "type": "tuple",
                    "values": [
                        -0.04676764099824791,
                        0.01335451330819026
                    ]
                }
            ]
        },
        "log_evidence": -43.83424982166991,
        "errors_at_sigma_1": {
            "type": "list",
            "values": [
                {
                    "type": "tuple",
                    "values": [
                        0.01511565005076722,
                        0.011468945858289559
                    ]
                },
                {
                    "type": "tuple",
                    "values": [
                        0.013398257751454779,
                        0.006369110735078149
                    ]
                },
                {
                    "type": "tuple",
                    "values": [
                        0.055822708770692016,
                        0.10845734351333457
                    ]
                },
                {
                    "type": "tuple",
                    "values": [
                        0.036363602594599996,
                        0.057031819068871004
                    ]
                },
                {
                    "type": "tuple",
                    "values": [
                        0.03225392635852367,
                        0.059662304181060645
                    ]
                },
                {
                    "type": "tuple",
                    "values": [
                        0.0334212357168163,
                        0.04222966368620787
                    ]
                },
                {
                    "type": "tuple",
                    "values": [
                        0.051173019028963096,
                        0.07336233060585388
                    ]
                },
                {
                    "type": "tuple",
                    "values": [
                        0.0228793981751183,
                        0.03724275613131987
                    ]
                }
            ]
        },
        "values_at_sigma_3": {
            "type": "list",
            "values": [
                {
                    "type": "tuple",
                    "values": [
                        -0.03431497554275,
                        0.05993143104252579
                    ]
                },
                {
                    "type": "tuple",
                    "values": [
                        -0.05959494523652,
                        0.03324118908091456
                    ]
                },
                {
                    "type": "tuple",
                    "values": [
                        -0.1418342071832406,
                        0.19400133501254166
                    ]
                },
                {
                    "type": "tuple",
                    "values": [
                        -0.18261147657857,
                        0.054802938827942016
                    ]
                },
                {
                    "type": "tuple",
                    "values": [
                        -0.07863900715075064,
                        0.09722576868996
                    ]
                },
                {
                    "type": "tuple",
                    "values": [
                        -0.09724450504260226,
                        0.09884540179697
                    ]
                },
                {
                    "type": "tuple",
                    "values": [
                        -0.09818898611782345,
                        0.09818176980521
                    ]
                },
                {
                    "type": "tuple",
                    "values": [
                        -0.09876035728156,
                        0.07630075564829
                    ]
                }
            ]
        },
        "errors_at_sigma_3": {
            "type": "list",
            "values": [
                {
                    "type": "tuple",
                    "values": [
                        0.039891909838577225,
                        0.054354496746698566
                    ]
                },
                {
                    "type": "tuple",
                    "values": [
                        0.05607309904511927,
                        0.03676303527231529
                    ]
                },
                {
                    "type": "tuple",
                    "values": [
                        0.14192963833534264,
                        0.19390590386043963
                    ]
                },
                {
                    "type": "tuple",
                    "values": [
                        0.12547983292883,
                        0.11193458247768201
                    ]
                },
                {
                    "type": "tuple",
                    "values": [
                        0.09186674202807431,
                        0.08399803381263633
                    ]
                },
                {
                    "type": "tuple",
                    "values": [
                        0.07956720882376907,
                        0.1165226980158032
                    ]
                },
                {
                    "type": "tuple",
                    "values": [
                        0.10102447805092957,
                        0.09534627787210388
                    ]
                },
                {
                    "type": "tuple",
                    "values": [
                        0.0748721144584304,
                        0.10018899847141961
                    ]
                }
            ]
        },
        "median_pdf_sample": {
            "type": "instance",
            "class_path": "autofit.non_linear.samples.sample.Sample",
            "arguments": {
                "log_likelihood": -26.86029557303518,
                "log_prior": 0.0,
                "weight": 0.0010597969139136247,
                "kwargs": {
                    "type": "dict",
                    "arguments": {
                        "ellipses.0.ell_comps.ell_comps_0": 0.005576934295827219,
                        "ellipses.0.ell_comps.ell_comps_1": -0.003521846191400729,
                        "multipoles.0.multipole_1.multipole_comps.multipole_comps_0": 9.54311521020188e-05,
                        "multipoles.0.multipole_1.multipole_comps.multipole_comps_1": -0.05713164364974,
                        "multipoles.0.multipole_3.multipole_comps.multipole_comps_0": 0.013227734877323668,
                        "multipoles.0.multipole_3.multipole_comps.multipole_comps_1": -0.017677296218833197,
                        "multipoles.0.multipole_4.multipole_comps.multipole_comps_0": 0.00283549193310611,
                        "multipoles.0.multipole_4.multipole_comps.multipole_comps_1": -0.023888242823129607
                    }
                }
            }
        },
        "max_log_likelihood_sample": {
            "type": "instance",
            "class_path": "autofit.non_linear.samples.sample.Sample",
            "arguments": {
                "log_likelihood": -26.86029557303518,
                "log_prior": 0.0,
                "weight": 0.0010597969139136247,
                "kwargs": {
                    "type": "dict",
                    "arguments": {
                        "ellipses.0.ell_comps.ell_comps_0": -0.0024523565185,
                        "ellipses.0.ell_comps.ell_comps_1": -0.00642629384071,
                        "multipoles.0.multipole_1.multipole_comps.multipole_comps_0": 0.10593715252951,
                        "multipoles.0.multipole_1.multipole_comps.multipole_comps_1": -0.01795939282282,
                        "multipoles.0.multipole_3.multipole_comps.multipole_comps_0": -0.0046771398853,
                        "multipoles.0.multipole_3.multipole_comps.multipole_comps_1": 0.01038209447862,
                        "multipoles.0.multipole_4.multipole_comps.multipole_comps_0": 0.01917594367599,
                        "multipoles.0.multipole_4.multipole_comps.multipole_comps_1": -0.04391971147668
                    }
                }
            }
        }
    }
}