{
    "type": "instance",
    "class_path": "autofit.non_linear.samples.summary.SamplesSummary",
    "arguments": {
        "values_at_sigma_1": {
            "type": "list",
            "values": [
                {
                    "type": "tuple",
                    "values": [
                        -0.01667341341160571,
                        -0.0127693197904297
                    ]
                },
                {
                    "type": "tuple",
                    "values": [
                        0.0668080788598513,
                        0.07087683770903792
                    ]
                },
                {
                    "type": "tuple",
                    "values": [
                        0.01184852078188,
                        0.04905066345741
                    ]
                },
                {
                    "type": "tuple",
                    "values": [
                        -0.02287703763061,
                        0.00319855014818
                    ]
                },
                {
                    "type": "tuple",
                    "values": [
                        0.07116304936665692,
                        0.09522404118412876
                    ]
                },
                {
                    "type": "tuple",
                    "values": [
                        -0.03198508638868,
                        0.0012220000545073593
                    ]
                }
            ]
        },
        "log_evidence": -77.98378155171588,
        "values_at_sigma_3": {
            "type": "list",
            "values": [
                {
                    "type": "tuple",
                    "values": [
                        -0.02382444303139,
                        -0.0015362140035992352
                    ]
                },
                {
                    "type": "tuple",
                    "values": [
                        0.05047023515991,
                        0.08607040593345316
                    ]
                },
                {
                    "type": "tuple",
                    "values": [
                        -0.02303154706771,
                        0.09670856388637
                    ]
                },
                {
                    "type": "tuple",
                    "values": [
                        -0.09781213807846634,
                        0.062280716257
                    ]
                },
                {
                    "type": "tuple",
                    "values": [
                        -0.061394239337,
                        0.09983854829891
                    ]
                },
                {
                    "type": "tuple",
                    "values": [
                        -0.08027489928509059,
                        0.0825881501380413
                    ]
                }
            ]
        },
        "model": null,
        "max_log_likelihood_sample": {
            "type": "instance",
            "class_path": "autofit.non_linear.samples.sample.Sample",
            "arguments": {
                "log_likelihood": -60.17812337401146,
                "log_prior": 0.0,
                "weight": 0.0010408654926977884,
                "kwargs": {
                    "type": "dict",
                    "arguments": {
                        "ellipses.0.ell_comps.ell_comps_0": -0.01403172619259,
                        "ellipses.0.ell_comps.ell_comps_1": 0.07019254996139,
                        "multipoles.0.multipole_3.multipole_comps.multipole_comps_0": 0.04829105955616,
                        "multipoles.0.multipole_3.multipole_comps.multipole_comps_1": -0.0101280205719,
                        "multipoles.0.multipole_4.multipole_comps.multipole_comps_0": 0.08882964546905,
                        "multipoles.0.multipole_4.multipole_comps.multipole_comps_1": -0.00387754076779
                    }
                }
            }
        },
        "errors_at_sigma_1": {
            "type": "list",
            "values": [
                {
                    "type": "tuple",
                    "values": [
                        0.0016935161732757088,
                        0.0022105774479003
                    ]
                },
                {
                    "type": "tuple",
                    "values": [
                        0.0022953290633440926,
                        0.0017734297858425369
                    ]
                },
                {
                    "type": "tuple",
                    "values": [
                        0.018642122728352584,
                        0.018560019947177417
                    ]
                },
                {
                    "type": "tuple",
                    "values": [
                        0.01331631958208,
                        0.01275926819671
                    ]
                },
                {
                    "type": "tuple",
                    "values": [
                        0.013752116147873084,
                        0.01030887566959876
                    ]
                },
                {
                    "type": "tuple",
                    "values": [
                        0.01827854215901,
                        0.014928544284177359
                    ]
                }
            ]
        },
        "median_pdf_sample": {
            "type": "instance",
            "class_path": "autofit.non_linear.samples.sample.Sample",
            "arguments": {
                "log_likelihood": -60.17812337401146,
                "log_prior": 0.0,
                "weight": 0.0010408654926977884,
                "kwargs": {
                    "type": "dict",
                    "arguments": {
                        "ellipses.0.ell_comps.ell_comps_0": -0.01497989723833,
                        "ellipses.0.ell_comps.ell_comps_1": 0.06910340792319539,
                        "multipoles.0.multipole_3.multipole_comps.multipole_comps_0": 0.030490643510232583,
                        "multipoles.0.multipole_3.multipole_comps.multipole_comps_1": -0.00956071804853,
                        "multipoles.0.multipole_4.multipole_comps.multipole_comps_0": 0.08491516551453,
                        "multipoles.0.multipole_4.multipole_comps.multipole_comps_1": -0.01370654422967
                    }
                }
            }
        },
        "errors_at_sigma_3": {
            "type": "list",
            "values": [
                {
                    "type": "tuple",
                    "values": [
                        0.008844545793059998,
                        0.013443683234730766
                    ]
                },
                {
                    "type": "tuple",
                    "values": [
                        0.01863317276328539,
                        0.016966998010257778
                    ]
                },
                {
                    "type": "tuple",
                    "values": [
                        0.05352219057794258,
                        0.06621792037613741
                    ]
                },
                {
                    "type": "tuple",
                    "values": [
                        0.08825142002993634,
                        0.07184143430553
                    ]
                },
                {
                    "type": "tuple",
                    "values": [
                        0.14630940485153,
                        0.01492338278437999
                    ]
                },
                {
                    "type": "tuple",
                    "values": [
                        0.06656835505542058,
                        0.09629469436771129
                    ]
                }
            ]
        }
    }
}