{
    "type": "instance",
    "class_path": "autofit.non_linear.samples.summary.SamplesSummary",
    "arguments": {
        "values_at_sigma_1": {
            "type": "list",
            "values": [
                {
                    "type": "tuple",
                    "values": [
                        -0.34639943830967435,
                        -0.3430768566580065
                    ]
                },
                {
                    "type": "tuple",
                    "values": [
                        -0.09363335100658295,
                        -0.08949994575961417
                    ]
                },
                {
                    "type": "tuple",
                    "values": [
                        -0.0005838867226361893,
                        0.00779917948063
                    ]
                },
                {
                    "type": "tuple",
                    "values": [
                        0.011296991653508589,
                        0.02028886080264
                    ]
                },
                {
                    "type": "tuple",
                    "values": [
                        -0.0429298228118248,
                        -0.03367062672274
                    ]
                },
                {
                    "type": "tuple",
                    "values": [
                        0.02136379471065,
                        0.03052201094350498
                    ]
                }
            ]
        },
        "errors_at_sigma_1": {
            "type": "list",
            "values": [
                {
                    "type": "tuple",
                    "values": [
                        0.0016517138728008307,
                        0.0016708677788669912
                    ]
                },
                {
                    "type": "tuple",
                    "values": [
                        0.0021623901637065207,
                        0.001971015083262251
                    ]
                },
                {
                    "type": "tuple",
                    "values": [
                        0.004519040150575882,
                        0.0038640260526903074
                    ]
                },
                {
                    "type": "tuple",
                    "values": [
                        0.004804091336686854,
                        0.004187777812444556
                    ]
                },
                {
                    "type": "tuple",
                    "values": [
                        0.004452838570109592,
                        0.004806357518975207
                    ]
                },
                {
                    "type": "tuple",
                    "values": [
                        0.004797782357559999,
                        0.004360433875294983
                    ]
                }
            ]
        },
        "median_pdf_sample": {
            "type": "instance",
            "class_path": "autofit.non_linear.samples.sample.Sample",
            "arguments": {
                "log_likelihood": -78.79152857867874,
                "log_prior": 0.0,
                "weight": 0.0010081396883789655,
                "kwargs": {
                    "type": "dict",
                    "arguments": {
                        "ellipses.0.ell_comps.ell_comps_0": -0.3447477244368735,
                        "ellipses.0.ell_comps.ell_comps_1": -0.09147096084287643,
                        "multipoles.0.multipole_3.multipole_comps.multipole_comps_0": 0.003935153427939693,
                        "multipoles.0.multipole_3.multipole_comps.multipole_comps_1": 0.016101082990195442,
                        "multipoles.0.multipole_4.multipole_comps.multipole_comps_0": -0.03847698424171521,
                        "multipoles.0.multipole_4.multipole_comps.multipole_comps_1": 0.02616157706821
                    }
                }
            }
        },
        "values_at_sigma_3": {
            "type": "list",
            "values": [
                {
                    "type": "tuple",
                    "values": [
                        -0.35058865739287315,
                        -0.33886526705238784
                    ]
                },
                {
                    "type": "tuple",
                    "values": [
                        -0.09804748772953,
                        -0.08522101033874105
                    ]
                },
                {
                    "type": "tuple",
                    "values": [
                        -0.0082566386812,
                        0.014853329204895613
                    ]
                },
                {
                    "type": "tuple",
                    "values": [
                        0.0022614343997489944,
                        0.029099528018352718
                    ]
                },
                {
                    "type": "tuple",
                    "values": [
                        -0.05275419407822716,
                        -0.02474955794122728
                    ]
                },
                {
                    "type": "tuple",
                    "values": [
                        0.01255349593781,
                        0.04189639964022
                    ]
                }
            ]
        },
        "errors_at_sigma_3": {
            "type": "list",
            "values": [
                {
                    "type": "tuple",
                    "values": [
                        0.005840932955999634,
                        0.005882457384485673
                    ]
                },
                {
                    "type": "tuple",
                    "values": [
                        0.006576526886653569,
                        0.0062499505041353765
                    ]
                },
                {
                    "type": "tuple",
                    "values": [
                        0.012191792109139692,
                        0.01091817577695592
                    ]
                },
                {
                    "type": "tuple",
                    "values": [
                        0.013839648590446448,
                        0.012998445028157276
                    ]
                },
                {
                    "type": "tuple",
                    "values": [
                        0.014277209836511949,
                        0.01372742630048793
                    ]
                },
                {
                    "type": "tuple",
                    "values": [
                        0.013608081130399999,
                        0.015734822572010004
                    ]
                }
            ]
        },
        "model": null,
        "max_log_likelihood_sample": {
            "type": "instance",
            "class_path": "autofit.non_linear.samples.sample.Sample",
            "arguments": {
                "log_likelihood": -78.79152857867874,
                "log_prior": 0.0,
                "weight": 0.0010081396883789655,
                "kwargs": {
                    "type": "dict",
                    "arguments": {
                        "ellipses.0.ell_comps.ell_comps_0": -0.34485282713812,
                        "ellipses.0.ell_comps.ell_comps_1": -0.0921398383653,
                        "multipoles.0.multipole_3.multipole_comps.multipole_comps_0": 0.0041806257814,
                        "multipoles.0.multipole_3.multipole_comps.multipole_comps_1": 0.01686088455818,
                        "multipoles.0.multipole_4.multipole_comps.multipole_comps_0": -0.03863403965285,
                        "multipoles.0.multipole_4.multipole_comps.multipole_comps_1": 0.02863643848869
                    }
                }
            }
        },
        "log_evidence": -101.54804359105283
    }
}