{
    "type": "instance",
    "class_path": "autofit.non_linear.samples.summary.SamplesSummary",
    "arguments": {
        "values_at_sigma_3": {
            "type": "list",
            "values": [
                {
                    "type": "tuple",
                    "values": [
                        0.05236998691923273,
                        0.1342522347539
                    ]
                },
                {
                    "type": "tuple",
                    "values": [
                        -0.20895410241739,
                        -0.11734905065948545
                    ]
                }
            ]
        },
        "model": null,
        "median_pdf_sample": {
            "type": "instance",
            "class_path": "autofit.non_linear.samples.sample.Sample",
            "arguments": {
                "log_likelihood": -28.933566653301114,
                "log_prior": 0.0,
                "weight": 0.0010083689842694805,
                "kwargs": {
                    "type": "dict",
                    "arguments": {
                        "ellipses.0.ell_comps.ell_comps_0": 0.08300082160126515,
                        "ellipses.0.ell_comps.ell_comps_1": -0.15620654193640626
                    }
                }
            }
        },
        "errors_at_sigma_1": {
            "type": "list",
            "values": [
                {
                    "type": "tuple",
                    "values": [
                        0.01299648929449515,
                        0.01503862002439485
                    ]
                },
                {
                    "type": "tuple",
                    "values": [
                        0.018162966827550003,
                        0.0165469630644752
                    ]
                }
            ]
        },
        "max_log_likelihood_sample": {
            "type": "instance",
            "class_path": "autofit.non_linear.samples.sample.Sample",
            "arguments": {
                "log_likelihood": -28.933566653301114,
                "log_prior": 0.0,
                "weight": 0.0010083689842694805,
                "kwargs": {
                    "type": "dict",
                    "arguments": {
                        "ellipses.0.ell_comps.ell_comps_0": 0.08057503191809,
                        "ellipses.0.ell_comps.ell_comps_1": -0.17122019426031
                    }
                }
            }
        },
        "errors_at_sigma_3": {
            "type": "list",
            "values": [
                {
                    "type": "tuple",
                    "values": [
                        0.03063083468203242,
                        0.051251413152634845
                    ]
                },
                {
                    "type": "tuple",
                    "values": [
                        0.052747560480983724,
                        0.038857491276920814
                    ]
                }
            ]
        },
        "values_at_sigma_1": {
            "type": "list",
            "values": [
                {
                    "type": "tuple",
                    "values": [
                        0.07000433230677,
                        0.09803944162566
                    ]
                },
                {
                    "type": "tuple",
                    "values": [
                        -0.17436950876395627,
                        -0.13965957887193106
                    ]
                }
            ]
        },
        "log_evidence": -36.91224592061122
    }
}