{
    "type": "instance",
    "class_path": "autofit.non_linear.samples.summary.SamplesSummary",
    "arguments": {
        "values_at_sigma_3": {
            "type": "list",
            "values": [
                {
                    "type": "tuple",
                    "values": [
                        -0.1941773212907436,
                        -0.1859261828434209
                    ]
                },
                {
                    "type": "tuple",
                    "values": [
                        0.017983990004991044,
                        0.027842464030214613
                    ]
                }
            ]
        },
        "log_evidence": -54.30199122847659,
        "errors_at_sigma_3": {
            "type": "list",
            "values": [
                {
                    "type": "tuple",
                    "values": [
                        0.0037406712663736186,
                        0.004510467180949079
                    ]
                },
                {
                    "type": "tuple",
                    "values": [
                        0.004987942046786615,
                        0.004870531978436954
                    ]
                }
            ]
        },
        "values_at_sigma_1": {
            "type": "list",
            "values": [
                {
                    "type": "tuple",
                    "values": [
                        -0.19168389741855,
                        -0.1890818988822788
                    ]
                },
                {
                    "type": "tuple",
                    "values": [
                        0.021344015383996766,
                        0.024684439403588627
                    ]
                }
            ]
        },
        "errors_at_sigma_1": {
            "type": "list",
            "values": [
                {
                    "type": "tuple",
                    "values": [
                        0.001247247394180001,
                        0.0013547511420911873
                    ]
                },
                {
                    "type": "tuple",
                    "values": [
                        0.0016279166677808932,
                        0.0017125073518109678
                    ]
                }
            ]
        },
        "median_pdf_sample": {
            "type": "instance",
            "class_path": "autofit.non_linear.samples.sample.Sample",
            "arguments": {
                "log_likelihood": -42.69627475544886,
                "log_prior": 0.0,
                "weight": 0.0009824661423158353,
                "kwargs": {
                    "type": "dict",
                    "arguments": {
                        "ellipses.0.ell_comps.ell_comps_0": -0.19043665002437,
                        "ellipses.0.ell_comps.ell_comps_1": 0.02297193205177766
                    }
                }
            }
        },
        "model": null,
        "max_log_likelihood_sample": {
            "type": "instance",
            "class_path": "autofit.non_linear.samples.sample.Sample",
            "arguments": {
                "log_likelihood": -42.69627475544886,
                "log_prior": 0.0,
                "weight": 0.0009824661423158353,
                "kwargs": {
                    "type": "dict",
                    "arguments": {
                        "ellipses.0.ell_comps.ell_comps_0": -0.19025430168817,
                        "ellipses.0.ell_comps.ell_comps_1": 0.02303303327004
                    }
                }
            }
        }
    }
}