{
    "type": "instance",
    "class_path": "autofit.non_linear.samples.summary.SamplesSummary",
    "arguments": {
        "model": null,
        "errors_at_sigma_1": {
            "type": "list",
            "values": [
                {
                    "type": "tuple",
                    "values": [
                        0.004916953046038577,
                        0.004557156912111421
                    ]
                },
                {
                    "type": "tuple",
                    "values": [
                        0.005699890948217951,
                        0.006536144450368646
                    ]
                },
                {
                    "type": "tuple",
                    "values": [
                        0.008386304768907227,
                        0.007957283205558528
                    ]
                },
                {
                    "type": "tuple",
                    "values": [
                        0.009613606842197897,
                        0.009471105841772907
                    ]
                },
                {
                    "type": "tuple",
                    "values": [
                        0.008143079501871174,
                        0.008093298691707683
                    ]
                },
                {
                    "type": "tuple",
                    "values": [
                        0.00789744671112404,
                        0.007497627202912877
                    ]
                },
                {
                    "type": "tuple",
                    "values": [
                        0.013444147126733738,
                        0.011379950364724837
                    ]
                },
                {
                    "type": "tuple",
                    "values": [
                        0.010541511647662587,
                        0.009517784963111398
                    ]
                }
            ]
        },
        "median_pdf_sample": {
            "type": "instance",
            "class_path": "autofit.non_linear.samples.sample.Sample",
            "arguments": {
                "log_likelihood": -22.69235461025287,
                "log_prior": 0.0,
                "weight": 0.000981166347036426,
                "kwargs": {
                    "type": "dict",
                    "arguments": {
                        "ellipses.0.ell_comps.ell_comps_0": -0.09207749135352142,
                        "ellipses.0.ell_comps.ell_comps_1": 0.03215601807383135,
                        "multipoles.0.multipole_1.multipole_comps.multipole_comps_0": 0.0021239332809914724,
                        "multipoles.0.multipole_1.multipole_comps.multipole_comps_1": -0.00037293647127125676,
                        "multipoles.0.multipole_3.multipole_comps.multipole_comps_0": -0.0069816238497644855,
                        "multipoles.0.multipole_3.multipole_comps.multipole_comps_1": -0.004680014667432878,
                        "multipoles.0.multipole_4.multipole_comps.multipole_comps_0": 0.015832138641765026,
                        "multipoles.0.multipole_4.multipole_comps.multipole_comps_1": -0.00099003608025
                    }
                }
            }
        },
        "errors_at_sigma_3": {
            "type": "list",
            "values": [
                {
                    "type": "tuple",
                    "values": [
                        0.01641727910928431,
                        0.013089280316153598
                    ]
                },
                {
                    "type": "tuple",
                    "values": [
                        0.01686122014234135,
                        0.017278709539058648
                    ]
                },
                {
                    "type": "tuple",
                    "values": [
                        0.02121362060074147,
                        0.025848753143568527
                    ]
                },
                {
                    "type": "tuple",
                    "values": [
                        0.02506007632336428,
                        0.022420242982199426
                    ]
                },
                {
                    "type": "tuple",
                    "values": [
                        0.023809441628265447,
                        0.024491429513327417
                    ]
                },
                {
                    "type": "tuple",
                    "values": [
                        0.02172763910561712,
                        0.024996748570012876
                    ]
                },
                {
                    "type": "tuple",
                    "values": [
                        0.0343370060367148,
                        0.03300870692350497
                    ]
                },
                {
                    "type": "tuple",
                    "values": [
                        0.03492513797554268,
                        0.03213475246903
                    ]
                }
            ]
        },
        "log_evidence": -47.32531468564487,
        "max_log_likelihood_sample": {
            "type": "instance",
            "class_path": "autofit.non_linear.samples.sample.Sample",
            "arguments": {
                "log_likelihood": -22.69235461025287,
                "log_prior": 0.0,
                "weight": 0.000981166347036426,
                "kwargs": {
                    "type": "dict",
                    "arguments": {
                        "ellipses.0.ell_comps.ell_comps_0": -0.09132594446199,
                        "ellipses.0.ell_comps.ell_comps_1": 0.02926370008961,
                        "multipoles.0.multipole_1.multipole_comps.multipole_comps_0": 0.00314393207157,
                        "multipoles.0.multipole_1.multipole_comps.multipole_comps_1": -0.00478075835072,
                        "multipoles.0.multipole_3.multipole_comps.multipole_comps_0": -0.0066857998436,
                        "multipoles.0.multipole_3.multipole_comps.multipole_comps_1": -0.00776923609811,
                        "multipoles.0.multipole_4.multipole_comps.multipole_comps_0": 0.02354719266106,
                        "multipoles.0.multipole_4.multipole_comps.multipole_comps_1": -0.00609392677962
                    }
                }
            }
        },
        "values_at_sigma_3": {
            "type": "list",
            "values": [
                {
                    "type": "tuple",
                    "values": [
                        -0.10849477046280573,
                        -0.07898821103736782
                    ]
                },
                {
                    "type": "tuple",
                    "values": [
                        0.01529479793149,
                        0.04943472761289
                    ]
                },
                {
                    "type": "tuple",
                    "values": [
                        -0.01908968731975,
                        0.02797268642456
                    ]
                },
                {
                    "type": "tuple",
                    "values": [
                        -0.025433012794635536,
                        0.02204730651092817
                    ]
                },
                {
                    "type": "tuple",
                    "values": [
                        -0.03079106547802993,
                        0.017509805663562934
                    ]
                },
                {
                    "type": "tuple",
                    "values": [
                        -0.02640765377305,
                        0.02031673390258
                    ]
                },
                {
                    "type": "tuple",
                    "values": [
                        -0.018504867394949772,
                        0.04884084556527
                    ]
                },
                {
                    "type": "tuple",
                    "values": [
                        -0.035915174055792684,
                        0.03114471638878
                    ]
                }
            ]
        },
        "values_at_sigma_1": {
            "type": "list",
            "values": [
                {
                    "type": "tuple",
                    "values": [
                        -0.09699444439956,
                        -0.08752033444141
                    ]
                },
                {
                    "type": "tuple",
                    "values": [
                        0.0264561271256134,
                        0.0386921625242
                    ]
                },
                {
                    "type": "tuple",
                    "values": [
                        -0.006262371487915754,
                        0.01008121648655
                    ]
                },
                {
                    "type": "tuple",
                    "values": [
                        -0.009986543313469154,
                        0.00909816937050165
                    ]
                },
                {
                    "type": "tuple",
                    "values": [
                        -0.01512470335163566,
                        0.001111674841943197
                    ]
                },
                {
                    "type": "tuple",
                    "values": [
                        -0.012577461378556918,
                        0.00281761253548
                    ]
                },
                {
                    "type": "tuple",
                    "values": [
                        0.0023879915150312875,
                        0.027212089006489863
                    ]
                },
                {
                    "type": "tuple",
                    "values": [
                        -0.011531547727912587,
                        0.008527748882861398
                    ]
                }
            ]
        }
    }
}