{
    "type": "instance",
    "class_path": "autofit.non_linear.samples.summary.SamplesSummary",
    "arguments": {
        "errors_at_sigma_1": {
            "type": "list",
            "values": [
                {
                    "type": "tuple",
                    "values": [
                        0.004698471908450005,
                        0.003889716808125901
                    ]
                },
                {
                    "type": "tuple",
                    "values": [
                        0.004781239446566041,
                        0.0033489636754610724
                    ]
                },
                {
                    "type": "tuple",
                    "values": [
                        0.021957640027541775,
                        0.03937642626043411
                    ]
                },
                {
                    "type": "tuple",
                    "values": [
                        0.01581865424228264,
                        0.016095186087525346
                    ]
                },
                {
                    "type": "tuple",
                    "values": [
                        0.025443171573888923,
                        0.0173079097578906
                    ]
                },
                {
                    "type": "tuple",
                    "values": [
                        0.021847388834249998,
                        0.014015296867620337
                    ]
                }
            ]
        },
        "log_evidence": -112.64531106941398,
        "median_pdf_sample": {
            "type": "instance",
            "class_path": "autofit.non_linear.samples.sample.Sample",
            "arguments": {
                "log_likelihood": -92.14450492227363,
                "log_prior": 0.0,
                "weight": 0.0010495300697994838,
                "kwargs": {
                    "type": "dict",
                    "arguments": {
                        "ellipses.0.ell_comps.ell_comps_0": -0.08656224776558,
                        "ellipses.0.ell_comps.ell_comps_1": -0.06449581058956395,
                        "multipoles.0.multipole_3.multipole_comps.multipole_comps_0": 0.00295455254991995,
                        "multipoles.0.multipole_3.multipole_comps.multipole_comps_1": -0.07346665249878,
                        "multipoles.0.multipole_4.multipole_comps.multipole_comps_0": 0.02497756913306,
                        "multipoles.0.multipole_4.multipole_comps.multipole_comps_1": 0.03084982745272
                    }
                }
            }
        },
        "max_log_likelihood_sample": {
            "type": "instance",
            "class_path": "autofit.non_linear.samples.sample.Sample",
            "arguments": {
                "log_likelihood": -92.14450492227363,
                "log_prior": 0.0,
                "weight": 0.0010495300697994838,
                "kwargs": {
                    "type": "dict",
                    "arguments": {
                        "ellipses.0.ell_comps.ell_comps_0": -0.08619697476697,
                        "ellipses.0.ell_comps.ell_comps_1": -0.0610003078779,
                        "multipoles.0.multipole_3.multipole_comps.multipole_comps_0": -0.00413429843507,
                        "multipoles.0.multipole_3.multipole_comps.multipole_comps_1": -0.09872119590766,
                        "multipoles.0.multipole_4.multipole_comps.multipole_comps_0": 0.02720755942325,
                        "multipoles.0.multipole_4.multipole_comps.multipole_comps_1": 0.04387868088423
                    }
                }
            }
        },
        "model": null,
        "errors_at_sigma_3": {
            "type": "list",
            "values": [
                {
                    "type": "tuple",
                    "values": [
                        0.010812937469597661,
                        0.00790255500230072
                    ]
                },
                {
                    "type": "tuple",
                    "values": [
                        0.0100138963008585,
                        0.006042847653375635
                    ]
                },
                {
                    "type": "tuple",
                    "values": [
                        0.05223217885547938,
                        0.05358645637999992
                    ]
                },
                {
                    "type": "tuple",
                    "values": [
                        0.026495499399696643,
                        0.04697725946184706
                    ]
                },
                {
                    "type": "tuple",
                    "values": [
                        0.05199384752368,
                        0.041623669093
                    ]
                },
                {
                    "type": "tuple",
                    "values": [
                        0.051685675944009996,
                        0.03626870363440894
                    ]
                }
            ]
        },
        "values_at_sigma_1": {
            "type": "list",
            "values": [
                {
                    "type": "tuple",
                    "values": [
                        -0.09126071967403,
                        -0.0826725309574541
                    ]
                },
                {
                    "type": "tuple",
                    "values": [
                        -0.06927705003613,
                        -0.06114684691410288
                    ]
                },
                {
                    "type": "tuple",
                    "values": [
                        -0.019003087477621826,
                        0.04233097881035406
                    ]
                },
                {
                    "type": "tuple",
                    "values": [
                        -0.08928530674106264,
                        -0.05737146641125465
                    ]
                },
                {
                    "type": "tuple",
                    "values": [
                        -0.00046560244082892406,
                        0.0422854788909506
                    ]
                },
                {
                    "type": "tuple",
                    "values": [
                        0.00900243861847,
                        0.04486512432034034
                    ]
                }
            ]
        },
        "values_at_sigma_3": {
            "type": "list",
            "values": [
                {
                    "type": "tuple",
                    "values": [
                        -0.09737518523517766,
                        -0.07865969276327928
                    ]
                },
                {
                    "type": "tuple",
                    "values": [
                        -0.07450970689042245,
                        -0.05845296293618832
                    ]
                },
                {
                    "type": "tuple",
                    "values": [
                        -0.04927762630555943,
                        0.05654100892991987
                    ]
                },
                {
                    "type": "tuple",
                    "values": [
                        -0.09996215189847664,
                        -0.026489393036932936
                    ]
                },
                {
                    "type": "tuple",
                    "values": [
                        -0.02701627839062,
                        0.06660123822606
                    ]
                },
                {
                    "type": "tuple",
                    "values": [
                        -0.02083584849129,
                        0.06711853108712894
                    ]
                }
            ]
        }
    }
}