{
    "type": "collection",
    "arguments": {
        "ellipses": {
            "type": "collection",
            "arguments": {
                "0": {
                    "type": "instance",
                    "class_path": "autogalaxy.ellipse.ellipse.ellipse.Ellipse",
                    "arguments": {
                        "major_axis": 0.25,
                        "centre": {
                            "type": "tuple",
                            "values": [
                                -0.002258569382,
                                -0.00615427690645
                            ]
                        },
                        "ell_comps": {
                            "type": "tuple",
                            "values": [
                                -0.01796343482859,
                                0.08437959778266
                            ]
                        }
                    }
                },
                "1": {
                    "type": "instance",
                    "class_path": "autogalaxy.ellipse.ellipse.ellipse.Ellipse",
                    "arguments": {
                        "major_axis": 0.5,
                        "centre": {
                            "type": "tuple",
                            "values": [
                                -0.002258569382,
                                -0.00615427690645
                            ]
                        },
                        "ell_comps": {
                            "type": "tuple",
                            "values": [
                                -0.03882669746354,
                                0.09380972469587
                            ]
                        }
                    }
                },
                "2": {
                    "type": "instance",
                    "class_path": "autogalaxy.ellipse.ellipse.ellipse.Ellipse",
                    "arguments": {
                        "major_axis": 0.75,
                        "centre": {
                            "type": "tuple",
                            "values": [
                                -0.002258569382,
                                -0.00615427690645
                            ]
                        },
                        "ell_comps": {
                            "type": "tuple",
                            "values": [
                                0.00125840940108,
                                0.09122121440279
                            ]
                        }
                    }
                },
                "3": {
                    "type": "instance",
                    "class_path": "autogalaxy.ellipse.ellipse.ellipse.Ellipse",
                    "arguments": {
                        "major_axis": 1.0,
                        "centre": {
                            "type": "tuple",
                            "values": [
                                -0.002258569382,
                                -0.00615427690645
                            ]
                        },
                        "ell_comps": {
                            "type": "tuple",
                            "values": [
                                -0.00749398854399,
                                0.16974645139611
                            ]
                        }
                    }
                }
            }
        },
        "multipoles": {
            "type": "collection",
            "arguments": {
                "0": {
                    "type": "instance",
                    "class_path": "autofit.mapper.model.ModelInstance",
                    "arguments": {
                        "child_items": {
                            "type": "dict",
                            "arguments": {
                                "multipole_3": {
                                    "type": "instance",
                                    "class_path": "autogalaxy.ellipse.ellipse.ellipse_multipole.EllipseMultipole",
                                    "arguments": {
                                        "multipole_comps": {
                                            "type": "tuple",
                                            "values": [
                                                0.00239693461992,
                                                0.00098814611566
                                            ]
                                        },
                                        "m": 3
                                    }
                                },
                                "multipole_4": {
                                    "type": "instance",
                                    "class_path": "autogalaxy.ellipse.ellipse.ellipse_multipole.EllipseMultipole",
                                    "arguments": {
                                        "multipole_comps": {
                                            "type": "tuple",
                                            "values": [
                                                0.00706184614406,
                                                0.00537267532822
                                            ]
                                        },
                                        "m": 4
                                    }
                                }
                            }
                        }
                    }
                },
                "1": {
                    "type": "instance",
                    "class_path": "autofit.mapper.model.ModelInstance",
                    "arguments": {
                        "child_items": {
                            "type": "dict",
                            "arguments": {
                                "multipole_3": {
                                    "type": "instance",
                                    "class_path": "autogalaxy.ellipse.ellipse.ellipse_multipole.EllipseMultipole",
                                    "arguments": {
                                        "multipole_comps": {
                                            "type": "tuple",
                                            "values": [
                                                -0.01357123220271,
                                                -0.00230646721065
                                            ]
                                        },
                                        "m": 3
                                    }
                                },
                                "multipole_4": {
                                    "type": "instance",
                                    "class_path": "autogalaxy.ellipse.ellipse.ellipse_multipole.EllipseMultipole",
                                    "arguments": {
                                        "multipole_comps": {
                                            "type": "tuple",
                                            "values": [
                                                0.00657524275683,
                                                -0.01166685249193
                                            ]
                                        },
                                        "m": 4
                                    }
                                }
                            }
                        }
                    }
                },
                "2": {
                    "type": "instance",
                    "class_path": "autofit.mapper.model.ModelInstance",
                    "arguments": {
                        "child_items": {
                            "type": "dict",
                            "arguments": {
                                "multipole_3": {
                                    "type": "instance",
                                    "class_path": "autogalaxy.ellipse.ellipse.ellipse_multipole.EllipseMultipole",
                                    "arguments": {
                                        "multipole_comps": {
                                            "type": "tuple",
                                            "values": [
                                                -0.02346178525477,
                                                0.03414611046797
                                            ]
                                        },
                                        "m": 3
                                    }
                                },
                                "multipole_4": {
                                    "type": "instance",
                                    "class_path": "autogalaxy.ellipse.ellipse.ellipse_multipole.EllipseMultipole",
                                    "arguments": {
                                        "multipole_comps": {
                                            "type": "tuple",
                                            "values": [
                                                0.01904485157294,
                                                0.03613393960424
                                            ]
                                        },
                                        "m": 4
                                    }
                                }
                            }
                        }
                    }
                },
                "3": {
                    "type": "instance",
                    "class_path": "autofit.mapper.model.ModelInstance",
                    "arguments": {
                        "child_items": {
                            "type": "dict",
                            "arguments": {
                                "multipole_3": {
                                    "type": "instance",
                                    "class_path": "autogalaxy.ellipse.ellipse.ellipse_multipole.EllipseMultipole",
                                    "arguments": {
                                        "multipole_comps": {
                                            "type": "tuple",
                                            "values": [
                                                0.04661102944162,
                                                -0.07440148629754
                                            ]
                                        },
                                        "m": 3
                                    }
                                },
                                "multipole_4": {
                                    "type": "instance",
                                    "class_path": "autogalaxy.ellipse.ellipse.ellipse_multipole.EllipseMultipole",
                                    "arguments": {
                                        "multipole_comps": {
                                            "type": "tuple",
                                            "values": [
                                                0.00818584799936,
                                                -0.06524560962395
                                            ]
                                        },
                                        "m": 4
                                    }
                                }
                            }
                        }
                    }
                }
            }
        },
        "dummy_0": {
            "lower_limit": -0.1,
            "upper_limit": 0.1,
            "type": "Uniform",
            "id": 128
        }
    }
}