{
    "type": "instance",
    "class_path": "autofit.non_linear.samples.summary.SamplesSummary",
    "arguments": {
        "median_pdf_sample": {
            "type": "instance",
            "class_path": "autofit.non_linear.samples.sample.Sample",
            "arguments": {
                "log_likelihood": -45.36331034564601,
                "log_prior": 0.0,
                "weight": 0.000988904900749891,
                "kwargs": {
                    "type": "dict",
                    "arguments": {
                        "ellipses.0.ell_comps.ell_comps_0": -0.05940139337692,
                        "ellipses.0.ell_comps.ell_comps_1": 0.06860711531136,
                        "multipoles.0.multipole_3.multipole_comps.multipole_comps_0": -0.00689458613278,
                        "multipoles.0.multipole_3.multipole_comps.multipole_comps_1": -0.006269391298207727,
                        "multipoles.0.multipole_4.multipole_comps.multipole_comps_0": -0.03582753916319,
                        "multipoles.0.multipole_4.multipole_comps.multipole_comps_1": -0.019695817189854452
                    }
                }
            }
        },
        "log_evidence": -60.230487692016844,
        "errors_at_sigma_1": {
            "type": "list",
            "values": [
                {
                    "type": "tuple",
                    "values": [
                        0.013965551035319997,
                        0.00735626071600174
                    ]
                },
                {
                    "type": "tuple",
                    "values": [
                        0.009199086994880874,
                        0.005289742818143581
                    ]
                },
                {
                    "type": "tuple",
                    "values": [
                        0.027914139946320003,
                        0.03692463932607
                    ]
                },
                {
                    "type": "tuple",
                    "values": [
                        0.029371123806289014,
                        0.03466147511667773
                    ]
                },
                {
                    "type": "tuple",
                    "values": [
                        0.02968799488037,
                        0.03301412868752
                    ]
                },
                {
                    "type": "tuple",
                    "values": [
                        0.03581372744757555,
                        0.04568835331311222
                    ]
                }
            ]
        },
        "values_at_sigma_3": {
            "type": "list",
            "values": [
                {
                    "type": "tuple",
                    "values": [
                        -0.083390449794,
                        -0.039129417477546696
                    ]
                },
                {
                    "type": "tuple",
                    "values": [
                        0.03663489403413,
                        0.08744967670820351
                    ]
                },
                {
                    "type": "tuple",
                    "values": [
                        -0.08499830502012,
                        0.09623793226535
                    ]
                },
                {
                    "type": "tuple",
                    "values": [
                        -0.08902659598714183,
                        0.08542539126254423
                    ]
                },
                {
                    "type": "tuple",
                    "values": [
                        -0.09952047650402,
                        0.09833780206086
                    ]
                },
                {
                    "type": "tuple",
                    "values": [
                        -0.09340189706589,
                        0.08726877313878
                    ]
                }
            ]
        },
        "values_at_sigma_1": {
            "type": "list",
            "values": [
                {
                    "type": "tuple",
                    "values": [
                        -0.07336694441224,
                        -0.05204513266091826
                    ]
                },
                {
                    "type": "tuple",
                    "values": [
                        0.05940802831647913,
                        0.07389685812950358
                    ]
                },
                {
                    "type": "tuple",
                    "values": [
                        -0.0348087260791,
                        0.03003005319329
                    ]
                },
                {
                    "type": "tuple",
                    "values": [
                        -0.03564051510449674,
                        0.02839208381847
                    ]
                },
                {
                    "type": "tuple",
                    "values": [
                        -0.06551553404356,
                        -0.00281341047567
                    ]
                },
                {
                    "type": "tuple",
                    "values": [
                        -0.05550954463743,
                        0.025992536123257765
                    ]
                }
            ]
        },
        "max_log_likelihood_sample": {
            "type": "instance",
            "class_path": "autofit.non_linear.samples.sample.Sample",
            "arguments": {
                "log_likelihood": -45.36331034564601,
                "log_prior": 0.0,
                "weight": 0.000988904900749891,
                "kwargs": {
                    "type": "dict",
                    "arguments": {
                        "ellipses.0.ell_comps.ell_comps_0": -0.05482394438226,
                        "ellipses.0.ell_comps.ell_comps_1": 0.06958930995471,
                        "multipoles.0.multipole_3.multipole_comps.multipole_comps_0": 0.00830005777265,
                        "multipoles.0.multipole_3.multipole_comps.multipole_comps_1": 0.05075602159373,
                        "multipoles.0.multipole_4.multipole_comps.multipole_comps_0": -0.04937044168696,
                        "multipoles.0.multipole_4.multipole_comps.multipole_comps_1": 0.04512343523495
                    }
                }
            }
        },
        "model": null,
        "errors_at_sigma_3": {
            "type": "list",
            "values": [
                {
                    "type": "tuple",
                    "values": [
                        0.023989056417079997,
                        0.020271975899373303
                    ]
                },
                {
                    "type": "tuple",
                    "values": [
                        0.031972221277230005,
                        0.01884256139684351
                    ]
                },
                {
                    "type": "tuple",
                    "values": [
                        0.07810371888734,
                        0.10313251839813001
                    ]
                },
                {
                    "type": "tuple",
                    "values": [
                        0.0827572046889341,
                        0.09169478256075195
                    ]
                },
                {
                    "type": "tuple",
                    "values": [
                        0.06369293734083001,
                        0.13416534122405
                    ]
                },
                {
                    "type": "tuple",
                    "values": [
                        0.07370607987603554,
                        0.10696459032863445
                    ]
                }
            ]
        }
    }
}