{
    "type": "instance",
    "class_path": "autofit.non_linear.samples.summary.SamplesSummary",
    "arguments": {
        "values_at_sigma_1": {
            "type": "list",
            "values": [
                {
                    "type": "tuple",
                    "values": [
                        0.00035507602104,
                        0.013977017538446948
                    ]
                },
                {
                    "type": "tuple",
                    "values": [
                        -0.12110468166387,
                        -0.11197213080821
                    ]
                },
                {
                    "type": "tuple",
                    "values": [
                        -0.014996331911138458,
                        0.007671337723953995
                    ]
                },
                {
                    "type": "tuple",
                    "values": [
                        -0.008121655801940296,
                        0.014750843797010712
                    ]
                },
                {
                    "type": "tuple",
                    "values": [
                        -0.024412216156406406,
                        0.00038818745147
                    ]
                },
                {
                    "type": "tuple",
                    "values": [
                        -0.018227362963761796,
                        0.001826020952787243
                    ]
                },
                {
                    "type": "tuple",
                    "values": [
                        -0.01493665885364504,
                        0.01518046645967
                    ]
                },
                {
                    "type": "tuple",
                    "values": [
                        -0.02420046106955,
                        0.010184389156218053
                    ]
                }
            ]
        },
        "errors_at_sigma_3": {
            "type": "list",
            "values": [
                {
                    "type": "tuple",
                    "values": [
                        0.02042156675640524,
                        0.013997152714654227
                    ]
                },
                {
                    "type": "tuple",
                    "values": [
                        0.01173149315935293,
                        0.017281049687481953
                    ]
                },
                {
                    "type": "tuple",
                    "values": [
                        0.044049034840440725,
                        0.03964219914857927
                    ]
                },
                {
                    "type": "tuple",
                    "values": [
                        0.04118957000744,
                        0.03977917855063438
                    ]
                },
                {
                    "type": "tuple",
                    "values": [
                        0.04191665529958294,
                        0.04477404484591872
                    ]
                },
                {
                    "type": "tuple",
                    "values": [
                        0.03288422262631732,
                        0.0366549238414322
                    ]
                },
                {
                    "type": "tuple",
                    "values": [
                        0.04836068626943161,
                        0.04833326893790046
                    ]
                },
                {
                    "type": "tuple",
                    "values": [
                        0.0461421229290197,
                        0.04365833188285814
                    ]
                }
            ]
        },
        "log_evidence": -45.70265689707118,
        "model": null,
        "values_at_sigma_3": {
            "type": "list",
            "values": [
                {
                    "type": "tuple",
                    "values": [
                        -0.012350414265146515,
                        0.022068305205912953
                    ]
                },
                {
                    "type": "tuple",
                    "values": [
                        -0.12850037009787,
                        -0.09948782725103511
                    ]
                },
                {
                    "type": "tuple",
                    "values": [
                        -0.04736771099884,
                        0.03632352299018
                    ]
                },
                {
                    "type": "tuple",
                    "values": [
                        -0.03836511216959,
                        0.04260363638848438
                    ]
                },
                {
                    "type": "tuple",
                    "values": [
                        -0.05386860151944798,
                        0.032822098626053675
                    ]
                },
                {
                    "type": "tuple",
                    "values": [
                        -0.04105554726633608,
                        0.028483599201413436
                    ]
                },
                {
                    "type": "tuple",
                    "values": [
                        -0.04931640958964,
                        0.047377545617692064
                    ]
                },
                {
                    "type": "tuple",
                    "values": [
                        -0.0515093793230497,
                        0.03829107548882814
                    ]
                }
            ]
        },
        "max_log_likelihood_sample": {
            "type": "instance",
            "class_path": "autofit.non_linear.samples.sample.Sample",
            "arguments": {
                "log_likelihood": -24.498018324738695,
                "log_prior": 0.0,
                "weight": 0.0009933581265732607,
                "kwargs": {
                    "type": "dict",
                    "arguments": {
                        "ellipses.0.ell_comps.ell_comps_0": 0.00985570933473,
                        "ellipses.0.ell_comps.ell_comps_1": -0.11800700473243,
                        "multipoles.0.multipole_1.multipole_comps.multipole_comps_0": -0.01528966617781,
                        "multipoles.0.multipole_1.multipole_comps.multipole_comps_1": -0.00560354120058,
                        "multipoles.0.multipole_3.multipole_comps.multipole_comps_0": -0.0145683606043,
                        "multipoles.0.multipole_3.multipole_comps.multipole_comps_1": 0.00031704200786,
                        "multipoles.0.multipole_4.multipole_comps.multipole_comps_0": -0.00061516632739,
                        "multipoles.0.multipole_4.multipole_comps.multipole_comps_1": 0.00072578970787
                    }
                }
            }
        },
        "median_pdf_sample": {
            "type": "instance",
            "class_path": "autofit.non_linear.samples.sample.Sample",
            "arguments": {
                "log_likelihood": -24.498018324738695,
                "log_prior": 0.0,
                "weight": 0.0009933581265732607,
                "kwargs": {
                    "type": "dict",
                    "arguments": {
                        "ellipses.0.ell_comps.ell_comps_0": 0.008071152491258726,
                        "ellipses.0.ell_comps.ell_comps_1": -0.11676887693851706,
                        "multipoles.0.multipole_1.multipole_comps.multipole_comps_0": -0.0033186761583992707,
                        "multipoles.0.multipole_1.multipole_comps.multipole_comps_1": 0.00282445783785,
                        "multipoles.0.multipole_3.multipole_comps.multipole_comps_0": -0.011951946219865044,
                        "multipoles.0.multipole_3.multipole_comps.multipole_comps_1": -0.008171324640018763,
                        "multipoles.0.multipole_4.multipole_comps.multipole_comps_0": -0.0009557233202083903,
                        "multipoles.0.multipole_4.multipole_comps.multipole_comps_1": -0.00536725639403
                    }
                }
            }
        },
        "errors_at_sigma_1": {
            "type": "list",
            "values": [
                {
                    "type": "tuple",
                    "values": [
                        0.0077160764702187265,
                        0.005905865047188222
                    ]
                },
                {
                    "type": "tuple",
                    "values": [
                        0.004335804725352943,
                        0.004796746130307061
                    ]
                },
                {
                    "type": "tuple",
                    "values": [
                        0.011677655752739187,
                        0.010990013882353267
                    ]
                },
                {
                    "type": "tuple",
                    "values": [
                        0.010946113639790296,
                        0.011926385959160712
                    ]
                },
                {
                    "type": "tuple",
                    "values": [
                        0.012460269936541361,
                        0.012340133671335045
                    ]
                },
                {
                    "type": "tuple",
                    "values": [
                        0.010056038323743034,
                        0.009997345592806005
                    ]
                },
                {
                    "type": "tuple",
                    "values": [
                        0.01398093553343665,
                        0.01613618977987839
                    ]
                },
                {
                    "type": "tuple",
                    "values": [
                        0.01883320467552,
                        0.015551645550248053
                    ]
                }
            ]
        }
    }
}