{
    "type": "instance",
    "class_path": "autofit.non_linear.samples.summary.SamplesSummary",
    "arguments": {
        "errors_at_sigma_1": {
            "type": "list",
            "values": [
                {
                    "type": "tuple",
                    "values": [
                        0.009193252175055427,
                        0.008241540218727472
                    ]
                },
                {
                    "type": "tuple",
                    "values": [
                        0.01187211659688732,
                        0.010281436767768104
                    ]
                },
                {
                    "type": "tuple",
                    "values": [
                        0.026775423625612478,
                        0.037540127756466556
                    ]
                },
                {
                    "type": "tuple",
                    "values": [
                        0.04516254167898756,
                        0.03428424103076026
                    ]
                },
                {
                    "type": "tuple",
                    "values": [
                        0.03930062540625638,
                        0.057993035946839994
                    ]
                },
                {
                    "type": "tuple",
                    "values": [
                        0.02394536277758,
                        0.04714657966847
                    ]
                }
            ]
        },
        "log_evidence": -64.9845045093692,
        "model": null,
        "median_pdf_sample": {
            "type": "instance",
            "class_path": "autofit.non_linear.samples.sample.Sample",
            "arguments": {
                "log_likelihood": -50.457675405523034,
                "log_prior": 0.0,
                "weight": 0.0010393726845440918,
                "kwargs": {
                    "type": "dict",
                    "arguments": {
                        "ellipses.0.ell_comps.ell_comps_0": -0.18471338130583,
                        "ellipses.0.ell_comps.ell_comps_1": -0.12396126930646,
                        "multipoles.0.multipole_3.multipole_comps.multipole_comps_0": -0.03753382956376656,
                        "multipoles.0.multipole_3.multipole_comps.multipole_comps_1": 0.01320785121237526,
                        "multipoles.0.multipole_4.multipole_comps.multipole_comps_0": -0.0182450631433,
                        "multipoles.0.multipole_4.multipole_comps.multipole_comps_1": 0.00726084361347
                    }
                }
            }
        },
        "values_at_sigma_3": {
            "type": "list",
            "values": [
                {
                    "type": "tuple",
                    "values": [
                        -0.21438699687253,
                        -0.15437086145898157
                    ]
                },
                {
                    "type": "tuple",
                    "values": [
                        -0.15283009306624,
                        -0.10728740879748273
                    ]
                },
                {
                    "type": "tuple",
                    "values": [
                        -0.09986281575419,
                        0.08714010714932471
                    ]
                },
                {
                    "type": "tuple",
                    "values": [
                        -0.08410731005177,
                        0.0992157184155
                    ]
                },
                {
                    "type": "tuple",
                    "values": [
                        -0.09623071438364358,
                        0.09921208902429746
                    ]
                },
                {
                    "type": "tuple",
                    "values": [
                        -0.0994528865032026,
                        0.09900391622975777
                    ]
                }
            ]
        },
        "values_at_sigma_1": {
            "type": "list",
            "values": [
                {
                    "type": "tuple",
                    "values": [
                        -0.19390663348088544,
                        -0.17647184108710254
                    ]
                },
                {
                    "type": "tuple",
                    "values": [
                        -0.13583338590334731,
                        -0.11367983253869189
                    ]
                },
                {
                    "type": "tuple",
                    "values": [
                        -0.06430925318937904,
                        6.2981927e-06
                    ]
                },
                {
                    "type": "tuple",
                    "values": [
                        -0.031954690466612305,
                        0.04749209224313552
                    ]
                },
                {
                    "type": "tuple",
                    "values": [
                        -0.05754568854955638,
                        0.03974797280354
                    ]
                },
                {
                    "type": "tuple",
                    "values": [
                        -0.01668451916411,
                        0.05440742328194
                    ]
                }
            ]
        },
        "max_log_likelihood_sample": {
            "type": "instance",
            "class_path": "autofit.non_linear.samples.sample.Sample",
            "arguments": {
                "log_likelihood": -50.457675405523034,
                "log_prior": 0.0,
                "weight": 0.0010393726845440918,
                "kwargs": {
                    "type": "dict",
                    "arguments": {
                        "ellipses.0.ell_comps.ell_comps_0": -0.17774274549819,
                        "ellipses.0.ell_comps.ell_comps_1": -0.13614370981199,
                        "multipoles.0.multipole_3.multipole_comps.multipole_comps_0": -0.01092369274546,
                        "multipoles.0.multipole_3.multipole_comps.multipole_comps_1": 0.01320214329327,
                        "multipoles.0.multipole_4.multipole_comps.multipole_comps_0": -0.08256739157886,
                        "multipoles.0.multipole_4.multipole_comps.multipole_comps_1": 0.02160282154433
                    }
                }
            }
        },
        "errors_at_sigma_3": {
            "type": "list",
            "values": [
                {
                    "type": "tuple",
                    "values": [
                        0.02967361556669998,
                        0.030342519846848437
                    ]
                },
                {
                    "type": "tuple",
                    "values": [
                        0.02886882375978002,
                        0.016673860508977262
                    ]
                },
                {
                    "type": "tuple",
                    "values": [
                        0.06232898619042344,
                        0.12467393671309127
                    ]
                },
                {
                    "type": "tuple",
                    "values": [
                        0.09731516126414526,
                        0.08600786720312474
                    ]
                },
                {
                    "type": "tuple",
                    "values": [
                        0.07798565124034358,
                        0.11745715216759746
                    ]
                },
                {
                    "type": "tuple",
                    "values": [
                        0.1067137301166726,
                        0.09174307261628777
                    ]
                }
            ]
        }
    }
}