{
    "type": "instance",
    "class_path": "autofit.non_linear.samples.summary.SamplesSummary",
    "arguments": {
        "log_evidence": -53.075411584114725,
        "errors_at_sigma_1": {
            "type": "list",
            "values": [
                {
                    "type": "tuple",
                    "values": [
                        0.0018952449105079788,
                        0.002024468234419999
                    ]
                },
                {
                    "type": "tuple",
                    "values": [
                        0.001837324437381771,
                        0.001816351695409113
                    ]
                }
            ]
        },
        "values_at_sigma_1": {
            "type": "list",
            "values": [
                {
                    "type": "tuple",
                    "values": [
                        0.07447578975816202,
                        0.07839550290309
                    ]
                },
                {
                    "type": "tuple",
                    "values": [
                        0.16004981482870426,
                        0.16370349096149514
                    ]
                }
            ]
        },
        "values_at_sigma_3": {
            "type": "list",
            "values": [
                {
                    "type": "tuple",
                    "values": [
                        0.07066939700700965,
                        0.08221344169229348
                    ]
                },
                {
                    "type": "tuple",
                    "values": [
                        0.1567530434203234,
                        0.16733711800689463
                    ]
                }
            ]
        },
        "errors_at_sigma_3": {
            "type": "list",
            "values": [
                {
                    "type": "tuple",
                    "values": [
                        0.005701637661660347,
                        0.005842407023623486
                    ]
                },
                {
                    "type": "tuple",
                    "values": [
                        0.005134095845762632,
                        0.005449978740808603
                    ]
                }
            ]
        },
        "max_log_likelihood_sample": {
            "type": "instance",
            "class_path": "autofit.non_linear.samples.sample.Sample",
            "arguments": {
                "log_likelihood": -41.66388759238294,
                "log_prior": 0.0,
                "weight": 0.0009805216549486008,
                "kwargs": {
                    "type": "dict",
                    "arguments": {
                        "ellipses.0.ell_comps.ell_comps_0": 0.07614942051157,
                        "ellipses.0.ell_comps.ell_comps_1": 0.16208665464165
                    }
                }
            }
        },
        "model": null,
        "median_pdf_sample": {
            "type": "instance",
            "class_path": "autofit.non_linear.samples.sample.Sample",
            "arguments": {
                "log_likelihood": -41.66388759238294,
                "log_prior": 0.0,
                "weight": 0.0009805216549486008,
                "kwargs": {
                    "type": "dict",
                    "arguments": {
                        "ellipses.0.ell_comps.ell_comps_0": 0.07637103466867,
                        "ellipses.0.ell_comps.ell_comps_1": 0.16188713926608603
                    }
                }
            }
        }
    }
}