{
    "type": "instance",
    "class_path": "autofit.non_linear.samples.summary.SamplesSummary",
    "arguments": {
        "errors_at_sigma_1": {
            "type": "list",
            "values": [
                {
                    "type": "tuple",
                    "values": [
                        0.0023464544226638184,
                        0.005345078828570021
                    ]
                },
                {
                    "type": "tuple",
                    "values": [
                        0.002138428899690681,
                        0.0027906361797113144
                    ]
                },
                {
                    "type": "tuple",
                    "values": [
                        0.009506255669170814,
                        0.008750787415778213
                    ]
                },
                {
                    "type": "tuple",
                    "values": [
                        0.012583125119497541,
                        0.00841108302092966
                    ]
                },
                {
                    "type": "tuple",
                    "values": [
                        0.010840074791649536,
                        0.02394670807633499
                    ]
                },
                {
                    "type": "tuple",
                    "values": [
                        0.01734316335977271,
                        0.008488560394180854
                    ]
                }
            ]
        },
        "max_log_likelihood_sample": {
            "type": "instance",
            "class_path": "autofit.non_linear.samples.sample.Sample",
            "arguments": {
                "log_likelihood": -70.06510567547997,
                "log_prior": 0.0,
                "weight": 0.0010119103814591433,
                "kwargs": {
                    "type": "dict",
                    "arguments": {
                        "ellipses.0.ell_comps.ell_comps_0": -0.2000568886953,
                        "ellipses.0.ell_comps.ell_comps_1": -0.20775748231195,
                        "multipoles.0.multipole_3.multipole_comps.multipole_comps_0": 0.04480890754571,
                        "multipoles.0.multipole_3.multipole_comps.multipole_comps_1": 0.03295416802547,
                        "multipoles.0.multipole_4.multipole_comps.multipole_comps_0": -0.01812747307523,
                        "multipoles.0.multipole_4.multipole_comps.multipole_comps_1": 0.0493174482215
                    }
                }
            }
        },
        "model": null,
        "log_evidence": -90.79984657834167,
        "values_at_sigma_3": {
            "type": "list",
            "values": [
                {
                    "type": "tuple",
                    "values": [
                        -0.20551810388175,
                        -0.18636735256349
                    ]
                },
                {
                    "type": "tuple",
                    "values": [
                        -0.21305122257511,
                        -0.19187630782435
                    ]
                },
                {
                    "type": "tuple",
                    "values": [
                        0.001870707313500158,
                        0.07240804254505034
                    ]
                },
                {
                    "type": "tuple",
                    "values": [
                        -0.0052985550308168585,
                        0.05893277777079
                    ]
                },
                {
                    "type": "tuple",
                    "values": [
                        -0.05313897483781,
                        0.04631459019196
                    ]
                },
                {
                    "type": "tuple",
                    "values": [
                        -0.02489345249465,
                        0.06140489322243
                    ]
                }
            ]
        },
        "values_at_sigma_1": {
            "type": "list",
            "values": [
                {
                    "type": "tuple",
                    "values": [
                        -0.19921900109919383,
                        -0.19152746784796
                    ]
                },
                {
                    "type": "tuple",
                    "values": [
                        -0.209210929698142,
                        -0.20428186461874
                    ]
                },
                {
                    "type": "tuple",
                    "values": [
                        0.03527066884715919,
                        0.053527711932108216
                    ]
                },
                {
                    "type": "tuple",
                    "values": [
                        0.018121179591692797,
                        0.03911538773212
                    ]
                },
                {
                    "type": "tuple",
                    "values": [
                        -0.01919374963798,
                        0.015593033230004523
                    ]
                },
                {
                    "type": "tuple",
                    "values": [
                        0.01920959861772729,
                        0.045041322371680854
                    ]
                }
            ]
        },
        "errors_at_sigma_3": {
            "type": "list",
            "values": [
                {
                    "type": "tuple",
                    "values": [
                        0.008645557205220006,
                        0.010505194113040017
                    ]
                },
                {
                    "type": "tuple",
                    "values": [
                        0.005978721776658674,
                        0.015196192974101325
                    ]
                },
                {
                    "type": "tuple",
                    "values": [
                        0.04290621720282985,
                        0.02763111802872034
                    ]
                },
                {
                    "type": "tuple",
                    "values": [
                        0.0360028597420072,
                        0.028228473059599662
                    ]
                },
                {
                    "type": "tuple",
                    "values": [
                        0.04478529999147954,
                        0.05466826503829046
                    ]
                },
                {
                    "type": "tuple",
                    "values": [
                        0.06144621447215,
                        0.02485213124493
                    ]
                }
            ]
        },
        "median_pdf_sample": {
            "type": "instance",
            "class_path": "autofit.non_linear.samples.sample.Sample",
            "arguments": {
                "log_likelihood": -70.06510567547997,
                "log_prior": 0.0,
                "weight": 0.0010119103814591433,
                "kwargs": {
                    "type": "dict",
                    "arguments": {
                        "ellipses.0.ell_comps.ell_comps_0": -0.19687254667653,
                        "ellipses.0.ell_comps.ell_comps_1": -0.20707250079845133,
                        "multipoles.0.multipole_3.multipole_comps.multipole_comps_0": 0.04477692451633,
                        "multipoles.0.multipole_3.multipole_comps.multipole_comps_1": 0.030704304711190337,
                        "multipoles.0.multipole_4.multipole_comps.multipole_comps_0": -0.008353674846330466,
                        "multipoles.0.multipole_4.multipole_comps.multipole_comps_1": 0.0365527619775
                    }
                }
            }
        }
    }
}