{
    "type": "instance",
    "class_path": "autofit.non_linear.samples.summary.SamplesSummary",
    "arguments": {
        "model": null,
        "median_pdf_sample": {
            "type": "instance",
            "class_path": "autofit.non_linear.samples.sample.Sample",
            "arguments": {
                "log_likelihood": -160.17740471537923,
                "log_prior": 0.0,
                "weight": 0.0009821309700256005,
                "kwargs": {
                    "type": "dict",
                    "arguments": {
                        "ellipses.ellipse_4.centre.centre_0": 0.015819735354317275,
                        "ellipses.ellipse_4.centre.centre_1": 0.01374746981765,
                        "ellipses.ellipse_0.ell_comps.ell_comps_0": -0.0299697553243,
                        "ellipses.ellipse_0.ell_comps.ell_comps_1": 0.02589991437576,
                        "multipoles.0.multipole_3.multipole_comps.multipole_comps_0": -0.011111560052115717,
                        "multipoles.0.multipole_3.multipole_comps.multipole_comps_1": 0.023722895505181227,
                        "multipoles.0.multipole_4.multipole_comps.multipole_comps_0": 0.00338401817015,
                        "multipoles.0.multipole_4.multipole_comps.multipole_comps_1": 0.01128238230867,
                        "ellipses.ellipse_1.ell_comps.ell_comps_0": -0.04349943731201,
                        "ellipses.ellipse_1.ell_comps.ell_comps_1": 0.05651521725558243,
                        "multipoles.1.multipole_3.multipole_comps.multipole_comps_0": -0.00674284001022,
                        "multipoles.1.multipole_3.multipole_comps.multipole_comps_1": -0.01913857724565,
                        "multipoles.1.multipole_4.multipole_comps.multipole_comps_0": -0.01321377333653,
                        "multipoles.1.multipole_4.multipole_comps.multipole_comps_1": 0.04080436166498059,
                        "ellipses.ellipse_2.ell_comps.ell_comps_0": -0.15612013420529,
                        "ellipses.ellipse_2.ell_comps.ell_comps_1": 0.08058038375810532,
                        "multipoles.2.multipole_3.multipole_comps.multipole_comps_0": -0.00633275535123,
                        "multipoles.2.multipole_3.multipole_comps.multipole_comps_1": 0.03297724564736133,
                        "multipoles.2.multipole_4.multipole_comps.multipole_comps_0": -0.05779992035608396,
                        "multipoles.2.multipole_4.multipole_comps.multipole_comps_1": 0.016532921560338268,
                        "ellipses.ellipse_3.ell_comps.ell_comps_0": -0.00132264871805,
                        "ellipses.ellipse_3.ell_comps.ell_comps_1": -0.13058745102990815,
                        "multipoles.3.multipole_3.multipole_comps.multipole_comps_0": -0.01439989878932,
                        "multipoles.3.multipole_3.multipole_comps.multipole_comps_1": 0.06057237704358,
                        "multipoles.3.multipole_4.multipole_comps.multipole_comps_0": 0.023533825166118082,
                        "multipoles.3.multipole_4.multipole_comps.multipole_comps_1": -0.015782016313711306,
                        "ellipses.ellipse_4.ell_comps.ell_comps_0": -0.17501366686491732,
                        "ellipses.ellipse_4.ell_comps.ell_comps_1": -0.045617333798695404,
                        "multipoles.4.multipole_3.multipole_comps.multipole_comps_0": -0.05328275967134,
                        "multipoles.4.multipole_3.multipole_comps.multipole_comps_1": 0.007355920508503651,
                        "multipoles.4.multipole_4.multipole_comps.multipole_comps_0": 0.005244985480762614,
                        "multipoles.4.multipole_4.multipole_comps.multipole_comps_1": -0.02752260332741
                    }
                }
            }
        },
        "errors_at_sigma_1": {
            "type": "list",
            "values": [
                {
                    "type": "tuple",
                    "values": [
                        0.005794862909287275,
                        0.0043431940496553925
                    ]
                },
                {
                    "type": "tuple",
                    "values": [
                        0.002901807064239809,
                        0.0019010594493100007
                    ]
                },
                {
                    "type": "tuple",
                    "values": [
                        0.02243891571595,
                        0.013807058159308744
                    ]
                },
                {
                    "type": "tuple",
                    "values": [
                        0.006856737042020968,
                        0.019447624688238057
                    ]
                },
                {
                    "type": "tuple",
                    "values": [
                        0.004146067892798989,
                        0.009324154953675718
                    ]
                },
                {
                    "type": "tuple",
                    "values": [
                        0.007582310524991226,
                        0.009473173534559082
                    ]
                },
                {
                    "type": "tuple",
                    "values": [
                        0.006987307019393596,
                        0.006269863320991816
                    ]
                },
                {
                    "type": "tuple",
                    "values": [
                        0.003014222559014179,
                        0.0031881800140761193
                    ]
                },
                {
                    "type": "tuple",
                    "values": [
                        0.011942572637112257,
                        0.013968431312140005
                    ]
                },
                {
                    "type": "tuple",
                    "values": [
                        0.024867811380016952,
                        0.01037626755658757
                    ]
                },
                {
                    "type": "tuple",
                    "values": [
                        0.0032075990767694972,
                        0.01167166571337
                    ]
                },
                {
                    "type": "tuple",
                    "values": [
                        0.007856714586182263,
                        0.00565001797133737
                    ]
                },
                {
                    "type": "tuple",
                    "values": [
                        0.010628548678176718,
                        0.01278404951933
                    ]
                },
                {
                    "type": "tuple",
                    "values": [
                        0.0037467472918105912,
                        0.006591630586149408
                    ]
                },
                {
                    "type": "tuple",
                    "values": [
                        0.02181014857218,
                        0.013848511746188896
                    ]
                },
                {
                    "type": "tuple",
                    "values": [
                        0.0407809909979457,
                        0.02202310025612811
                    ]
                },
                {
                    "type": "tuple",
                    "values": [
                        0.003318647479907069,
                        0.014712055038520001
                    ]
                },
                {
                    "type": "tuple",
                    "values": [
                        0.008362145961981333,
                        0.021356590653979997
                    ]
                },
                {
                    "type": "tuple",
                    "values": [
                        0.010149156074278909,
                        0.016644079828923956
                    ]
                },
                {
                    "type": "tuple",
                    "values": [
                        0.026880671767905366,
                        0.042745836885145494
                    ]
                },
                {
                    "type": "tuple",
                    "values": [
                        0.027468539840119998,
                        0.007785482288360391
                    ]
                },
                {
                    "type": "tuple",
                    "values": [
                        0.00806125556024967,
                        0.06758300453342378
                    ]
                },
                {
                    "type": "tuple",
                    "values": [
                        0.013812777588681664,
                        0.010193474025899998
                    ]
                },
                {
                    "type": "tuple",
                    "values": [
                        0.005409854028421861,
                        0.017142731546400003
                    ]
                },
                {
                    "type": "tuple",
                    "values": [
                        0.006662251696573609,
                        0.012632669186391918
                    ]
                },
                {
                    "type": "tuple",
                    "values": [
                        0.00641928414989237,
                        0.006581769769459426
                    ]
                },
                {
                    "type": "tuple",
                    "values": [
                        0.08414530607693749,
                        0.005333132538417329
                    ]
                },
                {
                    "type": "tuple",
                    "values": [
                        0.007651839135787257,
                        0.1095108778843154
                    ]
                },
                {
                    "type": "tuple",
                    "values": [
                        0.01101892169536,
                        0.011378538305211447
                    ]
                },
                {
                    "type": "tuple",
                    "values": [
                        0.005519647617017546,
                        0.012551761914598034
                    ]
                },
                {
                    "type": "tuple",
                    "values": [
                        0.0208571050861227,
                        0.008142003030042647
                    ]
                },
                {
                    "type": "tuple",
                    "values": [
                        0.00883224549377,
                        0.013212826715603589
                    ]
                }
            ]
        },
        "errors_at_sigma_3": {
            "type": "list",
            "values": [
                {
                    "type": "tuple",
                    "values": [
                        0.008918187490907274,
                        0.006691660507845615
                    ]
                },
                {
                    "type": "tuple",
                    "values": [
                        0.00566138957373,
                        0.00479645932257
                    ]
                },
                {
                    "type": "tuple",
                    "values": [
                        0.052008497713969995,
                        0.02231969054331
                    ]
                },
                {
                    "type": "tuple",
                    "values": [
                        0.01631665981297,
                        0.028270585751899998
                    ]
                },
                {
                    "type": "tuple",
                    "values": [
                        0.009053548971276765,
                        0.017528450989115717
                    ]
                },
                {
                    "type": "tuple",
                    "values": [
                        0.012166536691233635,
                        0.013151405135636212
                    ]
                },
                {
                    "type": "tuple",
                    "values": [
                        0.01154064088692,
                        0.01048220676613
                    ]
                },
                {
                    "type": "tuple",
                    "values": [
                        0.01052198662926,
                        0.00659389899592
                    ]
                },
                {
                    "type": "tuple",
                    "values": [
                        0.02723515773081031,
                        0.025303007114830002
                    ]
                },
                {
                    "type": "tuple",
                    "values": [
                        0.04087052131117243,
                        0.021402222821704238
                    ]
                },
                {
                    "type": "tuple",
                    "values": [
                        0.029364181829655618,
                        0.01828537642722
                    ]
                },
                {
                    "type": "tuple",
                    "values": [
                        0.025127684768220002,
                        0.015386168802392537
                    ]
                },
                {
                    "type": "tuple",
                    "values": [
                        0.027718462374159997,
                        0.03254594359978
                    ]
                },
                {
                    "type": "tuple",
                    "values": [
                        0.012378689045219968,
                        0.013113883157579415
                    ]
                },
                {
                    "type": "tuple",
                    "values": [
                        0.043538362364140326,
                        0.09383590390943314
                    ]
                },
                {
                    "type": "tuple",
                    "values": [
                        0.07071473087972319,
                        0.04138854674132553
                    ]
                },
                {
                    "type": "tuple",
                    "values": [
                        0.007813071279649999,
                        0.022165317234549998
                    ]
                },
                {
                    "type": "tuple",
                    "values": [
                        0.019427303771201034,
                        0.036519325624244175
                    ]
                },
                {
                    "type": "tuple",
                    "values": [
                        0.03029617734933006,
                        0.04142983178281396
                    ]
                },
                {
                    "type": "tuple",
                    "values": [
                        0.03542012973095827,
                        0.05357999709327056
                    ]
                },
                {
                    "type": "tuple",
                    "values": [
                        0.05443245732994393,
                        0.04341744902193821
                    ]
                },
                {
                    "type": "tuple",
                    "values": [
                        0.023598012281171837,
                        0.10782650635837887
                    ]
                },
                {
                    "type": "tuple",
                    "values": [
                        0.021091117289972025,
                        0.02627686664607
                    ]
                },
                {
                    "type": "tuple",
                    "values": [
                        0.02057608844661,
                        0.03786653084333
                    ]
                },
                {
                    "type": "tuple",
                    "values": [
                        0.0295520917661648,
                        0.029217224577261957
                    ]
                },
                {
                    "type": "tuple",
                    "values": [
                        0.012252123830438996,
                        0.01531974448263353
                    ]
                },
                {
                    "type": "tuple",
                    "values": [
                        0.11642300143399292,
                        0.1402806671824473
                    ]
                },
                {
                    "type": "tuple",
                    "values": [
                        0.014906959546549345,
                        0.15363518445495616
                    ]
                },
                {
                    "type": "tuple",
                    "values": [
                        0.021769232818759997,
                        0.02153883304747
                    ]
                },
                {
                    "type": "tuple",
                    "values": [
                        0.01258087179142588,
                        0.017094070840572066
                    ]
                },
                {
                    "type": "tuple",
                    "values": [
                        0.03137134730466004,
                        0.021482002013807386
                    ]
                },
                {
                    "type": "tuple",
                    "values": [
                        0.016341760285764943,
                        0.027787530270960002
                    ]
                }
            ]
        },
        "values_at_sigma_3": {
            "type": "list",
            "values": [
                {
                    "type": "tuple",
                    "values": [
                        0.00690154786341,
                        0.02251139586216289
                    ]
                },
                {
                    "type": "tuple",
                    "values": [
                        0.00808608024392,
                        0.01854392914022
                    ]
                },
                {
                    "type": "tuple",
                    "values": [
                        -0.08197825303827,
                        -0.00765006478099
                    ]
                },
                {
                    "type": "tuple",
                    "values": [
                        0.00958325456279,
                        0.05417050012766
                    ]
                },
                {
                    "type": "tuple",
                    "values": [
                        -0.020165109023392483,
                        0.006416890937
                    ]
                },
                {
                    "type": "tuple",
                    "values": [
                        0.011556358813947593,
                        0.03687430064081744
                    ]
                },
                {
                    "type": "tuple",
                    "values": [
                        -0.00815662271677,
                        0.01386622493628
                    ]
                },
                {
                    "type": "tuple",
                    "values": [
                        0.00076039567941,
                        0.01787628130459
                    ]
                },
                {
                    "type": "tuple",
                    "values": [
                        -0.07073459504282031,
                        -0.01819643019718
                    ]
                },
                {
                    "type": "tuple",
                    "values": [
                        0.01564469594441,
                        0.07791744007728667
                    ]
                },
                {
                    "type": "tuple",
                    "values": [
                        -0.03610702183987562,
                        0.011542536417
                    ]
                },
                {
                    "type": "tuple",
                    "values": [
                        -0.04426626201387,
                        -0.003752408443257464
                    ]
                },
                {
                    "type": "tuple",
                    "values": [
                        -0.04093223571069,
                        0.01933217026325
                    ]
                },
                {
                    "type": "tuple",
                    "values": [
                        0.02842567261976062,
                        0.05391824482256
                    ]
                },
                {
                    "type": "tuple",
                    "values": [
                        -0.19965849656943033,
                        -0.06228423029585686
                    ]
                },
                {
                    "type": "tuple",
                    "values": [
                        0.009865652878382137,
                        0.12196893049943085
                    ]
                },
                {
                    "type": "tuple",
                    "values": [
                        -0.01414582663088,
                        0.01583256188332
                    ]
                },
                {
                    "type": "tuple",
                    "values": [
                        0.013549941876160298,
                        0.06949657127160551
                    ]
                },
                {
                    "type": "tuple",
                    "values": [
                        -0.08809609770541402,
                        -0.01637008857327
                    ]
                },
                {
                    "type": "tuple",
                    "values": [
                        -0.01888720817062,
                        0.07011291865360883
                    ]
                },
                {
                    "type": "tuple",
                    "values": [
                        -0.05575510604799393,
                        0.042094800303888215
                    ]
                },
                {
                    "type": "tuple",
                    "values": [
                        -0.15418546331108,
                        -0.022760944671529285
                    ]
                },
                {
                    "type": "tuple",
                    "values": [
                        -0.035491016079292025,
                        0.01187696785675
                    ]
                },
                {
                    "type": "tuple",
                    "values": [
                        0.03999628859697,
                        0.09843890788691
                    ]
                },
                {
                    "type": "tuple",
                    "values": [
                        -0.006018266600046719,
                        0.05275104974338004
                    ]
                },
                {
                    "type": "tuple",
                    "values": [
                        -0.028034140144150302,
                        -0.0004622718310777761
                    ]
                },
                {
                    "type": "tuple",
                    "values": [
                        -0.29143666829891024,
                        -0.03473299968247
                    ]
                },
                {
                    "type": "tuple",
                    "values": [
                        -0.06052429334524475,
                        0.10801785065626077
                    ]
                },
                {
                    "type": "tuple",
                    "values": [
                        -0.0750519924901,
                        -0.03174392662387
                    ]
                },
                {
                    "type": "tuple",
                    "values": [
                        -0.005224951282922228,
                        0.024449991349075717
                    ]
                },
                {
                    "type": "tuple",
                    "values": [
                        -0.026126361823897427,
                        0.02672698749457
                    ]
                },
                {
                    "type": "tuple",
                    "values": [
                        -0.043864363613174945,
                        0.00026492694355
                    ]
                }
            ]
        },
        "max_log_likelihood_sample": {
            "type": "instance",
            "class_path": "autofit.non_linear.samples.sample.Sample",
            "arguments": {
                "log_likelihood": -160.17740471537923,
                "log_prior": 0.0,
                "weight": 0.0009821309700256005,
                "kwargs": {
                    "type": "dict",
                    "arguments": {
                        "ellipses.ellipse_4.centre.centre_0": 0.01572048327368,
                        "ellipses.ellipse_4.centre.centre_1": 0.00995698426679,
                        "ellipses.ellipse_0.ell_comps.ell_comps_0": -0.03079694291799,
                        "ellipses.ellipse_0.ell_comps.ell_comps_1": 0.02776296687939,
                        "multipoles.0.multipole_3.multipole_comps.multipole_comps_0": -0.00265011575178,
                        "multipoles.0.multipole_3.multipole_comps.multipole_comps_1": 0.02488571675544,
                        "multipoles.0.multipole_4.multipole_comps.multipole_comps_0": 0.0042194022342,
                        "multipoles.0.multipole_4.multipole_comps.multipole_comps_1": 0.01391415274983,
                        "ellipses.ellipse_1.ell_comps.ell_comps_0": -0.06566805497374,
                        "ellipses.ellipse_1.ell_comps.ell_comps_1": 0.07164302287096,
                        "multipoles.1.multipole_3.multipole_comps.multipole_comps_0": -0.00787146442388,
                        "multipoles.1.multipole_3.multipole_comps.multipole_comps_1": -0.02075420158313,
                        "multipoles.1.multipole_4.multipole_comps.multipole_comps_0": -0.02335043645179,
                        "multipoles.1.multipole_4.multipole_comps.multipole_comps_1": 0.04978957515737,
                        "ellipses.ellipse_2.ell_comps.ell_comps_0": -0.14059383876924,
                        "ellipses.ellipse_2.ell_comps.ell_comps_1": 0.10438019961425,
                        "multipoles.2.multipole_3.multipole_comps.multipole_comps_0": -0.0055888741681,
                        "multipoles.2.multipole_3.multipole_comps.multipole_comps_1": 0.05188763061768,
                        "multipoles.2.multipole_4.multipole_comps.multipole_comps_0": -0.06328221994682,
                        "multipoles.2.multipole_4.multipole_comps.multipole_comps_1": 0.01469368455218,
                        "ellipses.ellipse_3.ell_comps.ell_comps_0": 0.00810985554275,
                        "ellipses.ellipse_3.ell_comps.ell_comps_1": -0.12966010552786,
                        "multipoles.3.multipole_3.multipole_comps.multipole_comps_0": -0.01602189223034,
                        "multipoles.3.multipole_3.multipole_comps.multipole_comps_1": 0.05652926914563,
                        "multipoles.3.multipole_4.multipole_comps.multipole_comps_0": 0.02033914759891,
                        "multipoles.3.multipole_4.multipole_comps.multipole_comps_1": -0.01572579185894,
                        "ellipses.ellipse_4.ell_comps.ell_comps_0": -0.19730344098112,
                        "ellipses.ellipse_4.ell_comps.ell_comps_1": -0.01430295207452,
                        "multipoles.4.multipole_3.multipole_comps.multipole_comps_0": -0.0553187678633,
                        "multipoles.4.multipole_3.multipole_comps.multipole_comps_1": 0.01874654491201,
                        "multipoles.4.multipole_4.multipole_comps.multipole_comps_0": 0.00173215806067,
                        "multipoles.4.multipole_4.multipole_comps.multipole_comps_1": -0.02893891417929
                    }
                }
            }
        },
        "log_evidence": -203.80559682287694,
        "values_at_sigma_1": {
            "type": "list",
            "values": [
                {
                    "type": "tuple",
                    "values": [
                        0.01002487244503,
                        0.020162929403972667
                    ]
                },
                {
                    "type": "tuple",
                    "values": [
                        0.01084566275341019,
                        0.01564852926696
                    ]
                },
                {
                    "type": "tuple",
                    "values": [
                        -0.05240867104025,
                        -0.016162697164991257
                    ]
                },
                {
                    "type": "tuple",
                    "values": [
                        0.01904317733373903,
                        0.045347539063998056
                    ]
                },
                {
                    "type": "tuple",
                    "values": [
                        -0.015257627944914707,
                        -0.00178740509844
                    ]
                },
                {
                    "type": "tuple",
                    "values": [
                        0.01614058498019,
                        0.03319606903974031
                    ]
                },
                {
                    "type": "tuple",
                    "values": [
                        -0.0036032888492435965,
                        0.009653881491141816
                    ]
                },
                {
                    "type": "tuple",
                    "values": [
                        0.00826815974965582,
                        0.014470562322746119
                    ]
                },
                {
                    "type": "tuple",
                    "values": [
                        -0.05544200994912226,
                        -0.02953100599987
                    ]
                },
                {
                    "type": "tuple",
                    "values": [
                        0.03164740587556548,
                        0.06689148481217
                    ]
                },
                {
                    "type": "tuple",
                    "values": [
                        -0.009950439086989497,
                        0.00492882570315
                    ]
                },
                {
                    "type": "tuple",
                    "values": [
                        -0.026995291831832264,
                        -0.01348855927431263
                    ]
                },
                {
                    "type": "tuple",
                    "values": [
                        -0.023842322014706718,
                        -0.0004297238172
                    ]
                },
                {
                    "type": "tuple",
                    "values": [
                        0.03705761437317,
                        0.04739599225113
                    ]
                },
                {
                    "type": "tuple",
                    "values": [
                        -0.17793028277747,
                        -0.1422716224591011
                    ]
                },
                {
                    "type": "tuple",
                    "values": [
                        0.03979939276015962,
                        0.10260348401423343
                    ]
                },
                {
                    "type": "tuple",
                    "values": [
                        -0.009651402831137069,
                        0.00837929968729
                    ]
                },
                {
                    "type": "tuple",
                    "values": [
                        0.02461509968538,
                        0.05433383630134133
                    ]
                },
                {
                    "type": "tuple",
                    "values": [
                        -0.06794907643036287,
                        -0.04115584052716
                    ]
                },
                {
                    "type": "tuple",
                    "values": [
                        -0.010347750207567097,
                        0.05927875844548376
                    ]
                },
                {
                    "type": "tuple",
                    "values": [
                        -0.02879118855817,
                        0.006462833570310391
                    ]
                },
                {
                    "type": "tuple",
                    "values": [
                        -0.13864870659015782,
                        -0.06300444649648437
                    ]
                },
                {
                    "type": "tuple",
                    "values": [
                        -0.028212676378001664,
                        -0.00420642476342
                    ]
                },
                {
                    "type": "tuple",
                    "values": [
                        0.05516252301515814,
                        0.07771510858998
                    ]
                },
                {
                    "type": "tuple",
                    "values": [
                        0.016871573469544474,
                        0.03616649435251
                    ]
                },
                {
                    "type": "tuple",
                    "values": [
                        -0.022201300463603676,
                        -0.00920024654425188
                    ]
                },
                {
                    "type": "tuple",
                    "values": [
                        -0.2591589729418548,
                        -0.1696805343265
                    ]
                },
                {
                    "type": "tuple",
                    "values": [
                        -0.05326917293448266,
                        0.06389354408562
                    ]
                },
                {
                    "type": "tuple",
                    "values": [
                        -0.0643016813667,
                        -0.041904221366128556
                    ]
                },
                {
                    "type": "tuple",
                    "values": [
                        0.0018362728914861045,
                        0.019907682423101685
                    ]
                },
                {
                    "type": "tuple",
                    "values": [
                        -0.015612119605360084,
                        0.013386988510805262
                    ]
                },
                {
                    "type": "tuple",
                    "values": [
                        -0.03635484882118,
                        -0.014309776611806413
                    ]
                }
            ]
        }
    }
}