{
    "type": "instance",
    "class_path": "autofit.non_linear.samples.summary.SamplesSummary",
    "arguments": {
        "model": null,
        "values_at_sigma_3": {
            "type": "list",
            "values": [
                {
                    "type": "tuple",
                    "values": [
                        -0.10917149278671504,
                        0.20442519727372907
                    ]
                },
                {
                    "type": "tuple",
                    "values": [
                        -0.06887685087830407,
                        0.25711504628306064
                    ]
                },
                {
                    "type": "tuple",
                    "values": [
                        -0.1910828393515571,
                        0.14841408343352572
                    ]
                },
                {
                    "type": "tuple",
                    "values": [
                        -0.08448221580943,
                        0.1993383032078
                    ]
                },
                {
                    "type": "tuple",
                    "values": [
                        -0.09905004581748,
                        0.09955228917445
                    ]
                },
                {
                    "type": "tuple",
                    "values": [
                        -0.09450913557787,
                        0.09915038975701461
                    ]
                },
                {
                    "type": "tuple",
                    "values": [
                        -0.09972832383743306,
                        0.09857587718642
                    ]
                },
                {
                    "type": "tuple",
                    "values": [
                        -0.09491855166429629,
                        0.09936727582652
                    ]
                }
            ]
        },
        "log_evidence": -26.560448935748564,
        "values_at_sigma_1": {
            "type": "list",
            "values": [
                {
                    "type": "tuple",
                    "values": [
                        0.05901643032209823,
                        0.13254489269719635
                    ]
                },
                {
                    "type": "tuple",
                    "values": [
                        0.0705650448166794,
                        0.1741100874109671
                    ]
                },
                {
                    "type": "tuple",
                    "values": [
                        -0.05905575825518,
                        0.08217423044251657
                    ]
                },
                {
                    "type": "tuple",
                    "values": [
                        0.016158275203334953,
                        0.13018748919091
                    ]
                },
                {
                    "type": "tuple",
                    "values": [
                        -0.07329211500302,
                        0.0687193306554989
                    ]
                },
                {
                    "type": "tuple",
                    "values": [
                        0.002023217938,
                        0.08729791812096603
                    ]
                },
                {
                    "type": "tuple",
                    "values": [
                        -0.07333518784502803,
                        0.05968417758157
                    ]
                },
                {
                    "type": "tuple",
                    "values": [
                        -0.04414967505535596,
                        0.06247589856908668
                    ]
                }
            ]
        },
        "errors_at_sigma_1": {
            "type": "list",
            "values": [
                {
                    "type": "tuple",
                    "values": [
                        0.04716706818500817,
                        0.026361394190089954
                    ]
                },
                {
                    "type": "tuple",
                    "values": [
                        0.07138883153602545,
                        0.032156211058262246
                    ]
                },
                {
                    "type": "tuple",
                    "values": [
                        0.06766150973575,
                        0.07356847896194657
                    ]
                },
                {
                    "type": "tuple",
                    "values": [
                        0.059638411837905046,
                        0.05439080214967
                    ]
                },
                {
                    "type": "tuple",
                    "values": [
                        0.08169201409499317,
                        0.06031943156352573
                    ]
                },
                {
                    "type": "tuple",
                    "values": [
                        0.06228882896325268,
                        0.02298587121971335
                    ]
                },
                {
                    "type": "tuple",
                    "values": [
                        0.04866502150525403,
                        0.084354343921344
                    ]
                },
                {
                    "type": "tuple",
                    "values": [
                        0.06333203985714334,
                        0.043293533767299316
                    ]
                }
            ]
        },
        "median_pdf_sample": {
            "type": "instance",
            "class_path": "autofit.non_linear.samples.sample.Sample",
            "arguments": {
                "log_likelihood": -13.214905095706122,
                "log_prior": 0.0,
                "weight": 0.0010568453017899067,
                "kwargs": {
                    "type": "dict",
                    "arguments": {
                        "ellipses.0.ell_comps.ell_comps_0": 0.1061834985071064,
                        "ellipses.0.ell_comps.ell_comps_1": 0.14195387635270484,
                        "multipoles.0.multipole_1.multipole_comps.multipole_comps_0": 0.00860575148057,
                        "multipoles.0.multipole_1.multipole_comps.multipole_comps_1": 0.07579668704124,
                        "multipoles.0.multipole_3.multipole_comps.multipole_comps_0": 0.008399899091973164,
                        "multipoles.0.multipole_3.multipole_comps.multipole_comps_1": 0.06431204690125268,
                        "multipoles.0.multipole_4.multipole_comps.multipole_comps_0": -0.024670166339774,
                        "multipoles.0.multipole_4.multipole_comps.multipole_comps_1": 0.019182364801787366
                    }
                }
            }
        },
        "max_log_likelihood_sample": {
            "type": "instance",
            "class_path": "autofit.non_linear.samples.sample.Sample",
            "arguments": {
                "log_likelihood": -13.214905095706122,
                "log_prior": 0.0,
                "weight": 0.0010568453017899067,
                "kwargs": {
                    "type": "dict",
                    "arguments": {
                        "ellipses.0.ell_comps.ell_comps_0": 0.11465451118936,
                        "ellipses.0.ell_comps.ell_comps_1": 0.12113933499683,
                        "multipoles.0.multipole_1.multipole_comps.multipole_comps_0": 0.06197350940552,
                        "multipoles.0.multipole_1.multipole_comps.multipole_comps_1": 0.12123753620133,
                        "multipoles.0.multipole_3.multipole_comps.multipole_comps_0": 0.07296893267859,
                        "multipoles.0.multipole_3.multipole_comps.multipole_comps_1": 0.06945244794085,
                        "multipoles.0.multipole_4.multipole_comps.multipole_comps_0": -0.06544511876273,
                        "multipoles.0.multipole_4.multipole_comps.multipole_comps_1": 0.05221167784364
                    }
                }
            }
        },
        "errors_at_sigma_3": {
            "type": "list",
            "values": [
                {
                    "type": "tuple",
                    "values": [
                        0.21535499129382144,
                        0.09824169876662267
                    ]
                },
                {
                    "type": "tuple",
                    "values": [
                        0.21083072723100893,
                        0.1151611699303558
                    ]
                },
                {
                    "type": "tuple",
                    "values": [
                        0.1996885908321271,
                        0.13980833195295572
                    ]
                },
                {
                    "type": "tuple",
                    "values": [
                        0.16027890285066998,
                        0.12354161616656
                    ]
                },
                {
                    "type": "tuple",
                    "values": [
                        0.10744994490945317,
                        0.09115239008247683
                    ]
                },
                {
                    "type": "tuple",
                    "values": [
                        0.1588211824791227,
                        0.03483834285576193
                    ]
                },
                {
                    "type": "tuple",
                    "values": [
                        0.07505815749765907,
                        0.123246043526194
                    ]
                },
                {
                    "type": "tuple",
                    "values": [
                        0.11410091646608365,
                        0.08018491102473263
                    ]
                }
            ]
        }
    }
}