{
    "type": "instance",
    "class_path": "autofit.non_linear.samples.summary.SamplesSummary",
    "arguments": {
        "errors_at_sigma_1": {
            "type": "list",
            "values": [
                {
                    "type": "tuple",
                    "values": [
                        0.0029288175086299995,
                        0.0022115092031263495
                    ]
                },
                {
                    "type": "tuple",
                    "values": [
                        0.0017417426695159333,
                        0.0012648306337427473
                    ]
                }
            ]
        },
        "log_evidence": -65.72217420693384,
        "max_log_likelihood_sample": {
            "type": "instance",
            "class_path": "autofit.non_linear.samples.sample.Sample",
            "arguments": {
                "log_likelihood": -54.6170862894652,
                "log_prior": 0.0,
                "weight": 0.000983967546779326,
                "kwargs": {
                    "type": "dict",
                    "arguments": {
                        "ellipses.0.ell_comps.ell_comps_0": -0.12511370770659,
                        "ellipses.0.ell_comps.ell_comps_1": 0.13378837506138
                    }
                }
            }
        },
        "values_at_sigma_1": {
            "type": "list",
            "values": [
                {
                    "type": "tuple",
                    "values": [
                        -0.12854936833716,
                        -0.12340904162540364
                    ]
                },
                {
                    "type": "tuple",
                    "values": [
                        0.13158634982504389,
                        0.13459292312830257
                    ]
                }
            ]
        },
        "errors_at_sigma_3": {
            "type": "list",
            "values": [
                {
                    "type": "tuple",
                    "values": [
                        0.02484700019290001,
                        0.006014843233319994
                    ]
                },
                {
                    "type": "tuple",
                    "values": [
                        0.009082181836089817,
                        0.027166841473941356
                    ]
                }
            ]
        },
        "model": null,
        "values_at_sigma_3": {
            "type": "list",
            "values": [
                {
                    "type": "tuple",
                    "values": [
                        -0.15046755102143,
                        -0.11960570759521
                    ]
                },
                {
                    "type": "tuple",
                    "values": [
                        0.12424591065847,
                        0.16049493396850117
                    ]
                }
            ]
        },
        "median_pdf_sample": {
            "type": "instance",
            "class_path": "autofit.non_linear.samples.sample.Sample",
            "arguments": {
                "log_likelihood": -54.6170862894652,
                "log_prior": 0.0,
                "weight": 0.000983967546779326,
                "kwargs": {
                    "type": "dict",
                    "arguments": {
                        "ellipses.0.ell_comps.ell_comps_0": -0.12562055082853,
                        "ellipses.0.ell_comps.ell_comps_1": 0.13332809249455982
                    }
                }
            }
        }
    }
}