{
    "type": "instance",
    "class_path": "autofit.non_linear.samples.summary.SamplesSummary",
    "arguments": {
        "log_evidence": -64.69707863470511,
        "values_at_sigma_1": {
            "type": "list",
            "values": [
                {
                    "type": "tuple",
                    "values": [
                        -0.14448243734136,
                        -0.12263945384768249
                    ]
                },
                {
                    "type": "tuple",
                    "values": [
                        0.034611538146112446,
                        0.04922624569422
                    ]
                },
                {
                    "type": "tuple",
                    "values": [
                        -0.03123244955347,
                        0.016978793215470037
                    ]
                },
                {
                    "type": "tuple",
                    "values": [
                        -0.03273747702306889,
                        -0.00477064823014
                    ]
                },
                {
                    "type": "tuple",
                    "values": [
                        -0.049370248355710904,
                        0.02022012671399
                    ]
                },
                {
                    "type": "tuple",
                    "values": [
                        0.006413939254277609,
                        0.04145552851201326
                    ]
                }
            ]
        },
        "max_log_likelihood_sample": {
            "type": "instance",
            "class_path": "autofit.non_linear.samples.sample.Sample",
            "arguments": {
                "log_likelihood": -45.81205261713855,
                "log_prior": 0.0,
                "weight": 0.000971939912022587,
                "kwargs": {
                    "type": "dict",
                    "arguments": {
                        "ellipses.0.ell_comps.ell_comps_0": -0.14615119869026,
                        "ellipses.0.ell_comps.ell_comps_1": 0.0380061837167,
                        "multipoles.0.multipole_3.multipole_comps.multipole_comps_0": 0.01428605827092,
                        "multipoles.0.multipole_3.multipole_comps.multipole_comps_1": -0.03442447584274,
                        "multipoles.0.multipole_4.multipole_comps.multipole_comps_0": 0.01922209306302,
                        "multipoles.0.multipole_4.multipole_comps.multipole_comps_1": 0.0505037272644
                    }
                }
            }
        },
        "model": null,
        "values_at_sigma_3": {
            "type": "list",
            "values": [
                {
                    "type": "tuple",
                    "values": [
                        -0.14963061116811813,
                        -0.08602586848136
                    ]
                },
                {
                    "type": "tuple",
                    "values": [
                        0.02551640996151,
                        0.061036048593440896
                    ]
                },
                {
                    "type": "tuple",
                    "values": [
                        -0.0597835247379,
                        0.03914927176004
                    ]
                },
                {
                    "type": "tuple",
                    "values": [
                        -0.0881488762642813,
                        0.04429195303218479
                    ]
                },
                {
                    "type": "tuple",
                    "values": [
                        -0.07767794970043,
                        0.04143077198722975
                    ]
                },
                {
                    "type": "tuple",
                    "values": [
                        -0.02182695114962,
                        0.0717345760192639
                    ]
                }
            ]
        },
        "median_pdf_sample": {
            "type": "instance",
            "class_path": "autofit.non_linear.samples.sample.Sample",
            "arguments": {
                "log_likelihood": -45.81205261713855,
                "log_prior": 0.0,
                "weight": 0.000971939912022587,
                "kwargs": {
                    "type": "dict",
                    "arguments": {
                        "ellipses.0.ell_comps.ell_comps_0": -0.12672271307836203,
                        "ellipses.0.ell_comps.ell_comps_1": 0.04299718168442,
                        "multipoles.0.multipole_3.multipole_comps.multipole_comps_0": -0.004166844009340128,
                        "multipoles.0.multipole_3.multipole_comps.multipole_comps_1": -0.01763692068381,
                        "multipoles.0.multipole_4.multipole_comps.multipole_comps_0": -1.1182473010686852e-05,
                        "multipoles.0.multipole_4.multipole_comps.multipole_comps_1": 0.021824957869091065
                    }
                }
            }
        },
        "errors_at_sigma_3": {
            "type": "list",
            "values": [
                {
                    "type": "tuple",
                    "values": [
                        0.0229078980897561,
                        0.04069684459700203
                    ]
                },
                {
                    "type": "tuple",
                    "values": [
                        0.017480771722910002,
                        0.018038866909020894
                    ]
                },
                {
                    "type": "tuple",
                    "values": [
                        0.055616680728559874,
                        0.04331611576938013
                    ]
                },
                {
                    "type": "tuple",
                    "values": [
                        0.07051195558047131,
                        0.06192887371599479
                    ]
                },
                {
                    "type": "tuple",
                    "values": [
                        0.07766676722741932,
                        0.04144195446024043
                    ]
                },
                {
                    "type": "tuple",
                    "values": [
                        0.04365190901871106,
                        0.049909618150172835
                    ]
                }
            ]
        },
        "errors_at_sigma_1": {
            "type": "list",
            "values": [
                {
                    "type": "tuple",
                    "values": [
                        0.01775972426299796,
                        0.004083259230679537
                    ]
                },
                {
                    "type": "tuple",
                    "values": [
                        0.008385643538307556,
                        0.0062290640098000005
                    ]
                },
                {
                    "type": "tuple",
                    "values": [
                        0.027065605544129873,
                        0.021145637224810165
                    ]
                },
                {
                    "type": "tuple",
                    "values": [
                        0.01510055633925889,
                        0.012866272453669999
                    ]
                },
                {
                    "type": "tuple",
                    "values": [
                        0.04935906588270022,
                        0.02023130918700069
                    ]
                },
                {
                    "type": "tuple",
                    "values": [
                        0.015411018614813456,
                        0.01963057064292219
                    ]
                }
            ]
        }
    }
}