{
    "type": "instance",
    "class_path": "autofit.non_linear.samples.summary.SamplesSummary",
    "arguments": {
        "errors_at_sigma_1": {
            "type": "list",
            "values": [
                {
                    "type": "tuple",
                    "values": [
                        0.01836347175441755,
                        0.09360891391555066
                    ]
                },
                {
                    "type": "tuple",
                    "values": [
                        0.042475328860391875,
                        0.029775182071464255
                    ]
                }
            ]
        },
        "values_at_sigma_3": {
            "type": "list",
            "values": [
                {
                    "type": "tuple",
                    "values": [
                        -0.2094215856022259,
                        -0.05531526399603055
                    ]
                },
                {
                    "type": "tuple",
                    "values": [
                        -0.1679924350498181,
                        -0.009922693964914013
                    ]
                }
            ]
        },
        "log_evidence": -23.46843796480275,
        "values_at_sigma_1": {
            "type": "list",
            "values": [
                {
                    "type": "tuple",
                    "values": [
                        -0.18726241117292378,
                        -0.07529002550295556
                    ]
                },
                {
                    "type": "tuple",
                    "values": [
                        -0.12779675378865438,
                        -0.055546242856798246
                    ]
                }
            ]
        },
        "errors_at_sigma_3": {
            "type": "list",
            "values": [
                {
                    "type": "tuple",
                    "values": [
                        0.040522646183719674,
                        0.11358367542247567
                    ]
                },
                {
                    "type": "tuple",
                    "values": [
                        0.08267101012155559,
                        0.07539873096334848
                    ]
                }
            ]
        },
        "model": null,
        "median_pdf_sample": {
            "type": "instance",
            "class_path": "autofit.non_linear.samples.sample.Sample",
            "arguments": {
                "log_likelihood": -16.73922047149961,
                "log_prior": 0.0,
                "weight": 0.0010089603942343179,
                "kwargs": {
                    "type": "dict",
                    "arguments": {
                        "ellipses.0.ell_comps.ell_comps_0": -0.16889893941850623,
                        "ellipses.0.ell_comps.ell_comps_1": -0.0853214249282625
                    }
                }
            }
        },
        "max_log_likelihood_sample": {
            "type": "instance",
            "class_path": "autofit.non_linear.samples.sample.Sample",
            "arguments": {
                "log_likelihood": -16.73922047149961,
                "log_prior": 0.0,
                "weight": 0.0010089603942343179,
                "kwargs": {
                    "type": "dict",
                    "arguments": {
                        "ellipses.0.ell_comps.ell_comps_0": -0.18144869023258,
                        "ellipses.0.ell_comps.ell_comps_1": -0.08499074377206
                    }
                }
            }
        }
    }
}