{
    "type": "instance",
    "class_path": "autofit.non_linear.samples.summary.SamplesSummary",
    "arguments": {
        "values_at_sigma_1": {
            "type": "list",
            "values": [
                {
                    "type": "tuple",
                    "values": [
                        0.06915208605239,
                        0.08235659989287433
                    ]
                },
                {
                    "type": "tuple",
                    "values": [
                        0.03416247225732442,
                        0.06017258999134
                    ]
                }
            ]
        },
        "values_at_sigma_3": {
            "type": "list",
            "values": [
                {
                    "type": "tuple",
                    "values": [
                        0.05538389774768275,
                        0.11459948013504569
                    ]
                },
                {
                    "type": "tuple",
                    "values": [
                        -0.012231965718832553,
                        0.07254824108274
                    ]
                }
            ]
        },
        "model": null,
        "median_pdf_sample": {
            "type": "instance",
            "class_path": "autofit.non_linear.samples.sample.Sample",
            "arguments": {
                "log_likelihood": -28.406410869356108,
                "log_prior": 0.0,
                "weight": 0.0009947133910740268,
                "kwargs": {
                    "type": "dict",
                    "arguments": {
                        "ellipses.0.ell_comps.ell_comps_0": 0.0758665830947,
                        "ellipses.0.ell_comps.ell_comps_1": 0.05188608706162671
                    }
                }
            }
        },
        "max_log_likelihood_sample": {
            "type": "instance",
            "class_path": "autofit.non_linear.samples.sample.Sample",
            "arguments": {
                "log_likelihood": -28.406410869356108,
                "log_prior": 0.0,
                "weight": 0.0009947133910740268,
                "kwargs": {
                    "type": "dict",
                    "arguments": {
                        "ellipses.0.ell_comps.ell_comps_0": 0.07534392423417,
                        "ellipses.0.ell_comps.ell_comps_1": 0.05032681046202
                    }
                }
            }
        },
        "errors_at_sigma_3": {
            "type": "list",
            "values": [
                {
                    "type": "tuple",
                    "values": [
                        0.02048268534701725,
                        0.03873289704034569
                    ]
                },
                {
                    "type": "tuple",
                    "values": [
                        0.06411805278045926,
                        0.020662154021113287
                    ]
                }
            ]
        },
        "errors_at_sigma_1": {
            "type": "list",
            "values": [
                {
                    "type": "tuple",
                    "values": [
                        0.0067144970423100026,
                        0.006490016798174333
                    ]
                },
                {
                    "type": "tuple",
                    "values": [
                        0.01772361480430229,
                        0.008286502929713294
                    ]
                }
            ]
        },
        "log_evidence": -37.560163371510455
    }
}