{
    "type": "instance",
    "class_path": "autofit.non_linear.samples.summary.SamplesSummary",
    "arguments": {
        "median_pdf_sample": {
            "type": "instance",
            "class_path": "autofit.non_linear.samples.sample.Sample",
            "arguments": {
                "log_likelihood": -14.180778049690142,
                "log_prior": 0.0,
                "weight": 0.0009785312314834174,
                "kwargs": {
                    "type": "dict",
                    "arguments": {
                        "ellipses.0.ell_comps.ell_comps_0": -0.03565202504933597,
                        "ellipses.0.ell_comps.ell_comps_1": -0.01902582203921
                    }
                }
            }
        },
        "model": null,
        "errors_at_sigma_3": {
            "type": "list",
            "values": [
                {
                    "type": "tuple",
                    "values": [
                        0.010967911422858356,
                        0.00943913720403429
                    ]
                },
                {
                    "type": "tuple",
                    "values": [
                        0.008846029279469998,
                        0.010411969306895422
                    ]
                }
            ]
        },
        "values_at_sigma_1": {
            "type": "list",
            "values": [
                {
                    "type": "tuple",
                    "values": [
                        -0.03833277829656,
                        -0.03284378361392028
                    ]
                },
                {
                    "type": "tuple",
                    "values": [
                        -0.02255302240755,
                        -0.01591785076832966
                    ]
                }
            ]
        },
        "log_evidence": -23.95607751283794,
        "max_log_likelihood_sample": {
            "type": "instance",
            "class_path": "autofit.non_linear.samples.sample.Sample",
            "arguments": {
                "log_likelihood": -14.180778049690142,
                "log_prior": 0.0,
                "weight": 0.0009785312314834174,
                "kwargs": {
                    "type": "dict",
                    "arguments": {
                        "ellipses.0.ell_comps.ell_comps_0": -0.03598141933413,
                        "ellipses.0.ell_comps.ell_comps_1": -0.01867570074089
                    }
                }
            }
        },
        "errors_at_sigma_1": {
            "type": "list",
            "values": [
                {
                    "type": "tuple",
                    "values": [
                        0.002680753247224027,
                        0.0028082414354156926
                    ]
                },
                {
                    "type": "tuple",
                    "values": [
                        0.0035272003683399986,
                        0.00310797127088034
                    ]
                }
            ]
        },
        "values_at_sigma_3": {
            "type": "list",
            "values": [
                {
                    "type": "tuple",
                    "values": [
                        -0.046619936472194326,
                        -0.02621288784530168
                    ]
                },
                {
                    "type": "tuple",
                    "values": [
                        -0.02787185131868,
                        -0.008613852732314579
                    ]
                }
            ]
        }
    }
}