{
    "type": "instance",
    "class_path": "autofit.non_linear.samples.summary.SamplesSummary",
    "arguments": {
        "median_pdf_sample": {
            "type": "instance",
            "class_path": "autofit.non_linear.samples.sample.Sample",
            "arguments": {
                "log_likelihood": -42.38961439369911,
                "log_prior": 0.0,
                "weight": 0.0010457150087851636,
                "kwargs": {
                    "type": "dict",
                    "arguments": {
                        "ellipses.0.ell_comps.ell_comps_0": 0.04122477798212718,
                        "ellipses.0.ell_comps.ell_comps_1": -0.07927143430858272,
                        "multipoles.0.multipole_3.multipole_comps.multipole_comps_0": 0.009247725169454843,
                        "multipoles.0.multipole_3.multipole_comps.multipole_comps_1": -0.005331540922028199,
                        "multipoles.0.multipole_4.multipole_comps.multipole_comps_0": 0.013932692447170752,
                        "multipoles.0.multipole_4.multipole_comps.multipole_comps_1": -0.00615158399702
                    }
                }
            }
        },
        "errors_at_sigma_3": {
            "type": "list",
            "values": [
                {
                    "type": "tuple",
                    "values": [
                        0.019441710073447183,
                        0.011778539641767095
                    ]
                },
                {
                    "type": "tuple",
                    "values": [
                        0.028323024127445695,
                        0.022105255132778785
                    ]
                },
                {
                    "type": "tuple",
                    "values": [
                        0.06481491770711391,
                        0.08050453689101941
                    ]
                },
                {
                    "type": "tuple",
                    "values": [
                        0.0672852094054811,
                        0.05789352557523415
                    ]
                },
                {
                    "type": "tuple",
                    "values": [
                        0.0950291556718371,
                        0.08080833305370924
                    ]
                },
                {
                    "type": "tuple",
                    "values": [
                        0.08007654222298001,
                        0.0705736254392138
                    ]
                }
            ]
        },
        "values_at_sigma_3": {
            "type": "list",
            "values": [
                {
                    "type": "tuple",
                    "values": [
                        0.02178306790868,
                        0.05300331762389428
                    ]
                },
                {
                    "type": "tuple",
                    "values": [
                        -0.10759445843602841,
                        -0.05716617917580393
                    ]
                },
                {
                    "type": "tuple",
                    "values": [
                        -0.055567192537659064,
                        0.08975226206047425
                    ]
                },
                {
                    "type": "tuple",
                    "values": [
                        -0.0726167503275093,
                        0.052561984653205954
                    ]
                },
                {
                    "type": "tuple",
                    "values": [
                        -0.08109646322466635,
                        0.09474102550088
                    ]
                },
                {
                    "type": "tuple",
                    "values": [
                        -0.08622812622,
                        0.06442204144219381
                    ]
                }
            ]
        },
        "values_at_sigma_1": {
            "type": "list",
            "values": [
                {
                    "type": "tuple",
                    "values": [
                        0.03468193837841,
                        0.04635971072419
                    ]
                },
                {
                    "type": "tuple",
                    "values": [
                        -0.08728975160404023,
                        -0.06986260671826
                    ]
                },
                {
                    "type": "tuple",
                    "values": [
                        -0.01886111098147,
                        0.03206829777714
                    ]
                },
                {
                    "type": "tuple",
                    "values": [
                        -0.02934847513915229,
                        0.017928751542858105
                    ]
                },
                {
                    "type": "tuple",
                    "values": [
                        -0.025266442580663018,
                        0.05954672429766
                    ]
                },
                {
                    "type": "tuple",
                    "values": [
                        -0.03654937332737,
                        0.01752565555393
                    ]
                }
            ]
        },
        "model": null,
        "errors_at_sigma_1": {
            "type": "list",
            "values": [
                {
                    "type": "tuple",
                    "values": [
                        0.006542839603717182,
                        0.005134932742062816
                    ]
                },
                {
                    "type": "tuple",
                    "values": [
                        0.008018317295457517,
                        0.009408827590322716
                    ]
                },
                {
                    "type": "tuple",
                    "values": [
                        0.02810883615092484,
                        0.022820572607685156
                    ]
                },
                {
                    "type": "tuple",
                    "values": [
                        0.02401693421712409,
                        0.023260292464886305
                    ]
                },
                {
                    "type": "tuple",
                    "values": [
                        0.03919913502783377,
                        0.04561403185048925
                    ]
                },
                {
                    "type": "tuple",
                    "values": [
                        0.030397789330350002,
                        0.02367723955095
                    ]
                }
            ]
        },
        "log_evidence": -58.60239667729225,
        "max_log_likelihood_sample": {
            "type": "instance",
            "class_path": "autofit.non_linear.samples.sample.Sample",
            "arguments": {
                "log_likelihood": -42.38961439369911,
                "log_prior": 0.0,
                "weight": 0.0010457150087851636,
                "kwargs": {
                    "type": "dict",
                    "arguments": {
                        "ellipses.0.ell_comps.ell_comps_0": 0.04708722948059,
                        "ellipses.0.ell_comps.ell_comps_1": -0.07464356806122,
                        "multipoles.0.multipole_3.multipole_comps.multipole_comps_0": -0.01571418630744,
                        "multipoles.0.multipole_3.multipole_comps.multipole_comps_1": -0.01180860520094,
                        "multipoles.0.multipole_4.multipole_comps.multipole_comps_0": -0.03051661413152,
                        "multipoles.0.multipole_4.multipole_comps.multipole_comps_1": -0.03010787923556
                    }
                }
            }
        }
    }
}