{
    "type": "instance",
    "class_path": "autofit.non_linear.samples.summary.SamplesSummary",
    "arguments": {
        "values_at_sigma_1": {
            "type": "list",
            "values": [
                {
                    "type": "tuple",
                    "values": [
                        -0.012229258473228394,
                        -0.002455427224118749
                    ]
                },
                {
                    "type": "tuple",
                    "values": [
                        -0.040489140606352114,
                        -0.030831353872916013
                    ]
                }
            ]
        },
        "errors_at_sigma_3": {
            "type": "list",
            "values": [
                {
                    "type": "tuple",
                    "values": [
                        0.011825061046534793,
                        0.01747127848443307
                    ]
                },
                {
                    "type": "tuple",
                    "values": [
                        0.015936238601420002,
                        0.009216939695612505
                    ]
                }
            ]
        },
        "median_pdf_sample": {
            "type": "instance",
            "class_path": "autofit.non_linear.samples.sample.Sample",
            "arguments": {
                "log_likelihood": -22.97874400971748,
                "log_prior": 0.0,
                "weight": 0.0009896595837106783,
                "kwargs": {
                    "type": "dict",
                    "arguments": {
                        "ellipses.0.ell_comps.ell_comps_0": -0.008289789429789198,
                        "ellipses.0.ell_comps.ell_comps_1": -0.03401740347982
                    }
                }
            }
        },
        "log_evidence": -32.17683272743162,
        "errors_at_sigma_1": {
            "type": "list",
            "values": [
                {
                    "type": "tuple",
                    "values": [
                        0.003939469043439196,
                        0.005834362205670449
                    ]
                },
                {
                    "type": "tuple",
                    "values": [
                        0.006471737126532116,
                        0.0031860496069039852
                    ]
                }
            ]
        },
        "model": null,
        "values_at_sigma_3": {
            "type": "list",
            "values": [
                {
                    "type": "tuple",
                    "values": [
                        -0.02011485047632399,
                        0.009181489054643872
                    ]
                },
                {
                    "type": "tuple",
                    "values": [
                        -0.04995364208124,
                        -0.024800463784207492
                    ]
                }
            ]
        },
        "max_log_likelihood_sample": {
            "type": "instance",
            "class_path": "autofit.non_linear.samples.sample.Sample",
            "arguments": {
                "log_likelihood": -22.97874400971748,
                "log_prior": 0.0,
                "weight": 0.0009896595837106783,
                "kwargs": {
                    "type": "dict",
                    "arguments": {
                        "ellipses.0.ell_comps.ell_comps_0": -0.00695530888439,
                        "ellipses.0.ell_comps.ell_comps_1": -0.03523816948447
                    }
                }
            }
        }
    }
}