{
    "type": "instance",
    "class_path": "autofit.non_linear.samples.summary.SamplesSummary",
    "arguments": {
        "values_at_sigma_3": {
            "type": "list",
            "values": [
                {
                    "type": "tuple",
                    "values": [
                        0.013643387955042083,
                        0.03465699315268
                    ]
                },
                {
                    "type": "tuple",
                    "values": [
                        -0.1337986872593162,
                        -0.11011408010817
                    ]
                }
            ]
        },
        "model": null,
        "median_pdf_sample": {
            "type": "instance",
            "class_path": "autofit.non_linear.samples.sample.Sample",
            "arguments": {
                "log_likelihood": -22.033508506949012,
                "log_prior": 0.0,
                "weight": 0.0009877880477801497,
                "kwargs": {
                    "type": "dict",
                    "arguments": {
                        "ellipses.0.ell_comps.ell_comps_0": 0.023629976057297285,
                        "ellipses.0.ell_comps.ell_comps_1": -0.1208824175319806
                    }
                }
            }
        },
        "log_evidence": -32.04690572955781,
        "errors_at_sigma_3": {
            "type": "list",
            "values": [
                {
                    "type": "tuple",
                    "values": [
                        0.009986588102255202,
                        0.011027017095382712
                    ]
                },
                {
                    "type": "tuple",
                    "values": [
                        0.012916269727335603,
                        0.0107683374238106
                    ]
                }
            ]
        },
        "max_log_likelihood_sample": {
            "type": "instance",
            "class_path": "autofit.non_linear.samples.sample.Sample",
            "arguments": {
                "log_likelihood": -22.033508506949012,
                "log_prior": 0.0,
                "weight": 0.0009877880477801497,
                "kwargs": {
                    "type": "dict",
                    "arguments": {
                        "ellipses.0.ell_comps.ell_comps_0": 0.02439332796509,
                        "ellipses.0.ell_comps.ell_comps_1": -0.12297952558519
                    }
                }
            }
        },
        "values_at_sigma_1": {
            "type": "list",
            "values": [
                {
                    "type": "tuple",
                    "values": [
                        0.020911884054158066,
                        0.02793644134941
                    ]
                },
                {
                    "type": "tuple",
                    "values": [
                        -0.12576424860268998,
                        -0.11662996848713951
                    ]
                }
            ]
        },
        "errors_at_sigma_1": {
            "type": "list",
            "values": [
                {
                    "type": "tuple",
                    "values": [
                        0.00271809200313922,
                        0.004306465292112715
                    ]
                },
                {
                    "type": "tuple",
                    "values": [
                        0.004881831070709372,
                        0.0042524490448410945
                    ]
                }
            ]
        }
    }
}