{
    "type": "instance",
    "class_path": "autofit.non_linear.samples.summary.SamplesSummary",
    "arguments": {
        "values_at_sigma_3": {
            "type": "list",
            "values": [
                {
                    "type": "tuple",
                    "values": [
                        -0.11746472333932,
                        -0.08371376363053135
                    ]
                },
                {
                    "type": "tuple",
                    "values": [
                        -0.1398904533623,
                        -0.10408919447264
                    ]
                }
            ]
        },
        "errors_at_sigma_3": {
            "type": "list",
            "values": [
                {
                    "type": "tuple",
                    "values": [
                        0.016900037388719882,
                        0.016850922320068767
                    ]
                },
                {
                    "type": "tuple",
                    "values": [
                        0.01670335624404,
                        0.019097902645619988
                    ]
                }
            ]
        },
        "values_at_sigma_1": {
            "type": "list",
            "values": [
                {
                    "type": "tuple",
                    "values": [
                        -0.1060399405755,
                        -0.0933213377794
                    ]
                },
                {
                    "type": "tuple",
                    "values": [
                        -0.12835382387640712,
                        -0.11660982158252803
                    ]
                }
            ]
        },
        "errors_at_sigma_1": {
            "type": "list",
            "values": [
                {
                    "type": "tuple",
                    "values": [
                        0.005475254624899881,
                        0.00724334817120012
                    ]
                },
                {
                    "type": "tuple",
                    "values": [
                        0.005166726758147125,
                        0.006577275535731966
                    ]
                }
            ]
        },
        "log_evidence": -25.56088982287691,
        "max_log_likelihood_sample": {
            "type": "instance",
            "class_path": "autofit.non_linear.samples.sample.Sample",
            "arguments": {
                "log_likelihood": -16.203473437097593,
                "log_prior": 0.0,
                "weight": 0.000985792532200068,
                "kwargs": {
                    "type": "dict",
                    "arguments": {
                        "ellipses.0.ell_comps.ell_comps_0": -0.09949674296414,
                        "ellipses.0.ell_comps.ell_comps_1": -0.12469846086424
                    }
                }
            }
        },
        "model": null,
        "median_pdf_sample": {
            "type": "instance",
            "class_path": "autofit.non_linear.samples.sample.Sample",
            "arguments": {
                "log_likelihood": -16.203473437097593,
                "log_prior": 0.0,
                "weight": 0.000985792532200068,
                "kwargs": {
                    "type": "dict",
                    "arguments": {
                        "ellipses.0.ell_comps.ell_comps_0": -0.10056468595060011,
                        "ellipses.0.ell_comps.ell_comps_1": -0.12318709711826
                    }
                }
            }
        }
    }
}