{
    "type": "instance",
    "class_path": "autofit.non_linear.samples.summary.SamplesSummary",
    "arguments": {
        "log_evidence": -48.801494243454655,
        "values_at_sigma_3": {
            "type": "list",
            "values": [
                {
                    "type": "tuple",
                    "values": [
                        -0.019036678267899326,
                        0.01834889983411
                    ]
                },
                {
                    "type": "tuple",
                    "values": [
                        -0.13810101121909277,
                        -0.11013225400464809
                    ]
                },
                {
                    "type": "tuple",
                    "values": [
                        -0.06462463626167,
                        0.054098423753547266
                    ]
                },
                {
                    "type": "tuple",
                    "values": [
                        -0.04319121372200487,
                        0.06006765320321
                    ]
                },
                {
                    "type": "tuple",
                    "values": [
                        -0.04766634228608,
                        0.09672105614712996
                    ]
                },
                {
                    "type": "tuple",
                    "values": [
                        -0.05984740873282213,
                        0.06087956777123771
                    ]
                }
            ]
        },
        "errors_at_sigma_3": {
            "type": "list",
            "values": [
                {
                    "type": "tuple",
                    "values": [
                        0.01458191063360428,
                        0.022803667468405047
                    ]
                },
                {
                    "type": "tuple",
                    "values": [
                        0.017554501459462774,
                        0.010414255754981908
                    ]
                },
                {
                    "type": "tuple",
                    "values": [
                        0.0778532784125,
                        0.040869781602717266
                    ]
                },
                {
                    "type": "tuple",
                    "values": [
                        0.05956159710528376,
                        0.043697269819931106
                    ]
                },
                {
                    "type": "tuple",
                    "values": [
                        0.10398776464678,
                        0.04039963378642996
                    ]
                },
                {
                    "type": "tuple",
                    "values": [
                        0.07298475093060212,
                        0.04774222557345771
                    ]
                }
            ]
        },
        "median_pdf_sample": {
            "type": "instance",
            "class_path": "autofit.non_linear.samples.sample.Sample",
            "arguments": {
                "log_likelihood": -31.061374212810666,
                "log_prior": 0.0,
                "weight": 0.0010434992399777087,
                "kwargs": {
                    "type": "dict",
                    "arguments": {
                        "ellipses.0.ell_comps.ell_comps_0": -0.0044547676342950445,
                        "ellipses.0.ell_comps.ell_comps_1": -0.12054650975963,
                        "multipoles.0.multipole_3.multipole_comps.multipole_comps_0": 0.01322864215083,
                        "multipoles.0.multipole_3.multipole_comps.multipole_comps_1": 0.016370383383278894,
                        "multipoles.0.multipole_4.multipole_comps.multipole_comps_0": 0.0563214223607,
                        "multipoles.0.multipole_4.multipole_comps.multipole_comps_1": 0.01313734219778
                    }
                }
            }
        },
        "errors_at_sigma_1": {
            "type": "list",
            "values": [
                {
                    "type": "tuple",
                    "values": [
                        0.0031922042474243776,
                        0.0053050647290442815
                    ]
                },
                {
                    "type": "tuple",
                    "values": [
                        0.003319183078952237,
                        0.002723190514688903
                    ]
                },
                {
                    "type": "tuple",
                    "values": [
                        0.013731051882092997,
                        0.016863776373631335
                    ]
                },
                {
                    "type": "tuple",
                    "values": [
                        0.015957029155728893,
                        0.013932442889689669
                    ]
                },
                {
                    "type": "tuple",
                    "values": [
                        0.01782719182254206,
                        0.013430188729459995
                    ]
                },
                {
                    "type": "tuple",
                    "values": [
                        0.019694808746430002,
                        0.01921667862642396
                    ]
                }
            ]
        },
        "model": null,
        "max_log_likelihood_sample": {
            "type": "instance",
            "class_path": "autofit.non_linear.samples.sample.Sample",
            "arguments": {
                "log_likelihood": -31.061374212810666,
                "log_prior": 0.0,
                "weight": 0.0010434992399777087,
                "kwargs": {
                    "type": "dict",
                    "arguments": {
                        "ellipses.0.ell_comps.ell_comps_0": -0.0074900420924,
                        "ellipses.0.ell_comps.ell_comps_1": -0.12108532407922,
                        "multipoles.0.multipole_3.multipole_comps.multipole_comps_0": 0.01746859554456,
                        "multipoles.0.multipole_3.multipole_comps.multipole_comps_1": 0.02236275041382,
                        "multipoles.0.multipole_4.multipole_comps.multipole_comps_0": 0.06118036632147,
                        "multipoles.0.multipole_4.multipole_comps.multipole_comps_1": 0.0327087766889
                    }
                }
            }
        },
        "values_at_sigma_1": {
            "type": "list",
            "values": [
                {
                    "type": "tuple",
                    "values": [
                        -0.007646971881719422,
                        0.0008502970947492366
                    ]
                },
                {
                    "type": "tuple",
                    "values": [
                        -0.12386569283858223,
                        -0.11782331924494109
                    ]
                },
                {
                    "type": "tuple",
                    "values": [
                        -0.0005024097312629972,
                        0.030092418524461335
                    ]
                },
                {
                    "type": "tuple",
                    "values": [
                        0.00041335422755,
                        0.030302826272968562
                    ]
                },
                {
                    "type": "tuple",
                    "values": [
                        0.03849423053815794,
                        0.06975161109016
                    ]
                },
                {
                    "type": "tuple",
                    "values": [
                        -0.00655746654865,
                        0.03235402082420396
                    ]
                }
            ]
        }
    }
}