{
    "type": "instance",
    "class_path": "autofit.non_linear.samples.summary.SamplesSummary",
    "arguments": {
        "errors_at_sigma_1": {
            "type": "list",
            "values": [
                {
                    "type": "tuple",
                    "values": [
                        0.0009903225581772979,
                        0.0011164599543929954
                    ]
                },
                {
                    "type": "tuple",
                    "values": [
                        0.001181564703791299,
                        0.0012467725463300439
                    ]
                },
                {
                    "type": "tuple",
                    "values": [
                        0.0015170496625120647,
                        0.001330531343496969
                    ]
                },
                {
                    "type": "tuple",
                    "values": [
                        0.0014219482720494807,
                        0.001267958369631564
                    ]
                },
                {
                    "type": "tuple",
                    "values": [
                        0.0016383988905951715,
                        0.0013431464168945136
                    ]
                },
                {
                    "type": "tuple",
                    "values": [
                        0.0015071214436815565,
                        0.0013170235934369889
                    ]
                }
            ]
        },
        "max_log_likelihood_sample": {
            "type": "instance",
            "class_path": "autofit.non_linear.samples.sample.Sample",
            "arguments": {
                "log_likelihood": -107.2438073163733,
                "log_prior": 0.0,
                "weight": 0.0009813951419060803,
                "kwargs": {
                    "type": "dict",
                    "arguments": {
                        "ellipses.0.ell_comps.ell_comps_0": -0.20987560675059,
                        "ellipses.0.ell_comps.ell_comps_1": -0.223720492029,
                        "multipoles.0.multipole_3.multipole_comps.multipole_comps_0": 0.00158806127057,
                        "multipoles.0.multipole_3.multipole_comps.multipole_comps_1": -0.00221357094673,
                        "multipoles.0.multipole_4.multipole_comps.multipole_comps_0": -0.01380154387851,
                        "multipoles.0.multipole_4.multipole_comps.multipole_comps_1": 0.00364752520443
                    }
                }
            }
        },
        "model": null,
        "log_evidence": -134.33955113816342,
        "values_at_sigma_3": {
            "type": "list",
            "values": [
                {
                    "type": "tuple",
                    "values": [
                        -0.213025155423623,
                        -0.20634919625478412
                    ]
                },
                {
                    "type": "tuple",
                    "values": [
                        -0.22753009466531976,
                        -0.22059292823846627
                    ]
                },
                {
                    "type": "tuple",
                    "values": [
                        -0.0017212242158284653,
                        0.00571857372297
                    ]
                },
                {
                    "type": "tuple",
                    "values": [
                        -0.0061558117768,
                        0.002107466727683359
                    ]
                },
                {
                    "type": "tuple",
                    "values": [
                        -0.017669314897929823,
                        -0.00960610101018
                    ]
                },
                {
                    "type": "tuple",
                    "values": [
                        -0.00020792412581096317,
                        0.007756128850156877
                    ]
                }
            ]
        },
        "values_at_sigma_1": {
            "type": "list",
            "values": [
                {
                    "type": "tuple",
                    "values": [
                        -0.2107604131800273,
                        -0.208653630667457
                    ]
                },
                {
                    "type": "tuple",
                    "values": [
                        -0.22490398202152,
                        -0.22247564477139867
                    ]
                },
                {
                    "type": "tuple",
                    "values": [
                        0.00046309936649096623,
                        0.0033106803725
                    ]
                },
                {
                    "type": "tuple",
                    "values": [
                        -0.003541233970127552,
                        -0.0008513273284465071
                    ]
                },
                {
                    "type": "tuple",
                    "values": [
                        -0.01535344381457,
                        -0.012371898507080314
                    ]
                },
                {
                    "type": "tuple",
                    "values": [
                        0.0023280828877736415,
                        0.005152227924892187
                    ]
                }
            ]
        },
        "errors_at_sigma_3": {
            "type": "list",
            "values": [
                {
                    "type": "tuple",
                    "values": [
                        0.0032550648017729833,
                        0.0034208943670658853
                    ]
                },
                {
                    "type": "tuple",
                    "values": [
                        0.0038076773475910486,
                        0.003129489079262443
                    ]
                },
                {
                    "type": "tuple",
                    "values": [
                        0.003701373244831496,
                        0.003738424693966969
                    ]
                },
                {
                    "type": "tuple",
                    "values": [
                        0.004036526078721929,
                        0.00422675242576143
                    ]
                },
                {
                    "type": "tuple",
                    "values": [
                        0.003954269973954995,
                        0.004108943913794828
                    ]
                },
                {
                    "type": "tuple",
                    "values": [
                        0.004043128457266161,
                        0.00392092451870168
                    ]
                }
            ]
        },
        "median_pdf_sample": {
            "type": "instance",
            "class_path": "autofit.non_linear.samples.sample.Sample",
            "arguments": {
                "log_likelihood": -107.2438073163733,
                "log_prior": 0.0,
                "weight": 0.0009813951419060803,
                "kwargs": {
                    "type": "dict",
                    "arguments": {
                        "ellipses.0.ell_comps.ell_comps_0": -0.20977009062185,
                        "ellipses.0.ell_comps.ell_comps_1": -0.2237224173177287,
                        "multipoles.0.multipole_3.multipole_comps.multipole_comps_0": 0.001980149029003031,
                        "multipoles.0.multipole_3.multipole_comps.multipole_comps_1": -0.0021192856980780713,
                        "multipoles.0.multipole_4.multipole_comps.multipole_comps_0": -0.013715044923974828,
                        "multipoles.0.multipole_4.multipole_comps.multipole_comps_1": 0.003835204331455198
                    }
                }
            }
        }
    }
}