{
    "type": "instance",
    "class_path": "autofit.non_linear.samples.summary.SamplesSummary",
    "arguments": {
        "values_at_sigma_1": {
            "type": "list",
            "values": [
                {
                    "type": "tuple",
                    "values": [
                        -0.01697661613892,
                        0.03685352087441
                    ]
                },
                {
                    "type": "tuple",
                    "values": [
                        -0.03388730057891767,
                        0.01505241778241
                    ]
                },
                {
                    "type": "tuple",
                    "values": [
                        -0.05658442715591786,
                        0.04379838598751
                    ]
                },
                {
                    "type": "tuple",
                    "values": [
                        -0.005619072308555497,
                        0.058268608837027655
                    ]
                },
                {
                    "type": "tuple",
                    "values": [
                        -0.03186059621513714,
                        0.01956915001435893
                    ]
                },
                {
                    "type": "tuple",
                    "values": [
                        -0.022361357227025844,
                        0.04367982565619971
                    ]
                }
            ]
        },
        "median_pdf_sample": {
            "type": "instance",
            "class_path": "autofit.non_linear.samples.sample.Sample",
            "arguments": {
                "log_likelihood": -28.98499555398762,
                "log_prior": 0.0,
                "weight": 0.0009904508527496054,
                "kwargs": {
                    "type": "dict",
                    "arguments": {
                        "ellipses.0.ell_comps.ell_comps_0": -0.0024409405548983915,
                        "ellipses.0.ell_comps.ell_comps_1": -0.0052220850720259325,
                        "multipoles.0.multipole_3.multipole_comps.multipole_comps_0": -0.00759998519113,
                        "multipoles.0.multipole_3.multipole_comps.multipole_comps_1": 0.025203012008091108,
                        "multipoles.0.multipole_4.multipole_comps.multipole_comps_0": -0.01204851214109,
                        "multipoles.0.multipole_4.multipole_comps.multipole_comps_1": 0.01561864483165822
                    }
                }
            }
        },
        "errors_at_sigma_1": {
            "type": "list",
            "values": [
                {
                    "type": "tuple",
                    "values": [
                        0.014535675584021608,
                        0.0392944614293084
                    ]
                },
                {
                    "type": "tuple",
                    "values": [
                        0.02866521550689174,
                        0.02027450285443593
                    ]
                },
                {
                    "type": "tuple",
                    "values": [
                        0.048984441964787864,
                        0.05139837117864
                    ]
                },
                {
                    "type": "tuple",
                    "values": [
                        0.030822084316646604,
                        0.03306559682893655
                    ]
                },
                {
                    "type": "tuple",
                    "values": [
                        0.019812084074047144,
                        0.03161766215544893
                    ]
                },
                {
                    "type": "tuple",
                    "values": [
                        0.03798000205868406,
                        0.02806118082454149
                    ]
                }
            ]
        },
        "errors_at_sigma_3": {
            "type": "list",
            "values": [
                {
                    "type": "tuple",
                    "values": [
                        0.03259920118626542,
                        0.1038074848275484
                    ]
                },
                {
                    "type": "tuple",
                    "values": [
                        0.05943616465026371,
                        0.03907684334631051
                    ]
                },
                {
                    "type": "tuple",
                    "values": [
                        0.09172076384173,
                        0.10020520566265284
                    ]
                },
                {
                    "type": "tuple",
                    "values": [
                        0.11974801700578111,
                        0.07400431062885889
                    ]
                },
                {
                    "type": "tuple",
                    "values": [
                        0.05841345051972001,
                        0.1058094313535431
                    ]
                },
                {
                    "type": "tuple",
                    "values": [
                        0.10878774057239822,
                        0.07833297247256933
                    ]
                }
            ]
        },
        "model": null,
        "log_evidence": -42.68246988390798,
        "values_at_sigma_3": {
            "type": "list",
            "values": [
                {
                    "type": "tuple",
                    "values": [
                        -0.035040141741163815,
                        0.10136654427265
                    ]
                },
                {
                    "type": "tuple",
                    "values": [
                        -0.06465824972228965,
                        0.03385475827428457
                    ]
                },
                {
                    "type": "tuple",
                    "values": [
                        -0.09932074903286,
                        0.09260522047152284
                    ]
                },
                {
                    "type": "tuple",
                    "values": [
                        -0.09454500499769,
                        0.09920732263695
                    ]
                },
                {
                    "type": "tuple",
                    "values": [
                        -0.07046196266081,
                        0.09376091921245311
                    ]
                },
                {
                    "type": "tuple",
                    "values": [
                        -0.09316909574074,
                        0.09395161730422755
                    ]
                }
            ]
        },
        "max_log_likelihood_sample": {
            "type": "instance",
            "class_path": "autofit.non_linear.samples.sample.Sample",
            "arguments": {
                "log_likelihood": -28.98499555398762,
                "log_prior": 0.0,
                "weight": 0.0009904508527496054,
                "kwargs": {
                    "type": "dict",
                    "arguments": {
                        "ellipses.0.ell_comps.ell_comps_0": -0.00749654953866,
                        "ellipses.0.ell_comps.ell_comps_1": -0.03319688701969,
                        "multipoles.0.multipole_3.multipole_comps.multipole_comps_0": -0.0034371229942,
                        "multipoles.0.multipole_3.multipole_comps.multipole_comps_1": 0.01928497791105,
                        "multipoles.0.multipole_4.multipole_comps.multipole_comps_0": -0.02593245441069,
                        "multipoles.0.multipole_4.multipole_comps.multipole_comps_1": 0.02390512383687
                    }
                }
            }
        }
    }
}