{
    "type": "instance",
    "class_path": "autofit.non_linear.samples.summary.SamplesSummary",
    "arguments": {
        "values_at_sigma_3": {
            "type": "list",
            "values": [
                {
                    "type": "tuple",
                    "values": [
                        0.10625825834778052,
                        0.16563121225974
                    ]
                },
                {
                    "type": "tuple",
                    "values": [
                        -0.1853050141208047,
                        -0.14878546302975282
                    ]
                }
            ]
        },
        "errors_at_sigma_1": {
            "type": "list",
            "values": [
                {
                    "type": "tuple",
                    "values": [
                        0.044720746719483936,
                        0.002731914596912993
                    ]
                },
                {
                    "type": "tuple",
                    "values": [
                        0.006079636492119289,
                        0.002014581218084288
                    ]
                }
            ]
        },
        "model": null,
        "values_at_sigma_1": {
            "type": "list",
            "values": [
                {
                    "type": "tuple",
                    "values": [
                        0.11350508702136607,
                        0.160957748337763
                    ]
                },
                {
                    "type": "tuple",
                    "values": [
                        -0.16054846593998356,
                        -0.15245424822978
                    ]
                }
            ]
        },
        "errors_at_sigma_3": {
            "type": "list",
            "values": [
                {
                    "type": "tuple",
                    "values": [
                        0.05196757539306948,
                        0.0074053785188900045
                    ]
                },
                {
                    "type": "tuple",
                    "values": [
                        0.030836184672940414,
                        0.005683366418111457
                    ]
                }
            ]
        },
        "max_log_likelihood_sample": {
            "type": "instance",
            "class_path": "autofit.non_linear.samples.sample.Sample",
            "arguments": {
                "log_likelihood": -51.13363030710354,
                "log_prior": 0.0,
                "weight": 0.000991255548087353,
                "kwargs": {
                    "type": "dict",
                    "arguments": {
                        "ellipses.0.ell_comps.ell_comps_0": 0.16016791265505,
                        "ellipses.0.ell_comps.ell_comps_1": -0.15383162540798
                    }
                }
            }
        },
        "log_evidence": -62.32838449026106,
        "median_pdf_sample": {
            "type": "instance",
            "class_path": "autofit.non_linear.samples.sample.Sample",
            "arguments": {
                "log_likelihood": -51.13363030710354,
                "log_prior": 0.0,
                "weight": 0.000991255548087353,
                "kwargs": {
                    "type": "dict",
                    "arguments": {
                        "ellipses.0.ell_comps.ell_comps_0": 0.15822583374085,
                        "ellipses.0.ell_comps.ell_comps_1": -0.15446882944786428
                    }
                }
            }
        }
    }
}