{
    "type": "instance",
    "class_path": "autofit.non_linear.samples.summary.SamplesSummary",
    "arguments": {
        "values_at_sigma_3": {
            "type": "list",
            "values": [
                {
                    "type": "tuple",
                    "values": [
                        -0.05956658086376,
                        0.02163216065428222
                    ]
                },
                {
                    "type": "tuple",
                    "values": [
                        -0.08530800901795,
                        -0.03676195155602896
                    ]
                },
                {
                    "type": "tuple",
                    "values": [
                        -0.06960245513472,
                        0.07106915265128
                    ]
                },
                {
                    "type": "tuple",
                    "values": [
                        -0.06705474683347533,
                        0.07926664962317724
                    ]
                },
                {
                    "type": "tuple",
                    "values": [
                        -0.09982495231197,
                        0.04851868804382029
                    ]
                },
                {
                    "type": "tuple",
                    "values": [
                        -0.09968766681733242,
                        0.07971384385635275
                    ]
                }
            ]
        },
        "values_at_sigma_1": {
            "type": "list",
            "values": [
                {
                    "type": "tuple",
                    "values": [
                        -0.017220850761807606,
                        -0.004263517799460666
                    ]
                },
                {
                    "type": "tuple",
                    "values": [
                        -0.0651434878472252,
                        -0.055850613918191024
                    ]
                },
                {
                    "type": "tuple",
                    "values": [
                        -0.02369821718845,
                        0.03392817983583
                    ]
                },
                {
                    "type": "tuple",
                    "values": [
                        -0.0206707914986,
                        0.027020534291556344
                    ]
                },
                {
                    "type": "tuple",
                    "values": [
                        -0.05520019061049567,
                        -0.005603245274656674
                    ]
                },
                {
                    "type": "tuple",
                    "values": [
                        -0.02783066179509168,
                        0.02029881682146
                    ]
                }
            ]
        },
        "errors_at_sigma_3": {
            "type": "list",
            "values": [
                {
                    "type": "tuple",
                    "values": [
                        0.04840418522088151,
                        0.032794556297160715
                    ]
                },
                {
                    "type": "tuple",
                    "values": [
                        0.025027672376150008,
                        0.02351838508577104
                    ]
                },
                {
                    "type": "tuple",
                    "values": [
                        0.07792863535623001,
                        0.06274297242977
                    ]
                },
                {
                    "type": "tuple",
                    "values": [
                        0.07775654065160532,
                        0.06856485580504725
                    ]
                },
                {
                    "type": "tuple",
                    "values": [
                        0.06876419650035,
                        0.07957944385544029
                    ]
                },
                {
                    "type": "tuple",
                    "values": [
                        0.09218546714072987,
                        0.0872160435329553
                    ]
                }
            ]
        },
        "model": null,
        "errors_at_sigma_1": {
            "type": "list",
            "values": [
                {
                    "type": "tuple",
                    "values": [
                        0.006058455118929114,
                        0.006898877843417826
                    ]
                },
                {
                    "type": "tuple",
                    "values": [
                        0.004863151205425208,
                        0.004429722723608975
                    ]
                },
                {
                    "type": "tuple",
                    "values": [
                        0.03202439740996,
                        0.025601999614319998
                    ]
                },
                {
                    "type": "tuple",
                    "values": [
                        0.03137258531673,
                        0.016318740473426345
                    ]
                },
                {
                    "type": "tuple",
                    "values": [
                        0.024139434798875672,
                        0.025457510536963324
                    ]
                },
                {
                    "type": "tuple",
                    "values": [
                        0.020328462118489127,
                        0.027801016498062554
                    ]
                }
            ]
        },
        "max_log_likelihood_sample": {
            "type": "instance",
            "class_path": "autofit.non_linear.samples.sample.Sample",
            "arguments": {
                "log_likelihood": -37.46232496075925,
                "log_prior": 0.0,
                "weight": 0.0010386507531060058,
                "kwargs": {
                    "type": "dict",
                    "arguments": {
                        "ellipses.0.ell_comps.ell_comps_0": -0.00740018351389,
                        "ellipses.0.ell_comps.ell_comps_1": -0.06245485721889,
                        "multipoles.0.multipole_3.multipole_comps.multipole_comps_0": 0.032961619681,
                        "multipoles.0.multipole_3.multipole_comps.multipole_comps_1": 0.01749234961898,
                        "multipoles.0.multipole_4.multipole_comps.multipole_comps_0": -0.0554455792072,
                        "multipoles.0.multipole_4.multipole_comps.multipole_comps_1": -0.01533602739163
                    }
                }
            }
        },
        "log_evidence": -53.89552741484226,
        "median_pdf_sample": {
            "type": "instance",
            "class_path": "autofit.non_linear.samples.sample.Sample",
            "arguments": {
                "log_likelihood": -37.46232496075925,
                "log_prior": 0.0,
                "weight": 0.0010386507531060058,
                "kwargs": {
                    "type": "dict",
                    "arguments": {
                        "ellipses.0.ell_comps.ell_comps_0": -0.011162395642878492,
                        "ellipses.0.ell_comps.ell_comps_1": -0.0602803366418,
                        "multipoles.0.multipole_3.multipole_comps.multipole_comps_0": 0.00832618022151,
                        "multipoles.0.multipole_3.multipole_comps.multipole_comps_1": 0.01070179381813,
                        "multipoles.0.multipole_4.multipole_comps.multipole_comps_0": -0.03106075581162,
                        "multipoles.0.multipole_4.multipole_comps.multipole_comps_1": -0.007502199676602552
                    }
                }
            }
        }
    }
}