{
    "type": "instance",
    "class_path": "autofit.non_linear.samples.summary.SamplesSummary",
    "arguments": {
        "errors_at_sigma_1": {
            "type": "list",
            "values": [
                {
                    "type": "tuple",
                    "values": [
                        0.004337425330913015,
                        0.0043208565169625575
                    ]
                },
                {
                    "type": "tuple",
                    "values": [
                        0.005229400296922343,
                        0.004171010231369454
                    ]
                }
            ]
        },
        "max_log_likelihood_sample": {
            "type": "instance",
            "class_path": "autofit.non_linear.samples.sample.Sample",
            "arguments": {
                "log_likelihood": -43.87831071487732,
                "log_prior": 0.0,
                "weight": 0.0009742699765581036,
                "kwargs": {
                    "type": "dict",
                    "arguments": {
                        "ellipses.0.ell_comps.ell_comps_0": -0.02484452287733,
                        "ellipses.0.ell_comps.ell_comps_1": -0.08748315844636
                    }
                }
            }
        },
        "model": null,
        "errors_at_sigma_3": {
            "type": "list",
            "values": [
                {
                    "type": "tuple",
                    "values": [
                        0.012565716967829033,
                        0.01461686117015
                    ]
                },
                {
                    "type": "tuple",
                    "values": [
                        0.02003750566714249,
                        0.011588173418819459
                    ]
                }
            ]
        },
        "values_at_sigma_3": {
            "type": "list",
            "values": [
                {
                    "type": "tuple",
                    "values": [
                        -0.038068038602379034,
                        -0.0108854604644
                    ]
                },
                {
                    "type": "tuple",
                    "values": [
                        -0.10812211405134195,
                        -0.07649643496538
                    ]
                }
            ]
        },
        "log_evidence": -53.653500288556735,
        "median_pdf_sample": {
            "type": "instance",
            "class_path": "autofit.non_linear.samples.sample.Sample",
            "arguments": {
                "log_likelihood": -43.87831071487732,
                "log_prior": 0.0,
                "weight": 0.0009742699765581036,
                "kwargs": {
                    "type": "dict",
                    "arguments": {
                        "ellipses.0.ell_comps.ell_comps_0": -0.02550232163455,
                        "ellipses.0.ell_comps.ell_comps_1": -0.08808460838419946
                    }
                }
            }
        },
        "values_at_sigma_1": {
            "type": "list",
            "values": [
                {
                    "type": "tuple",
                    "values": [
                        -0.029839746965463015,
                        -0.021181465117587443
                    ]
                },
                {
                    "type": "tuple",
                    "values": [
                        -0.0933140086811218,
                        -0.08391359815283
                    ]
                }
            ]
        }
    }
}