{
    "type": "instance",
    "class_path": "autofit.non_linear.samples.summary.SamplesSummary",
    "arguments": {
        "log_evidence": -96.84810185107071,
        "errors_at_sigma_1": {
            "type": "list",
            "values": [
                {
                    "type": "tuple",
                    "values": [
                        0.002882998060909997,
                        0.0023803749419400028
                    ]
                },
                {
                    "type": "tuple",
                    "values": [
                        0.0023788274858816266,
                        0.0019872125616287872
                    ]
                },
                {
                    "type": "tuple",
                    "values": [
                        0.007454883278995482,
                        0.007842591386918715
                    ]
                },
                {
                    "type": "tuple",
                    "values": [
                        0.009263242749603898,
                        0.008221428985289096
                    ]
                },
                {
                    "type": "tuple",
                    "values": [
                        0.007137942292708144,
                        0.0070770225436122824
                    ]
                },
                {
                    "type": "tuple",
                    "values": [
                        0.010998627452514089,
                        0.01184584968180296
                    ]
                }
            ]
        },
        "values_at_sigma_1": {
            "type": "list",
            "values": [
                {
                    "type": "tuple",
                    "values": [
                        0.08107908729792,
                        0.08634246030077
                    ]
                },
                {
                    "type": "tuple",
                    "values": [
                        0.10127047467983838,
                        0.1056365147273488
                    ]
                },
                {
                    "type": "tuple",
                    "values": [
                        0.02261389873499,
                        0.0379113734009042
                    ]
                },
                {
                    "type": "tuple",
                    "values": [
                        -0.051974057381633895,
                        -0.0344893856467409
                    ]
                },
                {
                    "type": "tuple",
                    "values": [
                        -0.0661401601072,
                        -0.051925195270879576
                    ]
                },
                {
                    "type": "tuple",
                    "values": [
                        0.0074872752907929494,
                        0.03033175242511
                    ]
                }
            ]
        },
        "max_log_likelihood_sample": {
            "type": "instance",
            "class_path": "autofit.non_linear.samples.sample.Sample",
            "arguments": {
                "log_likelihood": -76.55976343186158,
                "log_prior": 0.0,
                "weight": 0.000982681929189256,
                "kwargs": {
                    "type": "dict",
                    "arguments": {
                        "ellipses.0.ell_comps.ell_comps_0": 0.08533865215936,
                        "ellipses.0.ell_comps.ell_comps_1": 0.10293233578302,
                        "multipoles.0.multipole_3.multipole_comps.multipole_comps_0": 0.03133943651686,
                        "multipoles.0.multipole_3.multipole_comps.multipole_comps_1": -0.03984629853969,
                        "multipoles.0.multipole_4.multipole_comps.multipole_comps_0": -0.05722594043265,
                        "multipoles.0.multipole_4.multipole_comps.multipole_comps_1": 0.01471415440056
                    }
                }
            }
        },
        "model": null,
        "values_at_sigma_3": {
            "type": "list",
            "values": [
                {
                    "type": "tuple",
                    "values": [
                        0.07463016206713692,
                        0.09073938063472
                    ]
                },
                {
                    "type": "tuple",
                    "values": [
                        0.0956977141303803,
                        0.12245167545162561
                    ]
                },
                {
                    "type": "tuple",
                    "values": [
                        -0.01683672412716,
                        0.05527762519845
                    ]
                },
                {
                    "type": "tuple",
                    "values": [
                        -0.08073211629368215,
                        -0.001140252773
                    ]
                },
                {
                    "type": "tuple",
                    "values": [
                        -0.08214888497953075,
                        0.007333430168462349
                    ]
                },
                {
                    "type": "tuple",
                    "values": [
                        -0.01773891706796462,
                        0.054231311302954464
                    ]
                }
            ]
        },
        "errors_at_sigma_3": {
            "type": "list",
            "values": [
                {
                    "type": "tuple",
                    "values": [
                        0.009331923291693078,
                        0.006777295275889994
                    ]
                },
                {
                    "type": "tuple",
                    "values": [
                        0.007951588035339713,
                        0.018802373285905602
                    ]
                },
                {
                    "type": "tuple",
                    "values": [
                        0.046905506141145484,
                        0.02520884318446452
                    ]
                },
                {
                    "type": "tuple",
                    "values": [
                        0.03802130166165216,
                        0.04157056185903
                    ]
                },
                {
                    "type": "tuple",
                    "values": [
                        0.023146667165038895,
                        0.0663356479829542
                    ]
                },
                {
                    "type": "tuple",
                    "values": [
                        0.03622481981127166,
                        0.035745408559647425
                    ]
                }
            ]
        },
        "median_pdf_sample": {
            "type": "instance",
            "class_path": "autofit.non_linear.samples.sample.Sample",
            "arguments": {
                "log_likelihood": -76.55976343186158,
                "log_prior": 0.0,
                "weight": 0.000982681929189256,
                "kwargs": {
                    "type": "dict",
                    "arguments": {
                        "ellipses.0.ell_comps.ell_comps_0": 0.08396208535883,
                        "ellipses.0.ell_comps.ell_comps_1": 0.10364930216572,
                        "multipoles.0.multipole_3.multipole_comps.multipole_comps_0": 0.03006878201398548,
                        "multipoles.0.multipole_3.multipole_comps.multipole_comps_1": -0.04271081463203,
                        "multipoles.0.multipole_4.multipole_comps.multipole_comps_0": -0.05900221781449186,
                        "multipoles.0.multipole_4.multipole_comps.multipole_comps_1": 0.01848590274330704
                    }
                }
            }
        }
    }
}