{
    "type": "instance",
    "class_path": "autofit.non_linear.samples.summary.SamplesSummary",
    "arguments": {
        "median_pdf_sample": {
            "type": "instance",
            "class_path": "autofit.non_linear.samples.sample.Sample",
            "arguments": {
                "log_likelihood": -32.178530427843526,
                "log_prior": 0.0,
                "weight": 0.000977633686917669,
                "kwargs": {
                    "type": "dict",
                    "arguments": {
                        "ellipses.0.ell_comps.ell_comps_0": 0.04558103224232,
                        "ellipses.0.ell_comps.ell_comps_1": -0.07109589973101935,
                        "multipoles.0.multipole_3.multipole_comps.multipole_comps_0": 0.005206048497837255,
                        "multipoles.0.multipole_3.multipole_comps.multipole_comps_1": -0.002774407721125619,
                        "multipoles.0.multipole_4.multipole_comps.multipole_comps_0": 0.00617307249156679,
                        "multipoles.0.multipole_4.multipole_comps.multipole_comps_1": -0.00044478341708
                    }
                }
            }
        },
        "errors_at_sigma_3": {
            "type": "list",
            "values": [
                {
                    "type": "tuple",
                    "values": [
                        0.01551874440046,
                        0.012358091030410003
                    ]
                },
                {
                    "type": "tuple",
                    "values": [
                        0.010091715271610652,
                        0.010069731828800242
                    ]
                },
                {
                    "type": "tuple",
                    "values": [
                        0.03526503152311512,
                        0.04022494447846275
                    ]
                },
                {
                    "type": "tuple",
                    "values": [
                        0.03043952333436438,
                        0.029511551582048427
                    ]
                },
                {
                    "type": "tuple",
                    "values": [
                        0.03928318307781359,
                        0.044465726373162776
                    ]
                },
                {
                    "type": "tuple",
                    "values": [
                        0.037523991333971475,
                        0.04015229421066
                    ]
                }
            ]
        },
        "values_at_sigma_3": {
            "type": "list",
            "values": [
                {
                    "type": "tuple",
                    "values": [
                        0.03006228784186,
                        0.05793912327273
                    ]
                },
                {
                    "type": "tuple",
                    "values": [
                        -0.08118761500263,
                        -0.061026167902219104
                    ]
                },
                {
                    "type": "tuple",
                    "values": [
                        -0.030058983025277864,
                        0.0454309929763
                    ]
                },
                {
                    "type": "tuple",
                    "values": [
                        -0.03321393105549,
                        0.02673714386092281
                    ]
                },
                {
                    "type": "tuple",
                    "values": [
                        -0.0331101105862468,
                        0.050638798864729564
                    ]
                },
                {
                    "type": "tuple",
                    "values": [
                        -0.037968774751051475,
                        0.03970751079358
                    ]
                }
            ]
        },
        "values_at_sigma_1": {
            "type": "list",
            "values": [
                {
                    "type": "tuple",
                    "values": [
                        0.04083258329162,
                        0.05033016528546
                    ]
                },
                {
                    "type": "tuple",
                    "values": [
                        -0.07505840227087,
                        -0.06784318638888213
                    ]
                },
                {
                    "type": "tuple",
                    "values": [
                        -0.00548886912546,
                        0.01922985588968
                    ]
                },
                {
                    "type": "tuple",
                    "values": [
                        -0.012637576271936965,
                        0.007658104775035222
                    ]
                },
                {
                    "type": "tuple",
                    "values": [
                        -0.00704594304879883,
                        0.019540045039250227
                    ]
                },
                {
                    "type": "tuple",
                    "values": [
                        -0.011855534345781462,
                        0.01293288536498
                    ]
                }
            ]
        },
        "model": null,
        "errors_at_sigma_1": {
            "type": "list",
            "values": [
                {
                    "type": "tuple",
                    "values": [
                        0.0047484489507,
                        0.004749133043140001
                    ]
                },
                {
                    "type": "tuple",
                    "values": [
                        0.003962502539850657,
                        0.0032527133421372117
                    ]
                },
                {
                    "type": "tuple",
                    "values": [
                        0.010694917623297256,
                        0.014023807391842745
                    ]
                },
                {
                    "type": "tuple",
                    "values": [
                        0.009863168550811346,
                        0.010432512496160841
                    ]
                },
                {
                    "type": "tuple",
                    "values": [
                        0.013219015540365621,
                        0.013366972547683438
                    ]
                },
                {
                    "type": "tuple",
                    "values": [
                        0.011410750928701462,
                        0.013377668782059999
                    ]
                }
            ]
        },
        "log_evidence": -49.57361297508224,
        "max_log_likelihood_sample": {
            "type": "instance",
            "class_path": "autofit.non_linear.samples.sample.Sample",
            "arguments": {
                "log_likelihood": -32.178530427843526,
                "log_prior": 0.0,
                "weight": 0.000977633686917669,
                "kwargs": {
                    "type": "dict",
                    "arguments": {
                        "ellipses.0.ell_comps.ell_comps_0": 0.04825189273635,
                        "ellipses.0.ell_comps.ell_comps_1": -0.07386425995538,
                        "multipoles.0.multipole_3.multipole_comps.multipole_comps_0": -0.00322764574493,
                        "multipoles.0.multipole_3.multipole_comps.multipole_comps_1": -0.00638477361466,
                        "multipoles.0.multipole_4.multipole_comps.multipole_comps_0": 0.01495770634579,
                        "multipoles.0.multipole_4.multipole_comps.multipole_comps_1": 0.007526758217
                    }
                }
            }
        }
    }
}