{
    "type": "instance",
    "class_path": "autofit.non_linear.samples.summary.SamplesSummary",
    "arguments": {
        "model": null,
        "errors_at_sigma_3": {
            "type": "list",
            "values": [
                {
                    "type": "tuple",
                    "values": [
                        0.010393972602478867,
                        0.0061483916124491535
                    ]
                },
                {
                    "type": "tuple",
                    "values": [
                        0.0027051559270612063,
                        0.0302019142811836
                    ]
                },
                {
                    "type": "tuple",
                    "values": [
                        0.016764893366584238,
                        0.005479370845453977
                    ]
                },
                {
                    "type": "tuple",
                    "values": [
                        0.03734716156205378,
                        0.01045271512038859
                    ]
                },
                {
                    "type": "tuple",
                    "values": [
                        0.021597703706615276,
                        0.0033460810953042904
                    ]
                },
                {
                    "type": "tuple",
                    "values": [
                        0.013781452683771738,
                        0.010107984405355225
                    ]
                },
                {
                    "type": "tuple",
                    "values": [
                        0.020321356858823636,
                        0.004731180897777243
                    ]
                },
                {
                    "type": "tuple",
                    "values": [
                        0.03168540956056555,
                        0.006983017566461714
                    ]
                },
                {
                    "type": "tuple",
                    "values": [
                        0.00875131650310696,
                        0.01684664666389286
                    ]
                },
                {
                    "type": "tuple",
                    "values": [
                        0.01498045176107,
                        0.012943388082121931
                    ]
                },
                {
                    "type": "tuple",
                    "values": [
                        0.0629103928334715,
                        0.023689542989601527
                    ]
                },
                {
                    "type": "tuple",
                    "values": [
                        0.030228781404023675,
                        0.07550899095983299
                    ]
                },
                {
                    "type": "tuple",
                    "values": [
                        0.04585324377104706,
                        0.011589768051815816
                    ]
                },
                {
                    "type": "tuple",
                    "values": [
                        0.034400243434705005,
                        0.017739014776209996
                    ]
                },
                {
                    "type": "tuple",
                    "values": [
                        0.020130350095288498,
                        0.009142105083570001
                    ]
                },
                {
                    "type": "tuple",
                    "values": [
                        0.007560236694060102,
                        0.020975565815359896
                    ]
                },
                {
                    "type": "tuple",
                    "values": [
                        0.03836280702195727,
                        0.022787384538342736
                    ]
                },
                {
                    "type": "tuple",
                    "values": [
                        0.01387299706632348,
                        0.009606189925344615
                    ]
                },
                {
                    "type": "tuple",
                    "values": [
                        0.041002341370323256,
                        0.037095768317047126
                    ]
                },
                {
                    "type": "tuple",
                    "values": [
                        0.10479092339587,
                        0.08656390290696413
                    ]
                },
                {
                    "type": "tuple",
                    "values": [
                        0.08095822292484049,
                        0.017662419071221326
                    ]
                },
                {
                    "type": "tuple",
                    "values": [
                        0.06843393866100476,
                        0.03510866858067336
                    ]
                },
                {
                    "type": "tuple",
                    "values": [
                        0.026397675771730002,
                        0.046077748766236624
                    ]
                },
                {
                    "type": "tuple",
                    "values": [
                        0.025062170851789998,
                        0.038079584329238754
                    ]
                },
                {
                    "type": "tuple",
                    "values": [
                        0.02639355060051227,
                        0.014288656323927732
                    ]
                },
                {
                    "type": "tuple",
                    "values": [
                        0.021745096862061768,
                        0.0036792577094382946
                    ]
                },
                {
                    "type": "tuple",
                    "values": [
                        0.13126690570181,
                        0.025690224005169994
                    ]
                },
                {
                    "type": "tuple",
                    "values": [
                        0.18539375075096232,
                        0.01802225422236879
                    ]
                },
                {
                    "type": "tuple",
                    "values": [
                        0.06434475241105013,
                        0.15690184997614903
                    ]
                },
                {
                    "type": "tuple",
                    "values": [
                        0.0695112311444542,
                        0.14144340754457305
                    ]
                },
                {
                    "type": "tuple",
                    "values": [
                        0.011511356228505926,
                        0.026755678755114073
                    ]
                },
                {
                    "type": "tuple",
                    "values": [
                        0.03283119974893349,
                        0.045514680244087606
                    ]
                },
                {
                    "type": "tuple",
                    "values": [
                        0.03078482679959,
                        0.028114756390869015
                    ]
                },
                {
                    "type": "tuple",
                    "values": [
                        0.03149597175383339,
                        0.023875547406160002
                    ]
                },
                {
                    "type": "tuple",
                    "values": [
                        0.10689390694739634,
                        0.25016369629022256
                    ]
                },
                {
                    "type": "tuple",
                    "values": [
                        0.11408761775346205,
                        0.28039550088348797
                    ]
                },
                {
                    "type": "tuple",
                    "values": [
                        0.045040639498338156,
                        0.006734971689691845
                    ]
                },
                {
                    "type": "tuple",
                    "values": [
                        0.020379412909356527,
                        0.029551248422694004
                    ]
                },
                {
                    "type": "tuple",
                    "values": [
                        0.036408092431250004,
                        0.02829572518086
                    ]
                },
                {
                    "type": "tuple",
                    "values": [
                        0.007127647198115289,
                        0.03513088488136113
                    ]
                },
                {
                    "type": "tuple",
                    "values": [
                        0.027618128101492875,
                        0.07401529095842713
                    ]
                },
                {
                    "type": "tuple",
                    "values": [
                        0.0437257101385524,
                        0.05686803710452368
                    ]
                }
            ]
        },
        "errors_at_sigma_1": {
            "type": "list",
            "values": [
                {
                    "type": "tuple",
                    "values": [
                        0.008071893430802352,
                        0.0012684254121081403
                    ]
                },
                {
                    "type": "tuple",
                    "values": [
                        0.0010772942613813223,
                        0.002903712719491327
                    ]
                },
                {
                    "type": "tuple",
                    "values": [
                        0.006635435652616022,
                        0.0013613715895639776
                    ]
                },
                {
                    "type": "tuple",
                    "values": [
                        0.018634863358804345,
                        0.0043950458307611545
                    ]
                },
                {
                    "type": "tuple",
                    "values": [
                        0.0028868050087446275,
                        0.0012834330923588537
                    ]
                },
                {
                    "type": "tuple",
                    "values": [
                        0.006515154043326239,
                        0.001793125280833023
                    ]
                },
                {
                    "type": "tuple",
                    "values": [
                        0.0021261908964839878,
                        0.0022518901228463627
                    ]
                },
                {
                    "type": "tuple",
                    "values": [
                        0.0027358734338848827,
                        0.002983082234865717
                    ]
                },
                {
                    "type": "tuple",
                    "values": [
                        0.0017368007589567535,
                        0.0008185348628828604
                    ]
                },
                {
                    "type": "tuple",
                    "values": [
                        0.0020792202187899147,
                        0.004569369998159999
                    ]
                },
                {
                    "type": "tuple",
                    "values": [
                        0.0205783293411215,
                        0.0026022383897485006
                    ]
                },
                {
                    "type": "tuple",
                    "values": [
                        0.008060765579419649,
                        0.010939661942046326
                    ]
                },
                {
                    "type": "tuple",
                    "values": [
                        0.031862418627516695,
                        0.004588805064520734
                    ]
                },
                {
                    "type": "tuple",
                    "values": [
                        0.008567437838810001,
                        0.0033930886950100016
                    ]
                },
                {
                    "type": "tuple",
                    "values": [
                        0.01496345018798,
                        0.0030478972988253117
                    ]
                },
                {
                    "type": "tuple",
                    "values": [
                        0.0015273132583001024,
                        0.00970208633176737
                    ]
                },
                {
                    "type": "tuple",
                    "values": [
                        0.0035177521787172657,
                        0.007894995764362738
                    ]
                },
                {
                    "type": "tuple",
                    "values": [
                        0.0068026914980468325,
                        0.002313353953537869
                    ]
                },
                {
                    "type": "tuple",
                    "values": [
                        0.006937082522558015,
                        0.004420930626836739
                    ]
                },
                {
                    "type": "tuple",
                    "values": [
                        0.044798624131149996,
                        0.008029044700880006
                    ]
                },
                {
                    "type": "tuple",
                    "values": [
                        0.05448038186885365,
                        0.007115143590060262
                    ]
                },
                {
                    "type": "tuple",
                    "values": [
                        0.003315765034014685,
                        0.025102771343017808
                    ]
                },
                {
                    "type": "tuple",
                    "values": [
                        0.019392954403828287,
                        0.0020611817016000025
                    ]
                },
                {
                    "type": "tuple",
                    "values": [
                        0.002023408275573485,
                        0.01656146645347267
                    ]
                },
                {
                    "type": "tuple",
                    "values": [
                        0.009766714945202268,
                        0.0023379011359035626
                    ]
                },
                {
                    "type": "tuple",
                    "values": [
                        0.0034412564010963525,
                        0.0018297397590374357
                    ]
                },
                {
                    "type": "tuple",
                    "values": [
                        0.09264591356111,
                        0.015502421113405072
                    ]
                },
                {
                    "type": "tuple",
                    "values": [
                        0.037115888919221504,
                        0.009848164884357483
                    ]
                },
                {
                    "type": "tuple",
                    "values": [
                        0.05116858040146392,
                        0.009541522376810004
                    ]
                },
                {
                    "type": "tuple",
                    "values": [
                        0.013410604536888157,
                        0.008124174186373772
                    ]
                },
                {
                    "type": "tuple",
                    "values": [
                        0.003566358614696733,
                        0.00544623938354636
                    ]
                },
                {
                    "type": "tuple",
                    "values": [
                        0.0025174700330434906,
                        0.024077799588685743
                    ]
                },
                {
                    "type": "tuple",
                    "values": [
                        0.016533165172207886,
                        0.00585597848488
                    ]
                },
                {
                    "type": "tuple",
                    "values": [
                        0.02073199938190016,
                        0.003256194199035612
                    ]
                },
                {
                    "type": "tuple",
                    "values": [
                        0.09510519907306614,
                        0.005178642379025503
                    ]
                },
                {
                    "type": "tuple",
                    "values": [
                        0.06412022205353207,
                        0.0028404574130208027
                    ]
                },
                {
                    "type": "tuple",
                    "values": [
                        0.02040860409407166,
                        0.0037819767136423044
                    ]
                },
                {
                    "type": "tuple",
                    "values": [
                        0.010103858631633225,
                        0.002836417520132424
                    ]
                },
                {
                    "type": "tuple",
                    "values": [
                        0.0022592263282100004,
                        0.009879084476829446
                    ]
                },
                {
                    "type": "tuple",
                    "values": [
                        0.0019731412832533213,
                        0.0038930300163929656
                    ]
                },
                {
                    "type": "tuple",
                    "values": [
                        0.019888117020769196,
                        0.003482830412934606
                    ]
                },
                {
                    "type": "tuple",
                    "values": [
                        0.03442308802470331,
                        0.0035908193590883306
                    ]
                }
            ]
        },
        "values_at_sigma_3": {
            "type": "list",
            "values": [
                {
                    "type": "tuple",
                    "values": [
                        -0.01614794009811802,
                        0.00039442411681
                    ]
                },
                {
                    "type": "tuple",
                    "values": [
                        -0.01937916693481481,
                        0.01352790327343
                    ]
                },
                {
                    "type": "tuple",
                    "values": [
                        -0.011625060122718214,
                        0.01061920408932
                    ]
                },
                {
                    "type": "tuple",
                    "values": [
                        0.0061751591866250595,
                        0.053975035869067434
                    ]
                },
                {
                    "type": "tuple",
                    "values": [
                        -0.01842513118910065,
                        0.006518653612818918
                    ]
                },
                {
                    "type": "tuple",
                    "values": [
                        0.0008076450370030375,
                        0.02469708212613
                    ]
                },
                {
                    "type": "tuple",
                    "values": [
                        -0.00926634819332,
                        0.01578618956328088
                    ]
                },
                {
                    "type": "tuple",
                    "values": [
                        -0.017411486031285114,
                        0.02125694109574215
                    ]
                },
                {
                    "type": "tuple",
                    "values": [
                        -0.00777792632361982,
                        0.01782003684338
                    ]
                },
                {
                    "type": "tuple",
                    "values": [
                        0.00093564362685,
                        0.02885948347004193
                    ]
                },
                {
                    "type": "tuple",
                    "values": [
                        -0.07306820509918,
                        0.013531730723893028
                    ]
                },
                {
                    "type": "tuple",
                    "values": [
                        0.00846558800224,
                        0.11420336036609667
                    ]
                },
                {
                    "type": "tuple",
                    "values": [
                        -0.02462445775091706,
                        0.03281855407194582
                    ]
                },
                {
                    "type": "tuple",
                    "values": [
                        -0.018943528325465007,
                        0.03319572988545
                    ]
                },
                {
                    "type": "tuple",
                    "values": [
                        -0.028279249476648498,
                        0.00099320570221
                    ]
                },
                {
                    "type": "tuple",
                    "values": [
                        -0.01277720989608,
                        0.01575859261334
                    ]
                },
                {
                    "type": "tuple",
                    "values": [
                        -0.00815572773012,
                        0.05299446383018
                    ]
                },
                {
                    "type": "tuple",
                    "values": [
                        -0.025276978227626645,
                        -0.0017977912359585517
                    ]
                },
                {
                    "type": "tuple",
                    "values": [
                        0.01586919328017,
                        0.09396730296754038
                    ]
                },
                {
                    "type": "tuple",
                    "values": [
                        -0.01728456173647,
                        0.17407026456636412
                    ]
                },
                {
                    "type": "tuple",
                    "values": [
                        -0.04159606876022,
                        0.05702457323584182
                    ]
                },
                {
                    "type": "tuple",
                    "values": [
                        -0.09409274353174,
                        0.009449863709938113
                    ]
                },
                {
                    "type": "tuple",
                    "values": [
                        -0.0778832965511,
                        -0.005407872013133376
                    ]
                },
                {
                    "type": "tuple",
                    "values": [
                        -0.03688266690574,
                        0.026259088275288753
                    ]
                },
                {
                    "type": "tuple",
                    "values": [
                        -0.0190661018165,
                        0.02161610510794
                    ]
                },
                {
                    "type": "tuple",
                    "values": [
                        -0.011168181135789204,
                        0.014256173435710858
                    ]
                },
                {
                    "type": "tuple",
                    "values": [
                        -0.0799216706449,
                        0.07703545906208
                    ]
                },
                {
                    "type": "tuple",
                    "values": [
                        -0.10533095410674,
                        0.0980850508665911
                    ]
                },
                {
                    "type": "tuple",
                    "values": [
                        -0.09819071618841013,
                        0.12305588619878904
                    ]
                },
                {
                    "type": "tuple",
                    "values": [
                        -0.059652379532837266,
                        0.15130225915619
                    ]
                },
                {
                    "type": "tuple",
                    "values": [
                        0.00760029961839,
                        0.04586733460201
                    ]
                },
                {
                    "type": "tuple",
                    "values": [
                        -0.04725363732719,
                        0.031092242665831098
                    ]
                },
                {
                    "type": "tuple",
                    "values": [
                        -0.02565870971412,
                        0.033240873476339014
                    ]
                },
                {
                    "type": "tuple",
                    "values": [
                        -0.03573661790994339,
                        0.01963490125005
                    ]
                },
                {
                    "type": "tuple",
                    "values": [
                        -0.04054226250228406,
                        0.3165153407353348
                    ]
                },
                {
                    "type": "tuple",
                    "values": [
                        -0.39849222820656,
                        -0.00400910956961
                    ]
                },
                {
                    "type": "tuple",
                    "values": [
                        -0.0293164157615,
                        0.02245919542653
                    ]
                },
                {
                    "type": "tuple",
                    "values": [
                        -0.041874321496817954,
                        0.008056339835232577
                    ]
                },
                {
                    "type": "tuple",
                    "values": [
                        -0.02171569544754,
                        0.04298812216457
                    ]
                },
                {
                    "type": "tuple",
                    "values": [
                        -0.04032221088116529,
                        0.0019363211983111325
                    ]
                },
                {
                    "type": "tuple",
                    "values": [
                        -0.04240268166364,
                        0.05923073739628
                    ]
                },
                {
                    "type": "tuple",
                    "values": [
                        -0.036256254435136075,
                        0.06433749280794
                    ]
                }
            ]
        },
        "log_evidence": -172.80607713476135,
        "values_at_sigma_1": {
            "type": "list",
            "values": [
                {
                    "type": "tuple",
                    "values": [
                        -0.013825860926441506,
                        -0.004485542083531013
                    ]
                },
                {
                    "type": "tuple",
                    "values": [
                        -0.017751305269134925,
                        -0.013770298288262275
                    ]
                },
                {
                    "type": "tuple",
                    "values": [
                        -0.00149560240875,
                        0.00650120483343
                    ]
                },
                {
                    "type": "tuple",
                    "values": [
                        0.0248874573898745,
                        0.04791736657944
                    ]
                },
                {
                    "type": "tuple",
                    "values": [
                        0.00028576750877,
                        0.0044560056098734814
                    ]
                },
                {
                    "type": "tuple",
                    "values": [
                        0.008073943677448537,
                        0.0163822230016078
                    ]
                },
                {
                    "type": "tuple",
                    "values": [
                        0.008928817769019649,
                        0.01330689878835
                    ]
                },
                {
                    "type": "tuple",
                    "values": [
                        0.011538050095395552,
                        0.01725700576414615
                    ]
                },
                {
                    "type": "tuple",
                    "values": [
                        -0.000763410579469614,
                        0.00179192504237
                    ]
                },
                {
                    "type": "tuple",
                    "values": [
                        0.013836875169130085,
                        0.02048546538608
                    ]
                },
                {
                    "type": "tuple",
                    "values": [
                        -0.03073614160683,
                        -0.00755557387596
                    ]
                },
                {
                    "type": "tuple",
                    "values": [
                        0.030633603826844026,
                        0.04963403134831
                    ]
                },
                {
                    "type": "tuple",
                    "values": [
                        -0.01063363260738669,
                        0.025817591084650735
                    ]
                },
                {
                    "type": "tuple",
                    "values": [
                        0.00688927727043,
                        0.01884980380425
                    ]
                },
                {
                    "type": "tuple",
                    "values": [
                        -0.02311234956934,
                        -0.005101002082534689
                    ]
                },
                {
                    "type": "tuple",
                    "values": [
                        -0.00674428646032,
                        0.004485113129747471
                    ]
                },
                {
                    "type": "tuple",
                    "values": [
                        0.02668932711312,
                        0.0381020750562
                    ]
                },
                {
                    "type": "tuple",
                    "values": [
                        -0.01820667265935,
                        -0.009090627207765297
                    ]
                },
                {
                    "type": "tuple",
                    "values": [
                        0.04993445212793524,
                        0.06129246527733
                    ]
                },
                {
                    "type": "tuple",
                    "values": [
                        0.04270773752825,
                        0.09553540636028
                    ]
                },
                {
                    "type": "tuple",
                    "values": [
                        -0.015118227704233154,
                        0.046477297754680756
                    ]
                },
                {
                    "type": "tuple",
                    "values": [
                        -0.02897456990474993,
                        -0.0005560335277174353
                    ]
                },
                {
                    "type": "tuple",
                    "values": [
                        -0.07087857518319829,
                        -0.04942443907777
                    ]
                },
                {
                    "type": "tuple",
                    "values": [
                        -0.013843904329523486,
                        0.004740970399522669
                    ]
                },
                {
                    "type": "tuple",
                    "values": [
                        -0.00243926616119,
                        0.009665349919915831
                    ]
                },
                {
                    "type": "tuple",
                    "values": [
                        0.007135659325176211,
                        0.01240665548531
                    ]
                },
                {
                    "type": "tuple",
                    "values": [
                        -0.0413006785042,
                        0.06684765617031507
                    ]
                },
                {
                    "type": "tuple",
                    "values": [
                        0.0429469077250008,
                        0.08991096152857979
                    ]
                },
                {
                    "type": "tuple",
                    "values": [
                        -0.08501454417882393,
                        -0.02430444140055
                    ]
                },
                {
                    "type": "tuple",
                    "values": [
                        -0.0035517529252712104,
                        0.01798302579799072
                    ]
                },
                {
                    "type": "tuple",
                    "values": [
                        0.015545297232199193,
                        0.024557895230442287
                    ]
                },
                {
                    "type": "tuple",
                    "values": [
                        -0.0169399076113,
                        0.009655362010429233
                    ]
                },
                {
                    "type": "tuple",
                    "values": [
                        -0.011407048086737885,
                        0.01098209557035
                    ]
                },
                {
                    "type": "tuple",
                    "values": [
                        -0.02497264553801016,
                        -0.000984451957074388
                    ]
                },
                {
                    "type": "tuple",
                    "values": [
                        -0.028753554627953863,
                        0.07153028682413778
                    ]
                },
                {
                    "type": "tuple",
                    "values": [
                        -0.34852483250663,
                        -0.28156415304007715
                    ]
                },
                {
                    "type": "tuple",
                    "values": [
                        -0.004684380357233504,
                        0.01950620045048046
                    ]
                },
                {
                    "type": "tuple",
                    "values": [
                        -0.03159876721909465,
                        -0.018658491067329003
                    ]
                },
                {
                    "type": "tuple",
                    "values": [
                        0.0124331706555,
                        0.024571481460539446
                    ]
                },
                {
                    "type": "tuple",
                    "values": [
                        -0.03516770496630332,
                        -0.029301533666657036
                    ]
                },
                {
                    "type": "tuple",
                    "values": [
                        -0.03467267058291632,
                        -0.011301723149212519
                    ]
                },
                {
                    "type": "tuple",
                    "values": [
                        -0.026953632321286992,
                        0.011060275062504654
                    ]
                }
            ]
        },
        "max_log_likelihood_sample": {
            "type": "instance",
            "class_path": "autofit.non_linear.samples.sample.Sample",
            "arguments": {
                "log_likelihood": -128.38898612867757,
                "log_prior": 0.0,
                "weight": 0.0010442954207167665,
                "kwargs": {
                    "type": "dict",
                    "arguments": {
                        "ellipses.ellipse_4.centre.centre_0": -0.00392402788225,
                        "ellipses.ellipse_4.centre.centre_1": -0.01770553985599,
                        "ellipses.ellipse_0.ell_comps.ell_comps_0": 0.00750995833132,
                        "ellipses.ellipse_0.ell_comps.ell_comps_1": 0.04442304199834,
                        "multipoles.0.multipole_1.multipole_comps.multipole_comps_0": 0.00270938811886,
                        "multipoles.0.multipole_1.multipole_comps.multipole_comps_1": 0.01972352439229,
                        "multipoles.0.multipole_3.multipole_comps.multipole_comps_0": 0.00854937989473,
                        "multipoles.0.multipole_3.multipole_comps.multipole_comps_1": 0.01016564351123,
                        "multipoles.0.multipole_4.multipole_comps.multipole_comps_0": 0.00017223428828,
                        "multipoles.0.multipole_4.multipole_comps.multipole_comps_1": 0.01100299258636,
                        "ellipses.ellipse_1.ell_comps.ell_comps_0": -0.00885085743681,
                        "ellipses.ellipse_1.ell_comps.ell_comps_1": 0.02514384902372,
                        "multipoles.1.multipole_1.multipole_comps.multipole_comps_0": 0.02749797112289,
                        "multipoles.1.multipole_1.multipole_comps.multipole_comps_1": 0.01158382219832,
                        "multipoles.1.multipole_3.multipole_comps.multipole_comps_0": -0.00301652096401,
                        "multipoles.1.multipole_3.multipole_comps.multipole_comps_1": -0.0052615905741,
                        "multipoles.1.multipole_4.multipole_comps.multipole_comps_0": 0.03203559716925,
                        "multipoles.1.multipole_4.multipole_comps.multipole_comps_1": -0.00518674737053,
                        "ellipses.ellipse_2.ell_comps.ell_comps_0": 0.05593933464994,
                        "ellipses.ellipse_2.ell_comps.ell_comps_1": 0.07534062978617,
                        "multipoles.2.multipole_1.multipole_comps.multipole_comps_0": 0.03928048910416,
                        "multipoles.2.multipole_1.multipole_comps.multipole_comps_1": -0.02743348671877,
                        "multipoles.2.multipole_3.multipole_comps.multipole_comps_0": -0.04714650571394,
                        "multipoles.2.multipole_3.multipole_comps.multipole_comps_1": -0.00900527138195,
                        "multipoles.2.multipole_4.multipole_comps.multipole_comps_0": 0.00856960894674,
                        "multipoles.2.multipole_4.multipole_comps.multipole_comps_1": 0.00982109393679,
                        "ellipses.ellipse_3.ell_comps.ell_comps_0": 0.06404218105623,
                        "ellipses.ellipse_3.ell_comps.ell_comps_1": 0.08860463350031,
                        "multipoles.3.multipole_1.multipole_comps.multipole_comps_0": -0.01663611522428,
                        "multipoles.3.multipole_1.multipole_comps.multipole_comps_1": 0.00384353238607,
                        "multipoles.3.multipole_3.multipole_comps.multipole_comps_0": 0.01621591785759,
                        "multipoles.3.multipole_3.multipole_comps.multipole_comps_1": -0.01229817679528,
                        "multipoles.3.multipole_4.multipole_comps.multipole_comps_0": 0.01969313866337,
                        "multipoles.3.multipole_4.multipole_comps.multipole_comps_1": -0.0003637141484,
                        "ellipses.ellipse_4.ell_comps.ell_comps_0": 0.0673476342209,
                        "ellipses.ellipse_4.ell_comps.ell_comps_1": -0.28184086191536,
                        "multipoles.4.multipole_1.multipole_comps.multipole_comps_0": 0.01829307253547,
                        "multipoles.4.multipole_1.multipole_comps.multipole_comps_1": -0.01179905902738,
                        "multipoles.4.multipole_3.multipole_comps.multipole_comps_0": 0.01197928129473,
                        "multipoles.4.multipole_3.multipole_comps.multipole_comps_1": -0.03627665346177,
                        "multipoles.4.multipole_4.multipole_comps.multipole_comps_0": -0.00969575031757,
                        "multipoles.4.multipole_4.multipole_comps.multipole_comps_1": 0.00818334383357
                    }
                }
            }
        },
        "median_pdf_sample": {
            "type": "instance",
            "class_path": "autofit.non_linear.samples.sample.Sample",
            "arguments": {
                "log_likelihood": -128.38898612867757,
                "log_prior": 0.0,
                "weight": 0.0010442954207167665,
                "kwargs": {
                    "type": "dict",
                    "arguments": {
                        "ellipses.ellipse_4.centre.centre_0": -0.0057539674956391534,
                        "ellipses.ellipse_4.centre.centre_1": -0.016674011007753602,
                        "ellipses.ellipse_0.ell_comps.ell_comps_0": 0.005139833243866023,
                        "ellipses.ellipse_0.ell_comps.ell_comps_1": 0.043522320748678844,
                        "multipoles.0.multipole_1.multipole_comps.multipole_comps_0": 0.0031725725175146277,
                        "multipoles.0.multipole_1.multipole_comps.multipole_comps_1": 0.014589097720774775,
                        "multipoles.0.multipole_3.multipole_comps.multipole_comps_0": 0.011055008665503636,
                        "multipoles.0.multipole_3.multipole_comps.multipole_comps_1": 0.014273923529280435,
                        "multipoles.0.multipole_4.multipole_comps.multipole_comps_0": 0.0009733901794871396,
                        "multipoles.0.multipole_4.multipole_comps.multipole_comps_1": 0.01591609538792,
                        "ellipses.ellipse_1.ell_comps.ell_comps_0": -0.0101578122657085,
                        "ellipses.ellipse_1.ell_comps.ell_comps_1": 0.038694369406263675,
                        "multipoles.1.multipole_1.multipole_comps.multipole_comps_0": 0.02122878602013,
                        "multipoles.1.multipole_1.multipole_comps.multipole_comps_1": 0.01545671510924,
                        "multipoles.1.multipole_3.multipole_comps.multipole_comps_0": -0.00814889938136,
                        "multipoles.1.multipole_3.multipole_comps.multipole_comps_1": -0.005216973202019898,
                        "multipoles.1.multipole_4.multipole_comps.multipole_comps_0": 0.030207079291837264,
                        "multipoles.1.multipole_4.multipole_comps.multipole_comps_1": -0.011403981161303166,
                        "ellipses.ellipse_2.ell_comps.ell_comps_0": 0.05687153465049326,
                        "ellipses.ellipse_2.ell_comps.ell_comps_1": 0.0875063616594,
                        "multipoles.2.multipole_1.multipole_comps.multipole_comps_0": 0.039362154164620494,
                        "multipoles.2.multipole_1.multipole_comps.multipole_comps_1": -0.025658804870735245,
                        "multipoles.2.multipole_3.multipole_comps.multipole_comps_0": -0.05148562077937,
                        "multipoles.2.multipole_3.multipole_comps.multipole_comps_1": -0.01182049605395,
                        "multipoles.2.multipole_4.multipole_comps.multipole_comps_0": 0.007327448784012269,
                        "multipoles.2.multipole_4.multipole_comps.multipole_comps_1": 0.010576915726272564,
                        "ellipses.ellipse_3.ell_comps.ell_comps_0": 0.05134523505691,
                        "ellipses.ellipse_3.ell_comps.ell_comps_1": 0.0800627966442223,
                        "multipoles.3.multipole_1.multipole_comps.multipole_comps_0": -0.03384596377736,
                        "multipoles.3.multipole_1.multipole_comps.multipole_comps_1": 0.009858851611616946,
                        "multipoles.3.multipole_3.multipole_comps.multipole_comps_0": 0.019111655846895927,
                        "multipoles.3.multipole_3.multipole_comps.multipole_comps_1": -0.01442243757825651,
                        "multipoles.3.multipole_4.multipole_comps.multipole_comps_0": 0.00512611708547,
                        "multipoles.3.multipole_4.multipole_comps.multipole_comps_1": -0.00424064615611,
                        "ellipses.ellipse_4.ell_comps.ell_comps_0": 0.06635164444511228,
                        "ellipses.ellipse_4.ell_comps.ell_comps_1": -0.28440461045309795,
                        "multipoles.4.multipole_1.multipole_comps.multipole_comps_0": 0.015724223736838155,
                        "multipoles.4.multipole_1.multipole_comps.multipole_comps_1": -0.021494908587461427,
                        "multipoles.4.multipole_3.multipole_comps.multipole_comps_0": 0.01469239698371,
                        "multipoles.4.multipole_3.multipole_comps.multipole_comps_1": -0.03319456368305,
                        "multipoles.4.multipole_4.multipole_comps.multipole_comps_0": -0.014784553562147125,
                        "multipoles.4.multipole_4.multipole_comps.multipole_comps_1": 0.007469455703416323
                    }
                }
            }
        }
    }
}