{
    "type": "instance",
    "class_path": "autofit.non_linear.samples.summary.SamplesSummary",
    "arguments": {
        "values_at_sigma_3": {
            "type": "list",
            "values": [
                {
                    "type": "tuple",
                    "values": [
                        -0.12355685963362321,
                        -0.08745078087416673
                    ]
                },
                {
                    "type": "tuple",
                    "values": [
                        -0.13346408422863132,
                        -0.09560938253611
                    ]
                }
            ]
        },
        "errors_at_sigma_3": {
            "type": "list",
            "values": [
                {
                    "type": "tuple",
                    "values": [
                        0.017662306568045752,
                        0.01844377219141073
                    ]
                },
                {
                    "type": "tuple",
                    "values": [
                        0.018762625238391326,
                        0.019092076454129997
                    ]
                }
            ]
        },
        "values_at_sigma_1": {
            "type": "list",
            "values": [
                {
                    "type": "tuple",
                    "values": [
                        -0.11277908555265825,
                        -0.10032676786331
                    ]
                },
                {
                    "type": "tuple",
                    "values": [
                        -0.12249147355563887,
                        -0.10784373136683
                    ]
                }
            ]
        },
        "errors_at_sigma_1": {
            "type": "list",
            "values": [
                {
                    "type": "tuple",
                    "values": [
                        0.006884532487080791,
                        0.005567785202267458
                    ]
                },
                {
                    "type": "tuple",
                    "values": [
                        0.007790014565398878,
                        0.006857727623409998
                    ]
                }
            ]
        },
        "log_evidence": -26.58974710555919,
        "max_log_likelihood_sample": {
            "type": "instance",
            "class_path": "autofit.non_linear.samples.sample.Sample",
            "arguments": {
                "log_likelihood": -17.787877323186212,
                "log_prior": 0.0,
                "weight": 0.000988054252046826,
                "kwargs": {
                    "type": "dict",
                    "arguments": {
                        "ellipses.0.ell_comps.ell_comps_0": -0.10738688844771,
                        "ellipses.0.ell_comps.ell_comps_1": -0.1165342598403
                    }
                }
            }
        },
        "model": null,
        "median_pdf_sample": {
            "type": "instance",
            "class_path": "autofit.non_linear.samples.sample.Sample",
            "arguments": {
                "log_likelihood": -17.787877323186212,
                "log_prior": 0.0,
                "weight": 0.000988054252046826,
                "kwargs": {
                    "type": "dict",
                    "arguments": {
                        "ellipses.0.ell_comps.ell_comps_0": -0.10589455306557746,
                        "ellipses.0.ell_comps.ell_comps_1": -0.11470145899024
                    }
                }
            }
        }
    }
}