{
    "type": "instance",
    "class_path": "autofit.non_linear.samples.summary.SamplesSummary",
    "arguments": {
        "values_at_sigma_3": {
            "type": "list",
            "values": [
                {
                    "type": "tuple",
                    "values": [
                        -0.43871719261082065,
                        -0.42938286473232745
                    ]
                },
                {
                    "type": "tuple",
                    "values": [
                        0.02338422579688,
                        0.03326926830983372
                    ]
                }
            ]
        },
        "log_evidence": -233.93732125918163,
        "errors_at_sigma_3": {
            "type": "list",
            "values": [
                {
                    "type": "tuple",
                    "values": [
                        0.0041165786332207355,
                        0.005217749245272463
                    ]
                },
                {
                    "type": "tuple",
                    "values": [
                        0.005793767539469998,
                        0.00409127497348372
                    ]
                }
            ]
        },
        "values_at_sigma_1": {
            "type": "list",
            "values": [
                {
                    "type": "tuple",
                    "values": [
                        -0.43628682479369,
                        -0.4326010177291872
                    ]
                },
                {
                    "type": "tuple",
                    "values": [
                        0.02733374679625135,
                        0.03080534238081572
                    ]
                }
            ]
        },
        "errors_at_sigma_1": {
            "type": "list",
            "values": [
                {
                    "type": "tuple",
                    "values": [
                        0.0016862108160901057,
                        0.001999596248412727
                    ]
                },
                {
                    "type": "tuple",
                    "values": [
                        0.0018442465400986506,
                        0.0016273490444657195
                    ]
                }
            ]
        },
        "median_pdf_sample": {
            "type": "instance",
            "class_path": "autofit.non_linear.samples.sample.Sample",
            "arguments": {
                "log_likelihood": -222.86194084075498,
                "log_prior": 0.0,
                "weight": 0.000984150509248555,
                "kwargs": {
                    "type": "dict",
                    "arguments": {
                        "ellipses.0.ell_comps.ell_comps_0": -0.4346006139775999,
                        "ellipses.0.ell_comps.ell_comps_1": 0.02917799333635
                    }
                }
            }
        },
        "model": null,
        "max_log_likelihood_sample": {
            "type": "instance",
            "class_path": "autofit.non_linear.samples.sample.Sample",
            "arguments": {
                "log_likelihood": -222.86194084075498,
                "log_prior": 0.0,
                "weight": 0.000984150509248555,
                "kwargs": {
                    "type": "dict",
                    "arguments": {
                        "ellipses.0.ell_comps.ell_comps_0": -0.43408251808513,
                        "ellipses.0.ell_comps.ell_comps_1": 0.02918428192866
                    }
                }
            }
        }
    }
}