{
    "type": "instance",
    "class_path": "autofit.non_linear.samples.summary.SamplesSummary",
    "arguments": {
        "values_at_sigma_3": null,
        "log_evidence": null,
        "errors_at_sigma_3": null,
        "values_at_sigma_1": null,
        "errors_at_sigma_1": null,
        "median_pdf_sample": null,
        "model": null,
        "max_log_likelihood_sample": {
            "type": "instance",
            "class_path": "autofit.non_linear.samples.sample.Sample",
            "arguments": {
                "log_likelihood": -3552.7691785362117,
                "log_prior": 0.0,
                "weight": 1.0,
                "kwargs": {
                    "type": "dict",
                    "arguments": {
                        "dummy_0": 0.00149277796307
                    }
                }
            }
        }
    }
}