{
    "type": "instance",
    "class_path": "autofit.non_linear.samples.summary.SamplesSummary",
    "arguments": {
        "errors_at_sigma_1": {
            "type": "list",
            "values": [
                {
                    "type": "tuple",
                    "values": [
                        0.001860471490056581,
                        0.0016085065097689588
                    ]
                },
                {
                    "type": "tuple",
                    "values": [
                        0.0019531650830805006,
                        0.002780234354008624
                    ]
                }
            ]
        },
        "log_evidence": -68.35631678469001,
        "errors_at_sigma_3": {
            "type": "list",
            "values": [
                {
                    "type": "tuple",
                    "values": [
                        0.014057774567619974,
                        0.04010913468649002
                    ]
                },
                {
                    "type": "tuple",
                    "values": [
                        0.018714169415563368,
                        0.03922291252213664
                    ]
                }
            ]
        },
        "values_at_sigma_3": {
            "type": "list",
            "values": [
                {
                    "type": "tuple",
                    "values": [
                        -0.29892617753265,
                        -0.24475926827854
                    ]
                },
                {
                    "type": "tuple",
                    "values": [
                        -0.03346424439395,
                        0.02447283754375
                    ]
                }
            ]
        },
        "values_at_sigma_1": {
            "type": "list",
            "values": [
                {
                    "type": "tuple",
                    "values": [
                        -0.2867288744550866,
                        -0.28325989645526106
                    ]
                },
                {
                    "type": "tuple",
                    "values": [
                        -0.016703240061467135,
                        -0.01196984062437801
                    ]
                }
            ]
        },
        "max_log_likelihood_sample": {
            "type": "instance",
            "class_path": "autofit.non_linear.samples.sample.Sample",
            "arguments": {
                "log_likelihood": -56.703933095630205,
                "log_prior": 0.0,
                "weight": 0.000983739887198502,
                "kwargs": {
                    "type": "dict",
                    "arguments": {
                        "ellipses.0.ell_comps.ell_comps_0": -0.2852849829389,
                        "ellipses.0.ell_comps.ell_comps_1": -0.01470487712115
                    }
                }
            }
        },
        "median_pdf_sample": {
            "type": "instance",
            "class_path": "autofit.non_linear.samples.sample.Sample",
            "arguments": {
                "log_likelihood": -56.703933095630205,
                "log_prior": 0.0,
                "weight": 0.000983739887198502,
                "kwargs": {
                    "type": "dict",
                    "arguments": {
                        "ellipses.0.ell_comps.ell_comps_0": -0.28486840296503,
                        "ellipses.0.ell_comps.ell_comps_1": -0.014750074978386634
                    }
                }
            }
        },
        "model": null
    }
}