{
    "type": "instance",
    "class_path": "autofit.non_linear.samples.summary.SamplesSummary",
    "arguments": {
        "log_evidence": -42.840559604590844,
        "median_pdf_sample": {
            "type": "instance",
            "class_path": "autofit.non_linear.samples.sample.Sample",
            "arguments": {
                "log_likelihood": -22.048948611663768,
                "log_prior": 0.0,
                "weight": 0.001002100535974336,
                "kwargs": {
                    "type": "dict",
                    "arguments": {
                        "ellipses.0.ell_comps.ell_comps_0": -0.04278983811103409,
                        "ellipses.0.ell_comps.ell_comps_1": 0.05242612755162175,
                        "multipoles.0.multipole_1.multipole_comps.multipole_comps_0": 0.0032600026619078668,
                        "multipoles.0.multipole_1.multipole_comps.multipole_comps_1": -0.01718652591819861,
                        "multipoles.0.multipole_3.multipole_comps.multipole_comps_0": 0.00284499088788,
                        "multipoles.0.multipole_3.multipole_comps.multipole_comps_1": 0.009725276447404762,
                        "multipoles.0.multipole_4.multipole_comps.multipole_comps_0": -0.01660752768933,
                        "multipoles.0.multipole_4.multipole_comps.multipole_comps_1": 0.02054257902786
                    }
                }
            }
        },
        "max_log_likelihood_sample": {
            "type": "instance",
            "class_path": "autofit.non_linear.samples.sample.Sample",
            "arguments": {
                "log_likelihood": -22.048948611663768,
                "log_prior": 0.0,
                "weight": 0.001002100535974336,
                "kwargs": {
                    "type": "dict",
                    "arguments": {
                        "ellipses.0.ell_comps.ell_comps_0": -0.0431351318312,
                        "ellipses.0.ell_comps.ell_comps_1": 0.04833071293346,
                        "multipoles.0.multipole_1.multipole_comps.multipole_comps_0": 0.02180014801317,
                        "multipoles.0.multipole_1.multipole_comps.multipole_comps_1": -0.01167055146948,
                        "multipoles.0.multipole_3.multipole_comps.multipole_comps_0": -0.0177819345721,
                        "multipoles.0.multipole_3.multipole_comps.multipole_comps_1": 0.04631835943171,
                        "multipoles.0.multipole_4.multipole_comps.multipole_comps_0": -0.01101012664307,
                        "multipoles.0.multipole_4.multipole_comps.multipole_comps_1": 0.00342563924288
                    }
                }
            }
        },
        "values_at_sigma_1": {
            "type": "list",
            "values": [
                {
                    "type": "tuple",
                    "values": [
                        -0.04714021749478235,
                        -0.03736490800708
                    ]
                },
                {
                    "type": "tuple",
                    "values": [
                        0.04585009068792386,
                        0.05713811082033884
                    ]
                },
                {
                    "type": "tuple",
                    "values": [
                        -0.01641409080089584,
                        0.02301899196161681
                    ]
                },
                {
                    "type": "tuple",
                    "values": [
                        -0.03172014026388,
                        -0.0031222529509201905
                    ]
                },
                {
                    "type": "tuple",
                    "values": [
                        -0.01367488284544,
                        0.017933254463202774
                    ]
                },
                {
                    "type": "tuple",
                    "values": [
                        -0.017761254591760457,
                        0.0370309385978394
                    ]
                },
                {
                    "type": "tuple",
                    "values": [
                        -0.03774117778187,
                        0.0050298432822713235
                    ]
                },
                {
                    "type": "tuple",
                    "values": [
                        -0.005133269853231194,
                        0.04060179759891
                    ]
                }
            ]
        },
        "values_at_sigma_3": {
            "type": "list",
            "values": [
                {
                    "type": "tuple",
                    "values": [
                        -0.07246365503833,
                        -0.02506703081936
                    ]
                },
                {
                    "type": "tuple",
                    "values": [
                        0.023449827164391708,
                        0.06520028007338312
                    ]
                },
                {
                    "type": "tuple",
                    "values": [
                        -0.04931640453689,
                        0.07829852603908956
                    ]
                },
                {
                    "type": "tuple",
                    "values": [
                        -0.09014459498761299,
                        0.02566532432147773
                    ]
                },
                {
                    "type": "tuple",
                    "values": [
                        -0.03871709844250552,
                        0.06156830636109
                    ]
                },
                {
                    "type": "tuple",
                    "values": [
                        -0.07480431599371,
                        0.07049540192682285
                    ]
                },
                {
                    "type": "tuple",
                    "values": [
                        -0.07874460008145717,
                        0.054183197363553294
                    ]
                },
                {
                    "type": "tuple",
                    "values": [
                        -0.04764736615900794,
                        0.07089897762651126
                    ]
                }
            ]
        },
        "model": null,
        "errors_at_sigma_1": {
            "type": "list",
            "values": [
                {
                    "type": "tuple",
                    "values": [
                        0.004350379383748264,
                        0.00542493010395409
                    ]
                },
                {
                    "type": "tuple",
                    "values": [
                        0.006576036863697891,
                        0.004711983268717086
                    ]
                },
                {
                    "type": "tuple",
                    "values": [
                        0.019674093462803705,
                        0.019758989299708943
                    ]
                },
                {
                    "type": "tuple",
                    "values": [
                        0.014533614345681393,
                        0.014064272967278418
                    ]
                },
                {
                    "type": "tuple",
                    "values": [
                        0.01651987373332,
                        0.015088263575322773
                    ]
                },
                {
                    "type": "tuple",
                    "values": [
                        0.02748653103916522,
                        0.02730566215043464
                    ]
                },
                {
                    "type": "tuple",
                    "values": [
                        0.02113365009254,
                        0.021637370971601323
                    ]
                },
                {
                    "type": "tuple",
                    "values": [
                        0.025675848881091194,
                        0.02005921857105
                    ]
                }
            ]
        },
        "errors_at_sigma_3": {
            "type": "list",
            "values": [
                {
                    "type": "tuple",
                    "values": [
                        0.029673816927295905,
                        0.017722807291674088
                    ]
                },
                {
                    "type": "tuple",
                    "values": [
                        0.028976300387230043,
                        0.012774152521761367
                    ]
                },
                {
                    "type": "tuple",
                    "values": [
                        0.052576407198797866,
                        0.0750385233771817
                    ]
                },
                {
                    "type": "tuple",
                    "values": [
                        0.07295806906941438,
                        0.04285185023967634
                    ]
                },
                {
                    "type": "tuple",
                    "values": [
                        0.041562089330385514,
                        0.058723315473210004
                    ]
                },
                {
                    "type": "tuple",
                    "values": [
                        0.08452959244111476,
                        0.06077012547941809
                    ]
                },
                {
                    "type": "tuple",
                    "values": [
                        0.06213707239212717,
                        0.0707907250528833
                    ]
                },
                {
                    "type": "tuple",
                    "values": [
                        0.06818994518686794,
                        0.050356398598651264
                    ]
                }
            ]
        }
    }
}