{
    "data_name": "J0330-0020",
    "redshift_lens": 0.351,
    "redshift_source": 1.071,
    "slope": 1.91,
    "slope_err": 0.18,
    "axis_ratio": 0.81,
    "position_angle": 113.2,
    "einstein_radius": 1.1,
    "log_Mein": 11.4,
    "Mein": 251188643150.9592,
    "marker": 1,
    "colour": "salmon",
    "shear": 0.07,
    "sigma": 212.0,
    "sigma_err": 21.0,
    "log[M*/M]_chab": 11.35,
    "log[M*/M]_salp": 11.58,
    "log[Meff/M]": 11.14,
    "f_dm_chab": 11.14,
    "M200": 15100000000000.0,
    "r_eff": 1.2,
    "gamma_shajib": 2.16,
    "shajib_ue": 0.02,
    "shajib_le": 0.02,
    "shear_shajib": 0.025,
    "shear_shajib_le": 0.008,
    "shear_shajib_ue": 0.007,
    "phi_shajib": 26.0,
    "phi_shajib_le": 11.0,
    "phi_shajib_ue": 9.0,
    "gamma_Barnabe": NaN,
    "Barnabe_le": NaN,
    "Barnabe_ue": NaN,
    "RA": "\"033012.14\"",
    "DEC": "\"-002051.9\"",
    "subhalo_grid_dimensions_arcsec": 2.2,
    "mask_inner_radius": 0.25,
    "mask_outer_radius": 2.3,
    "scaled_annular": 0,
    "detect_delaunay": 0,
    "bpl_source_mask": 0,
    "mask_circular_radii": 3.5
}