{
    "type": "instance",
    "class_path": "autofit.non_linear.samples.summary.SamplesSummary",
    "arguments": {
        "median_pdf_sample": {
            "type": "instance",
            "class_path": "autofit.non_linear.samples.sample.Sample",
            "arguments": {
                "log_likelihood": -55.29746251953361,
                "log_prior": 0.0,
                "weight": 0.0009877855070611976,
                "kwargs": {
                    "type": "dict",
                    "arguments": {
                        "ellipses.0.ell_comps.ell_comps_0": 0.04816464975835,
                        "ellipses.0.ell_comps.ell_comps_1": -0.08692415381773808
                    }
                }
            }
        },
        "errors_at_sigma_1": {
            "type": "list",
            "values": [
                {
                    "type": "tuple",
                    "values": [
                        0.0022633122312600007,
                        0.0019682481640300037
                    ]
                },
                {
                    "type": "tuple",
                    "values": [
                        0.002425144116558725,
                        0.0016704708985371963
                    ]
                }
            ]
        },
        "values_at_sigma_3": {
            "type": "list",
            "values": [
                {
                    "type": "tuple",
                    "values": [
                        0.03926920819687956,
                        0.059137331659519246
                    ]
                },
                {
                    "type": "tuple",
                    "values": [
                        -0.11076170730923,
                        -0.07976528254658
                    ]
                }
            ]
        },
        "errors_at_sigma_3": {
            "type": "list",
            "values": [
                {
                    "type": "tuple",
                    "values": [
                        0.008895441561470437,
                        0.010972681901169248
                    ]
                },
                {
                    "type": "tuple",
                    "values": [
                        0.023837553491491928,
                        0.007158871271158079
                    ]
                }
            ]
        },
        "max_log_likelihood_sample": {
            "type": "instance",
            "class_path": "autofit.non_linear.samples.sample.Sample",
            "arguments": {
                "log_likelihood": -55.29746251953361,
                "log_prior": 0.0,
                "weight": 0.0009877855070611976,
                "kwargs": {
                    "type": "dict",
                    "arguments": {
                        "ellipses.0.ell_comps.ell_comps_0": 0.04861714720994,
                        "ellipses.0.ell_comps.ell_comps_1": -0.08652414089496
                    }
                }
            }
        },
        "values_at_sigma_1": {
            "type": "list",
            "values": [
                {
                    "type": "tuple",
                    "values": [
                        0.04590133752709,
                        0.05013289792238
                    ]
                },
                {
                    "type": "tuple",
                    "values": [
                        -0.0893492979342968,
                        -0.08525368291920088
                    ]
                }
            ]
        },
        "model": null,
        "log_evidence": -66.38414466632341
    }
}