{
    "type": "instance",
    "class_path": "autofit.non_linear.samples.summary.SamplesSummary",
    "arguments": {
        "log_evidence": -100.10092334404101,
        "errors_at_sigma_1": {
            "type": "list",
            "values": [
                {
                    "type": "tuple",
                    "values": [
                        0.0021044864493822146,
                        0.002607275992485711
                    ]
                },
                {
                    "type": "tuple",
                    "values": [
                        0.0013055131419258403,
                        0.0010519083308900001
                    ]
                }
            ]
        },
        "values_at_sigma_1": {
            "type": "list",
            "values": [
                {
                    "type": "tuple",
                    "values": [
                        0.0852996963488,
                        0.09001145879066792
                    ]
                },
                {
                    "type": "tuple",
                    "values": [
                        0.19672895341735416,
                        0.19908637489017
                    ]
                }
            ]
        },
        "values_at_sigma_3": {
            "type": "list",
            "values": [
                {
                    "type": "tuple",
                    "values": [
                        0.08095667209938127,
                        0.0945377841654
                    ]
                },
                {
                    "type": "tuple",
                    "values": [
                        0.19325475548961407,
                        0.20254131218913
                    ]
                }
            ]
        },
        "errors_at_sigma_3": {
            "type": "list",
            "values": [
                {
                    "type": "tuple",
                    "values": [
                        0.006447510698800937,
                        0.007133601367217787
                    ]
                },
                {
                    "type": "tuple",
                    "values": [
                        0.004779711069665932,
                        0.004506845629849987
                    ]
                }
            ]
        },
        "max_log_likelihood_sample": {
            "type": "instance",
            "class_path": "autofit.non_linear.samples.sample.Sample",
            "arguments": {
                "log_likelihood": -88.52586934940231,
                "log_prior": 0.0,
                "weight": 0.0009824229638825377,
                "kwargs": {
                    "type": "dict",
                    "arguments": {
                        "ellipses.0.ell_comps.ell_comps_0": 0.08652173062902,
                        "ellipses.0.ell_comps.ell_comps_1": 0.19788074146428
                    }
                }
            }
        },
        "model": null,
        "median_pdf_sample": {
            "type": "instance",
            "class_path": "autofit.non_linear.samples.sample.Sample",
            "arguments": {
                "log_likelihood": -88.52586934940231,
                "log_prior": 0.0,
                "weight": 0.0009824229638825377,
                "kwargs": {
                    "type": "dict",
                    "arguments": {
                        "ellipses.0.ell_comps.ell_comps_0": 0.08740418279818221,
                        "ellipses.0.ell_comps.ell_comps_1": 0.19803446655928
                    }
                }
            }
        }
    }
}