{
    "type": "instance",
    "class_path": "autofit.non_linear.samples.summary.SamplesSummary",
    "arguments": {
        "errors_at_sigma_3": {
            "type": "list",
            "values": [
                {
                    "type": "tuple",
                    "values": [
                        0.03303607598208,
                        0.03460960082451482
                    ]
                },
                {
                    "type": "tuple",
                    "values": [
                        0.03376771239445655,
                        0.03227084016300749
                    ]
                },
                {
                    "type": "tuple",
                    "values": [
                        0.007743468360512197,
                        0.009583532633242083
                    ]
                },
                {
                    "type": "tuple",
                    "values": [
                        0.00864723926427,
                        0.008823386376091858
                    ]
                },
                {
                    "type": "tuple",
                    "values": [
                        0.009116622657454474,
                        0.009176907356924257
                    ]
                },
                {
                    "type": "tuple",
                    "values": [
                        0.00870641972901824,
                        0.009655984615702558
                    ]
                },
                {
                    "type": "tuple",
                    "values": [
                        0.00896740197699606,
                        0.00891824719332
                    ]
                },
                {
                    "type": "tuple",
                    "values": [
                        0.008580780997325616,
                        0.012212853404022813
                    ]
                }
            ]
        },
        "max_log_likelihood_sample": {
            "type": "instance",
            "class_path": "autofit.non_linear.samples.sample.Sample",
            "arguments": {
                "log_likelihood": -2.3111515351237757,
                "log_prior": 0.0,
                "weight": 0.0010329870481620865,
                "kwargs": {
                    "type": "dict",
                    "arguments": {
                        "ellipses.0.ell_comps.ell_comps_0": 0.02153627597174,
                        "ellipses.0.ell_comps.ell_comps_1": 0.03044230812489,
                        "multipoles.0.multipole_1.multipole_comps.multipole_comps_0": 0.00048866904076,
                        "multipoles.0.multipole_1.multipole_comps.multipole_comps_1": -0.0003131266351,
                        "multipoles.0.multipole_3.multipole_comps.multipole_comps_0": 0.00191102737171,
                        "multipoles.0.multipole_3.multipole_comps.multipole_comps_1": -0.00118474015319,
                        "multipoles.0.multipole_4.multipole_comps.multipole_comps_0": 0.00227673367827,
                        "multipoles.0.multipole_4.multipole_comps.multipole_comps_1": -0.00223903185351
                    }
                }
            }
        },
        "model": null,
        "values_at_sigma_1": {
            "type": "list",
            "values": [
                {
                    "type": "tuple",
                    "values": [
                        0.013309341944507965,
                        0.03533090778172
                    ]
                },
                {
                    "type": "tuple",
                    "values": [
                        0.011871471119435874,
                        0.03642864935743702
                    ]
                },
                {
                    "type": "tuple",
                    "values": [
                        -0.00217499640048189,
                        0.00328737615708
                    ]
                },
                {
                    "type": "tuple",
                    "values": [
                        -0.002554282245309875,
                        0.0031140908544430223
                    ]
                },
                {
                    "type": "tuple",
                    "values": [
                        -0.000712318157984792,
                        0.004974330348931402
                    ]
                },
                {
                    "type": "tuple",
                    "values": [
                        -0.00214247977811,
                        0.004509042966921515
                    ]
                },
                {
                    "type": "tuple",
                    "values": [
                        -0.00197177577432,
                        0.00472395664601
                    ]
                },
                {
                    "type": "tuple",
                    "values": [
                        -0.006347595912240638,
                        6.0241688792036165e-05
                    ]
                }
            ]
        },
        "median_pdf_sample": {
            "type": "instance",
            "class_path": "autofit.non_linear.samples.sample.Sample",
            "arguments": {
                "log_likelihood": -2.3111515351237757,
                "log_prior": 0.0,
                "weight": 0.0010329870481620865,
                "kwargs": {
                    "type": "dict",
                    "arguments": {
                        "ellipses.0.ell_comps.ell_comps_0": 0.02392975222731,
                        "ellipses.0.ell_comps.ell_comps_1": 0.02515275492149655,
                        "multipoles.0.multipole_1.multipole_comps.multipole_comps_0": 0.0007286818438004673,
                        "multipoles.0.multipole_1.multipole_comps.multipole_comps_1": 9.75028958e-06,
                        "multipoles.0.multipole_3.multipole_comps.multipole_comps_0": 0.002330570157245743,
                        "multipoles.0.multipole_3.multipole_comps.multipole_comps_1": 0.00115596752507,
                        "multipoles.0.multipole_4.multipole_comps.multipole_comps_0": 0.00133714276347,
                        "multipoles.0.multipole_4.multipole_comps.multipole_comps_1": -0.003156394707022814
                    }
                }
            }
        },
        "log_evidence": -30.25950087361263,
        "values_at_sigma_3": {
            "type": "list",
            "values": [
                {
                    "type": "tuple",
                    "values": [
                        -0.00910632375477,
                        0.05853935305182482
                    ]
                },
                {
                    "type": "tuple",
                    "values": [
                        -0.00861495747296,
                        0.05742359508450404
                    ]
                },
                {
                    "type": "tuple",
                    "values": [
                        -0.00701478651671173,
                        0.01031221447704255
                    ]
                },
                {
                    "type": "tuple",
                    "values": [
                        -0.00863748897469,
                        0.008833136665671858
                    ]
                },
                {
                    "type": "tuple",
                    "values": [
                        -0.006786052500208732,
                        0.01150747751417
                    ]
                },
                {
                    "type": "tuple",
                    "values": [
                        -0.00755045220394824,
                        0.010811952140772558
                    ]
                },
                {
                    "type": "tuple",
                    "values": [
                        -0.007630259213526061,
                        0.01025538995679
                    ]
                },
                {
                    "type": "tuple",
                    "values": [
                        -0.01173717570434843,
                        0.009056458697
                    ]
                }
            ]
        },
        "errors_at_sigma_1": {
            "type": "list",
            "values": [
                {
                    "type": "tuple",
                    "values": [
                        0.010620410282802034,
                        0.011401155554410004
                    ]
                },
                {
                    "type": "tuple",
                    "values": [
                        0.013281283802060674,
                        0.01127589443594047
                    ]
                },
                {
                    "type": "tuple",
                    "values": [
                        0.002903678244282357,
                        0.0025586943132795328
                    ]
                },
                {
                    "type": "tuple",
                    "values": [
                        0.002564032534889875,
                        0.0031043405648630224
                    ]
                },
                {
                    "type": "tuple",
                    "values": [
                        0.003042888315230535,
                        0.002643760191685659
                    ]
                },
                {
                    "type": "tuple",
                    "values": [
                        0.00329844730318,
                        0.0033530754418515146
                    ]
                },
                {
                    "type": "tuple",
                    "values": [
                        0.00330891853779,
                        0.00338681388254
                    ]
                },
                {
                    "type": "tuple",
                    "values": [
                        0.0031912012052178244,
                        0.0032166363958148502
                    ]
                }
            ]
        }
    }
}