{
    "type": "instance",
    "class_path": "autofit.non_linear.samples.summary.SamplesSummary",
    "arguments": {
        "values_at_sigma_3": {
            "type": "list",
            "values": [
                {
                    "type": "tuple",
                    "values": [
                        -0.27098516052373783,
                        -0.2477223437465155
                    ]
                },
                {
                    "type": "tuple",
                    "values": [
                        0.00022203909062,
                        0.02654016785579
                    ]
                },
                {
                    "type": "tuple",
                    "values": [
                        -0.03168516946357,
                        0.12555668761057
                    ]
                },
                {
                    "type": "tuple",
                    "values": [
                        -0.09928761953518,
                        0.07191553701617
                    ]
                },
                {
                    "type": "tuple",
                    "values": [
                        -0.0648059073636834,
                        0.09049933230057
                    ]
                },
                {
                    "type": "tuple",
                    "values": [
                        -0.09559355792451775,
                        0.027595630088611246
                    ]
                },
                {
                    "type": "tuple",
                    "values": [
                        -0.058723814260619095,
                        0.063837841445114
                    ]
                },
                {
                    "type": "tuple",
                    "values": [
                        -0.0672072071049603,
                        0.08262937375915214
                    ]
                }
            ]
        },
        "errors_at_sigma_3": {
            "type": "list",
            "values": [
                {
                    "type": "tuple",
                    "values": [
                        0.01771646660931786,
                        0.0055463501679044735
                    ]
                },
                {
                    "type": "tuple",
                    "values": [
                        0.01247335831791,
                        0.013844770447260001
                    ]
                },
                {
                    "type": "tuple",
                    "values": [
                        0.07693464727001909,
                        0.08030720980412093
                    ]
                },
                {
                    "type": "tuple",
                    "values": [
                        0.07398921081169,
                        0.09721394573966
                    ]
                },
                {
                    "type": "tuple",
                    "values": [
                        0.0799641283643534,
                        0.0753411112999
                    ]
                },
                {
                    "type": "tuple",
                    "values": [
                        0.05312636506403003,
                        0.07006282294909896
                    ]
                },
                {
                    "type": "tuple",
                    "values": [
                        0.0685079678511291,
                        0.054053687854603995
                    ]
                },
                {
                    "type": "tuple",
                    "values": [
                        0.10275404876520239,
                        0.047082532098910036
                    ]
                }
            ]
        },
        "errors_at_sigma_1": {
            "type": "list",
            "values": [
                {
                    "type": "tuple",
                    "values": [
                        0.0020724287414294884,
                        0.001908496677655247
                    ]
                },
                {
                    "type": "tuple",
                    "values": [
                        0.007327395815368608,
                        0.006462930124319999
                    ]
                },
                {
                    "type": "tuple",
                    "values": [
                        0.02216537333943545,
                        0.03111721707013796
                    ]
                },
                {
                    "type": "tuple",
                    "values": [
                        0.032801477023745036,
                        0.038026877447169996
                    ]
                },
                {
                    "type": "tuple",
                    "values": [
                        0.03302461806991639,
                        0.02491363005907056
                    ]
                },
                {
                    "type": "tuple",
                    "values": [
                        0.01800947626382228,
                        0.024483793764370206
                    ]
                },
                {
                    "type": "tuple",
                    "values": [
                        0.02148389302892007,
                        0.02111483689028
                    ]
                },
                {
                    "type": "tuple",
                    "values": [
                        0.0199794481359221,
                        0.01872387910337041
                    ]
                }
            ]
        },
        "max_log_likelihood_sample": {
            "type": "instance",
            "class_path": "autofit.non_linear.samples.sample.Sample",
            "arguments": {
                "log_likelihood": -50.85045103420629,
                "log_prior": 0.0,
                "weight": 0.0010383841899412193,
                "kwargs": {
                    "type": "dict",
                    "arguments": {
                        "ellipses.0.ell_comps.ell_comps_0": -0.2517971945627,
                        "ellipses.0.ell_comps.ell_comps_1": 0.0060135113443,
                        "multipoles.0.multipole_1.multipole_comps.multipole_comps_0": 0.04246305635924,
                        "multipoles.0.multipole_1.multipole_comps.multipole_comps_1": -0.03244000030064,
                        "multipoles.0.multipole_3.multipole_comps.multipole_comps_0": 0.03217547473617,
                        "multipoles.0.multipole_3.multipole_comps.multipole_comps_1": -0.05475108124027,
                        "multipoles.0.multipole_4.multipole_comps.multipole_comps_0": 0.03850431267224,
                        "multipoles.0.multipole_4.multipole_comps.multipole_comps_1": 0.03215914370842
                    }
                }
            }
        },
        "median_pdf_sample": {
            "type": "instance",
            "class_path": "autofit.non_linear.samples.sample.Sample",
            "arguments": {
                "log_likelihood": -50.85045103420629,
                "log_prior": 0.0,
                "weight": 0.0010383841899412193,
                "kwargs": {
                    "type": "dict",
                    "arguments": {
                        "ellipses.0.ell_comps.ell_comps_0": -0.25326869391442,
                        "ellipses.0.ell_comps.ell_comps_1": 0.01269539740853,
                        "multipoles.0.multipole_1.multipole_comps.multipole_comps_0": 0.04524947780644908,
                        "multipoles.0.multipole_1.multipole_comps.multipole_comps_1": -0.02529840872349,
                        "multipoles.0.multipole_3.multipole_comps.multipole_comps_0": 0.01515822100067,
                        "multipoles.0.multipole_3.multipole_comps.multipole_comps_1": -0.04246719286048772,
                        "multipoles.0.multipole_4.multipole_comps.multipole_comps_0": 0.00978415359051,
                        "multipoles.0.multipole_4.multipole_comps.multipole_comps_1": 0.0355468416602421
                    }
                }
            }
        },
        "log_evidence": -72.6727370971827,
        "model": null,
        "values_at_sigma_1": {
            "type": "list",
            "values": [
                {
                    "type": "tuple",
                    "values": [
                        -0.25534112265584946,
                        -0.2513601972367647
                    ]
                },
                {
                    "type": "tuple",
                    "values": [
                        0.005368001593161392,
                        0.01915832753285
                    ]
                },
                {
                    "type": "tuple",
                    "values": [
                        0.023084104467013627,
                        0.07636669487658704
                    ]
                },
                {
                    "type": "tuple",
                    "values": [
                        -0.058099885747235035,
                        0.01272846872368
                    ]
                },
                {
                    "type": "tuple",
                    "values": [
                        -0.017866397069246392,
                        0.04007185105974056
                    ]
                },
                {
                    "type": "tuple",
                    "values": [
                        -0.06047666912431,
                        -0.01798339909611751
                    ]
                },
                {
                    "type": "tuple",
                    "values": [
                        -0.01169973943841007,
                        0.03089899048079
                    ]
                },
                {
                    "type": "tuple",
                    "values": [
                        0.01556739352432,
                        0.05427072076361251
                    ]
                }
            ]
        }
    }
}