{
    "type": "instance",
    "class_path": "autofit.non_linear.samples.summary.SamplesSummary",
    "arguments": {
        "errors_at_sigma_1": {
            "type": "list",
            "values": [
                {
                    "type": "tuple",
                    "values": [
                        0.0064821869323999914,
                        0.005167920933520004
                    ]
                },
                {
                    "type": "tuple",
                    "values": [
                        0.006685729036776736,
                        0.01732462101827327
                    ]
                },
                {
                    "type": "tuple",
                    "values": [
                        0.02700282191629,
                        0.014848914964898097
                    ]
                },
                {
                    "type": "tuple",
                    "values": [
                        0.029542017191463286,
                        0.04337700728556
                    ]
                },
                {
                    "type": "tuple",
                    "values": [
                        0.02507054134952999,
                        0.03013232008219001
                    ]
                },
                {
                    "type": "tuple",
                    "values": [
                        0.02640754059410863,
                        0.05621256520212432
                    ]
                }
            ]
        },
        "log_evidence": -64.57970246105342,
        "model": null,
        "median_pdf_sample": {
            "type": "instance",
            "class_path": "autofit.non_linear.samples.sample.Sample",
            "arguments": {
                "log_likelihood": -46.26548176874351,
                "log_prior": 0.0,
                "weight": 0.001001153849933409,
                "kwargs": {
                    "type": "dict",
                    "arguments": {
                        "ellipses.0.ell_comps.ell_comps_0": -0.16908843785502,
                        "ellipses.0.ell_comps.ell_comps_1": -0.12406020506261327,
                        "multipoles.0.multipole_3.multipole_comps.multipole_comps_0": -0.00217924205449,
                        "multipoles.0.multipole_3.multipole_comps.multipole_comps_1": -0.02962269212672,
                        "multipoles.0.multipole_4.multipole_comps.multipole_comps_0": -0.0653674093555,
                        "multipoles.0.multipole_4.multipole_comps.multipole_comps_1": -0.01593517186733432
                    }
                }
            }
        },
        "values_at_sigma_3": {
            "type": "list",
            "values": [
                {
                    "type": "tuple",
                    "values": [
                        -0.19498204667277438,
                        -0.14839371501542
                    ]
                },
                {
                    "type": "tuple",
                    "values": [
                        -0.13871860716386,
                        -0.07990805796069
                    ]
                },
                {
                    "type": "tuple",
                    "values": [
                        -0.08481121205385575,
                        0.08981448330754
                    ]
                },
                {
                    "type": "tuple",
                    "values": [
                        -0.08974403523355572,
                        0.08530860383424639
                    ]
                },
                {
                    "type": "tuple",
                    "values": [
                        -0.09970358430376,
                        0.09792225046814
                    ]
                },
                {
                    "type": "tuple",
                    "values": [
                        -0.09050751446078,
                        0.09698160719435397
                    ]
                }
            ]
        },
        "values_at_sigma_1": {
            "type": "list",
            "values": [
                {
                    "type": "tuple",
                    "values": [
                        -0.17557062478742,
                        -0.1639205169215
                    ]
                },
                {
                    "type": "tuple",
                    "values": [
                        -0.13074593409939,
                        -0.10673558404434
                    ]
                },
                {
                    "type": "tuple",
                    "values": [
                        -0.02918206397078,
                        0.012669672910408098
                    ]
                },
                {
                    "type": "tuple",
                    "values": [
                        -0.05916470931818329,
                        0.01375431515884
                    ]
                },
                {
                    "type": "tuple",
                    "values": [
                        -0.09043795070503,
                        -0.03523508927331
                    ]
                },
                {
                    "type": "tuple",
                    "values": [
                        -0.04234271246144295,
                        0.04027739333479
                    ]
                }
            ]
        },
        "max_log_likelihood_sample": {
            "type": "instance",
            "class_path": "autofit.non_linear.samples.sample.Sample",
            "arguments": {
                "log_likelihood": -46.26548176874351,
                "log_prior": 0.0,
                "weight": 0.001001153849933409,
                "kwargs": {
                    "type": "dict",
                    "arguments": {
                        "ellipses.0.ell_comps.ell_comps_0": -0.17325903252126,
                        "ellipses.0.ell_comps.ell_comps_1": -0.12155724631887,
                        "multipoles.0.multipole_3.multipole_comps.multipole_comps_0": -0.02423787321059,
                        "multipoles.0.multipole_3.multipole_comps.multipole_comps_1": -0.00155734055588,
                        "multipoles.0.multipole_4.multipole_comps.multipole_comps_0": -0.09579076449119,
                        "multipoles.0.multipole_4.multipole_comps.multipole_comps_1": 0.04570513226434
                    }
                }
            }
        },
        "errors_at_sigma_3": {
            "type": "list",
            "values": [
                {
                    "type": "tuple",
                    "values": [
                        0.025893608817754377,
                        0.0206947228396
                    ]
                },
                {
                    "type": "tuple",
                    "values": [
                        0.014658402101246734,
                        0.044152147101923264
                    ]
                },
                {
                    "type": "tuple",
                    "values": [
                        0.08263196999936576,
                        0.09199372536202999
                    ]
                },
                {
                    "type": "tuple",
                    "values": [
                        0.060121343106835715,
                        0.11493129596096639
                    ]
                },
                {
                    "type": "tuple",
                    "values": [
                        0.034336174948259995,
                        0.16328965982364002
                    ]
                },
                {
                    "type": "tuple",
                    "values": [
                        0.07457234259344567,
                        0.11291677906168829
                    ]
                }
            ]
        }
    }
}