{
    "type": "instance",
    "class_path": "autofit.non_linear.samples.summary.SamplesSummary",
    "arguments": {
        "log_evidence": -34.6791860813695,
        "values_at_sigma_3": {
            "type": "list",
            "values": [
                {
                    "type": "tuple",
                    "values": [
                        0.06226310003053,
                        0.09077796479968
                    ]
                },
                {
                    "type": "tuple",
                    "values": [
                        0.040243823096066236,
                        0.06699150733734147
                    ]
                }
            ]
        },
        "median_pdf_sample": {
            "type": "instance",
            "class_path": "autofit.non_linear.samples.sample.Sample",
            "arguments": {
                "log_likelihood": -24.965861229214255,
                "log_prior": 0.0,
                "weight": 0.0009804083786909155,
                "kwargs": {
                    "type": "dict",
                    "arguments": {
                        "ellipses.0.ell_comps.ell_comps_0": 0.0782106658749563,
                        "ellipses.0.ell_comps.ell_comps_1": 0.05627468760879496
                    }
                }
            }
        },
        "errors_at_sigma_1": {
            "type": "list",
            "values": [
                {
                    "type": "tuple",
                    "values": [
                        0.004129423236226296,
                        0.003560332203423694
                    ]
                },
                {
                    "type": "tuple",
                    "values": [
                        0.004064593498514964,
                        0.003438141917825037
                    ]
                }
            ]
        },
        "values_at_sigma_1": {
            "type": "list",
            "values": [
                {
                    "type": "tuple",
                    "values": [
                        0.07408124263873,
                        0.08177099807838
                    ]
                },
                {
                    "type": "tuple",
                    "values": [
                        0.05221009411028,
                        0.05971282952662
                    ]
                }
            ]
        },
        "errors_at_sigma_3": {
            "type": "list",
            "values": [
                {
                    "type": "tuple",
                    "values": [
                        0.015947565844426304,
                        0.012567298924723705
                    ]
                },
                {
                    "type": "tuple",
                    "values": [
                        0.016030864512728726,
                        0.010716819728546503
                    ]
                }
            ]
        },
        "max_log_likelihood_sample": {
            "type": "instance",
            "class_path": "autofit.non_linear.samples.sample.Sample",
            "arguments": {
                "log_likelihood": -24.965861229214255,
                "log_prior": 0.0,
                "weight": 0.0009804083786909155,
                "kwargs": {
                    "type": "dict",
                    "arguments": {
                        "ellipses.0.ell_comps.ell_comps_0": 0.07777421626887,
                        "ellipses.0.ell_comps.ell_comps_1": 0.05600321032107
                    }
                }
            }
        },
        "model": null
    }
}