{
    "type": "instance",
    "class_path": "autofit.non_linear.samples.summary.SamplesSummary",
    "arguments": {
        "median_pdf_sample": {
            "type": "instance",
            "class_path": "autofit.non_linear.samples.sample.Sample",
            "arguments": {
                "log_likelihood": -44.349708817235744,
                "log_prior": 0.0,
                "weight": 0.001034978133347764,
                "kwargs": {
                    "type": "dict",
                    "arguments": {
                        "ellipses.0.ell_comps.ell_comps_0": -0.031056194502700602,
                        "ellipses.0.ell_comps.ell_comps_1": 0.07018825303893865,
                        "multipoles.0.multipole_3.multipole_comps.multipole_comps_0": 0.030889559669763686,
                        "multipoles.0.multipole_3.multipole_comps.multipole_comps_1": 0.01528665040930271,
                        "multipoles.0.multipole_4.multipole_comps.multipole_comps_0": -0.04283371492892,
                        "multipoles.0.multipole_4.multipole_comps.multipole_comps_1": -0.0014417888507156024
                    }
                }
            }
        },
        "log_evidence": -60.61193126669087,
        "errors_at_sigma_1": {
            "type": "list",
            "values": [
                {
                    "type": "tuple",
                    "values": [
                        0.02099561136222632,
                        0.006015761172160603
                    ]
                },
                {
                    "type": "tuple",
                    "values": [
                        0.004623120831606001,
                        0.005172996898611282
                    ]
                },
                {
                    "type": "tuple",
                    "values": [
                        0.061854172151261724,
                        0.03826675839708035
                    ]
                },
                {
                    "type": "tuple",
                    "values": [
                        0.09899619911115272,
                        0.044946431466367294
                    ]
                },
                {
                    "type": "tuple",
                    "values": [
                        0.02552811609278282,
                        0.030092368529957968
                    ]
                },
                {
                    "type": "tuple",
                    "values": [
                        0.07525336918377439,
                        0.07126223995000561
                    ]
                }
            ]
        },
        "values_at_sigma_3": {
            "type": "list",
            "values": [
                {
                    "type": "tuple",
                    "values": [
                        -0.06898106583391099,
                        -0.01736664297819122
                    ]
                },
                {
                    "type": "tuple",
                    "values": [
                        0.04564124570792,
                        0.09301420157133244
                    ]
                },
                {
                    "type": "tuple",
                    "values": [
                        -0.09733258940185156,
                        0.0996036915623
                    ]
                },
                {
                    "type": "tuple",
                    "values": [
                        -0.09911751990631702,
                        0.0937560091178302
                    ]
                },
                {
                    "type": "tuple",
                    "values": [
                        -0.09984214684190308,
                        0.0924472397797609
                    ]
                },
                {
                    "type": "tuple",
                    "values": [
                        -0.09904183068263538,
                        0.09790425892529538
                    ]
                }
            ]
        },
        "values_at_sigma_1": {
            "type": "list",
            "values": [
                {
                    "type": "tuple",
                    "values": [
                        -0.05205180586492692,
                        -0.02504043333054
                    ]
                },
                {
                    "type": "tuple",
                    "values": [
                        0.06556513220733265,
                        0.07536124993754993
                    ]
                },
                {
                    "type": "tuple",
                    "values": [
                        -0.030964612481498042,
                        0.06915631806684404
                    ]
                },
                {
                    "type": "tuple",
                    "values": [
                        -0.08370954870185,
                        0.06023308187567
                    ]
                },
                {
                    "type": "tuple",
                    "values": [
                        -0.06836183102170282,
                        -0.012741346398962032
                    ]
                },
                {
                    "type": "tuple",
                    "values": [
                        -0.07669515803449,
                        0.06982045109929
                    ]
                }
            ]
        },
        "max_log_likelihood_sample": {
            "type": "instance",
            "class_path": "autofit.non_linear.samples.sample.Sample",
            "arguments": {
                "log_likelihood": -44.349708817235744,
                "log_prior": 0.0,
                "weight": 0.001034978133347764,
                "kwargs": {
                    "type": "dict",
                    "arguments": {
                        "ellipses.0.ell_comps.ell_comps_0": -0.02664627458035,
                        "ellipses.0.ell_comps.ell_comps_1": 0.07327677716046,
                        "multipoles.0.multipole_3.multipole_comps.multipole_comps_0": 0.06419407348415,
                        "multipoles.0.multipole_3.multipole_comps.multipole_comps_1": -0.08132907188389,
                        "multipoles.0.multipole_4.multipole_comps.multipole_comps_0": -0.06060467946274,
                        "multipoles.0.multipole_4.multipole_comps.multipole_comps_1": -0.09176459744533
                    }
                }
            }
        },
        "model": null,
        "errors_at_sigma_3": {
            "type": "list",
            "values": [
                {
                    "type": "tuple",
                    "values": [
                        0.03792487133121039,
                        0.013689551524509382
                    ]
                },
                {
                    "type": "tuple",
                    "values": [
                        0.024547007331018653,
                        0.022825948532393794
                    ]
                },
                {
                    "type": "tuple",
                    "values": [
                        0.12822214907161525,
                        0.06871413189253632
                    ]
                },
                {
                    "type": "tuple",
                    "values": [
                        0.11440417031561974,
                        0.07846935870852749
                    ]
                },
                {
                    "type": "tuple",
                    "values": [
                        0.05700843191298308,
                        0.1352809547086809
                    ]
                },
                {
                    "type": "tuple",
                    "values": [
                        0.09760004183191977,
                        0.09934604777601098
                    ]
                }
            ]
        }
    }
}