{
    "type": "instance",
    "class_path": "autofit.non_linear.samples.summary.SamplesSummary",
    "arguments": {
        "max_log_likelihood_sample": {
            "type": "instance",
            "class_path": "autofit.non_linear.samples.sample.Sample",
            "arguments": {
                "log_likelihood": -263.47130651959867,
                "log_prior": 0.0,
                "weight": 0.0010124037406289198,
                "kwargs": {
                    "type": "dict",
                    "arguments": {
                        "ellipses.0.ell_comps.ell_comps_0": -0.44875127907921,
                        "ellipses.0.ell_comps.ell_comps_1": 0.02972774953796,
                        "multipoles.0.multipole_3.multipole_comps.multipole_comps_0": -0.00080070698178,
                        "multipoles.0.multipole_3.multipole_comps.multipole_comps_1": 0.00715334109645,
                        "multipoles.0.multipole_4.multipole_comps.multipole_comps_0": -0.03317099401095,
                        "multipoles.0.multipole_4.multipole_comps.multipole_comps_1": -0.00417151143743
                    }
                }
            }
        },
        "model": null,
        "values_at_sigma_3": {
            "type": "list",
            "values": [
                {
                    "type": "tuple",
                    "values": [
                        -0.45293460176172756,
                        -0.44405831247222893
                    ]
                },
                {
                    "type": "tuple",
                    "values": [
                        0.02561360339454989,
                        0.03391067206553
                    ]
                },
                {
                    "type": "tuple",
                    "values": [
                        -0.005335693402622506,
                        0.0037312105443894745
                    ]
                },
                {
                    "type": "tuple",
                    "values": [
                        0.00147484707127,
                        0.01223581873822941
                    ]
                },
                {
                    "type": "tuple",
                    "values": [
                        -0.03900515879349873,
                        -0.027698947387794656
                    ]
                },
                {
                    "type": "tuple",
                    "values": [
                        -0.010376399143834128,
                        0.0017043862739578065
                    ]
                }
            ]
        },
        "median_pdf_sample": {
            "type": "instance",
            "class_path": "autofit.non_linear.samples.sample.Sample",
            "arguments": {
                "log_likelihood": -263.47130651959867,
                "log_prior": 0.0,
                "weight": 0.0010124037406289198,
                "kwargs": {
                    "type": "dict",
                    "arguments": {
                        "ellipses.0.ell_comps.ell_comps_0": -0.4484955950364284,
                        "ellipses.0.ell_comps.ell_comps_1": 0.030012102116333688,
                        "multipoles.0.multipole_3.multipole_comps.multipole_comps_0": -0.0007982662762329867,
                        "multipoles.0.multipole_3.multipole_comps.multipole_comps_1": 0.006680464289742752,
                        "multipoles.0.multipole_4.multipole_comps.multipole_comps_0": -0.03355778274671,
                        "multipoles.0.multipole_4.multipole_comps.multipole_comps_1": -0.00442034847004
                    }
                }
            }
        },
        "errors_at_sigma_3": {
            "type": "list",
            "values": [
                {
                    "type": "tuple",
                    "values": [
                        0.004439006725299177,
                        0.004437282564199452
                    ]
                },
                {
                    "type": "tuple",
                    "values": [
                        0.004398498721783797,
                        0.003898569949196313
                    ]
                },
                {
                    "type": "tuple",
                    "values": [
                        0.00453742712638952,
                        0.004529476820622462
                    ]
                },
                {
                    "type": "tuple",
                    "values": [
                        0.005205617218472752,
                        0.005555354448486659
                    ]
                },
                {
                    "type": "tuple",
                    "values": [
                        0.0054473760467887294,
                        0.005858835358915345
                    ]
                },
                {
                    "type": "tuple",
                    "values": [
                        0.005956050673794128,
                        0.006124734743997807
                    ]
                }
            ]
        },
        "log_evidence": -289.6061158356707,
        "errors_at_sigma_1": {
            "type": "list",
            "values": [
                {
                    "type": "tuple",
                    "values": [
                        0.0011710784182716316,
                        0.0014487184397026232
                    ]
                },
                {
                    "type": "tuple",
                    "values": [
                        0.0015752802420836882,
                        0.001248228348057958
                    ]
                },
                {
                    "type": "tuple",
                    "values": [
                        0.0016615456636243312,
                        0.0015961188748029867
                    ]
                },
                {
                    "type": "tuple",
                    "values": [
                        0.0018485273240886413,
                        0.0017181191655467583
                    ]
                },
                {
                    "type": "tuple",
                    "values": [
                        0.0018583118904599988,
                        0.002012594224044574
                    ]
                },
                {
                    "type": "tuple",
                    "values": [
                        0.0020917114095299998,
                        0.001917426408047809
                    ]
                }
            ]
        },
        "values_at_sigma_1": {
            "type": "list",
            "values": [
                {
                    "type": "tuple",
                    "values": [
                        -0.4496666734547,
                        -0.44704687659672576
                    ]
                },
                {
                    "type": "tuple",
                    "values": [
                        0.02843682187425,
                        0.031260330464391646
                    ]
                },
                {
                    "type": "tuple",
                    "values": [
                        -0.002459811939857318,
                        0.00079785259857
                    ]
                },
                {
                    "type": "tuple",
                    "values": [
                        0.004831936965654111,
                        0.00839858345528951
                    ]
                },
                {
                    "type": "tuple",
                    "values": [
                        -0.03541609463717,
                        -0.03154518852266543
                    ]
                },
                {
                    "type": "tuple",
                    "values": [
                        -0.00651205987957,
                        -0.002502922061992191
                    ]
                }
            ]
        }
    }
}