{
    "type": "instance",
    "class_path": "autofit.non_linear.samples.summary.SamplesSummary",
    "arguments": {
        "model": null,
        "errors_at_sigma_3": {
            "type": "list",
            "values": [
                {
                    "type": "tuple",
                    "values": [
                        0.007011333502514411,
                        0.02077890092201559
                    ]
                },
                {
                    "type": "tuple",
                    "values": [
                        0.013662407780415484,
                        0.012120791111299753
                    ]
                },
                {
                    "type": "tuple",
                    "values": [
                        0.044890242031366476,
                        0.039070544178391634
                    ]
                },
                {
                    "type": "tuple",
                    "values": [
                        0.11620998131328619,
                        0.05952201813443114
                    ]
                },
                {
                    "type": "tuple",
                    "values": [
                        0.009563781689218533,
                        0.0338153071127781
                    ]
                },
                {
                    "type": "tuple",
                    "values": [
                        0.00782779267209,
                        0.008512163344969998
                    ]
                },
                {
                    "type": "tuple",
                    "values": [
                        0.011612627846050001,
                        0.01253468513033
                    ]
                },
                {
                    "type": "tuple",
                    "values": [
                        0.009414892771649388,
                        0.02087725293312
                    ]
                },
                {
                    "type": "tuple",
                    "values": [
                        0.016521971116771863,
                        0.019414440517931668
                    ]
                },
                {
                    "type": "tuple",
                    "values": [
                        0.012922753240251557,
                        0.028008120788546028
                    ]
                },
                {
                    "type": "tuple",
                    "values": [
                        0.05627072713485184,
                        0.03374154381055
                    ]
                },
                {
                    "type": "tuple",
                    "values": [
                        0.04668630916289014,
                        0.05419021107581673
                    ]
                },
                {
                    "type": "tuple",
                    "values": [
                        0.03445522629645,
                        0.06050928742569
                    ]
                },
                {
                    "type": "tuple",
                    "values": [
                        0.013972430480780007,
                        0.026866395207129995
                    ]
                },
                {
                    "type": "tuple",
                    "values": [
                        0.020473670999650917,
                        0.029825180650964303
                    ]
                },
                {
                    "type": "tuple",
                    "values": [
                        0.017826102596659996,
                        0.019770496554088662
                    ]
                },
                {
                    "type": "tuple",
                    "values": [
                        0.019726036364419528,
                        0.014359204285840473
                    ]
                },
                {
                    "type": "tuple",
                    "values": [
                        0.031039294075450072,
                        0.015143155707056346
                    ]
                },
                {
                    "type": "tuple",
                    "values": [
                        0.040770739261498934,
                        0.05855422247496107
                    ]
                },
                {
                    "type": "tuple",
                    "values": [
                        0.08270088760616728,
                        0.05959510232989815
                    ]
                },
                {
                    "type": "tuple",
                    "values": [
                        0.0366727860875523,
                        0.048814163859756954
                    ]
                },
                {
                    "type": "tuple",
                    "values": [
                        0.0438948428849749,
                        0.025712920835811004
                    ]
                },
                {
                    "type": "tuple",
                    "values": [
                        0.014197701481016884,
                        0.028719691055563115
                    ]
                },
                {
                    "type": "tuple",
                    "values": [
                        0.006949977463660729,
                        0.011953223580459579
                    ]
                },
                {
                    "type": "tuple",
                    "values": [
                        0.0220528176422017,
                        0.0169234675063783
                    ]
                },
                {
                    "type": "tuple",
                    "values": [
                        0.01830436216988,
                        0.028176928203230076
                    ]
                },
                {
                    "type": "tuple",
                    "values": [
                        0.12262635172660263,
                        0.141882670682665
                    ]
                },
                {
                    "type": "tuple",
                    "values": [
                        0.047300695626695394,
                        0.04803799236303827
                    ]
                },
                {
                    "type": "tuple",
                    "values": [
                        0.05173885779270612,
                        0.03404966072523008
                    ]
                },
                {
                    "type": "tuple",
                    "values": [
                        0.023112169760865834,
                        0.05107753650525785
                    ]
                },
                {
                    "type": "tuple",
                    "values": [
                        0.013706450678209997,
                        0.015203528173550002
                    ]
                },
                {
                    "type": "tuple",
                    "values": [
                        0.007224970881280864,
                        0.008691378910129135
                    ]
                },
                {
                    "type": "tuple",
                    "values": [
                        0.030482637148614194,
                        0.015199062053494593
                    ]
                },
                {
                    "type": "tuple",
                    "values": [
                        0.046787318734795906,
                        0.020035469603204095
                    ]
                },
                {
                    "type": "tuple",
                    "values": [
                        0.22331555968186667,
                        0.04766724510069997
                    ]
                },
                {
                    "type": "tuple",
                    "values": [
                        0.08228171627627331,
                        0.15343878508237999
                    ]
                },
                {
                    "type": "tuple",
                    "values": [
                        0.03781481770067849,
                        0.025738004937962376
                    ]
                },
                {
                    "type": "tuple",
                    "values": [
                        0.01885024369731459,
                        0.025311056261814804
                    ]
                },
                {
                    "type": "tuple",
                    "values": [
                        0.014506645813610417,
                        0.015830084938503595
                    ]
                },
                {
                    "type": "tuple",
                    "values": [
                        0.015393655546070983,
                        0.013701554610668874
                    ]
                },
                {
                    "type": "tuple",
                    "values": [
                        0.011955470959569697,
                        0.0193045236190737
                    ]
                },
                {
                    "type": "tuple",
                    "values": [
                        0.036253507486222636,
                        0.02686743478826
                    ]
                }
            ]
        },
        "values_at_sigma_1": {
            "type": "list",
            "values": [
                {
                    "type": "tuple",
                    "values": [
                        -0.01125684648939,
                        0.0062358629917774275
                    ]
                },
                {
                    "type": "tuple",
                    "values": [
                        -0.009928425057340423,
                        -0.002904492872961092
                    ]
                },
                {
                    "type": "tuple",
                    "values": [
                        -0.026373048061860332,
                        0.01790246820703
                    ]
                },
                {
                    "type": "tuple",
                    "values": [
                        0.07002614572343958,
                        0.1893838393104
                    ]
                },
                {
                    "type": "tuple",
                    "values": [
                        0.006911911768834139,
                        0.03074778117865134
                    ]
                },
                {
                    "type": "tuple",
                    "values": [
                        0.00586462916041,
                        0.01203048331589
                    ]
                },
                {
                    "type": "tuple",
                    "values": [
                        0.01218546749463,
                        0.02466460793372
                    ]
                },
                {
                    "type": "tuple",
                    "values": [
                        -0.004606392221377635,
                        0.019459368147592027
                    ]
                },
                {
                    "type": "tuple",
                    "values": [
                        -0.0016853699180279095,
                        0.0269936734936
                    ]
                },
                {
                    "type": "tuple",
                    "values": [
                        -0.01415128886029,
                        0.02260193104263
                    ]
                },
                {
                    "type": "tuple",
                    "values": [
                        0.09288145847361252,
                        0.1337890524081717
                    ]
                },
                {
                    "type": "tuple",
                    "values": [
                        0.0988985177222525,
                        0.17411272682867
                    ]
                },
                {
                    "type": "tuple",
                    "values": [
                        0.028343946154788975,
                        0.08342573709550201
                    ]
                },
                {
                    "type": "tuple",
                    "values": [
                        -0.09392445202024897,
                        -0.0654903871796871
                    ]
                },
                {
                    "type": "tuple",
                    "values": [
                        -0.04187877704097961,
                        -0.01995024310182
                    ]
                },
                {
                    "type": "tuple",
                    "values": [
                        -0.022053914483516714,
                        -0.004545240969778185
                    ]
                },
                {
                    "type": "tuple",
                    "values": [
                        -0.03840115504303,
                        -0.011356428249934526
                    ]
                },
                {
                    "type": "tuple",
                    "values": [
                        -0.05418846395246,
                        -0.03057628819313
                    ]
                },
                {
                    "type": "tuple",
                    "values": [
                        -0.10059376950676034,
                        -0.05390321949789
                    ]
                },
                {
                    "type": "tuple",
                    "values": [
                        0.03389439454141,
                        0.09668893711293
                    ]
                },
                {
                    "type": "tuple",
                    "values": [
                        0.00035897377346385146,
                        0.020679355643698914
                    ]
                },
                {
                    "type": "tuple",
                    "values": [
                        -0.06108560004968883,
                        -0.00647208963619
                    ]
                },
                {
                    "type": "tuple",
                    "values": [
                        -0.02015854088606103,
                        0.00480569962207
                    ]
                },
                {
                    "type": "tuple",
                    "values": [
                        -0.009611927283528368,
                        0.0030690464122019824
                    ]
                },
                {
                    "type": "tuple",
                    "values": [
                        -0.00058430417809,
                        0.01697686003243257
                    ]
                },
                {
                    "type": "tuple",
                    "values": [
                        -0.03188496966914076,
                        0.00558260910406
                    ]
                },
                {
                    "type": "tuple",
                    "values": [
                        -0.05109740999044727,
                        0.10577805010827868
                    ]
                },
                {
                    "type": "tuple",
                    "values": [
                        0.15670955454631,
                        0.21007192492735283
                    ]
                },
                {
                    "type": "tuple",
                    "values": [
                        -0.03599212240583717,
                        0.03525123331827
                    ]
                },
                {
                    "type": "tuple",
                    "values": [
                        0.03906353402968,
                        0.052436294070154786
                    ]
                },
                {
                    "type": "tuple",
                    "values": [
                        -0.04036692840124238,
                        -0.0217580342677
                    ]
                },
                {
                    "type": "tuple",
                    "values": [
                        0.01129421310447,
                        0.015097087445570727
                    ]
                },
                {
                    "type": "tuple",
                    "values": [
                        0.00237191953694,
                        0.02303216127048832
                    ]
                },
                {
                    "type": "tuple",
                    "values": [
                        -0.026311124179725663,
                        0.007601377356272133
                    ]
                },
                {
                    "type": "tuple",
                    "values": [
                        0.17473283265929,
                        0.39009368134692773
                    ]
                },
                {
                    "type": "tuple",
                    "values": [
                        -0.04547084226531,
                        0.07890302249635879
                    ]
                },
                {
                    "type": "tuple",
                    "values": [
                        -0.04455024449359,
                        -0.00290885449867
                    ]
                },
                {
                    "type": "tuple",
                    "values": [
                        0.06840374153231,
                        0.08848499069027972
                    ]
                },
                {
                    "type": "tuple",
                    "values": [
                        0.020506896019301807,
                        0.03781665057971
                    ]
                },
                {
                    "type": "tuple",
                    "values": [
                        -0.0011310061954519475,
                        0.0147446401529
                    ]
                },
                {
                    "type": "tuple",
                    "values": [
                        0.00196065135451,
                        0.02184176330423
                    ]
                },
                {
                    "type": "tuple",
                    "values": [
                        0.004219135858928589,
                        0.05402864321452423
                    ]
                }
            ]
        },
        "values_at_sigma_3": {
            "type": "list",
            "values": [
                {
                    "type": "tuple",
                    "values": [
                        -0.0146187568553,
                        0.01317147756923
                    ]
                },
                {
                    "type": "tuple",
                    "values": [
                        -0.018566408585655236,
                        0.00721679030606
                    ]
                },
                {
                    "type": "tuple",
                    "values": [
                        -0.04806754907397648,
                        0.03589323713578163
                    ]
                },
                {
                    "type": "tuple",
                    "values": [
                        0.02494402229204267,
                        0.20067602173976
                    ]
                },
                {
                    "type": "tuple",
                    "values": [
                        0.0013502536654,
                        0.044729342467396634
                    ]
                },
                {
                    "type": "tuple",
                    "values": [
                        0.00231625723007,
                        0.01865621324713
                    ]
                },
                {
                    "type": "tuple",
                    "values": [
                        0.00554362357102,
                        0.0296909365474
                    ]
                },
                {
                    "type": "tuple",
                    "values": [
                        -0.007356296876479387,
                        0.02293584882829
                    ]
                },
                {
                    "type": "tuple",
                    "values": [
                        -0.007069475338411863,
                        0.028866936296291668
                    ]
                },
                {
                    "type": "tuple",
                    "values": [
                        -0.016311742370168456,
                        0.02461913165862913
                    ]
                },
                {
                    "type": "tuple",
                    "values": [
                        0.06148867608177817,
                        0.15150094702718
                    ]
                },
                {
                    "type": "tuple",
                    "values": [
                        0.08131809112723,
                        0.18219461136593687
                    ]
                },
                {
                    "type": "tuple",
                    "values": [
                        0.00248439935837,
                        0.09744891308051
                    ]
                },
                {
                    "type": "tuple",
                    "values": [
                        -0.09836530483491,
                        -0.057526479147
                    ]
                },
                {
                    "type": "tuple",
                    "values": [
                        -0.04586578224228522,
                        0.00443306940833
                    ]
                },
                {
                    "type": "tuple",
                    "values": [
                        -0.03604319668319,
                        0.001553402467558661
                    ]
                },
                {
                    "type": "tuple",
                    "values": [
                        -0.04143554407252,
                        -0.00735030342226
                    ]
                },
                {
                    "type": "tuple",
                    "values": [
                        -0.07224285272381485,
                        -0.026060402941308434
                    ]
                },
                {
                    "type": "tuple",
                    "values": [
                        -0.13073057755493,
                        -0.03140561581847
                    ]
                },
                {
                    "type": "tuple",
                    "values": [
                        0.001456421525134558,
                        0.1437524114612
                    ]
                },
                {
                    "type": "tuple",
                    "values": [
                        -0.02589991482879925,
                        0.05958703511851
                    ]
                },
                {
                    "type": "tuple",
                    "values": [
                        -0.06541076566568972,
                        0.004196998055096184
                    ]
                },
                {
                    "type": "tuple",
                    "values": [
                        -0.02332692489302,
                        0.01959046764356
                    ]
                },
                {
                    "type": "tuple",
                    "values": [
                        -0.012891782171008148,
                        0.006011418873112161
                    ]
                },
                {
                    "type": "tuple",
                    "values": [
                        -0.00770021352156,
                        0.03127607162702
                    ]
                },
                {
                    "type": "tuple",
                    "values": [
                        -0.03677322195518,
                        0.009708068417930074
                    ]
                },
                {
                    "type": "tuple",
                    "values": [
                        -0.13805743659576264,
                        0.126451585813505
                    ]
                },
                {
                    "type": "tuple",
                    "values": [
                        0.14847476639137,
                        0.24381345438110366
                    ]
                },
                {
                    "type": "tuple",
                    "values": [
                        -0.04156228462613612,
                        0.04422623389180008
                    ]
                },
                {
                    "type": "tuple",
                    "values": [
                        0.022210832037419696,
                        0.09640053830354338
                    ]
                },
                {
                    "type": "tuple",
                    "values": [
                        -0.04775038136637,
                        -0.01884040251461
                    ]
                },
                {
                    "type": "tuple",
                    "values": [
                        0.00595131537871,
                        0.02186766517012
                    ]
                },
                {
                    "type": "tuple",
                    "values": [
                        -0.011850445835218784,
                        0.03383125336689
                    ]
                },
                {
                    "type": "tuple",
                    "values": [
                        -0.05258443847935,
                        0.01423834985865
                    ]
                },
                {
                    "type": "tuple",
                    "values": [
                        0.12408934979656333,
                        0.39507215457913
                    ]
                },
                {
                    "type": "tuple",
                    "values": [
                        -0.049643318276783324,
                        0.18607718308187
                    ]
                },
                {
                    "type": "tuple",
                    "values": [
                        -0.05177188946438792,
                        0.011780933174252948
                    ]
                },
                {
                    "type": "tuple",
                    "values": [
                        0.05572227939958061,
                        0.09988357935871
                    ]
                },
                {
                    "type": "tuple",
                    "values": [
                        0.011627445799538134,
                        0.041964176551652146
                    ]
                },
                {
                    "type": "tuple",
                    "values": [
                        -0.009105759592629497,
                        0.01998945056411036
                    ]
                },
                {
                    "type": "tuple",
                    "values": [
                        -0.005836963534053341,
                        0.025423031044590056
                    ]
                },
                {
                    "type": "tuple",
                    "values": [
                        0.0003570232098373578,
                        0.06347796548432
                    ]
                }
            ]
        },
        "errors_at_sigma_1": {
            "type": "list",
            "values": [
                {
                    "type": "tuple",
                    "values": [
                        0.0036494231366044115,
                        0.013843286344563017
                    ]
                },
                {
                    "type": "tuple",
                    "values": [
                        0.005024424252100671,
                        0.0019995079322786607
                    ]
                },
                {
                    "type": "tuple",
                    "values": [
                        0.023195741019250333,
                        0.021079775249639998
                    ]
                },
                {
                    "type": "tuple",
                    "values": [
                        0.07112785788188929,
                        0.04822983570507114
                    ]
                },
                {
                    "type": "tuple",
                    "values": [
                        0.004002123585784394,
                        0.019833745824032807
                    ]
                },
                {
                    "type": "tuple",
                    "values": [
                        0.00427942074175,
                        0.0018864334137299998
                    ]
                },
                {
                    "type": "tuple",
                    "values": [
                        0.004970783922440001,
                        0.007508356516649998
                    ]
                },
                {
                    "type": "tuple",
                    "values": [
                        0.0066649881165476346,
                        0.017400772252422026
                    ]
                },
                {
                    "type": "tuple",
                    "values": [
                        0.01113786569638791,
                        0.01754117771524
                    ]
                },
                {
                    "type": "tuple",
                    "values": [
                        0.010762299730373102,
                        0.025990920172546898
                    ]
                },
                {
                    "type": "tuple",
                    "values": [
                        0.02487794474301748,
                        0.016029649191541706
                    ]
                },
                {
                    "type": "tuple",
                    "values": [
                        0.02910588256786764,
                        0.04610832653854985
                    ]
                },
                {
                    "type": "tuple",
                    "values": [
                        0.008595679500031025,
                        0.04648611144068201
                    ]
                },
                {
                    "type": "tuple",
                    "values": [
                        0.009531577666118979,
                        0.0189024871744429
                    ]
                },
                {
                    "type": "tuple",
                    "values": [
                        0.016486665798345304,
                        0.005441868140814304
                    ]
                },
                {
                    "type": "tuple",
                    "values": [
                        0.003836820396986712,
                        0.013671853116751818
                    ]
                },
                {
                    "type": "tuple",
                    "values": [
                        0.01669164733492953,
                        0.010353079458165947
                    ]
                },
                {
                    "type": "tuple",
                    "values": [
                        0.01298490530409522,
                        0.010627270455234778
                    ]
                },
                {
                    "type": "tuple",
                    "values": [
                        0.01063393121332927,
                        0.03605661879554107
                    ]
                },
                {
                    "type": "tuple",
                    "values": [
                        0.05026291458989184,
                        0.012531627981628157
                    ]
                },
                {
                    "type": "tuple",
                    "values": [
                        0.010413897485289194,
                        0.009906484384945867
                    ]
                },
                {
                    "type": "tuple",
                    "values": [
                        0.039569677268974014,
                        0.015043833144524819
                    ]
                },
                {
                    "type": "tuple",
                    "values": [
                        0.011029317474057913,
                        0.013934923034073116
                    ]
                },
                {
                    "type": "tuple",
                    "values": [
                        0.00367012257618095,
                        0.009010851119549402
                    ]
                },
                {
                    "type": "tuple",
                    "values": [
                        0.0149369082987317,
                        0.002624255911790871
                    ]
                },
                {
                    "type": "tuple",
                    "values": [
                        0.013416109883840763,
                        0.02405146888936
                    ]
                },
                {
                    "type": "tuple",
                    "values": [
                        0.03566632512128727,
                        0.12120913497743868
                    ]
                },
                {
                    "type": "tuple",
                    "values": [
                        0.039065907471755396,
                        0.014296462909287433
                    ]
                },
                {
                    "type": "tuple",
                    "values": [
                        0.04616869557240717,
                        0.0250746601517
                    ]
                },
                {
                    "type": "tuple",
                    "values": [
                        0.006259467768605531,
                        0.0071132922718692565
                    ]
                },
                {
                    "type": "tuple",
                    "values": [
                        0.006322997713082382,
                        0.012285896420460001
                    ]
                },
                {
                    "type": "tuple",
                    "values": [
                        0.001882073155520865,
                        0.001920801185579862
                    ]
                },
                {
                    "type": "tuple",
                    "values": [
                        0.01626027177645541,
                        0.004399969957092912
                    ]
                },
                {
                    "type": "tuple",
                    "values": [
                        0.020514004435171568,
                        0.013398497100826228
                    ]
                },
                {
                    "type": "tuple",
                    "values": [
                        0.17267207681914,
                        0.04268877186849773
                    ]
                },
                {
                    "type": "tuple",
                    "values": [
                        0.0781092402648,
                        0.04626462449686879
                    ]
                },
                {
                    "type": "tuple",
                    "values": [
                        0.03059317272988057,
                        0.011048217265039427
                    ]
                },
                {
                    "type": "tuple",
                    "values": [
                        0.006168781564585196,
                        0.01391246759338452
                    ]
                },
                {
                    "type": "tuple",
                    "values": [
                        0.005627195593846744,
                        0.011682558966561452
                    ]
                },
                {
                    "type": "tuple",
                    "values": [
                        0.007418902148893434,
                        0.008456744199458514
                    ]
                },
                {
                    "type": "tuple",
                    "values": [
                        0.004157856071006357,
                        0.015723255878713642
                    ]
                },
                {
                    "type": "tuple",
                    "values": [
                        0.03239139483713141,
                        0.017418112518464236
                    ]
                }
            ]
        },
        "log_evidence": -196.45770145249267,
        "median_pdf_sample": {
            "type": "instance",
            "class_path": "autofit.non_linear.samples.sample.Sample",
            "arguments": {
                "log_likelihood": -159.98317801101265,
                "log_prior": 0.0,
                "weight": 0.0010288059794310075,
                "kwargs": {
                    "type": "dict",
                    "arguments": {
                        "ellipses.ellipse_4.centre.centre_0": -0.007607423352785588,
                        "ellipses.ellipse_4.centre.centre_1": -0.004904000805239753,
                        "ellipses.ellipse_0.ell_comps.ell_comps_0": -0.00317730704261,
                        "ellipses.ellipse_0.ell_comps.ell_comps_1": 0.14115400360532887,
                        "multipoles.0.multipole_1.multipole_comps.multipole_comps_0": 0.010914035354618533,
                        "multipoles.0.multipole_1.multipole_comps.multipole_comps_1": 0.01014404990216,
                        "multipoles.0.multipole_3.multipole_comps.multipole_comps_0": 0.01715625141707,
                        "multipoles.0.multipole_3.multipole_comps.multipole_comps_1": 0.00205859589517,
                        "multipoles.0.multipole_4.multipole_comps.multipole_comps_0": 0.00945249577836,
                        "multipoles.0.multipole_4.multipole_comps.multipole_comps_1": -0.003388989129916899,
                        "ellipses.ellipse_1.ell_comps.ell_comps_0": 0.11775940321663,
                        "ellipses.ellipse_1.ell_comps.ell_comps_1": 0.12800440029012014,
                        "multipoles.1.multipole_1.multipole_comps.multipole_comps_0": 0.03693962565482,
                        "multipoles.1.multipole_1.multipole_comps.multipole_comps_1": -0.08439287435413,
                        "multipoles.1.multipole_3.multipole_comps.multipole_comps_0": -0.025392111242634303,
                        "multipoles.1.multipole_3.multipole_comps.multipole_comps_1": -0.01821709408653,
                        "multipoles.1.multipole_4.multipole_comps.multipole_comps_0": -0.021709507708100474,
                        "multipoles.1.multipole_4.multipole_comps.multipole_comps_1": -0.04120355864836478,
                        "ellipses.ellipse_2.ell_comps.ell_comps_0": -0.08995983829343107,
                        "ellipses.ellipse_2.ell_comps.ell_comps_1": 0.08415730913130184,
                        "multipoles.2.multipole_1.multipole_comps.multipole_comps_0": 0.010772871258753047,
                        "multipoles.2.multipole_1.multipole_comps.multipole_comps_1": -0.02151592278071482,
                        "multipoles.2.multipole_3.multipole_comps.multipole_comps_0": -0.009129223412003116,
                        "multipoles.2.multipole_3.multipole_comps.multipole_comps_1": -0.005941804707347419,
                        "multipoles.2.multipole_4.multipole_comps.multipole_comps_0": 0.0143526041206417,
                        "multipoles.2.multipole_4.multipole_comps.multipole_comps_1": -0.0184688597853,
                        "ellipses.ellipse_3.ell_comps.ell_comps_0": -0.01543108486916,
                        "ellipses.ellipse_3.ell_comps.ell_comps_1": 0.1957754620180654,
                        "multipoles.3.multipole_1.multipole_comps.multipole_comps_0": 0.01017657316657,
                        "multipoles.3.multipole_1.multipole_comps.multipole_comps_1": 0.04532300179828553,
                        "multipoles.3.multipole_3.multipole_comps.multipole_comps_0": -0.03404393068816,
                        "multipoles.3.multipole_3.multipole_comps.multipole_comps_1": 0.013176286259990865,
                        "multipoles.3.multipole_4.multipole_comps.multipole_comps_0": 0.01863219131339541,
                        "multipoles.3.multipole_4.multipole_comps.multipole_comps_1": -0.0057971197445540945,
                        "ellipses.ellipse_4.ell_comps.ell_comps_0": 0.34740490947843,
                        "ellipses.ellipse_4.ell_comps.ell_comps_1": 0.03263839799949,
                        "multipoles.4.multipole_1.multipole_comps.multipole_comps_0": -0.013957071763709427,
                        "multipoles.4.multipole_1.multipole_comps.multipole_comps_1": 0.0745725230968952,
                        "multipoles.4.multipole_3.multipole_comps.multipole_comps_0": 0.02613409161314855,
                        "multipoles.4.multipole_3.multipole_comps.multipole_comps_1": 0.006287895953441486,
                        "multipoles.4.multipole_4.multipole_comps.multipole_comps_0": 0.006118507425516356,
                        "multipoles.4.multipole_4.multipole_comps.multipole_comps_1": 0.03661053069606
                    }
                }
            }
        },
        "max_log_likelihood_sample": {
            "type": "instance",
            "class_path": "autofit.non_linear.samples.sample.Sample",
            "arguments": {
                "log_likelihood": -159.98317801101265,
                "log_prior": 0.0,
                "weight": 0.0010288059794310075,
                "kwargs": {
                    "type": "dict",
                    "arguments": {
                        "ellipses.ellipse_4.centre.centre_0": 0.00695482482047,
                        "ellipses.ellipse_4.centre.centre_1": -0.00408954422415,
                        "ellipses.ellipse_0.ell_comps.ell_comps_0": -0.00590160310585,
                        "ellipses.ellipse_0.ell_comps.ell_comps_1": 0.19231261292269,
                        "multipoles.0.multipole_1.multipole_comps.multipole_comps_0": 0.03122204881785,
                        "multipoles.0.multipole_1.multipole_comps.multipole_comps_1": 0.01085416952771,
                        "multipoles.0.multipole_3.multipole_comps.multipole_comps_0": 0.02400567789894,
                        "multipoles.0.multipole_3.multipole_comps.multipole_comps_1": 0.01817258515116,
                        "multipoles.0.multipole_4.multipole_comps.multipole_comps_0": 0.00884636275944,
                        "multipoles.0.multipole_4.multipole_comps.multipole_comps_1": -0.01131960951981,
                        "ellipses.ellipse_1.ell_comps.ell_comps_0": 0.08953488935731,
                        "ellipses.ellipse_1.ell_comps.ell_comps_1": 0.09295370637288,
                        "multipoles.1.multipole_1.multipole_comps.multipole_comps_0": 0.07898418652475,
                        "multipoles.1.multipole_1.multipole_comps.multipole_comps_1": -0.08510263494065,
                        "multipoles.1.multipole_3.multipole_comps.multipole_comps_0": -0.04070765258687,
                        "multipoles.1.multipole_3.multipole_comps.multipole_comps_1": -0.02360933133668,
                        "multipoles.1.multipole_4.multipole_comps.multipole_comps_0": -0.03716983163425,
                        "multipoles.1.multipole_4.multipole_comps.multipole_comps_1": -0.03046048088477,
                        "ellipses.ellipse_2.ell_comps.ell_comps_0": -0.09034320011682,
                        "ellipses.ellipse_2.ell_comps.ell_comps_1": 0.09433964349009,
                        "multipoles.2.multipole_1.multipole_comps.multipole_comps_0": -0.00312732445766,
                        "multipoles.2.multipole_1.multipole_comps.multipole_comps_1": -0.01194297549871,
                        "multipoles.2.multipole_3.multipole_comps.multipole_comps_0": -0.02060062384525,
                        "multipoles.2.multipole_3.multipole_comps.multipole_comps_1": 0.00288087244416,
                        "multipoles.2.multipole_4.multipole_comps.multipole_comps_0": 0.01631247598431,
                        "multipoles.2.multipole_4.multipole_comps.multipole_comps_1": -0.02912342097794,
                        "ellipses.ellipse_3.ell_comps.ell_comps_0": -0.04293275927881,
                        "ellipses.ellipse_3.ell_comps.ell_comps_1": 0.19894084366929,
                        "multipoles.3.multipole_1.multipole_comps.multipole_comps_0": 0.02928995003676,
                        "multipoles.3.multipole_1.multipole_comps.multipole_comps_1": 0.04704951485921,
                        "multipoles.3.multipole_3.multipole_comps.multipole_comps_0": -0.03990459681803,
                        "multipoles.3.multipole_3.multipole_comps.multipole_comps_1": 0.01274017896406,
                        "multipoles.3.multipole_4.multipole_comps.multipole_comps_0": 0.0021653640333,
                        "multipoles.3.multipole_4.multipole_comps.multipole_comps_1": 0.0095715770857,
                        "ellipses.ellipse_4.ell_comps.ell_comps_0": 0.17504500125588,
                        "ellipses.ellipse_4.ell_comps.ell_comps_1": -0.04625520923706,
                        "multipoles.4.multipole_1.multipole_comps.multipole_comps_0": -0.04342368522809,
                        "multipoles.4.multipole_1.multipole_comps.multipole_comps_1": 0.07278327129092,
                        "multipoles.4.multipole_3.multipole_comps.multipole_comps_0": 0.02545084020535,
                        "multipoles.4.multipole_3.multipole_comps.multipole_comps_1": 0.00597687823247,
                        "multipoles.4.multipole_4.multipole_comps.multipole_comps_0": 0.00664067500747,
                        "multipoles.4.multipole_4.multipole_comps.multipole_comps_1": 0.0360712375941
                    }
                }
            }
        }
    }
}