{
    "data_name": "J2342-0120",
    "redshift_lens": 0.527,
    "redshift_source": 2.2649,
    "velocity_dispersion": 274,
    "velocity_dispersion_error": 43,
    "slope_ritondale_map": 2.159,
    "slope_ritondale_multinest": 2.0596,
    "slope_ritondale_error": 0.001,
    "r_dev": 1.32,
    "r_eff": 1.75,
    "slope": 2.3,
    "slope_err": 0.31,
    "r_ein": 1.11,
    "PA": 53,
    "q_SIE": 0.827,
    "dRA": -0.04,
    "dDEC": 0.01,
    "subhalo_grid_dimensions_arcsec": 3.0,
    "mask_inner_radius": 0.6,
    "mask_outer_radius": 1.85,
    "scaled_annular": 1,
    "detect_delaunay": 0,
    "bpl_source_mask": 0,
    "mask_circular_radii": 3.5
}