{
    "type": "instance",
    "class_path": "autofit.non_linear.samples.summary.SamplesSummary",
    "arguments": {
        "values_at_sigma_1": {
            "type": "list",
            "values": [
                {
                    "type": "tuple",
                    "values": [
                        0.0030128893949111944,
                        0.011013743934140013
                    ]
                },
                {
                    "type": "tuple",
                    "values": [
                        0.14239870160173349,
                        0.15435462555260898
                    ]
                },
                {
                    "type": "tuple",
                    "values": [
                        1.3575883206609651,
                        1.367401528072625
                    ]
                },
                {
                    "type": "tuple",
                    "values": [
                        -0.0029153968472179106,
                        0.000613105469976532
                    ]
                },
                {
                    "type": "tuple",
                    "values": [
                        -0.025090076954422197,
                        -0.017413334820312844
                    ]
                },
                {
                    "type": "tuple",
                    "values": [
                        0.004748599547098718,
                        0.0063335679715367365
                    ]
                },
                {
                    "type": "tuple",
                    "values": [
                        0.016819212305498776,
                        0.01862947808964347
                    ]
                },
                {
                    "type": "tuple",
                    "values": [
                        -0.01890194345148525,
                        -0.017267957763878797
                    ]
                },
                {
                    "type": "tuple",
                    "values": [
                        -0.007894870008751612,
                        -0.00563253561627366
                    ]
                },
                {
                    "type": "tuple",
                    "values": [
                        2.0664495429992042,
                        2.1192507936006852
                    ]
                },
                {
                    "type": "tuple",
                    "values": [
                        0.027920046807051388,
                        0.034711215693395386
                    ]
                },
                {
                    "type": "tuple",
                    "values": [
                        0.0563163218623335,
                        0.060982781388081185
                    ]
                }
            ]
        },
        "model": null,
        "median_pdf_sample": {
            "type": "instance",
            "class_path": "autofit.non_linear.samples.sample.Sample",
            "arguments": {
                "log_likelihood": -70915.04214417312,
                "log_prior": 0.8243593328756149,
                "weight": 0.0002569616486696562,
                "kwargs": {
                    "type": "dict",
                    "arguments": {
                        "galaxies.lens.mass.ell_comps.ell_comps_0": 0.006711996658946083,
                        "galaxies.lens.mass.ell_comps.ell_comps_1": 0.1470962577413772,
                        "galaxies.lens.multipole_4.einstein_radius": 1.3621209498392342,
                        "galaxies.lens.multipole_4.centre.centre_0": -0.000886005520690513,
                        "galaxies.lens.multipole_4.centre.centre_1": -0.02095998442121755,
                        "galaxies.lens.multipole_3.multipole_comps.multipole_comps_0": 0.005464024833680563,
                        "galaxies.lens.multipole_3.multipole_comps.multipole_comps_1": 0.01757810094353876,
                        "galaxies.lens.multipole_4.multipole_comps.multipole_comps_0": -0.018024600789722137,
                        "galaxies.lens.multipole_4.multipole_comps.multipole_comps_1": -0.006639807280246098,
                        "galaxies.lens.multipole_4.slope": 2.0912634737253306,
                        "galaxies.lens.shear.gamma_1": 0.030985806925772078,
                        "galaxies.lens.shear.gamma_2": 0.058323926840550815
                    }
                }
            }
        },
        "errors_at_sigma_1": {
            "type": "list",
            "values": [
                {
                    "type": "tuple",
                    "values": [
                        0.0036991072640348887,
                        0.00430174727519393
                    ]
                },
                {
                    "type": "tuple",
                    "values": [
                        0.004697556139643705,
                        0.007258367811231792
                    ]
                },
                {
                    "type": "tuple",
                    "values": [
                        0.004532629178269021,
                        0.005280578233390898
                    ]
                },
                {
                    "type": "tuple",
                    "values": [
                        0.0020293913265273977,
                        0.001499110990667045
                    ]
                },
                {
                    "type": "tuple",
                    "values": [
                        0.0041300925332046455,
                        0.003546649600904707
                    ]
                },
                {
                    "type": "tuple",
                    "values": [
                        0.0007154252865818446,
                        0.0008695431378561739
                    ]
                },
                {
                    "type": "tuple",
                    "values": [
                        0.0007588886380399847,
                        0.0010513771461047108
                    ]
                },
                {
                    "type": "tuple",
                    "values": [
                        0.0008773426617631128,
                        0.0007566430258433392
                    ]
                },
                {
                    "type": "tuple",
                    "values": [
                        0.001255062728505514,
                        0.0010072716639724383
                    ]
                },
                {
                    "type": "tuple",
                    "values": [
                        0.024813930726126365,
                        0.027987319875354633
                    ]
                },
                {
                    "type": "tuple",
                    "values": [
                        0.0030657601187206902,
                        0.003725408767623308
                    ]
                },
                {
                    "type": "tuple",
                    "values": [
                        0.002007604978217316,
                        0.0026588545475303704
                    ]
                }
            ]
        },
        "max_log_likelihood_sample": {
            "type": "instance",
            "class_path": "autofit.non_linear.samples.sample.Sample",
            "arguments": {
                "log_likelihood": -70915.04214417312,
                "log_prior": 0.8243593328756149,
                "weight": 0.0002569616486696562,
                "kwargs": {
                    "type": "dict",
                    "arguments": {
                        "galaxies.lens.mass.ell_comps.ell_comps_0": 0.008828181501253297,
                        "galaxies.lens.mass.ell_comps.ell_comps_1": 0.14964500079670562,
                        "galaxies.lens.multipole_4.einstein_radius": 1.3665652986928887,
                        "galaxies.lens.multipole_4.centre.centre_0": 0.00018262152533723638,
                        "galaxies.lens.multipole_4.centre.centre_1": -0.026915399307507783,
                        "galaxies.lens.multipole_3.multipole_comps.multipole_comps_0": 0.00481233182559,
                        "galaxies.lens.multipole_3.multipole_comps.multipole_comps_1": 0.01688518657767,
                        "galaxies.lens.multipole_4.multipole_comps.multipole_comps_0": -0.01845437287693,
                        "galaxies.lens.multipole_4.multipole_comps.multipole_comps_1": -0.0087973632605,
                        "galaxies.lens.multipole_4.slope": 2.11283714503428,
                        "galaxies.lens.shear.gamma_1": 0.02923468375244,
                        "galaxies.lens.shear.gamma_2": 0.05962036704434
                    }
                }
            }
        },
        "errors_at_sigma_3": {
            "type": "list",
            "values": [
                {
                    "type": "tuple",
                    "values": [
                        0.01270274788769759,
                        0.05562301087550553
                    ]
                },
                {
                    "type": "tuple",
                    "values": [
                        0.012778049068240704,
                        0.055088914544793366
                    ]
                },
                {
                    "type": "tuple",
                    "values": [
                        0.015588496425417597,
                        0.06727743898510874
                    ]
                },
                {
                    "type": "tuple",
                    "values": [
                        0.010561179614468577,
                        0.003531452653593168
                    ]
                },
                {
                    "type": "tuple",
                    "values": [
                        0.013086318386782671,
                        0.009918099463143202
                    ]
                },
                {
                    "type": "tuple",
                    "values": [
                        0.001687438323535398,
                        0.004991231168698038
                    ]
                },
                {
                    "type": "tuple",
                    "values": [
                        0.0025228934418274323,
                        0.004776479065465435
                    ]
                },
                {
                    "type": "tuple",
                    "values": [
                        0.00411574140360664,
                        0.0023313301492642116
                    ]
                },
                {
                    "type": "tuple",
                    "values": [
                        0.010527623753440681,
                        0.0023611877953689207
                    ]
                },
                {
                    "type": "tuple",
                    "values": [
                        0.08598694218429781,
                        0.27625422856011284
                    ]
                },
                {
                    "type": "tuple",
                    "values": [
                        0.018410430291252354,
                        0.01291378289912153
                    ]
                },
                {
                    "type": "tuple",
                    "values": [
                        0.007047123658376057,
                        0.03264571936871321
                    ]
                }
            ]
        },
        "log_evidence": -70978.1920243994,
        "values_at_sigma_3": {
            "type": "list",
            "values": [
                {
                    "type": "tuple",
                    "values": [
                        -0.005990751228751507,
                        0.06233500753445161
                    ]
                },
                {
                    "type": "tuple",
                    "values": [
                        0.13431820867313649,
                        0.20218517228617056
                    ]
                },
                {
                    "type": "tuple",
                    "values": [
                        1.3465324534138166,
                        1.429398388824343
                    ]
                },
                {
                    "type": "tuple",
                    "values": [
                        -0.01144718513515909,
                        0.002645447132902655
                    ]
                },
                {
                    "type": "tuple",
                    "values": [
                        -0.03404630280800022,
                        -0.011041884958074349
                    ]
                },
                {
                    "type": "tuple",
                    "values": [
                        0.0037765865101451646,
                        0.0104552560023786
                    ]
                },
                {
                    "type": "tuple",
                    "values": [
                        0.015055207501711328,
                        0.022354580009004196
                    ]
                },
                {
                    "type": "tuple",
                    "values": [
                        -0.022140342193328777,
                        -0.015693270640457925
                    ]
                },
                {
                    "type": "tuple",
                    "values": [
                        -0.01716743103368678,
                        -0.0042786194848771775
                    ]
                },
                {
                    "type": "tuple",
                    "values": [
                        2.005276531541033,
                        2.3675177022854434
                    ]
                },
                {
                    "type": "tuple",
                    "values": [
                        0.012575376634519722,
                        0.04389958982489361
                    ]
                },
                {
                    "type": "tuple",
                    "values": [
                        0.05127680318217476,
                        0.09096964620926402
                    ]
                }
            ]
        }
    }
}