{
    "type": "instance",
    "class_path": "autofit.non_linear.samples.summary.SamplesSummary",
    "arguments": {
        "model": null,
        "errors_at_sigma_1": {
            "type": "list",
            "values": [
                {
                    "type": "tuple",
                    "values": [
                        0.004271057925408439,
                        0.00331498597725384
                    ]
                },
                {
                    "type": "tuple",
                    "values": [
                        0.0033443504187202176,
                        0.005689817679659783
                    ]
                },
                {
                    "type": "tuple",
                    "values": [
                        0.017742002743627652,
                        0.01546744522093
                    ]
                },
                {
                    "type": "tuple",
                    "values": [
                        0.00872746292282795,
                        0.010410638392507518
                    ]
                },
                {
                    "type": "tuple",
                    "values": [
                        0.013876839864849999,
                        0.013249438642310655
                    ]
                },
                {
                    "type": "tuple",
                    "values": [
                        0.012999777094713755,
                        0.013055623072566002
                    ]
                },
                {
                    "type": "tuple",
                    "values": [
                        0.01426055400591,
                        0.01493708606215
                    ]
                },
                {
                    "type": "tuple",
                    "values": [
                        0.010474493315120001,
                        0.011903208592473378
                    ]
                }
            ]
        },
        "median_pdf_sample": {
            "type": "instance",
            "class_path": "autofit.non_linear.samples.sample.Sample",
            "arguments": {
                "log_likelihood": -36.05418719132615,
                "log_prior": 0.0,
                "weight": 0.0009651108900386496,
                "kwargs": {
                    "type": "dict",
                    "arguments": {
                        "ellipses.0.ell_comps.ell_comps_0": -0.10108521221786156,
                        "ellipses.0.ell_comps.ell_comps_1": 0.03117999302044022,
                        "multipoles.0.multipole_1.multipole_comps.multipole_comps_0": 0.022089913402,
                        "multipoles.0.multipole_1.multipole_comps.multipole_comps_1": 0.00904516038601,
                        "multipoles.0.multipole_3.multipole_comps.multipole_comps_0": 0.00609610928005,
                        "multipoles.0.multipole_3.multipole_comps.multipole_comps_1": -0.022146369537506247,
                        "multipoles.0.multipole_4.multipole_comps.multipole_comps_0": -0.00351367068576,
                        "multipoles.0.multipole_4.multipole_comps.multipole_comps_1": -0.00900162991684
                    }
                }
            }
        },
        "errors_at_sigma_3": {
            "type": "list",
            "values": [
                {
                    "type": "tuple",
                    "values": [
                        0.011432583168634589,
                        0.007992490497719648
                    ]
                },
                {
                    "type": "tuple",
                    "values": [
                        0.009115466411267835,
                        0.012903496974079779
                    ]
                },
                {
                    "type": "tuple",
                    "values": [
                        0.05155234849472659,
                        0.04017572428994354
                    ]
                },
                {
                    "type": "tuple",
                    "values": [
                        0.02715986303155942,
                        0.03865854621099523
                    ]
                },
                {
                    "type": "tuple",
                    "values": [
                        0.03889938160192,
                        0.05077627765642432
                    ]
                },
                {
                    "type": "tuple",
                    "values": [
                        0.031216363794283587,
                        0.04425058813752625
                    ]
                },
                {
                    "type": "tuple",
                    "values": [
                        0.0598991843068004,
                        0.04010352331443
                    ]
                },
                {
                    "type": "tuple",
                    "values": [
                        0.034555382675076116,
                        0.03238281495874512
                    ]
                }
            ]
        },
        "log_evidence": -59.05745109192803,
        "max_log_likelihood_sample": {
            "type": "instance",
            "class_path": "autofit.non_linear.samples.sample.Sample",
            "arguments": {
                "log_likelihood": -36.05418719132615,
                "log_prior": 0.0,
                "weight": 0.0009651108900386496,
                "kwargs": {
                    "type": "dict",
                    "arguments": {
                        "ellipses.0.ell_comps.ell_comps_0": -0.10097020732057,
                        "ellipses.0.ell_comps.ell_comps_1": 0.03084771987904,
                        "multipoles.0.multipole_1.multipole_comps.multipole_comps_0": 0.02157482056134,
                        "multipoles.0.multipole_1.multipole_comps.multipole_comps_1": 0.01891687874049,
                        "multipoles.0.multipole_3.multipole_comps.multipole_comps_0": 0.01865072167036,
                        "multipoles.0.multipole_3.multipole_comps.multipole_comps_1": -0.02732111461628,
                        "multipoles.0.multipole_4.multipole_comps.multipole_comps_0": 0.00318098678365,
                        "multipoles.0.multipole_4.multipole_comps.multipole_comps_1": -0.01672569663054
                    }
                }
            }
        },
        "values_at_sigma_3": {
            "type": "list",
            "values": [
                {
                    "type": "tuple",
                    "values": [
                        -0.11251779538649614,
                        -0.09309272172014191
                    ]
                },
                {
                    "type": "tuple",
                    "values": [
                        0.022064526609172384,
                        0.04408348999452
                    ]
                },
                {
                    "type": "tuple",
                    "values": [
                        -0.029462435092726592,
                        0.062265637691943536
                    ]
                },
                {
                    "type": "tuple",
                    "values": [
                        -0.01811470264554942,
                        0.04770370659700523
                    ]
                },
                {
                    "type": "tuple",
                    "values": [
                        -0.03280327232187,
                        0.05687238693647432
                    ]
                },
                {
                    "type": "tuple",
                    "values": [
                        -0.053362733331789834,
                        0.02210421860002
                    ]
                },
                {
                    "type": "tuple",
                    "values": [
                        -0.0634128549925604,
                        0.03658985262867
                    ]
                },
                {
                    "type": "tuple",
                    "values": [
                        -0.04355701259191612,
                        0.023381185041905124
                    ]
                }
            ]
        },
        "values_at_sigma_1": {
            "type": "list",
            "values": [
                {
                    "type": "tuple",
                    "values": [
                        -0.10535627014327,
                        -0.09777022624060772
                    ]
                },
                {
                    "type": "tuple",
                    "values": [
                        0.02783564260172,
                        0.0368698107001
                    ]
                },
                {
                    "type": "tuple",
                    "values": [
                        0.004347910658372347,
                        0.03755735862293
                    ]
                },
                {
                    "type": "tuple",
                    "values": [
                        0.00031769746318205036,
                        0.019455798778517518
                    ]
                },
                {
                    "type": "tuple",
                    "values": [
                        -0.0077807305848,
                        0.019345547922360654
                    ]
                },
                {
                    "type": "tuple",
                    "values": [
                        -0.03514614663222,
                        -0.009090746464940245
                    ]
                },
                {
                    "type": "tuple",
                    "values": [
                        -0.01777422469167,
                        0.01142341537639
                    ]
                },
                {
                    "type": "tuple",
                    "values": [
                        -0.01947612323196,
                        0.0029015786756333784
                    ]
                }
            ]
        }
    }
}