{
    "type": "instance",
    "class_path": "autofit.non_linear.samples.summary.SamplesSummary",
    "arguments": {
        "median_pdf_sample": {
            "type": "instance",
            "class_path": "autofit.non_linear.samples.sample.Sample",
            "arguments": {
                "log_likelihood": -11.95656743374484,
                "log_prior": 0.0,
                "weight": 0.0010352338438728665,
                "kwargs": {
                    "type": "dict",
                    "arguments": {
                        "ellipses.0.ell_comps.ell_comps_0": -0.10674329074147068,
                        "ellipses.0.ell_comps.ell_comps_1": -0.03355425305896482,
                        "multipoles.0.multipole_3.multipole_comps.multipole_comps_0": 0.025017197454783056,
                        "multipoles.0.multipole_3.multipole_comps.multipole_comps_1": -0.01006175959022,
                        "multipoles.0.multipole_4.multipole_comps.multipole_comps_0": -0.00699360046418,
                        "multipoles.0.multipole_4.multipole_comps.multipole_comps_1": -0.013948478028027938
                    }
                }
            }
        },
        "max_log_likelihood_sample": {
            "type": "instance",
            "class_path": "autofit.non_linear.samples.sample.Sample",
            "arguments": {
                "log_likelihood": -11.95656743374484,
                "log_prior": 0.0,
                "weight": 0.0010352338438728665,
                "kwargs": {
                    "type": "dict",
                    "arguments": {
                        "ellipses.0.ell_comps.ell_comps_0": -0.13193476489268,
                        "ellipses.0.ell_comps.ell_comps_1": -0.03600701329256,
                        "multipoles.0.multipole_3.multipole_comps.multipole_comps_0": 0.035554164493,
                        "multipoles.0.multipole_3.multipole_comps.multipole_comps_1": -0.00941674850237,
                        "multipoles.0.multipole_4.multipole_comps.multipole_comps_0": 0.00298795656,
                        "multipoles.0.multipole_4.multipole_comps.multipole_comps_1": -0.01299818843918
                    }
                }
            }
        },
        "errors_at_sigma_3": {
            "type": "list",
            "values": [
                {
                    "type": "tuple",
                    "values": [
                        0.10359863651414933,
                        0.12959702019274352
                    ]
                },
                {
                    "type": "tuple",
                    "values": [
                        0.0896021129499752,
                        0.08384949961797482
                    ]
                },
                {
                    "type": "tuple",
                    "values": [
                        0.09463742896731306,
                        0.07076882770254694
                    ]
                },
                {
                    "type": "tuple",
                    "values": [
                        0.08847795617594,
                        0.10388372354369001
                    ]
                },
                {
                    "type": "tuple",
                    "values": [
                        0.09074924988604,
                        0.09877858069206
                    ]
                },
                {
                    "type": "tuple",
                    "values": [
                        0.08002257738711106,
                        0.10783641089554794
                    ]
                }
            ]
        },
        "errors_at_sigma_1": {
            "type": "list",
            "values": [
                {
                    "type": "tuple",
                    "values": [
                        0.029709087773953702,
                        0.0806272488569133
                    ]
                },
                {
                    "type": "tuple",
                    "values": [
                        0.028819931482867586,
                        0.04151152497091827
                    ]
                },
                {
                    "type": "tuple",
                    "values": [
                        0.04459501950834314,
                        0.03766717157760025
                    ]
                },
                {
                    "type": "tuple",
                    "values": [
                        0.02535804121449,
                        0.024504143068054915
                    ]
                },
                {
                    "type": "tuple",
                    "values": [
                        0.03547150005388743,
                        0.030917611966806178
                    ]
                },
                {
                    "type": "tuple",
                    "values": [
                        0.030344810921548362,
                        0.05362537688547196
                    ]
                }
            ]
        },
        "log_evidence": -24.423006502992987,
        "model": null,
        "values_at_sigma_3": {
            "type": "list",
            "values": [
                {
                    "type": "tuple",
                    "values": [
                        -0.21034192725562,
                        0.022853729451272838
                    ]
                },
                {
                    "type": "tuple",
                    "values": [
                        -0.12315636600894,
                        0.05029524655901
                    ]
                },
                {
                    "type": "tuple",
                    "values": [
                        -0.06962023151253,
                        0.09578602515733
                    ]
                },
                {
                    "type": "tuple",
                    "values": [
                        -0.09853971576616,
                        0.09382196395347
                    ]
                },
                {
                    "type": "tuple",
                    "values": [
                        -0.09774285035022,
                        0.09178498022788
                    ]
                },
                {
                    "type": "tuple",
                    "values": [
                        -0.093971055415139,
                        0.09388793286752
                    ]
                }
            ]
        },
        "values_at_sigma_1": {
            "type": "list",
            "values": [
                {
                    "type": "tuple",
                    "values": [
                        -0.13645237851542438,
                        -0.026116041884557385
                    ]
                },
                {
                    "type": "tuple",
                    "values": [
                        -0.062374184541832405,
                        0.007957271911953454
                    ]
                },
                {
                    "type": "tuple",
                    "values": [
                        -0.01957782205356008,
                        0.06268436903238331
                    ]
                },
                {
                    "type": "tuple",
                    "values": [
                        -0.03541980080471,
                        0.014442383477834915
                    ]
                },
                {
                    "type": "tuple",
                    "values": [
                        -0.042465100518067435,
                        0.02392401150262618
                    ]
                },
                {
                    "type": "tuple",
                    "values": [
                        -0.0442932889495763,
                        0.03967689885744402
                    ]
                }
            ]
        }
    }
}