{
    "type": "instance",
    "class_path": "autofit.non_linear.samples.summary.SamplesSummary",
    "arguments": {
        "errors_at_sigma_1": {
            "type": "list",
            "values": [
                {
                    "type": "tuple",
                    "values": [
                        0.004042401062838624,
                        0.0033306785710700004
                    ]
                },
                {
                    "type": "tuple",
                    "values": [
                        0.0032566849672309786,
                        0.0035672818084790253
                    ]
                }
            ]
        },
        "model": null,
        "values_at_sigma_1": {
            "type": "list",
            "values": [
                {
                    "type": "tuple",
                    "values": [
                        -0.17537877341069863,
                        -0.16800569377679
                    ]
                },
                {
                    "type": "tuple",
                    "values": [
                        0.04878347415001,
                        0.05560744092572
                    ]
                }
            ]
        },
        "max_log_likelihood_sample": {
            "type": "instance",
            "class_path": "autofit.non_linear.samples.sample.Sample",
            "arguments": {
                "log_likelihood": -31.225635594246807,
                "log_prior": 0.0,
                "weight": 0.0009826264324508274,
                "kwargs": {
                    "type": "dict",
                    "arguments": {
                        "ellipses.0.ell_comps.ell_comps_0": -0.17153729962284,
                        "ellipses.0.ell_comps.ell_comps_1": 0.05269591765208
                    }
                }
            }
        },
        "errors_at_sigma_3": {
            "type": "list",
            "values": [
                {
                    "type": "tuple",
                    "values": [
                        0.012520140646432337,
                        0.010974195418896215
                    ]
                },
                {
                    "type": "tuple",
                    "values": [
                        0.009581511683010975,
                        0.010787524419425189
                    ]
                }
            ]
        },
        "median_pdf_sample": {
            "type": "instance",
            "class_path": "autofit.non_linear.samples.sample.Sample",
            "arguments": {
                "log_likelihood": -31.225635594246807,
                "log_prior": 0.0,
                "weight": 0.0009826264324508274,
                "kwargs": {
                    "type": "dict",
                    "arguments": {
                        "ellipses.0.ell_comps.ell_comps_0": -0.17133637234786,
                        "ellipses.0.ell_comps.ell_comps_1": 0.052040159117240976
                    }
                }
            }
        },
        "values_at_sigma_3": {
            "type": "list",
            "values": [
                {
                    "type": "tuple",
                    "values": [
                        -0.18385651299429234,
                        -0.1603621769289638
                    ]
                },
                {
                    "type": "tuple",
                    "values": [
                        0.04245864743423,
                        0.06282768353666617
                    ]
                }
            ]
        },
        "log_evidence": -41.085923309707766
    }
}