{
    "type": "instance",
    "class_path": "autofit.non_linear.samples.summary.SamplesSummary",
    "arguments": {
        "log_evidence": -32.09748779444626,
        "values_at_sigma_1": {
            "type": "list",
            "values": [
                {
                    "type": "tuple",
                    "values": [
                        -0.06605221992062,
                        -0.03175878182137
                    ]
                },
                {
                    "type": "tuple",
                    "values": [
                        -0.0308230036365,
                        -0.01020610871865
                    ]
                }
            ]
        },
        "max_log_likelihood_sample": {
            "type": "instance",
            "class_path": "autofit.non_linear.samples.sample.Sample",
            "arguments": {
                "log_likelihood": -24.16364969215856,
                "log_prior": 0.0,
                "weight": 0.0009908402263014888,
                "kwargs": {
                    "type": "dict",
                    "arguments": {
                        "ellipses.0.ell_comps.ell_comps_0": -0.03672958376741,
                        "ellipses.0.ell_comps.ell_comps_1": -0.02222220786016
                    }
                }
            }
        },
        "model": null,
        "errors_at_sigma_1": {
            "type": "list",
            "values": [
                {
                    "type": "tuple",
                    "values": [
                        0.023910247915950006,
                        0.0103831901833
                    ]
                },
                {
                    "type": "tuple",
                    "values": [
                        0.009254714355885093,
                        0.011362180561964906
                    ]
                }
            ]
        },
        "median_pdf_sample": {
            "type": "instance",
            "class_path": "autofit.non_linear.samples.sample.Sample",
            "arguments": {
                "log_likelihood": -24.16364969215856,
                "log_prior": 0.0,
                "weight": 0.0009908402263014888,
                "kwargs": {
                    "type": "dict",
                    "arguments": {
                        "ellipses.0.ell_comps.ell_comps_0": -0.04214197200467,
                        "ellipses.0.ell_comps.ell_comps_1": -0.021568289280614907
                    }
                }
            }
        },
        "values_at_sigma_3": {
            "type": "list",
            "values": [
                {
                    "type": "tuple",
                    "values": [
                        -0.09034473009969085,
                        -0.01267822456869
                    ]
                },
                {
                    "type": "tuple",
                    "values": [
                        -0.0545901541096585,
                        0.02402116470211757
                    ]
                }
            ]
        },
        "errors_at_sigma_3": {
            "type": "list",
            "values": [
                {
                    "type": "tuple",
                    "values": [
                        0.04820275809502085,
                        0.02946374743598
                    ]
                },
                {
                    "type": "tuple",
                    "values": [
                        0.033021864829043596,
                        0.04558945398273248
                    ]
                }
            ]
        }
    }
}