{
    "type": "instance",
    "class_path": "autofit.non_linear.samples.summary.SamplesSummary",
    "arguments": {
        "errors_at_sigma_3": {
            "type": "list",
            "values": [
                {
                    "type": "tuple",
                    "values": [
                        0.05336624654364326,
                        0.05919621406477718
                    ]
                },
                {
                    "type": "tuple",
                    "values": [
                        0.04664546563354047,
                        0.05967212113248999
                    ]
                },
                {
                    "type": "tuple",
                    "values": [
                        0.04478229596325,
                        0.04889725608431255
                    ]
                },
                {
                    "type": "tuple",
                    "values": [
                        0.06250605623618061,
                        0.053160924191109446
                    ]
                },
                {
                    "type": "tuple",
                    "values": [
                        0.06122373442687452,
                        0.04940475207522771
                    ]
                },
                {
                    "type": "tuple",
                    "values": [
                        0.0701853141372467,
                        0.05467492115962799
                    ]
                },
                {
                    "type": "tuple",
                    "values": [
                        0.069290758842326,
                        0.08924844410852101
                    ]
                },
                {
                    "type": "tuple",
                    "values": [
                        0.06660669221954782,
                        0.07554922929048351
                    ]
                }
            ]
        },
        "max_log_likelihood_sample": {
            "type": "instance",
            "class_path": "autofit.non_linear.samples.sample.Sample",
            "arguments": {
                "log_likelihood": -9.897929166004598,
                "log_prior": 0.0,
                "weight": 0.0009041885197852336,
                "kwargs": {
                    "type": "dict",
                    "arguments": {
                        "ellipses.0.ell_comps.ell_comps_0": 0.08614480796148,
                        "ellipses.0.ell_comps.ell_comps_1": 0.04577501174341,
                        "multipoles.0.multipole_1.multipole_comps.multipole_comps_0": 0.0166462102251,
                        "multipoles.0.multipole_1.multipole_comps.multipole_comps_1": 0.02632313264503,
                        "multipoles.0.multipole_3.multipole_comps.multipole_comps_0": -0.007796632028,
                        "multipoles.0.multipole_3.multipole_comps.multipole_comps_1": 0.01541222603098,
                        "multipoles.0.multipole_4.multipole_comps.multipole_comps_0": 0.00485700136934,
                        "multipoles.0.multipole_4.multipole_comps.multipole_comps_1": -0.00407244587191
                    }
                }
            }
        },
        "model": null,
        "values_at_sigma_1": {
            "type": "list",
            "values": [
                {
                    "type": "tuple",
                    "values": [
                        0.06346252128524,
                        0.09997739313375
                    ]
                },
                {
                    "type": "tuple",
                    "values": [
                        0.04276591251964428,
                        0.07452776860104
                    ]
                },
                {
                    "type": "tuple",
                    "values": [
                        -0.01190636600822,
                        0.023335593246496665
                    ]
                },
                {
                    "type": "tuple",
                    "values": [
                        -0.00440214978871681,
                        0.03755256709602
                    ]
                },
                {
                    "type": "tuple",
                    "values": [
                        -0.0137584880307285,
                        0.02229616014909
                    ]
                },
                {
                    "type": "tuple",
                    "values": [
                        -0.02271548026342,
                        0.02046360224485
                    ]
                },
                {
                    "type": "tuple",
                    "values": [
                        -0.025874612161682912,
                        0.03391590243607
                    ]
                },
                {
                    "type": "tuple",
                    "values": [
                        -0.0114031948857715,
                        0.04037927094647355
                    ]
                }
            ]
        },
        "median_pdf_sample": {
            "type": "instance",
            "class_path": "autofit.non_linear.samples.sample.Sample",
            "arguments": {
                "log_likelihood": -9.897929166004598,
                "log_prior": 0.0,
                "weight": 0.0009041885197852336,
                "kwargs": {
                    "type": "dict",
                    "arguments": {
                        "ellipses.0.ell_comps.ell_comps_0": 0.08365146113213556,
                        "ellipses.0.ell_comps.ell_comps_1": 0.05761034286207,
                        "multipoles.0.multipole_1.multipole_comps.multipole_comps_0": 0.00633828713416,
                        "multipoles.0.multipole_1.multipole_comps.multipole_comps_1": 0.016809708626220613,
                        "multipoles.0.multipole_3.multipole_comps.multipole_comps_0": 0.006172704127970629,
                        "multipoles.0.multipole_3.multipole_comps.multipole_comps_1": -0.0009603145421656458,
                        "multipoles.0.multipole_4.multipole_comps.multipole_comps_0": 0.0031444914496064746,
                        "multipoles.0.multipole_4.multipole_comps.multipole_comps_1": 0.014004646869676493
                    }
                }
            }
        },
        "log_evidence": -27.53677059249964,
        "values_at_sigma_3": {
            "type": "list",
            "values": [
                {
                    "type": "tuple",
                    "values": [
                        0.030285214588492298,
                        0.14284767519691274
                    ]
                },
                {
                    "type": "tuple",
                    "values": [
                        0.010964877228529533,
                        0.11728246399456
                    ]
                },
                {
                    "type": "tuple",
                    "values": [
                        -0.03844400882909,
                        0.05523554321847255
                    ]
                },
                {
                    "type": "tuple",
                    "values": [
                        -0.04569634760996,
                        0.06997063281733006
                    ]
                },
                {
                    "type": "tuple",
                    "values": [
                        -0.05505103029890389,
                        0.05557745620319834
                    ]
                },
                {
                    "type": "tuple",
                    "values": [
                        -0.07114562867941235,
                        0.05371460661746235
                    ]
                },
                {
                    "type": "tuple",
                    "values": [
                        -0.06614626739271952,
                        0.09239293555812748
                    ]
                },
                {
                    "type": "tuple",
                    "values": [
                        -0.05260204534987133,
                        0.08955387616016
                    ]
                }
            ]
        },
        "errors_at_sigma_1": {
            "type": "list",
            "values": [
                {
                    "type": "tuple",
                    "values": [
                        0.020188939846895557,
                        0.016325932001614432
                    ]
                },
                {
                    "type": "tuple",
                    "values": [
                        0.014844430342425718,
                        0.016917425738970003
                    ]
                },
                {
                    "type": "tuple",
                    "values": [
                        0.01824465314238,
                        0.016997306112336664
                    ]
                },
                {
                    "type": "tuple",
                    "values": [
                        0.021211858414937425,
                        0.020742858469799386
                    ]
                },
                {
                    "type": "tuple",
                    "values": [
                        0.01993119215869913,
                        0.01612345602111937
                    ]
                },
                {
                    "type": "tuple",
                    "values": [
                        0.021755165721254355,
                        0.021423916787015645
                    ]
                },
                {
                    "type": "tuple",
                    "values": [
                        0.029019103611289385,
                        0.03077141098646352
                    ]
                },
                {
                    "type": "tuple",
                    "values": [
                        0.025407841755447993,
                        0.026374624076797054
                    ]
                }
            ]
        }
    }
}