{
    "type": "instance",
    "class_path": "autofit.non_linear.samples.summary.SamplesSummary",
    "arguments": {
        "values_at_sigma_1": {
            "type": "list",
            "values": [
                {
                    "type": "tuple",
                    "values": [
                        -0.07636056465532286,
                        0.01298584077827
                    ]
                },
                {
                    "type": "tuple",
                    "values": [
                        -0.03050702081264,
                        0.00979493382192729
                    ]
                },
                {
                    "type": "tuple",
                    "values": [
                        -0.019747635531972504,
                        0.049595662353853966
                    ]
                },
                {
                    "type": "tuple",
                    "values": [
                        -0.05170580695465,
                        0.010667648604455088
                    ]
                },
                {
                    "type": "tuple",
                    "values": [
                        -0.005768407315681941,
                        0.03214947570417374
                    ]
                },
                {
                    "type": "tuple",
                    "values": [
                        -0.06871164784175984,
                        0.06543295648501225
                    ]
                },
                {
                    "type": "tuple",
                    "values": [
                        -0.05088011825635541,
                        0.03601405316639
                    ]
                },
                {
                    "type": "tuple",
                    "values": [
                        -0.035691674579114575,
                        0.08199466044122
                    ]
                }
            ]
        },
        "errors_at_sigma_1": {
            "type": "list",
            "values": [
                {
                    "type": "tuple",
                    "values": [
                        0.041262092131002855,
                        0.048084313302590005
                    ]
                },
                {
                    "type": "tuple",
                    "values": [
                        0.01873922946512084,
                        0.021562725169446448
                    ]
                },
                {
                    "type": "tuple",
                    "values": [
                        0.026953262116420972,
                        0.0423900357694055
                    ]
                },
                {
                    "type": "tuple",
                    "values": [
                        0.04105692993988647,
                        0.021316525619218617
                    ]
                },
                {
                    "type": "tuple",
                    "values": [
                        0.01739586772673194,
                        0.020522015293123738
                    ]
                },
                {
                    "type": "tuple",
                    "values": [
                        0.08187018066805984,
                        0.05227442365871225
                    ]
                },
                {
                    "type": "tuple",
                    "values": [
                        0.04827462790980621,
                        0.038619543512939204
                    ]
                },
                {
                    "type": "tuple",
                    "values": [
                        0.06190730028943567,
                        0.05577903473089891
                    ]
                }
            ]
        },
        "median_pdf_sample": {
            "type": "instance",
            "class_path": "autofit.non_linear.samples.sample.Sample",
            "arguments": {
                "log_likelihood": -11.407008763252794,
                "log_prior": 0.0,
                "weight": 0.001030174413870247,
                "kwargs": {
                    "type": "dict",
                    "arguments": {
                        "ellipses.0.ell_comps.ell_comps_0": -0.03509847252432,
                        "ellipses.0.ell_comps.ell_comps_1": -0.011767791347519157,
                        "multipoles.0.multipole_1.multipole_comps.multipole_comps_0": 0.007205626584448468,
                        "multipoles.0.multipole_1.multipole_comps.multipole_comps_1": -0.010648877014763527,
                        "multipoles.0.multipole_3.multipole_comps.multipole_comps_0": 0.01162746041105,
                        "multipoles.0.multipole_3.multipole_comps.multipole_comps_1": 0.0131585328263,
                        "multipoles.0.multipole_4.multipole_comps.multipole_comps_0": -0.0026054903465492015,
                        "multipoles.0.multipole_4.multipole_comps.multipole_comps_1": 0.026215625710321093
                    }
                }
            }
        },
        "model": null,
        "errors_at_sigma_3": {
            "type": "list",
            "values": [
                {
                    "type": "tuple",
                    "values": [
                        0.15257898846731968,
                        0.0886205632522149
                    ]
                },
                {
                    "type": "tuple",
                    "values": [
                        0.06912720605106085,
                        0.09628788797952915
                    ]
                },
                {
                    "type": "tuple",
                    "values": [
                        0.11421286969066213,
                        0.11388199754407154
                    ]
                },
                {
                    "type": "tuple",
                    "values": [
                        0.11688851486483648,
                        0.08427953692679935
                    ]
                },
                {
                    "type": "tuple",
                    "values": [
                        0.10004685007456389,
                        0.07563721780091999
                    ]
                },
                {
                    "type": "tuple",
                    "values": [
                        0.11239352250536686,
                        0.08572834379174181
                    ]
                },
                {
                    "type": "tuple",
                    "values": [
                        0.09334200136740979,
                        0.09279257242116297
                    ]
                },
                {
                    "type": "tuple",
                    "values": [
                        0.1253709077023511,
                        0.07369676246560891
                    ]
                }
            ]
        },
        "max_log_likelihood_sample": {
            "type": "instance",
            "class_path": "autofit.non_linear.samples.sample.Sample",
            "arguments": {
                "log_likelihood": -11.407008763252794,
                "log_prior": 0.0,
                "weight": 0.001030174413870247,
                "kwargs": {
                    "type": "dict",
                    "arguments": {
                        "ellipses.0.ell_comps.ell_comps_0": 0.01402310655455,
                        "ellipses.0.ell_comps.ell_comps_1": -0.01536330230156,
                        "multipoles.0.multipole_1.multipole_comps.multipole_comps_0": 0.04149549763086,
                        "multipoles.0.multipole_1.multipole_comps.multipole_comps_1": -0.01679303527544,
                        "multipoles.0.multipole_3.multipole_comps.multipole_comps_0": 0.00172105405754,
                        "multipoles.0.multipole_3.multipole_comps.multipole_comps_1": -0.08530060967674,
                        "multipoles.0.multipole_4.multipole_comps.multipole_comps_0": -0.00166604351565,
                        "multipoles.0.multipole_4.multipole_comps.multipole_comps_1": 0.09042145836523
                    }
                }
            }
        },
        "values_at_sigma_3": {
            "type": "list",
            "values": [
                {
                    "type": "tuple",
                    "values": [
                        -0.18767746099163968,
                        0.05352209072789489
                    ]
                },
                {
                    "type": "tuple",
                    "values": [
                        -0.08089499739858,
                        0.08452009663201
                    ]
                },
                {
                    "type": "tuple",
                    "values": [
                        -0.10700724310621366,
                        0.12108762412852
                    ]
                },
                {
                    "type": "tuple",
                    "values": [
                        -0.1275373918796,
                        0.07363065991203582
                    ]
                },
                {
                    "type": "tuple",
                    "values": [
                        -0.08841938966351388,
                        0.08726467821197
                    ]
                },
                {
                    "type": "tuple",
                    "values": [
                        -0.09923498967906685,
                        0.09888687661804181
                    ]
                },
                {
                    "type": "tuple",
                    "values": [
                        -0.095947491713959,
                        0.09018708207461376
                    ]
                },
                {
                    "type": "tuple",
                    "values": [
                        -0.09915528199203,
                        0.09991238817593
                    ]
                }
            ]
        },
        "log_evidence": -26.22605216259414
    }
}