{
    "type": "instance",
    "class_path": "autofit.non_linear.samples.summary.SamplesSummary",
    "arguments": {
        "values_at_sigma_3": {
            "type": "list",
            "values": [
                {
                    "type": "tuple",
                    "values": [
                        -0.002295680677679035,
                        0.0013339518481391415
                    ]
                },
                {
                    "type": "tuple",
                    "values": [
                        -0.00057391596849,
                        0.003023639315374951
                    ]
                },
                {
                    "type": "tuple",
                    "values": [
                        -0.08288136519623,
                        -0.06926178361569
                    ]
                },
                {
                    "type": "tuple",
                    "values": [
                        0.02143177002311,
                        0.03654430935583934
                    ]
                },
                {
                    "type": "tuple",
                    "values": [
                        -0.00581384800987,
                        -0.0012148340103433652
                    ]
                },
                {
                    "type": "tuple",
                    "values": [
                        -0.002405889144076365,
                        0.0020791239167553452
                    ]
                },
                {
                    "type": "tuple",
                    "values": [
                        -0.0035580961885760933,
                        0.000491518137133487
                    ]
                },
                {
                    "type": "tuple",
                    "values": [
                        -0.0014605816818,
                        0.0024639259932202422
                    ]
                },
                {
                    "type": "tuple",
                    "values": [
                        0.001344273843370953,
                        0.00515007195595916
                    ]
                },
                {
                    "type": "tuple",
                    "values": [
                        -0.0034074439776205063,
                        0.00097650482535
                    ]
                },
                {
                    "type": "tuple",
                    "values": [
                        -0.09564369194288351,
                        -0.08468710966667556
                    ]
                },
                {
                    "type": "tuple",
                    "values": [
                        0.01850327205513,
                        0.03106239295640498
                    ]
                },
                {
                    "type": "tuple",
                    "values": [
                        -0.00389632373791,
                        0.00681790992857
                    ]
                },
                {
                    "type": "tuple",
                    "values": [
                        -0.0036123262043754024,
                        0.006306454748087733
                    ]
                },
                {
                    "type": "tuple",
                    "values": [
                        -0.0098790557348,
                        -0.00014749345891
                    ]
                },
                {
                    "type": "tuple",
                    "values": [
                        -0.00530201137427,
                        0.006850431197892899
                    ]
                },
                {
                    "type": "tuple",
                    "values": [
                        -0.01151201620135,
                        -0.003173976454565546
                    ]
                },
                {
                    "type": "tuple",
                    "values": [
                        -0.00413896711967,
                        0.008081518199808884
                    ]
                },
                {
                    "type": "tuple",
                    "values": [
                        -0.11105111972614323,
                        -0.09478131431619623
                    ]
                },
                {
                    "type": "tuple",
                    "values": [
                        0.03792574390372,
                        0.053646422624302297
                    ]
                },
                {
                    "type": "tuple",
                    "values": [
                        0.00077243957275,
                        0.02179382707236764
                    ]
                },
                {
                    "type": "tuple",
                    "values": [
                        -0.020288246023913045,
                        0.011449254204324773
                    ]
                },
                {
                    "type": "tuple",
                    "values": [
                        -0.0277381778179,
                        -0.00053547364422
                    ]
                },
                {
                    "type": "tuple",
                    "values": [
                        0.011716321986244584,
                        0.03010876098111
                    ]
                },
                {
                    "type": "tuple",
                    "values": [
                        -0.03640273256576,
                        -0.01373163857298
                    ]
                },
                {
                    "type": "tuple",
                    "values": [
                        0.0425498364170062,
                        0.077072107904777
                    ]
                },
                {
                    "type": "tuple",
                    "values": [
                        -0.19317352464755913,
                        -0.17673098542429144
                    ]
                },
                {
                    "type": "tuple",
                    "values": [
                        -0.0015948550296961991,
                        0.02160716412046
                    ]
                },
                {
                    "type": "tuple",
                    "values": [
                        -0.007091516707,
                        0.04273055707930176
                    ]
                },
                {
                    "type": "tuple",
                    "values": [
                        -0.02212269562897,
                        0.03050425140249231
                    ]
                },
                {
                    "type": "tuple",
                    "values": [
                        -0.04369699138292923,
                        -0.02290935761621592
                    ]
                },
                {
                    "type": "tuple",
                    "values": [
                        -0.038039981974155736,
                        -0.016359045859657452
                    ]
                },
                {
                    "type": "tuple",
                    "values": [
                        -0.0625313421714524,
                        -0.029797889332094343
                    ]
                },
                {
                    "type": "tuple",
                    "values": [
                        -0.01498739821546586,
                        -0.000788072492722208
                    ]
                },
                {
                    "type": "tuple",
                    "values": [
                        -0.2572536968272991,
                        -0.2514622218708966
                    ]
                },
                {
                    "type": "tuple",
                    "values": [
                        -0.009125624684495955,
                        -1.153991451e-05
                    ]
                },
                {
                    "type": "tuple",
                    "values": [
                        -0.11902965583234473,
                        -0.05407414387342759
                    ]
                },
                {
                    "type": "tuple",
                    "values": [
                        -0.00467275081091,
                        0.0280821094159274
                    ]
                },
                {
                    "type": "tuple",
                    "values": [
                        0.00989410500813662,
                        0.03168128273436
                    ]
                },
                {
                    "type": "tuple",
                    "values": [
                        0.030758657157544854,
                        0.06427212142056782
                    ]
                },
                {
                    "type": "tuple",
                    "values": [
                        -0.05578464160567,
                        -0.011855504790164569
                    ]
                },
                {
                    "type": "tuple",
                    "values": [
                        -0.01292575303973044,
                        0.024309291615210078
                    ]
                }
            ]
        },
        "errors_at_sigma_3": {
            "type": "list",
            "values": [
                {
                    "type": "tuple",
                    "values": [
                        0.0017511467306077194,
                        0.001878485795210457
                    ]
                },
                {
                    "type": "tuple",
                    "values": [
                        0.0015518654658546504,
                        0.0020456898180103004
                    ]
                },
                {
                    "type": "tuple",
                    "values": [
                        0.007000717010460025,
                        0.006618864570079971
                    ]
                },
                {
                    "type": "tuple",
                    "values": [
                        0.005398782936342564,
                        0.009713756396386778
                    ]
                },
                {
                    "type": "tuple",
                    "values": [
                        0.0023025383185646285,
                        0.002296475680962006
                    ]
                },
                {
                    "type": "tuple",
                    "values": [
                        0.002542095438496365,
                        0.0019429176223353453
                    ]
                },
                {
                    "type": "tuple",
                    "values": [
                        0.002310459056665247,
                        0.0017391552690443333
                    ]
                },
                {
                    "type": "tuple",
                    "values": [
                        0.00187487504111,
                        0.002049632633910242
                    ]
                },
                {
                    "type": "tuple",
                    "values": [
                        0.0021726933331611006,
                        0.0016331047794271064
                    ]
                },
                {
                    "type": "tuple",
                    "values": [
                        0.0018196575222505062,
                        0.00256429128072
                    ]
                },
                {
                    "type": "tuple",
                    "values": [
                        0.004628132734123505,
                        0.006328449542084447
                    ]
                },
                {
                    "type": "tuple",
                    "values": [
                        0.006299369146990003,
                        0.006259751754284979
                    ]
                },
                {
                    "type": "tuple",
                    "values": [
                        0.005312434947904489,
                        0.005401798718575511
                    ]
                },
                {
                    "type": "tuple",
                    "values": [
                        0.004977966011156256,
                        0.004940814941306879
                    ]
                },
                {
                    "type": "tuple",
                    "values": [
                        0.00519205205238271,
                        0.00453951022350729
                    ]
                },
                {
                    "type": "tuple",
                    "values": [
                        0.005985657009280466,
                        0.006166785562882433
                    ]
                },
                {
                    "type": "tuple",
                    "values": [
                        0.004296134747025193,
                        0.004041904999759262
                    ]
                },
                {
                    "type": "tuple",
                    "values": [
                        0.005214318150180929,
                        0.007006167169297955
                    ]
                },
                {
                    "type": "tuple",
                    "values": [
                        0.00730167812532323,
                        0.008968127284623775
                    ]
                },
                {
                    "type": "tuple",
                    "values": [
                        0.008789872953959998,
                        0.006930805766622299
                    ]
                },
                {
                    "type": "tuple",
                    "values": [
                        0.01174669702469,
                        0.009274690474927641
                    ]
                },
                {
                    "type": "tuple",
                    "values": [
                        0.016730720095179667,
                        0.015006780133058149
                    ]
                },
                {
                    "type": "tuple",
                    "values": [
                        0.011250190313240527,
                        0.015952513860439475
                    ]
                },
                {
                    "type": "tuple",
                    "values": [
                        0.007983554355851408,
                        0.010408884639014009
                    ]
                },
                {
                    "type": "tuple",
                    "values": [
                        0.010060431037910003,
                        0.012610662954869999
                    ]
                },
                {
                    "type": "tuple",
                    "values": [
                        0.014410063471283797,
                        0.020112208016487006
                    ]
                },
                {
                    "type": "tuple",
                    "values": [
                        0.007629272347348615,
                        0.008813266875919074
                    ]
                },
                {
                    "type": "tuple",
                    "values": [
                        0.009029083590128347,
                        0.014172935560027852
                    ]
                },
                {
                    "type": "tuple",
                    "values": [
                        0.021646713505573123,
                        0.028175360280728638
                    ]
                },
                {
                    "type": "tuple",
                    "values": [
                        0.033494596103159996,
                        0.01913235092830231
                    ]
                },
                {
                    "type": "tuple",
                    "values": [
                        0.008876499622992189,
                        0.011911134143721119
                    ]
                },
                {
                    "type": "tuple",
                    "values": [
                        0.009507885123428858,
                        0.012173050991069426
                    ]
                },
                {
                    "type": "tuple",
                    "values": [
                        0.014695697741485152,
                        0.018037755097872903
                    ]
                },
                {
                    "type": "tuple",
                    "values": [
                        0.008295201578590077,
                        0.005904124144153575
                    ]
                },
                {
                    "type": "tuple",
                    "values": [
                        0.002738173053689119,
                        0.0030533019027133568
                    ]
                },
                {
                    "type": "tuple",
                    "values": [
                        0.006276553407965955,
                        0.0028375313620200003
                    ]
                },
                {
                    "type": "tuple",
                    "values": [
                        0.037301985530862974,
                        0.027653526428054166
                    ]
                },
                {
                    "type": "tuple",
                    "values": [
                        0.02020912665107498,
                        0.012545733575762424
                    ]
                },
                {
                    "type": "tuple",
                    "values": [
                        0.01090005193050976,
                        0.010887125795713621
                    ]
                },
                {
                    "type": "tuple",
                    "values": [
                        0.016715003142123548,
                        0.016798461120899416
                    ]
                },
                {
                    "type": "tuple",
                    "values": [
                        0.020551333773970004,
                        0.02337780304153543
                    ]
                },
                {
                    "type": "tuple",
                    "values": [
                        0.01718204569394999,
                        0.020052998960990526
                    ]
                }
            ]
        },
        "errors_at_sigma_1": {
            "type": "list",
            "values": [
                {
                    "type": "tuple",
                    "values": [
                        0.0006658028905726766,
                        0.0006771236431404913
                    ]
                },
                {
                    "type": "tuple",
                    "values": [
                        0.0005598518308471314,
                        0.0005501439753976382
                    ]
                },
                {
                    "type": "tuple",
                    "values": [
                        0.0022602722638620787,
                        0.002285220134329982
                    ]
                },
                {
                    "type": "tuple",
                    "values": [
                        0.0019803743121509787,
                        0.002051152412803941
                    ]
                },
                {
                    "type": "tuple",
                    "values": [
                        0.0007437065271546283,
                        0.0007438025221753711
                    ]
                },
                {
                    "type": "tuple",
                    "values": [
                        0.000717098986872809,
                        0.0007299565503599355
                    ]
                },
                {
                    "type": "tuple",
                    "values": [
                        0.000788394795799154,
                        0.0007290474386108462
                    ]
                },
                {
                    "type": "tuple",
                    "values": [
                        0.0008129896694663728,
                        0.000732044016444099
                    ]
                },
                {
                    "type": "tuple",
                    "values": [
                        0.0006858808973821354,
                        0.0006385793504379467
                    ]
                },
                {
                    "type": "tuple",
                    "values": [
                        0.0006959313781740608,
                        0.0008252681266105746
                    ]
                },
                {
                    "type": "tuple",
                    "values": [
                        0.0015830482571499993,
                        0.002021716634166948
                    ]
                },
                {
                    "type": "tuple",
                    "values": [
                        0.0021180445075569404,
                        0.0020778163285799997
                    ]
                },
                {
                    "type": "tuple",
                    "values": [
                        0.001877245230634489,
                        0.001678026317915511
                    ]
                },
                {
                    "type": "tuple",
                    "values": [
                        0.0021752883241559964,
                        0.0019669081602491463
                    ]
                },
                {
                    "type": "tuple",
                    "values": [
                        0.0017074042985251439,
                        0.0017254755378272898
                    ]
                },
                {
                    "type": "tuple",
                    "values": [
                        0.0020502644244104664,
                        0.002093706354056042
                    ]
                },
                {
                    "type": "tuple",
                    "values": [
                        0.0014994830399997503,
                        0.0013865382032648083
                    ]
                },
                {
                    "type": "tuple",
                    "values": [
                        0.00211061721916093,
                        0.0019315053930990702
                    ]
                },
                {
                    "type": "tuple",
                    "values": [
                        0.0030826537362362155,
                        0.003261687143959996
                    ]
                },
                {
                    "type": "tuple",
                    "values": [
                        0.0026372014939585117,
                        0.002500366401440003
                    ]
                },
                {
                    "type": "tuple",
                    "values": [
                        0.0035831042974200002,
                        0.0036164593719399986
                    ]
                },
                {
                    "type": "tuple",
                    "values": [
                        0.005044684607346624,
                        0.004526958287458922
                    ]
                },
                {
                    "type": "tuple",
                    "values": [
                        0.003943045210590527,
                        0.00411550862071716
                    ]
                },
                {
                    "type": "tuple",
                    "values": [
                        0.002882297296018785,
                        0.0030729393070340096
                    ]
                },
                {
                    "type": "tuple",
                    "values": [
                        0.0035222290635471554,
                        0.0035619561416277215
                    ]
                },
                {
                    "type": "tuple",
                    "values": [
                        0.005117370504559897,
                        0.006250595608719996
                    ]
                },
                {
                    "type": "tuple",
                    "values": [
                        0.0012499699960644983,
                        0.00159634744574208
                    ]
                },
                {
                    "type": "tuple",
                    "values": [
                        0.0022832980732021488,
                        0.0013983325779778509
                    ]
                },
                {
                    "type": "tuple",
                    "values": [
                        0.00731162728435741,
                        0.007261522521528105
                    ]
                },
                {
                    "type": "tuple",
                    "values": [
                        0.008225931619545965,
                        0.0063745637865361485
                    ]
                },
                {
                    "type": "tuple",
                    "values": [
                        0.0033981164831529617,
                        0.0037833156212436145
                    ]
                },
                {
                    "type": "tuple",
                    "values": [
                        0.0029471141603231235,
                        0.0030796070230880053
                    ]
                },
                {
                    "type": "tuple",
                    "values": [
                        0.005288128836726025,
                        0.005644433730943095
                    ]
                },
                {
                    "type": "tuple",
                    "values": [
                        0.0025283022909176464,
                        0.002333226918025783
                    ]
                },
                {
                    "type": "tuple",
                    "values": [
                        0.0009243434493813596,
                        0.00090369897500997
                    ]
                },
                {
                    "type": "tuple",
                    "values": [
                        0.0022322215431887947,
                        0.0017647268274103953
                    ]
                },
                {
                    "type": "tuple",
                    "values": [
                        0.015435531649966902,
                        0.010999844787879437
                    ]
                },
                {
                    "type": "tuple",
                    "values": [
                        0.004879086826254977,
                        0.004736392292045023
                    ]
                },
                {
                    "type": "tuple",
                    "values": [
                        0.004262000866523577,
                        0.003653441744509465
                    ]
                },
                {
                    "type": "tuple",
                    "values": [
                        0.005774189874766224,
                        0.0072190563166215985
                    ]
                },
                {
                    "type": "tuple",
                    "values": [
                        0.0070938276099056785,
                        0.007371445588788706
                    ]
                },
                {
                    "type": "tuple",
                    "values": [
                        0.007256553737799551,
                        0.00649234137497091
                    ]
                }
            ]
        },
        "max_log_likelihood_sample": {
            "type": "instance",
            "class_path": "autofit.non_linear.samples.sample.Sample",
            "arguments": {
                "log_likelihood": -217.8113698524772,
                "log_prior": 0.0,
                "weight": 0.001074660177092915,
                "kwargs": {
                    "type": "dict",
                    "arguments": {
                        "ellipses.ellipse_4.centre.centre_0": -0.00042877064831,
                        "ellipses.ellipse_4.centre.centre_1": 0.00108032213152,
                        "ellipses.ellipse_0.ell_comps.ell_comps_0": -0.07435688561603,
                        "ellipses.ellipse_0.ell_comps.ell_comps_1": 0.02728745165679,
                        "multipoles.0.multipole_1.multipole_comps.multipole_comps_0": -0.0036872519885,
                        "multipoles.0.multipole_1.multipole_comps.multipole_comps_1": 0.00048534885489,
                        "multipoles.0.multipole_3.multipole_comps.multipole_comps_0": -0.00135799068316,
                        "multipoles.0.multipole_3.multipole_comps.multipole_comps_1": 0.00013530828053,
                        "multipoles.0.multipole_4.multipole_comps.multipole_comps_0": 0.00375473943112,
                        "multipoles.0.multipole_4.multipole_comps.multipole_comps_1": -0.00118598139142,
                        "ellipses.ellipse_1.ell_comps.ell_comps_0": -0.09308344731531,
                        "ellipses.ellipse_1.ell_comps.ell_comps_1": 0.02269627346369,
                        "multipoles.1.multipole_1.multipole_comps.multipole_comps_0": 0.00073303352927,
                        "multipoles.1.multipole_1.multipole_comps.multipole_comps_1": -0.00169938714051,
                        "multipoles.1.multipole_3.multipole_comps.multipole_comps_0": -0.00386460846876,
                        "multipoles.1.multipole_3.multipole_comps.multipole_comps_1": 0.00147513885799,
                        "multipoles.1.multipole_4.multipole_comps.multipole_comps_0": -0.00705606035015,
                        "multipoles.1.multipole_4.multipole_comps.multipole_comps_1": -0.00074859712778,
                        "ellipses.ellipse_2.ell_comps.ell_comps_0": -0.10681439689865,
                        "ellipses.ellipse_2.ell_comps.ell_comps_1": 0.04694619810693,
                        "multipoles.2.multipole_1.multipole_comps.multipole_comps_0": 0.01030262853134,
                        "multipoles.2.multipole_1.multipole_comps.multipole_comps_1": -0.00320005417939,
                        "multipoles.2.multipole_3.multipole_comps.multipole_comps_0": -0.01983408141478,
                        "multipoles.2.multipole_3.multipole_comps.multipole_comps_1": 0.02253183037139,
                        "multipoles.2.multipole_4.multipole_comps.multipole_comps_0": -0.02899603182694,
                        "multipoles.2.multipole_4.multipole_comps.multipole_comps_1": 0.05331922168004,
                        "ellipses.ellipse_3.ell_comps.ell_comps_0": -0.18651045188997,
                        "ellipses.ellipse_3.ell_comps.ell_comps_1": 0.00776550765105,
                        "multipoles.3.multipole_1.multipole_comps.multipole_comps_0": 0.01660253878998,
                        "multipoles.3.multipole_1.multipole_comps.multipole_comps_1": 0.01164041285339,
                        "multipoles.3.multipole_3.multipole_comps.multipole_comps_0": -0.03823425885763,
                        "multipoles.3.multipole_3.multipole_comps.multipole_comps_1": -0.02923320989312,
                        "multipoles.3.multipole_4.multipole_comps.multipole_comps_0": -0.05108415729165,
                        "multipoles.3.multipole_4.multipole_comps.multipole_comps_1": -0.00577093257017,
                        "ellipses.ellipse_4.ell_comps.ell_comps_0": -0.25430822030844,
                        "ellipses.ellipse_4.ell_comps.ell_comps_1": -0.00151189940169,
                        "multipoles.4.multipole_1.multipole_comps.multipole_comps_0": -0.09445601203452,
                        "multipoles.4.multipole_1.multipole_comps.multipole_comps_1": 0.013040897579,
                        "multipoles.4.multipole_3.multipole_comps.multipole_comps_0": 0.02205896218941,
                        "multipoles.4.multipole_3.multipole_comps.multipole_comps_1": 0.05429741805257,
                        "multipoles.4.multipole_4.multipole_comps.multipole_comps_0": -0.03552342742721,
                        "multipoles.4.multipole_4.multipole_comps.multipole_comps_1": -0.00048143697916
                    }
                }
            }
        },
        "median_pdf_sample": {
            "type": "instance",
            "class_path": "autofit.non_linear.samples.sample.Sample",
            "arguments": {
                "log_likelihood": -217.8113698524772,
                "log_prior": 0.0,
                "weight": 0.001074660177092915,
                "kwargs": {
                    "type": "dict",
                    "arguments": {
                        "ellipses.ellipse_4.centre.centre_0": -0.0005445339470713155,
                        "ellipses.ellipse_4.centre.centre_1": 0.0009779494973646504,
                        "ellipses.ellipse_0.ell_comps.ell_comps_0": -0.07588064818576998,
                        "ellipses.ellipse_0.ell_comps.ell_comps_1": 0.026830552959452563,
                        "multipoles.0.multipole_1.multipole_comps.multipole_comps_0": -0.0035113096913053712,
                        "multipoles.0.multipole_1.multipole_comps.multipole_comps_1": 0.00013620629442,
                        "multipoles.0.multipole_3.multipole_comps.multipole_comps_0": -0.0012476371319108462,
                        "multipoles.0.multipole_3.multipole_comps.multipole_comps_1": 0.00041429335931,
                        "multipoles.0.multipole_4.multipole_comps.multipole_comps_0": 0.0035169671765320535,
                        "multipoles.0.multipole_4.multipole_comps.multipole_comps_1": -0.00158778645537,
                        "ellipses.ellipse_1.ell_comps.ell_comps_0": -0.09101555920876,
                        "ellipses.ellipse_1.ell_comps.ell_comps_1": 0.02480264120212,
                        "multipoles.1.multipole_1.multipole_comps.multipole_comps_0": 0.0014161112099944889,
                        "multipoles.1.multipole_1.multipole_comps.multipole_comps_1": 0.0013656398067808538,
                        "multipoles.1.multipole_3.multipole_comps.multipole_comps_0": -0.00468700368241729,
                        "multipoles.1.multipole_3.multipole_comps.multipole_comps_1": 0.0006836456350104663,
                        "multipoles.1.multipole_4.multipole_comps.multipole_comps_0": -0.007215881454324808,
                        "multipoles.1.multipole_4.multipole_comps.multipole_comps_1": 0.0010753510305109297,
                        "ellipses.ellipse_2.ell_comps.ell_comps_0": -0.10374944160082,
                        "ellipses.ellipse_2.ell_comps.ell_comps_1": 0.04671561685768,
                        "multipoles.2.multipole_1.multipole_comps.multipole_comps_0": 0.01251913659744,
                        "multipoles.2.multipole_1.multipole_comps.multipole_comps_1": -0.0035575259287333764,
                        "multipoles.2.multipole_3.multipole_comps.multipole_comps_0": -0.016487987504659473,
                        "multipoles.2.multipole_3.multipole_comps.multipole_comps_1": 0.019699876342095992,
                        "multipoles.2.multipole_4.multipole_comps.multipole_comps_0": -0.02634230152785,
                        "multipoles.2.multipole_4.multipole_comps.multipole_comps_1": 0.05695989988829,
                        "ellipses.ellipse_3.ell_comps.ell_comps_0": -0.18554425230021052,
                        "ellipses.ellipse_3.ell_comps.ell_comps_1": 0.007434228560432149,
                        "multipoles.3.multipole_1.multipole_comps.multipole_comps_0": 0.014555196798573124,
                        "multipoles.3.multipole_1.multipole_comps.multipole_comps_1": 0.01137190047419,
                        "multipoles.3.multipole_3.multipole_comps.multipole_comps_0": -0.03482049175993704,
                        "multipoles.3.multipole_3.multipole_comps.multipole_comps_1": -0.028532096850726878,
                        "multipoles.3.multipole_4.multipole_comps.multipole_comps_0": -0.047835644429967246,
                        "multipoles.3.multipole_4.multipole_comps.multipole_comps_1": -0.006692196636875783,
                        "ellipses.ellipse_4.ell_comps.ell_comps_0": -0.25451552377361,
                        "ellipses.ellipse_4.ell_comps.ell_comps_1": -0.00284907127653,
                        "multipoles.4.multipole_1.multipole_comps.multipole_comps_0": -0.08172767030148176,
                        "multipoles.4.multipole_1.multipole_comps.multipole_comps_1": 0.015536375840164977,
                        "multipoles.4.multipole_3.multipole_comps.multipole_comps_0": 0.02079415693864638,
                        "multipoles.4.multipole_3.multipole_comps.multipole_comps_1": 0.0474736602996684,
                        "multipoles.4.multipole_4.multipole_comps.multipole_comps_0": -0.0352333078317,
                        "multipoles.4.multipole_4.multipole_comps.multipole_comps_1": 0.004256292654219551
                    }
                }
            }
        },
        "log_evidence": -321.1368121474948,
        "model": null,
        "values_at_sigma_1": {
            "type": "list",
            "values": [
                {
                    "type": "tuple",
                    "values": [
                        -0.0012103368376439922,
                        0.00013258969606917578
                    ]
                },
                {
                    "type": "tuple",
                    "values": [
                        0.00041809766651751905,
                        0.0015280934727622886
                    ]
                },
                {
                    "type": "tuple",
                    "values": [
                        -0.07814092044963206,
                        -0.07359542805144
                    ]
                },
                {
                    "type": "tuple",
                    "values": [
                        0.024850178647301584,
                        0.028881705372256504
                    ]
                },
                {
                    "type": "tuple",
                    "values": [
                        -0.00425501621846,
                        -0.00276750716913
                    ]
                },
                {
                    "type": "tuple",
                    "values": [
                        -0.0005808926924528089,
                        0.0008661628447799355
                    ]
                },
                {
                    "type": "tuple",
                    "values": [
                        -0.00203603192771,
                        -0.0005185896933
                    ]
                },
                {
                    "type": "tuple",
                    "values": [
                        -0.00039869631015637284,
                        0.001146337375754099
                    ]
                },
                {
                    "type": "tuple",
                    "values": [
                        0.002831086279149918,
                        0.00415554652697
                    ]
                },
                {
                    "type": "tuple",
                    "values": [
                        -0.002283717833544061,
                        -0.0007625183287594255
                    ]
                },
                {
                    "type": "tuple",
                    "values": [
                        -0.09259860746591,
                        -0.08899384257459306
                    ]
                },
                {
                    "type": "tuple",
                    "values": [
                        0.02268459669456306,
                        0.0268804575307
                    ]
                },
                {
                    "type": "tuple",
                    "values": [
                        -0.00046113402064,
                        0.00309413752791
                    ]
                },
                {
                    "type": "tuple",
                    "values": [
                        -0.0008096485173751427,
                        0.00333254796703
                    ]
                },
                {
                    "type": "tuple",
                    "values": [
                        -0.006394407980942434,
                        -0.00296152814459
                    ]
                },
                {
                    "type": "tuple",
                    "values": [
                        -0.0013666187894,
                        0.0027773519890665083
                    ]
                },
                {
                    "type": "tuple",
                    "values": [
                        -0.008715364494324558,
                        -0.00582934325106
                    ]
                },
                {
                    "type": "tuple",
                    "values": [
                        -0.00103526618865,
                        0.00300685642361
                    ]
                },
                {
                    "type": "tuple",
                    "values": [
                        -0.10683209533705622,
                        -0.10048775445686
                    ]
                },
                {
                    "type": "tuple",
                    "values": [
                        0.044078415363721486,
                        0.04921598325912
                    ]
                },
                {
                    "type": "tuple",
                    "values": [
                        0.00893603230002,
                        0.01613559596938
                    ]
                },
                {
                    "type": "tuple",
                    "values": [
                        -0.00860221053608,
                        0.0009694323587255461
                    ]
                },
                {
                    "type": "tuple",
                    "values": [
                        -0.02043103271525,
                        -0.012372478883942313
                    ]
                },
                {
                    "type": "tuple",
                    "values": [
                        0.016817579046077207,
                        0.02277281564913
                    ]
                },
                {
                    "type": "tuple",
                    "values": [
                        -0.029864530591397154,
                        -0.022780345386222277
                    ]
                },
                {
                    "type": "tuple",
                    "values": [
                        0.0518425293837301,
                        0.06321049549701
                    ]
                },
                {
                    "type": "tuple",
                    "values": [
                        -0.18679422229627501,
                        -0.18394790485446844
                    ]
                },
                {
                    "type": "tuple",
                    "values": [
                        0.00515093048723,
                        0.00883256113841
                    ]
                },
                {
                    "type": "tuple",
                    "values": [
                        0.0072435695142157135,
                        0.02181671932010123
                    ]
                },
                {
                    "type": "tuple",
                    "values": [
                        0.0031459688546440342,
                        0.01774646426072615
                    ]
                },
                {
                    "type": "tuple",
                    "values": [
                        -0.03821860824309,
                        -0.031037176138693424
                    ]
                },
                {
                    "type": "tuple",
                    "values": [
                        -0.03147921101105,
                        -0.025452489827638872
                    ]
                },
                {
                    "type": "tuple",
                    "values": [
                        -0.05312377326669327,
                        -0.04219121069902415
                    ]
                },
                {
                    "type": "tuple",
                    "values": [
                        -0.00922049892779343,
                        -0.00435896971885
                    ]
                },
                {
                    "type": "tuple",
                    "values": [
                        -0.25543986722299133,
                        -0.2536118247986
                    ]
                },
                {
                    "type": "tuple",
                    "values": [
                        -0.005081292819718795,
                        -0.001084344449119605
                    ]
                },
                {
                    "type": "tuple",
                    "values": [
                        -0.09716320195144866,
                        -0.07072782551360232
                    ]
                },
                {
                    "type": "tuple",
                    "values": [
                        0.01065728901391,
                        0.02027276813221
                    ]
                },
                {
                    "type": "tuple",
                    "values": [
                        0.016532156072122803,
                        0.024447598683155845
                    ]
                },
                {
                    "type": "tuple",
                    "values": [
                        0.04169947042490218,
                        0.05469271661629
                    ]
                },
                {
                    "type": "tuple",
                    "values": [
                        -0.04232713544160568,
                        -0.027861862242911293
                    ]
                },
                {
                    "type": "tuple",
                    "values": [
                        -0.00300026108358,
                        0.01074863402919046
                    ]
                }
            ]
        }
    }
}