{
    "type": "instance",
    "class_path": "autofit.non_linear.samples.summary.SamplesSummary",
    "arguments": {
        "model": null,
        "errors_at_sigma_1": {
            "type": "list",
            "values": [
                {
                    "type": "tuple",
                    "values": [
                        0.005345092873729668,
                        0.00556815099930226
                    ]
                },
                {
                    "type": "tuple",
                    "values": [
                        0.007760431466943458,
                        0.004488088395186541
                    ]
                },
                {
                    "type": "tuple",
                    "values": [
                        0.02268328229561093,
                        0.03591103152251145
                    ]
                },
                {
                    "type": "tuple",
                    "values": [
                        0.04086186752780499,
                        0.025281038049606443
                    ]
                },
                {
                    "type": "tuple",
                    "values": [
                        0.02398113258383,
                        0.024313394513146305
                    ]
                },
                {
                    "type": "tuple",
                    "values": [
                        0.013041235631900003,
                        0.02313870081912
                    ]
                },
                {
                    "type": "tuple",
                    "values": [
                        0.02078060447989779,
                        0.027663124940000283
                    ]
                },
                {
                    "type": "tuple",
                    "values": [
                        0.021138019474277334,
                        0.02230754271430336
                    ]
                }
            ]
        },
        "median_pdf_sample": {
            "type": "instance",
            "class_path": "autofit.non_linear.samples.sample.Sample",
            "arguments": {
                "log_likelihood": -49.48992996428056,
                "log_prior": 0.0,
                "weight": 0.0010245890327981511,
                "kwargs": {
                    "type": "dict",
                    "arguments": {
                        "ellipses.0.ell_comps.ell_comps_0": -0.11523211658834079,
                        "ellipses.0.ell_comps.ell_comps_1": 0.028312618931313458,
                        "multipoles.0.multipole_1.multipole_comps.multipole_comps_0": -0.02745817954260766,
                        "multipoles.0.multipole_1.multipole_comps.multipole_comps_1": 0.026784759959194993,
                        "multipoles.0.multipole_3.multipole_comps.multipole_comps_0": 0.05117308680582,
                        "multipoles.0.multipole_3.multipole_comps.multipole_comps_1": -0.01967510009383,
                        "multipoles.0.multipole_4.multipole_comps.multipole_comps_0": 0.041812618629684106,
                        "multipoles.0.multipole_4.multipole_comps.multipole_comps_1": -0.007970325605723357
                    }
                }
            }
        },
        "errors_at_sigma_3": {
            "type": "list",
            "values": [
                {
                    "type": "tuple",
                    "values": [
                        0.007255318886989215,
                        0.04176254387279078
                    ]
                },
                {
                    "type": "tuple",
                    "values": [
                        0.013488013608341783,
                        0.0468964255766004
                    ]
                },
                {
                    "type": "tuple",
                    "values": [
                        0.053072531240081273,
                        0.09184767957576473
                    ]
                },
                {
                    "type": "tuple",
                    "values": [
                        0.163253218567465,
                        0.054495884517580986
                    ]
                },
                {
                    "type": "tuple",
                    "values": [
                        0.09053015329444822,
                        0.04793400732368151
                    ]
                },
                {
                    "type": "tuple",
                    "values": [
                        0.04348753294424999,
                        0.0735870538940275
                    ]
                },
                {
                    "type": "tuple",
                    "values": [
                        0.12051559230289145,
                        0.05708579600219009
                    ]
                },
                {
                    "type": "tuple",
                    "values": [
                        0.05278248090480664,
                        0.08087909760679758
                    ]
                }
            ]
        },
        "log_evidence": -71.30324468294431,
        "max_log_likelihood_sample": {
            "type": "instance",
            "class_path": "autofit.non_linear.samples.sample.Sample",
            "arguments": {
                "log_likelihood": -49.48992996428056,
                "log_prior": 0.0,
                "weight": 0.0010245890327981511,
                "kwargs": {
                    "type": "dict",
                    "arguments": {
                        "ellipses.0.ell_comps.ell_comps_0": -0.12077393831426,
                        "ellipses.0.ell_comps.ell_comps_1": 0.02942684566314,
                        "multipoles.0.multipole_1.multipole_comps.multipole_comps_0": -0.05262980756933,
                        "multipoles.0.multipole_1.multipole_comps.multipole_comps_1": 0.01946907626082,
                        "multipoles.0.multipole_3.multipole_comps.multipole_comps_0": 0.04518623413164,
                        "multipoles.0.multipole_3.multipole_comps.multipole_comps_1": -0.02195832983626,
                        "multipoles.0.multipole_4.multipole_comps.multipole_comps_0": 0.03383072813093,
                        "multipoles.0.multipole_4.multipole_comps.multipole_comps_1": -0.01657990655346
                    }
                }
            }
        },
        "values_at_sigma_3": {
            "type": "list",
            "values": [
                {
                    "type": "tuple",
                    "values": [
                        -0.12248743547533,
                        -0.07346957271555
                    ]
                },
                {
                    "type": "tuple",
                    "values": [
                        0.014824605322971675,
                        0.07520904450791385
                    ]
                },
                {
                    "type": "tuple",
                    "values": [
                        -0.08053071078268893,
                        0.06438950003315708
                    ]
                },
                {
                    "type": "tuple",
                    "values": [
                        -0.13646845860827,
                        0.08128064447677598
                    ]
                },
                {
                    "type": "tuple",
                    "values": [
                        -0.03935706648862821,
                        0.09910709412950151
                    ]
                },
                {
                    "type": "tuple",
                    "values": [
                        -0.06316263303808,
                        0.05391195380019751
                    ]
                },
                {
                    "type": "tuple",
                    "values": [
                        -0.07870297367320735,
                        0.0988984146318742
                    ]
                },
                {
                    "type": "tuple",
                    "values": [
                        -0.06075280651053,
                        0.07290877200107422
                    ]
                }
            ]
        },
        "values_at_sigma_1": {
            "type": "list",
            "values": [
                {
                    "type": "tuple",
                    "values": [
                        -0.12057720946207046,
                        -0.10966396558903853
                    ]
                },
                {
                    "type": "tuple",
                    "values": [
                        0.02055218746437,
                        0.0328007073265
                    ]
                },
                {
                    "type": "tuple",
                    "values": [
                        -0.05014146183821859,
                        0.008452851979903789
                    ]
                },
                {
                    "type": "tuple",
                    "values": [
                        -0.01407710756861,
                        0.052065798008801435
                    ]
                },
                {
                    "type": "tuple",
                    "values": [
                        0.02719195422199,
                        0.0754864813189663
                    ]
                },
                {
                    "type": "tuple",
                    "values": [
                        -0.03271633572573,
                        0.00346360072529
                    ]
                },
                {
                    "type": "tuple",
                    "values": [
                        0.021032014149786317,
                        0.06947574356968439
                    ]
                },
                {
                    "type": "tuple",
                    "values": [
                        -0.02910834508000069,
                        0.01433721710858
                    ]
                }
            ]
        }
    }
}