{
    "type": "instance",
    "class_path": "autofit.non_linear.samples.summary.SamplesSummary",
    "arguments": {
        "values_at_sigma_1": {
            "type": "list",
            "values": [
                {
                    "type": "tuple",
                    "values": [
                        0.0823370796134893,
                        0.102503002593234
                    ]
                },
                {
                    "type": "tuple",
                    "values": [
                        0.001588653239823327,
                        0.06420458040935
                    ]
                }
            ]
        },
        "values_at_sigma_3": {
            "type": "list",
            "values": [
                {
                    "type": "tuple",
                    "values": [
                        -0.01396185420366,
                        0.14600304886572
                    ]
                },
                {
                    "type": "tuple",
                    "values": [
                        -0.05970811938531579,
                        0.42149725016738293
                    ]
                }
            ]
        },
        "model": null,
        "median_pdf_sample": {
            "type": "instance",
            "class_path": "autofit.non_linear.samples.sample.Sample",
            "arguments": {
                "log_likelihood": -31.887726698930308,
                "log_prior": 0.0,
                "weight": 0.0009979594311708808,
                "kwargs": {
                    "type": "dict",
                    "arguments": {
                        "ellipses.0.ell_comps.ell_comps_0": 0.0922109797198961,
                        "ellipses.0.ell_comps.ell_comps_1": 0.05500679303551352
                    }
                }
            }
        },
        "max_log_likelihood_sample": {
            "type": "instance",
            "class_path": "autofit.non_linear.samples.sample.Sample",
            "arguments": {
                "log_likelihood": -31.887726698930308,
                "log_prior": 0.0,
                "weight": 0.0009979594311708808,
                "kwargs": {
                    "type": "dict",
                    "arguments": {
                        "ellipses.0.ell_comps.ell_comps_0": 0.09237549871414,
                        "ellipses.0.ell_comps.ell_comps_1": 0.0564861471426
                    }
                }
            }
        },
        "errors_at_sigma_3": {
            "type": "list",
            "values": [
                {
                    "type": "tuple",
                    "values": [
                        0.1061728339235561,
                        0.05379206914582389
                    ]
                },
                {
                    "type": "tuple",
                    "values": [
                        0.11471491242082932,
                        0.3664904571318694
                    ]
                }
            ]
        },
        "errors_at_sigma_1": {
            "type": "list",
            "values": [
                {
                    "type": "tuple",
                    "values": [
                        0.009873900106406805,
                        0.0102920228733379
                    ]
                },
                {
                    "type": "tuple",
                    "values": [
                        0.05341813979569019,
                        0.009197787373836475
                    ]
                }
            ]
        },
        "log_evidence": -41.50046909224292
    }
}