{
    "type": "collection",
    "arguments": {
        "ellipses": {
            "type": "collection",
            "arguments": {
                "0": {
                    "class_path": "autogalaxy.ellipse.ellipse.ellipse.Ellipse",
                    "type": "model",
                    "arguments": {
                        "centre": {
                            "type": "tuple_prior",
                            "arguments": {
                                "centre_0": 0.00019698652251,
                                "centre_1": 6.649790821e-05
                            }
                        },
                        "ell_comps": {
                            "type": "tuple_prior",
                            "arguments": {
                                "ell_comps_0": {
                                    "lower_limit": -0.6,
                                    "upper_limit": 0.6,
                                    "type": "Uniform",
                                    "id": 78
                                },
                                "ell_comps_1": {
                                    "lower_limit": -0.6,
                                    "upper_limit": 0.6,
                                    "type": "Uniform",
                                    "id": 79
                                }
                            }
                        },
                        "major_axis": {
                            "type": "Constant",
                            "value": 2.0
                        }
                    }
                }
            }
        }
    }
}