{
    "type": "instance",
    "class_path": "autofit.non_linear.samples.summary.SamplesSummary",
    "arguments": {
        "model": null,
        "median_pdf_sample": {
            "type": "instance",
            "class_path": "autofit.non_linear.samples.sample.Sample",
            "arguments": {
                "log_likelihood": -62.49287611051348,
                "log_prior": 0.0,
                "weight": 0.0009863126720410435,
                "kwargs": {
                    "type": "dict",
                    "arguments": {
                        "ellipses.0.ell_comps.ell_comps_0": -0.023508452933143277,
                        "ellipses.0.ell_comps.ell_comps_1": -0.020237838521007776
                    }
                }
            }
        },
        "values_at_sigma_3": {
            "type": "list",
            "values": [
                {
                    "type": "tuple",
                    "values": [
                        -0.03658617470903,
                        -0.008745582329701492
                    ]
                },
                {
                    "type": "tuple",
                    "values": [
                        -0.02933848045629446,
                        -0.006934779439152162
                    ]
                }
            ]
        },
        "values_at_sigma_1": {
            "type": "list",
            "values": [
                {
                    "type": "tuple",
                    "values": [
                        -0.029151709104762467,
                        -0.018924185389648473
                    ]
                },
                {
                    "type": "tuple",
                    "values": [
                        -0.023511847339609374,
                        -0.016501792206473406
                    ]
                }
            ]
        },
        "errors_at_sigma_1": {
            "type": "list",
            "values": [
                {
                    "type": "tuple",
                    "values": [
                        0.00564325617161919,
                        0.004584267543494804
                    ]
                },
                {
                    "type": "tuple",
                    "values": [
                        0.003274008818601598,
                        0.0037360463145343706
                    ]
                }
            ]
        },
        "log_evidence": -72.5933009604651,
        "max_log_likelihood_sample": {
            "type": "instance",
            "class_path": "autofit.non_linear.samples.sample.Sample",
            "arguments": {
                "log_likelihood": -62.49287611051348,
                "log_prior": 0.0,
                "weight": 0.0009863126720410435,
                "kwargs": {
                    "type": "dict",
                    "arguments": {
                        "ellipses.0.ell_comps.ell_comps_0": -0.0218359886697,
                        "ellipses.0.ell_comps.ell_comps_1": -0.02261558781927
                    }
                }
            }
        },
        "errors_at_sigma_3": {
            "type": "list",
            "values": [
                {
                    "type": "tuple",
                    "values": [
                        0.013077721775886723,
                        0.014762870603441785
                    ]
                },
                {
                    "type": "tuple",
                    "values": [
                        0.009100641935286684,
                        0.013303059081855615
                    ]
                }
            ]
        }
    }
}