{
    "type": "instance",
    "class_path": "autofit.non_linear.samples.summary.SamplesSummary",
    "arguments": {
        "errors_at_sigma_1": {
            "type": "list",
            "values": [
                {
                    "type": "tuple",
                    "values": [
                        0.002815128471241754,
                        0.006156173707887111
                    ]
                },
                {
                    "type": "tuple",
                    "values": [
                        0.006250236081480148,
                        0.0058815283638729565
                    ]
                },
                {
                    "type": "tuple",
                    "values": [
                        0.010659424122579229,
                        0.013870996913166825
                    ]
                },
                {
                    "type": "tuple",
                    "values": [
                        0.020223977354650164,
                        0.011658614800944423
                    ]
                },
                {
                    "type": "tuple",
                    "values": [
                        0.015001822231054408,
                        0.01172267134426938
                    ]
                },
                {
                    "type": "tuple",
                    "values": [
                        0.01615027273267644,
                        0.018684379250566298
                    ]
                }
            ]
        },
        "log_evidence": -56.109383750700744,
        "model": null,
        "median_pdf_sample": {
            "type": "instance",
            "class_path": "autofit.non_linear.samples.sample.Sample",
            "arguments": {
                "log_likelihood": -37.56538166778006,
                "log_prior": 0.0,
                "weight": 0.0010249883544479594,
                "kwargs": {
                    "type": "dict",
                    "arguments": {
                        "ellipses.0.ell_comps.ell_comps_0": -0.08427914321539,
                        "ellipses.0.ell_comps.ell_comps_1": -0.03988215268974985,
                        "multipoles.0.multipole_3.multipole_comps.multipole_comps_0": -0.024175355314876825,
                        "multipoles.0.multipole_3.multipole_comps.multipole_comps_1": 0.02373618132281558,
                        "multipoles.0.multipole_4.multipole_comps.multipole_comps_0": 0.029066639878630618,
                        "multipoles.0.multipole_4.multipole_comps.multipole_comps_1": 0.012651078910347106
                    }
                }
            }
        },
        "values_at_sigma_3": {
            "type": "list",
            "values": [
                {
                    "type": "tuple",
                    "values": [
                        -0.09204341656473865,
                        -0.06178228894847527
                    ]
                },
                {
                    "type": "tuple",
                    "values": [
                        -0.06594855143547,
                        -0.0224865863242643
                    ]
                },
                {
                    "type": "tuple",
                    "values": [
                        -0.0590534842683,
                        0.021894743425749087
                    ]
                },
                {
                    "type": "tuple",
                    "values": [
                        -0.025682636173797048,
                        0.05261459558647585
                    ]
                },
                {
                    "type": "tuple",
                    "values": [
                        -0.04611952620509987,
                        0.06474301327814
                    ]
                },
                {
                    "type": "tuple",
                    "values": [
                        -0.047277285177310786,
                        0.05582078734542
                    ]
                }
            ]
        },
        "values_at_sigma_1": {
            "type": "list",
            "values": [
                {
                    "type": "tuple",
                    "values": [
                        -0.08709427168663175,
                        -0.07812296950750289
                    ]
                },
                {
                    "type": "tuple",
                    "values": [
                        -0.04613238877123,
                        -0.034000624325876895
                    ]
                },
                {
                    "type": "tuple",
                    "values": [
                        -0.034834779437456054,
                        -0.01030435840171
                    ]
                },
                {
                    "type": "tuple",
                    "values": [
                        0.0035122039681654152,
                        0.03539479612376
                    ]
                },
                {
                    "type": "tuple",
                    "values": [
                        0.01406481764757621,
                        0.0407893112229
                    ]
                },
                {
                    "type": "tuple",
                    "values": [
                        -0.003499193822329333,
                        0.031335458160913404
                    ]
                }
            ]
        },
        "max_log_likelihood_sample": {
            "type": "instance",
            "class_path": "autofit.non_linear.samples.sample.Sample",
            "arguments": {
                "log_likelihood": -37.56538166778006,
                "log_prior": 0.0,
                "weight": 0.0010249883544479594,
                "kwargs": {
                    "type": "dict",
                    "arguments": {
                        "ellipses.0.ell_comps.ell_comps_0": -0.08548834555634,
                        "ellipses.0.ell_comps.ell_comps_1": -0.04093139215002,
                        "multipoles.0.multipole_3.multipole_comps.multipole_comps_0": -0.02805056384749,
                        "multipoles.0.multipole_3.multipole_comps.multipole_comps_1": 0.03539479612376,
                        "multipoles.0.multipole_4.multipole_comps.multipole_comps_0": 0.03571854775473,
                        "multipoles.0.multipole_4.multipole_comps.multipole_comps_1": 0.0124039248053
                    }
                }
            }
        },
        "errors_at_sigma_3": {
            "type": "list",
            "values": [
                {
                    "type": "tuple",
                    "values": [
                        0.007764273349348649,
                        0.02249685426691473
                    ]
                },
                {
                    "type": "tuple",
                    "values": [
                        0.02606639874572015,
                        0.017395566365485553
                    ]
                },
                {
                    "type": "tuple",
                    "values": [
                        0.03487812895342317,
                        0.04607009874062591
                    ]
                },
                {
                    "type": "tuple",
                    "values": [
                        0.04941881749661263,
                        0.02887841426366027
                    ]
                },
                {
                    "type": "tuple",
                    "values": [
                        0.0751861660837305,
                        0.03567637339950938
                    ]
                },
                {
                    "type": "tuple",
                    "values": [
                        0.05992836408765789,
                        0.043169708435072895
                    ]
                }
            ]
        }
    }
}