{
    "type": "instance",
    "class_path": "autofit.non_linear.samples.summary.SamplesSummary",
    "arguments": {
        "values_at_sigma_1": {
            "type": "list",
            "values": [
                {
                    "type": "tuple",
                    "values": [
                        -0.009406508605724633,
                        -0.00205200777394
                    ]
                },
                {
                    "type": "tuple",
                    "values": [
                        -0.1738831373467,
                        -0.1700856314779777
                    ]
                },
                {
                    "type": "tuple",
                    "values": [
                        0.04791859299877688,
                        0.08565143703919209
                    ]
                },
                {
                    "type": "tuple",
                    "values": [
                        0.04016274408913933,
                        0.08381717094969311
                    ]
                },
                {
                    "type": "tuple",
                    "values": [
                        0.06487600583629825,
                        0.09442031234190845
                    ]
                },
                {
                    "type": "tuple",
                    "values": [
                        0.03745530730705,
                        0.07108180312033399
                    ]
                },
                {
                    "type": "tuple",
                    "values": [
                        0.04922040344822405,
                        0.08464523306763
                    ]
                },
                {
                    "type": "tuple",
                    "values": [
                        -0.021303756189717093,
                        0.03233586498335033
                    ]
                }
            ]
        },
        "errors_at_sigma_3": {
            "type": "list",
            "values": [
                {
                    "type": "tuple",
                    "values": [
                        0.013832049578347157,
                        0.02662614586821449
                    ]
                },
                {
                    "type": "tuple",
                    "values": [
                        0.008467503660389702,
                        0.007860453957560215
                    ]
                },
                {
                    "type": "tuple",
                    "values": [
                        0.09340457364211446,
                        0.08396066916619552
                    ]
                },
                {
                    "type": "tuple",
                    "values": [
                        0.17350802787460645,
                        0.065153533591866
                    ]
                },
                {
                    "type": "tuple",
                    "values": [
                        0.07988095674831812,
                        0.01634997561007405
                    ]
                },
                {
                    "type": "tuple",
                    "values": [
                        0.09457738136644456,
                        0.04532698319255324
                    ]
                },
                {
                    "type": "tuple",
                    "values": [
                        0.10191402021431,
                        0.03133324078267109
                    ]
                },
                {
                    "type": "tuple",
                    "values": [
                        0.09086281473493912,
                        0.0801774137013239
                    ]
                }
            ]
        },
        "log_evidence": -61.17760753924017,
        "model": null,
        "values_at_sigma_3": {
            "type": "list",
            "values": [
                {
                    "type": "tuple",
                    "values": [
                        -0.019255176748127156,
                        0.02120301869843449
                    ]
                },
                {
                    "type": "tuple",
                    "values": [
                        -0.18068285780424215,
                        -0.16435490018629223
                    ]
                },
                {
                    "type": "tuple",
                    "values": [
                        -0.02799096253167,
                        0.14937428027664
                    ]
                },
                {
                    "type": "tuple",
                    "values": [
                        -0.1100400577069,
                        0.12862150375957246
                    ]
                },
                {
                    "type": "tuple",
                    "values": [
                        0.003748214108215275,
                        0.09997914646660744
                    ]
                },
                {
                    "type": "tuple",
                    "values": [
                        -0.04127812148628,
                        0.09862624307271779
                    ]
                },
                {
                    "type": "tuple",
                    "values": [
                        -0.03519853043677,
                        0.09804873056021109
                    ]
                },
                {
                    "type": "tuple",
                    "values": [
                        -0.08994117573175303,
                        0.08109905270451
                    ]
                }
            ]
        },
        "max_log_likelihood_sample": {
            "type": "instance",
            "class_path": "autofit.non_linear.samples.sample.Sample",
            "arguments": {
                "log_likelihood": -40.36481751010072,
                "log_prior": 0.0,
                "weight": 0.001013560689809923,
                "kwargs": {
                    "type": "dict",
                    "arguments": {
                        "ellipses.0.ell_comps.ell_comps_0": -0.00455588090683,
                        "ellipses.0.ell_comps.ell_comps_1": -0.17221465903883,
                        "multipoles.0.multipole_1.multipole_comps.multipole_comps_0": 0.06702720377679,
                        "multipoles.0.multipole_1.multipole_comps.multipole_comps_1": 0.07779352037042,
                        "multipoles.0.multipole_3.multipole_comps.multipole_comps_0": 0.08801530507588,
                        "multipoles.0.multipole_3.multipole_comps.multipole_comps_1": 0.04982476402708,
                        "multipoles.0.multipole_4.multipole_comps.multipole_comps_0": 0.0636567454254,
                        "multipoles.0.multipole_4.multipole_comps.multipole_comps_1": 0.00072859802058
                    }
                }
            }
        },
        "median_pdf_sample": {
            "type": "instance",
            "class_path": "autofit.non_linear.samples.sample.Sample",
            "arguments": {
                "log_likelihood": -40.36481751010072,
                "log_prior": 0.0,
                "weight": 0.001013560689809923,
                "kwargs": {
                    "type": "dict",
                    "arguments": {
                        "ellipses.0.ell_comps.ell_comps_0": -0.00542312716978,
                        "ellipses.0.ell_comps.ell_comps_1": -0.17221535414385244,
                        "multipoles.0.multipole_1.multipole_comps.multipole_comps_0": 0.06541361111044447,
                        "multipoles.0.multipole_1.multipole_comps.multipole_comps_1": 0.06346797016770646,
                        "multipoles.0.multipole_3.multipole_comps.multipole_comps_0": 0.08362917085653339,
                        "multipoles.0.multipole_3.multipole_comps.multipole_comps_1": 0.053299259880164554,
                        "multipoles.0.multipole_4.multipole_comps.multipole_comps_0": 0.06671548977754,
                        "multipoles.0.multipole_4.multipole_comps.multipole_comps_1": 0.0009216390031860961
                    }
                }
            }
        },
        "errors_at_sigma_1": {
            "type": "list",
            "values": [
                {
                    "type": "tuple",
                    "values": [
                        0.003983381435944633,
                        0.0033711193958399998
                    ]
                },
                {
                    "type": "tuple",
                    "values": [
                        0.0016677832028475503,
                        0.002129722665874745
                    ]
                },
                {
                    "type": "tuple",
                    "values": [
                        0.017495018111667593,
                        0.02023782592874762
                    ]
                },
                {
                    "type": "tuple",
                    "values": [
                        0.02330522607856713,
                        0.020349200781986654
                    ]
                },
                {
                    "type": "tuple",
                    "values": [
                        0.018753165020235135,
                        0.010791141485375064
                    ]
                },
                {
                    "type": "tuple",
                    "values": [
                        0.015843952573114557,
                        0.017782543240169438
                    ]
                },
                {
                    "type": "tuple",
                    "values": [
                        0.017495086329315943,
                        0.017929743290090006
                    ]
                },
                {
                    "type": "tuple",
                    "values": [
                        0.02222539519290319,
                        0.03141422598016423
                    ]
                }
            ]
        }
    }
}