{
    "type": "instance",
    "class_path": "autofit.non_linear.samples.summary.SamplesSummary",
    "arguments": {
        "errors_at_sigma_1": {
            "type": "list",
            "values": [
                {
                    "type": "tuple",
                    "values": [
                        0.004588233648612813,
                        0.00599161741527
                    ]
                },
                {
                    "type": "tuple",
                    "values": [
                        0.005401029021660099,
                        0.005182334691889983
                    ]
                }
            ]
        },
        "max_log_likelihood_sample": {
            "type": "instance",
            "class_path": "autofit.non_linear.samples.sample.Sample",
            "arguments": {
                "log_likelihood": -16.380041189313754,
                "log_prior": 0.0,
                "weight": 0.0009827500250092994,
                "kwargs": {
                    "type": "dict",
                    "arguments": {
                        "ellipses.0.ell_comps.ell_comps_0": -0.03528673485081,
                        "ellipses.0.ell_comps.ell_comps_1": -0.03648502908058
                    }
                }
            }
        },
        "model": null,
        "errors_at_sigma_3": {
            "type": "list",
            "values": [
                {
                    "type": "tuple",
                    "values": [
                        0.012562287905061205,
                        0.01573104377238438
                    ]
                },
                {
                    "type": "tuple",
                    "values": [
                        0.01769710067541063,
                        0.014110816890254466
                    ]
                }
            ]
        },
        "values_at_sigma_3": {
            "type": "list",
            "values": [
                {
                    "type": "tuple",
                    "values": [
                        -0.046281424476331205,
                        -0.01798809279888562
                    ]
                },
                {
                    "type": "tuple",
                    "values": [
                        -0.05358263686030053,
                        -0.021774719294635432
                    ]
                }
            ]
        },
        "log_evidence": -25.46953356250774,
        "median_pdf_sample": {
            "type": "instance",
            "class_path": "autofit.non_linear.samples.sample.Sample",
            "arguments": {
                "log_likelihood": -16.380041189313754,
                "log_prior": 0.0,
                "weight": 0.0009827500250092994,
                "kwargs": {
                    "type": "dict",
                    "arguments": {
                        "ellipses.0.ell_comps.ell_comps_0": -0.03371913657127,
                        "ellipses.0.ell_comps.ell_comps_1": -0.0358855361848899
                    }
                }
            }
        },
        "values_at_sigma_1": {
            "type": "list",
            "values": [
                {
                    "type": "tuple",
                    "values": [
                        -0.038307370219882814,
                        -0.027727519156
                    ]
                },
                {
                    "type": "tuple",
                    "values": [
                        -0.04128656520655,
                        -0.030703201492999915
                    ]
                }
            ]
        }
    }
}