{
    "type": "instance",
    "class_path": "autofit.non_linear.samples.summary.SamplesSummary",
    "arguments": {
        "values_at_sigma_1": {
            "type": "list",
            "values": [
                {
                    "type": "tuple",
                    "values": [
                        0.015980601662518343,
                        0.022578761636217616
                    ]
                },
                {
                    "type": "tuple",
                    "values": [
                        -0.14770613008268,
                        -0.14457517066200584
                    ]
                }
            ]
        },
        "errors_at_sigma_3": {
            "type": "list",
            "values": [
                {
                    "type": "tuple",
                    "values": [
                        0.02323341850322028,
                        0.01871034453674514
                    ]
                },
                {
                    "type": "tuple",
                    "values": [
                        0.03894169452262,
                        0.02798572913696583
                    ]
                }
            ]
        },
        "median_pdf_sample": {
            "type": "instance",
            "class_path": "autofit.non_linear.samples.sample.Sample",
            "arguments": {
                "log_likelihood": -49.87231053094446,
                "log_prior": 0.0,
                "weight": 0.0009924678828630738,
                "kwargs": {
                    "type": "dict",
                    "arguments": {
                        "ellipses.0.ell_comps.ell_comps_0": 0.01890147964793255,
                        "ellipses.0.ell_comps.ell_comps_1": -0.14582028471999
                    }
                }
            }
        },
        "log_evidence": -60.53629987308577,
        "errors_at_sigma_1": {
            "type": "list",
            "values": [
                {
                    "type": "tuple",
                    "values": [
                        0.0029208779854142074,
                        0.003677281988285066
                    ]
                },
                {
                    "type": "tuple",
                    "values": [
                        0.0018858453626899863,
                        0.0012451140579841646
                    ]
                }
            ]
        },
        "model": null,
        "values_at_sigma_3": {
            "type": "list",
            "values": [
                {
                    "type": "tuple",
                    "values": [
                        -0.004331938855287729,
                        0.03761182418467769
                    ]
                },
                {
                    "type": "tuple",
                    "values": [
                        -0.18476197924261,
                        -0.11783455558302418
                    ]
                }
            ]
        },
        "max_log_likelihood_sample": {
            "type": "instance",
            "class_path": "autofit.non_linear.samples.sample.Sample",
            "arguments": {
                "log_likelihood": -49.87231053094446,
                "log_prior": 0.0,
                "weight": 0.0009924678828630738,
                "kwargs": {
                    "type": "dict",
                    "arguments": {
                        "ellipses.0.ell_comps.ell_comps_0": 0.01699618971467,
                        "ellipses.0.ell_comps.ell_comps_1": -0.14671064721351
                    }
                }
            }
        }
    }
}