{
    "type": "instance",
    "class_path": "autofit.non_linear.samples.summary.SamplesSummary",
    "arguments": {
        "errors_at_sigma_1": {
            "type": "list",
            "values": [
                {
                    "type": "tuple",
                    "values": [
                        0.0010564784509065894,
                        0.0009076824822664697
                    ]
                },
                {
                    "type": "tuple",
                    "values": [
                        0.0010724351395428044,
                        0.0009146749639317164
                    ]
                },
                {
                    "type": "tuple",
                    "values": [
                        0.00112630155354,
                        0.0009235589523946779
                    ]
                },
                {
                    "type": "tuple",
                    "values": [
                        0.001096251790058911,
                        0.0009248246683713711
                    ]
                },
                {
                    "type": "tuple",
                    "values": [
                        0.00104083217458,
                        0.001208954123870001
                    ]
                },
                {
                    "type": "tuple",
                    "values": [
                        0.0010798341684774473,
                        0.0011067445174279978
                    ]
                }
            ]
        },
        "max_log_likelihood_sample": {
            "type": "instance",
            "class_path": "autofit.non_linear.samples.sample.Sample",
            "arguments": {
                "log_likelihood": -162.59120132204526,
                "log_prior": 0.0,
                "weight": 0.0010278618647865275,
                "kwargs": {
                    "type": "dict",
                    "arguments": {
                        "ellipses.0.ell_comps.ell_comps_0": -0.22199606165145,
                        "ellipses.0.ell_comps.ell_comps_1": -0.23723668311365,
                        "multipoles.0.multipole_3.multipole_comps.multipole_comps_0": 0.00090302236415,
                        "multipoles.0.multipole_3.multipole_comps.multipole_comps_1": 0.00194758057733,
                        "multipoles.0.multipole_4.multipole_comps.multipole_comps_0": -0.00933974252325,
                        "multipoles.0.multipole_4.multipole_comps.multipole_comps_1": 0.0029587276635
                    }
                }
            }
        },
        "model": null,
        "log_evidence": -191.6857003859961,
        "values_at_sigma_3": {
            "type": "list",
            "values": [
                {
                    "type": "tuple",
                    "values": [
                        -0.22599376525576,
                        -0.21949875581311692
                    ]
                },
                {
                    "type": "tuple",
                    "values": [
                        -0.24010070587191248,
                        -0.2340297034276688
                    ]
                },
                {
                    "type": "tuple",
                    "values": [
                        -0.0021482425862900125,
                        0.00395297454604
                    ]
                },
                {
                    "type": "tuple",
                    "values": [
                        -0.0015829143503247945,
                        0.004532511439956569
                    ]
                },
                {
                    "type": "tuple",
                    "values": [
                        -0.012694051080260064,
                        -0.005921194377638329
                    ]
                },
                {
                    "type": "tuple",
                    "values": [
                        2.3422174735000422e-05,
                        0.00651028377372
                    ]
                }
            ]
        },
        "values_at_sigma_1": {
            "type": "list",
            "values": [
                {
                    "type": "tuple",
                    "values": [
                        -0.22360853660426,
                        -0.22164437567108694
                    ]
                },
                {
                    "type": "tuple",
                    "values": [
                        -0.2379094407557,
                        -0.23592233065222548
                    ]
                },
                {
                    "type": "tuple",
                    "values": [
                        -0.00035706557174,
                        0.0016927949341946778
                    ]
                },
                {
                    "type": "tuple",
                    "values": [
                        0.00070491188482,
                        0.0027259883432502823
                    ]
                },
                {
                    "type": "tuple",
                    "values": [
                        -0.01032066950152,
                        -0.00807088320307
                    ]
                },
                {
                    "type": "tuple",
                    "values": [
                        0.0022332493051345553,
                        0.00441982799104
                    ]
                }
            ]
        },
        "errors_at_sigma_3": {
            "type": "list",
            "values": [
                {
                    "type": "tuple",
                    "values": [
                        0.0034417071024065993,
                        0.0030533023402364856
                    ]
                },
                {
                    "type": "tuple",
                    "values": [
                        0.0032637002557552863,
                        0.002807302188488403
                    ]
                },
                {
                    "type": "tuple",
                    "values": [
                        0.0029174785680900124,
                        0.0031837385642400004
                    ]
                },
                {
                    "type": "tuple",
                    "values": [
                        0.003384078025203706,
                        0.0027313477650776578
                    ]
                },
                {
                    "type": "tuple",
                    "values": [
                        0.0034142137533200636,
                        0.0033586429493016714
                    ]
                },
                {
                    "type": "tuple",
                    "values": [
                        0.0032896612988770023,
                        0.0031972003001079973
                    ]
                }
            ]
        },
        "median_pdf_sample": {
            "type": "instance",
            "class_path": "autofit.non_linear.samples.sample.Sample",
            "arguments": {
                "log_likelihood": -162.59120132204526,
                "log_prior": 0.0,
                "weight": 0.0010278618647865275,
                "kwargs": {
                    "type": "dict",
                    "arguments": {
                        "ellipses.0.ell_comps.ell_comps_0": -0.2225520581533534,
                        "ellipses.0.ell_comps.ell_comps_1": -0.2368370056161572,
                        "multipoles.0.multipole_3.multipole_comps.multipole_comps_0": 0.0007692359818,
                        "multipoles.0.multipole_3.multipole_comps.multipole_comps_1": 0.0018011636748789112,
                        "multipoles.0.multipole_4.multipole_comps.multipole_comps_0": -0.00927983732694,
                        "multipoles.0.multipole_4.multipole_comps.multipole_comps_1": 0.0033130834736120026
                    }
                }
            }
        }
    }
}