{
    "type": "instance",
    "class_path": "autofit.non_linear.samples.summary.SamplesSummary",
    "arguments": {
        "errors_at_sigma_1": {
            "type": "list",
            "values": [
                {
                    "type": "tuple",
                    "values": [
                        0.0013185575402102634,
                        0.0016983321260889972
                    ]
                },
                {
                    "type": "tuple",
                    "values": [
                        0.001402059592769539,
                        0.0018045383657666336
                    ]
                }
            ]
        },
        "model": null,
        "log_evidence": -148.83962903630862,
        "errors_at_sigma_3": {
            "type": "list",
            "values": [
                {
                    "type": "tuple",
                    "values": [
                        0.00551874707827027,
                        0.004658750917432064
                    ]
                },
                {
                    "type": "tuple",
                    "values": [
                        0.0041202187697995385,
                        0.005274230562930415
                    ]
                }
            ]
        },
        "max_log_likelihood_sample": {
            "type": "instance",
            "class_path": "autofit.non_linear.samples.sample.Sample",
            "arguments": {
                "log_likelihood": -137.57958202269606,
                "log_prior": 0.0,
                "weight": 0.0009780809629186841,
                "kwargs": {
                    "type": "dict",
                    "arguments": {
                        "ellipses.0.ell_comps.ell_comps_0": -0.34001384606344,
                        "ellipses.0.ell_comps.ell_comps_1": -0.08488265428567
                    }
                }
            }
        },
        "values_at_sigma_1": {
            "type": "list",
            "values": [
                {
                    "type": "tuple",
                    "values": [
                        -0.34158807049827,
                        -0.33857118083197074
                    ]
                },
                {
                    "type": "tuple",
                    "values": [
                        -0.08648897585679,
                        -0.08328237789825382
                    ]
                }
            ]
        },
        "median_pdf_sample": {
            "type": "instance",
            "class_path": "autofit.non_linear.samples.sample.Sample",
            "arguments": {
                "log_likelihood": -137.57958202269606,
                "log_prior": 0.0,
                "weight": 0.0009780809629186841,
                "kwargs": {
                    "type": "dict",
                    "arguments": {
                        "ellipses.0.ell_comps.ell_comps_0": -0.34026951295805974,
                        "ellipses.0.ell_comps.ell_comps_1": -0.08508691626402046
                    }
                }
            }
        },
        "values_at_sigma_3": {
            "type": "list",
            "values": [
                {
                    "type": "tuple",
                    "values": [
                        -0.34578826003633,
                        -0.3356107620406277
                    ]
                },
                {
                    "type": "tuple",
                    "values": [
                        -0.08920713503382,
                        -0.07981268570109004
                    ]
                }
            ]
        }
    }
}