{
    "type": "instance",
    "class_path": "autofit.non_linear.samples.summary.SamplesSummary",
    "arguments": {
        "errors_at_sigma_1": {
            "type": "list",
            "values": [
                {
                    "type": "tuple",
                    "values": [
                        0.010330880929494246,
                        0.004777728238691187
                    ]
                },
                {
                    "type": "tuple",
                    "values": [
                        0.008371519121264544,
                        0.004682874215295455
                    ]
                }
            ]
        },
        "log_evidence": -52.19671557011709,
        "errors_at_sigma_3": {
            "type": "list",
            "values": [
                {
                    "type": "tuple",
                    "values": [
                        0.021864593650232106,
                        0.015775517088792185
                    ]
                },
                {
                    "type": "tuple",
                    "values": [
                        0.020716729753524545,
                        0.010744580930145405
                    ]
                }
            ]
        },
        "values_at_sigma_3": {
            "type": "list",
            "values": [
                {
                    "type": "tuple",
                    "values": [
                        -0.2326849928580121,
                        -0.19504488211898782
                    ]
                },
                {
                    "type": "tuple",
                    "values": [
                        0.00558893469431,
                        0.03705024537797995
                    ]
                }
            ]
        },
        "values_at_sigma_1": {
            "type": "list",
            "values": [
                {
                    "type": "tuple",
                    "values": [
                        -0.22115128013727425,
                        -0.20604267096908882
                    ]
                },
                {
                    "type": "tuple",
                    "values": [
                        0.01793414532657,
                        0.03098853866313
                    ]
                }
            ]
        },
        "max_log_likelihood_sample": {
            "type": "instance",
            "class_path": "autofit.non_linear.samples.sample.Sample",
            "arguments": {
                "log_likelihood": -42.65521948333814,
                "log_prior": 0.0,
                "weight": 0.0009863356227242741,
                "kwargs": {
                    "type": "dict",
                    "arguments": {
                        "ellipses.0.ell_comps.ell_comps_0": -0.20833642403237,
                        "ellipses.0.ell_comps.ell_comps_1": 0.02996588397059
                    }
                }
            }
        },
        "median_pdf_sample": {
            "type": "instance",
            "class_path": "autofit.non_linear.samples.sample.Sample",
            "arguments": {
                "log_likelihood": -42.65521948333814,
                "log_prior": 0.0,
                "weight": 0.0009863356227242741,
                "kwargs": {
                    "type": "dict",
                    "arguments": {
                        "ellipses.0.ell_comps.ell_comps_0": -0.21082039920778,
                        "ellipses.0.ell_comps.ell_comps_1": 0.026305664447834543
                    }
                }
            }
        },
        "model": null
    }
}