{
    "type": "instance",
    "class_path": "autofit.non_linear.samples.summary.SamplesSummary",
    "arguments": {
        "errors_at_sigma_1": {
            "type": "list",
            "values": [
                {
                    "type": "tuple",
                    "values": [
                        0.006525580996539923,
                        0.0065166951733891115
                    ]
                },
                {
                    "type": "tuple",
                    "values": [
                        0.008282991084292764,
                        0.007872656475553907
                    ]
                },
                {
                    "type": "tuple",
                    "values": [
                        0.009944510182892977,
                        0.010299477152047022
                    ]
                },
                {
                    "type": "tuple",
                    "values": [
                        0.009522978566226558,
                        0.009709724178827442
                    ]
                },
                {
                    "type": "tuple",
                    "values": [
                        0.013318270363479524,
                        0.013080007592247683
                    ]
                },
                {
                    "type": "tuple",
                    "values": [
                        0.01327227792678,
                        0.012074214037469999
                    ]
                }
            ]
        },
        "log_evidence": -35.25504312758904,
        "model": null,
        "median_pdf_sample": {
            "type": "instance",
            "class_path": "autofit.non_linear.samples.sample.Sample",
            "arguments": {
                "log_likelihood": -18.16177839618568,
                "log_prior": 0.0,
                "weight": 0.001029128014206313,
                "kwargs": {
                    "type": "dict",
                    "arguments": {
                        "ellipses.0.ell_comps.ell_comps_0": -0.06573852882240051,
                        "ellipses.0.ell_comps.ell_comps_1": -0.04901223697861,
                        "multipoles.0.multipole_3.multipole_comps.multipole_comps_0": -0.005122872900237023,
                        "multipoles.0.multipole_3.multipole_comps.multipole_comps_1": 0.01363990953651232,
                        "multipoles.0.multipole_4.multipole_comps.multipole_comps_0": -0.010636606238053327,
                        "multipoles.0.multipole_4.multipole_comps.multipole_comps_1": 0.01575955334048
                    }
                }
            }
        },
        "values_at_sigma_3": {
            "type": "list",
            "values": [
                {
                    "type": "tuple",
                    "values": [
                        -0.08464018464568,
                        -0.04242204891400054
                    ]
                },
                {
                    "type": "tuple",
                    "values": [
                        -0.0711557350813129,
                        -0.02841728046400883
                    ]
                },
                {
                    "type": "tuple",
                    "values": [
                        -0.03402430117438,
                        0.02392026518320153
                    ]
                },
                {
                    "type": "tuple",
                    "values": [
                        -0.01230350110004869,
                        0.04068356206929604
                    ]
                },
                {
                    "type": "tuple",
                    "values": [
                        -0.04125430706178747,
                        0.02570749421472
                    ]
                },
                {
                    "type": "tuple",
                    "values": [
                        -0.02192308454654761,
                        0.05194560263726326
                    ]
                }
            ]
        },
        "values_at_sigma_1": {
            "type": "list",
            "values": [
                {
                    "type": "tuple",
                    "values": [
                        -0.07226410981894044,
                        -0.0592218336490114
                    ]
                },
                {
                    "type": "tuple",
                    "values": [
                        -0.05729522806290276,
                        -0.04113958050305609
                    ]
                },
                {
                    "type": "tuple",
                    "values": [
                        -0.01506738308313,
                        0.00517660425181
                    ]
                },
                {
                    "type": "tuple",
                    "values": [
                        0.004116930970285761,
                        0.02334963371533976
                    ]
                },
                {
                    "type": "tuple",
                    "values": [
                        -0.02395487660153285,
                        0.002443401354194356
                    ]
                },
                {
                    "type": "tuple",
                    "values": [
                        0.0024872754137,
                        0.02783376737795
                    ]
                }
            ]
        },
        "max_log_likelihood_sample": {
            "type": "instance",
            "class_path": "autofit.non_linear.samples.sample.Sample",
            "arguments": {
                "log_likelihood": -18.16177839618568,
                "log_prior": 0.0,
                "weight": 0.001029128014206313,
                "kwargs": {
                    "type": "dict",
                    "arguments": {
                        "ellipses.0.ell_comps.ell_comps_0": -0.06687104710545,
                        "ellipses.0.ell_comps.ell_comps_1": -0.05005558411462,
                        "multipoles.0.multipole_3.multipole_comps.multipole_comps_0": -0.00471155521969,
                        "multipoles.0.multipole_3.multipole_comps.multipole_comps_1": 0.01069069364643,
                        "multipoles.0.multipole_4.multipole_comps.multipole_comps_0": -0.00768348634714,
                        "multipoles.0.multipole_4.multipole_comps.multipole_comps_1": 0.01889235485239
                    }
                }
            }
        },
        "errors_at_sigma_3": {
            "type": "list",
            "values": [
                {
                    "type": "tuple",
                    "values": [
                        0.01890165582327949,
                        0.023316479908399974
                    ]
                },
                {
                    "type": "tuple",
                    "values": [
                        0.0221434981027029,
                        0.02059495651460117
                    ]
                },
                {
                    "type": "tuple",
                    "values": [
                        0.02890142827414298,
                        0.02904313808343855
                    ]
                },
                {
                    "type": "tuple",
                    "values": [
                        0.02594341063656101,
                        0.02704365253278372
                    ]
                },
                {
                    "type": "tuple",
                    "values": [
                        0.03061770082373414,
                        0.03634410045277332
                    ]
                },
                {
                    "type": "tuple",
                    "values": [
                        0.03768263788702761,
                        0.03618604929678326
                    ]
                }
            ]
        }
    }
}