{
    "type": "instance",
    "class_path": "autofit.non_linear.samples.summary.SamplesSummary",
    "arguments": {
        "model": null,
        "errors_at_sigma_1": {
            "type": "list",
            "values": [
                {
                    "type": "tuple",
                    "values": [
                        0.00265199255597888,
                        0.00249601550837536
                    ]
                },
                {
                    "type": "tuple",
                    "values": [
                        0.004615056492930009,
                        0.0020814066597606706
                    ]
                }
            ]
        },
        "log_evidence": -62.053879860596105,
        "errors_at_sigma_3": {
            "type": "list",
            "values": [
                {
                    "type": "tuple",
                    "values": [
                        0.008860089294188148,
                        0.028544828643144372
                    ]
                },
                {
                    "type": "tuple",
                    "values": [
                        0.021378320640587978,
                        0.016680196496132116
                    ]
                }
            ]
        },
        "median_pdf_sample": {
            "type": "instance",
            "class_path": "autofit.non_linear.samples.sample.Sample",
            "arguments": {
                "log_likelihood": -52.07745743400226,
                "log_prior": 0.0,
                "weight": 0.0009835112335212007,
                "kwargs": {
                    "type": "dict",
                    "arguments": {
                        "ellipses.0.ell_comps.ell_comps_0": -0.07508099634000437,
                        "ellipses.0.ell_comps.ell_comps_1": 0.07300336126754
                    }
                }
            }
        },
        "max_log_likelihood_sample": {
            "type": "instance",
            "class_path": "autofit.non_linear.samples.sample.Sample",
            "arguments": {
                "log_likelihood": -52.07745743400226,
                "log_prior": 0.0,
                "weight": 0.0009835112335212007,
                "kwargs": {
                    "type": "dict",
                    "arguments": {
                        "ellipses.0.ell_comps.ell_comps_0": -0.07546138236204,
                        "ellipses.0.ell_comps.ell_comps_1": 0.07310993782391
                    }
                }
            }
        },
        "values_at_sigma_1": {
            "type": "list",
            "values": [
                {
                    "type": "tuple",
                    "values": [
                        -0.07773298889598325,
                        -0.07258498083162901
                    ]
                },
                {
                    "type": "tuple",
                    "values": [
                        0.06838830477461,
                        0.07508476792730068
                    ]
                }
            ]
        },
        "values_at_sigma_3": {
            "type": "list",
            "values": [
                {
                    "type": "tuple",
                    "values": [
                        -0.08394108563419252,
                        -0.04653616769686
                    ]
                },
                {
                    "type": "tuple",
                    "values": [
                        0.05162504062695203,
                        0.08968355776367212
                    ]
                }
            ]
        }
    }
}