{
    "type": "instance",
    "class_path": "autofit.non_linear.samples.summary.SamplesSummary",
    "arguments": {
        "values_at_sigma_3": {
            "type": "list",
            "values": [
                {
                    "type": "tuple",
                    "values": [
                        -0.11767118472485075,
                        -0.09378803277903791
                    ]
                },
                {
                    "type": "tuple",
                    "values": [
                        0.02556005968418,
                        0.05348520015198
                    ]
                },
                {
                    "type": "tuple",
                    "values": [
                        -0.02501611601177402,
                        0.02352983226263
                    ]
                },
                {
                    "type": "tuple",
                    "values": [
                        -0.022828238541665054,
                        0.01483630169191711
                    ]
                },
                {
                    "type": "tuple",
                    "values": [
                        -0.030222894040627925,
                        0.03611610213427
                    ]
                },
                {
                    "type": "tuple",
                    "values": [
                        -0.03624976778188913,
                        0.018158633862849216
                    ]
                }
            ]
        },
        "errors_at_sigma_1": {
            "type": "list",
            "values": [
                {
                    "type": "tuple",
                    "values": [
                        0.003953814289385266,
                        0.004677349252231927
                    ]
                },
                {
                    "type": "tuple",
                    "values": [
                        0.0061599520492839,
                        0.005301945394240004
                    ]
                },
                {
                    "type": "tuple",
                    "values": [
                        0.007969060177560158,
                        0.00848105007442213
                    ]
                },
                {
                    "type": "tuple",
                    "values": [
                        0.006098571930112963,
                        0.006454602058280814
                    ]
                },
                {
                    "type": "tuple",
                    "values": [
                        0.014250415504447623,
                        0.015233593320268664
                    ]
                },
                {
                    "type": "tuple",
                    "values": [
                        0.009420335361102579,
                        0.008484919232444424
                    ]
                }
            ]
        },
        "log_evidence": -46.127105934715395,
        "max_log_likelihood_sample": {
            "type": "instance",
            "class_path": "autofit.non_linear.samples.sample.Sample",
            "arguments": {
                "log_likelihood": -27.51991539528951,
                "log_prior": 0.0,
                "weight": 0.0010227195644363827,
                "kwargs": {
                    "type": "dict",
                    "arguments": {
                        "ellipses.0.ell_comps.ell_comps_0": -0.10808802854676,
                        "ellipses.0.ell_comps.ell_comps_1": 0.03646689466036,
                        "multipoles.0.multipole_3.multipole_comps.multipole_comps_0": 0.00299868563822,
                        "multipoles.0.multipole_3.multipole_comps.multipole_comps_1": -0.0043343877468,
                        "multipoles.0.multipole_4.multipole_comps.multipole_comps_0": 0.00478399851901,
                        "multipoles.0.multipole_4.multipole_comps.multipole_comps_1": -0.00803305386872
                    }
                }
            }
        },
        "errors_at_sigma_3": {
            "type": "list",
            "values": [
                {
                    "type": "tuple",
                    "values": [
                        0.010264982712021226,
                        0.01361816923379161
                    ]
                },
                {
                    "type": "tuple",
                    "values": [
                        0.013753891198189996,
                        0.014171249269610005
                    ]
                },
                {
                    "type": "tuple",
                    "values": [
                        0.02135368073968684,
                        0.02719226753471718
                    ]
                },
                {
                    "type": "tuple",
                    "values": [
                        0.017378869195154238,
                        0.020285671038427926
                    ]
                },
                {
                    "type": "tuple",
                    "values": [
                        0.032685987620496584,
                        0.03365300855440134
                    ]
                },
                {
                    "type": "tuple",
                    "values": [
                        0.029565888602404528,
                        0.02484251304233382
                    ]
                }
            ]
        },
        "values_at_sigma_1": {
            "type": "list",
            "values": [
                {
                    "type": "tuple",
                    "values": [
                        -0.11136001630221479,
                        -0.1027288527605976
                    ]
                },
                {
                    "type": "tuple",
                    "values": [
                        0.0331539988330861,
                        0.04461589627661
                    ]
                },
                {
                    "type": "tuple",
                    "values": [
                        -0.011631495449647337,
                        0.004818614802334951
                    ]
                },
                {
                    "type": "tuple",
                    "values": [
                        -0.011547941276623777,
                        0.00100523271177
                    ]
                },
                {
                    "type": "tuple",
                    "values": [
                        -0.011787321924578965,
                        0.017696686900137322
                    ]
                },
                {
                    "type": "tuple",
                    "values": [
                        -0.016104214540587185,
                        0.0018010400529598172
                    ]
                }
            ]
        },
        "model": null,
        "median_pdf_sample": {
            "type": "instance",
            "class_path": "autofit.non_linear.samples.sample.Sample",
            "arguments": {
                "log_likelihood": -27.51991539528951,
                "log_prior": 0.0,
                "weight": 0.0010227195644363827,
                "kwargs": {
                    "type": "dict",
                    "arguments": {
                        "ellipses.0.ell_comps.ell_comps_0": -0.10740620201282952,
                        "ellipses.0.ell_comps.ell_comps_1": 0.03931395088237,
                        "multipoles.0.multipole_3.multipole_comps.multipole_comps_0": -0.0036624352720871795,
                        "multipoles.0.multipole_3.multipole_comps.multipole_comps_1": -0.005449369346510814,
                        "multipoles.0.multipole_4.multipole_comps.multipole_comps_0": 0.0024630935798686583,
                        "multipoles.0.multipole_4.multipole_comps.multipole_comps_1": -0.006683879179484606
                    }
                }
            }
        }
    }
}