{
    "type": "instance",
    "class_path": "autofit.non_linear.samples.summary.SamplesSummary",
    "arguments": {
        "max_log_likelihood_sample": {
            "type": "instance",
            "class_path": "autofit.non_linear.samples.sample.Sample",
            "arguments": {
                "log_likelihood": -21.324769618631553,
                "log_prior": 0.0,
                "weight": 0.0009773826940452012,
                "kwargs": {
                    "type": "dict",
                    "arguments": {
                        "ellipses.0.ell_comps.ell_comps_0": -0.05840745405187,
                        "ellipses.0.ell_comps.ell_comps_1": -0.08903382515073,
                        "multipoles.0.multipole_1.multipole_comps.multipole_comps_0": -0.00035288587133,
                        "multipoles.0.multipole_1.multipole_comps.multipole_comps_1": 0.01270648788342,
                        "multipoles.0.multipole_3.multipole_comps.multipole_comps_0": 0.0036997351064,
                        "multipoles.0.multipole_3.multipole_comps.multipole_comps_1": 0.00279120444037,
                        "multipoles.0.multipole_4.multipole_comps.multipole_comps_0": 0.02356585148867,
                        "multipoles.0.multipole_4.multipole_comps.multipole_comps_1": 0.00542887509449
                    }
                }
            }
        },
        "log_evidence": -45.43251412022934,
        "values_at_sigma_3": {
            "type": "list",
            "values": [
                {
                    "type": "tuple",
                    "values": [
                        -0.06869714812474,
                        -0.04117983386795748
                    ]
                },
                {
                    "type": "tuple",
                    "values": [
                        -0.10824356579462849,
                        -0.07939868737527
                    ]
                },
                {
                    "type": "tuple",
                    "values": [
                        -0.017913061532836606,
                        0.02593009946516
                    ]
                },
                {
                    "type": "tuple",
                    "values": [
                        -0.01578586730306058,
                        0.035587931461678525
                    ]
                },
                {
                    "type": "tuple",
                    "values": [
                        -0.014179119772766272,
                        0.031184475446332374
                    ]
                },
                {
                    "type": "tuple",
                    "values": [
                        -0.024487271527135528,
                        0.03448321830986
                    ]
                },
                {
                    "type": "tuple",
                    "values": [
                        -0.007657280922426916,
                        0.0412804185260794
                    ]
                },
                {
                    "type": "tuple",
                    "values": [
                        -0.02514813419657215,
                        0.03082080153681347
                    ]
                }
            ]
        },
        "errors_at_sigma_1": {
            "type": "list",
            "values": [
                {
                    "type": "tuple",
                    "values": [
                        0.004333834231468041,
                        0.004974383289402459
                    ]
                },
                {
                    "type": "tuple",
                    "values": [
                        0.0036766726435675107,
                        0.0036667391116700504
                    ]
                },
                {
                    "type": "tuple",
                    "values": [
                        0.007298592935092272,
                        0.009120066864011395
                    ]
                },
                {
                    "type": "tuple",
                    "values": [
                        0.009840651012733558,
                        0.009535792317225351
                    ]
                },
                {
                    "type": "tuple",
                    "values": [
                        0.006330979066631235,
                        0.00817042191932
                    ]
                },
                {
                    "type": "tuple",
                    "values": [
                        0.01040265754941241,
                        0.00910520499083757
                    ]
                },
                {
                    "type": "tuple",
                    "values": [
                        0.008300508496383387,
                        0.008136987723226352
                    ]
                },
                {
                    "type": "tuple",
                    "values": [
                        0.008982845901992458,
                        0.009596244674041863
                    ]
                }
            ]
        },
        "values_at_sigma_1": {
            "type": "list",
            "values": [
                {
                    "type": "tuple",
                    "values": [
                        -0.06069979167379,
                        -0.0513915741529195
                    ]
                },
                {
                    "type": "tuple",
                    "values": [
                        -0.09489149417968751,
                        -0.08754808242444995
                    ]
                },
                {
                    "type": "tuple",
                    "values": [
                        -0.0036219263885422727,
                        0.012796733410561395
                    ]
                },
                {
                    "type": "tuple",
                    "values": [
                        0.0009411960894110891,
                        0.02031763941937
                    ]
                },
                {
                    "type": "tuple",
                    "values": [
                        0.0003645031128387651,
                        0.01486590409879
                    ]
                },
                {
                    "type": "tuple",
                    "values": [
                        -0.004096934856250379,
                        0.015410927683999603
                    ]
                },
                {
                    "type": "tuple",
                    "values": [
                        0.010353116553072812,
                        0.02679061277268255
                    ]
                },
                {
                    "type": "tuple",
                    "values": [
                        -0.00656828777688,
                        0.01201080279915432
                    ]
                }
            ]
        },
        "errors_at_sigma_3": {
            "type": "list",
            "values": [
                {
                    "type": "tuple",
                    "values": [
                        0.012331190682418038,
                        0.015186123574364475
                    ]
                },
                {
                    "type": "tuple",
                    "values": [
                        0.01702874425850849,
                        0.011816134160849992
                    ]
                },
                {
                    "type": "tuple",
                    "values": [
                        0.021589728079386604,
                        0.022253432918609997
                    ]
                },
                {
                    "type": "tuple",
                    "values": [
                        0.026567714405205226,
                        0.024806084359533877
                    ]
                },
                {
                    "type": "tuple",
                    "values": [
                        0.020874601952236272,
                        0.024488993266862373
                    ]
                },
                {
                    "type": "tuple",
                    "values": [
                        0.03079299422029756,
                        0.02817749561669797
                    ]
                },
                {
                    "type": "tuple",
                    "values": [
                        0.026310905971883115,
                        0.022626793476623202
                    ]
                },
                {
                    "type": "tuple",
                    "values": [
                        0.02756269232168461,
                        0.02840624341170101
                    ]
                }
            ]
        },
        "median_pdf_sample": {
            "type": "instance",
            "class_path": "autofit.non_linear.samples.sample.Sample",
            "arguments": {
                "log_likelihood": -21.324769618631553,
                "log_prior": 0.0,
                "weight": 0.0009773826940452012,
                "kwargs": {
                    "type": "dict",
                    "arguments": {
                        "ellipses.0.ell_comps.ell_comps_0": -0.05636595744232196,
                        "ellipses.0.ell_comps.ell_comps_1": -0.09121482153612,
                        "multipoles.0.multipole_1.multipole_comps.multipole_comps_0": 0.00367666654655,
                        "multipoles.0.multipole_1.multipole_comps.multipole_comps_1": 0.010781847102144648,
                        "multipoles.0.multipole_3.multipole_comps.multipole_comps_0": 0.00669548217947,
                        "multipoles.0.multipole_3.multipole_comps.multipole_comps_1": 0.006305722693162032,
                        "multipoles.0.multipole_4.multipole_comps.multipole_comps_0": 0.0186536250494562,
                        "multipoles.0.multipole_4.multipole_comps.multipole_comps_1": 0.002414558125112458
                    }
                }
            }
        },
        "model": null
    }
}