{
    "type": "instance",
    "class_path": "autofit.non_linear.samples.summary.SamplesSummary",
    "arguments": {
        "errors_at_sigma_1": {
            "type": "list",
            "values": [
                {
                    "type": "tuple",
                    "values": [
                        0.00489023217272274,
                        0.014599435092392615
                    ]
                },
                {
                    "type": "tuple",
                    "values": [
                        0.006521878894798827,
                        0.011488059912580006
                    ]
                },
                {
                    "type": "tuple",
                    "values": [
                        0.028077699292566927,
                        0.05293517333974
                    ]
                },
                {
                    "type": "tuple",
                    "values": [
                        0.03306797155450407,
                        0.05565133101249196
                    ]
                },
                {
                    "type": "tuple",
                    "values": [
                        0.030464214893470544,
                        0.03616811335723922
                    ]
                },
                {
                    "type": "tuple",
                    "values": [
                        0.07815905461506,
                        0.04713596304641295
                    ]
                },
                {
                    "type": "tuple",
                    "values": [
                        0.04151909874561696,
                        0.05990339107799444
                    ]
                },
                {
                    "type": "tuple",
                    "values": [
                        0.02165526725626149,
                        0.0801031535761182
                    ]
                }
            ]
        },
        "log_evidence": -62.57904374134373,
        "median_pdf_sample": {
            "type": "instance",
            "class_path": "autofit.non_linear.samples.sample.Sample",
            "arguments": {
                "log_likelihood": -43.09833826735674,
                "log_prior": 0.0,
                "weight": 0.0009506837749225925,
                "kwargs": {
                    "type": "dict",
                    "arguments": {
                        "ellipses.0.ell_comps.ell_comps_0": -0.04829388602950547,
                        "ellipses.0.ell_comps.ell_comps_1": -0.1570879612278,
                        "multipoles.0.multipole_1.multipole_comps.multipole_comps_0": -0.1214002602424,
                        "multipoles.0.multipole_1.multipole_comps.multipole_comps_1": -0.03345193798209163,
                        "multipoles.0.multipole_3.multipole_comps.multipole_comps_0": 0.00130514836695,
                        "multipoles.0.multipole_3.multipole_comps.multipole_comps_1": -0.00663466144105,
                        "multipoles.0.multipole_4.multipole_comps.multipole_comps_0": 0.012805528323699059,
                        "multipoles.0.multipole_4.multipole_comps.multipole_comps_1": -0.06981520892867452
                    }
                }
            }
        },
        "max_log_likelihood_sample": {
            "type": "instance",
            "class_path": "autofit.non_linear.samples.sample.Sample",
            "arguments": {
                "log_likelihood": -43.09833826735674,
                "log_prior": 0.0,
                "weight": 0.0009506837749225925,
                "kwargs": {
                    "type": "dict",
                    "arguments": {
                        "ellipses.0.ell_comps.ell_comps_0": -0.04334315178774,
                        "ellipses.0.ell_comps.ell_comps_1": -0.15946267735144,
                        "multipoles.0.multipole_1.multipole_comps.multipole_comps_0": -0.1003128644546,
                        "multipoles.0.multipole_1.multipole_comps.multipole_comps_1": 0.01691318777185,
                        "multipoles.0.multipole_3.multipole_comps.multipole_comps_0": -0.04287622114298,
                        "multipoles.0.multipole_3.multipole_comps.multipole_comps_1": -0.08065660498304,
                        "multipoles.0.multipole_4.multipole_comps.multipole_comps_0": 0.08627754649408,
                        "multipoles.0.multipole_4.multipole_comps.multipole_comps_1": -0.07943060290225
                    }
                }
            }
        },
        "values_at_sigma_1": {
            "type": "list",
            "values": [
                {
                    "type": "tuple",
                    "values": [
                        -0.05318411820222821,
                        -0.03369445093711285
                    ]
                },
                {
                    "type": "tuple",
                    "values": [
                        -0.16360984012259883,
                        -0.14559990131522
                    ]
                },
                {
                    "type": "tuple",
                    "values": [
                        -0.14947795953496693,
                        -0.06846508690266
                    ]
                },
                {
                    "type": "tuple",
                    "values": [
                        -0.0665199095365957,
                        0.022199393030400326
                    ]
                },
                {
                    "type": "tuple",
                    "values": [
                        -0.029159066526520543,
                        0.037473261724189216
                    ]
                },
                {
                    "type": "tuple",
                    "values": [
                        -0.08479371605611,
                        0.04050130160536295
                    ]
                },
                {
                    "type": "tuple",
                    "values": [
                        -0.0287135704219179,
                        0.0727089194016935
                    ]
                },
                {
                    "type": "tuple",
                    "values": [
                        -0.091470476184936,
                        0.010287944647443686
                    ]
                }
            ]
        },
        "errors_at_sigma_3": {
            "type": "list",
            "values": [
                {
                    "type": "tuple",
                    "values": [
                        0.014755616622294528,
                        0.03536214195490547
                    ]
                },
                {
                    "type": "tuple",
                    "values": [
                        0.017808734413699984,
                        0.029183261894970003
                    ]
                },
                {
                    "type": "tuple",
                    "values": [
                        0.060906727265580884,
                        0.17945267535192505
                    ]
                },
                {
                    "type": "tuple",
                    "values": [
                        0.09902735451176838,
                        0.11558300016700936
                    ]
                },
                {
                    "type": "tuple",
                    "values": [
                        0.08883564696605135,
                        0.09337654666644143
                    ]
                },
                {
                    "type": "tuple",
                    "values": [
                        0.09294643122994749,
                        0.09692311404977919
                    ]
                },
                {
                    "type": "tuple",
                    "values": [
                        0.10849992118247906,
                        0.08663029300266643
                    ]
                },
                {
                    "type": "tuple",
                    "values": [
                        0.03013416148032752,
                        0.16438561637213053
                    ]
                }
            ]
        },
        "model": null,
        "values_at_sigma_3": {
            "type": "list",
            "values": [
                {
                    "type": "tuple",
                    "values": [
                        -0.0630495026518,
                        -0.0129317440746
                    ]
                },
                {
                    "type": "tuple",
                    "values": [
                        -0.17489669564149998,
                        -0.12790469933283
                    ]
                },
                {
                    "type": "tuple",
                    "values": [
                        -0.18230698750798088,
                        0.058052415109525066
                    ]
                },
                {
                    "type": "tuple",
                    "values": [
                        -0.13247929249386,
                        0.08213106218491772
                    ]
                },
                {
                    "type": "tuple",
                    "values": [
                        -0.08753049859910135,
                        0.09468169503339144
                    ]
                },
                {
                    "type": "tuple",
                    "values": [
                        -0.09958109267099749,
                        0.09028845260872918
                    ]
                },
                {
                    "type": "tuple",
                    "values": [
                        -0.09569439285878,
                        0.0994358213263655
                    ]
                },
                {
                    "type": "tuple",
                    "values": [
                        -0.09994937040900204,
                        0.09457040744345602
                    ]
                }
            ]
        }
    }
}