{
    "type": "instance",
    "class_path": "autofit.non_linear.samples.summary.SamplesSummary",
    "arguments": {
        "errors_at_sigma_1": {
            "type": "list",
            "values": [
                {
                    "type": "tuple",
                    "values": [
                        0.0022990681302200028,
                        0.002596123757691915
                    ]
                },
                {
                    "type": "tuple",
                    "values": [
                        0.002252513800745551,
                        0.0023669041118070805
                    ]
                },
                {
                    "type": "tuple",
                    "values": [
                        0.005313078145589512,
                        0.005510430663368249
                    ]
                },
                {
                    "type": "tuple",
                    "values": [
                        0.006264386261921507,
                        0.006170772023018493
                    ]
                },
                {
                    "type": "tuple",
                    "values": [
                        0.005714203642232832,
                        0.005486465544757168
                    ]
                },
                {
                    "type": "tuple",
                    "values": [
                        0.006680044965333904,
                        0.0054126892544675165
                    ]
                },
                {
                    "type": "tuple",
                    "values": [
                        0.006847918046284388,
                        0.0064245604362606085
                    ]
                },
                {
                    "type": "tuple",
                    "values": [
                        0.006859147400017487,
                        0.006994730735806389
                    ]
                }
            ]
        },
        "median_pdf_sample": {
            "type": "instance",
            "class_path": "autofit.non_linear.samples.sample.Sample",
            "arguments": {
                "log_likelihood": -63.86622829769473,
                "log_prior": 0.0,
                "weight": 0.0010220391763519415,
                "kwargs": {
                    "type": "dict",
                    "arguments": {
                        "ellipses.0.ell_comps.ell_comps_0": 0.06842810038471,
                        "ellipses.0.ell_comps.ell_comps_1": 0.09789004606863291,
                        "multipoles.0.multipole_1.multipole_comps.multipole_comps_0": 0.010274066934283958,
                        "multipoles.0.multipole_1.multipole_comps.multipole_comps_1": 0.005917475266711507,
                        "multipoles.0.multipole_3.multipole_comps.multipole_comps_0": 0.0006723847492228318,
                        "multipoles.0.multipole_3.multipole_comps.multipole_comps_1": 0.011666856711783904,
                        "multipoles.0.multipole_4.multipole_comps.multipole_comps_0": -0.000990020244295612,
                        "multipoles.0.multipole_4.multipole_comps.multipole_comps_1": 0.025747704541777442
                    }
                }
            }
        },
        "values_at_sigma_3": {
            "type": "list",
            "values": [
                {
                    "type": "tuple",
                    "values": [
                        0.05998304109248,
                        0.07635972176465337
                    ]
                },
                {
                    "type": "tuple",
                    "values": [
                        0.09126317046597,
                        0.10383116127667813
                    ]
                },
                {
                    "type": "tuple",
                    "values": [
                        -0.00827817525895,
                        0.02607382270975026
                    ]
                },
                {
                    "type": "tuple",
                    "values": [
                        -0.01379126548675,
                        0.022275817232047353
                    ]
                },
                {
                    "type": "tuple",
                    "values": [
                        -0.02145461954859,
                        0.01975180035482
                    ]
                },
                {
                    "type": "tuple",
                    "values": [
                        -0.01068911407941,
                        0.03021600151377
                    ]
                },
                {
                    "type": "tuple",
                    "values": [
                        -0.02275435463277,
                        0.021185870402392996
                    ]
                },
                {
                    "type": "tuple",
                    "values": [
                        0.00361618940904,
                        0.04648063247273637
                    ]
                }
            ]
        },
        "model": null,
        "log_evidence": -91.165890590751,
        "errors_at_sigma_3": {
            "type": "list",
            "values": [
                {
                    "type": "tuple",
                    "values": [
                        0.008445059292230009,
                        0.007931621379943368
                    ]
                },
                {
                    "type": "tuple",
                    "values": [
                        0.00662687560266291,
                        0.005941115208045217
                    ]
                },
                {
                    "type": "tuple",
                    "values": [
                        0.01855224219323396,
                        0.0157997557754663
                    ]
                },
                {
                    "type": "tuple",
                    "values": [
                        0.019708740753461507,
                        0.016358341965335844
                    ]
                },
                {
                    "type": "tuple",
                    "values": [
                        0.022127004297812832,
                        0.01907941560559717
                    ]
                },
                {
                    "type": "tuple",
                    "values": [
                        0.022355970791193905,
                        0.0185491448019861
                    ]
                },
                {
                    "type": "tuple",
                    "values": [
                        0.021764334388474388,
                        0.02217589064668861
                    ]
                },
                {
                    "type": "tuple",
                    "values": [
                        0.022131515132737443,
                        0.02073292793095893
                    ]
                }
            ]
        },
        "max_log_likelihood_sample": {
            "type": "instance",
            "class_path": "autofit.non_linear.samples.sample.Sample",
            "arguments": {
                "log_likelihood": -63.86622829769473,
                "log_prior": 0.0,
                "weight": 0.0010220391763519415,
                "kwargs": {
                    "type": "dict",
                    "arguments": {
                        "ellipses.0.ell_comps.ell_comps_0": 0.06891362179607,
                        "ellipses.0.ell_comps.ell_comps_1": 0.09771100635861,
                        "multipoles.0.multipole_1.multipole_comps.multipole_comps_0": 0.01415726057544,
                        "multipoles.0.multipole_1.multipole_comps.multipole_comps_1": 0.01041401793261,
                        "multipoles.0.multipole_3.multipole_comps.multipole_comps_0": 0.00282546462392,
                        "multipoles.0.multipole_3.multipole_comps.multipole_comps_1": 0.01426055259284,
                        "multipoles.0.multipole_4.multipole_comps.multipole_comps_0": -0.00272355757069,
                        "multipoles.0.multipole_4.multipole_comps.multipole_comps_1": 0.02428684698513
                    }
                }
            }
        },
        "values_at_sigma_1": {
            "type": "list",
            "values": [
                {
                    "type": "tuple",
                    "values": [
                        0.06612903225449,
                        0.07102422414240192
                    ]
                },
                {
                    "type": "tuple",
                    "values": [
                        0.09563753226788736,
                        0.10025695018044
                    ]
                },
                {
                    "type": "tuple",
                    "values": [
                        0.004960988788694445,
                        0.015784497597652207
                    ]
                },
                {
                    "type": "tuple",
                    "values": [
                        -0.00034691099521,
                        0.01208824728973
                    ]
                },
                {
                    "type": "tuple",
                    "values": [
                        -0.00504181889301,
                        0.00615885029398
                    ]
                },
                {
                    "type": "tuple",
                    "values": [
                        0.00498681174645,
                        0.01707954596625142
                    ]
                },
                {
                    "type": "tuple",
                    "values": [
                        -0.00783793829058,
                        0.005434540191964997
                    ]
                },
                {
                    "type": "tuple",
                    "values": [
                        0.018888557141759955,
                        0.03274243527758383
                    ]
                }
            ]
        }
    }
}