{
    "type": "instance",
    "class_path": "autofit.non_linear.samples.summary.SamplesSummary",
    "arguments": {
        "log_evidence": -133.26776636388442,
        "values_at_sigma_1": {
            "type": "list",
            "values": [
                {
                    "type": "tuple",
                    "values": [
                        -0.18033673588046,
                        -0.1766352958302898
                    ]
                },
                {
                    "type": "tuple",
                    "values": [
                        -0.00746258607042,
                        -0.00310845289726
                    ]
                },
                {
                    "type": "tuple",
                    "values": [
                        0.0371675464805928,
                        0.06718705340988576
                    ]
                },
                {
                    "type": "tuple",
                    "values": [
                        -0.05335346052272934,
                        -0.01706925698105729
                    ]
                },
                {
                    "type": "tuple",
                    "values": [
                        -0.02261528930053,
                        -0.00080699281917
                    ]
                },
                {
                    "type": "tuple",
                    "values": [
                        -0.09223042888943304,
                        -0.023269947681302
                    ]
                }
            ]
        },
        "max_log_likelihood_sample": {
            "type": "instance",
            "class_path": "autofit.non_linear.samples.sample.Sample",
            "arguments": {
                "log_likelihood": -114.64655112031554,
                "log_prior": 0.0,
                "weight": 0.0010258840204728295,
                "kwargs": {
                    "type": "dict",
                    "arguments": {
                        "ellipses.0.ell_comps.ell_comps_0": -0.16873097268491,
                        "ellipses.0.ell_comps.ell_comps_1": -0.0082435298595,
                        "multipoles.0.multipole_3.multipole_comps.multipole_comps_0": 0.08843254885441,
                        "multipoles.0.multipole_3.multipole_comps.multipole_comps_1": -0.01801713533271,
                        "multipoles.0.multipole_4.multipole_comps.multipole_comps_0": 0.0031619372559,
                        "multipoles.0.multipole_4.multipole_comps.multipole_comps_1": -0.06420001025831
                    }
                }
            }
        },
        "model": null,
        "values_at_sigma_3": {
            "type": "list",
            "values": [
                {
                    "type": "tuple",
                    "values": [
                        -0.21459570056513,
                        -0.15351378487021453
                    ]
                },
                {
                    "type": "tuple",
                    "values": [
                        -0.0242588115751067,
                        0.026221677906839658
                    ]
                },
                {
                    "type": "tuple",
                    "values": [
                        -0.07660113433495214,
                        0.08868599924870542
                    ]
                },
                {
                    "type": "tuple",
                    "values": [
                        -0.06814559935256093,
                        0.05984465436248622
                    ]
                },
                {
                    "type": "tuple",
                    "values": [
                        -0.08927724544154214,
                        0.031171770372736038
                    ]
                },
                {
                    "type": "tuple",
                    "values": [
                        -0.09981173031322,
                        0.060686931134673584
                    ]
                }
            ]
        },
        "median_pdf_sample": {
            "type": "instance",
            "class_path": "autofit.non_linear.samples.sample.Sample",
            "arguments": {
                "log_likelihood": -114.64655112031554,
                "log_prior": 0.0,
                "weight": 0.0010258840204728295,
                "kwargs": {
                    "type": "dict",
                    "arguments": {
                        "ellipses.0.ell_comps.ell_comps_0": -0.17815893187154,
                        "ellipses.0.ell_comps.ell_comps_1": -0.0052952098671878965,
                        "multipoles.0.multipole_3.multipole_comps.multipole_comps_0": 0.05731039670857454,
                        "multipoles.0.multipole_3.multipole_comps.multipole_comps_1": -0.0451890745056,
                        "multipoles.0.multipole_4.multipole_comps.multipole_comps_0": -0.01221031716723908,
                        "multipoles.0.multipole_4.multipole_comps.multipole_comps_1": -0.08485817900267
                    }
                }
            }
        },
        "errors_at_sigma_3": {
            "type": "list",
            "values": [
                {
                    "type": "tuple",
                    "values": [
                        0.03643676869359,
                        0.024645147001325474
                    ]
                },
                {
                    "type": "tuple",
                    "values": [
                        0.018963601707918804,
                        0.03151688777402756
                    ]
                },
                {
                    "type": "tuple",
                    "values": [
                        0.13391153104352668,
                        0.03137560254013088
                    ]
                },
                {
                    "type": "tuple",
                    "values": [
                        0.022956524846960924,
                        0.10503372886808622
                    ]
                },
                {
                    "type": "tuple",
                    "values": [
                        0.07706692827430306,
                        0.04338208753997512
                    ]
                },
                {
                    "type": "tuple",
                    "values": [
                        0.014953551310550012,
                        0.1455451101373436
                    ]
                }
            ]
        },
        "errors_at_sigma_1": {
            "type": "list",
            "values": [
                {
                    "type": "tuple",
                    "values": [
                        0.002177804008920009,
                        0.0015236360412501926
                    ]
                },
                {
                    "type": "tuple",
                    "values": [
                        0.0021673762032321034,
                        0.0021867569699278964
                    ]
                },
                {
                    "type": "tuple",
                    "values": [
                        0.02014285022798174,
                        0.009876656701311222
                    ]
                },
                {
                    "type": "tuple",
                    "values": [
                        0.008164386017129335,
                        0.028119817524542713
                    ]
                },
                {
                    "type": "tuple",
                    "values": [
                        0.01040497213329092,
                        0.01140332434806908
                    ]
                },
                {
                    "type": "tuple",
                    "values": [
                        0.007372249886763049,
                        0.061588231321367995
                    ]
                }
            ]
        }
    }
}