{
    "type": "instance",
    "class_path": "autofit.non_linear.samples.summary.SamplesSummary",
    "arguments": {
        "errors_at_sigma_1": {
            "type": "list",
            "values": [
                {
                    "type": "tuple",
                    "values": [
                        0.01218668008676016,
                        0.0033624902367889176
                    ]
                },
                {
                    "type": "tuple",
                    "values": [
                        0.02795902317649096,
                        0.010620533937439287
                    ]
                }
            ]
        },
        "log_evidence": -70.61629474411895,
        "errors_at_sigma_3": {
            "type": "list",
            "values": [
                {
                    "type": "tuple",
                    "values": [
                        0.0245082368489411,
                        0.02638677076770582
                    ]
                },
                {
                    "type": "tuple",
                    "values": [
                        0.08432955072078961,
                        0.01668814891865912
                    ]
                }
            ]
        },
        "values_at_sigma_3": {
            "type": "list",
            "values": [
                {
                    "type": "tuple",
                    "values": [
                        -0.29729057454669,
                        -0.24639556693004308
                    ]
                },
                {
                    "type": "tuple",
                    "values": [
                        -0.03973901831502865,
                        0.06127868132442008
                    ]
                }
            ]
        },
        "values_at_sigma_1": {
            "type": "list",
            "values": [
                {
                    "type": "tuple",
                    "values": [
                        -0.28496901778450906,
                        -0.26941984746096
                    ]
                },
                {
                    "type": "tuple",
                    "values": [
                        0.01663150922927,
                        0.05521106634320025
                    ]
                }
            ]
        },
        "max_log_likelihood_sample": {
            "type": "instance",
            "class_path": "autofit.non_linear.samples.sample.Sample",
            "arguments": {
                "log_likelihood": -59.50505124921328,
                "log_prior": 0.0,
                "weight": 0.0009993852517714496,
                "kwargs": {
                    "type": "dict",
                    "arguments": {
                        "ellipses.0.ell_comps.ell_comps_0": -0.27008775218524,
                        "ellipses.0.ell_comps.ell_comps_1": 0.05470669861552
                    }
                }
            }
        },
        "median_pdf_sample": {
            "type": "instance",
            "class_path": "autofit.non_linear.samples.sample.Sample",
            "arguments": {
                "log_likelihood": -59.50505124921328,
                "log_prior": 0.0,
                "weight": 0.0009993852517714496,
                "kwargs": {
                    "type": "dict",
                    "arguments": {
                        "ellipses.0.ell_comps.ell_comps_0": -0.2727823376977489,
                        "ellipses.0.ell_comps.ell_comps_1": 0.04459053240576096
                    }
                }
            }
        },
        "model": null
    }
}