{
    "type": "instance",
    "class_path": "autoarray.structures.grids.irregular_2d.Grid2DIrregular",
    "arguments": {
        "values": {
            "type": "ndarray",
            "array": [
                [
                    1.3,
                    -0.7000000000000001
                ],
                [
                    -0.9500000000000001,
                    -0.2
                ],
                [
                    -0.2,
                    0.9500000000000001
                ]
            ],
            "dtype": "float64"
        }
    }
}