{
    "type": "instance",
    "class_path": "autofit.non_linear.samples.summary.SamplesSummary",
    "arguments": {
        "max_log_likelihood_sample": {
            "type": "instance",
            "class_path": "autofit.non_linear.samples.sample.Sample",
            "arguments": {
                "log_likelihood": -36.31688911741898,
                "log_prior": 0.0,
                "weight": 0.0008184908221367982,
                "kwargs": {
                    "type": "dict",
                    "arguments": {
                        "ellipses.0.ell_comps.ell_comps_0": 0.02408989977972,
                        "ellipses.0.ell_comps.ell_comps_1": 0.02373043533288,
                        "multipoles.0.multipole_1.multipole_comps.multipole_comps_0": 0.01472638264522,
                        "multipoles.0.multipole_1.multipole_comps.multipole_comps_1": -0.03972228149741,
                        "multipoles.0.multipole_3.multipole_comps.multipole_comps_0": 0.02689084720298,
                        "multipoles.0.multipole_3.multipole_comps.multipole_comps_1": 0.01425194324223,
                        "multipoles.0.multipole_4.multipole_comps.multipole_comps_0": -0.09281954556739,
                        "multipoles.0.multipole_4.multipole_comps.multipole_comps_1": 0.00424825617941
                    }
                }
            }
        },
        "model": null,
        "values_at_sigma_3": {
            "type": "list",
            "values": [
                {
                    "type": "tuple",
                    "values": [
                        0.017215535937432656,
                        0.05155512284925
                    ]
                },
                {
                    "type": "tuple",
                    "values": [
                        0.01496649402158,
                        0.0574877205951
                    ]
                },
                {
                    "type": "tuple",
                    "values": [
                        -0.0822419893297836,
                        0.08109326327565
                    ]
                },
                {
                    "type": "tuple",
                    "values": [
                        -0.06005914713420098,
                        0.1344638537762042
                    ]
                },
                {
                    "type": "tuple",
                    "values": [
                        -0.06947876359120561,
                        0.09277957953602413
                    ]
                },
                {
                    "type": "tuple",
                    "values": [
                        -0.06256255466745,
                        0.0910272979910051
                    ]
                },
                {
                    "type": "tuple",
                    "values": [
                        -0.0997176421563587,
                        0.0953289633718452
                    ]
                },
                {
                    "type": "tuple",
                    "values": [
                        -0.09946532422391577,
                        0.07005163095669693
                    ]
                }
            ]
        },
        "median_pdf_sample": {
            "type": "instance",
            "class_path": "autofit.non_linear.samples.sample.Sample",
            "arguments": {
                "log_likelihood": -36.31688911741898,
                "log_prior": 0.0,
                "weight": 0.0008184908221367982,
                "kwargs": {
                    "type": "dict",
                    "arguments": {
                        "ellipses.0.ell_comps.ell_comps_0": 0.03042103070296297,
                        "ellipses.0.ell_comps.ell_comps_1": 0.03059006593369837,
                        "multipoles.0.multipole_1.multipole_comps.multipole_comps_0": 0.00729751769452,
                        "multipoles.0.multipole_1.multipole_comps.multipole_comps_1": 0.03249717128279,
                        "multipoles.0.multipole_3.multipole_comps.multipole_comps_0": 0.02203261435134,
                        "multipoles.0.multipole_3.multipole_comps.multipole_comps_1": 0.03714705407785,
                        "multipoles.0.multipole_4.multipole_comps.multipole_comps_0": -0.04589252628684681,
                        "multipoles.0.multipole_4.multipole_comps.multipole_comps_1": -0.029943537331929913
                    }
                }
            }
        },
        "values_at_sigma_1": {
            "type": "list",
            "values": [
                {
                    "type": "tuple",
                    "values": [
                        0.025162151217771465,
                        0.03933969003279
                    ]
                },
                {
                    "type": "tuple",
                    "values": [
                        0.024444748816704904,
                        0.04164726074726
                    ]
                },
                {
                    "type": "tuple",
                    "values": [
                        -0.02355823948088,
                        0.02764552847709575
                    ]
                },
                {
                    "type": "tuple",
                    "values": [
                        -0.02125308489493324,
                        0.08776099287792366
                    ]
                },
                {
                    "type": "tuple",
                    "values": [
                        -0.0163016326827,
                        0.04641993319134
                    ]
                },
                {
                    "type": "tuple",
                    "values": [
                        -0.001501249110933048,
                        0.05755388472068605
                    ]
                },
                {
                    "type": "tuple",
                    "values": [
                        -0.09119848388975327,
                        0.01395993082438
                    ]
                },
                {
                    "type": "tuple",
                    "values": [
                        -0.08091346970908,
                        0.00793893743641
                    ]
                }
            ]
        },
        "errors_at_sigma_1": {
            "type": "list",
            "values": [
                {
                    "type": "tuple",
                    "values": [
                        0.005258879485191506,
                        0.008918659329827033
                    ]
                },
                {
                    "type": "tuple",
                    "values": [
                        0.006145317116993468,
                        0.01105719481356163
                    ]
                },
                {
                    "type": "tuple",
                    "values": [
                        0.0308557571754,
                        0.02034801078257575
                    ]
                },
                {
                    "type": "tuple",
                    "values": [
                        0.053750256177723235,
                        0.05526382159513366
                    ]
                },
                {
                    "type": "tuple",
                    "values": [
                        0.03833424703404,
                        0.02438731884
                    ]
                },
                {
                    "type": "tuple",
                    "values": [
                        0.038648303188783054,
                        0.02040683064283605
                    ]
                },
                {
                    "type": "tuple",
                    "values": [
                        0.045305957602906455,
                        0.05985245711122682
                    ]
                },
                {
                    "type": "tuple",
                    "values": [
                        0.05096993237715009,
                        0.03788247476833991
                    ]
                }
            ]
        },
        "errors_at_sigma_3": {
            "type": "list",
            "values": [
                {
                    "type": "tuple",
                    "values": [
                        0.013205494765530314,
                        0.021134092146287028
                    ]
                },
                {
                    "type": "tuple",
                    "values": [
                        0.015623571912118371,
                        0.02689765466140163
                    ]
                },
                {
                    "type": "tuple",
                    "values": [
                        0.0895395070243036,
                        0.07379574558113
                    ]
                },
                {
                    "type": "tuple",
                    "values": [
                        0.09255631841699097,
                        0.1019666824934142
                    ]
                },
                {
                    "type": "tuple",
                    "values": [
                        0.09151137794254562,
                        0.07074696518468412
                    ]
                },
                {
                    "type": "tuple",
                    "values": [
                        0.09970960874530001,
                        0.0538802439131551
                    ]
                },
                {
                    "type": "tuple",
                    "values": [
                        0.053825115869511886,
                        0.14122148965869202
                    ]
                },
                {
                    "type": "tuple",
                    "values": [
                        0.06952178689198585,
                        0.09999516828862684
                    ]
                }
            ]
        },
        "log_evidence": -56.75978663026479
    }
}