{
    "type": "instance",
    "class_path": "autofit.non_linear.samples.summary.SamplesSummary",
    "arguments": {
        "log_evidence": -50.85990121349373,
        "max_log_likelihood_sample": {
            "type": "instance",
            "class_path": "autofit.non_linear.samples.sample.Sample",
            "arguments": {
                "log_likelihood": -34.79004412724612,
                "log_prior": 0.0,
                "weight": 0.0010212539807644178,
                "kwargs": {
                    "type": "dict",
                    "arguments": {
                        "ellipses.0.ell_comps.ell_comps_0": -0.17928052936835,
                        "ellipses.0.ell_comps.ell_comps_1": 0.05425202015103,
                        "multipoles.0.multipole_3.multipole_comps.multipole_comps_0": 0.00503823098345,
                        "multipoles.0.multipole_3.multipole_comps.multipole_comps_1": 0.02214149026131,
                        "multipoles.0.multipole_4.multipole_comps.multipole_comps_0": -0.04928665215678,
                        "multipoles.0.multipole_4.multipole_comps.multipole_comps_1": -0.06266018262931
                    }
                }
            }
        },
        "errors_at_sigma_1": {
            "type": "list",
            "values": [
                {
                    "type": "tuple",
                    "values": [
                        0.0021267023420457054,
                        0.004853830986943419
                    ]
                },
                {
                    "type": "tuple",
                    "values": [
                        0.0034212604021673088,
                        0.005762538765936416
                    ]
                },
                {
                    "type": "tuple",
                    "values": [
                        0.01690609492506595,
                        0.01430819688313885
                    ]
                },
                {
                    "type": "tuple",
                    "values": [
                        0.017852543838142085,
                        0.01391497491996
                    ]
                },
                {
                    "type": "tuple",
                    "values": [
                        0.011748562278774494,
                        0.025605763826276197
                    ]
                },
                {
                    "type": "tuple",
                    "values": [
                        0.017954228090733576,
                        0.021171614371794045
                    ]
                }
            ]
        },
        "values_at_sigma_1": {
            "type": "list",
            "values": [
                {
                    "type": "tuple",
                    "values": [
                        -0.18027596178435912,
                        -0.17329542845537
                    ]
                },
                {
                    "type": "tuple",
                    "values": [
                        0.0506069726546,
                        0.059790771822703724
                    ]
                },
                {
                    "type": "tuple",
                    "values": [
                        -0.009607545274425951,
                        0.02160674653377885
                    ]
                },
                {
                    "type": "tuple",
                    "values": [
                        -0.010731475153192085,
                        0.02103604360491
                    ]
                },
                {
                    "type": "tuple",
                    "values": [
                        -0.052879423428448785,
                        -0.015525097323398095
                    ]
                },
                {
                    "type": "tuple",
                    "values": [
                        -0.076902272408,
                        -0.03777642994547238
                    ]
                }
            ]
        },
        "values_at_sigma_3": {
            "type": "list",
            "values": [
                {
                    "type": "tuple",
                    "values": [
                        -0.18488372431535174,
                        -0.12289253714863518
                    ]
                },
                {
                    "type": "tuple",
                    "values": [
                        0.03896245975167,
                        0.0777614232345795
                    ]
                },
                {
                    "type": "tuple",
                    "values": [
                        -0.04075163138123725,
                        0.060852324042269604
                    ]
                },
                {
                    "type": "tuple",
                    "values": [
                        -0.04421377039785,
                        0.04027030351509
                    ]
                },
                {
                    "type": "tuple",
                    "values": [
                        -0.06619468698462473,
                        0.020380565447890808
                    ]
                },
                {
                    "type": "tuple",
                    "values": [
                        -0.0986667998715136,
                        0.08611321098307838
                    ]
                }
            ]
        },
        "model": null,
        "median_pdf_sample": {
            "type": "instance",
            "class_path": "autofit.non_linear.samples.sample.Sample",
            "arguments": {
                "log_likelihood": -34.79004412724612,
                "log_prior": 0.0,
                "weight": 0.0010212539807644178,
                "kwargs": {
                    "type": "dict",
                    "arguments": {
                        "ellipses.0.ell_comps.ell_comps_0": -0.1781492594423134,
                        "ellipses.0.ell_comps.ell_comps_1": 0.05402823305676731,
                        "multipoles.0.multipole_3.multipole_comps.multipole_comps_0": 0.00729854965064,
                        "multipoles.0.multipole_3.multipole_comps.multipole_comps_1": 0.00712106868495,
                        "multipoles.0.multipole_4.multipole_comps.multipole_comps_0": -0.04113086114967429,
                        "multipoles.0.multipole_4.multipole_comps.multipole_comps_1": -0.058948044317266426
                    }
                }
            }
        },
        "errors_at_sigma_3": {
            "type": "list",
            "values": [
                {
                    "type": "tuple",
                    "values": [
                        0.006734464873038332,
                        0.05525672229367823
                    ]
                },
                {
                    "type": "tuple",
                    "values": [
                        0.015065773305097306,
                        0.023733190177812197
                    ]
                },
                {
                    "type": "tuple",
                    "values": [
                        0.04805018103187725,
                        0.0535537743916296
                    ]
                },
                {
                    "type": "tuple",
                    "values": [
                        0.0513348390828,
                        0.03314923483014
                    ]
                },
                {
                    "type": "tuple",
                    "values": [
                        0.02506382583495044,
                        0.0615114265975651
                    ]
                },
                {
                    "type": "tuple",
                    "values": [
                        0.03971875555424717,
                        0.1450612553003448
                    ]
                }
            ]
        }
    }
}