{
    "type": "instance",
    "class_path": "autofit.non_linear.samples.summary.SamplesSummary",
    "arguments": {
        "model": null,
        "errors_at_sigma_1": {
            "type": "list",
            "values": [
                {
                    "type": "tuple",
                    "values": [
                        0.012422577427189233,
                        0.004177708853020767
                    ]
                },
                {
                    "type": "tuple",
                    "values": [
                        0.004997521581626377,
                        0.008012473177773621
                    ]
                }
            ]
        },
        "log_evidence": -63.970853006137474,
        "errors_at_sigma_3": {
            "type": "list",
            "values": [
                {
                    "type": "tuple",
                    "values": [
                        0.01564236982718975,
                        0.04089790619627077
                    ]
                },
                {
                    "type": "tuple",
                    "values": [
                        0.011412534271596997,
                        0.04269684017471599
                    ]
                }
            ]
        },
        "median_pdf_sample": {
            "type": "instance",
            "class_path": "autofit.non_linear.samples.sample.Sample",
            "arguments": {
                "log_likelihood": -53.15314751260229,
                "log_prior": 0.0,
                "weight": 0.000994240808397714,
                "kwargs": {
                    "type": "dict",
                    "arguments": {
                        "ellipses.0.ell_comps.ell_comps_0": -0.08096896006551077,
                        "ellipses.0.ell_comps.ell_comps_1": 0.05501955328144638
                    }
                }
            }
        },
        "max_log_likelihood_sample": {
            "type": "instance",
            "class_path": "autofit.non_linear.samples.sample.Sample",
            "arguments": {
                "log_likelihood": -53.15314751260229,
                "log_prior": 0.0,
                "weight": 0.000994240808397714,
                "kwargs": {
                    "type": "dict",
                    "arguments": {
                        "ellipses.0.ell_comps.ell_comps_0": -0.07672809385398,
                        "ellipses.0.ell_comps.ell_comps_1": 0.05535226752657
                    }
                }
            }
        },
        "values_at_sigma_1": {
            "type": "list",
            "values": [
                {
                    "type": "tuple",
                    "values": [
                        -0.0933915374927,
                        -0.07679125121249
                    ]
                },
                {
                    "type": "tuple",
                    "values": [
                        0.05002203169982,
                        0.06303202645922
                    ]
                }
            ]
        },
        "values_at_sigma_3": {
            "type": "list",
            "values": [
                {
                    "type": "tuple",
                    "values": [
                        -0.09661132989270052,
                        -0.04007105386924
                    ]
                },
                {
                    "type": "tuple",
                    "values": [
                        0.04360701900984938,
                        0.09771639345616237
                    ]
                }
            ]
        }
    }
}