{
    "type": "instance",
    "class_path": "autofit.non_linear.samples.summary.SamplesSummary",
    "arguments": {
        "errors_at_sigma_1": {
            "type": "list",
            "values": [
                {
                    "type": "tuple",
                    "values": [
                        0.06536616160009326,
                        0.02013077245495376
                    ]
                },
                {
                    "type": "tuple",
                    "values": [
                        0.017989800612814712,
                        0.01988319279616619
                    ]
                }
            ]
        },
        "values_at_sigma_3": {
            "type": "list",
            "values": [
                {
                    "type": "tuple",
                    "values": [
                        -0.17999805635453234,
                        0.01327717648811761
                    ]
                },
                {
                    "type": "tuple",
                    "values": [
                        -0.09051775850079948,
                        0.05450922103274528
                    ]
                }
            ]
        },
        "log_evidence": -23.845645498136992,
        "values_at_sigma_1": {
            "type": "list",
            "values": [
                {
                    "type": "tuple",
                    "values": [
                        -0.13119895834382805,
                        -0.045702024288781035
                    ]
                },
                {
                    "type": "tuple",
                    "values": [
                        -0.035715439296040756,
                        0.0021575541129401445
                    ]
                }
            ]
        },
        "errors_at_sigma_3": {
            "type": "list",
            "values": [
                {
                    "type": "tuple",
                    "values": [
                        0.11416525961079754,
                        0.0791099732318524
                    ]
                },
                {
                    "type": "tuple",
                    "values": [
                        0.07279211981757343,
                        0.07223485971597132
                    ]
                }
            ]
        },
        "model": null,
        "median_pdf_sample": {
            "type": "instance",
            "class_path": "autofit.non_linear.samples.sample.Sample",
            "arguments": {
                "log_likelihood": -16.516864859360773,
                "log_prior": 0.0,
                "weight": 0.0009958875921543622,
                "kwargs": {
                    "type": "dict",
                    "arguments": {
                        "ellipses.0.ell_comps.ell_comps_0": -0.0658327967437348,
                        "ellipses.0.ell_comps.ell_comps_1": -0.017725638683226044
                    }
                }
            }
        },
        "max_log_likelihood_sample": {
            "type": "instance",
            "class_path": "autofit.non_linear.samples.sample.Sample",
            "arguments": {
                "log_likelihood": -16.516864859360773,
                "log_prior": 0.0,
                "weight": 0.0009958875921543622,
                "kwargs": {
                    "type": "dict",
                    "arguments": {
                        "ellipses.0.ell_comps.ell_comps_0": -0.06435581545324,
                        "ellipses.0.ell_comps.ell_comps_1": -0.01630897892457
                    }
                }
            }
        }
    }
}