{
    "type": "instance",
    "class_path": "autofit.non_linear.samples.summary.SamplesSummary",
    "arguments": {
        "errors_at_sigma_1": {
            "type": "list",
            "values": [
                {
                    "type": "tuple",
                    "values": [
                        0.0025450123576852956,
                        0.007340666762554704
                    ]
                },
                {
                    "type": "tuple",
                    "values": [
                        0.00733817335138986,
                        0.004650508557721705
                    ]
                },
                {
                    "type": "tuple",
                    "values": [
                        0.010422981778689373,
                        0.008313245494890629
                    ]
                },
                {
                    "type": "tuple",
                    "values": [
                        0.0336520581081512,
                        0.04722697839662456
                    ]
                },
                {
                    "type": "tuple",
                    "values": [
                        0.003971811444481249,
                        0.0034134946602647556
                    ]
                },
                {
                    "type": "tuple",
                    "values": [
                        0.010869833892974625,
                        0.005853411751402006
                    ]
                },
                {
                    "type": "tuple",
                    "values": [
                        0.0072618913369775565,
                        0.0055172582693694995
                    ]
                },
                {
                    "type": "tuple",
                    "values": [
                        0.0056575017334760305,
                        0.002933313826569608
                    ]
                },
                {
                    "type": "tuple",
                    "values": [
                        0.017768657549748476,
                        0.012038636487031532
                    ]
                },
                {
                    "type": "tuple",
                    "values": [
                        0.05434370562231676,
                        0.013413074497917565
                    ]
                },
                {
                    "type": "tuple",
                    "values": [
                        0.002283348463198071,
                        0.001957869475860713
                    ]
                },
                {
                    "type": "tuple",
                    "values": [
                        0.017218899165104395,
                        0.006299774278727244
                    ]
                },
                {
                    "type": "tuple",
                    "values": [
                        0.008317253440964168,
                        0.0033139874853258117
                    ]
                },
                {
                    "type": "tuple",
                    "values": [
                        0.005123762551315907,
                        0.010811776640042618
                    ]
                },
                {
                    "type": "tuple",
                    "values": [
                        0.026590858557696877,
                        0.01599127425289206
                    ]
                },
                {
                    "type": "tuple",
                    "values": [
                        0.03680662495531636,
                        0.06502148114889308
                    ]
                },
                {
                    "type": "tuple",
                    "values": [
                        0.00520818109840481,
                        0.004108734232508758
                    ]
                },
                {
                    "type": "tuple",
                    "values": [
                        0.029665472898271487,
                        0.016258797949298513
                    ]
                },
                {
                    "type": "tuple",
                    "values": [
                        0.00409822336586,
                        0.005655306574442607
                    ]
                },
                {
                    "type": "tuple",
                    "values": [
                        0.004343876696906987,
                        0.0055066113640585765
                    ]
                },
                {
                    "type": "tuple",
                    "values": [
                        0.01649121008546353,
                        0.012668103637595796
                    ]
                },
                {
                    "type": "tuple",
                    "values": [
                        0.006047920359662784,
                        0.005353088504788328
                    ]
                },
                {
                    "type": "tuple",
                    "values": [
                        0.0023380750040035425,
                        0.00556243208929362
                    ]
                },
                {
                    "type": "tuple",
                    "values": [
                        0.013133113200344819,
                        0.008864009668186226
                    ]
                },
                {
                    "type": "tuple",
                    "values": [
                        0.041259899397549996,
                        0.016462048508790003
                    ]
                },
                {
                    "type": "tuple",
                    "values": [
                        0.004633329440410172,
                        0.006630343368488466
                    ]
                },
                {
                    "type": "tuple",
                    "values": [
                        0.016736691323165076,
                        0.03245502377459153
                    ]
                },
                {
                    "type": "tuple",
                    "values": [
                        0.009714416626188771,
                        0.014642275033440011
                    ]
                },
                {
                    "type": "tuple",
                    "values": [
                        0.004736923561542941,
                        0.003772705308365279
                    ]
                },
                {
                    "type": "tuple",
                    "values": [
                        0.007637871987534711,
                        0.02381327030018713
                    ]
                },
                {
                    "type": "tuple",
                    "values": [
                        0.008713030017832912,
                        0.030931674407339113
                    ]
                },
                {
                    "type": "tuple",
                    "values": [
                        0.0037941952085189593,
                        0.007633498600568018
                    ]
                }
            ]
        },
        "max_log_likelihood_sample": {
            "type": "instance",
            "class_path": "autofit.non_linear.samples.sample.Sample",
            "arguments": {
                "log_likelihood": -152.2424945916669,
                "log_prior": 0.0,
                "weight": 0.0010497912866473157,
                "kwargs": {
                    "type": "dict",
                    "arguments": {
                        "ellipses.ellipse_4.centre.centre_0": -0.01698429622246,
                        "ellipses.ellipse_4.centre.centre_1": 0.00716486489417,
                        "ellipses.ellipse_0.ell_comps.ell_comps_0": 0.0221684386664,
                        "ellipses.ellipse_0.ell_comps.ell_comps_1": 0.03259719017605,
                        "multipoles.0.multipole_3.multipole_comps.multipole_comps_0": 0.02371356160496,
                        "multipoles.0.multipole_3.multipole_comps.multipole_comps_1": 0.02130706497401,
                        "multipoles.0.multipole_4.multipole_comps.multipole_comps_0": -0.03730130515219,
                        "multipoles.0.multipole_4.multipole_comps.multipole_comps_1": 0.00993372331229,
                        "ellipses.ellipse_1.ell_comps.ell_comps_0": -0.05649243708655,
                        "ellipses.ellipse_1.ell_comps.ell_comps_1": 0.18219234467082,
                        "multipoles.1.multipole_3.multipole_comps.multipole_comps_0": 0.02591822226135,
                        "multipoles.1.multipole_3.multipole_comps.multipole_comps_1": 0.00611243426637,
                        "multipoles.1.multipole_4.multipole_comps.multipole_comps_0": 0.02533968846235,
                        "multipoles.1.multipole_4.multipole_comps.multipole_comps_1": -0.03721898150012,
                        "ellipses.ellipse_2.ell_comps.ell_comps_0": -0.06232001345089,
                        "ellipses.ellipse_2.ell_comps.ell_comps_1": 0.00269829637964,
                        "multipoles.2.multipole_3.multipole_comps.multipole_comps_0": 0.02829077900503,
                        "multipoles.2.multipole_3.multipole_comps.multipole_comps_1": -0.01959179805033,
                        "multipoles.2.multipole_4.multipole_comps.multipole_comps_0": -0.0101428444842,
                        "multipoles.2.multipole_4.multipole_comps.multipole_comps_1": 0.0627284170741,
                        "ellipses.ellipse_3.ell_comps.ell_comps_0": -0.19430566032241,
                        "ellipses.ellipse_3.ell_comps.ell_comps_1": 0.27762689091075,
                        "multipoles.3.multipole_3.multipole_comps.multipole_comps_0": -0.0218442428807,
                        "multipoles.3.multipole_3.multipole_comps.multipole_comps_1": 0.0098347666101,
                        "multipoles.3.multipole_4.multipole_comps.multipole_comps_0": -0.04719972795321,
                        "multipoles.3.multipole_4.multipole_comps.multipole_comps_1": -0.03659288323781,
                        "ellipses.ellipse_4.ell_comps.ell_comps_0": 0.2341957695534,
                        "ellipses.ellipse_4.ell_comps.ell_comps_1": 0.27636892161966,
                        "multipoles.4.multipole_3.multipole_comps.multipole_comps_0": 0.09130628000909,
                        "multipoles.4.multipole_3.multipole_comps.multipole_comps_1": 0.06269346338559,
                        "multipoles.4.multipole_4.multipole_comps.multipole_comps_0": 0.0121279964838,
                        "multipoles.4.multipole_4.multipole_comps.multipole_comps_1": 0.00512590065448
                    }
                }
            }
        },
        "errors_at_sigma_3": {
            "type": "list",
            "values": [
                {
                    "type": "tuple",
                    "values": [
                        0.0046584850820852956,
                        0.019919748179334704
                    ]
                },
                {
                    "type": "tuple",
                    "values": [
                        0.018061710743941042,
                        0.008648454674913828
                    ]
                },
                {
                    "type": "tuple",
                    "values": [
                        0.03354493686720937,
                        0.021508502590430696
                    ]
                },
                {
                    "type": "tuple",
                    "values": [
                        0.049925243900149976,
                        0.10208564059469194
                    ]
                },
                {
                    "type": "tuple",
                    "values": [
                        0.054822628981637755,
                        0.013007186642787546
                    ]
                },
                {
                    "type": "tuple",
                    "values": [
                        0.024686894839153484,
                        0.02074265406804589
                    ]
                },
                {
                    "type": "tuple",
                    "values": [
                        0.017182676891928365,
                        0.050739801315856294
                    ]
                },
                {
                    "type": "tuple",
                    "values": [
                        0.02270821813275603,
                        0.009776895314259876
                    ]
                },
                {
                    "type": "tuple",
                    "values": [
                        0.048094111191018474,
                        0.04555513983886153
                    ]
                },
                {
                    "type": "tuple",
                    "values": [
                        0.07169965337499588,
                        0.032880593828509275
                    ]
                },
                {
                    "type": "tuple",
                    "values": [
                        0.028423287080893242,
                        0.0045714446472519266
                    ]
                },
                {
                    "type": "tuple",
                    "values": [
                        0.028950598052032494,
                        0.009862810309687508
                    ]
                },
                {
                    "type": "tuple",
                    "values": [
                        0.03494431132211,
                        0.015421499852126475
                    ]
                },
                {
                    "type": "tuple",
                    "values": [
                        0.018515945861760003,
                        0.03503675246256521
                    ]
                },
                {
                    "type": "tuple",
                    "values": [
                        0.07403040480615689,
                        0.10797388560177312
                    ]
                },
                {
                    "type": "tuple",
                    "values": [
                        0.043654633978131074,
                        0.07786338049370439
                    ]
                },
                {
                    "type": "tuple",
                    "values": [
                        0.04561513948608481,
                        0.024068965071218234
                    ]
                },
                {
                    "type": "tuple",
                    "values": [
                        0.040264462935386866,
                        0.023106516472557893
                    ]
                },
                {
                    "type": "tuple",
                    "values": [
                        0.02147190492974,
                        0.014014116741471034
                    ]
                },
                {
                    "type": "tuple",
                    "values": [
                        0.02734726469863142,
                        0.01655587113196077
                    ]
                },
                {
                    "type": "tuple",
                    "values": [
                        0.09193787807552012,
                        0.11600334658432193
                    ]
                },
                {
                    "type": "tuple",
                    "values": [
                        0.10788480115499585,
                        0.085104825090278
                    ]
                },
                {
                    "type": "tuple",
                    "values": [
                        0.00596623804693,
                        0.02261531290684907
                    ]
                },
                {
                    "type": "tuple",
                    "values": [
                        0.02867286193704207,
                        0.026695702003650963
                    ]
                },
                {
                    "type": "tuple",
                    "values": [
                        0.04956929603304128,
                        0.05719451269033608
                    ]
                },
                {
                    "type": "tuple",
                    "values": [
                        0.01724112119039073,
                        0.08792114999726927
                    ]
                },
                {
                    "type": "tuple",
                    "values": [
                        0.07258376295498237,
                        0.10405655567771885
                    ]
                },
                {
                    "type": "tuple",
                    "values": [
                        0.22834541180753998,
                        0.041263021246038756
                    ]
                },
                {
                    "type": "tuple",
                    "values": [
                        0.09719854881164236,
                        0.009227536868334732
                    ]
                },
                {
                    "type": "tuple",
                    "values": [
                        0.04711461483209086,
                        0.03446316482612529
                    ]
                },
                {
                    "type": "tuple",
                    "values": [
                        0.03529270702278767,
                        0.04521042417253791
                    ]
                },
                {
                    "type": "tuple",
                    "values": [
                        0.033246726494670004,
                        0.03271359411921
                    ]
                }
            ]
        },
        "values_at_sigma_1": {
            "type": "list",
            "values": [
                {
                    "type": "tuple",
                    "values": [
                        -0.01731852392206,
                        -0.00743284480182
                    ]
                },
                {
                    "type": "tuple",
                    "values": [
                        0.004242813571008995,
                        0.01623149548012056
                    ]
                },
                {
                    "type": "tuple",
                    "values": [
                        0.01219607715033,
                        0.03093230442391
                    ]
                },
                {
                    "type": "tuple",
                    "values": [
                        0.020814575268756838,
                        0.1016936117735326
                    ]
                },
                {
                    "type": "tuple",
                    "values": [
                        0.014700892523388753,
                        0.022086198628134757
                    ]
                },
                {
                    "type": "tuple",
                    "values": [
                        0.006529397926413367,
                        0.02325264357079
                    ]
                },
                {
                    "type": "tuple",
                    "values": [
                        -0.04071518784107385,
                        -0.027936038234726793
                    ]
                },
                {
                    "type": "tuple",
                    "values": [
                        0.003328631354,
                        0.011919446914045638
                    ]
                },
                {
                    "type": "tuple",
                    "values": [
                        -0.07915911983369,
                        -0.04935182579691
                    ]
                },
                {
                    "type": "tuple",
                    "values": [
                        0.11939749607322324,
                        0.18715427619345756
                    ]
                },
                {
                    "type": "tuple",
                    "values": [
                        0.02169423385471,
                        0.025935451793768785
                    ]
                },
                {
                    "type": "tuple",
                    "values": [
                        -0.017420860935331902,
                        0.006097812508499736
                    ]
                },
                {
                    "type": "tuple",
                    "values": [
                        0.013828432438695831,
                        0.02545967336498581
                    ]
                },
                {
                    "type": "tuple",
                    "values": [
                        -0.040059840589075905,
                        -0.02412430139771738
                    ]
                },
                {
                    "type": "tuple",
                    "values": [
                        -0.07582975249911,
                        -0.033247619688521066
                    ]
                },
                {
                    "type": "tuple",
                    "values": [
                        0.0025193684880109204,
                        0.10434747459222035
                    ]
                },
                {
                    "type": "tuple",
                    "values": [
                        0.01396781012394,
                        0.023284725454853567
                    ]
                },
                {
                    "type": "tuple",
                    "values": [
                        -0.05918480751256,
                        -0.01326053666499
                    ]
                },
                {
                    "type": "tuple",
                    "values": [
                        -0.01171458619157,
                        -0.001961056251267393
                    ]
                },
                {
                    "type": "tuple",
                    "values": [
                        0.05485202606940443,
                        0.06470251413037
                    ]
                },
                {
                    "type": "tuple",
                    "values": [
                        -0.20132940472909547,
                        -0.17217009100603614
                    ]
                },
                {
                    "type": "tuple",
                    "values": [
                        0.27274119759761,
                        0.2841422064620611
                    ]
                },
                {
                    "type": "tuple",
                    "values": [
                        -0.02356529020938354,
                        -0.015664783116086378
                    ]
                },
                {
                    "type": "tuple",
                    "values": [
                        -0.007401137055076312,
                        0.014595985813454733
                    ]
                },
                {
                    "type": "tuple",
                    "values": [
                        -0.09139495378217,
                        -0.03367300587583
                    ]
                },
                {
                    "type": "tuple",
                    "values": [
                        -0.04082000241628944,
                        -0.029556329607390804
                    ]
                },
                {
                    "type": "tuple",
                    "values": [
                        0.18449417174938368,
                        0.23368588684714028
                    ]
                },
                {
                    "type": "tuple",
                    "values": [
                        0.2759940965103812,
                        0.30035078817001
                    ]
                },
                {
                    "type": "tuple",
                    "values": [
                        0.08595193196453706,
                        0.09446156083444528
                    ]
                },
                {
                    "type": "tuple",
                    "values": [
                        0.05220785957105,
                        0.08365900185877184
                    ]
                },
                {
                    "type": "tuple",
                    "values": [
                        0.0028224495002970884,
                        0.04246715392546911
                    ]
                },
                {
                    "type": "tuple",
                    "values": [
                        0.004829291433231041,
                        0.016256985242318018
                    ]
                }
            ]
        },
        "median_pdf_sample": {
            "type": "instance",
            "class_path": "autofit.non_linear.samples.sample.Sample",
            "arguments": {
                "log_likelihood": -152.2424945916669,
                "log_prior": 0.0,
                "weight": 0.0010497912866473157,
                "kwargs": {
                    "type": "dict",
                    "arguments": {
                        "ellipses.ellipse_4.centre.centre_0": -0.014773511564374705,
                        "ellipses.ellipse_4.centre.centre_1": 0.011580986922398855,
                        "ellipses.ellipse_0.ell_comps.ell_comps_0": 0.022619058929019373,
                        "ellipses.ellipse_0.ell_comps.ell_comps_1": 0.05446663337690804,
                        "multipoles.0.multipole_3.multipole_comps.multipole_comps_0": 0.01867270396787,
                        "multipoles.0.multipole_3.multipole_comps.multipole_comps_1": 0.017399231819387993,
                        "multipoles.0.multipole_4.multipole_comps.multipole_comps_0": -0.03345329650409629,
                        "multipoles.0.multipole_4.multipole_comps.multipole_comps_1": 0.00898613308747603,
                        "ellipses.ellipse_1.ell_comps.ell_comps_0": -0.06139046228394153,
                        "ellipses.ellipse_1.ell_comps.ell_comps_1": 0.17374120169554,
                        "multipoles.1.multipole_3.multipole_comps.multipole_comps_0": 0.023977582317908072,
                        "multipoles.1.multipole_3.multipole_comps.multipole_comps_1": -0.0002019617702275081,
                        "multipoles.1.multipole_4.multipole_comps.multipole_comps_0": 0.02214568587966,
                        "multipoles.1.multipole_4.multipole_comps.multipole_comps_1": -0.03493607803776,
                        "ellipses.ellipse_2.ell_comps.ell_comps_0": -0.04923889394141313,
                        "ellipses.ellipse_2.ell_comps.ell_comps_1": 0.039325993443327274,
                        "multipoles.2.multipole_3.multipole_comps.multipole_comps_0": 0.01917599122234481,
                        "multipoles.2.multipole_3.multipole_comps.multipole_comps_1": -0.029519334614288514,
                        "multipoles.2.multipole_4.multipole_comps.multipole_comps_0": -0.00761636282571,
                        "multipoles.2.multipole_4.multipole_comps.multipole_comps_1": 0.05919590276631142,
                        "ellipses.ellipse_3.ell_comps.ell_comps_0": -0.18483819464363194,
                        "ellipses.ellipse_3.ell_comps.ell_comps_1": 0.2787891179572728,
                        "multipoles.3.multipole_3.multipole_comps.multipole_comps_0": -0.02122721520538,
                        "multipoles.3.multipole_3.multipole_comps.multipole_comps_1": 0.005731976145268507,
                        "multipoles.3.multipole_4.multipole_comps.multipole_comps_0": -0.05013505438462,
                        "multipoles.3.multipole_4.multipole_comps.multipole_comps_1": -0.03618667297587927,
                        "ellipses.ellipse_4.ell_comps.ell_comps_0": 0.20123086307254875,
                        "ellipses.ellipse_4.ell_comps.ell_comps_1": 0.28570851313657,
                        "multipoles.4.multipole_3.multipole_comps.multipole_comps_0": 0.09068885552608,
                        "multipoles.4.multipole_3.multipole_comps.multipole_comps_1": 0.05984573155858471,
                        "multipoles.4.multipole_4.multipole_comps.multipole_comps_0": 0.01153547951813,
                        "multipoles.4.multipole_4.multipole_comps.multipole_comps_1": 0.00862348664175
                    }
                }
            }
        },
        "model": null,
        "log_evidence": -189.49251011825524,
        "values_at_sigma_3": {
            "type": "list",
            "values": [
                {
                    "type": "tuple",
                    "values": [
                        -0.01943199664646,
                        0.00514623661496
                    ]
                },
                {
                    "type": "tuple",
                    "values": [
                        -0.0064807238215421874,
                        0.020229441597312683
                    ]
                },
                {
                    "type": "tuple",
                    "values": [
                        -0.01092587793819,
                        0.04412756151945007
                    ]
                },
                {
                    "type": "tuple",
                    "values": [
                        0.004541389476758067,
                        0.1565522739716
                    ]
                },
                {
                    "type": "tuple",
                    "values": [
                        -0.03614992501376775,
                        0.03167989061065755
                    ]
                },
                {
                    "type": "tuple",
                    "values": [
                        -0.007287663019765491,
                        0.038141885887433884
                    ]
                },
                {
                    "type": "tuple",
                    "values": [
                        -0.05063597339602466,
                        0.01728650481176
                    ]
                },
                {
                    "type": "tuple",
                    "values": [
                        -0.01372208504528,
                        0.018763028401735906
                    ]
                },
                {
                    "type": "tuple",
                    "values": [
                        -0.10948457347496,
                        -0.01583532244508
                    ]
                },
                {
                    "type": "tuple",
                    "values": [
                        0.10204154832054411,
                        0.20662179552404927
                    ]
                },
                {
                    "type": "tuple",
                    "values": [
                        -0.004445704762985171,
                        0.02854902696516
                    ]
                },
                {
                    "type": "tuple",
                    "values": [
                        -0.02915255982226,
                        0.00966084853946
                    ]
                },
                {
                    "type": "tuple",
                    "values": [
                        -0.01279862544245,
                        0.037567185731786475
                    ]
                },
                {
                    "type": "tuple",
                    "values": [
                        -0.05345202389952,
                        0.00010067442480521358
                    ]
                },
                {
                    "type": "tuple",
                    "values": [
                        -0.12326929874757,
                        0.05873499166036
                    ]
                },
                {
                    "type": "tuple",
                    "values": [
                        -0.004328640534803799,
                        0.11718937393703166
                    ]
                },
                {
                    "type": "tuple",
                    "values": [
                        -0.02643914826374,
                        0.04324495629356304
                    ]
                },
                {
                    "type": "tuple",
                    "values": [
                        -0.06978379754967538,
                        -0.00641281814173062
                    ]
                },
                {
                    "type": "tuple",
                    "values": [
                        -0.02908826775545,
                        0.006397753915761035
                    ]
                },
                {
                    "type": "tuple",
                    "values": [
                        0.03184863806768,
                        0.07575177389827219
                    ]
                },
                {
                    "type": "tuple",
                    "values": [
                        -0.27677607271915206,
                        -0.06883484805931
                    ]
                },
                {
                    "type": "tuple",
                    "values": [
                        0.17090431680227694,
                        0.3638939430475508
                    ]
                },
                {
                    "type": "tuple",
                    "values": [
                        -0.02719345325231,
                        0.0013880977014690706
                    ]
                },
                {
                    "type": "tuple",
                    "values": [
                        -0.022940885791773565,
                        0.03242767814891947
                    ]
                },
                {
                    "type": "tuple",
                    "values": [
                        -0.09970435041766128,
                        0.00705945830571608
                    ]
                },
                {
                    "type": "tuple",
                    "values": [
                        -0.05342779416627,
                        0.05173447702139
                    ]
                },
                {
                    "type": "tuple",
                    "values": [
                        0.1286471001175664,
                        0.3052874187502676
                    ]
                },
                {
                    "type": "tuple",
                    "values": [
                        0.05736310132903,
                        0.32697153438260873
                    ]
                },
                {
                    "type": "tuple",
                    "values": [
                        -0.0065096932855623615,
                        0.09991639239441473
                    ]
                },
                {
                    "type": "tuple",
                    "values": [
                        0.012731116726493854,
                        0.09430889638471
                    ]
                },
                {
                    "type": "tuple",
                    "values": [
                        -0.023757227504657665,
                        0.056745903690667905
                    ]
                },
                {
                    "type": "tuple",
                    "values": [
                        -0.02462323985292,
                        0.04133708076096
                    ]
                }
            ]
        }
    }
}