{
    "type": "instance",
    "class_path": "autofit.non_linear.samples.summary.SamplesSummary",
    "arguments": {
        "median_pdf_sample": {
            "type": "instance",
            "class_path": "autofit.non_linear.samples.sample.Sample",
            "arguments": {
                "log_likelihood": -53.4506471121248,
                "log_prior": 0.0,
                "weight": 0.0009977625578356146,
                "kwargs": {
                    "type": "dict",
                    "arguments": {
                        "ellipses.0.ell_comps.ell_comps_0": -0.19534692189324965,
                        "ellipses.0.ell_comps.ell_comps_1": 0.09822482454526524
                    }
                }
            }
        },
        "errors_at_sigma_1": {
            "type": "list",
            "values": [
                {
                    "type": "tuple",
                    "values": [
                        0.016153697490690344,
                        0.055404792050920915
                    ]
                },
                {
                    "type": "tuple",
                    "values": [
                        0.005672971212083766,
                        0.02081794987200318
                    ]
                }
            ]
        },
        "values_at_sigma_1": {
            "type": "list",
            "values": [
                {
                    "type": "tuple",
                    "values": [
                        -0.21150061938394,
                        -0.13994212984232873
                    ]
                },
                {
                    "type": "tuple",
                    "values": [
                        0.09255185333318147,
                        0.11904277441726842
                    ]
                }
            ]
        },
        "errors_at_sigma_3": {
            "type": "list",
            "values": [
                {
                    "type": "tuple",
                    "values": [
                        0.026846276143780268,
                        0.06049646195141964
                    ]
                },
                {
                    "type": "tuple",
                    "values": [
                        0.06345386479379524,
                        0.025664917840534762
                    ]
                }
            ]
        },
        "max_log_likelihood_sample": {
            "type": "instance",
            "class_path": "autofit.non_linear.samples.sample.Sample",
            "arguments": {
                "log_likelihood": -53.4506471121248,
                "log_prior": 0.0,
                "weight": 0.0009977625578356146,
                "kwargs": {
                    "type": "dict",
                    "arguments": {
                        "ellipses.0.ell_comps.ell_comps_0": -0.13947944725209,
                        "ellipses.0.ell_comps.ell_comps_1": 0.09460523985241
                    }
                }
            }
        },
        "log_evidence": -63.868065111246814,
        "model": null,
        "values_at_sigma_3": {
            "type": "list",
            "values": [
                {
                    "type": "tuple",
                    "values": [
                        -0.22219319803702992,
                        -0.13485045994183
                    ]
                },
                {
                    "type": "tuple",
                    "values": [
                        0.03477095975147,
                        0.1238897423858
                    ]
                }
            ]
        }
    }
}