{
    "type": "instance",
    "class_path": "autofit.non_linear.samples.summary.SamplesSummary",
    "arguments": {
        "model": null,
        "errors_at_sigma_3": {
            "type": "list",
            "values": [
                {
                    "type": "tuple",
                    "values": [
                        0.010167170056276587,
                        0.009627029269839802
                    ]
                },
                {
                    "type": "tuple",
                    "values": [
                        0.007477552026965026,
                        0.009833793080773617
                    ]
                }
            ]
        },
        "max_log_likelihood_sample": {
            "type": "instance",
            "class_path": "autofit.non_linear.samples.sample.Sample",
            "arguments": {
                "log_likelihood": -22.95946891551379,
                "log_prior": 0.0,
                "weight": 0.0009818436666154972,
                "kwargs": {
                    "type": "dict",
                    "arguments": {
                        "ellipses.0.ell_comps.ell_comps_0": -0.02215346177211,
                        "ellipses.0.ell_comps.ell_comps_1": -0.11495911961044
                    }
                }
            }
        },
        "log_evidence": -33.456458806596196,
        "median_pdf_sample": {
            "type": "instance",
            "class_path": "autofit.non_linear.samples.sample.Sample",
            "arguments": {
                "log_likelihood": -22.95946891551379,
                "log_prior": 0.0,
                "weight": 0.0009818436666154972,
                "kwargs": {
                    "type": "dict",
                    "arguments": {
                        "ellipses.0.ell_comps.ell_comps_0": -0.02210845399811,
                        "ellipses.0.ell_comps.ell_comps_1": -0.11480698575922361
                    }
                }
            }
        },
        "values_at_sigma_3": {
            "type": "list",
            "values": [
                {
                    "type": "tuple",
                    "values": [
                        -0.03227562405438659,
                        -0.012481424728270199
                    ]
                },
                {
                    "type": "tuple",
                    "values": [
                        -0.12228453778618864,
                        -0.10497319267845
                    ]
                }
            ]
        },
        "errors_at_sigma_1": {
            "type": "list",
            "values": [
                {
                    "type": "tuple",
                    "values": [
                        0.0031979944184899987,
                        0.0028506340337870403
                    ]
                },
                {
                    "type": "tuple",
                    "values": [
                        0.003074442400844632,
                        0.002886500792507324
                    ]
                }
            ]
        },
        "values_at_sigma_1": {
            "type": "list",
            "values": [
                {
                    "type": "tuple",
                    "values": [
                        -0.0253064484166,
                        -0.01925781996432296
                    ]
                },
                {
                    "type": "tuple",
                    "values": [
                        -0.11788142816006825,
                        -0.11192048496671629
                    ]
                }
            ]
        }
    }
}