{
    "type": "instance",
    "class_path": "autofit.non_linear.samples.summary.SamplesSummary",
    "arguments": {
        "max_log_likelihood_sample": {
            "type": "instance",
            "class_path": "autofit.non_linear.samples.sample.Sample",
            "arguments": {
                "log_likelihood": -31.297899810098773,
                "log_prior": 0.0,
                "weight": 0.0009850437037047903,
                "kwargs": {
                    "type": "dict",
                    "arguments": {
                        "ellipses.0.ell_comps.ell_comps_0": -0.13041905402663,
                        "ellipses.0.ell_comps.ell_comps_1": -0.02920241202548,
                        "multipoles.0.multipole_1.multipole_comps.multipole_comps_0": -0.0004444170439,
                        "multipoles.0.multipole_1.multipole_comps.multipole_comps_1": -0.00238600066944,
                        "multipoles.0.multipole_3.multipole_comps.multipole_comps_0": -0.00108721550999,
                        "multipoles.0.multipole_3.multipole_comps.multipole_comps_1": 0.00330799136698,
                        "multipoles.0.multipole_4.multipole_comps.multipole_comps_0": -0.00139359331514,
                        "multipoles.0.multipole_4.multipole_comps.multipole_comps_1": -0.00268435699163
                    }
                }
            }
        },
        "errors_at_sigma_3": {
            "type": "list",
            "values": [
                {
                    "type": "tuple",
                    "values": [
                        0.0040760063453537665,
                        0.004733485069390003
                    ]
                },
                {
                    "type": "tuple",
                    "values": [
                        0.005271676042837799,
                        0.00571622525992321
                    ]
                },
                {
                    "type": "tuple",
                    "values": [
                        0.004715437637635088,
                        0.004293693422861394
                    ]
                },
                {
                    "type": "tuple",
                    "values": [
                        0.003940760557880835,
                        0.004007538414643469
                    ]
                },
                {
                    "type": "tuple",
                    "values": [
                        0.003896548753592026,
                        0.00419441817059
                    ]
                },
                {
                    "type": "tuple",
                    "values": [
                        0.00421016987255,
                        0.0036510650884983517
                    ]
                },
                {
                    "type": "tuple",
                    "values": [
                        0.004819288537962276,
                        0.0045085749514357405
                    ]
                },
                {
                    "type": "tuple",
                    "values": [
                        0.004362612625208172,
                        0.004626241288087235
                    ]
                }
            ]
        },
        "values_at_sigma_1": {
            "type": "list",
            "values": [
                {
                    "type": "tuple",
                    "values": [
                        -0.13141603144083,
                        -0.12874297167628115
                    ]
                },
                {
                    "type": "tuple",
                    "values": [
                        -0.03135036270265,
                        -0.027643380251339476
                    ]
                },
                {
                    "type": "tuple",
                    "values": [
                        -0.0020444622752805214,
                        0.0008398139905893072
                    ]
                },
                {
                    "type": "tuple",
                    "values": [
                        -0.0031045009223552014,
                        -0.00052624988658
                    ]
                },
                {
                    "type": "tuple",
                    "values": [
                        -0.00288777658098,
                        -0.0003372156677760864
                    ]
                },
                {
                    "type": "tuple",
                    "values": [
                        0.0021321459039,
                        0.004754101309641755
                    ]
                },
                {
                    "type": "tuple",
                    "values": [
                        -0.0022338224019666374,
                        0.0007738712885416362
                    ]
                },
                {
                    "type": "tuple",
                    "values": [
                        -0.00467548873449,
                        -0.0013927565812375193
                    ]
                }
            ]
        },
        "median_pdf_sample": {
            "type": "instance",
            "class_path": "autofit.non_linear.samples.sample.Sample",
            "arguments": {
                "log_likelihood": -31.297899810098773,
                "log_prior": 0.0,
                "weight": 0.0009850437037047903,
                "kwargs": {
                    "type": "dict",
                    "arguments": {
                        "ellipses.0.ell_comps.ell_comps_0": -0.13008938653845,
                        "ellipses.0.ell_comps.ell_comps_1": -0.029400752531208572,
                        "multipoles.0.multipole_1.multipole_comps.multipole_comps_0": -0.0004499478831849111,
                        "multipoles.0.multipole_1.multipole_comps.multipole_comps_1": -0.00173419555011,
                        "multipoles.0.multipole_3.multipole_comps.multipole_comps_0": -0.00164622382763,
                        "multipoles.0.multipole_3.multipole_comps.multipole_comps_1": 0.0033530727484,
                        "multipoles.0.multipole_4.multipole_comps.multipole_comps_0": -0.0007048075798977237,
                        "multipoles.0.multipole_4.multipole_comps.multipole_comps_1": -0.0030088781713527575
                    }
                }
            }
        },
        "errors_at_sigma_1": {
            "type": "list",
            "values": [
                {
                    "type": "tuple",
                    "values": [
                        0.001326644902379992,
                        0.0013464148621688543
                    ]
                },
                {
                    "type": "tuple",
                    "values": [
                        0.001949610171441428,
                        0.0017573722798690967
                    ]
                },
                {
                    "type": "tuple",
                    "values": [
                        0.0015945143920956103,
                        0.0012897618737742183
                    ]
                },
                {
                    "type": "tuple",
                    "values": [
                        0.0013703053722452013,
                        0.0012079456635300002
                    ]
                },
                {
                    "type": "tuple",
                    "values": [
                        0.0012415527533500002,
                        0.0013090081598539135
                    ]
                },
                {
                    "type": "tuple",
                    "values": [
                        0.0012209268444999997,
                        0.0014010285612417552
                    ]
                },
                {
                    "type": "tuple",
                    "values": [
                        0.0015290148220689138,
                        0.00147867886843936
                    ]
                },
                {
                    "type": "tuple",
                    "values": [
                        0.0016666105631372428,
                        0.0016161215901152382
                    ]
                }
            ]
        },
        "values_at_sigma_3": {
            "type": "list",
            "values": [
                {
                    "type": "tuple",
                    "values": [
                        -0.13416539288380377,
                        -0.12535590146906
                    ]
                },
                {
                    "type": "tuple",
                    "values": [
                        -0.03467242857404637,
                        -0.023684527271285363
                    ]
                },
                {
                    "type": "tuple",
                    "values": [
                        -0.00516538552082,
                        0.0038437455396764827
                    ]
                },
                {
                    "type": "tuple",
                    "values": [
                        -0.005674956107990835,
                        0.002273342864533468
                    ]
                },
                {
                    "type": "tuple",
                    "values": [
                        -0.005542772581222026,
                        0.00254819434296
                    ]
                },
                {
                    "type": "tuple",
                    "values": [
                        -0.00085709712415,
                        0.0070041378368983515
                    ]
                },
                {
                    "type": "tuple",
                    "values": [
                        -0.00552409611786,
                        0.003803767371538017
                    ]
                },
                {
                    "type": "tuple",
                    "values": [
                        -0.00737149079656093,
                        0.0016173631167344775
                    ]
                }
            ]
        },
        "log_evidence": -66.19569110850539,
        "model": null
    }
}