{
    "type": "instance",
    "class_path": "autofit.non_linear.samples.summary.SamplesSummary",
    "arguments": {
        "values_at_sigma_3": {
            "type": "list",
            "values": [
                {
                    "type": "tuple",
                    "values": [
                        0.10033044549218723,
                        0.12344643137281024
                    ]
                },
                {
                    "type": "tuple",
                    "values": [
                        -0.11541808968853155,
                        -0.09259386501692
                    ]
                }
            ]
        },
        "errors_at_sigma_1": {
            "type": "list",
            "values": [
                {
                    "type": "tuple",
                    "values": [
                        0.004205280615046866,
                        0.004447700243870006
                    ]
                },
                {
                    "type": "tuple",
                    "values": [
                        0.004061153025749872,
                        0.00451036556566442
                    ]
                }
            ]
        },
        "model": null,
        "values_at_sigma_1": {
            "type": "list",
            "values": [
                {
                    "type": "tuple",
                    "values": [
                        0.10840308162561313,
                        0.11705606248453
                    ]
                },
                {
                    "type": "tuple",
                    "values": [
                        -0.10875595569299529,
                        -0.100184437101581
                    ]
                }
            ]
        },
        "errors_at_sigma_3": {
            "type": "list",
            "values": [
                {
                    "type": "tuple",
                    "values": [
                        0.01227791674847277,
                        0.010838069132150241
                    ]
                },
                {
                    "type": "tuple",
                    "values": [
                        0.010723287021286138,
                        0.01210093765032541
                    ]
                }
            ]
        },
        "max_log_likelihood_sample": {
            "type": "instance",
            "class_path": "autofit.non_linear.samples.sample.Sample",
            "arguments": {
                "log_likelihood": -39.65764436349184,
                "log_prior": 0.0,
                "weight": 0.0009857420030987252,
                "kwargs": {
                    "type": "dict",
                    "arguments": {
                        "ellipses.0.ell_comps.ell_comps_0": 0.11104276975267,
                        "ellipses.0.ell_comps.ell_comps_1": -0.10612821359912
                    }
                }
            }
        },
        "log_evidence": -49.55317887260094,
        "median_pdf_sample": {
            "type": "instance",
            "class_path": "autofit.non_linear.samples.sample.Sample",
            "arguments": {
                "log_likelihood": -39.65764436349184,
                "log_prior": 0.0,
                "weight": 0.0009857420030987252,
                "kwargs": {
                    "type": "dict",
                    "arguments": {
                        "ellipses.0.ell_comps.ell_comps_0": 0.11260836224066,
                        "ellipses.0.ell_comps.ell_comps_1": -0.10469480266724542
                    }
                }
            }
        }
    }
}