{
    "type": "instance",
    "class_path": "autofit.non_linear.samples.summary.SamplesSummary",
    "arguments": {
        "errors_at_sigma_3": {
            "type": "list",
            "values": [
                {
                    "type": "tuple",
                    "values": [
                        0.043003903833981796,
                        0.07572916461066499
                    ]
                },
                {
                    "type": "tuple",
                    "values": [
                        0.030709913462057058,
                        0.051872023843252936
                    ]
                },
                {
                    "type": "tuple",
                    "values": [
                        0.0858592973803953,
                        0.1358494344786828
                    ]
                },
                {
                    "type": "tuple",
                    "values": [
                        0.091200864479829,
                        0.089186777248931
                    ]
                },
                {
                    "type": "tuple",
                    "values": [
                        0.1009719923793719,
                        0.07523902800622585
                    ]
                },
                {
                    "type": "tuple",
                    "values": [
                        0.11350586652577149,
                        0.06525636134314
                    ]
                },
                {
                    "type": "tuple",
                    "values": [
                        0.04062601764746429,
                        0.15071726128298896
                    ]
                },
                {
                    "type": "tuple",
                    "values": [
                        0.08400928868511,
                        0.11210283450498953
                    ]
                }
            ]
        },
        "max_log_likelihood_sample": {
            "type": "instance",
            "class_path": "autofit.non_linear.samples.sample.Sample",
            "arguments": {
                "log_likelihood": -16.390630186467895,
                "log_prior": 0.0,
                "weight": 0.0009190320184275531,
                "kwargs": {
                    "type": "dict",
                    "arguments": {
                        "ellipses.0.ell_comps.ell_comps_0": 0.05210987296839,
                        "ellipses.0.ell_comps.ell_comps_1": 0.01951583856666,
                        "multipoles.0.multipole_1.multipole_comps.multipole_comps_0": 0.0045437453523,
                        "multipoles.0.multipole_1.multipole_comps.multipole_comps_1": 0.02335779797265,
                        "multipoles.0.multipole_3.multipole_comps.multipole_comps_0": 0.04707423735033,
                        "multipoles.0.multipole_3.multipole_comps.multipole_comps_1": 0.0462010573098,
                        "multipoles.0.multipole_4.multipole_comps.multipole_comps_0": -0.06928184332304,
                        "multipoles.0.multipole_4.multipole_comps.multipole_comps_1": 0.02242784576038
                    }
                }
            }
        },
        "model": null,
        "values_at_sigma_1": {
            "type": "list",
            "values": [
                {
                    "type": "tuple",
                    "values": [
                        0.0434975765723,
                        0.05506262543418
                    ]
                },
                {
                    "type": "tuple",
                    "values": [
                        -0.00042862551828,
                        0.02501472194112
                    ]
                },
                {
                    "type": "tuple",
                    "values": [
                        -0.022320559203646787,
                        0.02888912325081
                    ]
                },
                {
                    "type": "tuple",
                    "values": [
                        -0.04179359108684,
                        0.05517788541274192
                    ]
                },
                {
                    "type": "tuple",
                    "values": [
                        -0.00833942816973,
                        0.052399942871095284
                    ]
                },
                {
                    "type": "tuple",
                    "values": [
                        -0.0018602840371903394,
                        0.07741905199733158
                    ]
                },
                {
                    "type": "tuple",
                    "values": [
                        -0.08473705960611,
                        -0.030509910006071977
                    ]
                },
                {
                    "type": "tuple",
                    "values": [
                        -0.04781997612848062,
                        0.05412409691438
                    ]
                }
            ]
        },
        "median_pdf_sample": {
            "type": "instance",
            "class_path": "autofit.non_linear.samples.sample.Sample",
            "arguments": {
                "log_likelihood": -16.390630186467895,
                "log_prior": 0.0,
                "weight": 0.0009190320184275531,
                "kwargs": {
                    "type": "dict",
                    "arguments": {
                        "ellipses.0.ell_comps.ell_comps_0": 0.049819237257165014,
                        "ellipses.0.ell_comps.ell_comps_1": 0.01145998969566706,
                        "multipoles.0.multipole_1.multipole_comps.multipole_comps_0": 0.001142272441829752,
                        "multipoles.0.multipole_1.multipole_comps.multipole_comps_1": 0.008774509250449012,
                        "multipoles.0.multipole_3.multipole_comps.multipole_comps_0": 0.021989089877421906,
                        "multipoles.0.multipole_3.multipole_comps.multipole_comps_1": 0.03404306211004,
                        "multipoles.0.multipole_4.multipole_comps.multipole_comps_0": -0.05900038231880897,
                        "multipoles.0.multipole_4.multipole_comps.multipole_comps_1": -0.01241618326188
                    }
                }
            }
        },
        "log_evidence": -34.961592627056866,
        "values_at_sigma_3": {
            "type": "list",
            "values": [
                {
                    "type": "tuple",
                    "values": [
                        0.006815333423183218,
                        0.12554840186783
                    ]
                },
                {
                    "type": "tuple",
                    "values": [
                        -0.01924992376639,
                        0.06333201353892
                    ]
                },
                {
                    "type": "tuple",
                    "values": [
                        -0.08471702493856555,
                        0.13699170692051255
                    ]
                },
                {
                    "type": "tuple",
                    "values": [
                        -0.08242635522938,
                        0.09796128649938
                    ]
                },
                {
                    "type": "tuple",
                    "values": [
                        -0.07898290250195,
                        0.09722811788364775
                    ]
                },
                {
                    "type": "tuple",
                    "values": [
                        -0.0794628044157315,
                        0.09929942345318
                    ]
                },
                {
                    "type": "tuple",
                    "values": [
                        -0.09962639996627326,
                        0.09171687896418
                    ]
                },
                {
                    "type": "tuple",
                    "values": [
                        -0.09642547194699,
                        0.09968665124310953
                    ]
                }
            ]
        },
        "errors_at_sigma_1": {
            "type": "list",
            "values": [
                {
                    "type": "tuple",
                    "values": [
                        0.006321660684865012,
                        0.005243388177014988
                    ]
                },
                {
                    "type": "tuple",
                    "values": [
                        0.011888615213947061,
                        0.01355473224545294
                    ]
                },
                {
                    "type": "tuple",
                    "values": [
                        0.02346283164547654,
                        0.027746850808980247
                    ]
                },
                {
                    "type": "tuple",
                    "values": [
                        0.05056810033728901,
                        0.04640337616229291
                    ]
                },
                {
                    "type": "tuple",
                    "values": [
                        0.030328518047151906,
                        0.03041085299367338
                    ]
                },
                {
                    "type": "tuple",
                    "values": [
                        0.035903346147230335,
                        0.043375989887291584
                    ]
                },
                {
                    "type": "tuple",
                    "values": [
                        0.02573667728730103,
                        0.028490472312736992
                    ]
                },
                {
                    "type": "tuple",
                    "values": [
                        0.03540379286660062,
                        0.06654028017626
                    ]
                }
            ]
        }
    }
}