{
    "type": "instance",
    "class_path": "autofit.non_linear.samples.summary.SamplesSummary",
    "arguments": {
        "values_at_sigma_3": {
            "type": "list",
            "values": [
                {
                    "type": "tuple",
                    "values": [
                        -0.04783932587292,
                        -0.01155454088307
                    ]
                },
                {
                    "type": "tuple",
                    "values": [
                        -0.07482732866731918,
                        -0.03533862536766032
                    ]
                },
                {
                    "type": "tuple",
                    "values": [
                        -0.03256892926120545,
                        0.029576393194232102
                    ]
                },
                {
                    "type": "tuple",
                    "values": [
                        -0.03166976750338497,
                        0.02561566874189
                    ]
                },
                {
                    "type": "tuple",
                    "values": [
                        -0.039718205514242585,
                        0.03560289967526662
                    ]
                },
                {
                    "type": "tuple",
                    "values": [
                        -0.017504755234349342,
                        0.05373966454115647
                    ]
                }
            ]
        },
        "values_at_sigma_1": {
            "type": "list",
            "values": [
                {
                    "type": "tuple",
                    "values": [
                        -0.0373355716492,
                        -0.027046508268187358
                    ]
                },
                {
                    "type": "tuple",
                    "values": [
                        -0.06316756878596,
                        -0.05294968356558
                    ]
                },
                {
                    "type": "tuple",
                    "values": [
                        -0.01381058933776,
                        0.00521074280203
                    ]
                },
                {
                    "type": "tuple",
                    "values": [
                        -0.014441039954425422,
                        0.004538161743867065
                    ]
                },
                {
                    "type": "tuple",
                    "values": [
                        -0.017823272427243672,
                        0.0038791824019431985
                    ]
                },
                {
                    "type": "tuple",
                    "values": [
                        0.009272225002432721,
                        0.03335722809104974
                    ]
                }
            ]
        },
        "errors_at_sigma_3": {
            "type": "list",
            "values": [
                {
                    "type": "tuple",
                    "values": [
                        0.01545154791963,
                        0.02083323707022
                    ]
                },
                {
                    "type": "tuple",
                    "values": [
                        0.015939869125062983,
                        0.023548834174595884
                    ]
                },
                {
                    "type": "tuple",
                    "values": [
                        0.0278139120859841,
                        0.03433141036945345
                    ]
                },
                {
                    "type": "tuple",
                    "values": [
                        0.026075700231077494,
                        0.03120973601419747
                    ]
                },
                {
                    "type": "tuple",
                    "values": [
                        0.03270731518989259,
                        0.04261378999961662
                    ]
                },
                {
                    "type": "tuple",
                    "values": [
                        0.038658016576163926,
                        0.03258640319934189
                    ]
                }
            ]
        },
        "model": null,
        "errors_at_sigma_1": {
            "type": "list",
            "values": [
                {
                    "type": "tuple",
                    "values": [
                        0.004947793695909995,
                        0.005341269685102644
                    ]
                },
                {
                    "type": "tuple",
                    "values": [
                        0.004280109243703797,
                        0.0059377759766762045
                    ]
                },
                {
                    "type": "tuple",
                    "values": [
                        0.009055572162538652,
                        0.009965759977251347
                    ]
                },
                {
                    "type": "tuple",
                    "values": [
                        0.00884697268211795,
                        0.010132229016174537
                    ]
                },
                {
                    "type": "tuple",
                    "values": [
                        0.010812382102893672,
                        0.010890072726293198
                    ]
                },
                {
                    "type": "tuple",
                    "values": [
                        0.011881036339381866,
                        0.012203966749235153
                    ]
                }
            ]
        },
        "max_log_likelihood_sample": {
            "type": "instance",
            "class_path": "autofit.non_linear.samples.sample.Sample",
            "arguments": {
                "log_likelihood": -18.854255155945513,
                "log_prior": 0.0,
                "weight": 0.0010252433693611121,
                "kwargs": {
                    "type": "dict",
                    "arguments": {
                        "ellipses.0.ell_comps.ell_comps_0": -0.03213845588369,
                        "ellipses.0.ell_comps.ell_comps_1": -0.06238051493917,
                        "multipoles.0.multipole_3.multipole_comps.multipole_comps_0": -0.00238264530622,
                        "multipoles.0.multipole_3.multipole_comps.multipole_comps_1": -0.00658651833236,
                        "multipoles.0.multipole_4.multipole_comps.multipole_comps_0": -0.00930854643057,
                        "multipoles.0.multipole_4.multipole_comps.multipole_comps_1": 0.02205735369016
                    }
                }
            }
        },
        "log_evidence": -36.54333523150319,
        "median_pdf_sample": {
            "type": "instance",
            "class_path": "autofit.non_linear.samples.sample.Sample",
            "arguments": {
                "log_likelihood": -18.854255155945513,
                "log_prior": 0.0,
                "weight": 0.0010252433693611121,
                "kwargs": {
                    "type": "dict",
                    "arguments": {
                        "ellipses.0.ell_comps.ell_comps_0": -0.03238777795329,
                        "ellipses.0.ell_comps.ell_comps_1": -0.0588874595422562,
                        "multipoles.0.multipole_3.multipole_comps.multipole_comps_0": -0.004755017175221348,
                        "multipoles.0.multipole_3.multipole_comps.multipole_comps_1": -0.005594067272307472,
                        "multipoles.0.multipole_4.multipole_comps.multipole_comps_0": -0.00701089032435,
                        "multipoles.0.multipole_4.multipole_comps.multipole_comps_1": 0.021153261341814587
                    }
                }
            }
        }
    }
}