{
    "type": "instance",
    "class_path": "autofit.non_linear.samples.summary.SamplesSummary",
    "arguments": {
        "log_evidence": -44.790698775251116,
        "values_at_sigma_1": {
            "type": "list",
            "values": [
                {
                    "type": "tuple",
                    "values": [
                        -0.04221626612109,
                        -0.03287306347777358
                    ]
                },
                {
                    "type": "tuple",
                    "values": [
                        -0.043209928371643946,
                        -0.031313781400221515
                    ]
                },
                {
                    "type": "tuple",
                    "values": [
                        -0.0009692637799851404,
                        0.012620437926847002
                    ]
                },
                {
                    "type": "tuple",
                    "values": [
                        -0.0024400096462932805,
                        0.00891469776585
                    ]
                },
                {
                    "type": "tuple",
                    "values": [
                        -0.0058045333206643785,
                        0.006759003186338404
                    ]
                },
                {
                    "type": "tuple",
                    "values": [
                        0.0035625049906179507,
                        0.01697285306324951
                    ]
                },
                {
                    "type": "tuple",
                    "values": [
                        -0.00561892818234,
                        0.010903896919390416
                    ]
                },
                {
                    "type": "tuple",
                    "values": [
                        -0.010448066596424842,
                        0.004143000900451298
                    ]
                }
            ]
        },
        "model": null,
        "errors_at_sigma_3": {
            "type": "list",
            "values": [
                {
                    "type": "tuple",
                    "values": [
                        0.016329770399765388,
                        0.014658656572149452
                    ]
                },
                {
                    "type": "tuple",
                    "values": [
                        0.016525012067650002,
                        0.01901804719133309
                    ]
                },
                {
                    "type": "tuple",
                    "values": [
                        0.02375454118618181,
                        0.018125501784394274
                    ]
                },
                {
                    "type": "tuple",
                    "values": [
                        0.017280328477508527,
                        0.021579823197890573
                    ]
                },
                {
                    "type": "tuple",
                    "values": [
                        0.020974383364366408,
                        0.019156788990995172
                    ]
                },
                {
                    "type": "tuple",
                    "values": [
                        0.023882938490404293,
                        0.01769216043411
                    ]
                },
                {
                    "type": "tuple",
                    "values": [
                        0.02217576828001626,
                        0.02399601665057
                    ]
                },
                {
                    "type": "tuple",
                    "values": [
                        0.02340359725244036,
                        0.02485661748316933
                    ]
                }
            ]
        },
        "values_at_sigma_3": {
            "type": "list",
            "values": [
                {
                    "type": "tuple",
                    "values": [
                        -0.05363254725797484,
                        -0.02264412028606
                    ]
                },
                {
                    "type": "tuple",
                    "values": [
                        -0.05385665087482,
                        -0.018313591615836906
                    ]
                },
                {
                    "type": "tuple",
                    "values": [
                        -0.017855940817410258,
                        0.024024102153165826
                    ]
                },
                {
                    "type": "tuple",
                    "values": [
                        -0.0140768420219091,
                        0.02478330965349
                    ]
                },
                {
                    "type": "tuple",
                    "values": [
                        -0.020257016296930486,
                        0.019874156058431094
                    ]
                },
                {
                    "type": "tuple",
                    "values": [
                        -0.012587296791974295,
                        0.02898780213254
                    ]
                },
                {
                    "type": "tuple",
                    "values": [
                        -0.020019615602536258,
                        0.02615216932805
                    ]
                },
                {
                    "type": "tuple",
                    "values": [
                        -0.02674744457903,
                        0.021512770156579687
                    ]
                }
            ]
        },
        "errors_at_sigma_1": {
            "type": "list",
            "values": [
                {
                    "type": "tuple",
                    "values": [
                        0.004913489262880551,
                        0.004429713380435872
                    ]
                },
                {
                    "type": "tuple",
                    "values": [
                        0.005878289564473949,
                        0.006017857406948483
                    ]
                },
                {
                    "type": "tuple",
                    "values": [
                        0.006867864148756692,
                        0.00672183755807545
                    ]
                },
                {
                    "type": "tuple",
                    "values": [
                        0.005643496101892707,
                        0.005711211310250573
                    ]
                },
                {
                    "type": "tuple",
                    "values": [
                        0.006521900388100299,
                        0.006041636118902484
                    ]
                },
                {
                    "type": "tuple",
                    "values": [
                        0.007733136707812049,
                        0.005677211364819509
                    ]
                },
                {
                    "type": "tuple",
                    "values": [
                        0.00777508085982,
                        0.008747744241910415
                    ]
                },
                {
                    "type": "tuple",
                    "values": [
                        0.0071042192698352,
                        0.00748684822704094
                    ]
                }
            ]
        },
        "max_log_likelihood_sample": {
            "type": "instance",
            "class_path": "autofit.non_linear.samples.sample.Sample",
            "arguments": {
                "log_likelihood": -19.909584765550107,
                "log_prior": 0.0,
                "weight": 0.0010138414492694837,
                "kwargs": {
                    "type": "dict",
                    "arguments": {
                        "ellipses.0.ell_comps.ell_comps_0": -0.03507531028994,
                        "ellipses.0.ell_comps.ell_comps_1": -0.04021288744372,
                        "multipoles.0.multipole_1.multipole_comps.multipole_comps_0": 0.00903144399489,
                        "multipoles.0.multipole_1.multipole_comps.multipole_comps_1": 0.00034891990873,
                        "multipoles.0.multipole_3.multipole_comps.multipole_comps_0": 0.00108483088692,
                        "multipoles.0.multipole_3.multipole_comps.multipole_comps_1": 0.01253031300495,
                        "multipoles.0.multipole_4.multipole_comps.multipole_comps_0": -0.00270299093948,
                        "multipoles.0.multipole_4.multipole_comps.multipole_comps_1": -0.0027349743227
                    }
                }
            }
        },
        "median_pdf_sample": {
            "type": "instance",
            "class_path": "autofit.non_linear.samples.sample.Sample",
            "arguments": {
                "log_likelihood": -19.909584765550107,
                "log_prior": 0.0,
                "weight": 0.0010138414492694837,
                "kwargs": {
                    "type": "dict",
                    "arguments": {
                        "ellipses.0.ell_comps.ell_comps_0": -0.03730277685820945,
                        "ellipses.0.ell_comps.ell_comps_1": -0.03733163880717,
                        "multipoles.0.multipole_1.multipole_comps.multipole_comps_0": 0.005898600368771552,
                        "multipoles.0.multipole_1.multipole_comps.multipole_comps_1": 0.0032034864555994273,
                        "multipoles.0.multipole_3.multipole_comps.multipole_comps_0": 0.0007173670674359206,
                        "multipoles.0.multipole_3.multipole_comps.multipole_comps_1": 0.01129564169843,
                        "multipoles.0.multipole_4.multipole_comps.multipole_comps_0": 0.00215615267748,
                        "multipoles.0.multipole_4.multipole_comps.multipole_comps_1": -0.003343847326589642
                    }
                }
            }
        }
    }
}