{
    "type": "instance",
    "class_path": "autofit.non_linear.samples.summary.SamplesSummary",
    "arguments": {
        "values_at_sigma_1": {
            "type": "list",
            "values": [
                {
                    "type": "tuple",
                    "values": [
                        -0.13034512836494822,
                        -0.1238348456957197
                    ]
                },
                {
                    "type": "tuple",
                    "values": [
                        0.1375200301352919,
                        0.1426710858079
                    ]
                },
                {
                    "type": "tuple",
                    "values": [
                        -0.052852992866038624,
                        -0.022216864965033736
                    ]
                },
                {
                    "type": "tuple",
                    "values": [
                        -0.011078564985497677,
                        0.01304307554429256
                    ]
                },
                {
                    "type": "tuple",
                    "values": [
                        -0.03896948955527,
                        -0.01334981664165794
                    ]
                },
                {
                    "type": "tuple",
                    "values": [
                        -0.015422613173670956,
                        0.00849357421682
                    ]
                }
            ]
        },
        "median_pdf_sample": {
            "type": "instance",
            "class_path": "autofit.non_linear.samples.sample.Sample",
            "arguments": {
                "log_likelihood": -42.59178543746485,
                "log_prior": 0.0,
                "weight": 0.0009410455493702592,
                "kwargs": {
                    "type": "dict",
                    "arguments": {
                        "ellipses.0.ell_comps.ell_comps_0": -0.12707464325327,
                        "ellipses.0.ell_comps.ell_comps_1": 0.14043661415212,
                        "multipoles.0.multipole_3.multipole_comps.multipole_comps_0": -0.04148917047831044,
                        "multipoles.0.multipole_3.multipole_comps.multipole_comps_1": -0.00122032982033,
                        "multipoles.0.multipole_4.multipole_comps.multipole_comps_0": -0.02680091747413,
                        "multipoles.0.multipole_4.multipole_comps.multipole_comps_1": -0.0040943100773
                    }
                }
            }
        },
        "max_log_likelihood_sample": {
            "type": "instance",
            "class_path": "autofit.non_linear.samples.sample.Sample",
            "arguments": {
                "log_likelihood": -42.59178543746485,
                "log_prior": 0.0,
                "weight": 0.0009410455493702592,
                "kwargs": {
                    "type": "dict",
                    "arguments": {
                        "ellipses.0.ell_comps.ell_comps_0": -0.12517253537915,
                        "ellipses.0.ell_comps.ell_comps_1": 0.14162774313105,
                        "multipoles.0.multipole_3.multipole_comps.multipole_comps_0": -0.04803082985962,
                        "multipoles.0.multipole_3.multipole_comps.multipole_comps_1": -0.0032942668982,
                        "multipoles.0.multipole_4.multipole_comps.multipole_comps_0": -0.02236950868136,
                        "multipoles.0.multipole_4.multipole_comps.multipole_comps_1": -0.00804713401939
                    }
                }
            }
        },
        "model": null,
        "errors_at_sigma_3": {
            "type": "list",
            "values": [
                {
                    "type": "tuple",
                    "values": [
                        0.013414517702709988,
                        0.011784337562569996
                    ]
                },
                {
                    "type": "tuple",
                    "values": [
                        0.02443991435685,
                        0.009482950614399993
                    ]
                },
                {
                    "type": "tuple",
                    "values": [
                        0.030458630069369566,
                        0.09493525579119044
                    ]
                },
                {
                    "type": "tuple",
                    "values": [
                        0.030217579390131425,
                        0.05478209392254
                    ]
                },
                {
                    "type": "tuple",
                    "values": [
                        0.042391306327061055,
                        0.0746171924423801
                    ]
                },
                {
                    "type": "tuple",
                    "values": [
                        0.03657013728448,
                        0.057681185047200004
                    ]
                }
            ]
        },
        "log_evidence": -61.950033354838986,
        "values_at_sigma_3": {
            "type": "list",
            "values": [
                {
                    "type": "tuple",
                    "values": [
                        -0.14048916095598,
                        -0.1152903056907
                    ]
                },
                {
                    "type": "tuple",
                    "values": [
                        0.11599669979527,
                        0.14991956476652
                    ]
                },
                {
                    "type": "tuple",
                    "values": [
                        -0.07194780054768,
                        0.05344608531288
                    ]
                },
                {
                    "type": "tuple",
                    "values": [
                        -0.031437909210461426,
                        0.05356176410221
                    ]
                },
                {
                    "type": "tuple",
                    "values": [
                        -0.06919222380119106,
                        0.04781627496825011
                    ]
                },
                {
                    "type": "tuple",
                    "values": [
                        -0.04066444736178,
                        0.0535868749699
                    ]
                }
            ]
        },
        "errors_at_sigma_1": {
            "type": "list",
            "values": [
                {
                    "type": "tuple",
                    "values": [
                        0.003270485111678212,
                        0.0032397975575503
                    ]
                },
                {
                    "type": "tuple",
                    "values": [
                        0.0029165840168280943,
                        0.0022344716557800015
                    ]
                },
                {
                    "type": "tuple",
                    "values": [
                        0.011363822387728185,
                        0.019272305513276702
                    ]
                },
                {
                    "type": "tuple",
                    "values": [
                        0.009858235165167678,
                        0.01426340536462256
                    ]
                },
                {
                    "type": "tuple",
                    "values": [
                        0.01216857208114,
                        0.013451100832472059
                    ]
                },
                {
                    "type": "tuple",
                    "values": [
                        0.011328303096370956,
                        0.01258788429412
                    ]
                }
            ]
        }
    }
}