{
    "type": "instance",
    "class_path": "autofit.non_linear.samples.summary.SamplesSummary",
    "arguments": {
        "errors_at_sigma_3": {
            "type": "list",
            "values": [
                {
                    "type": "tuple",
                    "values": [
                        0.10310088190471804,
                        0.08224340883450196
                    ]
                },
                {
                    "type": "tuple",
                    "values": [
                        0.08536462588040793,
                        0.04924566124439207
                    ]
                },
                {
                    "type": "tuple",
                    "values": [
                        0.0902318809313505,
                        0.0751484084815495
                    ]
                },
                {
                    "type": "tuple",
                    "values": [
                        0.0928686692476601,
                        0.09442641950252673
                    ]
                },
                {
                    "type": "tuple",
                    "values": [
                        0.0716521143821465,
                        0.10608712377336332
                    ]
                },
                {
                    "type": "tuple",
                    "values": [
                        0.08835939997863453,
                        0.09672988192923547
                    ]
                },
                {
                    "type": "tuple",
                    "values": [
                        0.08423140092500978,
                        0.10420597855823022
                    ]
                },
                {
                    "type": "tuple",
                    "values": [
                        0.08870795320717173,
                        0.08201231863494102
                    ]
                }
            ]
        },
        "values_at_sigma_1": {
            "type": "list",
            "values": [
                {
                    "type": "tuple",
                    "values": [
                        -0.024885283889091538,
                        0.031916996031927256
                    ]
                },
                {
                    "type": "tuple",
                    "values": [
                        -0.05384461880776556,
                        0.00194278983219
                    ]
                },
                {
                    "type": "tuple",
                    "values": [
                        -0.0382610142133541,
                        0.03718303032857
                    ]
                },
                {
                    "type": "tuple",
                    "values": [
                        -0.06033672548341,
                        0.0284367107676
                    ]
                },
                {
                    "type": "tuple",
                    "values": [
                        -0.03134299811377142,
                        0.04771647999616
                    ]
                },
                {
                    "type": "tuple",
                    "values": [
                        -0.04714618736204,
                        0.03995109626148279
                    ]
                },
                {
                    "type": "tuple",
                    "values": [
                        -0.04847568013281,
                        0.03406669444696738
                    ]
                },
                {
                    "type": "tuple",
                    "values": [
                        -0.02030508614806,
                        0.04890188338311
                    ]
                }
            ]
        },
        "model": null,
        "max_log_likelihood_sample": {
            "type": "instance",
            "class_path": "autofit.non_linear.samples.sample.Sample",
            "arguments": {
                "log_likelihood": -17.634342075274184,
                "log_prior": 0.0,
                "weight": 0.0009199389454260209,
                "kwargs": {
                    "type": "dict",
                    "arguments": {
                        "ellipses.0.ell_comps.ell_comps_0": -0.02263782147599,
                        "ellipses.0.ell_comps.ell_comps_1": -0.02032052941986,
                        "multipoles.0.multipole_1.multipole_comps.multipole_comps_0": 0.0417411794801,
                        "multipoles.0.multipole_1.multipole_comps.multipole_comps_1": -0.05583533626868,
                        "multipoles.0.multipole_3.multipole_comps.multipole_comps_0": -0.01291636961643,
                        "multipoles.0.multipole_3.multipole_comps.multipole_comps_1": 0.03056461433641,
                        "multipoles.0.multipole_4.multipole_comps.multipole_comps_0": -0.01831818380992,
                        "multipoles.0.multipole_4.multipole_comps.multipole_comps_1": 0.06793134049304
                    }
                }
            }
        },
        "median_pdf_sample": {
            "type": "instance",
            "class_path": "autofit.non_linear.samples.sample.Sample",
            "arguments": {
                "log_likelihood": -17.634342075274184,
                "log_prior": 0.0,
                "weight": 0.0009199389454260209,
                "kwargs": {
                    "type": "dict",
                    "arguments": {
                        "ellipses.0.ell_comps.ell_comps_0": -0.004869734170921952,
                        "ellipses.0.ell_comps.ell_comps_1": -0.011764500630302073,
                        "multipoles.0.multipole_1.multipole_comps.multipole_comps_0": 0.000709153589580506,
                        "multipoles.0.multipole_1.multipole_comps.multipole_comps_1": -0.02326693100758673,
                        "multipoles.0.multipole_3.multipole_comps.multipole_comps_0": -0.006975691084804551,
                        "multipoles.0.multipole_3.multipole_comps.multipole_comps_1": -0.005040723681805467,
                        "multipoles.0.multipole_4.multipole_comps.multipole_comps_0": -0.007542816456760226,
                        "multipoles.0.multipole_4.multipole_comps.multipole_comps_1": 0.015491743177991728
                    }
                }
            }
        },
        "values_at_sigma_3": {
            "type": "list",
            "values": [
                {
                    "type": "tuple",
                    "values": [
                        -0.10797061607564,
                        0.07737367466358
                    ]
                },
                {
                    "type": "tuple",
                    "values": [
                        -0.09712912651071,
                        0.03748116061409
                    ]
                },
                {
                    "type": "tuple",
                    "values": [
                        -0.08952272734177,
                        0.07585756207113
                    ]
                },
                {
                    "type": "tuple",
                    "values": [
                        -0.11613560025524683,
                        0.07115948849494
                    ]
                },
                {
                    "type": "tuple",
                    "values": [
                        -0.07862780546695104,
                        0.09911143268855876
                    ]
                },
                {
                    "type": "tuple",
                    "values": [
                        -0.09340012366044,
                        0.09168915824743
                    ]
                },
                {
                    "type": "tuple",
                    "values": [
                        -0.09177421738177,
                        0.09666316210147
                    ]
                },
                {
                    "type": "tuple",
                    "values": [
                        -0.07321621002918,
                        0.09750406181293275
                    ]
                }
            ]
        },
        "errors_at_sigma_1": {
            "type": "list",
            "values": [
                {
                    "type": "tuple",
                    "values": [
                        0.020015549718169587,
                        0.036786730202849206
                    ]
                },
                {
                    "type": "tuple",
                    "values": [
                        0.04208011817746349,
                        0.013707290462492073
                    ]
                },
                {
                    "type": "tuple",
                    "values": [
                        0.03897016780293461,
                        0.0364738767389895
                    ]
                },
                {
                    "type": "tuple",
                    "values": [
                        0.03706979447582327,
                        0.05170364177518673
                    ]
                },
                {
                    "type": "tuple",
                    "values": [
                        0.02436730702896687,
                        0.05469217108096455
                    ]
                },
                {
                    "type": "tuple",
                    "values": [
                        0.04210546368023453,
                        0.044991819943288255
                    ]
                },
                {
                    "type": "tuple",
                    "values": [
                        0.04093286367604977,
                        0.04160951090372761
                    ]
                },
                {
                    "type": "tuple",
                    "values": [
                        0.03579682932605173,
                        0.033410140205118274
                    ]
                }
            ]
        },
        "log_evidence": -34.98496469371545
    }
}