{
    "type": "instance",
    "class_path": "autofit.non_linear.samples.summary.SamplesSummary",
    "arguments": {
        "errors_at_sigma_1": {
            "type": "list",
            "values": [
                {
                    "type": "tuple",
                    "values": [
                        0.0006090564837764648,
                        0.0005842255280065786
                    ]
                },
                {
                    "type": "tuple",
                    "values": [
                        0.000531063874645133,
                        0.0005149072961691844
                    ]
                },
                {
                    "type": "tuple",
                    "values": [
                        0.0024293370932699995,
                        0.002652283407102496
                    ]
                },
                {
                    "type": "tuple",
                    "values": [
                        0.0022728820834300237,
                        0.0020037791172933597
                    ]
                },
                {
                    "type": "tuple",
                    "values": [
                        0.0007384649888883092,
                        0.00078104553615368
                    ]
                },
                {
                    "type": "tuple",
                    "values": [
                        0.0006904916764810922,
                        0.0006793445611189078
                    ]
                },
                {
                    "type": "tuple",
                    "values": [
                        0.0006761462965545143,
                        0.0006632972800851731
                    ]
                },
                {
                    "type": "tuple",
                    "values": [
                        0.0006177419617458628,
                        0.0007732984044397382
                    ]
                },
                {
                    "type": "tuple",
                    "values": [
                        0.000576183572246301,
                        0.0006965085695036992
                    ]
                },
                {
                    "type": "tuple",
                    "values": [
                        0.0007870579853534756,
                        0.0007533203423610497
                    ]
                },
                {
                    "type": "tuple",
                    "values": [
                        0.0020188185866057695,
                        0.0022376596911397595
                    ]
                },
                {
                    "type": "tuple",
                    "values": [
                        0.0022359247106699953,
                        0.0024165690493500036
                    ]
                },
                {
                    "type": "tuple",
                    "values": [
                        0.0024434474759599998,
                        0.0024661135066356295
                    ]
                },
                {
                    "type": "tuple",
                    "values": [
                        0.001792201710907539,
                        0.0016529209281814197
                    ]
                },
                {
                    "type": "tuple",
                    "values": [
                        0.0018138434291399999,
                        0.0018247693247186612
                    ]
                },
                {
                    "type": "tuple",
                    "values": [
                        0.0018456843516191303,
                        0.002034482737422942
                    ]
                },
                {
                    "type": "tuple",
                    "values": [
                        0.001966300956638275,
                        0.0018384316859088525
                    ]
                },
                {
                    "type": "tuple",
                    "values": [
                        0.0018702437598087148,
                        0.002129133907871285
                    ]
                },
                {
                    "type": "tuple",
                    "values": [
                        0.003065788806877731,
                        0.0036271842147212047
                    ]
                },
                {
                    "type": "tuple",
                    "values": [
                        0.003326503627459995,
                        0.0031221148939477167
                    ]
                },
                {
                    "type": "tuple",
                    "values": [
                        0.006907513168127634,
                        0.006673993664172496
                    ]
                },
                {
                    "type": "tuple",
                    "values": [
                        0.005660877451686507,
                        0.00578028974118
                    ]
                },
                {
                    "type": "tuple",
                    "values": [
                        0.003706524893224542,
                        0.003677866542695458
                    ]
                },
                {
                    "type": "tuple",
                    "values": [
                        0.007678510289933275,
                        0.006268523893161421
                    ]
                },
                {
                    "type": "tuple",
                    "values": [
                        0.004829344714233481,
                        0.004852816136343675
                    ]
                },
                {
                    "type": "tuple",
                    "values": [
                        0.006744054273762318,
                        0.006778805643339998
                    ]
                },
                {
                    "type": "tuple",
                    "values": [
                        0.004777778927190002,
                        0.0028629363303119687
                    ]
                },
                {
                    "type": "tuple",
                    "values": [
                        0.003188673277400647,
                        0.008719006618461797
                    ]
                },
                {
                    "type": "tuple",
                    "values": [
                        0.012750590956790903,
                        0.01636836281799981
                    ]
                },
                {
                    "type": "tuple",
                    "values": [
                        0.01214150352891602,
                        0.012176927780052587
                    ]
                },
                {
                    "type": "tuple",
                    "values": [
                        0.008644242644393382,
                        0.011849456301046148
                    ]
                },
                {
                    "type": "tuple",
                    "values": [
                        0.009240237135137434,
                        0.006838927757308678
                    ]
                },
                {
                    "type": "tuple",
                    "values": [
                        0.006687637336475552,
                        0.0068910848063298835
                    ]
                },
                {
                    "type": "tuple",
                    "values": [
                        0.01140548468614,
                        0.010375818316630927
                    ]
                },
                {
                    "type": "tuple",
                    "values": [
                        0.001757185107579995,
                        0.0018215341755800085
                    ]
                },
                {
                    "type": "tuple",
                    "values": [
                        0.0012249736184400117,
                        0.0012986772489299858
                    ]
                },
                {
                    "type": "tuple",
                    "values": [
                        0.00902164327255549,
                        0.008180410698053977
                    ]
                },
                {
                    "type": "tuple",
                    "values": [
                        0.00856197162960404,
                        0.008570429523431242
                    ]
                },
                {
                    "type": "tuple",
                    "values": [
                        0.007507611128919192,
                        0.007452912936029912
                    ]
                },
                {
                    "type": "tuple",
                    "values": [
                        0.0060142005120938195,
                        0.0053018817111961805
                    ]
                },
                {
                    "type": "tuple",
                    "values": [
                        0.007452260832577787,
                        0.0075006289105439775
                    ]
                },
                {
                    "type": "tuple",
                    "values": [
                        0.006230762182406995,
                        0.005606139765563668
                    ]
                }
            ]
        },
        "median_pdf_sample": {
            "type": "instance",
            "class_path": "autofit.non_linear.samples.sample.Sample",
            "arguments": {
                "log_likelihood": -158.85555518770985,
                "log_prior": 0.0,
                "weight": 0.0011023010045688136,
                "kwargs": {
                    "type": "dict",
                    "arguments": {
                        "ellipses.ellipse_4.centre.centre_0": -0.00198407195898952,
                        "ellipses.ellipse_4.centre.centre_1": 0.00033872925092081555,
                        "ellipses.ellipse_0.ell_comps.ell_comps_0": 0.06270599636792,
                        "ellipses.ellipse_0.ell_comps.ell_comps_1": -0.04857539083485,
                        "multipoles.0.multipole_1.multipole_comps.multipole_comps_0": -0.00041909618504402404,
                        "multipoles.0.multipole_1.multipole_comps.multipole_comps_1": 0.0001859101466410922,
                        "multipoles.0.multipole_3.multipole_comps.multipole_comps_0": -0.0017720097643951732,
                        "multipoles.0.multipole_3.multipole_comps.multipole_comps_1": 0.00041173299986,
                        "multipoles.0.multipole_4.multipole_comps.multipole_comps_0": 0.002372352247616301,
                        "multipoles.0.multipole_4.multipole_comps.multipole_comps_1": 0.00015831153304,
                        "ellipses.ellipse_1.ell_comps.ell_comps_0": 0.09937456770268,
                        "ellipses.ellipse_1.ell_comps.ell_comps_1": -0.07960257087403,
                        "multipoles.1.multipole_1.multipole_comps.multipole_comps_0": -0.00244538778526,
                        "multipoles.1.multipole_1.multipole_comps.multipole_comps_1": -0.0001727235479,
                        "multipoles.1.multipole_3.multipole_comps.multipole_comps_0": -6.17660472e-06,
                        "multipoles.1.multipole_3.multipole_comps.multipole_comps_1": 0.0018183834697670673,
                        "multipoles.1.multipole_4.multipole_comps.multipole_comps_0": 0.0018989153739982748,
                        "multipoles.1.multipole_4.multipole_comps.multipole_comps_1": 0.006789628089248715,
                        "ellipses.ellipse_2.ell_comps.ell_comps_0": 0.11655927230576879,
                        "ellipses.ellipse_2.ell_comps.ell_comps_1": -0.11453684337827,
                        "multipoles.2.multipole_1.multipole_comps.multipole_comps_0": -0.00239266411061,
                        "multipoles.2.multipole_1.multipole_comps.multipole_comps_1": 3.349785864e-05,
                        "multipoles.2.multipole_3.multipole_comps.multipole_comps_0": -0.012661196852865458,
                        "multipoles.2.multipole_3.multipole_comps.multipole_comps_1": 0.0027694323969,
                        "multipoles.2.multipole_4.multipole_comps.multipole_comps_0": 0.021176801914186326,
                        "multipoles.2.multipole_4.multipole_comps.multipole_comps_1": 0.04656747485062,
                        "ellipses.ellipse_3.ell_comps.ell_comps_0": 0.11656946535226,
                        "ellipses.ellipse_3.ell_comps.ell_comps_1": -0.12412241797621011,
                        "multipoles.3.multipole_1.multipole_comps.multipole_comps_0": -0.04198883205876,
                        "multipoles.3.multipole_1.multipole_comps.multipole_comps_1": -0.007339018630620846,
                        "multipoles.3.multipole_3.multipole_comps.multipole_comps_0": -0.03962122017859,
                        "multipoles.3.multipole_3.multipole_comps.multipole_comps_1": -0.014433976298865878,
                        "multipoles.3.multipole_4.multipole_comps.multipole_comps_0": 0.03363639194515012,
                        "multipoles.3.multipole_4.multipole_comps.multipole_comps_1": 0.01300323650161,
                        "ellipses.ellipse_4.ell_comps.ell_comps_0": 0.11492551612652,
                        "ellipses.ellipse_4.ell_comps.ell_comps_1": -0.15443652566722,
                        "multipoles.4.multipole_1.multipole_comps.multipole_comps_0": 0.00166402168468,
                        "multipoles.4.multipole_1.multipole_comps.multipole_comps_1": 0.0026485837949040397,
                        "multipoles.4.multipole_3.multipole_comps.multipole_comps_0": 0.04444637751582009,
                        "multipoles.4.multipole_3.multipole_comps.multipole_comps_1": -0.0021564775099661804,
                        "multipoles.4.multipole_4.multipole_comps.multipole_comps_0": -0.005519981907383977,
                        "multipoles.4.multipole_4.multipole_comps.multipole_comps_1": 0.016216385917656995
                    }
                }
            }
        },
        "errors_at_sigma_3": {
            "type": "list",
            "values": [
                {
                    "type": "tuple",
                    "values": [
                        0.00202089934254048,
                        0.0018974630389120284
                    ]
                },
                {
                    "type": "tuple",
                    "values": [
                        0.0015345442270831137,
                        0.0019167614871091845
                    ]
                },
                {
                    "type": "tuple",
                    "values": [
                        0.007211699391880003,
                        0.00721929863376948
                    ]
                },
                {
                    "type": "tuple",
                    "values": [
                        0.0064079986726137475,
                        0.005206760967679844
                    ]
                },
                {
                    "type": "tuple",
                    "values": [
                        0.002109164482589158,
                        0.002055426491086775
                    ]
                },
                {
                    "type": "tuple",
                    "values": [
                        0.002078782773721144,
                        0.0017099679668889079
                    ]
                },
                {
                    "type": "tuple",
                    "values": [
                        0.0017984760416648268,
                        0.0020283313260444965
                    ]
                },
                {
                    "type": "tuple",
                    "values": [
                        0.00166072922199,
                        0.0023126993023571095
                    ]
                },
                {
                    "type": "tuple",
                    "values": [
                        0.001672364542117815,
                        0.0019744498454963106
                    ]
                },
                {
                    "type": "tuple",
                    "values": [
                        0.00275808100155,
                        0.0021152565008922012
                    ]
                },
                {
                    "type": "tuple",
                    "values": [
                        0.005994617984409992,
                        0.006738498091028236
                    ]
                },
                {
                    "type": "tuple",
                    "values": [
                        0.0063818506264499975,
                        0.007651029437949999
                    ]
                },
                {
                    "type": "tuple",
                    "values": [
                        0.007194442921690001,
                        0.006566987994123379
                    ]
                },
                {
                    "type": "tuple",
                    "values": [
                        0.005488452800899607,
                        0.0052041624905700004
                    ]
                },
                {
                    "type": "tuple",
                    "values": [
                        0.005146968859544266,
                        0.004924066466370926
                    ]
                },
                {
                    "type": "tuple",
                    "values": [
                        0.007997403852082672,
                        0.006898176615591098
                    ]
                },
                {
                    "type": "tuple",
                    "values": [
                        0.007255058314695535,
                        0.005490574115260164
                    ]
                },
                {
                    "type": "tuple",
                    "values": [
                        0.006361496532588715,
                        0.006885575298721285
                    ]
                },
                {
                    "type": "tuple",
                    "values": [
                        0.010623796174015779,
                        0.012024661645556434
                    ]
                },
                {
                    "type": "tuple",
                    "values": [
                        0.01358938259639414,
                        0.009978478328422843
                    ]
                },
                {
                    "type": "tuple",
                    "values": [
                        0.018406324109049875,
                        0.020338350360320227
                    ]
                },
                {
                    "type": "tuple",
                    "values": [
                        0.01801602773302,
                        0.01714809552003
                    ]
                },
                {
                    "type": "tuple",
                    "values": [
                        0.01028418859645043,
                        0.010944177867025458
                    ]
                },
                {
                    "type": "tuple",
                    "values": [
                        0.021374640349129843,
                        0.01699709626178579
                    ]
                },
                {
                    "type": "tuple",
                    "values": [
                        0.016524100438940183,
                        0.016226551928393673
                    ]
                },
                {
                    "type": "tuple",
                    "values": [
                        0.018909050948440594,
                        0.021304840774179185
                    ]
                },
                {
                    "type": "tuple",
                    "values": [
                        0.011502834058717229,
                        0.008552878571099085
                    ]
                },
                {
                    "type": "tuple",
                    "values": [
                        0.010636373647919875,
                        0.020556045058211653
                    ]
                },
                {
                    "type": "tuple",
                    "values": [
                        0.04114309578392804,
                        0.04293816782046619
                    ]
                },
                {
                    "type": "tuple",
                    "values": [
                        0.03216893977950835,
                        0.03347459464842539
                    ]
                },
                {
                    "type": "tuple",
                    "values": [
                        0.024224334634309994,
                        0.032628289076171414
                    ]
                },
                {
                    "type": "tuple",
                    "values": [
                        0.024232296586214626,
                        0.01961436018996799
                    ]
                },
                {
                    "type": "tuple",
                    "values": [
                        0.02023514940561012,
                        0.02050199084702968
                    ]
                },
                {
                    "type": "tuple",
                    "values": [
                        0.02906644962274025,
                        0.02710323168510468
                    ]
                },
                {
                    "type": "tuple",
                    "values": [
                        0.005717562273029997,
                        0.006921622341950012
                    ]
                },
                {
                    "type": "tuple",
                    "values": [
                        0.0048267193942609365,
                        0.005490246912004393
                    ]
                },
                {
                    "type": "tuple",
                    "values": [
                        0.027292525833720743,
                        0.028231818837926137
                    ]
                },
                {
                    "type": "tuple",
                    "values": [
                        0.02432280957632612,
                        0.0263404754240976
                    ]
                },
                {
                    "type": "tuple",
                    "values": [
                        0.025067046466573366,
                        0.019780937949799904
                    ]
                },
                {
                    "type": "tuple",
                    "values": [
                        0.018438314527993344,
                        0.01811587424377618
                    ]
                },
                {
                    "type": "tuple",
                    "values": [
                        0.020472070724014496,
                        0.025746210845462254
                    ]
                },
                {
                    "type": "tuple",
                    "values": [
                        0.01944837384084358,
                        0.016204128522773007
                    ]
                }
            ]
        },
        "values_at_sigma_1": {
            "type": "list",
            "values": [
                {
                    "type": "tuple",
                    "values": [
                        -0.002593128442765985,
                        -0.0013998464309829416
                    ]
                },
                {
                    "type": "tuple",
                    "values": [
                        -0.00019233462372431748,
                        0.00085363654709
                    ]
                },
                {
                    "type": "tuple",
                    "values": [
                        0.06027665927465,
                        0.0653582797750225
                    ]
                },
                {
                    "type": "tuple",
                    "values": [
                        -0.05084827291828002,
                        -0.04657161171755664
                    ]
                },
                {
                    "type": "tuple",
                    "values": [
                        -0.0011575611739323333,
                        0.0003619493511096559
                    ]
                },
                {
                    "type": "tuple",
                    "values": [
                        -0.00050458152984,
                        0.00086525470776
                    ]
                },
                {
                    "type": "tuple",
                    "values": [
                        -0.0024481560609496875,
                        -0.00110871248431
                    ]
                },
                {
                    "type": "tuple",
                    "values": [
                        -0.00020600896188586285,
                        0.0011850314042997382
                    ]
                },
                {
                    "type": "tuple",
                    "values": [
                        0.00179616867537,
                        0.00306886081712
                    ]
                },
                {
                    "type": "tuple",
                    "values": [
                        -0.0006287464523134756,
                        0.0009116318754010497
                    ]
                },
                {
                    "type": "tuple",
                    "values": [
                        0.09735574911607422,
                        0.10161222739381975
                    ]
                },
                {
                    "type": "tuple",
                    "values": [
                        -0.0818384955847,
                        -0.07718600182468
                    ]
                },
                {
                    "type": "tuple",
                    "values": [
                        -0.00488883526122,
                        2.0725721375629477e-05
                    ]
                },
                {
                    "type": "tuple",
                    "values": [
                        -0.001964925258807539,
                        0.0014801973802814198
                    ]
                },
                {
                    "type": "tuple",
                    "values": [
                        -0.00182002003386,
                        0.0018185927199986611
                    ]
                },
                {
                    "type": "tuple",
                    "values": [
                        -2.730088185206303e-05,
                        0.0038528662071900094
                    ]
                },
                {
                    "type": "tuple",
                    "values": [
                        -6.738558264e-05,
                        0.0037373470599071272
                    ]
                },
                {
                    "type": "tuple",
                    "values": [
                        0.00491938432944,
                        0.00891876199712
                    ]
                },
                {
                    "type": "tuple",
                    "values": [
                        0.11349348349889106,
                        0.12018645652049
                    ]
                },
                {
                    "type": "tuple",
                    "values": [
                        -0.11786334700573,
                        -0.11141472848432228
                    ]
                },
                {
                    "type": "tuple",
                    "values": [
                        -0.009300177278737633,
                        0.004281329553562496
                    ]
                },
                {
                    "type": "tuple",
                    "values": [
                        -0.005627379593046507,
                        0.00581378759982
                    ]
                },
                {
                    "type": "tuple",
                    "values": [
                        -0.01636772174609,
                        -0.00898333031017
                    ]
                },
                {
                    "type": "tuple",
                    "values": [
                        -0.0049090778930332745,
                        0.00903795629006142
                    ]
                },
                {
                    "type": "tuple",
                    "values": [
                        0.016347457199952845,
                        0.02602961805053
                    ]
                },
                {
                    "type": "tuple",
                    "values": [
                        0.039823420576857685,
                        0.05334628049396
                    ]
                },
                {
                    "type": "tuple",
                    "values": [
                        0.11179168642507,
                        0.11943240168257196
                    ]
                },
                {
                    "type": "tuple",
                    "values": [
                        -0.12731109125361076,
                        -0.11540341135774831
                    ]
                },
                {
                    "type": "tuple",
                    "values": [
                        -0.0547394230155509,
                        -0.02562046924076019
                    ]
                },
                {
                    "type": "tuple",
                    "values": [
                        -0.019480522159536866,
                        0.004837909149431742
                    ]
                },
                {
                    "type": "tuple",
                    "values": [
                        -0.048265462822983385,
                        -0.027771763877543855
                    ]
                },
                {
                    "type": "tuple",
                    "values": [
                        -0.023674213434003312,
                        -0.007595048541557199
                    ]
                },
                {
                    "type": "tuple",
                    "values": [
                        0.026948754608674567,
                        0.04052747675148
                    ]
                },
                {
                    "type": "tuple",
                    "values": [
                        0.00159775181547,
                        0.023379054818240926
                    ]
                },
                {
                    "type": "tuple",
                    "values": [
                        0.11316833101894,
                        0.1167470503021
                    ]
                },
                {
                    "type": "tuple",
                    "values": [
                        -0.15566149928566,
                        -0.15313784841829
                    ]
                },
                {
                    "type": "tuple",
                    "values": [
                        -0.0073576215878754896,
                        0.009844432382733977
                    ]
                },
                {
                    "type": "tuple",
                    "values": [
                        -0.0059133878347,
                        0.011219013318335282
                    ]
                },
                {
                    "type": "tuple",
                    "values": [
                        0.0369387663869009,
                        0.05189929045185
                    ]
                },
                {
                    "type": "tuple",
                    "values": [
                        -0.00817067802206,
                        0.00314540420123
                    ]
                },
                {
                    "type": "tuple",
                    "values": [
                        -0.012972242739961764,
                        0.00198064700316
                    ]
                },
                {
                    "type": "tuple",
                    "values": [
                        0.00998562373525,
                        0.021822525683220663
                    ]
                }
            ]
        },
        "values_at_sigma_3": {
            "type": "list",
            "values": [
                {
                    "type": "tuple",
                    "values": [
                        -0.00400497130153,
                        -8.66089200774917e-05
                    ]
                },
                {
                    "type": "tuple",
                    "values": [
                        -0.0011958149761622983,
                        0.00225549073803
                    ]
                },
                {
                    "type": "tuple",
                    "values": [
                        0.05549429697604,
                        0.06992529500168948
                    ]
                },
                {
                    "type": "tuple",
                    "values": [
                        -0.054983389507463745,
                        -0.043368629867170154
                    ]
                },
                {
                    "type": "tuple",
                    "values": [
                        -0.002528260667633182,
                        0.001636330306042751
                    ]
                },
                {
                    "type": "tuple",
                    "values": [
                        -0.0018928726270800516,
                        0.00189587811353
                    ]
                },
                {
                    "type": "tuple",
                    "values": [
                        -0.00357048580606,
                        0.0002563215616493235
                    ]
                },
                {
                    "type": "tuple",
                    "values": [
                        -0.00124899622213,
                        0.0027244323022171096
                    ]
                },
                {
                    "type": "tuple",
                    "values": [
                        0.0006999877054984861,
                        0.004346802093112612
                    ]
                },
                {
                    "type": "tuple",
                    "values": [
                        -0.00259976946851,
                        0.0022735680339322013
                    ]
                },
                {
                    "type": "tuple",
                    "values": [
                        0.09337994971827,
                        0.10611306579370823
                    ]
                },
                {
                    "type": "tuple",
                    "values": [
                        -0.08598442150048,
                        -0.07195154143608
                    ]
                },
                {
                    "type": "tuple",
                    "values": [
                        -0.00963983070695,
                        0.004121600208863378
                    ]
                },
                {
                    "type": "tuple",
                    "values": [
                        -0.005661176348799607,
                        0.00503143894267
                    ]
                },
                {
                    "type": "tuple",
                    "values": [
                        -0.0051531454642642655,
                        0.004917889861650926
                    ]
                },
                {
                    "type": "tuple",
                    "values": [
                        -0.006179020382315605,
                        0.008716560085358165
                    ]
                },
                {
                    "type": "tuple",
                    "values": [
                        -0.00535614294069726,
                        0.007389489489258439
                    ]
                },
                {
                    "type": "tuple",
                    "values": [
                        0.00042813155666,
                        0.01367520338797
                    ]
                },
                {
                    "type": "tuple",
                    "values": [
                        0.10593547613175301,
                        0.12858393395132522
                    ]
                },
                {
                    "type": "tuple",
                    "values": [
                        -0.12812622597466414,
                        -0.10455836504984715
                    ]
                },
                {
                    "type": "tuple",
                    "values": [
                        -0.020798988219659875,
                        0.017945686249710227
                    ]
                },
                {
                    "type": "tuple",
                    "values": [
                        -0.01798252987438,
                        0.01718159337867
                    ]
                },
                {
                    "type": "tuple",
                    "values": [
                        -0.02294538544931589,
                        -0.00171701898584
                    ]
                },
                {
                    "type": "tuple",
                    "values": [
                        -0.018605207952229842,
                        0.019766528658685792
                    ]
                },
                {
                    "type": "tuple",
                    "values": [
                        0.0046527014752461415,
                        0.03740335384258
                    ]
                },
                {
                    "type": "tuple",
                    "values": [
                        0.02765842390217941,
                        0.06787231562479919
                    ]
                },
                {
                    "type": "tuple",
                    "values": [
                        0.10506663129354277,
                        0.12512234392335908
                    ]
                },
                {
                    "type": "tuple",
                    "values": [
                        -0.13475879162413,
                        -0.10356637291799846
                    ]
                },
                {
                    "type": "tuple",
                    "values": [
                        -0.08313192784268804,
                        0.0009493357617061898
                    ]
                },
                {
                    "type": "tuple",
                    "values": [
                        -0.03950795841012919,
                        0.02613557601780455
                    ]
                },
                {
                    "type": "tuple",
                    "values": [
                        -0.0638455548129,
                        -0.0069929311024185875
                    ]
                },
                {
                    "type": "tuple",
                    "values": [
                        -0.038666272885080503,
                        0.005180383891102112
                    ]
                },
                {
                    "type": "tuple",
                    "values": [
                        0.01340124253954,
                        0.0541383827921798
                    ]
                },
                {
                    "type": "tuple",
                    "values": [
                        -0.01606321312113025,
                        0.04010646818671468
                    ]
                },
                {
                    "type": "tuple",
                    "values": [
                        0.10920795385349,
                        0.12184713846847
                    ]
                },
                {
                    "type": "tuple",
                    "values": [
                        -0.15926324506148093,
                        -0.1489462787552156
                    ]
                },
                {
                    "type": "tuple",
                    "values": [
                        -0.025628504149040745,
                        0.02989584052260614
                    ]
                },
                {
                    "type": "tuple",
                    "values": [
                        -0.02167422578142208,
                        0.02898905921900164
                    ]
                },
                {
                    "type": "tuple",
                    "values": [
                        0.019379331049246724,
                        0.06422731546562
                    ]
                },
                {
                    "type": "tuple",
                    "values": [
                        -0.020594792037959525,
                        0.01595939673381
                    ]
                },
                {
                    "type": "tuple",
                    "values": [
                        -0.025992052631398473,
                        0.020226228938078277
                    ]
                },
                {
                    "type": "tuple",
                    "values": [
                        -0.0032319879231865836,
                        0.03242051444043
                    ]
                }
            ]
        },
        "log_evidence": -256.0113817475123,
        "model": null,
        "max_log_likelihood_sample": {
            "type": "instance",
            "class_path": "autofit.non_linear.samples.sample.Sample",
            "arguments": {
                "log_likelihood": -158.85555518770985,
                "log_prior": 0.0,
                "weight": 0.0011023010045688136,
                "kwargs": {
                    "type": "dict",
                    "arguments": {
                        "ellipses.ellipse_4.centre.centre_0": -0.00255154229216,
                        "ellipses.ellipse_4.centre.centre_1": -0.00032932443838,
                        "ellipses.ellipse_0.ell_comps.ell_comps_0": 0.06397932473278,
                        "ellipses.ellipse_0.ell_comps.ell_comps_1": -0.04901068985614,
                        "multipoles.0.multipole_1.multipole_comps.multipole_comps_0": -0.00112566938047,
                        "multipoles.0.multipole_1.multipole_comps.multipole_comps_1": -0.00027063560561,
                        "multipoles.0.multipole_3.multipole_comps.multipole_comps_0": -0.00173570345937,
                        "multipoles.0.multipole_3.multipole_comps.multipole_comps_1": -0.00043849020582,
                        "multipoles.0.multipole_4.multipole_comps.multipole_comps_0": 0.00223429716204,
                        "multipoles.0.multipole_4.multipole_comps.multipole_comps_1": 0.00046129519568,
                        "ellipses.ellipse_1.ell_comps.ell_comps_0": 0.09687032582011,
                        "ellipses.ellipse_1.ell_comps.ell_comps_1": -0.0808744779195,
                        "multipoles.1.multipole_1.multipole_comps.multipole_comps_0": -0.0054612163,
                        "multipoles.1.multipole_1.multipole_comps.multipole_comps_1": -0.00156594247146,
                        "multipoles.1.multipole_3.multipole_comps.multipole_comps_0": -0.00111062079152,
                        "multipoles.1.multipole_3.multipole_comps.multipole_comps_1": 0.003041484888,
                        "multipoles.1.multipole_4.multipole_comps.multipole_comps_0": 0.00155571788651,
                        "multipoles.1.multipole_4.multipole_comps.multipole_comps_1": 0.00576640916639,
                        "ellipses.ellipse_2.ell_comps.ell_comps_0": 0.11534425315854,
                        "ellipses.ellipse_2.ell_comps.ell_comps_1": -0.11541029244854,
                        "multipoles.2.multipole_1.multipole_comps.multipole_comps_0": -0.00520959356477,
                        "multipoles.2.multipole_1.multipole_comps.multipole_comps_1": -0.00681621368972,
                        "multipoles.2.multipole_3.multipole_comps.multipole_comps_0": -0.0121343352049,
                        "multipoles.2.multipole_3.multipole_comps.multipole_comps_1": 0.00588452547179,
                        "multipoles.2.multipole_4.multipole_comps.multipole_comps_0": 0.02132264993871,
                        "multipoles.2.multipole_4.multipole_comps.multipole_comps_1": 0.04873791218562,
                        "ellipses.ellipse_3.ell_comps.ell_comps_0": 0.11972906498604,
                        "ellipses.ellipse_3.ell_comps.ell_comps_1": -0.126304144867,
                        "multipoles.3.multipole_1.multipole_comps.multipole_comps_0": -0.05183535858288,
                        "multipoles.3.multipole_1.multipole_comps.multipole_comps_1": -0.00323301715413,
                        "multipoles.3.multipole_3.multipole_comps.multipole_comps_0": -0.04120699865784,
                        "multipoles.3.multipole_3.multipole_comps.multipole_comps_1": -0.00983067632058,
                        "multipoles.3.multipole_4.multipole_comps.multipole_comps_0": 0.03044895018843,
                        "multipoles.3.multipole_4.multipole_comps.multipole_comps_1": 0.0242790469863,
                        "ellipses.ellipse_4.ell_comps.ell_comps_0": 0.11652574853771,
                        "ellipses.ellipse_4.ell_comps.ell_comps_1": -0.15328093600437,
                        "multipoles.4.multipole_1.multipole_comps.multipole_comps_0": -0.00664591389704,
                        "multipoles.4.multipole_1.multipole_comps.multipole_comps_1": 0.00510816500948,
                        "multipoles.4.multipole_3.multipole_comps.multipole_comps_0": 0.04618832202045,
                        "multipoles.4.multipole_3.multipole_comps.multipole_comps_1": -0.00258080169483,
                        "multipoles.4.multipole_4.multipole_comps.multipole_comps_0": 0.00070779059954,
                        "multipoles.4.multipole_4.multipole_comps.multipole_comps_1": 0.01671250551141
                    }
                }
            }
        }
    }
}