{
    "type": "instance",
    "class_path": "autofit.non_linear.samples.summary.SamplesSummary",
    "arguments": {
        "errors_at_sigma_1": {
            "type": "list",
            "values": [
                {
                    "type": "tuple",
                    "values": [
                        0.0032784855130577606,
                        0.0032580879797732692
                    ]
                },
                {
                    "type": "tuple",
                    "values": [
                        0.0027876671626902647,
                        0.003283379891737402
                    ]
                },
                {
                    "type": "tuple",
                    "values": [
                        0.0015965540686831458,
                        0.0017884949516917496
                    ]
                },
                {
                    "type": "tuple",
                    "values": [
                        0.0019021018314396173,
                        0.0018542133591347603
                    ]
                },
                {
                    "type": "tuple",
                    "values": [
                        0.0014902945383691109,
                        0.0016180573609402475
                    ]
                },
                {
                    "type": "tuple",
                    "values": [
                        0.002004780855004421,
                        0.0019058137404999996
                    ]
                },
                {
                    "type": "tuple",
                    "values": [
                        0.0019360990597017986,
                        0.002021075429294101
                    ]
                },
                {
                    "type": "tuple",
                    "values": [
                        0.0019162099537751518,
                        0.0018669423274463252
                    ]
                }
            ]
        },
        "median_pdf_sample": {
            "type": "instance",
            "class_path": "autofit.non_linear.samples.sample.Sample",
            "arguments": {
                "log_likelihood": -30.904100130020435,
                "log_prior": 0.0,
                "weight": 0.0010328258497729335,
                "kwargs": {
                    "type": "dict",
                    "arguments": {
                        "ellipses.0.ell_comps.ell_comps_0": 0.08225609971884673,
                        "ellipses.0.ell_comps.ell_comps_1": -0.05853864253515754,
                        "multipoles.0.multipole_1.multipole_comps.multipole_comps_0": -0.0016541806092696917,
                        "multipoles.0.multipole_1.multipole_comps.multipole_comps_1": 0.00078546457108,
                        "multipoles.0.multipole_3.multipole_comps.multipole_comps_0": 0.001356420097019111,
                        "multipoles.0.multipole_3.multipole_comps.multipole_comps_1": 0.00228842016567,
                        "multipoles.0.multipole_4.multipole_comps.multipole_comps_0": 0.0013373596814417986,
                        "multipoles.0.multipole_4.multipole_comps.multipole_comps_1": 0.002005610201621465
                    }
                }
            }
        },
        "errors_at_sigma_3": {
            "type": "list",
            "values": [
                {
                    "type": "tuple",
                    "values": [
                        0.008723904309922842,
                        0.010435070935973262
                    ]
                },
                {
                    "type": "tuple",
                    "values": [
                        0.009513328999032948,
                        0.010493968875244342
                    ]
                },
                {
                    "type": "tuple",
                    "values": [
                        0.0057245470087662524,
                        0.005469977050840358
                    ]
                },
                {
                    "type": "tuple",
                    "values": [
                        0.0059825373314199995,
                        0.00568721989118
                    ]
                },
                {
                    "type": "tuple",
                    "values": [
                        0.004512119301425888,
                        0.005058381057436711
                    ]
                },
                {
                    "type": "tuple",
                    "values": [
                        0.005918127668224813,
                        0.006027174347990001
                    ]
                },
                {
                    "type": "tuple",
                    "values": [
                        0.006485026950631799,
                        0.006357752256088656
                    ]
                },
                {
                    "type": "tuple",
                    "values": [
                        0.005999516021544741,
                        0.006579752665928535
                    ]
                }
            ]
        },
        "values_at_sigma_1": {
            "type": "list",
            "values": [
                {
                    "type": "tuple",
                    "values": [
                        0.07897761420578897,
                        0.08551418769862
                    ]
                },
                {
                    "type": "tuple",
                    "values": [
                        -0.0613263096978478,
                        -0.055255262643420136
                    ]
                },
                {
                    "type": "tuple",
                    "values": [
                        -0.0032507346779528374,
                        0.0001343143424220579
                    ]
                },
                {
                    "type": "tuple",
                    "values": [
                        -0.0011166372603596173,
                        0.0026396779302147603
                    ]
                },
                {
                    "type": "tuple",
                    "values": [
                        -0.00013387444135,
                        0.0029744774579593585
                    ]
                },
                {
                    "type": "tuple",
                    "values": [
                        0.00028363931066557917,
                        0.00419423390617
                    ]
                },
                {
                    "type": "tuple",
                    "values": [
                        -0.00059873937826,
                        0.0033584351107358995
                    ]
                },
                {
                    "type": "tuple",
                    "values": [
                        8.940024784631306e-05,
                        0.00387255252906779
                    ]
                }
            ]
        },
        "values_at_sigma_3": {
            "type": "list",
            "values": [
                {
                    "type": "tuple",
                    "values": [
                        0.07353219540892389,
                        0.09269117065482
                    ]
                },
                {
                    "type": "tuple",
                    "values": [
                        -0.06805197153419049,
                        -0.0480446736599132
                    ]
                },
                {
                    "type": "tuple",
                    "values": [
                        -0.007378727618035944,
                        0.003815796441570666
                    ]
                },
                {
                    "type": "tuple",
                    "values": [
                        -0.00519707276034,
                        0.00647268446226
                    ]
                },
                {
                    "type": "tuple",
                    "values": [
                        -0.0031556992044067768,
                        0.006414801154455822
                    ]
                },
                {
                    "type": "tuple",
                    "values": [
                        -0.0036297075025548122,
                        0.00831559451366
                    ]
                },
                {
                    "type": "tuple",
                    "values": [
                        -0.00514766726919,
                        0.0076951119375304545
                    ]
                },
                {
                    "type": "tuple",
                    "values": [
                        -0.003993905819923276,
                        0.00858536286755
                    ]
                }
            ]
        },
        "log_evidence": -63.92886147428636,
        "model": null,
        "max_log_likelihood_sample": {
            "type": "instance",
            "class_path": "autofit.non_linear.samples.sample.Sample",
            "arguments": {
                "log_likelihood": -30.904100130020435,
                "log_prior": 0.0,
                "weight": 0.0010328258497729335,
                "kwargs": {
                    "type": "dict",
                    "arguments": {
                        "ellipses.0.ell_comps.ell_comps_0": 0.08328063582722,
                        "ellipses.0.ell_comps.ell_comps_1": -0.05663173326681,
                        "multipoles.0.multipole_1.multipole_comps.multipole_comps_0": -0.00175228205182,
                        "multipoles.0.multipole_1.multipole_comps.multipole_comps_1": 0.00056716675992,
                        "multipoles.0.multipole_3.multipole_comps.multipole_comps_0": 0.00186330886708,
                        "multipoles.0.multipole_3.multipole_comps.multipole_comps_1": 0.00179584895844,
                        "multipoles.0.multipole_4.multipole_comps.multipole_comps_0": 0.00035840063907,
                        "multipoles.0.multipole_4.multipole_comps.multipole_comps_1": 0.0039529694354
                    }
                }
            }
        }
    }
}