{
    "type": "instance",
    "class_path": "autofit.non_linear.samples.summary.SamplesSummary",
    "arguments": {
        "log_evidence": -45.91322568999126,
        "max_log_likelihood_sample": {
            "type": "instance",
            "class_path": "autofit.non_linear.samples.sample.Sample",
            "arguments": {
                "log_likelihood": -28.66841376252681,
                "log_prior": 0.0,
                "weight": 0.0010408773999584558,
                "kwargs": {
                    "type": "dict",
                    "arguments": {
                        "ellipses.0.ell_comps.ell_comps_0": -0.04388608716381,
                        "ellipses.0.ell_comps.ell_comps_1": -0.05072761200593,
                        "multipoles.0.multipole_1.multipole_comps.multipole_comps_0": -0.04022573761175,
                        "multipoles.0.multipole_1.multipole_comps.multipole_comps_1": 0.04835602001736,
                        "multipoles.0.multipole_3.multipole_comps.multipole_comps_0": 0.05893033318853,
                        "multipoles.0.multipole_3.multipole_comps.multipole_comps_1": -0.06054007353813,
                        "multipoles.0.multipole_4.multipole_comps.multipole_comps_0": -0.07667249487009,
                        "multipoles.0.multipole_4.multipole_comps.multipole_comps_1": -0.04707753587642
                    }
                }
            }
        },
        "median_pdf_sample": {
            "type": "instance",
            "class_path": "autofit.non_linear.samples.sample.Sample",
            "arguments": {
                "log_likelihood": -28.66841376252681,
                "log_prior": 0.0,
                "weight": 0.0010408773999584558,
                "kwargs": {
                    "type": "dict",
                    "arguments": {
                        "ellipses.0.ell_comps.ell_comps_0": -0.03387856281055,
                        "ellipses.0.ell_comps.ell_comps_1": -0.06249952063424441,
                        "multipoles.0.multipole_1.multipole_comps.multipole_comps_0": -0.010279705482633109,
                        "multipoles.0.multipole_1.multipole_comps.multipole_comps_1": -0.020504918693466403,
                        "multipoles.0.multipole_3.multipole_comps.multipole_comps_0": 0.017486717469650474,
                        "multipoles.0.multipole_3.multipole_comps.multipole_comps_1": -0.03466033973139363,
                        "multipoles.0.multipole_4.multipole_comps.multipole_comps_0": -0.04965602175450569,
                        "multipoles.0.multipole_4.multipole_comps.multipole_comps_1": -0.01589611747233
                    }
                }
            }
        },
        "values_at_sigma_3": {
            "type": "list",
            "values": [
                {
                    "type": "tuple",
                    "values": [
                        -0.08638960814476,
                        0.04161691735070231
                    ]
                },
                {
                    "type": "tuple",
                    "values": [
                        -0.1388006991013,
                        0.01103445517258
                    ]
                },
                {
                    "type": "tuple",
                    "values": [
                        -0.18742206475778292,
                        0.17117327009694275
                    ]
                },
                {
                    "type": "tuple",
                    "values": [
                        -0.19946651688987,
                        0.1668389854384193
                    ]
                },
                {
                    "type": "tuple",
                    "values": [
                        -0.09914561505961406,
                        0.09834401283681778
                    ]
                },
                {
                    "type": "tuple",
                    "values": [
                        -0.09835160052141,
                        0.09592337792835
                    ]
                },
                {
                    "type": "tuple",
                    "values": [
                        -0.09993670651614,
                        0.09836920087837456
                    ]
                },
                {
                    "type": "tuple",
                    "values": [
                        -0.09921035835552,
                        0.09554290156894
                    ]
                }
            ]
        },
        "errors_at_sigma_3": {
            "type": "list",
            "values": [
                {
                    "type": "tuple",
                    "values": [
                        0.05251104533421,
                        0.07549548016125232
                    ]
                },
                {
                    "type": "tuple",
                    "values": [
                        0.07630117846705559,
                        0.07353397580682441
                    ]
                },
                {
                    "type": "tuple",
                    "values": [
                        0.17714235927514982,
                        0.18145297557957585
                    ]
                },
                {
                    "type": "tuple",
                    "values": [
                        0.1789615981964036,
                        0.1873439041318857
                    ]
                },
                {
                    "type": "tuple",
                    "values": [
                        0.11663233252926453,
                        0.0808572953671673
                    ]
                },
                {
                    "type": "tuple",
                    "values": [
                        0.06369126079001636,
                        0.13058371765974364
                    ]
                },
                {
                    "type": "tuple",
                    "values": [
                        0.05028068476163432,
                        0.14802522263288026
                    ]
                },
                {
                    "type": "tuple",
                    "values": [
                        0.08331424088319,
                        0.11143901904127
                    ]
                }
            ]
        },
        "model": null,
        "errors_at_sigma_1": {
            "type": "list",
            "values": [
                {
                    "type": "tuple",
                    "values": [
                        0.010294409670398401,
                        0.02817003081351135
                    ]
                },
                {
                    "type": "tuple",
                    "values": [
                        0.026986952097245595,
                        0.011414866360834407
                    ]
                },
                {
                    "type": "tuple",
                    "values": [
                        0.05581885116401689,
                        0.03680250530401241
                    ]
                },
                {
                    "type": "tuple",
                    "values": [
                        0.1147912113738036,
                        0.0859265435036064
                    ]
                },
                {
                    "type": "tuple",
                    "values": [
                        0.05891688376860048,
                        0.051303947906959524
                    ]
                },
                {
                    "type": "tuple",
                    "values": [
                        0.027531293595254476,
                        0.04118351089964205
                    ]
                },
                {
                    "type": "tuple",
                    "values": [
                        0.041070815493907314,
                        0.10724769414322569
                    ]
                },
                {
                    "type": "tuple",
                    "values": [
                        0.044845907170549995,
                        0.056589981342871395
                    ]
                }
            ]
        },
        "values_at_sigma_1": {
            "type": "list",
            "values": [
                {
                    "type": "tuple",
                    "values": [
                        -0.044172972480948404,
                        -0.005708531997038652
                    ]
                },
                {
                    "type": "tuple",
                    "values": [
                        -0.08948647273149,
                        -0.05108465427341
                    ]
                },
                {
                    "type": "tuple",
                    "values": [
                        -0.06609855664665,
                        0.0265227998213793
                    ]
                },
                {
                    "type": "tuple",
                    "values": [
                        -0.13529613006727,
                        0.06542162481014
                    ]
                },
                {
                    "type": "tuple",
                    "values": [
                        -0.04143016629895,
                        0.06879066537661
                    ]
                },
                {
                    "type": "tuple",
                    "values": [
                        -0.06219163332664811,
                        0.0065231711682484156
                    ]
                },
                {
                    "type": "tuple",
                    "values": [
                        -0.090726837248413,
                        0.05759167238872
                    ]
                },
                {
                    "type": "tuple",
                    "values": [
                        -0.06074202464288,
                        0.04069386387054139
                    ]
                }
            ]
        }
    }
}