{
    "type": "instance",
    "class_path": "autofit.non_linear.samples.summary.SamplesSummary",
    "arguments": {
        "values_at_sigma_3": {
            "type": "list",
            "values": [
                {
                    "type": "tuple",
                    "values": [
                        -0.4871287013837,
                        -0.4721022112567798
                    ]
                },
                {
                    "type": "tuple",
                    "values": [
                        0.011941726008237242,
                        0.03378585596284
                    ]
                },
                {
                    "type": "tuple",
                    "values": [
                        -0.11139697458158,
                        -0.0333645788844917
                    ]
                },
                {
                    "type": "tuple",
                    "values": [
                        -0.029871286625227114,
                        0.01065237629623
                    ]
                },
                {
                    "type": "tuple",
                    "values": [
                        0.03688299645435,
                        0.09636081200481635
                    ]
                },
                {
                    "type": "tuple",
                    "values": [
                        -0.05258857207992,
                        0.006610340545767215
                    ]
                },
                {
                    "type": "tuple",
                    "values": [
                        -0.07146566869429685,
                        -0.03387828169870083
                    ]
                },
                {
                    "type": "tuple",
                    "values": [
                        0.024108126881297445,
                        0.07288559013680106
                    ]
                }
            ]
        },
        "log_evidence": -110.84543473052115,
        "max_log_likelihood_sample": {
            "type": "instance",
            "class_path": "autofit.non_linear.samples.sample.Sample",
            "arguments": {
                "log_likelihood": -83.6444684936244,
                "log_prior": 0.0,
                "weight": 0.0010043971970025772,
                "kwargs": {
                    "type": "dict",
                    "arguments": {
                        "ellipses.0.ell_comps.ell_comps_0": -0.48313189302738,
                        "ellipses.0.ell_comps.ell_comps_1": 0.02436665411305,
                        "multipoles.0.multipole_1.multipole_comps.multipole_comps_0": -0.07580653922281,
                        "multipoles.0.multipole_1.multipole_comps.multipole_comps_1": -0.0055921421078,
                        "multipoles.0.multipole_3.multipole_comps.multipole_comps_0": 0.07699339766798,
                        "multipoles.0.multipole_3.multipole_comps.multipole_comps_1": -0.0241134542417,
                        "multipoles.0.multipole_4.multipole_comps.multipole_comps_0": -0.05669178441079,
                        "multipoles.0.multipole_4.multipole_comps.multipole_comps_1": 0.05022883608004
                    }
                }
            }
        },
        "values_at_sigma_1": {
            "type": "list",
            "values": [
                {
                    "type": "tuple",
                    "values": [
                        -0.4833848235562271,
                        -0.47892203676123807
                    ]
                },
                {
                    "type": "tuple",
                    "values": [
                        0.0217046890077,
                        0.027693301548507045
                    ]
                },
                {
                    "type": "tuple",
                    "values": [
                        -0.08456762822696,
                        -0.059250365570374545
                    ]
                },
                {
                    "type": "tuple",
                    "values": [
                        -0.01543907332563,
                        -0.0024441146863842167
                    ]
                },
                {
                    "type": "tuple",
                    "values": [
                        0.05797369378797,
                        0.07609051010141
                    ]
                },
                {
                    "type": "tuple",
                    "values": [
                        -0.02980347316212007,
                        -0.01196076689414
                    ]
                },
                {
                    "type": "tuple",
                    "values": [
                        -0.0599205488407134,
                        -0.04615882606049
                    ]
                },
                {
                    "type": "tuple",
                    "values": [
                        0.03834300084527,
                        0.05593781725976
                    ]
                }
            ]
        },
        "errors_at_sigma_1": {
            "type": "list",
            "values": [
                {
                    "type": "tuple",
                    "values": [
                        0.001720019450597965,
                        0.0027427673443910505
                    ]
                },
                {
                    "type": "tuple",
                    "values": [
                        0.0028040178752266054,
                        0.0031845946655804404
                    ]
                },
                {
                    "type": "tuple",
                    "values": [
                        0.011904631450510003,
                        0.01341263120607545
                    ]
                },
                {
                    "type": "tuple",
                    "values": [
                        0.00537150448325,
                        0.007623454155995783
                    ]
                },
                {
                    "type": "tuple",
                    "values": [
                        0.00931810149357,
                        0.008798714819870004
                    ]
                },
                {
                    "type": "tuple",
                    "values": [
                        0.008649976903052532,
                        0.00919272936492754
                    ]
                },
                {
                    "type": "tuple",
                    "values": [
                        0.006652185732489796,
                        0.007109537047733601
                    ]
                },
                {
                    "type": "tuple",
                    "values": [
                        0.008196119403822207,
                        0.00939869701066779
                    ]
                }
            ]
        },
        "model": null,
        "median_pdf_sample": {
            "type": "instance",
            "class_path": "autofit.non_linear.samples.sample.Sample",
            "arguments": {
                "log_likelihood": -83.6444684936244,
                "log_prior": 0.0,
                "weight": 0.0010043971970025772,
                "kwargs": {
                    "type": "dict",
                    "arguments": {
                        "ellipses.0.ell_comps.ell_comps_0": -0.4816648041056291,
                        "ellipses.0.ell_comps.ell_comps_1": 0.024508706882926605,
                        "multipoles.0.multipole_1.multipole_comps.multipole_comps_0": -0.07266299677645,
                        "multipoles.0.multipole_1.multipole_comps.multipole_comps_1": -0.01006756884238,
                        "multipoles.0.multipole_3.multipole_comps.multipole_comps_0": 0.06729179528154,
                        "multipoles.0.multipole_3.multipole_comps.multipole_comps_1": -0.02115349625906754,
                        "multipoles.0.multipole_4.multipole_comps.multipole_comps_0": -0.0532683631082236,
                        "multipoles.0.multipole_4.multipole_comps.multipole_comps_1": 0.04653912024909221
                    }
                }
            }
        },
        "errors_at_sigma_3": {
            "type": "list",
            "values": [
                {
                    "type": "tuple",
                    "values": [
                        0.005463897278070895,
                        0.009562592848849305
                    ]
                },
                {
                    "type": "tuple",
                    "values": [
                        0.012566980874689363,
                        0.009277149079913394
                    ]
                },
                {
                    "type": "tuple",
                    "values": [
                        0.03873397780513001,
                        0.039298417891958294
                    ]
                },
                {
                    "type": "tuple",
                    "values": [
                        0.019803717782847112,
                        0.020719945138610002
                    ]
                },
                {
                    "type": "tuple",
                    "values": [
                        0.030408798827189998,
                        0.029069016723276345
                    ]
                },
                {
                    "type": "tuple",
                    "values": [
                        0.03143507582085246,
                        0.027763836804834754
                    ]
                },
                {
                    "type": "tuple",
                    "values": [
                        0.01819730558607325,
                        0.019390081409522773
                    ]
                },
                {
                    "type": "tuple",
                    "values": [
                        0.022430993367794763,
                        0.026346469887708848
                    ]
                }
            ]
        }
    }
}