{
    "type": "instance",
    "class_path": "autofit.non_linear.samples.summary.SamplesSummary",
    "arguments": {
        "values_at_sigma_3": {
            "type": "list",
            "values": [
                {
                    "type": "tuple",
                    "values": [
                        -0.00837480529679086,
                        0.034338511603217624
                    ]
                },
                {
                    "type": "tuple",
                    "values": [
                        -0.12637128377259,
                        -0.09252128660028881
                    ]
                },
                {
                    "type": "tuple",
                    "values": [
                        -0.02864389649213026,
                        0.03438052554443006
                    ]
                },
                {
                    "type": "tuple",
                    "values": [
                        -0.03129974586946671,
                        0.03049400891961
                    ]
                },
                {
                    "type": "tuple",
                    "values": [
                        -0.03194356687909,
                        0.02837851003057181
                    ]
                },
                {
                    "type": "tuple",
                    "values": [
                        -0.03840290650643,
                        0.01828724083801004
                    ]
                },
                {
                    "type": "tuple",
                    "values": [
                        -0.034491130697389016,
                        0.022068922496930096
                    ]
                },
                {
                    "type": "tuple",
                    "values": [
                        -0.005189732242736141,
                        0.07531968376348
                    ]
                }
            ]
        },
        "errors_at_sigma_3": {
            "type": "list",
            "values": [
                {
                    "type": "tuple",
                    "values": [
                        0.01689671251974086,
                        0.025816604380267623
                    ]
                },
                {
                    "type": "tuple",
                    "values": [
                        0.016833399966728696,
                        0.017016597205572484
                    ]
                },
                {
                    "type": "tuple",
                    "values": [
                        0.03403350019462129,
                        0.028990921841939025
                    ]
                },
                {
                    "type": "tuple",
                    "values": [
                        0.03283338205338071,
                        0.028960372735695995
                    ]
                },
                {
                    "type": "tuple",
                    "values": [
                        0.03436773643104543,
                        0.02595434047861638
                    ]
                },
                {
                    "type": "tuple",
                    "values": [
                        0.026538918492873514,
                        0.030151228851566528
                    ]
                },
                {
                    "type": "tuple",
                    "values": [
                        0.029694098659454646,
                        0.02686595453486447
                    ]
                },
                {
                    "type": "tuple",
                    "values": [
                        0.03459507707480397,
                        0.04591433893141217
                    ]
                }
            ]
        },
        "log_evidence": -46.98043705930393,
        "model": null,
        "values_at_sigma_1": {
            "type": "list",
            "values": [
                {
                    "type": "tuple",
                    "values": [
                        0.002389385247700697,
                        0.01592936225960984
                    ]
                },
                {
                    "type": "tuple",
                    "values": [
                        -0.11492205091714237,
                        -0.10400815393314594
                    ]
                },
                {
                    "type": "tuple",
                    "values": [
                        -0.006001859198856135,
                        0.01642718940553797
                    ]
                },
                {
                    "type": "tuple",
                    "values": [
                        -0.010672636694264132,
                        0.01345549108924696
                    ]
                },
                {
                    "type": "tuple",
                    "values": [
                        -0.009142219931990157,
                        0.01238411263445
                    ]
                },
                {
                    "type": "tuple",
                    "values": [
                        -0.021852771070787296,
                        -0.0024834103224165207
                    ]
                },
                {
                    "type": "tuple",
                    "values": [
                        -0.01449543014665798,
                        0.0043282414413
                    ]
                },
                {
                    "type": "tuple",
                    "values": [
                        0.01951684050552,
                        0.04196421159270198
                    ]
                }
            ]
        },
        "median_pdf_sample": {
            "type": "instance",
            "class_path": "autofit.non_linear.samples.sample.Sample",
            "arguments": {
                "log_likelihood": -24.810607194594503,
                "log_prior": 0.0,
                "weight": 0.0010316142004549679,
                "kwargs": {
                    "type": "dict",
                    "arguments": {
                        "ellipses.0.ell_comps.ell_comps_0": 0.00852190722295,
                        "ellipses.0.ell_comps.ell_comps_1": -0.1095378838058613,
                        "multipoles.0.multipole_1.multipole_comps.multipole_comps_0": 0.005389603702491033,
                        "multipoles.0.multipole_1.multipole_comps.multipole_comps_1": 0.001533636183914003,
                        "multipoles.0.multipole_3.multipole_comps.multipole_comps_0": 0.0024241695519554318,
                        "multipoles.0.multipole_3.multipole_comps.multipole_comps_1": -0.01186398801355649,
                        "multipoles.0.multipole_4.multipole_comps.multipole_comps_0": -0.004797032037934372,
                        "multipoles.0.multipole_4.multipole_comps.multipole_comps_1": 0.02940534483206783
                    }
                }
            }
        },
        "errors_at_sigma_1": {
            "type": "list",
            "values": [
                {
                    "type": "tuple",
                    "values": [
                        0.006132521975249302,
                        0.00740745503665984
                    ]
                },
                {
                    "type": "tuple",
                    "values": [
                        0.005384167111281077,
                        0.005529729872715355
                    ]
                },
                {
                    "type": "tuple",
                    "values": [
                        0.011391462901347169,
                        0.011037585703046936
                    ]
                },
                {
                    "type": "tuple",
                    "values": [
                        0.012206272878178135,
                        0.011921854905332957
                    ]
                },
                {
                    "type": "tuple",
                    "values": [
                        0.011566389483945588,
                        0.009959943082494569
                    ]
                },
                {
                    "type": "tuple",
                    "values": [
                        0.009988783057230806,
                        0.00938057769113997
                    ]
                },
                {
                    "type": "tuple",
                    "values": [
                        0.009698398108723607,
                        0.009125273479234372
                    ]
                },
                {
                    "type": "tuple",
                    "values": [
                        0.00988850432654783,
                        0.012558866760634148
                    ]
                }
            ]
        },
        "max_log_likelihood_sample": {
            "type": "instance",
            "class_path": "autofit.non_linear.samples.sample.Sample",
            "arguments": {
                "log_likelihood": -24.810607194594503,
                "log_prior": 0.0,
                "weight": 0.0010316142004549679,
                "kwargs": {
                    "type": "dict",
                    "arguments": {
                        "ellipses.0.ell_comps.ell_comps_0": 0.00631344734724,
                        "ellipses.0.ell_comps.ell_comps_1": -0.10948245130383,
                        "multipoles.0.multipole_1.multipole_comps.multipole_comps_0": 0.00998713379621,
                        "multipoles.0.multipole_1.multipole_comps.multipole_comps_1": -0.00113967099237,
                        "multipoles.0.multipole_3.multipole_comps.multipole_comps_0": 0.00442197877578,
                        "multipoles.0.multipole_3.multipole_comps.multipole_comps_1": -0.01154016326351,
                        "multipoles.0.multipole_4.multipole_comps.multipole_comps_0": -0.01440684560955,
                        "multipoles.0.multipole_4.multipole_comps.multipole_comps_1": 0.02679180431939
                    }
                }
            }
        }
    }
}