{
    "type": "instance",
    "class_path": "autofit.non_linear.samples.summary.SamplesSummary",
    "arguments": {
        "values_at_sigma_1": {
            "type": "list",
            "values": [
                {
                    "type": "tuple",
                    "values": [
                        -0.006981739099712511,
                        0.01916413054652
                    ]
                },
                {
                    "type": "tuple",
                    "values": [
                        -0.1750713716839519,
                        -0.14639835983053787
                    ]
                },
                {
                    "type": "tuple",
                    "values": [
                        0.011173038315293203,
                        0.13587763503031
                    ]
                },
                {
                    "type": "tuple",
                    "values": [
                        -0.04834236050405,
                        0.036092485540788824
                    ]
                },
                {
                    "type": "tuple",
                    "values": [
                        -0.04317393592097,
                        0.07676611844368991
                    ]
                },
                {
                    "type": "tuple",
                    "values": [
                        -0.05457353125603516,
                        -0.005882689062197824
                    ]
                },
                {
                    "type": "tuple",
                    "values": [
                        -0.020822722061647484,
                        0.02269400380986
                    ]
                },
                {
                    "type": "tuple",
                    "values": [
                        -0.00588171456022,
                        0.08451505696266
                    ]
                }
            ]
        },
        "model": null,
        "values_at_sigma_3": {
            "type": "list",
            "values": [
                {
                    "type": "tuple",
                    "values": [
                        -0.03790439558611423,
                        0.04146644017714
                    ]
                },
                {
                    "type": "tuple",
                    "values": [
                        -0.19059460916397086,
                        -0.11402355991220291
                    ]
                },
                {
                    "type": "tuple",
                    "values": [
                        -0.02158667604976,
                        0.19944589181798
                    ]
                },
                {
                    "type": "tuple",
                    "values": [
                        -0.10241625067004,
                        0.0776186445566512
                    ]
                },
                {
                    "type": "tuple",
                    "values": [
                        -0.08219949098099404,
                        0.0995010834385965
                    ]
                },
                {
                    "type": "tuple",
                    "values": [
                        -0.09552216612433,
                        0.09409259048886
                    ]
                },
                {
                    "type": "tuple",
                    "values": [
                        -0.08346884342632,
                        0.09759566936651376
                    ]
                },
                {
                    "type": "tuple",
                    "values": [
                        -0.04021865932606,
                        0.09983548819038693
                    ]
                }
            ]
        },
        "max_log_likelihood_sample": {
            "type": "instance",
            "class_path": "autofit.non_linear.samples.sample.Sample",
            "arguments": {
                "log_likelihood": -42.88763736861932,
                "log_prior": 0.0,
                "weight": 0.0010538116161919438,
                "kwargs": {
                    "type": "dict",
                    "arguments": {
                        "ellipses.0.ell_comps.ell_comps_0": -0.00197582052165,
                        "ellipses.0.ell_comps.ell_comps_1": -0.17368099849588,
                        "multipoles.0.multipole_1.multipole_comps.multipole_comps_0": 0.01715179785535,
                        "multipoles.0.multipole_1.multipole_comps.multipole_comps_1": 0.02471132670872,
                        "multipoles.0.multipole_3.multipole_comps.multipole_comps_0": -0.04833515052651,
                        "multipoles.0.multipole_3.multipole_comps.multipole_comps_1": -0.0217568267424,
                        "multipoles.0.multipole_4.multipole_comps.multipole_comps_0": -0.02147387590911,
                        "multipoles.0.multipole_4.multipole_comps.multipole_comps_1": 0.08167140207885
                    }
                }
            }
        },
        "errors_at_sigma_1": {
            "type": "list",
            "values": [
                {
                    "type": "tuple",
                    "values": [
                        0.006183516419132511,
                        0.0199623532271
                    ]
                },
                {
                    "type": "tuple",
                    "values": [
                        0.004906066451211888,
                        0.023766945402202144
                    ]
                },
                {
                    "type": "tuple",
                    "values": [
                        0.027892475172787222,
                        0.09681212154222957
                    ]
                },
                {
                    "type": "tuple",
                    "values": [
                        0.050430365808239876,
                        0.034004480236598945
                    ]
                },
                {
                    "type": "tuple",
                    "values": [
                        0.02903753485114914,
                        0.09090251951351078
                    ]
                },
                {
                    "type": "tuple",
                    "values": [
                        0.03225116127416516,
                        0.016439680919672177
                    ]
                },
                {
                    "type": "tuple",
                    "values": [
                        0.01713189549648252,
                        0.026384830375024964
                    ]
                },
                {
                    "type": "tuple",
                    "values": [
                        0.07236874553484904,
                        0.018028025988030966
                    ]
                }
            ]
        },
        "errors_at_sigma_3": {
            "type": "list",
            "values": [
                {
                    "type": "tuple",
                    "values": [
                        0.037106172905534224,
                        0.04226466285772
                    ]
                },
                {
                    "type": "tuple",
                    "values": [
                        0.020429303931230852,
                        0.056141745320537104
                    ]
                },
                {
                    "type": "tuple",
                    "values": [
                        0.06065218953784043,
                        0.16038037832989957
                    ]
                },
                {
                    "type": "tuple",
                    "values": [
                        0.10450425597422987,
                        0.07553063925246133
                    ]
                },
                {
                    "type": "tuple",
                    "values": [
                        0.06806308991117319,
                        0.11363748450841735
                    ]
                },
                {
                    "type": "tuple",
                    "values": [
                        0.07319979614246,
                        0.11641496047073
                    ]
                },
                {
                    "type": "tuple",
                    "values": [
                        0.07977801686115503,
                        0.10128649593167872
                    ]
                },
                {
                    "type": "tuple",
                    "values": [
                        0.10670569030068904,
                        0.033348457215757896
                    ]
                }
            ]
        },
        "log_evidence": -61.93980003297487,
        "median_pdf_sample": {
            "type": "instance",
            "class_path": "autofit.non_linear.samples.sample.Sample",
            "arguments": {
                "log_likelihood": -42.88763736861932,
                "log_prior": 0.0,
                "weight": 0.0010538116161919438,
                "kwargs": {
                    "type": "dict",
                    "arguments": {
                        "ellipses.0.ell_comps.ell_comps_0": -0.00079822268058,
                        "ellipses.0.ell_comps.ell_comps_1": -0.17016530523274,
                        "multipoles.0.multipole_1.multipole_comps.multipole_comps_0": 0.039065513488080426,
                        "multipoles.0.multipole_1.multipole_comps.multipole_comps_1": 0.0020880053041898773,
                        "multipoles.0.multipole_3.multipole_comps.multipole_comps_0": -0.014136401069820857,
                        "multipoles.0.multipole_3.multipole_comps.multipole_comps_1": -0.02232236998187,
                        "multipoles.0.multipole_4.multipole_comps.multipole_comps_0": -0.003690826565164966,
                        "multipoles.0.multipole_4.multipole_comps.multipole_comps_1": 0.06648703097462903
                    }
                }
            }
        }
    }
}