{
    "type": "instance",
    "class_path": "autofit.non_linear.samples.summary.SamplesSummary",
    "arguments": {
        "max_log_likelihood_sample": {
            "type": "instance",
            "class_path": "autofit.non_linear.samples.sample.Sample",
            "arguments": {
                "log_likelihood": -47.06974087776304,
                "log_prior": 0.0,
                "weight": 0.0010254431797022316,
                "kwargs": {
                    "type": "dict",
                    "arguments": {
                        "ellipses.0.ell_comps.ell_comps_0": -0.23968598323313,
                        "ellipses.0.ell_comps.ell_comps_1": 0.03961746652782,
                        "multipoles.0.multipole_1.multipole_comps.multipole_comps_0": -0.06853354850332,
                        "multipoles.0.multipole_1.multipole_comps.multipole_comps_1": -0.14332416774039,
                        "multipoles.0.multipole_3.multipole_comps.multipole_comps_0": -0.09433595492584,
                        "multipoles.0.multipole_3.multipole_comps.multipole_comps_1": 0.05661334141197,
                        "multipoles.0.multipole_4.multipole_comps.multipole_comps_0": -0.05259562222517,
                        "multipoles.0.multipole_4.multipole_comps.multipole_comps_1": -0.01326073156627
                    }
                }
            }
        },
        "log_evidence": -65.32349533559001,
        "values_at_sigma_3": {
            "type": "list",
            "values": [
                {
                    "type": "tuple",
                    "values": [
                        -0.24539351680631,
                        -0.17865862655357
                    ]
                },
                {
                    "type": "tuple",
                    "values": [
                        0.008225337778291509,
                        0.08547233186268662
                    ]
                },
                {
                    "type": "tuple",
                    "values": [
                        -0.18151982326307,
                        0.1727568569452
                    ]
                },
                {
                    "type": "tuple",
                    "values": [
                        -0.19837886916087083,
                        -0.01400696697979
                    ]
                },
                {
                    "type": "tuple",
                    "values": [
                        -0.09998270663121,
                        0.054492876955785134
                    ]
                },
                {
                    "type": "tuple",
                    "values": [
                        -0.06973877921341,
                        0.09940829768889657
                    ]
                },
                {
                    "type": "tuple",
                    "values": [
                        -0.09967213782596,
                        0.05496009899175699
                    ]
                },
                {
                    "type": "tuple",
                    "values": [
                        -0.09597432657499669,
                        0.09567608937586
                    ]
                }
            ]
        },
        "errors_at_sigma_1": {
            "type": "list",
            "values": [
                {
                    "type": "tuple",
                    "values": [
                        0.003911118100109634,
                        0.037764422068408965
                    ]
                },
                {
                    "type": "tuple",
                    "values": [
                        0.004079238963899154,
                        0.01940764407156083
                    ]
                },
                {
                    "type": "tuple",
                    "values": [
                        0.037406050634500004,
                        0.1581309603367489
                    ]
                },
                {
                    "type": "tuple",
                    "values": [
                        0.02474549554962066,
                        0.023256568316012
                    ]
                },
                {
                    "type": "tuple",
                    "values": [
                        0.00964601906577836,
                        0.015448378689899095
                    ]
                },
                {
                    "type": "tuple",
                    "values": [
                        0.09743847757882174,
                        0.02176615529348999
                    ]
                },
                {
                    "type": "tuple",
                    "values": [
                        0.016445027827149995,
                        0.015925775948150006
                    ]
                },
                {
                    "type": "tuple",
                    "values": [
                        0.03918126250693001,
                        0.019481215215439725
                    ]
                }
            ]
        },
        "values_at_sigma_1": {
            "type": "list",
            "values": [
                {
                    "type": "tuple",
                    "values": [
                        -0.24133958452415,
                        -0.1996640443556314
                    ]
                },
                {
                    "type": "tuple",
                    "values": [
                        0.03742843270863,
                        0.06091531574408998
                    ]
                },
                {
                    "type": "tuple",
                    "values": [
                        -0.09593706976844,
                        0.09959994120280888
                    ]
                },
                {
                    "type": "tuple",
                    "values": [
                        -0.17811056377288,
                        -0.13010849990724735
                    ]
                },
                {
                    "type": "tuple",
                    "values": [
                        -0.09510744083110836,
                        -0.07001304307543091
                    ]
                },
                {
                    "type": "tuple",
                    "values": [
                        -0.02924678012182173,
                        0.08995785275049
                    ]
                },
                {
                    "type": "tuple",
                    "values": [
                        -0.06949069330749,
                        -0.03711988953219
                    ]
                },
                {
                    "type": "tuple",
                    "values": [
                        -0.058841848098580014,
                        -0.00017937037621027486
                    ]
                }
            ]
        },
        "errors_at_sigma_3": {
            "type": "list",
            "values": [
                {
                    "type": "tuple",
                    "values": [
                        0.007965050382269634,
                        0.05876983987047035
                    ]
                },
                {
                    "type": "tuple",
                    "values": [
                        0.033282333894237646,
                        0.04396466019015746
                    ]
                },
                {
                    "type": "tuple",
                    "values": [
                        0.12298880412913,
                        0.23128787607913998
                    ]
                },
                {
                    "type": "tuple",
                    "values": [
                        0.04501380093761148,
                        0.13935810124346934
                    ]
                },
                {
                    "type": "tuple",
                    "values": [
                        0.014521284865880002,
                        0.13995429872111514
                    ]
                },
                {
                    "type": "tuple",
                    "values": [
                        0.13793047667041,
                        0.03121660023189657
                    ]
                },
                {
                    "type": "tuple",
                    "values": [
                        0.04662647234562,
                        0.10800576447209699
                    ]
                },
                {
                    "type": "tuple",
                    "values": [
                        0.07631374098334669,
                        0.11533667496751
                    ]
                }
            ]
        },
        "median_pdf_sample": {
            "type": "instance",
            "class_path": "autofit.non_linear.samples.sample.Sample",
            "arguments": {
                "log_likelihood": -47.06974087776304,
                "log_prior": 0.0,
                "weight": 0.0010254431797022316,
                "kwargs": {
                    "type": "dict",
                    "arguments": {
                        "ellipses.0.ell_comps.ell_comps_0": -0.23742846642404036,
                        "ellipses.0.ell_comps.ell_comps_1": 0.04150767167252915,
                        "multipoles.0.multipole_1.multipole_comps.multipole_comps_0": -0.05853101913394,
                        "multipoles.0.multipole_1.multipole_comps.multipole_comps_1": -0.15336506822325935,
                        "multipoles.0.multipole_3.multipole_comps.multipole_comps_0": -0.08546142176533,
                        "multipoles.0.multipole_3.multipole_comps.multipole_comps_1": 0.068191697457,
                        "multipoles.0.multipole_4.multipole_comps.multipole_comps_0": -0.05304566548034,
                        "multipoles.0.multipole_4.multipole_comps.multipole_comps_1": -0.01966058559165
                    }
                }
            }
        },
        "model": null
    }
}