{
    "type": "instance",
    "class_path": "autofit.non_linear.samples.summary.SamplesSummary",
    "arguments": {
        "errors_at_sigma_3": {
            "type": "list",
            "values": [
                {
                    "type": "tuple",
                    "values": [
                        0.004255354523902931,
                        0.0035013789355507834
                    ]
                },
                {
                    "type": "tuple",
                    "values": [
                        0.008394344220638946,
                        0.006553077053222195
                    ]
                },
                {
                    "type": "tuple",
                    "values": [
                        0.024463520297532817,
                        0.01446024987929
                    ]
                },
                {
                    "type": "tuple",
                    "values": [
                        0.030740133503369998,
                        0.019752604004833522
                    ]
                },
                {
                    "type": "tuple",
                    "values": [
                        0.006469243139847916,
                        0.005240471085494264
                    ]
                },
                {
                    "type": "tuple",
                    "values": [
                        0.006016567129994416,
                        0.005337938185797017
                    ]
                },
                {
                    "type": "tuple",
                    "values": [
                        0.005668392227156996,
                        0.006099493850499772
                    ]
                },
                {
                    "type": "tuple",
                    "values": [
                        0.006823985761588968,
                        0.0048732112957236215
                    ]
                },
                {
                    "type": "tuple",
                    "values": [
                        0.00626397019966168,
                        0.005051875251848321
                    ]
                },
                {
                    "type": "tuple",
                    "values": [
                        0.004361765906927354,
                        0.005160258034276009
                    ]
                },
                {
                    "type": "tuple",
                    "values": [
                        0.019797536922523236,
                        0.015347408117475154
                    ]
                },
                {
                    "type": "tuple",
                    "values": [
                        0.015511944014359999,
                        0.01543577262051389
                    ]
                },
                {
                    "type": "tuple",
                    "values": [
                        0.01793372079398419,
                        0.023946484926521964
                    ]
                },
                {
                    "type": "tuple",
                    "values": [
                        0.01690421010382184,
                        0.03406525558542001
                    ]
                },
                {
                    "type": "tuple",
                    "values": [
                        0.015005333883877035,
                        0.012268144850956984
                    ]
                },
                {
                    "type": "tuple",
                    "values": [
                        0.01579088041364835,
                        0.01394844489913
                    ]
                },
                {
                    "type": "tuple",
                    "values": [
                        0.017839099434990045,
                        0.009800517893929956
                    ]
                },
                {
                    "type": "tuple",
                    "values": [
                        0.009941334381569118,
                        0.01200621765580391
                    ]
                },
                {
                    "type": "tuple",
                    "values": [
                        0.05470316942700471,
                        0.03918979571622365
                    ]
                },
                {
                    "type": "tuple",
                    "values": [
                        0.028263287147115367,
                        0.01751664668681
                    ]
                },
                {
                    "type": "tuple",
                    "values": [
                        0.05902357998633717,
                        0.030935299641140064
                    ]
                },
                {
                    "type": "tuple",
                    "values": [
                        0.03401879928440732,
                        0.027083417341239424
                    ]
                },
                {
                    "type": "tuple",
                    "values": [
                        0.024661583582550002,
                        0.02229507242261
                    ]
                },
                {
                    "type": "tuple",
                    "values": [
                        0.026590674098554555,
                        0.028097499534379178
                    ]
                },
                {
                    "type": "tuple",
                    "values": [
                        0.010621582091756633,
                        0.014627054730586347
                    ]
                },
                {
                    "type": "tuple",
                    "values": [
                        0.044360460982228254,
                        0.028069191668607434
                    ]
                },
                {
                    "type": "tuple",
                    "values": [
                        0.010741410360069995,
                        0.013845789816190002
                    ]
                },
                {
                    "type": "tuple",
                    "values": [
                        0.03960908553189731,
                        0.030440626853260648
                    ]
                },
                {
                    "type": "tuple",
                    "values": [
                        0.04229422896096999,
                        0.03172885326027
                    ]
                },
                {
                    "type": "tuple",
                    "values": [
                        0.021727629042911978,
                        0.030328493260492077
                    ]
                },
                {
                    "type": "tuple",
                    "values": [
                        0.025673410436523506,
                        0.029260995003110003
                    ]
                },
                {
                    "type": "tuple",
                    "values": [
                        0.012496516252769325,
                        0.01431630957691235
                    ]
                },
                {
                    "type": "tuple",
                    "values": [
                        0.018437139134613832,
                        0.019550918795578756
                    ]
                },
                {
                    "type": "tuple",
                    "values": [
                        0.02230388722581931,
                        0.02285910723395488
                    ]
                },
                {
                    "type": "tuple",
                    "values": [
                        0.04417274645987,
                        0.03338102535144
                    ]
                },
                {
                    "type": "tuple",
                    "values": [
                        0.04240532292541735,
                        0.024924187200490222
                    ]
                },
                {
                    "type": "tuple",
                    "values": [
                        0.02849672253550457,
                        0.04051859351895787
                    ]
                },
                {
                    "type": "tuple",
                    "values": [
                        0.016774979982850935,
                        0.024352065062081416
                    ]
                },
                {
                    "type": "tuple",
                    "values": [
                        0.028383096142220197,
                        0.027651273780689805
                    ]
                },
                {
                    "type": "tuple",
                    "values": [
                        0.01339942154614146,
                        0.012542496430560005
                    ]
                },
                {
                    "type": "tuple",
                    "values": [
                        0.04076292944062404,
                        0.03684448875867139
                    ]
                },
                {
                    "type": "tuple",
                    "values": [
                        0.01418580390844313,
                        0.026290218427732763
                    ]
                }
            ]
        },
        "max_log_likelihood_sample": {
            "type": "instance",
            "class_path": "autofit.non_linear.samples.sample.Sample",
            "arguments": {
                "log_likelihood": -122.81536516808713,
                "log_prior": 0.0,
                "weight": 0.0010711507977176466,
                "kwargs": {
                    "type": "dict",
                    "arguments": {
                        "ellipses.ellipse_4.centre.centre_0": 0.00173987598308,
                        "ellipses.ellipse_4.centre.centre_1": 0.00324026190658,
                        "ellipses.ellipse_0.ell_comps.ell_comps_0": 0.03591045600509,
                        "ellipses.ellipse_0.ell_comps.ell_comps_1": 0.02999906500653,
                        "multipoles.0.multipole_1.multipole_comps.multipole_comps_0": 0.00234530974645,
                        "multipoles.0.multipole_1.multipole_comps.multipole_comps_1": 0.00027604388105,
                        "multipoles.0.multipole_3.multipole_comps.multipole_comps_0": 0.0019808613876,
                        "multipoles.0.multipole_3.multipole_comps.multipole_comps_1": 0.00133652064922,
                        "multipoles.0.multipole_4.multipole_comps.multipole_comps_0": 0.00266841834205,
                        "multipoles.0.multipole_4.multipole_comps.multipole_comps_1": -0.00539902917522,
                        "ellipses.ellipse_1.ell_comps.ell_comps_0": 0.05833964710416,
                        "ellipses.ellipse_1.ell_comps.ell_comps_1": 0.04643661954776,
                        "multipoles.1.multipole_1.multipole_comps.multipole_comps_0": -0.02069578410692,
                        "multipoles.1.multipole_1.multipole_comps.multipole_comps_1": 0.0167463956444,
                        "multipoles.1.multipole_3.multipole_comps.multipole_comps_0": 0.02492813601054,
                        "multipoles.1.multipole_3.multipole_comps.multipole_comps_1": -0.0148967544205,
                        "multipoles.1.multipole_4.multipole_comps.multipole_comps_0": 0.01549413514807,
                        "multipoles.1.multipole_4.multipole_comps.multipole_comps_1": -0.00682798977903,
                        "ellipses.ellipse_2.ell_comps.ell_comps_0": 0.08414804929349,
                        "ellipses.ellipse_2.ell_comps.ell_comps_1": 0.02736958795445,
                        "multipoles.2.multipole_1.multipole_comps.multipole_comps_0": -0.04039652818556,
                        "multipoles.2.multipole_1.multipole_comps.multipole_comps_1": 0.07286609349519,
                        "multipoles.2.multipole_3.multipole_comps.multipole_comps_0": 0.06418686422296,
                        "multipoles.2.multipole_3.multipole_comps.multipole_comps_1": 0.00216255357398,
                        "multipoles.2.multipole_4.multipole_comps.multipole_comps_0": -0.01222801475643,
                        "multipoles.2.multipole_4.multipole_comps.multipole_comps_1": 0.01710388988412,
                        "ellipses.ellipse_3.ell_comps.ell_comps_0": 0.08670295025547,
                        "ellipses.ellipse_3.ell_comps.ell_comps_1": 0.02849891033121,
                        "multipoles.3.multipole_1.multipole_comps.multipole_comps_0": -0.01094818267979,
                        "multipoles.3.multipole_1.multipole_comps.multipole_comps_1": -0.07491323555825,
                        "multipoles.3.multipole_3.multipole_comps.multipole_comps_0": 0.00031616214005,
                        "multipoles.3.multipole_3.multipole_comps.multipole_comps_1": 0.04102567448014,
                        "multipoles.3.multipole_4.multipole_comps.multipole_comps_0": -0.00593649837179,
                        "multipoles.3.multipole_4.multipole_comps.multipole_comps_1": 0.01653248353589,
                        "ellipses.ellipse_4.ell_comps.ell_comps_0": 0.13423285181991,
                        "ellipses.ellipse_4.ell_comps.ell_comps_1": 0.13851525601832,
                        "multipoles.4.multipole_1.multipole_comps.multipole_comps_0": 0.01598793996145,
                        "multipoles.4.multipole_1.multipole_comps.multipole_comps_1": -0.03387275750004,
                        "multipoles.4.multipole_3.multipole_comps.multipole_comps_0": -0.05494014059624,
                        "multipoles.4.multipole_3.multipole_comps.multipole_comps_1": -0.03684048555914,
                        "multipoles.4.multipole_4.multipole_comps.multipole_comps_0": -0.01167290984083,
                        "multipoles.4.multipole_4.multipole_comps.multipole_comps_1": -0.00799139459601
                    }
                }
            }
        },
        "model": null,
        "values_at_sigma_1": {
            "type": "list",
            "values": [
                {
                    "type": "tuple",
                    "values": [
                        -0.00102547904295,
                        0.002041124104952552
                    ]
                },
                {
                    "type": "tuple",
                    "values": [
                        0.0004066392344981692,
                        0.006839136718322042
                    ]
                },
                {
                    "type": "tuple",
                    "values": [
                        0.02005589797049,
                        0.034757179344373716
                    ]
                },
                {
                    "type": "tuple",
                    "values": [
                        0.01129805682034162,
                        0.0375446528626391
                    ]
                },
                {
                    "type": "tuple",
                    "values": [
                        -0.0018268103786243828,
                        0.0026946843670366508
                    ]
                },
                {
                    "type": "tuple",
                    "values": [
                        -0.0031192209363712247,
                        0.0013703022191736895
                    ]
                },
                {
                    "type": "tuple",
                    "values": [
                        0.00040535455971,
                        0.00508718367749
                    ]
                },
                {
                    "type": "tuple",
                    "values": [
                        -0.00170269834324,
                        0.0024372297928380578
                    ]
                },
                {
                    "type": "tuple",
                    "values": [
                        0.0006202329603486297,
                        0.0045295130137
                    ]
                },
                {
                    "type": "tuple",
                    "values": [
                        -0.006632007480287612,
                        -0.0034666484777462624
                    ]
                },
                {
                    "type": "tuple",
                    "values": [
                        0.04457572987840343,
                        0.056995828193379464
                    ]
                },
                {
                    "type": "tuple",
                    "values": [
                        0.051014678973332006,
                        0.06173058480610987
                    ]
                },
                {
                    "type": "tuple",
                    "values": [
                        -0.02539458462148,
                        -0.0104651014869
                    ]
                },
                {
                    "type": "tuple",
                    "values": [
                        0.00870371362478,
                        0.023381959523919884
                    ]
                },
                {
                    "type": "tuple",
                    "values": [
                        0.01323597707037,
                        0.0229629771301
                    ]
                },
                {
                    "type": "tuple",
                    "values": [
                        -0.021428206871869384,
                        -0.01095183915861
                    ]
                },
                {
                    "type": "tuple",
                    "values": [
                        0.01277858779587,
                        0.01976669657866
                    ]
                },
                {
                    "type": "tuple",
                    "values": [
                        -0.013079964598588336,
                        -0.0061225221745709515
                    ]
                },
                {
                    "type": "tuple",
                    "values": [
                        0.04754667087000067,
                        0.09748006007692
                    ]
                },
                {
                    "type": "tuple",
                    "values": [
                        0.01430075274835,
                        0.028698378565675378
                    ]
                },
                {
                    "type": "tuple",
                    "values": [
                        -0.058248955339556506,
                        -0.03340191294574359
                    ]
                },
                {
                    "type": "tuple",
                    "values": [
                        0.04858614214507,
                        0.07015477051249384
                    ]
                },
                {
                    "type": "tuple",
                    "values": [
                        0.043063974864732305,
                        0.0632347060280197
                    ]
                },
                {
                    "type": "tuple",
                    "values": [
                        -0.0185464798545414,
                        0.0022917595425017315
                    ]
                },
                {
                    "type": "tuple",
                    "values": [
                        -0.015797646251881542,
                        -0.007768630190959939
                    ]
                },
                {
                    "type": "tuple",
                    "values": [
                        -0.007867078695704667,
                        0.01608841619975
                    ]
                },
                {
                    "type": "tuple",
                    "values": [
                        0.07808774111807,
                        0.08707823096166205
                    ]
                },
                {
                    "type": "tuple",
                    "values": [
                        0.027071984537449603,
                        0.0576889323749
                    ]
                },
                {
                    "type": "tuple",
                    "values": [
                        -0.028019595203825066,
                        -8.753083147e-05
                    ]
                },
                {
                    "type": "tuple",
                    "values": [
                        -0.07126089462361647,
                        -0.05027379408197
                    ]
                },
                {
                    "type": "tuple",
                    "values": [
                        -0.00660864365881,
                        0.011740713148052629
                    ]
                },
                {
                    "type": "tuple",
                    "values": [
                        0.03359099602075734,
                        0.042423279642321725
                    ]
                },
                {
                    "type": "tuple",
                    "values": [
                        -0.013696062217968584,
                        -0.002301068016307564
                    ]
                },
                {
                    "type": "tuple",
                    "values": [
                        0.013065877834646168,
                        0.02736071373879
                    ]
                },
                {
                    "type": "tuple",
                    "values": [
                        0.13007398342309873,
                        0.1356312741814131
                    ]
                },
                {
                    "type": "tuple",
                    "values": [
                        0.13296298749378094,
                        0.13923610375491186
                    ]
                },
                {
                    "type": "tuple",
                    "values": [
                        -0.00694569355388,
                        0.019601074150042187
                    ]
                },
                {
                    "type": "tuple",
                    "values": [
                        -0.03170816883258156,
                        -0.014533080704655674
                    ]
                },
                {
                    "type": "tuple",
                    "values": [
                        -0.06105455292688,
                        -0.040205254330264985
                    ]
                },
                {
                    "type": "tuple",
                    "values": [
                        -0.0439112194733,
                        -0.034307990479572004
                    ]
                },
                {
                    "type": "tuple",
                    "values": [
                        -0.03594261206625841,
                        -0.009284593679210659
                    ]
                },
                {
                    "type": "tuple",
                    "values": [
                        -0.01364543297499,
                        0.0006978266534031046
                    ]
                }
            ]
        },
        "median_pdf_sample": {
            "type": "instance",
            "class_path": "autofit.non_linear.samples.sample.Sample",
            "arguments": {
                "log_likelihood": -122.81536516808713,
                "log_prior": 0.0,
                "weight": 0.0010711507977176466,
                "kwargs": {
                    "type": "dict",
                    "arguments": {
                        "ellipses.ellipse_4.centre.centre_0": 0.000654453343642477,
                        "ellipses.ellipse_4.centre.centre_1": 0.00331903991122,
                        "ellipses.ellipse_0.ell_comps.ell_comps_0": 0.02910798487873,
                        "ellipses.ellipse_0.ell_comps.ell_comps_1": 0.02760259123081,
                        "multipoles.0.multipole_1.multipole_comps.multipole_comps_0": 0.00034296781086791585,
                        "multipoles.0.multipole_1.multipole_comps.multipole_comps_1": -0.00056829025836,
                        "multipoles.0.multipole_3.multipole_comps.multipole_comps_0": 0.002733268986606996,
                        "multipoles.0.multipole_3.multipole_comps.multipole_comps_1": 0.0004737028242608414,
                        "multipoles.0.multipole_4.multipole_comps.multipole_comps_0": 0.00241973911042168,
                        "multipoles.0.multipole_4.multipole_comps.multipole_comps_1": -0.00497993278442926,
                        "ellipses.ellipse_1.ell_comps.ell_comps_0": 0.05034635196852041,
                        "ellipses.ellipse_1.ell_comps.ell_comps_1": 0.05657581004435,
                        "multipoles.1.multipole_1.multipole_comps.multipole_comps_0": -0.018537687258331964,
                        "multipoles.1.multipole_1.multipole_comps.multipole_comps_1": 0.01555123465032,
                        "multipoles.1.multipole_3.multipole_comps.multipole_comps_0": 0.01865171857589,
                        "multipoles.1.multipole_3.multipole_comps.multipole_comps_1": -0.01623940847273,
                        "multipoles.1.multipole_4.multipole_comps.multipole_comps_0": 0.016322379324430043,
                        "multipoles.1.multipole_4.multipole_comps.multipole_comps_1": -0.009169225990220882,
                        "ellipses.ellipse_2.ell_comps.ell_comps_0": 0.08104635497928796,
                        "ellipses.ellipse_2.ell_comps.ell_comps_1": 0.02177794436279,
                        "multipoles.2.multipole_1.multipole_comps.multipole_comps_0": -0.044071830758782515,
                        "multipoles.2.multipole_1.multipole_comps.multipole_comps_1": 0.05987780728815058,
                        "multipoles.2.multipole_3.multipole_comps.multipole_comps_0": 0.05417581848288,
                        "multipoles.2.multipole_3.multipole_comps.multipole_comps_1": -0.011232960180089178,
                        "multipoles.2.multipole_4.multipole_comps.multipole_comps_0": -0.0125129789459,
                        "multipoles.2.multipole_4.multipole_comps.multipole_comps_1": 0.0037116088808582534,
                        "ellipses.ellipse_3.ell_comps.ell_comps_0": 0.08344496437026,
                        "ellipses.ellipse_3.ell_comps.ell_comps_1": 0.03884549719324935,
                        "multipoles.3.multipole_1.multipole_comps.multipole_comps_0": -0.01159521684091,
                        "multipoles.3.multipole_1.multipole_comps.multipole_comps_1": -0.06157248652972,
                        "multipoles.3.multipole_3.multipole_comps.multipole_comps_0": 0.00271727938902,
                        "multipoles.3.multipole_3.multipole_comps.multipole_comps_1": 0.03827604908946425,
                        "multipoles.3.multipole_4.multipole_comps.multipole_comps_0": -0.008394733955286168,
                        "multipoles.3.multipole_4.multipole_comps.multipole_comps_1": 0.017910446992408686,
                        "ellipses.ellipse_4.ell_comps.ell_comps_0": 0.132652335359,
                        "ellipses.ellipse_4.ell_comps.ell_comps_1": 0.13726658066084735,
                        "multipoles.4.multipole_1.multipole_comps.multipole_comps_0": 0.00672138734807,
                        "multipoles.4.multipole_1.multipole_comps.multipole_comps_1": -0.024817702018261417,
                        "multipoles.4.multipole_3.multipole_comps.multipole_comps_0": -0.049434423986629804,
                        "multipoles.4.multipole_3.multipole_comps.multipole_comps_1": -0.03883982932272,
                        "multipoles.4.multipole_4.multipole_comps.multipole_comps_0": -0.023846225780245964,
                        "multipoles.4.multipole_4.multipole_comps.multipole_comps_1": -0.008155446745146872
                    }
                }
            }
        },
        "log_evidence": -182.38938112353546,
        "values_at_sigma_3": {
            "type": "list",
            "values": [
                {
                    "type": "tuple",
                    "values": [
                        -0.0036009011802604534,
                        0.0041558322791932605
                    ]
                },
                {
                    "type": "tuple",
                    "values": [
                        -0.005075304309418946,
                        0.009872116964442195
                    ]
                },
                {
                    "type": "tuple",
                    "values": [
                        0.004644464581197182,
                        0.04356823475802
                    ]
                },
                {
                    "type": "tuple",
                    "values": [
                        -0.00313754227256,
                        0.04735519523564352
                    ]
                },
                {
                    "type": "tuple",
                    "values": [
                        -0.00612627532898,
                        0.005583438896362179
                    ]
                },
                {
                    "type": "tuple",
                    "values": [
                        -0.006584857388354416,
                        0.004769647927437017
                    ]
                },
                {
                    "type": "tuple",
                    "values": [
                        -0.00293512324055,
                        0.008832762837106769
                    ]
                },
                {
                    "type": "tuple",
                    "values": [
                        -0.006350282937328127,
                        0.005346914119984463
                    ]
                },
                {
                    "type": "tuple",
                    "values": [
                        -0.00384423108924,
                        0.00747161436227
                    ]
                },
                {
                    "type": "tuple",
                    "values": [
                        -0.009341698691356613,
                        0.00018032524984674947
                    ]
                },
                {
                    "type": "tuple",
                    "values": [
                        0.03054881504599717,
                        0.06569376008599556
                    ]
                },
                {
                    "type": "tuple",
                    "values": [
                        0.04106386602999,
                        0.07201158266486389
                    ]
                },
                {
                    "type": "tuple",
                    "values": [
                        -0.036471408052316155,
                        0.00540879766819
                    ]
                },
                {
                    "type": "tuple",
                    "values": [
                        -0.001352975453501838,
                        0.04961649023574
                    ]
                },
                {
                    "type": "tuple",
                    "values": [
                        0.0036463846920129646,
                        0.030919863426846984
                    ]
                },
                {
                    "type": "tuple",
                    "values": [
                        -0.03203028888637835,
                        -0.0022909635736
                    ]
                },
                {
                    "type": "tuple",
                    "values": [
                        -0.00151672011056,
                        0.02612289721836
                    ]
                },
                {
                    "type": "tuple",
                    "values": [
                        -0.01911056037179,
                        0.0028369916655830284
                    ]
                },
                {
                    "type": "tuple",
                    "values": [
                        0.026343185552283245,
                        0.1202361506955116
                    ]
                },
                {
                    "type": "tuple",
                    "values": [
                        -0.006485342784325367,
                        0.0392945910496
                    ]
                },
                {
                    "type": "tuple",
                    "values": [
                        -0.10309541074511969,
                        -0.013136531117642453
                    ]
                },
                {
                    "type": "tuple",
                    "values": [
                        0.025859008003743255,
                        0.08696122462939
                    ]
                },
                {
                    "type": "tuple",
                    "values": [
                        0.02951423490033,
                        0.07647089090549
                    ]
                },
                {
                    "type": "tuple",
                    "values": [
                        -0.037823634278643735,
                        0.01686453935429
                    ]
                },
                {
                    "type": "tuple",
                    "values": [
                        -0.023134561037656633,
                        0.0021140757846863476
                    ]
                },
                {
                    "type": "tuple",
                    "values": [
                        -0.04064885210137,
                        0.031780800549465686
                    ]
                },
                {
                    "type": "tuple",
                    "values": [
                        0.07270355401019,
                        0.09729075418645
                    ]
                },
                {
                    "type": "tuple",
                    "values": [
                        -0.0007635883386479667,
                        0.06928612404651
                    ]
                },
                {
                    "type": "tuple",
                    "values": [
                        -0.05388944580187999,
                        0.02013363641936
                    ]
                },
                {
                    "type": "tuple",
                    "values": [
                        -0.08330011557263198,
                        -0.031243993269227922
                    ]
                },
                {
                    "type": "tuple",
                    "values": [
                        -0.022956131047503506,
                        0.03197827439213
                    ]
                },
                {
                    "type": "tuple",
                    "values": [
                        0.025779532836694923,
                        0.0525923586663766
                    ]
                },
                {
                    "type": "tuple",
                    "values": [
                        -0.0268318730899,
                        0.01115618484029259
                    ]
                },
                {
                    "type": "tuple",
                    "values": [
                        -0.0043934402334106235,
                        0.040769554226363566
                    ]
                },
                {
                    "type": "tuple",
                    "values": [
                        0.08847958889913,
                        0.16603336071044
                    ]
                },
                {
                    "type": "tuple",
                    "values": [
                        0.09486125773543,
                        0.16219076786133757
                    ]
                },
                {
                    "type": "tuple",
                    "values": [
                        -0.02177533518743457,
                        0.04723998086702787
                    ]
                },
                {
                    "type": "tuple",
                    "values": [
                        -0.04159268200111235,
                        -0.00046563695618
                    ]
                },
                {
                    "type": "tuple",
                    "values": [
                        -0.07781752012885,
                        -0.02178315020594
                    ]
                },
                {
                    "type": "tuple",
                    "values": [
                        -0.05223925086886146,
                        -0.02629733289216
                    ]
                },
                {
                    "type": "tuple",
                    "values": [
                        -0.06460915522087,
                        0.01299826297842543
                    ]
                },
                {
                    "type": "tuple",
                    "values": [
                        -0.02234125065359,
                        0.01813477168258589
                    ]
                }
            ]
        },
        "errors_at_sigma_1": {
            "type": "list",
            "values": [
                {
                    "type": "tuple",
                    "values": [
                        0.001679932386592477,
                        0.0013866707613100749
                    ]
                },
                {
                    "type": "tuple",
                    "values": [
                        0.002912400676721831,
                        0.003520096807102042
                    ]
                },
                {
                    "type": "tuple",
                    "values": [
                        0.009052086908239998,
                        0.005649194465643718
                    ]
                },
                {
                    "type": "tuple",
                    "values": [
                        0.016304534410468377,
                        0.009942061631829098
                    ]
                },
                {
                    "type": "tuple",
                    "values": [
                        0.002169778189492299,
                        0.002351716556168735
                    ]
                },
                {
                    "type": "tuple",
                    "values": [
                        0.0025509306780112247,
                        0.0019385924775336895
                    ]
                },
                {
                    "type": "tuple",
                    "values": [
                        0.002327914426896996,
                        0.0023539146908830044
                    ]
                },
                {
                    "type": "tuple",
                    "values": [
                        0.0021764011675008414,
                        0.0019635269685772164
                    ]
                },
                {
                    "type": "tuple",
                    "values": [
                        0.00179950615007305,
                        0.0021097739032783203
                    ]
                },
                {
                    "type": "tuple",
                    "values": [
                        0.0016520746958583526,
                        0.0015132843066829973
                    ]
                },
                {
                    "type": "tuple",
                    "values": [
                        0.005770622090116979,
                        0.006649476224859056
                    ]
                },
                {
                    "type": "tuple",
                    "values": [
                        0.005561131071017994,
                        0.005154774761759871
                    ]
                },
                {
                    "type": "tuple",
                    "values": [
                        0.006856897363148037,
                        0.008072585771431964
                    ]
                },
                {
                    "type": "tuple",
                    "values": [
                        0.0068475210255399994,
                        0.007830724873599884
                    ]
                },
                {
                    "type": "tuple",
                    "values": [
                        0.005415741505520001,
                        0.004311258554209999
                    ]
                },
                {
                    "type": "tuple",
                    "values": [
                        0.005188798399139383,
                        0.0052875693141200015
                    ]
                },
                {
                    "type": "tuple",
                    "values": [
                        0.003543791528560044,
                        0.0034443172542299554
                    ]
                },
                {
                    "type": "tuple",
                    "values": [
                        0.003910738608367454,
                        0.003046703815649931
                    ]
                },
                {
                    "type": "tuple",
                    "values": [
                        0.03349968410928729,
                        0.016433705097632048
                    ]
                },
                {
                    "type": "tuple",
                    "values": [
                        0.00747719161444,
                        0.006920434202885378
                    ]
                },
                {
                    "type": "tuple",
                    "values": [
                        0.01417712458077399,
                        0.010669917813038922
                    ]
                },
                {
                    "type": "tuple",
                    "values": [
                        0.011291665143080575,
                        0.010276963224343266
                    ]
                },
                {
                    "type": "tuple",
                    "values": [
                        0.011111843618147696,
                        0.009058887545139699
                    ]
                },
                {
                    "type": "tuple",
                    "values": [
                        0.0073135196744522225,
                        0.01352471972259091
                    ]
                },
                {
                    "type": "tuple",
                    "values": [
                        0.003284667305981542,
                        0.004744348754940061
                    ]
                },
                {
                    "type": "tuple",
                    "values": [
                        0.01157868757656292,
                        0.012376807318891746
                    ]
                },
                {
                    "type": "tuple",
                    "values": [
                        0.005357223252189999,
                        0.0036332665914020484
                    ]
                },
                {
                    "type": "tuple",
                    "values": [
                        0.011773512655799744,
                        0.01884343518165065
                    ]
                },
                {
                    "type": "tuple",
                    "values": [
                        0.016424378362915066,
                        0.01150768600944
                    ]
                },
                {
                    "type": "tuple",
                    "values": [
                        0.00968840809389647,
                        0.011298692447750003
                    ]
                },
                {
                    "type": "tuple",
                    "values": [
                        0.00932592304783,
                        0.00902343375903263
                    ]
                },
                {
                    "type": "tuple",
                    "values": [
                        0.00468505306870691,
                        0.004147230552857477
                    ]
                },
                {
                    "type": "tuple",
                    "values": [
                        0.005301328262682417,
                        0.006093665938978603
                    ]
                },
                {
                    "type": "tuple",
                    "values": [
                        0.004844569157762518,
                        0.009450266746381313
                    ]
                },
                {
                    "type": "tuple",
                    "values": [
                        0.0025783519359012796,
                        0.0029789388224130964
                    ]
                },
                {
                    "type": "tuple",
                    "values": [
                        0.004303593167066411,
                        0.001969523094064507
                    ]
                },
                {
                    "type": "tuple",
                    "values": [
                        0.013667080901949999,
                        0.012879686801972188
                    ]
                },
                {
                    "type": "tuple",
                    "values": [
                        0.006890466814320144,
                        0.010284621313605743
                    ]
                },
                {
                    "type": "tuple",
                    "values": [
                        0.011620128940250198,
                        0.009229169656364819
                    ]
                },
                {
                    "type": "tuple",
                    "values": [
                        0.005071390150579995,
                        0.004531838843147999
                    ]
                },
                {
                    "type": "tuple",
                    "values": [
                        0.012096386286012444,
                        0.014561632101035305
                    ]
                },
                {
                    "type": "tuple",
                    "values": [
                        0.005489986229843128,
                        0.008853273398549976
                    ]
                }
            ]
        }
    }
}