{
    "type": "instance",
    "class_path": "autofit.non_linear.samples.summary.SamplesSummary",
    "arguments": {
        "max_log_likelihood_sample": {
            "type": "instance",
            "class_path": "autofit.non_linear.samples.sample.Sample",
            "arguments": {
                "log_likelihood": -23.173797849867906,
                "log_prior": 0.0,
                "weight": 0.0010210924869682046,
                "kwargs": {
                    "type": "dict",
                    "arguments": {
                        "ellipses.0.ell_comps.ell_comps_0": 0.08587054883094,
                        "ellipses.0.ell_comps.ell_comps_1": 0.04120910935526,
                        "multipoles.0.multipole_3.multipole_comps.multipole_comps_0": -0.00102185531541,
                        "multipoles.0.multipole_3.multipole_comps.multipole_comps_1": 0.00060954165618,
                        "multipoles.0.multipole_4.multipole_comps.multipole_comps_0": -0.01853590131664,
                        "multipoles.0.multipole_4.multipole_comps.multipole_comps_1": -0.01953907972802
                    }
                }
            }
        },
        "model": null,
        "median_pdf_sample": {
            "type": "instance",
            "class_path": "autofit.non_linear.samples.sample.Sample",
            "arguments": {
                "log_likelihood": -23.173797849867906,
                "log_prior": 0.0,
                "weight": 0.0010210924869682046,
                "kwargs": {
                    "type": "dict",
                    "arguments": {
                        "ellipses.0.ell_comps.ell_comps_0": 0.08114466092114553,
                        "ellipses.0.ell_comps.ell_comps_1": 0.04274331222622789,
                        "multipoles.0.multipole_3.multipole_comps.multipole_comps_0": -0.01053718605422,
                        "multipoles.0.multipole_3.multipole_comps.multipole_comps_1": 3.239660923e-05,
                        "multipoles.0.multipole_4.multipole_comps.multipole_comps_0": -0.022185052931612118,
                        "multipoles.0.multipole_4.multipole_comps.multipole_comps_1": -0.009053757362586963
                    }
                }
            }
        },
        "errors_at_sigma_3": {
            "type": "list",
            "values": [
                {
                    "type": "tuple",
                    "values": [
                        0.015552295539471864,
                        0.011671482927790591
                    ]
                },
                {
                    "type": "tuple",
                    "values": [
                        0.015117670848152822,
                        0.026964885598942112
                    ]
                },
                {
                    "type": "tuple",
                    "values": [
                        0.03746457510947455,
                        0.04039635675961061
                    ]
                },
                {
                    "type": "tuple",
                    "values": [
                        0.04020288275077105,
                        0.03766720675183797
                    ]
                },
                {
                    "type": "tuple",
                    "values": [
                        0.02770868376212788,
                        0.06330429416031154
                    ]
                },
                {
                    "type": "tuple",
                    "values": [
                        0.05072020790154232,
                        0.059210348553256964
                    ]
                }
            ]
        },
        "values_at_sigma_1": {
            "type": "list",
            "values": [
                {
                    "type": "tuple",
                    "values": [
                        0.07507302778626,
                        0.08549537686309194
                    ]
                },
                {
                    "type": "tuple",
                    "values": [
                        0.03820778057393721,
                        0.04827384056264
                    ]
                },
                {
                    "type": "tuple",
                    "values": [
                        -0.024346784685755234,
                        0.00628091052861
                    ]
                },
                {
                    "type": "tuple",
                    "values": [
                        -0.01519719885907,
                        0.0107040765917
                    ]
                },
                {
                    "type": "tuple",
                    "values": [
                        -0.030497247954959242,
                        -0.00825902044764
                    ]
                },
                {
                    "type": "tuple",
                    "values": [
                        -0.024447237694983054,
                        0.012924706292183334
                    ]
                }
            ]
        },
        "log_evidence": -40.9285044974968,
        "values_at_sigma_3": {
            "type": "list",
            "values": [
                {
                    "type": "tuple",
                    "values": [
                        0.06559236538167366,
                        0.09281614384893612
                    ]
                },
                {
                    "type": "tuple",
                    "values": [
                        0.027625641378075067,
                        0.06970819782517
                    ]
                },
                {
                    "type": "tuple",
                    "values": [
                        -0.04800176116369455,
                        0.02985917070539061
                    ]
                },
                {
                    "type": "tuple",
                    "values": [
                        -0.040170486141541055,
                        0.037699603361067965
                    ]
                },
                {
                    "type": "tuple",
                    "values": [
                        -0.04989373669374,
                        0.04111924122869942
                    ]
                },
                {
                    "type": "tuple",
                    "values": [
                        -0.059773965264129286,
                        0.05015659119067
                    ]
                }
            ]
        },
        "errors_at_sigma_1": {
            "type": "list",
            "values": [
                {
                    "type": "tuple",
                    "values": [
                        0.006071633134885526,
                        0.004350715941946415
                    ]
                },
                {
                    "type": "tuple",
                    "values": [
                        0.004535531652290682,
                        0.005530528336412113
                    ]
                },
                {
                    "type": "tuple",
                    "values": [
                        0.013809598631535233,
                        0.01681809658283
                    ]
                },
                {
                    "type": "tuple",
                    "values": [
                        0.0152295954683,
                        0.01067167998247
                    ]
                },
                {
                    "type": "tuple",
                    "values": [
                        0.008312195023347124,
                        0.013926032483972117
                    ]
                },
                {
                    "type": "tuple",
                    "values": [
                        0.015393480332396091,
                        0.021978463654770297
                    ]
                }
            ]
        }
    }
}