{
    "type": "instance",
    "class_path": "autofit.non_linear.samples.summary.SamplesSummary",
    "arguments": {
        "values_at_sigma_3": {
            "type": "list",
            "values": [
                {
                    "type": "tuple",
                    "values": [
                        0.046925399745496525,
                        0.06639421853305906
                    ]
                },
                {
                    "type": "tuple",
                    "values": [
                        -0.09168413526493091,
                        -0.06279040317767041
                    ]
                },
                {
                    "type": "tuple",
                    "values": [
                        1.7890547906359473,
                        1.8113862183556872
                    ]
                },
                {
                    "type": "tuple",
                    "values": [
                        -0.02290012899784111,
                        0.004424321295869253
                    ]
                },
                {
                    "type": "tuple",
                    "values": [
                        -0.002926222434172044,
                        0.017392453027937068
                    ]
                },
                {
                    "type": "tuple",
                    "values": [
                        1.9385590364468337,
                        2.0786246102807975
                    ]
                },
                {
                    "type": "tuple",
                    "values": [
                        -0.01917251858042914,
                        -0.0010096369912555205
                    ]
                },
                {
                    "type": "tuple",
                    "values": [
                        0.012931656743356926,
                        0.020039337098653267
                    ]
                }
            ]
        },
        "model": null,
        "errors_at_sigma_1": {
            "type": "list",
            "values": [
                {
                    "type": "tuple",
                    "values": [
                        0.0028365476003175613,
                        0.003211541300202868
                    ]
                },
                {
                    "type": "tuple",
                    "values": [
                        0.002422730925971478,
                        0.0029246703711809374
                    ]
                },
                {
                    "type": "tuple",
                    "values": [
                        0.003920080981704599,
                        0.0033646052356459677
                    ]
                },
                {
                    "type": "tuple",
                    "values": [
                        0.003116337835723248,
                        0.003309697414534389
                    ]
                },
                {
                    "type": "tuple",
                    "values": [
                        0.005055434510026881,
                        0.003640574100670458
                    ]
                },
                {
                    "type": "tuple",
                    "values": [
                        0.027077511597056514,
                        0.02474744591749367
                    ]
                },
                {
                    "type": "tuple",
                    "values": [
                        0.002347197243328363,
                        0.002676528363185089
                    ]
                },
                {
                    "type": "tuple",
                    "values": [
                        0.0009890824426144612,
                        0.001076448539389152
                    ]
                }
            ]
        },
        "max_log_likelihood_sample": {
            "type": "instance",
            "class_path": "autofit.non_linear.samples.sample.Sample",
            "arguments": {
                "log_likelihood": 49876.263353091534,
                "log_prior": 0.1573574540100108,
                "weight": 5.241740468780271e-05,
                "kwargs": {
                    "type": "dict",
                    "arguments": {
                        "galaxies.lens.mass.ell_comps.ell_comps_0": 0.06323668775736546,
                        "galaxies.lens.mass.ell_comps.ell_comps_1": -0.08165697998211442,
                        "galaxies.lens.mass.einstein_radius": 1.8092751297560954,
                        "galaxies.lens.mass.centre.centre_0": -0.00907526409330824,
                        "galaxies.lens.mass.centre.centre_1": 0.007151538224103472,
                        "galaxies.lens.mass.slope": 2.07008823260601,
                        "galaxies.lens.shear.gamma_1": -0.00865540809757,
                        "galaxies.lens.shear.gamma_2": 0.01767422951372
                    }
                }
            }
        },
        "log_evidence": 49828.08543860827,
        "median_pdf_sample": {
            "type": "instance",
            "class_path": "autofit.non_linear.samples.sample.Sample",
            "arguments": {
                "log_likelihood": 49876.263353091534,
                "log_prior": 0.1573574540100108,
                "weight": 5.241740468780271e-05,
                "kwargs": {
                    "type": "dict",
                    "arguments": {
                        "galaxies.lens.mass.ell_comps.ell_comps_0": 0.05780800985016815,
                        "galaxies.lens.mass.ell_comps.ell_comps_1": -0.08090747921349095,
                        "galaxies.lens.mass.einstein_radius": 1.8038750712366074,
                        "galaxies.lens.mass.centre.centre_0": -0.007908508150761577,
                        "galaxies.lens.mass.centre.centre_1": 0.006247719657705574,
                        "galaxies.lens.mass.slope": 2.0303445487939866,
                        "galaxies.lens.shear.gamma_1": -0.011445561672305598,
                        "galaxies.lens.shear.gamma_2": 0.01681180987243589
                    }
                }
            }
        },
        "values_at_sigma_1": {
            "type": "list",
            "values": [
                {
                    "type": "tuple",
                    "values": [
                        0.05497146224985059,
                        0.06101955115037102
                    ]
                },
                {
                    "type": "tuple",
                    "values": [
                        -0.08333021013946243,
                        -0.07798280884231001
                    ]
                },
                {
                    "type": "tuple",
                    "values": [
                        1.7999549902549028,
                        1.8072396764722534
                    ]
                },
                {
                    "type": "tuple",
                    "values": [
                        -0.011024845986484825,
                        -0.004598810736227188
                    ]
                },
                {
                    "type": "tuple",
                    "values": [
                        0.0011922851476786922,
                        0.009888293758376032
                    ]
                },
                {
                    "type": "tuple",
                    "values": [
                        2.00326703719693,
                        2.0550919947114803
                    ]
                },
                {
                    "type": "tuple",
                    "values": [
                        -0.013792758915633961,
                        -0.00876903330912051
                    ]
                },
                {
                    "type": "tuple",
                    "values": [
                        0.01582272742982143,
                        0.017888258411825043
                    ]
                }
            ]
        },
        "errors_at_sigma_3": {
            "type": "list",
            "values": [
                {
                    "type": "tuple",
                    "values": [
                        0.010882610104671626,
                        0.008586208682890908
                    ]
                },
                {
                    "type": "tuple",
                    "values": [
                        0.010776656051439959,
                        0.018117076035820537
                    ]
                },
                {
                    "type": "tuple",
                    "values": [
                        0.014820280600660096,
                        0.007511147119079853
                    ]
                },
                {
                    "type": "tuple",
                    "values": [
                        0.014991620847079534,
                        0.01233282944663083
                    ]
                },
                {
                    "type": "tuple",
                    "values": [
                        0.009173942091877618,
                        0.011144733370231495
                    ]
                },
                {
                    "type": "tuple",
                    "values": [
                        0.09178551234715293,
                        0.048280061486810855
                    ]
                },
                {
                    "type": "tuple",
                    "values": [
                        0.00772695690812354,
                        0.010435924681050078
                    ]
                },
                {
                    "type": "tuple",
                    "values": [
                        0.0038801531290789653,
                        0.0032275272262173756
                    ]
                }
            ]
        }
    }
}