{
    "type": "instance",
    "class_path": "autofit.non_linear.samples.summary.SamplesSummary",
    "arguments": {
        "max_log_likelihood_sample": {
            "type": "instance",
            "class_path": "autofit.non_linear.samples.sample.Sample",
            "arguments": {
                "log_likelihood": -28.98751520497137,
                "log_prior": 0.0,
                "weight": 0.00104423159245578,
                "kwargs": {
                    "type": "dict",
                    "arguments": {
                        "ellipses.0.ell_comps.ell_comps_0": -0.07377797389181,
                        "ellipses.0.ell_comps.ell_comps_1": -0.0418411389658,
                        "multipoles.0.multipole_1.multipole_comps.multipole_comps_0": 0.0495981867474,
                        "multipoles.0.multipole_1.multipole_comps.multipole_comps_1": -0.00768254880093,
                        "multipoles.0.multipole_3.multipole_comps.multipole_comps_0": -0.02807271974576,
                        "multipoles.0.multipole_3.multipole_comps.multipole_comps_1": -0.06503680780548,
                        "multipoles.0.multipole_4.multipole_comps.multipole_comps_0": 0.01296935870753,
                        "multipoles.0.multipole_4.multipole_comps.multipole_comps_1": 0.03118988059905
                    }
                }
            }
        },
        "log_evidence": -51.8973715583435,
        "values_at_sigma_3": {
            "type": "list",
            "values": [
                {
                    "type": "tuple",
                    "values": [
                        -0.08273363983973121,
                        -0.04073930250401124
                    ]
                },
                {
                    "type": "tuple",
                    "values": [
                        -0.0611217227481359,
                        -0.01907429623107
                    ]
                },
                {
                    "type": "tuple",
                    "values": [
                        -0.03636408966613001,
                        0.12263017391056104
                    ]
                },
                {
                    "type": "tuple",
                    "values": [
                        -0.05804073835305,
                        0.051525443745038625
                    ]
                },
                {
                    "type": "tuple",
                    "values": [
                        -0.09035419267462,
                        0.018784045524411565
                    ]
                },
                {
                    "type": "tuple",
                    "values": [
                        -0.09851265870790155,
                        0.030756186145905636
                    ]
                },
                {
                    "type": "tuple",
                    "values": [
                        -0.0423324466315119,
                        0.08125215657904
                    ]
                },
                {
                    "type": "tuple",
                    "values": [
                        -0.04812203960857,
                        0.09721917521517
                    ]
                }
            ]
        },
        "errors_at_sigma_1": {
            "type": "list",
            "values": [
                {
                    "type": "tuple",
                    "values": [
                        0.0038444820673123464,
                        0.006628174579455845
                    ]
                },
                {
                    "type": "tuple",
                    "values": [
                        0.005936476778637338,
                        0.005796960120522332
                    ]
                },
                {
                    "type": "tuple",
                    "values": [
                        0.028073444506485145,
                        0.02555378850479486
                    ]
                },
                {
                    "type": "tuple",
                    "values": [
                        0.014627343851565573,
                        0.021531994449409814
                    ]
                },
                {
                    "type": "tuple",
                    "values": [
                        0.021416752684972708,
                        0.016892392646778
                    ]
                },
                {
                    "type": "tuple",
                    "values": [
                        0.02034121844382448,
                        0.022978326793296817
                    ]
                },
                {
                    "type": "tuple",
                    "values": [
                        0.017282021956615354,
                        0.016449452369924646
                    ]
                },
                {
                    "type": "tuple",
                    "values": [
                        0.021540161807568084,
                        0.02066492836301228
                    ]
                }
            ]
        },
        "values_at_sigma_1": {
            "type": "list",
            "values": [
                {
                    "type": "tuple",
                    "values": [
                        -0.07765730041888007,
                        -0.06718464377211188
                    ]
                },
                {
                    "type": "tuple",
                    "values": [
                        -0.04912058277739734,
                        -0.03738714587823767
                    ]
                },
                {
                    "type": "tuple",
                    "values": [
                        0.02015035417659,
                        0.07377758718787
                    ]
                },
                {
                    "type": "tuple",
                    "values": [
                        -0.02611677215253,
                        0.010042566148445389
                    ]
                },
                {
                    "type": "tuple",
                    "values": [
                        -0.05864454923208,
                        -0.020335403900329292
                    ]
                },
                {
                    "type": "tuple",
                    "values": [
                        -0.06768829473356411,
                        -0.024368749496442813
                    ]
                },
                {
                    "type": "tuple",
                    "values": [
                        0.00157002913998,
                        0.03530150346652
                    ]
                },
                {
                    "type": "tuple",
                    "values": [
                        5.3860363451917484e-05,
                        0.04225895053403228
                    ]
                }
            ]
        },
        "errors_at_sigma_3": {
            "type": "list",
            "values": [
                {
                    "type": "tuple",
                    "values": [
                        0.008920821488163491,
                        0.03307351584755648
                    ]
                },
                {
                    "type": "tuple",
                    "values": [
                        0.017937616749375898,
                        0.024109809767689998
                    ]
                },
                {
                    "type": "tuple",
                    "values": [
                        0.08458788834920515,
                        0.07440637522748589
                    ]
                },
                {
                    "type": "tuple",
                    "values": [
                        0.04655131005208557,
                        0.06301487204600305
                    ]
                },
                {
                    "type": "tuple",
                    "values": [
                        0.05312639612751271,
                        0.05601184207151885
                    ]
                },
                {
                    "type": "tuple",
                    "values": [
                        0.051165582418161916,
                        0.07810326243564526
                    ]
                },
                {
                    "type": "tuple",
                    "values": [
                        0.06118449772810726,
                        0.06240010548244465
                    ]
                },
                {
                    "type": "tuple",
                    "values": [
                        0.06971606177959,
                        0.07562515304414999
                    ]
                }
            ]
        },
        "median_pdf_sample": {
            "type": "instance",
            "class_path": "autofit.non_linear.samples.sample.Sample",
            "arguments": {
                "log_likelihood": -28.98751520497137,
                "log_prior": 0.0,
                "weight": 0.00104423159245578,
                "kwargs": {
                    "type": "dict",
                    "arguments": {
                        "ellipses.0.ell_comps.ell_comps_0": -0.07381281835156772,
                        "ellipses.0.ell_comps.ell_comps_1": -0.04318410599876,
                        "multipoles.0.multipole_1.multipole_comps.multipole_comps_0": 0.04822379868307514,
                        "multipoles.0.multipole_1.multipole_comps.multipole_comps_1": -0.011489428300964426,
                        "multipoles.0.multipole_3.multipole_comps.multipole_comps_0": -0.03722779654710729,
                        "multipoles.0.multipole_3.multipole_comps.multipole_comps_1": -0.04734707628973963,
                        "multipoles.0.multipole_4.multipole_comps.multipole_comps_0": 0.018852051096595355,
                        "multipoles.0.multipole_4.multipole_comps.multipole_comps_1": 0.02159402217102
                    }
                }
            }
        },
        "model": null
    }
}