{
    "type": "instance",
    "class_path": "autofit.non_linear.samples.summary.SamplesSummary",
    "arguments": {
        "errors_at_sigma_1": {
            "type": "list",
            "values": [
                {
                    "type": "tuple",
                    "values": [
                        0.0009723276509133738,
                        0.000950611000265833
                    ]
                },
                {
                    "type": "tuple",
                    "values": [
                        0.0009583196525416171,
                        0.0010166676894321491
                    ]
                },
                {
                    "type": "tuple",
                    "values": [
                        0.0007837878894472092,
                        0.0006738994631310311
                    ]
                },
                {
                    "type": "tuple",
                    "values": [
                        0.0007159170129371977,
                        0.0007415393913783487
                    ]
                },
                {
                    "type": "tuple",
                    "values": [
                        0.0007199171999700011,
                        0.0007072278551999989
                    ]
                },
                {
                    "type": "tuple",
                    "values": [
                        0.0008005097989499999,
                        0.0009523799527641668
                    ]
                }
            ]
        },
        "max_log_likelihood_sample": {
            "type": "instance",
            "class_path": "autofit.non_linear.samples.sample.Sample",
            "arguments": {
                "log_likelihood": -254.88293782499878,
                "log_prior": 0.0,
                "weight": 0.0009817553358456097,
                "kwargs": {
                    "type": "dict",
                    "arguments": {
                        "ellipses.0.ell_comps.ell_comps_0": -0.23661083039052,
                        "ellipses.0.ell_comps.ell_comps_1": -0.24970883240172,
                        "multipoles.0.multipole_3.multipole_comps.multipole_comps_0": 0.00014894095406,
                        "multipoles.0.multipole_3.multipole_comps.multipole_comps_1": 0.00103191434091,
                        "multipoles.0.multipole_4.multipole_comps.multipole_comps_0": -0.0094340189152,
                        "multipoles.0.multipole_4.multipole_comps.multipole_comps_1": 0.00369372489571
                    }
                }
            }
        },
        "model": null,
        "log_evidence": -285.04695349036837,
        "values_at_sigma_3": {
            "type": "list",
            "values": [
                {
                    "type": "tuple",
                    "values": [
                        -0.23949502322317,
                        -0.233501793797285
                    ]
                },
                {
                    "type": "tuple",
                    "values": [
                        -0.2526109477201382,
                        -0.24726515945379385
                    ]
                },
                {
                    "type": "tuple",
                    "values": [
                        -0.0016229414866176764,
                        0.00241951687812
                    ]
                },
                {
                    "type": "tuple",
                    "values": [
                        -0.0010155059452332143,
                        0.0029546953441710855
                    ]
                },
                {
                    "type": "tuple",
                    "values": [
                        -0.012088909294744736,
                        -0.007295281195973931
                    ]
                },
                {
                    "type": "tuple",
                    "values": [
                        0.00099353897968,
                        0.00608613489762095
                    ]
                }
            ]
        },
        "values_at_sigma_1": {
            "type": "list",
            "values": [
                {
                    "type": "tuple",
                    "values": [
                        -0.23738182881922218,
                        -0.23545889016804297
                    ]
                },
                {
                    "type": "tuple",
                    "values": [
                        -0.2511332407705416,
                        -0.24915825342856784
                    ]
                },
                {
                    "type": "tuple",
                    "values": [
                        -0.00041963133137824045,
                        0.0010380560212
                    ]
                },
                {
                    "type": "tuple",
                    "values": [
                        0.00010325850051090779,
                        0.0015607149048264542
                    ]
                },
                {
                    "type": "tuple",
                    "values": [
                        -0.01036590259931,
                        -0.00893875754414
                    ]
                },
                {
                    "type": "tuple",
                    "values": [
                        0.00269108053787,
                        0.004443970289584167
                    ]
                }
            ]
        },
        "errors_at_sigma_3": {
            "type": "list",
            "values": [
                {
                    "type": "tuple",
                    "values": [
                        0.003085522054861206,
                        0.0029077073710238044
                    ]
                },
                {
                    "type": "tuple",
                    "values": [
                        0.002436026602138208,
                        0.0029097616642061452
                    ]
                },
                {
                    "type": "tuple",
                    "values": [
                        0.001987098044686645,
                        0.0020553603200510312
                    ]
                },
                {
                    "type": "tuple",
                    "values": [
                        0.0018346814586813198,
                        0.00213551983072298
                    ]
                },
                {
                    "type": "tuple",
                    "values": [
                        0.002442923895404736,
                        0.0023507042033660682
                    ]
                },
                {
                    "type": "tuple",
                    "values": [
                        0.00249805135714,
                        0.00259454456080095
                    ]
                }
            ]
        },
        "median_pdf_sample": {
            "type": "instance",
            "class_path": "autofit.non_linear.samples.sample.Sample",
            "arguments": {
                "log_likelihood": -254.88293782499878,
                "log_prior": 0.0,
                "weight": 0.0009817553358456097,
                "kwargs": {
                    "type": "dict",
                    "arguments": {
                        "ellipses.0.ell_comps.ell_comps_0": -0.2364095011683088,
                        "ellipses.0.ell_comps.ell_comps_1": -0.250174921118,
                        "multipoles.0.multipole_3.multipole_comps.multipole_comps_0": 0.00036415655806896883,
                        "multipoles.0.multipole_3.multipole_comps.multipole_comps_1": 0.0008191755134481054,
                        "multipoles.0.multipole_4.multipole_comps.multipole_comps_0": -0.00964598539934,
                        "multipoles.0.multipole_4.multipole_comps.multipole_comps_1": 0.00349159033682
                    }
                }
            }
        }
    }
}