{
    "type": "collection",
    "arguments": {
        "ellipses": {
            "type": "collection",
            "arguments": {
                "0": {
                    "type": "instance",
                    "class_path": "autogalaxy.ellipse.ellipse.ellipse.Ellipse",
                    "arguments": {
                        "centre": {
                            "type": "tuple",
                            "values": [
                                0.00527340622666,
                                -0.00511120384897
                            ]
                        },
                        "major_axis": 0.25,
                        "ell_comps": {
                            "type": "tuple",
                            "values": [
                                0.0906028082498,
                                -0.0644621634412
                            ]
                        }
                    }
                },
                "1": {
                    "type": "instance",
                    "class_path": "autogalaxy.ellipse.ellipse.ellipse.Ellipse",
                    "arguments": {
                        "centre": {
                            "type": "tuple",
                            "values": [
                                0.00527340622666,
                                -0.00511120384897
                            ]
                        },
                        "major_axis": 0.5,
                        "ell_comps": {
                            "type": "tuple",
                            "values": [
                                0.13694218659509,
                                -0.07880896273438
                            ]
                        }
                    }
                },
                "2": {
                    "type": "instance",
                    "class_path": "autogalaxy.ellipse.ellipse.ellipse.Ellipse",
                    "arguments": {
                        "centre": {
                            "type": "tuple",
                            "values": [
                                0.00527340622666,
                                -0.00511120384897
                            ]
                        },
                        "major_axis": 0.75,
                        "ell_comps": {
                            "type": "tuple",
                            "values": [
                                0.15363124236286,
                                -0.02155181053842
                            ]
                        }
                    }
                },
                "3": {
                    "type": "instance",
                    "class_path": "autogalaxy.ellipse.ellipse.ellipse.Ellipse",
                    "arguments": {
                        "centre": {
                            "type": "tuple",
                            "values": [
                                0.00527340622666,
                                -0.00511120384897
                            ]
                        },
                        "major_axis": 1.0,
                        "ell_comps": {
                            "type": "tuple",
                            "values": [
                                0.13966691683079,
                                0.01070480574845
                            ]
                        }
                    }
                },
                "4": {
                    "type": "instance",
                    "class_path": "autogalaxy.ellipse.ellipse.ellipse.Ellipse",
                    "arguments": {
                        "centre": {
                            "type": "tuple",
                            "values": [
                                0.00527340622666,
                                -0.00511120384897
                            ]
                        },
                        "major_axis": 1.25,
                        "ell_comps": {
                            "type": "tuple",
                            "values": [
                                0.10928562212178,
                                -0.05815279537501
                            ]
                        }
                    }
                }
            }
        },
        "dummy_0": {
            "lower_limit": -0.1,
            "upper_limit": 0.1,
            "type": "Uniform",
            "id": 62
        }
    }
}