{
    "type": "instance",
    "class_path": "autofit.non_linear.samples.summary.SamplesSummary",
    "arguments": {
        "log_evidence": -45.90783942860701,
        "median_pdf_sample": {
            "type": "instance",
            "class_path": "autofit.non_linear.samples.sample.Sample",
            "arguments": {
                "log_likelihood": -19.443193538208988,
                "log_prior": 0.0,
                "weight": 0.0009889918554710586,
                "kwargs": {
                    "type": "dict",
                    "arguments": {
                        "ellipses.0.ell_comps.ell_comps_0": -0.008784542069875036,
                        "ellipses.0.ell_comps.ell_comps_1": 0.0382451501856359,
                        "multipoles.0.multipole_3.multipole_comps.multipole_comps_0": -0.0006282018415885173,
                        "multipoles.0.multipole_3.multipole_comps.multipole_comps_1": 0.0047534750904,
                        "multipoles.0.multipole_4.multipole_comps.multipole_comps_0": -0.0005651657421494571,
                        "multipoles.0.multipole_4.multipole_comps.multipole_comps_1": 0.00057551689697
                    }
                }
            }
        },
        "errors_at_sigma_1": {
            "type": "list",
            "values": [
                {
                    "type": "tuple",
                    "values": [
                        0.0035274291220984324,
                        0.0035922323002755075
                    ]
                },
                {
                    "type": "tuple",
                    "values": [
                        0.004270276431150272,
                        0.0042023142789541015
                    ]
                },
                {
                    "type": "tuple",
                    "values": [
                        0.0012919120963614827,
                        0.0011118364505385172
                    ]
                },
                {
                    "type": "tuple",
                    "values": [
                        0.0009722868797900001,
                        0.00082204477528
                    ]
                },
                {
                    "type": "tuple",
                    "values": [
                        0.001261972493110543,
                        0.001504117648739457
                    ]
                },
                {
                    "type": "tuple",
                    "values": [
                        0.0012730310265591175,
                        0.0012218710531573694
                    ]
                }
            ]
        },
        "max_log_likelihood_sample": {
            "type": "instance",
            "class_path": "autofit.non_linear.samples.sample.Sample",
            "arguments": {
                "log_likelihood": -19.443193538208988,
                "log_prior": 0.0,
                "weight": 0.0009889918554710586,
                "kwargs": {
                    "type": "dict",
                    "arguments": {
                        "ellipses.0.ell_comps.ell_comps_0": -0.00871150562904,
                        "ellipses.0.ell_comps.ell_comps_1": 0.03585065397049,
                        "multipoles.0.multipole_3.multipole_comps.multipole_comps_0": -0.00028721420699,
                        "multipoles.0.multipole_3.multipole_comps.multipole_comps_1": 0.00470387999696,
                        "multipoles.0.multipole_4.multipole_comps.multipole_comps_0": -0.00027361848592,
                        "multipoles.0.multipole_4.multipole_comps.multipole_comps_1": 0.00106188669374
                    }
                }
            }
        },
        "values_at_sigma_3": {
            "type": "list",
            "values": [
                {
                    "type": "tuple",
                    "values": [
                        -0.01970960120322,
                        0.0023834330630636774
                    ]
                },
                {
                    "type": "tuple",
                    "values": [
                        0.02636914027569,
                        0.05046689445987
                    ]
                },
                {
                    "type": "tuple",
                    "values": [
                        -0.0042898722278,
                        0.0031332974795029384
                    ]
                },
                {
                    "type": "tuple",
                    "values": [
                        0.0021636726146981563,
                        0.007290789536228453
                    ]
                },
                {
                    "type": "tuple",
                    "values": [
                        -0.00438384702113,
                        0.003539938137921288
                    ]
                },
                {
                    "type": "tuple",
                    "values": [
                        -0.00331286853685,
                        0.005052075233337796
                    ]
                }
            ]
        },
        "model": null,
        "errors_at_sigma_3": {
            "type": "list",
            "values": [
                {
                    "type": "tuple",
                    "values": [
                        0.010925059133344964,
                        0.011167975132938712
                    ]
                },
                {
                    "type": "tuple",
                    "values": [
                        0.0118760099099459,
                        0.0122217442742341
                    ]
                },
                {
                    "type": "tuple",
                    "values": [
                        0.003661670386211483,
                        0.0037614993210914557
                    ]
                },
                {
                    "type": "tuple",
                    "values": [
                        0.002589802475701844,
                        0.002537314445828453
                    ]
                },
                {
                    "type": "tuple",
                    "values": [
                        0.003818681278980543,
                        0.004105103880070745
                    ]
                },
                {
                    "type": "tuple",
                    "values": [
                        0.0038883854338199997,
                        0.004476558336367796
                    ]
                }
            ]
        },
        "values_at_sigma_1": {
            "type": "list",
            "values": [
                {
                    "type": "tuple",
                    "values": [
                        -0.012311971191973468,
                        -0.005192309769599528
                    ]
                },
                {
                    "type": "tuple",
                    "values": [
                        0.03397487375448563,
                        0.04244746446459
                    ]
                },
                {
                    "type": "tuple",
                    "values": [
                        -0.00192011393795,
                        0.00048363460895
                    ]
                },
                {
                    "type": "tuple",
                    "values": [
                        0.00378118821061,
                        0.00557551986568
                    ]
                },
                {
                    "type": "tuple",
                    "values": [
                        -0.00182713823526,
                        0.00093895190659
                    ]
                },
                {
                    "type": "tuple",
                    "values": [
                        -0.0006975141295891175,
                        0.0017973879501273695
                    ]
                }
            ]
        }
    }
}