{
    "type": "instance",
    "class_path": "autofit.non_linear.samples.summary.SamplesSummary",
    "arguments": {
        "values_at_sigma_3": {
            "type": "list",
            "values": [
                {
                    "type": "tuple",
                    "values": [
                        0.061895170857,
                        0.09771435599621572
                    ]
                },
                {
                    "type": "tuple",
                    "values": [
                        -0.14947486117789927,
                        -0.09635885117253
                    ]
                }
            ]
        },
        "model": null,
        "median_pdf_sample": {
            "type": "instance",
            "class_path": "autofit.non_linear.samples.sample.Sample",
            "arguments": {
                "log_likelihood": -21.367806763979157,
                "log_prior": 0.0,
                "weight": 0.0009724157542959774,
                "kwargs": {
                    "type": "dict",
                    "arguments": {
                        "ellipses.0.ell_comps.ell_comps_0": 0.07938872427252516,
                        "ellipses.0.ell_comps.ell_comps_1": -0.12594498905936
                    }
                }
            }
        },
        "errors_at_sigma_1": {
            "type": "list",
            "values": [
                {
                    "type": "tuple",
                    "values": [
                        0.005231342186372889,
                        0.005162762268550614
                    ]
                },
                {
                    "type": "tuple",
                    "values": [
                        0.008611154363760004,
                        0.006718505809935965
                    ]
                }
            ]
        },
        "max_log_likelihood_sample": {
            "type": "instance",
            "class_path": "autofit.non_linear.samples.sample.Sample",
            "arguments": {
                "log_likelihood": -21.367806763979157,
                "log_prior": 0.0,
                "weight": 0.0009724157542959774,
                "kwargs": {
                    "type": "dict",
                    "arguments": {
                        "ellipses.0.ell_comps.ell_comps_0": 0.0783492791484,
                        "ellipses.0.ell_comps.ell_comps_1": -0.12267432895153
                    }
                }
            }
        },
        "errors_at_sigma_3": {
            "type": "list",
            "values": [
                {
                    "type": "tuple",
                    "values": [
                        0.017493553415525165,
                        0.01832563172369056
                    ]
                },
                {
                    "type": "tuple",
                    "values": [
                        0.02352987211853927,
                        0.029586137886829997
                    ]
                }
            ]
        },
        "values_at_sigma_1": {
            "type": "list",
            "values": [
                {
                    "type": "tuple",
                    "values": [
                        0.07415738208615227,
                        0.08455148654107578
                    ]
                },
                {
                    "type": "tuple",
                    "values": [
                        -0.13455614342312,
                        -0.11922648324942403
                    ]
                }
            ]
        },
        "log_evidence": -29.663205667420254
    }
}