{
    "type": "instance",
    "class_path": "autofit.non_linear.samples.summary.SamplesSummary",
    "arguments": {
        "errors_at_sigma_1": {
            "type": "list",
            "values": [
                {
                    "type": "tuple",
                    "values": [
                        0.0003277692483119473,
                        0.00040880940629999993
                    ]
                },
                {
                    "type": "tuple",
                    "values": [
                        0.0003236454068737231,
                        0.0003309933706020355
                    ]
                },
                {
                    "type": "tuple",
                    "values": [
                        0.001478564318470571,
                        0.0013834052631809257
                    ]
                },
                {
                    "type": "tuple",
                    "values": [
                        0.0017697854905202523,
                        0.0017964924431300017
                    ]
                },
                {
                    "type": "tuple",
                    "values": [
                        0.0012020030397883463,
                        0.0013235621002416487
                    ]
                },
                {
                    "type": "tuple",
                    "values": [
                        0.0016639940206379863,
                        0.0015427754859135417
                    ]
                },
                {
                    "type": "tuple",
                    "values": [
                        0.0019498285557715267,
                        0.0015935992645895736
                    ]
                },
                {
                    "type": "tuple",
                    "values": [
                        0.0019467375439944645,
                        0.0015917971579477302
                    ]
                },
                {
                    "type": "tuple",
                    "values": [
                        0.006205285341569999,
                        0.0037291896065599905
                    ]
                },
                {
                    "type": "tuple",
                    "values": [
                        0.0027134575899820934,
                        0.00212100018078
                    ]
                },
                {
                    "type": "tuple",
                    "values": [
                        0.016487679762968388,
                        0.011842783661371648
                    ]
                },
                {
                    "type": "tuple",
                    "values": [
                        0.009503638070251647,
                        0.004276238630289364
                    ]
                }
            ]
        },
        "model": null,
        "log_evidence": -500.8574358284007,
        "errors_at_sigma_3": {
            "type": "list",
            "values": [
                {
                    "type": "tuple",
                    "values": [
                        0.0011800509521000002,
                        0.001341475703055711
                    ]
                },
                {
                    "type": "tuple",
                    "values": [
                        0.0011968189649537231,
                        0.001267659566616277
                    ]
                },
                {
                    "type": "tuple",
                    "values": [
                        0.004359879269729999,
                        0.004196140644520008
                    ]
                },
                {
                    "type": "tuple",
                    "values": [
                        0.005500636241583416,
                        0.005291427872273956
                    ]
                },
                {
                    "type": "tuple",
                    "values": [
                        0.0036231458322585897,
                        0.0037508173597316508
                    ]
                },
                {
                    "type": "tuple",
                    "values": [
                        0.004264579434646497,
                        0.004554064501108304
                    ]
                },
                {
                    "type": "tuple",
                    "values": [
                        0.005541454961280001,
                        0.004844220634917185
                    ]
                },
                {
                    "type": "tuple",
                    "values": [
                        0.006345198222782275,
                        0.005900167175377724
                    ]
                },
                {
                    "type": "tuple",
                    "values": [
                        0.01202913817072876,
                        0.009674739374729957
                    ]
                },
                {
                    "type": "tuple",
                    "values": [
                        0.00821266608123826,
                        0.0055890445377363845
                    ]
                },
                {
                    "type": "tuple",
                    "values": [
                        0.0224054361581269,
                        0.02039113439138593
                    ]
                },
                {
                    "type": "tuple",
                    "values": [
                        0.016295046779847444,
                        0.009665950157253467
                    ]
                }
            ]
        },
        "max_log_likelihood_sample": {
            "type": "instance",
            "class_path": "autofit.non_linear.samples.sample.Sample",
            "arguments": {
                "log_likelihood": -440.34690613252764,
                "log_prior": 0.0,
                "weight": 0.001028293949891494,
                "kwargs": {
                    "type": "dict",
                    "arguments": {
                        "ellipses.ellipse_4.centre.centre_0": 0.00215838541041,
                        "ellipses.ellipse_4.centre.centre_1": 0.00092399684025,
                        "ellipses.ellipse_0.ell_comps.ell_comps_0": -0.14500257627606,
                        "ellipses.ellipse_0.ell_comps.ell_comps_1": -0.02994138439423,
                        "ellipses.ellipse_1.ell_comps.ell_comps_0": -0.2628158309212,
                        "ellipses.ellipse_1.ell_comps.ell_comps_1": -0.06008731196985,
                        "ellipses.ellipse_2.ell_comps.ell_comps_0": -0.34312097575248,
                        "ellipses.ellipse_2.ell_comps.ell_comps_1": -0.07911515468706,
                        "ellipses.ellipse_3.ell_comps.ell_comps_0": -0.29283626765534,
                        "ellipses.ellipse_3.ell_comps.ell_comps_1": -0.08221924915018,
                        "ellipses.ellipse_4.ell_comps.ell_comps_0": -0.25421074671968,
                        "ellipses.ellipse_4.ell_comps.ell_comps_1": -0.08343089522005
                    }
                }
            }
        },
        "values_at_sigma_1": {
            "type": "list",
            "values": [
                {
                    "type": "tuple",
                    "values": [
                        0.0014698760102480528,
                        0.00220645466486
                    ]
                },
                {
                    "type": "tuple",
                    "values": [
                        0.00091652114133,
                        0.0015711599188057586
                    ]
                },
                {
                    "type": "tuple",
                    "values": [
                        -0.14634137077074058,
                        -0.14347940118908908
                    ]
                },
                {
                    "type": "tuple",
                    "values": [
                        -0.033191009060720256,
                        -0.02962473112707
                    ]
                },
                {
                    "type": "tuple",
                    "values": [
                        -0.26473439296865,
                        -0.26220882782862
                    ]
                },
                {
                    "type": "tuple",
                    "values": [
                        -0.061780743700801485,
                        -0.05857397419424996
                    ]
                },
                {
                    "type": "tuple",
                    "values": [
                        -0.3452571077196415,
                        -0.3417136798992804
                    ]
                },
                {
                    "type": "tuple",
                    "values": [
                        -0.07964192797670219,
                        -0.07610339327476
                    ]
                },
                {
                    "type": "tuple",
                    "values": [
                        -0.30317149962906,
                        -0.29323702468093
                    ]
                },
                {
                    "type": "tuple",
                    "values": [
                        -0.08502663839213209,
                        -0.08019218062137
                    ]
                },
                {
                    "type": "tuple",
                    "values": [
                        -0.28254635298118,
                        -0.25421588955684
                    ]
                },
                {
                    "type": "tuple",
                    "values": [
                        -0.0947746078380461,
                        -0.08099473113750509
                    ]
                }
            ]
        },
        "median_pdf_sample": {
            "type": "instance",
            "class_path": "autofit.non_linear.samples.sample.Sample",
            "arguments": {
                "log_likelihood": -440.34690613252764,
                "log_prior": 0.0,
                "weight": 0.001028293949891494,
                "kwargs": {
                    "type": "dict",
                    "arguments": {
                        "ellipses.ellipse_4.centre.centre_0": 0.00179764525856,
                        "ellipses.ellipse_4.centre.centre_1": 0.001240166548203723,
                        "ellipses.ellipse_0.ell_comps.ell_comps_0": -0.14486280645227,
                        "ellipses.ellipse_0.ell_comps.ell_comps_1": -0.0314212235702,
                        "ellipses.ellipse_1.ell_comps.ell_comps_0": -0.26353238992886163,
                        "ellipses.ellipse_1.ell_comps.ell_comps_1": -0.0601167496801635,
                        "ellipses.ellipse_2.ell_comps.ell_comps_0": -0.34330727916387,
                        "ellipses.ellipse_2.ell_comps.ell_comps_1": -0.07769519043270773,
                        "ellipses.ellipse_3.ell_comps.ell_comps_0": -0.29696621428749,
                        "ellipses.ellipse_3.ell_comps.ell_comps_1": -0.08231318080215,
                        "ellipses.ellipse_4.ell_comps.ell_comps_0": -0.26605867321821164,
                        "ellipses.ellipse_4.ell_comps.ell_comps_1": -0.08527096976779446
                    }
                }
            }
        },
        "values_at_sigma_3": {
            "type": "list",
            "values": [
                {
                    "type": "tuple",
                    "values": [
                        0.00061759430646,
                        0.003139120961615711
                    ]
                },
                {
                    "type": "tuple",
                    "values": [
                        4.334758325e-05,
                        0.00250782611482
                    ]
                },
                {
                    "type": "tuple",
                    "values": [
                        -0.149222685722,
                        -0.14066666580775
                    ]
                },
                {
                    "type": "tuple",
                    "values": [
                        -0.03692185981178342,
                        -0.026129795697926048
                    ]
                },
                {
                    "type": "tuple",
                    "values": [
                        -0.2671555357611202,
                        -0.25978157256913
                    ]
                },
                {
                    "type": "tuple",
                    "values": [
                        -0.06438132911481,
                        -0.055562685179055195
                    ]
                },
                {
                    "type": "tuple",
                    "values": [
                        -0.34884873412515,
                        -0.3384630585289528
                    ]
                },
                {
                    "type": "tuple",
                    "values": [
                        -0.08404038865549,
                        -0.07179502325733
                    ]
                },
                {
                    "type": "tuple",
                    "values": [
                        -0.30899535245821874,
                        -0.28729147491276
                    ]
                },
                {
                    "type": "tuple",
                    "values": [
                        -0.09052584688338826,
                        -0.07672413626441361
                    ]
                },
                {
                    "type": "tuple",
                    "values": [
                        -0.28846410937633854,
                        -0.2456675388268257
                    ]
                },
                {
                    "type": "tuple",
                    "values": [
                        -0.1015660165476419,
                        -0.07560501961054099
                    ]
                }
            ]
        }
    }
}