{
    "type": "instance",
    "class_path": "autofit.non_linear.samples.summary.SamplesSummary",
    "arguments": {
        "errors_at_sigma_1": {
            "type": "list",
            "values": [
                {
                    "type": "tuple",
                    "values": [
                        0.00370726967595425,
                        0.0028863742536745784
                    ]
                },
                {
                    "type": "tuple",
                    "values": [
                        0.0031034127764939384,
                        0.0033951794098567925
                    ]
                }
            ]
        },
        "model": null,
        "values_at_sigma_1": {
            "type": "list",
            "values": [
                {
                    "type": "tuple",
                    "values": [
                        -0.15017022225203,
                        -0.14357657832240117
                    ]
                },
                {
                    "type": "tuple",
                    "values": [
                        0.03927955537751927,
                        0.04577814756387
                    ]
                }
            ]
        },
        "max_log_likelihood_sample": {
            "type": "instance",
            "class_path": "autofit.non_linear.samples.sample.Sample",
            "arguments": {
                "log_likelihood": -22.163813525589063,
                "log_prior": 0.0,
                "weight": 0.0009871850143575336,
                "kwargs": {
                    "type": "dict",
                    "arguments": {
                        "ellipses.0.ell_comps.ell_comps_0": -0.14715479793854,
                        "ellipses.0.ell_comps.ell_comps_1": 0.04234604933948
                    }
                }
            }
        },
        "errors_at_sigma_3": {
            "type": "list",
            "values": [
                {
                    "type": "tuple",
                    "values": [
                        0.010167666650894247,
                        0.00691704748809574
                    ]
                },
                {
                    "type": "tuple",
                    "values": [
                        0.008790024571443504,
                        0.008803204771340084
                    ]
                }
            ]
        },
        "median_pdf_sample": {
            "type": "instance",
            "class_path": "autofit.non_linear.samples.sample.Sample",
            "arguments": {
                "log_likelihood": -22.163813525589063,
                "log_prior": 0.0,
                "weight": 0.0009871850143575336,
                "kwargs": {
                    "type": "dict",
                    "arguments": {
                        "ellipses.0.ell_comps.ell_comps_0": -0.14646295257607575,
                        "ellipses.0.ell_comps.ell_comps_1": 0.042382968154013205
                    }
                }
            }
        },
        "values_at_sigma_3": {
            "type": "list",
            "values": [
                {
                    "type": "tuple",
                    "values": [
                        -0.15663061922697,
                        -0.13954590508798
                    ]
                },
                {
                    "type": "tuple",
                    "values": [
                        0.0335929435825697,
                        0.05118617292535329
                    ]
                }
            ]
        },
        "log_evidence": -32.677710293087834
    }
}