{
    "type": "instance",
    "class_path": "autofit.non_linear.samples.summary.SamplesSummary",
    "arguments": {
        "errors_at_sigma_1": {
            "type": "list",
            "values": [
                {
                    "type": "tuple",
                    "values": [
                        0.002802102742210766,
                        0.0024110634398999964
                    ]
                },
                {
                    "type": "tuple",
                    "values": [
                        0.003036312977919571,
                        0.004262850286729
                    ]
                }
            ]
        },
        "model": null,
        "values_at_sigma_1": {
            "type": "list",
            "values": [
                {
                    "type": "tuple",
                    "values": [
                        -0.17698327472984077,
                        -0.17177010854773
                    ]
                },
                {
                    "type": "tuple",
                    "values": [
                        0.058795746789381965,
                        0.06609491005403054
                    ]
                }
            ]
        },
        "max_log_likelihood_sample": {
            "type": "instance",
            "class_path": "autofit.non_linear.samples.sample.Sample",
            "arguments": {
                "log_likelihood": -36.141164332660395,
                "log_prior": 0.0,
                "weight": 0.0009793467982406074,
                "kwargs": {
                    "type": "dict",
                    "arguments": {
                        "ellipses.0.ell_comps.ell_comps_0": -0.17367995507788,
                        "ellipses.0.ell_comps.ell_comps_1": 0.06120392221955
                    }
                }
            }
        },
        "errors_at_sigma_3": {
            "type": "list",
            "values": [
                {
                    "type": "tuple",
                    "values": [
                        0.008136720990978008,
                        0.012171402655921398
                    ]
                },
                {
                    "type": "tuple",
                    "values": [
                        0.008927557177404628,
                        0.012760482178069299
                    ]
                }
            ]
        },
        "median_pdf_sample": {
            "type": "instance",
            "class_path": "autofit.non_linear.samples.sample.Sample",
            "arguments": {
                "log_likelihood": -36.141164332660395,
                "log_prior": 0.0,
                "weight": 0.0009793467982406074,
                "kwargs": {
                    "type": "dict",
                    "arguments": {
                        "ellipses.0.ell_comps.ell_comps_0": -0.17418117198763,
                        "ellipses.0.ell_comps.ell_comps_1": 0.061832059767301537
                    }
                }
            }
        },
        "values_at_sigma_3": {
            "type": "list",
            "values": [
                {
                    "type": "tuple",
                    "values": [
                        -0.182317892978608,
                        -0.1620097693317086
                    ]
                },
                {
                    "type": "tuple",
                    "values": [
                        0.05290450258989691,
                        0.07459254194537084
                    ]
                }
            ]
        },
        "log_evidence": -46.17638331873827
    }
}