{
    "type": "instance",
    "class_path": "autofit.non_linear.samples.summary.SamplesSummary",
    "arguments": {
        "values_at_sigma_1": {
            "type": "list",
            "values": [
                {
                    "type": "tuple",
                    "values": [
                        -0.02111660894761,
                        -0.010856668156320762
                    ]
                },
                {
                    "type": "tuple",
                    "values": [
                        -0.03217249829591,
                        -0.0070527927439363895
                    ]
                },
                {
                    "type": "tuple",
                    "values": [
                        -0.033672206975243126,
                        0.00224864050095
                    ]
                },
                {
                    "type": "tuple",
                    "values": [
                        0.0012345829547704542,
                        0.033274348584646424
                    ]
                },
                {
                    "type": "tuple",
                    "values": [
                        -0.05710815582295076,
                        -0.02400201513281
                    ]
                },
                {
                    "type": "tuple",
                    "values": [
                        -0.009888688403743563,
                        0.05807865203084792
                    ]
                }
            ]
        },
        "log_evidence": -82.52970806783065,
        "values_at_sigma_3": {
            "type": "list",
            "values": [
                {
                    "type": "tuple",
                    "values": [
                        -0.03171871624161081,
                        0.0036018415402539173
                    ]
                },
                {
                    "type": "tuple",
                    "values": [
                        -0.03876051039847,
                        0.00716318828253
                    ]
                },
                {
                    "type": "tuple",
                    "values": [
                        -0.04680322141854,
                        0.04698766787137722
                    ]
                },
                {
                    "type": "tuple",
                    "values": [
                        -0.03334329957644,
                        0.06788284054535396
                    ]
                },
                {
                    "type": "tuple",
                    "values": [
                        -0.07149963971782,
                        0.05274627863419647
                    ]
                },
                {
                    "type": "tuple",
                    "values": [
                        -0.03602531138671,
                        0.08190866052936735
                    ]
                }
            ]
        },
        "model": null,
        "max_log_likelihood_sample": {
            "type": "instance",
            "class_path": "autofit.non_linear.samples.sample.Sample",
            "arguments": {
                "log_likelihood": -64.4056298408362,
                "log_prior": 0.0,
                "weight": 0.0010515430306547845,
                "kwargs": {
                    "type": "dict",
                    "arguments": {
                        "ellipses.0.ell_comps.ell_comps_0": -0.01738762747335,
                        "ellipses.0.ell_comps.ell_comps_1": -0.01489862460311,
                        "multipoles.0.multipole_3.multipole_comps.multipole_comps_0": -0.03362309594622,
                        "multipoles.0.multipole_3.multipole_comps.multipole_comps_1": 0.00488009706562,
                        "multipoles.0.multipole_4.multipole_comps.multipole_comps_0": -0.05865643152091,
                        "multipoles.0.multipole_4.multipole_comps.multipole_comps_1": 0.00453765070649
                    }
                }
            }
        },
        "errors_at_sigma_1": {
            "type": "list",
            "values": [
                {
                    "type": "tuple",
                    "values": [
                        0.00405875812354,
                        0.006201182667749237
                    ]
                },
                {
                    "type": "tuple",
                    "values": [
                        0.009112750800552839,
                        0.01600695475142077
                    ]
                },
                {
                    "type": "tuple",
                    "values": [
                        0.01632963579235859,
                        0.019591211683834535
                    ]
                },
                {
                    "type": "tuple",
                    "values": [
                        0.016698712045169546,
                        0.015341053584706422
                    ]
                },
                {
                    "type": "tuple",
                    "values": [
                        0.014146435182207845,
                        0.01895970550793291
                    ]
                },
                {
                    "type": "tuple",
                    "values": [
                        0.05010298937661356,
                        0.01786435105797792
                    ]
                }
            ]
        },
        "median_pdf_sample": {
            "type": "instance",
            "class_path": "autofit.non_linear.samples.sample.Sample",
            "arguments": {
                "log_likelihood": -64.4056298408362,
                "log_prior": 0.0,
                "weight": 0.0010515430306547845,
                "kwargs": {
                    "type": "dict",
                    "arguments": {
                        "ellipses.0.ell_comps.ell_comps_0": -0.01705785082407,
                        "ellipses.0.ell_comps.ell_comps_1": -0.02305974749535716,
                        "multipoles.0.multipole_3.multipole_comps.multipole_comps_0": -0.017342571182884535,
                        "multipoles.0.multipole_3.multipole_comps.multipole_comps_1": 0.01793329499994,
                        "multipoles.0.multipole_4.multipole_comps.multipole_comps_0": -0.04296172064074291,
                        "multipoles.0.multipole_4.multipole_comps.multipole_comps_1": 0.04021430097287
                    }
                }
            }
        },
        "errors_at_sigma_3": {
            "type": "list",
            "values": [
                {
                    "type": "tuple",
                    "values": [
                        0.01466086541754081,
                        0.020659692364323915
                    ]
                },
                {
                    "type": "tuple",
                    "values": [
                        0.015700762903112838,
                        0.03022293577788716
                    ]
                },
                {
                    "type": "tuple",
                    "values": [
                        0.029460650235655465,
                        0.06433023905426175
                    ]
                },
                {
                    "type": "tuple",
                    "values": [
                        0.05127659457638,
                        0.049949545545413955
                    ]
                },
                {
                    "type": "tuple",
                    "values": [
                        0.02853791907707709,
                        0.09570799927493938
                    ]
                },
                {
                    "type": "tuple",
                    "values": [
                        0.07623961235958,
                        0.04169435955649735
                    ]
                }
            ]
        }
    }
}