{
    "type": "instance",
    "class_path": "autofit.non_linear.samples.summary.SamplesSummary",
    "arguments": {
        "errors_at_sigma_1": {
            "type": "list",
            "values": [
                {
                    "type": "tuple",
                    "values": [
                        0.0028850563432985254,
                        0.0029009929057305234
                    ]
                },
                {
                    "type": "tuple",
                    "values": [
                        0.0034427698135959667,
                        0.004050346777964953
                    ]
                },
                {
                    "type": "tuple",
                    "values": [
                        0.002960928974668868,
                        0.002590490173084941
                    ]
                },
                {
                    "type": "tuple",
                    "values": [
                        0.0029465397590555825,
                        0.0027324069232180664
                    ]
                },
                {
                    "type": "tuple",
                    "values": [
                        0.0024558986736542224,
                        0.00253737856753
                    ]
                },
                {
                    "type": "tuple",
                    "values": [
                        0.003500289281788934,
                        0.0036215149030632936
                    ]
                },
                {
                    "type": "tuple",
                    "values": [
                        0.0032057519540200034,
                        0.0025466105799499964
                    ]
                },
                {
                    "type": "tuple",
                    "values": [
                        0.002944473610318349,
                        0.0029438636551191583
                    ]
                }
            ]
        },
        "median_pdf_sample": {
            "type": "instance",
            "class_path": "autofit.non_linear.samples.sample.Sample",
            "arguments": {
                "log_likelihood": -24.720990979929706,
                "log_prior": 0.0,
                "weight": 0.0009758675080627296,
                "kwargs": {
                    "type": "dict",
                    "arguments": {
                        "ellipses.0.ell_comps.ell_comps_0": 0.09722057848494,
                        "ellipses.0.ell_comps.ell_comps_1": -0.0782380422738021,
                        "multipoles.0.multipole_1.multipole_comps.multipole_comps_0": -0.00320801175143,
                        "multipoles.0.multipole_1.multipole_comps.multipole_comps_1": -0.002409899613644418,
                        "multipoles.0.multipole_3.multipole_comps.multipole_comps_0": -0.0015979730297,
                        "multipoles.0.multipole_3.multipole_comps.multipole_comps_1": 0.0007842324902427051,
                        "multipoles.0.multipole_4.multipole_comps.multipole_comps_0": -0.0015667566402399965,
                        "multipoles.0.multipole_4.multipole_comps.multipole_comps_1": 0.0047719952442985296
                    }
                }
            }
        },
        "errors_at_sigma_3": {
            "type": "list",
            "values": [
                {
                    "type": "tuple",
                    "values": [
                        0.009826920221222363,
                        0.00884380464764202
                    ]
                },
                {
                    "type": "tuple",
                    "values": [
                        0.0108716221017479,
                        0.009657963465254507
                    ]
                },
                {
                    "type": "tuple",
                    "values": [
                        0.008829401055514028,
                        0.00815050680278
                    ]
                },
                {
                    "type": "tuple",
                    "values": [
                        0.008140141862995581,
                        0.007841325888214418
                    ]
                },
                {
                    "type": "tuple",
                    "values": [
                        0.006841659362299999,
                        0.006470718841896505
                    ]
                },
                {
                    "type": "tuple",
                    "values": [
                        0.009528400141157037,
                        0.010194830686107294
                    ]
                },
                {
                    "type": "tuple",
                    "values": [
                        0.010134752599225435,
                        0.008437792983069996
                    ]
                },
                {
                    "type": "tuple",
                    "values": [
                        0.009757373201210461,
                        0.00849805161605642
                    ]
                }
            ]
        },
        "values_at_sigma_1": {
            "type": "list",
            "values": [
                {
                    "type": "tuple",
                    "values": [
                        0.09433552214164148,
                        0.10012157139067053
                    ]
                },
                {
                    "type": "tuple",
                    "values": [
                        -0.08168081208739807,
                        -0.07418769549583715
                    ]
                },
                {
                    "type": "tuple",
                    "values": [
                        -0.006168940726098868,
                        -0.0006175215783450592
                    ]
                },
                {
                    "type": "tuple",
                    "values": [
                        -0.0053564393727,
                        0.0003225073095736486
                    ]
                },
                {
                    "type": "tuple",
                    "values": [
                        -0.004053871703354223,
                        0.00093940553783
                    ]
                },
                {
                    "type": "tuple",
                    "values": [
                        -0.002716056791546229,
                        0.004405747393305999
                    ]
                },
                {
                    "type": "tuple",
                    "values": [
                        -0.00477250859426,
                        0.00097985393971
                    ]
                },
                {
                    "type": "tuple",
                    "values": [
                        0.0018275216339801801,
                        0.007715858899417688
                    ]
                }
            ]
        },
        "values_at_sigma_3": {
            "type": "list",
            "values": [
                {
                    "type": "tuple",
                    "values": [
                        0.08739365826371764,
                        0.10606438313258203
                    ]
                },
                {
                    "type": "tuple",
                    "values": [
                        -0.08910966437555,
                        -0.06858007880854759
                    ]
                },
                {
                    "type": "tuple",
                    "values": [
                        -0.012037412806944028,
                        0.00494249505135
                    ]
                },
                {
                    "type": "tuple",
                    "values": [
                        -0.01055004147664,
                        0.00543142627457
                    ]
                },
                {
                    "type": "tuple",
                    "values": [
                        -0.008439632392,
                        0.004872745812196505
                    ]
                },
                {
                    "type": "tuple",
                    "values": [
                        -0.008744167650914332,
                        0.01097906317635
                    ]
                },
                {
                    "type": "tuple",
                    "values": [
                        -0.011701509239465432,
                        0.00687103634283
                    ]
                },
                {
                    "type": "tuple",
                    "values": [
                        -0.0049853779569119325,
                        0.013270046860354951
                    ]
                }
            ]
        },
        "log_evidence": -54.83893559094123,
        "model": null,
        "max_log_likelihood_sample": {
            "type": "instance",
            "class_path": "autofit.non_linear.samples.sample.Sample",
            "arguments": {
                "log_likelihood": -24.720990979929706,
                "log_prior": 0.0,
                "weight": 0.0009758675080627296,
                "kwargs": {
                    "type": "dict",
                    "arguments": {
                        "ellipses.0.ell_comps.ell_comps_0": 0.0976939790246,
                        "ellipses.0.ell_comps.ell_comps_1": -0.07687745538439,
                        "multipoles.0.multipole_1.multipole_comps.multipole_comps_0": -0.00371036889693,
                        "multipoles.0.multipole_1.multipole_comps.multipole_comps_1": -0.00091802879773,
                        "multipoles.0.multipole_3.multipole_comps.multipole_comps_0": -0.0016294890865,
                        "multipoles.0.multipole_3.multipole_comps.multipole_comps_1": 0.00129131080279,
                        "multipoles.0.multipole_4.multipole_comps.multipole_comps_0": -0.0030481536949,
                        "multipoles.0.multipole_4.multipole_comps.multipole_comps_1": 0.00425580340157
                    }
                }
            }
        }
    }
}