{
    "type": "instance",
    "class_path": "autofit.non_linear.samples.summary.SamplesSummary",
    "arguments": {
        "values_at_sigma_1": {
            "type": "list",
            "values": [
                {
                    "type": "tuple",
                    "values": [
                        -0.02166449995856,
                        0.003969674005374708
                    ]
                },
                {
                    "type": "tuple",
                    "values": [
                        -0.10909321409168,
                        -0.09092924453380292
                    ]
                },
                {
                    "type": "tuple",
                    "values": [
                        -0.022783785486068266,
                        0.020733637501952333
                    ]
                },
                {
                    "type": "tuple",
                    "values": [
                        -0.025570652179850814,
                        0.01807741488480475
                    ]
                },
                {
                    "type": "tuple",
                    "values": [
                        -0.02934471429242484,
                        0.00337704122788
                    ]
                },
                {
                    "type": "tuple",
                    "values": [
                        -0.00141945340139,
                        0.03370396186593
                    ]
                },
                {
                    "type": "tuple",
                    "values": [
                        -0.03041954938366,
                        0.03348047536262283
                    ]
                },
                {
                    "type": "tuple",
                    "values": [
                        -0.05653340300075379,
                        0.010250470614050758
                    ]
                }
            ]
        },
        "model": null,
        "values_at_sigma_3": {
            "type": "list",
            "values": [
                {
                    "type": "tuple",
                    "values": [
                        -0.06055546679897,
                        0.026921881479216408
                    ]
                },
                {
                    "type": "tuple",
                    "values": [
                        -0.13518452920508,
                        -0.08116759307686115
                    ]
                },
                {
                    "type": "tuple",
                    "values": [
                        -0.06041671917910414,
                        0.0494161042402
                    ]
                },
                {
                    "type": "tuple",
                    "values": [
                        -0.08869993026712518,
                        0.06746770133807017
                    ]
                },
                {
                    "type": "tuple",
                    "values": [
                        -0.06131360860134946,
                        0.04255797411174
                    ]
                },
                {
                    "type": "tuple",
                    "values": [
                        -0.03261911716185756,
                        0.0677525922297597
                    ]
                },
                {
                    "type": "tuple",
                    "values": [
                        -0.08593569228683,
                        0.05996393370311
                    ]
                },
                {
                    "type": "tuple",
                    "values": [
                        -0.09532001467561,
                        0.07715538880051599
                    ]
                }
            ]
        },
        "max_log_likelihood_sample": {
            "type": "instance",
            "class_path": "autofit.non_linear.samples.sample.Sample",
            "arguments": {
                "log_likelihood": -29.373302191743218,
                "log_prior": 0.0,
                "weight": 0.0009486328803672163,
                "kwargs": {
                    "type": "dict",
                    "arguments": {
                        "ellipses.0.ell_comps.ell_comps_0": -0.00412046659565,
                        "ellipses.0.ell_comps.ell_comps_1": -0.10410477856957,
                        "multipoles.0.multipole_1.multipole_comps.multipole_comps_0": -0.0127172385289,
                        "multipoles.0.multipole_1.multipole_comps.multipole_comps_1": -0.02236944482809,
                        "multipoles.0.multipole_3.multipole_comps.multipole_comps_0": -0.02970192685712,
                        "multipoles.0.multipole_3.multipole_comps.multipole_comps_1": 0.01446218660016,
                        "multipoles.0.multipole_4.multipole_comps.multipole_comps_0": -0.00116201668924,
                        "multipoles.0.multipole_4.multipole_comps.multipole_comps_1": -0.03742823733902
                    }
                }
            }
        },
        "errors_at_sigma_1": {
            "type": "list",
            "values": [
                {
                    "type": "tuple",
                    "values": [
                        0.013254391769781104,
                        0.012379782194153602
                    ]
                },
                {
                    "type": "tuple",
                    "values": [
                        0.008610762754384577,
                        0.009553206803492503
                    ]
                },
                {
                    "type": "tuple",
                    "values": [
                        0.018893321558878268,
                        0.02462410142914233
                    ]
                },
                {
                    "type": "tuple",
                    "values": [
                        0.020498333101477497,
                        0.023149733963178067
                    ]
                },
                {
                    "type": "tuple",
                    "values": [
                        0.015602480677298924,
                        0.017119274843005915
                    ]
                },
                {
                    "type": "tuple",
                    "values": [
                        0.018046212862670035,
                        0.017077202404649963
                    ]
                },
                {
                    "type": "tuple",
                    "values": [
                        0.03637728646945,
                        0.02752273827683283
                    ]
                },
                {
                    "type": "tuple",
                    "values": [
                        0.03391537349962438,
                        0.03286850011518016
                    ]
                }
            ]
        },
        "errors_at_sigma_3": {
            "type": "list",
            "values": [
                {
                    "type": "tuple",
                    "values": [
                        0.0521453586101911,
                        0.035331989667995306
                    ]
                },
                {
                    "type": "tuple",
                    "values": [
                        0.03470207786778458,
                        0.019314858260434276
                    ]
                },
                {
                    "type": "tuple",
                    "values": [
                        0.05652625525191414,
                        0.05330656816739
                    ]
                },
                {
                    "type": "tuple",
                    "values": [
                        0.08362761118875187,
                        0.07254002041644349
                    ]
                },
                {
                    "type": "tuple",
                    "values": [
                        0.04757137498622355,
                        0.05630020772686591
                    ]
                },
                {
                    "type": "tuple",
                    "values": [
                        0.04924587662313759,
                        0.051125832768479665
                    ]
                },
                {
                    "type": "tuple",
                    "values": [
                        0.09189342937262,
                        0.05400619661732
                    ]
                },
                {
                    "type": "tuple",
                    "values": [
                        0.0727019851744806,
                        0.09977341830164539
                    ]
                }
            ]
        },
        "log_evidence": -49.73481767804086,
        "median_pdf_sample": {
            "type": "instance",
            "class_path": "autofit.non_linear.samples.sample.Sample",
            "arguments": {
                "log_likelihood": -29.373302191743218,
                "log_prior": 0.0,
                "weight": 0.0009486328803672163,
                "kwargs": {
                    "type": "dict",
                    "arguments": {
                        "ellipses.0.ell_comps.ell_comps_0": -0.008410108188778895,
                        "ellipses.0.ell_comps.ell_comps_1": -0.10048245133729543,
                        "multipoles.0.multipole_1.multipole_comps.multipole_comps_0": -0.00389046392719,
                        "multipoles.0.multipole_1.multipole_comps.multipole_comps_1": -0.005072319078373317,
                        "multipoles.0.multipole_3.multipole_comps.multipole_comps_0": -0.013742233615125915,
                        "multipoles.0.multipole_3.multipole_comps.multipole_comps_1": 0.016626759461280036,
                        "multipoles.0.multipole_4.multipole_comps.multipole_comps_0": 0.00595773708579,
                        "multipoles.0.multipole_4.multipole_comps.multipole_comps_1": -0.022618029501129403
                    }
                }
            }
        }
    }
}