{
    "type": "instance",
    "class_path": "autofit.non_linear.samples.summary.SamplesSummary",
    "arguments": {
        "errors_at_sigma_1": {
            "type": "list",
            "values": [
                {
                    "type": "tuple",
                    "values": [
                        0.012760489494531776,
                        0.014014570715528321
                    ]
                },
                {
                    "type": "tuple",
                    "values": [
                        0.018192540742279995,
                        0.014029544122360002
                    ]
                },
                {
                    "type": "tuple",
                    "values": [
                        0.036802876662076586,
                        0.03486153525036257
                    ]
                },
                {
                    "type": "tuple",
                    "values": [
                        0.0315093282077884,
                        0.02722239758150838
                    ]
                },
                {
                    "type": "tuple",
                    "values": [
                        0.03214292823987,
                        0.030617215127046692
                    ]
                },
                {
                    "type": "tuple",
                    "values": [
                        0.032980649343780824,
                        0.03206443864815452
                    ]
                },
                {
                    "type": "tuple",
                    "values": [
                        0.03081169177377721,
                        0.035380349454273353
                    ]
                },
                {
                    "type": "tuple",
                    "values": [
                        0.04751188706770643,
                        0.04694032905728597
                    ]
                }
            ]
        },
        "max_log_likelihood_sample": {
            "type": "instance",
            "class_path": "autofit.non_linear.samples.sample.Sample",
            "arguments": {
                "log_likelihood": -20.979332904177646,
                "log_prior": 0.0,
                "weight": 0.0009209881762198427,
                "kwargs": {
                    "type": "dict",
                    "arguments": {
                        "ellipses.0.ell_comps.ell_comps_0": 0.06301477919064,
                        "ellipses.0.ell_comps.ell_comps_1": -0.13228278569896,
                        "multipoles.0.multipole_1.multipole_comps.multipole_comps_0": 0.04659106329657,
                        "multipoles.0.multipole_1.multipole_comps.multipole_comps_1": -0.0160334042652,
                        "multipoles.0.multipole_3.multipole_comps.multipole_comps_0": 0.02359413223524,
                        "multipoles.0.multipole_3.multipole_comps.multipole_comps_1": -0.06343996625615,
                        "multipoles.0.multipole_4.multipole_comps.multipole_comps_0": 0.03078425265442,
                        "multipoles.0.multipole_4.multipole_comps.multipole_comps_1": -0.04772780919465
                    }
                }
            }
        },
        "model": null,
        "values_at_sigma_1": {
            "type": "list",
            "values": [
                {
                    "type": "tuple",
                    "values": [
                        0.06426066603963,
                        0.0910357262496901
                    ]
                },
                {
                    "type": "tuple",
                    "values": [
                        -0.15079768154265,
                        -0.11857559667801
                    ]
                },
                {
                    "type": "tuple",
                    "values": [
                        -0.014523913686456587,
                        0.05714049822598257
                    ]
                },
                {
                    "type": "tuple",
                    "values": [
                        -0.04361342621608,
                        0.015118299573216781
                    ]
                },
                {
                    "type": "tuple",
                    "values": [
                        -0.01209648680992,
                        0.05066365655699669
                    ]
                },
                {
                    "type": "tuple",
                    "values": [
                        -0.053580321924620825,
                        0.011464766067314518
                    ]
                },
                {
                    "type": "tuple",
                    "values": [
                        -0.023086157499380144,
                        0.04310588372867042
                    ]
                },
                {
                    "type": "tuple",
                    "values": [
                        -0.04972959125300643,
                        0.04472262487198597
                    ]
                }
            ]
        },
        "median_pdf_sample": {
            "type": "instance",
            "class_path": "autofit.non_linear.samples.sample.Sample",
            "arguments": {
                "log_likelihood": -20.979332904177646,
                "log_prior": 0.0,
                "weight": 0.0009209881762198427,
                "kwargs": {
                    "type": "dict",
                    "arguments": {
                        "ellipses.0.ell_comps.ell_comps_0": 0.07702115553416178,
                        "ellipses.0.ell_comps.ell_comps_1": -0.13260514080037,
                        "multipoles.0.multipole_1.multipole_comps.multipole_comps_0": 0.02227896297562,
                        "multipoles.0.multipole_1.multipole_comps.multipole_comps_1": -0.012104098008291595,
                        "multipoles.0.multipole_3.multipole_comps.multipole_comps_0": 0.02004644142995,
                        "multipoles.0.multipole_3.multipole_comps.multipole_comps_1": -0.02059967258084,
                        "multipoles.0.multipole_4.multipole_comps.multipole_comps_0": 0.007725534274397068,
                        "multipoles.0.multipole_4.multipole_comps.multipole_comps_1": -0.0022177041853
                    }
                }
            }
        },
        "values_at_sigma_3": {
            "type": "list",
            "values": [
                {
                    "type": "tuple",
                    "values": [
                        0.028789553823466044,
                        0.12192211106905615
                    ]
                },
                {
                    "type": "tuple",
                    "values": [
                        -0.18795538940607653,
                        -0.09859996686875748
                    ]
                },
                {
                    "type": "tuple",
                    "values": [
                        -0.08474443674207,
                        0.10243771811032565
                    ]
                },
                {
                    "type": "tuple",
                    "values": [
                        -0.12483212753642,
                        0.09841689166655603
                    ]
                },
                {
                    "type": "tuple",
                    "values": [
                        -0.08285524858834456,
                        0.09559604093052837
                    ]
                },
                {
                    "type": "tuple",
                    "values": [
                        -0.09947366211179,
                        0.07687029295448945
                    ]
                },
                {
                    "type": "tuple",
                    "values": [
                        -0.08558028857996,
                        0.09987052890002912
                    ]
                },
                {
                    "type": "tuple",
                    "values": [
                        -0.09741329339147,
                        0.09415703261453787
                    ]
                }
            ]
        },
        "errors_at_sigma_3": {
            "type": "list",
            "values": [
                {
                    "type": "tuple",
                    "values": [
                        0.04823160171069574,
                        0.04490095553489437
                    ]
                },
                {
                    "type": "tuple",
                    "values": [
                        0.05535024860570653,
                        0.03400517393161252
                    ]
                },
                {
                    "type": "tuple",
                    "values": [
                        0.10702339971769,
                        0.08015875513470565
                    ]
                },
                {
                    "type": "tuple",
                    "values": [
                        0.11272802952812841,
                        0.11052098967484762
                    ]
                },
                {
                    "type": "tuple",
                    "values": [
                        0.10290169001829456,
                        0.07554959950057837
                    ]
                },
                {
                    "type": "tuple",
                    "values": [
                        0.07887398953095,
                        0.09746996553532945
                    ]
                },
                {
                    "type": "tuple",
                    "values": [
                        0.09330582285435707,
                        0.09214499462563205
                    ]
                },
                {
                    "type": "tuple",
                    "values": [
                        0.09519558920617,
                        0.09637473679983787
                    ]
                }
            ]
        },
        "log_evidence": -37.719431826822905
    }
}