{
    "type": "instance",
    "class_path": "autofit.non_linear.samples.summary.SamplesSummary",
    "arguments": {
        "errors_at_sigma_1": {
            "type": "list",
            "values": [
                {
                    "type": "tuple",
                    "values": [
                        0.002569436341186601,
                        0.0023043598518033837
                    ]
                },
                {
                    "type": "tuple",
                    "values": [
                        0.0028117710064726464,
                        0.002915560157930555
                    ]
                }
            ]
        },
        "errors_at_sigma_3": {
            "type": "list",
            "values": [
                {
                    "type": "tuple",
                    "values": [
                        0.00628062305087633,
                        0.0066012704566734
                    ]
                },
                {
                    "type": "tuple",
                    "values": [
                        0.006870431516511413,
                        0.0070330862506799985
                    ]
                }
            ]
        },
        "max_log_likelihood_sample": {
            "type": "instance",
            "class_path": "autofit.non_linear.samples.sample.Sample",
            "arguments": {
                "log_likelihood": -51.66340391855016,
                "log_prior": 0.0,
                "weight": 0.0009888472399983827,
                "kwargs": {
                    "type": "dict",
                    "arguments": {
                        "ellipses.0.ell_comps.ell_comps_0": 0.07069827556288,
                        "ellipses.0.ell_comps.ell_comps_1": 0.09378974947639
                    }
                }
            }
        },
        "median_pdf_sample": {
            "type": "instance",
            "class_path": "autofit.non_linear.samples.sample.Sample",
            "arguments": {
                "log_likelihood": -51.66340391855016,
                "log_prior": 0.0,
                "weight": 0.0009888472399983827,
                "kwargs": {
                    "type": "dict",
                    "arguments": {
                        "ellipses.0.ell_comps.ell_comps_0": 0.0710380301433466,
                        "ellipses.0.ell_comps.ell_comps_1": 0.0934134428704
                    }
                }
            }
        },
        "values_at_sigma_1": {
            "type": "list",
            "values": [
                {
                    "type": "tuple",
                    "values": [
                        0.06846859380216,
                        0.07334238999514998
                    ]
                },
                {
                    "type": "tuple",
                    "values": [
                        0.09060167186392735,
                        0.09632900302833056
                    ]
                }
            ]
        },
        "values_at_sigma_3": {
            "type": "list",
            "values": [
                {
                    "type": "tuple",
                    "values": [
                        0.06475740709247027,
                        0.07763930060002
                    ]
                },
                {
                    "type": "tuple",
                    "values": [
                        0.08654301135388859,
                        0.10044652912108
                    ]
                }
            ]
        },
        "log_evidence": -62.55834927444047,
        "model": null
    }
}