{
    "type": "instance",
    "class_path": "autofit.non_linear.samples.summary.SamplesSummary",
    "arguments": {
        "values_at_sigma_3": {
            "type": "list",
            "values": [
                {
                    "type": "tuple",
                    "values": [
                        -0.10167024115613,
                        -0.04208269840308496
                    ]
                },
                {
                    "type": "tuple",
                    "values": [
                        0.015112571699314743,
                        0.05263209103888891
                    ]
                },
                {
                    "type": "tuple",
                    "values": [
                        -0.03066340846032,
                        0.03440279111515071
                    ]
                },
                {
                    "type": "tuple",
                    "values": [
                        -0.06543150123896,
                        0.024101812750746004
                    ]
                },
                {
                    "type": "tuple",
                    "values": [
                        -0.05684984699901,
                        0.06075868518639813
                    ]
                },
                {
                    "type": "tuple",
                    "values": [
                        -0.03069764797856,
                        0.04195442622323971
                    ]
                }
            ]
        },
        "errors_at_sigma_1": {
            "type": "list",
            "values": [
                {
                    "type": "tuple",
                    "values": [
                        0.0027852559691229906,
                        0.0033862684499895573
                    ]
                },
                {
                    "type": "tuple",
                    "values": [
                        0.004998036267705772,
                        0.0039022055168099964
                    ]
                },
                {
                    "type": "tuple",
                    "values": [
                        0.011425945426571556,
                        0.013213417741045603
                    ]
                },
                {
                    "type": "tuple",
                    "values": [
                        0.021885037505099954,
                        0.01965647239242
                    ]
                },
                {
                    "type": "tuple",
                    "values": [
                        0.019794302304708168,
                        0.014148044744538507
                    ]
                },
                {
                    "type": "tuple",
                    "values": [
                        0.015292779618898137,
                        0.01278562819016226
                    ]
                }
            ]
        },
        "log_evidence": -59.004165780735136,
        "max_log_likelihood_sample": {
            "type": "instance",
            "class_path": "autofit.non_linear.samples.sample.Sample",
            "arguments": {
                "log_likelihood": -39.730529347545826,
                "log_prior": 0.0,
                "weight": 0.0010015023795046988,
                "kwargs": {
                    "type": "dict",
                    "arguments": {
                        "ellipses.0.ell_comps.ell_comps_0": -0.0930780309255,
                        "ellipses.0.ell_comps.ell_comps_1": 0.04576350727043,
                        "multipoles.0.multipole_3.multipole_comps.multipole_comps_0": 0.00594861632704,
                        "multipoles.0.multipole_3.multipole_comps.multipole_comps_1": 0.01189907803114,
                        "multipoles.0.multipole_4.multipole_comps.multipole_comps_0": 0.01606080245665,
                        "multipoles.0.multipole_4.multipole_comps.multipole_comps_1": -0.00816130784117
                    }
                }
            }
        },
        "errors_at_sigma_3": {
            "type": "list",
            "values": [
                {
                    "type": "tuple",
                    "values": [
                        0.00914036837549001,
                        0.05044717437755503
                    ]
                },
                {
                    "type": "tuple",
                    "values": [
                        0.025205349141595258,
                        0.01231417019797891
                    ]
                },
                {
                    "type": "tuple",
                    "values": [
                        0.03071791962293,
                        0.03434827995254071
                    ]
                },
                {
                    "type": "tuple",
                    "values": [
                        0.04941666969328999,
                        0.040116644296416
                    ]
                },
                {
                    "type": "tuple",
                    "values": [
                        0.06802130914582817,
                        0.049587223039579964
                    ]
                },
                {
                    "type": "tuple",
                    "values": [
                        0.03897246968420814,
                        0.03367960451759157
                    ]
                }
            ]
        },
        "values_at_sigma_1": {
            "type": "list",
            "values": [
                {
                    "type": "tuple",
                    "values": [
                        -0.09531512874976299,
                        -0.08914360433065044
                    ]
                },
                {
                    "type": "tuple",
                    "values": [
                        0.03531988457320423,
                        0.04422012635772
                    ]
                },
                {
                    "type": "tuple",
                    "values": [
                        -0.011371434263961555,
                        0.013267928903655603
                    ]
                },
                {
                    "type": "tuple",
                    "values": [
                        -0.03789986905076995,
                        0.00364164084675
                    ]
                },
                {
                    "type": "tuple",
                    "values": [
                        -0.00862284015789,
                        0.025319506891356678
                    ]
                },
                {
                    "type": "tuple",
                    "values": [
                        -0.00701795791325,
                        0.021060449895810397
                    ]
                }
            ]
        },
        "model": null,
        "median_pdf_sample": {
            "type": "instance",
            "class_path": "autofit.non_linear.samples.sample.Sample",
            "arguments": {
                "log_likelihood": -39.730529347545826,
                "log_prior": 0.0,
                "weight": 0.0010015023795046988,
                "kwargs": {
                    "type": "dict",
                    "arguments": {
                        "ellipses.0.ell_comps.ell_comps_0": -0.09252987278064,
                        "ellipses.0.ell_comps.ell_comps_1": 0.04031792084091,
                        "multipoles.0.multipole_3.multipole_comps.multipole_comps_0": 5.451116261e-05,
                        "multipoles.0.multipole_3.multipole_comps.multipole_comps_1": -0.01601483154567,
                        "multipoles.0.multipole_4.multipole_comps.multipole_comps_0": 0.01117146214681817,
                        "multipoles.0.multipole_4.multipole_comps.multipole_comps_1": 0.008274821705648137
                    }
                }
            }
        }
    }
}