{
    "type": "instance",
    "class_path": "autofit.non_linear.samples.summary.SamplesSummary",
    "arguments": {
        "model": null,
        "errors_at_sigma_3": {
            "type": "list",
            "values": [
                {
                    "type": "tuple",
                    "values": [
                        0.11320029479763774,
                        0.09267715338404298
                    ]
                },
                {
                    "type": "tuple",
                    "values": [
                        0.0914687251085444,
                        0.09851645546379437
                    ]
                },
                {
                    "type": "tuple",
                    "values": [
                        0.05674849312966947,
                        0.10123579066894735
                    ]
                },
                {
                    "type": "tuple",
                    "values": [
                        0.09598485861200959,
                        0.06544708599214061
                    ]
                },
                {
                    "type": "tuple",
                    "values": [
                        0.0695261500702526,
                        0.08422154144802341
                    ]
                },
                {
                    "type": "tuple",
                    "values": [
                        0.08461863372953932,
                        0.052116575392618436
                    ]
                },
                {
                    "type": "tuple",
                    "values": [
                        0.08570659096310837,
                        0.05689997958020162
                    ]
                },
                {
                    "type": "tuple",
                    "values": [
                        0.08460810006693,
                        0.05861495709557453
                    ]
                }
            ]
        },
        "values_at_sigma_1": {
            "type": "list",
            "values": [
                {
                    "type": "tuple",
                    "values": [
                        -0.0714241331549826,
                        -0.014311318760647567
                    ]
                },
                {
                    "type": "tuple",
                    "values": [
                        0.1502573054018864,
                        0.19910740647011
                    ]
                },
                {
                    "type": "tuple",
                    "values": [
                        -0.03824074516084406,
                        0.01293670717534
                    ]
                },
                {
                    "type": "tuple",
                    "values": [
                        0.00432898637096,
                        0.058637130589916056
                    ]
                },
                {
                    "type": "tuple",
                    "values": [
                        -0.06166673818846,
                        0.0005375074050955214
                    ]
                },
                {
                    "type": "tuple",
                    "values": [
                        0.019740664067321934,
                        0.06206824840595
                    ]
                },
                {
                    "type": "tuple",
                    "values": [
                        0.0014151679353880888,
                        0.044989688742849476
                    ]
                },
                {
                    "type": "tuple",
                    "values": [
                        -0.01870580769472629,
                        0.03180155081556
                    ]
                }
            ]
        },
        "values_at_sigma_3": {
            "type": "list",
            "values": [
                {
                    "type": "tuple",
                    "values": [
                        -0.15472763546529775,
                        0.05114981271638297
                    ]
                },
                {
                    "type": "tuple",
                    "values": [
                        0.08269007764761,
                        0.27267525821994876
                    ]
                },
                {
                    "type": "tuple",
                    "values": [
                        -0.07417294206231,
                        0.08381134173630682
                    ]
                },
                {
                    "type": "tuple",
                    "values": [
                        -0.061080718063310196,
                        0.10035122654084
                    ]
                },
                {
                    "type": "tuple",
                    "values": [
                        -0.098631419921146,
                        0.05511627159713
                    ]
                },
                {
                    "type": "tuple",
                    "values": [
                        -0.04255423419700032,
                        0.09418097492515744
                    ]
                },
                {
                    "type": "tuple",
                    "values": [
                        -0.05999868208478,
                        0.08260788845853
                    ]
                },
                {
                    "type": "tuple",
                    "values": [
                        -0.07734975933249,
                        0.06587329783001453
                    ]
                }
            ]
        },
        "errors_at_sigma_1": {
            "type": "list",
            "values": [
                {
                    "type": "tuple",
                    "values": [
                        0.029896792487322597,
                        0.02721602190701243
                    ]
                },
                {
                    "type": "tuple",
                    "values": [
                        0.023901497354267998,
                        0.024948603713955603
                    ]
                },
                {
                    "type": "tuple",
                    "values": [
                        0.02081629622820353,
                        0.030361156107980528
                    ]
                },
                {
                    "type": "tuple",
                    "values": [
                        0.030575154177739393,
                        0.023732990041216664
                    ]
                },
                {
                    "type": "tuple",
                    "values": [
                        0.032561468337566596,
                        0.029642777255988927
                    ]
                },
                {
                    "type": "tuple",
                    "values": [
                        0.022323735465217067,
                        0.020003848873411
                    ]
                },
                {
                    "type": "tuple",
                    "values": [
                        0.02429274094294029,
                        0.0192817798645211
                    ]
                },
                {
                    "type": "tuple",
                    "values": [
                        0.02596414842916629,
                        0.02454321008112
                    ]
                }
            ]
        },
        "log_evidence": -22.950285153146826,
        "median_pdf_sample": {
            "type": "instance",
            "class_path": "autofit.non_linear.samples.sample.Sample",
            "arguments": {
                "log_likelihood": -7.019309457583911,
                "log_prior": 0.0,
                "weight": 0.0010285818569255563,
                "kwargs": {
                    "type": "dict",
                    "arguments": {
                        "ellipses.0.ell_comps.ell_comps_0": -0.04152734066766,
                        "ellipses.0.ell_comps.ell_comps_1": 0.1741588027561544,
                        "multipoles.0.multipole_1.multipole_comps.multipole_comps_0": -0.01742444893264053,
                        "multipoles.0.multipole_1.multipole_comps.multipole_comps_1": 0.03490414054869939,
                        "multipoles.0.multipole_3.multipole_comps.multipole_comps_0": -0.029105269850893404,
                        "multipoles.0.multipole_3.multipole_comps.multipole_comps_1": 0.042064399532539,
                        "multipoles.0.multipole_4.multipole_comps.multipole_comps_0": 0.025707908878328377,
                        "multipoles.0.multipole_4.multipole_comps.multipole_comps_1": 0.00725834073444
                    }
                }
            }
        },
        "max_log_likelihood_sample": {
            "type": "instance",
            "class_path": "autofit.non_linear.samples.sample.Sample",
            "arguments": {
                "log_likelihood": -7.019309457583911,
                "log_prior": 0.0,
                "weight": 0.0010285818569255563,
                "kwargs": {
                    "type": "dict",
                    "arguments": {
                        "ellipses.0.ell_comps.ell_comps_0": -0.03329300036949,
                        "ellipses.0.ell_comps.ell_comps_1": 0.17504187755096,
                        "multipoles.0.multipole_1.multipole_comps.multipole_comps_0": -0.0331033104238,
                        "multipoles.0.multipole_1.multipole_comps.multipole_comps_1": 0.04684220205003,
                        "multipoles.0.multipole_3.multipole_comps.multipole_comps_0": -0.00969561625659,
                        "multipoles.0.multipole_3.multipole_comps.multipole_comps_1": 0.04239787381808,
                        "multipoles.0.multipole_4.multipole_comps.multipole_comps_0": 0.03231454107003,
                        "multipoles.0.multipole_4.multipole_comps.multipole_comps_1": 0.01203646687322
                    }
                }
            }
        }
    }
}