{
    "type": "instance",
    "class_path": "autofit.non_linear.samples.summary.SamplesSummary",
    "arguments": {
        "values_at_sigma_1": {
            "type": "list",
            "values": [
                {
                    "type": "tuple",
                    "values": [
                        -0.00527117799429,
                        0.001662072140827045
                    ]
                },
                {
                    "type": "tuple",
                    "values": [
                        -0.047720779350019185,
                        -0.04065507124222775
                    ]
                },
                {
                    "type": "tuple",
                    "values": [
                        -0.0008886299200744262,
                        0.0006387226542843255
                    ]
                },
                {
                    "type": "tuple",
                    "values": [
                        0.00011738691676746494,
                        0.00146937252304
                    ]
                },
                {
                    "type": "tuple",
                    "values": [
                        -0.000775240245109893,
                        0.0008764275055058113
                    ]
                },
                {
                    "type": "tuple",
                    "values": [
                        0.0017413932168966425,
                        0.0038303867924908246
                    ]
                }
            ]
        },
        "log_evidence": -31.148935984852038,
        "values_at_sigma_3": {
            "type": "list",
            "values": [
                {
                    "type": "tuple",
                    "values": [
                        -0.011146651769938334,
                        0.008065762500239949
                    ]
                },
                {
                    "type": "tuple",
                    "values": [
                        -0.05540609868003,
                        -0.03502012790325257
                    ]
                },
                {
                    "type": "tuple",
                    "values": [
                        -0.0023228244886878574,
                        0.00232926603836
                    ]
                },
                {
                    "type": "tuple",
                    "values": [
                        -0.0015612169038365605,
                        0.0029791846981
                    ]
                },
                {
                    "type": "tuple",
                    "values": [
                        -0.0025411763564,
                        0.0027383390326822404
                    ]
                },
                {
                    "type": "tuple",
                    "values": [
                        0.00014503907988848617,
                        0.00594479092446
                    ]
                }
            ]
        },
        "model": null,
        "max_log_likelihood_sample": {
            "type": "instance",
            "class_path": "autofit.non_linear.samples.sample.Sample",
            "arguments": {
                "log_likelihood": -3.055136726191423,
                "log_prior": 0.0,
                "weight": 0.0009953518625395515,
                "kwargs": {
                    "type": "dict",
                    "arguments": {
                        "ellipses.0.ell_comps.ell_comps_0": -0.00065626375726,
                        "ellipses.0.ell_comps.ell_comps_1": -0.04545638036762,
                        "multipoles.0.multipole_3.multipole_comps.multipole_comps_0": 0.00011786710547,
                        "multipoles.0.multipole_3.multipole_comps.multipole_comps_1": 0.00079493669581,
                        "multipoles.0.multipole_4.multipole_comps.multipole_comps_0": -5.952363489e-05,
                        "multipoles.0.multipole_4.multipole_comps.multipole_comps_1": 0.00301749613868
                    }
                }
            }
        },
        "errors_at_sigma_1": {
            "type": "list",
            "values": [
                {
                    "type": "tuple",
                    "values": [
                        0.0033665563535000003,
                        0.003566693781617045
                    ]
                },
                {
                    "type": "tuple",
                    "values": [
                        0.0037847774381581586,
                        0.003280930669633274
                    ]
                },
                {
                    "type": "tuple",
                    "values": [
                        0.0008048638987536743,
                        0.0007224886756050774
                    ]
                },
                {
                    "type": "tuple",
                    "values": [
                        0.0007300942350392122,
                        0.0006218913712333229
                    ]
                },
                {
                    "type": "tuple",
                    "values": [
                        0.0009122321243225641,
                        0.0007394356262931402
                    ]
                },
                {
                    "type": "tuple",
                    "values": [
                        0.0009970629716333575,
                        0.0010919306039608246
                    ]
                }
            ]
        },
        "median_pdf_sample": {
            "type": "instance",
            "class_path": "autofit.non_linear.samples.sample.Sample",
            "arguments": {
                "log_likelihood": -3.055136726191423,
                "log_prior": 0.0,
                "weight": 0.0009953518625395515,
                "kwargs": {
                    "type": "dict",
                    "arguments": {
                        "ellipses.0.ell_comps.ell_comps_0": -0.00190462164079,
                        "ellipses.0.ell_comps.ell_comps_1": -0.043936001911861026,
                        "multipoles.0.multipole_3.multipole_comps.multipole_comps_0": -8.376602132075187e-05,
                        "multipoles.0.multipole_3.multipole_comps.multipole_comps_1": 0.0008474811518066771,
                        "multipoles.0.multipole_4.multipole_comps.multipole_comps_0": 0.0001369918792126711,
                        "multipoles.0.multipole_4.multipole_comps.multipole_comps_1": 0.00273845618853
                    }
                }
            }
        },
        "errors_at_sigma_3": {
            "type": "list",
            "values": [
                {
                    "type": "tuple",
                    "values": [
                        0.009242030129148334,
                        0.009970384141029949
                    ]
                },
                {
                    "type": "tuple",
                    "values": [
                        0.011470096768168972,
                        0.008915874008608458
                    ]
                },
                {
                    "type": "tuple",
                    "values": [
                        0.0022390584673671055,
                        0.002413032059680752
                    ]
                },
                {
                    "type": "tuple",
                    "values": [
                        0.0024086980556432378,
                        0.0021317035462933226
                    ]
                },
                {
                    "type": "tuple",
                    "values": [
                        0.0026781682356126707,
                        0.0026013471534695695
                    ]
                },
                {
                    "type": "tuple",
                    "values": [
                        0.002593417108641514,
                        0.00320633473593
                    ]
                }
            ]
        }
    }
}