{
    "type": "instance",
    "class_path": "autofit.non_linear.samples.summary.SamplesSummary",
    "arguments": {
        "errors_at_sigma_1": {
            "type": "list",
            "values": [
                {
                    "type": "tuple",
                    "values": [
                        0.001817838860060747,
                        0.002715655596760319
                    ]
                },
                {
                    "type": "tuple",
                    "values": [
                        0.0029649470599308336,
                        0.002527984312370557
                    ]
                }
            ]
        },
        "log_evidence": -29.678666054500226,
        "max_log_likelihood_sample": {
            "type": "instance",
            "class_path": "autofit.non_linear.samples.sample.Sample",
            "arguments": {
                "log_likelihood": -18.85503609111348,
                "log_prior": 0.0,
                "weight": 0.000983071131733156,
                "kwargs": {
                    "type": "dict",
                    "arguments": {
                        "ellipses.0.ell_comps.ell_comps_0": -0.09662760136599,
                        "ellipses.0.ell_comps.ell_comps_1": 0.08380897472345
                    }
                }
            }
        },
        "values_at_sigma_1": {
            "type": "list",
            "values": [
                {
                    "type": "tuple",
                    "values": [
                        -0.09879604661891106,
                        -0.09426255216209
                    ]
                },
                {
                    "type": "tuple",
                    "values": [
                        0.0811762405647034,
                        0.0866691719370048
                    ]
                }
            ]
        },
        "errors_at_sigma_3": {
            "type": "list",
            "values": [
                {
                    "type": "tuple",
                    "values": [
                        0.006992043596999689,
                        0.007618776710920316
                    ]
                },
                {
                    "type": "tuple",
                    "values": [
                        0.007391527648201668,
                        0.007084421464293847
                    ]
                }
            ]
        },
        "model": null,
        "values_at_sigma_3": {
            "type": "list",
            "values": [
                {
                    "type": "tuple",
                    "values": [
                        -0.10397025135585,
                        -0.08935943104793
                    ]
                },
                {
                    "type": "tuple",
                    "values": [
                        0.07674965997643257,
                        0.09122560908892809
                    ]
                }
            ]
        },
        "median_pdf_sample": {
            "type": "instance",
            "class_path": "autofit.non_linear.samples.sample.Sample",
            "arguments": {
                "log_likelihood": -18.85503609111348,
                "log_prior": 0.0,
                "weight": 0.000983071131733156,
                "kwargs": {
                    "type": "dict",
                    "arguments": {
                        "ellipses.0.ell_comps.ell_comps_0": -0.09697820775885031,
                        "ellipses.0.ell_comps.ell_comps_1": 0.08414118762463424
                    }
                }
            }
        }
    }
}