{
    "type": "instance",
    "class_path": "autofit.non_linear.samples.summary.SamplesSummary",
    "arguments": {
        "values_at_sigma_3": {
            "type": "list",
            "values": [
                {
                    "type": "tuple",
                    "values": [
                        -0.010131975898871893,
                        -0.002885844081705499
                    ]
                },
                {
                    "type": "tuple",
                    "values": [
                        -0.009012155112756305,
                        0.003107949518278333
                    ]
                },
                {
                    "type": "tuple",
                    "values": [
                        -0.03720214996619498,
                        0.017720418054040017
                    ]
                },
                {
                    "type": "tuple",
                    "values": [
                        0.08019778607103623,
                        0.1121605006078264
                    ]
                },
                {
                    "type": "tuple",
                    "values": [
                        -0.00917814188514,
                        0.0045499742778373166
                    ]
                },
                {
                    "type": "tuple",
                    "values": [
                        -0.0024983051919222057,
                        0.011422998421985887
                    ]
                },
                {
                    "type": "tuple",
                    "values": [
                        -0.004224524730610854,
                        0.008920375260331343
                    ]
                },
                {
                    "type": "tuple",
                    "values": [
                        -0.00676411627398,
                        0.010989430529265386
                    ]
                },
                {
                    "type": "tuple",
                    "values": [
                        -0.00392636186519,
                        0.01156309645265
                    ]
                },
                {
                    "type": "tuple",
                    "values": [
                        -0.007099495465318844,
                        0.006063542395437398
                    ]
                },
                {
                    "type": "tuple",
                    "values": [
                        -0.04540823260889,
                        -0.007036278269126421
                    ]
                },
                {
                    "type": "tuple",
                    "values": [
                        0.07582798005063139,
                        0.12356399186357
                    ]
                },
                {
                    "type": "tuple",
                    "values": [
                        -0.01343472902812,
                        0.02138610280099424
                    ]
                },
                {
                    "type": "tuple",
                    "values": [
                        -0.02132410453718,
                        0.0140905176231
                    ]
                },
                {
                    "type": "tuple",
                    "values": [
                        -0.011757213008142966,
                        0.0060203187778
                    ]
                },
                {
                    "type": "tuple",
                    "values": [
                        -0.023856974824483894,
                        0.001978039299213969
                    ]
                },
                {
                    "type": "tuple",
                    "values": [
                        -0.01803435483346,
                        0.03271507298014409
                    ]
                },
                {
                    "type": "tuple",
                    "values": [
                        -0.012333928501450138,
                        0.01767636653857488
                    ]
                },
                {
                    "type": "tuple",
                    "values": [
                        -0.08236258313107073,
                        0.037969849761600824
                    ]
                },
                {
                    "type": "tuple",
                    "values": [
                        0.05374401637753107,
                        0.16101888565673
                    ]
                },
                {
                    "type": "tuple",
                    "values": [
                        0.01670088703333,
                        0.062129905974360786
                    ]
                },
                {
                    "type": "tuple",
                    "values": [
                        -0.07474914613376,
                        -0.012583753445572244
                    ]
                },
                {
                    "type": "tuple",
                    "values": [
                        0.005470901417841339,
                        0.033089780667
                    ]
                },
                {
                    "type": "tuple",
                    "values": [
                        -0.0196237798236,
                        0.018166829713120218
                    ]
                },
                {
                    "type": "tuple",
                    "values": [
                        -0.008335966163015069,
                        0.03484663481941109
                    ]
                },
                {
                    "type": "tuple",
                    "values": [
                        -0.0404044864773,
                        0.022710065887124903
                    ]
                },
                {
                    "type": "tuple",
                    "values": [
                        -0.06438095294456,
                        0.08280235765560555
                    ]
                },
                {
                    "type": "tuple",
                    "values": [
                        0.03864982340905,
                        0.14144560893902758
                    ]
                },
                {
                    "type": "tuple",
                    "values": [
                        -0.01882493737599,
                        0.03783575749911871
                    ]
                },
                {
                    "type": "tuple",
                    "values": [
                        -0.05811114936099459,
                        -0.00391703138916
                    ]
                },
                {
                    "type": "tuple",
                    "values": [
                        -0.016312092274324872,
                        0.03268846813190191
                    ]
                },
                {
                    "type": "tuple",
                    "values": [
                        0.00562545630573888,
                        0.03835711254468
                    ]
                },
                {
                    "type": "tuple",
                    "values": [
                        -0.0052252266391406964,
                        0.022279794821432247
                    ]
                },
                {
                    "type": "tuple",
                    "values": [
                        -0.04266082194090744,
                        0.008335533602794083
                    ]
                },
                {
                    "type": "tuple",
                    "values": [
                        0.01347145474099,
                        0.20168060140510963
                    ]
                },
                {
                    "type": "tuple",
                    "values": [
                        -0.11673245611067352,
                        0.04559898596477
                    ]
                },
                {
                    "type": "tuple",
                    "values": [
                        -0.046520909789946406,
                        0.04807245506674286
                    ]
                },
                {
                    "type": "tuple",
                    "values": [
                        -0.02836954684147,
                        0.0261611215537732
                    ]
                },
                {
                    "type": "tuple",
                    "values": [
                        -0.003228321802399088,
                        0.04816039715502
                    ]
                },
                {
                    "type": "tuple",
                    "values": [
                        -0.02678454962455,
                        0.023153951040992684
                    ]
                },
                {
                    "type": "tuple",
                    "values": [
                        -0.06608089077101154,
                        -0.03007515133632642
                    ]
                },
                {
                    "type": "tuple",
                    "values": [
                        -0.04036895555155,
                        -0.010666365709456312
                    ]
                }
            ]
        },
        "errors_at_sigma_3": {
            "type": "list",
            "values": [
                {
                    "type": "tuple",
                    "values": [
                        0.004052492793265858,
                        0.0031936390239005364
                    ]
                },
                {
                    "type": "tuple",
                    "values": [
                        0.008190162947526305,
                        0.003929941683508333
                    ]
                },
                {
                    "type": "tuple",
                    "values": [
                        0.024045412769764983,
                        0.030877155250470016
                    ]
                },
                {
                    "type": "tuple",
                    "values": [
                        0.01348254531149684,
                        0.01848016922529333
                    ]
                },
                {
                    "type": "tuple",
                    "values": [
                        0.005862736849218797,
                        0.00786537931375852
                    ]
                },
                {
                    "type": "tuple",
                    "values": [
                        0.005425065084692206,
                        0.008496238529215888
                    ]
                },
                {
                    "type": "tuple",
                    "values": [
                        0.004643578987767375,
                        0.008501321003174822
                    ]
                },
                {
                    "type": "tuple",
                    "values": [
                        0.00992441051141,
                        0.007829136291835386
                    ]
                },
                {
                    "type": "tuple",
                    "values": [
                        0.006084279994670001,
                        0.00940517832317
                    ]
                },
                {
                    "type": "tuple",
                    "values": [
                        0.005362947765144259,
                        0.007800090095611983
                    ]
                },
                {
                    "type": "tuple",
                    "values": [
                        0.01509579928637,
                        0.02327615505339358
                    ]
                },
                {
                    "type": "tuple",
                    "values": [
                        0.01909139013834861,
                        0.028644621674590004
                    ]
                },
                {
                    "type": "tuple",
                    "values": [
                        0.016103463759001402,
                        0.01871736807011284
                    ]
                },
                {
                    "type": "tuple",
                    "values": [
                        0.01703178792267,
                        0.018382834237610002
                    ]
                },
                {
                    "type": "tuple",
                    "values": [
                        0.006862625403119627,
                        0.01091490638282334
                    ]
                },
                {
                    "type": "tuple",
                    "values": [
                        0.009352751011892957,
                        0.016482263111804906
                    ]
                },
                {
                    "type": "tuple",
                    "values": [
                        0.021342129962746436,
                        0.029407297850857654
                    ]
                },
                {
                    "type": "tuple",
                    "values": [
                        0.01025488057941718,
                        0.01975541446060784
                    ]
                },
                {
                    "type": "tuple",
                    "values": [
                        0.047513567695300726,
                        0.07281886519737082
                    ]
                },
                {
                    "type": "tuple",
                    "values": [
                        0.01678756537417922,
                        0.09048730390501972
                    ]
                },
                {
                    "type": "tuple",
                    "values": [
                        0.02048455798048,
                        0.024944460960550786
                    ]
                },
                {
                    "type": "tuple",
                    "values": [
                        0.03172283583917655,
                        0.03044255684901121
                    ]
                },
                {
                    "type": "tuple",
                    "values": [
                        0.01248564801456866,
                        0.015133231234590004
                    ]
                },
                {
                    "type": "tuple",
                    "values": [
                        0.021815191049687415,
                        0.015975418487032805
                    ]
                },
                {
                    "type": "tuple",
                    "values": [
                        0.018031827618339345,
                        0.02515077336408681
                    ]
                },
                {
                    "type": "tuple",
                    "values": [
                        0.038572542076,
                        0.0245420102884249
                    ]
                },
                {
                    "type": "tuple",
                    "values": [
                        0.06874883865665,
                        0.07843447194351555
                    ]
                },
                {
                    "type": "tuple",
                    "values": [
                        0.07528379331764369,
                        0.027511992212333886
                    ]
                },
                {
                    "type": "tuple",
                    "values": [
                        0.03422418503471866,
                        0.02243650984039005
                    ]
                },
                {
                    "type": "tuple",
                    "values": [
                        0.031381104809503554,
                        0.02281301316233103
                    ]
                },
                {
                    "type": "tuple",
                    "values": [
                        0.019451528850884872,
                        0.02954903155534191
                    ]
                },
                {
                    "type": "tuple",
                    "values": [
                        0.01347941037936868,
                        0.019252245859572442
                    ]
                },
                {
                    "type": "tuple",
                    "values": [
                        0.018754941613598662,
                        0.00875007984697428
                    ]
                },
                {
                    "type": "tuple",
                    "values": [
                        0.028958078034789017,
                        0.022038277508912504
                    ]
                },
                {
                    "type": "tuple",
                    "values": [
                        0.12989890869812037,
                        0.05831023796599927
                    ]
                },
                {
                    "type": "tuple",
                    "values": [
                        0.1077472489425416,
                        0.05458419313290193
                    ]
                },
                {
                    "type": "tuple",
                    "values": [
                        0.03097415080944956,
                        0.0636192140472397
                    ]
                },
                {
                    "type": "tuple",
                    "values": [
                        0.0379624882082787,
                        0.0165681801869645
                    ]
                },
                {
                    "type": "tuple",
                    "values": [
                        0.01708639292632909,
                        0.03430232603109
                    ]
                },
                {
                    "type": "tuple",
                    "values": [
                        0.03075781301739,
                        0.019180687648152683
                    ]
                },
                {
                    "type": "tuple",
                    "values": [
                        0.014385079808770171,
                        0.021620659625914945
                    ]
                },
                {
                    "type": "tuple",
                    "values": [
                        0.012926221712829998,
                        0.01677636812926369
                    ]
                }
            ]
        },
        "model": null,
        "median_pdf_sample": {
            "type": "instance",
            "class_path": "autofit.non_linear.samples.sample.Sample",
            "arguments": {
                "log_likelihood": -114.71672106923387,
                "log_prior": 0.0,
                "weight": 0.0009215171458904469,
                "kwargs": {
                    "type": "dict",
                    "arguments": {
                        "ellipses.ellipse_4.centre.centre_0": -0.006079483105606035,
                        "ellipses.ellipse_4.centre.centre_1": -0.00082199216523,
                        "ellipses.ellipse_0.ell_comps.ell_comps_0": -0.01315673719643,
                        "ellipses.ellipse_0.ell_comps.ell_comps_1": 0.09368033138253307,
                        "multipoles.0.multipole_1.multipole_comps.multipole_comps_0": -0.003315405035921203,
                        "multipoles.0.multipole_1.multipole_comps.multipole_comps_1": 0.00292675989277,
                        "multipoles.0.multipole_3.multipole_comps.multipole_comps_0": 0.0004190542571565205,
                        "multipoles.0.multipole_3.multipole_comps.multipole_comps_1": 0.00316029423743,
                        "multipoles.0.multipole_4.multipole_comps.multipole_comps_0": 0.00215791812948,
                        "multipoles.0.multipole_4.multipole_comps.multipole_comps_1": -0.0017365477001745852,
                        "ellipses.ellipse_1.ell_comps.ell_comps_0": -0.03031243332252,
                        "ellipses.ellipse_1.ell_comps.ell_comps_1": 0.09491937018898,
                        "multipoles.1.multipole_1.multipole_comps.multipole_comps_0": 0.0026687347308814004,
                        "multipoles.1.multipole_1.multipole_comps.multipole_comps_1": -0.00429231661451,
                        "multipoles.1.multipole_3.multipole_comps.multipole_comps_0": -0.004894587605023339,
                        "multipoles.1.multipole_3.multipole_comps.multipole_comps_1": -0.014504223812590937,
                        "multipoles.1.multipole_4.multipole_comps.multipole_comps_0": 0.0033077751292864333,
                        "multipoles.1.multipole_4.multipole_comps.multipole_comps_1": -0.002079047922032958,
                        "ellipses.ellipse_2.ell_comps.ell_comps_0": -0.03484901543577,
                        "ellipses.ellipse_2.ell_comps.ell_comps_1": 0.07053158175171029,
                        "multipoles.2.multipole_1.multipole_comps.multipole_comps_0": 0.03718544501381,
                        "multipoles.2.multipole_1.multipole_comps.multipole_comps_1": -0.04302631029458345,
                        "multipoles.2.multipole_3.multipole_comps.multipole_comps_0": 0.01795654943241,
                        "multipoles.2.multipole_3.multipole_comps.multipole_comps_1": 0.002191411226087414,
                        "multipoles.2.multipole_4.multipole_comps.multipole_comps_0": 0.009695861455324278,
                        "multipoles.2.multipole_4.multipole_comps.multipole_comps_1": -0.0018319444013,
                        "ellipses.ellipse_3.ell_comps.ell_comps_0": 0.00436788571209,
                        "ellipses.ellipse_3.ell_comps.ell_comps_1": 0.11393361672669369,
                        "multipoles.3.multipole_1.multipole_comps.multipole_comps_0": 0.01539924765872866,
                        "multipoles.3.multipole_1.multipole_comps.multipole_comps_1": -0.02673004455149103,
                        "multipoles.3.multipole_3.multipole_comps.multipole_comps_0": 0.00313943657656,
                        "multipoles.3.multipole_3.multipole_comps.multipole_comps_1": 0.01910486668510756,
                        "multipoles.3.multipole_4.multipole_comps.multipole_comps_0": 0.013529714974457967,
                        "multipoles.3.multipole_4.multipole_comps.multipole_comps_1": -0.013702743906118421,
                        "ellipses.ellipse_4.ell_comps.ell_comps_0": 0.14337036343911036,
                        "ellipses.ellipse_4.ell_comps.ell_comps_1": -0.008985207168131924,
                        "multipoles.4.multipole_1.multipole_comps.multipole_comps_0": -0.015546758980496848,
                        "multipoles.4.multipole_1.multipole_comps.multipole_comps_1": 0.009592941366808699,
                        "multipoles.4.multipole_3.multipole_comps.multipole_comps_0": 0.01385807112393,
                        "multipoles.4.multipole_3.multipole_comps.multipole_comps_1": 0.00397326339284,
                        "multipoles.4.multipole_4.multipole_comps.multipole_comps_0": -0.051695810962241365,
                        "multipoles.4.multipole_4.multipole_comps.multipole_comps_1": -0.02744273383872
                    }
                }
            }
        },
        "values_at_sigma_1": {
            "type": "list",
            "values": [
                {
                    "type": "tuple",
                    "values": [
                        -0.00749094220038,
                        -0.00482808556634
                    ]
                },
                {
                    "type": "tuple",
                    "values": [
                        -0.00357609206331,
                        0.000600293945591873
                    ]
                },
                {
                    "type": "tuple",
                    "values": [
                        -0.026176674810481974,
                        -0.00393797752376
                    ]
                },
                {
                    "type": "tuple",
                    "values": [
                        0.08871668538248,
                        0.09941819035328
                    ]
                },
                {
                    "type": "tuple",
                    "values": [
                        -0.0056156243311503064,
                        0.00024150278338402358
                    ]
                },
                {
                    "type": "tuple",
                    "values": [
                        0.0011829282122014033,
                        0.00441043723944
                    ]
                },
                {
                    "type": "tuple",
                    "values": [
                        -0.0006045095023261125,
                        0.00394805673784
                    ]
                },
                {
                    "type": "tuple",
                    "values": [
                        -0.00165548116521,
                        0.00726662900082
                    ]
                },
                {
                    "type": "tuple",
                    "values": [
                        -0.001065718259361442,
                        0.008305986431162567
                    ]
                },
                {
                    "type": "tuple",
                    "values": [
                        -0.0045765717207,
                        0.0027608099691718087
                    ]
                },
                {
                    "type": "tuple",
                    "values": [
                        -0.03559592318782,
                        -0.024193433276287302
                    ]
                },
                {
                    "type": "tuple",
                    "values": [
                        0.0899480602980251,
                        0.10577253941990182
                    ]
                },
                {
                    "type": "tuple",
                    "values": [
                        -0.00632500638094985,
                        0.01069853149784
                    ]
                },
                {
                    "type": "tuple",
                    "values": [
                        -0.010109028016851089,
                        0.00304900176981
                    ]
                },
                {
                    "type": "tuple",
                    "values": [
                        -0.007777017505608927,
                        0.0019764554554
                    ]
                },
                {
                    "type": "tuple",
                    "values": [
                        -0.016812087027070346,
                        -0.01220257399866
                    ]
                },
                {
                    "type": "tuple",
                    "values": [
                        -0.006333336875347759,
                        0.007523516575601881
                    ]
                },
                {
                    "type": "tuple",
                    "values": [
                        -0.00639911529722,
                        0.00671396244959
                    ]
                },
                {
                    "type": "tuple",
                    "values": [
                        -0.04338989980674274,
                        -0.02537937956970806
                    ]
                },
                {
                    "type": "tuple",
                    "values": [
                        0.06401110704718,
                        0.08219196865793961
                    ]
                },
                {
                    "type": "tuple",
                    "values": [
                        0.02807596137564,
                        0.048566402001518356
                    ]
                },
                {
                    "type": "tuple",
                    "values": [
                        -0.0585765492558,
                        -0.033167217016415375
                    ]
                },
                {
                    "type": "tuple",
                    "values": [
                        0.0149386466876,
                        0.01992615787753
                    ]
                },
                {
                    "type": "tuple",
                    "values": [
                        -0.00576410881436,
                        0.00940725057532591
                    ]
                },
                {
                    "type": "tuple",
                    "values": [
                        0.0018637770331998513,
                        0.014913653629310561
                    ]
                },
                {
                    "type": "tuple",
                    "values": [
                        -0.01240765607134,
                        0.012892258199060402
                    ]
                },
                {
                    "type": "tuple",
                    "values": [
                        -0.030824758626601858,
                        0.011820360906367774
                    ]
                },
                {
                    "type": "tuple",
                    "values": [
                        0.07301443786971529,
                        0.1269582937515
                    ]
                },
                {
                    "type": "tuple",
                    "values": [
                        -0.00287994976429,
                        0.02319321849845
                    ]
                },
                {
                    "type": "tuple",
                    "values": [
                        -0.037956378639792475,
                        -0.017972599039793025
                    ]
                },
                {
                    "type": "tuple",
                    "values": [
                        -0.00345402901262,
                        0.008823215038128404
                    ]
                },
                {
                    "type": "tuple",
                    "values": [
                        0.01402502196931,
                        0.02501700864517765
                    ]
                },
                {
                    "type": "tuple",
                    "values": [
                        0.00545279707395,
                        0.01644407628382
                    ]
                },
                {
                    "type": "tuple",
                    "values": [
                        -0.023886083612668918,
                        -0.0031794988377732048
                    ]
                },
                {
                    "type": "tuple",
                    "values": [
                        0.133742704978222,
                        0.19643216412031
                    ]
                },
                {
                    "type": "tuple",
                    "values": [
                        -0.02956706889705,
                        0.0045705583516
                    ]
                },
                {
                    "type": "tuple",
                    "values": [
                        -0.03163797410072047,
                        -0.00094339181829
                    ]
                },
                {
                    "type": "tuple",
                    "values": [
                        0.003413442123366551,
                        0.016767986550199943
                    ]
                },
                {
                    "type": "tuple",
                    "values": [
                        0.00485591230972,
                        0.02343076812428
                    ]
                },
                {
                    "type": "tuple",
                    "values": [
                        -0.005594454868603528,
                        0.011092776367245127
                    ]
                },
                {
                    "type": "tuple",
                    "values": [
                        -0.05606730819961,
                        -0.04268651347713
                    ]
                },
                {
                    "type": "tuple",
                    "values": [
                        -0.03091511012242,
                        -0.022481968026887716
                    ]
                }
            ]
        },
        "log_evidence": -165.90128905742745,
        "errors_at_sigma_1": {
            "type": "list",
            "values": [
                {
                    "type": "tuple",
                    "values": [
                        0.001411459094773965,
                        0.001251397539266035
                    ]
                },
                {
                    "type": "tuple",
                    "values": [
                        0.00275409989808,
                        0.001422286110821873
                    ]
                },
                {
                    "type": "tuple",
                    "values": [
                        0.013019937614051973,
                        0.00921875967267
                    ]
                },
                {
                    "type": "tuple",
                    "values": [
                        0.004963646000053071,
                        0.00573785897074694
                    ]
                },
                {
                    "type": "tuple",
                    "values": [
                        0.0023002192952291034,
                        0.0035569078193052267
                    ]
                },
                {
                    "type": "tuple",
                    "values": [
                        0.0017438316805685966,
                        0.0014836773466699997
                    ]
                },
                {
                    "type": "tuple",
                    "values": [
                        0.001023563759482633,
                        0.00352900248068348
                    ]
                },
                {
                    "type": "tuple",
                    "values": [
                        0.00481577540264,
                        0.00410633476339
                    ]
                },
                {
                    "type": "tuple",
                    "values": [
                        0.003223636388841442,
                        0.006148068301682567
                    ]
                },
                {
                    "type": "tuple",
                    "values": [
                        0.002840024020525415,
                        0.004497357669346394
                    ]
                },
                {
                    "type": "tuple",
                    "values": [
                        0.005283489865299997,
                        0.006119000046232698
                    ]
                },
                {
                    "type": "tuple",
                    "values": [
                        0.0049713098909549,
                        0.01085316923092182
                    ]
                },
                {
                    "type": "tuple",
                    "values": [
                        0.00899374111183125,
                        0.0080297967669586
                    ]
                },
                {
                    "type": "tuple",
                    "values": [
                        0.005816711402341089,
                        0.007341318384320001
                    ]
                },
                {
                    "type": "tuple",
                    "values": [
                        0.0028824299005855876,
                        0.006871043060423339
                    ]
                },
                {
                    "type": "tuple",
                    "values": [
                        0.0023078632144794085,
                        0.0023016498139309376
                    ]
                },
                {
                    "type": "tuple",
                    "values": [
                        0.009641112004634193,
                        0.004215741446315448
                    ]
                },
                {
                    "type": "tuple",
                    "values": [
                        0.0043200673751870415,
                        0.008793010371622959
                    ]
                },
                {
                    "type": "tuple",
                    "values": [
                        0.008540884370972737,
                        0.009469635866061941
                    ]
                },
                {
                    "type": "tuple",
                    "values": [
                        0.0065204747045302935,
                        0.011660386906229323
                    ]
                },
                {
                    "type": "tuple",
                    "values": [
                        0.009109483638169998,
                        0.011380956987708357
                    ]
                },
                {
                    "type": "tuple",
                    "values": [
                        0.015550238961216545,
                        0.009859093278168078
                    ]
                },
                {
                    "type": "tuple",
                    "values": [
                        0.0030179027448099995,
                        0.001969608445120001
                    ]
                },
                {
                    "type": "tuple",
                    "values": [
                        0.007955520040447413,
                        0.007215839349238497
                    ]
                },
                {
                    "type": "tuple",
                    "values": [
                        0.007832084422124427,
                        0.005217792173986283
                    ]
                },
                {
                    "type": "tuple",
                    "values": [
                        0.010575711670039999,
                        0.014724202600360402
                    ]
                },
                {
                    "type": "tuple",
                    "values": [
                        0.03519264433869186,
                        0.0074524751942777745
                    ]
                },
                {
                    "type": "tuple",
                    "values": [
                        0.040919178856978405,
                        0.013024677024806308
                    ]
                },
                {
                    "type": "tuple",
                    "values": [
                        0.01827919742301866,
                        0.007793970839721342
                    ]
                },
                {
                    "type": "tuple",
                    "values": [
                        0.011226334088301444,
                        0.008757445511698006
                    ]
                },
                {
                    "type": "tuple",
                    "values": [
                        0.00659346558918,
                        0.005683778461568404
                    ]
                },
                {
                    "type": "tuple",
                    "values": [
                        0.005079844715797558,
                        0.005912141960070092
                    ]
                },
                {
                    "type": "tuple",
                    "values": [
                        0.008076917900507966,
                        0.0029143613093620332
                    ]
                },
                {
                    "type": "tuple",
                    "values": [
                        0.010183339706550497,
                        0.010523245068345217
                    ]
                },
                {
                    "type": "tuple",
                    "values": [
                        0.009627658460888366,
                        0.053061800681199645
                    ]
                },
                {
                    "type": "tuple",
                    "values": [
                        0.020581861728918075,
                        0.013555765519731923
                    ]
                },
                {
                    "type": "tuple",
                    "values": [
                        0.016091215120223625,
                        0.014603367162206848
                    ]
                },
                {
                    "type": "tuple",
                    "values": [
                        0.006179499243442148,
                        0.007175045183391245
                    ]
                },
                {
                    "type": "tuple",
                    "values": [
                        0.00900215881421,
                        0.009572697000350001
                    ]
                },
                {
                    "type": "tuple",
                    "values": [
                        0.00956771826144353,
                        0.007119512974405127
                    ]
                },
                {
                    "type": "tuple",
                    "values": [
                        0.004371497237368634,
                        0.009009297485111367
                    ]
                },
                {
                    "type": "tuple",
                    "values": [
                        0.0034723762837000002,
                        0.004960765811832284
                    ]
                }
            ]
        },
        "max_log_likelihood_sample": {
            "type": "instance",
            "class_path": "autofit.non_linear.samples.sample.Sample",
            "arguments": {
                "log_likelihood": -114.71672106923387,
                "log_prior": 0.0,
                "weight": 0.0009215171458904469,
                "kwargs": {
                    "type": "dict",
                    "arguments": {
                        "ellipses.ellipse_4.centre.centre_0": -0.00571210328799,
                        "ellipses.ellipse_4.centre.centre_1": 3.913833234e-05,
                        "ellipses.ellipse_0.ell_comps.ell_comps_0": -0.02351536281837,
                        "ellipses.ellipse_0.ell_comps.ell_comps_1": 0.09196546354777,
                        "multipoles.0.multipole_1.multipole_comps.multipole_comps_0": -0.00494889460593,
                        "multipoles.0.multipole_1.multipole_comps.multipole_comps_1": 0.00376765236707,
                        "multipoles.0.multipole_3.multipole_comps.multipole_comps_0": -0.00108954736636,
                        "multipoles.0.multipole_3.multipole_comps.multipole_comps_1": 0.00537131141199,
                        "multipoles.0.multipole_4.multipole_comps.multipole_comps_0": 0.00462422708938,
                        "multipoles.0.multipole_4.multipole_comps.multipole_comps_1": -0.00138145205057,
                        "ellipses.ellipse_1.ell_comps.ell_comps_0": -0.02683971906232,
                        "ellipses.ellipse_1.ell_comps.ell_comps_1": 0.09771425798937,
                        "multipoles.1.multipole_1.multipole_comps.multipole_comps_0": -0.00320699860326,
                        "multipoles.1.multipole_1.multipole_comps.multipole_comps_1": -0.00431450823644,
                        "multipoles.1.multipole_3.multipole_comps.multipole_comps_0": -0.00753399098832,
                        "multipoles.1.multipole_3.multipole_comps.multipole_comps_1": -0.01485192245101,
                        "multipoles.1.multipole_4.multipole_comps.multipole_comps_0": 0.00086232868378,
                        "multipoles.1.multipole_4.multipole_comps.multipole_comps_1": -0.00095083303735,
                        "ellipses.ellipse_2.ell_comps.ell_comps_0": -0.03376510732188,
                        "ellipses.ellipse_2.ell_comps.ell_comps_1": 0.06723767026612,
                        "multipoles.2.multipole_1.multipole_comps.multipole_comps_0": 0.03933755373496,
                        "multipoles.2.multipole_1.multipole_comps.multipole_comps_1": -0.03820273292051,
                        "multipoles.2.multipole_3.multipole_comps.multipole_comps_0": 0.01623230832021,
                        "multipoles.2.multipole_3.multipole_comps.multipole_comps_1": 0.0073452318707,
                        "multipoles.2.multipole_4.multipole_comps.multipole_comps_0": 0.00812405784085,
                        "multipoles.2.multipole_4.multipole_comps.multipole_comps_1": 0.00609833024447,
                        "ellipses.ellipse_3.ell_comps.ell_comps_0": 0.0093640128528,
                        "ellipses.ellipse_3.ell_comps.ell_comps_1": 0.11379721970949,
                        "multipoles.3.multipole_1.multipole_comps.multipole_comps_0": 0.02239907866698,
                        "multipoles.3.multipole_1.multipole_comps.multipole_comps_1": -0.02631345424467,
                        "multipoles.3.multipole_3.multipole_comps.multipole_comps_0": 0.00392825205003,
                        "multipoles.3.multipole_3.multipole_comps.multipole_comps_1": 0.01948185248413,
                        "multipoles.3.multipole_4.multipole_comps.multipole_comps_0": 0.01453178722165,
                        "multipoles.3.multipole_4.multipole_comps.multipole_comps_1": -0.01081858362182,
                        "ellipses.ellipse_4.ell_comps.ell_comps_0": 0.13477892250632,
                        "ellipses.ellipse_4.ell_comps.ell_comps_1": 0.00118118132974,
                        "multipoles.4.multipole_1.multipole_comps.multipole_comps_0": -0.02072185756027,
                        "multipoles.4.multipole_1.multipole_comps.multipole_comps_1": 0.01260890629784,
                        "multipoles.4.multipole_3.multipole_comps.multipole_comps_0": 0.01190756456818,
                        "multipoles.4.multipole_3.multipole_comps.multipole_comps_1": 0.00322604976524,
                        "multipoles.4.multipole_4.multipole_comps.multipole_comps_0": -0.05471814996424,
                        "multipoles.4.multipole_4.multipole_comps.multipole_comps_1": -0.02429416535625
                    }
                }
            }
        }
    }
}