{
    "type": "instance",
    "class_path": "autofit.non_linear.samples.summary.SamplesSummary",
    "arguments": {
        "errors_at_sigma_1": {
            "type": "list",
            "values": [
                {
                    "type": "tuple",
                    "values": [
                        0.01815348375758702,
                        0.021232206230367152
                    ]
                },
                {
                    "type": "tuple",
                    "values": [
                        0.0344615688174182,
                        0.054462277001379886
                    ]
                },
                {
                    "type": "tuple",
                    "values": [
                        0.08576951401288155,
                        0.16476649151596306
                    ]
                },
                {
                    "type": "tuple",
                    "values": [
                        0.04180126431291598,
                        0.06316983145253402
                    ]
                },
                {
                    "type": "tuple",
                    "values": [
                        0.05567573882873825,
                        0.03814204077836126
                    ]
                },
                {
                    "type": "tuple",
                    "values": [
                        0.046280007816725005,
                        0.05433042424216422
                    ]
                },
                {
                    "type": "tuple",
                    "values": [
                        0.05489427903645432,
                        0.02981836043552799
                    ]
                },
                {
                    "type": "tuple",
                    "values": [
                        0.0235424824566581,
                        0.020052672715201898
                    ]
                }
            ]
        },
        "values_at_sigma_1": {
            "type": "list",
            "values": [
                {
                    "type": "tuple",
                    "values": [
                        -0.09636724058619,
                        -0.056981550598235835
                    ]
                },
                {
                    "type": "tuple",
                    "values": [
                        -0.0502360566769782,
                        0.03868778914181988
                    ]
                },
                {
                    "type": "tuple",
                    "values": [
                        -0.1442850809608846,
                        0.10625092456796
                    ]
                },
                {
                    "type": "tuple",
                    "values": [
                        -0.01668475703381,
                        0.08828633873164
                    ]
                },
                {
                    "type": "tuple",
                    "values": [
                        -0.0705746293571995,
                        0.0232431502499
                    ]
                },
                {
                    "type": "tuple",
                    "values": [
                        -0.075209432225475,
                        0.025400999833414224
                    ]
                },
                {
                    "type": "tuple",
                    "values": [
                        -0.06488804948024,
                        0.019824589991742313
                    ]
                },
                {
                    "type": "tuple",
                    "values": [
                        0.01974990006488,
                        0.06334505523674
                    ]
                }
            ]
        },
        "values_at_sigma_3": {
            "type": "list",
            "values": [
                {
                    "type": "tuple",
                    "values": [
                        -0.14947019822851,
                        0.15760007195075
                    ]
                },
                {
                    "type": "tuple",
                    "values": [
                        -0.14954305389713962,
                        0.07107154593273211
                    ]
                },
                {
                    "type": "tuple",
                    "values": [
                        -0.18051780736225995,
                        0.17760497630707
                    ]
                },
                {
                    "type": "tuple",
                    "values": [
                        -0.13488325383485,
                        0.14859836440777066
                    ]
                },
                {
                    "type": "tuple",
                    "values": [
                        -0.09983750852764,
                        0.08694966486634925
                    ]
                },
                {
                    "type": "tuple",
                    "values": [
                        -0.09988443119722011,
                        0.0964801215648594
                    ]
                },
                {
                    "type": "tuple",
                    "values": [
                        -0.09361495729133137,
                        0.09743702307905
                    ]
                },
                {
                    "type": "tuple",
                    "values": [
                        -0.07300818086219486,
                        0.09367415651774068
                    ]
                }
            ]
        },
        "model": null,
        "max_log_likelihood_sample": {
            "type": "instance",
            "class_path": "autofit.non_linear.samples.sample.Sample",
            "arguments": {
                "log_likelihood": -13.416898402364435,
                "log_prior": 0.0,
                "weight": 0.000915832176480003,
                "kwargs": {
                    "type": "dict",
                    "arguments": {
                        "ellipses.0.ell_comps.ell_comps_0": -0.0919925047626,
                        "ellipses.0.ell_comps.ell_comps_1": -0.02128505321979,
                        "multipoles.0.multipole_1.multipole_comps.multipole_comps_0": -0.08998379434301,
                        "multipoles.0.multipole_1.multipole_comps.multipole_comps_1": -0.01935219071444,
                        "multipoles.0.multipole_3.multipole_comps.multipole_comps_0": -0.04323858527038,
                        "multipoles.0.multipole_3.multipole_comps.multipole_comps_1": -0.0971397939023,
                        "multipoles.0.multipole_4.multipole_comps.multipole_comps_0": 0.00960040817636,
                        "multipoles.0.multipole_4.multipole_comps.multipole_comps_1": 0.03299083497024
                    }
                }
            }
        },
        "log_evidence": -28.739688717042704,
        "median_pdf_sample": {
            "type": "instance",
            "class_path": "autofit.non_linear.samples.sample.Sample",
            "arguments": {
                "log_likelihood": -13.416898402364435,
                "log_prior": 0.0,
                "weight": 0.000915832176480003,
                "kwargs": {
                    "type": "dict",
                    "arguments": {
                        "ellipses.0.ell_comps.ell_comps_0": -0.07821375682860299,
                        "ellipses.0.ell_comps.ell_comps_1": -0.01577448785956,
                        "multipoles.0.multipole_1.multipole_comps.multipole_comps_0": -0.058515566948003056,
                        "multipoles.0.multipole_1.multipole_comps.multipole_comps_1": 0.02511650727910598,
                        "multipoles.0.multipole_3.multipole_comps.multipole_comps_0": -0.014898890528461257,
                        "multipoles.0.multipole_3.multipole_comps.multipole_comps_1": -0.02892942440875,
                        "multipoles.0.multipole_4.multipole_comps.multipole_comps_0": -0.009993770443785679,
                        "multipoles.0.multipole_4.multipole_comps.multipole_comps_1": 0.0432923825215381
                    }
                }
            }
        },
        "errors_at_sigma_3": {
            "type": "list",
            "values": [
                {
                    "type": "tuple",
                    "values": [
                        0.071256441399907,
                        0.23581382877935297
                    ]
                },
                {
                    "type": "tuple",
                    "values": [
                        0.1337685660375796,
                        0.08684603379229211
                    ]
                },
                {
                    "type": "tuple",
                    "values": [
                        0.12200224041425689,
                        0.23612054325507306
                    ]
                },
                {
                    "type": "tuple",
                    "values": [
                        0.15999976111395597,
                        0.12348185712866468
                    ]
                },
                {
                    "type": "tuple",
                    "values": [
                        0.08493861799917875,
                        0.10184855539481051
                    ]
                },
                {
                    "type": "tuple",
                    "values": [
                        0.07095500678847011,
                        0.1254095459736094
                    ]
                },
                {
                    "type": "tuple",
                    "values": [
                        0.0836211868475457,
                        0.10743079352283567
                    ]
                },
                {
                    "type": "tuple",
                    "values": [
                        0.11630056338373296,
                        0.050381773996202577
                    ]
                }
            ]
        }
    }
}