{
    "type": "instance",
    "class_path": "autofit.non_linear.samples.summary.SamplesSummary",
    "arguments": {
        "values_at_sigma_3": {
            "type": "list",
            "values": [
                {
                    "type": "tuple",
                    "values": [
                        0.05176071610286,
                        0.11312784658506309
                    ]
                },
                {
                    "type": "tuple",
                    "values": [
                        -0.1824782910655,
                        -0.10188671791738
                    ]
                }
            ]
        },
        "model": null,
        "median_pdf_sample": {
            "type": "instance",
            "class_path": "autofit.non_linear.samples.sample.Sample",
            "arguments": {
                "log_likelihood": -23.72887718565738,
                "log_prior": 0.0,
                "weight": 0.0009893517660411267,
                "kwargs": {
                    "type": "dict",
                    "arguments": {
                        "ellipses.0.ell_comps.ell_comps_0": 0.07911519274739,
                        "ellipses.0.ell_comps.ell_comps_1": -0.12731669658911765
                    }
                }
            }
        },
        "errors_at_sigma_1": {
            "type": "list",
            "values": [
                {
                    "type": "tuple",
                    "values": [
                        0.007412221425192905,
                        0.008058089966838336
                    ]
                },
                {
                    "type": "tuple",
                    "values": [
                        0.013863474877588405,
                        0.004741082272657654
                    ]
                }
            ]
        },
        "max_log_likelihood_sample": {
            "type": "instance",
            "class_path": "autofit.non_linear.samples.sample.Sample",
            "arguments": {
                "log_likelihood": -23.72887718565738,
                "log_prior": 0.0,
                "weight": 0.0009893517660411267,
                "kwargs": {
                    "type": "dict",
                    "arguments": {
                        "ellipses.0.ell_comps.ell_comps_0": 0.08456304557764,
                        "ellipses.0.ell_comps.ell_comps_1": -0.12466544698884
                    }
                }
            }
        },
        "errors_at_sigma_3": {
            "type": "list",
            "values": [
                {
                    "type": "tuple",
                    "values": [
                        0.02735447664453,
                        0.03401265383767309
                    ]
                },
                {
                    "type": "tuple",
                    "values": [
                        0.05516159447638236,
                        0.025429978671737644
                    ]
                }
            ]
        },
        "values_at_sigma_1": {
            "type": "list",
            "values": [
                {
                    "type": "tuple",
                    "values": [
                        0.07170297132219709,
                        0.08717328271422833
                    ]
                },
                {
                    "type": "tuple",
                    "values": [
                        -0.14118017146670606,
                        -0.12257561431646
                    ]
                }
            ]
        },
        "log_evidence": -32.222935518490836
    }
}