{
    "type": "instance",
    "class_path": "autofit.non_linear.samples.summary.SamplesSummary",
    "arguments": {
        "values_at_sigma_1": {
            "type": "list",
            "values": [
                {
                    "type": "tuple",
                    "values": [
                        -0.030250787230262293,
                        0.0103800785003858
                    ]
                },
                {
                    "type": "tuple",
                    "values": [
                        -0.14622426671656227,
                        -0.1274833009177199
                    ]
                }
            ]
        },
        "errors_at_sigma_3": {
            "type": "list",
            "values": [
                {
                    "type": "tuple",
                    "values": [
                        0.016899770973452813,
                        0.045582509042355904
                    ]
                },
                {
                    "type": "tuple",
                    "values": [
                        0.014017524075141785,
                        0.02277143069349931
                    ]
                }
            ]
        },
        "median_pdf_sample": {
            "type": "instance",
            "class_path": "autofit.non_linear.samples.sample.Sample",
            "arguments": {
                "log_likelihood": -45.30736240864235,
                "log_prior": 0.0,
                "weight": 0.001005662067406695,
                "kwargs": {
                    "type": "dict",
                    "arguments": {
                        "ellipses.0.ell_comps.ell_comps_0": -0.022553148591842702,
                        "ellipses.0.ell_comps.ell_comps_1": -0.1436028872535093
                    }
                }
            }
        },
        "log_evidence": -55.66898091371489,
        "errors_at_sigma_1": {
            "type": "list",
            "values": [
                {
                    "type": "tuple",
                    "values": [
                        0.007697638638419591,
                        0.0329332270922285
                    ]
                },
                {
                    "type": "tuple",
                    "values": [
                        0.002621379463052964,
                        0.016119586335789415
                    ]
                }
            ]
        },
        "model": null,
        "values_at_sigma_3": {
            "type": "list",
            "values": [
                {
                    "type": "tuple",
                    "values": [
                        -0.039452919565295515,
                        0.023029360450513202
                    ]
                },
                {
                    "type": "tuple",
                    "values": [
                        -0.1576204113286511,
                        -0.12083145656001
                    ]
                }
            ]
        },
        "max_log_likelihood_sample": {
            "type": "instance",
            "class_path": "autofit.non_linear.samples.sample.Sample",
            "arguments": {
                "log_likelihood": -45.30736240864235,
                "log_prior": 0.0,
                "weight": 0.001005662067406695,
                "kwargs": {
                    "type": "dict",
                    "arguments": {
                        "ellipses.0.ell_comps.ell_comps_0": -0.02702230934355,
                        "ellipses.0.ell_comps.ell_comps_1": -0.14446051640265
                    }
                }
            }
        }
    }
}