{
    "type": "instance",
    "class_path": "autofit.non_linear.samples.summary.SamplesSummary",
    "arguments": {
        "errors_at_sigma_1": {
            "type": "list",
            "values": [
                {
                    "type": "tuple",
                    "values": [
                        0.01918600819748264,
                        0.02560878793858936
                    ]
                },
                {
                    "type": "tuple",
                    "values": [
                        0.01666417977554445,
                        0.01746196691713555
                    ]
                },
                {
                    "type": "tuple",
                    "values": [
                        0.013129236318648797,
                        0.01477085430984286
                    ]
                },
                {
                    "type": "tuple",
                    "values": [
                        0.013908372745351883,
                        0.012647968934360002
                    ]
                },
                {
                    "type": "tuple",
                    "values": [
                        0.011873718687806522,
                        0.012339252442481997
                    ]
                },
                {
                    "type": "tuple",
                    "values": [
                        0.015246664017973446,
                        0.019799453922115396
                    ]
                }
            ]
        },
        "values_at_sigma_3": {
            "type": "list",
            "values": [
                {
                    "type": "tuple",
                    "values": [
                        -0.10622122563055,
                        0.00984353434569
                    ]
                },
                {
                    "type": "tuple",
                    "values": [
                        -0.0871395488444,
                        0.02109822884246
                    ]
                },
                {
                    "type": "tuple",
                    "values": [
                        -0.04688650606253,
                        0.04836923127542707
                    ]
                },
                {
                    "type": "tuple",
                    "values": [
                        -0.04776472717204815,
                        0.02402000352481623
                    ]
                },
                {
                    "type": "tuple",
                    "values": [
                        -0.08392973020948508,
                        0.03039109118889248
                    ]
                },
                {
                    "type": "tuple",
                    "values": [
                        -0.029872024536600532,
                        0.05734897169962863
                    ]
                }
            ]
        },
        "max_log_likelihood_sample": {
            "type": "instance",
            "class_path": "autofit.non_linear.samples.sample.Sample",
            "arguments": {
                "log_likelihood": -15.109661432998779,
                "log_prior": 0.0,
                "weight": 0.0010512438239895017,
                "kwargs": {
                    "type": "dict",
                    "arguments": {
                        "ellipses.0.ell_comps.ell_comps_0": -0.07622069498192,
                        "ellipses.0.ell_comps.ell_comps_1": -0.03443822700626,
                        "multipoles.0.multipole_3.multipole_comps.multipole_comps_0": -0.00530661868754,
                        "multipoles.0.multipole_3.multipole_comps.multipole_comps_1": 0.00025072668792,
                        "multipoles.0.multipole_4.multipole_comps.multipole_comps_0": -0.01315860908921,
                        "multipoles.0.multipole_4.multipole_comps.multipole_comps_1": 0.01598903794592
                    }
                }
            }
        },
        "median_pdf_sample": {
            "type": "instance",
            "class_path": "autofit.non_linear.samples.sample.Sample",
            "arguments": {
                "log_likelihood": -15.109661432998779,
                "log_prior": 0.0,
                "weight": 0.0010512438239895017,
                "kwargs": {
                    "type": "dict",
                    "arguments": {
                        "ellipses.0.ell_comps.ell_comps_0": -0.06227487176919936,
                        "ellipses.0.ell_comps.ell_comps_1": -0.03939229826120555,
                        "multipoles.0.multipole_3.multipole_comps.multipole_comps_0": 0.00020436364140162037,
                        "multipoles.0.multipole_3.multipole_comps.multipole_comps_1": -0.00702643913831,
                        "multipoles.0.multipole_4.multipole_comps.multipole_comps_0": -0.016793322518743478,
                        "multipoles.0.multipole_4.multipole_comps.multipole_comps_1": 0.011945127975484606
                    }
                }
            }
        },
        "errors_at_sigma_3": {
            "type": "list",
            "values": [
                {
                    "type": "tuple",
                    "values": [
                        0.043946353861350644,
                        0.07211840611488936
                    ]
                },
                {
                    "type": "tuple",
                    "values": [
                        0.047747250583194456,
                        0.06049052710366555
                    ]
                },
                {
                    "type": "tuple",
                    "values": [
                        0.04709086970393162,
                        0.04816486763402545
                    ]
                },
                {
                    "type": "tuple",
                    "values": [
                        0.040738288033738156,
                        0.03104644266312623
                    ]
                },
                {
                    "type": "tuple",
                    "values": [
                        0.0671364076907416,
                        0.04718441370763596
                    ]
                },
                {
                    "type": "tuple",
                    "values": [
                        0.041817152512085135,
                        0.04540384372414402
                    ]
                }
            ]
        },
        "log_evidence": -29.722864978002836,
        "model": null,
        "values_at_sigma_1": {
            "type": "list",
            "values": [
                {
                    "type": "tuple",
                    "values": [
                        -0.081460879966682,
                        -0.03666608383061
                    ]
                },
                {
                    "type": "tuple",
                    "values": [
                        -0.05605647803675,
                        -0.02193033134407
                    ]
                },
                {
                    "type": "tuple",
                    "values": [
                        -0.012924872677247177,
                        0.01497521795124448
                    ]
                },
                {
                    "type": "tuple",
                    "values": [
                        -0.020934811883661884,
                        0.00562152979605
                    ]
                },
                {
                    "type": "tuple",
                    "values": [
                        -0.02866704120655,
                        -0.004454070076261481
                    ]
                },
                {
                    "type": "tuple",
                    "values": [
                        -0.0033015360424888405,
                        0.0317445818976
                    ]
                }
            ]
        }
    }
}