{
    "type": "instance",
    "class_path": "autofit.non_linear.samples.summary.SamplesSummary",
    "arguments": {
        "median_pdf_sample": {
            "type": "instance",
            "class_path": "autofit.non_linear.samples.sample.Sample",
            "arguments": {
                "log_likelihood": -8.966514988789518,
                "log_prior": 0.0,
                "weight": 0.0009831886366287242,
                "kwargs": {
                    "type": "dict",
                    "arguments": {
                        "ellipses.0.ell_comps.ell_comps_0": 0.06550097063268512,
                        "ellipses.0.ell_comps.ell_comps_1": -0.02508552117906
                    }
                }
            }
        },
        "errors_at_sigma_1": {
            "type": "list",
            "values": [
                {
                    "type": "tuple",
                    "values": [
                        0.0033289935858563866,
                        0.003021126199134888
                    ]
                },
                {
                    "type": "tuple",
                    "values": [
                        0.004345512175848415,
                        0.003681223059176026
                    ]
                }
            ]
        },
        "values_at_sigma_1": {
            "type": "list",
            "values": [
                {
                    "type": "tuple",
                    "values": [
                        0.06217197704682873,
                        0.06852209683182
                    ]
                },
                {
                    "type": "tuple",
                    "values": [
                        -0.029431033354908414,
                        -0.021404298119883973
                    ]
                }
            ]
        },
        "errors_at_sigma_3": {
            "type": "list",
            "values": [
                {
                    "type": "tuple",
                    "values": [
                        0.009439136117885119,
                        0.00881194639400315
                    ]
                },
                {
                    "type": "tuple",
                    "values": [
                        0.010264341278329685,
                        0.009600017871924469
                    ]
                }
            ]
        },
        "max_log_likelihood_sample": {
            "type": "instance",
            "class_path": "autofit.non_linear.samples.sample.Sample",
            "arguments": {
                "log_likelihood": -8.966514988789518,
                "log_prior": 0.0,
                "weight": 0.0009831886366287242,
                "kwargs": {
                    "type": "dict",
                    "arguments": {
                        "ellipses.0.ell_comps.ell_comps_0": 0.06519422024393,
                        "ellipses.0.ell_comps.ell_comps_1": -0.02517734263562
                    }
                }
            }
        },
        "log_evidence": -19.078010904944556,
        "model": null,
        "values_at_sigma_3": {
            "type": "list",
            "values": [
                {
                    "type": "tuple",
                    "values": [
                        0.0560618345148,
                        0.07431291702668827
                    ]
                },
                {
                    "type": "tuple",
                    "values": [
                        -0.035349862457389684,
                        -0.01548550330713553
                    ]
                }
            ]
        }
    }
}