{
    "type": "instance",
    "class_path": "autofit.non_linear.samples.summary.SamplesSummary",
    "arguments": {
        "log_evidence": -38.87272610627486,
        "values_at_sigma_1": {
            "type": "list",
            "values": [
                {
                    "type": "tuple",
                    "values": [
                        -0.15012270713151968,
                        -0.14289474678340627
                    ]
                },
                {
                    "type": "tuple",
                    "values": [
                        0.0356790909766,
                        0.04386595195292
                    ]
                },
                {
                    "type": "tuple",
                    "values": [
                        -0.0013748175284351068,
                        0.009356746229658009
                    ]
                },
                {
                    "type": "tuple",
                    "values": [
                        -0.00378052997789,
                        0.007213615667645625
                    ]
                },
                {
                    "type": "tuple",
                    "values": [
                        -0.003504301275770817,
                        0.003586150868967515
                    ]
                },
                {
                    "type": "tuple",
                    "values": [
                        -0.00167953153807,
                        0.0057757300778867576
                    ]
                }
            ]
        },
        "max_log_likelihood_sample": {
            "type": "instance",
            "class_path": "autofit.non_linear.samples.sample.Sample",
            "arguments": {
                "log_likelihood": -17.80304203128996,
                "log_prior": 0.0,
                "weight": 0.0010470553283173588,
                "kwargs": {
                    "type": "dict",
                    "arguments": {
                        "ellipses.0.ell_comps.ell_comps_0": -0.14784160101224,
                        "ellipses.0.ell_comps.ell_comps_1": 0.04127622297135,
                        "multipoles.0.multipole_3.multipole_comps.multipole_comps_0": 0.00337714717139,
                        "multipoles.0.multipole_3.multipole_comps.multipole_comps_1": 0.00249463936654,
                        "multipoles.0.multipole_4.multipole_comps.multipole_comps_0": -0.00046315560394,
                        "multipoles.0.multipole_4.multipole_comps.multipole_comps_1": 0.00165685073179
                    }
                }
            }
        },
        "model": null,
        "values_at_sigma_3": {
            "type": "list",
            "values": [
                {
                    "type": "tuple",
                    "values": [
                        -0.15838397734762,
                        -0.13539011499395
                    ]
                },
                {
                    "type": "tuple",
                    "values": [
                        0.028190412905328706,
                        0.051682676118861216
                    ]
                },
                {
                    "type": "tuple",
                    "values": [
                        -0.009902500402552495,
                        0.0202879859823221
                    ]
                },
                {
                    "type": "tuple",
                    "values": [
                        -0.012089395764379294,
                        0.017815346582128112
                    ]
                },
                {
                    "type": "tuple",
                    "values": [
                        -0.01212276277435415,
                        0.010272809559305639
                    ]
                },
                {
                    "type": "tuple",
                    "values": [
                        -0.00920994472736,
                        0.01360353344351
                    ]
                }
            ]
        },
        "median_pdf_sample": {
            "type": "instance",
            "class_path": "autofit.non_linear.samples.sample.Sample",
            "arguments": {
                "log_likelihood": -17.80304203128996,
                "log_prior": 0.0,
                "weight": 0.0010470553283173588,
                "kwargs": {
                    "type": "dict",
                    "arguments": {
                        "ellipses.0.ell_comps.ell_comps_0": -0.14668230243985647,
                        "ellipses.0.ell_comps.ell_comps_1": 0.03971503478541468,
                        "multipoles.0.multipole_3.multipole_comps.multipole_comps_0": 0.0038883152632216735,
                        "multipoles.0.multipole_3.multipole_comps.multipole_comps_1": 0.0014807777235,
                        "multipoles.0.multipole_4.multipole_comps.multipole_comps_0": 0.0002466595746355894,
                        "multipoles.0.multipole_4.multipole_comps.multipole_comps_1": 0.00204528347119
                    }
                }
            }
        },
        "errors_at_sigma_3": {
            "type": "list",
            "values": [
                {
                    "type": "tuple",
                    "values": [
                        0.011701674907763526,
                        0.01129218744590646
                    ]
                },
                {
                    "type": "tuple",
                    "values": [
                        0.011524621880085975,
                        0.011967641333446535
                    ]
                },
                {
                    "type": "tuple",
                    "values": [
                        0.013790815665774168,
                        0.016399670719100427
                    ]
                },
                {
                    "type": "tuple",
                    "values": [
                        0.013570173487879294,
                        0.016334568858628114
                    ]
                },
                {
                    "type": "tuple",
                    "values": [
                        0.01236942234898974,
                        0.01002614998467005
                    ]
                },
                {
                    "type": "tuple",
                    "values": [
                        0.01125522819855,
                        0.01155824997232
                    ]
                }
            ]
        },
        "errors_at_sigma_1": {
            "type": "list",
            "values": [
                {
                    "type": "tuple",
                    "values": [
                        0.003440404691663207,
                        0.0037875556564501978
                    ]
                },
                {
                    "type": "tuple",
                    "values": [
                        0.004035943808814682,
                        0.004150917167505319
                    ]
                },
                {
                    "type": "tuple",
                    "values": [
                        0.00526313279165678,
                        0.005468430966436335
                    ]
                },
                {
                    "type": "tuple",
                    "values": [
                        0.00526130770139,
                        0.005732837944145625
                    ]
                },
                {
                    "type": "tuple",
                    "values": [
                        0.003750960850406406,
                        0.0033394912943319256
                    ]
                },
                {
                    "type": "tuple",
                    "values": [
                        0.00372481500926,
                        0.0037304466066967576
                    ]
                }
            ]
        }
    }
}