{
    "type": "instance",
    "class_path": "autofit.non_linear.samples.summary.SamplesSummary",
    "arguments": {
        "log_evidence": 88434.11770038374,
        "max_log_likelihood_sample": {
            "type": "instance",
            "class_path": "autofit.non_linear.samples.sample.Sample",
            "arguments": {
                "log_likelihood": 88470.60439561233,
                "log_prior": 2.8411409308353504,
                "weight": 0.0001055607045479929,
                "kwargs": {
                    "type": "dict",
                    "arguments": {
                        "galaxies.lens.mass.ell_comps.ell_comps_0": -0.20907366585134857,
                        "galaxies.lens.mass.ell_comps.ell_comps_1": -0.1813211910169317,
                        "galaxies.lens.mass.einstein_radius": 1.3133361825844139,
                        "galaxies.lens.mass.centre.centre_0": -0.059940284865202656,
                        "galaxies.lens.mass.centre.centre_1": -0.03860062102783952,
                        "galaxies.lens.mass.slope": 2.00432412884157,
                        "galaxies.lens.shear.gamma_1": -0.00210986753837,
                        "galaxies.lens.shear.gamma_2": -0.15015299808305
                    }
                }
            }
        },
        "errors_at_sigma_3": {
            "type": "list",
            "values": [
                {
                    "type": "tuple",
                    "values": [
                        0.07696021874675044,
                        0.033971994467077105
                    ]
                },
                {
                    "type": "tuple",
                    "values": [
                        0.0722977633029207,
                        0.05932273390871487
                    ]
                },
                {
                    "type": "tuple",
                    "values": [
                        0.030113019014060383,
                        0.09624887796633241
                    ]
                },
                {
                    "type": "tuple",
                    "values": [
                        0.044412547282712225,
                        0.017995992893742867
                    ]
                },
                {
                    "type": "tuple",
                    "values": [
                        0.012447071234936477,
                        0.031172220558271613
                    ]
                },
                {
                    "type": "tuple",
                    "values": [
                        0.06645350756438484,
                        0.2605663222119725
                    ]
                },
                {
                    "type": "tuple",
                    "values": [
                        0.03293527412952549,
                        0.06788709429660854
                    ]
                },
                {
                    "type": "tuple",
                    "values": [
                        0.037331442858137,
                        0.02269723764700443
                    ]
                }
            ]
        },
        "median_pdf_sample": {
            "type": "instance",
            "class_path": "autofit.non_linear.samples.sample.Sample",
            "arguments": {
                "log_likelihood": 88470.60439561233,
                "log_prior": 2.8411409308353504,
                "weight": 0.0001055607045479929,
                "kwargs": {
                    "type": "dict",
                    "arguments": {
                        "galaxies.lens.mass.ell_comps.ell_comps_0": -0.23420814321595276,
                        "galaxies.lens.mass.ell_comps.ell_comps_1": -0.19080528948838682,
                        "galaxies.lens.mass.einstein_radius": 1.3377704460438866,
                        "galaxies.lens.mass.centre.centre_0": -0.06675185002477717,
                        "galaxies.lens.mass.centre.centre_1": -0.03930133740153628,
                        "galaxies.lens.mass.slope": 2.038784790801172,
                        "galaxies.lens.shear.gamma_1": 0.0003858120594846157,
                        "galaxies.lens.shear.gamma_2": -0.1602368697509726
                    }
                }
            }
        },
        "errors_at_sigma_1": {
            "type": "list",
            "values": [
                {
                    "type": "tuple",
                    "values": [
                        0.020711435893116387,
                        0.015296952504291972
                    ]
                },
                {
                    "type": "tuple",
                    "values": [
                        0.015810593315365634,
                        0.012594143249009149
                    ]
                },
                {
                    "type": "tuple",
                    "values": [
                        0.014526559495588565,
                        0.03368166022469454
                    ]
                },
                {
                    "type": "tuple",
                    "values": [
                        0.014547405778303407,
                        0.00708950336202805
                    ]
                },
                {
                    "type": "tuple",
                    "values": [
                        0.003222353413241806,
                        0.006024186816003169
                    ]
                },
                {
                    "type": "tuple",
                    "values": [
                        0.02542775353028537,
                        0.07937520009126686
                    ]
                },
                {
                    "type": "tuple",
                    "values": [
                        0.00910713298673895,
                        0.010422246074985689
                    ]
                },
                {
                    "type": "tuple",
                    "values": [
                        0.009410029452738666,
                        0.007877286943407724
                    ]
                }
            ]
        },
        "values_at_sigma_1": {
            "type": "list",
            "values": [
                {
                    "type": "tuple",
                    "values": [
                        -0.25491957910906915,
                        -0.2189111907116608
                    ]
                },
                {
                    "type": "tuple",
                    "values": [
                        -0.20661588280375245,
                        -0.17821114623937767
                    ]
                },
                {
                    "type": "tuple",
                    "values": [
                        1.323243886548298,
                        1.3714521062685812
                    ]
                },
                {
                    "type": "tuple",
                    "values": [
                        -0.08129925580308058,
                        -0.05966234666274912
                    ]
                },
                {
                    "type": "tuple",
                    "values": [
                        -0.04252369081477809,
                        -0.03327715058553311
                    ]
                },
                {
                    "type": "tuple",
                    "values": [
                        2.0133570372708864,
                        2.1181599908924387
                    ]
                },
                {
                    "type": "tuple",
                    "values": [
                        -0.008721320927254333,
                        0.010808058134470305
                    ]
                },
                {
                    "type": "tuple",
                    "values": [
                        -0.16964689920371126,
                        -0.15235958280756487
                    ]
                }
            ]
        },
        "model": null,
        "values_at_sigma_3": {
            "type": "list",
            "values": [
                {
                    "type": "tuple",
                    "values": [
                        -0.3111683619627032,
                        -0.20023614874887566
                    ]
                },
                {
                    "type": "tuple",
                    "values": [
                        -0.2631030527913075,
                        -0.13148255557967195
                    ]
                },
                {
                    "type": "tuple",
                    "values": [
                        1.3076574270298262,
                        1.434019324010219
                    ]
                },
                {
                    "type": "tuple",
                    "values": [
                        -0.1111643973074894,
                        -0.0487558571310343
                    ]
                },
                {
                    "type": "tuple",
                    "values": [
                        -0.05174840863647276,
                        -0.008129116843264669
                    ]
                },
                {
                    "type": "tuple",
                    "values": [
                        1.972331283236787,
                        2.2993511130131443
                    ]
                },
                {
                    "type": "tuple",
                    "values": [
                        -0.03254946207004087,
                        0.06827290635609315
                    ]
                },
                {
                    "type": "tuple",
                    "values": [
                        -0.1975683126091096,
                        -0.13753963210396816
                    ]
                }
            ]
        }
    }
}