{
    "type": "instance",
    "class_path": "autofit.non_linear.samples.summary.SamplesSummary",
    "arguments": {
        "errors_at_sigma_3": {
            "type": "list",
            "values": [
                {
                    "type": "tuple",
                    "values": [
                        0.10026789061418666,
                        0.046515986924503344
                    ]
                },
                {
                    "type": "tuple",
                    "values": [
                        0.07289236347946583,
                        0.08047422937132741
                    ]
                },
                {
                    "type": "tuple",
                    "values": [
                        0.15708391723661524,
                        0.2015582615736844
                    ]
                },
                {
                    "type": "tuple",
                    "values": [
                        0.20541682920477858,
                        0.16220257038223473
                    ]
                },
                {
                    "type": "tuple",
                    "values": [
                        0.11285400668389155,
                        0.07182790852122846
                    ]
                },
                {
                    "type": "tuple",
                    "values": [
                        0.07527015404162,
                        0.12050947661199869
                    ]
                },
                {
                    "type": "tuple",
                    "values": [
                        0.13384666548473315,
                        0.06313298301227799
                    ]
                },
                {
                    "type": "tuple",
                    "values": [
                        0.08316452738058647,
                        0.11048845974532
                    ]
                }
            ]
        },
        "max_log_likelihood_sample": {
            "type": "instance",
            "class_path": "autofit.non_linear.samples.sample.Sample",
            "arguments": {
                "log_likelihood": -27.73857063847457,
                "log_prior": 0.0,
                "weight": 0.0010414123839754391,
                "kwargs": {
                    "type": "dict",
                    "arguments": {
                        "ellipses.0.ell_comps.ell_comps_0": 0.11540724503863,
                        "ellipses.0.ell_comps.ell_comps_1": 0.03079680041443,
                        "multipoles.0.multipole_1.multipole_comps.multipole_comps_0": -0.10692195913202,
                        "multipoles.0.multipole_1.multipole_comps.multipole_comps_1": 0.0455872042544,
                        "multipoles.0.multipole_3.multipole_comps.multipole_comps_0": 0.01703229953091,
                        "multipoles.0.multipole_3.multipole_comps.multipole_comps_1": -0.00211313852453,
                        "multipoles.0.multipole_4.multipole_comps.multipole_comps_0": 0.09496476956853,
                        "multipoles.0.multipole_4.multipole_comps.multipole_comps_1": -0.02191162493303
                    }
                }
            }
        },
        "model": null,
        "values_at_sigma_1": {
            "type": "list",
            "values": [
                {
                    "type": "tuple",
                    "values": [
                        0.07029822548029,
                        0.11469297669583614
                    ]
                },
                {
                    "type": "tuple",
                    "values": [
                        -0.04127567798449726,
                        0.04903286693585237
                    ]
                },
                {
                    "type": "tuple",
                    "values": [
                        -0.10131120899688371,
                        0.022302509879858306
                    ]
                },
                {
                    "type": "tuple",
                    "values": [
                        -0.04362316996531,
                        0.07959678834729943
                    ]
                },
                {
                    "type": "tuple",
                    "values": [
                        0.0007415980900227524,
                        0.07509870681009
                    ]
                },
                {
                    "type": "tuple",
                    "values": [
                        -0.07167652958193,
                        0.01271177235704
                    ]
                },
                {
                    "type": "tuple",
                    "values": [
                        -0.03791722903606,
                        0.08482654807041047
                    ]
                },
                {
                    "type": "tuple",
                    "values": [
                        -0.04284566365673,
                        0.03651465832206588
                    ]
                }
            ]
        },
        "median_pdf_sample": {
            "type": "instance",
            "class_path": "autofit.non_linear.samples.sample.Sample",
            "arguments": {
                "log_likelihood": -27.73857063847457,
                "log_prior": 0.0,
                "weight": 0.0010414123839754391,
                "kwargs": {
                    "type": "dict",
                    "arguments": {
                        "ellipses.0.ell_comps.ell_comps_0": 0.08814928857456666,
                        "ellipses.0.ell_comps.ell_comps_1": 0.01660598992986,
                        "multipoles.0.multipole_1.multipole_comps.multipole_comps_0": -0.015144598913494393,
                        "multipoles.0.multipole_1.multipole_comps.multipole_comps_1": 0.03164816627728453,
                        "multipoles.0.multipole_3.multipole_comps.multipole_comps_0": 0.02779779786283154,
                        "multipoles.0.multipole_3.multipole_comps.multipole_comps_1": -0.02360991058272,
                        "multipoles.0.multipole_4.multipole_comps.multipole_comps_0": 0.03637934486061,
                        "multipoles.0.multipole_4.multipole_comps.multipole_comps_1": -0.01318939253359
                    }
                }
            }
        },
        "log_evidence": -42.541103834803316,
        "values_at_sigma_3": {
            "type": "list",
            "values": [
                {
                    "type": "tuple",
                    "values": [
                        -0.01211860203962,
                        0.13466527549907
                    ]
                },
                {
                    "type": "tuple",
                    "values": [
                        -0.056286373549605834,
                        0.0970802193011874
                    ]
                },
                {
                    "type": "tuple",
                    "values": [
                        -0.17222851615010965,
                        0.18641366266019
                    ]
                },
                {
                    "type": "tuple",
                    "values": [
                        -0.17376866292749404,
                        0.19385073665951927
                    ]
                },
                {
                    "type": "tuple",
                    "values": [
                        -0.08505620882106,
                        0.09962570638406
                    ]
                },
                {
                    "type": "tuple",
                    "values": [
                        -0.09888006462434,
                        0.0968995660292787
                    ]
                },
                {
                    "type": "tuple",
                    "values": [
                        -0.09746732062412315,
                        0.09951232787288798
                    ]
                },
                {
                    "type": "tuple",
                    "values": [
                        -0.09635391991417647,
                        0.09729906721173
                    ]
                }
            ]
        },
        "errors_at_sigma_1": {
            "type": "list",
            "values": [
                {
                    "type": "tuple",
                    "values": [
                        0.01785106309427667,
                        0.026543688121269476
                    ]
                },
                {
                    "type": "tuple",
                    "values": [
                        0.057881667914357254,
                        0.032426877005992366
                    ]
                },
                {
                    "type": "tuple",
                    "values": [
                        0.08616661008338933,
                        0.037447108793352696
                    ]
                },
                {
                    "type": "tuple",
                    "values": [
                        0.07527133624259452,
                        0.0479486220700149
                    ]
                },
                {
                    "type": "tuple",
                    "values": [
                        0.02705619977280879,
                        0.047300908947258455
                    ]
                },
                {
                    "type": "tuple",
                    "values": [
                        0.04806661899921001,
                        0.03632168293976
                    ]
                },
                {
                    "type": "tuple",
                    "values": [
                        0.07429657389666999,
                        0.04844720320980047
                    ]
                },
                {
                    "type": "tuple",
                    "values": [
                        0.029656271123140003,
                        0.04970405085565588
                    ]
                }
            ]
        }
    }
}