{
    "type": "instance",
    "class_path": "autofit.non_linear.samples.summary.SamplesSummary",
    "arguments": {
        "values_at_sigma_1": {
            "type": "list",
            "values": [
                {
                    "type": "tuple",
                    "values": [
                        0.06176988432639087,
                        0.11925890490826
                    ]
                },
                {
                    "type": "tuple",
                    "values": [
                        0.024315364331635923,
                        0.05472882870594
                    ]
                }
            ]
        },
        "values_at_sigma_3": {
            "type": "list",
            "values": [
                {
                    "type": "tuple",
                    "values": [
                        0.04152432162187,
                        0.12901987845810853
                    ]
                },
                {
                    "type": "tuple",
                    "values": [
                        -0.00936219324929,
                        0.0682539102147372
                    ]
                }
            ]
        },
        "model": null,
        "median_pdf_sample": {
            "type": "instance",
            "class_path": "autofit.non_linear.samples.sample.Sample",
            "arguments": {
                "log_likelihood": -22.015376297537642,
                "log_prior": 0.0,
                "weight": 0.0009875661965461488,
                "kwargs": {
                    "type": "dict",
                    "arguments": {
                        "ellipses.0.ell_comps.ell_comps_0": 0.11515461030195,
                        "ellipses.0.ell_comps.ell_comps_1": 0.04790260682368
                    }
                }
            }
        },
        "max_log_likelihood_sample": {
            "type": "instance",
            "class_path": "autofit.non_linear.samples.sample.Sample",
            "arguments": {
                "log_likelihood": -22.015376297537642,
                "log_prior": 0.0,
                "weight": 0.0009875661965461488,
                "kwargs": {
                    "type": "dict",
                    "arguments": {
                        "ellipses.0.ell_comps.ell_comps_0": 0.11675091737689,
                        "ellipses.0.ell_comps.ell_comps_1": 0.0518955091159
                    }
                }
            }
        },
        "errors_at_sigma_3": {
            "type": "list",
            "values": [
                {
                    "type": "tuple",
                    "values": [
                        0.07363028868008,
                        0.01386526815615853
                    ]
                },
                {
                    "type": "tuple",
                    "values": [
                        0.057264800072969996,
                        0.0203513033910572
                    ]
                }
            ]
        },
        "errors_at_sigma_1": {
            "type": "list",
            "values": [
                {
                    "type": "tuple",
                    "values": [
                        0.05338472597555913,
                        0.004104294606309997
                    ]
                },
                {
                    "type": "tuple",
                    "values": [
                        0.023587242492044077,
                        0.0068262218822600015
                    ]
                }
            ]
        },
        "log_evidence": -31.32123893450807
    }
}