{
    "type": "instance",
    "class_path": "autofit.non_linear.samples.summary.SamplesSummary",
    "arguments": {
        "log_evidence": -55.27984436309892,
        "median_pdf_sample": {
            "type": "instance",
            "class_path": "autofit.non_linear.samples.sample.Sample",
            "arguments": {
                "log_likelihood": -37.94632971233611,
                "log_prior": 0.0,
                "weight": 0.0010517787799213182,
                "kwargs": {
                    "type": "dict",
                    "arguments": {
                        "ellipses.0.ell_comps.ell_comps_0": 0.017888908888340403,
                        "ellipses.0.ell_comps.ell_comps_1": -0.1532308658086,
                        "multipoles.0.multipole_3.multipole_comps.multipole_comps_0": -0.0160657999446,
                        "multipoles.0.multipole_3.multipole_comps.multipole_comps_1": -0.05755895294776469,
                        "multipoles.0.multipole_4.multipole_comps.multipole_comps_0": 0.00056583436534,
                        "multipoles.0.multipole_4.multipole_comps.multipole_comps_1": 0.015898313545451678
                    }
                }
            }
        },
        "errors_at_sigma_1": {
            "type": "list",
            "values": [
                {
                    "type": "tuple",
                    "values": [
                        0.004754694275895484,
                        0.004076501993018792
                    ]
                },
                {
                    "type": "tuple",
                    "values": [
                        0.003637109231662883,
                        0.0024610193965199922
                    ]
                },
                {
                    "type": "tuple",
                    "values": [
                        0.013812471759789998,
                        0.026618278170910004
                    ]
                },
                {
                    "type": "tuple",
                    "values": [
                        0.01654746510643531,
                        0.017717046482334686
                    ]
                },
                {
                    "type": "tuple",
                    "values": [
                        0.01671955622146,
                        0.015443896080769999
                    ]
                },
                {
                    "type": "tuple",
                    "values": [
                        0.018148630590344144,
                        0.018248926341256914
                    ]
                }
            ]
        },
        "max_log_likelihood_sample": {
            "type": "instance",
            "class_path": "autofit.non_linear.samples.sample.Sample",
            "arguments": {
                "log_likelihood": -37.94632971233611,
                "log_prior": 0.0,
                "weight": 0.0010517787799213182,
                "kwargs": {
                    "type": "dict",
                    "arguments": {
                        "ellipses.0.ell_comps.ell_comps_0": 0.01680745795882,
                        "ellipses.0.ell_comps.ell_comps_1": -0.15735450058672,
                        "multipoles.0.multipole_3.multipole_comps.multipole_comps_0": 0.00731068984883,
                        "multipoles.0.multipole_3.multipole_comps.multipole_comps_1": -0.05524660265507,
                        "multipoles.0.multipole_4.multipole_comps.multipole_comps_0": 0.0133395150055,
                        "multipoles.0.multipole_4.multipole_comps.multipole_comps_1": 0.0007796063514
                    }
                }
            }
        },
        "values_at_sigma_3": {
            "type": "list",
            "values": [
                {
                    "type": "tuple",
                    "values": [
                        -0.01629611778438,
                        0.03147267879668589
                    ]
                },
                {
                    "type": "tuple",
                    "values": [
                        -0.16629562277034,
                        -0.13619077286017
                    ]
                },
                {
                    "type": "tuple",
                    "values": [
                        -0.07477671971142472,
                        0.047203861842887426
                    ]
                },
                {
                    "type": "tuple",
                    "values": [
                        -0.09976023229168,
                        0.01694133960014
                    ]
                },
                {
                    "type": "tuple",
                    "values": [
                        -0.05193950130296,
                        0.05138981853536368
                    ]
                },
                {
                    "type": "tuple",
                    "values": [
                        -0.04519677366575,
                        0.09598212924532
                    ]
                }
            ]
        },
        "model": null,
        "errors_at_sigma_3": {
            "type": "list",
            "values": [
                {
                    "type": "tuple",
                    "values": [
                        0.0341850266727204,
                        0.013583769908345485
                    ]
                },
                {
                    "type": "tuple",
                    "values": [
                        0.013064756961740004,
                        0.01704009294842998
                    ]
                },
                {
                    "type": "tuple",
                    "values": [
                        0.058710919766824715,
                        0.06326966178748743
                    ]
                },
                {
                    "type": "tuple",
                    "values": [
                        0.042201279343915314,
                        0.07450029254790469
                    ]
                },
                {
                    "type": "tuple",
                    "values": [
                        0.052505335668300006,
                        0.05082398417002368
                    ]
                },
                {
                    "type": "tuple",
                    "values": [
                        0.061095087211201674,
                        0.08008381569986832
                    ]
                }
            ]
        },
        "values_at_sigma_1": {
            "type": "list",
            "values": [
                {
                    "type": "tuple",
                    "values": [
                        0.01313421461244492,
                        0.021965410881359195
                    ]
                },
                {
                    "type": "tuple",
                    "values": [
                        -0.15686797504026287,
                        -0.15076984641208
                    ]
                },
                {
                    "type": "tuple",
                    "values": [
                        -0.02987827170439,
                        0.01055247822631
                    ]
                },
                {
                    "type": "tuple",
                    "values": [
                        -0.0741064180542,
                        -0.03984190646543
                    ]
                },
                {
                    "type": "tuple",
                    "values": [
                        -0.01615372185612,
                        0.01600973044611
                    ]
                },
                {
                    "type": "tuple",
                    "values": [
                        -0.0022503170448924664,
                        0.03414723988670859
                    ]
                }
            ]
        }
    }
}