{
    "type": "instance",
    "class_path": "autofit.non_linear.samples.summary.SamplesSummary",
    "arguments": {
        "median_pdf_sample": {
            "type": "instance",
            "class_path": "autofit.non_linear.samples.sample.Sample",
            "arguments": {
                "log_likelihood": -29.933356145022852,
                "log_prior": 0.0,
                "weight": 0.0010088183977885988,
                "kwargs": {
                    "type": "dict",
                    "arguments": {
                        "ellipses.0.ell_comps.ell_comps_0": 0.04205806405390658,
                        "ellipses.0.ell_comps.ell_comps_1": -0.06947159440477467,
                        "multipoles.0.multipole_3.multipole_comps.multipole_comps_0": -0.003567093678163628,
                        "multipoles.0.multipole_3.multipole_comps.multipole_comps_1": -0.00859480040610691,
                        "multipoles.0.multipole_4.multipole_comps.multipole_comps_0": 0.01208995576107,
                        "multipoles.0.multipole_4.multipole_comps.multipole_comps_1": -0.010255527616276105
                    }
                }
            }
        },
        "errors_at_sigma_3": {
            "type": "list",
            "values": [
                {
                    "type": "tuple",
                    "values": [
                        0.013091177964666578,
                        0.019621702450034126
                    ]
                },
                {
                    "type": "tuple",
                    "values": [
                        0.015126728780816251,
                        0.013047995925230114
                    ]
                },
                {
                    "type": "tuple",
                    "values": [
                        0.02832342309192637,
                        0.02984906462742437
                    ]
                },
                {
                    "type": "tuple",
                    "values": [
                        0.0209141093368658,
                        0.02487515183807691
                    ]
                },
                {
                    "type": "tuple",
                    "values": [
                        0.03494977841671594,
                        0.03623010896171772
                    ]
                },
                {
                    "type": "tuple",
                    "values": [
                        0.030911679938533096,
                        0.03416523701129429
                    ]
                }
            ]
        },
        "values_at_sigma_3": {
            "type": "list",
            "values": [
                {
                    "type": "tuple",
                    "values": [
                        0.02896688608924,
                        0.061679766503940706
                    ]
                },
                {
                    "type": "tuple",
                    "values": [
                        -0.08459832318559092,
                        -0.056423598479544555
                    ]
                },
                {
                    "type": "tuple",
                    "values": [
                        -0.03189051677009,
                        0.026281970949260745
                    ]
                },
                {
                    "type": "tuple",
                    "values": [
                        -0.02950890974297271,
                        0.01628035143197
                    ]
                },
                {
                    "type": "tuple",
                    "values": [
                        -0.022859822655645942,
                        0.04832006472278772
                    ]
                },
                {
                    "type": "tuple",
                    "values": [
                        -0.0411672075548092,
                        0.023909709395018186
                    ]
                }
            ]
        },
        "values_at_sigma_1": {
            "type": "list",
            "values": [
                {
                    "type": "tuple",
                    "values": [
                        0.037529035357236416,
                        0.04848391782363669
                    ]
                },
                {
                    "type": "tuple",
                    "values": [
                        -0.07367301719034,
                        -0.06565738094973358
                    ]
                },
                {
                    "type": "tuple",
                    "values": [
                        -0.0139753523251616,
                        0.006741161172055265
                    ]
                },
                {
                    "type": "tuple",
                    "values": [
                        -0.01637552213018,
                        0.0004742889031737256
                    ]
                },
                {
                    "type": "tuple",
                    "values": [
                        7.460129399957376e-05,
                        0.026728546327336185
                    ]
                },
                {
                    "type": "tuple",
                    "values": [
                        -0.02096467441915109,
                        0.00361536699427
                    ]
                }
            ]
        },
        "model": null,
        "errors_at_sigma_1": {
            "type": "list",
            "values": [
                {
                    "type": "tuple",
                    "values": [
                        0.0045290286966701634,
                        0.006425853769730108
                    ]
                },
                {
                    "type": "tuple",
                    "values": [
                        0.004201422785565331,
                        0.003814213455041085
                    ]
                },
                {
                    "type": "tuple",
                    "values": [
                        0.010408258646997973,
                        0.010308254850218893
                    ]
                },
                {
                    "type": "tuple",
                    "values": [
                        0.007780721724073089,
                        0.009069089309280635
                    ]
                },
                {
                    "type": "tuple",
                    "values": [
                        0.012015354467070426,
                        0.014638590566266185
                    ]
                },
                {
                    "type": "tuple",
                    "values": [
                        0.010709146802874986,
                        0.013870894610546105
                    ]
                }
            ]
        },
        "log_evidence": -47.76812345228352,
        "max_log_likelihood_sample": {
            "type": "instance",
            "class_path": "autofit.non_linear.samples.sample.Sample",
            "arguments": {
                "log_likelihood": -29.933356145022852,
                "log_prior": 0.0,
                "weight": 0.0010088183977885988,
                "kwargs": {
                    "type": "dict",
                    "arguments": {
                        "ellipses.0.ell_comps.ell_comps_0": 0.04290737064517,
                        "ellipses.0.ell_comps.ell_comps_1": -0.06833998717375,
                        "multipoles.0.multipole_3.multipole_comps.multipole_comps_0": -0.00452084902068,
                        "multipoles.0.multipole_3.multipole_comps.multipole_comps_1": -0.00863797164907,
                        "multipoles.0.multipole_4.multipole_comps.multipole_comps_0": 0.01397074407379,
                        "multipoles.0.multipole_4.multipole_comps.multipole_comps_1": -0.01185424219871
                    }
                }
            }
        }
    }
}