{
    "type": "instance",
    "class_path": "autofit.non_linear.samples.summary.SamplesSummary",
    "arguments": {
        "median_pdf_sample": {
            "type": "instance",
            "class_path": "autofit.non_linear.samples.sample.Sample",
            "arguments": {
                "log_likelihood": -38.285026045354066,
                "log_prior": 0.0,
                "weight": 0.001035731014800866,
                "kwargs": {
                    "type": "dict",
                    "arguments": {
                        "ellipses.0.ell_comps.ell_comps_0": -0.04928485638849286,
                        "ellipses.0.ell_comps.ell_comps_1": 0.05954669164623385,
                        "multipoles.0.multipole_3.multipole_comps.multipole_comps_0": -0.006615132340460536,
                        "multipoles.0.multipole_3.multipole_comps.multipole_comps_1": -0.014512517946156196,
                        "multipoles.0.multipole_4.multipole_comps.multipole_comps_0": 0.023473177687140866,
                        "multipoles.0.multipole_4.multipole_comps.multipole_comps_1": 0.04486990197146122
                    }
                }
            }
        },
        "log_evidence": -56.1008859336733,
        "errors_at_sigma_1": {
            "type": "list",
            "values": [
                {
                    "type": "tuple",
                    "values": [
                        0.005824999397477139,
                        0.007230070569272856
                    ]
                },
                {
                    "type": "tuple",
                    "values": [
                        0.0046533578218838495,
                        0.008732047426600935
                    ]
                },
                {
                    "type": "tuple",
                    "values": [
                        0.018850045229929467,
                        0.020047571613660536
                    ]
                },
                {
                    "type": "tuple",
                    "values": [
                        0.0163290321654138,
                        0.02571285712632839
                    ]
                },
                {
                    "type": "tuple",
                    "values": [
                        0.04176116155893447,
                        0.022920540200199135
                    ]
                },
                {
                    "type": "tuple",
                    "values": [
                        0.02492512522250122,
                        0.015962033144652256
                    ]
                }
            ]
        },
        "values_at_sigma_3": {
            "type": "list",
            "values": [
                {
                    "type": "tuple",
                    "values": [
                        -0.06516113328228076,
                        -0.02249122474027638
                    ]
                },
                {
                    "type": "tuple",
                    "values": [
                        0.03712772576091624,
                        0.08599234551254703
                    ]
                },
                {
                    "type": "tuple",
                    "values": [
                        -0.0575377838908969,
                        0.044539370384294265
                    ]
                },
                {
                    "type": "tuple",
                    "values": [
                        -0.05616450557546,
                        0.06431828989583921
                    ]
                },
                {
                    "type": "tuple",
                    "values": [
                        -0.09939043548136216,
                        0.07956681700331
                    ]
                },
                {
                    "type": "tuple",
                    "values": [
                        -0.038053346215121145,
                        0.0996851488962576
                    ]
                }
            ]
        },
        "values_at_sigma_1": {
            "type": "list",
            "values": [
                {
                    "type": "tuple",
                    "values": [
                        -0.05510985578597,
                        -0.04205478581922
                    ]
                },
                {
                    "type": "tuple",
                    "values": [
                        0.05489333382435,
                        0.06827873907283478
                    ]
                },
                {
                    "type": "tuple",
                    "values": [
                        -0.02546517757039,
                        0.0134324392732
                    ]
                },
                {
                    "type": "tuple",
                    "values": [
                        -0.03084155011157,
                        0.011200339180172195
                    ]
                },
                {
                    "type": "tuple",
                    "values": [
                        -0.018287983871793607,
                        0.04639371788734
                    ]
                },
                {
                    "type": "tuple",
                    "values": [
                        0.01994477674896,
                        0.06083193511611348
                    ]
                }
            ]
        },
        "max_log_likelihood_sample": {
            "type": "instance",
            "class_path": "autofit.non_linear.samples.sample.Sample",
            "arguments": {
                "log_likelihood": -38.285026045354066,
                "log_prior": 0.0,
                "weight": 0.001035731014800866,
                "kwargs": {
                    "type": "dict",
                    "arguments": {
                        "ellipses.0.ell_comps.ell_comps_0": -0.04832207992935,
                        "ellipses.0.ell_comps.ell_comps_1": 0.05701501046743,
                        "multipoles.0.multipole_3.multipole_comps.multipole_comps_0": 0.0114805720789,
                        "multipoles.0.multipole_3.multipole_comps.multipole_comps_1": -0.02786159065632,
                        "multipoles.0.multipole_4.multipole_comps.multipole_comps_0": 0.03941827740059,
                        "multipoles.0.multipole_4.multipole_comps.multipole_comps_1": 0.03157067888041
                    }
                }
            }
        },
        "model": null,
        "errors_at_sigma_3": {
            "type": "list",
            "values": [
                {
                    "type": "tuple",
                    "values": [
                        0.015876276893787906,
                        0.02679363164821648
                    ]
                },
                {
                    "type": "tuple",
                    "values": [
                        0.02241896588531761,
                        0.02644565386631318
                    ]
                },
                {
                    "type": "tuple",
                    "values": [
                        0.05092265155043636,
                        0.0511545027247548
                    ]
                },
                {
                    "type": "tuple",
                    "values": [
                        0.041651987629303805,
                        0.0788308078419954
                    ]
                },
                {
                    "type": "tuple",
                    "values": [
                        0.12286361316850303,
                        0.05609363931616913
                    ]
                },
                {
                    "type": "tuple",
                    "values": [
                        0.08292324818658237,
                        0.054815246924796376
                    ]
                }
            ]
        }
    }
}