{
    "type": "instance",
    "class_path": "autofit.non_linear.samples.summary.SamplesSummary",
    "arguments": {
        "values_at_sigma_3": {
            "type": "list",
            "values": [
                {
                    "type": "tuple",
                    "values": [
                        0.44660173823245836,
                        0.48875101075164845
                    ]
                },
                {
                    "type": "tuple",
                    "values": [
                        -0.1476105917532467,
                        -0.09255042583386441
                    ]
                },
                {
                    "type": "tuple",
                    "values": [
                        1.5045766984275017,
                        1.5791902204926145
                    ]
                },
                {
                    "type": "tuple",
                    "values": [
                        -0.07717126816899482,
                        -0.05585361494226454
                    ]
                },
                {
                    "type": "tuple",
                    "values": [
                        0.07757289151440194,
                        0.10993191323815237
                    ]
                },
                {
                    "type": "tuple",
                    "values": [
                        -0.006395084948136459,
                        -0.00030088348174508333
                    ]
                },
                {
                    "type": "tuple",
                    "values": [
                        -0.007245694469154473,
                        4.113815982630374e-06
                    ]
                },
                {
                    "type": "tuple",
                    "values": [
                        -0.005017368286141416,
                        0.0007406788921525424
                    ]
                },
                {
                    "type": "tuple",
                    "values": [
                        0.002554416216018237,
                        0.007830482667711339
                    ]
                },
                {
                    "type": "tuple",
                    "values": [
                        2.039165436292888,
                        2.144896057067954
                    ]
                },
                {
                    "type": "tuple",
                    "values": [
                        0.0011536261757181612,
                        0.03943715356605389
                    ]
                },
                {
                    "type": "tuple",
                    "values": [
                        0.1155677333070277,
                        0.14993798287513324
                    ]
                }
            ]
        },
        "errors_at_sigma_1": {
            "type": "list",
            "values": [
                {
                    "type": "tuple",
                    "values": [
                        0.007145054640275039,
                        0.007658129376133582
                    ]
                },
                {
                    "type": "tuple",
                    "values": [
                        0.009579758521608361,
                        0.008593604463645599
                    ]
                },
                {
                    "type": "tuple",
                    "values": [
                        0.011946083692836673,
                        0.012899143665039636
                    ]
                },
                {
                    "type": "tuple",
                    "values": [
                        0.0031133401720430387,
                        0.003696771027306478
                    ]
                },
                {
                    "type": "tuple",
                    "values": [
                        0.0047608392197835275,
                        0.005506282434480633
                    ]
                },
                {
                    "type": "tuple",
                    "values": [
                        0.0011219422031402853,
                        0.000973260375018319
                    ]
                },
                {
                    "type": "tuple",
                    "values": [
                        0.0011223501424547852,
                        0.0011621034293083326
                    ]
                },
                {
                    "type": "tuple",
                    "values": [
                        0.0007743815336235687,
                        0.0007780155193462058
                    ]
                },
                {
                    "type": "tuple",
                    "values": [
                        0.0008936307058974267,
                        0.0008074517807268146
                    ]
                },
                {
                    "type": "tuple",
                    "values": [
                        0.013310774698910066,
                        0.011044850314034349
                    ]
                },
                {
                    "type": "tuple",
                    "values": [
                        0.0042279243702635395,
                        0.0038396130917081883
                    ]
                },
                {
                    "type": "tuple",
                    "values": [
                        0.004151489244028944,
                        0.004377796512129606
                    ]
                }
            ]
        },
        "log_evidence": -13204.841701752657,
        "model": null,
        "max_log_likelihood_sample": {
            "type": "instance",
            "class_path": "autofit.non_linear.samples.sample.Sample",
            "arguments": {
                "log_likelihood": -13139.696716869345,
                "log_prior": 0.05757095916025859,
                "weight": 0.0002664134507959886,
                "kwargs": {
                    "type": "dict",
                    "arguments": {
                        "galaxies.lens.mass.ell_comps.ell_comps_0": 0.47292634032920056,
                        "galaxies.lens.mass.ell_comps.ell_comps_1": -0.10202335927544343,
                        "galaxies.lens.multipole_4.einstein_radius": 1.5397997963150787,
                        "galaxies.lens.multipole_4.centre.centre_0": -0.06948959144058837,
                        "galaxies.lens.multipole_4.centre.centre_1": 0.09198139336912167,
                        "galaxies.lens.multipole_3.multipole_comps.multipole_comps_0": -0.00345554666645,
                        "galaxies.lens.multipole_3.multipole_comps.multipole_comps_1": -0.00423583505236,
                        "galaxies.lens.multipole_4.multipole_comps.multipole_comps_0": -0.00277693332435,
                        "galaxies.lens.multipole_4.multipole_comps.multipole_comps_1": 0.00601819413235,
                        "galaxies.lens.multipole_4.slope": 2.10990309242374,
                        "galaxies.lens.shear.gamma_1": 0.03491641077221,
                        "galaxies.lens.shear.gamma_2": 0.12915580804245
                    }
                }
            }
        },
        "median_pdf_sample": {
            "type": "instance",
            "class_path": "autofit.non_linear.samples.sample.Sample",
            "arguments": {
                "log_likelihood": -13139.696716869345,
                "log_prior": 0.05757095916025859,
                "weight": 0.0002664134507959886,
                "kwargs": {
                    "type": "dict",
                    "arguments": {
                        "galaxies.lens.mass.ell_comps.ell_comps_0": 0.46851957323081106,
                        "galaxies.lens.mass.ell_comps.ell_comps_1": -0.11326260901164342,
                        "galaxies.lens.multipole_4.einstein_radius": 1.5378793455321538,
                        "galaxies.lens.multipole_4.centre.centre_0": -0.06643863787923997,
                        "galaxies.lens.multipole_4.centre.centre_1": 0.0945708313903669,
                        "galaxies.lens.multipole_3.multipole_comps.multipole_comps_0": -0.003226465659125269,
                        "galaxies.lens.multipole_3.multipole_comps.multipole_comps_1": -0.004264271103881435,
                        "galaxies.lens.multipole_4.multipole_comps.multipole_comps_0": -0.0025766639446762746,
                        "galaxies.lens.multipole_4.multipole_comps.multipole_comps_1": 0.005767197296775651,
                        "galaxies.lens.multipole_4.slope": 2.109024302730689,
                        "galaxies.lens.shear.gamma_1": 0.029818330789578358,
                        "galaxies.lens.shear.gamma_2": 0.12761070370004307
                    }
                }
            }
        },
        "errors_at_sigma_3": {
            "type": "list",
            "values": [
                {
                    "type": "tuple",
                    "values": [
                        0.021917834998352703,
                        0.020231437520837392
                    ]
                },
                {
                    "type": "tuple",
                    "values": [
                        0.03434798274160328,
                        0.02071218317777901
                    ]
                },
                {
                    "type": "tuple",
                    "values": [
                        0.03330264710465203,
                        0.04131087496046071
                    ]
                },
                {
                    "type": "tuple",
                    "values": [
                        0.010732630289754852,
                        0.010585022936975427
                    ]
                },
                {
                    "type": "tuple",
                    "values": [
                        0.016997939875964957,
                        0.015361081847785465
                    ]
                },
                {
                    "type": "tuple",
                    "values": [
                        0.0031686192890111897,
                        0.0029255821773801855
                    ]
                },
                {
                    "type": "tuple",
                    "values": [
                        0.002981423365273038,
                        0.004268384919864065
                    ]
                },
                {
                    "type": "tuple",
                    "values": [
                        0.002440704341465141,
                        0.003317342836828817
                    ]
                },
                {
                    "type": "tuple",
                    "values": [
                        0.003212781080757414,
                        0.002063285370935688
                    ]
                },
                {
                    "type": "tuple",
                    "values": [
                        0.06985886643780104,
                        0.03587175433726486
                    ]
                },
                {
                    "type": "tuple",
                    "values": [
                        0.028664704613860198,
                        0.009618822776475529
                    ]
                },
                {
                    "type": "tuple",
                    "values": [
                        0.01204297039301537,
                        0.02232727917509017
                    ]
                }
            ]
        },
        "values_at_sigma_1": {
            "type": "list",
            "values": [
                {
                    "type": "tuple",
                    "values": [
                        0.461374518590536,
                        0.47617770260694464
                    ]
                },
                {
                    "type": "tuple",
                    "values": [
                        -0.12284236753325178,
                        -0.10466900454799782
                    ]
                },
                {
                    "type": "tuple",
                    "values": [
                        1.525933261839317,
                        1.5507784891971934
                    ]
                },
                {
                    "type": "tuple",
                    "values": [
                        -0.069551978051283,
                        -0.06274186685193349
                    ]
                },
                {
                    "type": "tuple",
                    "values": [
                        0.08980999217058337,
                        0.10007711382484753
                    ]
                },
                {
                    "type": "tuple",
                    "values": [
                        -0.004348407862265554,
                        -0.00225320528410695
                    ]
                },
                {
                    "type": "tuple",
                    "values": [
                        -0.00538662124633622,
                        -0.003102167674573102
                    ]
                },
                {
                    "type": "tuple",
                    "values": [
                        -0.0033510454782998433,
                        -0.0017986484253300688
                    ]
                },
                {
                    "type": "tuple",
                    "values": [
                        0.004873566590878224,
                        0.0065746490775024655
                    ]
                },
                {
                    "type": "tuple",
                    "values": [
                        2.095713528031779,
                        2.1200691530447235
                    ]
                },
                {
                    "type": "tuple",
                    "values": [
                        0.02559040641931482,
                        0.033657943881286546
                    ]
                },
                {
                    "type": "tuple",
                    "values": [
                        0.12345921445601413,
                        0.13198850021217268
                    ]
                }
            ]
        }
    }
}