{
    "type": "instance",
    "class_path": "autofit.non_linear.samples.summary.SamplesSummary",
    "arguments": {
        "log_evidence": -48.87653621613997,
        "values_at_sigma_1": {
            "type": "list",
            "values": [
                {
                    "type": "tuple",
                    "values": [
                        -0.16769062727808,
                        -0.16113580274562367
                    ]
                },
                {
                    "type": "tuple",
                    "values": [
                        0.058205096642315726,
                        0.06694840320040518
                    ]
                },
                {
                    "type": "tuple",
                    "values": [
                        0.00031182697788988253,
                        0.0180637363525808
                    ]
                },
                {
                    "type": "tuple",
                    "values": [
                        -0.014726197112110217,
                        0.0024728165797632076
                    ]
                },
                {
                    "type": "tuple",
                    "values": [
                        -0.021739307496028447,
                        0.00279742482435
                    ]
                },
                {
                    "type": "tuple",
                    "values": [
                        -0.018038819824626986,
                        -0.0014318478938615028
                    ]
                }
            ]
        },
        "max_log_likelihood_sample": {
            "type": "instance",
            "class_path": "autofit.non_linear.samples.sample.Sample",
            "arguments": {
                "log_likelihood": -29.308094003856255,
                "log_prior": 0.0,
                "weight": 0.0010506737903420607,
                "kwargs": {
                    "type": "dict",
                    "arguments": {
                        "ellipses.0.ell_comps.ell_comps_0": -0.16564312697458,
                        "ellipses.0.ell_comps.ell_comps_1": 0.05949071493007,
                        "multipoles.0.multipole_3.multipole_comps.multipole_comps_0": 0.01984568245913,
                        "multipoles.0.multipole_3.multipole_comps.multipole_comps_1": -0.00776204711975,
                        "multipoles.0.multipole_4.multipole_comps.multipole_comps_0": -0.01868203524742,
                        "multipoles.0.multipole_4.multipole_comps.multipole_comps_1": -0.01093087174906
                    }
                }
            }
        },
        "model": null,
        "values_at_sigma_3": {
            "type": "list",
            "values": [
                {
                    "type": "tuple",
                    "values": [
                        -0.17459886927044,
                        -0.15440119761860582
                    ]
                },
                {
                    "type": "tuple",
                    "values": [
                        0.05354662194794392,
                        0.07372385157352919
                    ]
                },
                {
                    "type": "tuple",
                    "values": [
                        -0.01702936901339,
                        0.03421740279603236
                    ]
                },
                {
                    "type": "tuple",
                    "values": [
                        -0.03549261691151,
                        0.014294092900154345
                    ]
                },
                {
                    "type": "tuple",
                    "values": [
                        -0.03835872133352,
                        0.022935535866999566
                    ]
                },
                {
                    "type": "tuple",
                    "values": [
                        -0.03455999001609967,
                        0.01637284975059
                    ]
                }
            ]
        },
        "median_pdf_sample": {
            "type": "instance",
            "class_path": "autofit.non_linear.samples.sample.Sample",
            "arguments": {
                "log_likelihood": -29.308094003856255,
                "log_prior": 0.0,
                "weight": 0.0010506737903420607,
                "kwargs": {
                    "type": "dict",
                    "arguments": {
                        "ellipses.0.ell_comps.ell_comps_0": -0.16479093208090334,
                        "ellipses.0.ell_comps.ell_comps_1": 0.062204539077279845,
                        "multipoles.0.multipole_3.multipole_comps.multipole_comps_0": 0.00956711945048,
                        "multipoles.0.multipole_3.multipole_comps.multipole_comps_1": -0.00584011994312,
                        "multipoles.0.multipole_4.multipole_comps.multipole_comps_0": -0.00973577008029,
                        "multipoles.0.multipole_4.multipole_comps.multipole_comps_1": -0.009185707787143869
                    }
                }
            }
        },
        "errors_at_sigma_3": {
            "type": "list",
            "values": [
                {
                    "type": "tuple",
                    "values": [
                        0.009807937189536653,
                        0.010389734462297517
                    ]
                },
                {
                    "type": "tuple",
                    "values": [
                        0.008657917129335925,
                        0.011519312496249344
                    ]
                },
                {
                    "type": "tuple",
                    "values": [
                        0.02659648846387,
                        0.02465028334555236
                    ]
                },
                {
                    "type": "tuple",
                    "values": [
                        0.029652496968389997,
                        0.020134212843274345
                    ]
                },
                {
                    "type": "tuple",
                    "values": [
                        0.02862295125323,
                        0.032671305947289564
                    ]
                },
                {
                    "type": "tuple",
                    "values": [
                        0.0253742822289558,
                        0.02555855753773387
                    ]
                }
            ]
        },
        "errors_at_sigma_1": {
            "type": "list",
            "values": [
                {
                    "type": "tuple",
                    "values": [
                        0.0028996951971766716,
                        0.003655129335279672
                    ]
                },
                {
                    "type": "tuple",
                    "values": [
                        0.003999442434964119,
                        0.004743864123125337
                    ]
                },
                {
                    "type": "tuple",
                    "values": [
                        0.009255292472590116,
                        0.008496616902100799
                    ]
                },
                {
                    "type": "tuple",
                    "values": [
                        0.008886077168990217,
                        0.008312936522883207
                    ]
                },
                {
                    "type": "tuple",
                    "values": [
                        0.012003537415738447,
                        0.01253319490464
                    ]
                },
                {
                    "type": "tuple",
                    "values": [
                        0.008853112037483117,
                        0.007753859893282366
                    ]
                }
            ]
        }
    }
}