{
    "type": "instance",
    "class_path": "autofit.non_linear.samples.summary.SamplesSummary",
    "arguments": {
        "values_at_sigma_3": {
            "type": "list",
            "values": [
                {
                    "type": "tuple",
                    "values": [
                        0.00426514539189,
                        0.03218135403727049
                    ]
                },
                {
                    "type": "tuple",
                    "values": [
                        -0.15374216001406985,
                        -0.12485467178074836
                    ]
                }
            ]
        },
        "model": null,
        "median_pdf_sample": {
            "type": "instance",
            "class_path": "autofit.non_linear.samples.sample.Sample",
            "arguments": {
                "log_likelihood": -45.94112243253814,
                "log_prior": 0.0,
                "weight": 0.0009840220618143245,
                "kwargs": {
                    "type": "dict",
                    "arguments": {
                        "ellipses.0.ell_comps.ell_comps_0": 0.025527792167895764,
                        "ellipses.0.ell_comps.ell_comps_1": -0.1459931614032823
                    }
                }
            }
        },
        "log_evidence": -56.21877875961356,
        "errors_at_sigma_3": {
            "type": "list",
            "values": [
                {
                    "type": "tuple",
                    "values": [
                        0.021262646776005763,
                        0.006653561869374724
                    ]
                },
                {
                    "type": "tuple",
                    "values": [
                        0.007748998610787539,
                        0.02113848962253395
                    ]
                }
            ]
        },
        "max_log_likelihood_sample": {
            "type": "instance",
            "class_path": "autofit.non_linear.samples.sample.Sample",
            "arguments": {
                "log_likelihood": -45.94112243253814,
                "log_prior": 0.0,
                "weight": 0.0009840220618143245,
                "kwargs": {
                    "type": "dict",
                    "arguments": {
                        "ellipses.0.ell_comps.ell_comps_0": 0.02587221104128,
                        "ellipses.0.ell_comps.ell_comps_1": -0.14602215574124
                    }
                }
            }
        },
        "values_at_sigma_1": {
            "type": "list",
            "values": [
                {
                    "type": "tuple",
                    "values": [
                        0.02217564623247,
                        0.02779513044765
                    ]
                },
                {
                    "type": "tuple",
                    "values": [
                        -0.14794019837436356,
                        -0.1440728375877318
                    ]
                }
            ]
        },
        "errors_at_sigma_1": {
            "type": "list",
            "values": [
                {
                    "type": "tuple",
                    "values": [
                        0.0033521459354257654,
                        0.002267338279754238
                    ]
                },
                {
                    "type": "tuple",
                    "values": [
                        0.0019470369710812563,
                        0.0019203238155505176
                    ]
                }
            ]
        }
    }
}