{
    "type": "instance",
    "class_path": "autofit.non_linear.samples.summary.SamplesSummary",
    "arguments": {
        "median_pdf_sample": {
            "type": "instance",
            "class_path": "autofit.non_linear.samples.sample.Sample",
            "arguments": {
                "log_likelihood": -9.992823382665692,
                "log_prior": 0.0,
                "weight": 0.0010267691634766535,
                "kwargs": {
                    "type": "dict",
                    "arguments": {
                        "ellipses.0.ell_comps.ell_comps_0": -0.08850593609916953,
                        "ellipses.0.ell_comps.ell_comps_1": 0.021323150804018736,
                        "multipoles.0.multipole_3.multipole_comps.multipole_comps_0": 0.0029856278075835263,
                        "multipoles.0.multipole_3.multipole_comps.multipole_comps_1": -0.00056877816163,
                        "multipoles.0.multipole_4.multipole_comps.multipole_comps_0": -0.00436045263323,
                        "multipoles.0.multipole_4.multipole_comps.multipole_comps_1": -0.00398148707416
                    }
                }
            }
        },
        "errors_at_sigma_3": {
            "type": "list",
            "values": [
                {
                    "type": "tuple",
                    "values": [
                        0.00998070355306685,
                        0.008349804457968846
                    ]
                },
                {
                    "type": "tuple",
                    "values": [
                        0.009070395605448736,
                        0.008127380182703137
                    ]
                },
                {
                    "type": "tuple",
                    "values": [
                        0.005653464700506327,
                        0.006017673928186474
                    ]
                },
                {
                    "type": "tuple",
                    "values": [
                        0.007378435456660001,
                        0.0061858798381520105
                    ]
                },
                {
                    "type": "tuple",
                    "values": [
                        0.008178866509085576,
                        0.007636125979568635
                    ]
                },
                {
                    "type": "tuple",
                    "values": [
                        0.0083974614026,
                        0.008364904117221558
                    ]
                }
            ]
        },
        "log_evidence": -33.85933157000558,
        "errors_at_sigma_1": {
            "type": "list",
            "values": [
                {
                    "type": "tuple",
                    "values": [
                        0.0026407133726804727,
                        0.002914243302689523
                    ]
                },
                {
                    "type": "tuple",
                    "values": [
                        0.0028705546157348286,
                        0.0030375596297612627
                    ]
                },
                {
                    "type": "tuple",
                    "values": [
                        0.0018726474420435264,
                        0.0019687876636264737
                    ]
                },
                {
                    "type": "tuple",
                    "values": [
                        0.002092848741123376,
                        0.00239997491403
                    ]
                },
                {
                    "type": "tuple",
                    "values": [
                        0.003118714384284323,
                        0.0025202811854055807
                    ]
                },
                {
                    "type": "tuple",
                    "values": [
                        0.0025458337954800004,
                        0.0029044258207433526
                    ]
                }
            ]
        },
        "model": null,
        "values_at_sigma_3": {
            "type": "list",
            "values": [
                {
                    "type": "tuple",
                    "values": [
                        -0.09848663965223638,
                        -0.08015613164120068
                    ]
                },
                {
                    "type": "tuple",
                    "values": [
                        0.01225275519857,
                        0.029450530986721873
                    ]
                },
                {
                    "type": "tuple",
                    "values": [
                        -0.002667836892922801,
                        0.00900330173577
                    ]
                },
                {
                    "type": "tuple",
                    "values": [
                        -0.00794721361829,
                        0.0056171016765220105
                    ]
                },
                {
                    "type": "tuple",
                    "values": [
                        -0.012539319142315576,
                        0.0032756733463386355
                    ]
                },
                {
                    "type": "tuple",
                    "values": [
                        -0.01237894847676,
                        0.0043834170430615575
                    ]
                }
            ]
        },
        "max_log_likelihood_sample": {
            "type": "instance",
            "class_path": "autofit.non_linear.samples.sample.Sample",
            "arguments": {
                "log_likelihood": -9.992823382665692,
                "log_prior": 0.0,
                "weight": 0.0010267691634766535,
                "kwargs": {
                    "type": "dict",
                    "arguments": {
                        "ellipses.0.ell_comps.ell_comps_0": -0.0886946200961,
                        "ellipses.0.ell_comps.ell_comps_1": 0.01992344955884,
                        "multipoles.0.multipole_3.multipole_comps.multipole_comps_0": 0.00337306979699,
                        "multipoles.0.multipole_3.multipole_comps.multipole_comps_1": -0.0017206046867,
                        "multipoles.0.multipole_4.multipole_comps.multipole_comps_0": -0.0044769768019,
                        "multipoles.0.multipole_4.multipole_comps.multipole_comps_1": -0.00460151222093
                    }
                }
            }
        },
        "values_at_sigma_1": {
            "type": "list",
            "values": [
                {
                    "type": "tuple",
                    "values": [
                        -0.09114664947185,
                        -0.08559169279648
                    ]
                },
                {
                    "type": "tuple",
                    "values": [
                        0.018452596188283907,
                        0.02436071043378
                    ]
                },
                {
                    "type": "tuple",
                    "values": [
                        0.00111298036554,
                        0.00495441547121
                    ]
                },
                {
                    "type": "tuple",
                    "values": [
                        -0.002661626902753376,
                        0.0018311967524
                    ]
                },
                {
                    "type": "tuple",
                    "values": [
                        -0.0074791670175143226,
                        -0.0018401714478244189
                    ]
                },
                {
                    "type": "tuple",
                    "values": [
                        -0.00652732086964,
                        -0.0010770612534166473
                    ]
                }
            ]
        }
    }
}