{
    "type": "instance",
    "class_path": "autofit.non_linear.samples.summary.SamplesSummary",
    "arguments": {
        "values_at_sigma_1": {
            "type": "list",
            "values": [
                {
                    "type": "tuple",
                    "values": [
                        0.0381260760467174,
                        0.04756555119224754
                    ]
                },
                {
                    "type": "tuple",
                    "values": [
                        -0.0857396603387083,
                        -0.0701824218806
                    ]
                },
                {
                    "type": "tuple",
                    "values": [
                        -0.023731631884492843,
                        0.03866199761863
                    ]
                },
                {
                    "type": "tuple",
                    "values": [
                        -0.027513192340095416,
                        0.025679919573436707
                    ]
                },
                {
                    "type": "tuple",
                    "values": [
                        -0.03748862396148207,
                        0.04603762046143
                    ]
                },
                {
                    "type": "tuple",
                    "values": [
                        -0.04084659720304655,
                        0.011465573110109957
                    ]
                },
                {
                    "type": "tuple",
                    "values": [
                        -0.03259128714134538,
                        0.04544138598353944
                    ]
                },
                {
                    "type": "tuple",
                    "values": [
                        -0.0284621091886,
                        0.01228261505198
                    ]
                }
            ]
        },
        "max_log_likelihood_sample": {
            "type": "instance",
            "class_path": "autofit.non_linear.samples.sample.Sample",
            "arguments": {
                "log_likelihood": -38.76251035582844,
                "log_prior": 0.0,
                "weight": 0.0009700314037382342,
                "kwargs": {
                    "type": "dict",
                    "arguments": {
                        "ellipses.0.ell_comps.ell_comps_0": 0.04656709867249,
                        "ellipses.0.ell_comps.ell_comps_1": -0.07180660146654,
                        "multipoles.0.multipole_1.multipole_comps.multipole_comps_0": 0.03675381350486,
                        "multipoles.0.multipole_1.multipole_comps.multipole_comps_1": 0.00532766722149,
                        "multipoles.0.multipole_3.multipole_comps.multipole_comps_0": -0.01405675637603,
                        "multipoles.0.multipole_3.multipole_comps.multipole_comps_1": -0.0367311015381,
                        "multipoles.0.multipole_4.multipole_comps.multipole_comps_0": -0.03687558578858,
                        "multipoles.0.multipole_4.multipole_comps.multipole_comps_1": -0.00441899099876
                    }
                }
            }
        },
        "errors_at_sigma_1": {
            "type": "list",
            "values": [
                {
                    "type": "tuple",
                    "values": [
                        0.0060992996801425975,
                        0.003340175465387542
                    ]
                },
                {
                    "type": "tuple",
                    "values": [
                        0.009717187224398308,
                        0.005840051233709995
                    ]
                },
                {
                    "type": "tuple",
                    "values": [
                        0.03598854866751332,
                        0.026405080835609523
                    ]
                },
                {
                    "type": "tuple",
                    "values": [
                        0.03159996854900542,
                        0.021593143364526706
                    ]
                },
                {
                    "type": "tuple",
                    "values": [
                        0.03525344131313549,
                        0.04827280310977658
                    ]
                },
                {
                    "type": "tuple",
                    "values": [
                        0.025445922207936553,
                        0.026866248105219957
                    ]
                },
                {
                    "type": "tuple",
                    "values": [
                        0.034973714535575386,
                        0.043058958589309436
                    ]
                },
                {
                    "type": "tuple",
                    "values": [
                        0.018222663625133785,
                        0.02252206061544621
                    ]
                }
            ]
        },
        "model": null,
        "median_pdf_sample": {
            "type": "instance",
            "class_path": "autofit.non_linear.samples.sample.Sample",
            "arguments": {
                "log_likelihood": -38.76251035582844,
                "log_prior": 0.0,
                "weight": 0.0009700314037382342,
                "kwargs": {
                    "type": "dict",
                    "arguments": {
                        "ellipses.0.ell_comps.ell_comps_0": 0.04422537572686,
                        "ellipses.0.ell_comps.ell_comps_1": -0.07602247311431,
                        "multipoles.0.multipole_1.multipole_comps.multipole_comps_0": 0.012256916783020474,
                        "multipoles.0.multipole_1.multipole_comps.multipole_comps_1": 0.00408677620891,
                        "multipoles.0.multipole_3.multipole_comps.multipole_comps_0": -0.0022351826483465783,
                        "multipoles.0.multipole_3.multipole_comps.multipole_comps_1": -0.01540067499511,
                        "multipoles.0.multipole_4.multipole_comps.multipole_comps_0": 0.00238242739423,
                        "multipoles.0.multipole_4.multipole_comps.multipole_comps_1": -0.010239445563466213
                    }
                }
            }
        },
        "errors_at_sigma_3": {
            "type": "list",
            "values": [
                {
                    "type": "tuple",
                    "values": [
                        0.021889951090602905,
                        0.009147882775019836
                    ]
                },
                {
                    "type": "tuple",
                    "values": [
                        0.026127066197013854,
                        0.019257051553548656
                    ]
                },
                {
                    "type": "tuple",
                    "values": [
                        0.08111286161876047,
                        0.07714798388318952
                    ]
                },
                {
                    "type": "tuple",
                    "values": [
                        0.08390895084675,
                        0.06787285155729
                    ]
                },
                {
                    "type": "tuple",
                    "values": [
                        0.07650857594408444,
                        0.10138185453671207
                    ]
                },
                {
                    "type": "tuple",
                    "values": [
                        0.06729611131343,
                        0.07267024846682
                    ]
                },
                {
                    "type": "tuple",
                    "values": [
                        0.06963287323112,
                        0.09197174875173765
                    ]
                },
                {
                    "type": "tuple",
                    "values": [
                        0.06233141691314379,
                        0.059069087702936146
                    ]
                }
            ]
        },
        "log_evidence": -59.728221924526196,
        "values_at_sigma_3": {
            "type": "list",
            "values": [
                {
                    "type": "tuple",
                    "values": [
                        0.022335424636257095,
                        0.053373258501879836
                    ]
                },
                {
                    "type": "tuple",
                    "values": [
                        -0.10214953931132385,
                        -0.056765421560761344
                    ]
                },
                {
                    "type": "tuple",
                    "values": [
                        -0.06885594483574,
                        0.08940490066621
                    ]
                },
                {
                    "type": "tuple",
                    "values": [
                        -0.07982217463784,
                        0.0719596277662
                    ]
                },
                {
                    "type": "tuple",
                    "values": [
                        -0.07874375859243102,
                        0.0991466718883655
                    ]
                },
                {
                    "type": "tuple",
                    "values": [
                        -0.08269678630854,
                        0.05726957347171
                    ]
                },
                {
                    "type": "tuple",
                    "values": [
                        -0.06725044583689,
                        0.09435417614596765
                    ]
                },
                {
                    "type": "tuple",
                    "values": [
                        -0.07257086247661,
                        0.048829642139469935
                    ]
                }
            ]
        }
    }
}