{
    "type": "instance",
    "class_path": "autofit.non_linear.samples.summary.SamplesSummary",
    "arguments": {
        "values_at_sigma_1": {
            "type": "list",
            "values": [
                {
                    "type": "tuple",
                    "values": [
                        -0.007827034942614436,
                        0.004073533580533612
                    ]
                },
                {
                    "type": "tuple",
                    "values": [
                        -0.11993535426339,
                        -0.10240196151311022
                    ]
                },
                {
                    "type": "tuple",
                    "values": [
                        -0.010796032326694951,
                        0.015521204486677405
                    ]
                },
                {
                    "type": "tuple",
                    "values": [
                        -0.008095440256338111,
                        0.02133884429143508
                    ]
                },
                {
                    "type": "tuple",
                    "values": [
                        -0.01715815109407464,
                        0.012445957941736285
                    ]
                },
                {
                    "type": "tuple",
                    "values": [
                        -0.01017987080572,
                        0.01906297633216
                    ]
                },
                {
                    "type": "tuple",
                    "values": [
                        0.00017278623740869976,
                        0.053882648870112695
                    ]
                },
                {
                    "type": "tuple",
                    "values": [
                        -0.055201988028209664,
                        -0.014352856678383263
                    ]
                }
            ]
        },
        "errors_at_sigma_3": {
            "type": "list",
            "values": [
                {
                    "type": "tuple",
                    "values": [
                        0.01634139005668973,
                        0.020911578945245535
                    ]
                },
                {
                    "type": "tuple",
                    "values": [
                        0.021544391805197738,
                        0.01305880941861226
                    ]
                },
                {
                    "type": "tuple",
                    "values": [
                        0.04105392842066775,
                        0.04863652778665284
                    ]
                },
                {
                    "type": "tuple",
                    "values": [
                        0.04606274510110126,
                        0.05234119420106
                    ]
                },
                {
                    "type": "tuple",
                    "values": [
                        0.0461228298567366,
                        0.05090739131458301
                    ]
                },
                {
                    "type": "tuple",
                    "values": [
                        0.04387308579230506,
                        0.042807041820104946
                    ]
                },
                {
                    "type": "tuple",
                    "values": [
                        0.0674909249163371,
                        0.06363671455445613
                    ]
                },
                {
                    "type": "tuple",
                    "values": [
                        0.05658817898702341,
                        0.047102678287184355
                    ]
                }
            ]
        },
        "log_evidence": -50.07917856509944,
        "model": null,
        "values_at_sigma_3": {
            "type": "list",
            "values": [
                {
                    "type": "tuple",
                    "values": [
                        -0.01780535334240973,
                        0.019447615659525536
                    ]
                },
                {
                    "type": "tuple",
                    "values": [
                        -0.1291272188281,
                        -0.09452401760429
                    ]
                },
                {
                    "type": "tuple",
                    "values": [
                        -0.038482072334195525,
                        0.05120838387312506
                    ]
                },
                {
                    "type": "tuple",
                    "values": [
                        -0.03744507692415126,
                        0.06095886237801
                    ]
                },
                {
                    "type": "tuple",
                    "values": [
                        -0.04676500106034071,
                        0.0502652201109789
                    ]
                },
                {
                    "type": "tuple",
                    "values": [
                        -0.03822371488127,
                        0.04845641273114
                    ]
                },
                {
                    "type": "tuple",
                    "values": [
                        -0.03988027560266,
                        0.09124736386813323
                    ]
                },
                {
                    "type": "tuple",
                    "values": [
                        -0.09089669596764,
                        0.012794161306567771
                    ]
                }
            ]
        },
        "max_log_likelihood_sample": {
            "type": "instance",
            "class_path": "autofit.non_linear.samples.sample.Sample",
            "arguments": {
                "log_likelihood": -27.271393808772384,
                "log_prior": 0.0,
                "weight": 0.0010716203357664202,
                "kwargs": {
                    "type": "dict",
                    "arguments": {
                        "ellipses.0.ell_comps.ell_comps_0": -0.00483206257935,
                        "ellipses.0.ell_comps.ell_comps_1": -0.10657893256047,
                        "multipoles.0.multipole_1.multipole_comps.multipole_comps_0": 0.0134239794864,
                        "multipoles.0.multipole_1.multipole_comps.multipole_comps_1": 0.01297460819335,
                        "multipoles.0.multipole_3.multipole_comps.multipole_comps_0": -0.00327528184628,
                        "multipoles.0.multipole_3.multipole_comps.multipole_comps_1": 0.00197007240455,
                        "multipoles.0.multipole_4.multipole_comps.multipole_comps_0": 0.04310096530276,
                        "multipoles.0.multipole_4.multipole_comps.multipole_comps_1": -0.03212838455524
                    }
                }
            }
        },
        "median_pdf_sample": {
            "type": "instance",
            "class_path": "autofit.non_linear.samples.sample.Sample",
            "arguments": {
                "log_likelihood": -27.271393808772384,
                "log_prior": 0.0,
                "weight": 0.0010716203357664202,
                "kwargs": {
                    "type": "dict",
                    "arguments": {
                        "ellipses.0.ell_comps.ell_comps_0": -0.00146396328572,
                        "ellipses.0.ell_comps.ell_comps_1": -0.10758282702290226,
                        "multipoles.0.multipole_1.multipole_comps.multipole_comps_0": 0.00257185608647222,
                        "multipoles.0.multipole_1.multipole_comps.multipole_comps_1": 0.00861766817695,
                        "multipoles.0.multipole_3.multipole_comps.multipole_comps_0": -0.000642171203604112,
                        "multipoles.0.multipole_3.multipole_comps.multipole_comps_1": 0.005649370911035057,
                        "multipoles.0.multipole_4.multipole_comps.multipole_comps_0": 0.0276106493136771,
                        "multipoles.0.multipole_4.multipole_comps.multipole_comps_1": -0.034308516980616585
                    }
                }
            }
        },
        "errors_at_sigma_1": {
            "type": "list",
            "values": [
                {
                    "type": "tuple",
                    "values": [
                        0.006363071656894436,
                        0.0055374968662536125
                    ]
                },
                {
                    "type": "tuple",
                    "values": [
                        0.012352527240487743,
                        0.005180865509792035
                    ]
                },
                {
                    "type": "tuple",
                    "values": [
                        0.013367888413167172,
                        0.012949348400205184
                    ]
                },
                {
                    "type": "tuple",
                    "values": [
                        0.01671310843328811,
                        0.01272117611448508
                    ]
                },
                {
                    "type": "tuple",
                    "values": [
                        0.016515979890470527,
                        0.013088129145340396
                    ]
                },
                {
                    "type": "tuple",
                    "values": [
                        0.01582924171675506,
                        0.013413605421124943
                    ]
                },
                {
                    "type": "tuple",
                    "values": [
                        0.0274378630762684,
                        0.026271999556435596
                    ]
                },
                {
                    "type": "tuple",
                    "values": [
                        0.02089347104759308,
                        0.019955660302233322
                    ]
                }
            ]
        }
    }
}