{
    "type": "instance",
    "class_path": "autofit.non_linear.samples.summary.SamplesSummary",
    "arguments": {
        "log_evidence": -118.3725878360146,
        "values_at_sigma_1": {
            "type": "list",
            "values": [
                {
                    "type": "tuple",
                    "values": [
                        -0.1891818631508,
                        -0.18550281909714
                    ]
                },
                {
                    "type": "tuple",
                    "values": [
                        -0.00644387654914,
                        -0.0021609475435382
                    ]
                },
                {
                    "type": "tuple",
                    "values": [
                        0.07668418076871666,
                        0.09737343282985
                    ]
                },
                {
                    "type": "tuple",
                    "values": [
                        0.08351996994096235,
                        0.09707453971627
                    ]
                },
                {
                    "type": "tuple",
                    "values": [
                        -0.025982222581065195,
                        0.01791129988432151
                    ]
                },
                {
                    "type": "tuple",
                    "values": [
                        0.0346224400751,
                        0.07043193185972
                    ]
                }
            ]
        },
        "max_log_likelihood_sample": {
            "type": "instance",
            "class_path": "autofit.non_linear.samples.sample.Sample",
            "arguments": {
                "log_likelihood": -97.62213935340094,
                "log_prior": 0.0,
                "weight": 0.0010648096893382862,
                "kwargs": {
                    "type": "dict",
                    "arguments": {
                        "ellipses.0.ell_comps.ell_comps_0": -0.18825123198928,
                        "ellipses.0.ell_comps.ell_comps_1": -0.00160654672636,
                        "multipoles.0.multipole_3.multipole_comps.multipole_comps_0": 0.09948277425081,
                        "multipoles.0.multipole_3.multipole_comps.multipole_comps_1": 0.09889285406176,
                        "multipoles.0.multipole_4.multipole_comps.multipole_comps_0": -0.04454434597705,
                        "multipoles.0.multipole_4.multipole_comps.multipole_comps_1": 0.06823302001105
                    }
                }
            }
        },
        "model": null,
        "values_at_sigma_3": {
            "type": "list",
            "values": [
                {
                    "type": "tuple",
                    "values": [
                        -0.19191525067030885,
                        -0.18416322350152617
                    ]
                },
                {
                    "type": "tuple",
                    "values": [
                        -0.0099217815602,
                        -4.036690771395982e-05
                    ]
                },
                {
                    "type": "tuple",
                    "values": [
                        0.060907379709437916,
                        0.09994004023085827
                    ]
                },
                {
                    "type": "tuple",
                    "values": [
                        0.05848105663435,
                        0.09996125551075188
                    ]
                },
                {
                    "type": "tuple",
                    "values": [
                        -0.0553359627038,
                        0.03191614140207682
                    ]
                },
                {
                    "type": "tuple",
                    "values": [
                        0.01751176194405386,
                        0.08890314314762
                    ]
                }
            ]
        },
        "median_pdf_sample": {
            "type": "instance",
            "class_path": "autofit.non_linear.samples.sample.Sample",
            "arguments": {
                "log_likelihood": -97.62213935340094,
                "log_prior": 0.0,
                "weight": 0.0010648096893382862,
                "kwargs": {
                    "type": "dict",
                    "arguments": {
                        "ellipses.0.ell_comps.ell_comps_0": -0.186745661989047,
                        "ellipses.0.ell_comps.ell_comps_1": -0.00448303541634,
                        "multipoles.0.multipole_3.multipole_comps.multipole_comps_0": 0.08631485948845,
                        "multipoles.0.multipole_3.multipole_comps.multipole_comps_1": 0.09225858522888795,
                        "multipoles.0.multipole_4.multipole_comps.multipole_comps_0": 0.00700206495101,
                        "multipoles.0.multipole_4.multipole_comps.multipole_comps_1": 0.0454942897309284
                    }
                }
            }
        },
        "errors_at_sigma_3": {
            "type": "list",
            "values": [
                {
                    "type": "tuple",
                    "values": [
                        0.005169588681261855,
                        0.0025824384875208217
                    ]
                },
                {
                    "type": "tuple",
                    "values": [
                        0.005438746143860001,
                        0.00444266850862604
                    ]
                },
                {
                    "type": "tuple",
                    "values": [
                        0.02540747977901208,
                        0.013625180742408274
                    ]
                },
                {
                    "type": "tuple",
                    "values": [
                        0.033777528594537955,
                        0.00770267028186393
                    ]
                },
                {
                    "type": "tuple",
                    "values": [
                        0.06233802765481,
                        0.02491407645106682
                    ]
                },
                {
                    "type": "tuple",
                    "values": [
                        0.02798252778687454,
                        0.0434088534166916
                    ]
                }
            ]
        },
        "errors_at_sigma_1": {
            "type": "list",
            "values": [
                {
                    "type": "tuple",
                    "values": [
                        0.002436201161752999,
                        0.0012428428919069867
                    ]
                },
                {
                    "type": "tuple",
                    "values": [
                        0.0019608411328000007,
                        0.0023220878728017996
                    ]
                },
                {
                    "type": "tuple",
                    "values": [
                        0.009630678719733332,
                        0.011058573341400008
                    ]
                },
                {
                    "type": "tuple",
                    "values": [
                        0.008738615287925605,
                        0.004815954487382049
                    ]
                },
                {
                    "type": "tuple",
                    "values": [
                        0.0329842875320752,
                        0.010909234933311512
                    ]
                },
                {
                    "type": "tuple",
                    "values": [
                        0.010871849655828401,
                        0.024937642128791605
                    ]
                }
            ]
        }
    }
}