{
    "type": "instance",
    "class_path": "autofit.non_linear.samples.summary.SamplesSummary",
    "arguments": {
        "errors_at_sigma_1": {
            "type": "list",
            "values": [
                {
                    "type": "tuple",
                    "values": [
                        0.0007299894606699999,
                        0.0023405872908451317
                    ]
                },
                {
                    "type": "tuple",
                    "values": [
                        0.0029057110866465086,
                        0.0009435785082064206
                    ]
                },
                {
                    "type": "tuple",
                    "values": [
                        0.00554676193711251,
                        0.005731948609450005
                    ]
                },
                {
                    "type": "tuple",
                    "values": [
                        0.004193861382810105,
                        0.012573849829493848
                    ]
                },
                {
                    "type": "tuple",
                    "values": [
                        0.0013476015891560667,
                        0.0016006158850395977
                    ]
                },
                {
                    "type": "tuple",
                    "values": [
                        0.0007008821697554305,
                        0.003045803154740263
                    ]
                },
                {
                    "type": "tuple",
                    "values": [
                        0.001142952563744226,
                        0.0009167959372482161
                    ]
                },
                {
                    "type": "tuple",
                    "values": [
                        0.0020372773677416033,
                        0.00282002780845
                    ]
                },
                {
                    "type": "tuple",
                    "values": [
                        0.0009485311381302527,
                        0.0009682956329519418
                    ]
                },
                {
                    "type": "tuple",
                    "values": [
                        0.0015802277658152637,
                        0.0019477430124647359
                    ]
                },
                {
                    "type": "tuple",
                    "values": [
                        0.03194311040677493,
                        0.0064530354169368975
                    ]
                },
                {
                    "type": "tuple",
                    "values": [
                        0.011826708980459996,
                        0.0033613013713136505
                    ]
                },
                {
                    "type": "tuple",
                    "values": [
                        0.014847888385124254,
                        0.0020459065865270475
                    ]
                },
                {
                    "type": "tuple",
                    "values": [
                        0.010667282931188545,
                        0.00381873156828988
                    ]
                },
                {
                    "type": "tuple",
                    "values": [
                        0.0010826665558670862,
                        0.0009669641191929136
                    ]
                },
                {
                    "type": "tuple",
                    "values": [
                        0.0028160314242213456,
                        0.0019245636166373096
                    ]
                },
                {
                    "type": "tuple",
                    "values": [
                        0.001227475595349999,
                        0.005077680648898313
                    ]
                },
                {
                    "type": "tuple",
                    "values": [
                        0.00354065393693,
                        0.0023241639143299995
                    ]
                },
                {
                    "type": "tuple",
                    "values": [
                        0.005382121284637539,
                        0.004611267369651062
                    ]
                },
                {
                    "type": "tuple",
                    "values": [
                        0.00227687408021,
                        0.00422194459374
                    ]
                },
                {
                    "type": "tuple",
                    "values": [
                        0.0076212344708393095,
                        0.030769761145111256
                    ]
                },
                {
                    "type": "tuple",
                    "values": [
                        0.0031284123439325306,
                        0.018476043493457467
                    ]
                },
                {
                    "type": "tuple",
                    "values": [
                        0.001918138740259999,
                        0.0017262632646200017
                    ]
                },
                {
                    "type": "tuple",
                    "values": [
                        0.0019102544753503235,
                        0.0021591877791296765
                    ]
                },
                {
                    "type": "tuple",
                    "values": [
                        0.002433192214543285,
                        0.003942304456865605
                    ]
                },
                {
                    "type": "tuple",
                    "values": [
                        0.0038152601084699977,
                        0.005930963660185605
                    ]
                },
                {
                    "type": "tuple",
                    "values": [
                        0.006496474307338254,
                        0.015347005204814565
                    ]
                },
                {
                    "type": "tuple",
                    "values": [
                        0.06415740826596,
                        0.005459209237250469
                    ]
                },
                {
                    "type": "tuple",
                    "values": [
                        0.007014247132376545,
                        0.007845186987020001
                    ]
                },
                {
                    "type": "tuple",
                    "values": [
                        0.007776381502858656,
                        0.02385496584106722
                    ]
                },
                {
                    "type": "tuple",
                    "values": [
                        0.017216796397191623,
                        0.003909079393757833
                    ]
                },
                {
                    "type": "tuple",
                    "values": [
                        0.0021737374896991426,
                        0.0011448641603508582
                    ]
                },
                {
                    "type": "tuple",
                    "values": [
                        0.0025802572036499986,
                        0.009692670283359999
                    ]
                },
                {
                    "type": "tuple",
                    "values": [
                        0.0037153170655636752,
                        0.00873977327489436
                    ]
                },
                {
                    "type": "tuple",
                    "values": [
                        0.019868685320846666,
                        0.017759764970706943
                    ]
                },
                {
                    "type": "tuple",
                    "values": [
                        0.24637538423881336,
                        0.0020014716448788494
                    ]
                },
                {
                    "type": "tuple",
                    "values": [
                        0.004453299788500549,
                        0.003933086652717117
                    ]
                },
                {
                    "type": "tuple",
                    "values": [
                        0.006672681110694301,
                        0.005401429224530005
                    ]
                },
                {
                    "type": "tuple",
                    "values": [
                        0.0016128233762299996,
                        0.00313537717424
                    ]
                },
                {
                    "type": "tuple",
                    "values": [
                        0.013070386712908302,
                        0.0015551772492297632
                    ]
                },
                {
                    "type": "tuple",
                    "values": [
                        0.01885828942220875,
                        0.0033949250527619684
                    ]
                },
                {
                    "type": "tuple",
                    "values": [
                        0.00502552646087524,
                        0.014819922940679998
                    ]
                }
            ]
        },
        "median_pdf_sample": {
            "type": "instance",
            "class_path": "autofit.non_linear.samples.sample.Sample",
            "arguments": {
                "log_likelihood": -121.09805489266124,
                "log_prior": 0.0,
                "weight": 0.000998494279350632,
                "kwargs": {
                    "type": "dict",
                    "arguments": {
                        "ellipses.ellipse_4.centre.centre_0": -0.00289574250372,
                        "ellipses.ellipse_4.centre.centre_1": -0.0011040350544734914,
                        "ellipses.ellipse_0.ell_comps.ell_comps_0": -0.14276954936381,
                        "ellipses.ellipse_0.ell_comps.ell_comps_1": 0.015448103409260104,
                        "multipoles.0.multipole_1.multipole_comps.multipole_comps_0": 0.0005078341994304022,
                        "multipoles.0.multipole_1.multipole_comps.multipole_comps_1": -0.0021922872576562143,
                        "multipoles.0.multipole_3.multipole_comps.multipole_comps_0": 0.00137705243409,
                        "multipoles.0.multipole_3.multipole_comps.multipole_comps_1": -0.00486185796032,
                        "multipoles.0.multipole_4.multipole_comps.multipole_comps_0": -0.010706907812085461,
                        "multipoles.0.multipole_4.multipole_comps.multipole_comps_1": 0.005813708295945264,
                        "ellipses.ellipse_1.ell_comps.ell_comps_0": -0.1202387639458269,
                        "ellipses.ellipse_1.ell_comps.ell_comps_1": 0.04417508968347,
                        "multipoles.1.multipole_1.multipole_comps.multipole_comps_0": 0.012226773325974254,
                        "multipoles.1.multipole_1.multipole_comps.multipole_comps_1": -0.009799254185391454,
                        "multipoles.1.multipole_3.multipole_comps.multipole_comps_0": -0.004788377861862913,
                        "multipoles.1.multipole_3.multipole_comps.multipole_comps_1": -0.0108515425512792,
                        "multipoles.1.multipole_4.multipole_comps.multipole_comps_0": -0.01506181831755,
                        "multipoles.1.multipole_4.multipole_comps.multipole_comps_1": 0.01146638196833,
                        "ellipses.ellipse_2.ell_comps.ell_comps_0": -0.10881257348441,
                        "ellipses.ellipse_2.ell_comps.ell_comps_1": 0.00348372840939,
                        "multipoles.2.multipole_1.multipole_comps.multipole_comps_0": -0.04389378763869,
                        "multipoles.2.multipole_1.multipole_comps.multipole_comps_1": 0.01683633723428253,
                        "multipoles.2.multipole_3.multipole_comps.multipole_comps_0": 0.02540113931196,
                        "multipoles.2.multipole_3.multipole_comps.multipole_comps_1": 0.0063738982170403235,
                        "multipoles.2.multipole_4.multipole_comps.multipole_comps_0": 0.0014888829532901855,
                        "multipoles.2.multipole_4.multipole_comps.multipole_comps_1": -0.06685511500337,
                        "ellipses.ellipse_3.ell_comps.ell_comps_0": -0.10281321349579,
                        "ellipses.ellipse_3.ell_comps.ell_comps_1": -0.0451118191134,
                        "multipoles.3.multipole_1.multipole_comps.multipole_comps_0": 0.02089293078601,
                        "multipoles.3.multipole_1.multipole_comps.multipole_comps_1": 0.07379648407968278,
                        "multipoles.3.multipole_3.multipole_comps.multipole_comps_0": 0.013634268481291624,
                        "multipoles.3.multipole_3.multipole_comps.multipole_comps_1": -0.012115457154120858,
                        "multipoles.3.multipole_4.multipole_comps.multipole_comps_0": -0.02715434339012,
                        "multipoles.3.multipole_4.multipole_comps.multipole_comps_1": -0.02672433194689,
                        "ellipses.ellipse_4.ell_comps.ell_comps_0": 0.0348923941206839,
                        "ellipses.ellipse_4.ell_comps.ell_comps_1": 0.25923197058478115,
                        "multipoles.4.multipole_1.multipole_comps.multipole_comps_0": -0.01301894077275,
                        "multipoles.4.multipole_1.multipole_comps.multipole_comps_1": 0.04657713390284,
                        "multipoles.4.multipole_3.multipole_comps.multipole_comps_0": 0.00445048702561,
                        "multipoles.4.multipole_3.multipole_comps.multipole_comps_1": -0.014609836214701698,
                        "multipoles.4.multipole_4.multipole_comps.multipole_comps_0": 0.03900934772120803,
                        "multipoles.4.multipole_4.multipole_comps.multipole_comps_1": -0.03034809921636
                    }
                }
            }
        },
        "values_at_sigma_3": {
            "type": "list",
            "values": [
                {
                    "type": "tuple",
                    "values": [
                        -0.0050846185646,
                        0.0010678452394670024
                    ]
                },
                {
                    "type": "tuple",
                    "values": [
                        -0.00813518297967,
                        0.0013699140479555832
                    ]
                },
                {
                    "type": "tuple",
                    "values": [
                        -0.1602239314729,
                        -0.12508986184584
                    ]
                },
                {
                    "type": "tuple",
                    "values": [
                        -0.00370319503885,
                        0.03350373396958
                    ]
                },
                {
                    "type": "tuple",
                    "values": [
                        -0.00573992488877,
                        0.00548308282601
                    ]
                },
                {
                    "type": "tuple",
                    "values": [
                        -0.00406290062606647,
                        0.00922976884968
                    ]
                },
                {
                    "type": "tuple",
                    "values": [
                        -0.004000607194213894,
                        0.00453321859828
                    ]
                },
                {
                    "type": "tuple",
                    "values": [
                        -0.009879510369713641,
                        0.003244712154178824
                    ]
                },
                {
                    "type": "tuple",
                    "values": [
                        -0.01471895561044883,
                        -0.002222108382343033
                    ]
                },
                {
                    "type": "tuple",
                    "values": [
                        -0.00243505674455,
                        0.009725501371409479
                    ]
                },
                {
                    "type": "tuple",
                    "values": [
                        -0.19450926212065095,
                        -0.10348801462086
                    ]
                },
                {
                    "type": "tuple",
                    "values": [
                        -0.016762113717695336,
                        0.05549888753416966
                    ]
                },
                {
                    "type": "tuple",
                    "values": [
                        -0.007747227965662737,
                        0.03485694738166
                    ]
                },
                {
                    "type": "tuple",
                    "values": [
                        -0.02888934482770157,
                        0.00350587087165
                    ]
                },
                {
                    "type": "tuple",
                    "values": [
                        -0.007874421774205907,
                        0.01447338543725
                    ]
                },
                {
                    "type": "tuple",
                    "values": [
                        -0.02070385284546,
                        0.004591051987223462
                    ]
                },
                {
                    "type": "tuple",
                    "values": [
                        -0.022996623048726374,
                        -0.00042586160255
                    ]
                },
                {
                    "type": "tuple",
                    "values": [
                        -0.01333236354798,
                        0.01781651110995827
                    ]
                },
                {
                    "type": "tuple",
                    "values": [
                        -0.13072162721841,
                        -0.06890426694472966
                    ]
                },
                {
                    "type": "tuple",
                    "values": [
                        -0.04283062654306,
                        0.0134696668343
                    ]
                },
                {
                    "type": "tuple",
                    "values": [
                        -0.08858114834922,
                        -0.0031708910379021405
                    ]
                },
                {
                    "type": "tuple",
                    "values": [
                        0.005307166059017979,
                        0.040790706059167285
                    ]
                },
                {
                    "type": "tuple",
                    "values": [
                        0.002436667060888905,
                        0.03194587337045729
                    ]
                },
                {
                    "type": "tuple",
                    "values": [
                        -0.004230062269969094,
                        0.01568581913881
                    ]
                },
                {
                    "type": "tuple",
                    "values": [
                        -0.018135429899801124,
                        0.029107465038636267
                    ]
                },
                {
                    "type": "tuple",
                    "values": [
                        -0.08831117460289,
                        -0.05252570491476
                    ]
                },
                {
                    "type": "tuple",
                    "values": [
                        -0.16260672641851,
                        -0.07707264885430294
                    ]
                },
                {
                    "type": "tuple",
                    "values": [
                        -0.15151953084752864,
                        -0.03297171124310445
                    ]
                },
                {
                    "type": "tuple",
                    "values": [
                        -0.00187760795499866,
                        0.08775552996138211
                    ]
                },
                {
                    "type": "tuple",
                    "values": [
                        0.05747523803257,
                        0.12846738270055
                    ]
                },
                {
                    "type": "tuple",
                    "values": [
                        -0.01653318398627,
                        0.041396406366228634
                    ]
                },
                {
                    "type": "tuple",
                    "values": [
                        -0.02290076694662,
                        -0.00844611155895
                    ]
                },
                {
                    "type": "tuple",
                    "values": [
                        -0.04729349598472,
                        -0.0056289360595
                    ]
                },
                {
                    "type": "tuple",
                    "values": [
                        -0.03894409395533076,
                        -0.014592710551027947
                    ]
                },
                {
                    "type": "tuple",
                    "values": [
                        -0.13240065206177506,
                        0.10647348632584741
                    ]
                },
                {
                    "type": "tuple",
                    "values": [
                        -0.00543798723549,
                        0.32311486462928
                    ]
                },
                {
                    "type": "tuple",
                    "values": [
                        -0.035296084587596706,
                        -0.002383170395669728
                    ]
                },
                {
                    "type": "tuple",
                    "values": [
                        0.02783093339698,
                        0.08087368460187452
                    ]
                },
                {
                    "type": "tuple",
                    "values": [
                        -0.00813101024012,
                        0.0132235469977
                    ]
                },
                {
                    "type": "tuple",
                    "values": [
                        -0.031341658415298124,
                        0.00403753468898
                    ]
                },
                {
                    "type": "tuple",
                    "values": [
                        0.001343500329807438,
                        0.04936831113885
                    ]
                },
                {
                    "type": "tuple",
                    "values": [
                        -0.04725588445890141,
                        -0.00490742897036
                    ]
                }
            ]
        },
        "values_at_sigma_1": {
            "type": "list",
            "values": [
                {
                    "type": "tuple",
                    "values": [
                        -0.00362573196439,
                        -0.000555155212874868
                    ]
                },
                {
                    "type": "tuple",
                    "values": [
                        -0.00400974614112,
                        -0.00016045654626707092
                    ]
                },
                {
                    "type": "tuple",
                    "values": [
                        -0.14831631130092252,
                        -0.13703760075436
                    ]
                },
                {
                    "type": "tuple",
                    "values": [
                        0.01125424202645,
                        0.028021953238753953
                    ]
                },
                {
                    "type": "tuple",
                    "values": [
                        -0.0008397673897256644,
                        0.00210845008447
                    ]
                },
                {
                    "type": "tuple",
                    "values": [
                        -0.002893169427411645,
                        0.0008535158970840484
                    ]
                },
                {
                    "type": "tuple",
                    "values": [
                        0.00023409987034577387,
                        0.002293848371338216
                    ]
                },
                {
                    "type": "tuple",
                    "values": [
                        -0.006899135328061604,
                        -0.00204183015187
                    ]
                },
                {
                    "type": "tuple",
                    "values": [
                        -0.011655438950215714,
                        -0.00973861217913352
                    ]
                },
                {
                    "type": "tuple",
                    "values": [
                        0.00423348053013,
                        0.00776145130841
                    ]
                },
                {
                    "type": "tuple",
                    "values": [
                        -0.15218187435260183,
                        -0.11378572852889
                    ]
                },
                {
                    "type": "tuple",
                    "values": [
                        0.03234838070301,
                        0.04753639105478365
                    ]
                },
                {
                    "type": "tuple",
                    "values": [
                        -0.00262111505915,
                        0.014272679912501302
                    ]
                },
                {
                    "type": "tuple",
                    "values": [
                        -0.02046653711658,
                        -0.005980522617101574
                    ]
                },
                {
                    "type": "tuple",
                    "values": [
                        -0.00587104441773,
                        -0.00382141374267
                    ]
                },
                {
                    "type": "tuple",
                    "values": [
                        -0.013667573975500545,
                        -0.00892697893464189
                    ]
                },
                {
                    "type": "tuple",
                    "values": [
                        -0.0162892939129,
                        -0.009984137668651687
                    ]
                },
                {
                    "type": "tuple",
                    "values": [
                        0.0079257280314,
                        0.01379054588266
                    ]
                },
                {
                    "type": "tuple",
                    "values": [
                        -0.11419469476904753,
                        -0.10420130611475893
                    ]
                },
                {
                    "type": "tuple",
                    "values": [
                        0.00120685432918,
                        0.00770567300313
                    ]
                },
                {
                    "type": "tuple",
                    "values": [
                        -0.05151502210952931,
                        -0.013124026493578746
                    ]
                },
                {
                    "type": "tuple",
                    "values": [
                        0.01370792489035,
                        0.03531238072774
                    ]
                },
                {
                    "type": "tuple",
                    "values": [
                        0.0234830005717,
                        0.02712740257658
                    ]
                },
                {
                    "type": "tuple",
                    "values": [
                        0.00446364374169,
                        0.00853308599617
                    ]
                },
                {
                    "type": "tuple",
                    "values": [
                        -0.0009443092612530993,
                        0.00543118741015579
                    ]
                },
                {
                    "type": "tuple",
                    "values": [
                        -0.07067037511184,
                        -0.0609241513431844
                    ]
                },
                {
                    "type": "tuple",
                    "values": [
                        -0.10930968780312826,
                        -0.08746620829097544
                    ]
                },
                {
                    "type": "tuple",
                    "values": [
                        -0.10926922737936,
                        -0.03965260987614953
                    ]
                },
                {
                    "type": "tuple",
                    "values": [
                        0.013878683653633456,
                        0.02873811777303
                    ]
                },
                {
                    "type": "tuple",
                    "values": [
                        0.06602010257682413,
                        0.09765144992075
                    ]
                },
                {
                    "type": "tuple",
                    "values": [
                        -0.0035825279159,
                        0.017543347875049457
                    ]
                },
                {
                    "type": "tuple",
                    "values": [
                        -0.01428919464382,
                        -0.01097059299377
                    ]
                },
                {
                    "type": "tuple",
                    "values": [
                        -0.02973460059377,
                        -0.01746167310676
                    ]
                },
                {
                    "type": "tuple",
                    "values": [
                        -0.030439649012453676,
                        -0.01798455867199564
                    ]
                },
                {
                    "type": "tuple",
                    "values": [
                        0.015023708799837235,
                        0.05265215909139084
                    ]
                },
                {
                    "type": "tuple",
                    "values": [
                        0.012856586345967782,
                        0.26123344222966
                    ]
                },
                {
                    "type": "tuple",
                    "values": [
                        -0.01747224056125055,
                        -0.009085854120032884
                    ]
                },
                {
                    "type": "tuple",
                    "values": [
                        0.039904452792145696,
                        0.05197856312737
                    ]
                },
                {
                    "type": "tuple",
                    "values": [
                        0.00283766364938,
                        0.00758586419985
                    ]
                },
                {
                    "type": "tuple",
                    "values": [
                        -0.02768022292761,
                        -0.013054658965471935
                    ]
                },
                {
                    "type": "tuple",
                    "values": [
                        0.02015105829899928,
                        0.04240427277397
                    ]
                },
                {
                    "type": "tuple",
                    "values": [
                        -0.03537362567723524,
                        -0.01552817627568
                    ]
                }
            ]
        },
        "model": null,
        "max_log_likelihood_sample": {
            "type": "instance",
            "class_path": "autofit.non_linear.samples.sample.Sample",
            "arguments": {
                "log_likelihood": -121.09805489266124,
                "log_prior": 0.0,
                "weight": 0.000998494279350632,
                "kwargs": {
                    "type": "dict",
                    "arguments": {
                        "ellipses.ellipse_4.centre.centre_0": -0.00379401399362,
                        "ellipses.ellipse_4.centre.centre_1": -0.00063492341403,
                        "ellipses.ellipse_0.ell_comps.ell_comps_0": -0.14683402501195,
                        "ellipses.ellipse_0.ell_comps.ell_comps_1": 0.01267747217782,
                        "multipoles.0.multipole_1.multipole_comps.multipole_comps_0": -0.00124139788057,
                        "multipoles.0.multipole_1.multipole_comps.multipole_comps_1": -0.0023753143011,
                        "multipoles.0.multipole_3.multipole_comps.multipole_comps_0": 0.003478133978,
                        "multipoles.0.multipole_3.multipole_comps.multipole_comps_1": -0.00507159500889,
                        "multipoles.0.multipole_4.multipole_comps.multipole_comps_0": -0.0117861959951,
                        "multipoles.0.multipole_4.multipole_comps.multipole_comps_1": 0.00204277989127,
                        "ellipses.ellipse_1.ell_comps.ell_comps_0": -0.109782290416,
                        "ellipses.ellipse_1.ell_comps.ell_comps_1": 0.04496687052947,
                        "multipoles.1.multipole_1.multipole_comps.multipole_comps_0": 0.01216862833382,
                        "multipoles.1.multipole_1.multipole_comps.multipole_comps_1": -0.00235486650869,
                        "multipoles.1.multipole_3.multipole_comps.multipole_comps_0": -0.00286507747426,
                        "multipoles.1.multipole_3.multipole_comps.multipole_comps_1": -0.01015641735155,
                        "multipoles.1.multipole_4.multipole_comps.multipole_comps_0": -0.01595078271038,
                        "multipoles.1.multipole_4.multipole_comps.multipole_comps_1": 0.01553645972438,
                        "ellipses.ellipse_2.ell_comps.ell_comps_0": -0.10708369381623,
                        "ellipses.ellipse_2.ell_comps.ell_comps_1": 0.00311029174961,
                        "multipoles.2.multipole_1.multipole_comps.multipole_comps_0": -0.05124026965751,
                        "multipoles.2.multipole_1.multipole_comps.multipole_comps_1": 0.01262095848485,
                        "multipoles.2.multipole_3.multipole_comps.multipole_comps_0": 0.02875268854983,
                        "multipoles.2.multipole_3.multipole_comps.multipole_comps_1": 0.00355885218465,
                        "multipoles.2.multipole_4.multipole_comps.multipole_comps_0": -0.00063941007554,
                        "multipoles.2.multipole_4.multipole_comps.multipole_comps_1": -0.07380592567654,
                        "ellipses.ellipse_3.ell_comps.ell_comps_0": -0.11304597904995,
                        "ellipses.ellipse_3.ell_comps.ell_comps_1": -0.03946803682855,
                        "multipoles.3.multipole_1.multipole_comps.multipole_comps_0": 0.03153954325578,
                        "multipoles.3.multipole_1.multipole_comps.multipole_comps_1": 0.07719773599226,
                        "multipoles.3.multipole_3.multipole_comps.multipole_comps_0": 0.01592653624093,
                        "multipoles.3.multipole_3.multipole_comps.multipole_comps_1": -0.01284288912958,
                        "multipoles.3.multipole_4.multipole_comps.multipole_comps_0": -0.02649739263485,
                        "multipoles.3.multipole_4.multipole_comps.multipole_comps_1": -0.03395158245113,
                        "ellipses.ellipse_4.ell_comps.ell_comps_0": 0.01553262365612,
                        "ellipses.ellipse_4.ell_comps.ell_comps_1": 0.25939707877327,
                        "multipoles.4.multipole_1.multipole_comps.multipole_comps_0": -0.02453080331212,
                        "multipoles.4.multipole_1.multipole_comps.multipole_comps_1": 0.05348545927789,
                        "multipoles.4.multipole_3.multipole_comps.multipole_comps_0": 0.00249447550399,
                        "multipoles.4.multipole_3.multipole_comps.multipole_comps_1": -0.01335076402655,
                        "multipoles.4.multipole_4.multipole_comps.multipole_comps_0": 0.04261028078326,
                        "multipoles.4.multipole_4.multipole_comps.multipole_comps_1": -0.03740820681667
                    }
                }
            }
        },
        "errors_at_sigma_3": {
            "type": "list",
            "values": [
                {
                    "type": "tuple",
                    "values": [
                        0.0021888760608800004,
                        0.003963587743187003
                    ]
                },
                {
                    "type": "tuple",
                    "values": [
                        0.007031147925196509,
                        0.0024739491024290744
                    ]
                },
                {
                    "type": "tuple",
                    "values": [
                        0.017454382109090005,
                        0.01767968751797
                    ]
                },
                {
                    "type": "tuple",
                    "values": [
                        0.019151298448110105,
                        0.018055630560319898
                    ]
                },
                {
                    "type": "tuple",
                    "values": [
                        0.006247759088200402,
                        0.004975248626579598
                    ]
                },
                {
                    "type": "tuple",
                    "values": [
                        0.0018706133684102556,
                        0.011422056107336213
                    ]
                },
                {
                    "type": "tuple",
                    "values": [
                        0.005377659628303894,
                        0.0031561661641899994
                    ]
                },
                {
                    "type": "tuple",
                    "values": [
                        0.0050176524093936406,
                        0.008106570114498824
                    ]
                },
                {
                    "type": "tuple",
                    "values": [
                        0.004012047798363368,
                        0.008484799429742429
                    ]
                },
                {
                    "type": "tuple",
                    "values": [
                        0.008248765040495263,
                        0.003911793075464215
                    ]
                },
                {
                    "type": "tuple",
                    "values": [
                        0.07427049817482405,
                        0.016750749324966896
                    ]
                },
                {
                    "type": "tuple",
                    "values": [
                        0.06093720340116533,
                        0.01132379785069966
                    ]
                },
                {
                    "type": "tuple",
                    "values": [
                        0.01997400129163699,
                        0.022630174055685747
                    ]
                },
                {
                    "type": "tuple",
                    "values": [
                        0.01909009064231012,
                        0.013305125057041454
                    ]
                },
                {
                    "type": "tuple",
                    "values": [
                        0.003086043912342994,
                        0.019261763299112913
                    ]
                },
                {
                    "type": "tuple",
                    "values": [
                        0.009852310294180799,
                        0.015442594538502663
                    ]
                },
                {
                    "type": "tuple",
                    "values": [
                        0.007934804731176375,
                        0.014635956714999999
                    ]
                },
                {
                    "type": "tuple",
                    "values": [
                        0.02479874551631,
                        0.006350129141628268
                    ]
                },
                {
                    "type": "tuple",
                    "values": [
                        0.021909053733999997,
                        0.03990830653968033
                    ]
                },
                {
                    "type": "tuple",
                    "values": [
                        0.04631435495245,
                        0.009985938424910001
                    ]
                },
                {
                    "type": "tuple",
                    "values": [
                        0.04468736071053,
                        0.04072289660078786
                    ]
                },
                {
                    "type": "tuple",
                    "values": [
                        0.01152917117526455,
                        0.023954368824884754
                    ]
                },
                {
                    "type": "tuple",
                    "values": [
                        0.022964472251071094,
                        0.00654473405849729
                    ]
                },
                {
                    "type": "tuple",
                    "values": [
                        0.010603960487009418,
                        0.009311920921769676
                    ]
                },
                {
                    "type": "tuple",
                    "values": [
                        0.01962431285309131,
                        0.02761858208534608
                    ]
                },
                {
                    "type": "tuple",
                    "values": [
                        0.02145605959951999,
                        0.014329410088610002
                    ]
                },
                {
                    "type": "tuple",
                    "values": [
                        0.059793512922720005,
                        0.025740564641487065
                    ]
                },
                {
                    "type": "tuple",
                    "values": [
                        0.10640771173412863,
                        0.012140107870295555
                    ]
                },
                {
                    "type": "tuple",
                    "values": [
                        0.02277053874100866,
                        0.06686259917537211
                    ]
                },
                {
                    "type": "tuple",
                    "values": [
                        0.016321246047112783,
                        0.054670898620867214
                    ]
                },
                {
                    "type": "tuple",
                    "values": [
                        0.030167452467561626,
                        0.027762137884937012
                    ]
                },
                {
                    "type": "tuple",
                    "values": [
                        0.010785309792499143,
                        0.003669345595170858
                    ]
                },
                {
                    "type": "tuple",
                    "values": [
                        0.020139152594599998,
                        0.02152540733062
                    ]
                },
                {
                    "type": "tuple",
                    "values": [
                        0.012219762008440757,
                        0.012131621395862054
                    ]
                },
                {
                    "type": "tuple",
                    "values": [
                        0.16729304618245897,
                        0.07158109220516351
                    ]
                },
                {
                    "type": "tuple",
                    "values": [
                        0.26466995782027114,
                        0.06388289404449887
                    ]
                },
                {
                    "type": "tuple",
                    "values": [
                        0.022277143814846703,
                        0.010635770377080273
                    ]
                },
                {
                    "type": "tuple",
                    "values": [
                        0.018746200505859997,
                        0.03429655069903453
                    ]
                },
                {
                    "type": "tuple",
                    "values": [
                        0.01258149726573,
                        0.00877305997209
                    ]
                },
                {
                    "type": "tuple",
                    "values": [
                        0.016731822200596425,
                        0.0186473709036817
                    ]
                },
                {
                    "type": "tuple",
                    "values": [
                        0.037665847391400595,
                        0.010358963417641968
                    ]
                },
                {
                    "type": "tuple",
                    "values": [
                        0.01690778524254141,
                        0.025440670246
                    ]
                }
            ]
        },
        "log_evidence": -166.64204864941524
    }
}