{
    "type": "instance",
    "class_path": "autofit.non_linear.samples.summary.SamplesSummary",
    "arguments": {
        "values_at_sigma_3": {
            "type": "list",
            "values": [
                {
                    "type": "tuple",
                    "values": [
                        -0.0378474828744187,
                        0.04371131759658437
                    ]
                },
                {
                    "type": "tuple",
                    "values": [
                        -0.20861460942005,
                        -0.13576135228429143
                    ]
                }
            ]
        },
        "model": null,
        "median_pdf_sample": {
            "type": "instance",
            "class_path": "autofit.non_linear.samples.sample.Sample",
            "arguments": {
                "log_likelihood": -57.84113874297606,
                "log_prior": 0.0,
                "weight": 0.0009890239115322558,
                "kwargs": {
                    "type": "dict",
                    "arguments": {
                        "ellipses.0.ell_comps.ell_comps_0": -0.00619838271275,
                        "ellipses.0.ell_comps.ell_comps_1": -0.14346982017554
                    }
                }
            }
        },
        "log_evidence": -69.33250364065637,
        "errors_at_sigma_3": {
            "type": "list",
            "values": [
                {
                    "type": "tuple",
                    "values": [
                        0.0316491001616687,
                        0.04990970030933437
                    ]
                },
                {
                    "type": "tuple",
                    "values": [
                        0.06514478924451,
                        0.007708467891248572
                    ]
                }
            ]
        },
        "max_log_likelihood_sample": {
            "type": "instance",
            "class_path": "autofit.non_linear.samples.sample.Sample",
            "arguments": {
                "log_likelihood": -57.84113874297606,
                "log_prior": 0.0,
                "weight": 0.0009890239115322558,
                "kwargs": {
                    "type": "dict",
                    "arguments": {
                        "ellipses.0.ell_comps.ell_comps_0": -0.0045997056289,
                        "ellipses.0.ell_comps.ell_comps_1": -0.14207921324229
                    }
                }
            }
        },
        "values_at_sigma_1": {
            "type": "list",
            "values": [
                {
                    "type": "tuple",
                    "values": [
                        -0.0305068702079,
                        0.006709131986786664
                    ]
                },
                {
                    "type": "tuple",
                    "values": [
                        -0.1876543377396122,
                        -0.13978298778789
                    ]
                }
            ]
        },
        "errors_at_sigma_1": {
            "type": "list",
            "values": [
                {
                    "type": "tuple",
                    "values": [
                        0.02430848749515,
                        0.012907514699536663
                    ]
                },
                {
                    "type": "tuple",
                    "values": [
                        0.04418451756407221,
                        0.0036868323876499964
                    ]
                }
            ]
        }
    }
}