{
    "type": "instance",
    "class_path": "autofit.non_linear.samples.summary.SamplesSummary",
    "arguments": {
        "log_evidence": -50.54180164812955,
        "median_pdf_sample": {
            "type": "instance",
            "class_path": "autofit.non_linear.samples.sample.Sample",
            "arguments": {
                "log_likelihood": -35.69145368257995,
                "log_prior": 0.0,
                "weight": 0.0009785036771961869,
                "kwargs": {
                    "type": "dict",
                    "arguments": {
                        "ellipses.0.ell_comps.ell_comps_0": -0.014005347875438516,
                        "ellipses.0.ell_comps.ell_comps_1": -0.11838574803849039,
                        "multipoles.0.multipole_3.multipole_comps.multipole_comps_0": 0.015440029091091198,
                        "multipoles.0.multipole_3.multipole_comps.multipole_comps_1": 0.004884805667069501,
                        "multipoles.0.multipole_4.multipole_comps.multipole_comps_0": -0.012874879339431015,
                        "multipoles.0.multipole_4.multipole_comps.multipole_comps_1": -0.020947696145474728
                    }
                }
            }
        },
        "errors_at_sigma_1": {
            "type": "list",
            "values": [
                {
                    "type": "tuple",
                    "values": [
                        0.007068403462601484,
                        0.010649193261228644
                    ]
                },
                {
                    "type": "tuple",
                    "values": [
                        0.008377830830859606,
                        0.014846941732740385
                    ]
                },
                {
                    "type": "tuple",
                    "values": [
                        0.06044219255178125,
                        0.0326805302831836
                    ]
                },
                {
                    "type": "tuple",
                    "values": [
                        0.021251924716277126,
                        0.0359652536308172
                    ]
                },
                {
                    "type": "tuple",
                    "values": [
                        0.029437747860336066,
                        0.037102199328301014
                    ]
                },
                {
                    "type": "tuple",
                    "values": [
                        0.029539554832879126,
                        0.07469778856629473
                    ]
                }
            ]
        },
        "max_log_likelihood_sample": {
            "type": "instance",
            "class_path": "autofit.non_linear.samples.sample.Sample",
            "arguments": {
                "log_likelihood": -35.69145368257995,
                "log_prior": 0.0,
                "weight": 0.0009785036771961869,
                "kwargs": {
                    "type": "dict",
                    "arguments": {
                        "ellipses.0.ell_comps.ell_comps_0": -0.01462564652481,
                        "ellipses.0.ell_comps.ell_comps_1": -0.10122616635943,
                        "multipoles.0.multipole_3.multipole_comps.multipole_comps_0": -0.01964172114865,
                        "multipoles.0.multipole_3.multipole_comps.multipole_comps_1": 0.00612364413031,
                        "multipoles.0.multipole_4.multipole_comps.multipole_comps_0": -0.0315954342217,
                        "multipoles.0.multipole_4.multipole_comps.multipole_comps_1": 0.04289987437507
                    }
                }
            }
        },
        "values_at_sigma_3": {
            "type": "list",
            "values": [
                {
                    "type": "tuple",
                    "values": [
                        -0.046482670164881015,
                        0.026493775350725956
                    ]
                },
                {
                    "type": "tuple",
                    "values": [
                        -0.15063996183993,
                        -0.08488532618866859
                    ]
                },
                {
                    "type": "tuple",
                    "values": [
                        -0.08719037631282,
                        0.08095834171827364
                    ]
                },
                {
                    "type": "tuple",
                    "values": [
                        -0.0578435566347,
                        0.08868386917426799
                    ]
                },
                {
                    "type": "tuple",
                    "values": [
                        -0.0705459539984163,
                        0.07111887218488
                    ]
                },
                {
                    "type": "tuple",
                    "values": [
                        -0.0930454704805761,
                        0.09558478962815681
                    ]
                }
            ]
        },
        "model": null,
        "errors_at_sigma_3": {
            "type": "list",
            "values": [
                {
                    "type": "tuple",
                    "values": [
                        0.0324773222894425,
                        0.040499123226164474
                    ]
                },
                {
                    "type": "tuple",
                    "values": [
                        0.03225421380143961,
                        0.0335004218498218
                    ]
                },
                {
                    "type": "tuple",
                    "values": [
                        0.1026304054039112,
                        0.06551831262718244
                    ]
                },
                {
                    "type": "tuple",
                    "values": [
                        0.0627283623017695,
                        0.08379906350719848
                    ]
                },
                {
                    "type": "tuple",
                    "values": [
                        0.057671074658985286,
                        0.08399375152431102
                    ]
                },
                {
                    "type": "tuple",
                    "values": [
                        0.07209777433510137,
                        0.11653248577363154
                    ]
                }
            ]
        },
        "values_at_sigma_1": {
            "type": "list",
            "values": [
                {
                    "type": "tuple",
                    "values": [
                        -0.02107375133804,
                        -0.0033561546142098727
                    ]
                },
                {
                    "type": "tuple",
                    "values": [
                        -0.12676357886935,
                        -0.10353880630575
                    ]
                },
                {
                    "type": "tuple",
                    "values": [
                        -0.04500216346069005,
                        0.0481205593742748
                    ]
                },
                {
                    "type": "tuple",
                    "values": [
                        -0.016367119049207624,
                        0.0408500592978867
                    ]
                },
                {
                    "type": "tuple",
                    "values": [
                        -0.04231262719976708,
                        0.02422731998887
                    ]
                },
                {
                    "type": "tuple",
                    "values": [
                        -0.050487250978353854,
                        0.05375009242082
                    ]
                }
            ]
        }
    }
}