{
    "type": "instance",
    "class_path": "autofit.non_linear.samples.summary.SamplesSummary",
    "arguments": {
        "log_evidence": -38.332630028486264,
        "errors_at_sigma_1": {
            "type": "list",
            "values": [
                {
                    "type": "tuple",
                    "values": [
                        0.0024066304174726535,
                        0.0023773737612265283
                    ]
                },
                {
                    "type": "tuple",
                    "values": [
                        0.0020574792181558693,
                        0.0022767874156695844
                    ]
                },
                {
                    "type": "tuple",
                    "values": [
                        0.0011547822103059441,
                        0.0010093855393446983
                    ]
                },
                {
                    "type": "tuple",
                    "values": [
                        0.00125050914582085,
                        0.001104648129785559
                    ]
                },
                {
                    "type": "tuple",
                    "values": [
                        0.001894568678958671,
                        0.0013750198938842417
                    ]
                },
                {
                    "type": "tuple",
                    "values": [
                        0.0016104377273838157,
                        0.0014315315967245905
                    ]
                }
            ]
        },
        "values_at_sigma_1": {
            "type": "list",
            "values": [
                {
                    "type": "tuple",
                    "values": [
                        0.037016152681922106,
                        0.04180015686062129
                    ]
                },
                {
                    "type": "tuple",
                    "values": [
                        0.03572752667651455,
                        0.04006179331034
                    ]
                },
                {
                    "type": "tuple",
                    "values": [
                        -0.0035180001587732154,
                        -0.001353832409122573
                    ]
                },
                {
                    "type": "tuple",
                    "values": [
                        -0.0010826579776,
                        0.0012724992980064091
                    ]
                },
                {
                    "type": "tuple",
                    "values": [
                        -0.005299581398532913,
                        -0.00202999282569
                    ]
                },
                {
                    "type": "tuple",
                    "values": [
                        -0.0006125524452684062,
                        0.00242941687884
                    ]
                }
            ]
        },
        "max_log_likelihood_sample": {
            "type": "instance",
            "class_path": "autofit.non_linear.samples.sample.Sample",
            "arguments": {
                "log_likelihood": -12.254236599959484,
                "log_prior": 0.0,
                "weight": 0.0009666716821420722,
                "kwargs": {
                    "type": "dict",
                    "arguments": {
                        "ellipses.0.ell_comps.ell_comps_0": 0.0397767273825,
                        "ellipses.0.ell_comps.ell_comps_1": 0.03735261289752,
                        "multipoles.0.multipole_3.multipole_comps.multipole_comps_0": -0.00262528655451,
                        "multipoles.0.multipole_3.multipole_comps.multipole_comps_1": 0.00028477085663,
                        "multipoles.0.multipole_4.multipole_comps.multipole_comps_0": -0.00354756342515,
                        "multipoles.0.multipole_4.multipole_comps.multipole_comps_1": 0.00054502037257
                    }
                }
            }
        },
        "model": null,
        "values_at_sigma_3": {
            "type": "list",
            "values": [
                {
                    "type": "tuple",
                    "values": [
                        0.03242888181656398,
                        0.04680171164041738
                    ]
                },
                {
                    "type": "tuple",
                    "values": [
                        0.03143631001885177,
                        0.04458191011762867
                    ]
                },
                {
                    "type": "tuple",
                    "values": [
                        -0.005589361162689134,
                        0.0009357183626715443
                    ]
                },
                {
                    "type": "tuple",
                    "values": [
                        -0.0030985019755545083,
                        0.0029864032571930263
                    ]
                },
                {
                    "type": "tuple",
                    "values": [
                        -0.007913804383279413,
                        0.0011519759768677125
                    ]
                },
                {
                    "type": "tuple",
                    "values": [
                        -0.004395158668249397,
                        0.0066749601889
                    ]
                }
            ]
        },
        "errors_at_sigma_3": {
            "type": "list",
            "values": [
                {
                    "type": "tuple",
                    "values": [
                        0.0069939012828307764,
                        0.007378928541022622
                    ]
                },
                {
                    "type": "tuple",
                    "values": [
                        0.006348695875818648,
                        0.0067969042229582555
                    ]
                },
                {
                    "type": "tuple",
                    "values": [
                        0.003226143214221863,
                        0.0032989363111388154
                    ]
                },
                {
                    "type": "tuple",
                    "values": [
                        0.0032663531437753584,
                        0.002818552088972176
                    ]
                },
                {
                    "type": "tuple",
                    "values": [
                        0.004508791663705172,
                        0.004556988696441954
                    ]
                },
                {
                    "type": "tuple",
                    "values": [
                        0.005393043950364807,
                        0.005677074906784591
                    ]
                }
            ]
        },
        "median_pdf_sample": {
            "type": "instance",
            "class_path": "autofit.non_linear.samples.sample.Sample",
            "arguments": {
                "log_likelihood": -12.254236599959484,
                "log_prior": 0.0,
                "weight": 0.0009666716821420722,
                "kwargs": {
                    "type": "dict",
                    "arguments": {
                        "ellipses.0.ell_comps.ell_comps_0": 0.03942278309939476,
                        "ellipses.0.ell_comps.ell_comps_1": 0.03778500589467042,
                        "multipoles.0.multipole_3.multipole_comps.multipole_comps_0": -0.0023632179484672712,
                        "multipoles.0.multipole_3.multipole_comps.multipole_comps_1": 0.0001678511682208501,
                        "multipoles.0.multipole_4.multipole_comps.multipole_comps_0": -0.0034050127195742416,
                        "multipoles.0.multipole_4.multipole_comps.multipole_comps_1": 0.0009978852821154096
                    }
                }
            }
        }
    }
}