{
    "type": "instance",
    "class_path": "autofit.non_linear.samples.summary.SamplesSummary",
    "arguments": {
        "log_evidence": -65.78856186117274,
        "values_at_sigma_3": {
            "type": "list",
            "values": [
                {
                    "type": "tuple",
                    "values": [
                        -0.03195080539522,
                        0.02272692608333
                    ]
                },
                {
                    "type": "tuple",
                    "values": [
                        -0.216247911588554,
                        -0.14056901196271
                    ]
                },
                {
                    "type": "tuple",
                    "values": [
                        -0.09952727577710882,
                        0.097301673649
                    ]
                },
                {
                    "type": "tuple",
                    "values": [
                        -0.09917931891115092,
                        0.09799859744525391
                    ]
                },
                {
                    "type": "tuple",
                    "values": [
                        -0.06261278928049,
                        0.09832540701485262
                    ]
                },
                {
                    "type": "tuple",
                    "values": [
                        -0.03455606489406,
                        0.09835107101163
                    ]
                }
            ]
        },
        "errors_at_sigma_3": {
            "type": "list",
            "values": [
                {
                    "type": "tuple",
                    "values": [
                        0.010365571905389535,
                        0.04431215957316047
                    ]
                },
                {
                    "type": "tuple",
                    "values": [
                        0.038500850492524,
                        0.03717804913332001
                    ]
                },
                {
                    "type": "tuple",
                    "values": [
                        0.06863835067166882,
                        0.12819059875444
                    ]
                },
                {
                    "type": "tuple",
                    "values": [
                        0.05282304552200466,
                        0.14435487083440018
                    ]
                },
                {
                    "type": "tuple",
                    "values": [
                        0.0953569877183969,
                        0.06558120857694572
                    ]
                },
                {
                    "type": "tuple",
                    "values": [
                        0.07387637265154118,
                        0.05903076325414882
                    ]
                }
            ]
        },
        "median_pdf_sample": {
            "type": "instance",
            "class_path": "autofit.non_linear.samples.sample.Sample",
            "arguments": {
                "log_likelihood": -47.18557402231545,
                "log_prior": 0.0,
                "weight": 0.0009966296268085918,
                "kwargs": {
                    "type": "dict",
                    "arguments": {
                        "ellipses.0.ell_comps.ell_comps_0": -0.021585233489830467,
                        "ellipses.0.ell_comps.ell_comps_1": -0.17774706109603,
                        "multipoles.0.multipole_3.multipole_comps.multipole_comps_0": -0.03088892510544,
                        "multipoles.0.multipole_3.multipole_comps.multipole_comps_1": -0.04635627338914626,
                        "multipoles.0.multipole_4.multipole_comps.multipole_comps_0": 0.032744198437906914,
                        "multipoles.0.multipole_4.multipole_comps.multipole_comps_1": 0.03932030775748118
                    }
                }
            }
        },
        "errors_at_sigma_1": {
            "type": "list",
            "values": [
                {
                    "type": "tuple",
                    "values": [
                        0.004242812959399534,
                        0.015235703453150467
                    ]
                },
                {
                    "type": "tuple",
                    "values": [
                        0.006973041979383976,
                        0.004039591088159988
                    ]
                },
                {
                    "type": "tuple",
                    "values": [
                        0.032388165360651436,
                        0.044166868980385805
                    ]
                },
                {
                    "type": "tuple",
                    "values": [
                        0.03245979368666496,
                        0.04793831727060408
                    ]
                },
                {
                    "type": "tuple",
                    "values": [
                        0.027859971096379253,
                        0.02887673147851328
                    ]
                },
                {
                    "type": "tuple",
                    "values": [
                        0.017864544418003538,
                        0.026409669799678813
                    ]
                }
            ]
        },
        "model": null,
        "max_log_likelihood_sample": {
            "type": "instance",
            "class_path": "autofit.non_linear.samples.sample.Sample",
            "arguments": {
                "log_likelihood": -47.18557402231545,
                "log_prior": 0.0,
                "weight": 0.0009966296268085918,
                "kwargs": {
                    "type": "dict",
                    "arguments": {
                        "ellipses.0.ell_comps.ell_comps_0": -0.0258417982809,
                        "ellipses.0.ell_comps.ell_comps_1": -0.17828334615708,
                        "multipoles.0.multipole_3.multipole_comps.multipole_comps_0": -0.03174237460612,
                        "multipoles.0.multipole_3.multipole_comps.multipole_comps_1": -0.04923698649948,
                        "multipoles.0.multipole_4.multipole_comps.multipole_comps_0": 0.01963990273346,
                        "multipoles.0.multipole_4.multipole_comps.multipole_comps_1": 0.03826301137021
                    }
                }
            }
        },
        "values_at_sigma_1": {
            "type": "list",
            "values": [
                {
                    "type": "tuple",
                    "values": [
                        -0.02582804644923,
                        -0.00634953003668
                    ]
                },
                {
                    "type": "tuple",
                    "values": [
                        -0.18472010307541398,
                        -0.17370747000787
                    ]
                },
                {
                    "type": "tuple",
                    "values": [
                        -0.06327709046609144,
                        0.013277943874945802
                    ]
                },
                {
                    "type": "tuple",
                    "values": [
                        -0.07881606707581122,
                        0.0015820438814578206
                    ]
                },
                {
                    "type": "tuple",
                    "values": [
                        0.004884227341527662,
                        0.061620929916420195
                    ]
                },
                {
                    "type": "tuple",
                    "values": [
                        0.021455763339477643,
                        0.06572997755716
                    ]
                }
            ]
        }
    }
}