{
    "type": "instance",
    "class_path": "autofit.non_linear.samples.summary.SamplesSummary",
    "arguments": {
        "model": null,
        "values_at_sigma_1": {
            "type": "list",
            "values": [
                {
                    "type": "tuple",
                    "values": [
                        -0.00373737517978,
                        0.0067656379744
                    ]
                },
                {
                    "type": "tuple",
                    "values": [
                        -0.011948349626357161,
                        -0.00109175118601
                    ]
                },
                {
                    "type": "tuple",
                    "values": [
                        -0.008538720693486374,
                        -0.004327852643296814
                    ]
                },
                {
                    "type": "tuple",
                    "values": [
                        -0.002449485692022754,
                        0.005338432706938328
                    ]
                },
                {
                    "type": "tuple",
                    "values": [
                        -0.00146806516945,
                        0.00227294875456
                    ]
                },
                {
                    "type": "tuple",
                    "values": [
                        -0.0028279592330329706,
                        0.0022618773745999242
                    ]
                },
                {
                    "type": "tuple",
                    "values": [
                        -0.001131310696094467,
                        0.0030250305924531926
                    ]
                },
                {
                    "type": "tuple",
                    "values": [
                        -0.00158768893184,
                        0.002582033252708312
                    ]
                }
            ]
        },
        "log_evidence": -39.43099762200968,
        "errors_at_sigma_1": {
            "type": "list",
            "values": [
                {
                    "type": "tuple",
                    "values": [
                        0.005730716933371974,
                        0.004772296220808025
                    ]
                },
                {
                    "type": "tuple",
                    "values": [
                        0.00557373951950977,
                        0.005282858920837391
                    ]
                },
                {
                    "type": "tuple",
                    "values": [
                        0.001884550587478378,
                        0.0023263174627111815
                    ]
                },
                {
                    "type": "tuple",
                    "values": [
                        0.0043931973290027935,
                        0.003394721069958288
                    ]
                },
                {
                    "type": "tuple",
                    "values": [
                        0.00183336304884,
                        0.00190765087517
                    ]
                },
                {
                    "type": "tuple",
                    "values": [
                        0.0026044046903850055,
                        0.0024854319172478894
                    ]
                },
                {
                    "type": "tuple",
                    "values": [
                        0.002233355971044467,
                        0.0019229853175031927
                    ]
                },
                {
                    "type": "tuple",
                    "values": [
                        0.0020786508377199997,
                        0.0020910713468283116
                    ]
                }
            ]
        },
        "values_at_sigma_3": {
            "type": "list",
            "values": [
                {
                    "type": "tuple",
                    "values": [
                        -0.014644696724284482,
                        0.02032458705601487
                    ]
                },
                {
                    "type": "tuple",
                    "values": [
                        -0.024236981439656215,
                        0.01042911118728
                    ]
                },
                {
                    "type": "tuple",
                    "values": [
                        -0.01233697867151,
                        0.00879904573932
                    ]
                },
                {
                    "type": "tuple",
                    "values": [
                        -0.00548448568269,
                        0.008909560670144607
                    ]
                },
                {
                    "type": "tuple",
                    "values": [
                        -0.00631206662888,
                        0.006664313427487792
                    ]
                },
                {
                    "type": "tuple",
                    "values": [
                        -0.005917430569151836,
                        0.00612416706952
                    ]
                },
                {
                    "type": "tuple",
                    "values": [
                        -0.00742905154635,
                        0.006758492239420614
                    ]
                },
                {
                    "type": "tuple",
                    "values": [
                        -0.00569418816488,
                        0.00653728351754
                    ]
                }
            ]
        },
        "errors_at_sigma_3": {
            "type": "list",
            "values": [
                {
                    "type": "tuple",
                    "values": [
                        0.016638038477876455,
                        0.0183312453024229
                    ]
                },
                {
                    "type": "tuple",
                    "values": [
                        0.017862371332808824,
                        0.01680372129412739
                    ]
                },
                {
                    "type": "tuple",
                    "values": [
                        0.005682808565502005,
                        0.015453215845327994
                    ]
                },
                {
                    "type": "tuple",
                    "values": [
                        0.00742819731967004,
                        0.006965849033164567
                    ]
                },
                {
                    "type": "tuple",
                    "values": [
                        0.00667736450827,
                        0.006299015548097793
                    ]
                },
                {
                    "type": "tuple",
                    "values": [
                        0.005693876026503871,
                        0.0063477216121679645
                    ]
                },
                {
                    "type": "tuple",
                    "values": [
                        0.0085310968213,
                        0.005656446964470614
                    ]
                },
                {
                    "type": "tuple",
                    "values": [
                        0.00618515007076,
                        0.00604632161166
                    ]
                }
            ]
        },
        "median_pdf_sample": {
            "type": "instance",
            "class_path": "autofit.non_linear.samples.sample.Sample",
            "arguments": {
                "log_likelihood": -7.927036812430484,
                "log_prior": 0.0,
                "weight": 0.0009559839788726692,
                "kwargs": {
                    "type": "dict",
                    "arguments": {
                        "ellipses.0.ell_comps.ell_comps_0": 0.001993341753591974,
                        "ellipses.0.ell_comps.ell_comps_1": -0.006374610106847391,
                        "multipoles.0.multipole_1.multipole_comps.multipole_comps_0": -0.006654170106007996,
                        "multipoles.0.multipole_1.multipole_comps.multipole_comps_1": 0.0019437116369800398,
                        "multipoles.0.multipole_3.multipole_comps.multipole_comps_0": 0.00036529787939,
                        "multipoles.0.multipole_3.multipole_comps.multipole_comps_1": -0.00022355454264796513,
                        "multipoles.0.multipole_4.multipole_comps.multipole_comps_0": 0.00110204527495,
                        "multipoles.0.multipole_4.multipole_comps.multipole_comps_1": 0.00049096190588
                    }
                }
            }
        },
        "max_log_likelihood_sample": {
            "type": "instance",
            "class_path": "autofit.non_linear.samples.sample.Sample",
            "arguments": {
                "log_likelihood": -7.927036812430484,
                "log_prior": 0.0,
                "weight": 0.0009559839788726692,
                "kwargs": {
                    "type": "dict",
                    "arguments": {
                        "ellipses.0.ell_comps.ell_comps_0": 0.00508550590737,
                        "ellipses.0.ell_comps.ell_comps_1": -0.00778651358247,
                        "multipoles.0.multipole_1.multipole_comps.multipole_comps_0": -0.00595032277037,
                        "multipoles.0.multipole_1.multipole_comps.multipole_comps_1": 0.00172881718375,
                        "multipoles.0.multipole_3.multipole_comps.multipole_comps_0": 0.00142095370294,
                        "multipoles.0.multipole_3.multipole_comps.multipole_comps_1": -0.00289121427696,
                        "multipoles.0.multipole_4.multipole_comps.multipole_comps_0": -0.00017752887652,
                        "multipoles.0.multipole_4.multipole_comps.multipole_comps_1": -4.791476341e-05
                    }
                }
            }
        }
    }
}