{
    "type": "instance",
    "class_path": "autofit.non_linear.samples.summary.SamplesSummary",
    "arguments": {
        "values_at_sigma_1": {
            "type": "list",
            "values": [
                {
                    "type": "tuple",
                    "values": [
                        -0.018832741143504216,
                        -0.01153237377145
                    ]
                },
                {
                    "type": "tuple",
                    "values": [
                        -0.03619076676977,
                        -0.0266064794074
                    ]
                }
            ]
        },
        "errors_at_sigma_3": {
            "type": "list",
            "values": [
                {
                    "type": "tuple",
                    "values": [
                        0.010887256444563306,
                        0.011219515022854176
                    ]
                },
                {
                    "type": "tuple",
                    "values": [
                        0.010172037312228904,
                        0.011429357873161326
                    ]
                }
            ]
        },
        "median_pdf_sample": {
            "type": "instance",
            "class_path": "autofit.non_linear.samples.sample.Sample",
            "arguments": {
                "log_likelihood": -25.003268290576575,
                "log_prior": 0.0,
                "weight": 0.0009851483222556767,
                "kwargs": {
                    "type": "dict",
                    "arguments": {
                        "ellipses.0.ell_comps.ell_comps_0": -0.01516511327944361,
                        "ellipses.0.ell_comps.ell_comps_1": -0.03201328417327
                    }
                }
            }
        },
        "log_evidence": -34.623354193970776,
        "errors_at_sigma_1": {
            "type": "list",
            "values": [
                {
                    "type": "tuple",
                    "values": [
                        0.0036676278640606057,
                        0.00363273950799361
                    ]
                },
                {
                    "type": "tuple",
                    "values": [
                        0.004177482596499998,
                        0.005406804765869997
                    ]
                }
            ]
        },
        "model": null,
        "values_at_sigma_3": {
            "type": "list",
            "values": [
                {
                    "type": "tuple",
                    "values": [
                        -0.026052369724006916,
                        -0.0039455982565894335
                    ]
                },
                {
                    "type": "tuple",
                    "values": [
                        -0.0421853214854989,
                        -0.020583926300108673
                    ]
                }
            ]
        },
        "max_log_likelihood_sample": {
            "type": "instance",
            "class_path": "autofit.non_linear.samples.sample.Sample",
            "arguments": {
                "log_likelihood": -25.003268290576575,
                "log_prior": 0.0,
                "weight": 0.0009851483222556767,
                "kwargs": {
                    "type": "dict",
                    "arguments": {
                        "ellipses.0.ell_comps.ell_comps_0": -0.01490012467443,
                        "ellipses.0.ell_comps.ell_comps_1": -0.03302655063987
                    }
                }
            }
        }
    }
}