{
    "type": "instance",
    "class_path": "autofit.non_linear.samples.summary.SamplesSummary",
    "arguments": {
        "errors_at_sigma_1": {
            "type": "list",
            "values": [
                {
                    "type": "tuple",
                    "values": [
                        0.005857593665360573,
                        0.010652467250429426
                    ]
                },
                {
                    "type": "tuple",
                    "values": [
                        0.005558845235018373,
                        0.006895820872116001
                    ]
                },
                {
                    "type": "tuple",
                    "values": [
                        0.03503122392549022,
                        0.01975068778036622
                    ]
                },
                {
                    "type": "tuple",
                    "values": [
                        0.05175658026426826,
                        0.024719933814514112
                    ]
                },
                {
                    "type": "tuple",
                    "values": [
                        0.05354532838732588,
                        0.03750168023562
                    ]
                },
                {
                    "type": "tuple",
                    "values": [
                        0.030160224838912647,
                        0.023665934888994794
                    ]
                },
                {
                    "type": "tuple",
                    "values": [
                        0.022797840172843142,
                        0.01611015192899
                    ]
                },
                {
                    "type": "tuple",
                    "values": [
                        0.04012607003015925,
                        0.02534073916356879
                    ]
                }
            ]
        },
        "log_evidence": -51.36748310031145,
        "median_pdf_sample": {
            "type": "instance",
            "class_path": "autofit.non_linear.samples.sample.Sample",
            "arguments": {
                "log_likelihood": -31.9560723608625,
                "log_prior": 0.0,
                "weight": 0.0010568813236684663,
                "kwargs": {
                    "type": "dict",
                    "arguments": {
                        "ellipses.0.ell_comps.ell_comps_0": -0.04340337668028943,
                        "ellipses.0.ell_comps.ell_comps_1": -0.06999064656788163,
                        "multipoles.0.multipole_1.multipole_comps.multipole_comps_0": 0.021551132716000218,
                        "multipoles.0.multipole_1.multipole_comps.multipole_comps_1": -0.0005776624895141142,
                        "multipoles.0.multipole_3.multipole_comps.multipole_comps_0": -0.00953936976113,
                        "multipoles.0.multipole_3.multipole_comps.multipole_comps_1": 0.008083639050452647,
                        "multipoles.0.multipole_4.multipole_comps.multipole_comps_0": 0.01167907456569,
                        "multipoles.0.multipole_4.multipole_comps.multipole_comps_1": 0.04799552004407925
                    }
                }
            }
        },
        "max_log_likelihood_sample": {
            "type": "instance",
            "class_path": "autofit.non_linear.samples.sample.Sample",
            "arguments": {
                "log_likelihood": -31.9560723608625,
                "log_prior": 0.0,
                "weight": 0.0010568813236684663,
                "kwargs": {
                    "type": "dict",
                    "arguments": {
                        "ellipses.0.ell_comps.ell_comps_0": -0.04815165545208,
                        "ellipses.0.ell_comps.ell_comps_1": -0.06991710856419,
                        "multipoles.0.multipole_1.multipole_comps.multipole_comps_0": 0.03807517348229,
                        "multipoles.0.multipole_1.multipole_comps.multipole_comps_1": 0.00930886815468,
                        "multipoles.0.multipole_3.multipole_comps.multipole_comps_0": 0.00616462080654,
                        "multipoles.0.multipole_3.multipole_comps.multipole_comps_1": 0.0185595139919,
                        "multipoles.0.multipole_4.multipole_comps.multipole_comps_0": 0.01347536892495,
                        "multipoles.0.multipole_4.multipole_comps.multipole_comps_1": 0.0855859561044
                    }
                }
            }
        },
        "values_at_sigma_1": {
            "type": "list",
            "values": [
                {
                    "type": "tuple",
                    "values": [
                        -0.04926097034565,
                        -0.03275090942986
                    ]
                },
                {
                    "type": "tuple",
                    "values": [
                        -0.0755494918029,
                        -0.06309482569576563
                    ]
                },
                {
                    "type": "tuple",
                    "values": [
                        -0.01348009120949,
                        0.04130182049636644
                    ]
                },
                {
                    "type": "tuple",
                    "values": [
                        -0.05233424275378238,
                        0.024142271325
                    ]
                },
                {
                    "type": "tuple",
                    "values": [
                        -0.06308469814845588,
                        0.02796231047449
                    ]
                },
                {
                    "type": "tuple",
                    "values": [
                        -0.02207658578846,
                        0.03174957393944744
                    ]
                },
                {
                    "type": "tuple",
                    "values": [
                        -0.011118765607153143,
                        0.02778922649468
                    ]
                },
                {
                    "type": "tuple",
                    "values": [
                        0.00786945001392,
                        0.07333625920764804
                    ]
                }
            ]
        },
        "errors_at_sigma_3": {
            "type": "list",
            "values": [
                {
                    "type": "tuple",
                    "values": [
                        0.013597454128999542,
                        0.031168421075630386
                    ]
                },
                {
                    "type": "tuple",
                    "values": [
                        0.018519542210588366,
                        0.028277200660125797
                    ]
                },
                {
                    "type": "tuple",
                    "values": [
                        0.08523675175239978,
                        0.05240878222344979
                    ]
                },
                {
                    "type": "tuple",
                    "values": [
                        0.12297994594790977,
                        0.0688925742605711
                    ]
                },
                {
                    "type": "tuple",
                    "values": [
                        0.08984764471830535,
                        0.08727220351983
                    ]
                },
                {
                    "type": "tuple",
                    "values": [
                        0.08611108091450265,
                        0.06007738852291063
                    ]
                },
                {
                    "type": "tuple",
                    "values": [
                        0.08307225690579628,
                        0.06223864754557896
                    ]
                },
                {
                    "type": "tuple",
                    "values": [
                        0.1163004674969271,
                        0.049523247199327346
                    ]
                }
            ]
        },
        "model": null,
        "values_at_sigma_3": {
            "type": "list",
            "values": [
                {
                    "type": "tuple",
                    "values": [
                        -0.05700083080928897,
                        -0.012234955604659044
                    ]
                },
                {
                    "type": "tuple",
                    "values": [
                        -0.08851018877847,
                        -0.04171344590775584
                    ]
                },
                {
                    "type": "tuple",
                    "values": [
                        -0.06368561903639956,
                        0.07395991493945
                    ]
                },
                {
                    "type": "tuple",
                    "values": [
                        -0.12355760843742389,
                        0.06831491177105699
                    ]
                },
                {
                    "type": "tuple",
                    "values": [
                        -0.09938701447943535,
                        0.0777328337587
                    ]
                },
                {
                    "type": "tuple",
                    "values": [
                        -0.07802744186405,
                        0.06816102757336327
                    ]
                },
                {
                    "type": "tuple",
                    "values": [
                        -0.07139318234010629,
                        0.07391772211126896
                    ]
                },
                {
                    "type": "tuple",
                    "values": [
                        -0.06830494745284786,
                        0.09751876724340659
                    ]
                }
            ]
        }
    }
}