{
    "type": "instance",
    "class_path": "autofit.non_linear.samples.summary.SamplesSummary",
    "arguments": {
        "median_pdf_sample": {
            "type": "instance",
            "class_path": "autofit.non_linear.samples.sample.Sample",
            "arguments": {
                "log_likelihood": -42.00032498321754,
                "log_prior": 0.0,
                "weight": 0.0010253454854416753,
                "kwargs": {
                    "type": "dict",
                    "arguments": {
                        "ellipses.0.ell_comps.ell_comps_0": 0.0511467770108,
                        "ellipses.0.ell_comps.ell_comps_1": -0.08084326363522722,
                        "multipoles.0.multipole_3.multipole_comps.multipole_comps_0": -0.04382194746471043,
                        "multipoles.0.multipole_3.multipole_comps.multipole_comps_1": -0.02488574046355432,
                        "multipoles.0.multipole_4.multipole_comps.multipole_comps_0": 0.01833894767430698,
                        "multipoles.0.multipole_4.multipole_comps.multipole_comps_1": -0.01953552174490861
                    }
                }
            }
        },
        "errors_at_sigma_3": {
            "type": "list",
            "values": [
                {
                    "type": "tuple",
                    "values": [
                        0.023377593340939997,
                        0.016443945553109997
                    ]
                },
                {
                    "type": "tuple",
                    "values": [
                        0.02328435652370278,
                        0.029416467483247215
                    ]
                },
                {
                    "type": "tuple",
                    "values": [
                        0.041936554133519564,
                        0.09352557490238042
                    ]
                },
                {
                    "type": "tuple",
                    "values": [
                        0.05797896939660642,
                        0.09233702283786432
                    ]
                },
                {
                    "type": "tuple",
                    "values": [
                        0.08774179621290698,
                        0.07165091695429951
                    ]
                },
                {
                    "type": "tuple",
                    "values": [
                        0.049226898353244994,
                        0.1123851936900357
                    ]
                }
            ]
        },
        "values_at_sigma_3": {
            "type": "list",
            "values": [
                {
                    "type": "tuple",
                    "values": [
                        0.02776918366986,
                        0.06759072256391
                    ]
                },
                {
                    "type": "tuple",
                    "values": [
                        -0.10412762015893,
                        -0.05142679615198
                    ]
                },
                {
                    "type": "tuple",
                    "values": [
                        -0.08575850159823,
                        0.04970362743767
                    ]
                },
                {
                    "type": "tuple",
                    "values": [
                        -0.08286470986016074,
                        0.06745128237431
                    ]
                },
                {
                    "type": "tuple",
                    "values": [
                        -0.0694028485386,
                        0.08998986462860649
                    ]
                },
                {
                    "type": "tuple",
                    "values": [
                        -0.0687624200981536,
                        0.0928496719451271
                    ]
                }
            ]
        },
        "values_at_sigma_1": {
            "type": "list",
            "values": [
                {
                    "type": "tuple",
                    "values": [
                        0.04331495863817,
                        0.05405163217233489
                    ]
                },
                {
                    "type": "tuple",
                    "values": [
                        -0.08696750515262,
                        -0.0774629420095548
                    ]
                },
                {
                    "type": "tuple",
                    "values": [
                        -0.05848834261652317,
                        -0.020398716562942537
                    ]
                },
                {
                    "type": "tuple",
                    "values": [
                        -0.05125440142736803,
                        -0.002994904012945183
                    ]
                },
                {
                    "type": "tuple",
                    "values": [
                        -0.00338286521119,
                        0.04321229379449264
                    ]
                },
                {
                    "type": "tuple",
                    "values": [
                        -0.04085384392693,
                        0.01332575447622
                    ]
                }
            ]
        },
        "model": null,
        "errors_at_sigma_1": {
            "type": "list",
            "values": [
                {
                    "type": "tuple",
                    "values": [
                        0.00783181837263,
                        0.0029048551615348944
                    ]
                },
                {
                    "type": "tuple",
                    "values": [
                        0.006124241517392784,
                        0.0033803216256724222
                    ]
                },
                {
                    "type": "tuple",
                    "values": [
                        0.014666395151812742,
                        0.023423230901767893
                    ]
                },
                {
                    "type": "tuple",
                    "values": [
                        0.026368660963813708,
                        0.021890836450609137
                    ]
                },
                {
                    "type": "tuple",
                    "values": [
                        0.02172181288549698,
                        0.024873346120185658
                    ]
                },
                {
                    "type": "tuple",
                    "values": [
                        0.021318322182021388,
                        0.03286127622112861
                    ]
                }
            ]
        },
        "log_evidence": -59.73743370312375,
        "max_log_likelihood_sample": {
            "type": "instance",
            "class_path": "autofit.non_linear.samples.sample.Sample",
            "arguments": {
                "log_likelihood": -42.00032498321754,
                "log_prior": 0.0,
                "weight": 0.0010253454854416753,
                "kwargs": {
                    "type": "dict",
                    "arguments": {
                        "ellipses.0.ell_comps.ell_comps_0": 0.05232944716681,
                        "ellipses.0.ell_comps.ell_comps_1": -0.07892870790817,
                        "multipoles.0.multipole_3.multipole_comps.multipole_comps_0": -0.05936752083437,
                        "multipoles.0.multipole_3.multipole_comps.multipole_comps_1": -0.02147013688446,
                        "multipoles.0.multipole_4.multipole_comps.multipole_comps_0": 0.02426965037458,
                        "multipoles.0.multipole_4.multipole_comps.multipole_comps_1": -0.02360356044834
                    }
                }
            }
        }
    }
}