{
    "type": "instance",
    "class_path": "autofit.non_linear.samples.summary.SamplesSummary",
    "arguments": {
        "model": null,
        "errors_at_sigma_1": {
            "type": "list",
            "values": [
                {
                    "type": "tuple",
                    "values": [
                        0.00391190714508903,
                        0.004139977434549039
                    ]
                },
                {
                    "type": "tuple",
                    "values": [
                        0.004140918369470947,
                        0.0034195816926541056
                    ]
                },
                {
                    "type": "tuple",
                    "values": [
                        0.00565534261256288,
                        0.005126170124335759
                    ]
                },
                {
                    "type": "tuple",
                    "values": [
                        0.00434458828811876,
                        0.0042271215855112405
                    ]
                },
                {
                    "type": "tuple",
                    "values": [
                        0.004725520590258858,
                        0.004166640275649895
                    ]
                },
                {
                    "type": "tuple",
                    "values": [
                        0.005300849158763425,
                        0.005322438447786516
                    ]
                },
                {
                    "type": "tuple",
                    "values": [
                        0.00629699581510762,
                        0.00578535540820238
                    ]
                },
                {
                    "type": "tuple",
                    "values": [
                        0.005219615964543831,
                        0.004551918547311795
                    ]
                }
            ]
        },
        "median_pdf_sample": {
            "type": "instance",
            "class_path": "autofit.non_linear.samples.sample.Sample",
            "arguments": {
                "log_likelihood": -15.840723495974364,
                "log_prior": 0.0,
                "weight": 0.0010069271403287678,
                "kwargs": {
                    "type": "dict",
                    "arguments": {
                        "ellipses.0.ell_comps.ell_comps_0": -0.08548986400660905,
                        "ellipses.0.ell_comps.ell_comps_1": 0.04583708898070606,
                        "multipoles.0.multipole_1.multipole_comps.multipole_comps_0": 0.0015655364893820368,
                        "multipoles.0.multipole_1.multipole_comps.multipole_comps_1": -0.0011480716560212409,
                        "multipoles.0.multipole_3.multipole_comps.multipole_comps_0": 0.002506517235270636,
                        "multipoles.0.multipole_3.multipole_comps.multipole_comps_1": 0.004340855565823425,
                        "multipoles.0.multipole_4.multipole_comps.multipole_comps_0": -0.006291087646542379,
                        "multipoles.0.multipole_4.multipole_comps.multipole_comps_1": 0.006556068202371822
                    }
                }
            }
        },
        "errors_at_sigma_3": {
            "type": "list",
            "values": [
                {
                    "type": "tuple",
                    "values": [
                        0.011197929654173044,
                        0.012963596855429041
                    ]
                },
                {
                    "type": "tuple",
                    "values": [
                        0.012722200525601773,
                        0.01181846970117624
                    ]
                },
                {
                    "type": "tuple",
                    "values": [
                        0.016631952171252035,
                        0.014831090114725783
                    ]
                },
                {
                    "type": "tuple",
                    "values": [
                        0.014374315020866455,
                        0.01243498046803124
                    ]
                },
                {
                    "type": "tuple",
                    "values": [
                        0.014187266994775509,
                        0.014097438661169363
                    ]
                },
                {
                    "type": "tuple",
                    "values": [
                        0.012887910841560535,
                        0.016650761254370178
                    ]
                },
                {
                    "type": "tuple",
                    "values": [
                        0.0172910814987353,
                        0.017830779428262382
                    ]
                },
                {
                    "type": "tuple",
                    "values": [
                        0.015121814259006381,
                        0.014758122386318177
                    ]
                }
            ]
        },
        "log_evidence": -42.312974742540156,
        "max_log_likelihood_sample": {
            "type": "instance",
            "class_path": "autofit.non_linear.samples.sample.Sample",
            "arguments": {
                "log_likelihood": -15.840723495974364,
                "log_prior": 0.0,
                "weight": 0.0010069271403287678,
                "kwargs": {
                    "type": "dict",
                    "arguments": {
                        "ellipses.0.ell_comps.ell_comps_0": -0.08571424236693,
                        "ellipses.0.ell_comps.ell_comps_1": 0.04755394325791,
                        "multipoles.0.multipole_1.multipole_comps.multipole_comps_0": 0.00681153084029,
                        "multipoles.0.multipole_1.multipole_comps.multipole_comps_1": 0.00069624703945,
                        "multipoles.0.multipole_3.multipole_comps.multipole_comps_0": 0.0020758303382,
                        "multipoles.0.multipole_3.multipole_comps.multipole_comps_1": 0.00085719524358,
                        "multipoles.0.multipole_4.multipole_comps.multipole_comps_0": -0.00803511767182,
                        "multipoles.0.multipole_4.multipole_comps.multipole_comps_1": 0.00510380573599
                    }
                }
            }
        },
        "values_at_sigma_3": {
            "type": "list",
            "values": [
                {
                    "type": "tuple",
                    "values": [
                        -0.09668779366078209,
                        -0.07252626715118
                    ]
                },
                {
                    "type": "tuple",
                    "values": [
                        0.03311488845510429,
                        0.0576555586818823
                    ]
                },
                {
                    "type": "tuple",
                    "values": [
                        -0.01506641568187,
                        0.01639662660410782
                    ]
                },
                {
                    "type": "tuple",
                    "values": [
                        -0.015522386676887696,
                        0.01128690881201
                    ]
                },
                {
                    "type": "tuple",
                    "values": [
                        -0.011680749759504873,
                        0.01660395589644
                    ]
                },
                {
                    "type": "tuple",
                    "values": [
                        -0.00854705527573711,
                        0.0209916168201936
                    ]
                },
                {
                    "type": "tuple",
                    "values": [
                        -0.02358216914527768,
                        0.01153969178172
                    ]
                },
                {
                    "type": "tuple",
                    "values": [
                        -0.008565746056634559,
                        0.02131419058869
                    ]
                }
            ]
        },
        "values_at_sigma_1": {
            "type": "list",
            "values": [
                {
                    "type": "tuple",
                    "values": [
                        -0.08940177115169808,
                        -0.08134988657206
                    ]
                },
                {
                    "type": "tuple",
                    "values": [
                        0.041696170611235116,
                        0.04925667067336017
                    ]
                },
                {
                    "type": "tuple",
                    "values": [
                        -0.004089806123180843,
                        0.006691706613717796
                    ]
                },
                {
                    "type": "tuple",
                    "values": [
                        -0.00549265994414,
                        0.00307904992949
                    ]
                },
                {
                    "type": "tuple",
                    "values": [
                        -0.002219003354988222,
                        0.0066731575109205315
                    ]
                },
                {
                    "type": "tuple",
                    "values": [
                        -0.00095999359294,
                        0.00966329401360994
                    ]
                },
                {
                    "type": "tuple",
                    "values": [
                        -0.01258808346165,
                        -0.00050573223834
                    ]
                },
                {
                    "type": "tuple",
                    "values": [
                        0.001336452237827992,
                        0.011107986749683618
                    ]
                }
            ]
        }
    }
}