{
    "type": "instance",
    "class_path": "autofit.non_linear.samples.summary.SamplesSummary",
    "arguments": {
        "values_at_sigma_1": {
            "type": "list",
            "values": [
                {
                    "type": "tuple",
                    "values": [
                        0.00615893217774,
                        0.01820798489897
                    ]
                },
                {
                    "type": "tuple",
                    "values": [
                        -0.14060734258143662,
                        -0.13522272122606208
                    ]
                }
            ]
        },
        "errors_at_sigma_3": {
            "type": "list",
            "values": [
                {
                    "type": "tuple",
                    "values": [
                        0.02161468149941329,
                        0.029135951298636713
                    ]
                },
                {
                    "type": "tuple",
                    "values": [
                        0.018006459714583478,
                        0.027849509943344675
                    ]
                }
            ]
        },
        "median_pdf_sample": {
            "type": "instance",
            "class_path": "autofit.non_linear.samples.sample.Sample",
            "arguments": {
                "log_likelihood": -52.96789092414342,
                "log_prior": 0.0,
                "weight": 0.0010054496682610405,
                "kwargs": {
                    "type": "dict",
                    "arguments": {
                        "ellipses.0.ell_comps.ell_comps_0": 0.012929219467053289,
                        "ellipses.0.ell_comps.ell_comps_1": -0.13879157619095467
                    }
                }
            }
        },
        "log_evidence": -64.07768997609739,
        "errors_at_sigma_1": {
            "type": "list",
            "values": [
                {
                    "type": "tuple",
                    "values": [
                        0.006770287289313289,
                        0.00527876543191671
                    ]
                },
                {
                    "type": "tuple",
                    "values": [
                        0.0018157663904819488,
                        0.0035688549648925927
                    ]
                }
            ]
        },
        "model": null,
        "values_at_sigma_3": {
            "type": "list",
            "values": [
                {
                    "type": "tuple",
                    "values": [
                        -0.00868546203236,
                        0.04206517076569
                    ]
                },
                {
                    "type": "tuple",
                    "values": [
                        -0.15679803590553815,
                        -0.11094206624761
                    ]
                }
            ]
        },
        "max_log_likelihood_sample": {
            "type": "instance",
            "class_path": "autofit.non_linear.samples.sample.Sample",
            "arguments": {
                "log_likelihood": -52.96789092414342,
                "log_prior": 0.0,
                "weight": 0.0010054496682610405,
                "kwargs": {
                    "type": "dict",
                    "arguments": {
                        "ellipses.0.ell_comps.ell_comps_0": 0.01205865062836,
                        "ellipses.0.ell_comps.ell_comps_1": -0.13959757152574
                    }
                }
            }
        }
    }
}