{
    "type": "collection",
    "arguments": {
        "ellipses": {
            "type": "collection",
            "arguments": {
                "0": {
                    "type": "instance",
                    "class_path": "autogalaxy.ellipse.ellipse.ellipse.Ellipse",
                    "arguments": {
                        "centre": {
                            "type": "tuple",
                            "values": [
                                -0.00186162010706,
                                0.00145700052838
                            ]
                        },
                        "ell_comps": {
                            "type": "tuple",
                            "values": [
                                0.08397776352171,
                                -0.08971715095439
                            ]
                        },
                        "major_axis": 0.25
                    }
                },
                "1": {
                    "type": "instance",
                    "class_path": "autogalaxy.ellipse.ellipse.ellipse.Ellipse",
                    "arguments": {
                        "centre": {
                            "type": "tuple",
                            "values": [
                                -0.00186162010706,
                                0.00145700052838
                            ]
                        },
                        "ell_comps": {
                            "type": "tuple",
                            "values": [
                                0.11317749436144,
                                -0.10437551558679
                            ]
                        },
                        "major_axis": 0.5
                    }
                },
                "2": {
                    "type": "instance",
                    "class_path": "autogalaxy.ellipse.ellipse.ellipse.Ellipse",
                    "arguments": {
                        "centre": {
                            "type": "tuple",
                            "values": [
                                -0.00186162010706,
                                0.00145700052838
                            ]
                        },
                        "ell_comps": {
                            "type": "tuple",
                            "values": [
                                0.11285596681238,
                                -0.12337257575453
                            ]
                        },
                        "major_axis": 0.75
                    }
                },
                "3": {
                    "type": "instance",
                    "class_path": "autogalaxy.ellipse.ellipse.ellipse.Ellipse",
                    "arguments": {
                        "centre": {
                            "type": "tuple",
                            "values": [
                                -0.00186162010706,
                                0.00145700052838
                            ]
                        },
                        "ell_comps": {
                            "type": "tuple",
                            "values": [
                                0.12190899470323,
                                -0.11310616588645
                            ]
                        },
                        "major_axis": 1.0
                    }
                },
                "4": {
                    "type": "instance",
                    "class_path": "autogalaxy.ellipse.ellipse.ellipse.Ellipse",
                    "arguments": {
                        "centre": {
                            "type": "tuple",
                            "values": [
                                -0.00186162010706,
                                0.00145700052838
                            ]
                        },
                        "ell_comps": {
                            "type": "tuple",
                            "values": [
                                0.06867508955571,
                                -0.1065491820872
                            ]
                        },
                        "major_axis": 1.25
                    }
                },
                "5": {
                    "type": "instance",
                    "class_path": "autogalaxy.ellipse.ellipse.ellipse.Ellipse",
                    "arguments": {
                        "centre": {
                            "type": "tuple",
                            "values": [
                                -0.00186162010706,
                                0.00145700052838
                            ]
                        },
                        "ell_comps": {
                            "type": "tuple",
                            "values": [
                                0.08172140349679,
                                -0.1291737485377
                            ]
                        },
                        "major_axis": 1.5
                    }
                },
                "6": {
                    "type": "instance",
                    "class_path": "autogalaxy.ellipse.ellipse.ellipse.Ellipse",
                    "arguments": {
                        "centre": {
                            "type": "tuple",
                            "values": [
                                -0.00186162010706,
                                0.00145700052838
                            ]
                        },
                        "ell_comps": {
                            "type": "tuple",
                            "values": [
                                0.08478111878883,
                                -0.15104241666704
                            ]
                        },
                        "major_axis": 1.75
                    }
                },
                "7": {
                    "type": "instance",
                    "class_path": "autogalaxy.ellipse.ellipse.ellipse.Ellipse",
                    "arguments": {
                        "centre": {
                            "type": "tuple",
                            "values": [
                                -0.00186162010706,
                                0.00145700052838
                            ]
                        },
                        "ell_comps": {
                            "type": "tuple",
                            "values": [
                                0.06301477919064,
                                -0.13228278569896
                            ]
                        },
                        "major_axis": 2.0
                    }
                },
                "8": {
                    "type": "instance",
                    "class_path": "autogalaxy.ellipse.ellipse.ellipse.Ellipse",
                    "arguments": {
                        "centre": {
                            "type": "tuple",
                            "values": [
                                -0.00186162010706,
                                0.00145700052838
                            ]
                        },
                        "ell_comps": {
                            "type": "tuple",
                            "values": [
                                0.08326790907978,
                                -0.17436858152441
                            ]
                        },
                        "major_axis": 2.25
                    }
                },
                "9": {
                    "type": "instance",
                    "class_path": "autogalaxy.ellipse.ellipse.ellipse.Ellipse",
                    "arguments": {
                        "centre": {
                            "type": "tuple",
                            "values": [
                                -0.00186162010706,
                                0.00145700052838
                            ]
                        },
                        "ell_comps": {
                            "type": "tuple",
                            "values": [
                                0.06067348148658,
                                -0.14768903490879
                            ]
                        },
                        "major_axis": 2.5
                    }
                },
                "10": {
                    "type": "instance",
                    "class_path": "autogalaxy.ellipse.ellipse.ellipse.Ellipse",
                    "arguments": {
                        "centre": {
                            "type": "tuple",
                            "values": [
                                -0.00186162010706,
                                0.00145700052838
                            ]
                        },
                        "ell_comps": {
                            "type": "tuple",
                            "values": [
                                0.12038141960821,
                                -0.11876460223391
                            ]
                        },
                        "major_axis": 2.75
                    }
                }
            }
        },
        "multipoles": {
            "type": "collection",
            "arguments": {
                "0": {
                    "type": "instance",
                    "class_path": "autofit.mapper.model.ModelInstance",
                    "arguments": {
                        "child_items": {
                            "type": "dict",
                            "arguments": {
                                "multipole_1": {
                                    "type": "instance",
                                    "class_path": "autogalaxy.ellipse.ellipse.ellipse_multipole.EllipseMultipole",
                                    "arguments": {
                                        "m": 1,
                                        "multipole_comps": {
                                            "type": "tuple",
                                            "values": [
                                                -0.00046921733404,
                                                -0.00187839148725
                                            ]
                                        }
                                    }
                                },
                                "multipole_3": {
                                    "type": "instance",
                                    "class_path": "autogalaxy.ellipse.ellipse.ellipse_multipole.EllipseMultipole",
                                    "arguments": {
                                        "m": 3,
                                        "multipole_comps": {
                                            "type": "tuple",
                                            "values": [
                                                -0.0016301486597,
                                                0.00031991126896
                                            ]
                                        }
                                    }
                                },
                                "multipole_4": {
                                    "type": "instance",
                                    "class_path": "autogalaxy.ellipse.ellipse.ellipse_multipole.EllipseMultipole",
                                    "arguments": {
                                        "m": 4,
                                        "multipole_comps": {
                                            "type": "tuple",
                                            "values": [
                                                -0.00029606204348,
                                                0.00090159552682
                                            ]
                                        }
                                    }
                                }
                            }
                        }
                    }
                },
                "1": {
                    "type": "instance",
                    "class_path": "autofit.mapper.model.ModelInstance",
                    "arguments": {
                        "child_items": {
                            "type": "dict",
                            "arguments": {
                                "multipole_1": {
                                    "type": "instance",
                                    "class_path": "autogalaxy.ellipse.ellipse.ellipse_multipole.EllipseMultipole",
                                    "arguments": {
                                        "m": 1,
                                        "multipole_comps": {
                                            "type": "tuple",
                                            "values": [
                                                0.00136290417961,
                                                -0.0004167621553
                                            ]
                                        }
                                    }
                                },
                                "multipole_3": {
                                    "type": "instance",
                                    "class_path": "autogalaxy.ellipse.ellipse.ellipse_multipole.EllipseMultipole",
                                    "arguments": {
                                        "m": 3,
                                        "multipole_comps": {
                                            "type": "tuple",
                                            "values": [
                                                -0.00766872270898,
                                                0.00068636712819
                                            ]
                                        }
                                    }
                                },
                                "multipole_4": {
                                    "type": "instance",
                                    "class_path": "autogalaxy.ellipse.ellipse.ellipse_multipole.EllipseMultipole",
                                    "arguments": {
                                        "m": 4,
                                        "multipole_comps": {
                                            "type": "tuple",
                                            "values": [
                                                0.00099385840076,
                                                0.0002687779031
                                            ]
                                        }
                                    }
                                }
                            }
                        }
                    }
                },
                "2": {
                    "type": "instance",
                    "class_path": "autofit.mapper.model.ModelInstance",
                    "arguments": {
                        "child_items": {
                            "type": "dict",
                            "arguments": {
                                "multipole_1": {
                                    "type": "instance",
                                    "class_path": "autogalaxy.ellipse.ellipse.ellipse_multipole.EllipseMultipole",
                                    "arguments": {
                                        "m": 1,
                                        "multipole_comps": {
                                            "type": "tuple",
                                            "values": [
                                                0.00562714756104,
                                                -0.00970550530059
                                            ]
                                        }
                                    }
                                },
                                "multipole_3": {
                                    "type": "instance",
                                    "class_path": "autogalaxy.ellipse.ellipse.ellipse_multipole.EllipseMultipole",
                                    "arguments": {
                                        "m": 3,
                                        "multipole_comps": {
                                            "type": "tuple",
                                            "values": [
                                                0.00693441225436,
                                                -0.00931345179134
                                            ]
                                        }
                                    }
                                },
                                "multipole_4": {
                                    "type": "instance",
                                    "class_path": "autogalaxy.ellipse.ellipse.ellipse_multipole.EllipseMultipole",
                                    "arguments": {
                                        "m": 4,
                                        "multipole_comps": {
                                            "type": "tuple",
                                            "values": [
                                                -0.00603702607309,
                                                -0.00640587439513
                                            ]
                                        }
                                    }
                                }
                            }
                        }
                    }
                },
                "3": {
                    "type": "instance",
                    "class_path": "autofit.mapper.model.ModelInstance",
                    "arguments": {
                        "child_items": {
                            "type": "dict",
                            "arguments": {
                                "multipole_1": {
                                    "type": "instance",
                                    "class_path": "autogalaxy.ellipse.ellipse.ellipse_multipole.EllipseMultipole",
                                    "arguments": {
                                        "m": 1,
                                        "multipole_comps": {
                                            "type": "tuple",
                                            "values": [
                                                -0.00042282117206,
                                                0.01730736589529
                                            ]
                                        }
                                    }
                                },
                                "multipole_3": {
                                    "type": "instance",
                                    "class_path": "autogalaxy.ellipse.ellipse.ellipse_multipole.EllipseMultipole",
                                    "arguments": {
                                        "m": 3,
                                        "multipole_comps": {
                                            "type": "tuple",
                                            "values": [
                                                -0.01121300181797,
                                                0.00155888293188
                                            ]
                                        }
                                    }
                                },
                                "multipole_4": {
                                    "type": "instance",
                                    "class_path": "autogalaxy.ellipse.ellipse.ellipse_multipole.EllipseMultipole",
                                    "arguments": {
                                        "m": 4,
                                        "multipole_comps": {
                                            "type": "tuple",
                                            "values": [
                                                -0.0147134869801,
                                                0.00572912645027
                                            ]
                                        }
                                    }
                                }
                            }
                        }
                    }
                },
                "4": {
                    "type": "instance",
                    "class_path": "autofit.mapper.model.ModelInstance",
                    "arguments": {
                        "child_items": {
                            "type": "dict",
                            "arguments": {
                                "multipole_1": {
                                    "type": "instance",
                                    "class_path": "autogalaxy.ellipse.ellipse.ellipse_multipole.EllipseMultipole",
                                    "arguments": {
                                        "m": 1,
                                        "multipole_comps": {
                                            "type": "tuple",
                                            "values": [
                                                -0.01329263687589,
                                                -0.00986028903639
                                            ]
                                        }
                                    }
                                },
                                "multipole_3": {
                                    "type": "instance",
                                    "class_path": "autogalaxy.ellipse.ellipse.ellipse_multipole.EllipseMultipole",
                                    "arguments": {
                                        "m": 3,
                                        "multipole_comps": {
                                            "type": "tuple",
                                            "values": [
                                                -0.01204149692613,
                                                0.00758531821005
                                            ]
                                        }
                                    }
                                },
                                "multipole_4": {
                                    "type": "instance",
                                    "class_path": "autogalaxy.ellipse.ellipse.ellipse_multipole.EllipseMultipole",
                                    "arguments": {
                                        "m": 4,
                                        "multipole_comps": {
                                            "type": "tuple",
                                            "values": [
                                                0.02864110113884,
                                                -0.01871481923091
                                            ]
                                        }
                                    }
                                }
                            }
                        }
                    }
                },
                "5": {
                    "type": "instance",
                    "class_path": "autofit.mapper.model.ModelInstance",
                    "arguments": {
                        "child_items": {
                            "type": "dict",
                            "arguments": {
                                "multipole_1": {
                                    "type": "instance",
                                    "class_path": "autogalaxy.ellipse.ellipse.ellipse_multipole.EllipseMultipole",
                                    "arguments": {
                                        "m": 1,
                                        "multipole_comps": {
                                            "type": "tuple",
                                            "values": [
                                                -0.04454315441084,
                                                -0.03730719374346
                                            ]
                                        }
                                    }
                                },
                                "multipole_3": {
                                    "type": "instance",
                                    "class_path": "autogalaxy.ellipse.ellipse.ellipse_multipole.EllipseMultipole",
                                    "arguments": {
                                        "m": 3,
                                        "multipole_comps": {
                                            "type": "tuple",
                                            "values": [
                                                -0.00105619753685,
                                                0.0386006673983
                                            ]
                                        }
                                    }
                                },
                                "multipole_4": {
                                    "type": "instance",
                                    "class_path": "autogalaxy.ellipse.ellipse.ellipse_multipole.EllipseMultipole",
                                    "arguments": {
                                        "m": 4,
                                        "multipole_comps": {
                                            "type": "tuple",
                                            "values": [
                                                0.03346369512335,
                                                -0.0131521613662
                                            ]
                                        }
                                    }
                                }
                            }
                        }
                    }
                },
                "6": {
                    "type": "instance",
                    "class_path": "autofit.mapper.model.ModelInstance",
                    "arguments": {
                        "child_items": {
                            "type": "dict",
                            "arguments": {
                                "multipole_1": {
                                    "type": "instance",
                                    "class_path": "autogalaxy.ellipse.ellipse.ellipse_multipole.EllipseMultipole",
                                    "arguments": {
                                        "m": 1,
                                        "multipole_comps": {
                                            "type": "tuple",
                                            "values": [
                                                0.00659912527445,
                                                -0.00139068424461
                                            ]
                                        }
                                    }
                                },
                                "multipole_3": {
                                    "type": "instance",
                                    "class_path": "autogalaxy.ellipse.ellipse.ellipse_multipole.EllipseMultipole",
                                    "arguments": {
                                        "m": 3,
                                        "multipole_comps": {
                                            "type": "tuple",
                                            "values": [
                                                0.00647148168063,
                                                -0.0312246250851
                                            ]
                                        }
                                    }
                                },
                                "multipole_4": {
                                    "type": "instance",
                                    "class_path": "autogalaxy.ellipse.ellipse.ellipse_multipole.EllipseMultipole",
                                    "arguments": {
                                        "m": 4,
                                        "multipole_comps": {
                                            "type": "tuple",
                                            "values": [
                                                0.04766635270194,
                                                0.00182873589215
                                            ]
                                        }
                                    }
                                }
                            }
                        }
                    }
                },
                "7": {
                    "type": "instance",
                    "class_path": "autofit.mapper.model.ModelInstance",
                    "arguments": {
                        "child_items": {
                            "type": "dict",
                            "arguments": {
                                "multipole_1": {
                                    "type": "instance",
                                    "class_path": "autogalaxy.ellipse.ellipse.ellipse_multipole.EllipseMultipole",
                                    "arguments": {
                                        "m": 1,
                                        "multipole_comps": {
                                            "type": "tuple",
                                            "values": [
                                                0.04659106329657,
                                                -0.0160334042652
                                            ]
                                        }
                                    }
                                },
                                "multipole_3": {
                                    "type": "instance",
                                    "class_path": "autogalaxy.ellipse.ellipse.ellipse_multipole.EllipseMultipole",
                                    "arguments": {
                                        "m": 3,
                                        "multipole_comps": {
                                            "type": "tuple",
                                            "values": [
                                                0.02359413223524,
                                                -0.06343996625615
                                            ]
                                        }
                                    }
                                },
                                "multipole_4": {
                                    "type": "instance",
                                    "class_path": "autogalaxy.ellipse.ellipse.ellipse_multipole.EllipseMultipole",
                                    "arguments": {
                                        "m": 4,
                                        "multipole_comps": {
                                            "type": "tuple",
                                            "values": [
                                                0.03078425265442,
                                                -0.04772780919465
                                            ]
                                        }
                                    }
                                }
                            }
                        }
                    }
                },
                "8": {
                    "type": "instance",
                    "class_path": "autofit.mapper.model.ModelInstance",
                    "arguments": {
                        "child_items": {
                            "type": "dict",
                            "arguments": {
                                "multipole_1": {
                                    "type": "instance",
                                    "class_path": "autogalaxy.ellipse.ellipse.ellipse_multipole.EllipseMultipole",
                                    "arguments": {
                                        "m": 1,
                                        "multipole_comps": {
                                            "type": "tuple",
                                            "values": [
                                                -0.05229284874602,
                                                0.0072708086345
                                            ]
                                        }
                                    }
                                },
                                "multipole_3": {
                                    "type": "instance",
                                    "class_path": "autogalaxy.ellipse.ellipse.ellipse_multipole.EllipseMultipole",
                                    "arguments": {
                                        "m": 3,
                                        "multipole_comps": {
                                            "type": "tuple",
                                            "values": [
                                                -0.02416377448314,
                                                0.05161622655568
                                            ]
                                        }
                                    }
                                },
                                "multipole_4": {
                                    "type": "instance",
                                    "class_path": "autogalaxy.ellipse.ellipse.ellipse_multipole.EllipseMultipole",
                                    "arguments": {
                                        "m": 4,
                                        "multipole_comps": {
                                            "type": "tuple",
                                            "values": [
                                                0.01519563117576,
                                                0.0468006876065
                                            ]
                                        }
                                    }
                                }
                            }
                        }
                    }
                },
                "9": {
                    "type": "instance",
                    "class_path": "autofit.mapper.model.ModelInstance",
                    "arguments": {
                        "child_items": {
                            "type": "dict",
                            "arguments": {
                                "multipole_1": {
                                    "type": "instance",
                                    "class_path": "autogalaxy.ellipse.ellipse.ellipse_multipole.EllipseMultipole",
                                    "arguments": {
                                        "m": 1,
                                        "multipole_comps": {
                                            "type": "tuple",
                                            "values": [
                                                0.0969749470469,
                                                0.04462614394389
                                            ]
                                        }
                                    }
                                },
                                "multipole_3": {
                                    "type": "instance",
                                    "class_path": "autogalaxy.ellipse.ellipse.ellipse_multipole.EllipseMultipole",
                                    "arguments": {
                                        "m": 3,
                                        "multipole_comps": {
                                            "type": "tuple",
                                            "values": [
                                                0.04981626242982,
                                                -0.09443569233561
                                            ]
                                        }
                                    }
                                },
                                "multipole_4": {
                                    "type": "instance",
                                    "class_path": "autogalaxy.ellipse.ellipse.ellipse_multipole.EllipseMultipole",
                                    "arguments": {
                                        "m": 4,
                                        "multipole_comps": {
                                            "type": "tuple",
                                            "values": [
                                                -0.06222725947403,
                                                0.01598346271864
                                            ]
                                        }
                                    }
                                }
                            }
                        }
                    }
                },
                "10": {
                    "type": "instance",
                    "class_path": "autofit.mapper.model.ModelInstance",
                    "arguments": {
                        "child_items": {
                            "type": "dict",
                            "arguments": {
                                "multipole_1": {
                                    "type": "instance",
                                    "class_path": "autogalaxy.ellipse.ellipse.ellipse_multipole.EllipseMultipole",
                                    "arguments": {
                                        "m": 1,
                                        "multipole_comps": {
                                            "type": "tuple",
                                            "values": [
                                                0.03705507228338,
                                                -0.02897237850661
                                            ]
                                        }
                                    }
                                },
                                "multipole_3": {
                                    "type": "instance",
                                    "class_path": "autogalaxy.ellipse.ellipse.ellipse_multipole.EllipseMultipole",
                                    "arguments": {
                                        "m": 3,
                                        "multipole_comps": {
                                            "type": "tuple",
                                            "values": [
                                                0.06321455093168,
                                                -0.07466025708747
                                            ]
                                        }
                                    }
                                },
                                "multipole_4": {
                                    "type": "instance",
                                    "class_path": "autogalaxy.ellipse.ellipse.ellipse_multipole.EllipseMultipole",
                                    "arguments": {
                                        "m": 4,
                                        "multipole_comps": {
                                            "type": "tuple",
                                            "values": [
                                                0.00942250544044,
                                                -0.00671760427861
                                            ]
                                        }
                                    }
                                }
                            }
                        }
                    }
                }
            }
        },
        "dummy_0": {
            "lower_limit": -0.1,
            "upper_limit": 0.1,
            "type": "Uniform",
            "id": 290
        }
    }
}