{
    "type": "instance",
    "class_path": "autofit.non_linear.samples.summary.SamplesSummary",
    "arguments": {
        "values_at_sigma_1": {
            "type": "list",
            "values": [
                {
                    "type": "tuple",
                    "values": [
                        0.0022754450979,
                        0.0032288592853603965
                    ]
                },
                {
                    "type": "tuple",
                    "values": [
                        -0.00052360283214,
                        0.0011123094466969725
                    ]
                },
                {
                    "type": "tuple",
                    "values": [
                        0.04626229842701,
                        0.05258400532926
                    ]
                },
                {
                    "type": "tuple",
                    "values": [
                        0.0893889832459512,
                        0.09481920597228
                    ]
                },
                {
                    "type": "tuple",
                    "values": [
                        -0.000251445365903398,
                        0.0014743355889729832
                    ]
                },
                {
                    "type": "tuple",
                    "values": [
                        0.00018979124826707674,
                        0.0018899431029991826
                    ]
                },
                {
                    "type": "tuple",
                    "values": [
                        -0.003612239594597082,
                        -0.0015720054358124315
                    ]
                },
                {
                    "type": "tuple",
                    "values": [
                        -9.098093676906062e-05,
                        0.0016911083700831945
                    ]
                },
                {
                    "type": "tuple",
                    "values": [
                        0.06941976708828045,
                        0.07302577344348778
                    ]
                },
                {
                    "type": "tuple",
                    "values": [
                        0.15811857300830817,
                        0.16158061490186293
                    ]
                },
                {
                    "type": "tuple",
                    "values": [
                        -0.0030483678838260143,
                        -0.0002777249555059223
                    ]
                },
                {
                    "type": "tuple",
                    "values": [
                        -0.0010981018502508764,
                        0.0013109045606076158
                    ]
                },
                {
                    "type": "tuple",
                    "values": [
                        0.0003161722427072415,
                        0.00338205612843
                    ]
                },
                {
                    "type": "tuple",
                    "values": [
                        0.005883794102047427,
                        0.008802278186284576
                    ]
                },
                {
                    "type": "tuple",
                    "values": [
                        0.08783460407612,
                        0.091032500807665
                    ]
                },
                {
                    "type": "tuple",
                    "values": [
                        0.19279194586319,
                        0.19678453919092
                    ]
                },
                {
                    "type": "tuple",
                    "values": [
                        0.000301397622,
                        0.00583594710488
                    ]
                },
                {
                    "type": "tuple",
                    "values": [
                        0.00073180288055,
                        0.0062589030142657905
                    ]
                },
                {
                    "type": "tuple",
                    "values": [
                        -0.009086795214020496,
                        -0.0007100876078381006
                    ]
                },
                {
                    "type": "tuple",
                    "values": [
                        0.00391028358914,
                        0.01067602222314391
                    ]
                },
                {
                    "type": "tuple",
                    "values": [
                        0.08565385778669321,
                        0.08985091745336343
                    ]
                },
                {
                    "type": "tuple",
                    "values": [
                        0.19307243717761,
                        0.19691435162887
                    ]
                },
                {
                    "type": "tuple",
                    "values": [
                        -0.00350537749077,
                        0.00738680908595
                    ]
                },
                {
                    "type": "tuple",
                    "values": [
                        -0.00738686079851,
                        0.00378081530925
                    ]
                },
                {
                    "type": "tuple",
                    "values": [
                        -0.007069409711212652,
                        0.00523252566747
                    ]
                },
                {
                    "type": "tuple",
                    "values": [
                        -0.006996930754766793,
                        0.007967380348734197
                    ]
                },
                {
                    "type": "tuple",
                    "values": [
                        0.08811620522068866,
                        0.09221507836663
                    ]
                },
                {
                    "type": "tuple",
                    "values": [
                        0.2121222020163821,
                        0.21492985232909828
                    ]
                },
                {
                    "type": "tuple",
                    "values": [
                        0.03013153462846,
                        0.05836048290580198
                    ]
                },
                {
                    "type": "tuple",
                    "values": [
                        -0.004581590970840669,
                        0.02336956890988
                    ]
                },
                {
                    "type": "tuple",
                    "values": [
                        -0.04124165794164173,
                        -0.018667899919607753
                    ]
                },
                {
                    "type": "tuple",
                    "values": [
                        -0.05758737051903,
                        -0.04235619669890931
                    ]
                }
            ]
        },
        "errors_at_sigma_1": {
            "type": "list",
            "values": [
                {
                    "type": "tuple",
                    "values": [
                        0.00048344109114706714,
                        0.00046997309631332954
                    ]
                },
                {
                    "type": "tuple",
                    "values": [
                        0.0007625161839185405,
                        0.000873396094918432
                    ]
                },
                {
                    "type": "tuple",
                    "values": [
                        0.003219881637180004,
                        0.0031018252650699962
                    ]
                },
                {
                    "type": "tuple",
                    "values": [
                        0.002569162313974749,
                        0.0028610604123540523
                    ]
                },
                {
                    "type": "tuple",
                    "values": [
                        0.0008224358889811229,
                        0.0009033450658952584
                    ]
                },
                {
                    "type": "tuple",
                    "values": [
                        0.0008848770517429232,
                        0.0008152748029891827
                    ]
                },
                {
                    "type": "tuple",
                    "values": [
                        0.0009999843155870818,
                        0.0010402498431975684
                    ]
                },
                {
                    "type": "tuple",
                    "values": [
                        0.0008912977491690605,
                        0.0008907915576831946
                    ]
                },
                {
                    "type": "tuple",
                    "values": [
                        0.0017423007190528472,
                        0.0018637056361544835
                    ]
                },
                {
                    "type": "tuple",
                    "values": [
                        0.0017145640442444432,
                        0.0017474778493103138
                    ]
                },
                {
                    "type": "tuple",
                    "values": [
                        0.0014709540924305422,
                        0.0012996888358895499
                    ]
                },
                {
                    "type": "tuple",
                    "values": [
                        0.0011484487176208764,
                        0.0012605576932376158
                    ]
                },
                {
                    "type": "tuple",
                    "values": [
                        0.0015365701642481874,
                        0.0015293137214745713
                    ]
                },
                {
                    "type": "tuple",
                    "values": [
                        0.001422947527582573,
                        0.0014955365566545762
                    ]
                },
                {
                    "type": "tuple",
                    "values": [
                        0.0016023946084281065,
                        0.0015955021231169042
                    ]
                },
                {
                    "type": "tuple",
                    "values": [
                        0.0021402192990799818,
                        0.0018523740286500168
                    ]
                },
                {
                    "type": "tuple",
                    "values": [
                        0.002877007047971408,
                        0.002657542434908592
                    ]
                },
                {
                    "type": "tuple",
                    "values": [
                        0.00263689168681,
                        0.0028902084469057906
                    ]
                },
                {
                    "type": "tuple",
                    "values": [
                        0.004252598059670496,
                        0.004124109546511899
                    ]
                },
                {
                    "type": "tuple",
                    "values": [
                        0.0032801126951831133,
                        0.0034856259388207963
                    ]
                },
                {
                    "type": "tuple",
                    "values": [
                        0.0021117781733271668,
                        0.0020852814933430552
                    ]
                },
                {
                    "type": "tuple",
                    "values": [
                        0.0019461471999570323,
                        0.001895767251302971
                    ]
                },
                {
                    "type": "tuple",
                    "values": [
                        0.005578056264389954,
                        0.005314130312330046
                    ]
                },
                {
                    "type": "tuple",
                    "values": [
                        0.005366558794039999,
                        0.00580111731372
                    ]
                },
                {
                    "type": "tuple",
                    "values": [
                        0.0060761835510326516,
                        0.0062257518276500005
                    ]
                },
                {
                    "type": "tuple",
                    "values": [
                        0.0073402239807567925,
                        0.0076240871227441975
                    ]
                },
                {
                    "type": "tuple",
                    "values": [
                        0.0016038321380283382,
                        0.002495041007912993
                    ]
                },
                {
                    "type": "tuple",
                    "values": [
                        0.001335853992541658,
                        0.0014717963201745232
                    ]
                },
                {
                    "type": "tuple",
                    "values": [
                        0.01991077579417,
                        0.00831817248317198
                    ]
                },
                {
                    "type": "tuple",
                    "values": [
                        0.018661233509848513,
                        0.009289926370872158
                    ]
                },
                {
                    "type": "tuple",
                    "values": [
                        0.01311597040586173,
                        0.009457787616172247
                    ]
                },
                {
                    "type": "tuple",
                    "values": [
                        0.008885835588745852,
                        0.006345338231374835
                    ]
                }
            ]
        },
        "median_pdf_sample": {
            "type": "instance",
            "class_path": "autofit.non_linear.samples.sample.Sample",
            "arguments": {
                "log_likelihood": -204.21411609597342,
                "log_prior": 0.0,
                "weight": 0.0010444331412670024,
                "kwargs": {
                    "type": "dict",
                    "arguments": {
                        "ellipses.ellipse_4.centre.centre_0": 0.002758886189047067,
                        "ellipses.ellipse_4.centre.centre_1": 0.00023891335177854054,
                        "ellipses.ellipse_0.ell_comps.ell_comps_0": 0.04948218006419,
                        "ellipses.ellipse_0.ell_comps.ell_comps_1": 0.09195814555992594,
                        "multipoles.0.multipole_3.multipole_comps.multipole_comps_0": 0.0005709905230777249,
                        "multipoles.0.multipole_3.multipole_comps.multipole_comps_1": 0.00107466830001,
                        "multipoles.0.multipole_4.multipole_comps.multipole_comps_0": -0.00261225527901,
                        "multipoles.0.multipole_4.multipole_comps.multipole_comps_1": 0.0008003168124,
                        "ellipses.ellipse_1.ell_comps.ell_comps_0": 0.07116206780733329,
                        "ellipses.ellipse_1.ell_comps.ell_comps_1": 0.15983313705255262,
                        "multipoles.1.multipole_3.multipole_comps.multipole_comps_0": -0.001577413791395472,
                        "multipoles.1.multipole_3.multipole_comps.multipole_comps_1": 5.034686737e-05,
                        "multipoles.1.multipole_4.multipole_comps.multipole_comps_0": 0.0018527424069554289,
                        "multipoles.1.multipole_4.multipole_comps.multipole_comps_1": 0.00730674162963,
                        "ellipses.ellipse_2.ell_comps.ell_comps_0": 0.0894369986845481,
                        "ellipses.ellipse_2.ell_comps.ell_comps_1": 0.19493216516227,
                        "multipoles.2.multipole_3.multipole_comps.multipole_comps_0": 0.003178404669971408,
                        "multipoles.2.multipole_3.multipole_comps.multipole_comps_1": 0.00336869456736,
                        "multipoles.2.multipole_4.multipole_comps.multipole_comps_0": -0.00483419715435,
                        "multipoles.2.multipole_4.multipole_comps.multipole_comps_1": 0.007190396284323114,
                        "ellipses.ellipse_3.ell_comps.ell_comps_0": 0.08776563596002038,
                        "ellipses.ellipse_3.ell_comps.ell_comps_1": 0.19501858437756703,
                        "multipoles.3.multipole_3.multipole_comps.multipole_comps_0": 0.0020726787736199542,
                        "multipoles.3.multipole_3.multipole_comps.multipole_comps_1": -0.00202030200447,
                        "multipoles.3.multipole_4.multipole_comps.multipole_comps_0": -0.00099322616018,
                        "multipoles.3.multipole_4.multipole_comps.multipole_comps_1": 0.00034329322599,
                        "ellipses.ellipse_4.ell_comps.ell_comps_0": 0.089720037358717,
                        "ellipses.ellipse_4.ell_comps.ell_comps_1": 0.21345805600892376,
                        "multipoles.4.multipole_3.multipole_comps.multipole_comps_0": 0.05004231042263,
                        "multipoles.4.multipole_3.multipole_comps.multipole_comps_1": 0.014079642539007843,
                        "multipoles.4.multipole_4.multipole_comps.multipole_comps_0": -0.02812568753578,
                        "multipoles.4.multipole_4.multipole_comps.multipole_comps_1": -0.048701534930284146
                    }
                }
            }
        },
        "errors_at_sigma_3": {
            "type": "list",
            "values": [
                {
                    "type": "tuple",
                    "values": [
                        0.0014422186735047896,
                        0.001231539642578361
                    ]
                },
                {
                    "type": "tuple",
                    "values": [
                        0.0020121521625948323,
                        0.002313116288789758
                    ]
                },
                {
                    "type": "tuple",
                    "values": [
                        0.010117784217329999,
                        0.009127995464275021
                    ]
                },
                {
                    "type": "tuple",
                    "values": [
                        0.0071343272216379955,
                        0.010185981985224052
                    ]
                },
                {
                    "type": "tuple",
                    "values": [
                        0.0028434064904074305,
                        0.002669967276082275
                    ]
                },
                {
                    "type": "tuple",
                    "values": [
                        0.0022610723834406393,
                        0.0024717536565976184
                    ]
                },
                {
                    "type": "tuple",
                    "values": [
                        0.0027384123228400004,
                        0.00355730637576
                    ]
                },
                {
                    "type": "tuple",
                    "values": [
                        0.0030583170024399997,
                        0.00348190909349
                    ]
                },
                {
                    "type": "tuple",
                    "values": [
                        0.0056085404547409345,
                        0.004977843575806495
                    ]
                },
                {
                    "type": "tuple",
                    "values": [
                        0.004789514451672611,
                        0.00581162482197739
                    ]
                },
                {
                    "type": "tuple",
                    "values": [
                        0.004844535147762167,
                        0.004298728210715472
                    ]
                },
                {
                    "type": "tuple",
                    "values": [
                        0.00331451096819,
                        0.003682093295876844
                    ]
                },
                {
                    "type": "tuple",
                    "values": [
                        0.004182398182861896,
                        0.00440469264749444
                    ]
                },
                {
                    "type": "tuple",
                    "values": [
                        0.003963690818776972,
                        0.005109568576156819
                    ]
                },
                {
                    "type": "tuple",
                    "values": [
                        0.00465157654659111,
                        0.004731275181321895
                    ]
                },
                {
                    "type": "tuple",
                    "values": [
                        0.006870225535708097,
                        0.005772471907433213
                    ]
                },
                {
                    "type": "tuple",
                    "values": [
                        0.007749494165257361,
                        0.009628929771116975
                    ]
                },
                {
                    "type": "tuple",
                    "values": [
                        0.008904208896849999,
                        0.008086894780149578
                    ]
                },
                {
                    "type": "tuple",
                    "values": [
                        0.011902143107785684,
                        0.01086915953774
                    ]
                },
                {
                    "type": "tuple",
                    "values": [
                        0.010013538545409862,
                        0.010376595338860045
                    ]
                },
                {
                    "type": "tuple",
                    "values": [
                        0.0059765327116103745,
                        0.005730574763319618
                    ]
                },
                {
                    "type": "tuple",
                    "values": [
                        0.005913012465271289,
                        0.00552620914748117
                    ]
                },
                {
                    "type": "tuple",
                    "values": [
                        0.015728837937959955,
                        0.015799452348190045
                    ]
                },
                {
                    "type": "tuple",
                    "values": [
                        0.01678982919589424,
                        0.015571029178880001
                    ]
                },
                {
                    "type": "tuple",
                    "values": [
                        0.01581249457757,
                        0.01763026646837
                    ]
                },
                {
                    "type": "tuple",
                    "values": [
                        0.01876902019934,
                        0.0195254046830584
                    ]
                },
                {
                    "type": "tuple",
                    "values": [
                        0.005103726218150556,
                        0.010077853319423
                    ]
                },
                {
                    "type": "tuple",
                    "values": [
                        0.006429137899783749,
                        0.009902579069746231
                    ]
                },
                {
                    "type": "tuple",
                    "values": [
                        0.08165719033878,
                        0.021160224043546026
                    ]
                },
                {
                    "type": "tuple",
                    "values": [
                        0.06129431612151242,
                        0.021006992615392156
                    ]
                },
                {
                    "type": "tuple",
                    "values": [
                        0.0404421447447877,
                        0.03388372068373
                    ]
                },
                {
                    "type": "tuple",
                    "values": [
                        0.048355128560355856,
                        0.021622536441803487
                    ]
                }
            ]
        },
        "model": null,
        "log_evidence": -297.28786581967785,
        "values_at_sigma_3": {
            "type": "list",
            "values": [
                {
                    "type": "tuple",
                    "values": [
                        0.0013166675155422774,
                        0.003990425831625428
                    ]
                },
                {
                    "type": "tuple",
                    "values": [
                        -0.0017732388108162918,
                        0.002552029640568299
                    ]
                },
                {
                    "type": "tuple",
                    "values": [
                        0.03936439584686,
                        0.05861017552846502
                    ]
                },
                {
                    "type": "tuple",
                    "values": [
                        0.08482381833828795,
                        0.10214412754515
                    ]
                },
                {
                    "type": "tuple",
                    "values": [
                        -0.0022724159673297058,
                        0.00324095779916
                    ]
                },
                {
                    "type": "tuple",
                    "values": [
                        -0.0011864040834306394,
                        0.0035464219566076183
                    ]
                },
                {
                    "type": "tuple",
                    "values": [
                        -0.00535066760185,
                        0.00094505109675
                    ]
                },
                {
                    "type": "tuple",
                    "values": [
                        -0.00225800019004,
                        0.00428222590589
                    ]
                },
                {
                    "type": "tuple",
                    "values": [
                        0.06555352735259236,
                        0.07613991138313979
                    ]
                },
                {
                    "type": "tuple",
                    "values": [
                        0.15504362260088,
                        0.16564476187453
                    ]
                },
                {
                    "type": "tuple",
                    "values": [
                        -0.006421948939157639,
                        0.00272131441932
                    ]
                },
                {
                    "type": "tuple",
                    "values": [
                        -0.00326416410082,
                        0.003732440163246844
                    ]
                },
                {
                    "type": "tuple",
                    "values": [
                        -0.002329655775906467,
                        0.006257435054449869
                    ]
                },
                {
                    "type": "tuple",
                    "values": [
                        0.0033430508108530277,
                        0.01241631020578682
                    ]
                },
                {
                    "type": "tuple",
                    "values": [
                        0.08478542213795699,
                        0.09416827386587
                    ]
                },
                {
                    "type": "tuple",
                    "values": [
                        0.1880619396265619,
                        0.2007046370697032
                    ]
                },
                {
                    "type": "tuple",
                    "values": [
                        -0.004571089495285952,
                        0.012807334441088383
                    ]
                },
                {
                    "type": "tuple",
                    "values": [
                        -0.00553551432949,
                        0.011455589347509577
                    ]
                },
                {
                    "type": "tuple",
                    "values": [
                        -0.016736340262135684,
                        0.00603496238339
                    ]
                },
                {
                    "type": "tuple",
                    "values": [
                        -0.002823142261086748,
                        0.01756699162318316
                    ]
                },
                {
                    "type": "tuple",
                    "values": [
                        0.08178910324841,
                        0.09349621072334
                    ]
                },
                {
                    "type": "tuple",
                    "values": [
                        0.18910557191229574,
                        0.2005447935250482
                    ]
                },
                {
                    "type": "tuple",
                    "values": [
                        -0.01365615916434,
                        0.01787213112181
                    ]
                },
                {
                    "type": "tuple",
                    "values": [
                        -0.01881013120036424,
                        0.01355072717441
                    ]
                },
                {
                    "type": "tuple",
                    "values": [
                        -0.01680572073775,
                        0.01663704030819
                    ]
                },
                {
                    "type": "tuple",
                    "values": [
                        -0.01842572697335,
                        0.0198686979090484
                    ]
                },
                {
                    "type": "tuple",
                    "values": [
                        0.08461631114056645,
                        0.09979789067814
                    ]
                },
                {
                    "type": "tuple",
                    "values": [
                        0.20702891810914,
                        0.22336063507867
                    ]
                },
                {
                    "type": "tuple",
                    "values": [
                        -0.03161487991615,
                        0.07120253446617603
                    ]
                },
                {
                    "type": "tuple",
                    "values": [
                        -0.04721467358250458,
                        0.0350866351544
                    ]
                },
                {
                    "type": "tuple",
                    "values": [
                        -0.0685678322805677,
                        0.00575803314795
                    ]
                },
                {
                    "type": "tuple",
                    "values": [
                        -0.09705666349064,
                        -0.02707899848848066
                    ]
                }
            ]
        },
        "max_log_likelihood_sample": {
            "type": "instance",
            "class_path": "autofit.non_linear.samples.sample.Sample",
            "arguments": {
                "log_likelihood": -204.21411609597342,
                "log_prior": 0.0,
                "weight": 0.0010444331412670024,
                "kwargs": {
                    "type": "dict",
                    "arguments": {
                        "ellipses.ellipse_4.centre.centre_0": 0.00312741526738,
                        "ellipses.ellipse_4.centre.centre_1": 0.00052799794117,
                        "ellipses.ellipse_0.ell_comps.ell_comps_0": 0.04941151614307,
                        "ellipses.ellipse_0.ell_comps.ell_comps_1": 0.09408265302746,
                        "multipoles.0.multipole_3.multipole_comps.multipole_comps_0": 0.00014281831689,
                        "multipoles.0.multipole_3.multipole_comps.multipole_comps_1": 0.00055779920312,
                        "multipoles.0.multipole_4.multipole_comps.multipole_comps_0": -0.00161815022093,
                        "multipoles.0.multipole_4.multipole_comps.multipole_comps_1": 0.00137458003502,
                        "ellipses.ellipse_1.ell_comps.ell_comps_0": 0.0718228388256,
                        "ellipses.ellipse_1.ell_comps.ell_comps_1": 0.15961012876121,
                        "multipoles.1.multipole_3.multipole_comps.multipole_comps_0": -0.00142959523401,
                        "multipoles.1.multipole_3.multipole_comps.multipole_comps_1": 0.00035677547332,
                        "multipoles.1.multipole_4.multipole_comps.multipole_comps_0": 0.00081036224761,
                        "multipoles.1.multipole_4.multipole_comps.multipole_comps_1": 0.00752502269007,
                        "ellipses.ellipse_2.ell_comps.ell_comps_0": 0.09041960725915,
                        "ellipses.ellipse_2.ell_comps.ell_comps_1": 0.19523811534633,
                        "multipoles.2.multipole_3.multipole_comps.multipole_comps_0": 0.00347276425033,
                        "multipoles.2.multipole_3.multipole_comps.multipole_comps_1": 0.00127119429086,
                        "multipoles.2.multipole_4.multipole_comps.multipole_comps_0": -0.00379487898556,
                        "multipoles.2.multipole_4.multipole_comps.multipole_comps_1": 0.00429762850666,
                        "ellipses.ellipse_3.ell_comps.ell_comps_0": 0.08638667154144,
                        "ellipses.ellipse_3.ell_comps.ell_comps_1": 0.19469020227581,
                        "multipoles.3.multipole_3.multipole_comps.multipole_comps_0": 0.00129413007367,
                        "multipoles.3.multipole_3.multipole_comps.multipole_comps_1": -0.00317468362689,
                        "multipoles.3.multipole_4.multipole_comps.multipole_comps_0": -0.00709668090764,
                        "multipoles.3.multipole_4.multipole_comps.multipole_comps_1": 0.00366906869509,
                        "ellipses.ellipse_4.ell_comps.ell_comps_0": 0.08981127498905,
                        "ellipses.ellipse_4.ell_comps.ell_comps_1": 0.21410819331678,
                        "multipoles.4.multipole_3.multipole_comps.multipole_comps_0": 0.05467247061603,
                        "multipoles.4.multipole_3.multipole_comps.multipole_comps_1": 0.02330718601143,
                        "multipoles.4.multipole_4.multipole_comps.multipole_comps_0": -0.02081858830725,
                        "multipoles.4.multipole_4.multipole_comps.multipole_comps_1": -0.04609855609884
                    }
                }
            }
        }
    }
}