{
    "type": "instance",
    "class_path": "autofit.non_linear.samples.summary.SamplesSummary",
    "arguments": {
        "max_log_likelihood_sample": {
            "type": "instance",
            "class_path": "autofit.non_linear.samples.sample.Sample",
            "arguments": {
                "log_likelihood": -41.72313686725664,
                "log_prior": 0.0,
                "weight": 0.0010535916426503223,
                "kwargs": {
                    "type": "dict",
                    "arguments": {
                        "ellipses.0.ell_comps.ell_comps_0": 0.02364229693465,
                        "ellipses.0.ell_comps.ell_comps_1": 0.04344173519903,
                        "multipoles.0.multipole_1.multipole_comps.multipole_comps_0": -0.02885856931543,
                        "multipoles.0.multipole_1.multipole_comps.multipole_comps_1": 0.06943964705193,
                        "multipoles.0.multipole_3.multipole_comps.multipole_comps_0": -0.05456094554153,
                        "multipoles.0.multipole_3.multipole_comps.multipole_comps_1": -0.02934571455697,
                        "multipoles.0.multipole_4.multipole_comps.multipole_comps_0": 0.01729044541956,
                        "multipoles.0.multipole_4.multipole_comps.multipole_comps_1": -0.00635607070901
                    }
                }
            }
        },
        "model": null,
        "values_at_sigma_3": {
            "type": "list",
            "values": [
                {
                    "type": "tuple",
                    "values": [
                        0.0068304404954,
                        0.06321376009264369
                    ]
                },
                {
                    "type": "tuple",
                    "values": [
                        0.01290944479766,
                        0.07411586759517834
                    ]
                },
                {
                    "type": "tuple",
                    "values": [
                        -0.10589764187698204,
                        0.18882426734439
                    ]
                },
                {
                    "type": "tuple",
                    "values": [
                        -0.13299561305423,
                        0.12741143726748
                    ]
                },
                {
                    "type": "tuple",
                    "values": [
                        -0.09259123599021,
                        0.09754007086458148
                    ]
                },
                {
                    "type": "tuple",
                    "values": [
                        -0.08992951015231,
                        0.09734388255939
                    ]
                },
                {
                    "type": "tuple",
                    "values": [
                        -0.09879701686012,
                        0.0995244644238
                    ]
                },
                {
                    "type": "tuple",
                    "values": [
                        -0.07893318963318,
                        0.09567172711514385
                    ]
                }
            ]
        },
        "median_pdf_sample": {
            "type": "instance",
            "class_path": "autofit.non_linear.samples.sample.Sample",
            "arguments": {
                "log_likelihood": -41.72313686725664,
                "log_prior": 0.0,
                "weight": 0.0010535916426503223,
                "kwargs": {
                    "type": "dict",
                    "arguments": {
                        "ellipses.0.ell_comps.ell_comps_0": 0.02631514347154311,
                        "ellipses.0.ell_comps.ell_comps_1": 0.052012735077052265,
                        "multipoles.0.multipole_1.multipole_comps.multipole_comps_0": 0.04621993374587,
                        "multipoles.0.multipole_1.multipole_comps.multipole_comps_1": -0.007088246326442778,
                        "multipoles.0.multipole_3.multipole_comps.multipole_comps_0": 0.018377850430775146,
                        "multipoles.0.multipole_3.multipole_comps.multipole_comps_1": 0.02658666585687208,
                        "multipoles.0.multipole_4.multipole_comps.multipole_comps_0": -0.005671061795620209,
                        "multipoles.0.multipole_4.multipole_comps.multipole_comps_1": 0.025776116600263677
                    }
                }
            }
        },
        "values_at_sigma_1": {
            "type": "list",
            "values": [
                {
                    "type": "tuple",
                    "values": [
                        0.01867039520918752,
                        0.04361397468399
                    ]
                },
                {
                    "type": "tuple",
                    "values": [
                        0.04433020303839162,
                        0.05796444478746
                    ]
                },
                {
                    "type": "tuple",
                    "values": [
                        -0.018679767977373578,
                        0.10931150260704331
                    ]
                },
                {
                    "type": "tuple",
                    "values": [
                        -0.06677216442809,
                        0.06264082568776
                    ]
                },
                {
                    "type": "tuple",
                    "values": [
                        -0.03748060083266,
                        0.06132418353746
                    ]
                },
                {
                    "type": "tuple",
                    "values": [
                        -0.023985249795962605,
                        0.069703403427059
                    ]
                },
                {
                    "type": "tuple",
                    "values": [
                        -0.05644470220049,
                        0.03695627664937383
                    ]
                },
                {
                    "type": "tuple",
                    "values": [
                        -0.007405063215408542,
                        0.07301206034809
                    ]
                }
            ]
        },
        "errors_at_sigma_1": {
            "type": "list",
            "values": [
                {
                    "type": "tuple",
                    "values": [
                        0.0076447482623555885,
                        0.017298831212446894
                    ]
                },
                {
                    "type": "tuple",
                    "values": [
                        0.007682532038660643,
                        0.005951709710407732
                    ]
                },
                {
                    "type": "tuple",
                    "values": [
                        0.06489970172324358,
                        0.06309156886117331
                    ]
                },
                {
                    "type": "tuple",
                    "values": [
                        0.05968391810164723,
                        0.06972907201420278
                    ]
                },
                {
                    "type": "tuple",
                    "values": [
                        0.055858451263435145,
                        0.04294633310668485
                    ]
                },
                {
                    "type": "tuple",
                    "values": [
                        0.050571915652834684,
                        0.043116737570186914
                    ]
                },
                {
                    "type": "tuple",
                    "values": [
                        0.05077364040486979,
                        0.042627338444994035
                    ]
                },
                {
                    "type": "tuple",
                    "values": [
                        0.033181179815672215,
                        0.04723594374782633
                    ]
                }
            ]
        },
        "errors_at_sigma_3": {
            "type": "list",
            "values": [
                {
                    "type": "tuple",
                    "values": [
                        0.01948470297614311,
                        0.03689861662110058
                    ]
                },
                {
                    "type": "tuple",
                    "values": [
                        0.039103290279392265,
                        0.022103132518126074
                    ]
                },
                {
                    "type": "tuple",
                    "values": [
                        0.15211757562285205,
                        0.14260433359852
                    ]
                },
                {
                    "type": "tuple",
                    "values": [
                        0.1259073667277872,
                        0.13449968359392278
                    ]
                },
                {
                    "type": "tuple",
                    "values": [
                        0.11096908642098516,
                        0.07916222043380633
                    ]
                },
                {
                    "type": "tuple",
                    "values": [
                        0.11651617600918208,
                        0.07075721670251792
                    ]
                },
                {
                    "type": "tuple",
                    "values": [
                        0.09312595506449979,
                        0.10519552621942022
                    ]
                },
                {
                    "type": "tuple",
                    "values": [
                        0.10470930623344367,
                        0.06989561051488018
                    ]
                }
            ]
        },
        "log_evidence": -60.2330241826277
    }
}