{
    "type": "instance",
    "class_path": "autofit.non_linear.samples.summary.SamplesSummary",
    "arguments": {
        "log_evidence": -26.539915692147158,
        "max_log_likelihood_sample": {
            "type": "instance",
            "class_path": "autofit.non_linear.samples.sample.Sample",
            "arguments": {
                "log_likelihood": -13.244816030868146,
                "log_prior": 0.0,
                "weight": 0.0009673745856966169,
                "kwargs": {
                    "type": "dict",
                    "arguments": {
                        "ellipses.0.ell_comps.ell_comps_0": -0.2169589100608,
                        "ellipses.0.ell_comps.ell_comps_1": 0.07079428963372,
                        "multipoles.0.multipole_3.multipole_comps.multipole_comps_0": 0.01122440748657,
                        "multipoles.0.multipole_3.multipole_comps.multipole_comps_1": 0.06867841678933,
                        "multipoles.0.multipole_4.multipole_comps.multipole_comps_0": -0.05844609777777,
                        "multipoles.0.multipole_4.multipole_comps.multipole_comps_1": 0.07215661210192
                    }
                }
            }
        },
        "errors_at_sigma_3": {
            "type": "list",
            "values": [
                {
                    "type": "tuple",
                    "values": [
                        0.07087867467918216,
                        0.11713998389035786
                    ]
                },
                {
                    "type": "tuple",
                    "values": [
                        0.15148961524964133,
                        0.07500516011368595
                    ]
                },
                {
                    "type": "tuple",
                    "values": [
                        0.09608578167309702,
                        0.0935071934148174
                    ]
                },
                {
                    "type": "tuple",
                    "values": [
                        0.12895447688064,
                        0.06332971691722752
                    ]
                },
                {
                    "type": "tuple",
                    "values": [
                        0.06840113523154999,
                        0.12079298314612
                    ]
                },
                {
                    "type": "tuple",
                    "values": [
                        0.13133533662092717,
                        0.0652574851358386
                    ]
                }
            ]
        },
        "errors_at_sigma_1": {
            "type": "list",
            "values": [
                {
                    "type": "tuple",
                    "values": [
                        0.022769103630062126,
                        0.026326641037231924
                    ]
                },
                {
                    "type": "tuple",
                    "values": [
                        0.08656861749088204,
                        0.028966743051047517
                    ]
                },
                {
                    "type": "tuple",
                    "values": [
                        0.036128751275347024,
                        0.03897479517900904
                    ]
                },
                {
                    "type": "tuple",
                    "values": [
                        0.06433836373682754,
                        0.030740369367235072
                    ]
                },
                {
                    "type": "tuple",
                    "values": [
                        0.02877569367662446,
                        0.04776063255554
                    ]
                },
                {
                    "type": "tuple",
                    "values": [
                        0.07465229810943189,
                        0.04309709391245915
                    ]
                }
            ]
        },
        "median_pdf_sample": {
            "type": "instance",
            "class_path": "autofit.non_linear.samples.sample.Sample",
            "arguments": {
                "log_likelihood": -13.244816030868146,
                "log_prior": 0.0,
                "weight": 0.0009673745856966169,
                "kwargs": {
                    "type": "dict",
                    "arguments": {
                        "ellipses.0.ell_comps.ell_comps_0": -0.19819178071650786,
                        "ellipses.0.ell_comps.ell_comps_1": 0.05293800364119204,
                        "multipoles.0.multipole_3.multipole_comps.multipole_comps_0": 0.0007136740674070245,
                        "multipoles.0.multipole_3.multipole_comps.multipole_comps_1": 0.03478490968885,
                        "multipoles.0.multipole_4.multipole_comps.multipole_comps_0": -0.03077779317817,
                        "multipoles.0.multipole_4.multipole_comps.multipole_comps_1": 0.034200619976761895
                    }
                }
            }
        },
        "values_at_sigma_1": {
            "type": "list",
            "values": [
                {
                    "type": "tuple",
                    "values": [
                        -0.22096088434657,
                        -0.17186513967927594
                    ]
                },
                {
                    "type": "tuple",
                    "values": [
                        -0.03363061384969,
                        0.08190474669223956
                    ]
                },
                {
                    "type": "tuple",
                    "values": [
                        -0.03541507720794,
                        0.039688469246416065
                    ]
                },
                {
                    "type": "tuple",
                    "values": [
                        -0.029553454047977542,
                        0.06552527905608507
                    ]
                },
                {
                    "type": "tuple",
                    "values": [
                        -0.05955348685479446,
                        0.01698283937737
                    ]
                },
                {
                    "type": "tuple",
                    "values": [
                        -0.04045167813267,
                        0.07729771388922105
                    ]
                }
            ]
        },
        "values_at_sigma_3": {
            "type": "list",
            "values": [
                {
                    "type": "tuple",
                    "values": [
                        -0.26907045539569,
                        -0.08105179682615
                    ]
                },
                {
                    "type": "tuple",
                    "values": [
                        -0.0985516116084493,
                        0.127943163754878
                    ]
                },
                {
                    "type": "tuple",
                    "values": [
                        -0.09537210760569,
                        0.09422086748222443
                    ]
                },
                {
                    "type": "tuple",
                    "values": [
                        -0.09416956719179,
                        0.09811462660607752
                    ]
                },
                {
                    "type": "tuple",
                    "values": [
                        -0.09917892840972,
                        0.09001518996795
                    ]
                },
                {
                    "type": "tuple",
                    "values": [
                        -0.09713471664416529,
                        0.09945810511260049
                    ]
                }
            ]
        },
        "model": null
    }
}