{
    "type": "instance",
    "class_path": "autofit.non_linear.samples.summary.SamplesSummary",
    "arguments": {
        "median_pdf_sample": {
            "type": "instance",
            "class_path": "autofit.non_linear.samples.sample.Sample",
            "arguments": {
                "log_likelihood": 26743.79999992553,
                "log_prior": 3.2254967310023757,
                "weight": 3.893908444254694e-05,
                "kwargs": {
                    "type": "dict",
                    "arguments": {
                        "galaxies.lens.mass.ell_comps.ell_comps_0": -0.251825542346065,
                        "galaxies.lens.mass.ell_comps.ell_comps_1": -0.017145270234435437,
                        "galaxies.lens.multipole_4.einstein_radius": 1.0760915160309243,
                        "galaxies.lens.multipole_4.centre.centre_0": -0.060029606965594,
                        "galaxies.lens.multipole_4.centre.centre_1": -0.07022210284036214,
                        "galaxies.lens.multipole_3.multipole_comps.multipole_comps_0": 0.01904560246250496,
                        "galaxies.lens.multipole_3.multipole_comps.multipole_comps_1": 0.018635560231676097,
                        "galaxies.lens.multipole_4.multipole_comps.multipole_comps_0": 0.011316670840949337,
                        "galaxies.lens.multipole_4.multipole_comps.multipole_comps_1": -0.005066297762889446,
                        "galaxies.lens.multipole_4.slope": 2.1950951265110503,
                        "galaxies.lens.shear.gamma_1": -0.011553915736246052,
                        "galaxies.lens.shear.gamma_2": -0.002489656950010141
                    }
                }
            }
        },
        "errors_at_sigma_3": {
            "type": "list",
            "values": [
                {
                    "type": "tuple",
                    "values": [
                        0.05072279512652894,
                        0.1225904347954821
                    ]
                },
                {
                    "type": "tuple",
                    "values": [
                        0.041771010238667194,
                        0.062465377914032005
                    ]
                },
                {
                    "type": "tuple",
                    "values": [
                        0.0662050400968004,
                        0.03632130489495511
                    ]
                },
                {
                    "type": "tuple",
                    "values": [
                        0.009445439641493476,
                        0.0152059314074032
                    ]
                },
                {
                    "type": "tuple",
                    "values": [
                        0.011378194029894512,
                        0.019020626630082214
                    ]
                },
                {
                    "type": "tuple",
                    "values": [
                        0.011491993210182827,
                        0.009293260559674436
                    ]
                },
                {
                    "type": "tuple",
                    "values": [
                        0.010161807079556596,
                        0.016979238328101755
                    ]
                },
                {
                    "type": "tuple",
                    "values": [
                        0.009829302747113073,
                        0.008093649501063489
                    ]
                },
                {
                    "type": "tuple",
                    "values": [
                        0.00825593311276137,
                        0.010453368358171459
                    ]
                },
                {
                    "type": "tuple",
                    "values": [
                        0.035923804139927906,
                        0.0400430052936418
                    ]
                },
                {
                    "type": "tuple",
                    "values": [
                        0.01966573055795161,
                        0.030021150354236463
                    ]
                },
                {
                    "type": "tuple",
                    "values": [
                        0.020475281980779345,
                        0.043441182958499504
                    ]
                }
            ]
        },
        "values_at_sigma_3": {
            "type": "list",
            "values": [
                {
                    "type": "tuple",
                    "values": [
                        -0.30254833747259396,
                        -0.12923510755058293
                    ]
                },
                {
                    "type": "tuple",
                    "values": [
                        -0.058916280473102635,
                        0.04532010767959657
                    ]
                },
                {
                    "type": "tuple",
                    "values": [
                        1.009886475934124,
                        1.1124128209258795
                    ]
                },
                {
                    "type": "tuple",
                    "values": [
                        -0.06947504660708748,
                        -0.0448236755581908
                    ]
                },
                {
                    "type": "tuple",
                    "values": [
                        -0.08160029687025665,
                        -0.05120147621027992
                    ]
                },
                {
                    "type": "tuple",
                    "values": [
                        0.007553609252322133,
                        0.028338863022179396
                    ]
                },
                {
                    "type": "tuple",
                    "values": [
                        0.008473753152119502,
                        0.03561479855977785
                    ]
                },
                {
                    "type": "tuple",
                    "values": [
                        0.0014873680938362638,
                        0.019410320342012826
                    ]
                },
                {
                    "type": "tuple",
                    "values": [
                        -0.013322230875650817,
                        0.005387070595282014
                    ]
                },
                {
                    "type": "tuple",
                    "values": [
                        2.1591713223711224,
                        2.235138131804692
                    ]
                },
                {
                    "type": "tuple",
                    "values": [
                        -0.031219646294197663,
                        0.01846723461799041
                    ]
                },
                {
                    "type": "tuple",
                    "values": [
                        -0.022964938930789484,
                        0.040951526008489364
                    ]
                }
            ]
        },
        "log_evidence": 26696.57455954716,
        "model": null,
        "max_log_likelihood_sample": {
            "type": "instance",
            "class_path": "autofit.non_linear.samples.sample.Sample",
            "arguments": {
                "log_likelihood": 26743.79999992553,
                "log_prior": 3.2254967310023757,
                "weight": 3.893908444254694e-05,
                "kwargs": {
                    "type": "dict",
                    "arguments": {
                        "galaxies.lens.mass.ell_comps.ell_comps_0": -0.2540385993888001,
                        "galaxies.lens.mass.ell_comps.ell_comps_1": -0.028093303293112992,
                        "galaxies.lens.multipole_4.einstein_radius": 1.0799180733838079,
                        "galaxies.lens.multipole_4.centre.centre_0": -0.05836201994254313,
                        "galaxies.lens.multipole_4.centre.centre_1": -0.0685618817667304,
                        "galaxies.lens.multipole_3.multipole_comps.multipole_comps_0": 0.0179827415451,
                        "galaxies.lens.multipole_3.multipole_comps.multipole_comps_1": 0.01784942396727,
                        "galaxies.lens.multipole_4.multipole_comps.multipole_comps_0": 0.01135430764037,
                        "galaxies.lens.multipole_4.multipole_comps.multipole_comps_1": -0.0034039374901,
                        "galaxies.lens.multipole_4.slope": 2.19520754090964,
                        "galaxies.lens.shear.gamma_1": -0.01695881768995,
                        "galaxies.lens.shear.gamma_2": -0.00482224637248
                    }
                }
            }
        },
        "values_at_sigma_1": {
            "type": "list",
            "values": [
                {
                    "type": "tuple",
                    "values": [
                        -0.2699433696361602,
                        -0.23127862712071748
                    ]
                },
                {
                    "type": "tuple",
                    "values": [
                        -0.03267252782970552,
                        0.0005656111656608476
                    ]
                },
                {
                    "type": "tuple",
                    "values": [
                        1.062269485285155,
                        1.0886514348386322
                    ]
                },
                {
                    "type": "tuple",
                    "values": [
                        -0.06341234254993314,
                        -0.056003551376130445
                    ]
                },
                {
                    "type": "tuple",
                    "values": [
                        -0.07443652575436749,
                        -0.06583232679404086
                    ]
                },
                {
                    "type": "tuple",
                    "values": [
                        0.01542822990180689,
                        0.02246946538628962
                    ]
                },
                {
                    "type": "tuple",
                    "values": [
                        0.015193528720878974,
                        0.022672982157159575
                    ]
                },
                {
                    "type": "tuple",
                    "values": [
                        0.008111891338741857,
                        0.014138098112310343
                    ]
                },
                {
                    "type": "tuple",
                    "values": [
                        -0.007924009337456378,
                        -0.0020478828213224905
                    ]
                },
                {
                    "type": "tuple",
                    "values": [
                        2.1856374385096964,
                        2.203871805778041
                    ]
                },
                {
                    "type": "tuple",
                    "values": [
                        -0.01878647568764508,
                        -0.0030995395830235484
                    ]
                },
                {
                    "type": "tuple",
                    "values": [
                        -0.00985982842407763,
                        0.005873776999548925
                    ]
                }
            ]
        },
        "errors_at_sigma_1": {
            "type": "list",
            "values": [
                {
                    "type": "tuple",
                    "values": [
                        0.0181178272900952,
                        0.020546915225347545
                    ]
                },
                {
                    "type": "tuple",
                    "values": [
                        0.015527257595270082,
                        0.017710881400096284
                    ]
                },
                {
                    "type": "tuple",
                    "values": [
                        0.013822030745769265,
                        0.012559918807707904
                    ]
                },
                {
                    "type": "tuple",
                    "values": [
                        0.0033827355843391374,
                        0.004026055589463555
                    ]
                },
                {
                    "type": "tuple",
                    "values": [
                        0.004214422914005353,
                        0.004389776046321278
                    ]
                },
                {
                    "type": "tuple",
                    "values": [
                        0.00361737256069807,
                        0.0034238629237846596
                    ]
                },
                {
                    "type": "tuple",
                    "values": [
                        0.0034420315107971233,
                        0.004037421925483477
                    ]
                },
                {
                    "type": "tuple",
                    "values": [
                        0.00320477950220748,
                        0.002821427271361006
                    ]
                },
                {
                    "type": "tuple",
                    "values": [
                        0.002857711574566932,
                        0.0030184149415669556
                    ]
                },
                {
                    "type": "tuple",
                    "values": [
                        0.009457688001353937,
                        0.008776679266990772
                    ]
                },
                {
                    "type": "tuple",
                    "values": [
                        0.0072325599513990285,
                        0.008454376153222504
                    ]
                },
                {
                    "type": "tuple",
                    "values": [
                        0.007370171474067488,
                        0.008363433949559067
                    ]
                }
            ]
        }
    }
}