{
    "type": "instance",
    "class_path": "autofit.non_linear.samples.summary.SamplesSummary",
    "arguments": {
        "values_at_sigma_1": {
            "type": "list",
            "values": [
                {
                    "type": "tuple",
                    "values": [
                        -0.10450402991399287,
                        -0.09728224037425423
                    ]
                },
                {
                    "type": "tuple",
                    "values": [
                        0.09736715091691,
                        0.10437023354452
                    ]
                },
                {
                    "type": "tuple",
                    "values": [
                        -0.00716108848621,
                        -0.0009482172077428356
                    ]
                },
                {
                    "type": "tuple",
                    "values": [
                        0.00055609770909,
                        0.0065055535967
                    ]
                },
                {
                    "type": "tuple",
                    "values": [
                        -0.010405371375587929,
                        -0.00267628627167
                    ]
                },
                {
                    "type": "tuple",
                    "values": [
                        0.0026393161331746055,
                        0.010933983253277872
                    ]
                }
            ]
        },
        "median_pdf_sample": {
            "type": "instance",
            "class_path": "autofit.non_linear.samples.sample.Sample",
            "arguments": {
                "log_likelihood": -15.50272372288154,
                "log_prior": 0.0,
                "weight": 0.0009590544411602007,
                "kwargs": {
                    "type": "dict",
                    "arguments": {
                        "ellipses.0.ell_comps.ell_comps_0": -0.10097224018058,
                        "ellipses.0.ell_comps.ell_comps_1": 0.10147808161260942,
                        "multipoles.0.multipole_3.multipole_comps.multipole_comps_0": -0.0036905106940579332,
                        "multipoles.0.multipole_3.multipole_comps.multipole_comps_1": 0.0034124740123781154,
                        "multipoles.0.multipole_4.multipole_comps.multipole_comps_0": -0.00682352933486755,
                        "multipoles.0.multipole_4.multipole_comps.multipole_comps_1": 0.0069857046719
                    }
                }
            }
        },
        "max_log_likelihood_sample": {
            "type": "instance",
            "class_path": "autofit.non_linear.samples.sample.Sample",
            "arguments": {
                "log_likelihood": -15.50272372288154,
                "log_prior": 0.0,
                "weight": 0.0009590544411602007,
                "kwargs": {
                    "type": "dict",
                    "arguments": {
                        "ellipses.0.ell_comps.ell_comps_0": -0.10102002261634,
                        "ellipses.0.ell_comps.ell_comps_1": 0.1032694923676,
                        "multipoles.0.multipole_3.multipole_comps.multipole_comps_0": -0.00410756457023,
                        "multipoles.0.multipole_3.multipole_comps.multipole_comps_1": 0.00318581919464,
                        "multipoles.0.multipole_4.multipole_comps.multipole_comps_0": -0.00728594520411,
                        "multipoles.0.multipole_4.multipole_comps.multipole_comps_1": 0.00670885657771
                    }
                }
            }
        },
        "model": null,
        "errors_at_sigma_3": {
            "type": "list",
            "values": [
                {
                    "type": "tuple",
                    "values": [
                        0.009828040561660006,
                        0.010431670642093965
                    ]
                },
                {
                    "type": "tuple",
                    "values": [
                        0.011096227627319419,
                        0.008878401364063024
                    ]
                },
                {
                    "type": "tuple",
                    "values": [
                        0.009537014772362067,
                        0.00989210804701365
                    ]
                },
                {
                    "type": "tuple",
                    "values": [
                        0.008739715447137517,
                        0.009962597822131884
                    ]
                },
                {
                    "type": "tuple",
                    "values": [
                        0.011885211841878558,
                        0.014239333089356106
                    ]
                },
                {
                    "type": "tuple",
                    "values": [
                        0.01101296675779,
                        0.01300150531374665
                    ]
                }
            ]
        },
        "log_evidence": -37.165208692224894,
        "values_at_sigma_3": {
            "type": "list",
            "values": [
                {
                    "type": "tuple",
                    "values": [
                        -0.11080028074224,
                        -0.09054056953848603
                    ]
                },
                {
                    "type": "tuple",
                    "values": [
                        0.09038185398529,
                        0.11035648297667244
                    ]
                },
                {
                    "type": "tuple",
                    "values": [
                        -0.01322752546642,
                        0.006201597352955717
                    ]
                },
                {
                    "type": "tuple",
                    "values": [
                        -0.0053272414347594,
                        0.01337507183451
                    ]
                },
                {
                    "type": "tuple",
                    "values": [
                        -0.01870874117674611,
                        0.007415803754488555
                    ]
                },
                {
                    "type": "tuple",
                    "values": [
                        -0.00402726208589,
                        0.01998720998564665
                    ]
                }
            ]
        },
        "errors_at_sigma_1": {
            "type": "list",
            "values": [
                {
                    "type": "tuple",
                    "values": [
                        0.0035317897334128656,
                        0.0036899998063257694
                    ]
                },
                {
                    "type": "tuple",
                    "values": [
                        0.0041109306956994135,
                        0.002892151931910586
                    ]
                },
                {
                    "type": "tuple",
                    "values": [
                        0.0034705777921520665,
                        0.0027422934863150974
                    ]
                },
                {
                    "type": "tuple",
                    "values": [
                        0.0028563763032881154,
                        0.0030930795843218846
                    ]
                },
                {
                    "type": "tuple",
                    "values": [
                        0.0035818420407203785,
                        0.004147243063197551
                    ]
                },
                {
                    "type": "tuple",
                    "values": [
                        0.004346388538725394,
                        0.0039482785813778724
                    ]
                }
            ]
        }
    }
}