{
    "type": "instance",
    "class_path": "autofit.non_linear.samples.summary.SamplesSummary",
    "arguments": {
        "values_at_sigma_1": {
            "type": "list",
            "values": [
                {
                    "type": "tuple",
                    "values": [
                        -0.3048600955497656,
                        -0.3015188764256
                    ]
                },
                {
                    "type": "tuple",
                    "values": [
                        -0.07000335228758245,
                        -0.06675719334630721
                    ]
                },
                {
                    "type": "tuple",
                    "values": [
                        -0.003780870082626523,
                        -0.001320294157720387
                    ]
                },
                {
                    "type": "tuple",
                    "values": [
                        -0.0011376340531068642,
                        0.0014667808303781547
                    ]
                },
                {
                    "type": "tuple",
                    "values": [
                        -0.01127411672543,
                        -0.00803996458874006
                    ]
                },
                {
                    "type": "tuple",
                    "values": [
                        0.0025222157884307005,
                        0.0054525119028326526
                    ]
                }
            ]
        },
        "errors_at_sigma_1": {
            "type": "list",
            "values": [
                {
                    "type": "tuple",
                    "values": [
                        0.0018202943128174942,
                        0.0015209248113481344
                    ]
                },
                {
                    "type": "tuple",
                    "values": [
                        0.0017596223260287758,
                        0.0014865366152464615
                    ]
                },
                {
                    "type": "tuple",
                    "values": [
                        0.0012795104867843968,
                        0.001181065438121739
                    ]
                },
                {
                    "type": "tuple",
                    "values": [
                        0.001188094874928588,
                        0.001416320008556431
                    ]
                },
                {
                    "type": "tuple",
                    "values": [
                        0.0017131985115299998,
                        0.0015209536251599397
                    ]
                },
                {
                    "type": "tuple",
                    "values": [
                        0.0014410821390692993,
                        0.0014892139753326528
                    ]
                }
            ]
        },
        "median_pdf_sample": {
            "type": "instance",
            "class_path": "autofit.non_linear.samples.sample.Sample",
            "arguments": {
                "log_likelihood": -86.59126166267156,
                "log_prior": 0.0,
                "weight": 0.0010301927627423602,
                "kwargs": {
                    "type": "dict",
                    "arguments": {
                        "ellipses.0.ell_comps.ell_comps_0": -0.3030398012369481,
                        "ellipses.0.ell_comps.ell_comps_1": -0.06824372996155367,
                        "multipoles.0.multipole_3.multipole_comps.multipole_comps_0": -0.002501359595842126,
                        "multipoles.0.multipole_3.multipole_comps.multipole_comps_1": 5.0460821821723746e-05,
                        "multipoles.0.multipole_4.multipole_comps.multipole_comps_0": -0.0095609182139,
                        "multipoles.0.multipole_4.multipole_comps.multipole_comps_1": 0.0039632979275
                    }
                }
            }
        },
        "values_at_sigma_3": {
            "type": "list",
            "values": [
                {
                    "type": "tuple",
                    "values": [
                        -0.30841115320874324,
                        -0.2981415237000574
                    ]
                },
                {
                    "type": "tuple",
                    "values": [
                        -0.07276546792403,
                        -0.06309861323915573
                    ]
                },
                {
                    "type": "tuple",
                    "values": [
                        -0.00646129572751138,
                        0.0015729012682720665
                    ]
                },
                {
                    "type": "tuple",
                    "values": [
                        -0.00373151502483,
                        0.004076575427773409
                    ]
                },
                {
                    "type": "tuple",
                    "values": [
                        -0.01431240551507,
                        -0.004830888644402047
                    ]
                },
                {
                    "type": "tuple",
                    "values": [
                        -0.0006243894785630233,
                        0.008610230715990682
                    ]
                }
            ]
        },
        "errors_at_sigma_3": {
            "type": "list",
            "values": [
                {
                    "type": "tuple",
                    "values": [
                        0.005371351971795113,
                        0.004898277536890705
                    ]
                },
                {
                    "type": "tuple",
                    "values": [
                        0.004521737962476333,
                        0.005145116722397938
                    ]
                },
                {
                    "type": "tuple",
                    "values": [
                        0.003959936131669254,
                        0.004074260864114192
                    ]
                },
                {
                    "type": "tuple",
                    "values": [
                        0.003781975846651724,
                        0.0040261146059516854
                    ]
                },
                {
                    "type": "tuple",
                    "values": [
                        0.004751487301170001,
                        0.004730029569497953
                    ]
                },
                {
                    "type": "tuple",
                    "values": [
                        0.0045876874060630235,
                        0.004646932788490682
                    ]
                }
            ]
        },
        "model": null,
        "max_log_likelihood_sample": {
            "type": "instance",
            "class_path": "autofit.non_linear.samples.sample.Sample",
            "arguments": {
                "log_likelihood": -86.59126166267156,
                "log_prior": 0.0,
                "weight": 0.0010301927627423602,
                "kwargs": {
                    "type": "dict",
                    "arguments": {
                        "ellipses.0.ell_comps.ell_comps_0": -0.30287952458663,
                        "ellipses.0.ell_comps.ell_comps_1": -0.0680298538541,
                        "multipoles.0.multipole_3.multipole_comps.multipole_comps_0": -0.002171197561,
                        "multipoles.0.multipole_3.multipole_comps.multipole_comps_1": 0.00067280855265,
                        "multipoles.0.multipole_4.multipole_comps.multipole_comps_0": -0.00915853176174,
                        "multipoles.0.multipole_4.multipole_comps.multipole_comps_1": 0.00455196351235
                    }
                }
            }
        },
        "log_evidence": -113.63486784091711
    }
}