{
    "type": "instance",
    "class_path": "autofit.non_linear.samples.summary.SamplesSummary",
    "arguments": {
        "model": null,
        "max_log_likelihood_sample": {
            "type": "instance",
            "class_path": "autofit.non_linear.samples.sample.Sample",
            "arguments": {
                "log_likelihood": -126.41223536742476,
                "log_prior": 0.0,
                "weight": 0.0010783034738594804,
                "kwargs": {
                    "type": "dict",
                    "arguments": {
                        "ellipses.ellipse_4.centre.centre_0": 0.00633241536072,
                        "ellipses.ellipse_4.centre.centre_1": -0.00581068987527,
                        "ellipses.ellipse_0.ell_comps.ell_comps_0": -0.02816081851386,
                        "ellipses.ellipse_0.ell_comps.ell_comps_1": -0.04294943573396,
                        "multipoles.0.multipole_1.multipole_comps.multipole_comps_0": -0.00361138263421,
                        "multipoles.0.multipole_1.multipole_comps.multipole_comps_1": -0.01268807692524,
                        "multipoles.0.multipole_3.multipole_comps.multipole_comps_0": -0.00759120660344,
                        "multipoles.0.multipole_3.multipole_comps.multipole_comps_1": 0.00214095435063,
                        "multipoles.0.multipole_4.multipole_comps.multipole_comps_0": -0.00263608915547,
                        "multipoles.0.multipole_4.multipole_comps.multipole_comps_1": 0.00843869865691,
                        "ellipses.ellipse_1.ell_comps.ell_comps_0": -0.03367209877067,
                        "ellipses.ellipse_1.ell_comps.ell_comps_1": -0.01470888518343,
                        "multipoles.1.multipole_1.multipole_comps.multipole_comps_0": 0.01054682630082,
                        "multipoles.1.multipole_1.multipole_comps.multipole_comps_1": 0.0021937274997,
                        "multipoles.1.multipole_3.multipole_comps.multipole_comps_0": -0.0179700069433,
                        "multipoles.1.multipole_3.multipole_comps.multipole_comps_1": -0.00437719376895,
                        "multipoles.1.multipole_4.multipole_comps.multipole_comps_0": 0.01699691549705,
                        "multipoles.1.multipole_4.multipole_comps.multipole_comps_1": 0.00314780406523,
                        "ellipses.ellipse_2.ell_comps.ell_comps_0": -0.05969986687626,
                        "ellipses.ellipse_2.ell_comps.ell_comps_1": -0.02781937078443,
                        "multipoles.2.multipole_1.multipole_comps.multipole_comps_0": 0.03401872389059,
                        "multipoles.2.multipole_1.multipole_comps.multipole_comps_1": -0.01966625645011,
                        "multipoles.2.multipole_3.multipole_comps.multipole_comps_0": -0.02185377830379,
                        "multipoles.2.multipole_3.multipole_comps.multipole_comps_1": -0.02102231353167,
                        "multipoles.2.multipole_4.multipole_comps.multipole_comps_0": -0.01940369417089,
                        "multipoles.2.multipole_4.multipole_comps.multipole_comps_1": -0.02301507961808,
                        "ellipses.ellipse_3.ell_comps.ell_comps_0": -0.13084106387256,
                        "ellipses.ellipse_3.ell_comps.ell_comps_1": 0.0124631731438,
                        "multipoles.3.multipole_1.multipole_comps.multipole_comps_0": 0.00816596493431,
                        "multipoles.3.multipole_1.multipole_comps.multipole_comps_1": -0.06819487513246,
                        "multipoles.3.multipole_3.multipole_comps.multipole_comps_0": 0.01851456294972,
                        "multipoles.3.multipole_3.multipole_comps.multipole_comps_1": 0.036695238312,
                        "multipoles.3.multipole_4.multipole_comps.multipole_comps_0": -0.02183931609436,
                        "multipoles.3.multipole_4.multipole_comps.multipole_comps_1": -0.00124790032161,
                        "ellipses.ellipse_4.ell_comps.ell_comps_0": -0.22673471083568,
                        "ellipses.ellipse_4.ell_comps.ell_comps_1": -0.03124082697732,
                        "multipoles.4.multipole_1.multipole_comps.multipole_comps_0": -0.01151435847683,
                        "multipoles.4.multipole_1.multipole_comps.multipole_comps_1": -0.11372646848604,
                        "multipoles.4.multipole_3.multipole_comps.multipole_comps_0": 0.01761959080165,
                        "multipoles.4.multipole_3.multipole_comps.multipole_comps_1": -0.02221492917505,
                        "multipoles.4.multipole_4.multipole_comps.multipole_comps_0": -0.01234220423389,
                        "multipoles.4.multipole_4.multipole_comps.multipole_comps_1": 0.05167459779838
                    }
                }
            }
        },
        "log_evidence": -191.65712799633891,
        "values_at_sigma_3": {
            "type": "list",
            "values": [
                {
                    "type": "tuple",
                    "values": [
                        0.001181132967461329,
                        0.01017028169612
                    ]
                },
                {
                    "type": "tuple",
                    "values": [
                        -0.009873573899768583,
                        0.005589530865854536
                    ]
                },
                {
                    "type": "tuple",
                    "values": [
                        -0.05538256884040684,
                        -0.014410113021706408
                    ]
                },
                {
                    "type": "tuple",
                    "values": [
                        -0.0537556008003,
                        -0.01607203160607
                    ]
                },
                {
                    "type": "tuple",
                    "values": [
                        -0.00893072127388813,
                        0.00679031966108705
                    ]
                },
                {
                    "type": "tuple",
                    "values": [
                        -0.01608886346361,
                        -0.004537942135067334
                    ]
                },
                {
                    "type": "tuple",
                    "values": [
                        -0.015598023937573622,
                        -0.003654550422635179
                    ]
                },
                {
                    "type": "tuple",
                    "values": [
                        -0.008540858929679108,
                        0.006679789867686739
                    ]
                },
                {
                    "type": "tuple",
                    "values": [
                        -0.011299049465558271,
                        -0.0005047253270084964
                    ]
                },
                {
                    "type": "tuple",
                    "values": [
                        0.0006789770759291736,
                        0.013947056137783197
                    ]
                },
                {
                    "type": "tuple",
                    "values": [
                        -0.05743190366127,
                        -0.01346182149239
                    ]
                },
                {
                    "type": "tuple",
                    "values": [
                        -0.02056892871065585,
                        -0.0021693190283487936
                    ]
                },
                {
                    "type": "tuple",
                    "values": [
                        -0.0029846484534,
                        0.015108424515257797
                    ]
                },
                {
                    "type": "tuple",
                    "values": [
                        -0.009315961881070143,
                        0.02170326727498
                    ]
                },
                {
                    "type": "tuple",
                    "values": [
                        -0.029234513025812252,
                        0.01199831434659
                    ]
                },
                {
                    "type": "tuple",
                    "values": [
                        -0.016508957951612304,
                        0.01074231103456
                    ]
                },
                {
                    "type": "tuple",
                    "values": [
                        0.0123274907593416,
                        0.04150311474471
                    ]
                },
                {
                    "type": "tuple",
                    "values": [
                        -0.005030907769096113,
                        0.024594015388383413
                    ]
                },
                {
                    "type": "tuple",
                    "values": [
                        -0.07776844447007025,
                        -0.02880792413471
                    ]
                },
                {
                    "type": "tuple",
                    "values": [
                        -0.034155204416745626,
                        -0.009158734283104089
                    ]
                },
                {
                    "type": "tuple",
                    "values": [
                        0.00483155098679,
                        0.0512243096847516
                    ]
                },
                {
                    "type": "tuple",
                    "values": [
                        -0.03573285714911854,
                        0.006216811677618849
                    ]
                },
                {
                    "type": "tuple",
                    "values": [
                        -0.04041594105175674,
                        -0.00621527629555
                    ]
                },
                {
                    "type": "tuple",
                    "values": [
                        -0.03456339592985625,
                        0.013421141971095578
                    ]
                },
                {
                    "type": "tuple",
                    "values": [
                        -0.019836199479654683,
                        0.01852447446447799
                    ]
                },
                {
                    "type": "tuple",
                    "values": [
                        -0.035900251080835714,
                        0.00058633383751
                    ]
                },
                {
                    "type": "tuple",
                    "values": [
                        -0.16470683229103983,
                        -0.07750199534643253
                    ]
                },
                {
                    "type": "tuple",
                    "values": [
                        -0.01006858584343,
                        0.03592127825690062
                    ]
                },
                {
                    "type": "tuple",
                    "values": [
                        -0.08011144573568,
                        0.022597038336400577
                    ]
                },
                {
                    "type": "tuple",
                    "values": [
                        -0.1170342576577097,
                        -0.03740033005704
                    ]
                },
                {
                    "type": "tuple",
                    "values": [
                        -0.014308352771850408,
                        0.04579319163244598
                    ]
                },
                {
                    "type": "tuple",
                    "values": [
                        -0.0010777546891450054,
                        0.08362953688868625
                    ]
                },
                {
                    "type": "tuple",
                    "values": [
                        -0.04613884973119259,
                        0.0046472505149
                    ]
                },
                {
                    "type": "tuple",
                    "values": [
                        -0.02329526571463,
                        0.014504711728706732
                    ]
                },
                {
                    "type": "tuple",
                    "values": [
                        -0.23141878106592895,
                        -0.12826474236446891
                    ]
                },
                {
                    "type": "tuple",
                    "values": [
                        -0.08547969654426,
                        -0.00930507689359
                    ]
                },
                {
                    "type": "tuple",
                    "values": [
                        -0.03772808615707147,
                        0.05886633616604791
                    ]
                },
                {
                    "type": "tuple",
                    "values": [
                        -0.12455465696667,
                        -0.02309098226355
                    ]
                },
                {
                    "type": "tuple",
                    "values": [
                        0.012901592575249463,
                        0.04179651218614
                    ]
                },
                {
                    "type": "tuple",
                    "values": [
                        -0.04755696378935734,
                        -0.010204729449246705
                    ]
                },
                {
                    "type": "tuple",
                    "values": [
                        -0.08645721135069,
                        -0.007692531669863922
                    ]
                },
                {
                    "type": "tuple",
                    "values": [
                        -0.00518402918878,
                        0.06074916579444678
                    ]
                }
            ]
        },
        "errors_at_sigma_1": {
            "type": "list",
            "values": [
                {
                    "type": "tuple",
                    "values": [
                        0.0014393694730368885,
                        0.0014395073433599997
                    ]
                },
                {
                    "type": "tuple",
                    "values": [
                        0.0022703569931346004,
                        0.002340311398712186
                    ]
                },
                {
                    "type": "tuple",
                    "values": [
                        0.005864306997946413,
                        0.007313437540893589
                    ]
                },
                {
                    "type": "tuple",
                    "values": [
                        0.004185667894025816,
                        0.005148573538115805
                    ]
                },
                {
                    "type": "tuple",
                    "values": [
                        0.0024245881860086352,
                        0.002752439999455626
                    ]
                },
                {
                    "type": "tuple",
                    "values": [
                        0.0018596658091229214,
                        0.0017279307576303585
                    ]
                },
                {
                    "type": "tuple",
                    "values": [
                        0.0021222699578700016,
                        0.0021239789173799987
                    ]
                },
                {
                    "type": "tuple",
                    "values": [
                        0.001871181791489983,
                        0.002248125756302638
                    ]
                },
                {
                    "type": "tuple",
                    "values": [
                        0.0017722831289341528,
                        0.0017738120462099998
                    ]
                },
                {
                    "type": "tuple",
                    "values": [
                        0.0016575691953162278,
                        0.0017101915860526585
                    ]
                },
                {
                    "type": "tuple",
                    "values": [
                        0.006837627671858332,
                        0.0064917058468800005
                    ]
                },
                {
                    "type": "tuple",
                    "values": [
                        0.003103151026693009,
                        0.0025375728795236467
                    ]
                },
                {
                    "type": "tuple",
                    "values": [
                        0.002534978377038256,
                        0.0023295131527449
                    ]
                },
                {
                    "type": "tuple",
                    "values": [
                        0.004079428918747973,
                        0.004582882968590848
                    ]
                },
                {
                    "type": "tuple",
                    "values": [
                        0.0051289766758,
                        0.005760834354362782
                    ]
                },
                {
                    "type": "tuple",
                    "values": [
                        0.0033175123032084617,
                        0.003961546370011538
                    ]
                },
                {
                    "type": "tuple",
                    "values": [
                        0.003574083059470993,
                        0.007580526328184001
                    ]
                },
                {
                    "type": "tuple",
                    "values": [
                        0.00430659655226233,
                        0.004122747866191261
                    ]
                },
                {
                    "type": "tuple",
                    "values": [
                        0.005600538602052528,
                        0.005143222554830004
                    ]
                },
                {
                    "type": "tuple",
                    "values": [
                        0.0022507037758591544,
                        0.00345494329591
                    ]
                },
                {
                    "type": "tuple",
                    "values": [
                        0.00709619444909251,
                        0.007016228777517182
                    ]
                },
                {
                    "type": "tuple",
                    "values": [
                        0.006512415408881294,
                        0.0062651276450941835
                    ]
                },
                {
                    "type": "tuple",
                    "values": [
                        0.004793644342398297,
                        0.004566106475570417
                    ]
                },
                {
                    "type": "tuple",
                    "values": [
                        0.0071915638918600006,
                        0.006604708858309301
                    ]
                },
                {
                    "type": "tuple",
                    "values": [
                        0.004580551568544231,
                        0.0061728506366246876
                    ]
                },
                {
                    "type": "tuple",
                    "values": [
                        0.004402339043968501,
                        0.004833108224442318
                    ]
                },
                {
                    "type": "tuple",
                    "values": [
                        0.005235746403485786,
                        0.003227500605859107
                    ]
                },
                {
                    "type": "tuple",
                    "values": [
                        0.003282690860778481,
                        0.004678145679852993
                    ]
                },
                {
                    "type": "tuple",
                    "values": [
                        0.020912485903498257,
                        0.012931804486925672
                    ]
                },
                {
                    "type": "tuple",
                    "values": [
                        0.009080823677161398,
                        0.008534905194568593
                    ]
                },
                {
                    "type": "tuple",
                    "values": [
                        0.006271394317828959,
                        0.006272550470422956
                    ]
                },
                {
                    "type": "tuple",
                    "values": [
                        0.007545417428019521,
                        0.012340823465322372
                    ]
                },
                {
                    "type": "tuple",
                    "values": [
                        0.005944541588349492,
                        0.007013007748954182
                    ]
                },
                {
                    "type": "tuple",
                    "values": [
                        0.004072910285473169,
                        0.004447660363456678
                    ]
                },
                {
                    "type": "tuple",
                    "values": [
                        0.0017697056216119944,
                        0.0020089487786900118
                    ]
                },
                {
                    "type": "tuple",
                    "values": [
                        0.0032340723944900424,
                        0.0032966992150723143
                    ]
                },
                {
                    "type": "tuple",
                    "values": [
                        0.010401457505007917,
                        0.012074629932366639
                    ]
                },
                {
                    "type": "tuple",
                    "values": [
                        0.00618924210124,
                        0.011284901962577365
                    ]
                },
                {
                    "type": "tuple",
                    "values": [
                        0.0029651836552061703,
                        0.00417297523712383
                    ]
                },
                {
                    "type": "tuple",
                    "values": [
                        0.006056042307027741,
                        0.006999509874690002
                    ]
                },
                {
                    "type": "tuple",
                    "values": [
                        0.01237390910588965,
                        0.006461715278038353
                    ]
                },
                {
                    "type": "tuple",
                    "values": [
                        0.009329758771952738,
                        0.0066482620869474235
                    ]
                }
            ]
        },
        "values_at_sigma_1": {
            "type": "list",
            "values": [
                {
                    "type": "tuple",
                    "values": [
                        0.0040794059349731114,
                        0.00695828275137
                    ]
                },
                {
                    "type": "tuple",
                    "values": [
                        -0.004214811346978472,
                        0.00039585704486831485
                    ]
                },
                {
                    "type": "tuple",
                    "values": [
                        -0.04193611396728,
                        -0.02875836942844
                    ]
                },
                {
                    "type": "tuple",
                    "values": [
                        -0.04665163490143,
                        -0.037317393469288376
                    ]
                },
                {
                    "type": "tuple",
                    "values": [
                        -0.0032674561166742616,
                        0.00190957206879
                    ]
                },
                {
                    "type": "tuple",
                    "values": [
                        -0.01234194262529,
                        -0.00875434605853672
                    ]
                },
                {
                    "type": "tuple",
                    "values": [
                        -0.01228877240712,
                        -0.00804252353187
                    ]
                },
                {
                    "type": "tuple",
                    "values": [
                        -0.004556426127422621,
                        -0.00043711857963
                    ]
                },
                {
                    "type": "tuple",
                    "values": [
                        -0.007880229391804152,
                        -0.00433413421666
                    ]
                },
                {
                    "type": "tuple",
                    "values": [
                        0.005915234626021114,
                        0.00928299540739
                    ]
                },
                {
                    "type": "tuple",
                    "values": [
                        -0.03500081228246833,
                        -0.02167147876373
                    ]
                },
                {
                    "type": "tuple",
                    "values": [
                        -0.012757078022886656,
                        -0.00711635411667
                    ]
                },
                {
                    "type": "tuple",
                    "values": [
                        0.006052533028302391,
                        0.010917024558085547
                    ]
                },
                {
                    "type": "tuple",
                    "values": [
                        -0.0007107716244567512,
                        0.00795154026288207
                    ]
                },
                {
                    "type": "tuple",
                    "values": [
                        -0.02095494416196,
                        -0.01006513313179722
                    ]
                },
                {
                    "type": "tuple",
                    "values": [
                        -0.01021208080837,
                        -0.00293302213515
                    ]
                },
                {
                    "type": "tuple",
                    "values": [
                        0.017488607856081088,
                        0.028643217243736082
                    ]
                },
                {
                    "type": "tuple",
                    "values": [
                        0.001100088923693606,
                        0.009529433342147196
                    ]
                },
                {
                    "type": "tuple",
                    "values": [
                        -0.06435156763709253,
                        -0.05360780648021
                    ]
                },
                {
                    "type": "tuple",
                    "values": [
                        -0.029725613471089155,
                        -0.02401996639932
                    ]
                },
                {
                    "type": "tuple",
                    "values": [
                        0.02424306687952611,
                        0.0383554901061358
                    ]
                },
                {
                    "type": "tuple",
                    "values": [
                        -0.023833389159637855,
                        -0.011055846105662378
                    ]
                },
                {
                    "type": "tuple",
                    "values": [
                        -0.02851455539137,
                        -0.019154804573401286
                    ]
                },
                {
                    "type": "tuple",
                    "values": [
                        -0.02297112351754,
                        -0.009174850767370698
                    ]
                },
                {
                    "type": "tuple",
                    "values": [
                        -0.009604028548503011,
                        0.001149373656665908
                    ]
                },
                {
                    "type": "tuple",
                    "values": [
                        -0.02543205124389,
                        -0.01619660397547918
                    ]
                },
                {
                    "type": "tuple",
                    "values": [
                        -0.1361204708729858,
                        -0.1276572238636409
                    ]
                },
                {
                    "type": "tuple",
                    "values": [
                        0.008277264382777596,
                        0.01623810092340907
                    ]
                },
                {
                    "type": "tuple",
                    "values": [
                        -0.030308053551910807,
                        0.003536236838513122
                    ]
                },
                {
                    "type": "tuple",
                    "values": [
                        -0.08849580030804,
                        -0.07088007143631
                    ]
                },
                {
                    "type": "tuple",
                    "values": [
                        0.011720344427421042,
                        0.024264289215672957
                    ]
                },
                {
                    "type": "tuple",
                    "values": [
                        0.03386772024008048,
                        0.05375396113342237
                    ]
                },
                {
                    "type": "tuple",
                    "values": [
                        -0.02839243108698,
                        -0.015434881749676325
                    ]
                },
                {
                    "type": "tuple",
                    "values": [
                        -0.0083153296439,
                        0.00020524100502984684
                    ]
                },
                {
                    "type": "tuple",
                    "values": [
                        -0.227832244879072,
                        -0.22405359047877
                    ]
                },
                {
                    "type": "tuple",
                    "values": [
                        -0.03804387572116236,
                        -0.0315131041116
                    ]
                },
                {
                    "type": "tuple",
                    "values": [
                        -0.01601797485832,
                        0.006458112579054556
                    ]
                },
                {
                    "type": "tuple",
                    "values": [
                        -0.11236116024534,
                        -0.09488701618152263
                    ]
                },
                {
                    "type": "tuple",
                    "values": [
                        0.01878141306214,
                        0.02591957195447
                    ]
                },
                {
                    "type": "tuple",
                    "values": [
                        -0.037702699206217744,
                        -0.0246471470245
                    ]
                },
                {
                    "type": "tuple",
                    "values": [
                        -0.036064591609418,
                        -0.01722896722549
                    ]
                },
                {
                    "type": "tuple",
                    "values": [
                        0.031454450187049836,
                        0.04743247104595
                    ]
                }
            ]
        },
        "errors_at_sigma_3": {
            "type": "list",
            "values": [
                {
                    "type": "tuple",
                    "values": [
                        0.004337642440548671,
                        0.00465150628811
                    ]
                },
                {
                    "type": "tuple",
                    "values": [
                        0.007929119545924712,
                        0.007533985219698407
                    ]
                },
                {
                    "type": "tuple",
                    "values": [
                        0.01931076187107325,
                        0.02166169394762718
                    ]
                },
                {
                    "type": "tuple",
                    "values": [
                        0.011289633792895819,
                        0.02639393540133418
                    ]
                },
                {
                    "type": "tuple",
                    "values": [
                        0.008087853343222503,
                        0.007633187591752676
                    ]
                },
                {
                    "type": "tuple",
                    "values": [
                        0.005606586647442921,
                        0.005944334681099745
                    ]
                },
                {
                    "type": "tuple",
                    "values": [
                        0.005431521488323623,
                        0.00651195202661482
                    ]
                },
                {
                    "type": "tuple",
                    "values": [
                        0.005855614593746471,
                        0.009365034203619376
                    ]
                },
                {
                    "type": "tuple",
                    "values": [
                        0.005191103202688271,
                        0.005603220935861504
                    ]
                },
                {
                    "type": "tuple",
                    "values": [
                        0.006893826745408169,
                        0.006374252316445855
                    ]
                },
                {
                    "type": "tuple",
                    "values": [
                        0.029268719050660003,
                        0.01470136311822
                    ]
                },
                {
                    "type": "tuple",
                    "values": [
                        0.010915001714462204,
                        0.007484607967844854
                    ]
                },
                {
                    "type": "tuple",
                    "values": [
                        0.011572159858740647,
                        0.00652091310991715
                    ]
                },
                {
                    "type": "tuple",
                    "values": [
                        0.012684619175361365,
                        0.01833460998068878
                    ]
                },
                {
                    "type": "tuple",
                    "values": [
                        0.01340854553965225,
                        0.02782428183275
                    ]
                },
                {
                    "type": "tuple",
                    "values": [
                        0.009614389446450766,
                        0.01763687953972154
                    ]
                },
                {
                    "type": "tuple",
                    "values": [
                        0.00873520015621048,
                        0.020440423829157922
                    ]
                },
                {
                    "type": "tuple",
                    "values": [
                        0.010437593245052048,
                        0.019187329912427477
                    ]
                },
                {
                    "type": "tuple",
                    "values": [
                        0.01901741543503025,
                        0.029943104900330003
                    ]
                },
                {
                    "type": "tuple",
                    "values": [
                        0.006680294721515625,
                        0.018316175412125914
                    ]
                },
                {
                    "type": "tuple",
                    "values": [
                        0.026507710341828618,
                        0.01988504835613298
                    ]
                },
                {
                    "type": "tuple",
                    "values": [
                        0.018411883398361976,
                        0.02353778542837541
                    ]
                },
                {
                    "type": "tuple",
                    "values": [
                        0.01669503000278504,
                        0.017505634753421703
                    ]
                },
                {
                    "type": "tuple",
                    "values": [
                        0.018783836304176252,
                        0.029200701596775576
                    ]
                },
                {
                    "type": "tuple",
                    "values": [
                        0.014812722499695903,
                        0.02354795144443677
                    ]
                },
                {
                    "type": "tuple",
                    "values": [
                        0.014870538880914216,
                        0.0216160460374315
                    ]
                },
                {
                    "type": "tuple",
                    "values": [
                        0.033822107821539826,
                        0.05338272912306748
                    ]
                },
                {
                    "type": "tuple",
                    "values": [
                        0.021628541086986076,
                        0.024361323013344545
                    ]
                },
                {
                    "type": "tuple",
                    "values": [
                        0.07071587808726745,
                        0.03199260598481313
                    ]
                },
                {
                    "type": "tuple",
                    "values": [
                        0.0376192810268311,
                        0.0420146465738386
                    ]
                },
                {
                    "type": "tuple",
                    "values": [
                        0.03230009151710041,
                        0.02780145288719598
                    ]
                },
                {
                    "type": "tuple",
                    "values": [
                        0.04249089235724501,
                        0.04221639922058625
                    ]
                },
                {
                    "type": "tuple",
                    "values": [
                        0.02369096023256208,
                        0.027095140013530507
                    ]
                },
                {
                    "type": "tuple",
                    "values": [
                        0.01905284635620317,
                        0.018747131087133564
                    ]
                },
                {
                    "type": "tuple",
                    "values": [
                        0.005356241808468942,
                        0.09779779689299109
                    ]
                },
                {
                    "type": "tuple",
                    "values": [
                        0.05066989321758769,
                        0.025504726433082315
                    ]
                },
                {
                    "type": "tuple",
                    "values": [
                        0.032111568803759385,
                        0.06448285351935999
                    ]
                },
                {
                    "type": "tuple",
                    "values": [
                        0.018382738822569994,
                        0.08308093588055
                    ]
                },
                {
                    "type": "tuple",
                    "values": [
                        0.008845004142096706,
                        0.02004991546879383
                    ]
                },
                {
                    "type": "tuple",
                    "values": [
                        0.015910306890167335,
                        0.021441927449943297
                    ]
                },
                {
                    "type": "tuple",
                    "values": [
                        0.06276652884716165,
                        0.015998150833664432
                    ]
                },
                {
                    "type": "tuple",
                    "values": [
                        0.04596823814778257,
                        0.019964956835444206
                    ]
                }
            ]
        },
        "median_pdf_sample": {
            "type": "instance",
            "class_path": "autofit.non_linear.samples.sample.Sample",
            "arguments": {
                "log_likelihood": -126.41223536742476,
                "log_prior": 0.0,
                "weight": 0.0010783034738594804,
                "kwargs": {
                    "type": "dict",
                    "arguments": {
                        "ellipses.ellipse_4.centre.centre_0": 0.00551877540801,
                        "ellipses.ellipse_4.centre.centre_1": -0.0019444543538438713,
                        "ellipses.ellipse_0.ell_comps.ell_comps_0": -0.03607180696933359,
                        "ellipses.ellipse_0.ell_comps.ell_comps_1": -0.04246596700740418,
                        "multipoles.0.multipole_1.multipole_comps.multipole_comps_0": -0.0008428679306656262,
                        "multipoles.0.multipole_1.multipole_comps.multipole_comps_1": -0.010482276816167079,
                        "multipoles.0.multipole_3.multipole_comps.multipole_comps_0": -0.01016650244925,
                        "multipoles.0.multipole_3.multipole_comps.multipole_comps_1": -0.002685244335932638,
                        "multipoles.0.multipole_4.multipole_comps.multipole_comps_0": -0.00610794626287,
                        "multipoles.0.multipole_4.multipole_comps.multipole_comps_1": 0.007572803821337342,
                        "ellipses.ellipse_1.ell_comps.ell_comps_0": -0.02816318461061,
                        "ellipses.ellipse_1.ell_comps.ell_comps_1": -0.009653926996193647,
                        "multipoles.1.multipole_1.multipole_comps.multipole_comps_0": 0.008587511405340647,
                        "multipoles.1.multipole_1.multipole_comps.multipole_comps_1": 0.0033686572942912218,
                        "multipoles.1.multipole_3.multipole_comps.multipole_comps_0": -0.01582596748616,
                        "multipoles.1.multipole_3.multipole_comps.multipole_comps_1": -0.006894568505161538,
                        "multipoles.1.multipole_4.multipole_comps.multipole_comps_0": 0.02106269091555208,
                        "multipoles.1.multipole_4.multipole_comps.multipole_comps_1": 0.005406685475955936,
                        "ellipses.ellipse_2.ell_comps.ell_comps_0": -0.05875102903504,
                        "ellipses.ellipse_2.ell_comps.ell_comps_1": -0.02747490969523,
                        "multipoles.2.multipole_1.multipole_comps.multipole_comps_0": 0.03133926132861862,
                        "multipoles.2.multipole_1.multipole_comps.multipole_comps_1": -0.01732097375075656,
                        "multipoles.2.multipole_3.multipole_comps.multipole_comps_0": -0.023720911048971702,
                        "multipoles.2.multipole_3.multipole_comps.multipole_comps_1": -0.01577955962568,
                        "multipoles.2.multipole_4.multipole_comps.multipole_comps_0": -0.00502347697995878,
                        "multipoles.2.multipole_4.multipole_comps.multipole_comps_1": -0.0210297121999215,
                        "ellipses.ellipse_3.ell_comps.ell_comps_0": -0.1308847244695,
                        "ellipses.ellipse_3.ell_comps.ell_comps_1": 0.011559955243556077,
                        "multipoles.3.multipole_1.multipole_comps.multipole_comps_0": -0.00939556764841255,
                        "multipoles.3.multipole_1.multipole_comps.multipole_comps_1": -0.0794149766308786,
                        "multipoles.3.multipole_3.multipole_comps.multipole_comps_0": 0.01799173874525,
                        "multipoles.3.multipole_3.multipole_comps.multipole_comps_1": 0.0414131376681,
                        "multipoles.3.multipole_4.multipole_comps.multipole_comps_0": -0.022447889498630507,
                        "multipoles.3.multipole_4.multipole_comps.multipole_comps_1": -0.0042424193584268315,
                        "ellipses.ellipse_4.ell_comps.ell_comps_0": -0.22606253925746,
                        "ellipses.ellipse_4.ell_comps.ell_comps_1": -0.034809803326672314,
                        "multipoles.4.multipole_1.multipole_comps.multipole_comps_0": -0.005616517353312082,
                        "multipoles.4.multipole_1.multipole_comps.multipole_comps_1": -0.1061719181441,
                        "multipoles.4.multipole_3.multipole_comps.multipole_comps_0": 0.02174659671734617,
                        "multipoles.4.multipole_3.multipole_comps.multipole_comps_1": -0.03164665689919,
                        "multipoles.4.multipole_4.multipole_comps.multipole_comps_0": -0.023690682503528352,
                        "multipoles.4.multipole_4.multipole_comps.multipole_comps_1": 0.040784208959002574
                    }
                }
            }
        }
    }
}