{
    "type": "instance",
    "class_path": "autofit.non_linear.samples.summary.SamplesSummary",
    "arguments": {
        "median_pdf_sample": {
            "type": "instance",
            "class_path": "autofit.non_linear.samples.sample.Sample",
            "arguments": {
                "log_likelihood": -55.342245927698315,
                "log_prior": 0.0,
                "weight": 0.0009840254911663282,
                "kwargs": {
                    "type": "dict",
                    "arguments": {
                        "ellipses.0.ell_comps.ell_comps_0": 0.14715081961760085,
                        "ellipses.0.ell_comps.ell_comps_1": -0.02633509166758
                    }
                }
            }
        },
        "model": null,
        "log_evidence": -66.68922317185734,
        "errors_at_sigma_3": {
            "type": "list",
            "values": [
                {
                    "type": "tuple",
                    "values": [
                        0.014727100567270834,
                        0.006419939940569053
                    ]
                },
                {
                    "type": "tuple",
                    "values": [
                        0.009480508189929997,
                        0.00656000852370698
                    ]
                }
            ]
        },
        "values_at_sigma_1": {
            "type": "list",
            "values": [
                {
                    "type": "tuple",
                    "values": [
                        0.14584632822634014,
                        0.1484373126018325
                    ]
                },
                {
                    "type": "tuple",
                    "values": [
                        -0.02935732339513,
                        -0.024622507644879957
                    ]
                }
            ]
        },
        "max_log_likelihood_sample": {
            "type": "instance",
            "class_path": "autofit.non_linear.samples.sample.Sample",
            "arguments": {
                "log_likelihood": -55.342245927698315,
                "log_prior": 0.0,
                "weight": 0.0009840254911663282,
                "kwargs": {
                    "type": "dict",
                    "arguments": {
                        "ellipses.0.ell_comps.ell_comps_0": 0.14700045145917,
                        "ellipses.0.ell_comps.ell_comps_1": -0.02552398079447
                    }
                }
            }
        },
        "errors_at_sigma_1": {
            "type": "list",
            "values": [
                {
                    "type": "tuple",
                    "values": [
                        0.0013044913912607092,
                        0.0012864929842316408
                    ]
                },
                {
                    "type": "tuple",
                    "values": [
                        0.0030222317275499996,
                        0.0017125840227000429
                    ]
                }
            ]
        },
        "values_at_sigma_3": {
            "type": "list",
            "values": [
                {
                    "type": "tuple",
                    "values": [
                        0.13242371905033,
                        0.1535707595581699
                    ]
                },
                {
                    "type": "tuple",
                    "values": [
                        -0.03581559985751,
                        -0.01977508314387302
                    ]
                }
            ]
        }
    }
}