{
    "type": "instance",
    "class_path": "autofit.non_linear.samples.summary.SamplesSummary",
    "arguments": {
        "errors_at_sigma_3": {
            "type": "list",
            "values": [
                {
                    "type": "tuple",
                    "values": [
                        0.002655424989047529,
                        0.007444516018169043
                    ]
                },
                {
                    "type": "tuple",
                    "values": [
                        0.006821461757262873,
                        0.003742884670211013
                    ]
                },
                {
                    "type": "tuple",
                    "values": [
                        0.010507220231079112,
                        0.03625349568705
                    ]
                },
                {
                    "type": "tuple",
                    "values": [
                        0.03356404156496375,
                        0.022942661658329998
                    ]
                },
                {
                    "type": "tuple",
                    "values": [
                        0.07528477666064375,
                        0.04963459626658052
                    ]
                },
                {
                    "type": "tuple",
                    "values": [
                        0.01254082416447,
                        0.070671716856
                    ]
                },
                {
                    "type": "tuple",
                    "values": [
                        0.07135952250662009,
                        0.032782438030105346
                    ]
                },
                {
                    "type": "tuple",
                    "values": [
                        0.05374524777957668,
                        0.1035900413996252
                    ]
                },
                {
                    "type": "tuple",
                    "values": [
                        0.16703727369810165,
                        0.11331557084957083
                    ]
                },
                {
                    "type": "tuple",
                    "values": [
                        0.06415917091123312,
                        0.11049621744739571
                    ]
                },
                {
                    "type": "tuple",
                    "values": [
                        0.24360843800159002,
                        0.10068724043004304
                    ]
                },
                {
                    "type": "tuple",
                    "values": [
                        0.05496607693458999,
                        0.3132823544974573
                    ]
                }
            ]
        },
        "log_evidence": -150.11751180661543,
        "model": null,
        "values_at_sigma_1": {
            "type": "list",
            "values": [
                {
                    "type": "tuple",
                    "values": [
                        -0.0042628144244,
                        -0.0023082570156538647
                    ]
                },
                {
                    "type": "tuple",
                    "values": [
                        0.002178648292095911,
                        0.00340551252716
                    ]
                },
                {
                    "type": "tuple",
                    "values": [
                        -0.15586135075985463,
                        -0.14539788174551346
                    ]
                },
                {
                    "type": "tuple",
                    "values": [
                        -0.022252973410560564,
                        0.00022744634287311523
                    ]
                },
                {
                    "type": "tuple",
                    "values": [
                        -0.116559554758911,
                        -0.08632089922405024
                    ]
                },
                {
                    "type": "tuple",
                    "values": [
                        -0.0628317950580144,
                        -0.043962645389498414
                    ]
                },
                {
                    "type": "tuple",
                    "values": [
                        -0.09259679854308,
                        -0.03816767889396
                    ]
                },
                {
                    "type": "tuple",
                    "values": [
                        -0.04914421011375,
                        -0.01989346666493434
                    ]
                },
                {
                    "type": "tuple",
                    "values": [
                        -0.12630298381516578,
                        -0.11144187879335828
                    ]
                },
                {
                    "type": "tuple",
                    "values": [
                        -0.08619894048516674,
                        -0.037347301397966964
                    ]
                },
                {
                    "type": "tuple",
                    "values": [
                        0.072615733178314,
                        0.07738472384066586
                    ]
                },
                {
                    "type": "tuple",
                    "values": [
                        -0.21294645826043,
                        -0.21006200065218317
                    ]
                }
            ]
        },
        "values_at_sigma_3": {
            "type": "list",
            "values": [
                {
                    "type": "tuple",
                    "values": [
                        -0.00635798577730042,
                        0.0037419552299161516
                    ]
                },
                {
                    "type": "tuple",
                    "values": [
                        -0.003955708349483887,
                        0.00660863807799
                    ]
                },
                {
                    "type": "tuple",
                    "values": [
                        -0.1618601697128591,
                        -0.11509945379473
                    ]
                },
                {
                    "type": "tuple",
                    "values": [
                        -0.04579953339248375,
                        0.01070716983081
                    ]
                },
                {
                    "type": "tuple",
                    "values": [
                        -0.17255622186876,
                        -0.04763684894153573
                    ]
                },
                {
                    "type": "tuple",
                    "values": [
                        -0.0689951794862,
                        0.01421736153427
                    ]
                },
                {
                    "type": "tuple",
                    "values": [
                        -0.13219903567356828,
                        -0.028057075136842854
                    ]
                },
                {
                    "type": "tuple",
                    "values": [
                        -0.08754019014959,
                        0.06979509902961188
                    ]
                },
                {
                    "type": "tuple",
                    "values": [
                        -0.2846202102982925,
                        -0.00426736575062
                    ]
                },
                {
                    "type": "tuple",
                    "values": [
                        -0.14205050870579883,
                        0.03260487965283
                    ]
                },
                {
                    "type": "tuple",
                    "values": [
                        -0.16807894186703,
                        0.17621673656460304
                    ]
                },
                {
                    "type": "tuple",
                    "values": [
                        -0.26698188051319,
                        0.10126655091885729
                    ]
                }
            ]
        },
        "median_pdf_sample": {
            "type": "instance",
            "class_path": "autofit.non_linear.samples.sample.Sample",
            "arguments": {
                "log_likelihood": -106.37890582624485,
                "log_prior": 0.0,
                "weight": 0.0011208507328128877,
                "kwargs": {
                    "type": "dict",
                    "arguments": {
                        "ellipses.ellipse_4.centre.centre_0": -0.003702560788252891,
                        "ellipses.ellipse_4.centre.centre_1": 0.0028657534077789868,
                        "ellipses.ellipse_0.ell_comps.ell_comps_0": -0.15135294948178,
                        "ellipses.ellipse_0.ell_comps.ell_comps_1": -0.01223549182752,
                        "ellipses.ellipse_1.ell_comps.ell_comps_0": -0.09727144520811624,
                        "ellipses.ellipse_1.ell_comps.ell_comps_1": -0.05645435532173,
                        "ellipses.ellipse_2.ell_comps.ell_comps_0": -0.060839513166948196,
                        "ellipses.ellipse_2.ell_comps.ell_comps_1": -0.03379494237001332,
                        "ellipses.ellipse_3.ell_comps.ell_comps_0": -0.11758293660019084,
                        "ellipses.ellipse_3.ell_comps.ell_comps_1": -0.07789133779456571,
                        "ellipses.ellipse_4.ell_comps.ell_comps_0": 0.07552949613456,
                        "ellipses.ellipse_4.ell_comps.ell_comps_1": -0.2120158035786
                    }
                }
            }
        },
        "max_log_likelihood_sample": {
            "type": "instance",
            "class_path": "autofit.non_linear.samples.sample.Sample",
            "arguments": {
                "log_likelihood": -106.37890582624485,
                "log_prior": 0.0,
                "weight": 0.0011208507328128877,
                "kwargs": {
                    "type": "dict",
                    "arguments": {
                        "ellipses.ellipse_4.centre.centre_0": -0.00153102360815,
                        "ellipses.ellipse_4.centre.centre_1": 0.00243320019734,
                        "ellipses.ellipse_0.ell_comps.ell_comps_0": -0.13431611726574,
                        "ellipses.ellipse_0.ell_comps.ell_comps_1": -0.02178551333668,
                        "ellipses.ellipse_1.ell_comps.ell_comps_0": -0.1199726114293,
                        "ellipses.ellipse_1.ell_comps.ell_comps_1": -0.03936610490318,
                        "ellipses.ellipse_2.ell_comps.ell_comps_0": -0.11876106005227,
                        "ellipses.ellipse_2.ell_comps.ell_comps_1": -0.01369351237219,
                        "ellipses.ellipse_3.ell_comps.ell_comps_0": -0.11327561350038,
                        "ellipses.ellipse_3.ell_comps.ell_comps_1": -0.08545355841216,
                        "ellipses.ellipse_4.ell_comps.ell_comps_0": 0.07688563867673,
                        "ellipses.ellipse_4.ell_comps.ell_comps_1": -0.21251041595926
                    }
                }
            }
        },
        "errors_at_sigma_1": {
            "type": "list",
            "values": [
                {
                    "type": "tuple",
                    "values": [
                        0.0005602536361471087,
                        0.0013943037725990264
                    ]
                },
                {
                    "type": "tuple",
                    "values": [
                        0.0006871051156830759,
                        0.0005397591193810132
                    ]
                },
                {
                    "type": "tuple",
                    "values": [
                        0.004508401278074642,
                        0.005955067736266528
                    ]
                },
                {
                    "type": "tuple",
                    "values": [
                        0.010017481583040564,
                        0.012462938170393114
                    ]
                },
                {
                    "type": "tuple",
                    "values": [
                        0.019288109550794755,
                        0.010950545984066001
                    ]
                },
                {
                    "type": "tuple",
                    "values": [
                        0.006377439736284393,
                        0.012491709932231587
                    ]
                },
                {
                    "type": "tuple",
                    "values": [
                        0.03175728537613181,
                        0.022671834272988196
                    ]
                },
                {
                    "type": "tuple",
                    "values": [
                        0.015349267743736683,
                        0.013901475705078981
                    ]
                },
                {
                    "type": "tuple",
                    "values": [
                        0.008720047214974935,
                        0.006141057806832564
                    ]
                },
                {
                    "type": "tuple",
                    "values": [
                        0.008307602690601032,
                        0.040544036396598745
                    ]
                },
                {
                    "type": "tuple",
                    "values": [
                        0.0029137629562459993,
                        0.0018552277061058553
                    ]
                },
                {
                    "type": "tuple",
                    "values": [
                        0.0009306546818299843,
                        0.0019538029264168366
                    ]
                }
            ]
        }
    }
}