{
    "data_name": "J0856+2010",
    "redshift_lens": 0.5074,
    "redshift_source": 2.2335,
    "velocity_dispersion": 334,
    "velocity_dispersion_error": 54,
    "slope_ritondale_map": 2.024,
    "slope_ritondale_multinest": 1.82,
    "slope_ritondale_error": 0.0004,
    "r_dev": 1.15,
    "r_eff": 0.51,
    "slope": 2.55,
    "slope_err": 0.23,
    "r_ein": 0.98,
    "PA": 90,
    "q_SIE": 0.602,
    "dRA": 0.11,
    "dDEC": 0.05,
    "subhalo_grid_dimensions_arcsec": 1.8,
    "mask_inner_radius": 0.25,
    "mask_outer_radius": 1.9,
    "scaled_annular": 1,
    "detect_delaunay": 0,
    "bpl_source_mask": 0,
    "mask_circular_radii": 3.5
}