{
    "type": "instance",
    "class_path": "autofit.non_linear.samples.summary.SamplesSummary",
    "arguments": {
        "model": null,
        "log_evidence": -283.804390354212,
        "errors_at_sigma_1": {
            "type": "list",
            "values": [
                {
                    "type": "tuple",
                    "values": [
                        0.03826056510240207,
                        0.03392108232218213
                    ]
                },
                {
                    "type": "tuple",
                    "values": [
                        0.03305478116454145,
                        0.03331918472052746
                    ]
                },
                {
                    "type": "tuple",
                    "values": [
                        0.020432922620851945,
                        0.018908502584603748
                    ]
                },
                {
                    "type": "tuple",
                    "values": [
                        0.013296167554505585,
                        0.023055234964037462
                    ]
                },
                {
                    "type": "tuple",
                    "values": [
                        0.016361017362812168,
                        0.013412010470900307
                    ]
                },
                {
                    "type": "tuple",
                    "values": [
                        0.02365055652665187,
                        0.017467655556620665
                    ]
                },
                {
                    "type": "tuple",
                    "values": [
                        0.01734407142504818,
                        0.019639039536586363
                    ]
                },
                {
                    "type": "tuple",
                    "values": [
                        0.014801177426251831,
                        0.014615825880339234
                    ]
                },
                {
                    "type": "tuple",
                    "values": [
                        0.011962936858125467,
                        0.012275024673807464
                    ]
                },
                {
                    "type": "tuple",
                    "values": [
                        0.04533391025404532,
                        0.0681144272165577
                    ]
                },
                {
                    "type": "tuple",
                    "values": [
                        0.010446147951710626,
                        0.013384115694498438
                    ]
                },
                {
                    "type": "tuple",
                    "values": [
                        0.013253397586419552,
                        0.014265261861090173
                    ]
                }
            ]
        },
        "errors_at_sigma_3": {
            "type": "list",
            "values": [
                {
                    "type": "tuple",
                    "values": [
                        0.19554716729796556,
                        0.08013911257672302
                    ]
                },
                {
                    "type": "tuple",
                    "values": [
                        0.08111972789864118,
                        0.08576915636870407
                    ]
                },
                {
                    "type": "tuple",
                    "values": [
                        0.053754625231806186,
                        0.053400822224536015
                    ]
                },
                {
                    "type": "tuple",
                    "values": [
                        0.03759369499885576,
                        0.06404411944159205
                    ]
                },
                {
                    "type": "tuple",
                    "values": [
                        0.048964610285633814,
                        0.04302671710005759
                    ]
                },
                {
                    "type": "tuple",
                    "values": [
                        0.07350020821513842,
                        0.04784626523186461
                    ]
                },
                {
                    "type": "tuple",
                    "values": [
                        0.033334250356042816,
                        0.09711917725456558
                    ]
                },
                {
                    "type": "tuple",
                    "values": [
                        0.04658826411271521,
                        0.04619316281533098
                    ]
                },
                {
                    "type": "tuple",
                    "values": [
                        0.035740968730070696,
                        0.022707840491342002
                    ]
                },
                {
                    "type": "tuple",
                    "values": [
                        0.1942725071135425,
                        0.283379594178812
                    ]
                },
                {
                    "type": "tuple",
                    "values": [
                        0.0264618442660479,
                        0.040909185774133994
                    ]
                },
                {
                    "type": "tuple",
                    "values": [
                        0.022046340490914057,
                        0.04932573268597912
                    ]
                }
            ]
        },
        "max_log_likelihood_sample": {
            "type": "instance",
            "class_path": "autofit.non_linear.samples.sample.Sample",
            "arguments": {
                "log_likelihood": -247.63313334033046,
                "log_prior": 1.7172547403548875,
                "weight": 0.0003103413948040424,
                "kwargs": {
                    "type": "dict",
                    "arguments": {
                        "galaxies.lens.mass.ell_comps.ell_comps_0": 0.1765323607311734,
                        "galaxies.lens.mass.ell_comps.ell_comps_1": 0.07634726107325676,
                        "galaxies.lens.multipole_4.einstein_radius": 0.8513544677839956,
                        "galaxies.lens.multipole_4.centre.centre_0": 0.038627526899191,
                        "galaxies.lens.multipole_4.centre.centre_1": 0.08356620850476144,
                        "galaxies.lens.multipole_3.multipole_comps.multipole_comps_0": -0.01074793328734,
                        "galaxies.lens.multipole_3.multipole_comps.multipole_comps_1": -0.07098381981148,
                        "galaxies.lens.multipole_4.multipole_comps.multipole_comps_0": 0.00549058438999,
                        "galaxies.lens.multipole_4.multipole_comps.multipole_comps_1": 0.07657060296019,
                        "galaxies.lens.multipole_4.slope": 2.68960099168953,
                        "galaxies.lens.shear.gamma_1": -0.0325745119444,
                        "galaxies.lens.shear.gamma_2": -0.16597941601685
                    }
                }
            }
        },
        "values_at_sigma_3": {
            "type": "list",
            "values": [
                {
                    "type": "tuple",
                    "values": [
                        -0.05841036967069064,
                        0.21727591020399795
                    ]
                },
                {
                    "type": "tuple",
                    "values": [
                        0.012095853519476039,
                        0.17898473778682128
                    ]
                },
                {
                    "type": "tuple",
                    "values": [
                        0.7889369086179734,
                        0.8960923560743156
                    ]
                },
                {
                    "type": "tuple",
                    "values": [
                        0.00024538805230959695,
                        0.10188320249275741
                    ]
                },
                {
                    "type": "tuple",
                    "values": [
                        0.01722183942385057,
                        0.10921316680954198
                    ]
                },
                {
                    "type": "tuple",
                    "values": [
                        -0.0776135557189018,
                        0.04373291772810123
                    ]
                },
                {
                    "type": "tuple",
                    "values": [
                        -0.0992411445004375,
                        0.031212283110170897
                    ]
                },
                {
                    "type": "tuple",
                    "values": [
                        -0.04918985326939688,
                        0.04359157365864931
                    ]
                },
                {
                    "type": "tuple",
                    "values": [
                        0.04122587770918236,
                        0.09967468693059506
                    ]
                },
                {
                    "type": "tuple",
                    "values": [
                        2.501019264028991,
                        2.9786713653213455
                    ]
                },
                {
                    "type": "tuple",
                    "values": [
                        -0.05083831685127822,
                        0.01653271318890367
                    ]
                },
                {
                    "type": "tuple",
                    "values": [
                        -0.19977047478627533,
                        -0.12839840160938215
                    ]
                }
            ]
        },
        "values_at_sigma_1": {
            "type": "list",
            "values": [
                {
                    "type": "tuple",
                    "values": [
                        0.09887623252487286,
                        0.17105787994945706
                    ]
                },
                {
                    "type": "tuple",
                    "values": [
                        0.060160800253575765,
                        0.12653476613864467
                    ]
                },
                {
                    "type": "tuple",
                    "values": [
                        0.8222586112289276,
                        0.8616000364343833
                    ]
                },
                {
                    "type": "tuple",
                    "values": [
                        0.024542915496659774,
                        0.06089431801520282
                    ]
                },
                {
                    "type": "tuple",
                    "values": [
                        0.049825432346672215,
                        0.07959846018038469
                    ]
                },
                {
                    "type": "tuple",
                    "values": [
                        -0.027763904030415253,
                        0.013354308052857283
                    ]
                },
                {
                    "type": "tuple",
                    "values": [
                        -0.08325096556944286,
                        -0.04626785460780832
                    ]
                },
                {
                    "type": "tuple",
                    "values": [
                        -0.017402766582933497,
                        0.012014236723657567
                    ]
                },
                {
                    "type": "tuple",
                    "values": [
                        0.06500390958112759,
                        0.08924187111306052
                    ]
                },
                {
                    "type": "tuple",
                    "values": [
                        2.649957860888488,
                        2.763406198359091
                    ]
                },
                {
                    "type": "tuple",
                    "values": [
                        -0.03482262053694095,
                        -0.010992356890731884
                    ]
                },
                {
                    "type": "tuple",
                    "values": [
                        -0.19097753188178082,
                        -0.1634588724342711
                    ]
                }
            ]
        },
        "median_pdf_sample": {
            "type": "instance",
            "class_path": "autofit.non_linear.samples.sample.Sample",
            "arguments": {
                "log_likelihood": -247.63313334033046,
                "log_prior": 1.7172547403548875,
                "weight": 0.0003103413948040424,
                "kwargs": {
                    "type": "dict",
                    "arguments": {
                        "galaxies.lens.mass.ell_comps.ell_comps_0": 0.13713679762727493,
                        "galaxies.lens.mass.ell_comps.ell_comps_1": 0.09321558141811721,
                        "galaxies.lens.multipole_4.einstein_radius": 0.8426915338497796,
                        "galaxies.lens.multipole_4.centre.centre_0": 0.03783908305116536,
                        "galaxies.lens.multipole_4.centre.centre_1": 0.06618644970948438,
                        "galaxies.lens.multipole_3.multipole_comps.multipole_comps_0": -0.004113347503763382,
                        "galaxies.lens.multipole_3.multipole_comps.multipole_comps_1": -0.06590689414439468,
                        "galaxies.lens.multipole_4.multipole_comps.multipole_comps_0": -0.0026015891566816664,
                        "galaxies.lens.multipole_4.multipole_comps.multipole_comps_1": 0.07696684643925306,
                        "galaxies.lens.multipole_4.slope": 2.6952917711425335,
                        "galaxies.lens.shear.gamma_1": -0.024376472585230322,
                        "galaxies.lens.shear.gamma_2": -0.17772413429536127
                    }
                }
            }
        }
    }
}