{
    "type": "instance",
    "class_path": "autofit.non_linear.samples.summary.SamplesSummary",
    "arguments": {
        "max_log_likelihood_sample": {
            "type": "instance",
            "class_path": "autofit.non_linear.samples.sample.Sample",
            "arguments": {
                "log_likelihood": -48.04007037908389,
                "log_prior": 0.0,
                "weight": 0.0009946961010677774,
                "kwargs": {
                    "type": "dict",
                    "arguments": {
                        "ellipses.0.ell_comps.ell_comps_0": 0.15218763000443,
                        "ellipses.0.ell_comps.ell_comps_1": -0.02580719793455,
                        "multipoles.0.multipole_3.multipole_comps.multipole_comps_0": 0.00166939976635,
                        "multipoles.0.multipole_3.multipole_comps.multipole_comps_1": 0.00207299484901,
                        "multipoles.0.multipole_4.multipole_comps.multipole_comps_0": -0.02702686481474,
                        "multipoles.0.multipole_4.multipole_comps.multipole_comps_1": -0.00107085144336
                    }
                }
            }
        },
        "median_pdf_sample": {
            "type": "instance",
            "class_path": "autofit.non_linear.samples.sample.Sample",
            "arguments": {
                "log_likelihood": -48.04007037908389,
                "log_prior": 0.0,
                "weight": 0.0009946961010677774,
                "kwargs": {
                    "type": "dict",
                    "arguments": {
                        "ellipses.0.ell_comps.ell_comps_0": 0.1575538081918698,
                        "ellipses.0.ell_comps.ell_comps_1": -0.025969140465879434,
                        "multipoles.0.multipole_3.multipole_comps.multipole_comps_0": 0.00168974291843,
                        "multipoles.0.multipole_3.multipole_comps.multipole_comps_1": 0.0018180611400545087,
                        "multipoles.0.multipole_4.multipole_comps.multipole_comps_0": -0.02017454774103017,
                        "multipoles.0.multipole_4.multipole_comps.multipole_comps_1": 0.00417506724818
                    }
                }
            }
        },
        "values_at_sigma_1": {
            "type": "list",
            "values": [
                {
                    "type": "tuple",
                    "values": [
                        0.15207327334508206,
                        0.16928982045389263
                    ]
                },
                {
                    "type": "tuple",
                    "values": [
                        -0.02874141645887,
                        -0.023657665506461
                    ]
                },
                {
                    "type": "tuple",
                    "values": [
                        -0.004009278468635075,
                        0.006495871998512076
                    ]
                },
                {
                    "type": "tuple",
                    "values": [
                        -0.0037309518170756013,
                        0.007338326076993607
                    ]
                },
                {
                    "type": "tuple",
                    "values": [
                        -0.02888056903048,
                        -0.003362943246329188
                    ]
                },
                {
                    "type": "tuple",
                    "values": [
                        -0.0048907345000516805,
                        0.017097129905265858
                    ]
                }
            ]
        },
        "log_evidence": -68.16575371092861,
        "errors_at_sigma_3": {
            "type": "list",
            "values": [
                {
                    "type": "tuple",
                    "values": [
                        0.010856128101506074,
                        0.019083566123442364
                    ]
                },
                {
                    "type": "tuple",
                    "values": [
                        0.007646177532960194,
                        0.008133117272869434
                    ]
                },
                {
                    "type": "tuple",
                    "values": [
                        0.02016925069697,
                        0.0185836249680965
                    ]
                },
                {
                    "type": "tuple",
                    "values": [
                        0.018081938491914296,
                        0.016961024190044596
                    ]
                },
                {
                    "type": "tuple",
                    "values": [
                        0.01927301979442799,
                        0.03536594878191336
                    ]
                },
                {
                    "type": "tuple",
                    "values": [
                        0.026983785092559998,
                        0.03411137283822478
                    ]
                }
            ]
        },
        "model": null,
        "values_at_sigma_3": {
            "type": "list",
            "values": [
                {
                    "type": "tuple",
                    "values": [
                        0.1466976800903637,
                        0.17663737431531215
                    ]
                },
                {
                    "type": "tuple",
                    "values": [
                        -0.03361531799883963,
                        -0.01783602319301
                    ]
                },
                {
                    "type": "tuple",
                    "values": [
                        -0.01847950777854,
                        0.0202733678865265
                    ]
                },
                {
                    "type": "tuple",
                    "values": [
                        -0.016263877351859787,
                        0.018779085330099105
                    ]
                },
                {
                    "type": "tuple",
                    "values": [
                        -0.03944756753545816,
                        0.015191401040883193
                    ]
                },
                {
                    "type": "tuple",
                    "values": [
                        -0.02280871784438,
                        0.038286440086404784
                    ]
                }
            ]
        },
        "errors_at_sigma_1": {
            "type": "list",
            "values": [
                {
                    "type": "tuple",
                    "values": [
                        0.005480534846787732,
                        0.011736012262022838
                    ]
                },
                {
                    "type": "tuple",
                    "values": [
                        0.002772275992990566,
                        0.0023114749594184344
                    ]
                },
                {
                    "type": "tuple",
                    "values": [
                        0.005699021387065075,
                        0.0048061290800820765
                    ]
                },
                {
                    "type": "tuple",
                    "values": [
                        0.00554901295713011,
                        0.005520264936939098
                    ]
                },
                {
                    "type": "tuple",
                    "values": [
                        0.00870602128944983,
                        0.016811604494700982
                    ]
                },
                {
                    "type": "tuple",
                    "values": [
                        0.00906580174823168,
                        0.012922062657085858
                    ]
                }
            ]
        }
    }
}