{
    "type": "collection",
    "arguments": {
        "ellipses": {
            "type": "collection",
            "arguments": {
                "0": {
                    "type": "instance",
                    "class_path": "autogalaxy.ellipse.ellipse.ellipse.Ellipse",
                    "arguments": {
                        "centre": {
                            "type": "tuple",
                            "values": [
                                0.00060260927145,
                                -0.00087904684204
                            ]
                        },
                        "major_axis": 0.25,
                        "ell_comps": {
                            "type": "tuple",
                            "values": [
                                0.04289800029538,
                                -0.06184413888173
                            ]
                        }
                    }
                },
                "1": {
                    "type": "instance",
                    "class_path": "autogalaxy.ellipse.ellipse.ellipse.Ellipse",
                    "arguments": {
                        "centre": {
                            "type": "tuple",
                            "values": [
                                0.00060260927145,
                                -0.00087904684204
                            ]
                        },
                        "major_axis": 0.5,
                        "ell_comps": {
                            "type": "tuple",
                            "values": [
                                0.04921971418976,
                                -0.06716740449006
                            ]
                        }
                    }
                },
                "2": {
                    "type": "instance",
                    "class_path": "autogalaxy.ellipse.ellipse.ellipse.Ellipse",
                    "arguments": {
                        "centre": {
                            "type": "tuple",
                            "values": [
                                0.00060260927145,
                                -0.00087904684204
                            ]
                        },
                        "major_axis": 0.75,
                        "ell_comps": {
                            "type": "tuple",
                            "values": [
                                0.05552887630133,
                                -0.07729190661652
                            ]
                        }
                    }
                },
                "3": {
                    "type": "instance",
                    "class_path": "autogalaxy.ellipse.ellipse.ellipse.Ellipse",
                    "arguments": {
                        "centre": {
                            "type": "tuple",
                            "values": [
                                0.00060260927145,
                                -0.00087904684204
                            ]
                        },
                        "major_axis": 1.0,
                        "ell_comps": {
                            "type": "tuple",
                            "values": [
                                0.05899987308986,
                                -0.0768829170091
                            ]
                        }
                    }
                },
                "4": {
                    "type": "instance",
                    "class_path": "autogalaxy.ellipse.ellipse.ellipse.Ellipse",
                    "arguments": {
                        "centre": {
                            "type": "tuple",
                            "values": [
                                0.00060260927145,
                                -0.00087904684204
                            ]
                        },
                        "major_axis": 1.25,
                        "ell_comps": {
                            "type": "tuple",
                            "values": [
                                0.05472294649306,
                                -0.07391952761695
                            ]
                        }
                    }
                },
                "5": {
                    "type": "instance",
                    "class_path": "autogalaxy.ellipse.ellipse.ellipse.Ellipse",
                    "arguments": {
                        "centre": {
                            "type": "tuple",
                            "values": [
                                0.00060260927145,
                                -0.00087904684204
                            ]
                        },
                        "major_axis": 1.5,
                        "ell_comps": {
                            "type": "tuple",
                            "values": [
                                0.04754487940692,
                                -0.06790065020835
                            ]
                        }
                    }
                },
                "6": {
                    "type": "instance",
                    "class_path": "autogalaxy.ellipse.ellipse.ellipse.Ellipse",
                    "arguments": {
                        "centre": {
                            "type": "tuple",
                            "values": [
                                0.00060260927145,
                                -0.00087904684204
                            ]
                        },
                        "major_axis": 1.75,
                        "ell_comps": {
                            "type": "tuple",
                            "values": [
                                0.04858235685316,
                                -0.07180302843014
                            ]
                        }
                    }
                },
                "7": {
                    "type": "instance",
                    "class_path": "autogalaxy.ellipse.ellipse.ellipse.Ellipse",
                    "arguments": {
                        "centre": {
                            "type": "tuple",
                            "values": [
                                0.00060260927145,
                                -0.00087904684204
                            ]
                        },
                        "major_axis": 2.0,
                        "ell_comps": {
                            "type": "tuple",
                            "values": [
                                0.04847824151771,
                                -0.06723097592561
                            ]
                        }
                    }
                },
                "8": {
                    "type": "instance",
                    "class_path": "autogalaxy.ellipse.ellipse.ellipse.Ellipse",
                    "arguments": {
                        "centre": {
                            "type": "tuple",
                            "values": [
                                0.00060260927145,
                                -0.00087904684204
                            ]
                        },
                        "major_axis": 2.25,
                        "ell_comps": {
                            "type": "tuple",
                            "values": [
                                0.04825659486675,
                                -0.06890728371248
                            ]
                        }
                    }
                },
                "9": {
                    "type": "instance",
                    "class_path": "autogalaxy.ellipse.ellipse.ellipse.Ellipse",
                    "arguments": {
                        "centre": {
                            "type": "tuple",
                            "values": [
                                0.00060260927145,
                                -0.00087904684204
                            ]
                        },
                        "major_axis": 2.5,
                        "ell_comps": {
                            "type": "tuple",
                            "values": [
                                0.04593993402998,
                                -0.07126034641735
                            ]
                        }
                    }
                },
                "10": {
                    "type": "instance",
                    "class_path": "autogalaxy.ellipse.ellipse.ellipse.Ellipse",
                    "arguments": {
                        "centre": {
                            "type": "tuple",
                            "values": [
                                0.00060260927145,
                                -0.00087904684204
                            ]
                        },
                        "major_axis": 2.75,
                        "ell_comps": {
                            "type": "tuple",
                            "values": [
                                0.04596797601527,
                                -0.07509330781244
                            ]
                        }
                    }
                },
                "11": {
                    "type": "instance",
                    "class_path": "autogalaxy.ellipse.ellipse.ellipse.Ellipse",
                    "arguments": {
                        "centre": {
                            "type": "tuple",
                            "values": [
                                0.00060260927145,
                                -0.00087904684204
                            ]
                        },
                        "major_axis": 3.0,
                        "ell_comps": {
                            "type": "tuple",
                            "values": [
                                0.04865199162684,
                                -0.07902732029399
                            ]
                        }
                    }
                },
                "12": {
                    "type": "instance",
                    "class_path": "autogalaxy.ellipse.ellipse.ellipse.Ellipse",
                    "arguments": {
                        "centre": {
                            "type": "tuple",
                            "values": [
                                0.00060260927145,
                                -0.00087904684204
                            ]
                        },
                        "major_axis": 3.25,
                        "ell_comps": {
                            "type": "tuple",
                            "values": [
                                0.05528028216232,
                                -0.08819366025556
                            ]
                        }
                    }
                },
                "13": {
                    "type": "instance",
                    "class_path": "autogalaxy.ellipse.ellipse.ellipse.Ellipse",
                    "arguments": {
                        "centre": {
                            "type": "tuple",
                            "values": [
                                0.00060260927145,
                                -0.00087904684204
                            ]
                        },
                        "major_axis": 3.5,
                        "ell_comps": {
                            "type": "tuple",
                            "values": [
                                0.04548845378756,
                                -0.0759512175206
                            ]
                        }
                    }
                },
                "14": {
                    "type": "instance",
                    "class_path": "autogalaxy.ellipse.ellipse.ellipse.Ellipse",
                    "arguments": {
                        "centre": {
                            "type": "tuple",
                            "values": [
                                0.00060260927145,
                                -0.00087904684204
                            ]
                        },
                        "major_axis": 3.75,
                        "ell_comps": {
                            "type": "tuple",
                            "values": [
                                0.02675371712017,
                                -0.09382927898452
                            ]
                        }
                    }
                },
                "15": {
                    "type": "instance",
                    "class_path": "autogalaxy.ellipse.ellipse.ellipse.Ellipse",
                    "arguments": {
                        "centre": {
                            "type": "tuple",
                            "values": [
                                0.00060260927145,
                                -0.00087904684204
                            ]
                        },
                        "major_axis": 4.0,
                        "ell_comps": {
                            "type": "tuple",
                            "values": [
                                0.04861714720994,
                                -0.08652414089496
                            ]
                        }
                    }
                },
                "16": {
                    "type": "instance",
                    "class_path": "autogalaxy.ellipse.ellipse.ellipse.Ellipse",
                    "arguments": {
                        "centre": {
                            "type": "tuple",
                            "values": [
                                0.00060260927145,
                                -0.00087904684204
                            ]
                        },
                        "major_axis": 4.25,
                        "ell_comps": {
                            "type": "tuple",
                            "values": [
                                0.04213058197617,
                                -0.08813220494596
                            ]
                        }
                    }
                },
                "17": {
                    "type": "instance",
                    "class_path": "autogalaxy.ellipse.ellipse.ellipse.Ellipse",
                    "arguments": {
                        "centre": {
                            "type": "tuple",
                            "values": [
                                0.00060260927145,
                                -0.00087904684204
                            ]
                        },
                        "major_axis": 4.5,
                        "ell_comps": {
                            "type": "tuple",
                            "values": [
                                0.04199414490767,
                                -0.06794872011638
                            ]
                        }
                    }
                },
                "18": {
                    "type": "instance",
                    "class_path": "autogalaxy.ellipse.ellipse.ellipse.Ellipse",
                    "arguments": {
                        "centre": {
                            "type": "tuple",
                            "values": [
                                0.00060260927145,
                                -0.00087904684204
                            ]
                        },
                        "major_axis": 4.75,
                        "ell_comps": {
                            "type": "tuple",
                            "values": [
                                0.03081626170235,
                                -0.08631735710364
                            ]
                        }
                    }
                }
            }
        },
        "dummy_0": {
            "lower_limit": -0.1,
            "upper_limit": 0.1,
            "type": "Uniform",
            "id": 146
        }
    }
}