{
    "type": "instance",
    "class_path": "autofit.non_linear.samples.summary.SamplesSummary",
    "arguments": {
        "values_at_sigma_1": {
            "type": "list",
            "values": [
                {
                    "type": "tuple",
                    "values": [
                        -0.0763945962938207,
                        -0.0549629296872396
                    ]
                },
                {
                    "type": "tuple",
                    "values": [
                        -0.017970985997805066,
                        -0.000575297076604261
                    ]
                },
                {
                    "type": "tuple",
                    "values": [
                        1.2680194314066524,
                        1.2804290673295164
                    ]
                },
                {
                    "type": "tuple",
                    "values": [
                        -0.022275785844998192,
                        -0.014561185654255107
                    ]
                },
                {
                    "type": "tuple",
                    "values": [
                        -0.01712624340771314,
                        -0.009863334623420865
                    ]
                },
                {
                    "type": "tuple",
                    "values": [
                        2.0238916809913983,
                        2.1477568414531683
                    ]
                },
                {
                    "type": "tuple",
                    "values": [
                        -0.010137582504980617,
                        -0.0009903637590468522
                    ]
                },
                {
                    "type": "tuple",
                    "values": [
                        0.008681417773614022,
                        0.01961204238183838
                    ]
                }
            ]
        },
        "median_pdf_sample": {
            "type": "instance",
            "class_path": "autofit.non_linear.samples.sample.Sample",
            "arguments": {
                "log_likelihood": 31409.767507090757,
                "log_prior": 0.04243930128040248,
                "weight": 4.017312717070017e-05,
                "kwargs": {
                    "type": "dict",
                    "arguments": {
                        "galaxies.lens.mass.ell_comps.ell_comps_0": -0.06483516452876849,
                        "galaxies.lens.mass.ell_comps.ell_comps_1": -0.009634581407990062,
                        "galaxies.lens.mass.einstein_radius": 1.2728388320408563,
                        "galaxies.lens.mass.centre.centre_0": -0.0182806456522969,
                        "galaxies.lens.mass.centre.centre_1": -0.013143931688883058,
                        "galaxies.lens.mass.slope": 2.0759543481131044,
                        "galaxies.lens.shear.gamma_1": -0.005862900240280168,
                        "galaxies.lens.shear.gamma_2": 0.014511203547369057
                    }
                }
            }
        },
        "errors_at_sigma_1": {
            "type": "list",
            "values": [
                {
                    "type": "tuple",
                    "values": [
                        0.011559431765052211,
                        0.009872234841528889
                    ]
                },
                {
                    "type": "tuple",
                    "values": [
                        0.008336404589815005,
                        0.0090592843313858
                    ]
                },
                {
                    "type": "tuple",
                    "values": [
                        0.004819400634203941,
                        0.0075902352886600966
                    ]
                },
                {
                    "type": "tuple",
                    "values": [
                        0.003995140192701294,
                        0.003719459998041791
                    ]
                },
                {
                    "type": "tuple",
                    "values": [
                        0.003982311718830083,
                        0.0032805970654621926
                    ]
                },
                {
                    "type": "tuple",
                    "values": [
                        0.05206266712170615,
                        0.07180249334006383
                    ]
                },
                {
                    "type": "tuple",
                    "values": [
                        0.004274682264700449,
                        0.004872536481233316
                    ]
                },
                {
                    "type": "tuple",
                    "values": [
                        0.0058297857737550345,
                        0.005100838834469323
                    ]
                }
            ]
        },
        "log_evidence": 31374.39437557337,
        "values_at_sigma_3": {
            "type": "list",
            "values": [
                {
                    "type": "tuple",
                    "values": [
                        -0.10381237332450749,
                        -0.033911121111213305
                    ]
                },
                {
                    "type": "tuple",
                    "values": [
                        -0.0349576112032387,
                        0.01944456997771285
                    ]
                },
                {
                    "type": "tuple",
                    "values": [
                        1.260414683413713,
                        1.299505832115157
                    ]
                },
                {
                    "type": "tuple",
                    "values": [
                        -0.03106757373304495,
                        -0.006559926374552583
                    ]
                },
                {
                    "type": "tuple",
                    "values": [
                        -0.029178989813734683,
                        -0.0034658019778859295
                    ]
                },
                {
                    "type": "tuple",
                    "values": [
                        1.926272158645567,
                        2.2793024115682132
                    ]
                },
                {
                    "type": "tuple",
                    "values": [
                        -0.019113683397148945,
                        0.010515418258298987
                    ]
                },
                {
                    "type": "tuple",
                    "values": [
                        -0.0030502749144002174,
                        0.028887009704496522
                    ]
                }
            ]
        },
        "max_log_likelihood_sample": {
            "type": "instance",
            "class_path": "autofit.non_linear.samples.sample.Sample",
            "arguments": {
                "log_likelihood": 31409.767507090757,
                "log_prior": 0.04243930128040248,
                "weight": 4.017312717070017e-05,
                "kwargs": {
                    "type": "dict",
                    "arguments": {
                        "galaxies.lens.mass.ell_comps.ell_comps_0": -0.05877082110763107,
                        "galaxies.lens.mass.ell_comps.ell_comps_1": -0.012256026102415924,
                        "galaxies.lens.mass.einstein_radius": 1.2711965721562537,
                        "galaxies.lens.mass.centre.centre_0": -0.018281237494209863,
                        "galaxies.lens.mass.centre.centre_1": -0.010462291252503407,
                        "galaxies.lens.mass.slope": 2.06989278460578,
                        "galaxies.lens.shear.gamma_1": -0.00765247953817,
                        "galaxies.lens.shear.gamma_2": 0.01738629703601
                    }
                }
            }
        },
        "errors_at_sigma_3": {
            "type": "list",
            "values": [
                {
                    "type": "tuple",
                    "values": [
                        0.038977208795739,
                        0.030924043417555183
                    ]
                },
                {
                    "type": "tuple",
                    "values": [
                        0.02532302979524864,
                        0.02907915138570291
                    ]
                },
                {
                    "type": "tuple",
                    "values": [
                        0.01242414862714325,
                        0.026667000074300562
                    ]
                },
                {
                    "type": "tuple",
                    "values": [
                        0.01278692808074805,
                        0.011720719277744315
                    ]
                },
                {
                    "type": "tuple",
                    "values": [
                        0.016035058124851627,
                        0.009678129710997128
                    ]
                },
                {
                    "type": "tuple",
                    "values": [
                        0.14968218946753753,
                        0.2033480634551088
                    ]
                },
                {
                    "type": "tuple",
                    "values": [
                        0.013250783156868777,
                        0.016378318498579153
                    ]
                },
                {
                    "type": "tuple",
                    "values": [
                        0.017561478461769274,
                        0.014375806157127465
                    ]
                }
            ]
        },
        "model": null
    }
}