{
    "type": "instance",
    "class_path": "autofit.non_linear.samples.summary.SamplesSummary",
    "arguments": {
        "log_evidence": -40.78167626283854,
        "median_pdf_sample": {
            "type": "instance",
            "class_path": "autofit.non_linear.samples.sample.Sample",
            "arguments": {
                "log_likelihood": -18.794874996628234,
                "log_prior": 0.0,
                "weight": 0.0010423152253846866,
                "kwargs": {
                    "type": "dict",
                    "arguments": {
                        "ellipses.0.ell_comps.ell_comps_0": -0.01282412627908,
                        "ellipses.0.ell_comps.ell_comps_1": -0.00706524492761,
                        "multipoles.0.multipole_3.multipole_comps.multipole_comps_0": -0.00181018881297,
                        "multipoles.0.multipole_3.multipole_comps.multipole_comps_1": 0.007261330689575348,
                        "multipoles.0.multipole_4.multipole_comps.multipole_comps_0": 0.00830998294016,
                        "multipoles.0.multipole_4.multipole_comps.multipole_comps_1": 0.0012686541953483847
                    }
                }
            }
        },
        "errors_at_sigma_1": {
            "type": "list",
            "values": [
                {
                    "type": "tuple",
                    "values": [
                        0.0064793426261808805,
                        0.0058514570907662496
                    ]
                },
                {
                    "type": "tuple",
                    "values": [
                        0.003873191886474646,
                        0.00395598947143
                    ]
                },
                {
                    "type": "tuple",
                    "values": [
                        0.004157597237212381,
                        0.0038300652851233708
                    ]
                },
                {
                    "type": "tuple",
                    "values": [
                        0.006063493714905348,
                        0.004209648565684652
                    ]
                },
                {
                    "type": "tuple",
                    "values": [
                        0.0053582411698,
                        0.00596333926093
                    ]
                },
                {
                    "type": "tuple",
                    "values": [
                        0.009493138501627087,
                        0.008380836151151616
                    ]
                }
            ]
        },
        "max_log_likelihood_sample": {
            "type": "instance",
            "class_path": "autofit.non_linear.samples.sample.Sample",
            "arguments": {
                "log_likelihood": -18.794874996628234,
                "log_prior": 0.0,
                "weight": 0.0010423152253846866,
                "kwargs": {
                    "type": "dict",
                    "arguments": {
                        "ellipses.0.ell_comps.ell_comps_0": -0.010092452786,
                        "ellipses.0.ell_comps.ell_comps_1": -0.00712135395019,
                        "multipoles.0.multipole_3.multipole_comps.multipole_comps_0": -0.00295078191149,
                        "multipoles.0.multipole_3.multipole_comps.multipole_comps_1": 0.00630831250595,
                        "multipoles.0.multipole_4.multipole_comps.multipole_comps_0": 0.00918383653281,
                        "multipoles.0.multipole_4.multipole_comps.multipole_comps_1": -0.00203170925166
                    }
                }
            }
        },
        "values_at_sigma_3": {
            "type": "list",
            "values": [
                {
                    "type": "tuple",
                    "values": [
                        -0.02683815162327,
                        0.0006128674950396669
                    ]
                },
                {
                    "type": "tuple",
                    "values": [
                        -0.01943902291721,
                        0.00910841536012
                    ]
                },
                {
                    "type": "tuple",
                    "values": [
                        -0.010530079635758399,
                        0.01067456448958174
                    ]
                },
                {
                    "type": "tuple",
                    "values": [
                        -0.009466539512429255,
                        0.020662597170539858
                    ]
                },
                {
                    "type": "tuple",
                    "values": [
                        -0.013387731866150974,
                        0.023659414764730696
                    ]
                },
                {
                    "type": "tuple",
                    "values": [
                        -0.01765984642374,
                        0.02202697046967
                    ]
                }
            ]
        },
        "model": null,
        "errors_at_sigma_3": {
            "type": "list",
            "values": [
                {
                    "type": "tuple",
                    "values": [
                        0.014014025344189999,
                        0.013436993774119667
                    ]
                },
                {
                    "type": "tuple",
                    "values": [
                        0.012373777989599998,
                        0.01617366028773
                    ]
                },
                {
                    "type": "tuple",
                    "values": [
                        0.0087198908227884,
                        0.01248475330255174
                    ]
                },
                {
                    "type": "tuple",
                    "values": [
                        0.016727870202004603,
                        0.01340126648096451
                    ]
                },
                {
                    "type": "tuple",
                    "values": [
                        0.021697714806310976,
                        0.015349431824570695
                    ]
                },
                {
                    "type": "tuple",
                    "values": [
                        0.018928500619088386,
                        0.020758316274321616
                    ]
                }
            ]
        },
        "values_at_sigma_1": {
            "type": "list",
            "values": [
                {
                    "type": "tuple",
                    "values": [
                        -0.01930346890526088,
                        -0.006972669188313751
                    ]
                },
                {
                    "type": "tuple",
                    "values": [
                        -0.010938436814084646,
                        -0.00310925545618
                    ]
                },
                {
                    "type": "tuple",
                    "values": [
                        -0.005967786050182381,
                        0.0020198764721533705
                    ]
                },
                {
                    "type": "tuple",
                    "values": [
                        0.00119783697467,
                        0.01147097925526
                    ]
                },
                {
                    "type": "tuple",
                    "values": [
                        0.00295174177036,
                        0.01427332220109
                    ]
                },
                {
                    "type": "tuple",
                    "values": [
                        -0.008224484306278703,
                        0.0096494903465
                    ]
                }
            ]
        }
    }
}