{
    "type": "instance",
    "class_path": "autofit.non_linear.samples.summary.SamplesSummary",
    "arguments": {
        "values_at_sigma_3": {
            "type": "list",
            "values": [
                {
                    "type": "tuple",
                    "values": [
                        -0.06545159328375,
                        0.0185896111109
                    ]
                },
                {
                    "type": "tuple",
                    "values": [
                        -0.12328542795014431,
                        -0.04845144810318
                    ]
                },
                {
                    "type": "tuple",
                    "values": [
                        -0.07310883146194,
                        0.0992594256512371
                    ]
                },
                {
                    "type": "tuple",
                    "values": [
                        -0.02579955170561,
                        0.09672896574505667
                    ]
                },
                {
                    "type": "tuple",
                    "values": [
                        -0.09115999506354276,
                        0.06797880746921595
                    ]
                },
                {
                    "type": "tuple",
                    "values": [
                        -0.05765933543279,
                        0.09968481073995472
                    ]
                }
            ]
        },
        "values_at_sigma_1": {
            "type": "list",
            "values": [
                {
                    "type": "tuple",
                    "values": [
                        -0.04456565445914718,
                        -0.01868482362176
                    ]
                },
                {
                    "type": "tuple",
                    "values": [
                        -0.1076330676382,
                        -0.08584961329204
                    ]
                },
                {
                    "type": "tuple",
                    "values": [
                        0.01613972113259,
                        0.06125811404168457
                    ]
                },
                {
                    "type": "tuple",
                    "values": [
                        0.03080110231061,
                        0.06670569702464
                    ]
                },
                {
                    "type": "tuple",
                    "values": [
                        0.014163757958067602,
                        0.03880107813349
                    ]
                },
                {
                    "type": "tuple",
                    "values": [
                        0.01791553291340717,
                        0.08463288612662438
                    ]
                }
            ]
        },
        "errors_at_sigma_3": {
            "type": "list",
            "values": [
                {
                    "type": "tuple",
                    "values": [
                        0.0368864322434999,
                        0.047154772151150104
                    ]
                },
                {
                    "type": "tuple",
                    "values": [
                        0.02974849652225431,
                        0.045085483324710005
                    ]
                },
                {
                    "type": "tuple",
                    "values": [
                        0.11567887249044,
                        0.05668938462273711
                    ]
                },
                {
                    "type": "tuple",
                    "values": [
                        0.07552544537643,
                        0.04700307207423667
                    ]
                },
                {
                    "type": "tuple",
                    "values": [
                        0.1182882841687839,
                        0.040850518363974804
                    ]
                },
                {
                    "type": "tuple",
                    "values": [
                        0.11555089081196078,
                        0.04179325536078394
                    ]
                }
            ]
        },
        "model": null,
        "errors_at_sigma_1": {
            "type": "list",
            "values": [
                {
                    "type": "tuple",
                    "values": [
                        0.016000493418897078,
                        0.009880337418490103
                    ]
                },
                {
                    "type": "tuple",
                    "values": [
                        0.01409613621031,
                        0.00768731813585001
                    ]
                },
                {
                    "type": "tuple",
                    "values": [
                        0.026430319895909996,
                        0.01868807301318457
                    ]
                },
                {
                    "type": "tuple",
                    "values": [
                        0.018924791360209997,
                        0.01697980335382001
                    ]
                },
                {
                    "type": "tuple",
                    "values": [
                        0.01296453114717354,
                        0.011672789028248858
                    ]
                },
                {
                    "type": "tuple",
                    "values": [
                        0.03997602246576361,
                        0.0267413307474536
                    ]
                }
            ]
        },
        "max_log_likelihood_sample": {
            "type": "instance",
            "class_path": "autofit.non_linear.samples.sample.Sample",
            "arguments": {
                "log_likelihood": -38.97578066431705,
                "log_prior": 0.0,
                "weight": 0.0010241815031617769,
                "kwargs": {
                    "type": "dict",
                    "arguments": {
                        "ellipses.0.ell_comps.ell_comps_0": -0.02466231686428,
                        "ellipses.0.ell_comps.ell_comps_1": -0.09932714673266,
                        "multipoles.0.multipole_3.multipole_comps.multipole_comps_0": 0.00875542013056,
                        "multipoles.0.multipole_3.multipole_comps.multipole_comps_1": 0.05479788471306,
                        "multipoles.0.multipole_4.multipole_comps.multipole_comps_0": 0.02660411616478,
                        "multipoles.0.multipole_4.multipole_comps.multipole_comps_1": 0.00965380176458
                    }
                }
            }
        },
        "log_evidence": -55.430988616491746,
        "median_pdf_sample": {
            "type": "instance",
            "class_path": "autofit.non_linear.samples.sample.Sample",
            "arguments": {
                "log_likelihood": -38.97578066431705,
                "log_prior": 0.0,
                "weight": 0.0010241815031617769,
                "kwargs": {
                    "type": "dict",
                    "arguments": {
                        "ellipses.0.ell_comps.ell_comps_0": -0.028565161040250104,
                        "ellipses.0.ell_comps.ell_comps_1": -0.09353693142789,
                        "multipoles.0.multipole_3.multipole_comps.multipole_comps_0": 0.0425700410285,
                        "multipoles.0.multipole_3.multipole_comps.multipole_comps_1": 0.04972589367082,
                        "multipoles.0.multipole_4.multipole_comps.multipole_comps_0": 0.027128289105241142,
                        "multipoles.0.multipole_4.multipole_comps.multipole_comps_1": 0.05789155537917078
                    }
                }
            }
        }
    }
}