{
    "type": "instance",
    "class_path": "autofit.non_linear.samples.summary.SamplesSummary",
    "arguments": {
        "values_at_sigma_3": {
            "type": "list",
            "values": [
                {
                    "type": "tuple",
                    "values": [
                        0.03449348362584712,
                        0.09452489316677
                    ]
                },
                {
                    "type": "tuple",
                    "values": [
                        -0.1271088970291208,
                        -0.059347470107844316
                    ]
                },
                {
                    "type": "tuple",
                    "values": [
                        -0.13238181666755,
                        0.1958379450185724
                    ]
                },
                {
                    "type": "tuple",
                    "values": [
                        -0.09602734493964966,
                        0.1031682105699
                    ]
                },
                {
                    "type": "tuple",
                    "values": [
                        -0.0646733613726677,
                        0.09876725110792
                    ]
                },
                {
                    "type": "tuple",
                    "values": [
                        -0.09662112829429,
                        0.09685067920892022
                    ]
                },
                {
                    "type": "tuple",
                    "values": [
                        -0.09363934871833,
                        0.09993798912295827
                    ]
                },
                {
                    "type": "tuple",
                    "values": [
                        -0.09696359681007917,
                        0.0892535176922688
                    ]
                }
            ]
        },
        "errors_at_sigma_1": {
            "type": "list",
            "values": [
                {
                    "type": "tuple",
                    "values": [
                        0.022272440046304243,
                        0.00713312295584119
                    ]
                },
                {
                    "type": "tuple",
                    "values": [
                        0.004070657807319994,
                        0.01670564709293669
                    ]
                },
                {
                    "type": "tuple",
                    "values": [
                        0.04694146204965828,
                        0.1098844686375702
                    ]
                },
                {
                    "type": "tuple",
                    "values": [
                        0.0228558208964672,
                        0.04401780413295413
                    ]
                },
                {
                    "type": "tuple",
                    "values": [
                        0.03903663968474,
                        0.06401841293850175
                    ]
                },
                {
                    "type": "tuple",
                    "values": [
                        0.06519909304618302,
                        0.05301452436317958
                    ]
                },
                {
                    "type": "tuple",
                    "values": [
                        0.04963570520119943,
                        0.08521554918453637
                    ]
                },
                {
                    "type": "tuple",
                    "values": [
                        0.01996895997426,
                        0.08623896041953671
                    ]
                }
            ]
        },
        "median_pdf_sample": {
            "type": "instance",
            "class_path": "autofit.non_linear.samples.sample.Sample",
            "arguments": {
                "log_likelihood": -50.78347137098787,
                "log_prior": 0.0,
                "weight": 0.0008708143161524759,
                "kwargs": {
                    "type": "dict",
                    "arguments": {
                        "ellipses.0.ell_comps.ell_comps_0": 0.06513042354207,
                        "ellipses.0.ell_comps.ell_comps_1": -0.10267439285979,
                        "multipoles.0.multipole_1.multipole_comps.multipole_comps_0": -0.012398573985694503,
                        "multipoles.0.multipole_1.multipole_comps.multipole_comps_1": -0.02192175465004,
                        "multipoles.0.multipole_3.multipole_comps.multipole_comps_0": 0.01473451611345,
                        "multipoles.0.multipole_3.multipole_comps.multipole_comps_1": -0.002192950719639578,
                        "multipoles.0.multipole_4.multipole_comps.multipole_comps_0": 0.006122278343063642,
                        "multipoles.0.multipole_4.multipole_comps.multipole_comps_1": -0.0376647970139
                    }
                }
            }
        },
        "max_log_likelihood_sample": {
            "type": "instance",
            "class_path": "autofit.non_linear.samples.sample.Sample",
            "arguments": {
                "log_likelihood": -50.78347137098787,
                "log_prior": 0.0,
                "weight": 0.0008708143161524759,
                "kwargs": {
                    "type": "dict",
                    "arguments": {
                        "ellipses.0.ell_comps.ell_comps_0": 0.06735149279861,
                        "ellipses.0.ell_comps.ell_comps_1": -0.10339576750291,
                        "multipoles.0.multipole_1.multipole_comps.multipole_comps_0": -0.05927731747995,
                        "multipoles.0.multipole_1.multipole_comps.multipole_comps_1": -0.04066129858497,
                        "multipoles.0.multipole_3.multipole_comps.multipole_comps_0": -0.00256700538988,
                        "multipoles.0.multipole_3.multipole_comps.multipole_comps_1": 0.01409670290845,
                        "multipoles.0.multipole_4.multipole_comps.multipole_comps_0": -0.05286870250149,
                        "multipoles.0.multipole_4.multipole_comps.multipole_comps_1": -0.04925345160873
                    }
                }
            }
        },
        "values_at_sigma_1": {
            "type": "list",
            "values": [
                {
                    "type": "tuple",
                    "values": [
                        0.042857983495765764,
                        0.0722635464979112
                    ]
                },
                {
                    "type": "tuple",
                    "values": [
                        -0.10674505066711,
                        -0.08596874576685332
                    ]
                },
                {
                    "type": "tuple",
                    "values": [
                        -0.05934003603535278,
                        0.0974858946518757
                    ]
                },
                {
                    "type": "tuple",
                    "values": [
                        -0.0447775755465072,
                        0.022096049482914125
                    ]
                },
                {
                    "type": "tuple",
                    "values": [
                        -0.02430212357129,
                        0.07875292905195175
                    ]
                },
                {
                    "type": "tuple",
                    "values": [
                        -0.0673920437658226,
                        0.05082157364354
                    ]
                },
                {
                    "type": "tuple",
                    "values": [
                        -0.043513426858135786,
                        0.09133782752760002
                    ]
                },
                {
                    "type": "tuple",
                    "values": [
                        -0.05763375698816,
                        0.04857416340563672
                    ]
                }
            ]
        },
        "model": null,
        "log_evidence": -70.93869449259961,
        "errors_at_sigma_3": {
            "type": "list",
            "values": [
                {
                    "type": "tuple",
                    "values": [
                        0.030636939916222884,
                        0.029394469624699993
                    ]
                },
                {
                    "type": "tuple",
                    "values": [
                        0.02443450416933078,
                        0.04332692275194569
                    ]
                },
                {
                    "type": "tuple",
                    "values": [
                        0.11998324268185549,
                        0.2082365190042669
                    ]
                },
                {
                    "type": "tuple",
                    "values": [
                        0.07410559028960967,
                        0.12508996521994
                    ]
                },
                {
                    "type": "tuple",
                    "values": [
                        0.0794078774861177,
                        0.08403273499447
                    ]
                },
                {
                    "type": "tuple",
                    "values": [
                        0.09442817757465041,
                        0.0990436299285598
                    ]
                },
                {
                    "type": "tuple",
                    "values": [
                        0.09976162706139365,
                        0.09381571077989463
                    ]
                },
                {
                    "type": "tuple",
                    "values": [
                        0.05929879979617917,
                        0.1269183147061688
                    ]
                }
            ]
        }
    }
}