{
    "type": "instance",
    "class_path": "autofit.non_linear.samples.summary.SamplesSummary",
    "arguments": {
        "max_log_likelihood_sample": {
            "type": "instance",
            "class_path": "autofit.non_linear.samples.sample.Sample",
            "arguments": {
                "log_likelihood": -38.281580629878164,
                "log_prior": 0.0,
                "weight": 0.001019625357065991,
                "kwargs": {
                    "type": "dict",
                    "arguments": {
                        "ellipses.0.ell_comps.ell_comps_0": 0.04918696997618,
                        "ellipses.0.ell_comps.ell_comps_1": 0.07932048844243,
                        "multipoles.0.multipole_3.multipole_comps.multipole_comps_0": -0.02363156471774,
                        "multipoles.0.multipole_3.multipole_comps.multipole_comps_1": 0.03868663041804,
                        "multipoles.0.multipole_4.multipole_comps.multipole_comps_0": 0.06995629218701,
                        "multipoles.0.multipole_4.multipole_comps.multipole_comps_1": 0.06506502423224
                    }
                }
            }
        },
        "model": null,
        "median_pdf_sample": {
            "type": "instance",
            "class_path": "autofit.non_linear.samples.sample.Sample",
            "arguments": {
                "log_likelihood": -38.281580629878164,
                "log_prior": 0.0,
                "weight": 0.001019625357065991,
                "kwargs": {
                    "type": "dict",
                    "arguments": {
                        "ellipses.0.ell_comps.ell_comps_0": 0.07523481396349,
                        "ellipses.0.ell_comps.ell_comps_1": 0.07318510544903213,
                        "multipoles.0.multipole_3.multipole_comps.multipole_comps_0": -0.0344760742374296,
                        "multipoles.0.multipole_3.multipole_comps.multipole_comps_1": 0.02929554027166,
                        "multipoles.0.multipole_4.multipole_comps.multipole_comps_0": 0.004381341684800634,
                        "multipoles.0.multipole_4.multipole_comps.multipole_comps_1": 0.05835789676956047
                    }
                }
            }
        },
        "errors_at_sigma_3": {
            "type": "list",
            "values": [
                {
                    "type": "tuple",
                    "values": [
                        0.03952758203985,
                        0.028082096261390008
                    ]
                },
                {
                    "type": "tuple",
                    "values": [
                        0.024961189688274675,
                        0.017151970772185846
                    ]
                },
                {
                    "type": "tuple",
                    "values": [
                        0.058377398623191495,
                        0.0843884886586196
                    ]
                },
                {
                    "type": "tuple",
                    "values": [
                        0.09882126862903,
                        0.06417815037551
                    ]
                },
                {
                    "type": "tuple",
                    "values": [
                        0.0848841230862262,
                        0.08997649794828941
                    ]
                },
                {
                    "type": "tuple",
                    "values": [
                        0.11301691362162047,
                        0.04133625271853641
                    ]
                }
            ]
        },
        "values_at_sigma_1": {
            "type": "list",
            "values": [
                {
                    "type": "tuple",
                    "values": [
                        0.04890626123793,
                        0.0797551919775268
                    ]
                },
                {
                    "type": "tuple",
                    "values": [
                        0.06800090255976651,
                        0.07902300781968889
                    ]
                },
                {
                    "type": "tuple",
                    "values": [
                        -0.05620195555628,
                        -0.0055333433693556516
                    ]
                },
                {
                    "type": "tuple",
                    "values": [
                        -0.00504878518161646,
                        0.05311496826108325
                    ]
                },
                {
                    "type": "tuple",
                    "values": [
                        -0.02419297781283,
                        0.0562654093157347
                    ]
                },
                {
                    "type": "tuple",
                    "values": [
                        0.024330855042733846,
                        0.08732401601173
                    ]
                }
            ]
        },
        "log_evidence": -53.55545370874775,
        "values_at_sigma_3": {
            "type": "list",
            "values": [
                {
                    "type": "tuple",
                    "values": [
                        0.03570723192364,
                        0.10331691022488
                    ]
                },
                {
                    "type": "tuple",
                    "values": [
                        0.048223915760757456,
                        0.09033707622121798
                    ]
                },
                {
                    "type": "tuple",
                    "values": [
                        -0.0928534728606211,
                        0.04991241442119
                    ]
                },
                {
                    "type": "tuple",
                    "values": [
                        -0.06952572835737,
                        0.09347369064717
                    ]
                },
                {
                    "type": "tuple",
                    "values": [
                        -0.08050278140142557,
                        0.09435783963309004
                    ]
                },
                {
                    "type": "tuple",
                    "values": [
                        -0.05465901685206,
                        0.09969414948809688
                    ]
                }
            ]
        },
        "errors_at_sigma_1": {
            "type": "list",
            "values": [
                {
                    "type": "tuple",
                    "values": [
                        0.026328552725559992,
                        0.004520378014036805
                    ]
                },
                {
                    "type": "tuple",
                    "values": [
                        0.005184202889265618,
                        0.005837902370656761
                    ]
                },
                {
                    "type": "tuple",
                    "values": [
                        0.0217258813188504,
                        0.028942730868073946
                    ]
                },
                {
                    "type": "tuple",
                    "values": [
                        0.03434432545327646,
                        0.023819427989423252
                    ]
                },
                {
                    "type": "tuple",
                    "values": [
                        0.028574319497630632,
                        0.05188406763093406
                    ]
                },
                {
                    "type": "tuple",
                    "values": [
                        0.03402704172682662,
                        0.028966119242169526
                    ]
                }
            ]
        }
    }
}