{
    "type": "instance",
    "class_path": "autofit.non_linear.samples.summary.SamplesSummary",
    "arguments": {
        "log_evidence": -238.78900709048648,
        "errors_at_sigma_3": {
            "type": "list",
            "values": [
                {
                    "type": "tuple",
                    "values": [
                        0.0019940435602945595,
                        0.0016264776533967166
                    ]
                },
                {
                    "type": "tuple",
                    "values": [
                        0.0019837204704460866,
                        0.00193814729691597
                    ]
                },
                {
                    "type": "tuple",
                    "values": [
                        0.009178245712621581,
                        0.0077486464245148014
                    ]
                },
                {
                    "type": "tuple",
                    "values": [
                        0.005625919866593117,
                        0.007148839850335514
                    ]
                },
                {
                    "type": "tuple",
                    "values": [
                        0.00336872809696,
                        0.0023834405667643704
                    ]
                },
                {
                    "type": "tuple",
                    "values": [
                        0.002190830654547839,
                        0.0025385784683639593
                    ]
                },
                {
                    "type": "tuple",
                    "values": [
                        0.002078100554167601,
                        0.0025161670405300226
                    ]
                },
                {
                    "type": "tuple",
                    "values": [
                        0.0019713618627832784,
                        0.0015733631658067216
                    ]
                },
                {
                    "type": "tuple",
                    "values": [
                        0.00230240400928564,
                        0.002215459007970429
                    ]
                },
                {
                    "type": "tuple",
                    "values": [
                        0.0027977240135432474,
                        0.0020333284603214685
                    ]
                },
                {
                    "type": "tuple",
                    "values": [
                        0.0085347418042,
                        0.01013456801697
                    ]
                },
                {
                    "type": "tuple",
                    "values": [
                        0.010863318013709988,
                        0.00753898110738907
                    ]
                },
                {
                    "type": "tuple",
                    "values": [
                        0.006572078905257706,
                        0.006448477853099507
                    ]
                },
                {
                    "type": "tuple",
                    "values": [
                        0.006284974391088225,
                        0.006210891096401503
                    ]
                },
                {
                    "type": "tuple",
                    "values": [
                        0.006966079562367097,
                        0.005740853784692072
                    ]
                },
                {
                    "type": "tuple",
                    "values": [
                        0.004363100683494559,
                        0.005544878785885441
                    ]
                },
                {
                    "type": "tuple",
                    "values": [
                        0.007603429347986763,
                        0.00746937060541
                    ]
                },
                {
                    "type": "tuple",
                    "values": [
                        0.01090598302134,
                        0.010064339809301534
                    ]
                },
                {
                    "type": "tuple",
                    "values": [
                        0.010243777911400367,
                        0.008093730439656416
                    ]
                },
                {
                    "type": "tuple",
                    "values": [
                        0.014627670565010173,
                        0.013499014212946345
                    ]
                },
                {
                    "type": "tuple",
                    "values": [
                        0.015822183620516343,
                        0.019303461331218488
                    ]
                },
                {
                    "type": "tuple",
                    "values": [
                        0.016601504782872697,
                        0.01580105557545989
                    ]
                },
                {
                    "type": "tuple",
                    "values": [
                        0.020097247086269997,
                        0.017227522738374256
                    ]
                },
                {
                    "type": "tuple",
                    "values": [
                        0.01459025971585362,
                        0.014321675834597538
                    ]
                },
                {
                    "type": "tuple",
                    "values": [
                        0.024724833738441206,
                        0.02802782374069646
                    ]
                },
                {
                    "type": "tuple",
                    "values": [
                        0.020131280769603462,
                        0.022441297741676376
                    ]
                },
                {
                    "type": "tuple",
                    "values": [
                        0.007891893743079997,
                        0.008046790019099595
                    ]
                },
                {
                    "type": "tuple",
                    "values": [
                        0.010566593084051418,
                        0.010622732395205267
                    ]
                },
                {
                    "type": "tuple",
                    "values": [
                        0.05725314571442063,
                        0.03744129586727753
                    ]
                },
                {
                    "type": "tuple",
                    "values": [
                        0.020603631125692197,
                        0.029152401116887803
                    ]
                },
                {
                    "type": "tuple",
                    "values": [
                        0.01363056969973505,
                        0.01741435682992611
                    ]
                },
                {
                    "type": "tuple",
                    "values": [
                        0.011539146667251681,
                        0.019012432977977486
                    ]
                },
                {
                    "type": "tuple",
                    "values": [
                        0.03330355995233,
                        0.02562582242077273
                    ]
                },
                {
                    "type": "tuple",
                    "values": [
                        0.016754474061658576,
                        0.016297710858011422
                    ]
                },
                {
                    "type": "tuple",
                    "values": [
                        0.02771018969827929,
                        0.024339458929930828
                    ]
                },
                {
                    "type": "tuple",
                    "values": [
                        0.017938472332285307,
                        0.025064514932653395
                    ]
                },
                {
                    "type": "tuple",
                    "values": [
                        0.09669024342324808,
                        0.061011724808519845
                    ]
                },
                {
                    "type": "tuple",
                    "values": [
                        0.061588595702707284,
                        0.036643755525950866
                    ]
                },
                {
                    "type": "tuple",
                    "values": [
                        0.03587360198899581,
                        0.03689776452416114
                    ]
                },
                {
                    "type": "tuple",
                    "values": [
                        0.030820999560124688,
                        0.03204708644188531
                    ]
                },
                {
                    "type": "tuple",
                    "values": [
                        0.04052509699934485,
                        0.039008252434073076
                    ]
                },
                {
                    "type": "tuple",
                    "values": [
                        0.014070030417737413,
                        0.011842276815625967
                    ]
                }
            ]
        },
        "median_pdf_sample": {
            "type": "instance",
            "class_path": "autofit.non_linear.samples.sample.Sample",
            "arguments": {
                "log_likelihood": -149.40459651298022,
                "log_prior": 0.0,
                "weight": 0.0011147920437800827,
                "kwargs": {
                    "type": "dict",
                    "arguments": {
                        "ellipses.ellipse_4.centre.centre_0": 0.0005434735270845594,
                        "ellipses.ellipse_4.centre.centre_1": -0.0003446189568839134,
                        "ellipses.ellipse_0.ell_comps.ell_comps_0": -0.008035358664634801,
                        "ellipses.ellipse_0.ell_comps.ell_comps_1": 0.06522453902211,
                        "multipoles.0.multipole_1.multipole_comps.multipole_comps_0": 0.00158748757217,
                        "multipoles.0.multipole_1.multipole_comps.multipole_comps_1": 0.0034052261123,
                        "multipoles.0.multipole_3.multipole_comps.multipole_comps_0": -0.00107208445007,
                        "multipoles.0.multipole_3.multipole_comps.multipole_comps_1": 0.0011512067853232783,
                        "multipoles.0.multipole_4.multipole_comps.multipole_comps_0": 0.00041465351813957136,
                        "multipoles.0.multipole_4.multipole_comps.multipole_comps_1": 6.502104747853159e-05,
                        "ellipses.ellipse_1.ell_comps.ell_comps_0": -0.01971506541056,
                        "ellipses.ellipse_1.ell_comps.ell_comps_1": 0.08948782182033,
                        "multipoles.1.multipole_1.multipole_comps.multipole_comps_0": 0.00831159083025,
                        "multipoles.1.multipole_1.multipole_comps.multipole_comps_1": 0.005175167009529117,
                        "multipoles.1.multipole_3.multipole_comps.multipole_comps_0": -0.0022445501977720727,
                        "multipoles.1.multipole_3.multipole_comps.multipole_comps_1": 0.0037537568391545584,
                        "multipoles.1.multipole_4.multipole_comps.multipole_comps_0": -0.00738502504671,
                        "multipoles.1.multipole_4.multipole_comps.multipole_comps_1": -0.00227634646665,
                        "ellipses.ellipse_2.ell_comps.ell_comps_0": -0.03156878349811313,
                        "ellipses.ellipse_2.ell_comps.ell_comps_1": 0.06892716105737366,
                        "multipoles.2.multipole_1.multipole_comps.multipole_comps_0": 0.00029627234048151135,
                        "multipoles.2.multipole_1.multipole_comps.multipole_comps_1": 0.015144227396388496,
                        "multipoles.2.multipole_3.multipole_comps.multipole_comps_0": -0.01654780242968,
                        "multipoles.2.multipole_3.multipole_comps.multipole_comps_1": 0.0008386567586,
                        "multipoles.2.multipole_4.multipole_comps.multipole_comps_0": -0.00331789091479,
                        "multipoles.2.multipole_4.multipole_comps.multipole_comps_1": -0.0037062353837765357,
                        "ellipses.ellipse_3.ell_comps.ell_comps_0": -0.05366056166683,
                        "ellipses.ellipse_3.ell_comps.ell_comps_1": 0.0681470947294,
                        "multipoles.3.multipole_1.multipole_comps.multipole_comps_0": 0.026780108962212473,
                        "multipoles.3.multipole_1.multipole_comps.multipole_comps_1": 0.00025540875484219677,
                        "multipoles.3.multipole_3.multipole_comps.multipole_comps_0": -0.02139348458178611,
                        "multipoles.3.multipole_3.multipole_comps.multipole_comps_1": -0.02637860002506,
                        "multipoles.3.multipole_4.multipole_comps.multipole_comps_0": 0.0130034499158,
                        "multipoles.3.multipole_4.multipole_comps.multipole_comps_1": 0.030679582408228576,
                        "ellipses.ellipse_4.ell_comps.ell_comps_0": -0.0797120680431807,
                        "ellipses.ellipse_4.ell_comps.ell_comps_1": 0.05765943211642209,
                        "multipoles.4.multipole_1.multipole_comps.multipole_comps_0": 0.04006785011366016,
                        "multipoles.4.multipole_1.multipole_comps.multipole_comps_1": 0.07175311154429352,
                        "multipoles.4.multipole_3.multipole_comps.multipole_comps_0": 0.04861885033190581,
                        "multipoles.4.multipole_3.multipole_comps.multipole_comps_1": -0.02875519417631531,
                        "multipoles.4.multipole_4.multipole_comps.multipole_comps_0": -0.012547531422373076,
                        "multipoles.4.multipole_4.multipole_comps.multipole_comps_1": -0.012202368512937703
                    }
                }
            }
        },
        "errors_at_sigma_1": {
            "type": "list",
            "values": [
                {
                    "type": "tuple",
                    "values": [
                        0.0006833999056625645,
                        0.0005953813345800233
                    ]
                },
                {
                    "type": "tuple",
                    "values": [
                        0.0006506328777333339,
                        0.0005702831774191684
                    ]
                },
                {
                    "type": "tuple",
                    "values": [
                        0.002989878214545199,
                        0.002575817086596692
                    ]
                },
                {
                    "type": "tuple",
                    "values": [
                        0.0020598565166600052,
                        0.0017942812600699881
                    ]
                },
                {
                    "type": "tuple",
                    "values": [
                        0.0009623099698311268,
                        0.0007878514882446188
                    ]
                },
                {
                    "type": "tuple",
                    "values": [
                        0.0007148517927085189,
                        0.0006648339968990573
                    ]
                },
                {
                    "type": "tuple",
                    "values": [
                        0.0006561460431216994,
                        0.00068222325465
                    ]
                },
                {
                    "type": "tuple",
                    "values": [
                        0.0006096769978032783,
                        0.0005965082638267217
                    ]
                },
                {
                    "type": "tuple",
                    "values": [
                        0.0008874720370720888,
                        0.0008893104244404286
                    ]
                },
                {
                    "type": "tuple",
                    "values": [
                        0.0006677963945192676,
                        0.0006501065941097051
                    ]
                },
                {
                    "type": "tuple",
                    "values": [
                        0.0023482547739446594,
                        0.002999341741073327
                    ]
                },
                {
                    "type": "tuple",
                    "values": [
                        0.0032296363544099954,
                        0.0025587287197944564
                    ]
                },
                {
                    "type": "tuple",
                    "values": [
                        0.0020913971293057936,
                        0.00220679417334
                    ]
                },
                {
                    "type": "tuple",
                    "values": [
                        0.0017974236430038548,
                        0.0024587262518371298
                    ]
                },
                {
                    "type": "tuple",
                    "values": [
                        0.001953194971193042,
                        0.002057409280470568
                    ]
                },
                {
                    "type": "tuple",
                    "values": [
                        0.00172023849295086,
                        0.0013215842901950748
                    ]
                },
                {
                    "type": "tuple",
                    "values": [
                        0.0022411231495906066,
                        0.0022029624046700008
                    ]
                },
                {
                    "type": "tuple",
                    "values": [
                        0.003221677217899996,
                        0.0029816284492520688
                    ]
                },
                {
                    "type": "tuple",
                    "values": [
                        0.003108386721925073,
                        0.002659139800463131
                    ]
                },
                {
                    "type": "tuple",
                    "values": [
                        0.005173319151409547,
                        0.0033878404590563377
                    ]
                },
                {
                    "type": "tuple",
                    "values": [
                        0.006122621037931511,
                        0.005759978067728488
                    ]
                },
                {
                    "type": "tuple",
                    "values": [
                        0.007200467156758497,
                        0.006221577468150668
                    ]
                },
                {
                    "type": "tuple",
                    "values": [
                        0.006271687657619998,
                        0.005818074789895872
                    ]
                },
                {
                    "type": "tuple",
                    "values": [
                        0.004071290706912488,
                        0.0046901269132527445
                    ]
                },
                {
                    "type": "tuple",
                    "values": [
                        0.007569457343790718,
                        0.007041558199548012
                    ]
                },
                {
                    "type": "tuple",
                    "values": [
                        0.008411065034253465,
                        0.007062596728037161
                    ]
                },
                {
                    "type": "tuple",
                    "values": [
                        0.002703854888729998,
                        0.0026936422298203394
                    ]
                },
                {
                    "type": "tuple",
                    "values": [
                        0.0032896767903745766,
                        0.002630395827043608
                    ]
                },
                {
                    "type": "tuple",
                    "values": [
                        0.021818919387742473,
                        0.01427907657080045
                    ]
                },
                {
                    "type": "tuple",
                    "values": [
                        0.007819745063342197,
                        0.007532851938655821
                    ]
                },
                {
                    "type": "tuple",
                    "values": [
                        0.004757883137392654,
                        0.0054163236658980735
                    ]
                },
                {
                    "type": "tuple",
                    "values": [
                        0.004905719324862685,
                        0.00627877586776
                    ]
                },
                {
                    "type": "tuple",
                    "values": [
                        0.00931206746950179,
                        0.00814647549779962
                    ]
                },
                {
                    "type": "tuple",
                    "values": [
                        0.005458114300869125,
                        0.006163013081544894
                    ]
                },
                {
                    "type": "tuple",
                    "values": [
                        0.002521490006711369,
                        0.009769737798020706
                    ]
                },
                {
                    "type": "tuple",
                    "values": [
                        0.009147069440657442,
                        0.009007749495127906
                    ]
                },
                {
                    "type": "tuple",
                    "values": [
                        0.0425390818115539,
                        0.01710617013862984
                    ]
                },
                {
                    "type": "tuple",
                    "values": [
                        0.02449819919590352,
                        0.014605633159389037
                    ]
                },
                {
                    "type": "tuple",
                    "values": [
                        0.010975144846453747,
                        0.013405489704870044
                    ]
                },
                {
                    "type": "tuple",
                    "values": [
                        0.009012838166445544,
                        0.01017812336426531
                    ]
                },
                {
                    "type": "tuple",
                    "values": [
                        0.014687950990038617,
                        0.013705210608383075
                    ]
                },
                {
                    "type": "tuple",
                    "values": [
                        0.005723638750072297,
                        0.004332268501307702
                    ]
                }
            ]
        },
        "model": null,
        "values_at_sigma_3": {
            "type": "list",
            "values": [
                {
                    "type": "tuple",
                    "values": [
                        -0.00145057003321,
                        0.002169951180481276
                    ]
                },
                {
                    "type": "tuple",
                    "values": [
                        -0.00232833942733,
                        0.0015935283400320566
                    ]
                },
                {
                    "type": "tuple",
                    "values": [
                        -0.017213604377256383,
                        -0.00028671224012
                    ]
                },
                {
                    "type": "tuple",
                    "values": [
                        0.05959861915551689,
                        0.07237337887244552
                    ]
                },
                {
                    "type": "tuple",
                    "values": [
                        -0.00178124052479,
                        0.00397092813893437
                    ]
                },
                {
                    "type": "tuple",
                    "values": [
                        0.0012143954577521609,
                        0.005943804580663959
                    ]
                },
                {
                    "type": "tuple",
                    "values": [
                        -0.003150185004237601,
                        0.0014440825904600226
                    ]
                },
                {
                    "type": "tuple",
                    "values": [
                        -0.00082015507746,
                        0.00272456995113
                    ]
                },
                {
                    "type": "tuple",
                    "values": [
                        -0.0018877504911460688,
                        0.00263011252611
                    ]
                },
                {
                    "type": "tuple",
                    "values": [
                        -0.0027327029660647157,
                        0.0020983495078
                    ]
                },
                {
                    "type": "tuple",
                    "values": [
                        -0.02824980721476,
                        -0.00958049739359
                    ]
                },
                {
                    "type": "tuple",
                    "values": [
                        0.07862450380662,
                        0.09702680292771906
                    ]
                },
                {
                    "type": "tuple",
                    "values": [
                        0.001739511924992294,
                        0.014760068683349507
                    ]
                },
                {
                    "type": "tuple",
                    "values": [
                        -0.0011098073815591076,
                        0.01138605810593062
                    ]
                },
                {
                    "type": "tuple",
                    "values": [
                        -0.00921062976013917,
                        0.00349630358692
                    ]
                },
                {
                    "type": "tuple",
                    "values": [
                        -0.00060934384434,
                        0.00929863562504
                    ]
                },
                {
                    "type": "tuple",
                    "values": [
                        -0.014988454394696763,
                        8.43455587e-05
                    ]
                },
                {
                    "type": "tuple",
                    "values": [
                        -0.01318232948799,
                        0.007787993342651534
                    ]
                },
                {
                    "type": "tuple",
                    "values": [
                        -0.0418125614095135,
                        -0.023475053058456714
                    ]
                },
                {
                    "type": "tuple",
                    "values": [
                        0.05429949049236349,
                        0.08242617527032
                    ]
                },
                {
                    "type": "tuple",
                    "values": [
                        -0.015525911280034832,
                        0.0195997336717
                    ]
                },
                {
                    "type": "tuple",
                    "values": [
                        -0.0014572773864842013,
                        0.030945282971848384
                    ]
                },
                {
                    "type": "tuple",
                    "values": [
                        -0.03664504951595,
                        0.0006797203086942549
                    ]
                },
                {
                    "type": "tuple",
                    "values": [
                        -0.01375160295725362,
                        0.015160332593197538
                    ]
                },
                {
                    "type": "tuple",
                    "values": [
                        -0.028042724653231207,
                        0.024709932825906458
                    ]
                },
                {
                    "type": "tuple",
                    "values": [
                        -0.02383751615338,
                        0.01873506235789984
                    ]
                },
                {
                    "type": "tuple",
                    "values": [
                        -0.06155245540991,
                        -0.04561377164773041
                    ]
                },
                {
                    "type": "tuple",
                    "values": [
                        0.057580501645348586,
                        0.07876982712460527
                    ]
                },
                {
                    "type": "tuple",
                    "values": [
                        -0.03047303675220816,
                        0.06422140482949
                    ]
                },
                {
                    "type": "tuple",
                    "values": [
                        -0.02034822237085,
                        0.02940780987173
                    ]
                },
                {
                    "type": "tuple",
                    "values": [
                        -0.03502405428152116,
                        -0.00397912775186
                    ]
                },
                {
                    "type": "tuple",
                    "values": [
                        -0.03791774669231168,
                        -0.007366167047082514
                    ]
                },
                {
                    "type": "tuple",
                    "values": [
                        -0.02030011003653,
                        0.03862927233657273
                    ]
                },
                {
                    "type": "tuple",
                    "values": [
                        0.01392510834657,
                        0.04697729326624
                    ]
                },
                {
                    "type": "tuple",
                    "values": [
                        -0.10742225774146,
                        -0.05537260911324988
                    ]
                },
                {
                    "type": "tuple",
                    "values": [
                        0.03972095978413678,
                        0.08272394704907549
                    ]
                },
                {
                    "type": "tuple",
                    "values": [
                        -0.05662239330958792,
                        0.10107957492218
                    ]
                },
                {
                    "type": "tuple",
                    "values": [
                        0.010164515841586239,
                        0.10839686707024439
                    ]
                },
                {
                    "type": "tuple",
                    "values": [
                        0.01274524834291,
                        0.08551661485606694
                    ]
                },
                {
                    "type": "tuple",
                    "values": [
                        -0.05957619373644,
                        0.00329189226557
                    ]
                },
                {
                    "type": "tuple",
                    "values": [
                        -0.05307262842171793,
                        0.0264607210117
                    ]
                },
                {
                    "type": "tuple",
                    "values": [
                        -0.026272398930675116,
                        -0.00036009169731173666
                    ]
                }
            ]
        },
        "values_at_sigma_1": {
            "type": "list",
            "values": [
                {
                    "type": "tuple",
                    "values": [
                        -0.00013992637857800506,
                        0.0011388548616645827
                    ]
                },
                {
                    "type": "tuple",
                    "values": [
                        -0.0009952518346172472,
                        0.00022566422053525506
                    ]
                },
                {
                    "type": "tuple",
                    "values": [
                        -0.01102523687918,
                        -0.00545954157803811
                    ]
                },
                {
                    "type": "tuple",
                    "values": [
                        0.06316468250545,
                        0.06701882028218
                    ]
                },
                {
                    "type": "tuple",
                    "values": [
                        0.0006251776023388732,
                        0.002375339060414619
                    ]
                },
                {
                    "type": "tuple",
                    "values": [
                        0.002690374319591481,
                        0.004070060109199057
                    ]
                },
                {
                    "type": "tuple",
                    "values": [
                        -0.0017282304931916994,
                        -0.00038986119542
                    ]
                },
                {
                    "type": "tuple",
                    "values": [
                        0.00054152978752,
                        0.00174771504915
                    ]
                },
                {
                    "type": "tuple",
                    "values": [
                        -0.00047281851893251747,
                        0.00130396394258
                    ]
                },
                {
                    "type": "tuple",
                    "values": [
                        -0.000602775347040736,
                        0.0007151276415882367
                    ]
                },
                {
                    "type": "tuple",
                    "values": [
                        -0.02206332018450466,
                        -0.016715723669486673
                    ]
                },
                {
                    "type": "tuple",
                    "values": [
                        0.08625818546592,
                        0.09204655054012445
                    ]
                },
                {
                    "type": "tuple",
                    "values": [
                        0.006220193700944206,
                        0.01051838500359
                    ]
                },
                {
                    "type": "tuple",
                    "values": [
                        0.003377743366525262,
                        0.0076338932613662465
                    ]
                },
                {
                    "type": "tuple",
                    "values": [
                        -0.004197745168965115,
                        -0.00018714091730150494
                    ]
                },
                {
                    "type": "tuple",
                    "values": [
                        0.0020335183462036983,
                        0.005075341129349633
                    ]
                },
                {
                    "type": "tuple",
                    "values": [
                        -0.009626148196300607,
                        -0.00518206264204
                    ]
                },
                {
                    "type": "tuple",
                    "values": [
                        -0.005498023684549996,
                        0.0007052819826020687
                    ]
                },
                {
                    "type": "tuple",
                    "values": [
                        -0.0346771702200382,
                        -0.02890964369765
                    ]
                },
                {
                    "type": "tuple",
                    "values": [
                        0.06375384190596411,
                        0.07231500151643
                    ]
                },
                {
                    "type": "tuple",
                    "values": [
                        -0.00582634869745,
                        0.00605625040821
                    ]
                },
                {
                    "type": "tuple",
                    "values": [
                        0.00794376023963,
                        0.021365804864539165
                    ]
                },
                {
                    "type": "tuple",
                    "values": [
                        -0.0228194900873,
                        -0.010729727639784128
                    ]
                },
                {
                    "type": "tuple",
                    "values": [
                        -0.0032326339483124875,
                        0.005528783671852744
                    ]
                },
                {
                    "type": "tuple",
                    "values": [
                        -0.010887348258580717,
                        0.0037236672847580123
                    ]
                },
                {
                    "type": "tuple",
                    "values": [
                        -0.01211730041803,
                        0.0033563613442606248
                    ]
                },
                {
                    "type": "tuple",
                    "values": [
                        -0.05636441655556,
                        -0.050966919437009664
                    ]
                },
                {
                    "type": "tuple",
                    "values": [
                        0.06485741793902543,
                        0.07077749055644361
                    ]
                },
                {
                    "type": "tuple",
                    "values": [
                        0.00496118957447,
                        0.041059185533012924
                    ]
                },
                {
                    "type": "tuple",
                    "values": [
                        -0.0075643363085,
                        0.007788260693498018
                    ]
                },
                {
                    "type": "tuple",
                    "values": [
                        -0.026151367719178763,
                        -0.015977160915888036
                    ]
                },
                {
                    "type": "tuple",
                    "values": [
                        -0.031284319349922686,
                        -0.0200998241573
                    ]
                },
                {
                    "type": "tuple",
                    "values": [
                        0.0036913824462982098,
                        0.02114992541359962
                    ]
                },
                {
                    "type": "tuple",
                    "values": [
                        0.02522146810735945,
                        0.03684259548977347
                    ]
                },
                {
                    "type": "tuple",
                    "values": [
                        -0.08223355804989207,
                        -0.06994233024516
                    ]
                },
                {
                    "type": "tuple",
                    "values": [
                        0.04851236267576465,
                        0.06666718161155
                    ]
                },
                {
                    "type": "tuple",
                    "values": [
                        -0.0024712316978937406,
                        0.05717402025229
                    ]
                },
                {
                    "type": "tuple",
                    "values": [
                        0.04725491234839,
                        0.08635874470368256
                    ]
                },
                {
                    "type": "tuple",
                    "values": [
                        0.03764370548545206,
                        0.06202434003677585
                    ]
                },
                {
                    "type": "tuple",
                    "values": [
                        -0.037768032342760854,
                        -0.01857707081205
                    ]
                },
                {
                    "type": "tuple",
                    "values": [
                        -0.027235482412411693,
                        0.00115767918601
                    ]
                },
                {
                    "type": "tuple",
                    "values": [
                        -0.01792600726301,
                        -0.00787010001163
                    ]
                }
            ]
        },
        "max_log_likelihood_sample": {
            "type": "instance",
            "class_path": "autofit.non_linear.samples.sample.Sample",
            "arguments": {
                "log_likelihood": -149.40459651298022,
                "log_prior": 0.0,
                "weight": 0.0011147920437800827,
                "kwargs": {
                    "type": "dict",
                    "arguments": {
                        "ellipses.ellipse_4.centre.centre_0": 0.00035574165068,
                        "ellipses.ellipse_4.centre.centre_1": -0.00053086738273,
                        "ellipses.ellipse_0.ell_comps.ell_comps_0": -0.00483791747269,
                        "ellipses.ellipse_0.ell_comps.ell_comps_1": 0.06451958499285,
                        "multipoles.0.multipole_1.multipole_comps.multipole_comps_0": 0.00072780030969,
                        "multipoles.0.multipole_1.multipole_comps.multipole_comps_1": 0.00367845421784,
                        "multipoles.0.multipole_3.multipole_comps.multipole_comps_0": -0.00150982154834,
                        "multipoles.0.multipole_3.multipole_comps.multipole_comps_1": 0.00155193076353,
                        "multipoles.0.multipole_4.multipole_comps.multipole_comps_0": -0.00060948923632,
                        "multipoles.0.multipole_4.multipole_comps.multipole_comps_1": 0.00064858727072,
                        "ellipses.ellipse_1.ell_comps.ell_comps_0": -0.02157375645937,
                        "ellipses.ellipse_1.ell_comps.ell_comps_1": 0.0880362368211,
                        "multipoles.1.multipole_1.multipole_comps.multipole_comps_0": 0.00853729727891,
                        "multipoles.1.multipole_1.multipole_comps.multipole_comps_1": 0.00716276598218,
                        "multipoles.1.multipole_3.multipole_comps.multipole_comps_0": -0.00242242597436,
                        "multipoles.1.multipole_3.multipole_comps.multipole_comps_1": 0.00168631848016,
                        "multipoles.1.multipole_4.multipole_comps.multipole_comps_0": -0.00541873060806,
                        "multipoles.1.multipole_4.multipole_comps.multipole_comps_1": -0.00332937416053,
                        "ellipses.ellipse_2.ell_comps.ell_comps_0": -0.03327981571817,
                        "ellipses.ellipse_2.ell_comps.ell_comps_1": 0.06910530515759,
                        "multipoles.2.multipole_1.multipole_comps.multipole_comps_0": -0.00434991250197,
                        "multipoles.2.multipole_1.multipole_comps.multipole_comps_1": 0.02092131173679,
                        "multipoles.2.multipole_3.multipole_comps.multipole_comps_0": -0.02309011636402,
                        "multipoles.2.multipole_3.multipole_comps.multipole_comps_1": 0.00097274853465,
                        "multipoles.2.multipole_4.multipole_comps.multipole_comps_0": -0.00021928335182,
                        "multipoles.2.multipole_4.multipole_comps.multipole_comps_1": -0.00370675250757,
                        "ellipses.ellipse_3.ell_comps.ell_comps_0": -0.05472590489957,
                        "ellipses.ellipse_3.ell_comps.ell_comps_1": 0.06736226915351,
                        "multipoles.3.multipole_1.multipole_comps.multipole_comps_0": 0.01667023154573,
                        "multipoles.3.multipole_1.multipole_comps.multipole_comps_1": -3.167577803e-05,
                        "multipoles.3.multipole_3.multipole_comps.multipole_comps_0": -0.02151933576358,
                        "multipoles.3.multipole_3.multipole_comps.multipole_comps_1": -0.02078340349007,
                        "multipoles.3.multipole_4.multipole_comps.multipole_comps_0": 0.01973060192624,
                        "multipoles.3.multipole_4.multipole_comps.multipole_comps_1": 0.03060425389749,
                        "ellipses.ellipse_4.ell_comps.ell_comps_0": -0.07979362205055,
                        "ellipses.ellipse_4.ell_comps.ell_comps_1": 0.06176974532103,
                        "multipoles.4.multipole_1.multipole_comps.multipole_comps_0": 0.04626707728039,
                        "multipoles.4.multipole_1.multipole_comps.multipole_comps_1": 0.09447729093481,
                        "multipoles.4.multipole_3.multipole_comps.multipole_comps_0": 0.0319417378508,
                        "multipoles.4.multipole_3.multipole_comps.multipole_comps_1": -0.03467101787547,
                        "multipoles.4.multipole_4.multipole_comps.multipole_comps_0": -0.02784003304195,
                        "multipoles.4.multipole_4.multipole_comps.multipole_comps_1": -0.00783529064068
                    }
                }
            }
        }
    }
}