{
    "type": "instance",
    "class_path": "autofit.non_linear.samples.summary.SamplesSummary",
    "arguments": {
        "model": null,
        "median_pdf_sample": {
            "type": "instance",
            "class_path": "autofit.non_linear.samples.sample.Sample",
            "arguments": {
                "log_likelihood": -35.76716257199044,
                "log_prior": 0.0,
                "weight": 0.00098496846421425,
                "kwargs": {
                    "type": "dict",
                    "arguments": {
                        "ellipses.0.ell_comps.ell_comps_0": -0.021072517892327856,
                        "ellipses.0.ell_comps.ell_comps_1": -0.021390663416981384
                    }
                }
            }
        },
        "values_at_sigma_3": {
            "type": "list",
            "values": [
                {
                    "type": "tuple",
                    "values": [
                        -0.030959245337212882,
                        -0.009757103045243702
                    ]
                },
                {
                    "type": "tuple",
                    "values": [
                        -0.03465947673982,
                        -0.007723500963341068
                    ]
                }
            ]
        },
        "values_at_sigma_1": {
            "type": "list",
            "values": [
                {
                    "type": "tuple",
                    "values": [
                        -0.02456275430346297,
                        -0.017974694706141985
                    ]
                },
                {
                    "type": "tuple",
                    "values": [
                        -0.025790564105895034,
                        -0.017672755553549184
                    ]
                }
            ]
        },
        "errors_at_sigma_1": {
            "type": "list",
            "values": [
                {
                    "type": "tuple",
                    "values": [
                        0.003490236411135113,
                        0.003097823186185872
                    ]
                },
                {
                    "type": "tuple",
                    "values": [
                        0.00439990068891365,
                        0.0037179078634322
                    ]
                }
            ]
        },
        "log_evidence": -45.85335389816146,
        "max_log_likelihood_sample": {
            "type": "instance",
            "class_path": "autofit.non_linear.samples.sample.Sample",
            "arguments": {
                "log_likelihood": -35.76716257199044,
                "log_prior": 0.0,
                "weight": 0.00098496846421425,
                "kwargs": {
                    "type": "dict",
                    "arguments": {
                        "ellipses.0.ell_comps.ell_comps_0": -0.02074494137931,
                        "ellipses.0.ell_comps.ell_comps_1": -0.02069511160156
                    }
                }
            }
        },
        "errors_at_sigma_3": {
            "type": "list",
            "values": [
                {
                    "type": "tuple",
                    "values": [
                        0.009886727444885026,
                        0.011315414847084154
                    ]
                },
                {
                    "type": "tuple",
                    "values": [
                        0.013268813322838614,
                        0.013667162453640316
                    ]
                }
            ]
        }
    }
}