{
    "type": "instance",
    "class_path": "autofit.non_linear.samples.summary.SamplesSummary",
    "arguments": {
        "max_log_likelihood_sample": {
            "type": "instance",
            "class_path": "autofit.non_linear.samples.sample.Sample",
            "arguments": {
                "log_likelihood": -6459.783459386719,
                "log_prior": 2.992744029361411,
                "weight": 7.128176558798293e-05,
                "kwargs": {
                    "type": "dict",
                    "arguments": {
                        "galaxies.lens.mass.ell_comps.ell_comps_0": -0.006889845887365353,
                        "galaxies.lens.mass.ell_comps.ell_comps_1": 0.004354995829976789,
                        "galaxies.lens.mass.einstein_radius": 0.9050140452775204,
                        "galaxies.lens.mass.centre.centre_0": -0.07176143277281809,
                        "galaxies.lens.mass.centre.centre_1": -0.06053463807824222,
                        "galaxies.lens.mass.slope": 1.96884000719187,
                        "galaxies.lens.shear.gamma_1": 0.17629746859834,
                        "galaxies.lens.shear.gamma_2": -0.00870390319432
                    }
                }
            }
        },
        "log_evidence": -6487.1191297335035,
        "median_pdf_sample": {
            "type": "instance",
            "class_path": "autofit.non_linear.samples.sample.Sample",
            "arguments": {
                "log_likelihood": -6459.783459386719,
                "log_prior": 2.992744029361411,
                "weight": 7.128176558798293e-05,
                "kwargs": {
                    "type": "dict",
                    "arguments": {
                        "galaxies.lens.mass.ell_comps.ell_comps_0": -0.14345115345682485,
                        "galaxies.lens.mass.ell_comps.ell_comps_1": -0.02988515453756164,
                        "galaxies.lens.mass.einstein_radius": 0.927625198380043,
                        "galaxies.lens.mass.centre.centre_0": -0.08686918083364116,
                        "galaxies.lens.mass.centre.centre_1": -0.05818168730682564,
                        "galaxies.lens.mass.slope": 1.9687800767772334,
                        "galaxies.lens.shear.gamma_1": 0.15265115314910835,
                        "galaxies.lens.shear.gamma_2": -0.06825672574822872
                    }
                }
            }
        },
        "errors_at_sigma_3": {
            "type": "list",
            "values": [
                {
                    "type": "tuple",
                    "values": [
                        0.15352016438322774,
                        0.19307325558785682
                    ]
                },
                {
                    "type": "tuple",
                    "values": [
                        0.16533347512818972,
                        0.15024985170774852
                    ]
                },
                {
                    "type": "tuple",
                    "values": [
                        0.036997660021761414,
                        0.052996877801045006
                    ]
                },
                {
                    "type": "tuple",
                    "values": [
                        0.042330920994850044,
                        0.06226593900888687
                    ]
                },
                {
                    "type": "tuple",
                    "values": [
                        0.04681500991122187,
                        0.06199792388467038
                    ]
                },
                {
                    "type": "tuple",
                    "values": [
                        0.11953427527928606,
                        0.11783610483408702
                    ]
                },
                {
                    "type": "tuple",
                    "values": [
                        0.07774182177333747,
                        0.04725201877571228
                    ]
                },
                {
                    "type": "tuple",
                    "values": [
                        0.09732070914046836,
                        0.10047303491612786
                    ]
                }
            ]
        },
        "model": null,
        "errors_at_sigma_1": {
            "type": "list",
            "values": [
                {
                    "type": "tuple",
                    "values": [
                        0.07154393602842107,
                        0.09717593749244538
                    ]
                },
                {
                    "type": "tuple",
                    "values": [
                        0.05999765489629198,
                        0.06554007537283565
                    ]
                },
                {
                    "type": "tuple",
                    "values": [
                        0.013289542140737076,
                        0.01316643590679889
                    ]
                },
                {
                    "type": "tuple",
                    "values": [
                        0.014866269856524464,
                        0.017043025063763276
                    ]
                },
                {
                    "type": "tuple",
                    "values": [
                        0.019360225025609072,
                        0.021405840725352177
                    ]
                },
                {
                    "type": "tuple",
                    "values": [
                        0.03853376114910145,
                        0.04107684325312966
                    ]
                },
                {
                    "type": "tuple",
                    "values": [
                        0.02564473086777616,
                        0.028267994174507594
                    ]
                },
                {
                    "type": "tuple",
                    "values": [
                        0.0436938221442604,
                        0.05234629163350964
                    ]
                }
            ]
        },
        "values_at_sigma_1": {
            "type": "list",
            "values": [
                {
                    "type": "tuple",
                    "values": [
                        -0.21499508948524593,
                        -0.046275215964379474
                    ]
                },
                {
                    "type": "tuple",
                    "values": [
                        -0.08988280943385363,
                        0.03565492083527401
                    ]
                },
                {
                    "type": "tuple",
                    "values": [
                        0.9143356562393059,
                        0.9407916342868419
                    ]
                },
                {
                    "type": "tuple",
                    "values": [
                        -0.10173545069016562,
                        -0.06982615576987788
                    ]
                },
                {
                    "type": "tuple",
                    "values": [
                        -0.07754191233243471,
                        -0.03677584658147346
                    ]
                },
                {
                    "type": "tuple",
                    "values": [
                        1.930246315628132,
                        2.009856920030363
                    ]
                },
                {
                    "type": "tuple",
                    "values": [
                        0.1270064222813322,
                        0.18091914732361594
                    ]
                },
                {
                    "type": "tuple",
                    "values": [
                        -0.11195054789248912,
                        -0.015910434114719083
                    ]
                }
            ]
        },
        "values_at_sigma_3": {
            "type": "list",
            "values": [
                {
                    "type": "tuple",
                    "values": [
                        -0.2969713178400526,
                        0.04962210213103196
                    ]
                },
                {
                    "type": "tuple",
                    "values": [
                        -0.19521862966575135,
                        0.12036469717018687
                    ]
                },
                {
                    "type": "tuple",
                    "values": [
                        0.8906275383582816,
                        0.980622076181088
                    ]
                },
                {
                    "type": "tuple",
                    "values": [
                        -0.1292001018284912,
                        -0.02460324182475429
                    ]
                },
                {
                    "type": "tuple",
                    "values": [
                        -0.10499669721804751,
                        0.003816236577844746
                    ]
                },
                {
                    "type": "tuple",
                    "values": [
                        1.8492458014979474,
                        2.0866161816113205
                    ]
                },
                {
                    "type": "tuple",
                    "values": [
                        0.07490933137577088,
                        0.19990317192482063
                    ]
                },
                {
                    "type": "tuple",
                    "values": [
                        -0.16557743488869708,
                        0.03221630916789913
                    ]
                }
            ]
        }
    }
}