{
    "type": "instance",
    "class_path": "autofit.non_linear.samples.summary.SamplesSummary",
    "arguments": {
        "median_pdf_sample": {
            "type": "instance",
            "class_path": "autofit.non_linear.samples.sample.Sample",
            "arguments": {
                "log_likelihood": -30.41948964027876,
                "log_prior": 0.0,
                "weight": 0.0009754763568294912,
                "kwargs": {
                    "type": "dict",
                    "arguments": {
                        "ellipses.0.ell_comps.ell_comps_0": 0.1636603045977439,
                        "ellipses.0.ell_comps.ell_comps_1": -0.030920785059789044
                    }
                }
            }
        },
        "model": null,
        "log_evidence": -41.50942808236746,
        "errors_at_sigma_3": {
            "type": "list",
            "values": [
                {
                    "type": "tuple",
                    "values": [
                        0.004673375073112551,
                        0.004921166020910972
                    ]
                },
                {
                    "type": "tuple",
                    "values": [
                        0.006374142903000955,
                        0.005910526292293775
                    ]
                }
            ]
        },
        "values_at_sigma_1": {
            "type": "list",
            "values": [
                {
                    "type": "tuple",
                    "values": [
                        0.16242691731790854,
                        0.16539635277153
                    ]
                },
                {
                    "type": "tuple",
                    "values": [
                        -0.03243615605002,
                        -0.02918731414438
                    ]
                }
            ]
        },
        "max_log_likelihood_sample": {
            "type": "instance",
            "class_path": "autofit.non_linear.samples.sample.Sample",
            "arguments": {
                "log_likelihood": -30.41948964027876,
                "log_prior": 0.0,
                "weight": 0.0009754763568294912,
                "kwargs": {
                    "type": "dict",
                    "arguments": {
                        "ellipses.0.ell_comps.ell_comps_0": 0.16381991424762,
                        "ellipses.0.ell_comps.ell_comps_1": -0.03107701770769
                    }
                }
            }
        },
        "errors_at_sigma_1": {
            "type": "list",
            "values": [
                {
                    "type": "tuple",
                    "values": [
                        0.0012333872798353518,
                        0.0017360481737861144
                    ]
                },
                {
                    "type": "tuple",
                    "values": [
                        0.0015153709902309583,
                        0.0017334709154090445
                    ]
                }
            ]
        },
        "values_at_sigma_3": {
            "type": "list",
            "values": [
                {
                    "type": "tuple",
                    "values": [
                        0.15898692952463134,
                        0.16858147061865486
                    ]
                },
                {
                    "type": "tuple",
                    "values": [
                        -0.03729492796279,
                        -0.02501025876749527
                    ]
                }
            ]
        }
    }
}