{
    "type": "instance",
    "class_path": "autofit.non_linear.samples.summary.SamplesSummary",
    "arguments": {
        "values_at_sigma_3": {
            "type": "list",
            "values": [
                {
                    "type": "tuple",
                    "values": [
                        -0.11828036598739,
                        -0.05140430909706339
                    ]
                },
                {
                    "type": "tuple",
                    "values": [
                        0.03248387979939,
                        0.05737047334921
                    ]
                },
                {
                    "type": "tuple",
                    "values": [
                        -0.021023805203300952,
                        0.07342037709740584
                    ]
                },
                {
                    "type": "tuple",
                    "values": [
                        -0.03893784365702644,
                        0.024722182486230607
                    ]
                },
                {
                    "type": "tuple",
                    "values": [
                        -0.08032665283294681,
                        0.04558402217570009
                    ]
                },
                {
                    "type": "tuple",
                    "values": [
                        -0.033490673681984225,
                        0.06303576671184
                    ]
                }
            ]
        },
        "errors_at_sigma_1": {
            "type": "list",
            "values": [
                {
                    "type": "tuple",
                    "values": [
                        0.001553302599174064,
                        0.0026066438890920696
                    ]
                },
                {
                    "type": "tuple",
                    "values": [
                        0.0030805910231130745,
                        0.0019336755249639015
                    ]
                },
                {
                    "type": "tuple",
                    "values": [
                        0.015013975019595834,
                        0.02536767739638176
                    ]
                },
                {
                    "type": "tuple",
                    "values": [
                        0.011912269257440464,
                        0.009632258774190324
                    ]
                },
                {
                    "type": "tuple",
                    "values": [
                        0.011855541637999338,
                        0.02038049805914375
                    ]
                },
                {
                    "type": "tuple",
                    "values": [
                        0.016440477029201546,
                        0.010417875814028456
                    ]
                }
            ]
        },
        "log_evidence": -61.59437939177677,
        "max_log_likelihood_sample": {
            "type": "instance",
            "class_path": "autofit.non_linear.samples.sample.Sample",
            "arguments": {
                "log_likelihood": -42.431112434396866,
                "log_prior": 0.0,
                "weight": 0.0010505653672494835,
                "kwargs": {
                    "type": "dict",
                    "arguments": {
                        "ellipses.0.ell_comps.ell_comps_0": -0.11073376353317,
                        "ellipses.0.ell_comps.ell_comps_1": 0.04857875655189,
                        "multipoles.0.multipole_3.multipole_comps.multipole_comps_0": 0.00355748215766,
                        "multipoles.0.multipole_3.multipole_comps.multipole_comps_1": 0.00079543283135,
                        "multipoles.0.multipole_4.multipole_comps.multipole_comps_0": -0.04631375571908,
                        "multipoles.0.multipole_4.multipole_comps.multipole_comps_1": 0.03119501146507
                    }
                }
            }
        },
        "errors_at_sigma_3": {
            "type": "list",
            "values": [
                {
                    "type": "tuple",
                    "values": [
                        0.006404776260717934,
                        0.06047128062960868
                    ]
                },
                {
                    "type": "tuple",
                    "values": [
                        0.015065898653276101,
                        0.0098206948965439
                    ]
                },
                {
                    "type": "tuple",
                    "values": [
                        0.03619684226805919,
                        0.0582473400326476
                    ]
                },
                {
                    "type": "tuple",
                    "values": [
                        0.03970210025594747,
                        0.023957925887309578
                    ]
                },
                {
                    "type": "tuple",
                    "values": [
                        0.03505951159962614,
                        0.09085116340902075
                    ]
                },
                {
                    "type": "tuple",
                    "values": [
                        0.07063549005516577,
                        0.02589095033865845
                    ]
                }
            ]
        },
        "values_at_sigma_1": {
            "type": "list",
            "values": [
                {
                    "type": "tuple",
                    "values": [
                        -0.11342889232584613,
                        -0.10926894583758
                    ]
                },
                {
                    "type": "tuple",
                    "values": [
                        0.044469187429553025,
                        0.04948345397763
                    ]
                },
                {
                    "type": "tuple",
                    "values": [
                        0.00015906204516240687,
                        0.04054071446114
                    ]
                },
                {
                    "type": "tuple",
                    "values": [
                        -0.011148012658519434,
                        0.010396515373111353
                    ]
                },
                {
                    "type": "tuple",
                    "values": [
                        -0.05712268287132,
                        -0.024886643174176916
                    ]
                },
                {
                    "type": "tuple",
                    "values": [
                        0.02070433934398,
                        0.04756269218721
                    ]
                }
            ]
        },
        "model": null,
        "median_pdf_sample": {
            "type": "instance",
            "class_path": "autofit.non_linear.samples.sample.Sample",
            "arguments": {
                "log_likelihood": -42.431112434396866,
                "log_prior": 0.0,
                "weight": 0.0010505653672494835,
                "kwargs": {
                    "type": "dict",
                    "arguments": {
                        "ellipses.0.ell_comps.ell_comps_0": -0.11187558972667207,
                        "ellipses.0.ell_comps.ell_comps_1": 0.0475497784526661,
                        "multipoles.0.multipole_3.multipole_comps.multipole_comps_0": 0.01517303706475824,
                        "multipoles.0.multipole_3.multipole_comps.multipole_comps_1": 0.0007642565989210296,
                        "multipoles.0.multipole_4.multipole_comps.multipole_comps_0": -0.045267141233320665,
                        "multipoles.0.multipole_4.multipole_comps.multipole_comps_1": 0.037144816373181545
                    }
                }
            }
        }
    }
}