{
    "type": "instance",
    "class_path": "autofit.non_linear.samples.summary.SamplesSummary",
    "arguments": {
        "median_pdf_sample": {
            "type": "instance",
            "class_path": "autofit.non_linear.samples.sample.Sample",
            "arguments": {
                "log_likelihood": -9.29820698503293,
                "log_prior": 0.0,
                "weight": 0.001048351805777193,
                "kwargs": {
                    "type": "dict",
                    "arguments": {
                        "ellipses.0.ell_comps.ell_comps_0": 0.02381666427305,
                        "ellipses.0.ell_comps.ell_comps_1": 0.02306339316155,
                        "multipoles.0.multipole_3.multipole_comps.multipole_comps_0": 0.018558924032989258,
                        "multipoles.0.multipole_3.multipole_comps.multipole_comps_1": -0.02017750669481,
                        "multipoles.0.multipole_4.multipole_comps.multipole_comps_0": -0.02543643330647,
                        "multipoles.0.multipole_4.multipole_comps.multipole_comps_1": -0.054552381511412465
                    }
                }
            }
        },
        "log_evidence": -20.650553388006152,
        "max_log_likelihood_sample": {
            "type": "instance",
            "class_path": "autofit.non_linear.samples.sample.Sample",
            "arguments": {
                "log_likelihood": -9.29820698503293,
                "log_prior": 0.0,
                "weight": 0.001048351805777193,
                "kwargs": {
                    "type": "dict",
                    "arguments": {
                        "ellipses.0.ell_comps.ell_comps_0": 0.02554593380259,
                        "ellipses.0.ell_comps.ell_comps_1": 0.03633397559067,
                        "multipoles.0.multipole_3.multipole_comps.multipole_comps_0": 0.00501210728688,
                        "multipoles.0.multipole_3.multipole_comps.multipole_comps_1": -0.04541750323029,
                        "multipoles.0.multipole_4.multipole_comps.multipole_comps_0": -0.0512568110825,
                        "multipoles.0.multipole_4.multipole_comps.multipole_comps_1": -0.02934137078288
                    }
                }
            }
        },
        "errors_at_sigma_3": {
            "type": "list",
            "values": [
                {
                    "type": "tuple",
                    "values": [
                        0.10412480972462,
                        0.06251778142141415
                    ]
                },
                {
                    "type": "tuple",
                    "values": [
                        0.06693564528094625,
                        0.1466460443429683
                    ]
                },
                {
                    "type": "tuple",
                    "values": [
                        0.11781294919907925,
                        0.06339050706943061
                    ]
                },
                {
                    "type": "tuple",
                    "values": [
                        0.07451169535055,
                        0.09076152286269
                    ]
                },
                {
                    "type": "tuple",
                    "values": [
                        0.07408808859032555,
                        0.12513609848285
                    ]
                },
                {
                    "type": "tuple",
                    "values": [
                        0.04465793906940753,
                        0.1519007810909579
                    ]
                }
            ]
        },
        "errors_at_sigma_1": {
            "type": "list",
            "values": [
                {
                    "type": "tuple",
                    "values": [
                        0.031910738778009026,
                        0.017111885250716954
                    ]
                },
                {
                    "type": "tuple",
                    "values": [
                        0.02077182581737,
                        0.03324320952347061
                    ]
                },
                {
                    "type": "tuple",
                    "values": [
                        0.03852029609116926,
                        0.0287008490173843
                    ]
                },
                {
                    "type": "tuple",
                    "values": [
                        0.027427813216210878,
                        0.032983037693445724
                    ]
                },
                {
                    "type": "tuple",
                    "values": [
                        0.039051687672822924,
                        0.07219741184945
                    ]
                },
                {
                    "type": "tuple",
                    "values": [
                        0.02825932708641063,
                        0.06370445506575256
                    ]
                }
            ]
        },
        "model": null,
        "values_at_sigma_3": {
            "type": "list",
            "values": [
                {
                    "type": "tuple",
                    "values": [
                        -0.08030814545157,
                        0.08633444569446415
                    ]
                },
                {
                    "type": "tuple",
                    "values": [
                        -0.04387225211939626,
                        0.1697094375045183
                    ]
                },
                {
                    "type": "tuple",
                    "values": [
                        -0.09925402516609,
                        0.08194943110241987
                    ]
                },
                {
                    "type": "tuple",
                    "values": [
                        -0.09468920204536,
                        0.07058401616788
                    ]
                },
                {
                    "type": "tuple",
                    "values": [
                        -0.09952452189679555,
                        0.09969966517638
                    ]
                },
                {
                    "type": "tuple",
                    "values": [
                        -0.09921032058082,
                        0.09734839957954543
                    ]
                }
            ]
        },
        "values_at_sigma_1": {
            "type": "list",
            "values": [
                {
                    "type": "tuple",
                    "values": [
                        -0.008094074504959022,
                        0.040928549523766955
                    ]
                },
                {
                    "type": "tuple",
                    "values": [
                        0.00229156734418,
                        0.05630660268502061
                    ]
                },
                {
                    "type": "tuple",
                    "values": [
                        -0.01996137205818,
                        0.04725977305037356
                    ]
                },
                {
                    "type": "tuple",
                    "values": [
                        -0.04760531991102088,
                        0.012805530998635722
                    ]
                },
                {
                    "type": "tuple",
                    "values": [
                        -0.06448812097929292,
                        0.04676097854298
                    ]
                },
                {
                    "type": "tuple",
                    "values": [
                        -0.0828117085978231,
                        0.009152073554340103
                    ]
                }
            ]
        }
    }
}