{
    "type": "instance",
    "class_path": "autofit.non_linear.samples.summary.SamplesSummary",
    "arguments": {
        "log_evidence": -80.97174315701766,
        "errors_at_sigma_1": {
            "type": "list",
            "values": [
                {
                    "type": "tuple",
                    "values": [
                        0.0019446315768232303,
                        0.0020291656435485195
                    ]
                },
                {
                    "type": "tuple",
                    "values": [
                        0.0026228706943761393,
                        0.0028222522880756717
                    ]
                },
                {
                    "type": "tuple",
                    "values": [
                        0.006493309866816958,
                        0.0062429892560197904
                    ]
                },
                {
                    "type": "tuple",
                    "values": [
                        0.006255883282859255,
                        0.007281435549871071
                    ]
                },
                {
                    "type": "tuple",
                    "values": [
                        0.0093792999541207,
                        0.0082699687780593
                    ]
                },
                {
                    "type": "tuple",
                    "values": [
                        0.008509367605790347,
                        0.00820828980768
                    ]
                }
            ]
        },
        "values_at_sigma_1": {
            "type": "list",
            "values": [
                {
                    "type": "tuple",
                    "values": [
                        0.06792288789502678,
                        0.07189668511539853
                    ]
                },
                {
                    "type": "tuple",
                    "values": [
                        0.09235951013334386,
                        0.09780463311579567
                    ]
                },
                {
                    "type": "tuple",
                    "values": [
                        -0.001606922630826958,
                        0.01112937649200979
                    ]
                },
                {
                    "type": "tuple",
                    "values": [
                        -0.020759777172600326,
                        -0.00722245833987
                    ]
                },
                {
                    "type": "tuple",
                    "values": [
                        -0.03583220657828,
                        -0.0181829378461
                    ]
                },
                {
                    "type": "tuple",
                    "values": [
                        0.014089766786949653,
                        0.03080742420042
                    ]
                }
            ]
        },
        "max_log_likelihood_sample": {
            "type": "instance",
            "class_path": "autofit.non_linear.samples.sample.Sample",
            "arguments": {
                "log_likelihood": -61.4907366855147,
                "log_prior": 0.0,
                "weight": 0.0010347620074852518,
                "kwargs": {
                    "type": "dict",
                    "arguments": {
                        "ellipses.0.ell_comps.ell_comps_0": 0.06962365163682,
                        "ellipses.0.ell_comps.ell_comps_1": 0.09676219698148,
                        "multipoles.0.multipole_3.multipole_comps.multipole_comps_0": 0.00114310990047,
                        "multipoles.0.multipole_3.multipole_comps.multipole_comps_1": -0.01370923740753,
                        "multipoles.0.multipole_4.multipole_comps.multipole_comps_0": -0.02377362694654,
                        "multipoles.0.multipole_4.multipole_comps.multipole_comps_1": 0.02197756549555
                    }
                }
            }
        },
        "model": null,
        "values_at_sigma_3": {
            "type": "list",
            "values": [
                {
                    "type": "tuple",
                    "values": [
                        0.0632422269527721,
                        0.07602507970966
                    ]
                },
                {
                    "type": "tuple",
                    "values": [
                        0.08749269873828,
                        0.10177671063887
                    ]
                },
                {
                    "type": "tuple",
                    "values": [
                        -0.0114203301422,
                        0.022457374326801793
                    ]
                },
                {
                    "type": "tuple",
                    "values": [
                        -0.03140066228374,
                        0.007816823789590727
                    ]
                },
                {
                    "type": "tuple",
                    "values": [
                        -0.046426866984658983,
                        -0.00011088361072
                    ]
                },
                {
                    "type": "tuple",
                    "values": [
                        -0.002545360878185738,
                        0.05077930924356547
                    ]
                }
            ]
        },
        "errors_at_sigma_3": {
            "type": "list",
            "values": [
                {
                    "type": "tuple",
                    "values": [
                        0.0066252925190779105,
                        0.00615756023781
                    ]
                },
                {
                    "type": "tuple",
                    "values": [
                        0.007489682089439995,
                        0.00679432981115001
                    ]
                },
                {
                    "type": "tuple",
                    "values": [
                        0.01630671737819,
                        0.017570987090811792
                    ]
                },
                {
                    "type": "tuple",
                    "values": [
                        0.01689676839399893,
                        0.022320717679331796
                    ]
                },
                {
                    "type": "tuple",
                    "values": [
                        0.019973960360499685,
                        0.026342023013439297
                    ]
                },
                {
                    "type": "tuple",
                    "values": [
                        0.02514449527092574,
                        0.028180174850825468
                    ]
                }
            ]
        },
        "median_pdf_sample": {
            "type": "instance",
            "class_path": "autofit.non_linear.samples.sample.Sample",
            "arguments": {
                "log_likelihood": -61.4907366855147,
                "log_prior": 0.0,
                "weight": 0.0010347620074852518,
                "kwargs": {
                    "type": "dict",
                    "arguments": {
                        "ellipses.0.ell_comps.ell_comps_0": 0.06986751947185,
                        "ellipses.0.ell_comps.ell_comps_1": 0.09498238082772,
                        "multipoles.0.multipole_3.multipole_comps.multipole_comps_0": 0.00488638723599,
                        "multipoles.0.multipole_3.multipole_comps.multipole_comps_1": -0.014503893889741071,
                        "multipoles.0.multipole_4.multipole_comps.multipole_comps_0": -0.0264529066241593,
                        "multipoles.0.multipole_4.multipole_comps.multipole_comps_1": 0.02259913439274
                    }
                }
            }
        }
    }
}