{
    "type": "instance",
    "class_path": "autofit.non_linear.samples.summary.SamplesSummary",
    "arguments": {
        "log_evidence": 49819.902827861886,
        "values_at_sigma_1": {
            "type": "list",
            "values": [
                {
                    "type": "tuple",
                    "values": [
                        0.05338566301176045,
                        0.06347494752618058
                    ]
                },
                {
                    "type": "tuple",
                    "values": [
                        -0.09089585557039619,
                        -0.08149051834727891
                    ]
                },
                {
                    "type": "tuple",
                    "values": [
                        1.8034413619222924,
                        1.8101878227315253
                    ]
                },
                {
                    "type": "tuple",
                    "values": [
                        -0.022765806582627793,
                        -0.010689241240276636
                    ]
                },
                {
                    "type": "tuple",
                    "values": [
                        0.011038697761480136,
                        0.019338173618283168
                    ]
                },
                {
                    "type": "tuple",
                    "values": [
                        -0.006956663364934946,
                        -0.004450212645953406
                    ]
                },
                {
                    "type": "tuple",
                    "values": [
                        -0.00047487105084147857,
                        0.0026066775982969493
                    ]
                },
                {
                    "type": "tuple",
                    "values": [
                        0.00036913153492567475,
                        0.002155077727318691
                    ]
                },
                {
                    "type": "tuple",
                    "values": [
                        -0.0005838692110218009,
                        0.0013289223338870655
                    ]
                },
                {
                    "type": "tuple",
                    "values": [
                        2.015488487209063,
                        2.059230289211596
                    ]
                },
                {
                    "type": "tuple",
                    "values": [
                        -0.015273365291165518,
                        -0.009065902744210846
                    ]
                },
                {
                    "type": "tuple",
                    "values": [
                        0.014419103568685417,
                        0.019081779936073445
                    ]
                }
            ]
        },
        "values_at_sigma_3": {
            "type": "list",
            "values": [
                {
                    "type": "tuple",
                    "values": [
                        0.04632945457134068,
                        0.0724263465281745
                    ]
                },
                {
                    "type": "tuple",
                    "values": [
                        -0.09885095594241602,
                        -0.0716953841299547
                    ]
                },
                {
                    "type": "tuple",
                    "values": [
                        1.7913395515386148,
                        1.816562305411021
                    ]
                },
                {
                    "type": "tuple",
                    "values": [
                        -0.034049665988558124,
                        0.0013041055840852206
                    ]
                },
                {
                    "type": "tuple",
                    "values": [
                        0.0034872872498262495,
                        0.026009869679270048
                    ]
                },
                {
                    "type": "tuple",
                    "values": [
                        -0.01052945522882316,
                        -0.0020969414721741892
                    ]
                },
                {
                    "type": "tuple",
                    "values": [
                        -0.0025997101731345344,
                        0.004771343549740872
                    ]
                },
                {
                    "type": "tuple",
                    "values": [
                        -0.002183990567091667,
                        0.0038441165942711
                    ]
                },
                {
                    "type": "tuple",
                    "values": [
                        -0.001770779033456238,
                        0.00286473861461596
                    ]
                },
                {
                    "type": "tuple",
                    "values": [
                        1.9571177602520176,
                        2.094770500295199
                    ]
                },
                {
                    "type": "tuple",
                    "values": [
                        -0.020592097501324784,
                        -0.004330898137171631
                    ]
                },
                {
                    "type": "tuple",
                    "values": [
                        0.011056304272097629,
                        0.022128043811811743
                    ]
                }
            ]
        },
        "model": null,
        "errors_at_sigma_3": {
            "type": "list",
            "values": [
                {
                    "type": "tuple",
                    "values": [
                        0.010879873714223456,
                        0.015217018242610368
                    ]
                },
                {
                    "type": "tuple",
                    "values": [
                        0.012230738668288221,
                        0.014924833144173102
                    ]
                },
                {
                    "type": "tuple",
                    "values": [
                        0.0148211965338505,
                        0.010401557338555634
                    ]
                },
                {
                    "type": "tuple",
                    "values": [
                        0.01759188041700559,
                        0.017761891155637755
                    ]
                },
                {
                    "type": "tuple",
                    "values": [
                        0.01149525757962028,
                        0.011027324849823517
                    ]
                },
                {
                    "type": "tuple",
                    "values": [
                        0.004957806150669233,
                        0.0034747076059797382
                    ]
                },
                {
                    "type": "tuple",
                    "values": [
                        0.003704758641826209,
                        0.003666295081049197
                    ]
                },
                {
                    "type": "tuple",
                    "values": [
                        0.0034606659244595323,
                        0.002567441236903235
                    ]
                },
                {
                    "type": "tuple",
                    "values": [
                        0.0020954944564471733,
                        0.0025400231916250246
                    ]
                },
                {
                    "type": "tuple",
                    "values": [
                        0.07528655271114237,
                        0.062366187332039136
                    ]
                },
                {
                    "type": "tuple",
                    "values": [
                        0.007695200634917307,
                        0.008565998729235845
                    ]
                },
                {
                    "type": "tuple",
                    "values": [
                        0.005351615127728016,
                        0.005720124411986098
                    ]
                }
            ]
        },
        "median_pdf_sample": {
            "type": "instance",
            "class_path": "autofit.non_linear.samples.sample.Sample",
            "arguments": {
                "log_likelihood": 49885.9381715514,
                "log_prior": 0.20606194491971952,
                "weight": 6.45832855930896e-05,
                "kwargs": {
                    "type": "dict",
                    "arguments": {
                        "galaxies.lens.mass.ell_comps.ell_comps_0": 0.05720932828556414,
                        "galaxies.lens.mass.ell_comps.ell_comps_1": -0.0866202172741278,
                        "galaxies.lens.multipole_4.einstein_radius": 1.8061607480724653,
                        "galaxies.lens.multipole_4.centre.centre_0": -0.016457785571552534,
                        "galaxies.lens.multipole_4.centre.centre_1": 0.014982544829446531,
                        "galaxies.lens.multipole_3.multipole_comps.multipole_comps_0": -0.0055716490781539275,
                        "galaxies.lens.multipole_3.multipole_comps.multipole_comps_1": 0.0011050484686916748,
                        "galaxies.lens.multipole_4.multipole_comps.multipole_comps_0": 0.0012766753573678652,
                        "galaxies.lens.multipole_4.multipole_comps.multipole_comps_1": 0.0003247154229909353,
                        "galaxies.lens.multipole_4.slope": 2.03240431296316,
                        "galaxies.lens.shear.gamma_1": -0.012896896866407477,
                        "galaxies.lens.shear.gamma_2": 0.016407919399825645
                    }
                }
            }
        },
        "max_log_likelihood_sample": {
            "type": "instance",
            "class_path": "autofit.non_linear.samples.sample.Sample",
            "arguments": {
                "log_likelihood": 49885.9381715514,
                "log_prior": 0.20606194491971952,
                "weight": 6.45832855930896e-05,
                "kwargs": {
                    "type": "dict",
                    "arguments": {
                        "galaxies.lens.mass.ell_comps.ell_comps_0": 0.05337474056257528,
                        "galaxies.lens.mass.ell_comps.ell_comps_1": -0.09078792837741242,
                        "galaxies.lens.multipole_4.einstein_radius": 1.806936905527122,
                        "galaxies.lens.multipole_4.centre.centre_0": -0.012670905504884863,
                        "galaxies.lens.multipole_4.centre.centre_1": 0.01925731849980555,
                        "galaxies.lens.multipole_3.multipole_comps.multipole_comps_0": -0.0061033026772,
                        "galaxies.lens.multipole_3.multipole_comps.multipole_comps_1": 0.00315884676085,
                        "galaxies.lens.multipole_4.multipole_comps.multipole_comps_0": 0.00053107164291,
                        "galaxies.lens.multipole_4.multipole_comps.multipole_comps_1": -0.00021952132532,
                        "galaxies.lens.multipole_4.slope": 2.03762648943762,
                        "galaxies.lens.shear.gamma_1": -0.01394802610415,
                        "galaxies.lens.shear.gamma_2": 0.01411861753316
                    }
                }
            }
        },
        "errors_at_sigma_1": {
            "type": "list",
            "values": [
                {
                    "type": "tuple",
                    "values": [
                        0.003823665273803692,
                        0.0062656192406164365
                    ]
                },
                {
                    "type": "tuple",
                    "values": [
                        0.004275638296268383,
                        0.005129698926848891
                    ]
                },
                {
                    "type": "tuple",
                    "values": [
                        0.0027193861501728644,
                        0.004027074659060048
                    ]
                },
                {
                    "type": "tuple",
                    "values": [
                        0.006308021011075259,
                        0.005768544331275898
                    ]
                },
                {
                    "type": "tuple",
                    "values": [
                        0.003943847067966395,
                        0.004355628788836637
                    ]
                },
                {
                    "type": "tuple",
                    "values": [
                        0.0013850142867810186,
                        0.0011214364322005219
                    ]
                },
                {
                    "type": "tuple",
                    "values": [
                        0.0015799195195331534,
                        0.0015016291296052744
                    ]
                },
                {
                    "type": "tuple",
                    "values": [
                        0.0009075438224421905,
                        0.0008784023699508257
                    ]
                },
                {
                    "type": "tuple",
                    "values": [
                        0.0009085846340127362,
                        0.0010042069108961303
                    ]
                },
                {
                    "type": "tuple",
                    "values": [
                        0.016915825754097114,
                        0.026825976248435968
                    ]
                },
                {
                    "type": "tuple",
                    "values": [
                        0.002376468424758041,
                        0.0038309941221966303
                    ]
                },
                {
                    "type": "tuple",
                    "values": [
                        0.0019888158311402275,
                        0.0026738605362477998
                    ]
                }
            ]
        }
    }
}