{
    "type": "instance",
    "class_path": "autofit.non_linear.samples.summary.SamplesSummary",
    "arguments": {
        "max_log_likelihood_sample": {
            "type": "instance",
            "class_path": "autofit.non_linear.samples.sample.Sample",
            "arguments": {
                "log_likelihood": -36.59333018386308,
                "log_prior": 0.0,
                "weight": 0.0009513768846192987,
                "kwargs": {
                    "type": "dict",
                    "arguments": {
                        "ellipses.0.ell_comps.ell_comps_0": 0.02954895559058,
                        "ellipses.0.ell_comps.ell_comps_1": 0.06794118747873,
                        "multipoles.0.multipole_1.multipole_comps.multipole_comps_0": 0.00035073579666,
                        "multipoles.0.multipole_1.multipole_comps.multipole_comps_1": -0.01703232844935,
                        "multipoles.0.multipole_3.multipole_comps.multipole_comps_0": -0.02895563290083,
                        "multipoles.0.multipole_3.multipole_comps.multipole_comps_1": -0.01850926709441,
                        "multipoles.0.multipole_4.multipole_comps.multipole_comps_0": 0.03969013062072,
                        "multipoles.0.multipole_4.multipole_comps.multipole_comps_1": -0.08044437043733
                    }
                }
            }
        },
        "model": null,
        "values_at_sigma_3": {
            "type": "list",
            "values": [
                {
                    "type": "tuple",
                    "values": [
                        0.00360417328096,
                        0.05717578710468082
                    ]
                },
                {
                    "type": "tuple",
                    "values": [
                        0.031651458449249915,
                        0.0754323373241
                    ]
                },
                {
                    "type": "tuple",
                    "values": [
                        -0.07861868654710982,
                        0.08639092183615
                    ]
                },
                {
                    "type": "tuple",
                    "values": [
                        -0.09372409790219,
                        0.09106878457982766
                    ]
                },
                {
                    "type": "tuple",
                    "values": [
                        -0.08959886158295,
                        0.06437646674667916
                    ]
                },
                {
                    "type": "tuple",
                    "values": [
                        -0.08638599717998582,
                        0.05065028326359
                    ]
                },
                {
                    "type": "tuple",
                    "values": [
                        -0.0864317441635407,
                        0.06844026458646
                    ]
                },
                {
                    "type": "tuple",
                    "values": [
                        -0.09771666425497,
                        0.060644933925928235
                    ]
                }
            ]
        },
        "median_pdf_sample": {
            "type": "instance",
            "class_path": "autofit.non_linear.samples.sample.Sample",
            "arguments": {
                "log_likelihood": -36.59333018386308,
                "log_prior": 0.0,
                "weight": 0.0009513768846192987,
                "kwargs": {
                    "type": "dict",
                    "arguments": {
                        "ellipses.0.ell_comps.ell_comps_0": 0.03094625381688,
                        "ellipses.0.ell_comps.ell_comps_1": 0.0566471786357222,
                        "multipoles.0.multipole_1.multipole_comps.multipole_comps_0": -0.007824585190388124,
                        "multipoles.0.multipole_1.multipole_comps.multipole_comps_1": 0.00200460302823977,
                        "multipoles.0.multipole_3.multipole_comps.multipole_comps_0": -0.02286016321686,
                        "multipoles.0.multipole_3.multipole_comps.multipole_comps_1": -0.017392882616080362,
                        "multipoles.0.multipole_4.multipole_comps.multipole_comps_0": -0.01768345614186,
                        "multipoles.0.multipole_4.multipole_comps.multipole_comps_1": -0.02902799462114
                    }
                }
            }
        },
        "values_at_sigma_1": {
            "type": "list",
            "values": [
                {
                    "type": "tuple",
                    "values": [
                        0.02475759282509,
                        0.03722961551936
                    ]
                },
                {
                    "type": "tuple",
                    "values": [
                        0.042917786457241244,
                        0.06454911115205517
                    ]
                },
                {
                    "type": "tuple",
                    "values": [
                        -0.03192953455681,
                        0.01580875264731
                    ]
                },
                {
                    "type": "tuple",
                    "values": [
                        -0.032845854242286275,
                        0.031534906467462154
                    ]
                },
                {
                    "type": "tuple",
                    "values": [
                        -0.04451922914100764,
                        0.00712556967823
                    ]
                },
                {
                    "type": "tuple",
                    "values": [
                        -0.04928886370641,
                        0.015571458183296957
                    ]
                },
                {
                    "type": "tuple",
                    "values": [
                        -0.039272968778686156,
                        0.011722106736261024
                    ]
                },
                {
                    "type": "tuple",
                    "values": [
                        -0.06998674226402946,
                        0.010469552715625692
                    ]
                }
            ]
        },
        "errors_at_sigma_1": {
            "type": "list",
            "values": [
                {
                    "type": "tuple",
                    "values": [
                        0.006188660991789999,
                        0.006283361702479999
                    ]
                },
                {
                    "type": "tuple",
                    "values": [
                        0.01372939217848096,
                        0.007901932516332963
                    ]
                },
                {
                    "type": "tuple",
                    "values": [
                        0.02410494936642188,
                        0.023633337837698123
                    ]
                },
                {
                    "type": "tuple",
                    "values": [
                        0.03485045727052605,
                        0.029530303439222385
                    ]
                },
                {
                    "type": "tuple",
                    "values": [
                        0.021659065924147635,
                        0.029985732895090003
                    ]
                },
                {
                    "type": "tuple",
                    "values": [
                        0.031895981090329636,
                        0.03296434079937732
                    ]
                },
                {
                    "type": "tuple",
                    "values": [
                        0.021589512636826156,
                        0.029405562878121023
                    ]
                },
                {
                    "type": "tuple",
                    "values": [
                        0.040958747642889454,
                        0.03949754733676569
                    ]
                }
            ]
        },
        "errors_at_sigma_3": {
            "type": "list",
            "values": [
                {
                    "type": "tuple",
                    "values": [
                        0.02734208053592,
                        0.026229533287800817
                    ]
                },
                {
                    "type": "tuple",
                    "values": [
                        0.024995720186472288,
                        0.018785158688377795
                    ]
                },
                {
                    "type": "tuple",
                    "values": [
                        0.0707941013567217,
                        0.09421550702653814
                    ]
                },
                {
                    "type": "tuple",
                    "values": [
                        0.09572870093042976,
                        0.08906418155158789
                    ]
                },
                {
                    "type": "tuple",
                    "values": [
                        0.06673869836608999,
                        0.08723662996353916
                    ]
                },
                {
                    "type": "tuple",
                    "values": [
                        0.06899311456390546,
                        0.06804316587967037
                    ]
                },
                {
                    "type": "tuple",
                    "values": [
                        0.0687482880216807,
                        0.08612372072832
                    ]
                },
                {
                    "type": "tuple",
                    "values": [
                        0.06868866963383,
                        0.08967292854706824
                    ]
                }
            ]
        },
        "log_evidence": -55.30912363275649
    }
}