{
    "type": "instance",
    "class_path": "autofit.non_linear.samples.summary.SamplesSummary",
    "arguments": {
        "values_at_sigma_1": {
            "type": "list",
            "values": [
                {
                    "type": "tuple",
                    "values": [
                        0.08039152827748,
                        0.08404617859773557
                    ]
                },
                {
                    "type": "tuple",
                    "values": [
                        0.19140759880668243,
                        0.19507362097995
                    ]
                },
                {
                    "type": "tuple",
                    "values": [
                        -0.014688813021554618,
                        -0.00432618396714
                    ]
                },
                {
                    "type": "tuple",
                    "values": [
                        -0.01212148234189,
                        -0.0017089496876699984
                    ]
                },
                {
                    "type": "tuple",
                    "values": [
                        0.0009047221364,
                        0.013863885526505308
                    ]
                },
                {
                    "type": "tuple",
                    "values": [
                        0.0009684491055368668,
                        0.01228518668058
                    ]
                }
            ]
        },
        "errors_at_sigma_1": {
            "type": "list",
            "values": [
                {
                    "type": "tuple",
                    "values": [
                        0.0017356200841499997,
                        0.0019190302361055678
                    ]
                },
                {
                    "type": "tuple",
                    "values": [
                        0.0019495305725599765,
                        0.0017164916007076092
                    ]
                },
                {
                    "type": "tuple",
                    "values": [
                        0.005921312245982578,
                        0.00444131680843204
                    ]
                },
                {
                    "type": "tuple",
                    "values": [
                        0.0051142590320456555,
                        0.005298273622174346
                    ]
                },
                {
                    "type": "tuple",
                    "values": [
                        0.005809887551013238,
                        0.007149275839092069
                    ]
                },
                {
                    "type": "tuple",
                    "values": [
                        0.0059551942956930755,
                        0.005361543279350058
                    ]
                }
            ]
        },
        "median_pdf_sample": {
            "type": "instance",
            "class_path": "autofit.non_linear.samples.sample.Sample",
            "arguments": {
                "log_likelihood": -38.89192060288611,
                "log_prior": 0.0,
                "weight": 0.0010093601504010744,
                "kwargs": {
                    "type": "dict",
                    "arguments": {
                        "ellipses.0.ell_comps.ell_comps_0": 0.08212714836163,
                        "ellipses.0.ell_comps.ell_comps_1": 0.1933571293792424,
                        "multipoles.0.multipole_3.multipole_comps.multipole_comps_0": -0.00876750077557204,
                        "multipoles.0.multipole_3.multipole_comps.multipole_comps_1": -0.0070072233098443445,
                        "multipoles.0.multipole_4.multipole_comps.multipole_comps_0": 0.006714609687413238,
                        "multipoles.0.multipole_4.multipole_comps.multipole_comps_1": 0.006923643401229943
                    }
                }
            }
        },
        "errors_at_sigma_3": {
            "type": "list",
            "values": [
                {
                    "type": "tuple",
                    "values": [
                        0.006086917062690003,
                        0.005528244526996767
                    ]
                },
                {
                    "type": "tuple",
                    "values": [
                        0.005124259249356222,
                        0.0053996141613003035
                    ]
                },
                {
                    "type": "tuple",
                    "values": [
                        0.01515572963658354,
                        0.01547444873352204
                    ]
                },
                {
                    "type": "tuple",
                    "values": [
                        0.017800610918105655,
                        0.018014976925364343
                    ]
                },
                {
                    "type": "tuple",
                    "values": [
                        0.019350124253758514,
                        0.02109267526984676
                    ]
                },
                {
                    "type": "tuple",
                    "values": [
                        0.019039608385136825,
                        0.018088310693150058
                    ]
                }
            ]
        },
        "model": null,
        "log_evidence": -61.02608459717081,
        "values_at_sigma_3": {
            "type": "list",
            "values": [
                {
                    "type": "tuple",
                    "values": [
                        0.07604023129894,
                        0.08765539288862677
                    ]
                },
                {
                    "type": "tuple",
                    "values": [
                        0.18823287012988618,
                        0.1987567435405427
                    ]
                },
                {
                    "type": "tuple",
                    "values": [
                        -0.02392323041215558,
                        0.00670694795795
                    ]
                },
                {
                    "type": "tuple",
                    "values": [
                        -0.02480783422795,
                        0.01100775361552
                    ]
                },
                {
                    "type": "tuple",
                    "values": [
                        -0.012635514566345277,
                        0.02780728495726
                    ]
                },
                {
                    "type": "tuple",
                    "values": [
                        -0.012115964983906883,
                        0.02501195409438
                    ]
                }
            ]
        },
        "max_log_likelihood_sample": {
            "type": "instance",
            "class_path": "autofit.non_linear.samples.sample.Sample",
            "arguments": {
                "log_likelihood": -38.89192060288611,
                "log_prior": 0.0,
                "weight": 0.0010093601504010744,
                "kwargs": {
                    "type": "dict",
                    "arguments": {
                        "ellipses.0.ell_comps.ell_comps_0": 0.08200713661351,
                        "ellipses.0.ell_comps.ell_comps_1": 0.19420935330607,
                        "multipoles.0.multipole_3.multipole_comps.multipole_comps_0": -0.01322306962178,
                        "multipoles.0.multipole_3.multipole_comps.multipole_comps_1": -0.00904855001662,
                        "multipoles.0.multipole_4.multipole_comps.multipole_comps_0": 0.00730654633647,
                        "multipoles.0.multipole_4.multipole_comps.multipole_comps_1": 0.00318938537242
                    }
                }
            }
        }
    }
}