{
    "type": "instance",
    "class_path": "autofit.non_linear.samples.summary.SamplesSummary",
    "arguments": {
        "median_pdf_sample": {
            "type": "instance",
            "class_path": "autofit.non_linear.samples.sample.Sample",
            "arguments": {
                "log_likelihood": -32.01697432210184,
                "log_prior": 0.0,
                "weight": 0.0009810310410689263,
                "kwargs": {
                    "type": "dict",
                    "arguments": {
                        "ellipses.0.ell_comps.ell_comps_0": 0.16593026213172,
                        "ellipses.0.ell_comps.ell_comps_1": -0.03670475812749913
                    }
                }
            }
        },
        "model": null,
        "log_evidence": -43.08986806489501,
        "errors_at_sigma_3": {
            "type": "list",
            "values": [
                {
                    "type": "tuple",
                    "values": [
                        0.00569488054010972,
                        0.00544121487760299
                    ]
                },
                {
                    "type": "tuple",
                    "values": [
                        0.0056848763680636405,
                        0.005949259977904343
                    ]
                }
            ]
        },
        "values_at_sigma_1": {
            "type": "list",
            "values": [
                {
                    "type": "tuple",
                    "values": [
                        0.16440882856920647,
                        0.16765338906245897
                    ]
                },
                {
                    "type": "tuple",
                    "values": [
                        -0.03869359346058,
                        -0.03466030999353825
                    ]
                }
            ]
        },
        "max_log_likelihood_sample": {
            "type": "instance",
            "class_path": "autofit.non_linear.samples.sample.Sample",
            "arguments": {
                "log_likelihood": -32.01697432210184,
                "log_prior": 0.0,
                "weight": 0.0009810310410689263,
                "kwargs": {
                    "type": "dict",
                    "arguments": {
                        "ellipses.0.ell_comps.ell_comps_0": 0.16572412050058,
                        "ellipses.0.ell_comps.ell_comps_1": -0.03663792203675
                    }
                }
            }
        },
        "errors_at_sigma_1": {
            "type": "list",
            "values": [
                {
                    "type": "tuple",
                    "values": [
                        0.0015214335625135245,
                        0.0017231269307389774
                    ]
                },
                {
                    "type": "tuple",
                    "values": [
                        0.0019888353330808697,
                        0.0020444481339608814
                    ]
                }
            ]
        },
        "values_at_sigma_3": {
            "type": "list",
            "values": [
                {
                    "type": "tuple",
                    "values": [
                        0.16023538159161027,
                        0.17137147700932298
                    ]
                },
                {
                    "type": "tuple",
                    "values": [
                        -0.042389634495562774,
                        -0.03075549814959479
                    ]
                }
            ]
        }
    }
}