{
    "type": "instance",
    "class_path": "autofit.non_linear.samples.summary.SamplesSummary",
    "arguments": {
        "values_at_sigma_3": {
            "type": "list",
            "values": [
                {
                    "type": "tuple",
                    "values": [
                        -0.4485258856507073,
                        -0.43395140082945
                    ]
                },
                {
                    "type": "tuple",
                    "values": [
                        0.023887549099434812,
                        0.03570172694445987
                    ]
                }
            ]
        },
        "log_evidence": -170.96793683552843,
        "errors_at_sigma_3": {
            "type": "list",
            "values": [
                {
                    "type": "tuple",
                    "values": [
                        0.006958507101432476,
                        0.007615977719824807
                    ]
                },
                {
                    "type": "tuple",
                    "values": [
                        0.005568330076501964,
                        0.006245847768523091
                    ]
                }
            ]
        },
        "values_at_sigma_1": {
            "type": "list",
            "values": [
                {
                    "type": "tuple",
                    "values": [
                        -0.44388870642454,
                        -0.43917839535364
                    ]
                },
                {
                    "type": "tuple",
                    "values": [
                        0.026983847445923623,
                        0.03165952880611604
                    ]
                }
            ]
        },
        "errors_at_sigma_1": {
            "type": "list",
            "values": [
                {
                    "type": "tuple",
                    "values": [
                        0.002321327875265178,
                        0.0023889831956347973
                    ]
                },
                {
                    "type": "tuple",
                    "values": [
                        0.0024720317300131536,
                        0.002203649630179265
                    ]
                }
            ]
        },
        "median_pdf_sample": {
            "type": "instance",
            "class_path": "autofit.non_linear.samples.sample.Sample",
            "arguments": {
                "log_likelihood": -160.29908896947188,
                "log_prior": 0.0,
                "weight": 0.0009844561956768182,
                "kwargs": {
                    "type": "dict",
                    "arguments": {
                        "ellipses.0.ell_comps.ell_comps_0": -0.4415673785492748,
                        "ellipses.0.ell_comps.ell_comps_1": 0.029455879175936776
                    }
                }
            }
        },
        "model": null,
        "max_log_likelihood_sample": {
            "type": "instance",
            "class_path": "autofit.non_linear.samples.sample.Sample",
            "arguments": {
                "log_likelihood": -160.29908896947188,
                "log_prior": 0.0,
                "weight": 0.0009844561956768182,
                "kwargs": {
                    "type": "dict",
                    "arguments": {
                        "ellipses.0.ell_comps.ell_comps_0": -0.44170766199086,
                        "ellipses.0.ell_comps.ell_comps_1": 0.02919139524665
                    }
                }
            }
        }
    }
}