{
    "type": "instance",
    "class_path": "autofit.non_linear.samples.summary.SamplesSummary",
    "arguments": {
        "errors_at_sigma_1": {
            "type": "list",
            "values": [
                {
                    "type": "tuple",
                    "values": [
                        0.0008751453764666687,
                        0.000863419216010027
                    ]
                },
                {
                    "type": "tuple",
                    "values": [
                        0.0010866230606952484,
                        0.0008961948307628627
                    ]
                },
                {
                    "type": "tuple",
                    "values": [
                        0.002911963442642882,
                        0.0032109719570928962
                    ]
                },
                {
                    "type": "tuple",
                    "values": [
                        0.0054605810725209675,
                        0.003029837795984578
                    ]
                },
                {
                    "type": "tuple",
                    "values": [
                        0.0011861266110686228,
                        0.0012314453468524464
                    ]
                },
                {
                    "type": "tuple",
                    "values": [
                        0.0009886506748854242,
                        0.0011058163216699998
                    ]
                },
                {
                    "type": "tuple",
                    "values": [
                        0.0013773730943200178,
                        0.0012825171856729511
                    ]
                },
                {
                    "type": "tuple",
                    "values": [
                        0.0010731572391985491,
                        0.0009994797536368835
                    ]
                },
                {
                    "type": "tuple",
                    "values": [
                        0.0015788363024599999,
                        0.00140890743619
                    ]
                },
                {
                    "type": "tuple",
                    "values": [
                        0.0008767105412824088,
                        0.0009393215469045042
                    ]
                },
                {
                    "type": "tuple",
                    "values": [
                        0.00364150580971,
                        0.00406467233551
                    ]
                },
                {
                    "type": "tuple",
                    "values": [
                        0.0009039717893760122,
                        0.0009260852203439877
                    ]
                },
                {
                    "type": "tuple",
                    "values": [
                        0.003362023055029594,
                        0.0035463625468769647
                    ]
                },
                {
                    "type": "tuple",
                    "values": [
                        0.003993162915674623,
                        0.004722348709043103
                    ]
                },
                {
                    "type": "tuple",
                    "values": [
                        0.003063837459942355,
                        0.00362105002409
                    ]
                },
                {
                    "type": "tuple",
                    "values": [
                        0.0021656686746739625,
                        0.001810640324577994
                    ]
                },
                {
                    "type": "tuple",
                    "values": [
                        0.003278035601863804,
                        0.0030643061099752955
                    ]
                },
                {
                    "type": "tuple",
                    "values": [
                        0.0024850727739455236,
                        0.002299085643800002
                    ]
                },
                {
                    "type": "tuple",
                    "values": [
                        0.002663788748692251,
                        0.002667489831400003
                    ]
                },
                {
                    "type": "tuple",
                    "values": [
                        0.00354019647105,
                        0.0030409052082914986
                    ]
                },
                {
                    "type": "tuple",
                    "values": [
                        0.006028837934345771,
                        0.006250980104689908
                    ]
                },
                {
                    "type": "tuple",
                    "values": [
                        0.004660265844183548,
                        0.004074068565797444
                    ]
                },
                {
                    "type": "tuple",
                    "values": [
                        0.0029542079627583578,
                        0.0032179466977658062
                    ]
                },
                {
                    "type": "tuple",
                    "values": [
                        0.0038446088775186326,
                        0.0027584176505300005
                    ]
                },
                {
                    "type": "tuple",
                    "values": [
                        0.00441283272740433,
                        0.005221955159867196
                    ]
                },
                {
                    "type": "tuple",
                    "values": [
                        0.0036488394242700003,
                        0.00381307230653
                    ]
                },
                {
                    "type": "tuple",
                    "values": [
                        0.0021743737910756844,
                        0.0034109069843899775
                    ]
                },
                {
                    "type": "tuple",
                    "values": [
                        0.006028058487737832,
                        0.005862181887467059
                    ]
                },
                {
                    "type": "tuple",
                    "values": [
                        0.007950580135842718,
                        0.008146505737567276
                    ]
                },
                {
                    "type": "tuple",
                    "values": [
                        0.009415374361753027,
                        0.010354374066195413
                    ]
                },
                {
                    "type": "tuple",
                    "values": [
                        0.0032044453152999947,
                        0.0036782218749212385
                    ]
                },
                {
                    "type": "tuple",
                    "values": [
                        0.0047771018878160106,
                        0.005215634025864897
                    ]
                },
                {
                    "type": "tuple",
                    "values": [
                        0.0049701633800537,
                        0.007089075220410097
                    ]
                },
                {
                    "type": "tuple",
                    "values": [
                        0.002414966391974721,
                        0.002417786393355277
                    ]
                },
                {
                    "type": "tuple",
                    "values": [
                        0.001112681341332824,
                        0.0014496413514071237
                    ]
                },
                {
                    "type": "tuple",
                    "values": [
                        0.000795502469182946,
                        0.0007321463474116718
                    ]
                },
                {
                    "type": "tuple",
                    "values": [
                        0.007010039959368872,
                        0.007221606260678665
                    ]
                },
                {
                    "type": "tuple",
                    "values": [
                        0.006743593802296237,
                        0.006313111722513762
                    ]
                },
                {
                    "type": "tuple",
                    "values": [
                        0.005662542690273149,
                        0.00493040094983685
                    ]
                },
                {
                    "type": "tuple",
                    "values": [
                        0.003929116116824401,
                        0.004538495423856377
                    ]
                },
                {
                    "type": "tuple",
                    "values": [
                        0.003481558138959999,
                        0.004593775714279998
                    ]
                },
                {
                    "type": "tuple",
                    "values": [
                        0.0041292666116006455,
                        0.004378057945339354
                    ]
                }
            ]
        },
        "log_evidence": -320.30125976287735,
        "median_pdf_sample": {
            "type": "instance",
            "class_path": "autofit.non_linear.samples.sample.Sample",
            "arguments": {
                "log_likelihood": -218.43367745846518,
                "log_prior": 0.0,
                "weight": 0.0008696075949446263,
                "kwargs": {
                    "type": "dict",
                    "arguments": {
                        "ellipses.ellipse_4.centre.centre_0": 0.001829762817619973,
                        "ellipses.ellipse_4.centre.centre_1": -7.099949387475152e-05,
                        "ellipses.ellipse_0.ell_comps.ell_comps_0": 0.006562660854512882,
                        "ellipses.ellipse_0.ell_comps.ell_comps_1": -0.005039746918584578,
                        "multipoles.0.multipole_1.multipole_comps.multipole_comps_0": 0.0058448164091429045,
                        "multipoles.0.multipole_1.multipole_comps.multipole_comps_1": 0.00179251765666,
                        "multipoles.0.multipole_3.multipole_comps.multipole_comps_0": 0.0001282265761522651,
                        "multipoles.0.multipole_3.multipole_comps.multipole_comps_1": 0.0007570369269885491,
                        "multipoles.0.multipole_4.multipole_comps.multipole_comps_0": 0.00053213945542,
                        "multipoles.0.multipole_4.multipole_comps.multipole_comps_1": 0.010430109724762408,
                        "ellipses.ellipse_1.ell_comps.ell_comps_0": -0.02020413681041,
                        "ellipses.ellipse_1.ell_comps.ell_comps_1": 0.0016209672154360122,
                        "multipoles.1.multipole_1.multipole_comps.multipole_comps_0": 0.024025655829578312,
                        "multipoles.1.multipole_1.multipole_comps.multipole_comps_1": -0.014078042272495846,
                        "multipoles.1.multipole_3.multipole_comps.multipole_comps_0": 0.00318504257905,
                        "multipoles.1.multipole_3.multipole_comps.multipole_comps_1": -0.00546035243642,
                        "multipoles.1.multipole_4.multipole_comps.multipole_comps_0": 0.011373012194954906,
                        "multipoles.1.multipole_4.multipole_comps.multipole_comps_1": 0.0304894421338,
                        "ellipses.ellipse_2.ell_comps.ell_comps_0": -0.03000053974422,
                        "ellipses.ellipse_2.ell_comps.ell_comps_1": -0.04196790714868,
                        "multipoles.2.multipole_1.multipole_comps.multipole_comps_0": -0.005705596052824228,
                        "multipoles.2.multipole_1.multipole_comps.multipole_comps_1": 0.01408301719943,
                        "multipoles.2.multipole_3.multipole_comps.multipole_comps_0": -0.014839646770502977,
                        "multipoles.2.multipole_3.multipole_comps.multipole_comps_1": -0.00761336109744,
                        "multipoles.2.multipole_4.multipole_comps.multipole_comps_0": 0.04195636212727,
                        "multipoles.2.multipole_4.multipole_comps.multipole_comps_1": 0.01388919237613,
                        "ellipses.ellipse_3.ell_comps.ell_comps_0": -0.06327165008340094,
                        "ellipses.ellipse_3.ell_comps.ell_comps_1": -0.05921093252530706,
                        "multipoles.3.multipole_1.multipole_comps.multipole_comps_0": 0.05630633779087272,
                        "multipoles.3.multipole_1.multipole_comps.multipole_comps_1": -0.03654725349851,
                        "multipoles.3.multipole_3.multipole_comps.multipole_comps_0": -0.03357728542273,
                        "multipoles.3.multipole_3.multipole_comps.multipole_comps_1": -0.02069690082659399,
                        "multipoles.3.multipole_4.multipole_comps.multipole_comps_0": -0.0269817496193363,
                        "multipoles.3.multipole_4.multipole_comps.multipole_comps_1": 0.020246830016634722,
                        "ellipses.ellipse_4.ell_comps.ell_comps_0": 0.03052202379121,
                        "ellipses.ellipse_4.ell_comps.ell_comps_1": -0.14432206248943166,
                        "multipoles.4.multipole_1.multipole_comps.multipole_comps_0": 0.08407440426874889,
                        "multipoles.4.multipole_1.multipole_comps.multipole_comps_1": 0.008943530532976238,
                        "multipoles.4.multipole_3.multipole_comps.multipole_comps_0": -0.01052168681589685,
                        "multipoles.4.multipole_3.multipole_comps.multipole_comps_1": -0.05383766891524,
                        "multipoles.4.multipole_4.multipole_comps.multipole_comps_0": -0.06168477327186,
                        "multipoles.4.multipole_4.multipole_comps.multipole_comps_1": 0.006138659765570645
                    }
                }
            }
        },
        "max_log_likelihood_sample": {
            "type": "instance",
            "class_path": "autofit.non_linear.samples.sample.Sample",
            "arguments": {
                "log_likelihood": -218.43367745846518,
                "log_prior": 0.0,
                "weight": 0.0008696075949446263,
                "kwargs": {
                    "type": "dict",
                    "arguments": {
                        "ellipses.ellipse_4.centre.centre_0": 0.00094141882408,
                        "ellipses.ellipse_4.centre.centre_1": -0.00298126921064,
                        "ellipses.ellipse_0.ell_comps.ell_comps_0": 0.00640870648662,
                        "ellipses.ellipse_0.ell_comps.ell_comps_1": -0.00462068879478,
                        "multipoles.0.multipole_1.multipole_comps.multipole_comps_0": 0.00259821514827,
                        "multipoles.0.multipole_1.multipole_comps.multipole_comps_1": 0.00083468754899,
                        "multipoles.0.multipole_3.multipole_comps.multipole_comps_0": 0.00117058381275,
                        "multipoles.0.multipole_3.multipole_comps.multipole_comps_1": -0.00079989546561,
                        "multipoles.0.multipole_4.multipole_comps.multipole_comps_0": 0.00160452456083,
                        "multipoles.0.multipole_4.multipole_comps.multipole_comps_1": 0.00999152623327,
                        "ellipses.ellipse_1.ell_comps.ell_comps_0": -0.01680700878581,
                        "ellipses.ellipse_1.ell_comps.ell_comps_1": 0.00084668376639,
                        "multipoles.1.multipole_1.multipole_comps.multipole_comps_0": 0.01662104490407,
                        "multipoles.1.multipole_1.multipole_comps.multipole_comps_1": -0.00736329272411,
                        "multipoles.1.multipole_3.multipole_comps.multipole_comps_0": 0.00132947009034,
                        "multipoles.1.multipole_3.multipole_comps.multipole_comps_1": -0.00563892943172,
                        "multipoles.1.multipole_4.multipole_comps.multipole_comps_0": 0.01415331447611,
                        "multipoles.1.multipole_4.multipole_comps.multipole_comps_1": 0.02991775169712,
                        "ellipses.ellipse_2.ell_comps.ell_comps_0": -0.02669852006943,
                        "ellipses.ellipse_2.ell_comps.ell_comps_1": -0.0393167832606,
                        "multipoles.2.multipole_1.multipole_comps.multipole_comps_0": -0.01228969345864,
                        "multipoles.2.multipole_1.multipole_comps.multipole_comps_1": 0.01864194441066,
                        "multipoles.2.multipole_3.multipole_comps.multipole_comps_0": -0.02198212052581,
                        "multipoles.2.multipole_3.multipole_comps.multipole_comps_1": -0.01094443794518,
                        "multipoles.2.multipole_4.multipole_comps.multipole_comps_0": 0.0458614294,
                        "multipoles.2.multipole_4.multipole_comps.multipole_comps_1": 0.01366058937432,
                        "ellipses.ellipse_3.ell_comps.ell_comps_0": -0.06888149334405,
                        "ellipses.ellipse_3.ell_comps.ell_comps_1": -0.05295023518249,
                        "multipoles.3.multipole_1.multipole_comps.multipole_comps_0": 0.04696678632008,
                        "multipoles.3.multipole_1.multipole_comps.multipole_comps_1": -0.04754412607219,
                        "multipoles.3.multipole_3.multipole_comps.multipole_comps_0": -0.03216307691004,
                        "multipoles.3.multipole_3.multipole_comps.multipole_comps_1": -0.02282155835151,
                        "multipoles.3.multipole_4.multipole_comps.multipole_comps_0": -0.01953390423747,
                        "multipoles.3.multipole_4.multipole_comps.multipole_comps_1": 0.0211219434239,
                        "ellipses.ellipse_4.ell_comps.ell_comps_0": 0.02745564069404,
                        "ellipses.ellipse_4.ell_comps.ell_comps_1": -0.14433485880954,
                        "multipoles.4.multipole_1.multipole_comps.multipole_comps_0": 0.07836518955306,
                        "multipoles.4.multipole_1.multipole_comps.multipole_comps_1": 0.00267854965299,
                        "multipoles.4.multipole_3.multipole_comps.multipole_comps_0": -0.00326923054944,
                        "multipoles.4.multipole_3.multipole_comps.multipole_comps_1": -0.06229542519667,
                        "multipoles.4.multipole_4.multipole_comps.multipole_comps_0": -0.05435252766315,
                        "multipoles.4.multipole_4.multipole_comps.multipole_comps_1": 0.00313232460796
                    }
                }
            }
        },
        "values_at_sigma_1": {
            "type": "list",
            "values": [
                {
                    "type": "tuple",
                    "values": [
                        0.0009546174411533043,
                        0.00269318203363
                    ]
                },
                {
                    "type": "tuple",
                    "values": [
                        -0.00115762255457,
                        0.0008251953368881112
                    ]
                },
                {
                    "type": "tuple",
                    "values": [
                        0.00365069741187,
                        0.009773632811605778
                    ]
                },
                {
                    "type": "tuple",
                    "values": [
                        -0.010500327991105545,
                        -0.0020099091226
                    ]
                },
                {
                    "type": "tuple",
                    "values": [
                        0.004658689798074282,
                        0.007076261755995351
                    ]
                },
                {
                    "type": "tuple",
                    "values": [
                        0.0008038669817745757,
                        0.00289833397833
                    ]
                },
                {
                    "type": "tuple",
                    "values": [
                        -0.0012491465181677527,
                        0.0014107437618252163
                    ]
                },
                {
                    "type": "tuple",
                    "values": [
                        -0.00031612031221,
                        0.0017565166806254326
                    ]
                },
                {
                    "type": "tuple",
                    "values": [
                        -0.00104669684704,
                        0.00194104689161
                    ]
                },
                {
                    "type": "tuple",
                    "values": [
                        0.00955339918348,
                        0.011369431271666912
                    ]
                },
                {
                    "type": "tuple",
                    "values": [
                        -0.02384564262012,
                        -0.0161394644749
                    ]
                },
                {
                    "type": "tuple",
                    "values": [
                        0.00071699542606,
                        0.00254705243578
                    ]
                },
                {
                    "type": "tuple",
                    "values": [
                        0.020663632774548718,
                        0.027572018376455277
                    ]
                },
                {
                    "type": "tuple",
                    "values": [
                        -0.01807120518817047,
                        -0.009355693563452743
                    ]
                },
                {
                    "type": "tuple",
                    "values": [
                        0.00012120511910764545,
                        0.00680609260314
                    ]
                },
                {
                    "type": "tuple",
                    "values": [
                        -0.007626021111093962,
                        -0.003649712111842006
                    ]
                },
                {
                    "type": "tuple",
                    "values": [
                        0.008094976593091103,
                        0.014437318304930202
                    ]
                },
                {
                    "type": "tuple",
                    "values": [
                        0.028004369359854477,
                        0.0327885277776
                    ]
                },
                {
                    "type": "tuple",
                    "values": [
                        -0.03266432849291225,
                        -0.02733304991282
                    ]
                },
                {
                    "type": "tuple",
                    "values": [
                        -0.04550810361973,
                        -0.0389270019403885
                    ]
                },
                {
                    "type": "tuple",
                    "values": [
                        -0.01173443398717,
                        0.0005453840518656804
                    ]
                },
                {
                    "type": "tuple",
                    "values": [
                        0.009422751355246452,
                        0.018157085765227444
                    ]
                },
                {
                    "type": "tuple",
                    "values": [
                        -0.017793854733261335,
                        -0.011621700072737171
                    ]
                },
                {
                    "type": "tuple",
                    "values": [
                        -0.011457969974958633,
                        -0.00485494344691
                    ]
                },
                {
                    "type": "tuple",
                    "values": [
                        0.03754352939986567,
                        0.04717831728713719
                    ]
                },
                {
                    "type": "tuple",
                    "values": [
                        0.01024035295186,
                        0.01770226468266
                    ]
                },
                {
                    "type": "tuple",
                    "values": [
                        -0.06544602387447662,
                        -0.05986074309901096
                    ]
                },
                {
                    "type": "tuple",
                    "values": [
                        -0.0652389910130449,
                        -0.05334875063784
                    ]
                },
                {
                    "type": "tuple",
                    "values": [
                        0.04835575765503,
                        0.06445284352844
                    ]
                },
                {
                    "type": "tuple",
                    "values": [
                        -0.045962627860263026,
                        -0.026192879432314586
                    ]
                },
                {
                    "type": "tuple",
                    "values": [
                        -0.03678173073803,
                        -0.029899063547808764
                    ]
                },
                {
                    "type": "tuple",
                    "values": [
                        -0.02547400271441,
                        -0.015481266800729091
                    ]
                },
                {
                    "type": "tuple",
                    "values": [
                        -0.03195191299939,
                        -0.019892674398926204
                    ]
                },
                {
                    "type": "tuple",
                    "values": [
                        0.01783186362466,
                        0.02266461640999
                    ]
                },
                {
                    "type": "tuple",
                    "values": [
                        0.029409342449877175,
                        0.03197166514261712
                    ]
                },
                {
                    "type": "tuple",
                    "values": [
                        -0.1451175649586146,
                        -0.14358991614202
                    ]
                },
                {
                    "type": "tuple",
                    "values": [
                        0.07706436430938002,
                        0.09129601052942755
                    ]
                },
                {
                    "type": "tuple",
                    "values": [
                        0.00219993673068,
                        0.01525664225549
                    ]
                },
                {
                    "type": "tuple",
                    "values": [
                        -0.01618422950617,
                        -0.00559128586606
                    ]
                },
                {
                    "type": "tuple",
                    "values": [
                        -0.0577667850320644,
                        -0.04929917349138362
                    ]
                },
                {
                    "type": "tuple",
                    "values": [
                        -0.06516633141082,
                        -0.05709099755758
                    ]
                },
                {
                    "type": "tuple",
                    "values": [
                        0.00200939315397,
                        0.01051671771091
                    ]
                }
            ]
        },
        "errors_at_sigma_3": {
            "type": "list",
            "values": [
                {
                    "type": "tuple",
                    "values": [
                        0.0030354757725957453,
                        0.0027905428027201265
                    ]
                },
                {
                    "type": "tuple",
                    "values": [
                        0.002909749913656421,
                        0.0023994752531747514
                    ]
                },
                {
                    "type": "tuple",
                    "values": [
                        0.005873058565842882,
                        0.007903402703324737
                    ]
                },
                {
                    "type": "tuple",
                    "values": [
                        0.013040372742173737,
                        0.004740731988128089
                    ]
                },
                {
                    "type": "tuple",
                    "values": [
                        0.0035441316838829046,
                        0.0036705226522293216
                    ]
                },
                {
                    "type": "tuple",
                    "values": [
                        0.003186888286257532,
                        0.004537861376475421
                    ]
                },
                {
                    "type": "tuple",
                    "values": [
                        0.0037971193685364182,
                        0.0031948279815099544
                    ]
                },
                {
                    "type": "tuple",
                    "values": [
                        0.003526342971642172,
                        0.003088910734891451
                    ]
                },
                {
                    "type": "tuple",
                    "values": [
                        0.005194781588480001,
                        0.0045472795206839755
                    ]
                },
                {
                    "type": "tuple",
                    "values": [
                        0.0026152467587726123,
                        0.004240601482258636
                    ]
                },
                {
                    "type": "tuple",
                    "values": [
                        0.010425222234416776,
                        0.0104351369962
                    ]
                },
                {
                    "type": "tuple",
                    "values": [
                        0.0016102894649960122,
                        0.002883160108348261
                    ]
                },
                {
                    "type": "tuple",
                    "values": [
                        0.008690085279518311,
                        0.009684747368114036
                    ]
                },
                {
                    "type": "tuple",
                    "values": [
                        0.013730173684424153,
                        0.01221248933314239
                    ]
                },
                {
                    "type": "tuple",
                    "values": [
                        0.0090791205243,
                        0.012883775136173168
                    ]
                },
                {
                    "type": "tuple",
                    "values": [
                        0.0070236439024500006,
                        0.00547089638441
                    ]
                },
                {
                    "type": "tuple",
                    "values": [
                        0.011130712247853157,
                        0.009591775401095093
                    ]
                },
                {
                    "type": "tuple",
                    "values": [
                        0.015377184865638393,
                        0.006383920106649999
                    ]
                },
                {
                    "type": "tuple",
                    "values": [
                        0.008063241962841836,
                        0.008325356482390002
                    ]
                },
                {
                    "type": "tuple",
                    "values": [
                        0.016835068846170004,
                        0.00885079247403451
                    ]
                },
                {
                    "type": "tuple",
                    "values": [
                        0.023127086411640713,
                        0.01717581484685423
                    ]
                },
                {
                    "type": "tuple",
                    "values": [
                        0.01413400927639,
                        0.010969856249559474
                    ]
                },
                {
                    "type": "tuple",
                    "values": [
                        0.009167870466672853,
                        0.009030409287966706
                    ]
                },
                {
                    "type": "tuple",
                    "values": [
                        0.010507559636660002,
                        0.00879183879183
                    ]
                },
                {
                    "type": "tuple",
                    "values": [
                        0.014908917364916136,
                        0.014435308763030001
                    ]
                },
                {
                    "type": "tuple",
                    "values": [
                        0.011508269406646817,
                        0.013278551537380001
                    ]
                },
                {
                    "type": "tuple",
                    "values": [
                        0.007237052123125004,
                        0.008447653162970935
                    ]
                },
                {
                    "type": "tuple",
                    "values": [
                        0.013112165709597355,
                        0.016119821391567063
                    ]
                },
                {
                    "type": "tuple",
                    "values": [
                        0.02140282158336436,
                        0.029071854387407274
                    ]
                },
                {
                    "type": "tuple",
                    "values": [
                        0.024594865521089998,
                        0.0476817206772
                    ]
                },
                {
                    "type": "tuple",
                    "values": [
                        0.01088050881593703,
                        0.014228801215120452
                    ]
                },
                {
                    "type": "tuple",
                    "values": [
                        0.011917799436803819,
                        0.017269156022323987
                    ]
                },
                {
                    "type": "tuple",
                    "values": [
                        0.0134058301818137,
                        0.017250077131157525
                    ]
                },
                {
                    "type": "tuple",
                    "values": [
                        0.008703698859428882,
                        0.00638452356653672
                    ]
                },
                {
                    "type": "tuple",
                    "values": [
                        0.0033834960527577528,
                        0.004607244745399999
                    ]
                },
                {
                    "type": "tuple",
                    "values": [
                        0.0020498372345783278,
                        0.0026745257577402426
                    ]
                },
                {
                    "type": "tuple",
                    "values": [
                        0.017494717121494127,
                        0.01690995452637302
                    ]
                },
                {
                    "type": "tuple",
                    "values": [
                        0.02414308643836624,
                        0.021793037396633762
                    ]
                },
                {
                    "type": "tuple",
                    "values": [
                        0.01663096882161315,
                        0.01861702071644024
                    ]
                },
                {
                    "type": "tuple",
                    "values": [
                        0.010872681973930001,
                        0.012836597224734687
                    ]
                },
                {
                    "type": "tuple",
                    "values": [
                        0.009560690300545759,
                        0.013641987795405347
                    ]
                },
                {
                    "type": "tuple",
                    "values": [
                        0.013988777550100646,
                        0.011513528869939355
                    ]
                }
            ]
        },
        "model": null,
        "values_at_sigma_3": {
            "type": "list",
            "values": [
                {
                    "type": "tuple",
                    "values": [
                        -0.0012057129549757721,
                        0.0046203056203400995
                    ]
                },
                {
                    "type": "tuple",
                    "values": [
                        -0.0029807494075311724,
                        0.0023284757593
                    ]
                },
                {
                    "type": "tuple",
                    "values": [
                        0.00068960228867,
                        0.01446606355783762
                    ]
                },
                {
                    "type": "tuple",
                    "values": [
                        -0.018080119660758315,
                        -0.0002990149304564892
                    ]
                },
                {
                    "type": "tuple",
                    "values": [
                        0.00230068472526,
                        0.009515339061372226
                    ]
                },
                {
                    "type": "tuple",
                    "values": [
                        -0.001394370629597532,
                        0.006330379033135421
                    ]
                },
                {
                    "type": "tuple",
                    "values": [
                        -0.003668892792384153,
                        0.0033230545576622196
                    ]
                },
                {
                    "type": "tuple",
                    "values": [
                        -0.002769306044653623,
                        0.00384594766188
                    ]
                },
                {
                    "type": "tuple",
                    "values": [
                        -0.00466264213306,
                        0.005079418976103976
                    ]
                },
                {
                    "type": "tuple",
                    "values": [
                        0.007814862965989796,
                        0.014670711207021044
                    ]
                },
                {
                    "type": "tuple",
                    "values": [
                        -0.030629359044826776,
                        -0.00976899981421
                    ]
                },
                {
                    "type": "tuple",
                    "values": [
                        1.067775044e-05,
                        0.004504127323784273
                    ]
                },
                {
                    "type": "tuple",
                    "values": [
                        0.01533557055006,
                        0.03371040319769235
                    ]
                },
                {
                    "type": "tuple",
                    "values": [
                        -0.02780821595692,
                        -0.0018655529393534554
                    ]
                },
                {
                    "type": "tuple",
                    "values": [
                        -0.00589407794525,
                        0.016068817715223168
                    ]
                },
                {
                    "type": "tuple",
                    "values": [
                        -0.01248399633887,
                        1.054394799e-05
                    ]
                },
                {
                    "type": "tuple",
                    "values": [
                        0.0002422999471017487,
                        0.02096478759605
                    ]
                },
                {
                    "type": "tuple",
                    "values": [
                        0.015112257268161608,
                        0.03687336224045
                    ]
                },
                {
                    "type": "tuple",
                    "values": [
                        -0.03806378170706184,
                        -0.02167518326183
                    ]
                },
                {
                    "type": "tuple",
                    "values": [
                        -0.05880297599485,
                        -0.03311711467464549
                    ]
                },
                {
                    "type": "tuple",
                    "values": [
                        -0.02883268246446494,
                        0.01147021879403
                    ]
                },
                {
                    "type": "tuple",
                    "values": [
                        -5.099207696e-05,
                        0.025052873448989474
                    ]
                },
                {
                    "type": "tuple",
                    "values": [
                        -0.02400751723717583,
                        -0.0058092374825362714
                    ]
                },
                {
                    "type": "tuple",
                    "values": [
                        -0.0181209207341,
                        0.00117847769439
                    ]
                },
                {
                    "type": "tuple",
                    "values": [
                        0.02704744476235386,
                        0.0563916708903
                    ]
                },
                {
                    "type": "tuple",
                    "values": [
                        0.002380922969483183,
                        0.02716774391351
                    ]
                },
                {
                    "type": "tuple",
                    "values": [
                        -0.07050870220652594,
                        -0.05482399692043
                    ]
                },
                {
                    "type": "tuple",
                    "values": [
                        -0.07232309823490442,
                        -0.04309111113374
                    ]
                },
                {
                    "type": "tuple",
                    "values": [
                        0.03490351620750836,
                        0.08537819217828
                    ]
                },
                {
                    "type": "tuple",
                    "values": [
                        -0.0611421190196,
                        0.01113446717869
                    ]
                },
                {
                    "type": "tuple",
                    "values": [
                        -0.04445779423866703,
                        -0.01934848420760955
                    ]
                },
                {
                    "type": "tuple",
                    "values": [
                        -0.03261470026339781,
                        -0.00342774480427
                    ]
                },
                {
                    "type": "tuple",
                    "values": [
                        -0.04038757980115,
                        -0.009731672488178774
                    ]
                },
                {
                    "type": "tuple",
                    "values": [
                        0.01154313115720584,
                        0.02663135358317144
                    ]
                },
                {
                    "type": "tuple",
                    "values": [
                        0.027138527738452246,
                        0.03512926853661
                    ]
                },
                {
                    "type": "tuple",
                    "values": [
                        -0.14637189972401,
                        -0.14164753673169142
                    ]
                },
                {
                    "type": "tuple",
                    "values": [
                        0.06657968714725476,
                        0.10098435879512191
                    ]
                },
                {
                    "type": "tuple",
                    "values": [
                        -0.01519955590539,
                        0.03073656792961
                    ]
                },
                {
                    "type": "tuple",
                    "values": [
                        -0.02715265563751,
                        0.008095333900543386
                    ]
                },
                {
                    "type": "tuple",
                    "values": [
                        -0.06471035088917,
                        -0.04100107169050531
                    ]
                },
                {
                    "type": "tuple",
                    "values": [
                        -0.07124546357240576,
                        -0.04804278547645465
                    ]
                },
                {
                    "type": "tuple",
                    "values": [
                        -0.00785011778453,
                        0.01765218863551
                    ]
                }
            ]
        }
    }
}