{
    "type": "instance",
    "class_path": "autofit.non_linear.samples.summary.SamplesSummary",
    "arguments": {
        "values_at_sigma_1": {
            "type": "list",
            "values": [
                {
                    "type": "tuple",
                    "values": [
                        0.03399382460413,
                        0.05400205432694
                    ]
                },
                {
                    "type": "tuple",
                    "values": [
                        0.060473935974047884,
                        0.06642086413431508
                    ]
                },
                {
                    "type": "tuple",
                    "values": [
                        -0.06478492083757946,
                        -0.00064962949279
                    ]
                },
                {
                    "type": "tuple",
                    "values": [
                        -0.06643544888321197,
                        -0.00553903588946
                    ]
                },
                {
                    "type": "tuple",
                    "values": [
                        0.025505186231030316,
                        0.09505018241005
                    ]
                },
                {
                    "type": "tuple",
                    "values": [
                        -0.0018133696382297054,
                        0.0515010134860188
                    ]
                }
            ]
        },
        "model": null,
        "values_at_sigma_3": {
            "type": "list",
            "values": [
                {
                    "type": "tuple",
                    "values": [
                        0.01335220304227,
                        0.06441461327993384
                    ]
                },
                {
                    "type": "tuple",
                    "values": [
                        0.050617120608481364,
                        0.08556201509761
                    ]
                },
                {
                    "type": "tuple",
                    "values": [
                        -0.09754645522359069,
                        0.049853888479375545
                    ]
                },
                {
                    "type": "tuple",
                    "values": [
                        -0.09926188369588859,
                        0.04690391451298709
                    ]
                },
                {
                    "type": "tuple",
                    "values": [
                        -0.03373616435779,
                        0.09992090068100858
                    ]
                },
                {
                    "type": "tuple",
                    "values": [
                        -0.06482575310876,
                        0.077526371990766
                    ]
                }
            ]
        },
        "max_log_likelihood_sample": {
            "type": "instance",
            "class_path": "autofit.non_linear.samples.sample.Sample",
            "arguments": {
                "log_likelihood": -43.675840728082335,
                "log_prior": 0.0,
                "weight": 0.0010270838964917249,
                "kwargs": {
                    "type": "dict",
                    "arguments": {
                        "ellipses.0.ell_comps.ell_comps_0": 0.04905317860752,
                        "ellipses.0.ell_comps.ell_comps_1": 0.06519919180588,
                        "multipoles.0.multipole_3.multipole_comps.multipole_comps_0": -0.05015665414576,
                        "multipoles.0.multipole_3.multipole_comps.multipole_comps_1": -0.01709539057819,
                        "multipoles.0.multipole_4.multipole_comps.multipole_comps_0": 0.09951281280128,
                        "multipoles.0.multipole_4.multipole_comps.multipole_comps_1": 0.05130376454544
                    }
                }
            }
        },
        "median_pdf_sample": {
            "type": "instance",
            "class_path": "autofit.non_linear.samples.sample.Sample",
            "arguments": {
                "log_likelihood": -43.675840728082335,
                "log_prior": 0.0,
                "weight": 0.0010270838964917249,
                "kwargs": {
                    "type": "dict",
                    "arguments": {
                        "ellipses.0.ell_comps.ell_comps_0": 0.048057495496605894,
                        "ellipses.0.ell_comps.ell_comps_1": 0.06297160896332671,
                        "multipoles.0.multipole_3.multipole_comps.multipole_comps_0": -0.040556060872253226,
                        "multipoles.0.multipole_3.multipole_comps.multipole_comps_1": -0.03923211164435116,
                        "multipoles.0.multipole_4.multipole_comps.multipole_comps_0": 0.07020142894633329,
                        "multipoles.0.multipole_4.multipole_comps.multipole_comps_1": 0.02630770681021727
                    }
                }
            }
        },
        "errors_at_sigma_3": {
            "type": "list",
            "values": [
                {
                    "type": "tuple",
                    "values": [
                        0.034705292454335894,
                        0.01635711778332794
                    ]
                },
                {
                    "type": "tuple",
                    "values": [
                        0.012354488354845344,
                        0.022590406134283286
                    ]
                },
                {
                    "type": "tuple",
                    "values": [
                        0.056990394351337466,
                        0.09040994935162877
                    ]
                },
                {
                    "type": "tuple",
                    "values": [
                        0.06002977205153743,
                        0.08613602615733826
                    ]
                },
                {
                    "type": "tuple",
                    "values": [
                        0.10393759330412328,
                        0.02971947173467529
                    ]
                },
                {
                    "type": "tuple",
                    "values": [
                        0.09113345991897727,
                        0.051218665180548725
                    ]
                }
            ]
        },
        "log_evidence": -62.114798429963564,
        "errors_at_sigma_1": {
            "type": "list",
            "values": [
                {
                    "type": "tuple",
                    "values": [
                        0.014063670892475892,
                        0.005944558830334103
                    ]
                },
                {
                    "type": "tuple",
                    "values": [
                        0.002497672989278825,
                        0.0034492551709883745
                    ]
                },
                {
                    "type": "tuple",
                    "values": [
                        0.024228859965326234,
                        0.039906431379463224
                    ]
                },
                {
                    "type": "tuple",
                    "values": [
                        0.027203337238860807,
                        0.033693075754891166
                    ]
                },
                {
                    "type": "tuple",
                    "values": [
                        0.04469624271530297,
                        0.02484875346371672
                    ]
                },
                {
                    "type": "tuple",
                    "values": [
                        0.028121076448446972,
                        0.02519330667580153
                    ]
                }
            ]
        }
    }
}