{
    "type": "instance",
    "class_path": "autofit.non_linear.samples.summary.SamplesSummary",
    "arguments": {
        "values_at_sigma_3": {
            "type": "list",
            "values": [
                {
                    "type": "tuple",
                    "values": [
                        0.060210704329397444,
                        0.12644253324297547
                    ]
                },
                {
                    "type": "tuple",
                    "values": [
                        0.16005832585091867,
                        0.23635051527679674
                    ]
                },
                {
                    "type": "tuple",
                    "values": [
                        1.566734614715808,
                        1.6751172180805587
                    ]
                },
                {
                    "type": "tuple",
                    "values": [
                        -0.029337479322361443,
                        0.0030710131762659086
                    ]
                },
                {
                    "type": "tuple",
                    "values": [
                        -0.0430571143133655,
                        0.005848630148665398
                    ]
                },
                {
                    "type": "tuple",
                    "values": [
                        1.8292943337182705,
                        2.095572120276741
                    ]
                },
                {
                    "type": "tuple",
                    "values": [
                        -0.04649763662928627,
                        0.010942224603655262
                    ]
                },
                {
                    "type": "tuple",
                    "values": [
                        -0.013513503925218958,
                        0.01680114383239412
                    ]
                }
            ]
        },
        "errors_at_sigma_1": {
            "type": "list",
            "values": [
                {
                    "type": "tuple",
                    "values": [
                        0.011569244116155078,
                        0.010838008903527652
                    ]
                },
                {
                    "type": "tuple",
                    "values": [
                        0.011852541236144293,
                        0.010986690361332624
                    ]
                },
                {
                    "type": "tuple",
                    "values": [
                        0.019556016250899866,
                        0.016377215541263146
                    ]
                },
                {
                    "type": "tuple",
                    "values": [
                        0.004829525976360792,
                        0.005041985104515402
                    ]
                },
                {
                    "type": "tuple",
                    "values": [
                        0.00783848237174559,
                        0.007765787933567057
                    ]
                },
                {
                    "type": "tuple",
                    "values": [
                        0.05018298786991404,
                        0.04054423827460041
                    ]
                },
                {
                    "type": "tuple",
                    "values": [
                        0.009198407574367892,
                        0.010334228509089974
                    ]
                },
                {
                    "type": "tuple",
                    "values": [
                        0.005976264747341225,
                        0.005062264769971903
                    ]
                }
            ]
        },
        "log_evidence": 56273.85236314732,
        "model": null,
        "median_pdf_sample": {
            "type": "instance",
            "class_path": "autofit.non_linear.samples.sample.Sample",
            "arguments": {
                "log_likelihood": 56303.35433706315,
                "log_prior": 0.3703769664257719,
                "weight": 3.249135407629397e-05,
                "kwargs": {
                    "type": "dict",
                    "arguments": {
                        "galaxies.lens.mass.ell_comps.ell_comps_0": 0.09063263356463978,
                        "galaxies.lens.mass.ell_comps.ell_comps_1": 0.1982437487745791,
                        "galaxies.lens.mass.einstein_radius": 1.6227886993604952,
                        "galaxies.lens.mass.centre.centre_0": -0.013774440483834485,
                        "galaxies.lens.mass.centre.centre_1": -0.018679876128127118,
                        "galaxies.lens.mass.slope": 1.9783440866124116,
                        "galaxies.lens.shear.gamma_1": -0.02068192128036876,
                        "galaxies.lens.shear.gamma_2": -0.0012017881938714795
                    }
                }
            }
        },
        "errors_at_sigma_3": {
            "type": "list",
            "values": [
                {
                    "type": "tuple",
                    "values": [
                        0.03042192923524234,
                        0.035809899678335685
                    ]
                },
                {
                    "type": "tuple",
                    "values": [
                        0.03818542292366042,
                        0.03810676650221764
                    ]
                },
                {
                    "type": "tuple",
                    "values": [
                        0.056054084644687086,
                        0.0523285187200635
                    ]
                },
                {
                    "type": "tuple",
                    "values": [
                        0.015563038838526957,
                        0.016845453660100394
                    ]
                },
                {
                    "type": "tuple",
                    "values": [
                        0.024377238185238383,
                        0.024528506276792518
                    ]
                },
                {
                    "type": "tuple",
                    "values": [
                        0.14904975289414102,
                        0.11722803366432921
                    ]
                },
                {
                    "type": "tuple",
                    "values": [
                        0.025815715348917512,
                        0.03162414588402402
                    ]
                },
                {
                    "type": "tuple",
                    "values": [
                        0.012311715731347478,
                        0.0180029320262656
                    ]
                }
            ]
        },
        "values_at_sigma_1": {
            "type": "list",
            "values": [
                {
                    "type": "tuple",
                    "values": [
                        0.0790633894484847,
                        0.10147064246816744
                    ]
                },
                {
                    "type": "tuple",
                    "values": [
                        0.1863912075384348,
                        0.20923043913591172
                    ]
                },
                {
                    "type": "tuple",
                    "values": [
                        1.6032326831095953,
                        1.6391659149017583
                    ]
                },
                {
                    "type": "tuple",
                    "values": [
                        -0.018603966460195277,
                        -0.008732455379319083
                    ]
                },
                {
                    "type": "tuple",
                    "values": [
                        -0.026518358499872708,
                        -0.010914088194560061
                    ]
                },
                {
                    "type": "tuple",
                    "values": [
                        1.9281610987424975,
                        2.018888324887012
                    ]
                },
                {
                    "type": "tuple",
                    "values": [
                        -0.02988032885473665,
                        -0.010347692771278784
                    ]
                },
                {
                    "type": "tuple",
                    "values": [
                        -0.007178052941212704,
                        0.003860476576100424
                    ]
                }
            ]
        },
        "max_log_likelihood_sample": {
            "type": "instance",
            "class_path": "autofit.non_linear.samples.sample.Sample",
            "arguments": {
                "log_likelihood": 56303.35433706315,
                "log_prior": 0.3703769664257719,
                "weight": 3.249135407629397e-05,
                "kwargs": {
                    "type": "dict",
                    "arguments": {
                        "galaxies.lens.mass.ell_comps.ell_comps_0": 0.09502294748860621,
                        "galaxies.lens.mass.ell_comps.ell_comps_1": 0.19937197274883536,
                        "galaxies.lens.mass.einstein_radius": 1.6342318300645877,
                        "galaxies.lens.mass.centre.centre_0": -0.015868138403818757,
                        "galaxies.lens.mass.centre.centre_1": -0.0187852048334991,
                        "galaxies.lens.mass.slope": 2.00339204197417,
                        "galaxies.lens.shear.gamma_1": -0.02846122813033,
                        "galaxies.lens.shear.gamma_2": -0.00113398148055
                    }
                }
            }
        }
    }
}