{
    "type": "instance",
    "class_path": "autofit.non_linear.samples.summary.SamplesSummary",
    "arguments": {
        "max_log_likelihood_sample": {
            "type": "instance",
            "class_path": "autofit.non_linear.samples.sample.Sample",
            "arguments": {
                "log_likelihood": -39.69382149386424,
                "log_prior": 0.0,
                "weight": 0.0010301058996889081,
                "kwargs": {
                    "type": "dict",
                    "arguments": {
                        "ellipses.0.ell_comps.ell_comps_0": -0.16547645531112,
                        "ellipses.0.ell_comps.ell_comps_1": -0.0125819048013,
                        "multipoles.0.multipole_1.multipole_comps.multipole_comps_0": 0.1377815276004,
                        "multipoles.0.multipole_1.multipole_comps.multipole_comps_1": 0.02362618293708,
                        "multipoles.0.multipole_3.multipole_comps.multipole_comps_0": -0.01019463641475,
                        "multipoles.0.multipole_3.multipole_comps.multipole_comps_1": -0.02248341684594,
                        "multipoles.0.multipole_4.multipole_comps.multipole_comps_0": 0.05694693971206,
                        "multipoles.0.multipole_4.multipole_comps.multipole_comps_1": -0.01075553837105
                    }
                }
            }
        },
        "log_evidence": -58.50950311312406,
        "values_at_sigma_3": {
            "type": "list",
            "values": [
                {
                    "type": "tuple",
                    "values": [
                        -0.17763313509293518,
                        -0.11592200180246831
                    ]
                },
                {
                    "type": "tuple",
                    "values": [
                        -0.05721327890990911,
                        0.035543404114659734
                    ]
                },
                {
                    "type": "tuple",
                    "values": [
                        -0.1856857780630038,
                        0.19915062911605294
                    ]
                },
                {
                    "type": "tuple",
                    "values": [
                        -0.14004132283059856,
                        0.14350837756707555
                    ]
                },
                {
                    "type": "tuple",
                    "values": [
                        -0.09976838695664,
                        0.0945767188022
                    ]
                },
                {
                    "type": "tuple",
                    "values": [
                        -0.09053839928071,
                        0.06006887136669837
                    ]
                },
                {
                    "type": "tuple",
                    "values": [
                        -0.09966965919276637,
                        0.09417950399753743
                    ]
                },
                {
                    "type": "tuple",
                    "values": [
                        -0.03260298969122245,
                        0.09968956218763
                    ]
                }
            ]
        },
        "errors_at_sigma_1": {
            "type": "list",
            "values": [
                {
                    "type": "tuple",
                    "values": [
                        0.0033079480412729623,
                        0.02782223186812624
                    ]
                },
                {
                    "type": "tuple",
                    "values": [
                        0.029254167821714756,
                        0.024942378087963176
                    ]
                },
                {
                    "type": "tuple",
                    "values": [
                        0.21079424639452615,
                        0.032384062617560855
                    ]
                },
                {
                    "type": "tuple",
                    "values": [
                        0.06130164934971863,
                        0.032104010234651786
                    ]
                },
                {
                    "type": "tuple",
                    "values": [
                        0.02416497821549691,
                        0.03716410599256274
                    ]
                },
                {
                    "type": "tuple",
                    "values": [
                        0.01581253521817,
                        0.02321036918437
                    ]
                },
                {
                    "type": "tuple",
                    "values": [
                        0.0693003207960357,
                        0.022095725998822764
                    ]
                },
                {
                    "type": "tuple",
                    "values": [
                        0.020488433463481382,
                        0.06599120415465436
                    ]
                }
            ]
        },
        "values_at_sigma_1": {
            "type": "list",
            "values": [
                {
                    "type": "tuple",
                    "values": [
                        -0.16828318501360032,
                        -0.13715300510420111
                    ]
                },
                {
                    "type": "tuple",
                    "values": [
                        -0.04474007369564,
                        0.009456472214037932
                    ]
                },
                {
                    "type": "tuple",
                    "values": [
                        -0.0765532074058,
                        0.16662510160628702
                    ]
                },
                {
                    "type": "tuple",
                    "values": [
                        -0.03556150871005169,
                        0.05784415087431872
                    ]
                },
                {
                    "type": "tuple",
                    "values": [
                        -0.03265213070500965,
                        0.02867695350305
                    ]
                },
                {
                    "type": "tuple",
                    "values": [
                        -0.0358619423148,
                        0.00316096208774
                    ]
                },
                {
                    "type": "tuple",
                    "values": [
                        -0.027081385224058462,
                        0.0643146615708
                    ]
                },
                {
                    "type": "tuple",
                    "values": [
                        -0.00481016523016,
                        0.08166947238797574
                    ]
                }
            ]
        },
        "errors_at_sigma_3": {
            "type": "list",
            "values": [
                {
                    "type": "tuple",
                    "values": [
                        0.01265789812060783,
                        0.049053235169859044
                    ]
                },
                {
                    "type": "tuple",
                    "values": [
                        0.04172737303598387,
                        0.05102930998858498
                    ]
                },
                {
                    "type": "tuple",
                    "values": [
                        0.31992681705173,
                        0.06490959012732678
                    ]
                },
                {
                    "type": "tuple",
                    "values": [
                        0.16578146347026548,
                        0.1177682369274086
                    ]
                },
                {
                    "type": "tuple",
                    "values": [
                        0.09128123446712727,
                        0.10306387129171274
                    ]
                },
                {
                    "type": "tuple",
                    "values": [
                        0.07048899218408,
                        0.08011827846332836
                    ]
                },
                {
                    "type": "tuple",
                    "values": [
                        0.1418885947647436,
                        0.05196056842556019
                    ]
                },
                {
                    "type": "tuple",
                    "values": [
                        0.04828125792454384,
                        0.08401129395430862
                    ]
                }
            ]
        },
        "median_pdf_sample": {
            "type": "instance",
            "class_path": "autofit.non_linear.samples.sample.Sample",
            "arguments": {
                "log_likelihood": -39.69382149386424,
                "log_prior": 0.0,
                "weight": 0.0010301058996889081,
                "kwargs": {
                    "type": "dict",
                    "arguments": {
                        "ellipses.0.ell_comps.ell_comps_0": -0.16497523697232735,
                        "ellipses.0.ell_comps.ell_comps_1": -0.015485905873925244,
                        "multipoles.0.multipole_1.multipole_comps.multipole_comps_0": 0.13424103898872616,
                        "multipoles.0.multipole_1.multipole_comps.multipole_comps_1": 0.025740140639666936,
                        "multipoles.0.multipole_3.multipole_comps.multipole_comps_0": -0.00848715248951274,
                        "multipoles.0.multipole_3.multipole_comps.multipole_comps_1": -0.02004940709663,
                        "multipoles.0.multipole_4.multipole_comps.multipole_comps_0": 0.042218935571977236,
                        "multipoles.0.multipole_4.multipole_comps.multipole_comps_1": 0.01567826823332138
                    }
                }
            }
        },
        "model": null
    }
}