{
    "type": "instance",
    "class_path": "autofit.non_linear.samples.summary.SamplesSummary",
    "arguments": {
        "model": null,
        "errors_at_sigma_1": {
            "type": "list",
            "values": [
                {
                    "type": "tuple",
                    "values": [
                        0.010837862987339103,
                        0.004573221202579997
                    ]
                },
                {
                    "type": "tuple",
                    "values": [
                        0.007329161381039041,
                        0.008211785033151245
                    ]
                },
                {
                    "type": "tuple",
                    "values": [
                        0.012067930380272577,
                        0.011298213695778386
                    ]
                },
                {
                    "type": "tuple",
                    "values": [
                        0.00928727706403,
                        0.011301387271504933
                    ]
                },
                {
                    "type": "tuple",
                    "values": [
                        0.012262090501842647,
                        0.01150738552470712
                    ]
                },
                {
                    "type": "tuple",
                    "values": [
                        0.011593218133531901,
                        0.012768104688469206
                    ]
                },
                {
                    "type": "tuple",
                    "values": [
                        0.015309591128791631,
                        0.016345509221919408
                    ]
                },
                {
                    "type": "tuple",
                    "values": [
                        0.01074483308448,
                        0.015413345517314138
                    ]
                }
            ]
        },
        "median_pdf_sample": {
            "type": "instance",
            "class_path": "autofit.non_linear.samples.sample.Sample",
            "arguments": {
                "log_likelihood": -30.94213937918541,
                "log_prior": 0.0,
                "weight": 0.0009975506754280603,
                "kwargs": {
                    "type": "dict",
                    "arguments": {
                        "ellipses.0.ell_comps.ell_comps_0": -0.10299165499473,
                        "ellipses.0.ell_comps.ell_comps_1": 0.03691394369614,
                        "multipoles.0.multipole_1.multipole_comps.multipole_comps_0": 0.00421949328881,
                        "multipoles.0.multipole_1.multipole_comps.multipole_comps_1": -0.00535963402411,
                        "multipoles.0.multipole_3.multipole_comps.multipole_comps_0": 0.007946388787510885,
                        "multipoles.0.multipole_3.multipole_comps.multipole_comps_1": -0.01130457822581,
                        "multipoles.0.multipole_4.multipole_comps.multipole_comps_0": 0.013694812887610592,
                        "multipoles.0.multipole_4.multipole_comps.multipole_comps_1": -0.0035756552565
                    }
                }
            }
        },
        "errors_at_sigma_3": {
            "type": "list",
            "values": [
                {
                    "type": "tuple",
                    "values": [
                        0.017957355080292267,
                        0.013891781907759998
                    ]
                },
                {
                    "type": "tuple",
                    "values": [
                        0.014963228841900135,
                        0.019750426489841467
                    ]
                },
                {
                    "type": "tuple",
                    "values": [
                        0.04301936318724,
                        0.029769504117947494
                    ]
                },
                {
                    "type": "tuple",
                    "values": [
                        0.028500201697852903,
                        0.04058908887052
                    ]
                },
                {
                    "type": "tuple",
                    "values": [
                        0.03055781021894813,
                        0.03720631064308995
                    ]
                },
                {
                    "type": "tuple",
                    "values": [
                        0.02882746627018,
                        0.03566547892493
                    ]
                },
                {
                    "type": "tuple",
                    "values": [
                        0.03686150862787059,
                        0.046266674845579156
                    ]
                },
                {
                    "type": "tuple",
                    "values": [
                        0.03696450924861129,
                        0.04609426809959965
                    ]
                }
            ]
        },
        "log_evidence": -54.06999487936781,
        "max_log_likelihood_sample": {
            "type": "instance",
            "class_path": "autofit.non_linear.samples.sample.Sample",
            "arguments": {
                "log_likelihood": -30.94213937918541,
                "log_prior": 0.0,
                "weight": 0.0009975506754280603,
                "kwargs": {
                    "type": "dict",
                    "arguments": {
                        "ellipses.0.ell_comps.ell_comps_0": -0.11422523091585,
                        "ellipses.0.ell_comps.ell_comps_1": 0.04625087533118,
                        "multipoles.0.multipole_1.multipole_comps.multipole_comps_0": 0.01020159232129,
                        "multipoles.0.multipole_1.multipole_comps.multipole_comps_1": -0.00842997072048,
                        "multipoles.0.multipole_3.multipole_comps.multipole_comps_0": 0.00834013848448,
                        "multipoles.0.multipole_3.multipole_comps.multipole_comps_1": -0.00586711072177,
                        "multipoles.0.multipole_4.multipole_comps.multipole_comps_0": 0.00238402223614,
                        "multipoles.0.multipole_4.multipole_comps.multipole_comps_1": -0.00665857141677
                    }
                }
            }
        },
        "values_at_sigma_3": {
            "type": "list",
            "values": [
                {
                    "type": "tuple",
                    "values": [
                        -0.12094901007502226,
                        -0.08909987308697
                    ]
                },
                {
                    "type": "tuple",
                    "values": [
                        0.021950714854239863,
                        0.056664370185981465
                    ]
                },
                {
                    "type": "tuple",
                    "values": [
                        -0.03879986989843,
                        0.033988997406757496
                    ]
                },
                {
                    "type": "tuple",
                    "values": [
                        -0.033859835721962904,
                        0.03522945484641
                    ]
                },
                {
                    "type": "tuple",
                    "values": [
                        -0.022611421431437247,
                        0.04515269943060083
                    ]
                },
                {
                    "type": "tuple",
                    "values": [
                        -0.04013204449599,
                        0.02436090069912
                    ]
                },
                {
                    "type": "tuple",
                    "values": [
                        -0.02316669574026,
                        0.059961487733189746
                    ]
                },
                {
                    "type": "tuple",
                    "values": [
                        -0.04054016450511129,
                        0.04251861284309965
                    ]
                }
            ]
        },
        "values_at_sigma_1": {
            "type": "list",
            "values": [
                {
                    "type": "tuple",
                    "values": [
                        -0.1138295179820691,
                        -0.09841843379215
                    ]
                },
                {
                    "type": "tuple",
                    "values": [
                        0.029584782315100956,
                        0.04512572872929124
                    ]
                },
                {
                    "type": "tuple",
                    "values": [
                        -0.007848437091462577,
                        0.015517706984588386
                    ]
                },
                {
                    "type": "tuple",
                    "values": [
                        -0.01464691108814,
                        0.005941753247394932
                    ]
                },
                {
                    "type": "tuple",
                    "values": [
                        -0.004315701714331762,
                        0.019453774312218005
                    ]
                },
                {
                    "type": "tuple",
                    "values": [
                        -0.0228977963593419,
                        0.0014635264626592062
                    ]
                },
                {
                    "type": "tuple",
                    "values": [
                        -0.0016147782411810399,
                        0.03004032210953
                    ]
                },
                {
                    "type": "tuple",
                    "values": [
                        -0.01432048834098,
                        0.011837690260814137
                    ]
                }
            ]
        }
    }
}