{
    "type": "instance",
    "class_path": "autofit.non_linear.samples.summary.SamplesSummary",
    "arguments": {
        "errors_at_sigma_1": {
            "type": "list",
            "values": [
                {
                    "type": "tuple",
                    "values": [
                        0.0023188495940042217,
                        0.002021215876078645
                    ]
                },
                {
                    "type": "tuple",
                    "values": [
                        0.0019112529740079268,
                        0.0021620060432690578
                    ]
                },
                {
                    "type": "tuple",
                    "values": [
                        0.005045403991907393,
                        0.00386239090789379
                    ]
                },
                {
                    "type": "tuple",
                    "values": [
                        0.005018851449294936,
                        0.006276763695962615
                    ]
                },
                {
                    "type": "tuple",
                    "values": [
                        0.0025927071263437684,
                        0.002857934741536231
                    ]
                },
                {
                    "type": "tuple",
                    "values": [
                        0.0035561184624181737,
                        0.0036431580652608146
                    ]
                },
                {
                    "type": "tuple",
                    "values": [
                        0.0031202014580269544,
                        0.003059765123391258
                    ]
                },
                {
                    "type": "tuple",
                    "values": [
                        0.0030636918249117152,
                        0.0029929998938656426
                    ]
                },
                {
                    "type": "tuple",
                    "values": [
                        0.0030314236286820674,
                        0.002475385746126115
                    ]
                },
                {
                    "type": "tuple",
                    "values": [
                        0.002752201403619252,
                        0.0026525452851507477
                    ]
                },
                {
                    "type": "tuple",
                    "values": [
                        0.005552116428374755,
                        0.005362932239947334
                    ]
                },
                {
                    "type": "tuple",
                    "values": [
                        0.0038556762830241394,
                        0.004511064146236093
                    ]
                },
                {
                    "type": "tuple",
                    "values": [
                        0.006069759837971306,
                        0.006220796580785509
                    ]
                },
                {
                    "type": "tuple",
                    "values": [
                        0.006250835707819015,
                        0.008059800662821734
                    ]
                },
                {
                    "type": "tuple",
                    "values": [
                        0.002223349734831393,
                        0.0022285512575400063
                    ]
                },
                {
                    "type": "tuple",
                    "values": [
                        0.0046403533002368266,
                        0.004646630281058934
                    ]
                },
                {
                    "type": "tuple",
                    "values": [
                        0.002599821380309999,
                        0.0034441297949351288
                    ]
                },
                {
                    "type": "tuple",
                    "values": [
                        0.0026649240959020146,
                        0.002419664748153392
                    ]
                },
                {
                    "type": "tuple",
                    "values": [
                        0.006228887631536218,
                        0.005466529103740538
                    ]
                },
                {
                    "type": "tuple",
                    "values": [
                        0.005616635904869998,
                        0.006021228230307759
                    ]
                },
                {
                    "type": "tuple",
                    "values": [
                        0.0071109581425146465,
                        0.007383726679241226
                    ]
                },
                {
                    "type": "tuple",
                    "values": [
                        0.008179584453269006,
                        0.0069518526121099475
                    ]
                },
                {
                    "type": "tuple",
                    "values": [
                        0.00446194771186189,
                        0.0029822926811871216
                    ]
                },
                {
                    "type": "tuple",
                    "values": [
                        0.003451426511668635,
                        0.003462029048804629
                    ]
                },
                {
                    "type": "tuple",
                    "values": [
                        0.004534987026074185,
                        0.003899517661657092
                    ]
                },
                {
                    "type": "tuple",
                    "values": [
                        0.003116465838036318,
                        0.003123539846778999
                    ]
                },
                {
                    "type": "tuple",
                    "values": [
                        0.0032316299987590613,
                        0.0026715327726367366
                    ]
                },
                {
                    "type": "tuple",
                    "values": [
                        0.006446280209693969,
                        0.005106954654856832
                    ]
                },
                {
                    "type": "tuple",
                    "values": [
                        0.00671563779723054,
                        0.0073771297169184236
                    ]
                },
                {
                    "type": "tuple",
                    "values": [
                        0.003545017360121103,
                        0.0032282665460453327
                    ]
                },
                {
                    "type": "tuple",
                    "values": [
                        0.0035532810933232312,
                        0.0034887306903
                    ]
                },
                {
                    "type": "tuple",
                    "values": [
                        0.0029748830846765733,
                        0.0027863696712434258
                    ]
                },
                {
                    "type": "tuple",
                    "values": [
                        0.0055149882650393734,
                        0.005654164762808084
                    ]
                },
                {
                    "type": "tuple",
                    "values": [
                        0.0029814634114212375,
                        0.0029097715130453963
                    ]
                },
                {
                    "type": "tuple",
                    "values": [
                        0.0036502787313400023,
                        0.0037927949411053485
                    ]
                },
                {
                    "type": "tuple",
                    "values": [
                        0.001882772105005398,
                        0.0019990603624996384
                    ]
                },
                {
                    "type": "tuple",
                    "values": [
                        0.005012471066829151,
                        0.00497059483380085
                    ]
                },
                {
                    "type": "tuple",
                    "values": [
                        0.006305176063645564,
                        0.006359078579477713
                    ]
                },
                {
                    "type": "tuple",
                    "values": [
                        0.005921313336213964,
                        0.006618674941094811
                    ]
                },
                {
                    "type": "tuple",
                    "values": [
                        0.0028033990505875322,
                        0.0026918953122299014
                    ]
                },
                {
                    "type": "tuple",
                    "values": [
                        0.005668571912000861,
                        0.006196283611979484
                    ]
                },
                {
                    "type": "tuple",
                    "values": [
                        0.002607481830616284,
                        0.0029902748678618807
                    ]
                }
            ]
        },
        "errors_at_sigma_3": {
            "type": "list",
            "values": [
                {
                    "type": "tuple",
                    "values": [
                        0.006884346715132956,
                        0.0065743847813585785
                    ]
                },
                {
                    "type": "tuple",
                    "values": [
                        0.005060014134177691,
                        0.008956857148536604
                    ]
                },
                {
                    "type": "tuple",
                    "values": [
                        0.01796835840714232,
                        0.010059120561349772
                    ]
                },
                {
                    "type": "tuple",
                    "values": [
                        0.013199504609269382,
                        0.01883294448333535
                    ]
                },
                {
                    "type": "tuple",
                    "values": [
                        0.0077457875592137695,
                        0.010457665460526231
                    ]
                },
                {
                    "type": "tuple",
                    "values": [
                        0.012584639114286533,
                        0.0106059554026252
                    ]
                },
                {
                    "type": "tuple",
                    "values": [
                        0.00840255520327,
                        0.008273981927281418
                    ]
                },
                {
                    "type": "tuple",
                    "values": [
                        0.00975376844242621,
                        0.00822098449569379
                    ]
                },
                {
                    "type": "tuple",
                    "values": [
                        0.00946716568645,
                        0.007589014932730001
                    ]
                },
                {
                    "type": "tuple",
                    "values": [
                        0.007612669945055598,
                        0.007037937908064179
                    ]
                },
                {
                    "type": "tuple",
                    "values": [
                        0.016820691240966107,
                        0.018542469942227618
                    ]
                },
                {
                    "type": "tuple",
                    "values": [
                        0.01255166362339188,
                        0.010729557330172454
                    ]
                },
                {
                    "type": "tuple",
                    "values": [
                        0.019057342248885237,
                        0.025871133834619253
                    ]
                },
                {
                    "type": "tuple",
                    "values": [
                        0.015865435952776154,
                        0.02587982675723728
                    ]
                },
                {
                    "type": "tuple",
                    "values": [
                        0.00709240348916837,
                        0.0059471207934900005
                    ]
                },
                {
                    "type": "tuple",
                    "values": [
                        0.012823260115671066,
                        0.017569158516031417
                    ]
                },
                {
                    "type": "tuple",
                    "values": [
                        0.006415530138583994,
                        0.011746171131521651
                    ]
                },
                {
                    "type": "tuple",
                    "values": [
                        0.007465129271189995,
                        0.006922886073040001
                    ]
                },
                {
                    "type": "tuple",
                    "values": [
                        0.02049122468158,
                        0.01783563299637764
                    ]
                },
                {
                    "type": "tuple",
                    "values": [
                        0.019207880847910003,
                        0.014775745791576929
                    ]
                },
                {
                    "type": "tuple",
                    "values": [
                        0.02141552665995635,
                        0.02577592346143544
                    ]
                },
                {
                    "type": "tuple",
                    "values": [
                        0.028175703602700504,
                        0.02057536308116
                    ]
                },
                {
                    "type": "tuple",
                    "values": [
                        0.010607577926797469,
                        0.01077394776735
                    ]
                },
                {
                    "type": "tuple",
                    "values": [
                        0.009863392318305875,
                        0.00930751810471973
                    ]
                },
                {
                    "type": "tuple",
                    "values": [
                        0.01328850916475174,
                        0.011637225962298258
                    ]
                },
                {
                    "type": "tuple",
                    "values": [
                        0.009667712731679351,
                        0.02445313309626914
                    ]
                },
                {
                    "type": "tuple",
                    "values": [
                        0.009911421822765998,
                        0.008865021534100792
                    ]
                },
                {
                    "type": "tuple",
                    "values": [
                        0.033591159876963345,
                        0.01376713905468056
                    ]
                },
                {
                    "type": "tuple",
                    "values": [
                        0.021831557606916702,
                        0.028089600680890135
                    ]
                },
                {
                    "type": "tuple",
                    "values": [
                        0.00993730398819402,
                        0.011446109232794526
                    ]
                },
                {
                    "type": "tuple",
                    "values": [
                        0.01692615323896172,
                        0.010127597498360412
                    ]
                },
                {
                    "type": "tuple",
                    "values": [
                        0.009428631330776574,
                        0.008453910593772844
                    ]
                },
                {
                    "type": "tuple",
                    "values": [
                        0.02817232725711,
                        0.01848557108351
                    ]
                },
                {
                    "type": "tuple",
                    "values": [
                        0.01084821000077635,
                        0.009639871376143649
                    ]
                },
                {
                    "type": "tuple",
                    "values": [
                        0.04015735492982297,
                        0.012660520374687394
                    ]
                },
                {
                    "type": "tuple",
                    "values": [
                        0.005402625629323171,
                        0.04610236329322459
                    ]
                },
                {
                    "type": "tuple",
                    "values": [
                        0.014299905506462512,
                        0.03021576526081085
                    ]
                },
                {
                    "type": "tuple",
                    "values": [
                        0.01634903040880508,
                        0.03386161288310915
                    ]
                },
                {
                    "type": "tuple",
                    "values": [
                        0.01551640476864519,
                        0.024431627035135767
                    ]
                },
                {
                    "type": "tuple",
                    "values": [
                        0.011402485631897004,
                        0.007841157618404721
                    ]
                },
                {
                    "type": "tuple",
                    "values": [
                        0.015673005809658393,
                        0.016613157459830184
                    ]
                },
                {
                    "type": "tuple",
                    "values": [
                        0.006584401301880589,
                        0.009271989480938825
                    ]
                }
            ]
        },
        "model": null,
        "values_at_sigma_1": {
            "type": "list",
            "values": [
                {
                    "type": "tuple",
                    "values": [
                        -0.0018706132836342217,
                        0.002469452186448645
                    ]
                },
                {
                    "type": "tuple",
                    "values": [
                        0.012529599947222074,
                        0.01660285896449906
                    ]
                },
                {
                    "type": "tuple",
                    "values": [
                        -0.024515864438995564,
                        -0.01560806953919438
                    ]
                },
                {
                    "type": "tuple",
                    "values": [
                        0.023051980454845064,
                        0.034347595600102615
                    ]
                },
                {
                    "type": "tuple",
                    "values": [
                        -0.00736388591734,
                        -0.00191324404946
                    ]
                },
                {
                    "type": "tuple",
                    "values": [
                        0.015747799356701012,
                        0.02294707588438
                    ]
                },
                {
                    "type": "tuple",
                    "values": [
                        -0.013358534870906954,
                        -0.007178568289488742
                    ]
                },
                {
                    "type": "tuple",
                    "values": [
                        0.002522699936644495,
                        0.008579391655421853
                    ]
                },
                {
                    "type": "tuple",
                    "values": [
                        -0.009755281467962068,
                        -0.004248472093153885
                    ]
                },
                {
                    "type": "tuple",
                    "values": [
                        0.01191432950766,
                        0.01731907619643
                    ]
                },
                {
                    "type": "tuple",
                    "values": [
                        -0.05475140823687865,
                        -0.04383635956855656
                    ]
                },
                {
                    "type": "tuple",
                    "values": [
                        -0.015143326975846593,
                        -0.006776586546586361
                    ]
                },
                {
                    "type": "tuple",
                    "values": [
                        0.0076500541551286945,
                        0.01994061057388551
                    ]
                },
                {
                    "type": "tuple",
                    "values": [
                        -0.061621010694960746,
                        -0.04731037432432
                    ]
                },
                {
                    "type": "tuple",
                    "values": [
                        -0.009397550594371393,
                        -0.004945649601999994
                    ]
                },
                {
                    "type": "tuple",
                    "values": [
                        -0.0013343234358657611,
                        0.00795266014543
                    ]
                },
                {
                    "type": "tuple",
                    "values": [
                        -0.0108009748787,
                        -0.004757023703454872
                    ]
                },
                {
                    "type": "tuple",
                    "values": [
                        -0.03554822380648202,
                        -0.03046363496242661
                    ]
                },
                {
                    "type": "tuple",
                    "values": [
                        -0.03642416370393622,
                        -0.02472874696865946
                    ]
                },
                {
                    "type": "tuple",
                    "values": [
                        -0.02063092201999,
                        -0.008993057884812241
                    ]
                },
                {
                    "type": "tuple",
                    "values": [
                        -0.05377577788373,
                        -0.03928109306197413
                    ]
                },
                {
                    "type": "tuple",
                    "values": [
                        0.006814145022730996,
                        0.021945582088109948
                    ]
                },
                {
                    "type": "tuple",
                    "values": [
                        -0.01745241126513189,
                        -0.010008170872082878
                    ]
                },
                {
                    "type": "tuple",
                    "values": [
                        0.01793966359207724,
                        0.024853119152550503
                    ]
                },
                {
                    "type": "tuple",
                    "values": [
                        -0.023561114872202443,
                        -0.015126610184471166
                    ]
                },
                {
                    "type": "tuple",
                    "values": [
                        -0.015099936373693635,
                        -0.008859930688878317
                    ]
                },
                {
                    "type": "tuple",
                    "values": [
                        -0.17951207643602562,
                        -0.17360891366462983
                    ]
                },
                {
                    "type": "tuple",
                    "values": [
                        -0.03748324923035397,
                        -0.025930014365803167
                    ]
                },
                {
                    "type": "tuple",
                    "values": [
                        0.01347649542409616,
                        0.027569262938245125
                    ]
                },
                {
                    "type": "tuple",
                    "values": [
                        0.005152389578424372,
                        0.011925673484590808
                    ]
                },
                {
                    "type": "tuple",
                    "values": [
                        -0.0028235391452432314,
                        0.00421847263838
                    ]
                },
                {
                    "type": "tuple",
                    "values": [
                        0.00635445403578,
                        0.0121157067917
                    ]
                },
                {
                    "type": "tuple",
                    "values": [
                        -0.00041388603070937415,
                        0.010755266997138083
                    ]
                },
                {
                    "type": "tuple",
                    "values": [
                        0.015724753290845113,
                        0.021615988215311747
                    ]
                },
                {
                    "type": "tuple",
                    "values": [
                        0.05020258846473,
                        0.05764566213717535
                    ]
                },
                {
                    "type": "tuple",
                    "values": [
                        0.17656185171561,
                        0.18044368418311504
                    ]
                },
                {
                    "type": "tuple",
                    "values": [
                        -0.049620568274,
                        -0.03963750237337
                    ]
                },
                {
                    "type": "tuple",
                    "values": [
                        -0.05885141659277217,
                        -0.04618716194964889
                    ]
                },
                {
                    "type": "tuple",
                    "values": [
                        0.031954031003126035,
                        0.04449401928043481
                    ]
                },
                {
                    "type": "tuple",
                    "values": [
                        -0.03152343061088053,
                        -0.026028136248063098
                    ]
                },
                {
                    "type": "tuple",
                    "values": [
                        -0.010880852157960861,
                        0.0009840033660194836
                    ]
                },
                {
                    "type": "tuple",
                    "values": [
                        0.011455139058611835,
                        0.01705289575709
                    ]
                }
            ]
        },
        "log_evidence": -197.738076297202,
        "values_at_sigma_3": {
            "type": "list",
            "values": [
                {
                    "type": "tuple",
                    "values": [
                        -0.006436110404762956,
                        0.0070226210917285785
                    ]
                },
                {
                    "type": "tuple",
                    "values": [
                        0.00938083878705231,
                        0.023397710069766604
                    ]
                },
                {
                    "type": "tuple",
                    "values": [
                        -0.03743881885423049,
                        -0.009411339885738399
                    ]
                },
                {
                    "type": "tuple",
                    "values": [
                        0.014871327294870618,
                        0.04690377638747535
                    ]
                },
                {
                    "type": "tuple",
                    "values": [
                        -0.01251696635021,
                        0.00568648666953
                    ]
                },
                {
                    "type": "tuple",
                    "values": [
                        0.006719278704832653,
                        0.029909873221744387
                    ]
                },
                {
                    "type": "tuple",
                    "values": [
                        -0.01864088861615,
                        -0.0019643514855985826
                    ]
                },
                {
                    "type": "tuple",
                    "values": [
                        -0.00416737668087,
                        0.01380737625725
                    ]
                },
                {
                    "type": "tuple",
                    "values": [
                        -0.01619102352573,
                        0.00086515709345
                    ]
                },
                {
                    "type": "tuple",
                    "values": [
                        0.007053860966223654,
                        0.02170446881934343
                    ]
                },
                {
                    "type": "tuple",
                    "values": [
                        -0.06601998304947,
                        -0.030656821866276277
                    ]
                },
                {
                    "type": "tuple",
                    "values": [
                        -0.023839314316214333,
                        -0.00055809336265
                    ]
                },
                {
                    "type": "tuple",
                    "values": [
                        -0.005337528255785234,
                        0.039590947827719256
                    ]
                },
                {
                    "type": "tuple",
                    "values": [
                        -0.07123561093991788,
                        -0.02949034822990445
                    ]
                },
                {
                    "type": "tuple",
                    "values": [
                        -0.01426660434870837,
                        -0.00122708006605
                    ]
                },
                {
                    "type": "tuple",
                    "values": [
                        -0.0095172302513,
                        0.020875188380402483
                    ]
                },
                {
                    "type": "tuple",
                    "values": [
                        -0.014616683636973994,
                        0.00354501763313165
                    ]
                },
                {
                    "type": "tuple",
                    "values": [
                        -0.04034842898177,
                        -0.02596041363754
                    ]
                },
                {
                    "type": "tuple",
                    "values": [
                        -0.05068650075398,
                        -0.012359643076022359
                    ]
                },
                {
                    "type": "tuple",
                    "values": [
                        -0.03422216696303,
                        -0.0002385403235430723
                    ]
                },
                {
                    "type": "tuple",
                    "values": [
                        -0.0680803464011717,
                        -0.020888896279779915
                    ]
                },
                {
                    "type": "tuple",
                    "values": [
                        -0.013181974126700505,
                        0.03556909255716
                    ]
                },
                {
                    "type": "tuple",
                    "values": [
                        -0.02359804148006747,
                        -0.00221651578592
                    ]
                },
                {
                    "type": "tuple",
                    "values": [
                        0.01152769778544,
                        0.030698608208465605
                    ]
                },
                {
                    "type": "tuple",
                    "values": [
                        -0.03231463701088,
                        -0.00738890188383
                    ]
                },
                {
                    "type": "tuple",
                    "values": [
                        -0.021651183267336668,
                        0.012469662560611825
                    ]
                },
                {
                    "type": "tuple",
                    "values": [
                        -0.18619186826003256,
                        -0.16741542490316577
                    ]
                },
                {
                    "type": "tuple",
                    "values": [
                        -0.06462812889762334,
                        -0.01726982996597944
                    ]
                },
                {
                    "type": "tuple",
                    "values": [
                        -0.00163942438559,
                        0.048281733902216836
                    ]
                },
                {
                    "type": "tuple",
                    "values": [
                        -0.001239897049648544,
                        0.02014351617134
                    ]
                },
                {
                    "type": "tuple",
                    "values": [
                        -0.016196411290881722,
                        0.010857339446440413
                    ]
                },
                {
                    "type": "tuple",
                    "values": [
                        -9.929421032e-05,
                        0.017783247714229417
                    ]
                },
                {
                    "type": "tuple",
                    "values": [
                        -0.02307122502278,
                        0.02358667331784
                    ]
                },
                {
                    "type": "tuple",
                    "values": [
                        0.00785800670149,
                        0.02834608807841
                    ]
                },
                {
                    "type": "tuple",
                    "values": [
                        0.013695512266247031,
                        0.06651338757075739
                    ]
                },
                {
                    "type": "tuple",
                    "values": [
                        0.17304199819129223,
                        0.22454698711384
                    ]
                },
                {
                    "type": "tuple",
                    "values": [
                        -0.05890800271363336,
                        -0.01439233194636
                    ]
                },
                {
                    "type": "tuple",
                    "values": [
                        -0.06889527093793169,
                        -0.018684627646017457
                    ]
                },
                {
                    "type": "tuple",
                    "values": [
                        0.02235893957069481,
                        0.062306971374475766
                    ]
                },
                {
                    "type": "tuple",
                    "values": [
                        -0.04012251719219,
                        -0.02087887394188828
                    ]
                },
                {
                    "type": "tuple",
                    "values": [
                        -0.02088528605561839,
                        0.011400877213870182
                    ]
                },
                {
                    "type": "tuple",
                    "values": [
                        0.00747821958734753,
                        0.023334610370166944
                    ]
                }
            ]
        },
        "median_pdf_sample": {
            "type": "instance",
            "class_path": "autofit.non_linear.samples.sample.Sample",
            "arguments": {
                "log_likelihood": -142.36076534074485,
                "log_prior": 0.0,
                "weight": 0.001116949804108745,
                "kwargs": {
                    "type": "dict",
                    "arguments": {
                        "ellipses.ellipse_4.centre.centre_0": 0.00044823631037,
                        "ellipses.ellipse_4.centre.centre_1": 0.01444085292123,
                        "ellipses.ellipse_0.ell_comps.ell_comps_0": -0.01947046044708817,
                        "ellipses.ellipse_0.ell_comps.ell_comps_1": 0.02807083190414,
                        "multipoles.0.multipole_1.multipole_comps.multipole_comps_0": -0.004771178790996231,
                        "multipoles.0.multipole_1.multipole_comps.multipole_comps_1": 0.019303917819119186,
                        "multipoles.0.multipole_3.multipole_comps.multipole_comps_0": -0.01023833341288,
                        "multipoles.0.multipole_3.multipole_comps.multipole_comps_1": 0.00558639176155621,
                        "multipoles.0.multipole_4.multipole_comps.multipole_comps_0": -0.00672385783928,
                        "multipoles.0.multipole_4.multipole_comps.multipole_comps_1": 0.014666530911279252,
                        "ellipses.ellipse_1.ell_comps.ell_comps_0": -0.049199291808503895,
                        "ellipses.ellipse_1.ell_comps.ell_comps_1": -0.011287650692822454,
                        "multipoles.1.multipole_1.multipole_comps.multipole_comps_0": 0.0137198139931,
                        "multipoles.1.multipole_1.multipole_comps.multipole_comps_1": -0.05537017498714173,
                        "multipoles.1.multipole_3.multipole_comps.multipole_comps_0": -0.00717420085954,
                        "multipoles.1.multipole_3.multipole_comps.multipole_comps_1": 0.003306029864371066,
                        "multipoles.1.multipole_4.multipole_comps.multipole_comps_0": -0.00820115349839,
                        "multipoles.1.multipole_4.multipole_comps.multipole_comps_1": -0.03288329971058,
                        "ellipses.ellipse_2.ell_comps.ell_comps_0": -0.0301952760724,
                        "ellipses.ellipse_2.ell_comps.ell_comps_1": -0.01501428611512,
                        "multipoles.2.multipole_1.multipole_comps.multipole_comps_0": -0.046664819741215356,
                        "multipoles.2.multipole_1.multipole_comps.multipole_comps_1": 0.014993729476,
                        "multipoles.2.multipole_3.multipole_comps.multipole_comps_0": -0.01299046355327,
                        "multipoles.2.multipole_3.multipole_comps.multipole_comps_1": 0.021391090103745874,
                        "multipoles.2.multipole_4.multipole_comps.multipole_comps_0": -0.019026127846128258,
                        "multipoles.2.multipole_4.multipole_comps.multipole_comps_1": -0.011983470535657317,
                        "ellipses.ellipse_3.ell_comps.ell_comps_0": -0.17628044643726656,
                        "ellipses.ellipse_3.ell_comps.ell_comps_1": -0.03103696902066,
                        "multipoles.3.multipole_1.multipole_comps.multipole_comps_0": 0.0201921332213267,
                        "multipoles.3.multipole_1.multipole_comps.multipole_comps_1": 0.008697406938545475,
                        "multipoles.3.multipole_3.multipole_comps.multipole_comps_0": 0.00072974194808,
                        "multipoles.3.multipole_3.multipole_comps.multipole_comps_1": 0.009329337120456574,
                        "multipoles.3.multipole_4.multipole_comps.multipole_comps_0": 0.00510110223433,
                        "multipoles.3.multipole_4.multipole_comps.multipole_comps_1": 0.01870621670226635,
                        "ellipses.ellipse_4.ell_comps.ell_comps_0": 0.05385286719607,
                        "ellipses.ellipse_4.ell_comps.ell_comps_1": 0.1784446238206154,
                        "multipoles.4.multipole_1.multipole_comps.multipole_comps_0": -0.04460809720717085,
                        "multipoles.4.multipole_1.multipole_comps.multipole_comps_1": -0.052546240529126605,
                        "multipoles.4.multipole_3.multipole_comps.multipole_comps_0": 0.03787534433934,
                        "multipoles.4.multipole_3.multipole_comps.multipole_comps_1": -0.028720031560293,
                        "multipoles.4.multipole_4.multipole_comps.multipole_comps_0": -0.00521228024596,
                        "multipoles.4.multipole_4.multipole_comps.multipole_comps_1": 0.01406262088922812
                    }
                }
            }
        },
        "max_log_likelihood_sample": {
            "type": "instance",
            "class_path": "autofit.non_linear.samples.sample.Sample",
            "arguments": {
                "log_likelihood": -142.36076534074485,
                "log_prior": 0.0,
                "weight": 0.001116949804108745,
                "kwargs": {
                    "type": "dict",
                    "arguments": {
                        "ellipses.ellipse_4.centre.centre_0": 0.00224522679352,
                        "ellipses.ellipse_4.centre.centre_1": 0.01685221789769,
                        "ellipses.ellipse_0.ell_comps.ell_comps_0": -0.02284455305665,
                        "ellipses.ellipse_0.ell_comps.ell_comps_1": 0.03293001979117,
                        "multipoles.0.multipole_1.multipole_comps.multipole_comps_0": -0.00380780775979,
                        "multipoles.0.multipole_1.multipole_comps.multipole_comps_1": 0.01793728047437,
                        "multipoles.0.multipole_3.multipole_comps.multipole_comps_0": -0.01252483345261,
                        "multipoles.0.multipole_3.multipole_comps.multipole_comps_1": 0.00508115829064,
                        "multipoles.0.multipole_4.multipole_comps.multipole_comps_0": -0.00714971019889,
                        "multipoles.0.multipole_4.multipole_comps.multipole_comps_1": 0.01788941947996,
                        "ellipses.ellipse_1.ell_comps.ell_comps_0": -0.05295211992358,
                        "ellipses.ellipse_1.ell_comps.ell_comps_1": -0.00596003473131,
                        "multipoles.1.multipole_1.multipole_comps.multipole_comps_0": 0.00927594579443,
                        "multipoles.1.multipole_1.multipole_comps.multipole_comps_1": -0.03842337851774,
                        "multipoles.1.multipole_3.multipole_comps.multipole_comps_0": -0.00566039233393,
                        "multipoles.1.multipole_3.multipole_comps.multipole_comps_1": 0.00994497939305,
                        "multipoles.1.multipole_4.multipole_comps.multipole_comps_0": -0.00354883072385,
                        "multipoles.1.multipole_4.multipole_comps.multipole_comps_1": -0.03455990953046,
                        "ellipses.ellipse_2.ell_comps.ell_comps_0": -0.03090320452276,
                        "ellipses.ellipse_2.ell_comps.ell_comps_1": -0.01779332510349,
                        "multipoles.2.multipole_1.multipole_comps.multipole_comps_0": -0.05702641236274,
                        "multipoles.2.multipole_1.multipole_comps.multipole_comps_1": 0.01740501643962,
                        "multipoles.2.multipole_3.multipole_comps.multipole_comps_0": -0.02044198151742,
                        "multipoles.2.multipole_3.multipole_comps.multipole_comps_1": 0.02117657624052,
                        "multipoles.2.multipole_4.multipole_comps.multipole_comps_0": -0.02758836799228,
                        "multipoles.2.multipole_4.multipole_comps.multipole_comps_1": -0.01263608962202,
                        "ellipses.ellipse_3.ell_comps.ell_comps_0": -0.1787608467735,
                        "ellipses.ellipse_3.ell_comps.ell_comps_1": -0.02911644635424,
                        "multipoles.3.multipole_1.multipole_comps.multipole_comps_0": 0.0259240152493,
                        "multipoles.3.multipole_1.multipole_comps.multipole_comps_1": 0.00867687225004,
                        "multipoles.3.multipole_3.multipole_comps.multipole_comps_0": -0.00209916709097,
                        "multipoles.3.multipole_3.multipole_comps.multipole_comps_1": 0.01076478223606,
                        "multipoles.3.multipole_4.multipole_comps.multipole_comps_0": 0.00619814373768,
                        "multipoles.3.multipole_4.multipole_comps.multipole_comps_1": 0.01402639178482,
                        "ellipses.ellipse_4.ell_comps.ell_comps_0": 0.05610116458025,
                        "ellipses.ellipse_4.ell_comps.ell_comps_1": 0.17614291787993,
                        "multipoles.4.multipole_1.multipole_comps.multipole_comps_0": -0.03953676269037,
                        "multipoles.4.multipole_1.multipole_comps.multipole_comps_1": -0.05469143408821,
                        "multipoles.4.multipole_3.multipole_comps.multipole_comps_0": 0.03070082788556,
                        "multipoles.4.multipole_3.multipole_comps.multipole_comps_1": -0.03233297360448,
                        "multipoles.4.multipole_4.multipole_comps.multipole_comps_0": -0.0077430481622,
                        "multipoles.4.multipole_4.multipole_comps.multipole_comps_1": 0.01611516346025
                    }
                }
            }
        }
    }
}