{
    "type": "instance",
    "class_path": "autofit.non_linear.samples.summary.SamplesSummary",
    "arguments": {
        "median_pdf_sample": {
            "type": "instance",
            "class_path": "autofit.non_linear.samples.sample.Sample",
            "arguments": {
                "log_likelihood": -18.786110828088294,
                "log_prior": 0.0,
                "weight": 0.0010270905634913474,
                "kwargs": {
                    "type": "dict",
                    "arguments": {
                        "ellipses.0.ell_comps.ell_comps_0": 0.052476878262887466,
                        "ellipses.0.ell_comps.ell_comps_1": 0.04244726496304,
                        "multipoles.0.multipole_1.multipole_comps.multipole_comps_0": -0.00697799667044,
                        "multipoles.0.multipole_1.multipole_comps.multipole_comps_1": 0.006221423210854954,
                        "multipoles.0.multipole_3.multipole_comps.multipole_comps_0": 0.00928488212745875,
                        "multipoles.0.multipole_3.multipole_comps.multipole_comps_1": -0.0012899968302110866,
                        "multipoles.0.multipole_4.multipole_comps.multipole_comps_0": -0.005783394010573477,
                        "multipoles.0.multipole_4.multipole_comps.multipole_comps_1": -0.004400205363
                    }
                }
            }
        },
        "max_log_likelihood_sample": {
            "type": "instance",
            "class_path": "autofit.non_linear.samples.sample.Sample",
            "arguments": {
                "log_likelihood": -18.786110828088294,
                "log_prior": 0.0,
                "weight": 0.0010270905634913474,
                "kwargs": {
                    "type": "dict",
                    "arguments": {
                        "ellipses.0.ell_comps.ell_comps_0": 0.05207847712505,
                        "ellipses.0.ell_comps.ell_comps_1": 0.04248987451106,
                        "multipoles.0.multipole_1.multipole_comps.multipole_comps_0": -0.00155415563728,
                        "multipoles.0.multipole_1.multipole_comps.multipole_comps_1": 0.0094675578659,
                        "multipoles.0.multipole_3.multipole_comps.multipole_comps_0": 0.009799981579,
                        "multipoles.0.multipole_3.multipole_comps.multipole_comps_1": 0.00736156624435,
                        "multipoles.0.multipole_4.multipole_comps.multipole_comps_0": -0.0040609783932,
                        "multipoles.0.multipole_4.multipole_comps.multipole_comps_1": -0.00508867589044
                    }
                }
            }
        },
        "errors_at_sigma_1": {
            "type": "list",
            "values": [
                {
                    "type": "tuple",
                    "values": [
                        0.004043010903687465,
                        0.004821911136878167
                    ]
                },
                {
                    "type": "tuple",
                    "values": [
                        0.005065782570990704,
                        0.00526130835960284
                    ]
                },
                {
                    "type": "tuple",
                    "values": [
                        0.00765269979225,
                        0.00877087452905
                    ]
                },
                {
                    "type": "tuple",
                    "values": [
                        0.005687896213850026,
                        0.0067778041571671084
                    ]
                },
                {
                    "type": "tuple",
                    "values": [
                        0.00569162670516875,
                        0.006421045840641251
                    ]
                },
                {
                    "type": "tuple",
                    "values": [
                        0.007946253316951013,
                        0.007503573646801086
                    ]
                },
                {
                    "type": "tuple",
                    "values": [
                        0.007302101145383794,
                        0.007491879759929852
                    ]
                },
                {
                    "type": "tuple",
                    "values": [
                        0.009154591783690002,
                        0.00823695665714197
                    ]
                }
            ]
        },
        "values_at_sigma_1": {
            "type": "list",
            "values": [
                {
                    "type": "tuple",
                    "values": [
                        0.0484338673592,
                        0.05729878939976563
                    ]
                },
                {
                    "type": "tuple",
                    "values": [
                        0.037381482392049296,
                        0.04770857332264284
                    ]
                },
                {
                    "type": "tuple",
                    "values": [
                        -0.01463069646269,
                        0.00179287785861
                    ]
                },
                {
                    "type": "tuple",
                    "values": [
                        0.000533526997004929,
                        0.012999227368022063
                    ]
                },
                {
                    "type": "tuple",
                    "values": [
                        0.00359325542229,
                        0.0157059279681
                    ]
                },
                {
                    "type": "tuple",
                    "values": [
                        -0.0092362501471621,
                        0.00621357681659
                    ]
                },
                {
                    "type": "tuple",
                    "values": [
                        -0.01308549515595727,
                        0.0017084857493563752
                    ]
                },
                {
                    "type": "tuple",
                    "values": [
                        -0.01355479714669,
                        0.0038367512941419693
                    ]
                }
            ]
        },
        "errors_at_sigma_3": {
            "type": "list",
            "values": [
                {
                    "type": "tuple",
                    "values": [
                        0.014294237464057467,
                        0.012229168340823396
                    ]
                },
                {
                    "type": "tuple",
                    "values": [
                        0.015218728596740002,
                        0.017525819952719998
                    ]
                },
                {
                    "type": "tuple",
                    "values": [
                        0.02117087500549,
                        0.02851664683633302
                    ]
                },
                {
                    "type": "tuple",
                    "values": [
                        0.01618992517549382,
                        0.020281651847015046
                    ]
                },
                {
                    "type": "tuple",
                    "values": [
                        0.017253070066618748,
                        0.02194287953799125
                    ]
                },
                {
                    "type": "tuple",
                    "values": [
                        0.020690344233588915,
                        0.025255787822393107
                    ]
                },
                {
                    "type": "tuple",
                    "values": [
                        0.02023965388140994,
                        0.025356287221697898
                    ]
                },
                {
                    "type": "tuple",
                    "values": [
                        0.02369149700959,
                        0.0264153499582284
                    ]
                }
            ]
        },
        "values_at_sigma_3": {
            "type": "list",
            "values": [
                {
                    "type": "tuple",
                    "values": [
                        0.03818264079883,
                        0.06470604660371086
                    ]
                },
                {
                    "type": "tuple",
                    "values": [
                        0.0272285363663,
                        0.05997308491576
                    ]
                },
                {
                    "type": "tuple",
                    "values": [
                        -0.02814887167593,
                        0.02153865016589302
                    ]
                },
                {
                    "type": "tuple",
                    "values": [
                        -0.009968501964638868,
                        0.02650307505787
                    ]
                },
                {
                    "type": "tuple",
                    "values": [
                        -0.00796818793916,
                        0.03122776166545
                    ]
                },
                {
                    "type": "tuple",
                    "values": [
                        -0.0219803410638,
                        0.02396579099218202
                    ]
                },
                {
                    "type": "tuple",
                    "values": [
                        -0.026023047891983418,
                        0.01957289321112442
                    ]
                },
                {
                    "type": "tuple",
                    "values": [
                        -0.02809170237259,
                        0.0220151445952284
                    ]
                }
            ]
        },
        "model": null,
        "log_evidence": -44.24096329770982
    }
}