{
    "type": "instance",
    "class_path": "autofit.non_linear.samples.summary.SamplesSummary",
    "arguments": {
        "log_evidence": -175.19816465019412,
        "max_log_likelihood_sample": {
            "type": "instance",
            "class_path": "autofit.non_linear.samples.sample.Sample",
            "arguments": {
                "log_likelihood": -130.92590510802492,
                "log_prior": 0.0,
                "weight": 0.0010983686773705652,
                "kwargs": {
                    "type": "dict",
                    "arguments": {
                        "ellipses.ellipse_4.centre.centre_0": 0.01473592710529,
                        "ellipses.ellipse_4.centre.centre_1": 0.00946754474656,
                        "ellipses.ellipse_0.ell_comps.ell_comps_0": -0.09613650532437,
                        "ellipses.ellipse_0.ell_comps.ell_comps_1": -0.02657696337753,
                        "multipoles.0.multipole_3.multipole_comps.multipole_comps_0": -0.01629977859018,
                        "multipoles.0.multipole_3.multipole_comps.multipole_comps_1": -0.01143067671611,
                        "multipoles.0.multipole_4.multipole_comps.multipole_comps_0": 0.01353769945872,
                        "multipoles.0.multipole_4.multipole_comps.multipole_comps_1": -0.00175431149472,
                        "ellipses.ellipse_1.ell_comps.ell_comps_0": -0.16153938261692,
                        "ellipses.ellipse_1.ell_comps.ell_comps_1": 0.01413297390725,
                        "multipoles.1.multipole_3.multipole_comps.multipole_comps_0": 0.01486774851328,
                        "multipoles.1.multipole_3.multipole_comps.multipole_comps_1": -0.02824882504548,
                        "multipoles.1.multipole_4.multipole_comps.multipole_comps_0": -0.00868481658335,
                        "multipoles.1.multipole_4.multipole_comps.multipole_comps_1": 0.02274778010778,
                        "ellipses.ellipse_2.ell_comps.ell_comps_0": -0.19396741317059,
                        "ellipses.ellipse_2.ell_comps.ell_comps_1": 0.00309045770996,
                        "multipoles.2.multipole_3.multipole_comps.multipole_comps_0": -0.06774224528628,
                        "multipoles.2.multipole_3.multipole_comps.multipole_comps_1": 0.05552020925448,
                        "multipoles.2.multipole_4.multipole_comps.multipole_comps_0": -0.03668752163151,
                        "multipoles.2.multipole_4.multipole_comps.multipole_comps_1": -0.03171491180108,
                        "ellipses.ellipse_3.ell_comps.ell_comps_0": -0.15118099124082,
                        "ellipses.ellipse_3.ell_comps.ell_comps_1": -0.07659015763947,
                        "multipoles.3.multipole_3.multipole_comps.multipole_comps_0": 0.01641718829912,
                        "multipoles.3.multipole_3.multipole_comps.multipole_comps_1": 0.02968980280116,
                        "multipoles.3.multipole_4.multipole_comps.multipole_comps_0": 0.01978265310877,
                        "multipoles.3.multipole_4.multipole_comps.multipole_comps_1": 0.07177047953377,
                        "ellipses.ellipse_4.ell_comps.ell_comps_0": 0.19723225434241,
                        "ellipses.ellipse_4.ell_comps.ell_comps_1": 0.08906013436478,
                        "multipoles.4.multipole_3.multipole_comps.multipole_comps_0": -0.05119944879248,
                        "multipoles.4.multipole_3.multipole_comps.multipole_comps_1": 0.04623189456549,
                        "multipoles.4.multipole_4.multipole_comps.multipole_comps_0": 0.01578147701758,
                        "multipoles.4.multipole_4.multipole_comps.multipole_comps_1": -0.02470181177851
                    }
                }
            }
        },
        "errors_at_sigma_3": {
            "type": "list",
            "values": [
                {
                    "type": "tuple",
                    "values": [
                        0.016060069782576167,
                        0.004048670307785711
                    ]
                },
                {
                    "type": "tuple",
                    "values": [
                        0.009137881412425112,
                        0.006063037285734889
                    ]
                },
                {
                    "type": "tuple",
                    "values": [
                        0.054828634992455744,
                        0.019229852700979246
                    ]
                },
                {
                    "type": "tuple",
                    "values": [
                        0.07093100742036768,
                        0.015900516715784116
                    ]
                },
                {
                    "type": "tuple",
                    "values": [
                        0.006801876665518972,
                        0.018800225429579615
                    ]
                },
                {
                    "type": "tuple",
                    "values": [
                        0.007379103971240735,
                        0.02365373575789
                    ]
                },
                {
                    "type": "tuple",
                    "values": [
                        0.03695261887249688,
                        0.007560461684292048
                    ]
                },
                {
                    "type": "tuple",
                    "values": [
                        0.011065037921195548,
                        0.01374334472683445
                    ]
                },
                {
                    "type": "tuple",
                    "values": [
                        0.08548047379897064,
                        0.04895281421756985
                    ]
                },
                {
                    "type": "tuple",
                    "values": [
                        0.08897300439687478,
                        0.02054642370245311
                    ]
                },
                {
                    "type": "tuple",
                    "values": [
                        0.029758754802632806,
                        0.008521011604367194
                    ]
                },
                {
                    "type": "tuple",
                    "values": [
                        0.01454503954010293,
                        0.09258798134261767
                    ]
                },
                {
                    "type": "tuple",
                    "values": [
                        0.008258954341492788,
                        0.018339084292467212
                    ]
                },
                {
                    "type": "tuple",
                    "values": [
                        0.05352834747626,
                        0.014176948934199999
                    ]
                },
                {
                    "type": "tuple",
                    "values": [
                        0.017827561524056068,
                        0.049178282455780015
                    ]
                },
                {
                    "type": "tuple",
                    "values": [
                        0.06039185108513,
                        0.06288958749181912
                    ]
                },
                {
                    "type": "tuple",
                    "values": [
                        0.013456063449491858,
                        0.11030028004607495
                    ]
                },
                {
                    "type": "tuple",
                    "values": [
                        0.07427114580447,
                        0.01367331533663417
                    ]
                },
                {
                    "type": "tuple",
                    "values": [
                        0.03715997783263232,
                        0.06373340613043768
                    ]
                },
                {
                    "type": "tuple",
                    "values": [
                        0.01512679665117942,
                        0.04327849678254006
                    ]
                },
                {
                    "type": "tuple",
                    "values": [
                        0.015873853047569997,
                        0.20195430465886
                    ]
                },
                {
                    "type": "tuple",
                    "values": [
                        0.03463901362416,
                        0.1612240032738881
                    ]
                },
                {
                    "type": "tuple",
                    "values": [
                        0.031581175631080004,
                        0.03897678440895
                    ]
                },
                {
                    "type": "tuple",
                    "values": [
                        0.046114853895142256,
                        0.017052120304647967
                    ]
                },
                {
                    "type": "tuple",
                    "values": [
                        0.05721001111475151,
                        0.012243276427616197
                    ]
                },
                {
                    "type": "tuple",
                    "values": [
                        0.07617663619342524,
                        0.021527434946279997
                    ]
                },
                {
                    "type": "tuple",
                    "values": [
                        0.20819811048175,
                        0.006176647868947893
                    ]
                },
                {
                    "type": "tuple",
                    "values": [
                        0.24429887803049,
                        0.013894451965369314
                    ]
                },
                {
                    "type": "tuple",
                    "values": [
                        0.05214420776577134,
                        0.034185267452670004
                    ]
                },
                {
                    "type": "tuple",
                    "values": [
                        0.09899692822002755,
                        0.013871003146610411
                    ]
                },
                {
                    "type": "tuple",
                    "values": [
                        0.08443680542865704,
                        0.015180815353454011
                    ]
                },
                {
                    "type": "tuple",
                    "values": [
                        0.036143586591205576,
                        0.019731843828087972
                    ]
                }
            ]
        },
        "errors_at_sigma_1": {
            "type": "list",
            "values": [
                {
                    "type": "tuple",
                    "values": [
                        0.0024075399427148387,
                        0.001105225520978307
                    ]
                },
                {
                    "type": "tuple",
                    "values": [
                        0.0021999898325617967,
                        0.002055031935714888
                    ]
                },
                {
                    "type": "tuple",
                    "values": [
                        0.011129698070419844,
                        0.007138795718606587
                    ]
                },
                {
                    "type": "tuple",
                    "values": [
                        0.009074340172496389,
                        0.005879973314232331
                    ]
                },
                {
                    "type": "tuple",
                    "values": [
                        0.0019342867373005543,
                        0.0027848764041396145
                    ]
                },
                {
                    "type": "tuple",
                    "values": [
                        0.002789516234825311,
                        0.00365851168054
                    ]
                },
                {
                    "type": "tuple",
                    "values": [
                        0.0038468903156592543,
                        0.0026812704350688624
                    ]
                },
                {
                    "type": "tuple",
                    "values": [
                        0.0028368354871255493,
                        0.00343454051173445
                    ]
                },
                {
                    "type": "tuple",
                    "values": [
                        0.014752771374972856,
                        0.00951843502004951
                    ]
                },
                {
                    "type": "tuple",
                    "values": [
                        0.013397989866370598,
                        0.00657579579579529
                    ]
                },
                {
                    "type": "tuple",
                    "values": [
                        0.005789569269668124,
                        0.002712723106103366
                    ]
                },
                {
                    "type": "tuple",
                    "values": [
                        0.005964040285304034,
                        0.010575599900919217
                    ]
                },
                {
                    "type": "tuple",
                    "values": [
                        0.0033555419071953432,
                        0.0044663778691408015
                    ]
                },
                {
                    "type": "tuple",
                    "values": [
                        0.0076454207659999995,
                        0.005474328820175773
                    ]
                },
                {
                    "type": "tuple",
                    "values": [
                        0.007843287208229022,
                        0.009263138464761705
                    ]
                },
                {
                    "type": "tuple",
                    "values": [
                        0.02507287717184,
                        0.031817486317459315
                    ]
                },
                {
                    "type": "tuple",
                    "values": [
                        0.006084107036682614,
                        0.011620855738050426
                    ]
                },
                {
                    "type": "tuple",
                    "values": [
                        0.007682440107989998,
                        0.0034569619981167227
                    ]
                },
                {
                    "type": "tuple",
                    "values": [
                        0.006050981699372321,
                        0.006031062845597679
                    ]
                },
                {
                    "type": "tuple",
                    "values": [
                        0.005915318951549418,
                        0.007897853158500341
                    ]
                },
                {
                    "type": "tuple",
                    "values": [
                        0.005174357520042527,
                        0.011385418297339717
                    ]
                },
                {
                    "type": "tuple",
                    "values": [
                        0.005551218822690426,
                        0.01126394258863446
                    ]
                },
                {
                    "type": "tuple",
                    "values": [
                        0.00926454177133371,
                        0.00786285921770042
                    ]
                },
                {
                    "type": "tuple",
                    "values": [
                        0.011940115388702257,
                        0.006276022787231789
                    ]
                },
                {
                    "type": "tuple",
                    "values": [
                        0.006281641247583236,
                        0.004272504324846195
                    ]
                },
                {
                    "type": "tuple",
                    "values": [
                        0.011057169007319997,
                        0.007157791086890006
                    ]
                },
                {
                    "type": "tuple",
                    "values": [
                        0.004659768800543057,
                        0.0020160568220300157
                    ]
                },
                {
                    "type": "tuple",
                    "values": [
                        0.008727938425894671,
                        0.00554323725658
                    ]
                },
                {
                    "type": "tuple",
                    "values": [
                        0.007468047845539998,
                        0.009786341411864845
                    ]
                },
                {
                    "type": "tuple",
                    "values": [
                        0.008192366763597969,
                        0.0046371969730560625
                    ]
                },
                {
                    "type": "tuple",
                    "values": [
                        0.009928936603810043,
                        0.006009823702804012
                    ]
                },
                {
                    "type": "tuple",
                    "values": [
                        0.004832910562855102,
                        0.004858380402265508
                    ]
                }
            ]
        },
        "median_pdf_sample": {
            "type": "instance",
            "class_path": "autofit.non_linear.samples.sample.Sample",
            "arguments": {
                "log_likelihood": -130.92590510802492,
                "log_prior": 0.0,
                "weight": 0.0010983686773705652,
                "kwargs": {
                    "type": "dict",
                    "arguments": {
                        "ellipses.ellipse_4.centre.centre_0": 0.01770614814141,
                        "ellipses.ellipse_4.centre.centre_1": 0.010125665545005111,
                        "ellipses.ellipse_0.ell_comps.ell_comps_0": -0.06825827050965,
                        "ellipses.ellipse_0.ell_comps.ell_comps_1": -0.01907346149045233,
                        "multipoles.0.multipole_3.multipole_comps.multipole_comps_0": -0.017109344445989615,
                        "multipoles.0.multipole_3.multipole_comps.multipole_comps_1": -0.01030738818884,
                        "multipoles.0.multipole_4.multipole_comps.multipole_comps_0": 0.017655629216291137,
                        "multipoles.0.multipole_4.multipole_comps.multipole_comps_1": -0.00592390489758445,
                        "ellipses.ellipse_1.ell_comps.ell_comps_0": -0.16721776177393086,
                        "ellipses.ellipse_1.ell_comps.ell_comps_1": 0.01462626929360731,
                        "multipoles.1.multipole_3.multipole_comps.multipole_comps_0": 0.018218052481222807,
                        "multipoles.1.multipole_3.multipole_comps.multipole_comps_1": -0.02600073153336,
                        "multipoles.1.multipole_4.multipole_comps.multipole_comps_0": -0.020318735349407212,
                        "multipoles.1.multipole_4.multipole_comps.multipole_comps_1": 0.01330384784628,
                        "ellipses.ellipse_2.ell_comps.ell_comps_0": -0.19117187328734,
                        "ellipses.ellipse_2.ell_comps.ell_comps_1": 0.03119994232906,
                        "multipoles.2.multipole_3.multipole_comps.multipole_comps_0": -0.058196681182324954,
                        "multipoles.2.multipole_3.multipole_comps.multipole_comps_1": 0.05541139676364,
                        "multipoles.2.multipole_4.multipole_comps.multipole_comps_0": -0.03722823953100768,
                        "multipoles.2.multipole_4.multipole_comps.multipole_comps_1": -0.03281292227586058,
                        "ellipses.ellipse_3.ell_comps.ell_comps_0": -0.14688598938818,
                        "ellipses.ellipse_3.ell_comps.ell_comps_1": -0.07804512857126,
                        "multipoles.3.multipole_3.multipole_comps.multipole_comps_0": 0.00121620423847,
                        "multipoles.3.multipole_3.multipole_comps.multipole_comps_1": 0.020505013963692257,
                        "multipoles.3.multipole_4.multipole_comps.multipole_comps_0": 0.027391278569053802,
                        "multipoles.3.multipole_4.multipole_comps.multipole_comps_1": 0.07560881242006,
                        "ellipses.ellipse_4.ell_comps.ell_comps_0": 0.19734824543187,
                        "ellipses.ellipse_4.ell_comps.ell_comps_1": 0.0870983975681,
                        "multipoles.4.multipole_3.multipole_comps.multipole_comps_0": -0.04602653491214,
                        "multipoles.4.multipole_3.multipole_comps.multipole_comps_1": 0.05002475083871755,
                        "multipoles.4.multipole_4.multipole_comps.multipole_comps_0": 0.013931465446555989,
                        "multipoles.4.multipole_4.multipole_comps.multipole_comps_1": -0.02165083601651442
                    }
                }
            }
        },
        "values_at_sigma_1": {
            "type": "list",
            "values": [
                {
                    "type": "tuple",
                    "values": [
                        0.015298608198695161,
                        0.018811373662388307
                    ]
                },
                {
                    "type": "tuple",
                    "values": [
                        0.007925675712443314,
                        0.01218069748072
                    ]
                },
                {
                    "type": "tuple",
                    "values": [
                        -0.07938796858006984,
                        -0.06111947479104341
                    ]
                },
                {
                    "type": "tuple",
                    "values": [
                        -0.02814780166294872,
                        -0.01319348817622
                    ]
                },
                {
                    "type": "tuple",
                    "values": [
                        -0.01904363118329017,
                        -0.01432446804185
                    ]
                },
                {
                    "type": "tuple",
                    "values": [
                        -0.01309690442366531,
                        -0.0066488765083
                    ]
                },
                {
                    "type": "tuple",
                    "values": [
                        0.013808738900631883,
                        0.02033689965136
                    ]
                },
                {
                    "type": "tuple",
                    "values": [
                        -0.00876074038471,
                        -0.00248936438585
                    ]
                },
                {
                    "type": "tuple",
                    "values": [
                        -0.1819705331489037,
                        -0.15769932675388135
                    ]
                },
                {
                    "type": "tuple",
                    "values": [
                        0.0012282794272367118,
                        0.0212020650894026
                    ]
                },
                {
                    "type": "tuple",
                    "values": [
                        0.012428483211554682,
                        0.020930775587326172
                    ]
                },
                {
                    "type": "tuple",
                    "values": [
                        -0.031964771818664035,
                        -0.015425131632440784
                    ]
                },
                {
                    "type": "tuple",
                    "values": [
                        -0.023674277256602556,
                        -0.01585235748026641
                    ]
                },
                {
                    "type": "tuple",
                    "values": [
                        0.00565842708028,
                        0.018778176666455773
                    ]
                },
                {
                    "type": "tuple",
                    "values": [
                        -0.19901516049556903,
                        -0.1819087348225783
                    ]
                },
                {
                    "type": "tuple",
                    "values": [
                        0.00612706515722,
                        0.06301742864651931
                    ]
                },
                {
                    "type": "tuple",
                    "values": [
                        -0.06428078821900757,
                        -0.04657582544427453
                    ]
                },
                {
                    "type": "tuple",
                    "values": [
                        0.04772895665565,
                        0.05886835876175672
                    ]
                },
                {
                    "type": "tuple",
                    "values": [
                        -0.04327922123038,
                        -0.03119717668541
                    ]
                },
                {
                    "type": "tuple",
                    "values": [
                        -0.03872824122741,
                        -0.024915069117360238
                    ]
                },
                {
                    "type": "tuple",
                    "values": [
                        -0.15206034690822254,
                        -0.1355005710908403
                    ]
                },
                {
                    "type": "tuple",
                    "values": [
                        -0.08359634739395043,
                        -0.06678118598262554
                    ]
                },
                {
                    "type": "tuple",
                    "values": [
                        -0.00804833753286371,
                        0.009079063456170421
                    ]
                },
                {
                    "type": "tuple",
                    "values": [
                        0.00856489857499,
                        0.026781036750924046
                    ]
                },
                {
                    "type": "tuple",
                    "values": [
                        0.021109637321470566,
                        0.0316637828939
                    ]
                },
                {
                    "type": "tuple",
                    "values": [
                        0.06455164341274,
                        0.08276660350695
                    ]
                },
                {
                    "type": "tuple",
                    "values": [
                        0.19268847663132693,
                        0.1993643022539
                    ]
                },
                {
                    "type": "tuple",
                    "values": [
                        0.07837045914220533,
                        0.09264163482468
                    ]
                },
                {
                    "type": "tuple",
                    "values": [
                        -0.05349458275768,
                        -0.03624019350027516
                    ]
                },
                {
                    "type": "tuple",
                    "values": [
                        0.04183238407511958,
                        0.05466194781177361
                    ]
                },
                {
                    "type": "tuple",
                    "values": [
                        0.004002528842745946,
                        0.01994128914936
                    ]
                },
                {
                    "type": "tuple",
                    "values": [
                        -0.026483746579369524,
                        -0.016792455614248913
                    ]
                }
            ]
        },
        "values_at_sigma_3": {
            "type": "list",
            "values": [
                {
                    "type": "tuple",
                    "values": [
                        0.0016460783588338342,
                        0.02175481844919571
                    ]
                },
                {
                    "type": "tuple",
                    "values": [
                        0.00098778413258,
                        0.01618870283074
                    ]
                },
                {
                    "type": "tuple",
                    "values": [
                        -0.12308690550210574,
                        -0.04902841780867075
                    ]
                },
                {
                    "type": "tuple",
                    "values": [
                        -0.09000446891082,
                        -0.0031729447746682163
                    ]
                },
                {
                    "type": "tuple",
                    "values": [
                        -0.023911221111508587,
                        0.00169088098359
                    ]
                },
                {
                    "type": "tuple",
                    "values": [
                        -0.017686492160080735,
                        0.01334634756905
                    ]
                },
                {
                    "type": "tuple",
                    "values": [
                        -0.019296989656205743,
                        0.025216090900583184
                    ]
                },
                {
                    "type": "tuple",
                    "values": [
                        -0.01698894281878,
                        0.00781943982925
                    ]
                },
                {
                    "type": "tuple",
                    "values": [
                        -0.2526982355729015,
                        -0.11826494755636101
                    ]
                },
                {
                    "type": "tuple",
                    "values": [
                        -0.07434673510326748,
                        0.03517269299606042
                    ]
                },
                {
                    "type": "tuple",
                    "values": [
                        -0.01154070232141,
                        0.02673906408559
                    ]
                },
                {
                    "type": "tuple",
                    "values": [
                        -0.04054577107346293,
                        0.06658724980925768
                    ]
                },
                {
                    "type": "tuple",
                    "values": [
                        -0.0285776896909,
                        -0.00197965105694
                    ]
                },
                {
                    "type": "tuple",
                    "values": [
                        -0.04022449962998,
                        0.02748079678048
                    ]
                },
                {
                    "type": "tuple",
                    "values": [
                        -0.20899943481139607,
                        -0.14199359083156
                    ]
                },
                {
                    "type": "tuple",
                    "values": [
                        -0.02919190875607,
                        0.09408952982087912
                    ]
                },
                {
                    "type": "tuple",
                    "values": [
                        -0.07165274463181681,
                        0.05210359886375
                    ]
                },
                {
                    "type": "tuple",
                    "values": [
                        -0.01885974904083,
                        0.06908471210027417
                    ]
                },
                {
                    "type": "tuple",
                    "values": [
                        -0.07438821736364,
                        0.02650516659943
                    ]
                },
                {
                    "type": "tuple",
                    "values": [
                        -0.04793971892704,
                        0.01046557450667948
                    ]
                },
                {
                    "type": "tuple",
                    "values": [
                        -0.16275984243575,
                        0.05506831527068
                    ]
                },
                {
                    "type": "tuple",
                    "values": [
                        -0.11268414219542,
                        0.08317887470262811
                    ]
                },
                {
                    "type": "tuple",
                    "values": [
                        -0.03036497139261,
                        0.04019298864742
                    ]
                },
                {
                    "type": "tuple",
                    "values": [
                        -0.02560983993145,
                        0.037557134268340224
                    ]
                },
                {
                    "type": "tuple",
                    "values": [
                        -0.02981873254569771,
                        0.03963455499667
                    ]
                },
                {
                    "type": "tuple",
                    "values": [
                        -0.0005678237733652373,
                        0.09713624736634
                    ]
                },
                {
                    "type": "tuple",
                    "values": [
                        -0.01084986504988,
                        0.20352489330081788
                    ]
                },
                {
                    "type": "tuple",
                    "values": [
                        -0.15720048046239,
                        0.10099284953346932
                    ]
                },
                {
                    "type": "tuple",
                    "values": [
                        -0.09817074267791134,
                        -0.01184126745947
                    ]
                },
                {
                    "type": "tuple",
                    "values": [
                        -0.04897217738131,
                        0.06389575398532796
                    ]
                },
                {
                    "type": "tuple",
                    "values": [
                        -0.07050533998210105,
                        0.02911228080001
                    ]
                },
                {
                    "type": "tuple",
                    "values": [
                        -0.05779442260772,
                        -0.001918992188426448
                    ]
                }
            ]
        },
        "model": null
    }
}