{
    "type": "instance",
    "class_path": "autofit.non_linear.samples.summary.SamplesSummary",
    "arguments": {
        "max_log_likelihood_sample": {
            "type": "instance",
            "class_path": "autofit.non_linear.samples.sample.Sample",
            "arguments": {
                "log_likelihood": -17.29974239205667,
                "log_prior": 0.0,
                "weight": 0.0009877731000356518,
                "kwargs": {
                    "type": "dict",
                    "arguments": {
                        "ellipses.0.ell_comps.ell_comps_0": 0.00149457127178,
                        "ellipses.0.ell_comps.ell_comps_1": 0.07419519137831
                    }
                }
            }
        },
        "log_evidence": -26.583729710619888,
        "values_at_sigma_1": {
            "type": "list",
            "values": [
                {
                    "type": "tuple",
                    "values": [
                        -0.0063281870832287805,
                        0.00774865663465
                    ]
                },
                {
                    "type": "tuple",
                    "values": [
                        0.06791999363683,
                        0.08110732010591847
                    ]
                }
            ]
        },
        "errors_at_sigma_3": {
            "type": "list",
            "values": [
                {
                    "type": "tuple",
                    "values": [
                        0.021899366610890002,
                        0.02161153940054
                    ]
                },
                {
                    "type": "tuple",
                    "values": [
                        0.02301324165318351,
                        0.023591565311989998
                    ]
                }
            ]
        },
        "values_at_sigma_3": {
            "type": "list",
            "values": [
                {
                    "type": "tuple",
                    "values": [
                        -0.02071367535242,
                        0.02279723065901
                    ]
                },
                {
                    "type": "tuple",
                    "values": [
                        0.05083307405745649,
                        0.09743788102263
                    ]
                }
            ]
        },
        "median_pdf_sample": {
            "type": "instance",
            "class_path": "autofit.non_linear.samples.sample.Sample",
            "arguments": {
                "log_likelihood": -17.29974239205667,
                "log_prior": 0.0,
                "weight": 0.0009877731000356518,
                "kwargs": {
                    "type": "dict",
                    "arguments": {
                        "ellipses.0.ell_comps.ell_comps_0": 0.00118569125847,
                        "ellipses.0.ell_comps.ell_comps_1": 0.07384631571064
                    }
                }
            }
        },
        "model": null,
        "errors_at_sigma_1": {
            "type": "list",
            "values": [
                {
                    "type": "tuple",
                    "values": [
                        0.00751387834169878,
                        0.00656296537618
                    ]
                },
                {
                    "type": "tuple",
                    "values": [
                        0.0059263220738099975,
                        0.007261004395278464
                    ]
                }
            ]
        }
    }
}