{
    "type": "instance",
    "class_path": "autofit.non_linear.samples.summary.SamplesSummary",
    "arguments": {
        "median_pdf_sample": {
            "type": "instance",
            "class_path": "autofit.non_linear.samples.sample.Sample",
            "arguments": {
                "log_likelihood": -48.71703238013353,
                "log_prior": 0.0,
                "weight": 0.0010114417688248916,
                "kwargs": {
                    "type": "dict",
                    "arguments": {
                        "ellipses.0.ell_comps.ell_comps_0": 0.02278210690212974,
                        "ellipses.0.ell_comps.ell_comps_1": -0.08807681907594654,
                        "multipoles.0.multipole_3.multipole_comps.multipole_comps_0": 0.016139178010203536,
                        "multipoles.0.multipole_3.multipole_comps.multipole_comps_1": -0.030415233594505386,
                        "multipoles.0.multipole_4.multipole_comps.multipole_comps_0": 0.020911031165492946,
                        "multipoles.0.multipole_4.multipole_comps.multipole_comps_1": -0.0628760597759
                    }
                }
            }
        },
        "errors_at_sigma_3": {
            "type": "list",
            "values": [
                {
                    "type": "tuple",
                    "values": [
                        0.017692485123803288,
                        0.04952380557418026
                    ]
                },
                {
                    "type": "tuple",
                    "values": [
                        0.023582606918313473,
                        0.04313412981803654
                    ]
                },
                {
                    "type": "tuple",
                    "values": [
                        0.0958531193309685,
                        0.08054791089862647
                    ]
                },
                {
                    "type": "tuple",
                    "values": [
                        0.0681971544485546,
                        0.1144255549665675
                    ]
                },
                {
                    "type": "tuple",
                    "values": [
                        0.11799151629505295,
                        0.07821753376969494
                    ]
                },
                {
                    "type": "tuple",
                    "values": [
                        0.03666522653802,
                        0.14887387918664
                    ]
                }
            ]
        },
        "values_at_sigma_3": {
            "type": "list",
            "values": [
                {
                    "type": "tuple",
                    "values": [
                        0.00508962177832645,
                        0.07230591247631
                    ]
                },
                {
                    "type": "tuple",
                    "values": [
                        -0.11165942599426001,
                        -0.04494268925791
                    ]
                },
                {
                    "type": "tuple",
                    "values": [
                        -0.07971394132076497,
                        0.09668708890883
                    ]
                },
                {
                    "type": "tuple",
                    "values": [
                        -0.09861238804306,
                        0.08401032137206212
                    ]
                },
                {
                    "type": "tuple",
                    "values": [
                        -0.09708048512956,
                        0.09912856493518789
                    ]
                },
                {
                    "type": "tuple",
                    "values": [
                        -0.09954128631392,
                        0.08599781941074
                    ]
                }
            ]
        },
        "values_at_sigma_1": {
            "type": "list",
            "values": [
                {
                    "type": "tuple",
                    "values": [
                        0.018083482989579607,
                        0.03861437776483
                    ]
                },
                {
                    "type": "tuple",
                    "values": [
                        -0.09149388627228357,
                        -0.08406588379813244
                    ]
                },
                {
                    "type": "tuple",
                    "values": [
                        -0.02464030203854,
                        0.05115483730082485
                    ]
                },
                {
                    "type": "tuple",
                    "values": [
                        -0.0635320999784454,
                        0.0156319841198
                    ]
                },
                {
                    "type": "tuple",
                    "values": [
                        -0.02022966856354,
                        0.06036569578243694
                    ]
                },
                {
                    "type": "tuple",
                    "values": [
                        -0.0826103467980512,
                        0.00486215590962
                    ]
                }
            ]
        },
        "model": null,
        "errors_at_sigma_1": {
            "type": "list",
            "values": [
                {
                    "type": "tuple",
                    "values": [
                        0.004698623912550132,
                        0.015832270862700264
                    ]
                },
                {
                    "type": "tuple",
                    "values": [
                        0.003417067196337026,
                        0.004010935277814098
                    ]
                },
                {
                    "type": "tuple",
                    "values": [
                        0.04077948004874354,
                        0.035015659290621316
                    ]
                },
                {
                    "type": "tuple",
                    "values": [
                        0.033116866383940013,
                        0.04604721771430539
                    ]
                },
                {
                    "type": "tuple",
                    "values": [
                        0.04114069972903295,
                        0.039454664616943996
                    ]
                },
                {
                    "type": "tuple",
                    "values": [
                        0.0197342870221512,
                        0.06773821568551999
                    ]
                }
            ]
        },
        "log_evidence": -64.11794869860908,
        "max_log_likelihood_sample": {
            "type": "instance",
            "class_path": "autofit.non_linear.samples.sample.Sample",
            "arguments": {
                "log_likelihood": -48.71703238013353,
                "log_prior": 0.0,
                "weight": 0.0010114417688248916,
                "kwargs": {
                    "type": "dict",
                    "arguments": {
                        "ellipses.0.ell_comps.ell_comps_0": 0.02200681437682,
                        "ellipses.0.ell_comps.ell_comps_1": -0.08888163481504,
                        "multipoles.0.multipole_3.multipole_comps.multipole_comps_0": -0.0178014984184,
                        "multipoles.0.multipole_3.multipole_comps.multipole_comps_1": -0.02041182466421,
                        "multipoles.0.multipole_4.multipole_comps.multipole_comps_0": 0.03545274278181,
                        "multipoles.0.multipole_4.multipole_comps.multipole_comps_1": -0.0765877845565
                    }
                }
            }
        }
    }
}