{
    "type": "instance",
    "class_path": "autofit.non_linear.samples.summary.SamplesSummary",
    "arguments": {
        "values_at_sigma_3": {
            "type": "list",
            "values": [
                {
                    "type": "tuple",
                    "values": [
                        -0.007435817475551448,
                        0.0326864852771599
                    ]
                },
                {
                    "type": "tuple",
                    "values": [
                        0.03965503969564,
                        0.07775467035079
                    ]
                },
                {
                    "type": "tuple",
                    "values": [
                        -0.02126052733053593,
                        0.010329072145456256
                    ]
                },
                {
                    "type": "tuple",
                    "values": [
                        -0.021721331071442203,
                        0.01580261794092
                    ]
                },
                {
                    "type": "tuple",
                    "values": [
                        -0.01594194072923779,
                        0.02393533012812
                    ]
                },
                {
                    "type": "tuple",
                    "values": [
                        -0.014593838045022605,
                        0.01822033279959363
                    ]
                },
                {
                    "type": "tuple",
                    "values": [
                        -0.021417470756109797,
                        0.017179333540920116
                    ]
                },
                {
                    "type": "tuple",
                    "values": [
                        -0.022478743533387684,
                        0.01862853786226
                    ]
                }
            ]
        },
        "max_log_likelihood_sample": {
            "type": "instance",
            "class_path": "autofit.non_linear.samples.sample.Sample",
            "arguments": {
                "log_likelihood": -8.714359242993618,
                "log_prior": 0.0,
                "weight": 0.0009532013919173747,
                "kwargs": {
                    "type": "dict",
                    "arguments": {
                        "ellipses.0.ell_comps.ell_comps_0": 0.00815594140853,
                        "ellipses.0.ell_comps.ell_comps_1": 0.06129369548614,
                        "multipoles.0.multipole_1.multipole_comps.multipole_comps_0": -0.0050519744023,
                        "multipoles.0.multipole_1.multipole_comps.multipole_comps_1": -0.00269767164723,
                        "multipoles.0.multipole_3.multipole_comps.multipole_comps_0": 0.00265422772593,
                        "multipoles.0.multipole_3.multipole_comps.multipole_comps_1": -0.00127307687039,
                        "multipoles.0.multipole_4.multipole_comps.multipole_comps_0": -0.0041154051389,
                        "multipoles.0.multipole_4.multipole_comps.multipole_comps_1": -0.00394359491947
                    }
                }
            }
        },
        "values_at_sigma_1": {
            "type": "list",
            "values": [
                {
                    "type": "tuple",
                    "values": [
                        0.00398609163924,
                        0.01737332697364529
                    ]
                },
                {
                    "type": "tuple",
                    "values": [
                        0.054074410894629915,
                        0.06602233301383564
                    ]
                },
                {
                    "type": "tuple",
                    "values": [
                        -0.010900444214827802,
                        -0.00047384000725
                    ]
                },
                {
                    "type": "tuple",
                    "values": [
                        -0.009585019945326111,
                        0.00196470004276
                    ]
                },
                {
                    "type": "tuple",
                    "values": [
                        -0.00039713051913,
                        0.012256117254725142
                    ]
                },
                {
                    "type": "tuple",
                    "values": [
                        -0.00441761771886,
                        0.005415537195002023
                    ]
                },
                {
                    "type": "tuple",
                    "values": [
                        -0.0084547025124,
                        0.00315017577508
                    ]
                },
                {
                    "type": "tuple",
                    "values": [
                        -0.01137047597772,
                        0.004423172043691426
                    ]
                }
            ]
        },
        "median_pdf_sample": {
            "type": "instance",
            "class_path": "autofit.non_linear.samples.sample.Sample",
            "arguments": {
                "log_likelihood": -8.714359242993618,
                "log_prior": 0.0,
                "weight": 0.0009532013919173747,
                "kwargs": {
                    "type": "dict",
                    "arguments": {
                        "ellipses.0.ell_comps.ell_comps_0": 0.011065829644884789,
                        "ellipses.0.ell_comps.ell_comps_1": 0.06003022892509,
                        "multipoles.0.multipole_1.multipole_comps.multipole_comps_0": -0.005464313219693204,
                        "multipoles.0.multipole_1.multipole_comps.multipole_comps_1": -0.003984446822797705,
                        "multipoles.0.multipole_3.multipole_comps.multipole_comps_0": 0.00469883762514,
                        "multipoles.0.multipole_3.multipole_comps.multipole_comps_1": 0.00012566971935655953,
                        "multipoles.0.multipole_4.multipole_comps.multipole_comps_0": -0.00279894981713,
                        "multipoles.0.multipole_4.multipole_comps.multipole_comps_1": -0.0036310105345610036
                    }
                }
            }
        },
        "model": null,
        "log_evidence": -33.38570520186126,
        "errors_at_sigma_3": {
            "type": "list",
            "values": [
                {
                    "type": "tuple",
                    "values": [
                        0.018501647120436237,
                        0.02162065563227511
                    ]
                },
                {
                    "type": "tuple",
                    "values": [
                        0.020375189229450003,
                        0.017724441425700004
                    ]
                },
                {
                    "type": "tuple",
                    "values": [
                        0.015796214110842727,
                        0.01579338536514946
                    ]
                },
                {
                    "type": "tuple",
                    "values": [
                        0.0177368842486445,
                        0.019787064763717704
                    ]
                },
                {
                    "type": "tuple",
                    "values": [
                        0.02064077835437779,
                        0.01923649250298
                    ]
                },
                {
                    "type": "tuple",
                    "values": [
                        0.014719507764379164,
                        0.01809466308023707
                    ]
                },
                {
                    "type": "tuple",
                    "values": [
                        0.018618520938979796,
                        0.019978283358050117
                    ]
                },
                {
                    "type": "tuple",
                    "values": [
                        0.01884773299882668,
                        0.022259548396821004
                    ]
                }
            ]
        },
        "errors_at_sigma_1": {
            "type": "list",
            "values": [
                {
                    "type": "tuple",
                    "values": [
                        0.007079738005644789,
                        0.006307497328760502
                    ]
                },
                {
                    "type": "tuple",
                    "values": [
                        0.0059558180304600875,
                        0.005992104088745641
                    ]
                },
                {
                    "type": "tuple",
                    "values": [
                        0.005436130995134598,
                        0.004990473212443204
                    ]
                },
                {
                    "type": "tuple",
                    "values": [
                        0.005600573122528406,
                        0.005949146865557705
                    ]
                },
                {
                    "type": "tuple",
                    "values": [
                        0.00509596814427,
                        0.007557279629585143
                    ]
                },
                {
                    "type": "tuple",
                    "values": [
                        0.004543287438216559,
                        0.005289867475645463
                    ]
                },
                {
                    "type": "tuple",
                    "values": [
                        0.00565575269527,
                        0.00594912559221
                    ]
                },
                {
                    "type": "tuple",
                    "values": [
                        0.0077394654431589965,
                        0.008054182578252429
                    ]
                }
            ]
        }
    }
}