{
    "type": "instance",
    "class_path": "autofit.non_linear.samples.summary.SamplesSummary",
    "arguments": {
        "median_pdf_sample": {
            "type": "instance",
            "class_path": "autofit.non_linear.samples.sample.Sample",
            "arguments": {
                "log_likelihood": -60.410571269199586,
                "log_prior": 0.0,
                "weight": 0.0009837458575359596,
                "kwargs": {
                    "type": "dict",
                    "arguments": {
                        "ellipses.0.ell_comps.ell_comps_0": -0.21810214885387785,
                        "ellipses.0.ell_comps.ell_comps_1": 0.09301827242516941
                    }
                }
            }
        },
        "errors_at_sigma_1": {
            "type": "list",
            "values": [
                {
                    "type": "tuple",
                    "values": [
                        0.002939605783962157,
                        0.0017045093392225596
                    ]
                },
                {
                    "type": "tuple",
                    "values": [
                        0.00416970617441878,
                        0.005087340156390591
                    ]
                }
            ]
        },
        "values_at_sigma_1": {
            "type": "list",
            "values": [
                {
                    "type": "tuple",
                    "values": [
                        -0.22104175463784,
                        -0.2163976395146553
                    ]
                },
                {
                    "type": "tuple",
                    "values": [
                        0.08884856625075063,
                        0.09810561258156
                    ]
                }
            ]
        },
        "errors_at_sigma_3": {
            "type": "list",
            "values": [
                {
                    "type": "tuple",
                    "values": [
                        0.02877262280929216,
                        0.044888828930798735
                    ]
                },
                {
                    "type": "tuple",
                    "values": [
                        0.049276246354989416,
                        0.03102874087065577
                    ]
                }
            ]
        },
        "max_log_likelihood_sample": {
            "type": "instance",
            "class_path": "autofit.non_linear.samples.sample.Sample",
            "arguments": {
                "log_likelihood": -60.410571269199586,
                "log_prior": 0.0,
                "weight": 0.0009837458575359596,
                "kwargs": {
                    "type": "dict",
                    "arguments": {
                        "ellipses.0.ell_comps.ell_comps_0": -0.21698602756875,
                        "ellipses.0.ell_comps.ell_comps_1": 0.09046592019118
                    }
                }
            }
        },
        "log_evidence": -70.4356881654749,
        "model": null,
        "values_at_sigma_3": {
            "type": "list",
            "values": [
                {
                    "type": "tuple",
                    "values": [
                        -0.24687477166317,
                        -0.17321331992307912
                    ]
                },
                {
                    "type": "tuple",
                    "values": [
                        0.04374202607018,
                        0.12404701329582518
                    ]
                }
            ]
        }
    }
}