{
    "type": "instance",
    "class_path": "autofit.non_linear.samples.summary.SamplesSummary",
    "arguments": {
        "values_at_sigma_1": {
            "type": "list",
            "values": [
                {
                    "type": "tuple",
                    "values": [
                        0.00493072264753,
                        0.007850651538451587
                    ]
                },
                {
                    "type": "tuple",
                    "values": [
                        -0.00683338193499,
                        0.005361915685361244
                    ]
                },
                {
                    "type": "tuple",
                    "values": [
                        0.00048641547824,
                        0.010434739574828114
                    ]
                },
                {
                    "type": "tuple",
                    "values": [
                        0.0715522456862,
                        0.09940980720836169
                    ]
                },
                {
                    "type": "tuple",
                    "values": [
                        -0.09031359655950384,
                        -0.011140566248401824
                    ]
                },
                {
                    "type": "tuple",
                    "values": [
                        0.07544462686741,
                        0.11429759475377704
                    ]
                },
                {
                    "type": "tuple",
                    "values": [
                        0.03105965796099,
                        0.06550039583817
                    ]
                },
                {
                    "type": "tuple",
                    "values": [
                        0.08421884532614439,
                        0.13913726535799517
                    ]
                },
                {
                    "type": "tuple",
                    "values": [
                        0.04160919003567,
                        0.25532739402426535
                    ]
                },
                {
                    "type": "tuple",
                    "values": [
                        0.1402532916446,
                        0.2193934385212747
                    ]
                },
                {
                    "type": "tuple",
                    "values": [
                        -0.07301052119093,
                        -0.04170849630543969
                    ]
                },
                {
                    "type": "tuple",
                    "values": [
                        -0.27105539351268,
                        0.34596222982487
                    ]
                }
            ]
        },
        "values_at_sigma_3": {
            "type": "list",
            "values": [
                {
                    "type": "tuple",
                    "values": [
                        -0.00708559294441,
                        0.010953722807240652
                    ]
                },
                {
                    "type": "tuple",
                    "values": [
                        -0.00804366011177,
                        0.009622986101011678
                    ]
                },
                {
                    "type": "tuple",
                    "values": [
                        -0.05672143295041,
                        0.021218704379587998
                    ]
                },
                {
                    "type": "tuple",
                    "values": [
                        0.032010318080824135,
                        0.11150430161323706
                    ]
                },
                {
                    "type": "tuple",
                    "values": [
                        -0.10489239936188392,
                        0.09191672253908
                    ]
                },
                {
                    "type": "tuple",
                    "values": [
                        0.04766001425578,
                        0.13271871928424486
                    ]
                },
                {
                    "type": "tuple",
                    "values": [
                        -0.06001633783334,
                        0.13301844949563912
                    ]
                },
                {
                    "type": "tuple",
                    "values": [
                        0.012870105758381536,
                        0.20869866852256
                    ]
                },
                {
                    "type": "tuple",
                    "values": [
                        -0.24150877025383,
                        0.26423262740483
                    ]
                },
                {
                    "type": "tuple",
                    "values": [
                        -0.06968652414161,
                        0.25258072793959
                    ]
                },
                {
                    "type": "tuple",
                    "values": [
                        -0.10219652252860204,
                        0.31091278909836
                    ]
                },
                {
                    "type": "tuple",
                    "values": [
                        -0.3775519009495165,
                        0.47449125084546
                    ]
                }
            ]
        },
        "max_log_likelihood_sample": {
            "type": "instance",
            "class_path": "autofit.non_linear.samples.sample.Sample",
            "arguments": {
                "log_likelihood": -122.4695557594201,
                "log_prior": 0.0,
                "weight": 0.0010716497863847974,
                "kwargs": {
                    "type": "dict",
                    "arguments": {
                        "ellipses.ellipse_4.centre.centre_0": 0.00360375880073,
                        "ellipses.ellipse_4.centre.centre_1": -0.00617773022682,
                        "ellipses.ellipse_0.ell_comps.ell_comps_0": 0.01620546845636,
                        "ellipses.ellipse_0.ell_comps.ell_comps_1": 0.0705537176375,
                        "ellipses.ellipse_1.ell_comps.ell_comps_0": -0.06993718253396,
                        "ellipses.ellipse_1.ell_comps.ell_comps_1": 0.07350700055086,
                        "ellipses.ellipse_2.ell_comps.ell_comps_0": 0.05805389530668,
                        "ellipses.ellipse_2.ell_comps.ell_comps_1": 0.12521690514281,
                        "ellipses.ellipse_3.ell_comps.ell_comps_0": 0.24616020441534,
                        "ellipses.ellipse_3.ell_comps.ell_comps_1": 0.16638818037845,
                        "ellipses.ellipse_4.ell_comps.ell_comps_0": -0.05248753336243,
                        "ellipses.ellipse_4.ell_comps.ell_comps_1": 0.34515612157515
                    }
                }
            }
        },
        "errors_at_sigma_1": {
            "type": "list",
            "values": [
                {
                    "type": "tuple",
                    "values": [
                        0.0008051712582099997,
                        0.002114757632711587
                    ]
                },
                {
                    "type": "tuple",
                    "values": [
                        0.00774067235961,
                        0.004454625260741245
                    ]
                },
                {
                    "type": "tuple",
                    "values": [
                        0.005511399733780516,
                        0.004436924362807598
                    ]
                },
                {
                    "type": "tuple",
                    "values": [
                        0.0051685730076695136,
                        0.022688988514492178
                    ]
                },
                {
                    "type": "tuple",
                    "values": [
                        0.04945854423148384,
                        0.02971448607961818
                    ]
                },
                {
                    "type": "tuple",
                    "values": [
                        0.008814314825101296,
                        0.03003865306126574
                    ]
                },
                {
                    "type": "tuple",
                    "values": [
                        0.021282051850719998,
                        0.013158686026459997
                    ]
                },
                {
                    "type": "tuple",
                    "values": [
                        0.0248832019304331,
                        0.030035218101417682
                    ]
                },
                {
                    "type": "tuple",
                    "values": [
                        0.026980996122530007,
                        0.18673720786606535
                    ]
                },
                {
                    "type": "tuple",
                    "values": [
                        0.02578063011493001,
                        0.05335951676174469
                    ]
                },
                {
                    "type": "tuple",
                    "values": [
                        0.020814468997280712,
                        0.010487555888209599
                    ]
                },
                {
                    "type": "tuple",
                    "values": [
                        0.6125600161934,
                        0.00445760714415
                    ]
                }
            ]
        },
        "errors_at_sigma_3": {
            "type": "list",
            "values": [
                {
                    "type": "tuple",
                    "values": [
                        0.012821486850149999,
                        0.005217828901500652
                    ]
                },
                {
                    "type": "tuple",
                    "values": [
                        0.008950950536390001,
                        0.008715695676391678
                    ]
                },
                {
                    "type": "tuple",
                    "values": [
                        0.06271924816243052,
                        0.015220889167567482
                    ]
                },
                {
                    "type": "tuple",
                    "values": [
                        0.04471050061304538,
                        0.034783482919367545
                    ]
                },
                {
                    "type": "tuple",
                    "values": [
                        0.06403734703386392,
                        0.1327717748671
                    ]
                },
                {
                    "type": "tuple",
                    "values": [
                        0.0365989274367313,
                        0.04845977759173356
                    ]
                },
                {
                    "type": "tuple",
                    "values": [
                        0.11235804764505,
                        0.08067673968392913
                    ]
                },
                {
                    "type": "tuple",
                    "values": [
                        0.09623194149819596,
                        0.09959662126598251
                    ]
                },
                {
                    "type": "tuple",
                    "values": [
                        0.31009895641203,
                        0.19564244124663
                    ]
                },
                {
                    "type": "tuple",
                    "values": [
                        0.23572044590114,
                        0.08654680618006003
                    ]
                },
                {
                    "type": "tuple",
                    "values": [
                        0.050000470334952744,
                        0.3631088412920093
                    ]
                },
                {
                    "type": "tuple",
                    "values": [
                        0.7190565236302365,
                        0.13298662816474
                    ]
                }
            ]
        },
        "model": null,
        "median_pdf_sample": {
            "type": "instance",
            "class_path": "autofit.non_linear.samples.sample.Sample",
            "arguments": {
                "log_likelihood": -122.4695557594201,
                "log_prior": 0.0,
                "weight": 0.0010716497863847974,
                "kwargs": {
                    "type": "dict",
                    "arguments": {
                        "ellipses.ellipse_4.centre.centre_0": 0.00573589390574,
                        "ellipses.ellipse_4.centre.centre_1": 0.00090729042462,
                        "ellipses.ellipse_0.ell_comps.ell_comps_0": 0.005997815212020516,
                        "ellipses.ellipse_0.ell_comps.ell_comps_1": 0.07672081869386951,
                        "ellipses.ellipse_1.ell_comps.ell_comps_0": -0.04085505232802,
                        "ellipses.ellipse_1.ell_comps.ell_comps_1": 0.0842589416925113,
                        "ellipses.ellipse_2.ell_comps.ell_comps_0": 0.05234170981171,
                        "ellipses.ellipse_2.ell_comps.ell_comps_1": 0.10910204725657749,
                        "ellipses.ellipse_3.ell_comps.ell_comps_0": 0.0685901861582,
                        "ellipses.ellipse_3.ell_comps.ell_comps_1": 0.16603392175953,
                        "ellipses.ellipse_4.ell_comps.ell_comps_0": -0.05219605219364929,
                        "ellipses.ellipse_4.ell_comps.ell_comps_1": 0.34150462268072
                    }
                }
            }
        },
        "log_evidence": -157.22267607332788
    }
}