{
    "type": "instance",
    "class_path": "autofit.non_linear.samples.summary.SamplesSummary",
    "arguments": {
        "values_at_sigma_3": {
            "type": "list",
            "values": [
                {
                    "type": "tuple",
                    "values": [
                        -0.03520930809401491,
                        -0.004328007963493116
                    ]
                },
                {
                    "type": "tuple",
                    "values": [
                        -0.04949182815492489,
                        -0.01904312320294
                    ]
                },
                {
                    "type": "tuple",
                    "values": [
                        -0.01348771915472,
                        0.0011496998531261803
                    ]
                },
                {
                    "type": "tuple",
                    "values": [
                        -0.009112349039805736,
                        0.006734689792103922
                    ]
                },
                {
                    "type": "tuple",
                    "values": [
                        -0.01406454244221,
                        0.00745127976043
                    ]
                },
                {
                    "type": "tuple",
                    "values": [
                        -0.01148696244362,
                        0.007638016756767164
                    ]
                }
            ]
        },
        "values_at_sigma_1": {
            "type": "list",
            "values": [
                {
                    "type": "tuple",
                    "values": [
                        -0.0256108049603146,
                        -0.015604566275995515
                    ]
                },
                {
                    "type": "tuple",
                    "values": [
                        -0.03822914467272139,
                        -0.029513268004693397
                    ]
                },
                {
                    "type": "tuple",
                    "values": [
                        -0.008173034150797372,
                        -0.0034239761698691114
                    ]
                },
                {
                    "type": "tuple",
                    "values": [
                        -0.00470906925585,
                        0.0005850438487914999
                    ]
                },
                {
                    "type": "tuple",
                    "values": [
                        -0.006411946311728355,
                        0.0004393539362615949
                    ]
                },
                {
                    "type": "tuple",
                    "values": [
                        -0.00544340239102,
                        0.0006627627902224004
                    ]
                }
            ]
        },
        "errors_at_sigma_3": {
            "type": "list",
            "values": [
                {
                    "type": "tuple",
                    "values": [
                        0.015223301204442458,
                        0.015657998926079334
                    ]
                },
                {
                    "type": "tuple",
                    "values": [
                        0.015486338592357686,
                        0.0149623663596272
                    ]
                },
                {
                    "type": "tuple",
                    "values": [
                        0.0076973664710620095,
                        0.0069400525367841704
                    ]
                },
                {
                    "type": "tuple",
                    "values": [
                        0.007121223111324022,
                        0.008725815720585636
                    ]
                },
                {
                    "type": "tuple",
                    "values": [
                        0.011180019180213843,
                        0.010335803022426157
                    ]
                },
                {
                    "type": "tuple",
                    "values": [
                        0.009160980508860826,
                        0.009963998691526338
                    ]
                }
            ]
        },
        "model": null,
        "errors_at_sigma_1": {
            "type": "list",
            "values": [
                {
                    "type": "tuple",
                    "values": [
                        0.0056247980707421485,
                        0.004381440613576936
                    ]
                },
                {
                    "type": "tuple",
                    "values": [
                        0.004223655110154191,
                        0.004492221557873804
                    ]
                },
                {
                    "type": "tuple",
                    "values": [
                        0.002382681467139382,
                        0.0023663765137888785
                    ]
                },
                {
                    "type": "tuple",
                    "values": [
                        0.002717943327368286,
                        0.0025761697772732134
                    ]
                },
                {
                    "type": "tuple",
                    "values": [
                        0.0035274230497321975,
                        0.0033238771982577525
                    ]
                },
                {
                    "type": "tuple",
                    "values": [
                        0.0031174204562608256,
                        0.002988744724981575
                    ]
                }
            ]
        },
        "max_log_likelihood_sample": {
            "type": "instance",
            "class_path": "autofit.non_linear.samples.sample.Sample",
            "arguments": {
                "log_likelihood": -7.89903453794264,
                "log_prior": 0.0,
                "weight": 0.0010097657643331343,
                "kwargs": {
                    "type": "dict",
                    "arguments": {
                        "ellipses.0.ell_comps.ell_comps_0": -0.01952054339198,
                        "ellipses.0.ell_comps.ell_comps_1": -0.03705062328919,
                        "multipoles.0.multipole_3.multipole_comps.multipole_comps_0": -0.00563051597309,
                        "multipoles.0.multipole_3.multipole_comps.multipole_comps_1": -0.00152339295181,
                        "multipoles.0.multipole_4.multipole_comps.multipole_comps_0": -0.00488865039514,
                        "multipoles.0.multipole_4.multipole_comps.multipole_comps_1": -0.00260539892093
                    }
                }
            }
        },
        "log_evidence": -30.030295232335686,
        "median_pdf_sample": {
            "type": "instance",
            "class_path": "autofit.non_linear.samples.sample.Sample",
            "arguments": {
                "log_likelihood": -7.89903453794264,
                "log_prior": 0.0,
                "weight": 0.0010097657643331343,
                "kwargs": {
                    "type": "dict",
                    "arguments": {
                        "ellipses.0.ell_comps.ell_comps_0": -0.01998600688957245,
                        "ellipses.0.ell_comps.ell_comps_1": -0.0340054895625672,
                        "multipoles.0.multipole_3.multipole_comps.multipole_comps_0": -0.00579035268365799,
                        "multipoles.0.multipole_3.multipole_comps.multipole_comps_1": -0.0019911259284817137,
                        "multipoles.0.multipole_4.multipole_comps.multipole_comps_0": -0.0028845232619961574,
                        "multipoles.0.multipole_4.multipole_comps.multipole_comps_1": -0.0023259819347591745
                    }
                }
            }
        }
    }
}