{
    "type": "instance",
    "class_path": "autofit.non_linear.samples.summary.SamplesSummary",
    "arguments": {
        "values_at_sigma_3": {
            "type": "list",
            "values": [
                {
                    "type": "tuple",
                    "values": [
                        -0.08534831674607,
                        -0.06623193115065
                    ]
                },
                {
                    "type": "tuple",
                    "values": [
                        0.02515506249148561,
                        0.043985001749250324
                    ]
                },
                {
                    "type": "tuple",
                    "values": [
                        -0.0060385000981772055,
                        -0.0003316968352754195
                    ]
                },
                {
                    "type": "tuple",
                    "values": [
                        -0.0023960047601639498,
                        0.002623291692721742
                    ]
                },
                {
                    "type": "tuple",
                    "values": [
                        -0.003750899317814366,
                        0.0010697575100432992
                    ]
                },
                {
                    "type": "tuple",
                    "values": [
                        -0.0022816282238878743,
                        0.00327983813392
                    ]
                },
                {
                    "type": "tuple",
                    "values": [
                        -0.00187780461405,
                        0.00502425841508
                    ]
                },
                {
                    "type": "tuple",
                    "values": [
                        -0.00287165530099,
                        0.0029309067330832426
                    ]
                }
            ]
        },
        "errors_at_sigma_3": {
            "type": "list",
            "values": [
                {
                    "type": "tuple",
                    "values": [
                        0.009795228471730005,
                        0.00932115712369
                    ]
                },
                {
                    "type": "tuple",
                    "values": [
                        0.009727800064435094,
                        0.009102139193329618
                    ]
                },
                {
                    "type": "tuple",
                    "values": [
                        0.0025636441066830746,
                        0.0031431591562187115
                    ]
                },
                {
                    "type": "tuple",
                    "values": [
                        0.0023926924940028452,
                        0.0026266039588828467
                    ]
                },
                {
                    "type": "tuple",
                    "values": [
                        0.0024095173431443657,
                        0.0024111394847132995
                    ]
                },
                {
                    "type": "tuple",
                    "values": [
                        0.0027578017745595765,
                        0.0028036645832482977
                    ]
                },
                {
                    "type": "tuple",
                    "values": [
                        0.0028796030048070667,
                        0.004022460024322933
                    ]
                },
                {
                    "type": "tuple",
                    "values": [
                        0.002963885620077375,
                        0.0028386764139958676
                    ]
                }
            ]
        },
        "errors_at_sigma_1": {
            "type": "list",
            "values": [
                {
                    "type": "tuple",
                    "values": [
                        0.003211584429099995,
                        0.002885415449807874
                    ]
                },
                {
                    "type": "tuple",
                    "values": [
                        0.003229886723990563,
                        0.003083084975579291
                    ]
                },
                {
                    "type": "tuple",
                    "values": [
                        0.0009450938393178233,
                        0.0009761665563934041
                    ]
                },
                {
                    "type": "tuple",
                    "values": [
                        0.0007879182549669103,
                        0.0008078097751611046
                    ]
                },
                {
                    "type": "tuple",
                    "values": [
                        0.0007482480260138833,
                        0.00089033668461
                    ]
                },
                {
                    "type": "tuple",
                    "values": [
                        0.0009120847821317022,
                        0.0009197328782168682
                    ]
                },
                {
                    "type": "tuple",
                    "values": [
                        0.0009980570341370668,
                        0.0009663792045289535
                    ]
                },
                {
                    "type": "tuple",
                    "values": [
                        0.0009834225234596598,
                        0.0011005823519217948
                    ]
                }
            ]
        },
        "max_log_likelihood_sample": {
            "type": "instance",
            "class_path": "autofit.non_linear.samples.sample.Sample",
            "arguments": {
                "log_likelihood": -12.591350078026686,
                "log_prior": 0.0,
                "weight": 0.0010343680103157206,
                "kwargs": {
                    "type": "dict",
                    "arguments": {
                        "ellipses.0.ell_comps.ell_comps_0": -0.07626717114582,
                        "ellipses.0.ell_comps.ell_comps_1": 0.03483243654373,
                        "multipoles.0.multipole_1.multipole_comps.multipole_comps_0": -0.00378236640226,
                        "multipoles.0.multipole_1.multipole_comps.multipole_comps_1": 5.158334251e-05,
                        "multipoles.0.multipole_3.multipole_comps.multipole_comps_0": -0.00133698096124,
                        "multipoles.0.multipole_3.multipole_comps.multipole_comps_1": 0.00041523506636,
                        "multipoles.0.multipole_4.multipole_comps.multipole_comps_0": 0.0009406337611,
                        "multipoles.0.multipole_4.multipole_comps.multipole_comps_1": -0.0003759387717
                    }
                }
            }
        },
        "median_pdf_sample": {
            "type": "instance",
            "class_path": "autofit.non_linear.samples.sample.Sample",
            "arguments": {
                "log_likelihood": -12.591350078026686,
                "log_prior": 0.0,
                "weight": 0.0010343680103157206,
                "kwargs": {
                    "type": "dict",
                    "arguments": {
                        "ellipses.0.ell_comps.ell_comps_0": -0.07555308827434,
                        "ellipses.0.ell_comps.ell_comps_1": 0.034882862555920706,
                        "multipoles.0.multipole_1.multipole_comps.multipole_comps_0": -0.003474855991494131,
                        "multipoles.0.multipole_1.multipole_comps.multipole_comps_1": -3.3122661611046823e-06,
                        "multipoles.0.multipole_3.multipole_comps.multipole_comps_0": -0.00134138197467,
                        "multipoles.0.multipole_3.multipole_comps.multipole_comps_1": 0.00047617355067170223,
                        "multipoles.0.multipole_4.multipole_comps.multipole_comps_0": 0.0010017983907570668,
                        "multipoles.0.multipole_4.multipole_comps.multipole_comps_1": 9.223031908737481e-05
                    }
                }
            }
        },
        "log_evidence": -50.5336196417797,
        "model": null,
        "values_at_sigma_1": {
            "type": "list",
            "values": [
                {
                    "type": "tuple",
                    "values": [
                        -0.07876467270344,
                        -0.07266767282453213
                    ]
                },
                {
                    "type": "tuple",
                    "values": [
                        0.03165297583193014,
                        0.0379659475315
                    ]
                },
                {
                    "type": "tuple",
                    "values": [
                        -0.004419949830811954,
                        -0.002498689435100727
                    ]
                },
                {
                    "type": "tuple",
                    "values": [
                        -0.000791230521128015,
                        0.000804497509
                    ]
                },
                {
                    "type": "tuple",
                    "values": [
                        -0.0020896300006838834,
                        -0.00045104529006
                    ]
                },
                {
                    "type": "tuple",
                    "values": [
                        -0.00043591123146,
                        0.0013959064288885704
                    ]
                },
                {
                    "type": "tuple",
                    "values": [
                        3.74135662e-06,
                        0.0019681775952860203
                    ]
                },
                {
                    "type": "tuple",
                    "values": [
                        -0.000891192204372285,
                        0.0011928126710091696
                    ]
                }
            ]
        }
    }
}