{
    "type": "instance",
    "class_path": "autofit.non_linear.samples.summary.SamplesSummary",
    "arguments": {
        "values_at_sigma_3": {
            "type": "list",
            "values": [
                {
                    "type": "tuple",
                    "values": [
                        -0.05048169973800929,
                        0.00810685082667
                    ]
                },
                {
                    "type": "tuple",
                    "values": [
                        -0.07575616919497,
                        -0.021522887213844172
                    ]
                },
                {
                    "type": "tuple",
                    "values": [
                        -0.04005831449609,
                        0.04530878256709
                    ]
                },
                {
                    "type": "tuple",
                    "values": [
                        -0.047391764302854224,
                        0.04947554111349969
                    ]
                },
                {
                    "type": "tuple",
                    "values": [
                        -0.06596487733366,
                        0.03843478913447716
                    ]
                },
                {
                    "type": "tuple",
                    "values": [
                        -0.062474059449473984,
                        0.06427382009271701
                    ]
                }
            ]
        },
        "values_at_sigma_1": {
            "type": "list",
            "values": [
                {
                    "type": "tuple",
                    "values": [
                        -0.0194798226512482,
                        -0.006584256943020534
                    ]
                },
                {
                    "type": "tuple",
                    "values": [
                        -0.04422329992479,
                        -0.032647138774243786
                    ]
                },
                {
                    "type": "tuple",
                    "values": [
                        -0.009564570446605343,
                        0.020781338302468186
                    ]
                },
                {
                    "type": "tuple",
                    "values": [
                        0.006064454995529986,
                        0.03257241839394
                    ]
                },
                {
                    "type": "tuple",
                    "values": [
                        -0.026395289388074745,
                        0.009928846599784937
                    ]
                },
                {
                    "type": "tuple",
                    "values": [
                        -0.032315868530839384,
                        0.00394018869701
                    ]
                }
            ]
        },
        "errors_at_sigma_3": {
            "type": "list",
            "values": [
                {
                    "type": "tuple",
                    "values": [
                        0.036960057079569286,
                        0.02162849348511
                    ]
                },
                {
                    "type": "tuple",
                    "values": [
                        0.03788500910693624,
                        0.016348272874189582
                    ]
                },
                {
                    "type": "tuple",
                    "values": [
                        0.04566258033011568,
                        0.03970451673306432
                    ]
                },
                {
                    "type": "tuple",
                    "values": [
                        0.06780574055359423,
                        0.029061564862759688
                    ]
                },
                {
                    "type": "tuple",
                    "values": [
                        0.05906663560236822,
                        0.04533303086576894
                    ]
                },
                {
                    "type": "tuple",
                    "values": [
                        0.04663820775074398,
                        0.08010967179144701
                    ]
                }
            ]
        },
        "model": null,
        "errors_at_sigma_1": {
            "type": "list",
            "values": [
                {
                    "type": "tuple",
                    "values": [
                        0.005958179992808198,
                        0.006937385715419467
                    ]
                },
                {
                    "type": "tuple",
                    "values": [
                        0.006352139836756247,
                        0.0052240213137899685
                    ]
                },
                {
                    "type": "tuple",
                    "values": [
                        0.01516883628063102,
                        0.015177072468442509
                    ]
                },
                {
                    "type": "tuple",
                    "values": [
                        0.014349521255210013,
                        0.012158442143199999
                    ]
                },
                {
                    "type": "tuple",
                    "values": [
                        0.01949704765678297,
                        0.01682708833107671
                    ]
                },
                {
                    "type": "tuple",
                    "values": [
                        0.016480016832109385,
                        0.019776040395739998
                    ]
                }
            ]
        },
        "max_log_likelihood_sample": {
            "type": "instance",
            "class_path": "autofit.non_linear.samples.sample.Sample",
            "arguments": {
                "log_likelihood": -30.069651440506217,
                "log_prior": 0.0,
                "weight": 0.000961082528976981,
                "kwargs": {
                    "type": "dict",
                    "arguments": {
                        "ellipses.0.ell_comps.ell_comps_0": -0.01474736897887,
                        "ellipses.0.ell_comps.ell_comps_1": -0.03707492459102,
                        "multipoles.0.multipole_3.multipole_comps.multipole_comps_0": 0.00084998578208,
                        "multipoles.0.multipole_3.multipole_comps.multipole_comps_1": 0.03178265186328,
                        "multipoles.0.multipole_4.multipole_comps.multipole_comps_0": 0.00190737946245,
                        "multipoles.0.multipole_4.multipole_comps.multipole_comps_1": -0.01864552849405
                    }
                }
            }
        },
        "log_evidence": -47.30132295032478,
        "median_pdf_sample": {
            "type": "instance",
            "class_path": "autofit.non_linear.samples.sample.Sample",
            "arguments": {
                "log_likelihood": -30.069651440506217,
                "log_prior": 0.0,
                "weight": 0.000961082528976981,
                "kwargs": {
                    "type": "dict",
                    "arguments": {
                        "ellipses.0.ell_comps.ell_comps_0": -0.01352164265844,
                        "ellipses.0.ell_comps.ell_comps_1": -0.037871160088033755,
                        "multipoles.0.multipole_3.multipole_comps.multipole_comps_0": 0.005604265834025677,
                        "multipoles.0.multipole_3.multipole_comps.multipole_comps_1": 0.02041397625074,
                        "multipoles.0.multipole_4.multipole_comps.multipole_comps_0": -0.006898241731291776,
                        "multipoles.0.multipole_4.multipole_comps.multipole_comps_1": -0.01583585169873
                    }
                }
            }
        }
    }
}