{
    "type": "instance",
    "class_path": "autofit.non_linear.samples.summary.SamplesSummary",
    "arguments": {
        "values_at_sigma_3": {
            "type": "list",
            "values": [
                {
                    "type": "tuple",
                    "values": [
                        -0.27761655569266,
                        -0.2702823715364022
                    ]
                },
                {
                    "type": "tuple",
                    "values": [
                        0.025029660103748984,
                        0.03420058708488451
                    ]
                }
            ]
        },
        "log_evidence": -188.98549101039535,
        "errors_at_sigma_3": {
            "type": "list",
            "values": [
                {
                    "type": "tuple",
                    "values": [
                        0.0034966807401070055,
                        0.0038375034161508004
                    ]
                },
                {
                    "type": "tuple",
                    "values": [
                        0.004469360497434297,
                        0.004701566483701226
                    ]
                }
            ]
        },
        "values_at_sigma_1": {
            "type": "list",
            "values": [
                {
                    "type": "tuple",
                    "values": [
                        -0.27533612061583,
                        -0.2727976006146841
                    ]
                },
                {
                    "type": "tuple",
                    "values": [
                        0.02839782219498,
                        0.03098329214035
                    ]
                }
            ]
        },
        "errors_at_sigma_1": {
            "type": "list",
            "values": [
                {
                    "type": "tuple",
                    "values": [
                        0.0012162456632769936,
                        0.0013222743378689117
                    ]
                },
                {
                    "type": "tuple",
                    "values": [
                        0.0011011984062032805,
                        0.0014842715391667205
                    ]
                }
            ]
        },
        "median_pdf_sample": {
            "type": "instance",
            "class_path": "autofit.non_linear.samples.sample.Sample",
            "arguments": {
                "log_likelihood": -177.50429141013117,
                "log_prior": 0.0,
                "weight": 0.0009811173309331317,
                "kwargs": {
                    "type": "dict",
                    "arguments": {
                        "ellipses.0.ell_comps.ell_comps_0": -0.274119874952553,
                        "ellipses.0.ell_comps.ell_comps_1": 0.02949902060118328
                    }
                }
            }
        },
        "model": null,
        "max_log_likelihood_sample": {
            "type": "instance",
            "class_path": "autofit.non_linear.samples.sample.Sample",
            "arguments": {
                "log_likelihood": -177.50429141013117,
                "log_prior": 0.0,
                "weight": 0.0009811173309331317,
                "kwargs": {
                    "type": "dict",
                    "arguments": {
                        "ellipses.0.ell_comps.ell_comps_0": -0.27392479576207,
                        "ellipses.0.ell_comps.ell_comps_1": 0.02947447999128
                    }
                }
            }
        }
    }
}