{
    "type": "collection",
    "arguments": {
        "ellipses": {
            "type": "collection",
            "arguments": {
                "0": {
                    "type": "instance",
                    "class_path": "autogalaxy.ellipse.ellipse.ellipse.Ellipse",
                    "arguments": {
                        "centre": {
                            "type": "tuple",
                            "values": [
                                -0.00215079218986,
                                0.00449769058052
                            ]
                        },
                        "ell_comps": {
                            "type": "tuple",
                            "values": [
                                0.10568206475706,
                                0.16024309262204
                            ]
                        },
                        "major_axis": 0.25
                    }
                },
                "1": {
                    "type": "instance",
                    "class_path": "autogalaxy.ellipse.ellipse.ellipse.Ellipse",
                    "arguments": {
                        "centre": {
                            "type": "tuple",
                            "values": [
                                -0.00215079218986,
                                0.00449769058052
                            ]
                        },
                        "ell_comps": {
                            "type": "tuple",
                            "values": [
                                0.05897623432862,
                                0.12961910652201
                            ]
                        },
                        "major_axis": 0.5
                    }
                },
                "2": {
                    "type": "instance",
                    "class_path": "autogalaxy.ellipse.ellipse.ellipse.Ellipse",
                    "arguments": {
                        "centre": {
                            "type": "tuple",
                            "values": [
                                -0.00215079218986,
                                0.00449769058052
                            ]
                        },
                        "ell_comps": {
                            "type": "tuple",
                            "values": [
                                0.19023905320299,
                                0.02587511415526
                            ]
                        },
                        "major_axis": 0.75
                    }
                },
                "3": {
                    "type": "instance",
                    "class_path": "autogalaxy.ellipse.ellipse.ellipse.Ellipse",
                    "arguments": {
                        "centre": {
                            "type": "tuple",
                            "values": [
                                -0.00215079218986,
                                0.00449769058052
                            ]
                        },
                        "ell_comps": {
                            "type": "tuple",
                            "values": [
                                0.0809774391463,
                                0.19147651805913
                            ]
                        },
                        "major_axis": 1.0
                    }
                }
            }
        },
        "dummy_0": {
            "lower_limit": -0.1,
            "upper_limit": 0.1,
            "type": "Uniform",
            "id": 56
        }
    }
}