{
    "type": "instance",
    "class_path": "autofit.non_linear.samples.summary.SamplesSummary",
    "arguments": {
        "errors_at_sigma_1": {
            "type": "list",
            "values": [
                {
                    "type": "tuple",
                    "values": [
                        0.022384516070256197,
                        0.018502799255163203
                    ]
                },
                {
                    "type": "tuple",
                    "values": [
                        0.021877257853034994,
                        0.01875029225832
                    ]
                },
                {
                    "type": "tuple",
                    "values": [
                        0.005690675525451082,
                        0.005072158307419999
                    ]
                },
                {
                    "type": "tuple",
                    "values": [
                        0.006516446000042767,
                        0.0062419171577872325
                    ]
                },
                {
                    "type": "tuple",
                    "values": [
                        0.005726018954649994,
                        0.004999147721731504
                    ]
                },
                {
                    "type": "tuple",
                    "values": [
                        0.008082331636206629,
                        0.0073164761301699995
                    ]
                }
            ]
        },
        "values_at_sigma_1": {
            "type": "list",
            "values": [
                {
                    "type": "tuple",
                    "values": [
                        -0.014273347249239397,
                        0.02661396807618
                    ]
                },
                {
                    "type": "tuple",
                    "values": [
                        0.026312942963815006,
                        0.06694049307517
                    ]
                },
                {
                    "type": "tuple",
                    "values": [
                        -0.0008936161049810815,
                        0.00986921772789
                    ]
                },
                {
                    "type": "tuple",
                    "values": [
                        -0.00839672097012,
                        0.00436164218771
                    ]
                },
                {
                    "type": "tuple",
                    "values": [
                        0.0013288578965275446,
                        0.012054024572909043
                    ]
                },
                {
                    "type": "tuple",
                    "values": [
                        -0.014494420917196629,
                        0.00090438684918
                    ]
                }
            ]
        },
        "values_at_sigma_3": {
            "type": "list",
            "values": [
                {
                    "type": "tuple",
                    "values": [
                        -0.0457701344355727,
                        0.05771935109058
                    ]
                },
                {
                    "type": "tuple",
                    "values": [
                        -0.01919659065915016,
                        0.1090440417988317
                    ]
                },
                {
                    "type": "tuple",
                    "values": [
                        -0.01461094635696,
                        0.01809652292766
                    ]
                },
                {
                    "type": "tuple",
                    "values": [
                        -0.01991526644882,
                        0.014382769231376503
                    ]
                },
                {
                    "type": "tuple",
                    "values": [
                        -0.014202547516801525,
                        0.023501342507521394
                    ]
                },
                {
                    "type": "tuple",
                    "values": [
                        -0.02879049849616,
                        0.01255074960234
                    ]
                }
            ]
        },
        "model": null,
        "median_pdf_sample": {
            "type": "instance",
            "class_path": "autofit.non_linear.samples.sample.Sample",
            "arguments": {
                "log_likelihood": -2.341858157064757,
                "log_prior": 0.0,
                "weight": 0.001005279805263334,
                "kwargs": {
                    "type": "dict",
                    "arguments": {
                        "ellipses.0.ell_comps.ell_comps_0": 0.0081111688210168,
                        "ellipses.0.ell_comps.ell_comps_1": 0.04819020081685,
                        "multipoles.0.multipole_3.multipole_comps.multipole_comps_0": 0.00479705942047,
                        "multipoles.0.multipole_3.multipole_comps.multipole_comps_1": -0.0018802749700772322,
                        "multipoles.0.multipole_4.multipole_comps.multipole_comps_0": 0.007054876851177539,
                        "multipoles.0.multipole_4.multipole_comps.multipole_comps_1": -0.00641208928099
                    }
                }
            }
        },
        "log_evidence": -19.490071579568955,
        "max_log_likelihood_sample": {
            "type": "instance",
            "class_path": "autofit.non_linear.samples.sample.Sample",
            "arguments": {
                "log_likelihood": -2.341858157064757,
                "log_prior": 0.0,
                "weight": 0.001005279805263334,
                "kwargs": {
                    "type": "dict",
                    "arguments": {
                        "ellipses.0.ell_comps.ell_comps_0": 0.01898450234422,
                        "ellipses.0.ell_comps.ell_comps_1": 0.0520894704686,
                        "multipoles.0.multipole_3.multipole_comps.multipole_comps_0": 0.00570917089464,
                        "multipoles.0.multipole_3.multipole_comps.multipole_comps_1": -0.00069694983103,
                        "multipoles.0.multipole_4.multipole_comps.multipole_comps_0": 0.01030982905964,
                        "multipoles.0.multipole_4.multipole_comps.multipole_comps_1": -0.00447212438165
                    }
                }
            }
        },
        "errors_at_sigma_3": {
            "type": "list",
            "values": [
                {
                    "type": "tuple",
                    "values": [
                        0.0538813032565895,
                        0.0496081822695632
                    ]
                },
                {
                    "type": "tuple",
                    "values": [
                        0.06738679147600016,
                        0.060853840981981704
                    ]
                },
                {
                    "type": "tuple",
                    "values": [
                        0.01940800577743,
                        0.013299463507190001
                    ]
                },
                {
                    "type": "tuple",
                    "values": [
                        0.018034991478742768,
                        0.016263044201453736
                    ]
                },
                {
                    "type": "tuple",
                    "values": [
                        0.021257424367979064,
                        0.016446465656343855
                    ]
                },
                {
                    "type": "tuple",
                    "values": [
                        0.022378409215170002,
                        0.018962838883330002
                    ]
                }
            ]
        }
    }
}