{
    "type": "instance",
    "class_path": "autofit.non_linear.samples.summary.SamplesSummary",
    "arguments": {
        "max_log_likelihood_sample": {
            "type": "instance",
            "class_path": "autofit.non_linear.samples.sample.Sample",
            "arguments": {
                "log_likelihood": -27.490147571063183,
                "log_prior": 0.0,
                "weight": 0.0008202701353848002,
                "kwargs": {
                    "type": "dict",
                    "arguments": {
                        "ellipses.0.ell_comps.ell_comps_0": 0.0169675392167,
                        "ellipses.0.ell_comps.ell_comps_1": 0.05368485421307,
                        "multipoles.0.multipole_1.multipole_comps.multipole_comps_0": 0.01946585002926,
                        "multipoles.0.multipole_1.multipole_comps.multipole_comps_1": 0.01377438039404,
                        "multipoles.0.multipole_3.multipole_comps.multipole_comps_0": 0.00288430888991,
                        "multipoles.0.multipole_3.multipole_comps.multipole_comps_1": 0.04890209809574,
                        "multipoles.0.multipole_4.multipole_comps.multipole_comps_0": 0.01389725654371,
                        "multipoles.0.multipole_4.multipole_comps.multipole_comps_1": -0.01818140615481
                    }
                }
            }
        },
        "model": null,
        "values_at_sigma_3": {
            "type": "list",
            "values": [
                {
                    "type": "tuple",
                    "values": [
                        0.0038281211088683513,
                        0.03497419044114
                    ]
                },
                {
                    "type": "tuple",
                    "values": [
                        0.03409923520896975,
                        0.07024176592895
                    ]
                },
                {
                    "type": "tuple",
                    "values": [
                        -0.0706216569848,
                        0.07335406284977
                    ]
                },
                {
                    "type": "tuple",
                    "values": [
                        -0.05839547578855,
                        0.07803970959848346
                    ]
                },
                {
                    "type": "tuple",
                    "values": [
                        -0.0734604866905747,
                        0.053992586217408024
                    ]
                },
                {
                    "type": "tuple",
                    "values": [
                        -0.056566420520881566,
                        0.08424420599968
                    ]
                },
                {
                    "type": "tuple",
                    "values": [
                        -0.047165945911654586,
                        0.07002693335997051
                    ]
                },
                {
                    "type": "tuple",
                    "values": [
                        -0.09424892437424,
                        0.0611530382122
                    ]
                }
            ]
        },
        "median_pdf_sample": {
            "type": "instance",
            "class_path": "autofit.non_linear.samples.sample.Sample",
            "arguments": {
                "log_likelihood": -27.490147571063183,
                "log_prior": 0.0,
                "weight": 0.0008202701353848002,
                "kwargs": {
                    "type": "dict",
                    "arguments": {
                        "ellipses.0.ell_comps.ell_comps_0": 0.01749380772017,
                        "ellipses.0.ell_comps.ell_comps_1": 0.05312328713497158,
                        "multipoles.0.multipole_1.multipole_comps.multipole_comps_0": 0.010154762692549817,
                        "multipoles.0.multipole_1.multipole_comps.multipole_comps_1": 0.021056676355559616,
                        "multipoles.0.multipole_3.multipole_comps.multipole_comps_0": 0.006576182796105767,
                        "multipoles.0.multipole_3.multipole_comps.multipole_comps_1": 0.016831769443774184,
                        "multipoles.0.multipole_4.multipole_comps.multipole_comps_0": 0.015128607847973553,
                        "multipoles.0.multipole_4.multipole_comps.multipole_comps_1": -0.00087613730454
                    }
                }
            }
        },
        "values_at_sigma_1": {
            "type": "list",
            "values": [
                {
                    "type": "tuple",
                    "values": [
                        0.01256159967186,
                        0.021724957385410977
                    ]
                },
                {
                    "type": "tuple",
                    "values": [
                        0.04796886990213,
                        0.057890397311195836
                    ]
                },
                {
                    "type": "tuple",
                    "values": [
                        -0.012818873963,
                        0.02770757639533
                    ]
                },
                {
                    "type": "tuple",
                    "values": [
                        0.001128965573846623,
                        0.04178301977595501
                    ]
                },
                {
                    "type": "tuple",
                    "values": [
                        -0.017723262073035203,
                        0.03204786193283
                    ]
                },
                {
                    "type": "tuple",
                    "values": [
                        -0.00976880756327743,
                        0.04466144932125156
                    ]
                },
                {
                    "type": "tuple",
                    "values": [
                        -0.0022296358825251027,
                        0.03301120505591
                    ]
                },
                {
                    "type": "tuple",
                    "values": [
                        -0.026991441495000736,
                        0.02644407567418
                    ]
                }
            ]
        },
        "errors_at_sigma_1": {
            "type": "list",
            "values": [
                {
                    "type": "tuple",
                    "values": [
                        0.0049322080483100005,
                        0.004231149665240977
                    ]
                },
                {
                    "type": "tuple",
                    "values": [
                        0.005154417232841581,
                        0.004767110176224255
                    ]
                },
                {
                    "type": "tuple",
                    "values": [
                        0.022973636655549818,
                        0.01755281370278018
                    ]
                },
                {
                    "type": "tuple",
                    "values": [
                        0.019927710781712994,
                        0.020726343420395397
                    ]
                },
                {
                    "type": "tuple",
                    "values": [
                        0.02429944486914097,
                        0.02547167913672423
                    ]
                },
                {
                    "type": "tuple",
                    "values": [
                        0.026600577007051616,
                        0.027829679877477375
                    ]
                },
                {
                    "type": "tuple",
                    "values": [
                        0.017358243730498657,
                        0.017882597207936446
                    ]
                },
                {
                    "type": "tuple",
                    "values": [
                        0.026115304190460736,
                        0.02732021297872
                    ]
                }
            ]
        },
        "errors_at_sigma_3": {
            "type": "list",
            "values": [
                {
                    "type": "tuple",
                    "values": [
                        0.013665686611301648,
                        0.01748038272097
                    ]
                },
                {
                    "type": "tuple",
                    "values": [
                        0.01902405192600183,
                        0.017118478793978417
                    ]
                },
                {
                    "type": "tuple",
                    "values": [
                        0.08077641967734982,
                        0.06319930015722018
                    ]
                },
                {
                    "type": "tuple",
                    "values": [
                        0.07945215214410961,
                        0.056983033242923836
                    ]
                },
                {
                    "type": "tuple",
                    "values": [
                        0.08003666948668046,
                        0.04741640342130226
                    ]
                },
                {
                    "type": "tuple",
                    "values": [
                        0.07339818996465575,
                        0.06741243655590581
                    ]
                },
                {
                    "type": "tuple",
                    "values": [
                        0.06229455375962814,
                        0.05489832551199696
                    ]
                },
                {
                    "type": "tuple",
                    "values": [
                        0.0933727870697,
                        0.062029175516740004
                    ]
                }
            ]
        },
        "log_evidence": -48.03183560043955
    }
}