{
    "type": "instance",
    "class_path": "autofit.non_linear.samples.summary.SamplesSummary",
    "arguments": {
        "median_pdf_sample": {
            "type": "instance",
            "class_path": "autofit.non_linear.samples.sample.Sample",
            "arguments": {
                "log_likelihood": -51.710314132181225,
                "log_prior": 0.0,
                "weight": 0.0009826347000711359,
                "kwargs": {
                    "type": "dict",
                    "arguments": {
                        "ellipses.0.ell_comps.ell_comps_0": -0.1782482837509,
                        "ellipses.0.ell_comps.ell_comps_1": -0.11803934576736239
                    }
                }
            }
        },
        "model": null,
        "errors_at_sigma_3": {
            "type": "list",
            "values": [
                {
                    "type": "tuple",
                    "values": [
                        0.02637839445340015,
                        0.014772476818769975
                    ]
                },
                {
                    "type": "tuple",
                    "values": [
                        0.009101927292485906,
                        0.03888204496220039
                    ]
                }
            ]
        },
        "values_at_sigma_1": {
            "type": "list",
            "values": [
                {
                    "type": "tuple",
                    "values": [
                        -0.17959436086446434,
                        -0.17479246104505908
                    ]
                },
                {
                    "type": "tuple",
                    "values": [
                        -0.1200614448517,
                        -0.11334910403157188
                    ]
                }
            ]
        },
        "log_evidence": -62.76798084646179,
        "max_log_likelihood_sample": {
            "type": "instance",
            "class_path": "autofit.non_linear.samples.sample.Sample",
            "arguments": {
                "log_likelihood": -51.710314132181225,
                "log_prior": 0.0,
                "weight": 0.0009826347000711359,
                "kwargs": {
                    "type": "dict",
                    "arguments": {
                        "ellipses.0.ell_comps.ell_comps_0": -0.17851397368126,
                        "ellipses.0.ell_comps.ell_comps_1": -0.11836069854232
                    }
                }
            }
        },
        "errors_at_sigma_1": {
            "type": "list",
            "values": [
                {
                    "type": "tuple",
                    "values": [
                        0.0013460771135643534,
                        0.0034558227058409108
                    ]
                },
                {
                    "type": "tuple",
                    "values": [
                        0.0020220990843376196,
                        0.00469024173579051
                    ]
                }
            ]
        },
        "values_at_sigma_3": {
            "type": "list",
            "values": [
                {
                    "type": "tuple",
                    "values": [
                        -0.20462667820430014,
                        -0.16347580693213
                    ]
                },
                {
                    "type": "tuple",
                    "values": [
                        -0.1271412730598483,
                        -0.07915730080516199
                    ]
                }
            ]
        }
    }
}