{
    "type": "instance",
    "class_path": "autofit.non_linear.samples.summary.SamplesSummary",
    "arguments": {
        "model": null,
        "median_pdf_sample": {
            "type": "instance",
            "class_path": "autofit.non_linear.samples.sample.Sample",
            "arguments": {
                "log_likelihood": -64.5622802421085,
                "log_prior": 0.0,
                "weight": 0.000984290875518965,
                "kwargs": {
                    "type": "dict",
                    "arguments": {
                        "ellipses.0.ell_comps.ell_comps_0": -0.018174240699902717,
                        "ellipses.0.ell_comps.ell_comps_1": 0.0717618483341
                    }
                }
            }
        },
        "values_at_sigma_3": {
            "type": "list",
            "values": [
                {
                    "type": "tuple",
                    "values": [
                        -0.04660035104831443,
                        0.008765875924864148
                    ]
                },
                {
                    "type": "tuple",
                    "values": [
                        0.057220379559998966,
                        0.09343196474175512
                    ]
                }
            ]
        },
        "values_at_sigma_1": {
            "type": "list",
            "values": [
                {
                    "type": "tuple",
                    "values": [
                        -0.021156853062789385,
                        -0.012119261599707819
                    ]
                },
                {
                    "type": "tuple",
                    "values": [
                        0.0698748500383,
                        0.07379396584655662
                    ]
                }
            ]
        },
        "errors_at_sigma_1": {
            "type": "list",
            "values": [
                {
                    "type": "tuple",
                    "values": [
                        0.0029826123628866677,
                        0.006054979100194898
                    ]
                },
                {
                    "type": "tuple",
                    "values": [
                        0.0018869982957999965,
                        0.0020321175124566188
                    ]
                }
            ]
        },
        "log_evidence": -75.5478198211825,
        "max_log_likelihood_sample": {
            "type": "instance",
            "class_path": "autofit.non_linear.samples.sample.Sample",
            "arguments": {
                "log_likelihood": -64.5622802421085,
                "log_prior": 0.0,
                "weight": 0.000984290875518965,
                "kwargs": {
                    "type": "dict",
                    "arguments": {
                        "ellipses.0.ell_comps.ell_comps_0": -0.0199132317573,
                        "ellipses.0.ell_comps.ell_comps_1": 0.07143639619773
                    }
                }
            }
        },
        "errors_at_sigma_3": {
            "type": "list",
            "values": [
                {
                    "type": "tuple",
                    "values": [
                        0.02842611034841171,
                        0.026940116624766863
                    ]
                },
                {
                    "type": "tuple",
                    "values": [
                        0.014541468774101035,
                        0.02167011640765512
                    ]
                }
            ]
        }
    }
}