{
    "type": "instance",
    "class_path": "autofit.non_linear.samples.summary.SamplesSummary",
    "arguments": {
        "errors_at_sigma_3": {
            "type": "list",
            "values": [
                {
                    "type": "tuple",
                    "values": [
                        0.05401167301381245,
                        0.026904765938686175
                    ]
                },
                {
                    "type": "tuple",
                    "values": [
                        0.036395227652840006,
                        0.033413140338130004
                    ]
                },
                {
                    "type": "tuple",
                    "values": [
                        0.17858625654362242,
                        0.010610613220494683
                    ]
                },
                {
                    "type": "tuple",
                    "values": [
                        0.10598761764111064,
                        0.08348948733903
                    ]
                },
                {
                    "type": "tuple",
                    "values": [
                        0.07576623619618096,
                        0.10610853796937493
                    ]
                },
                {
                    "type": "tuple",
                    "values": [
                        0.13676040806128,
                        0.06094247178861289
                    ]
                }
            ]
        },
        "errors_at_sigma_1": {
            "type": "list",
            "values": [
                {
                    "type": "tuple",
                    "values": [
                        0.0040224633450341996,
                        0.0039297021340860844
                    ]
                },
                {
                    "type": "tuple",
                    "values": [
                        0.0037301865928799915,
                        0.0019359132728200001
                    ]
                },
                {
                    "type": "tuple",
                    "values": [
                        0.03022034954538242,
                        0.007582461897627582
                    ]
                },
                {
                    "type": "tuple",
                    "values": [
                        0.015690642131515675,
                        0.034862197172174016
                    ]
                },
                {
                    "type": "tuple",
                    "values": [
                        0.02130487370106096,
                        0.014844455704498579
                    ]
                },
                {
                    "type": "tuple",
                    "values": [
                        0.02143428930379575,
                        0.018648977809699423
                    ]
                }
            ]
        },
        "values_at_sigma_3": {
            "type": "list",
            "values": [
                {
                    "type": "tuple",
                    "values": [
                        -0.03887174421064853,
                        0.04204469474185009
                    ]
                },
                {
                    "type": "tuple",
                    "values": [
                        -0.17863351481218,
                        -0.10882514682121
                    ]
                },
                {
                    "type": "tuple",
                    "values": [
                        -0.08939603458943,
                        0.0998008351746871
                    ]
                },
                {
                    "type": "tuple",
                    "values": [
                        -0.09184811741451064,
                        0.09762898756563
                    ]
                },
                {
                    "type": "tuple",
                    "values": [
                        -0.08641177684034,
                        0.09546299732521589
                    ]
                },
                {
                    "type": "tuple",
                    "values": [
                        -0.09878007371769,
                        0.09892280613220289
                    ]
                }
            ]
        },
        "values_at_sigma_1": {
            "type": "list",
            "values": [
                {
                    "type": "tuple",
                    "values": [
                        0.011117465458129716,
                        0.01906963093725
                    ]
                },
                {
                    "type": "tuple",
                    "values": [
                        -0.14596847375222,
                        -0.14030237388652
                    ]
                },
                {
                    "type": "tuple",
                    "values": [
                        0.05896987240881,
                        0.09677268385182
                    ]
                },
                {
                    "type": "tuple",
                    "values": [
                        -0.0015511419049156752,
                        0.04900169739877402
                    ]
                },
                {
                    "type": "tuple",
                    "values": [
                        -0.03195041434522,
                        0.004198915060339536
                    ]
                },
                {
                    "type": "tuple",
                    "values": [
                        0.01654604503979425,
                        0.056629312153289424
                    ]
                }
            ]
        },
        "log_evidence": -64.14045259650122,
        "median_pdf_sample": {
            "type": "instance",
            "class_path": "autofit.non_linear.samples.sample.Sample",
            "arguments": {
                "log_likelihood": -45.50555517010562,
                "log_prior": 0.0,
                "weight": 0.0010493701451756022,
                "kwargs": {
                    "type": "dict",
                    "arguments": {
                        "ellipses.0.ell_comps.ell_comps_0": 0.015139928803163916,
                        "ellipses.0.ell_comps.ell_comps_1": -0.14223828715934,
                        "multipoles.0.multipole_3.multipole_comps.multipole_comps_0": 0.08919022195419242,
                        "multipoles.0.multipole_3.multipole_comps.multipole_comps_1": 0.0141395002266,
                        "multipoles.0.multipole_4.multipole_comps.multipole_comps_0": -0.010645540644159042,
                        "multipoles.0.multipole_4.multipole_comps.multipole_comps_1": 0.03798033434359
                    }
                }
            }
        },
        "max_log_likelihood_sample": {
            "type": "instance",
            "class_path": "autofit.non_linear.samples.sample.Sample",
            "arguments": {
                "log_likelihood": -45.50555517010562,
                "log_prior": 0.0,
                "weight": 0.0010493701451756022,
                "kwargs": {
                    "type": "dict",
                    "arguments": {
                        "ellipses.0.ell_comps.ell_comps_0": 0.01549863713879,
                        "ellipses.0.ell_comps.ell_comps_1": -0.14065141258595,
                        "multipoles.0.multipole_3.multipole_comps.multipole_comps_0": 0.09553606967458,
                        "multipoles.0.multipole_3.multipole_comps.multipole_comps_1": 0.0198859674299,
                        "multipoles.0.multipole_4.multipole_comps.multipole_comps_0": -0.01354965998574,
                        "multipoles.0.multipole_4.multipole_comps.multipole_comps_1": 0.04933369088255
                    }
                }
            }
        },
        "model": null
    }
}