{
    "type": "instance",
    "class_path": "autofit.non_linear.samples.summary.SamplesSummary",
    "arguments": {
        "errors_at_sigma_1": {
            "type": "list",
            "values": [
                {
                    "type": "tuple",
                    "values": [
                        0.003037343749826893,
                        0.0023386058960515183
                    ]
                },
                {
                    "type": "tuple",
                    "values": [
                        0.001959503803327295,
                        0.0024896571458054295
                    ]
                }
            ]
        },
        "log_evidence": -32.039813561161225,
        "max_log_likelihood_sample": {
            "type": "instance",
            "class_path": "autofit.non_linear.samples.sample.Sample",
            "arguments": {
                "log_likelihood": -21.98172658155793,
                "log_prior": 0.0,
                "weight": 0.0009826870033851768,
                "kwargs": {
                    "type": "dict",
                    "arguments": {
                        "ellipses.0.ell_comps.ell_comps_0": -0.10849781614843,
                        "ellipses.0.ell_comps.ell_comps_1": 0.10456962624173
                    }
                }
            }
        },
        "values_at_sigma_1": {
            "type": "list",
            "values": [
                {
                    "type": "tuple",
                    "values": [
                        -0.11144757831063841,
                        -0.10607162866476
                    ]
                },
                {
                    "type": "tuple",
                    "values": [
                        0.10236960977813,
                        0.10681877072726273
                    ]
                }
            ]
        },
        "errors_at_sigma_3": {
            "type": "list",
            "values": [
                {
                    "type": "tuple",
                    "values": [
                        0.009675157119131833,
                        0.008394745177701515
                    ]
                },
                {
                    "type": "tuple",
                    "values": [
                        0.007467481289189212,
                        0.008069563539032695
                    ]
                }
            ]
        },
        "model": null,
        "values_at_sigma_3": {
            "type": "list",
            "values": [
                {
                    "type": "tuple",
                    "values": [
                        -0.11808539167994335,
                        -0.10001548938311
                    ]
                },
                {
                    "type": "tuple",
                    "values": [
                        0.09686163229226809,
                        0.11239867712049
                    ]
                }
            ]
        },
        "median_pdf_sample": {
            "type": "instance",
            "class_path": "autofit.non_linear.samples.sample.Sample",
            "arguments": {
                "log_likelihood": -21.98172658155793,
                "log_prior": 0.0,
                "weight": 0.0009826870033851768,
                "kwargs": {
                    "type": "dict",
                    "arguments": {
                        "ellipses.0.ell_comps.ell_comps_0": -0.10841023456081152,
                        "ellipses.0.ell_comps.ell_comps_1": 0.1043291135814573
                    }
                }
            }
        }
    }
}