{
    "type": "instance",
    "class_path": "autoarray.structures.grids.irregular_2d.Grid2DIrregular",
    "arguments": {
        "values": {
            "type": "ndarray",
            "array": [
                [
                    0.7000000000000001,
                    -0.6000000000000001
                ],
                [
                    -0.30000000000000004,
                    1.3
                ],
                [
                    -1.6,
                    -0.15000000000000002
                ]
            ],
            "dtype": "float64"
        }
    }
}