{
    "type": "instance",
    "class_path": "autofit.non_linear.samples.summary.SamplesSummary",
    "arguments": {
        "values_at_sigma_1": {
            "type": "list",
            "values": [
                {
                    "type": "tuple",
                    "values": [
                        -0.06757485914580155,
                        -0.05464444100935533
                    ]
                },
                {
                    "type": "tuple",
                    "values": [
                        -0.046262769710120735,
                        -0.03401943342713331
                    ]
                },
                {
                    "type": "tuple",
                    "values": [
                        -0.00061194842397,
                        0.00904206466509
                    ]
                },
                {
                    "type": "tuple",
                    "values": [
                        -0.00938809265379,
                        -0.00041432801162124855
                    ]
                },
                {
                    "type": "tuple",
                    "values": [
                        -0.003199766861358769,
                        0.009588428863408056
                    ]
                },
                {
                    "type": "tuple",
                    "values": [
                        -0.013688005139296652,
                        0.0007110152735349366
                    ]
                }
            ]
        },
        "median_pdf_sample": {
            "type": "instance",
            "class_path": "autofit.non_linear.samples.sample.Sample",
            "arguments": {
                "log_likelihood": -15.309602694962692,
                "log_prior": 0.0,
                "weight": 0.0010042978501100365,
                "kwargs": {
                    "type": "dict",
                    "arguments": {
                        "ellipses.0.ell_comps.ell_comps_0": -0.06113840782932,
                        "ellipses.0.ell_comps.ell_comps_1": -0.03972361400795,
                        "multipoles.0.multipole_3.multipole_comps.multipole_comps_0": 0.00402499079133,
                        "multipoles.0.multipole_3.multipole_comps.multipole_comps_1": -0.004760776622247598,
                        "multipoles.0.multipole_4.multipole_comps.multipole_comps_0": 0.0034107254920340666,
                        "multipoles.0.multipole_4.multipole_comps.multipole_comps_1": -0.005776792688580925
                    }
                }
            }
        },
        "errors_at_sigma_1": {
            "type": "list",
            "values": [
                {
                    "type": "tuple",
                    "values": [
                        0.006436451316481552,
                        0.006493966819964669
                    ]
                },
                {
                    "type": "tuple",
                    "values": [
                        0.006539155702170736,
                        0.0057041805808166895
                    ]
                },
                {
                    "type": "tuple",
                    "values": [
                        0.0046369392153,
                        0.00501707387376
                    ]
                },
                {
                    "type": "tuple",
                    "values": [
                        0.004627316031542403,
                        0.004346448610626349
                    ]
                },
                {
                    "type": "tuple",
                    "values": [
                        0.006610492353392836,
                        0.00617770337137399
                    ]
                },
                {
                    "type": "tuple",
                    "values": [
                        0.007911212450715726,
                        0.006487807962115862
                    ]
                }
            ]
        },
        "errors_at_sigma_3": {
            "type": "list",
            "values": [
                {
                    "type": "tuple",
                    "values": [
                        0.019955497329085504,
                        0.01846379284973
                    ]
                },
                {
                    "type": "tuple",
                    "values": [
                        0.01888941868376494,
                        0.01813439269100403
                    ]
                },
                {
                    "type": "tuple",
                    "values": [
                        0.014645022250441127,
                        0.012470811986019441
                    ]
                },
                {
                    "type": "tuple",
                    "values": [
                        0.0145002070693524,
                        0.014339769474338158
                    ]
                },
                {
                    "type": "tuple",
                    "values": [
                        0.021176236089884067,
                        0.019709027236325324
                    ]
                },
                {
                    "type": "tuple",
                    "values": [
                        0.021109729321750252,
                        0.020481739349517407
                    ]
                }
            ]
        },
        "model": null,
        "log_evidence": -34.93528935239015,
        "values_at_sigma_3": {
            "type": "list",
            "values": [
                {
                    "type": "tuple",
                    "values": [
                        -0.0810939051584055,
                        -0.04267461497959
                    ]
                },
                {
                    "type": "tuple",
                    "values": [
                        -0.05861303269171494,
                        -0.021589221316945968
                    ]
                },
                {
                    "type": "tuple",
                    "values": [
                        -0.010620031459111128,
                        0.016495802777349442
                    ]
                },
                {
                    "type": "tuple",
                    "values": [
                        -0.0192609836916,
                        0.00957899285209056
                    ]
                },
                {
                    "type": "tuple",
                    "values": [
                        -0.01776551059785,
                        0.02311975272835939
                    ]
                },
                {
                    "type": "tuple",
                    "values": [
                        -0.026886522010331176,
                        0.014704946660936483
                    ]
                }
            ]
        },
        "max_log_likelihood_sample": {
            "type": "instance",
            "class_path": "autofit.non_linear.samples.sample.Sample",
            "arguments": {
                "log_likelihood": -15.309602694962692,
                "log_prior": 0.0,
                "weight": 0.0010042978501100365,
                "kwargs": {
                    "type": "dict",
                    "arguments": {
                        "ellipses.0.ell_comps.ell_comps_0": -0.06160811888654,
                        "ellipses.0.ell_comps.ell_comps_1": -0.0406616301407,
                        "multipoles.0.multipole_3.multipole_comps.multipole_comps_0": 0.00496494040629,
                        "multipoles.0.multipole_3.multipole_comps.multipole_comps_1": -0.00442005762407,
                        "multipoles.0.multipole_4.multipole_comps.multipole_comps_0": 0.0029058293015,
                        "multipoles.0.multipole_4.multipole_comps.multipole_comps_1": -0.00697495003292
                    }
                }
            }
        }
    }
}