{
    "type": "instance",
    "class_path": "autofit.non_linear.samples.summary.SamplesSummary",
    "arguments": {
        "values_at_sigma_3": {
            "type": "list",
            "values": [
                {
                    "type": "tuple",
                    "values": [
                        -0.14888668646883,
                        -0.13965081446014
                    ]
                },
                {
                    "type": "tuple",
                    "values": [
                        -0.1464027805771617,
                        -0.13766625965326
                    ]
                },
                {
                    "type": "tuple",
                    "values": [
                        0.0003778553948850611,
                        0.002819561788826643
                    ]
                },
                {
                    "type": "tuple",
                    "values": [
                        -0.00021295320656,
                        0.0024099131148210056
                    ]
                },
                {
                    "type": "tuple",
                    "values": [
                        -0.0004972526085162738,
                        0.0016430470543902429
                    ]
                },
                {
                    "type": "tuple",
                    "values": [
                        -0.00124988984288,
                        0.0013714029828365932
                    ]
                },
                {
                    "type": "tuple",
                    "values": [
                        -0.002540520139388707,
                        -9.214983203944262e-06
                    ]
                },
                {
                    "type": "tuple",
                    "values": [
                        -0.0002821202184097853,
                        0.0019348253572102187
                    ]
                }
            ]
        },
        "values_at_sigma_1": {
            "type": "list",
            "values": [
                {
                    "type": "tuple",
                    "values": [
                        -0.14596612639476156,
                        -0.14309177831974987
                    ]
                },
                {
                    "type": "tuple",
                    "values": [
                        -0.14304593088417,
                        -0.14014568283853
                    ]
                },
                {
                    "type": "tuple",
                    "values": [
                        0.001115530944552652,
                        0.0018708805719938309
                    ]
                },
                {
                    "type": "tuple",
                    "values": [
                        0.00063396612784,
                        0.00156392953241
                    ]
                },
                {
                    "type": "tuple",
                    "values": [
                        0.00011511865393185779,
                        0.0008695116743080927
                    ]
                },
                {
                    "type": "tuple",
                    "values": [
                        -0.00038705049184,
                        0.00045781923890304024
                    ]
                },
                {
                    "type": "tuple",
                    "values": [
                        -0.0017034614529859667,
                        -0.0008691493219667138
                    ]
                },
                {
                    "type": "tuple",
                    "values": [
                        0.0005017600417613464,
                        0.0012409994138221025
                    ]
                }
            ]
        },
        "median_pdf_sample": {
            "type": "instance",
            "class_path": "autofit.non_linear.samples.sample.Sample",
            "arguments": {
                "log_likelihood": -34.15639660182954,
                "log_prior": 0.0,
                "weight": 0.0010520265274375584,
                "kwargs": {
                    "type": "dict",
                    "arguments": {
                        "ellipses.0.ell_comps.ell_comps_0": -0.14457214665184567,
                        "ellipses.0.ell_comps.ell_comps_1": -0.1417065921376,
                        "multipoles.0.multipole_1.multipole_comps.multipole_comps_0": 0.001496766157944865,
                        "multipoles.0.multipole_1.multipole_comps.multipole_comps_1": 0.0011200784604710108,
                        "multipoles.0.multipole_3.multipole_comps.multipole_comps_0": 0.0005075105246854006,
                        "multipoles.0.multipole_3.multipole_comps.multipole_comps_1": 1.944027624540246e-05,
                        "multipoles.0.multipole_4.multipole_comps.multipole_comps_0": -0.00127565855817,
                        "multipoles.0.multipole_4.multipole_comps.multipole_comps_1": 0.00089690639158
                    }
                }
            }
        },
        "errors_at_sigma_1": {
            "type": "list",
            "values": [
                {
                    "type": "tuple",
                    "values": [
                        0.0013939797429158851,
                        0.001480368332095805
                    ]
                },
                {
                    "type": "tuple",
                    "values": [
                        0.0013393387465699957,
                        0.001560909299070018
                    ]
                },
                {
                    "type": "tuple",
                    "values": [
                        0.0003812352133922129,
                        0.00037411441404896595
                    ]
                },
                {
                    "type": "tuple",
                    "values": [
                        0.00048611233263101076,
                        0.00044385107193898915
                    ]
                },
                {
                    "type": "tuple",
                    "values": [
                        0.0003923918707535428,
                        0.0003620011496226921
                    ]
                },
                {
                    "type": "tuple",
                    "values": [
                        0.00040649076808540243,
                        0.0004383789626576378
                    ]
                },
                {
                    "type": "tuple",
                    "values": [
                        0.0004278028948159667,
                        0.0004065092362032863
                    ]
                },
                {
                    "type": "tuple",
                    "values": [
                        0.0003951463498186536,
                        0.00034409302224210243
                    ]
                }
            ]
        },
        "max_log_likelihood_sample": {
            "type": "instance",
            "class_path": "autofit.non_linear.samples.sample.Sample",
            "arguments": {
                "log_likelihood": -34.15639660182954,
                "log_prior": 0.0,
                "weight": 0.0010520265274375584,
                "kwargs": {
                    "type": "dict",
                    "arguments": {
                        "ellipses.0.ell_comps.ell_comps_0": -0.14390698173609,
                        "ellipses.0.ell_comps.ell_comps_1": -0.14182589660747,
                        "multipoles.0.multipole_1.multipole_comps.multipole_comps_0": 0.00166295552385,
                        "multipoles.0.multipole_1.multipole_comps.multipole_comps_1": 0.00125830083515,
                        "multipoles.0.multipole_3.multipole_comps.multipole_comps_0": 0.00071182245974,
                        "multipoles.0.multipole_3.multipole_comps.multipole_comps_1": 0.00025562950844,
                        "multipoles.0.multipole_4.multipole_comps.multipole_comps_0": -0.00114141735713,
                        "multipoles.0.multipole_4.multipole_comps.multipole_comps_1": 0.00069687269812
                    }
                }
            }
        },
        "model": null,
        "log_evidence": -78.21420344056254,
        "errors_at_sigma_3": {
            "type": "list",
            "values": [
                {
                    "type": "tuple",
                    "values": [
                        0.00431453981698432,
                        0.00492133219170568
                    ]
                },
                {
                    "type": "tuple",
                    "values": [
                        0.004696188439561683,
                        0.00404033248434002
                    ]
                },
                {
                    "type": "tuple",
                    "values": [
                        0.0011189107630598038,
                        0.001322795630881778
                    ]
                },
                {
                    "type": "tuple",
                    "values": [
                        0.0013330316670310109,
                        0.0012898346543499949
                    ]
                },
                {
                    "type": "tuple",
                    "values": [
                        0.0010047631332016744,
                        0.0011355365297048424
                    ]
                },
                {
                    "type": "tuple",
                    "values": [
                        0.0012693301191254026,
                        0.0013519627065911907
                    ]
                },
                {
                    "type": "tuple",
                    "values": [
                        0.0012648615812187068,
                        0.0012664435749660558
                    ]
                },
                {
                    "type": "tuple",
                    "values": [
                        0.0011790266099897854,
                        0.0010379189656302187
                    ]
                }
            ]
        }
    }
}