{
    "type": "instance",
    "class_path": "autofit.non_linear.samples.summary.SamplesSummary",
    "arguments": {
        "median_pdf_sample": {
            "type": "instance",
            "class_path": "autofit.non_linear.samples.sample.Sample",
            "arguments": {
                "log_likelihood": -42.973880654267916,
                "log_prior": 0.0,
                "weight": 0.0009954795773748752,
                "kwargs": {
                    "type": "dict",
                    "arguments": {
                        "ellipses.0.ell_comps.ell_comps_0": 0.10890840872760718,
                        "ellipses.0.ell_comps.ell_comps_1": 0.06114139500666498,
                        "multipoles.0.multipole_1.multipole_comps.multipole_comps_0": -0.02668680873043,
                        "multipoles.0.multipole_1.multipole_comps.multipole_comps_1": -0.09109538876713,
                        "multipoles.0.multipole_3.multipole_comps.multipole_comps_0": -0.06439007165877,
                        "multipoles.0.multipole_3.multipole_comps.multipole_comps_1": -0.05987773800130467,
                        "multipoles.0.multipole_4.multipole_comps.multipole_comps_0": -0.04254412094815,
                        "multipoles.0.multipole_4.multipole_comps.multipole_comps_1": 0.05219810696772387
                    }
                }
            }
        },
        "max_log_likelihood_sample": {
            "type": "instance",
            "class_path": "autofit.non_linear.samples.sample.Sample",
            "arguments": {
                "log_likelihood": -42.973880654267916,
                "log_prior": 0.0,
                "weight": 0.0009954795773748752,
                "kwargs": {
                    "type": "dict",
                    "arguments": {
                        "ellipses.0.ell_comps.ell_comps_0": 0.10830328950602,
                        "ellipses.0.ell_comps.ell_comps_1": 0.06165007624763,
                        "multipoles.0.multipole_1.multipole_comps.multipole_comps_0": -0.02248055315081,
                        "multipoles.0.multipole_1.multipole_comps.multipole_comps_1": -0.08730052658812,
                        "multipoles.0.multipole_3.multipole_comps.multipole_comps_0": -0.06832589365032,
                        "multipoles.0.multipole_3.multipole_comps.multipole_comps_1": -0.07102562282946,
                        "multipoles.0.multipole_4.multipole_comps.multipole_comps_0": -0.04569806110458,
                        "multipoles.0.multipole_4.multipole_comps.multipole_comps_1": 0.08536788168396
                    }
                }
            }
        },
        "errors_at_sigma_1": {
            "type": "list",
            "values": [
                {
                    "type": "tuple",
                    "values": [
                        0.0016382409798924302,
                        0.004323869786422824
                    ]
                },
                {
                    "type": "tuple",
                    "values": [
                        0.002692776633704985,
                        0.004214973375465024
                    ]
                },
                {
                    "type": "tuple",
                    "values": [
                        0.039153287451770005,
                        0.030456932864963572
                    ]
                },
                {
                    "type": "tuple",
                    "values": [
                        0.035474398617880015,
                        0.03453042295442252
                    ]
                },
                {
                    "type": "tuple",
                    "values": [
                        0.014361101538519994,
                        0.03565318413596928
                    ]
                },
                {
                    "type": "tuple",
                    "values": [
                        0.018580163710545335,
                        0.055030688166284675
                    ]
                },
                {
                    "type": "tuple",
                    "values": [
                        0.021443345264959994,
                        0.06974516601758417
                    ]
                },
                {
                    "type": "tuple",
                    "values": [
                        0.055339327172913864,
                        0.029471650612850606
                    ]
                }
            ]
        },
        "values_at_sigma_1": {
            "type": "list",
            "values": [
                {
                    "type": "tuple",
                    "values": [
                        0.10727016774771475,
                        0.11323227851403
                    ]
                },
                {
                    "type": "tuple",
                    "values": [
                        0.05844861837296,
                        0.06535636838213
                    ]
                },
                {
                    "type": "tuple",
                    "values": [
                        -0.0658400961822,
                        0.003770124134533572
                    ]
                },
                {
                    "type": "tuple",
                    "values": [
                        -0.12656978738501,
                        -0.05656496581270748
                    ]
                },
                {
                    "type": "tuple",
                    "values": [
                        -0.07875117319729,
                        -0.028736887522800725
                    ]
                },
                {
                    "type": "tuple",
                    "values": [
                        -0.07845790171185,
                        -0.00484704983502
                    ]
                },
                {
                    "type": "tuple",
                    "values": [
                        -0.06398746621311,
                        0.02720104506943417
                    ]
                },
                {
                    "type": "tuple",
                    "values": [
                        -0.00314122020519,
                        0.08166975758057447
                    ]
                }
            ]
        },
        "errors_at_sigma_3": {
            "type": "list",
            "values": [
                {
                    "type": "tuple",
                    "values": [
                        0.04527642123227718,
                        0.03675093418170114
                    ]
                },
                {
                    "type": "tuple",
                    "values": [
                        0.04518201552396498,
                        0.05251046382092502
                    ]
                },
                {
                    "type": "tuple",
                    "values": [
                        0.13409426864907,
                        0.12760162459372
                    ]
                },
                {
                    "type": "tuple",
                    "values": [
                        0.0939594351447057,
                        0.26043857489291
                    ]
                },
                {
                    "type": "tuple",
                    "values": [
                        0.03448680852531,
                        0.14607455334681596
                    ]
                },
                {
                    "type": "tuple",
                    "values": [
                        0.03739094779572955,
                        0.15952080168048466
                    ]
                },
                {
                    "type": "tuple",
                    "values": [
                        0.053722363868709815,
                        0.13977386939842001
                    ]
                },
                {
                    "type": "tuple",
                    "values": [
                        0.14311183567290386,
                        0.04765722461019613
                    ]
                }
            ]
        },
        "values_at_sigma_3": {
            "type": "list",
            "values": [
                {
                    "type": "tuple",
                    "values": [
                        0.06363198749533,
                        0.14565934290930832
                    ]
                },
                {
                    "type": "tuple",
                    "values": [
                        0.0159593794827,
                        0.11365185882759
                    ]
                },
                {
                    "type": "tuple",
                    "values": [
                        -0.1607810773795,
                        0.10091481586329
                    ]
                },
                {
                    "type": "tuple",
                    "values": [
                        -0.1850548239118357,
                        0.16934318612578
                    ]
                },
                {
                    "type": "tuple",
                    "values": [
                        -0.09887688018408,
                        0.08168448168804594
                    ]
                },
                {
                    "type": "tuple",
                    "values": [
                        -0.09726868579703422,
                        0.09964306367918
                    ]
                },
                {
                    "type": "tuple",
                    "values": [
                        -0.09626648481685982,
                        0.09722974845027
                    ]
                },
                {
                    "type": "tuple",
                    "values": [
                        -0.09091372870518,
                        0.09985533157792
                    ]
                }
            ]
        },
        "model": null,
        "log_evidence": -63.89753777187005
    }
}