{
    "type": "collection",
    "arguments": {
        "ellipses": {
            "type": "collection",
            "arguments": {
                "0": {
                    "type": "instance",
                    "class_path": "autogalaxy.ellipse.ellipse.ellipse.Ellipse",
                    "arguments": {
                        "centre": {
                            "type": "tuple",
                            "values": [
                                0.00019364529774,
                                -0.00014182402113
                            ]
                        },
                        "ell_comps": {
                            "type": "tuple",
                            "values": [
                                0.02866410227409,
                                -0.11463026309177
                            ]
                        },
                        "major_axis": 0.25
                    }
                },
                "1": {
                    "type": "instance",
                    "class_path": "autogalaxy.ellipse.ellipse.ellipse.Ellipse",
                    "arguments": {
                        "centre": {
                            "type": "tuple",
                            "values": [
                                0.00019364529774,
                                -0.00014182402113
                            ]
                        },
                        "ell_comps": {
                            "type": "tuple",
                            "values": [
                                0.02442302032743,
                                -0.11082037098234
                            ]
                        },
                        "major_axis": 0.5
                    }
                },
                "2": {
                    "type": "instance",
                    "class_path": "autogalaxy.ellipse.ellipse.ellipse.Ellipse",
                    "arguments": {
                        "centre": {
                            "type": "tuple",
                            "values": [
                                0.00019364529774,
                                -0.00014182402113
                            ]
                        },
                        "ell_comps": {
                            "type": "tuple",
                            "values": [
                                0.01980109456003,
                                -0.09038765544741
                            ]
                        },
                        "major_axis": 0.75
                    }
                },
                "3": {
                    "type": "instance",
                    "class_path": "autogalaxy.ellipse.ellipse.ellipse.Ellipse",
                    "arguments": {
                        "centre": {
                            "type": "tuple",
                            "values": [
                                0.00019364529774,
                                -0.00014182402113
                            ]
                        },
                        "ell_comps": {
                            "type": "tuple",
                            "values": [
                                0.01151153370166,
                                -0.09762277952401
                            ]
                        },
                        "major_axis": 1.0
                    }
                },
                "4": {
                    "type": "instance",
                    "class_path": "autogalaxy.ellipse.ellipse.ellipse.Ellipse",
                    "arguments": {
                        "centre": {
                            "type": "tuple",
                            "values": [
                                0.00019364529774,
                                -0.00014182402113
                            ]
                        },
                        "ell_comps": {
                            "type": "tuple",
                            "values": [
                                0.0158251051048,
                                -0.10166115998476
                            ]
                        },
                        "major_axis": 1.25
                    }
                },
                "5": {
                    "type": "instance",
                    "class_path": "autogalaxy.ellipse.ellipse.ellipse.Ellipse",
                    "arguments": {
                        "centre": {
                            "type": "tuple",
                            "values": [
                                0.00019364529774,
                                -0.00014182402113
                            ]
                        },
                        "ell_comps": {
                            "type": "tuple",
                            "values": [
                                0.00591130580093,
                                -0.09962080230512
                            ]
                        },
                        "major_axis": 1.5
                    }
                },
                "6": {
                    "type": "instance",
                    "class_path": "autogalaxy.ellipse.ellipse.ellipse.Ellipse",
                    "arguments": {
                        "centre": {
                            "type": "tuple",
                            "values": [
                                0.00019364529774,
                                -0.00014182402113
                            ]
                        },
                        "ell_comps": {
                            "type": "tuple",
                            "values": [
                                0.01151919259388,
                                -0.0811710626336
                            ]
                        },
                        "major_axis": 1.75
                    }
                },
                "7": {
                    "type": "instance",
                    "class_path": "autogalaxy.ellipse.ellipse.ellipse.Ellipse",
                    "arguments": {
                        "centre": {
                            "type": "tuple",
                            "values": [
                                0.00019364529774,
                                -0.00014182402113
                            ]
                        },
                        "ell_comps": {
                            "type": "tuple",
                            "values": [
                                0.02033350078022,
                                -0.07514751769501
                            ]
                        },
                        "major_axis": 2.0
                    }
                },
                "8": {
                    "type": "instance",
                    "class_path": "autogalaxy.ellipse.ellipse.ellipse.Ellipse",
                    "arguments": {
                        "centre": {
                            "type": "tuple",
                            "values": [
                                0.00019364529774,
                                -0.00014182402113
                            ]
                        },
                        "ell_comps": {
                            "type": "tuple",
                            "values": [
                                0.00766771761717,
                                -0.07845739277969
                            ]
                        },
                        "major_axis": 2.25
                    }
                },
                "9": {
                    "type": "instance",
                    "class_path": "autogalaxy.ellipse.ellipse.ellipse.Ellipse",
                    "arguments": {
                        "centre": {
                            "type": "tuple",
                            "values": [
                                0.00019364529774,
                                -0.00014182402113
                            ]
                        },
                        "ell_comps": {
                            "type": "tuple",
                            "values": [
                                0.00488054371468,
                                -0.05953026970879
                            ]
                        },
                        "major_axis": 2.5
                    }
                },
                "10": {
                    "type": "instance",
                    "class_path": "autogalaxy.ellipse.ellipse.ellipse.Ellipse",
                    "arguments": {
                        "centre": {
                            "type": "tuple",
                            "values": [
                                0.00019364529774,
                                -0.00014182402113
                            ]
                        },
                        "ell_comps": {
                            "type": "tuple",
                            "values": [
                                0.02334477284921,
                                -0.10931513993173
                            ]
                        },
                        "major_axis": 2.75
                    }
                },
                "11": {
                    "type": "instance",
                    "class_path": "autogalaxy.ellipse.ellipse.ellipse.Ellipse",
                    "arguments": {
                        "centre": {
                            "type": "tuple",
                            "values": [
                                0.00019364529774,
                                -0.00014182402113
                            ]
                        },
                        "ell_comps": {
                            "type": "tuple",
                            "values": [
                                0.04171431436731,
                                -0.10265603770381
                            ]
                        },
                        "major_axis": 3.0
                    }
                },
                "12": {
                    "type": "instance",
                    "class_path": "autogalaxy.ellipse.ellipse.ellipse.Ellipse",
                    "arguments": {
                        "centre": {
                            "type": "tuple",
                            "values": [
                                0.00019364529774,
                                -0.00014182402113
                            ]
                        },
                        "ell_comps": {
                            "type": "tuple",
                            "values": [
                                -0.00827770757267,
                                -0.08062931848365
                            ]
                        },
                        "major_axis": 3.25
                    }
                },
                "13": {
                    "type": "instance",
                    "class_path": "autogalaxy.ellipse.ellipse.ellipse.Ellipse",
                    "arguments": {
                        "centre": {
                            "type": "tuple",
                            "values": [
                                0.00019364529774,
                                -0.00014182402113
                            ]
                        },
                        "ell_comps": {
                            "type": "tuple",
                            "values": [
                                0.02984840934574,
                                -0.1129004194927
                            ]
                        },
                        "major_axis": 3.5
                    }
                },
                "14": {
                    "type": "instance",
                    "class_path": "autogalaxy.ellipse.ellipse.ellipse.Ellipse",
                    "arguments": {
                        "centre": {
                            "type": "tuple",
                            "values": [
                                0.00019364529774,
                                -0.00014182402113
                            ]
                        },
                        "ell_comps": {
                            "type": "tuple",
                            "values": [
                                0.03952387186774,
                                -0.15660713533958
                            ]
                        },
                        "major_axis": 3.75
                    }
                },
                "15": {
                    "type": "instance",
                    "class_path": "autogalaxy.ellipse.ellipse.ellipse.Ellipse",
                    "arguments": {
                        "centre": {
                            "type": "tuple",
                            "values": [
                                0.00019364529774,
                                -0.00014182402113
                            ]
                        },
                        "ell_comps": {
                            "type": "tuple",
                            "values": [
                                0.0490984026942,
                                -0.19261601983515
                            ]
                        },
                        "major_axis": 4.0
                    }
                },
                "16": {
                    "type": "instance",
                    "class_path": "autogalaxy.ellipse.ellipse.ellipse.Ellipse",
                    "arguments": {
                        "centre": {
                            "type": "tuple",
                            "values": [
                                0.00019364529774,
                                -0.00014182402113
                            ]
                        },
                        "ell_comps": {
                            "type": "tuple",
                            "values": [
                                0.01149672752127,
                                -0.10890757898513
                            ]
                        },
                        "major_axis": 4.25
                    }
                },
                "17": {
                    "type": "instance",
                    "class_path": "autogalaxy.ellipse.ellipse.ellipse.Ellipse",
                    "arguments": {
                        "centre": {
                            "type": "tuple",
                            "values": [
                                0.00019364529774,
                                -0.00014182402113
                            ]
                        },
                        "ell_comps": {
                            "type": "tuple",
                            "values": [
                                0.02231833780632,
                                -0.18132216586655
                            ]
                        },
                        "major_axis": 4.5
                    }
                },
                "18": {
                    "type": "instance",
                    "class_path": "autogalaxy.ellipse.ellipse.ellipse.Ellipse",
                    "arguments": {
                        "centre": {
                            "type": "tuple",
                            "values": [
                                0.00019364529774,
                                -0.00014182402113
                            ]
                        },
                        "ell_comps": {
                            "type": "tuple",
                            "values": [
                                -0.05761376199701,
                                -0.13970868572465
                            ]
                        },
                        "major_axis": 4.75
                    }
                }
            }
        },
        "dummy_0": {
            "lower_limit": -0.1,
            "upper_limit": 0.1,
            "type": "Uniform",
            "id": 146
        }
    }
}