{
    "type": "instance",
    "class_path": "autofit.non_linear.samples.summary.SamplesSummary",
    "arguments": {
        "max_log_likelihood_sample": {
            "type": "instance",
            "class_path": "autofit.non_linear.samples.sample.Sample",
            "arguments": {
                "log_likelihood": -38.80178575640657,
                "log_prior": 0.0,
                "weight": 0.0009642143115392187,
                "kwargs": {
                    "type": "dict",
                    "arguments": {
                        "ellipses.0.ell_comps.ell_comps_0": 0.09249344462103,
                        "ellipses.0.ell_comps.ell_comps_1": -0.08701128321053,
                        "multipoles.0.multipole_1.multipole_comps.multipole_comps_0": 0.05766285061764,
                        "multipoles.0.multipole_1.multipole_comps.multipole_comps_1": -0.04659446999085,
                        "multipoles.0.multipole_3.multipole_comps.multipole_comps_0": -0.00960895232772,
                        "multipoles.0.multipole_3.multipole_comps.multipole_comps_1": 0.00796017539388,
                        "multipoles.0.multipole_4.multipole_comps.multipole_comps_0": 0.01603534856617,
                        "multipoles.0.multipole_4.multipole_comps.multipole_comps_1": -0.01426066315975
                    }
                }
            }
        },
        "log_evidence": -60.252643355546574,
        "errors_at_sigma_3": {
            "type": "list",
            "values": [
                {
                    "type": "tuple",
                    "values": [
                        0.019028895148239994,
                        0.030049661343262257
                    ]
                },
                {
                    "type": "tuple",
                    "values": [
                        0.031090322612489993,
                        0.014961027991020004
                    ]
                },
                {
                    "type": "tuple",
                    "values": [
                        0.07388837042004284,
                        0.10735628156142714
                    ]
                },
                {
                    "type": "tuple",
                    "values": [
                        0.06751278888247678,
                        0.09058845667006736
                    ]
                },
                {
                    "type": "tuple",
                    "values": [
                        0.03980618670115763,
                        0.04769035259866767
                    ]
                },
                {
                    "type": "tuple",
                    "values": [
                        0.10647916569663088,
                        0.05442286160392022
                    ]
                },
                {
                    "type": "tuple",
                    "values": [
                        0.04304988029124,
                        0.08763531610162001
                    ]
                },
                {
                    "type": "tuple",
                    "values": [
                        0.09352346573159512,
                        0.058112203850274886
                    ]
                }
            ]
        },
        "values_at_sigma_1": {
            "type": "list",
            "values": [
                {
                    "type": "tuple",
                    "values": [
                        0.08882348196735214,
                        0.09669916770652
                    ]
                },
                {
                    "type": "tuple",
                    "values": [
                        -0.08991321681695556,
                        -0.0817896759318889
                    ]
                },
                {
                    "type": "tuple",
                    "values": [
                        0.04103453642952,
                        0.07927738455173663
                    ]
                },
                {
                    "type": "tuple",
                    "values": [
                        -0.053773234864002456,
                        -0.014749336393
                    ]
                },
                {
                    "type": "tuple",
                    "values": [
                        -0.020365307121643757,
                        0.01103601459183697
                    ]
                },
                {
                    "type": "tuple",
                    "values": [
                        -0.00070001035067,
                        0.03652277740817
                    ]
                },
                {
                    "type": "tuple",
                    "values": [
                        -0.007585430791305841,
                        0.03226817716555949
                    ]
                },
                {
                    "type": "tuple",
                    "values": [
                        -0.02448671712825,
                        0.01159592465792936
                    ]
                }
            ]
        },
        "errors_at_sigma_1": {
            "type": "list",
            "values": [
                {
                    "type": "tuple",
                    "values": [
                        0.0038794000117978594,
                        0.00399628572737
                    ]
                },
                {
                    "type": "tuple",
                    "values": [
                        0.003875775329905559,
                        0.004247765555161098
                    ]
                },
                {
                    "type": "tuple",
                    "values": [
                        0.02178285242039285,
                        0.016459995701823785
                    ]
                },
                {
                    "type": "tuple",
                    "values": [
                        0.01727198030256582,
                        0.021751918168436635
                    ]
                },
                {
                    "type": "tuple",
                    "values": [
                        0.012648359919034423,
                        0.018752961794446306
                    ]
                },
                {
                    "type": "tuple",
                    "values": [
                        0.01958048357601978,
                        0.01764230418282022
                    ]
                },
                {
                    "type": "tuple",
                    "values": [
                        0.01654344602088584,
                        0.02331016193597949
                    ]
                },
                {
                    "type": "tuple",
                    "values": [
                        0.018616680130345113,
                        0.017465961655834247
                    ]
                }
            ]
        },
        "median_pdf_sample": {
            "type": "instance",
            "class_path": "autofit.non_linear.samples.sample.Sample",
            "arguments": {
                "log_likelihood": -38.80178575640657,
                "log_prior": 0.0,
                "weight": 0.0009642143115392187,
                "kwargs": {
                    "type": "dict",
                    "arguments": {
                        "ellipses.0.ell_comps.ell_comps_0": 0.09270288197915,
                        "ellipses.0.ell_comps.ell_comps_1": -0.08603744148705,
                        "multipoles.0.multipole_1.multipole_comps.multipole_comps_0": 0.06281738884991285,
                        "multipoles.0.multipole_1.multipole_comps.multipole_comps_1": -0.03650125456143664,
                        "multipoles.0.multipole_3.multipole_comps.multipole_comps_0": -0.007716947202609334,
                        "multipoles.0.multipole_3.multipole_comps.multipole_comps_1": 0.01888047322534978,
                        "multipoles.0.multipole_4.multipole_comps.multipole_comps_0": 0.00895801522958,
                        "multipoles.0.multipole_4.multipole_comps.multipole_comps_1": -0.005870036997904885
                    }
                }
            }
        },
        "model": null,
        "values_at_sigma_3": {
            "type": "list",
            "values": [
                {
                    "type": "tuple",
                    "values": [
                        0.07367398683091,
                        0.12275254332241226
                    ]
                },
                {
                    "type": "tuple",
                    "values": [
                        -0.11712776409954,
                        -0.07107641349603
                    ]
                },
                {
                    "type": "tuple",
                    "values": [
                        -0.01107098157013,
                        0.17017367041134
                    ]
                },
                {
                    "type": "tuple",
                    "values": [
                        -0.1040140434439134,
                        0.05408720210863072
                    ]
                },
                {
                    "type": "tuple",
                    "values": [
                        -0.047523133903766966,
                        0.039973405396058335
                    ]
                },
                {
                    "type": "tuple",
                    "values": [
                        -0.0875986924712811,
                        0.07330333482927
                    ]
                },
                {
                    "type": "tuple",
                    "values": [
                        -0.03409186506166,
                        0.0965933313312
                    ]
                },
                {
                    "type": "tuple",
                    "values": [
                        -0.0993935027295,
                        0.05224216685237
                    ]
                }
            ]
        }
    }
}