{
    "type": "instance",
    "class_path": "autoarray.structures.grids.irregular_2d.Grid2DIrregular",
    "arguments": {
        "values": {
            "type": "ndarray",
            "array": [
                [
                    1.0,
                    -0.1
                ],
                [
                    0.5,
                    0.8500000000000001
                ],
                [
                    -0.8,
                    0.55
                ],
                [
                    -0.35000000000000003,
                    -1.1500000000000001
                ]
            ],
            "dtype": "float64"
        }
    }
}