{
    "type": "instance",
    "class_path": "autofit.non_linear.samples.summary.SamplesSummary",
    "arguments": {
        "values_at_sigma_1": {
            "type": "list",
            "values": [
                {
                    "type": "tuple",
                    "values": [
                        -0.030714746277241325,
                        0.00417112141098
                    ]
                },
                {
                    "type": "tuple",
                    "values": [
                        0.05347961479087217,
                        0.08517932661693299
                    ]
                }
            ]
        },
        "values_at_sigma_3": {
            "type": "list",
            "values": [
                {
                    "type": "tuple",
                    "values": [
                        -0.0555160278721,
                        0.03846069880519967
                    ]
                },
                {
                    "type": "tuple",
                    "values": [
                        0.020508305512074658,
                        0.12136783626257355
                    ]
                }
            ]
        },
        "max_log_likelihood_sample": {
            "type": "instance",
            "class_path": "autofit.non_linear.samples.sample.Sample",
            "arguments": {
                "log_likelihood": -5.186363919107151,
                "log_prior": 0.0,
                "weight": 0.0009837624213895177,
                "kwargs": {
                    "type": "dict",
                    "arguments": {
                        "ellipses.0.ell_comps.ell_comps_0": -0.01423121390847,
                        "ellipses.0.ell_comps.ell_comps_1": 0.06862489463924
                    }
                }
            }
        },
        "errors_at_sigma_1": {
            "type": "list",
            "values": [
                {
                    "type": "tuple",
                    "values": [
                        0.018146271065307647,
                        0.01673959662291368
                    ]
                },
                {
                    "type": "tuple",
                    "values": [
                        0.017359467189733926,
                        0.014340244636326896
                    ]
                }
            ]
        },
        "errors_at_sigma_3": {
            "type": "list",
            "values": [
                {
                    "type": "tuple",
                    "values": [
                        0.04294755266016632,
                        0.051029174017133354
                    ]
                },
                {
                    "type": "tuple",
                    "values": [
                        0.05033077646853144,
                        0.05052875428196746
                    ]
                }
            ]
        },
        "model": null,
        "median_pdf_sample": {
            "type": "instance",
            "class_path": "autofit.non_linear.samples.sample.Sample",
            "arguments": {
                "log_likelihood": -5.186363919107151,
                "log_prior": 0.0,
                "weight": 0.0009837624213895177,
                "kwargs": {
                    "type": "dict",
                    "arguments": {
                        "ellipses.0.ell_comps.ell_comps_0": -0.01256847521193368,
                        "ellipses.0.ell_comps.ell_comps_1": 0.0708390819806061
                    }
                }
            }
        },
        "log_evidence": -12.155226517741339
    }
}