{
    "type": "instance",
    "class_path": "autofit.non_linear.samples.summary.SamplesSummary",
    "arguments": {
        "model": null,
        "errors_at_sigma_1": {
            "type": "list",
            "values": [
                {
                    "type": "tuple",
                    "values": [
                        0.004633459208719992,
                        0.002386378526316145
                    ]
                },
                {
                    "type": "tuple",
                    "values": [
                        0.0029980514044437023,
                        0.003160183964069245
                    ]
                },
                {
                    "type": "tuple",
                    "values": [
                        0.022188019220441314,
                        0.017121873296559245
                    ]
                },
                {
                    "type": "tuple",
                    "values": [
                        0.015098853854487709,
                        0.011317895130004495
                    ]
                },
                {
                    "type": "tuple",
                    "values": [
                        0.01116193277536,
                        0.013174401613011434
                    ]
                },
                {
                    "type": "tuple",
                    "values": [
                        0.012341867277599882,
                        0.010568628796187075
                    ]
                },
                {
                    "type": "tuple",
                    "values": [
                        0.00782498116988,
                        0.012306374323639242
                    ]
                },
                {
                    "type": "tuple",
                    "values": [
                        0.01080131746403415,
                        0.011939721663243159
                    ]
                }
            ]
        },
        "median_pdf_sample": {
            "type": "instance",
            "class_path": "autofit.non_linear.samples.sample.Sample",
            "arguments": {
                "log_likelihood": -40.28691759739951,
                "log_prior": 0.0,
                "weight": 0.0009773098917110704,
                "kwargs": {
                    "type": "dict",
                    "arguments": {
                        "ellipses.0.ell_comps.ell_comps_0": -0.0613776001512,
                        "ellipses.0.ell_comps.ell_comps_1": 0.042197588134826464,
                        "multipoles.0.multipole_1.multipole_comps.multipole_comps_0": -0.011309171605158689,
                        "multipoles.0.multipole_1.multipole_comps.multipole_comps_1": -0.00538475989468,
                        "multipoles.0.multipole_3.multipole_comps.multipole_comps_0": -0.00300397901887,
                        "multipoles.0.multipole_3.multipole_comps.multipole_comps_1": 0.00468602875073,
                        "multipoles.0.multipole_4.multipole_comps.multipole_comps_0": 0.00304129853879,
                        "multipoles.0.multipole_4.multipole_comps.multipole_comps_1": 0.02118218215879415
                    }
                }
            }
        },
        "errors_at_sigma_3": {
            "type": "list",
            "values": [
                {
                    "type": "tuple",
                    "values": [
                        0.05294405718436428,
                        0.01139039255885832
                    ]
                },
                {
                    "type": "tuple",
                    "values": [
                        0.014577557646916463,
                        0.015184512037470461
                    ]
                },
                {
                    "type": "tuple",
                    "values": [
                        0.09108002691156131,
                        0.04649863804744829
                    ]
                },
                {
                    "type": "tuple",
                    "values": [
                        0.03983768109777,
                        0.04812577486726
                    ]
                },
                {
                    "type": "tuple",
                    "values": [
                        0.03012852618810514,
                        0.08440848818047
                    ]
                },
                {
                    "type": "tuple",
                    "values": [
                        0.0487822413997,
                        0.045341754964329996
                    ]
                },
                {
                    "type": "tuple",
                    "values": [
                        0.05104233556025116,
                        0.03264825446907284
                    ]
                },
                {
                    "type": "tuple",
                    "values": [
                        0.06297348354100415,
                        0.0252680344739792
                    ]
                }
            ]
        },
        "log_evidence": -65.31808800233766,
        "max_log_likelihood_sample": {
            "type": "instance",
            "class_path": "autofit.non_linear.samples.sample.Sample",
            "arguments": {
                "log_likelihood": -40.28691759739951,
                "log_prior": 0.0,
                "weight": 0.0009773098917110704,
                "kwargs": {
                    "type": "dict",
                    "arguments": {
                        "ellipses.0.ell_comps.ell_comps_0": -0.05963192463363,
                        "ellipses.0.ell_comps.ell_comps_1": 0.04279280168811,
                        "multipoles.0.multipole_1.multipole_comps.multipole_comps_0": -0.03715169277228,
                        "multipoles.0.multipole_1.multipole_comps.multipole_comps_1": -0.02010631841748,
                        "multipoles.0.multipole_3.multipole_comps.multipole_comps_0": -0.0036374426471,
                        "multipoles.0.multipole_3.multipole_comps.multipole_comps_1": 0.01219542744106,
                        "multipoles.0.multipole_4.multipole_comps.multipole_comps_0": 0.01360965554324,
                        "multipoles.0.multipole_4.multipole_comps.multipole_comps_1": 0.02417559797635
                    }
                }
            }
        },
        "values_at_sigma_3": {
            "type": "list",
            "values": [
                {
                    "type": "tuple",
                    "values": [
                        -0.11432165733556428,
                        -0.04998720759234168
                    ]
                },
                {
                    "type": "tuple",
                    "values": [
                        0.02762003048791,
                        0.057382100172296925
                    ]
                },
                {
                    "type": "tuple",
                    "values": [
                        -0.10238919851672,
                        0.0351894664422896
                    ]
                },
                {
                    "type": "tuple",
                    "values": [
                        -0.04522244099245,
                        0.04274101497258
                    ]
                },
                {
                    "type": "tuple",
                    "values": [
                        -0.03313250520697514,
                        0.0814045091616
                    ]
                },
                {
                    "type": "tuple",
                    "values": [
                        -0.04409621264897,
                        0.05002778371506
                    ]
                },
                {
                    "type": "tuple",
                    "values": [
                        -0.048001037021461156,
                        0.03568955300786284
                    ]
                },
                {
                    "type": "tuple",
                    "values": [
                        -0.04179130138221,
                        0.04645021663277335
                    ]
                }
            ]
        },
        "values_at_sigma_1": {
            "type": "list",
            "values": [
                {
                    "type": "tuple",
                    "values": [
                        -0.06601105935992,
                        -0.058991221624883856
                    ]
                },
                {
                    "type": "tuple",
                    "values": [
                        0.03919953673038276,
                        0.04535777209889571
                    ]
                },
                {
                    "type": "tuple",
                    "values": [
                        -0.0334971908256,
                        0.005812701691400558
                    ]
                },
                {
                    "type": "tuple",
                    "values": [
                        -0.020483613749167708,
                        0.005933135235324495
                    ]
                },
                {
                    "type": "tuple",
                    "values": [
                        -0.01416591179423,
                        0.010170422594141434
                    ]
                },
                {
                    "type": "tuple",
                    "values": [
                        -0.007655838526869882,
                        0.015254657546917074
                    ]
                },
                {
                    "type": "tuple",
                    "values": [
                        -0.00478368263109,
                        0.015347672862429242
                    ]
                },
                {
                    "type": "tuple",
                    "values": [
                        0.01038086469476,
                        0.03312190382203731
                    ]
                }
            ]
        }
    }
}