{
    "type": "instance",
    "class_path": "autofit.non_linear.samples.summary.SamplesSummary",
    "arguments": {
        "log_evidence": -74.17205520663424,
        "values_at_sigma_1": {
            "type": "list",
            "values": [
                {
                    "type": "tuple",
                    "values": [
                        0.15101633033897674,
                        0.16301306958211184
                    ]
                },
                {
                    "type": "tuple",
                    "values": [
                        -0.03308753559737654,
                        -0.02089966740981809
                    ]
                },
                {
                    "type": "tuple",
                    "values": [
                        -0.02014204801595699,
                        0.01775149757219459
                    ]
                },
                {
                    "type": "tuple",
                    "values": [
                        0.003004903679644788,
                        0.05666935049913678
                    ]
                },
                {
                    "type": "tuple",
                    "values": [
                        0.0029302186034923274,
                        0.05043776724543
                    ]
                },
                {
                    "type": "tuple",
                    "values": [
                        0.007543826331980747,
                        0.04214661993476
                    ]
                },
                {
                    "type": "tuple",
                    "values": [
                        -0.07067092563437,
                        -0.00117310906377
                    ]
                },
                {
                    "type": "tuple",
                    "values": [
                        -0.013116729736963264,
                        0.04378736271531003
                    ]
                }
            ]
        },
        "values_at_sigma_3": {
            "type": "list",
            "values": [
                {
                    "type": "tuple",
                    "values": [
                        0.1408295010102899,
                        0.167678082854042
                    ]
                },
                {
                    "type": "tuple",
                    "values": [
                        -0.04390084797955,
                        -0.012078582005845483
                    ]
                },
                {
                    "type": "tuple",
                    "values": [
                        -0.052230212388,
                        0.09514158188994
                    ]
                },
                {
                    "type": "tuple",
                    "values": [
                        -0.03984260584127,
                        0.09977106560277
                    ]
                },
                {
                    "type": "tuple",
                    "values": [
                        -0.05228299678789912,
                        0.07411133475984749
                    ]
                },
                {
                    "type": "tuple",
                    "values": [
                        -0.0600720403293,
                        0.07100669390214
                    ]
                },
                {
                    "type": "tuple",
                    "values": [
                        -0.09842644758025358,
                        0.04836731796105
                    ]
                },
                {
                    "type": "tuple",
                    "values": [
                        -0.0524920211085,
                        0.07703907553381666
                    ]
                }
            ]
        },
        "max_log_likelihood_sample": {
            "type": "instance",
            "class_path": "autofit.non_linear.samples.sample.Sample",
            "arguments": {
                "log_likelihood": -53.56851575707496,
                "log_prior": 0.0,
                "weight": 0.0010201709635052532,
                "kwargs": {
                    "type": "dict",
                    "arguments": {
                        "ellipses.0.ell_comps.ell_comps_0": 0.15131634524131,
                        "ellipses.0.ell_comps.ell_comps_1": -0.03206248192152,
                        "multipoles.0.multipole_1.multipole_comps.multipole_comps_0": -0.00725522145933,
                        "multipoles.0.multipole_1.multipole_comps.multipole_comps_1": 0.08156423607415,
                        "multipoles.0.multipole_3.multipole_comps.multipole_comps_0": 0.03805699560038,
                        "multipoles.0.multipole_3.multipole_comps.multipole_comps_1": 0.03588072535771,
                        "multipoles.0.multipole_4.multipole_comps.multipole_comps_0": -0.09423093430434,
                        "multipoles.0.multipole_4.multipole_comps.multipole_comps_1": 0.03043160129804
                    }
                }
            }
        },
        "model": null,
        "errors_at_sigma_3": {
            "type": "list",
            "values": [
                {
                    "type": "tuple",
                    "values": [
                        0.015254797669576048,
                        0.011593784174176058
                    ]
                },
                {
                    "type": "tuple",
                    "values": [
                        0.013992086837658044,
                        0.017830179136046474
                    ]
                },
                {
                    "type": "tuple",
                    "values": [
                        0.05159431586067158,
                        0.09577747841726843
                    ]
                },
                {
                    "type": "tuple",
                    "values": [
                        0.06595076219331,
                        0.07366290925073
                    ]
                },
                {
                    "type": "tuple",
                    "values": [
                        0.08508726317098912,
                        0.04130706837675749
                    ]
                },
                {
                    "type": "tuple",
                    "values": [
                        0.08916920438020595,
                        0.04190952985123404
                    ]
                },
                {
                    "type": "tuple",
                    "values": [
                        0.06418537472715358,
                        0.08260839081415
                    ]
                },
                {
                    "type": "tuple",
                    "values": [
                        0.07358560824563,
                        0.05594548839668666
                    ]
                }
            ]
        },
        "median_pdf_sample": {
            "type": "instance",
            "class_path": "autofit.non_linear.samples.sample.Sample",
            "arguments": {
                "log_likelihood": -53.56851575707496,
                "log_prior": 0.0,
                "weight": 0.0010201709635052532,
                "kwargs": {
                    "type": "dict",
                    "arguments": {
                        "ellipses.0.ell_comps.ell_comps_0": 0.15608429867986595,
                        "ellipses.0.ell_comps.ell_comps_1": -0.02990876114189196,
                        "multipoles.0.multipole_1.multipole_comps.multipole_comps_0": -0.0006358965273284225,
                        "multipoles.0.multipole_1.multipole_comps.multipole_comps_1": 0.02610815635204,
                        "multipoles.0.multipole_3.multipole_comps.multipole_comps_0": 0.03280426638309,
                        "multipoles.0.multipole_3.multipole_comps.multipole_comps_1": 0.02909716405090596,
                        "multipoles.0.multipole_4.multipole_comps.multipole_comps_0": -0.0342410728531,
                        "multipoles.0.multipole_4.multipole_comps.multipole_comps_1": 0.02109358713713
                    }
                }
            }
        },
        "errors_at_sigma_1": {
            "type": "list",
            "values": [
                {
                    "type": "tuple",
                    "values": [
                        0.005067968340889212,
                        0.00692877090224589
                    ]
                },
                {
                    "type": "tuple",
                    "values": [
                        0.0031787744554845794,
                        0.00900909373207387
                    ]
                },
                {
                    "type": "tuple",
                    "values": [
                        0.019506151488628568,
                        0.01838739409952301
                    ]
                },
                {
                    "type": "tuple",
                    "values": [
                        0.02310325267239521,
                        0.030561194147096783
                    ]
                },
                {
                    "type": "tuple",
                    "values": [
                        0.029874047779597675,
                        0.017633500862339994
                    ]
                },
                {
                    "type": "tuple",
                    "values": [
                        0.02155333771892521,
                        0.013049455883854044
                    ]
                },
                {
                    "type": "tuple",
                    "values": [
                        0.03642985278127,
                        0.033067963789329996
                    ]
                },
                {
                    "type": "tuple",
                    "values": [
                        0.03421031687409326,
                        0.02269377557818003
                    ]
                }
            ]
        }
    }
}