{
    "type": "instance",
    "class_path": "autofit.non_linear.samples.summary.SamplesSummary",
    "arguments": {
        "median_pdf_sample": {
            "type": "instance",
            "class_path": "autofit.non_linear.samples.sample.Sample",
            "arguments": {
                "log_likelihood": -9.55724628924665,
                "log_prior": 0.0,
                "weight": 0.0010322626517951159,
                "kwargs": {
                    "type": "dict",
                    "arguments": {
                        "ellipses.0.ell_comps.ell_comps_0": 0.04601231264192036,
                        "ellipses.0.ell_comps.ell_comps_1": -0.06760501683944038,
                        "multipoles.0.multipole_3.multipole_comps.multipole_comps_0": 0.0002846199220645044,
                        "multipoles.0.multipole_3.multipole_comps.multipole_comps_1": -0.00207152794729,
                        "multipoles.0.multipole_4.multipole_comps.multipole_comps_0": 0.00137429002349,
                        "multipoles.0.multipole_4.multipole_comps.multipole_comps_1": -0.002474314117479219
                    }
                }
            }
        },
        "errors_at_sigma_3": {
            "type": "list",
            "values": [
                {
                    "type": "tuple",
                    "values": [
                        0.0079736852403594,
                        0.009419287294359834
                    ]
                },
                {
                    "type": "tuple",
                    "values": [
                        0.00854792547333312,
                        0.008530108899658946
                    ]
                },
                {
                    "type": "tuple",
                    "values": [
                        0.0047921976305138544,
                        0.004918832895775495
                    ]
                },
                {
                    "type": "tuple",
                    "values": [
                        0.004618580699706489,
                        0.004015301011720497
                    ]
                },
                {
                    "type": "tuple",
                    "values": [
                        0.005084344044576269,
                        0.00626456369732
                    ]
                },
                {
                    "type": "tuple",
                    "values": [
                        0.006415749978583128,
                        0.005826207729385973
                    ]
                }
            ]
        },
        "values_at_sigma_3": {
            "type": "list",
            "values": [
                {
                    "type": "tuple",
                    "values": [
                        0.03803862740156096,
                        0.05543159993628019
                    ]
                },
                {
                    "type": "tuple",
                    "values": [
                        -0.0761529423127735,
                        -0.059074907939781436
                    ]
                },
                {
                    "type": "tuple",
                    "values": [
                        -0.00450757770844935,
                        0.00520345281784
                    ]
                },
                {
                    "type": "tuple",
                    "values": [
                        -0.006690108646996489,
                        0.0019437730644304963
                    ]
                },
                {
                    "type": "tuple",
                    "values": [
                        -0.003710054021086269,
                        0.00763885372081
                    ]
                },
                {
                    "type": "tuple",
                    "values": [
                        -0.008890064096062347,
                        0.003351893611906754
                    ]
                }
            ]
        },
        "values_at_sigma_1": {
            "type": "list",
            "values": [
                {
                    "type": "tuple",
                    "values": [
                        0.0430692406148171,
                        0.04902389332464791
                    ]
                },
                {
                    "type": "tuple",
                    "values": [
                        -0.07032372961914,
                        -0.06464079249980034
                    ]
                },
                {
                    "type": "tuple",
                    "values": [
                        -0.0013973866317115152,
                        0.0017918448038
                    ]
                },
                {
                    "type": "tuple",
                    "values": [
                        -0.00368583040819,
                        -0.00066587851192
                    ]
                },
                {
                    "type": "tuple",
                    "values": [
                        -0.0006220627100351661,
                        0.003486806422262297
                    ]
                },
                {
                    "type": "tuple",
                    "values": [
                        -0.0042715065553554695,
                        -0.0005067548158877873
                    ]
                }
            ]
        },
        "model": null,
        "errors_at_sigma_1": {
            "type": "list",
            "values": [
                {
                    "type": "tuple",
                    "values": [
                        0.002943072027103255,
                        0.003011580682727555
                    ]
                },
                {
                    "type": "tuple",
                    "values": [
                        0.0027187127796996224,
                        0.0029642243396400397
                    ]
                },
                {
                    "type": "tuple",
                    "values": [
                        0.0016820065537760196,
                        0.0015072248817354955
                    ]
                },
                {
                    "type": "tuple",
                    "values": [
                        0.0016143024609000002,
                        0.00140564943537
                    ]
                },
                {
                    "type": "tuple",
                    "values": [
                        0.001996352733525166,
                        0.0021125163987722973
                    ]
                },
                {
                    "type": "tuple",
                    "values": [
                        0.0017971924378762504,
                        0.0019675593015914318
                    ]
                }
            ]
        },
        "log_evidence": -34.96073562312474,
        "max_log_likelihood_sample": {
            "type": "instance",
            "class_path": "autofit.non_linear.samples.sample.Sample",
            "arguments": {
                "log_likelihood": -9.55724628924665,
                "log_prior": 0.0,
                "weight": 0.0010322626517951159,
                "kwargs": {
                    "type": "dict",
                    "arguments": {
                        "ellipses.0.ell_comps.ell_comps_0": 0.04578677247951,
                        "ellipses.0.ell_comps.ell_comps_1": -0.06927513059082,
                        "multipoles.0.multipole_3.multipole_comps.multipole_comps_0": 0.00043151253406,
                        "multipoles.0.multipole_3.multipole_comps.multipole_comps_1": -0.00203704619791,
                        "multipoles.0.multipole_4.multipole_comps.multipole_comps_0": 0.0021303241855,
                        "multipoles.0.multipole_4.multipole_comps.multipole_comps_1": -0.00189774181739
                    }
                }
            }
        }
    }
}