{
    "type": "instance",
    "class_path": "autofit.non_linear.samples.summary.SamplesSummary",
    "arguments": {
        "max_log_likelihood_sample": {
            "type": "instance",
            "class_path": "autofit.non_linear.samples.sample.Sample",
            "arguments": {
                "log_likelihood": -50.828132251688466,
                "log_prior": 0.0,
                "weight": 0.0010396397896445984,
                "kwargs": {
                    "type": "dict",
                    "arguments": {
                        "ellipses.0.ell_comps.ell_comps_0": -0.09630834228696,
                        "ellipses.0.ell_comps.ell_comps_1": -0.04212557206293,
                        "multipoles.0.multipole_1.multipole_comps.multipole_comps_0": 0.01161007526877,
                        "multipoles.0.multipole_1.multipole_comps.multipole_comps_1": 0.00037709183938,
                        "multipoles.0.multipole_3.multipole_comps.multipole_comps_0": -0.0077099926681,
                        "multipoles.0.multipole_3.multipole_comps.multipole_comps_1": 0.00374335437076,
                        "multipoles.0.multipole_4.multipole_comps.multipole_comps_0": 0.00392656949341,
                        "multipoles.0.multipole_4.multipole_comps.multipole_comps_1": -0.01278771613748
                    }
                }
            }
        },
        "errors_at_sigma_3": {
            "type": "list",
            "values": [
                {
                    "type": "tuple",
                    "values": [
                        0.017164667933573075,
                        0.008352778124836924
                    ]
                },
                {
                    "type": "tuple",
                    "values": [
                        0.009188335756172138,
                        0.00728850359163203
                    ]
                },
                {
                    "type": "tuple",
                    "values": [
                        0.023068502703650837,
                        0.020692679928273186
                    ]
                },
                {
                    "type": "tuple",
                    "values": [
                        0.01707349380274,
                        0.014583277593221908
                    ]
                },
                {
                    "type": "tuple",
                    "values": [
                        0.02042810043183075,
                        0.016416998561312183
                    ]
                },
                {
                    "type": "tuple",
                    "values": [
                        0.017538192786720454,
                        0.0184524501589766
                    ]
                },
                {
                    "type": "tuple",
                    "values": [
                        0.03523647675249759,
                        0.022812584040178965
                    ]
                },
                {
                    "type": "tuple",
                    "values": [
                        0.018111697555260958,
                        0.019775750410720067
                    ]
                }
            ]
        },
        "values_at_sigma_1": {
            "type": "list",
            "values": [
                {
                    "type": "tuple",
                    "values": [
                        -0.10047361884180019,
                        -0.0951798397156463
                    ]
                },
                {
                    "type": "tuple",
                    "values": [
                        -0.04539527270479,
                        -0.04008248635592202
                    ]
                },
                {
                    "type": "tuple",
                    "values": [
                        0.004353360095633515,
                        0.018493139422414602
                    ]
                },
                {
                    "type": "tuple",
                    "values": [
                        -0.008618848169383327,
                        0.002730383793372245
                    ]
                },
                {
                    "type": "tuple",
                    "values": [
                        -0.01291807391407704,
                        -0.00036018297062
                    ]
                },
                {
                    "type": "tuple",
                    "values": [
                        -0.0023974655343310717,
                        0.00986154161526
                    ]
                },
                {
                    "type": "tuple",
                    "values": [
                        -0.01128013007292,
                        0.00547207770902
                    ]
                },
                {
                    "type": "tuple",
                    "values": [
                        -0.018144416085136814,
                        -0.004879238190449565
                    ]
                }
            ]
        },
        "median_pdf_sample": {
            "type": "instance",
            "class_path": "autofit.non_linear.samples.sample.Sample",
            "arguments": {
                "log_likelihood": -50.828132251688466,
                "log_prior": 0.0,
                "weight": 0.0010396397896445984,
                "kwargs": {
                    "type": "dict",
                    "arguments": {
                        "ellipses.0.ell_comps.ell_comps_0": -0.09747218324485693,
                        "ellipses.0.ell_comps.ell_comps_1": -0.04275618087703938,
                        "multipoles.0.multipole_1.multipole_comps.multipole_comps_0": 0.011302808423630835,
                        "multipoles.0.multipole_1.multipole_comps.multipole_comps_1": -0.00292002811061,
                        "multipoles.0.multipole_3.multipole_comps.multipole_comps_0": -0.006459845775479248,
                        "multipoles.0.multipole_3.multipole_comps.multipole_comps_1": 0.003599373333353401,
                        "multipoles.0.multipole_4.multipole_comps.multipole_comps_0": -0.002570741493492412,
                        "multipoles.0.multipole_4.multipole_comps.multipole_comps_1": -0.01129012375851
                    }
                }
            }
        },
        "errors_at_sigma_1": {
            "type": "list",
            "values": [
                {
                    "type": "tuple",
                    "values": [
                        0.0030014355969432555,
                        0.002292343529210636
                    ]
                },
                {
                    "type": "tuple",
                    "values": [
                        0.0026390918277506142,
                        0.002673694521117362
                    ]
                },
                {
                    "type": "tuple",
                    "values": [
                        0.00694944832799732,
                        0.0071903309987837675
                    ]
                },
                {
                    "type": "tuple",
                    "values": [
                        0.005698820058773327,
                        0.005650411903982245
                    ]
                },
                {
                    "type": "tuple",
                    "values": [
                        0.006458228138597792,
                        0.006099662804859248
                    ]
                },
                {
                    "type": "tuple",
                    "values": [
                        0.005996838867684473,
                        0.006262168281906599
                    ]
                },
                {
                    "type": "tuple",
                    "values": [
                        0.008709388579427588,
                        0.008042819202512413
                    ]
                },
                {
                    "type": "tuple",
                    "values": [
                        0.006854292326626814,
                        0.006410885568060435
                    ]
                }
            ]
        },
        "values_at_sigma_3": {
            "type": "list",
            "values": [
                {
                    "type": "tuple",
                    "values": [
                        -0.11463685117843,
                        -0.08911940512002
                    ]
                },
                {
                    "type": "tuple",
                    "values": [
                        -0.05194451663321152,
                        -0.035467677285407354
                    ]
                },
                {
                    "type": "tuple",
                    "values": [
                        -0.01176569428002,
                        0.03199548835190402
                    ]
                },
                {
                    "type": "tuple",
                    "values": [
                        -0.01999352191335,
                        0.011663249482611908
                    ]
                },
                {
                    "type": "tuple",
                    "values": [
                        -0.02688794620731,
                        0.009957152785832934
                    ]
                },
                {
                    "type": "tuple",
                    "values": [
                        -0.013938819453367052,
                        0.02205182349233
                    ]
                },
                {
                    "type": "tuple",
                    "values": [
                        -0.03780721824599,
                        0.020241842546686553
                    ]
                },
                {
                    "type": "tuple",
                    "values": [
                        -0.02940182131377096,
                        0.008485626652210067
                    ]
                }
            ]
        },
        "log_evidence": -77.89765197260375,
        "model": null
    }
}