{
    "type": "instance",
    "class_path": "autofit.non_linear.samples.summary.SamplesSummary",
    "arguments": {
        "max_log_likelihood_sample": {
            "type": "instance",
            "class_path": "autofit.non_linear.samples.sample.Sample",
            "arguments": {
                "log_likelihood": -56857.940246911094,
                "log_prior": 0.01873203330419767,
                "weight": 4.610496735221478e-05,
                "kwargs": {
                    "type": "dict",
                    "arguments": {
                        "galaxies.lens.mass.ell_comps.ell_comps_0": 0.05333327315400717,
                        "galaxies.lens.mass.ell_comps.ell_comps_1": -0.03606927705114191,
                        "galaxies.lens.multipole_4.einstein_radius": 1.4219240293730544,
                        "galaxies.lens.multipole_4.centre.centre_0": -0.014192276341080523,
                        "galaxies.lens.multipole_4.centre.centre_1": 0.0035178387344735303,
                        "galaxies.lens.multipole_3.multipole_comps.multipole_comps_0": -0.0031877684598,
                        "galaxies.lens.multipole_3.multipole_comps.multipole_comps_1": 0.00030170322168,
                        "galaxies.lens.multipole_4.multipole_comps.multipole_comps_0": -0.00357818127597,
                        "galaxies.lens.multipole_4.multipole_comps.multipole_comps_1": -0.001018058518,
                        "galaxies.lens.multipole_4.slope": 2.37080521377765,
                        "galaxies.lens.shear.gamma_1": -0.07463517499593,
                        "galaxies.lens.shear.gamma_2": 0.07425284844436
                    }
                }
            }
        },
        "values_at_sigma_3": {
            "type": "list",
            "values": [
                {
                    "type": "tuple",
                    "values": [
                        0.041050515702607954,
                        0.08106815194645581
                    ]
                },
                {
                    "type": "tuple",
                    "values": [
                        -0.06293784687269573,
                        -0.020816725154864598
                    ]
                },
                {
                    "type": "tuple",
                    "values": [
                        1.4134491097181665,
                        1.4470070762783542
                    ]
                },
                {
                    "type": "tuple",
                    "values": [
                        -0.023304783879922405,
                        -0.008922140090094725
                    ]
                },
                {
                    "type": "tuple",
                    "values": [
                        -0.00316793201343345,
                        0.010779578693187722
                    ]
                },
                {
                    "type": "tuple",
                    "values": [
                        -0.007490804548926145,
                        0.00023809560069906679
                    ]
                },
                {
                    "type": "tuple",
                    "values": [
                        -0.0028089017559799895,
                        0.004964093940741631
                    ]
                },
                {
                    "type": "tuple",
                    "values": [
                        -0.008666793555292577,
                        0.00012941029515952613
                    ]
                },
                {
                    "type": "tuple",
                    "values": [
                        -0.00392832159053886,
                        0.0017700941586118997
                    ]
                },
                {
                    "type": "tuple",
                    "values": [
                        2.2558398333578706,
                        2.538326099156634
                    ]
                },
                {
                    "type": "tuple",
                    "values": [
                        -0.08593584813526806,
                        -0.06779511029553296
                    ]
                },
                {
                    "type": "tuple",
                    "values": [
                        0.06965745555393416,
                        0.08438367378157725
                    ]
                }
            ]
        },
        "median_pdf_sample": {
            "type": "instance",
            "class_path": "autofit.non_linear.samples.sample.Sample",
            "arguments": {
                "log_likelihood": -56857.940246911094,
                "log_prior": 0.01873203330419767,
                "weight": 4.610496735221478e-05,
                "kwargs": {
                    "type": "dict",
                    "arguments": {
                        "galaxies.lens.mass.ell_comps.ell_comps_0": 0.05755484220521784,
                        "galaxies.lens.mass.ell_comps.ell_comps_1": -0.040449496417080594,
                        "galaxies.lens.multipole_4.einstein_radius": 1.4261150501396191,
                        "galaxies.lens.multipole_4.centre.centre_0": -0.015882364012936894,
                        "galaxies.lens.multipole_4.centre.centre_1": 0.004473796258991241,
                        "galaxies.lens.multipole_3.multipole_comps.multipole_comps_0": -0.0034630074532943545,
                        "galaxies.lens.multipole_3.multipole_comps.multipole_comps_1": 0.0008628304203667011,
                        "galaxies.lens.multipole_4.multipole_comps.multipole_comps_0": -0.004357946222827898,
                        "galaxies.lens.multipole_4.multipole_comps.multipole_comps_1": -0.0012488435166478917,
                        "galaxies.lens.multipole_4.slope": 2.394634149808207,
                        "galaxies.lens.shear.gamma_1": -0.07658721566361112,
                        "galaxies.lens.shear.gamma_2": 0.07681609005315328
                    }
                }
            }
        },
        "errors_at_sigma_1": {
            "type": "list",
            "values": [
                {
                    "type": "tuple",
                    "values": [
                        0.005359235849569793,
                        0.006273098543353853
                    ]
                },
                {
                    "type": "tuple",
                    "values": [
                        0.006845678271319003,
                        0.006068416531640829
                    ]
                },
                {
                    "type": "tuple",
                    "values": [
                        0.004245195565691917,
                        0.005713148683015756
                    ]
                },
                {
                    "type": "tuple",
                    "values": [
                        0.0022371480440419762,
                        0.0022817730334189473
                    ]
                },
                {
                    "type": "tuple",
                    "values": [
                        0.002349863637721396,
                        0.0021172660207702176
                    ]
                },
                {
                    "type": "tuple",
                    "values": [
                        0.0013162686867505325,
                        0.0011965661536495896
                    ]
                },
                {
                    "type": "tuple",
                    "values": [
                        0.0011774485856136478,
                        0.0013077043446196085
                    ]
                },
                {
                    "type": "tuple",
                    "values": [
                        0.001391862761165011,
                        0.001367202600175802
                    ]
                },
                {
                    "type": "tuple",
                    "values": [
                        0.0008773219812404419,
                        0.0008487717085130336
                    ]
                },
                {
                    "type": "tuple",
                    "values": [
                        0.02383552904143782,
                        0.04536611745109065
                    ]
                },
                {
                    "type": "tuple",
                    "values": [
                        0.0029063544103827693,
                        0.002431217917664874
                    ]
                },
                {
                    "type": "tuple",
                    "values": [
                        0.0019919170029413513,
                        0.002357643237433385
                    ]
                }
            ]
        },
        "model": null,
        "errors_at_sigma_3": {
            "type": "list",
            "values": [
                {
                    "type": "tuple",
                    "values": [
                        0.016504326502609884,
                        0.02351330974123797
                    ]
                },
                {
                    "type": "tuple",
                    "values": [
                        0.022488350455615133,
                        0.019632771262215996
                    ]
                },
                {
                    "type": "tuple",
                    "values": [
                        0.012665940421452637,
                        0.020892026138735087
                    ]
                },
                {
                    "type": "tuple",
                    "values": [
                        0.007422419866985511,
                        0.006960223922842169
                    ]
                },
                {
                    "type": "tuple",
                    "values": [
                        0.007641728272424691,
                        0.006305782434196481
                    ]
                },
                {
                    "type": "tuple",
                    "values": [
                        0.00402779709563179,
                        0.003701103053993421
                    ]
                },
                {
                    "type": "tuple",
                    "values": [
                        0.0036717321763466903,
                        0.00410126352037493
                    ]
                },
                {
                    "type": "tuple",
                    "values": [
                        0.004308847332464678,
                        0.004487356517987424
                    ]
                },
                {
                    "type": "tuple",
                    "values": [
                        0.0026794780738909688,
                        0.0030189376752597914
                    ]
                },
                {
                    "type": "tuple",
                    "values": [
                        0.13879431645033646,
                        0.143691949348427
                    ]
                },
                {
                    "type": "tuple",
                    "values": [
                        0.009348632471656931,
                        0.00879210536807816
                    ]
                },
                {
                    "type": "tuple",
                    "values": [
                        0.007158634499219121,
                        0.007567583728423977
                    ]
                }
            ]
        },
        "log_evidence": -56913.5508858334,
        "values_at_sigma_1": {
            "type": "list",
            "values": [
                {
                    "type": "tuple",
                    "values": [
                        0.052195606355648044,
                        0.06382794074857169
                    ]
                },
                {
                    "type": "tuple",
                    "values": [
                        -0.0472951746883996,
                        -0.034381079885439765
                    ]
                },
                {
                    "type": "tuple",
                    "values": [
                        1.4218698545739272,
                        1.431828198822635
                    ]
                },
                {
                    "type": "tuple",
                    "values": [
                        -0.01811951205697887,
                        -0.013600590979517947
                    ]
                },
                {
                    "type": "tuple",
                    "values": [
                        0.0021239326212698453,
                        0.006591062279761459
                    ]
                },
                {
                    "type": "tuple",
                    "values": [
                        -0.004779276140044887,
                        -0.002266441299644765
                    ]
                },
                {
                    "type": "tuple",
                    "values": [
                        -0.00031461816524694684,
                        0.0021705347649863095
                    ]
                },
                {
                    "type": "tuple",
                    "values": [
                        -0.005749808983992909,
                        -0.0029907436226520962
                    ]
                },
                {
                    "type": "tuple",
                    "values": [
                        -0.0021261654978883336,
                        -0.0004000718081348581
                    ]
                },
                {
                    "type": "tuple",
                    "values": [
                        2.3707986207667693,
                        2.4400002672592978
                    ]
                },
                {
                    "type": "tuple",
                    "values": [
                        -0.0794935700739939,
                        -0.07415599774594625
                    ]
                },
                {
                    "type": "tuple",
                    "values": [
                        0.07482417305021193,
                        0.07917373329058666
                    ]
                }
            ]
        }
    }
}