{
    "type": "instance",
    "class_path": "autofit.non_linear.samples.summary.SamplesSummary",
    "arguments": {
        "model": null,
        "errors_at_sigma_3": {
            "type": "list",
            "values": [
                {
                    "type": "tuple",
                    "values": [
                        0.1010824834147511,
                        0.09832118483943138
                    ]
                },
                {
                    "type": "tuple",
                    "values": [
                        0.14246770608415632,
                        0.16516838034917364
                    ]
                },
                {
                    "type": "tuple",
                    "values": [
                        0.06884364350774,
                        0.12626978151648
                    ]
                },
                {
                    "type": "tuple",
                    "values": [
                        0.09926545744725403,
                        0.11355942326161261
                    ]
                },
                {
                    "type": "tuple",
                    "values": [
                        0.12097600623004928,
                        0.07046836062667071
                    ]
                },
                {
                    "type": "tuple",
                    "values": [
                        0.07552996275050725,
                        0.05713181375405029
                    ]
                },
                {
                    "type": "tuple",
                    "values": [
                        0.06826132662420155,
                        0.09009499157647845
                    ]
                },
                {
                    "type": "tuple",
                    "values": [
                        0.0920082803506024,
                        0.10134948157163239
                    ]
                }
            ]
        },
        "values_at_sigma_1": {
            "type": "list",
            "values": [
                {
                    "type": "tuple",
                    "values": [
                        -0.05458016667306,
                        0.013850737614697168
                    ]
                },
                {
                    "type": "tuple",
                    "values": [
                        0.17974735658449095,
                        0.23124551752377323
                    ]
                },
                {
                    "type": "tuple",
                    "values": [
                        -0.022994567665353495,
                        0.029728677109358188
                    ]
                },
                {
                    "type": "tuple",
                    "values": [
                        -0.016773787710796403,
                        0.04238176856722129
                    ]
                },
                {
                    "type": "tuple",
                    "values": [
                        -0.022740723381454848,
                        0.07116961259146
                    ]
                },
                {
                    "type": "tuple",
                    "values": [
                        0.01182202472898,
                        0.06152779345006267
                    ]
                },
                {
                    "type": "tuple",
                    "values": [
                        -0.05436371726477,
                        0.01208361007003
                    ]
                },
                {
                    "type": "tuple",
                    "values": [
                        -0.03848861578873659,
                        0.024130525173755243
                    ]
                }
            ]
        },
        "values_at_sigma_3": {
            "type": "list",
            "values": [
                {
                    "type": "tuple",
                    "values": [
                        -0.1287620773392611,
                        0.07064159091492138
                    ]
                },
                {
                    "type": "tuple",
                    "values": [
                        0.06498023638616,
                        0.37261632281949
                    ]
                },
                {
                    "type": "tuple",
                    "values": [
                        -0.06774556598473,
                        0.12736785903949
                    ]
                },
                {
                    "type": "tuple",
                    "values": [
                        -0.08630346629948567,
                        0.12652141440938097
                    ]
                },
                {
                    "type": "tuple",
                    "values": [
                        -0.09318490920872,
                        0.098259457648
                    ]
                },
                {
                    "type": "tuple",
                    "values": [
                        -0.03786135286760725,
                        0.09480042363695029
                    ]
                },
                {
                    "type": "tuple",
                    "values": [
                        -0.09102939046206,
                        0.06732692773862
                    ]
                },
                {
                    "type": "tuple",
                    "values": [
                        -0.09733538800274545,
                        0.09602237391948934
                    ]
                }
            ]
        },
        "errors_at_sigma_1": {
            "type": "list",
            "values": [
                {
                    "type": "tuple",
                    "values": [
                        0.026900572748550004,
                        0.04153033153920717
                    ]
                },
                {
                    "type": "tuple",
                    "values": [
                        0.027700585885825385,
                        0.023797575053456893
                    ]
                },
                {
                    "type": "tuple",
                    "values": [
                        0.024092645188363494,
                        0.02863059958634819
                    ]
                },
                {
                    "type": "tuple",
                    "values": [
                        0.029735778858564762,
                        0.029419777419452932
                    ]
                },
                {
                    "type": "tuple",
                    "values": [
                        0.05053182040278414,
                        0.04337851557013071
                    ]
                },
                {
                    "type": "tuple",
                    "values": [
                        0.02584658515392,
                        0.02385918356716267
                    ]
                },
                {
                    "type": "tuple",
                    "values": [
                        0.03159565342691155,
                        0.03485167390788846
                    ]
                },
                {
                    "type": "tuple",
                    "values": [
                        0.03316150813659355,
                        0.02945763282589828
                    ]
                }
            ]
        },
        "log_evidence": -29.290167074741145,
        "median_pdf_sample": {
            "type": "instance",
            "class_path": "autofit.non_linear.samples.sample.Sample",
            "arguments": {
                "log_likelihood": -13.297771552302496,
                "log_prior": 0.0,
                "weight": 0.0008957915883235956,
                "kwargs": {
                    "type": "dict",
                    "arguments": {
                        "ellipses.0.ell_comps.ell_comps_0": -0.02767959392451,
                        "ellipses.0.ell_comps.ell_comps_1": 0.20744794247031634,
                        "multipoles.0.multipole_1.multipole_comps.multipole_comps_0": 0.00109807752301,
                        "multipoles.0.multipole_1.multipole_comps.multipole_comps_1": 0.01296199114776836,
                        "multipoles.0.multipole_3.multipole_comps.multipole_comps_0": 0.02779109702132929,
                        "multipoles.0.multipole_3.multipole_comps.multipole_comps_1": 0.0376686098829,
                        "multipoles.0.multipole_4.multipole_comps.multipole_comps_0": -0.022768063837858454,
                        "multipoles.0.multipole_4.multipole_comps.multipole_comps_1": -0.005327107652143039
                    }
                }
            }
        },
        "max_log_likelihood_sample": {
            "type": "instance",
            "class_path": "autofit.non_linear.samples.sample.Sample",
            "arguments": {
                "log_likelihood": -13.297771552302496,
                "log_prior": 0.0,
                "weight": 0.0008957915883235956,
                "kwargs": {
                    "type": "dict",
                    "arguments": {
                        "ellipses.0.ell_comps.ell_comps_0": -0.06497913163524,
                        "ellipses.0.ell_comps.ell_comps_1": 0.21048048277489,
                        "multipoles.0.multipole_1.multipole_comps.multipole_comps_0": 0.03008128666837,
                        "multipoles.0.multipole_1.multipole_comps.multipole_comps_1": 0.01033462907887,
                        "multipoles.0.multipole_3.multipole_comps.multipole_comps_0": 0.0146070392511,
                        "multipoles.0.multipole_3.multipole_comps.multipole_comps_1": 0.04909920833421,
                        "multipoles.0.multipole_4.multipole_comps.multipole_comps_0": 0.00013659353148,
                        "multipoles.0.multipole_4.multipole_comps.multipole_comps_1": 0.00931673478174
                    }
                }
            }
        }
    }
}