{
    "type": "instance",
    "class_path": "autofit.non_linear.samples.summary.SamplesSummary",
    "arguments": {
        "max_log_likelihood_sample": {
            "type": "instance",
            "class_path": "autofit.non_linear.samples.sample.Sample",
            "arguments": {
                "log_likelihood": -25.97114296750744,
                "log_prior": 0.0,
                "weight": 0.0009767009412607723,
                "kwargs": {
                    "type": "dict",
                    "arguments": {
                        "ellipses.0.ell_comps.ell_comps_0": 0.01003686492712,
                        "ellipses.0.ell_comps.ell_comps_1": 0.10139042414429
                    }
                }
            }
        },
        "errors_at_sigma_1": {
            "type": "list",
            "values": [
                {
                    "type": "tuple",
                    "values": [
                        0.004591967628436199,
                        0.003746480971842974
                    ]
                },
                {
                    "type": "tuple",
                    "values": [
                        0.005597347224063437,
                        0.007217708677453888
                    ]
                }
            ]
        },
        "errors_at_sigma_3": {
            "type": "list",
            "values": [
                {
                    "type": "tuple",
                    "values": [
                        0.012249157527062644,
                        0.012286037048460001
                    ]
                },
                {
                    "type": "tuple",
                    "values": [
                        0.015200680761927654,
                        0.016705352775222435
                    ]
                }
            ]
        },
        "model": null,
        "median_pdf_sample": {
            "type": "instance",
            "class_path": "autofit.non_linear.samples.sample.Sample",
            "arguments": {
                "log_likelihood": -25.97114296750744,
                "log_prior": 0.0,
                "weight": 0.0009767009412607723,
                "kwargs": {
                    "type": "dict",
                    "arguments": {
                        "ellipses.0.ell_comps.ell_comps_0": 0.00789985030397,
                        "ellipses.0.ell_comps.ell_comps_1": 0.09336397131908371
                    }
                }
            }
        },
        "log_evidence": -34.801856209434604,
        "values_at_sigma_1": {
            "type": "list",
            "values": [
                {
                    "type": "tuple",
                    "values": [
                        0.0033078826755338015,
                        0.011646331275812974
                    ]
                },
                {
                    "type": "tuple",
                    "values": [
                        0.08776662409502027,
                        0.1005816799965376
                    ]
                }
            ]
        },
        "values_at_sigma_3": {
            "type": "list",
            "values": [
                {
                    "type": "tuple",
                    "values": [
                        -0.004349307223092643,
                        0.02018588735243
                    ]
                },
                {
                    "type": "tuple",
                    "values": [
                        0.07816329055715605,
                        0.11006932409430614
                    ]
                }
            ]
        }
    }
}