{
    "type": "instance",
    "class_path": "autofit.non_linear.samples.summary.SamplesSummary",
    "arguments": {
        "values_at_sigma_1": {
            "type": "list",
            "values": [
                {
                    "type": "tuple",
                    "values": [
                        -0.1476094762135865,
                        -0.14303631414414
                    ]
                },
                {
                    "type": "tuple",
                    "values": [
                        -0.03474348656637225,
                        -0.02982864816577
                    ]
                },
                {
                    "type": "tuple",
                    "values": [
                        -0.000456473238008427,
                        0.00060483039664
                    ]
                },
                {
                    "type": "tuple",
                    "values": [
                        -0.0006451353822805401,
                        0.00038266676517
                    ]
                },
                {
                    "type": "tuple",
                    "values": [
                        -0.001044662585564087,
                        0.00036450240637612497
                    ]
                },
                {
                    "type": "tuple",
                    "values": [
                        -0.0011143998462893269,
                        0.00034589302768
                    ]
                }
            ]
        },
        "errors_at_sigma_1": {
            "type": "list",
            "values": [
                {
                    "type": "tuple",
                    "values": [
                        0.002180540191450836,
                        0.00239262187799566
                    ]
                },
                {
                    "type": "tuple",
                    "values": [
                        0.0024407218362922506,
                        0.00247411656431
                    ]
                },
                {
                    "type": "tuple",
                    "values": [
                        0.0005167332095351712,
                        0.0005445704251132557
                    ]
                },
                {
                    "type": "tuple",
                    "values": [
                        0.00048645362954830517,
                        0.000541348517902235
                    ]
                },
                {
                    "type": "tuple",
                    "values": [
                        0.0006582574162408269,
                        0.0007509075756993851
                    ]
                },
                {
                    "type": "tuple",
                    "values": [
                        0.0007277210806693269,
                        0.0007325717933
                    ]
                }
            ]
        },
        "median_pdf_sample": {
            "type": "instance",
            "class_path": "autofit.non_linear.samples.sample.Sample",
            "arguments": {
                "log_likelihood": -13.100516315441991,
                "log_prior": 0.0,
                "weight": 0.0010191356844494314,
                "kwargs": {
                    "type": "dict",
                    "arguments": {
                        "ellipses.0.ell_comps.ell_comps_0": -0.14542893602213566,
                        "ellipses.0.ell_comps.ell_comps_1": -0.03230276473008,
                        "multipoles.0.multipole_3.multipole_comps.multipole_comps_0": 6.0259971526744314e-05,
                        "multipoles.0.multipole_3.multipole_comps.multipole_comps_1": -0.00015868175273223498,
                        "multipoles.0.multipole_4.multipole_comps.multipole_comps_0": -0.0003864051693232601,
                        "multipoles.0.multipole_4.multipole_comps.multipole_comps_1": -0.00038667876562
                    }
                }
            }
        },
        "values_at_sigma_3": {
            "type": "list",
            "values": [
                {
                    "type": "tuple",
                    "values": [
                        -0.15140305813245258,
                        -0.13838534120629
                    ]
                },
                {
                    "type": "tuple",
                    "values": [
                        -0.04018192314521788,
                        -0.02513152000353
                    ]
                },
                {
                    "type": "tuple",
                    "values": [
                        -0.0016214409953262817,
                        0.0017755995478878814
                    ]
                },
                {
                    "type": "tuple",
                    "values": [
                        -0.0015755567682519203,
                        0.00153778949723
                    ]
                },
                {
                    "type": "tuple",
                    "values": [
                        -0.002509132852111766,
                        0.001784716733282921
                    ]
                },
                {
                    "type": "tuple",
                    "values": [
                        -0.0024092261560663577,
                        0.00233248078146
                    ]
                }
            ]
        },
        "errors_at_sigma_3": {
            "type": "list",
            "values": [
                {
                    "type": "tuple",
                    "values": [
                        0.005974122110316921,
                        0.007043594815845655
                    ]
                },
                {
                    "type": "tuple",
                    "values": [
                        0.00787915841513788,
                        0.007171244726550001
                    ]
                },
                {
                    "type": "tuple",
                    "values": [
                        0.001681700966853026,
                        0.0017153395763611372
                    ]
                },
                {
                    "type": "tuple",
                    "values": [
                        0.0014168750155196853,
                        0.001696471249962235
                    ]
                },
                {
                    "type": "tuple",
                    "values": [
                        0.002122727682788506,
                        0.002171121902606181
                    ]
                },
                {
                    "type": "tuple",
                    "values": [
                        0.002022547390446358,
                        0.00271915954708
                    ]
                }
            ]
        },
        "model": null,
        "max_log_likelihood_sample": {
            "type": "instance",
            "class_path": "autofit.non_linear.samples.sample.Sample",
            "arguments": {
                "log_likelihood": -13.100516315441991,
                "log_prior": 0.0,
                "weight": 0.0010191356844494314,
                "kwargs": {
                    "type": "dict",
                    "arguments": {
                        "ellipses.0.ell_comps.ell_comps_0": -0.14550134056009,
                        "ellipses.0.ell_comps.ell_comps_1": -0.03352777344709,
                        "multipoles.0.multipole_3.multipole_comps.multipole_comps_0": 8.42139618e-06,
                        "multipoles.0.multipole_3.multipole_comps.multipole_comps_1": -0.00022495689428,
                        "multipoles.0.multipole_4.multipole_comps.multipole_comps_0": -0.00063872255447,
                        "multipoles.0.multipole_4.multipole_comps.multipole_comps_1": -0.00076432328484
                    }
                }
            }
        },
        "log_evidence": -42.73200495879671
    }
}