{
    "type": "instance",
    "class_path": "autofit.non_linear.samples.summary.SamplesSummary",
    "arguments": {
        "values_at_sigma_3": {
            "type": "list",
            "values": [
                {
                    "type": "tuple",
                    "values": [
                        -0.08102105555994,
                        -0.02649067434756
                    ]
                },
                {
                    "type": "tuple",
                    "values": [
                        -0.10482544496973,
                        -0.05284713400288
                    ]
                }
            ]
        },
        "errors_at_sigma_3": {
            "type": "list",
            "values": [
                {
                    "type": "tuple",
                    "values": [
                        0.020190936671830008,
                        0.03433944454055
                    ]
                },
                {
                    "type": "tuple",
                    "values": [
                        0.011893151615389994,
                        0.04008515935146
                    ]
                }
            ]
        },
        "values_at_sigma_1": {
            "type": "list",
            "values": [
                {
                    "type": "tuple",
                    "values": [
                        -0.06621764009573385,
                        -0.04907287231643913
                    ]
                },
                {
                    "type": "tuple",
                    "values": [
                        -0.09672910422811,
                        -0.08487578473971
                    ]
                }
            ]
        },
        "errors_at_sigma_1": {
            "type": "list",
            "values": [
                {
                    "type": "tuple",
                    "values": [
                        0.005387521207623848,
                        0.01175724657167087
                    ]
                },
                {
                    "type": "tuple",
                    "values": [
                        0.0037968108737699985,
                        0.008056508614630004
                    ]
                }
            ]
        },
        "log_evidence": -38.12885488172697,
        "max_log_likelihood_sample": {
            "type": "instance",
            "class_path": "autofit.non_linear.samples.sample.Sample",
            "arguments": {
                "log_likelihood": -28.724965349539108,
                "log_prior": 0.0,
                "weight": 0.000987447008228282,
                "kwargs": {
                    "type": "dict",
                    "arguments": {
                        "ellipses.0.ell_comps.ell_comps_0": -0.06366341470837,
                        "ellipses.0.ell_comps.ell_comps_1": -0.09409554487425
                    }
                }
            }
        },
        "model": null,
        "median_pdf_sample": {
            "type": "instance",
            "class_path": "autofit.non_linear.samples.sample.Sample",
            "arguments": {
                "log_likelihood": -28.724965349539108,
                "log_prior": 0.0,
                "weight": 0.000987447008228282,
                "kwargs": {
                    "type": "dict",
                    "arguments": {
                        "ellipses.0.ell_comps.ell_comps_0": -0.06083011888811,
                        "ellipses.0.ell_comps.ell_comps_1": -0.09293229335434
                    }
                }
            }
        }
    }
}