{
    "type": "instance",
    "class_path": "autofit.non_linear.samples.summary.SamplesSummary",
    "arguments": {
        "median_pdf_sample": {
            "type": "instance",
            "class_path": "autofit.non_linear.samples.sample.Sample",
            "arguments": {
                "log_likelihood": -47.44171434509782,
                "log_prior": 0.0,
                "weight": 0.001043324026952126,
                "kwargs": {
                    "type": "dict",
                    "arguments": {
                        "ellipses.0.ell_comps.ell_comps_0": -0.18114329782803,
                        "ellipses.0.ell_comps.ell_comps_1": 0.04855425685359,
                        "multipoles.0.multipole_3.multipole_comps.multipole_comps_0": 0.015883175216969674,
                        "multipoles.0.multipole_3.multipole_comps.multipole_comps_1": 0.03736889972156,
                        "multipoles.0.multipole_4.multipole_comps.multipole_comps_0": -0.05045881832183,
                        "multipoles.0.multipole_4.multipole_comps.multipole_comps_1": -0.011703188495500444
                    }
                }
            }
        },
        "errors_at_sigma_3": {
            "type": "list",
            "values": [
                {
                    "type": "tuple",
                    "values": [
                        0.027674152336970015,
                        0.050276108466677016
                    ]
                },
                {
                    "type": "tuple",
                    "values": [
                        0.07160633145410676,
                        0.02794634411198802
                    ]
                },
                {
                    "type": "tuple",
                    "values": [
                        0.11414525438773968,
                        0.08096288745622032
                    ]
                },
                {
                    "type": "tuple",
                    "values": [
                        0.1303452594799951,
                        0.05788754466251382
                    ]
                },
                {
                    "type": "tuple",
                    "values": [
                        0.0481406272649,
                        0.11742141488728577
                    ]
                },
                {
                    "type": "tuple",
                    "values": [
                        0.08320638801070153,
                        0.11095349217874045
                    ]
                }
            ]
        },
        "log_evidence": -65.25790067423834,
        "values_at_sigma_3": {
            "type": "list",
            "values": [
                {
                    "type": "tuple",
                    "values": [
                        -0.208817450165,
                        -0.13086718936135297
                    ]
                },
                {
                    "type": "tuple",
                    "values": [
                        -0.023052074600516757,
                        0.07650060096557802
                    ]
                },
                {
                    "type": "tuple",
                    "values": [
                        -0.09826207917077,
                        0.09684606267319
                    ]
                },
                {
                    "type": "tuple",
                    "values": [
                        -0.09297635975843507,
                        0.09525644438407382
                    ]
                },
                {
                    "type": "tuple",
                    "values": [
                        -0.09859944558673,
                        0.06696259656545578
                    ]
                },
                {
                    "type": "tuple",
                    "values": [
                        -0.09490957650620198,
                        0.09925030368324
                    ]
                }
            ]
        },
        "max_log_likelihood_sample": {
            "type": "instance",
            "class_path": "autofit.non_linear.samples.sample.Sample",
            "arguments": {
                "log_likelihood": -47.44171434509782,
                "log_prior": 0.0,
                "weight": 0.001043324026952126,
                "kwargs": {
                    "type": "dict",
                    "arguments": {
                        "ellipses.0.ell_comps.ell_comps_0": -0.17805964766802,
                        "ellipses.0.ell_comps.ell_comps_1": 0.03978070317668,
                        "multipoles.0.multipole_3.multipole_comps.multipole_comps_0": 0.01936035165542,
                        "multipoles.0.multipole_3.multipole_comps.multipole_comps_1": 0.09179333267076,
                        "multipoles.0.multipole_4.multipole_comps.multipole_comps_0": -0.07479162119614,
                        "multipoles.0.multipole_4.multipole_comps.multipole_comps_1": 0.04272243733478
                    }
                }
            }
        },
        "values_at_sigma_1": {
            "type": "list",
            "values": [
                {
                    "type": "tuple",
                    "values": [
                        -0.18432226573702085,
                        -0.14560575679655777
                    ]
                },
                {
                    "type": "tuple",
                    "values": [
                        0.03892060338533891,
                        0.05792730134882155
                    ]
                },
                {
                    "type": "tuple",
                    "values": [
                        0.00078404927169,
                        0.03245603231372955
                    ]
                },
                {
                    "type": "tuple",
                    "values": [
                        0.023955591820571547,
                        0.06457015063213
                    ]
                },
                {
                    "type": "tuple",
                    "values": [
                        -0.07145916479466055,
                        -0.033682607410639435
                    ]
                },
                {
                    "type": "tuple",
                    "values": [
                        -0.03749579192646,
                        0.03750083095393666
                    ]
                }
            ]
        },
        "errors_at_sigma_1": {
            "type": "list",
            "values": [
                {
                    "type": "tuple",
                    "values": [
                        0.0031789679089908596,
                        0.03553754103147222
                    ]
                },
                {
                    "type": "tuple",
                    "values": [
                        0.00963365346825109,
                        0.009373044495231547
                    ]
                },
                {
                    "type": "tuple",
                    "values": [
                        0.015099125945279674,
                        0.016572857096759878
                    ]
                },
                {
                    "type": "tuple",
                    "values": [
                        0.013413307900988457,
                        0.02720125091056999
                    ]
                },
                {
                    "type": "tuple",
                    "values": [
                        0.02100034647283055,
                        0.016776210911190567
                    ]
                },
                {
                    "type": "tuple",
                    "values": [
                        0.025792603430959557,
                        0.0492040194494371
                    ]
                }
            ]
        },
        "model": null
    }
}