{
    "type": "collection",
    "arguments": {
        "ellipses": {
            "type": "collection",
            "arguments": {
                "0": {
                    "type": "instance",
                    "class_path": "autogalaxy.ellipse.ellipse.ellipse.Ellipse",
                    "arguments": {
                        "major_axis": 0.25,
                        "centre": {
                            "type": "tuple",
                            "values": [
                                -0.00372766005821,
                                -0.01107005977287
                            ]
                        },
                        "ell_comps": {
                            "type": "tuple",
                            "values": [
                                -0.03416712132045,
                                0.02484532682087
                            ]
                        }
                    }
                },
                "1": {
                    "type": "instance",
                    "class_path": "autogalaxy.ellipse.ellipse.ellipse.Ellipse",
                    "arguments": {
                        "major_axis": 0.5,
                        "centre": {
                            "type": "tuple",
                            "values": [
                                -0.00372766005821,
                                -0.01107005977287
                            ]
                        },
                        "ell_comps": {
                            "type": "tuple",
                            "values": [
                                -0.03383621006424,
                                0.00525302085405
                            ]
                        }
                    }
                },
                "2": {
                    "type": "instance",
                    "class_path": "autogalaxy.ellipse.ellipse.ellipse.Ellipse",
                    "arguments": {
                        "major_axis": 0.75,
                        "centre": {
                            "type": "tuple",
                            "values": [
                                -0.00372766005821,
                                -0.01107005977287
                            ]
                        },
                        "ell_comps": {
                            "type": "tuple",
                            "values": [
                                -0.03598141933413,
                                -0.01867570074089
                            ]
                        }
                    }
                },
                "3": {
                    "type": "instance",
                    "class_path": "autogalaxy.ellipse.ellipse.ellipse.Ellipse",
                    "arguments": {
                        "major_axis": 1.0,
                        "centre": {
                            "type": "tuple",
                            "values": [
                                -0.00372766005821,
                                -0.01107005977287
                            ]
                        },
                        "ell_comps": {
                            "type": "tuple",
                            "values": [
                                -0.03920727851527,
                                -0.03734567014759
                            ]
                        }
                    }
                },
                "4": {
                    "type": "instance",
                    "class_path": "autogalaxy.ellipse.ellipse.ellipse.Ellipse",
                    "arguments": {
                        "major_axis": 1.25,
                        "centre": {
                            "type": "tuple",
                            "values": [
                                -0.00372766005821,
                                -0.01107005977287
                            ]
                        },
                        "ell_comps": {
                            "type": "tuple",
                            "values": [
                                -0.05909624821024,
                                -0.04817827124267
                            ]
                        }
                    }
                },
                "5": {
                    "type": "instance",
                    "class_path": "autogalaxy.ellipse.ellipse.ellipse.Ellipse",
                    "arguments": {
                        "major_axis": 1.5,
                        "centre": {
                            "type": "tuple",
                            "values": [
                                -0.00372766005821,
                                -0.01107005977287
                            ]
                        },
                        "ell_comps": {
                            "type": "tuple",
                            "values": [
                                -0.07173247907657,
                                -0.04560219944633
                            ]
                        }
                    }
                },
                "6": {
                    "type": "instance",
                    "class_path": "autogalaxy.ellipse.ellipse.ellipse.Ellipse",
                    "arguments": {
                        "major_axis": 1.75,
                        "centre": {
                            "type": "tuple",
                            "values": [
                                -0.00372766005821,
                                -0.01107005977287
                            ]
                        },
                        "ell_comps": {
                            "type": "tuple",
                            "values": [
                                -0.0650685918795,
                                -0.04822575341839
                            ]
                        }
                    }
                },
                "7": {
                    "type": "instance",
                    "class_path": "autogalaxy.ellipse.ellipse.ellipse.Ellipse",
                    "arguments": {
                        "major_axis": 2.0,
                        "centre": {
                            "type": "tuple",
                            "values": [
                                -0.00372766005821,
                                -0.01107005977287
                            ]
                        },
                        "ell_comps": {
                            "type": "tuple",
                            "values": [
                                -0.08174263665223,
                                -0.04225015517896
                            ]
                        }
                    }
                },
                "8": {
                    "type": "instance",
                    "class_path": "autogalaxy.ellipse.ellipse.ellipse.Ellipse",
                    "arguments": {
                        "major_axis": 2.25,
                        "centre": {
                            "type": "tuple",
                            "values": [
                                -0.00372766005821,
                                -0.01107005977287
                            ]
                        },
                        "ell_comps": {
                            "type": "tuple",
                            "values": [
                                -0.08888479806354,
                                -0.04230346749275
                            ]
                        }
                    }
                },
                "9": {
                    "type": "instance",
                    "class_path": "autogalaxy.ellipse.ellipse.ellipse.Ellipse",
                    "arguments": {
                        "major_axis": 2.5,
                        "centre": {
                            "type": "tuple",
                            "values": [
                                -0.00372766005821,
                                -0.01107005977287
                            ]
                        },
                        "ell_comps": {
                            "type": "tuple",
                            "values": [
                                -0.09778568344181,
                                -0.05808818773808
                            ]
                        }
                    }
                },
                "10": {
                    "type": "instance",
                    "class_path": "autogalaxy.ellipse.ellipse.ellipse.Ellipse",
                    "arguments": {
                        "major_axis": 2.75,
                        "centre": {
                            "type": "tuple",
                            "values": [
                                -0.00372766005821,
                                -0.01107005977287
                            ]
                        },
                        "ell_comps": {
                            "type": "tuple",
                            "values": [
                                -0.1152912057728,
                                -0.06604802466225
                            ]
                        }
                    }
                },
                "11": {
                    "type": "instance",
                    "class_path": "autogalaxy.ellipse.ellipse.ellipse.Ellipse",
                    "arguments": {
                        "major_axis": 3.0,
                        "centre": {
                            "type": "tuple",
                            "values": [
                                -0.00372766005821,
                                -0.01107005977287
                            ]
                        },
                        "ell_comps": {
                            "type": "tuple",
                            "values": [
                                -0.11648800027891,
                                -0.07822025193861
                            ]
                        }
                    }
                },
                "12": {
                    "type": "instance",
                    "class_path": "autogalaxy.ellipse.ellipse.ellipse.Ellipse",
                    "arguments": {
                        "major_axis": 3.25,
                        "centre": {
                            "type": "tuple",
                            "values": [
                                -0.00372766005821,
                                -0.01107005977287
                            ]
                        },
                        "ell_comps": {
                            "type": "tuple",
                            "values": [
                                -0.13643371145215,
                                -0.07143356224391
                            ]
                        }
                    }
                },
                "13": {
                    "type": "instance",
                    "class_path": "autogalaxy.ellipse.ellipse.ellipse.Ellipse",
                    "arguments": {
                        "major_axis": 3.5,
                        "centre": {
                            "type": "tuple",
                            "values": [
                                -0.00372766005821,
                                -0.01107005977287
                            ]
                        },
                        "ell_comps": {
                            "type": "tuple",
                            "values": [
                                -0.1496864183677,
                                -0.08838311143079
                            ]
                        }
                    }
                },
                "14": {
                    "type": "instance",
                    "class_path": "autogalaxy.ellipse.ellipse.ellipse.Ellipse",
                    "arguments": {
                        "major_axis": 3.75,
                        "centre": {
                            "type": "tuple",
                            "values": [
                                -0.00372766005821,
                                -0.01107005977287
                            ]
                        },
                        "ell_comps": {
                            "type": "tuple",
                            "values": [
                                -0.14150464112167,
                                -0.08993726360696
                            ]
                        }
                    }
                },
                "15": {
                    "type": "instance",
                    "class_path": "autogalaxy.ellipse.ellipse.ellipse.Ellipse",
                    "arguments": {
                        "major_axis": 4.0,
                        "centre": {
                            "type": "tuple",
                            "values": [
                                -0.00372766005821,
                                -0.01107005977287
                            ]
                        },
                        "ell_comps": {
                            "type": "tuple",
                            "values": [
                                -0.18440650361473,
                                -0.09190885576384
                            ]
                        }
                    }
                },
                "16": {
                    "type": "instance",
                    "class_path": "autogalaxy.ellipse.ellipse.ellipse.Ellipse",
                    "arguments": {
                        "major_axis": 4.25,
                        "centre": {
                            "type": "tuple",
                            "values": [
                                -0.00372766005821,
                                -0.01107005977287
                            ]
                        },
                        "ell_comps": {
                            "type": "tuple",
                            "values": [
                                -0.16569937589026,
                                -0.09138621524216
                            ]
                        }
                    }
                },
                "17": {
                    "type": "instance",
                    "class_path": "autogalaxy.ellipse.ellipse.ellipse.Ellipse",
                    "arguments": {
                        "major_axis": 4.5,
                        "centre": {
                            "type": "tuple",
                            "values": [
                                -0.00372766005821,
                                -0.01107005977287
                            ]
                        },
                        "ell_comps": {
                            "type": "tuple",
                            "values": [
                                -0.17851397368126,
                                -0.11836069854232
                            ]
                        }
                    }
                },
                "18": {
                    "type": "instance",
                    "class_path": "autogalaxy.ellipse.ellipse.ellipse.Ellipse",
                    "arguments": {
                        "major_axis": 4.75,
                        "centre": {
                            "type": "tuple",
                            "values": [
                                -0.00372766005821,
                                -0.01107005977287
                            ]
                        },
                        "ell_comps": {
                            "type": "tuple",
                            "values": [
                                -0.17892452170628,
                                -0.12541082400461
                            ]
                        }
                    }
                }
            }
        },
        "dummy_0": {
            "lower_limit": -0.1,
            "upper_limit": 0.1,
            "type": "Uniform",
            "id": 146
        }
    }
}