{
    "type": "instance",
    "class_path": "autofit.non_linear.samples.summary.SamplesSummary",
    "arguments": {
        "values_at_sigma_3": {
            "type": "list",
            "values": [
                {
                    "type": "tuple",
                    "values": [
                        0.00270151938925,
                        0.02729868781039
                    ]
                },
                {
                    "type": "tuple",
                    "values": [
                        -0.12075803654571,
                        -0.09732442170128346
                    ]
                }
            ]
        },
        "model": null,
        "median_pdf_sample": {
            "type": "instance",
            "class_path": "autofit.non_linear.samples.sample.Sample",
            "arguments": {
                "log_likelihood": -25.35665549188569,
                "log_prior": 0.0,
                "weight": 0.0009898701768962168,
                "kwargs": {
                    "type": "dict",
                    "arguments": {
                        "ellipses.0.ell_comps.ell_comps_0": 0.01523869335915684,
                        "ellipses.0.ell_comps.ell_comps_1": -0.10656482086038419
                    }
                }
            }
        },
        "log_evidence": -34.585770088676604,
        "errors_at_sigma_3": {
            "type": "list",
            "values": [
                {
                    "type": "tuple",
                    "values": [
                        0.012537173969906841,
                        0.01205999445123316
                    ]
                },
                {
                    "type": "tuple",
                    "values": [
                        0.014193215685325819,
                        0.009240399159100729
                    ]
                }
            ]
        },
        "max_log_likelihood_sample": {
            "type": "instance",
            "class_path": "autofit.non_linear.samples.sample.Sample",
            "arguments": {
                "log_likelihood": -25.35665549188569,
                "log_prior": 0.0,
                "weight": 0.0009898701768962168,
                "kwargs": {
                    "type": "dict",
                    "arguments": {
                        "ellipses.0.ell_comps.ell_comps_0": 0.01454392050533,
                        "ellipses.0.ell_comps.ell_comps_1": -0.10510774519218
                    }
                }
            }
        },
        "values_at_sigma_1": {
            "type": "list",
            "values": [
                {
                    "type": "tuple",
                    "values": [
                        0.01075366348912,
                        0.019965634824754355
                    ]
                },
                {
                    "type": "tuple",
                    "values": [
                        -0.11097791636137,
                        -0.10210094115898
                    ]
                }
            ]
        },
        "errors_at_sigma_1": {
            "type": "list",
            "values": [
                {
                    "type": "tuple",
                    "values": [
                        0.004485029870036841,
                        0.004726941465597514
                    ]
                },
                {
                    "type": "tuple",
                    "values": [
                        0.004413095500985814,
                        0.004463879701404189
                    ]
                }
            ]
        }
    }
}