{
    "type": "instance",
    "class_path": "autofit.non_linear.samples.summary.SamplesSummary",
    "arguments": {
        "values_at_sigma_3": {
            "type": "list",
            "values": [
                {
                    "type": "tuple",
                    "values": [
                        -0.01799346005928,
                        0.00256548148145
                    ]
                },
                {
                    "type": "tuple",
                    "values": [
                        -0.013449479929688403,
                        0.010369347540085925
                    ]
                },
                {
                    "type": "tuple",
                    "values": [
                        -0.0538353295784,
                        0.06348584421141
                    ]
                },
                {
                    "type": "tuple",
                    "values": [
                        0.07598818140086,
                        0.27426948856593
                    ]
                },
                {
                    "type": "tuple",
                    "values": [
                        -0.12665088721454704,
                        0.02854592017635
                    ]
                },
                {
                    "type": "tuple",
                    "values": [
                        0.15708472340007,
                        0.28075145583923
                    ]
                },
                {
                    "type": "tuple",
                    "values": [
                        -0.09151037695074785,
                        -0.007757768186051465
                    ]
                },
                {
                    "type": "tuple",
                    "values": [
                        0.12077947009521,
                        0.2558386651454638
                    ]
                },
                {
                    "type": "tuple",
                    "values": [
                        -0.27716561853503163,
                        0.15201899440615338
                    ]
                },
                {
                    "type": "tuple",
                    "values": [
                        -0.1687484513376,
                        0.19046661221264
                    ]
                },
                {
                    "type": "tuple",
                    "values": [
                        -0.33740912292760283,
                        0.05789377985057188
                    ]
                },
                {
                    "type": "tuple",
                    "values": [
                        -0.3274109073541146,
                        0.424160327569871
                    ]
                }
            ]
        },
        "errors_at_sigma_1": {
            "type": "list",
            "values": [
                {
                    "type": "tuple",
                    "values": [
                        0.0018878320805999996,
                        0.010015092016950939
                    ]
                },
                {
                    "type": "tuple",
                    "values": [
                        0.014997503869867798,
                        0.0011169618942434827
                    ]
                },
                {
                    "type": "tuple",
                    "values": [
                        0.044838992453950594,
                        0.00644640164122029
                    ]
                },
                {
                    "type": "tuple",
                    "values": [
                        0.009706004437716673,
                        0.03356659295209116
                    ]
                },
                {
                    "type": "tuple",
                    "values": [
                        0.07401788407965251,
                        0.01147472536167
                    ]
                },
                {
                    "type": "tuple",
                    "values": [
                        0.01930746592081542,
                        0.014947627155779297
                    ]
                },
                {
                    "type": "tuple",
                    "values": [
                        0.003774222680957909,
                        0.056279701273730005
                    ]
                },
                {
                    "type": "tuple",
                    "values": [
                        0.006217562641863489,
                        0.040177944424300005
                    ]
                },
                {
                    "type": "tuple",
                    "values": [
                        0.09446040405915562,
                        0.010075296094998354
                    ]
                },
                {
                    "type": "tuple",
                    "values": [
                        0.19663011945960263,
                        0.010454477735946738
                    ]
                },
                {
                    "type": "tuple",
                    "values": [
                        0.004126501979196701,
                        0.18519073643675057
                    ]
                },
                {
                    "type": "tuple",
                    "values": [
                        0.54419808390418,
                        0.001618569757197097
                    ]
                }
            ]
        },
        "errors_at_sigma_3": {
            "type": "list",
            "values": [
                {
                    "type": "tuple",
                    "values": [
                        0.00836929042595,
                        0.01218965111478
                    ]
                },
                {
                    "type": "tuple",
                    "values": [
                        0.021384676428264922,
                        0.0024341510415094077
                    ]
                },
                {
                    "type": "tuple",
                    "values": [
                        0.08389172943535,
                        0.03342944435446
                    ]
                },
                {
                    "type": "tuple",
                    "values": [
                        0.050821182687376676,
                        0.1474601244776933
                    ]
                },
                {
                    "type": "tuple",
                    "values": [
                        0.12478122842300704,
                        0.03041557896789
                    ]
                },
                {
                    "type": "tuple",
                    "values": [
                        0.055587893477675426,
                        0.06807883896148459
                    ]
                },
                {
                    "type": "tuple",
                    "values": [
                        0.011459949913447842,
                        0.07229265885124854
                    ]
                },
                {
                    "type": "tuple",
                    "values": [
                        0.021378206757849988,
                        0.11368098829240378
                    ]
                },
                {
                    "type": "tuple",
                    "values": [
                        0.4044640718497816,
                        0.02472054109140337
                    ]
                },
                {
                    "type": "tuple",
                    "values": [
                        0.21053094049181262,
                        0.14868412305842738
                    ]
                },
                {
                    "type": "tuple",
                    "values": [
                        0.15930367999081954,
                        0.2359992227873552
                    ]
                },
                {
                    "type": "tuple",
                    "values": [
                        0.7440858910633346,
                        0.007485343860650973
                    ]
                }
            ]
        },
        "log_evidence": -166.22534284036627,
        "values_at_sigma_1": {
            "type": "list",
            "values": [
                {
                    "type": "tuple",
                    "values": [
                        -0.01151200171393,
                        0.0003909223836209396
                    ]
                },
                {
                    "type": "tuple",
                    "values": [
                        -0.007062307371291282,
                        0.00905215839282
                    ]
                },
                {
                    "type": "tuple",
                    "values": [
                        -0.014782592597000592,
                        0.03650280149817029
                    ]
                },
                {
                    "type": "tuple",
                    "values": [
                        0.11710335965052,
                        0.16037595704032784
                    ]
                },
                {
                    "type": "tuple",
                    "values": [
                        -0.07588754287119251,
                        0.00960506657013
                    ]
                },
                {
                    "type": "tuple",
                    "values": [
                        0.19336515095693,
                        0.2276202440335247
                    ]
                },
                {
                    "type": "tuple",
                    "values": [
                        -0.08382464971825791,
                        -0.02377072576357
                    ]
                },
                {
                    "type": "tuple",
                    "values": [
                        0.1359401142111965,
                        0.18233562127736
                    ]
                },
                {
                    "type": "tuple",
                    "values": [
                        0.032838049255594394,
                        0.13737374940974836
                    ]
                },
                {
                    "type": "tuple",
                    "values": [
                        -0.15484763030539,
                        0.05223696689015936
                    ]
                },
                {
                    "type": "tuple",
                    "values": [
                        -0.18223194491598,
                        0.00708529349996727
                    ]
                },
                {
                    "type": "tuple",
                    "values": [
                        -0.12752310019496,
                        0.4182935534664171
                    ]
                }
            ]
        },
        "median_pdf_sample": {
            "type": "instance",
            "class_path": "autofit.non_linear.samples.sample.Sample",
            "arguments": {
                "log_likelihood": -131.59896391495744,
                "log_prior": 0.0,
                "weight": 0.0011112588934854048,
                "kwargs": {
                    "type": "dict",
                    "arguments": {
                        "ellipses.ellipse_4.centre.centre_0": -0.00962416963333,
                        "ellipses.ellipse_4.centre.centre_1": 0.007935196498576517,
                        "ellipses.ellipse_0.ell_comps.ell_comps_0": 0.03005639985695,
                        "ellipses.ellipse_0.ell_comps.ell_comps_1": 0.12680936408823668,
                        "ellipses.ellipse_1.ell_comps.ell_comps_0": -0.00186965879154,
                        "ellipses.ellipse_1.ell_comps.ell_comps_1": 0.2126726168777454,
                        "ellipses.ellipse_2.ell_comps.ell_comps_0": -0.0800504270373,
                        "ellipses.ellipse_2.ell_comps.ell_comps_1": 0.14215767685306,
                        "ellipses.ellipse_3.ell_comps.ell_comps_0": 0.12729845331475,
                        "ellipses.ellipse_3.ell_comps.ell_comps_1": 0.04178248915421262,
                        "ellipses.ellipse_4.ell_comps.ell_comps_0": -0.1781054429367833,
                        "ellipses.ellipse_4.ell_comps.ell_comps_1": 0.41667498370922
                    }
                }
            }
        },
        "model": null,
        "max_log_likelihood_sample": {
            "type": "instance",
            "class_path": "autofit.non_linear.samples.sample.Sample",
            "arguments": {
                "log_likelihood": -131.59896391495744,
                "log_prior": 0.0,
                "weight": 0.0011112588934854048,
                "kwargs": {
                    "type": "dict",
                    "arguments": {
                        "ellipses.ellipse_4.centre.centre_0": -0.00877499100893,
                        "ellipses.ellipse_4.centre.centre_1": 0.00591005468969,
                        "ellipses.ellipse_0.ell_comps.ell_comps_0": 0.02745699835819,
                        "ellipses.ellipse_0.ell_comps.ell_comps_1": 0.13291094129941,
                        "ellipses.ellipse_1.ell_comps.ell_comps_0": -0.02059604766371,
                        "ellipses.ellipse_1.ell_comps.ell_comps_1": 0.19923384663895,
                        "ellipses.ellipse_2.ell_comps.ell_comps_0": -0.07853692856075,
                        "ellipses.ellipse_2.ell_comps.ell_comps_1": 0.12906381891624,
                        "ellipses.ellipse_3.ell_comps.ell_comps_0": 0.12628453910629,
                        "ellipses.ellipse_3.ell_comps.ell_comps_1": 0.04953524146726,
                        "ellipses.ellipse_4.ell_comps.ell_comps_0": -0.17919954110439,
                        "ellipses.ellipse_4.ell_comps.ell_comps_1": 0.41829346466057
                    }
                }
            }
        }
    }
}