{
    "type": "instance",
    "class_path": "autofit.non_linear.samples.summary.SamplesSummary",
    "arguments": {
        "median_pdf_sample": {
            "type": "instance",
            "class_path": "autofit.non_linear.samples.sample.Sample",
            "arguments": {
                "log_likelihood": -53.50648393067593,
                "log_prior": 0.0,
                "weight": 0.000990469315113714,
                "kwargs": {
                    "type": "dict",
                    "arguments": {
                        "ellipses.0.ell_comps.ell_comps_0": -0.1344280541014097,
                        "ellipses.0.ell_comps.ell_comps_1": 0.0731644053739215
                    }
                }
            }
        },
        "errors_at_sigma_1": {
            "type": "list",
            "values": [
                {
                    "type": "tuple",
                    "values": [
                        0.0014536752400295394,
                        0.002985495663088561
                    ]
                },
                {
                    "type": "tuple",
                    "values": [
                        0.0022760577836586637,
                        0.005286525050757329
                    ]
                }
            ]
        },
        "values_at_sigma_1": {
            "type": "list",
            "values": [
                {
                    "type": "tuple",
                    "values": [
                        -0.13588172934143924,
                        -0.13144255843832114
                    ]
                },
                {
                    "type": "tuple",
                    "values": [
                        0.07088834759026284,
                        0.07845093042467884
                    ]
                }
            ]
        },
        "errors_at_sigma_3": {
            "type": "list",
            "values": [
                {
                    "type": "tuple",
                    "values": [
                        0.013305253177287785,
                        0.011853908037704988
                    ]
                },
                {
                    "type": "tuple",
                    "values": [
                        0.012394042633931505,
                        0.01913940792556612
                    ]
                }
            ]
        },
        "max_log_likelihood_sample": {
            "type": "instance",
            "class_path": "autofit.non_linear.samples.sample.Sample",
            "arguments": {
                "log_likelihood": -53.50648393067593,
                "log_prior": 0.0,
                "weight": 0.000990469315113714,
                "kwargs": {
                    "type": "dict",
                    "arguments": {
                        "ellipses.0.ell_comps.ell_comps_0": -0.13444817282613,
                        "ellipses.0.ell_comps.ell_comps_1": 0.07209873505377
                    }
                }
            }
        },
        "log_evidence": -66.06686277277181,
        "model": null,
        "values_at_sigma_3": {
            "type": "list",
            "values": [
                {
                    "type": "tuple",
                    "values": [
                        -0.1477333072786975,
                        -0.12257414606370472
                    ]
                },
                {
                    "type": "tuple",
                    "values": [
                        0.06077036273999,
                        0.09230381329948763
                    ]
                }
            ]
        }
    }
}