{
    "data_name": "J0008-0004",
    "redshift_lens": 0.44,
    "redshift_source": 1.192,
    "slope": NaN,
    "slope_err": NaN,
    "axis_ratio": 0.7,
    "position_angle": 35.2,
    "einstein_radius": 1.16,
    "log_Mein": 11.55,
    "Mein": 354813389233.57666,
    "marker": "o",
    "colour": "rosybrown",
    "shear": 0.09,
    "sigma": NaN,
    "sigma_err": NaN,
    "log[M*/M]_chab": NaN,
    "log[M*/M]_salp": NaN,
    "log[Meff/M]": NaN,
    "f_dm_chab": NaN,
    "M200": NaN,
    "r_eff": 1.71,
    "gamma_shajib": NaN,
    "shajib_ue": NaN,
    "shajib_le": NaN,
    "shear_shajib": NaN,
    "shear_shajib_le": NaN,
    "shear_shajib_ue": NaN,
    "phi_shajib": NaN,
    "phi_shajib_le": NaN,
    "phi_shajib_ue": NaN,
    "gamma_Barnabe": NaN,
    "Barnabe_le": NaN,
    "Barnabe_ue": NaN,
    "RA": "\"000802.96\"",
    "DEC": "\"-000408.2\"",
    "subhalo_grid_dimensions_arcsec": 3.5,
    "mask_inner_radius": 0.4,
    "mask_outer_radius": 2.8,
    "scaled_annular": 1,
    "detect_delaunay": 0,
    "bpl_source_mask": 0,
    "mask_circular_radii": 3.5
}