{
    "type": "instance",
    "class_path": "autofit.non_linear.samples.summary.SamplesSummary",
    "arguments": {
        "model": null,
        "median_pdf_sample": {
            "type": "instance",
            "class_path": "autofit.non_linear.samples.sample.Sample",
            "arguments": {
                "log_likelihood": 46894.325738373685,
                "log_prior": 0.08192659652651707,
                "weight": 3.1637022768635205e-05,
                "kwargs": {
                    "type": "dict",
                    "arguments": {
                        "galaxies.lens.mass.ell_comps.ell_comps_0": 0.2133606936599789,
                        "galaxies.lens.mass.ell_comps.ell_comps_1": -0.04769455962208107,
                        "galaxies.lens.mass.einstein_radius": 1.1595180565969556,
                        "galaxies.lens.mass.centre.centre_0": -0.007678044095127986,
                        "galaxies.lens.mass.centre.centre_1": 0.03072052150785304,
                        "galaxies.lens.mass.slope": 1.8982575798101902,
                        "galaxies.lens.shear.gamma_1": -0.05802956442734366,
                        "galaxies.lens.shear.gamma_2": 0.03135687175767325
                    }
                }
            }
        },
        "max_log_likelihood_sample": {
            "type": "instance",
            "class_path": "autofit.non_linear.samples.sample.Sample",
            "arguments": {
                "log_likelihood": 46894.325738373685,
                "log_prior": 0.08192659652651707,
                "weight": 3.1637022768635205e-05,
                "kwargs": {
                    "type": "dict",
                    "arguments": {
                        "galaxies.lens.mass.ell_comps.ell_comps_0": 0.19322898008734216,
                        "galaxies.lens.mass.ell_comps.ell_comps_1": -0.06480456721738331,
                        "galaxies.lens.mass.einstein_radius": 1.1463846836120342,
                        "galaxies.lens.mass.centre.centre_0": -0.009411187558764767,
                        "galaxies.lens.mass.centre.centre_1": 0.03209630807119182,
                        "galaxies.lens.mass.slope": 1.87204393523105,
                        "galaxies.lens.shear.gamma_1": -0.06892774246597,
                        "galaxies.lens.shear.gamma_2": 0.02399894256166
                    }
                }
            }
        },
        "log_evidence": 46867.11873039878,
        "values_at_sigma_3": {
            "type": "list",
            "values": [
                {
                    "type": "tuple",
                    "values": [
                        0.11656911324698348,
                        0.33336668249595025
                    ]
                },
                {
                    "type": "tuple",
                    "values": [
                        -0.11211040133791803,
                        0.0355066558543814
                    ]
                },
                {
                    "type": "tuple",
                    "values": [
                        1.090546321925607,
                        1.2446635524373608
                    ]
                },
                {
                    "type": "tuple",
                    "values": [
                        -0.061770161056780105,
                        0.02469727293421407
                    ]
                },
                {
                    "type": "tuple",
                    "values": [
                        0.0059869139929939605,
                        0.06120255616440741
                    ]
                },
                {
                    "type": "tuple",
                    "values": [
                        1.6911365043659263,
                        2.0787457872462136
                    ]
                },
                {
                    "type": "tuple",
                    "values": [
                        -0.0989843601829129,
                        -0.012379737078183599
                    ]
                },
                {
                    "type": "tuple",
                    "values": [
                        -0.02336472742639485,
                        0.09838497600278412
                    ]
                }
            ]
        },
        "errors_at_sigma_1": {
            "type": "list",
            "values": [
                {
                    "type": "tuple",
                    "values": [
                        0.031448526722643616,
                        0.03306138751439641
                    ]
                },
                {
                    "type": "tuple",
                    "values": [
                        0.020046401854516456,
                        0.023280346985281915
                    ]
                },
                {
                    "type": "tuple",
                    "values": [
                        0.020564498442620316,
                        0.022342065639386455
                    ]
                },
                {
                    "type": "tuple",
                    "values": [
                        0.012793581009970398,
                        0.010555767109286551
                    ]
                },
                {
                    "type": "tuple",
                    "values": [
                        0.007979073566371273,
                        0.008348955884228581
                    ]
                },
                {
                    "type": "tuple",
                    "values": [
                        0.05997502256790255,
                        0.05762123859456025
                    ]
                },
                {
                    "type": "tuple",
                    "values": [
                        0.012405338026043204,
                        0.013438583066429088
                    ]
                },
                {
                    "type": "tuple",
                    "values": [
                        0.01625362870001145,
                        0.01605991182748072
                    ]
                }
            ]
        },
        "values_at_sigma_1": {
            "type": "list",
            "values": [
                {
                    "type": "tuple",
                    "values": [
                        0.18191216693733528,
                        0.2464220811743753
                    ]
                },
                {
                    "type": "tuple",
                    "values": [
                        -0.06774096147659753,
                        -0.024414212636799156
                    ]
                },
                {
                    "type": "tuple",
                    "values": [
                        1.1389535581543353,
                        1.181860122236342
                    ]
                },
                {
                    "type": "tuple",
                    "values": [
                        -0.020471625105098385,
                        0.0028777230141585645
                    ]
                },
                {
                    "type": "tuple",
                    "values": [
                        0.02274144794148177,
                        0.03906947739208162
                    ]
                },
                {
                    "type": "tuple",
                    "values": [
                        1.8382825572422876,
                        1.9558788184047504
                    ]
                },
                {
                    "type": "tuple",
                    "values": [
                        -0.07043490245338686,
                        -0.04459098136091457
                    ]
                },
                {
                    "type": "tuple",
                    "values": [
                        0.0151032430576618,
                        0.04741678358515397
                    ]
                }
            ]
        },
        "errors_at_sigma_3": {
            "type": "list",
            "values": [
                {
                    "type": "tuple",
                    "values": [
                        0.09679158041299542,
                        0.12000598883597136
                    ]
                },
                {
                    "type": "tuple",
                    "values": [
                        0.06441584171583695,
                        0.08320121547646248
                    ]
                },
                {
                    "type": "tuple",
                    "values": [
                        0.06897173467134854,
                        0.0851454958404052
                    ]
                },
                {
                    "type": "tuple",
                    "values": [
                        0.05409211696165212,
                        0.03237531702934206
                    ]
                },
                {
                    "type": "tuple",
                    "values": [
                        0.02473360751485908,
                        0.030482034656554368
                    ]
                },
                {
                    "type": "tuple",
                    "values": [
                        0.20712107544426384,
                        0.18048820743602345
                    ]
                },
                {
                    "type": "tuple",
                    "values": [
                        0.04095479575556924,
                        0.04564982734916006
                    ]
                },
                {
                    "type": "tuple",
                    "values": [
                        0.054721599184068104,
                        0.06702810424511087
                    ]
                }
            ]
        }
    }
}