{
    "type": "instance",
    "class_path": "autofit.non_linear.samples.summary.SamplesSummary",
    "arguments": {
        "max_log_likelihood_sample": {
            "type": "instance",
            "class_path": "autofit.non_linear.samples.sample.Sample",
            "arguments": {
                "log_likelihood": -58.28760779609273,
                "log_prior": 0.0,
                "weight": 0.0010129850168392738,
                "kwargs": {
                    "type": "dict",
                    "arguments": {
                        "ellipses.0.ell_comps.ell_comps_0": -0.48716537139148,
                        "ellipses.0.ell_comps.ell_comps_1": 0.01302014874012,
                        "multipoles.0.multipole_3.multipole_comps.multipole_comps_0": -0.03272362032483,
                        "multipoles.0.multipole_3.multipole_comps.multipole_comps_1": -0.05955304806597,
                        "multipoles.0.multipole_4.multipole_comps.multipole_comps_0": -0.02123473678348,
                        "multipoles.0.multipole_4.multipole_comps.multipole_comps_1": 0.07103084199155
                    }
                }
            }
        },
        "model": null,
        "values_at_sigma_3": {
            "type": "list",
            "values": [
                {
                    "type": "tuple",
                    "values": [
                        -0.496871007143352,
                        -0.4633050215795
                    ]
                },
                {
                    "type": "tuple",
                    "values": [
                        -3.904077681e-05,
                        0.021002013933293984
                    ]
                },
                {
                    "type": "tuple",
                    "values": [
                        -0.08555815236280043,
                        0.024877699876893304
                    ]
                },
                {
                    "type": "tuple",
                    "values": [
                        -0.09598085030616,
                        0.07223231932397
                    ]
                },
                {
                    "type": "tuple",
                    "values": [
                        -0.05776858222861,
                        0.02963099242840348
                    ]
                },
                {
                    "type": "tuple",
                    "values": [
                        0.01567126963485,
                        0.0906253540303736
                    ]
                }
            ]
        },
        "median_pdf_sample": {
            "type": "instance",
            "class_path": "autofit.non_linear.samples.sample.Sample",
            "arguments": {
                "log_likelihood": -58.28760779609273,
                "log_prior": 0.0,
                "weight": 0.0010129850168392738,
                "kwargs": {
                    "type": "dict",
                    "arguments": {
                        "ellipses.0.ell_comps.ell_comps_0": -0.48628812869096,
                        "ellipses.0.ell_comps.ell_comps_1": 0.01187749964863,
                        "multipoles.0.multipole_3.multipole_comps.multipole_comps_0": -0.03600497155596,
                        "multipoles.0.multipole_3.multipole_comps.multipole_comps_1": -0.05618207318287397,
                        "multipoles.0.multipole_4.multipole_comps.multipole_comps_0": -0.013751622957309072,
                        "multipoles.0.multipole_4.multipole_comps.multipole_comps_1": 0.06349916174750339
                    }
                }
            }
        },
        "errors_at_sigma_3": {
            "type": "list",
            "values": [
                {
                    "type": "tuple",
                    "values": [
                        0.010582878452391975,
                        0.02298310711146001
                    ]
                },
                {
                    "type": "tuple",
                    "values": [
                        0.01191654042544,
                        0.009124514284663984
                    ]
                },
                {
                    "type": "tuple",
                    "values": [
                        0.04955318080684043,
                        0.0608826714328533
                    ]
                },
                {
                    "type": "tuple",
                    "values": [
                        0.039798777123286035,
                        0.12841439250684397
                    ]
                },
                {
                    "type": "tuple",
                    "values": [
                        0.04401695927130093,
                        0.04338261538571255
                    ]
                },
                {
                    "type": "tuple",
                    "values": [
                        0.04782789211265339,
                        0.027126192282870207
                    ]
                }
            ]
        },
        "log_evidence": -77.15365257718418,
        "errors_at_sigma_1": {
            "type": "list",
            "values": [
                {
                    "type": "tuple",
                    "values": [
                        0.0022693247485400247,
                        0.0018248813380762896
                    ]
                },
                {
                    "type": "tuple",
                    "values": [
                        0.00306814727469,
                        0.0029292029197099997
                    ]
                },
                {
                    "type": "tuple",
                    "values": [
                        0.016354084520680004,
                        0.016176113315299997
                    ]
                },
                {
                    "type": "tuple",
                    "values": [
                        0.009576871312798753,
                        0.011726046047409726
                    ]
                },
                {
                    "type": "tuple",
                    "values": [
                        0.012281604610031019,
                        0.016593346628949072
                    ]
                },
                {
                    "type": "tuple",
                    "values": [
                        0.010985238207811492,
                        0.010777212312508375
                    ]
                }
            ]
        },
        "values_at_sigma_1": {
            "type": "list",
            "values": [
                {
                    "type": "tuple",
                    "values": [
                        -0.4885574534395,
                        -0.4844632473528837
                    ]
                },
                {
                    "type": "tuple",
                    "values": [
                        0.00880935237394,
                        0.01480670256834
                    ]
                },
                {
                    "type": "tuple",
                    "values": [
                        -0.05235905607664,
                        -0.01982885824066
                    ]
                },
                {
                    "type": "tuple",
                    "values": [
                        -0.06575894449567272,
                        -0.044456027135464246
                    ]
                },
                {
                    "type": "tuple",
                    "values": [
                        -0.02603322756734009,
                        0.00284172367164
                    ]
                },
                {
                    "type": "tuple",
                    "values": [
                        0.0525139235396919,
                        0.07427637406001177
                    ]
                }
            ]
        }
    }
}