{
    "type": "instance",
    "class_path": "autofit.non_linear.samples.summary.SamplesSummary",
    "arguments": {
        "errors_at_sigma_1": {
            "type": "list",
            "values": [
                {
                    "type": "tuple",
                    "values": [
                        0.03392508723362671,
                        0.04112865795093128
                    ]
                },
                {
                    "type": "tuple",
                    "values": [
                        0.03535296746541769,
                        0.03468974563366997
                    ]
                },
                {
                    "type": "tuple",
                    "values": [
                        0.02553598275637081,
                        0.020343931641080962
                    ]
                },
                {
                    "type": "tuple",
                    "values": [
                        0.03693430984002063,
                        0.02386762248657205
                    ]
                },
                {
                    "type": "tuple",
                    "values": [
                        0.030773629422158718,
                        0.028315138154661284
                    ]
                },
                {
                    "type": "tuple",
                    "values": [
                        0.01934516511967114,
                        0.02309304686216044
                    ]
                }
            ]
        },
        "max_log_likelihood_sample": {
            "type": "instance",
            "class_path": "autofit.non_linear.samples.sample.Sample",
            "arguments": {
                "log_likelihood": -8.869177567870718,
                "log_prior": 0.0,
                "weight": 0.0010540424487590979,
                "kwargs": {
                    "type": "dict",
                    "arguments": {
                        "ellipses.0.ell_comps.ell_comps_0": -0.05169088398191,
                        "ellipses.0.ell_comps.ell_comps_1": 0.20107590120159,
                        "multipoles.0.multipole_3.multipole_comps.multipole_comps_0": 0.01307835860224,
                        "multipoles.0.multipole_3.multipole_comps.multipole_comps_1": 0.0300299431135,
                        "multipoles.0.multipole_4.multipole_comps.multipole_comps_0": 0.06286647676577,
                        "multipoles.0.multipole_4.multipole_comps.multipole_comps_1": -0.01515639880257
                    }
                }
            }
        },
        "errors_at_sigma_3": {
            "type": "list",
            "values": [
                {
                    "type": "tuple",
                    "values": [
                        0.13177566568021276,
                        0.13676356052962663
                    ]
                },
                {
                    "type": "tuple",
                    "values": [
                        0.10987852728176868,
                        0.0933141712721697
                    ]
                },
                {
                    "type": "tuple",
                    "values": [
                        0.07200411379372718,
                        0.06080342255637868
                    ]
                },
                {
                    "type": "tuple",
                    "values": [
                        0.07650486428360276,
                        0.06096838840234849
                    ]
                },
                {
                    "type": "tuple",
                    "values": [
                        0.08330195328668871,
                        0.06036139670432457
                    ]
                },
                {
                    "type": "tuple",
                    "values": [
                        0.06897813709437357,
                        0.06120555849239736
                    ]
                }
            ]
        },
        "values_at_sigma_1": {
            "type": "list",
            "values": [
                {
                    "type": "tuple",
                    "values": [
                        -0.07653492378037333,
                        -0.00148117859581534
                    ]
                },
                {
                    "type": "tuple",
                    "values": [
                        0.18319410755326232,
                        0.25323682065235
                    ]
                },
                {
                    "type": "tuple",
                    "values": [
                        -0.02144673927209949,
                        0.02443317512535228
                    ]
                },
                {
                    "type": "tuple",
                    "values": [
                        -0.00911618050788063,
                        0.05168575181871205
                    ]
                },
                {
                    "type": "tuple",
                    "values": [
                        -0.00792724692091,
                        0.05116152065591
                    ]
                },
                {
                    "type": "tuple",
                    "values": [
                        -0.03200414011688114,
                        0.010434071864950439
                    ]
                }
            ]
        },
        "median_pdf_sample": {
            "type": "instance",
            "class_path": "autofit.non_linear.samples.sample.Sample",
            "arguments": {
                "log_likelihood": -8.869177567870718,
                "log_prior": 0.0,
                "weight": 0.0010540424487590979,
                "kwargs": {
                    "type": "dict",
                    "arguments": {
                        "ellipses.0.ell_comps.ell_comps_0": -0.04260983654674662,
                        "ellipses.0.ell_comps.ell_comps_1": 0.21854707501868,
                        "multipoles.0.multipole_3.multipole_comps.multipole_comps_0": 0.004089243484271318,
                        "multipoles.0.multipole_3.multipole_comps.multipole_comps_1": 0.02781812933214,
                        "multipoles.0.multipole_4.multipole_comps.multipole_comps_0": 0.022846382501248718,
                        "multipoles.0.multipole_4.multipole_comps.multipole_comps_1": -0.01265897499721
                    }
                }
            }
        },
        "model": null,
        "log_evidence": -20.38874348092301,
        "values_at_sigma_3": {
            "type": "list",
            "values": [
                {
                    "type": "tuple",
                    "values": [
                        -0.17438550222695937,
                        0.09415372398288
                    ]
                },
                {
                    "type": "tuple",
                    "values": [
                        0.10866854773691133,
                        0.3118612462908497
                    ]
                },
                {
                    "type": "tuple",
                    "values": [
                        -0.06791487030945585,
                        0.06489266604065
                    ]
                },
                {
                    "type": "tuple",
                    "values": [
                        -0.04868673495146275,
                        0.0887865177344885
                    ]
                },
                {
                    "type": "tuple",
                    "values": [
                        -0.06045557078544,
                        0.08320777920557329
                    ]
                },
                {
                    "type": "tuple",
                    "values": [
                        -0.08163711209158357,
                        0.04854658349518736
                    ]
                }
            ]
        }
    }
}