{
    "type": "instance",
    "class_path": "autofit.non_linear.samples.summary.SamplesSummary",
    "arguments": {
        "values_at_sigma_3": {
            "type": "list",
            "values": [
                {
                    "type": "tuple",
                    "values": [
                        -0.22529647404063802,
                        -0.2193076484408514
                    ]
                },
                {
                    "type": "tuple",
                    "values": [
                        -0.22899423457193,
                        -0.22323443759457912
                    ]
                },
                {
                    "type": "tuple",
                    "values": [
                        -0.00041979789417,
                        0.0025643849598616926
                    ]
                },
                {
                    "type": "tuple",
                    "values": [
                        -9.721768772978365e-05,
                        0.00314127914163
                    ]
                },
                {
                    "type": "tuple",
                    "values": [
                        -0.0013479199737,
                        0.0010466241080570053
                    ]
                },
                {
                    "type": "tuple",
                    "values": [
                        -0.00085126990844,
                        0.002153934365175023
                    ]
                },
                {
                    "type": "tuple",
                    "values": [
                        -0.005527356478669167,
                        -0.0028982505440945114
                    ]
                },
                {
                    "type": "tuple",
                    "values": [
                        0.00271591032227,
                        0.00503122483960308
                    ]
                }
            ]
        },
        "values_at_sigma_1": {
            "type": "list",
            "values": [
                {
                    "type": "tuple",
                    "values": [
                        -0.22331425933011,
                        -0.22123840937622302
                    ]
                },
                {
                    "type": "tuple",
                    "values": [
                        -0.22710805624764832,
                        -0.22522882406075584
                    ]
                },
                {
                    "type": "tuple",
                    "values": [
                        0.0004864617263,
                        0.0015248046729851078
                    ]
                },
                {
                    "type": "tuple",
                    "values": [
                        0.00093694227268,
                        0.002029142181283435
                    ]
                },
                {
                    "type": "tuple",
                    "values": [
                        -0.0006450348774180383,
                        0.00026256080575
                    ]
                },
                {
                    "type": "tuple",
                    "values": [
                        0.00011194194266,
                        0.00120593488984
                    ]
                },
                {
                    "type": "tuple",
                    "values": [
                        -0.004512043911671755,
                        -0.003653216860488798
                    ]
                },
                {
                    "type": "tuple",
                    "values": [
                        0.0034408168457439343,
                        0.004342468713449635
                    ]
                }
            ]
        },
        "median_pdf_sample": {
            "type": "instance",
            "class_path": "autofit.non_linear.samples.sample.Sample",
            "arguments": {
                "log_likelihood": -179.22314959360335,
                "log_prior": 0.0,
                "weight": 0.0009078969522633275,
                "kwargs": {
                    "type": "dict",
                    "arguments": {
                        "ellipses.0.ell_comps.ell_comps_0": -0.22227753441414,
                        "ellipses.0.ell_comps.ell_comps_1": -0.22618598505564178,
                        "multipoles.0.multipole_1.multipole_comps.multipole_comps_0": 0.00101643247149,
                        "multipoles.0.multipole_1.multipole_comps.multipole_comps_1": 0.0014807220163062635,
                        "multipoles.0.multipole_3.multipole_comps.multipole_comps_0": -0.0002050033453712259,
                        "multipoles.0.multipole_3.multipole_comps.multipole_comps_1": 0.00066209443878,
                        "multipoles.0.multipole_4.multipole_comps.multipole_comps_0": -0.0041525888446941415,
                        "multipoles.0.multipole_4.multipole_comps.multipole_comps_1": 0.00391003196514
                    }
                }
            }
        },
        "errors_at_sigma_1": {
            "type": "list",
            "values": [
                {
                    "type": "tuple",
                    "values": [
                        0.001036724915970011,
                        0.001039125037916977
                    ]
                },
                {
                    "type": "tuple",
                    "values": [
                        0.0009220711920065461,
                        0.0009571609948859361
                    ]
                },
                {
                    "type": "tuple",
                    "values": [
                        0.00052997074519,
                        0.0005083722014951077
                    ]
                },
                {
                    "type": "tuple",
                    "values": [
                        0.0005437797436262635,
                        0.0005484201649771717
                    ]
                },
                {
                    "type": "tuple",
                    "values": [
                        0.00044003153204681244,
                        0.0004675641511212259
                    ]
                },
                {
                    "type": "tuple",
                    "values": [
                        0.0005501524961199999,
                        0.00054384045106
                    ]
                },
                {
                    "type": "tuple",
                    "values": [
                        0.0003594550669776134,
                        0.0004993719842053433
                    ]
                },
                {
                    "type": "tuple",
                    "values": [
                        0.00046921511939606534,
                        0.0004324367483096352
                    ]
                }
            ]
        },
        "max_log_likelihood_sample": {
            "type": "instance",
            "class_path": "autofit.non_linear.samples.sample.Sample",
            "arguments": {
                "log_likelihood": -179.22314959360335,
                "log_prior": 0.0,
                "weight": 0.0009078969522633275,
                "kwargs": {
                    "type": "dict",
                    "arguments": {
                        "ellipses.0.ell_comps.ell_comps_0": -0.22272855536561,
                        "ellipses.0.ell_comps.ell_comps_1": -0.22671361938231,
                        "multipoles.0.multipole_1.multipole_comps.multipole_comps_0": 0.00098188642033,
                        "multipoles.0.multipole_1.multipole_comps.multipole_comps_1": 0.00173608586066,
                        "multipoles.0.multipole_3.multipole_comps.multipole_comps_0": -0.00047858240332,
                        "multipoles.0.multipole_3.multipole_comps.multipole_comps_1": 0.00074916465598,
                        "multipoles.0.multipole_4.multipole_comps.multipole_comps_0": -0.00415187367944,
                        "multipoles.0.multipole_4.multipole_comps.multipole_comps_1": 0.00395125810682
                    }
                }
            }
        },
        "model": null,
        "log_evidence": -222.78362481721038,
        "errors_at_sigma_3": {
            "type": "list",
            "values": [
                {
                    "type": "tuple",
                    "values": [
                        0.0030189396264980184,
                        0.002969885973288594
                    ]
                },
                {
                    "type": "tuple",
                    "values": [
                        0.0028082495162882193,
                        0.002951547461062659
                    ]
                },
                {
                    "type": "tuple",
                    "values": [
                        0.00143623036566,
                        0.0015479524883716925
                    ]
                },
                {
                    "type": "tuple",
                    "values": [
                        0.0015779397040360471,
                        0.0016605571253237366
                    ]
                },
                {
                    "type": "tuple",
                    "values": [
                        0.0011429166283287739,
                        0.001251627453428231
                    ]
                },
                {
                    "type": "tuple",
                    "values": [
                        0.0015133643472199998,
                        0.0014918399263950232
                    ]
                },
                {
                    "type": "tuple",
                    "values": [
                        0.001374767633975026,
                        0.00125433830059963
                    ]
                },
                {
                    "type": "tuple",
                    "values": [
                        0.0011941216428699997,
                        0.00112119287446308
                    ]
                }
            ]
        }
    }
}