{
    "type": "instance",
    "class_path": "autofit.non_linear.samples.summary.SamplesSummary",
    "arguments": {
        "log_evidence": -47.24354329487474,
        "max_log_likelihood_sample": {
            "type": "instance",
            "class_path": "autofit.non_linear.samples.sample.Sample",
            "arguments": {
                "log_likelihood": -22.58242436709974,
                "log_prior": 0.0,
                "weight": 0.0009904051143707674,
                "kwargs": {
                    "type": "dict",
                    "arguments": {
                        "ellipses.0.ell_comps.ell_comps_0": 0.06213963779852,
                        "ellipses.0.ell_comps.ell_comps_1": -0.02710451596952,
                        "multipoles.0.multipole_3.multipole_comps.multipole_comps_0": -0.00903961851904,
                        "multipoles.0.multipole_3.multipole_comps.multipole_comps_1": 0.00260490150144,
                        "multipoles.0.multipole_4.multipole_comps.multipole_comps_0": -0.00073182570815,
                        "multipoles.0.multipole_4.multipole_comps.multipole_comps_1": -0.0032568156564
                    }
                }
            }
        },
        "errors_at_sigma_1": {
            "type": "list",
            "values": [
                {
                    "type": "tuple",
                    "values": [
                        0.004859319872582854,
                        0.004632755342201478
                    ]
                },
                {
                    "type": "tuple",
                    "values": [
                        0.004418928579508909,
                        0.004244830948730276
                    ]
                },
                {
                    "type": "tuple",
                    "values": [
                        0.002169060334780001,
                        0.0019446339212670282
                    ]
                },
                {
                    "type": "tuple",
                    "values": [
                        0.0022830995264386117,
                        0.0018994080877913883
                    ]
                },
                {
                    "type": "tuple",
                    "values": [
                        0.0027270903539,
                        0.00307600361943
                    ]
                },
                {
                    "type": "tuple",
                    "values": [
                        0.0029960101894779233,
                        0.003212524579001048
                    ]
                }
            ]
        },
        "values_at_sigma_1": {
            "type": "list",
            "values": [
                {
                    "type": "tuple",
                    "values": [
                        0.05936278733696715,
                        0.06885486255175148
                    ]
                },
                {
                    "type": "tuple",
                    "values": [
                        -0.03018463353556,
                        -0.021520874007320816
                    ]
                },
                {
                    "type": "tuple",
                    "values": [
                        -0.01070311704796,
                        -0.006589422791912971
                    ]
                },
                {
                    "type": "tuple",
                    "values": [
                        0.00115170245276,
                        0.00533421006699
                    ]
                },
                {
                    "type": "tuple",
                    "values": [
                        -0.00320882973948,
                        0.00259426423385
                    ]
                },
                {
                    "type": "tuple",
                    "values": [
                        -0.0049088079905949935,
                        0.0012997267778839781
                    ]
                }
            ]
        },
        "values_at_sigma_3": {
            "type": "list",
            "values": [
                {
                    "type": "tuple",
                    "values": [
                        0.049493039548209224,
                        0.07650304363193
                    ]
                },
                {
                    "type": "tuple",
                    "values": [
                        -0.03855825675131932,
                        -0.012127100947290583
                    ]
                },
                {
                    "type": "tuple",
                    "values": [
                        -0.014369033705625945,
                        -0.0015832836003257882
                    ]
                },
                {
                    "type": "tuple",
                    "values": [
                        -0.0034613028781020558,
                        0.00965098106228
                    ]
                },
                {
                    "type": "tuple",
                    "values": [
                        -0.009230091991722865,
                        0.007064540631585944
                    ]
                },
                {
                    "type": "tuple",
                    "values": [
                        -0.011120309735321087,
                        0.007079219493138859
                    ]
                }
            ]
        },
        "model": null,
        "median_pdf_sample": {
            "type": "instance",
            "class_path": "autofit.non_linear.samples.sample.Sample",
            "arguments": {
                "log_likelihood": -22.58242436709974,
                "log_prior": 0.0,
                "weight": 0.0009904051143707674,
                "kwargs": {
                    "type": "dict",
                    "arguments": {
                        "ellipses.0.ell_comps.ell_comps_0": 0.06422210720955,
                        "ellipses.0.ell_comps.ell_comps_1": -0.025765704956051093,
                        "multipoles.0.multipole_3.multipole_comps.multipole_comps_0": -0.00853405671318,
                        "multipoles.0.multipole_3.multipole_comps.multipole_comps_1": 0.003434801979198612,
                        "multipoles.0.multipole_4.multipole_comps.multipole_comps_0": -0.00048173938558,
                        "multipoles.0.multipole_4.multipole_comps.multipole_comps_1": -0.0019127978011170702
                    }
                }
            }
        },
        "errors_at_sigma_3": {
            "type": "list",
            "values": [
                {
                    "type": "tuple",
                    "values": [
                        0.01472906766134078,
                        0.012280936422379998
                    ]
                },
                {
                    "type": "tuple",
                    "values": [
                        0.012792551795268226,
                        0.01363860400876051
                    ]
                },
                {
                    "type": "tuple",
                    "values": [
                        0.005834976992445945,
                        0.006950773112854211
                    ]
                },
                {
                    "type": "tuple",
                    "values": [
                        0.006896104857300668,
                        0.006216179083081388
                    ]
                },
                {
                    "type": "tuple",
                    "values": [
                        0.008748352606142864,
                        0.007546280017165945
                    ]
                },
                {
                    "type": "tuple",
                    "values": [
                        0.009207511934204018,
                        0.00899201729425593
                    ]
                }
            ]
        }
    }
}