{
    "type": "instance",
    "class_path": "autofit.non_linear.samples.summary.SamplesSummary",
    "arguments": {
        "median_pdf_sample": {
            "type": "instance",
            "class_path": "autofit.non_linear.samples.sample.Sample",
            "arguments": {
                "log_likelihood": -30.467577414918196,
                "log_prior": 0.0,
                "weight": 0.0009910382141707311,
                "kwargs": {
                    "type": "dict",
                    "arguments": {
                        "ellipses.0.ell_comps.ell_comps_0": 0.02885755140373,
                        "ellipses.0.ell_comps.ell_comps_1": -0.04485132216317
                    }
                }
            }
        },
        "values_at_sigma_1": {
            "type": "list",
            "values": [
                {
                    "type": "tuple",
                    "values": [
                        0.02446015745710715,
                        0.03201497534262087
                    ]
                },
                {
                    "type": "tuple",
                    "values": [
                        -0.04781568036036943,
                        -0.03740328621756
                    ]
                }
            ]
        },
        "max_log_likelihood_sample": {
            "type": "instance",
            "class_path": "autofit.non_linear.samples.sample.Sample",
            "arguments": {
                "log_likelihood": -30.467577414918196,
                "log_prior": 0.0,
                "weight": 0.0009910382141707311,
                "kwargs": {
                    "type": "dict",
                    "arguments": {
                        "ellipses.0.ell_comps.ell_comps_0": 0.02864832033721,
                        "ellipses.0.ell_comps.ell_comps_1": -0.04631545207895
                    }
                }
            }
        },
        "model": null,
        "values_at_sigma_3": {
            "type": "list",
            "values": [
                {
                    "type": "tuple",
                    "values": [
                        -0.00948159002546,
                        0.04057355397723942
                    ]
                },
                {
                    "type": "tuple",
                    "values": [
                        -0.05899837254931,
                        0.0033519693777983774
                    ]
                }
            ]
        },
        "errors_at_sigma_1": {
            "type": "list",
            "values": [
                {
                    "type": "tuple",
                    "values": [
                        0.004397393946622849,
                        0.0031574239388908708
                    ]
                },
                {
                    "type": "tuple",
                    "values": [
                        0.0029643581971994307,
                        0.007448035945609999
                    ]
                }
            ]
        },
        "log_evidence": -40.613930220577764,
        "errors_at_sigma_3": {
            "type": "list",
            "values": [
                {
                    "type": "tuple",
                    "values": [
                        0.038339141429189996,
                        0.01171600257350942
                    ]
                },
                {
                    "type": "tuple",
                    "values": [
                        0.014147050386140003,
                        0.04820329154096838
                    ]
                }
            ]
        }
    }
}