{
    "type": "instance",
    "class_path": "autofit.non_linear.samples.summary.SamplesSummary",
    "arguments": {
        "errors_at_sigma_3": {
            "type": "list",
            "values": [
                {
                    "type": "tuple",
                    "values": [
                        0.016730171304638414,
                        0.015394945762818801
                    ]
                },
                {
                    "type": "tuple",
                    "values": [
                        0.01836886100158725,
                        0.026525343796724735
                    ]
                },
                {
                    "type": "tuple",
                    "values": [
                        0.029220092822774664,
                        0.03552104636689
                    ]
                },
                {
                    "type": "tuple",
                    "values": [
                        0.031535689669512625,
                        0.046854374161469994
                    ]
                },
                {
                    "type": "tuple",
                    "values": [
                        0.029009148164910004,
                        0.03652218822459
                    ]
                },
                {
                    "type": "tuple",
                    "values": [
                        0.042574627594551634,
                        0.04429461835562602
                    ]
                }
            ]
        },
        "median_pdf_sample": {
            "type": "instance",
            "class_path": "autofit.non_linear.samples.sample.Sample",
            "arguments": {
                "log_likelihood": -29.77931923791039,
                "log_prior": 0.0,
                "weight": 0.0010361660504567983,
                "kwargs": {
                    "type": "dict",
                    "arguments": {
                        "ellipses.0.ell_comps.ell_comps_0": -0.21086184220890158,
                        "ellipses.0.ell_comps.ell_comps_1": 0.007163927307185265,
                        "multipoles.0.multipole_3.multipole_comps.multipole_comps_0": -0.00130376774911,
                        "multipoles.0.multipole_3.multipole_comps.multipole_comps_1": -0.00618220346372,
                        "multipoles.0.multipole_4.multipole_comps.multipole_comps_0": -0.0061583445322,
                        "multipoles.0.multipole_4.multipole_comps.multipole_comps_1": -0.025256742688741243
                    }
                }
            }
        },
        "model": null,
        "errors_at_sigma_1": {
            "type": "list",
            "values": [
                {
                    "type": "tuple",
                    "values": [
                        0.004040943892074739,
                        0.004593373535839385
                    ]
                },
                {
                    "type": "tuple",
                    "values": [
                        0.006358101254749284,
                        0.005358482110274736
                    ]
                },
                {
                    "type": "tuple",
                    "values": [
                        0.00980725790265,
                        0.009572367828730001
                    ]
                },
                {
                    "type": "tuple",
                    "values": [
                        0.01013318211902,
                        0.014288966510126518
                    ]
                },
                {
                    "type": "tuple",
                    "values": [
                        0.01098274558289538,
                        0.00934439399811
                    ]
                },
                {
                    "type": "tuple",
                    "values": [
                        0.010748558090179855,
                        0.011715986289086898
                    ]
                }
            ]
        },
        "values_at_sigma_3": {
            "type": "list",
            "values": [
                {
                    "type": "tuple",
                    "values": [
                        -0.22759201351354,
                        -0.19546689644608278
                    ]
                },
                {
                    "type": "tuple",
                    "values": [
                        -0.011204933694401986,
                        0.03368927110391
                    ]
                },
                {
                    "type": "tuple",
                    "values": [
                        -0.030523860571884665,
                        0.03421727861778
                    ]
                },
                {
                    "type": "tuple",
                    "values": [
                        -0.03771789313323262,
                        0.04067217069775
                    ]
                },
                {
                    "type": "tuple",
                    "values": [
                        -0.03516749269711,
                        0.03036384369239
                    ]
                },
                {
                    "type": "tuple",
                    "values": [
                        -0.06783137028329288,
                        0.019037875666884776
                    ]
                }
            ]
        },
        "values_at_sigma_1": {
            "type": "list",
            "values": [
                {
                    "type": "tuple",
                    "values": [
                        -0.21490278610097632,
                        -0.2062684686730622
                    ]
                },
                {
                    "type": "tuple",
                    "values": [
                        0.0008058260524359813,
                        0.01252240941746
                    ]
                },
                {
                    "type": "tuple",
                    "values": [
                        -0.01111102565176,
                        0.00826860007962
                    ]
                },
                {
                    "type": "tuple",
                    "values": [
                        -0.01631538558274,
                        0.008106763046406519
                    ]
                },
                {
                    "type": "tuple",
                    "values": [
                        -0.01714109011509538,
                        0.00318604946591
                    ]
                },
                {
                    "type": "tuple",
                    "values": [
                        -0.0360053007789211,
                        -0.013540756399654345
                    ]
                }
            ]
        },
        "max_log_likelihood_sample": {
            "type": "instance",
            "class_path": "autofit.non_linear.samples.sample.Sample",
            "arguments": {
                "log_likelihood": -29.77931923791039,
                "log_prior": 0.0,
                "weight": 0.0010361660504567983,
                "kwargs": {
                    "type": "dict",
                    "arguments": {
                        "ellipses.0.ell_comps.ell_comps_0": -0.21106133600147,
                        "ellipses.0.ell_comps.ell_comps_1": 0.00726418429051,
                        "multipoles.0.multipole_3.multipole_comps.multipole_comps_0": -0.00483054836888,
                        "multipoles.0.multipole_3.multipole_comps.multipole_comps_1": -0.01607053575894,
                        "multipoles.0.multipole_4.multipole_comps.multipole_comps_0": -0.00324645340609,
                        "multipoles.0.multipole_4.multipole_comps.multipole_comps_1": -0.02739029641823
                    }
                }
            }
        },
        "log_evidence": -46.626293787622835
    }
}