{
    "type": "instance",
    "class_path": "autofit.non_linear.samples.summary.SamplesSummary",
    "arguments": {
        "log_evidence": -53.02676732194429,
        "values_at_sigma_3": {
            "type": "list",
            "values": [
                {
                    "type": "tuple",
                    "values": [
                        0.05963075187066687,
                        0.10021764297501
                    ]
                },
                {
                    "type": "tuple",
                    "values": [
                        0.04895333247625,
                        0.08461383345977
                    ]
                }
            ]
        },
        "median_pdf_sample": {
            "type": "instance",
            "class_path": "autofit.non_linear.samples.sample.Sample",
            "arguments": {
                "log_likelihood": -41.70155025232156,
                "log_prior": 0.0,
                "weight": 0.0009866794486273717,
                "kwargs": {
                    "type": "dict",
                    "arguments": {
                        "ellipses.0.ell_comps.ell_comps_0": 0.07741634967298136,
                        "ellipses.0.ell_comps.ell_comps_1": 0.06962748116914
                    }
                }
            }
        },
        "errors_at_sigma_1": {
            "type": "list",
            "values": [
                {
                    "type": "tuple",
                    "values": [
                        0.0028334526632813606,
                        0.004610462792066852
                    ]
                },
                {
                    "type": "tuple",
                    "values": [
                        0.005723778267427204,
                        0.003115782325303282
                    ]
                }
            ]
        },
        "values_at_sigma_1": {
            "type": "list",
            "values": [
                {
                    "type": "tuple",
                    "values": [
                        0.0745828970097,
                        0.08202681246504821
                    ]
                },
                {
                    "type": "tuple",
                    "values": [
                        0.0639037029017128,
                        0.07274326349444328
                    ]
                }
            ]
        },
        "errors_at_sigma_3": {
            "type": "list",
            "values": [
                {
                    "type": "tuple",
                    "values": [
                        0.017785597802314493,
                        0.02280129330202864
                    ]
                },
                {
                    "type": "tuple",
                    "values": [
                        0.02067414869289,
                        0.01498635229063
                    ]
                }
            ]
        },
        "max_log_likelihood_sample": {
            "type": "instance",
            "class_path": "autofit.non_linear.samples.sample.Sample",
            "arguments": {
                "log_likelihood": -41.70155025232156,
                "log_prior": 0.0,
                "weight": 0.0009866794486273717,
                "kwargs": {
                    "type": "dict",
                    "arguments": {
                        "ellipses.0.ell_comps.ell_comps_0": 0.07698645206641,
                        "ellipses.0.ell_comps.ell_comps_1": 0.06928568438609
                    }
                }
            }
        },
        "model": null
    }
}