{
    "type": "instance",
    "class_path": "autofit.non_linear.samples.summary.SamplesSummary",
    "arguments": {
        "median_pdf_sample": {
            "type": "instance",
            "class_path": "autofit.non_linear.samples.sample.Sample",
            "arguments": {
                "log_likelihood": -20.82932062377722,
                "log_prior": 0.0,
                "weight": 0.0009320424431791163,
                "kwargs": {
                    "type": "dict",
                    "arguments": {
                        "ellipses.0.ell_comps.ell_comps_0": 0.08275231571126,
                        "ellipses.0.ell_comps.ell_comps_1": -0.14308200407366026,
                        "multipoles.0.multipole_3.multipole_comps.multipole_comps_0": 0.006324786269919507,
                        "multipoles.0.multipole_3.multipole_comps.multipole_comps_1": -0.0049909458834274355,
                        "multipoles.0.multipole_4.multipole_comps.multipole_comps_0": 0.026658524039093925,
                        "multipoles.0.multipole_4.multipole_comps.multipole_comps_1": 0.026212234669533357
                    }
                }
            }
        },
        "errors_at_sigma_3": {
            "type": "list",
            "values": [
                {
                    "type": "tuple",
                    "values": [
                        0.04674537159096462,
                        0.04804049537218143
                    ]
                },
                {
                    "type": "tuple",
                    "values": [
                        0.05570080157016974,
                        0.04292993733558344
                    ]
                },
                {
                    "type": "tuple",
                    "values": [
                        0.07829046769362244,
                        0.08159063461640555
                    ]
                },
                {
                    "type": "tuple",
                    "values": [
                        0.07953535262650256,
                        0.08155316955758839
                    ]
                },
                {
                    "type": "tuple",
                    "values": [
                        0.10762585098576094,
                        0.07311837869730983
                    ]
                },
                {
                    "type": "tuple",
                    "values": [
                        0.1146557649038236,
                        0.07331178077491446
                    ]
                }
            ]
        },
        "values_at_sigma_3": {
            "type": "list",
            "values": [
                {
                    "type": "tuple",
                    "values": [
                        0.036006944120295384,
                        0.13079281108344143
                    ]
                },
                {
                    "type": "tuple",
                    "values": [
                        -0.19878280564383,
                        -0.10015206673807682
                    ]
                },
                {
                    "type": "tuple",
                    "values": [
                        -0.07196568142370294,
                        0.08791542088632505
                    ]
                },
                {
                    "type": "tuple",
                    "values": [
                        -0.08452629850993,
                        0.07656222367416095
                    ]
                },
                {
                    "type": "tuple",
                    "values": [
                        -0.08096732694666701,
                        0.09977690273640376
                    ]
                },
                {
                    "type": "tuple",
                    "values": [
                        -0.08844353023429025,
                        0.09952401544444782
                    ]
                }
            ]
        },
        "errors_at_sigma_1": {
            "type": "list",
            "values": [
                {
                    "type": "tuple",
                    "values": [
                        0.014158656323123062,
                        0.01647557258816
                    ]
                },
                {
                    "type": "tuple",
                    "values": [
                        0.03647635550590306,
                        0.01753198065985162
                    ]
                },
                {
                    "type": "tuple",
                    "values": [
                        0.028654699399981515,
                        0.029813984524619395
                    ]
                },
                {
                    "type": "tuple",
                    "values": [
                        0.035083585381296065,
                        0.038717565620441804
                    ]
                },
                {
                    "type": "tuple",
                    "values": [
                        0.04816497081848392,
                        0.05063791271357046
                    ]
                },
                {
                    "type": "tuple",
                    "values": [
                        0.038570687785053355,
                        0.04542392046720689
                    ]
                }
            ]
        },
        "model": null,
        "max_log_likelihood_sample": {
            "type": "instance",
            "class_path": "autofit.non_linear.samples.sample.Sample",
            "arguments": {
                "log_likelihood": -20.82932062377722,
                "log_prior": 0.0,
                "weight": 0.0009320424431791163,
                "kwargs": {
                    "type": "dict",
                    "arguments": {
                        "ellipses.0.ell_comps.ell_comps_0": 0.09529698009883,
                        "ellipses.0.ell_comps.ell_comps_1": -0.17914598099423,
                        "multipoles.0.multipole_3.multipole_comps.multipole_comps_0": 0.02923662106849,
                        "multipoles.0.multipole_3.multipole_comps.multipole_comps_1": -0.02810370359833,
                        "multipoles.0.multipole_4.multipole_comps.multipole_comps_0": 0.05719571584874,
                        "multipoles.0.multipole_4.multipole_comps.multipole_comps_1": 0.04895547757004
                    }
                }
            }
        },
        "values_at_sigma_1": {
            "type": "list",
            "values": [
                {
                    "type": "tuple",
                    "values": [
                        0.06859365938813694,
                        0.09922788829942
                    ]
                },
                {
                    "type": "tuple",
                    "values": [
                        -0.17955835957956331,
                        -0.12555002341380864
                    ]
                },
                {
                    "type": "tuple",
                    "values": [
                        -0.02232991313006201,
                        0.0361387707945389
                    ]
                },
                {
                    "type": "tuple",
                    "values": [
                        -0.0400745312647235,
                        0.03372661973701437
                    ]
                },
                {
                    "type": "tuple",
                    "values": [
                        -0.02150644677939,
                        0.07729643675266439
                    ]
                },
                {
                    "type": "tuple",
                    "values": [
                        -0.01235845311552,
                        0.07163615513674025
                    ]
                }
            ]
        },
        "log_evidence": -34.917651691477225
    }
}