{
    "type": "instance",
    "class_path": "autofit.non_linear.samples.summary.SamplesSummary",
    "arguments": {
        "errors_at_sigma_1": {
            "type": "list",
            "values": [
                {
                    "type": "tuple",
                    "values": [
                        0.014030815911054817,
                        0.002122883893989458
                    ]
                },
                {
                    "type": "tuple",
                    "values": [
                        0.006142809212816616,
                        0.01330665112571842
                    ]
                }
            ]
        },
        "log_evidence": -64.67181199188121,
        "errors_at_sigma_3": {
            "type": "list",
            "values": [
                {
                    "type": "tuple",
                    "values": [
                        0.0260951986979705,
                        0.011197184459999454
                    ]
                },
                {
                    "type": "tuple",
                    "values": [
                        0.020810323120223517,
                        0.036827897722984386
                    ]
                }
            ]
        },
        "values_at_sigma_3": {
            "type": "list",
            "values": [
                {
                    "type": "tuple",
                    "values": [
                        -0.29278753939088,
                        -0.25549515623291
                    ]
                },
                {
                    "type": "tuple",
                    "values": [
                        -0.03325307142491,
                        0.024385149418297905
                    ]
                }
            ]
        },
        "values_at_sigma_1": {
            "type": "list",
            "values": [
                {
                    "type": "tuple",
                    "values": [
                        -0.2807231566039643,
                        -0.26456945679892
                    ]
                },
                {
                    "type": "tuple",
                    "values": [
                        -0.018585557517503095,
                        0.0008639028210319407
                    ]
                }
            ]
        },
        "max_log_likelihood_sample": {
            "type": "instance",
            "class_path": "autofit.non_linear.samples.sample.Sample",
            "arguments": {
                "log_likelihood": -53.686582103045225,
                "log_prior": 0.0,
                "weight": 0.0010307631972294774,
                "kwargs": {
                    "type": "dict",
                    "arguments": {
                        "ellipses.0.ell_comps.ell_comps_0": -0.2656936561653,
                        "ellipses.0.ell_comps.ell_comps_1": -0.00745087113778
                    }
                }
            }
        },
        "median_pdf_sample": {
            "type": "instance",
            "class_path": "autofit.non_linear.samples.sample.Sample",
            "arguments": {
                "log_likelihood": -53.686582103045225,
                "log_prior": 0.0,
                "weight": 0.0010307631972294774,
                "kwargs": {
                    "type": "dict",
                    "arguments": {
                        "ellipses.0.ell_comps.ell_comps_0": -0.2666923406929095,
                        "ellipses.0.ell_comps.ell_comps_1": -0.01244274830468648
                    }
                }
            }
        },
        "model": null
    }
}