{
    "type": "instance",
    "class_path": "autofit.non_linear.samples.summary.SamplesSummary",
    "arguments": {
        "log_evidence": -71.40864569619622,
        "values_at_sigma_1": {
            "type": "list",
            "values": [
                {
                    "type": "tuple",
                    "values": [
                        -0.15626619796090566,
                        -0.10713732548404
                    ]
                },
                {
                    "type": "tuple",
                    "values": [
                        -0.09317474946447543,
                        -0.07859801056734199
                    ]
                },
                {
                    "type": "tuple",
                    "values": [
                        -0.03038595070987,
                        0.06225710315959
                    ]
                },
                {
                    "type": "tuple",
                    "values": [
                        0.008444226576426421,
                        0.09009258695962
                    ]
                },
                {
                    "type": "tuple",
                    "values": [
                        -0.026825156791584648,
                        0.03644202665654446
                    ]
                },
                {
                    "type": "tuple",
                    "values": [
                        0.00931302987775,
                        0.06893540153600984
                    ]
                },
                {
                    "type": "tuple",
                    "values": [
                        -0.06582286684539,
                        0.05489617638232
                    ]
                },
                {
                    "type": "tuple",
                    "values": [
                        -0.07737526111241082,
                        0.05343406918103867
                    ]
                }
            ]
        },
        "model": null,
        "errors_at_sigma_3": {
            "type": "list",
            "values": [
                {
                    "type": "tuple",
                    "values": [
                        0.04235000995595657,
                        0.02918087562164104
                    ]
                },
                {
                    "type": "tuple",
                    "values": [
                        0.012101655190071114,
                        0.04603529866411543
                    ]
                },
                {
                    "type": "tuple",
                    "values": [
                        0.11033434714398899,
                        0.13599167432093984
                    ]
                },
                {
                    "type": "tuple",
                    "values": [
                        0.13706000430121512,
                        0.09020839440800806
                    ]
                },
                {
                    "type": "tuple",
                    "values": [
                        0.09479336385217836,
                        0.08119426515149686
                    ]
                },
                {
                    "type": "tuple",
                    "values": [
                        0.13583028722434154,
                        0.06024884850970353
                    ]
                },
                {
                    "type": "tuple",
                    "values": [
                        0.08329690666244999,
                        0.114090040807374
                    ]
                },
                {
                    "type": "tuple",
                    "values": [
                        0.05518988892197113,
                        0.13574198934969
                    ]
                }
            ]
        },
        "values_at_sigma_3": {
            "type": "list",
            "values": [
                {
                    "type": "tuple",
                    "values": [
                        -0.1639502547726408,
                        -0.09241936919504319
                    ]
                },
                {
                    "type": "tuple",
                    "values": [
                        -0.10110944446326456,
                        -0.04297249060907801
                    ]
                },
                {
                    "type": "tuple",
                    "values": [
                        -0.09547687436300899,
                        0.15084914710191982
                    ]
                },
                {
                    "type": "tuple",
                    "values": [
                        -0.09063010758331513,
                        0.13663829112590806
                    ]
                },
                {
                    "type": "tuple",
                    "values": [
                        -0.09267663205386,
                        0.08331099694981522
                    ]
                },
                {
                    "type": "tuple",
                    "values": [
                        -0.09687018012376507,
                        0.09920895561028
                    ]
                },
                {
                    "type": "tuple",
                    "values": [
                        -0.09932406991592,
                        0.098062877553904
                    ]
                },
                {
                    "type": "tuple",
                    "values": [
                        -0.09989308289035113,
                        0.09103879538131
                    ]
                }
            ]
        },
        "errors_at_sigma_1": {
            "type": "list",
            "values": [
                {
                    "type": "tuple",
                    "values": [
                        0.034665953144221426,
                        0.014462919332644236
                    ]
                },
                {
                    "type": "tuple",
                    "values": [
                        0.004166960191281988,
                        0.010409778705851455
                    ]
                },
                {
                    "type": "tuple",
                    "values": [
                        0.045243423490850004,
                        0.04739963037861
                    ]
                },
                {
                    "type": "tuple",
                    "values": [
                        0.03798567014147358,
                        0.043662690241719995
                    ]
                },
                {
                    "type": "tuple",
                    "values": [
                        0.02894188858990301,
                        0.034325294858226094
                    ]
                },
                {
                    "type": "tuple",
                    "values": [
                        0.029647077222826466,
                        0.029975294435433376
                    ]
                },
                {
                    "type": "tuple",
                    "values": [
                        0.04979570359192,
                        0.07092333963579
                    ]
                },
                {
                    "type": "tuple",
                    "values": [
                        0.032672067144030814,
                        0.09813726314941867
                    ]
                }
            ]
        },
        "max_log_likelihood_sample": {
            "type": "instance",
            "class_path": "autofit.non_linear.samples.sample.Sample",
            "arguments": {
                "log_likelihood": -48.32159008708282,
                "log_prior": 0.0,
                "weight": 0.001019954657733835,
                "kwargs": {
                    "type": "dict",
                    "arguments": {
                        "ellipses.0.ell_comps.ell_comps_0": -0.1568375591299,
                        "ellipses.0.ell_comps.ell_comps_1": -0.08647455317249,
                        "multipoles.0.multipole_1.multipole_comps.multipole_comps_0": 0.03739004376809,
                        "multipoles.0.multipole_1.multipole_comps.multipole_comps_1": 0.03504748616772,
                        "multipoles.0.multipole_3.multipole_comps.multipole_comps_0": 0.00712367405898,
                        "multipoles.0.multipole_3.multipole_comps.multipole_comps_1": 0.0272694476187,
                        "multipoles.0.multipole_4.multipole_comps.multipole_comps_0": -0.02472867285596,
                        "multipoles.0.multipole_4.multipole_comps.multipole_comps_1": 0.06786955520055
                    }
                }
            }
        },
        "median_pdf_sample": {
            "type": "instance",
            "class_path": "autofit.non_linear.samples.sample.Sample",
            "arguments": {
                "log_likelihood": -48.32159008708282,
                "log_prior": 0.0,
                "weight": 0.001019954657733835,
                "kwargs": {
                    "type": "dict",
                    "arguments": {
                        "ellipses.0.ell_comps.ell_comps_0": -0.12160024481668423,
                        "ellipses.0.ell_comps.ell_comps_1": -0.08900778927319344,
                        "multipoles.0.multipole_1.multipole_comps.multipole_comps_0": 0.01485747278098,
                        "multipoles.0.multipole_1.multipole_comps.multipole_comps_1": 0.0464298967179,
                        "multipoles.0.multipole_3.multipole_comps.multipole_comps_0": 0.002116731798318363,
                        "multipoles.0.multipole_3.multipole_comps.multipole_comps_1": 0.038960107100576465,
                        "multipoles.0.multipole_4.multipole_comps.multipole_comps_0": -0.01602716325347,
                        "multipoles.0.multipole_4.multipole_comps.multipole_comps_1": -0.04470319396838
                    }
                }
            }
        }
    }
}