{
    "type": "instance",
    "class_path": "autofit.non_linear.samples.summary.SamplesSummary",
    "arguments": {
        "errors_at_sigma_1": {
            "type": "list",
            "values": [
                {
                    "type": "tuple",
                    "values": [
                        0.0014801052033169282,
                        0.0013844862567835015
                    ]
                },
                {
                    "type": "tuple",
                    "values": [
                        0.0022998853837405547,
                        0.002071997580514323
                    ]
                }
            ]
        },
        "model": null,
        "log_evidence": -78.4871403062981,
        "errors_at_sigma_3": {
            "type": "list",
            "values": [
                {
                    "type": "tuple",
                    "values": [
                        0.019168898007631163,
                        0.005769162797289951
                    ]
                },
                {
                    "type": "tuple",
                    "values": [
                        0.01225462097642506,
                        0.008170741037754323
                    ]
                }
            ]
        },
        "max_log_likelihood_sample": {
            "type": "instance",
            "class_path": "autofit.non_linear.samples.sample.Sample",
            "arguments": {
                "log_likelihood": -67.22986932437047,
                "log_prior": 0.0,
                "weight": 0.0009850431274721048,
                "kwargs": {
                    "type": "dict",
                    "arguments": {
                        "ellipses.0.ell_comps.ell_comps_0": -0.2684805418277,
                        "ellipses.0.ell_comps.ell_comps_1": -0.07752602550378
                    }
                }
            }
        },
        "values_at_sigma_1": {
            "type": "list",
            "values": [
                {
                    "type": "tuple",
                    "values": [
                        -0.2697547758101154,
                        -0.266890184350015
                    ]
                },
                {
                    "type": "tuple",
                    "values": [
                        -0.08061495757467488,
                        -0.07624307461042
                    ]
                }
            ]
        },
        "median_pdf_sample": {
            "type": "instance",
            "class_path": "autofit.non_linear.samples.sample.Sample",
            "arguments": {
                "log_likelihood": -67.22986932437047,
                "log_prior": 0.0,
                "weight": 0.0009850431274721048,
                "kwargs": {
                    "type": "dict",
                    "arguments": {
                        "ellipses.0.ell_comps.ell_comps_0": -0.2682746706067985,
                        "ellipses.0.ell_comps.ell_comps_1": -0.07831507219093432
                    }
                }
            }
        },
        "values_at_sigma_3": {
            "type": "list",
            "values": [
                {
                    "type": "tuple",
                    "values": [
                        -0.28744356861442966,
                        -0.26250550780950854
                    ]
                },
                {
                    "type": "tuple",
                    "values": [
                        -0.09056969316735938,
                        -0.07014433115318
                    ]
                }
            ]
        }
    }
}