{
    "type": "collection",
    "arguments": {
        "ellipses": {
            "type": "collection",
            "arguments": {
                "0": {
                    "type": "instance",
                    "class_path": "autogalaxy.ellipse.ellipse.ellipse.Ellipse",
                    "arguments": {
                        "centre": {
                            "type": "tuple",
                            "values": [
                                -0.00181258985067,
                                -0.00108227164821
                            ]
                        },
                        "ell_comps": {
                            "type": "tuple",
                            "values": [
                                -0.14390698173609,
                                -0.14182589660747
                            ]
                        },
                        "major_axis": 0.25
                    }
                },
                "1": {
                    "type": "instance",
                    "class_path": "autogalaxy.ellipse.ellipse.ellipse.Ellipse",
                    "arguments": {
                        "centre": {
                            "type": "tuple",
                            "values": [
                                -0.00181258985067,
                                -0.00108227164821
                            ]
                        },
                        "ell_comps": {
                            "type": "tuple",
                            "values": [
                                -0.22272855536561,
                                -0.22671361938231
                            ]
                        },
                        "major_axis": 0.5
                    }
                },
                "2": {
                    "type": "instance",
                    "class_path": "autogalaxy.ellipse.ellipse.ellipse.Ellipse",
                    "arguments": {
                        "centre": {
                            "type": "tuple",
                            "values": [
                                -0.00181258985067,
                                -0.00108227164821
                            ]
                        },
                        "ell_comps": {
                            "type": "tuple",
                            "values": [
                                -0.24647639933569,
                                -0.25347121851316
                            ]
                        },
                        "major_axis": 0.75
                    }
                },
                "3": {
                    "type": "instance",
                    "class_path": "autogalaxy.ellipse.ellipse.ellipse.Ellipse",
                    "arguments": {
                        "centre": {
                            "type": "tuple",
                            "values": [
                                -0.00181258985067,
                                -0.00108227164821
                            ]
                        },
                        "ell_comps": {
                            "type": "tuple",
                            "values": [
                                -0.23638897208688,
                                -0.25003395933459
                            ]
                        },
                        "major_axis": 1.0
                    }
                },
                "4": {
                    "type": "instance",
                    "class_path": "autogalaxy.ellipse.ellipse.ellipse.Ellipse",
                    "arguments": {
                        "centre": {
                            "type": "tuple",
                            "values": [
                                -0.00181258985067,
                                -0.00108227164821
                            ]
                        },
                        "ell_comps": {
                            "type": "tuple",
                            "values": [
                                -0.22260768977881,
                                -0.23704621073258
                            ]
                        },
                        "major_axis": 1.25
                    }
                },
                "5": {
                    "type": "instance",
                    "class_path": "autogalaxy.ellipse.ellipse.ellipse.Ellipse",
                    "arguments": {
                        "centre": {
                            "type": "tuple",
                            "values": [
                                -0.00181258985067,
                                -0.00108227164821
                            ]
                        },
                        "ell_comps": {
                            "type": "tuple",
                            "values": [
                                -0.21084057681813,
                                -0.22422417866486
                            ]
                        },
                        "major_axis": 1.5
                    }
                },
                "6": {
                    "type": "instance",
                    "class_path": "autogalaxy.ellipse.ellipse.ellipse.Ellipse",
                    "arguments": {
                        "centre": {
                            "type": "tuple",
                            "values": [
                                -0.00181258985067,
                                -0.00108227164821
                            ]
                        },
                        "ell_comps": {
                            "type": "tuple",
                            "values": [
                                -0.19943195239719,
                                -0.21425175489653
                            ]
                        },
                        "major_axis": 1.75
                    }
                },
                "7": {
                    "type": "instance",
                    "class_path": "autogalaxy.ellipse.ellipse.ellipse.Ellipse",
                    "arguments": {
                        "centre": {
                            "type": "tuple",
                            "values": [
                                -0.00181258985067,
                                -0.00108227164821
                            ]
                        },
                        "ell_comps": {
                            "type": "tuple",
                            "values": [
                                -0.18251523466921,
                                -0.20015982034117
                            ]
                        },
                        "major_axis": 2.0
                    }
                },
                "8": {
                    "type": "instance",
                    "class_path": "autogalaxy.ellipse.ellipse.ellipse.Ellipse",
                    "arguments": {
                        "centre": {
                            "type": "tuple",
                            "values": [
                                -0.00181258985067,
                                -0.00108227164821
                            ]
                        },
                        "ell_comps": {
                            "type": "tuple",
                            "values": [
                                -0.17729827009891,
                                -0.19775418785538
                            ]
                        },
                        "major_axis": 2.25
                    }
                },
                "9": {
                    "type": "instance",
                    "class_path": "autogalaxy.ellipse.ellipse.ellipse.Ellipse",
                    "arguments": {
                        "centre": {
                            "type": "tuple",
                            "values": [
                                -0.00181258985067,
                                -0.00108227164821
                            ]
                        },
                        "ell_comps": {
                            "type": "tuple",
                            "values": [
                                -0.16965494900065,
                                -0.1910325906806
                            ]
                        },
                        "major_axis": 2.5
                    }
                },
                "10": {
                    "type": "instance",
                    "class_path": "autogalaxy.ellipse.ellipse.ellipse.Ellipse",
                    "arguments": {
                        "centre": {
                            "type": "tuple",
                            "values": [
                                -0.00181258985067,
                                -0.00108227164821
                            ]
                        },
                        "ell_comps": {
                            "type": "tuple",
                            "values": [
                                -0.17787395711208,
                                -0.19707352993504
                            ]
                        },
                        "major_axis": 2.75
                    }
                },
                "11": {
                    "type": "instance",
                    "class_path": "autogalaxy.ellipse.ellipse.ellipse.Ellipse",
                    "arguments": {
                        "centre": {
                            "type": "tuple",
                            "values": [
                                -0.00181258985067,
                                -0.00108227164821
                            ]
                        },
                        "ell_comps": {
                            "type": "tuple",
                            "values": [
                                -0.17859386013525,
                                -0.19953537318381
                            ]
                        },
                        "major_axis": 3.0
                    }
                },
                "12": {
                    "type": "instance",
                    "class_path": "autogalaxy.ellipse.ellipse.ellipse.Ellipse",
                    "arguments": {
                        "centre": {
                            "type": "tuple",
                            "values": [
                                -0.00181258985067,
                                -0.00108227164821
                            ]
                        },
                        "ell_comps": {
                            "type": "tuple",
                            "values": [
                                -0.18055900918837,
                                -0.20061620485321
                            ]
                        },
                        "major_axis": 3.25
                    }
                },
                "13": {
                    "type": "instance",
                    "class_path": "autogalaxy.ellipse.ellipse.ellipse.Ellipse",
                    "arguments": {
                        "centre": {
                            "type": "tuple",
                            "values": [
                                -0.00181258985067,
                                -0.00108227164821
                            ]
                        },
                        "ell_comps": {
                            "type": "tuple",
                            "values": [
                                -0.18965710082147,
                                -0.20263870666949
                            ]
                        },
                        "major_axis": 3.5
                    }
                },
                "14": {
                    "type": "instance",
                    "class_path": "autogalaxy.ellipse.ellipse.ellipse.Ellipse",
                    "arguments": {
                        "centre": {
                            "type": "tuple",
                            "values": [
                                -0.00181258985067,
                                -0.00108227164821
                            ]
                        },
                        "ell_comps": {
                            "type": "tuple",
                            "values": [
                                -0.19625350601533,
                                -0.20618802264518
                            ]
                        },
                        "major_axis": 3.75
                    }
                },
                "15": {
                    "type": "instance",
                    "class_path": "autogalaxy.ellipse.ellipse.ellipse.Ellipse",
                    "arguments": {
                        "centre": {
                            "type": "tuple",
                            "values": [
                                -0.00181258985067,
                                -0.00108227164821
                            ]
                        },
                        "ell_comps": {
                            "type": "tuple",
                            "values": [
                                -0.19351443261129,
                                -0.20468446456554
                            ]
                        },
                        "major_axis": 4.0
                    }
                },
                "16": {
                    "type": "instance",
                    "class_path": "autogalaxy.ellipse.ellipse.ellipse.Ellipse",
                    "arguments": {
                        "centre": {
                            "type": "tuple",
                            "values": [
                                -0.00181258985067,
                                -0.00108227164821
                            ]
                        },
                        "ell_comps": {
                            "type": "tuple",
                            "values": [
                                -0.19733118505282,
                                -0.21320217628663
                            ]
                        },
                        "major_axis": 4.25
                    }
                },
                "17": {
                    "type": "instance",
                    "class_path": "autogalaxy.ellipse.ellipse.ellipse.Ellipse",
                    "arguments": {
                        "centre": {
                            "type": "tuple",
                            "values": [
                                -0.00181258985067,
                                -0.00108227164821
                            ]
                        },
                        "ell_comps": {
                            "type": "tuple",
                            "values": [
                                -0.19752266223027,
                                -0.21089157507382
                            ]
                        },
                        "major_axis": 4.5
                    }
                },
                "18": {
                    "type": "instance",
                    "class_path": "autogalaxy.ellipse.ellipse.ellipse.Ellipse",
                    "arguments": {
                        "centre": {
                            "type": "tuple",
                            "values": [
                                -0.00181258985067,
                                -0.00108227164821
                            ]
                        },
                        "ell_comps": {
                            "type": "tuple",
                            "values": [
                                -0.19645574592303,
                                -0.20649955358363
                            ]
                        },
                        "major_axis": 4.75
                    }
                }
            }
        },
        "multipoles": {
            "type": "collection",
            "arguments": {
                "0": {
                    "type": "instance",
                    "class_path": "autofit.mapper.model.ModelInstance",
                    "arguments": {
                        "child_items": {
                            "type": "dict",
                            "arguments": {
                                "multipole_1": {
                                    "type": "instance",
                                    "class_path": "autogalaxy.ellipse.ellipse.ellipse_multipole.EllipseMultipole",
                                    "arguments": {
                                        "multipole_comps": {
                                            "type": "tuple",
                                            "values": [
                                                0.00166295552385,
                                                0.00125830083515
                                            ]
                                        },
                                        "m": 1
                                    }
                                },
                                "multipole_3": {
                                    "type": "instance",
                                    "class_path": "autogalaxy.ellipse.ellipse.ellipse_multipole.EllipseMultipole",
                                    "arguments": {
                                        "multipole_comps": {
                                            "type": "tuple",
                                            "values": [
                                                0.00071182245974,
                                                0.00025562950844
                                            ]
                                        },
                                        "m": 3
                                    }
                                },
                                "multipole_4": {
                                    "type": "instance",
                                    "class_path": "autogalaxy.ellipse.ellipse.ellipse_multipole.EllipseMultipole",
                                    "arguments": {
                                        "multipole_comps": {
                                            "type": "tuple",
                                            "values": [
                                                -0.00114141735713,
                                                0.00069687269812
                                            ]
                                        },
                                        "m": 4
                                    }
                                }
                            }
                        }
                    }
                },
                "1": {
                    "type": "instance",
                    "class_path": "autofit.mapper.model.ModelInstance",
                    "arguments": {
                        "child_items": {
                            "type": "dict",
                            "arguments": {
                                "multipole_1": {
                                    "type": "instance",
                                    "class_path": "autogalaxy.ellipse.ellipse.ellipse_multipole.EllipseMultipole",
                                    "arguments": {
                                        "multipole_comps": {
                                            "type": "tuple",
                                            "values": [
                                                0.00098188642033,
                                                0.00173608586066
                                            ]
                                        },
                                        "m": 1
                                    }
                                },
                                "multipole_3": {
                                    "type": "instance",
                                    "class_path": "autogalaxy.ellipse.ellipse.ellipse_multipole.EllipseMultipole",
                                    "arguments": {
                                        "multipole_comps": {
                                            "type": "tuple",
                                            "values": [
                                                -0.00047858240332,
                                                0.00074916465598
                                            ]
                                        },
                                        "m": 3
                                    }
                                },
                                "multipole_4": {
                                    "type": "instance",
                                    "class_path": "autogalaxy.ellipse.ellipse.ellipse_multipole.EllipseMultipole",
                                    "arguments": {
                                        "multipole_comps": {
                                            "type": "tuple",
                                            "values": [
                                                -0.00415187367944,
                                                0.00395125810682
                                            ]
                                        },
                                        "m": 4
                                    }
                                }
                            }
                        }
                    }
                },
                "2": {
                    "type": "instance",
                    "class_path": "autofit.mapper.model.ModelInstance",
                    "arguments": {
                        "child_items": {
                            "type": "dict",
                            "arguments": {
                                "multipole_1": {
                                    "type": "instance",
                                    "class_path": "autogalaxy.ellipse.ellipse.ellipse_multipole.EllipseMultipole",
                                    "arguments": {
                                        "multipole_comps": {
                                            "type": "tuple",
                                            "values": [
                                                0.00044649902343,
                                                -0.00140778648457
                                            ]
                                        },
                                        "m": 1
                                    }
                                },
                                "multipole_3": {
                                    "type": "instance",
                                    "class_path": "autogalaxy.ellipse.ellipse.ellipse_multipole.EllipseMultipole",
                                    "arguments": {
                                        "multipole_comps": {
                                            "type": "tuple",
                                            "values": [
                                                1.912740508e-05,
                                                0.00055777597666
                                            ]
                                        },
                                        "m": 3
                                    }
                                },
                                "multipole_4": {
                                    "type": "instance",
                                    "class_path": "autogalaxy.ellipse.ellipse.ellipse_multipole.EllipseMultipole",
                                    "arguments": {
                                        "multipole_comps": {
                                            "type": "tuple",
                                            "values": [
                                                -0.00735389131876,
                                                0.005919421513
                                            ]
                                        },
                                        "m": 4
                                    }
                                }
                            }
                        }
                    }
                },
                "3": {
                    "type": "instance",
                    "class_path": "autofit.mapper.model.ModelInstance",
                    "arguments": {
                        "child_items": {
                            "type": "dict",
                            "arguments": {
                                "multipole_1": {
                                    "type": "instance",
                                    "class_path": "autogalaxy.ellipse.ellipse.ellipse_multipole.EllipseMultipole",
                                    "arguments": {
                                        "multipole_comps": {
                                            "type": "tuple",
                                            "values": [
                                                0.00061540864173,
                                                -0.00275755473765
                                            ]
                                        },
                                        "m": 1
                                    }
                                },
                                "multipole_3": {
                                    "type": "instance",
                                    "class_path": "autogalaxy.ellipse.ellipse.ellipse_multipole.EllipseMultipole",
                                    "arguments": {
                                        "multipole_comps": {
                                            "type": "tuple",
                                            "values": [
                                                0.00021141013035,
                                                0.00040515107391
                                            ]
                                        },
                                        "m": 3
                                    }
                                },
                                "multipole_4": {
                                    "type": "instance",
                                    "class_path": "autogalaxy.ellipse.ellipse.ellipse_multipole.EllipseMultipole",
                                    "arguments": {
                                        "multipole_comps": {
                                            "type": "tuple",
                                            "values": [
                                                -0.00913439846194,
                                                0.0033857188689
                                            ]
                                        },
                                        "m": 4
                                    }
                                }
                            }
                        }
                    }
                },
                "4": {
                    "type": "instance",
                    "class_path": "autofit.mapper.model.ModelInstance",
                    "arguments": {
                        "child_items": {
                            "type": "dict",
                            "arguments": {
                                "multipole_1": {
                                    "type": "instance",
                                    "class_path": "autogalaxy.ellipse.ellipse.ellipse_multipole.EllipseMultipole",
                                    "arguments": {
                                        "multipole_comps": {
                                            "type": "tuple",
                                            "values": [
                                                0.00143636690183,
                                                -0.00412678834416
                                            ]
                                        },
                                        "m": 1
                                    }
                                },
                                "multipole_3": {
                                    "type": "instance",
                                    "class_path": "autogalaxy.ellipse.ellipse.ellipse_multipole.EllipseMultipole",
                                    "arguments": {
                                        "multipole_comps": {
                                            "type": "tuple",
                                            "values": [
                                                0.00130617469068,
                                                0.00127954213714
                                            ]
                                        },
                                        "m": 3
                                    }
                                },
                                "multipole_4": {
                                    "type": "instance",
                                    "class_path": "autogalaxy.ellipse.ellipse.ellipse_multipole.EllipseMultipole",
                                    "arguments": {
                                        "multipole_comps": {
                                            "type": "tuple",
                                            "values": [
                                                -0.00946761679978,
                                                0.00345115966378
                                            ]
                                        },
                                        "m": 4
                                    }
                                }
                            }
                        }
                    }
                },
                "5": {
                    "type": "instance",
                    "class_path": "autofit.mapper.model.ModelInstance",
                    "arguments": {
                        "child_items": {
                            "type": "dict",
                            "arguments": {
                                "multipole_1": {
                                    "type": "instance",
                                    "class_path": "autogalaxy.ellipse.ellipse.ellipse_multipole.EllipseMultipole",
                                    "arguments": {
                                        "multipole_comps": {
                                            "type": "tuple",
                                            "values": [
                                                -0.00092666776075,
                                                -0.00260082457998
                                            ]
                                        },
                                        "m": 1
                                    }
                                },
                                "multipole_3": {
                                    "type": "instance",
                                    "class_path": "autogalaxy.ellipse.ellipse.ellipse_multipole.EllipseMultipole",
                                    "arguments": {
                                        "multipole_comps": {
                                            "type": "tuple",
                                            "values": [
                                                0.00219572857714,
                                                -0.00346547945828
                                            ]
                                        },
                                        "m": 3
                                    }
                                },
                                "multipole_4": {
                                    "type": "instance",
                                    "class_path": "autogalaxy.ellipse.ellipse.ellipse_multipole.EllipseMultipole",
                                    "arguments": {
                                        "multipole_comps": {
                                            "type": "tuple",
                                            "values": [
                                                -0.01365184538867,
                                                0.00493297070829
                                            ]
                                        },
                                        "m": 4
                                    }
                                }
                            }
                        }
                    }
                },
                "6": {
                    "type": "instance",
                    "class_path": "autofit.mapper.model.ModelInstance",
                    "arguments": {
                        "child_items": {
                            "type": "dict",
                            "arguments": {
                                "multipole_1": {
                                    "type": "instance",
                                    "class_path": "autogalaxy.ellipse.ellipse.ellipse_multipole.EllipseMultipole",
                                    "arguments": {
                                        "multipole_comps": {
                                            "type": "tuple",
                                            "values": [
                                                0.00500667722932,
                                                -0.00523911668083
                                            ]
                                        },
                                        "m": 1
                                    }
                                },
                                "multipole_3": {
                                    "type": "instance",
                                    "class_path": "autogalaxy.ellipse.ellipse.ellipse_multipole.EllipseMultipole",
                                    "arguments": {
                                        "multipole_comps": {
                                            "type": "tuple",
                                            "values": [
                                                0.00153214294025,
                                                0.00500601554344
                                            ]
                                        },
                                        "m": 3
                                    }
                                },
                                "multipole_4": {
                                    "type": "instance",
                                    "class_path": "autogalaxy.ellipse.ellipse.ellipse_multipole.EllipseMultipole",
                                    "arguments": {
                                        "multipole_comps": {
                                            "type": "tuple",
                                            "values": [
                                                -0.02172824822226,
                                                0.00930120169591
                                            ]
                                        },
                                        "m": 4
                                    }
                                }
                            }
                        }
                    }
                },
                "7": {
                    "type": "instance",
                    "class_path": "autofit.mapper.model.ModelInstance",
                    "arguments": {
                        "child_items": {
                            "type": "dict",
                            "arguments": {
                                "multipole_1": {
                                    "type": "instance",
                                    "class_path": "autogalaxy.ellipse.ellipse.ellipse_multipole.EllipseMultipole",
                                    "arguments": {
                                        "multipole_comps": {
                                            "type": "tuple",
                                            "values": [
                                                -0.00221575218713,
                                                0.00589198176146
                                            ]
                                        },
                                        "m": 1
                                    }
                                },
                                "multipole_3": {
                                    "type": "instance",
                                    "class_path": "autogalaxy.ellipse.ellipse.ellipse_multipole.EllipseMultipole",
                                    "arguments": {
                                        "multipole_comps": {
                                            "type": "tuple",
                                            "values": [
                                                0.00552926037175,
                                                -0.00314563056193
                                            ]
                                        },
                                        "m": 3
                                    }
                                },
                                "multipole_4": {
                                    "type": "instance",
                                    "class_path": "autogalaxy.ellipse.ellipse.ellipse_multipole.EllipseMultipole",
                                    "arguments": {
                                        "multipole_comps": {
                                            "type": "tuple",
                                            "values": [
                                                -0.02053067314436,
                                                0.00208648536614
                                            ]
                                        },
                                        "m": 4
                                    }
                                }
                            }
                        }
                    }
                },
                "8": {
                    "type": "instance",
                    "class_path": "autofit.mapper.model.ModelInstance",
                    "arguments": {
                        "child_items": {
                            "type": "dict",
                            "arguments": {
                                "multipole_1": {
                                    "type": "instance",
                                    "class_path": "autogalaxy.ellipse.ellipse.ellipse_multipole.EllipseMultipole",
                                    "arguments": {
                                        "multipole_comps": {
                                            "type": "tuple",
                                            "values": [
                                                -0.00905856342794,
                                                0.01069483202586
                                            ]
                                        },
                                        "m": 1
                                    }
                                },
                                "multipole_3": {
                                    "type": "instance",
                                    "class_path": "autogalaxy.ellipse.ellipse.ellipse_multipole.EllipseMultipole",
                                    "arguments": {
                                        "multipole_comps": {
                                            "type": "tuple",
                                            "values": [
                                                0.00336492050508,
                                                -0.00701826527828
                                            ]
                                        },
                                        "m": 3
                                    }
                                },
                                "multipole_4": {
                                    "type": "instance",
                                    "class_path": "autogalaxy.ellipse.ellipse.ellipse_multipole.EllipseMultipole",
                                    "arguments": {
                                        "multipole_comps": {
                                            "type": "tuple",
                                            "values": [
                                                -0.02962865257412,
                                                0.00773053816457
                                            ]
                                        },
                                        "m": 4
                                    }
                                }
                            }
                        }
                    }
                },
                "9": {
                    "type": "instance",
                    "class_path": "autofit.mapper.model.ModelInstance",
                    "arguments": {
                        "child_items": {
                            "type": "dict",
                            "arguments": {
                                "multipole_1": {
                                    "type": "instance",
                                    "class_path": "autogalaxy.ellipse.ellipse.ellipse_multipole.EllipseMultipole",
                                    "arguments": {
                                        "multipole_comps": {
                                            "type": "tuple",
                                            "values": [
                                                -0.00896446846511,
                                                0.02580840029447
                                            ]
                                        },
                                        "m": 1
                                    }
                                },
                                "multipole_3": {
                                    "type": "instance",
                                    "class_path": "autogalaxy.ellipse.ellipse.ellipse_multipole.EllipseMultipole",
                                    "arguments": {
                                        "multipole_comps": {
                                            "type": "tuple",
                                            "values": [
                                                0.00159817105943,
                                                -0.00367143272498
                                            ]
                                        },
                                        "m": 3
                                    }
                                },
                                "multipole_4": {
                                    "type": "instance",
                                    "class_path": "autogalaxy.ellipse.ellipse.ellipse_multipole.EllipseMultipole",
                                    "arguments": {
                                        "multipole_comps": {
                                            "type": "tuple",
                                            "values": [
                                                -0.02797015513933,
                                                0.00682173391402
                                            ]
                                        },
                                        "m": 4
                                    }
                                }
                            }
                        }
                    }
                },
                "10": {
                    "type": "instance",
                    "class_path": "autofit.mapper.model.ModelInstance",
                    "arguments": {
                        "child_items": {
                            "type": "dict",
                            "arguments": {
                                "multipole_1": {
                                    "type": "instance",
                                    "class_path": "autogalaxy.ellipse.ellipse.ellipse_multipole.EllipseMultipole",
                                    "arguments": {
                                        "multipole_comps": {
                                            "type": "tuple",
                                            "values": [
                                                -0.00508293210038,
                                                0.0131087373073
                                            ]
                                        },
                                        "m": 1
                                    }
                                },
                                "multipole_3": {
                                    "type": "instance",
                                    "class_path": "autogalaxy.ellipse.ellipse.ellipse_multipole.EllipseMultipole",
                                    "arguments": {
                                        "multipole_comps": {
                                            "type": "tuple",
                                            "values": [
                                                0.01274698018774,
                                                -0.01372134437092
                                            ]
                                        },
                                        "m": 3
                                    }
                                },
                                "multipole_4": {
                                    "type": "instance",
                                    "class_path": "autogalaxy.ellipse.ellipse.ellipse_multipole.EllipseMultipole",
                                    "arguments": {
                                        "multipole_comps": {
                                            "type": "tuple",
                                            "values": [
                                                -0.03528548602528,
                                                0.01256254114055
                                            ]
                                        },
                                        "m": 4
                                    }
                                }
                            }
                        }
                    }
                },
                "11": {
                    "type": "instance",
                    "class_path": "autofit.mapper.model.ModelInstance",
                    "arguments": {
                        "child_items": {
                            "type": "dict",
                            "arguments": {
                                "multipole_1": {
                                    "type": "instance",
                                    "class_path": "autogalaxy.ellipse.ellipse.ellipse_multipole.EllipseMultipole",
                                    "arguments": {
                                        "multipole_comps": {
                                            "type": "tuple",
                                            "values": [
                                                -0.00384553760204,
                                                0.01413590886181
                                            ]
                                        },
                                        "m": 1
                                    }
                                },
                                "multipole_3": {
                                    "type": "instance",
                                    "class_path": "autogalaxy.ellipse.ellipse.ellipse_multipole.EllipseMultipole",
                                    "arguments": {
                                        "multipole_comps": {
                                            "type": "tuple",
                                            "values": [
                                                0.01084004679476,
                                                -0.01990722372756
                                            ]
                                        },
                                        "m": 3
                                    }
                                },
                                "multipole_4": {
                                    "type": "instance",
                                    "class_path": "autogalaxy.ellipse.ellipse.ellipse_multipole.EllipseMultipole",
                                    "arguments": {
                                        "multipole_comps": {
                                            "type": "tuple",
                                            "values": [
                                                -0.03960357476679,
                                                0.02023429411117
                                            ]
                                        },
                                        "m": 4
                                    }
                                }
                            }
                        }
                    }
                },
                "12": {
                    "type": "instance",
                    "class_path": "autofit.mapper.model.ModelInstance",
                    "arguments": {
                        "child_items": {
                            "type": "dict",
                            "arguments": {
                                "multipole_1": {
                                    "type": "instance",
                                    "class_path": "autogalaxy.ellipse.ellipse.ellipse_multipole.EllipseMultipole",
                                    "arguments": {
                                        "multipole_comps": {
                                            "type": "tuple",
                                            "values": [
                                                -0.00275047913147,
                                                0.01428525050664
                                            ]
                                        },
                                        "m": 1
                                    }
                                },
                                "multipole_3": {
                                    "type": "instance",
                                    "class_path": "autogalaxy.ellipse.ellipse.ellipse_multipole.EllipseMultipole",
                                    "arguments": {
                                        "multipole_comps": {
                                            "type": "tuple",
                                            "values": [
                                                0.00108204303643,
                                                -0.00800177454806
                                            ]
                                        },
                                        "m": 3
                                    }
                                },
                                "multipole_4": {
                                    "type": "instance",
                                    "class_path": "autogalaxy.ellipse.ellipse.ellipse_multipole.EllipseMultipole",
                                    "arguments": {
                                        "multipole_comps": {
                                            "type": "tuple",
                                            "values": [
                                                -0.04100076987027,
                                                0.02357385835288
                                            ]
                                        },
                                        "m": 4
                                    }
                                }
                            }
                        }
                    }
                },
                "13": {
                    "type": "instance",
                    "class_path": "autofit.mapper.model.ModelInstance",
                    "arguments": {
                        "child_items": {
                            "type": "dict",
                            "arguments": {
                                "multipole_1": {
                                    "type": "instance",
                                    "class_path": "autogalaxy.ellipse.ellipse.ellipse_multipole.EllipseMultipole",
                                    "arguments": {
                                        "multipole_comps": {
                                            "type": "tuple",
                                            "values": [
                                                0.0026618399736,
                                                0.00567937407334
                                            ]
                                        },
                                        "m": 1
                                    }
                                },
                                "multipole_3": {
                                    "type": "instance",
                                    "class_path": "autogalaxy.ellipse.ellipse.ellipse_multipole.EllipseMultipole",
                                    "arguments": {
                                        "multipole_comps": {
                                            "type": "tuple",
                                            "values": [
                                                0.00197044349873,
                                                -0.01434353380852
                                            ]
                                        },
                                        "m": 3
                                    }
                                },
                                "multipole_4": {
                                    "type": "instance",
                                    "class_path": "autogalaxy.ellipse.ellipse.ellipse_multipole.EllipseMultipole",
                                    "arguments": {
                                        "multipole_comps": {
                                            "type": "tuple",
                                            "values": [
                                                -0.03256481074176,
                                                0.04366577655747
                                            ]
                                        },
                                        "m": 4
                                    }
                                }
                            }
                        }
                    }
                },
                "14": {
                    "type": "instance",
                    "class_path": "autofit.mapper.model.ModelInstance",
                    "arguments": {
                        "child_items": {
                            "type": "dict",
                            "arguments": {
                                "multipole_1": {
                                    "type": "instance",
                                    "class_path": "autogalaxy.ellipse.ellipse.ellipse_multipole.EllipseMultipole",
                                    "arguments": {
                                        "multipole_comps": {
                                            "type": "tuple",
                                            "values": [
                                                0.00241685788048,
                                                0.01120015986565
                                            ]
                                        },
                                        "m": 1
                                    }
                                },
                                "multipole_3": {
                                    "type": "instance",
                                    "class_path": "autogalaxy.ellipse.ellipse.ellipse_multipole.EllipseMultipole",
                                    "arguments": {
                                        "multipole_comps": {
                                            "type": "tuple",
                                            "values": [
                                                -0.00505095901262,
                                                0.01398606268445
                                            ]
                                        },
                                        "m": 3
                                    }
                                },
                                "multipole_4": {
                                    "type": "instance",
                                    "class_path": "autogalaxy.ellipse.ellipse.ellipse_multipole.EllipseMultipole",
                                    "arguments": {
                                        "multipole_comps": {
                                            "type": "tuple",
                                            "values": [
                                                -0.0314888491629,
                                                0.06477359239462
                                            ]
                                        },
                                        "m": 4
                                    }
                                }
                            }
                        }
                    }
                },
                "15": {
                    "type": "instance",
                    "class_path": "autofit.mapper.model.ModelInstance",
                    "arguments": {
                        "child_items": {
                            "type": "dict",
                            "arguments": {
                                "multipole_1": {
                                    "type": "instance",
                                    "class_path": "autogalaxy.ellipse.ellipse.ellipse_multipole.EllipseMultipole",
                                    "arguments": {
                                        "multipole_comps": {
                                            "type": "tuple",
                                            "values": [
                                                -0.0093266386409,
                                                -0.01382236456318
                                            ]
                                        },
                                        "m": 1
                                    }
                                },
                                "multipole_3": {
                                    "type": "instance",
                                    "class_path": "autogalaxy.ellipse.ellipse.ellipse_multipole.EllipseMultipole",
                                    "arguments": {
                                        "multipole_comps": {
                                            "type": "tuple",
                                            "values": [
                                                0.01723196723024,
                                                -0.01067132094916
                                            ]
                                        },
                                        "m": 3
                                    }
                                },
                                "multipole_4": {
                                    "type": "instance",
                                    "class_path": "autogalaxy.ellipse.ellipse.ellipse_multipole.EllipseMultipole",
                                    "arguments": {
                                        "multipole_comps": {
                                            "type": "tuple",
                                            "values": [
                                                -0.00963000990939,
                                                0.0506480694967
                                            ]
                                        },
                                        "m": 4
                                    }
                                }
                            }
                        }
                    }
                },
                "16": {
                    "type": "instance",
                    "class_path": "autofit.mapper.model.ModelInstance",
                    "arguments": {
                        "child_items": {
                            "type": "dict",
                            "arguments": {
                                "multipole_1": {
                                    "type": "instance",
                                    "class_path": "autogalaxy.ellipse.ellipse.ellipse_multipole.EllipseMultipole",
                                    "arguments": {
                                        "multipole_comps": {
                                            "type": "tuple",
                                            "values": [
                                                -0.01657134921478,
                                                0.03295396414562
                                            ]
                                        },
                                        "m": 1
                                    }
                                },
                                "multipole_3": {
                                    "type": "instance",
                                    "class_path": "autogalaxy.ellipse.ellipse.ellipse_multipole.EllipseMultipole",
                                    "arguments": {
                                        "multipole_comps": {
                                            "type": "tuple",
                                            "values": [
                                                0.0195123699103,
                                                0.013147771807
                                            ]
                                        },
                                        "m": 3
                                    }
                                },
                                "multipole_4": {
                                    "type": "instance",
                                    "class_path": "autogalaxy.ellipse.ellipse.ellipse_multipole.EllipseMultipole",
                                    "arguments": {
                                        "multipole_comps": {
                                            "type": "tuple",
                                            "values": [
                                                -0.03279267111442,
                                                0.04922966488656
                                            ]
                                        },
                                        "m": 4
                                    }
                                }
                            }
                        }
                    }
                },
                "17": {
                    "type": "instance",
                    "class_path": "autofit.mapper.model.ModelInstance",
                    "arguments": {
                        "child_items": {
                            "type": "dict",
                            "arguments": {
                                "multipole_1": {
                                    "type": "instance",
                                    "class_path": "autogalaxy.ellipse.ellipse.ellipse_multipole.EllipseMultipole",
                                    "arguments": {
                                        "multipole_comps": {
                                            "type": "tuple",
                                            "values": [
                                                -0.01209335484709,
                                                -0.00061278578747
                                            ]
                                        },
                                        "m": 1
                                    }
                                },
                                "multipole_3": {
                                    "type": "instance",
                                    "class_path": "autogalaxy.ellipse.ellipse.ellipse_multipole.EllipseMultipole",
                                    "arguments": {
                                        "multipole_comps": {
                                            "type": "tuple",
                                            "values": [
                                                0.03636205042862,
                                                0.04520761015809
                                            ]
                                        },
                                        "m": 3
                                    }
                                },
                                "multipole_4": {
                                    "type": "instance",
                                    "class_path": "autogalaxy.ellipse.ellipse.ellipse_multipole.EllipseMultipole",
                                    "arguments": {
                                        "multipole_comps": {
                                            "type": "tuple",
                                            "values": [
                                                -0.02663905925336,
                                                0.05215420797531
                                            ]
                                        },
                                        "m": 4
                                    }
                                }
                            }
                        }
                    }
                },
                "18": {
                    "type": "instance",
                    "class_path": "autofit.mapper.model.ModelInstance",
                    "arguments": {
                        "child_items": {
                            "type": "dict",
                            "arguments": {
                                "multipole_1": {
                                    "type": "instance",
                                    "class_path": "autogalaxy.ellipse.ellipse.ellipse_multipole.EllipseMultipole",
                                    "arguments": {
                                        "multipole_comps": {
                                            "type": "tuple",
                                            "values": [
                                                0.00420658925319,
                                                0.02163911076116
                                            ]
                                        },
                                        "m": 1
                                    }
                                },
                                "multipole_3": {
                                    "type": "instance",
                                    "class_path": "autogalaxy.ellipse.ellipse.ellipse_multipole.EllipseMultipole",
                                    "arguments": {
                                        "multipole_comps": {
                                            "type": "tuple",
                                            "values": [
                                                0.04434476784455,
                                                0.0443514310358
                                            ]
                                        },
                                        "m": 3
                                    }
                                },
                                "multipole_4": {
                                    "type": "instance",
                                    "class_path": "autogalaxy.ellipse.ellipse.ellipse_multipole.EllipseMultipole",
                                    "arguments": {
                                        "multipole_comps": {
                                            "type": "tuple",
                                            "values": [
                                                0.00139427188689,
                                                0.0269106985735
                                            ]
                                        },
                                        "m": 4
                                    }
                                }
                            }
                        }
                    }
                }
            }
        },
        "dummy_0": {
            "lower_limit": -0.1,
            "upper_limit": 0.1,
            "type": "Uniform",
            "id": 434
        }
    }
}