{
    "type": "instance",
    "class_path": "autofit.non_linear.samples.summary.SamplesSummary",
    "arguments": {
        "errors_at_sigma_1": {
            "type": "list",
            "values": [
                {
                    "type": "tuple",
                    "values": [
                        0.001946198639460009,
                        0.0016582728810296127
                    ]
                },
                {
                    "type": "tuple",
                    "values": [
                        0.0035717535598425304,
                        0.009528397875401592
                    ]
                }
            ]
        },
        "errors_at_sigma_3": {
            "type": "list",
            "values": [
                {
                    "type": "tuple",
                    "values": [
                        0.016186742707388915,
                        0.004829934260369997
                    ]
                },
                {
                    "type": "tuple",
                    "values": [
                        0.0076168087296884235,
                        0.013739340801663544
                    ]
                }
            ]
        },
        "max_log_likelihood_sample": {
            "type": "instance",
            "class_path": "autofit.non_linear.samples.sample.Sample",
            "arguments": {
                "log_likelihood": -98.86957775360708,
                "log_prior": 0.0,
                "weight": 0.0010213841583126438,
                "kwargs": {
                    "type": "dict",
                    "arguments": {
                        "ellipses.0.ell_comps.ell_comps_0": 0.09753852971636,
                        "ellipses.0.ell_comps.ell_comps_1": 0.112579782117
                    }
                }
            }
        },
        "median_pdf_sample": {
            "type": "instance",
            "class_path": "autofit.non_linear.samples.sample.Sample",
            "arguments": {
                "log_likelihood": -98.86957775360708,
                "log_prior": 0.0,
                "weight": 0.0010213841583126438,
                "kwargs": {
                    "type": "dict",
                    "arguments": {
                        "ellipses.0.ell_comps.ell_comps_0": 0.09589125143054,
                        "ellipses.0.ell_comps.ell_comps_1": 0.11576795513940842
                    }
                }
            }
        },
        "values_at_sigma_1": {
            "type": "list",
            "values": [
                {
                    "type": "tuple",
                    "values": [
                        0.09394505279108,
                        0.09754952431156962
                    ]
                },
                {
                    "type": "tuple",
                    "values": [
                        0.11219620157956589,
                        0.12529635301481
                    ]
                }
            ]
        },
        "values_at_sigma_3": {
            "type": "list",
            "values": [
                {
                    "type": "tuple",
                    "values": [
                        0.07970450872315109,
                        0.10072118569091
                    ]
                },
                {
                    "type": "tuple",
                    "values": [
                        0.10815114640972,
                        0.12950729594107196
                    ]
                }
            ]
        },
        "log_evidence": -110.67290785643682,
        "model": null
    }
}