{
    "type": "instance",
    "class_path": "autofit.non_linear.samples.summary.SamplesSummary",
    "arguments": {
        "values_at_sigma_1": {
            "type": "list",
            "values": [
                {
                    "type": "tuple",
                    "values": [
                        0.08171904835920181,
                        0.08659548113375
                    ]
                },
                {
                    "type": "tuple",
                    "values": [
                        0.1864939951852633,
                        0.19072229179257
                    ]
                },
                {
                    "type": "tuple",
                    "values": [
                        -0.002946628268800576,
                        0.003272865348329212
                    ]
                },
                {
                    "type": "tuple",
                    "values": [
                        -0.0040962123198,
                        0.002072937652712037
                    ]
                },
                {
                    "type": "tuple",
                    "values": [
                        -0.0037982479998070946,
                        0.002579527618124681
                    ]
                },
                {
                    "type": "tuple",
                    "values": [
                        -0.00246785393716,
                        0.003504313963405445
                    ]
                },
                {
                    "type": "tuple",
                    "values": [
                        -0.00020520855257,
                        0.00523437970178
                    ]
                },
                {
                    "type": "tuple",
                    "values": [
                        0.00948379393856,
                        0.015479346375617292
                    ]
                }
            ]
        },
        "values_at_sigma_3": {
            "type": "list",
            "values": [
                {
                    "type": "tuple",
                    "values": [
                        0.07713530955281,
                        0.092665967521
                    ]
                },
                {
                    "type": "tuple",
                    "values": [
                        0.18200358177984305,
                        0.19439054532880395
                    ]
                },
                {
                    "type": "tuple",
                    "values": [
                        -0.009386780621626416,
                        0.0089377137518152
                    ]
                },
                {
                    "type": "tuple",
                    "values": [
                        -0.011844859353974658,
                        0.00918193591558
                    ]
                },
                {
                    "type": "tuple",
                    "values": [
                        -0.010489505026533261,
                        0.00908764810541
                    ]
                },
                {
                    "type": "tuple",
                    "values": [
                        -0.0084491615829,
                        0.008611276265643038
                    ]
                },
                {
                    "type": "tuple",
                    "values": [
                        -0.006336100990132166,
                        0.010920224352472276
                    ]
                },
                {
                    "type": "tuple",
                    "values": [
                        0.00359430648111,
                        0.022459554135584262
                    ]
                }
            ]
        },
        "max_log_likelihood_sample": {
            "type": "instance",
            "class_path": "autofit.non_linear.samples.sample.Sample",
            "arguments": {
                "log_likelihood": -20.976486097660455,
                "log_prior": 0.0,
                "weight": 0.0010260344680009007,
                "kwargs": {
                    "type": "dict",
                    "arguments": {
                        "ellipses.0.ell_comps.ell_comps_0": 0.08534402851215,
                        "ellipses.0.ell_comps.ell_comps_1": 0.18802708761112,
                        "multipoles.0.multipole_1.multipole_comps.multipole_comps_0": -0.00101658124573,
                        "multipoles.0.multipole_1.multipole_comps.multipole_comps_1": -0.00269656397035,
                        "multipoles.0.multipole_3.multipole_comps.multipole_comps_0": -0.00202486114289,
                        "multipoles.0.multipole_3.multipole_comps.multipole_comps_1": -0.00048844158903,
                        "multipoles.0.multipole_4.multipole_comps.multipole_comps_0": 0.00185594263266,
                        "multipoles.0.multipole_4.multipole_comps.multipole_comps_1": 0.01199922234714
                    }
                }
            }
        },
        "median_pdf_sample": {
            "type": "instance",
            "class_path": "autofit.non_linear.samples.sample.Sample",
            "arguments": {
                "log_likelihood": -20.976486097660455,
                "log_prior": 0.0,
                "weight": 0.0010260344680009007,
                "kwargs": {
                    "type": "dict",
                    "arguments": {
                        "ellipses.0.ell_comps.ell_comps_0": 0.08406179497909,
                        "ellipses.0.ell_comps.ell_comps_1": 0.18871795549775502,
                        "multipoles.0.multipole_1.multipole_comps.multipole_comps_0": 4.087154948015337e-05,
                        "multipoles.0.multipole_1.multipole_comps.multipole_comps_1": -0.0009351458311536995,
                        "multipoles.0.multipole_3.multipole_comps.multipole_comps_0": -0.00089276025448,
                        "multipoles.0.multipole_3.multipole_comps.multipole_comps_1": 0.00079425075361,
                        "multipoles.0.multipole_4.multipole_comps.multipole_comps_0": 0.00251308595865,
                        "multipoles.0.multipole_4.multipole_comps.multipole_comps_1": 0.01263643775419
                    }
                }
            }
        },
        "model": null,
        "errors_at_sigma_1": {
            "type": "list",
            "values": [
                {
                    "type": "tuple",
                    "values": [
                        0.002342746619888189,
                        0.0025336861546600004
                    ]
                },
                {
                    "type": "tuple",
                    "values": [
                        0.002223960312491724,
                        0.0020043362948149734
                    ]
                },
                {
                    "type": "tuple",
                    "values": [
                        0.0029874998182807294,
                        0.003231993798849059
                    ]
                },
                {
                    "type": "tuple",
                    "values": [
                        0.0031610664886463,
                        0.0030080834838657365
                    ]
                },
                {
                    "type": "tuple",
                    "values": [
                        0.0029054877453270943,
                        0.0034722878726046813
                    ]
                },
                {
                    "type": "tuple",
                    "values": [
                        0.0032621046907700003,
                        0.0027100632097954453
                    ]
                },
                {
                    "type": "tuple",
                    "values": [
                        0.00271829451122,
                        0.0027212937431300003
                    ]
                },
                {
                    "type": "tuple",
                    "values": [
                        0.003152643815630001,
                        0.0028429086214272915
                    ]
                }
            ]
        },
        "errors_at_sigma_3": {
            "type": "list",
            "values": [
                {
                    "type": "tuple",
                    "values": [
                        0.0069264854262799935,
                        0.008604172541909996
                    ]
                },
                {
                    "type": "tuple",
                    "values": [
                        0.006714373717911976,
                        0.00567258983104893
                    ]
                },
                {
                    "type": "tuple",
                    "values": [
                        0.00942765217110657,
                        0.008896842202335047
                    ]
                },
                {
                    "type": "tuple",
                    "values": [
                        0.010909713522820958,
                        0.0101170817467337
                    ]
                },
                {
                    "type": "tuple",
                    "values": [
                        0.00959674477205326,
                        0.009980408359890001
                    ]
                },
                {
                    "type": "tuple",
                    "values": [
                        0.00924341233651,
                        0.007817025512033038
                    ]
                },
                {
                    "type": "tuple",
                    "values": [
                        0.008849186948782166,
                        0.008407138393822277
                    ]
                },
                {
                    "type": "tuple",
                    "values": [
                        0.009042131273080001,
                        0.009823116381394261
                    ]
                }
            ]
        },
        "log_evidence": -51.39861183240682
    }
}