{
    "type": "instance",
    "class_path": "autofit.non_linear.samples.summary.SamplesSummary",
    "arguments": {
        "median_pdf_sample": {
            "type": "instance",
            "class_path": "autofit.non_linear.samples.sample.Sample",
            "arguments": {
                "log_likelihood": -29.018036382718726,
                "log_prior": 0.0,
                "weight": 0.00097900999014718,
                "kwargs": {
                    "type": "dict",
                    "arguments": {
                        "ellipses.0.ell_comps.ell_comps_0": -0.07174288029596,
                        "ellipses.0.ell_comps.ell_comps_1": -0.045108196325487585
                    }
                }
            }
        },
        "model": null,
        "errors_at_sigma_3": {
            "type": "list",
            "values": [
                {
                    "type": "tuple",
                    "values": [
                        0.01238289493140965,
                        0.011048134639636983
                    ]
                },
                {
                    "type": "tuple",
                    "values": [
                        0.016642596175694864,
                        0.011973894334533372
                    ]
                }
            ]
        },
        "values_at_sigma_1": {
            "type": "list",
            "values": [
                {
                    "type": "tuple",
                    "values": [
                        -0.07521978900611004,
                        -0.06812114854209078
                    ]
                },
                {
                    "type": "tuple",
                    "values": [
                        -0.04877711296446,
                        -0.04122366170592
                    ]
                }
            ]
        },
        "log_evidence": -39.10230763289216,
        "max_log_likelihood_sample": {
            "type": "instance",
            "class_path": "autofit.non_linear.samples.sample.Sample",
            "arguments": {
                "log_likelihood": -29.018036382718726,
                "log_prior": 0.0,
                "weight": 0.00097900999014718,
                "kwargs": {
                    "type": "dict",
                    "arguments": {
                        "ellipses.0.ell_comps.ell_comps_0": -0.07173247907657,
                        "ellipses.0.ell_comps.ell_comps_1": -0.04560219944633
                    }
                }
            }
        },
        "errors_at_sigma_1": {
            "type": "list",
            "values": [
                {
                    "type": "tuple",
                    "values": [
                        0.0034769087101500368,
                        0.00362173175386922
                    ]
                },
                {
                    "type": "tuple",
                    "values": [
                        0.003668916638972418,
                        0.0038845346195675867
                    ]
                }
            ]
        },
        "values_at_sigma_3": {
            "type": "list",
            "values": [
                {
                    "type": "tuple",
                    "values": [
                        -0.08412577522736965,
                        -0.06069474565632302
                    ]
                },
                {
                    "type": "tuple",
                    "values": [
                        -0.06175079250118245,
                        -0.03313430199095421
                    ]
                }
            ]
        }
    }
}