{
    "data_name": "J1420+6019",
    "redshift_lens": 0.063,
    "redshift_source": 0.535,
    "slope": 2.28,
    "slope_err": 0.07,
    "axis_ratio": 0.67,
    "position_angle": 111.3,
    "einstein_radius": 1.04,
    "log_Mein": 10.59,
    "Mein": 38904514499.42813,
    "marker": "P",
    "colour": "blue",
    "shear": 0.01,
    "sigma": 205.0,
    "sigma_err": 10.0,
    "log[M*/M]_chab": 10.93,
    "log[M*/M]_salp": 11.17,
    "log[Meff/M]": 10.59,
    "f_dm_chab": 10.59,
    "M200": 9390000000000.0,
    "r_eff": 2.06,
    "gamma_shajib": NaN,
    "shajib_ue": NaN,
    "shajib_le": NaN,
    "shear_shajib": NaN,
    "shear_shajib_le": NaN,
    "shear_shajib_ue": NaN,
    "phi_shajib": NaN,
    "phi_shajib_le": NaN,
    "phi_shajib_ue": NaN,
    "gamma_Barnabe": NaN,
    "Barnabe_le": NaN,
    "Barnabe_ue": NaN,
    "RA": "\"142015.85\"",
    "DEC": "\"+601914.8\"",
    "subhalo_grid_dimensions_arcsec": 2.1,
    "mask_inner_radius": 0.6,
    "mask_outer_radius": 1.7,
    "scaled_annular": 0,
    "detect_delaunay": 0,
    "bpl_source_mask": 0,
    "mask_circular_radii": 3.5
}