{
    "type": "instance",
    "class_path": "autofit.non_linear.samples.summary.SamplesSummary",
    "arguments": {
        "values_at_sigma_3": {
            "type": "list",
            "values": [
                {
                    "type": "tuple",
                    "values": [
                        -0.46300275907798305,
                        0.07446004160934
                    ]
                },
                {
                    "type": "tuple",
                    "values": [
                        -0.20363169431378467,
                        0.3368079868546208
                    ]
                }
            ]
        },
        "errors_at_sigma_1": {
            "type": "list",
            "values": [
                {
                    "type": "tuple",
                    "values": [
                        0.03155519972680433,
                        0.04036601712379724
                    ]
                },
                {
                    "type": "tuple",
                    "values": [
                        0.027546907584451774,
                        0.018717500804065812
                    ]
                }
            ]
        },
        "errors_at_sigma_3": {
            "type": "list",
            "values": [
                {
                    "type": "tuple",
                    "values": [
                        0.4014988031198874,
                        0.13596399756743566
                    ]
                },
                {
                    "type": "tuple",
                    "values": [
                        0.42874366237094463,
                        0.11169601879746083
                    ]
                }
            ]
        },
        "log_evidence": -17.065952722224527,
        "values_at_sigma_1": {
            "type": "list",
            "values": [
                {
                    "type": "tuple",
                    "values": [
                        -0.0930591556849,
                        -0.021137938834298434
                    ]
                },
                {
                    "type": "tuple",
                    "values": [
                        0.19756506047270822,
                        0.2438294688612258
                    ]
                }
            ]
        },
        "median_pdf_sample": {
            "type": "instance",
            "class_path": "autofit.non_linear.samples.sample.Sample",
            "arguments": {
                "log_likelihood": -10.980520626172032,
                "log_prior": 0.0,
                "weight": 0.000987276867160277,
                "kwargs": {
                    "type": "dict",
                    "arguments": {
                        "ellipses.0.ell_comps.ell_comps_0": -0.06150395595809567,
                        "ellipses.0.ell_comps.ell_comps_1": 0.22511196805716
                    }
                }
            }
        },
        "model": null,
        "max_log_likelihood_sample": {
            "type": "instance",
            "class_path": "autofit.non_linear.samples.sample.Sample",
            "arguments": {
                "log_likelihood": -10.980520626172032,
                "log_prior": 0.0,
                "weight": 0.000987276867160277,
                "kwargs": {
                    "type": "dict",
                    "arguments": {
                        "ellipses.0.ell_comps.ell_comps_0": -0.06269157553605,
                        "ellipses.0.ell_comps.ell_comps_1": 0.23602972453322
                    }
                }
            }
        }
    }
}