{
    "type": "instance",
    "class_path": "autofit.non_linear.samples.summary.SamplesSummary",
    "arguments": {
        "errors_at_sigma_1": {
            "type": "list",
            "values": [
                {
                    "type": "tuple",
                    "values": [
                        0.002402400780986552,
                        0.002429984334873306
                    ]
                },
                {
                    "type": "tuple",
                    "values": [
                        0.0018127590064311166,
                        0.0018814862385079373
                    ]
                },
                {
                    "type": "tuple",
                    "values": [
                        0.009496075712683964,
                        0.006843128539339054
                    ]
                },
                {
                    "type": "tuple",
                    "values": [
                        0.008597654805726447,
                        0.008351972597341974
                    ]
                },
                {
                    "type": "tuple",
                    "values": [
                        0.00884022891866201,
                        0.007171463764487991
                    ]
                },
                {
                    "type": "tuple",
                    "values": [
                        0.01128530154572278,
                        0.01213559688303763
                    ]
                },
                {
                    "type": "tuple",
                    "values": [
                        0.00995048126509,
                        0.009961795888440001
                    ]
                },
                {
                    "type": "tuple",
                    "values": [
                        0.009922809027645692,
                        0.013835654259159232
                    ]
                }
            ]
        },
        "median_pdf_sample": {
            "type": "instance",
            "class_path": "autofit.non_linear.samples.sample.Sample",
            "arguments": {
                "log_likelihood": -60.73069387663605,
                "log_prior": 0.0,
                "weight": 0.001035866612893267,
                "kwargs": {
                    "type": "dict",
                    "arguments": {
                        "ellipses.0.ell_comps.ell_comps_0": 0.07946432517589,
                        "ellipses.0.ell_comps.ell_comps_1": 0.10728818895898207,
                        "multipoles.0.multipole_1.multipole_comps.multipole_comps_0": -0.00693836040481,
                        "multipoles.0.multipole_1.multipole_comps.multipole_comps_1": 0.023090819024698027,
                        "multipoles.0.multipole_3.multipole_comps.multipole_comps_0": 0.0036276701723620087,
                        "multipoles.0.multipole_3.multipole_comps.multipole_comps_1": -0.01859863649889722,
                        "multipoles.0.multipole_4.multipole_comps.multipole_comps_0": -0.02823776282443,
                        "multipoles.0.multipole_4.multipole_comps.multipole_comps_1": 0.037173382196652505
                    }
                }
            }
        },
        "values_at_sigma_3": {
            "type": "list",
            "values": [
                {
                    "type": "tuple",
                    "values": [
                        0.07303272586919,
                        0.08672594834082205
                    ]
                },
                {
                    "type": "tuple",
                    "values": [
                        0.10088990166235,
                        0.11364500353722
                    ]
                },
                {
                    "type": "tuple",
                    "values": [
                        -0.0372198056957,
                        0.0175753477559
                    ]
                },
                {
                    "type": "tuple",
                    "values": [
                        -0.006690130608312947,
                        0.048769368497897585
                    ]
                },
                {
                    "type": "tuple",
                    "values": [
                        -0.01745281305242,
                        0.031872932827491395
                    ]
                },
                {
                    "type": "tuple",
                    "values": [
                        -0.049430082318351956,
                        0.02217079826084
                    ]
                },
                {
                    "type": "tuple",
                    "values": [
                        -0.05855242676378449,
                        0.00360973796508
                    ]
                },
                {
                    "type": "tuple",
                    "values": [
                        0.0030290293794666277,
                        0.0753390687361
                    ]
                }
            ]
        },
        "model": null,
        "log_evidence": -85.2642268426706,
        "errors_at_sigma_3": {
            "type": "list",
            "values": [
                {
                    "type": "tuple",
                    "values": [
                        0.006431599306699995,
                        0.007261623164932049
                    ]
                },
                {
                    "type": "tuple",
                    "values": [
                        0.006398287296632069,
                        0.006356814578237932
                    ]
                },
                {
                    "type": "tuple",
                    "values": [
                        0.03028144529089,
                        0.02451370816071
                    ]
                },
                {
                    "type": "tuple",
                    "values": [
                        0.029780949633010975,
                        0.025678549473199558
                    ]
                },
                {
                    "type": "tuple",
                    "values": [
                        0.02108048322478201,
                        0.028245262655129385
                    ]
                },
                {
                    "type": "tuple",
                    "values": [
                        0.030831445819454736,
                        0.040769434759737225
                    ]
                },
                {
                    "type": "tuple",
                    "values": [
                        0.030314663939354492,
                        0.03184750078951
                    ]
                },
                {
                    "type": "tuple",
                    "values": [
                        0.03414435281718588,
                        0.03816568653944749
                    ]
                }
            ]
        },
        "max_log_likelihood_sample": {
            "type": "instance",
            "class_path": "autofit.non_linear.samples.sample.Sample",
            "arguments": {
                "log_likelihood": -60.73069387663605,
                "log_prior": 0.0,
                "weight": 0.001035866612893267,
                "kwargs": {
                    "type": "dict",
                    "arguments": {
                        "ellipses.0.ell_comps.ell_comps_0": 0.0780564727803,
                        "ellipses.0.ell_comps.ell_comps_1": 0.10846862796512,
                        "multipoles.0.multipole_1.multipole_comps.multipole_comps_0": -0.00976032743508,
                        "multipoles.0.multipole_1.multipole_comps.multipole_comps_1": 0.02613184093405,
                        "multipoles.0.multipole_3.multipole_comps.multipole_comps_0": 0.00168120624033,
                        "multipoles.0.multipole_3.multipole_comps.multipole_comps_1": -0.02002622078511,
                        "multipoles.0.multipole_4.multipole_comps.multipole_comps_0": -0.02284276958113,
                        "multipoles.0.multipole_4.multipole_comps.multipole_comps_1": 0.04549115641333
                    }
                }
            }
        },
        "values_at_sigma_1": {
            "type": "list",
            "values": [
                {
                    "type": "tuple",
                    "values": [
                        0.07706192439490345,
                        0.0818943095107633
                    ]
                },
                {
                    "type": "tuple",
                    "values": [
                        0.10547542995255095,
                        0.10916967519749
                    ]
                },
                {
                    "type": "tuple",
                    "values": [
                        -0.016434436117493963,
                        -9.523186547094576e-05
                    ]
                },
                {
                    "type": "tuple",
                    "values": [
                        0.01449316421897158,
                        0.03144279162204
                    ]
                },
                {
                    "type": "tuple",
                    "values": [
                        -0.0052125587463,
                        0.01079913393685
                    ]
                },
                {
                    "type": "tuple",
                    "values": [
                        -0.02988393804462,
                        -0.006463039615859591
                    ]
                },
                {
                    "type": "tuple",
                    "values": [
                        -0.03818824408952,
                        -0.01827596693599
                    ]
                },
                {
                    "type": "tuple",
                    "values": [
                        0.027250573169006812,
                        0.051009036455811736
                    ]
                }
            ]
        }
    }
}