{
    "type": "instance",
    "class_path": "autofit.non_linear.samples.summary.SamplesSummary",
    "arguments": {
        "values_at_sigma_1": {
            "type": "list",
            "values": [
                {
                    "type": "tuple",
                    "values": [
                        -0.19158292546869363,
                        -0.18734889595908
                    ]
                },
                {
                    "type": "tuple",
                    "values": [
                        -0.19822741874804,
                        -0.19517334651358
                    ]
                }
            ]
        },
        "median_pdf_sample": {
            "type": "instance",
            "class_path": "autofit.non_linear.samples.sample.Sample",
            "arguments": {
                "log_likelihood": -86.56543982329512,
                "log_prior": 0.0,
                "weight": 0.0009886080623282888,
                "kwargs": {
                    "type": "dict",
                    "arguments": {
                        "ellipses.0.ell_comps.ell_comps_0": -0.19003239088851,
                        "ellipses.0.ell_comps.ell_comps_1": -0.19664758456267
                    }
                }
            }
        },
        "model": null,
        "log_evidence": -98.11492315196641,
        "errors_at_sigma_3": {
            "type": "list",
            "values": [
                {
                    "type": "tuple",
                    "values": [
                        0.0043629608705372525,
                        0.007800232306461402
                    ]
                },
                {
                    "type": "tuple",
                    "values": [
                        0.009173559026475986,
                        0.0042520701892199975
                    ]
                }
            ]
        },
        "errors_at_sigma_1": {
            "type": "list",
            "values": [
                {
                    "type": "tuple",
                    "values": [
                        0.0015505345801836157,
                        0.0026834949294300137
                    ]
                },
                {
                    "type": "tuple",
                    "values": [
                        0.0015798341853699993,
                        0.0014742380490899987
                    ]
                }
            ]
        },
        "max_log_likelihood_sample": {
            "type": "instance",
            "class_path": "autofit.non_linear.samples.sample.Sample",
            "arguments": {
                "log_likelihood": -86.56543982329512,
                "log_prior": 0.0,
                "weight": 0.0009886080623282888,
                "kwargs": {
                    "type": "dict",
                    "arguments": {
                        "ellipses.0.ell_comps.ell_comps_0": -0.19096896783276,
                        "ellipses.0.ell_comps.ell_comps_1": -0.19648393123648
                    }
                }
            }
        },
        "values_at_sigma_3": {
            "type": "list",
            "values": [
                {
                    "type": "tuple",
                    "values": [
                        -0.19439535175904726,
                        -0.1822321585820486
                    ]
                },
                {
                    "type": "tuple",
                    "values": [
                        -0.205821143589146,
                        -0.19239551437345
                    ]
                }
            ]
        }
    }
}