{
    "type": "instance",
    "class_path": "autofit.non_linear.samples.summary.SamplesSummary",
    "arguments": {
        "model": null,
        "errors_at_sigma_1": {
            "type": "list",
            "values": [
                {
                    "type": "tuple",
                    "values": [
                        0.029339968366202784,
                        0.039054869162459996
                    ]
                },
                {
                    "type": "tuple",
                    "values": [
                        0.024466820066707917,
                        0.029383337662672083
                    ]
                },
                {
                    "type": "tuple",
                    "values": [
                        0.017594087473986348,
                        0.018384549790204437
                    ]
                },
                {
                    "type": "tuple",
                    "values": [
                        0.014143123106025402,
                        0.013268134898044598
                    ]
                },
                {
                    "type": "tuple",
                    "values": [
                        0.013243076645416628,
                        0.016724480913759998
                    ]
                },
                {
                    "type": "tuple",
                    "values": [
                        0.018500281685733113,
                        0.016948481787450002
                    ]
                },
                {
                    "type": "tuple",
                    "values": [
                        0.018315039250965538,
                        0.021047122444129138
                    ]
                },
                {
                    "type": "tuple",
                    "values": [
                        0.02344102178815246,
                        0.019103815320185086
                    ]
                }
            ]
        },
        "values_at_sigma_1": {
            "type": "list",
            "values": [
                {
                    "type": "tuple",
                    "values": [
                        0.03406997324629722,
                        0.10246481077496
                    ]
                },
                {
                    "type": "tuple",
                    "values": [
                        -0.06180665244301,
                        -0.00795649471363
                    ]
                },
                {
                    "type": "tuple",
                    "values": [
                        -0.019509589260940784,
                        0.01646904800325
                    ]
                },
                {
                    "type": "tuple",
                    "values": [
                        -0.01488033922283,
                        0.01253091878124
                    ]
                },
                {
                    "type": "tuple",
                    "values": [
                        -0.025945734811936627,
                        0.00402182274724
                    ]
                },
                {
                    "type": "tuple",
                    "values": [
                        -0.006616190813233113,
                        0.02883257265995
                    ]
                },
                {
                    "type": "tuple",
                    "values": [
                        -0.01904787399721,
                        0.020314287697884677
                    ]
                },
                {
                    "type": "tuple",
                    "values": [
                        -0.017004982265957546,
                        0.02553985484238
                    ]
                }
            ]
        },
        "median_pdf_sample": {
            "type": "instance",
            "class_path": "autofit.non_linear.samples.sample.Sample",
            "arguments": {
                "log_likelihood": -10.657316100607037,
                "log_prior": 0.0,
                "weight": 0.0010389922071414631,
                "kwargs": {
                    "type": "dict",
                    "arguments": {
                        "ellipses.0.ell_comps.ell_comps_0": 0.0634099416125,
                        "ellipses.0.ell_comps.ell_comps_1": -0.03733983237630208,
                        "multipoles.0.multipole_1.multipole_comps.multipole_comps_0": -0.0019155017869544363,
                        "multipoles.0.multipole_1.multipole_comps.multipole_comps_1": -0.0007372161168045982,
                        "multipoles.0.multipole_3.multipole_comps.multipole_comps_0": -0.01270265816652,
                        "multipoles.0.multipole_3.multipole_comps.multipole_comps_1": 0.0118840908725,
                        "multipoles.0.multipole_4.multipole_comps.multipole_comps_0": -0.0007328347462444605,
                        "multipoles.0.multipole_4.multipole_comps.multipole_comps_1": 0.0064360395221949125
                    }
                }
            }
        },
        "errors_at_sigma_3": {
            "type": "list",
            "values": [
                {
                    "type": "tuple",
                    "values": [
                        0.0799542397523174,
                        0.08854082839414
                    ]
                },
                {
                    "type": "tuple",
                    "values": [
                        0.07111071438350791,
                        0.07082221379919487
                    ]
                },
                {
                    "type": "tuple",
                    "values": [
                        0.04032263708436169,
                        0.04862827161455467
                    ]
                },
                {
                    "type": "tuple",
                    "values": [
                        0.0460565748518554,
                        0.0396931506531046
                    ]
                },
                {
                    "type": "tuple",
                    "values": [
                        0.037849764477520004,
                        0.047627743474217346
                    ]
                },
                {
                    "type": "tuple",
                    "values": [
                        0.05488862554602403,
                        0.040218151127673726
                    ]
                },
                {
                    "type": "tuple",
                    "values": [
                        0.07243044721315554,
                        0.08578954990530446
                    ]
                },
                {
                    "type": "tuple",
                    "values": [
                        0.06389503564284917,
                        0.0694909687322954
                    ]
                }
            ]
        },
        "values_at_sigma_3": {
            "type": "list",
            "values": [
                {
                    "type": "tuple",
                    "values": [
                        -0.01654429813981739,
                        0.15195077000664
                    ]
                },
                {
                    "type": "tuple",
                    "values": [
                        -0.10845054675981,
                        0.033482381422892796
                    ]
                },
                {
                    "type": "tuple",
                    "values": [
                        -0.04223813887131613,
                        0.04671276982760023
                    ]
                },
                {
                    "type": "tuple",
                    "values": [
                        -0.04679379096866,
                        0.0389559345363
                    ]
                },
                {
                    "type": "tuple",
                    "values": [
                        -0.05055242264404,
                        0.03492508530769735
                    ]
                },
                {
                    "type": "tuple",
                    "values": [
                        -0.043004534673524025,
                        0.05210224200017372
                    ]
                },
                {
                    "type": "tuple",
                    "values": [
                        -0.0731632819594,
                        0.08505671515906
                    ]
                },
                {
                    "type": "tuple",
                    "values": [
                        -0.057458996120654256,
                        0.07592700825449032
                    ]
                }
            ]
        },
        "max_log_likelihood_sample": {
            "type": "instance",
            "class_path": "autofit.non_linear.samples.sample.Sample",
            "arguments": {
                "log_likelihood": -10.657316100607037,
                "log_prior": 0.0,
                "weight": 0.0010389922071414631,
                "kwargs": {
                    "type": "dict",
                    "arguments": {
                        "ellipses.0.ell_comps.ell_comps_0": 0.10147595808706,
                        "ellipses.0.ell_comps.ell_comps_1": -0.05113487957575,
                        "multipoles.0.multipole_1.multipole_comps.multipole_comps_0": -0.02004782873182,
                        "multipoles.0.multipole_1.multipole_comps.multipole_comps_1": -0.00120576357273,
                        "multipoles.0.multipole_3.multipole_comps.multipole_comps_0": -0.01449470878018,
                        "multipoles.0.multipole_3.multipole_comps.multipole_comps_1": 0.03312686708553,
                        "multipoles.0.multipole_4.multipole_comps.multipole_comps_0": -0.00376918526946,
                        "multipoles.0.multipole_4.multipole_comps.multipole_comps_1": 0.01847111268925
                    }
                }
            }
        },
        "log_evidence": -27.292609879506067
    }
}