{
    "type": "instance",
    "class_path": "autofit.non_linear.samples.summary.SamplesSummary",
    "arguments": {
        "log_evidence": -59.639272317200465,
        "values_at_sigma_1": {
            "type": "list",
            "values": [
                {
                    "type": "tuple",
                    "values": [
                        -0.08614128355492423,
                        -0.07814621529997826
                    ]
                },
                {
                    "type": "tuple",
                    "values": [
                        -0.04899541550605,
                        -0.03399544185724846
                    ]
                },
                {
                    "type": "tuple",
                    "values": [
                        -0.024193037150772704,
                        0.010835977875219603
                    ]
                },
                {
                    "type": "tuple",
                    "values": [
                        -0.00758346007581,
                        0.026529994497323087
                    ]
                },
                {
                    "type": "tuple",
                    "values": [
                        -0.03179600156517779,
                        0.00295640441325
                    ]
                },
                {
                    "type": "tuple",
                    "values": [
                        2.6110251675972133e-06,
                        0.03572929754224791
                    ]
                },
                {
                    "type": "tuple",
                    "values": [
                        0.00442771794419336,
                        0.04138785147435
                    ]
                },
                {
                    "type": "tuple",
                    "values": [
                        -0.013329595310918778,
                        0.02707948867901605
                    ]
                }
            ]
        },
        "model": null,
        "errors_at_sigma_3": {
            "type": "list",
            "values": [
                {
                    "type": "tuple",
                    "values": [
                        0.008516002249141147,
                        0.02797690392020885
                    ]
                },
                {
                    "type": "tuple",
                    "values": [
                        0.026331978189598114,
                        0.017056063843605505
                    ]
                },
                {
                    "type": "tuple",
                    "values": [
                        0.06663672183162914,
                        0.052598313496540004
                    ]
                },
                {
                    "type": "tuple",
                    "values": [
                        0.04154397924523,
                        0.07686765254833
                    ]
                },
                {
                    "type": "tuple",
                    "values": [
                        0.04927800295024137,
                        0.06224419671197863
                    ]
                },
                {
                    "type": "tuple",
                    "values": [
                        0.0787413466119,
                        0.0328519810946601
                    ]
                },
                {
                    "type": "tuple",
                    "values": [
                        0.06545466351500448,
                        0.06070114696720552
                    ]
                },
                {
                    "type": "tuple",
                    "values": [
                        0.09221003645478047,
                        0.06296386621664128
                    ]
                }
            ]
        },
        "values_at_sigma_3": {
            "type": "list",
            "values": [
                {
                    "type": "tuple",
                    "values": [
                        -0.09216402846232,
                        -0.05567112229297
                    ]
                },
                {
                    "type": "tuple",
                    "values": [
                        -0.06663049027842811,
                        -0.023242448245224496
                    ]
                },
                {
                    "type": "tuple",
                    "values": [
                        -0.07336246220263913,
                        0.04587257312553
                    ]
                },
                {
                    "type": "tuple",
                    "values": [
                        -0.03444020485094,
                        0.08397142694262
                    ]
                },
                {
                    "type": "tuple",
                    "values": [
                        -0.06472397171806,
                        0.04679822794416
                    ]
                },
                {
                    "type": "tuple",
                    "values": [
                        -0.05733693222311,
                        0.054256395483450105
                    ]
                },
                {
                    "type": "tuple",
                    "values": [
                        -0.03840287982456,
                        0.08775293065765
                    ]
                },
                {
                    "type": "tuple",
                    "values": [
                        -0.08539889361004176,
                        0.06977500906138
                    ]
                }
            ]
        },
        "errors_at_sigma_1": {
            "type": "list",
            "values": [
                {
                    "type": "tuple",
                    "values": [
                        0.0024932573417453807,
                        0.005501810913200594
                    ]
                },
                {
                    "type": "tuple",
                    "values": [
                        0.00869690341722,
                        0.0063030702315815396
                    ]
                },
                {
                    "type": "tuple",
                    "values": [
                        0.017467296779762706,
                        0.017561718246229603
                    ]
                },
                {
                    "type": "tuple",
                    "values": [
                        0.014687234470100001,
                        0.019426220103033087
                    ]
                },
                {
                    "type": "tuple",
                    "values": [
                        0.01635003279735916,
                        0.018402373181068635
                    ]
                },
                {
                    "type": "tuple",
                    "values": [
                        0.021401803363622404,
                        0.014324883153457913
                    ]
                },
                {
                    "type": "tuple",
                    "values": [
                        0.022624065746251115,
                        0.014336067783905525
                    ]
                },
                {
                    "type": "tuple",
                    "values": [
                        0.0201407381556575,
                        0.02026834583427733
                    ]
                }
            ]
        },
        "max_log_likelihood_sample": {
            "type": "instance",
            "class_path": "autofit.non_linear.samples.sample.Sample",
            "arguments": {
                "log_likelihood": -37.80649473998397,
                "log_prior": 0.0,
                "weight": 0.001031011667281954,
                "kwargs": {
                    "type": "dict",
                    "arguments": {
                        "ellipses.0.ell_comps.ell_comps_0": -0.08401022903818,
                        "ellipses.0.ell_comps.ell_comps_1": -0.0415418606908,
                        "multipoles.0.multipole_1.multipole_comps.multipole_comps_0": -0.00462161043349,
                        "multipoles.0.multipole_1.multipole_comps.multipole_comps_1": 0.00011171967238,
                        "multipoles.0.multipole_3.multipole_comps.multipole_comps_0": -0.02607686326923,
                        "multipoles.0.multipole_3.multipole_comps.multipole_comps_1": 0.02769270828055,
                        "multipoles.0.multipole_4.multipole_comps.multipole_comps_0": 0.03487084393002,
                        "multipoles.0.multipole_4.multipole_comps.multipole_comps_1": 0.01298162354797
                    }
                }
            }
        },
        "median_pdf_sample": {
            "type": "instance",
            "class_path": "autofit.non_linear.samples.sample.Sample",
            "arguments": {
                "log_likelihood": -37.80649473998397,
                "log_prior": 0.0,
                "weight": 0.001031011667281954,
                "kwargs": {
                    "type": "dict",
                    "arguments": {
                        "ellipses.0.ell_comps.ell_comps_0": -0.08364802621317885,
                        "ellipses.0.ell_comps.ell_comps_1": -0.04029851208883,
                        "multipoles.0.multipole_1.multipole_comps.multipole_comps_0": -0.00672574037101,
                        "multipoles.0.multipole_1.multipole_comps.multipole_comps_1": 0.00710377439429,
                        "multipoles.0.multipole_3.multipole_comps.multipole_comps_0": -0.015445968767818634,
                        "multipoles.0.multipole_3.multipole_comps.multipole_comps_1": 0.02140441438879,
                        "multipoles.0.multipole_4.multipole_comps.multipole_comps_0": 0.027051783690444475,
                        "multipoles.0.multipole_4.multipole_comps.multipole_comps_1": 0.00681114284473872
                    }
                }
            }
        }
    }
}