{
    "type": "instance",
    "class_path": "autofit.non_linear.samples.summary.SamplesSummary",
    "arguments": {
        "values_at_sigma_3": {
            "type": "list",
            "values": [
                {
                    "type": "tuple",
                    "values": [
                        -0.20118056311416993,
                        -0.1898998349367269
                    ]
                },
                {
                    "type": "tuple",
                    "values": [
                        0.0155328660718814,
                        0.028607007217913986
                    ]
                },
                {
                    "type": "tuple",
                    "values": [
                        -0.00329694529483,
                        0.0034198936542178516
                    ]
                },
                {
                    "type": "tuple",
                    "values": [
                        -0.00305507854085397,
                        0.002667959057548719
                    ]
                },
                {
                    "type": "tuple",
                    "values": [
                        -0.00313166135877,
                        0.003427634820256328
                    ]
                },
                {
                    "type": "tuple",
                    "values": [
                        -0.0013395151743978164,
                        0.004922836997487449
                    ]
                },
                {
                    "type": "tuple",
                    "values": [
                        -0.00837498448421,
                        -0.0004655453387856271
                    ]
                },
                {
                    "type": "tuple",
                    "values": [
                        -0.00493475060611,
                        0.001929722464648004
                    ]
                }
            ]
        },
        "log_evidence": -79.06133265246174,
        "max_log_likelihood_sample": {
            "type": "instance",
            "class_path": "autofit.non_linear.samples.sample.Sample",
            "arguments": {
                "log_likelihood": -40.38507090647069,
                "log_prior": 0.0,
                "weight": 0.0009480891186331836,
                "kwargs": {
                    "type": "dict",
                    "arguments": {
                        "ellipses.0.ell_comps.ell_comps_0": -0.1966390244919,
                        "ellipses.0.ell_comps.ell_comps_1": 0.02245732032642,
                        "multipoles.0.multipole_1.multipole_comps.multipole_comps_0": -0.00024783079096,
                        "multipoles.0.multipole_1.multipole_comps.multipole_comps_1": -0.00011127786468,
                        "multipoles.0.multipole_3.multipole_comps.multipole_comps_0": 0.00043214972991,
                        "multipoles.0.multipole_3.multipole_comps.multipole_comps_1": 0.00162452014675,
                        "multipoles.0.multipole_4.multipole_comps.multipole_comps_0": -0.00494147659094,
                        "multipoles.0.multipole_4.multipole_comps.multipole_comps_1": -0.00182631254058
                    }
                }
            }
        },
        "values_at_sigma_1": {
            "type": "list",
            "values": [
                {
                    "type": "tuple",
                    "values": [
                        -0.19752442594821118,
                        -0.19351039166845205
                    ]
                },
                {
                    "type": "tuple",
                    "values": [
                        0.01977286004677,
                        0.024364370757929243
                    ]
                },
                {
                    "type": "tuple",
                    "values": [
                        -0.00094263357797,
                        0.001170347485231544
                    ]
                },
                {
                    "type": "tuple",
                    "values": [
                        -0.00132834096205,
                        0.00076510851505
                    ]
                },
                {
                    "type": "tuple",
                    "values": [
                        -0.0007256056870510923,
                        0.0013281296554741985
                    ]
                },
                {
                    "type": "tuple",
                    "values": [
                        0.00063469342807,
                        0.002782086246165579
                    ]
                },
                {
                    "type": "tuple",
                    "values": [
                        -0.00531715215943,
                        -0.00286838739679349
                    ]
                },
                {
                    "type": "tuple",
                    "values": [
                        -0.0029522494469827977,
                        -0.00067805157014
                    ]
                }
            ]
        },
        "errors_at_sigma_1": {
            "type": "list",
            "values": [
                {
                    "type": "tuple",
                    "values": [
                        0.0020395058429762136,
                        0.0019745284367829186
                    ]
                },
                {
                    "type": "tuple",
                    "values": [
                        0.00245608525823,
                        0.0021354254529292425
                    ]
                },
                {
                    "type": "tuple",
                    "values": [
                        0.0010276853574916296,
                        0.0010852957057099143
                    ]
                },
                {
                    "type": "tuple",
                    "values": [
                        0.0011248829614231583,
                        0.0009685665156768416
                    ]
                },
                {
                    "type": "tuple",
                    "values": [
                        0.0010078672990710923,
                        0.0010458680434541985
                    ]
                },
                {
                    "type": "tuple",
                    "values": [
                        0.00106734315728,
                        0.001080049660815579
                    ]
                },
                {
                    "type": "tuple",
                    "values": [
                        0.0012785966025100001,
                        0.0011701681601265098
                    ]
                },
                {
                    "type": "tuple",
                    "values": [
                        0.0011681623096827976,
                        0.00110603556716
                    ]
                }
            ]
        },
        "model": null,
        "median_pdf_sample": {
            "type": "instance",
            "class_path": "autofit.non_linear.samples.sample.Sample",
            "arguments": {
                "log_likelihood": -40.38507090647069,
                "log_prior": 0.0,
                "weight": 0.0009480891186331836,
                "kwargs": {
                    "type": "dict",
                    "arguments": {
                        "ellipses.0.ell_comps.ell_comps_0": -0.19548492010523497,
                        "ellipses.0.ell_comps.ell_comps_1": 0.022228945305,
                        "multipoles.0.multipole_1.multipole_comps.multipole_comps_0": 8.505177952162967e-05,
                        "multipoles.0.multipole_1.multipole_comps.multipole_comps_1": -0.00020345800062684163,
                        "multipoles.0.multipole_3.multipole_comps.multipole_comps_0": 0.00028226161202,
                        "multipoles.0.multipole_3.multipole_comps.multipole_comps_1": 0.00170203658535,
                        "multipoles.0.multipole_4.multipole_comps.multipole_comps_0": -0.00403855555692,
                        "multipoles.0.multipole_4.multipole_comps.multipole_comps_1": -0.0017840871373
                    }
                }
            }
        },
        "errors_at_sigma_3": {
            "type": "list",
            "values": [
                {
                    "type": "tuple",
                    "values": [
                        0.005695643008934964,
                        0.005585085168508058
                    ]
                },
                {
                    "type": "tuple",
                    "values": [
                        0.006696079233118601,
                        0.006378061912913985
                    ]
                },
                {
                    "type": "tuple",
                    "values": [
                        0.0033819970743516298,
                        0.003334841874696222
                    ]
                },
                {
                    "type": "tuple",
                    "values": [
                        0.0028516205402271282,
                        0.0028714170581755605
                    ]
                },
                {
                    "type": "tuple",
                    "values": [
                        0.00341392297079,
                        0.003145373208236328
                    ]
                },
                {
                    "type": "tuple",
                    "values": [
                        0.0030415517597478163,
                        0.0032208004121374494
                    ]
                },
                {
                    "type": "tuple",
                    "values": [
                        0.004336428927290001,
                        0.0035730102181343727
                    ]
                },
                {
                    "type": "tuple",
                    "values": [
                        0.0031506634688099997,
                        0.003713809601948004
                    ]
                }
            ]
        }
    }
}