{
    "type": "instance",
    "class_path": "autofit.non_linear.samples.summary.SamplesSummary",
    "arguments": {
        "values_at_sigma_3": {
            "type": "list",
            "values": [
                {
                    "type": "tuple",
                    "values": [
                        0.09320741391351316,
                        0.11303689174869
                    ]
                },
                {
                    "type": "tuple",
                    "values": [
                        -0.10665703478917166,
                        -0.09013222818642024
                    ]
                }
            ]
        },
        "errors_at_sigma_1": {
            "type": "list",
            "values": [
                {
                    "type": "tuple",
                    "values": [
                        0.0033101836416299935,
                        0.003412245577740003
                    ]
                },
                {
                    "type": "tuple",
                    "values": [
                        0.002267886236151345,
                        0.003013225751275911
                    ]
                }
            ]
        },
        "model": null,
        "values_at_sigma_1": {
            "type": "list",
            "values": [
                {
                    "type": "tuple",
                    "values": [
                        0.10066066369328,
                        0.10738309291265
                    ]
                },
                {
                    "type": "tuple",
                    "values": [
                        -0.10027462059362725,
                        -0.0949935086062
                    ]
                }
            ]
        },
        "errors_at_sigma_3": {
            "type": "list",
            "values": [
                {
                    "type": "tuple",
                    "values": [
                        0.010763433421396837,
                        0.009066044413780006
                    ]
                },
                {
                    "type": "tuple",
                    "values": [
                        0.008650300431695748,
                        0.007874506171055673
                    ]
                }
            ]
        },
        "max_log_likelihood_sample": {
            "type": "instance",
            "class_path": "autofit.non_linear.samples.sample.Sample",
            "arguments": {
                "log_likelihood": -27.894229867818254,
                "log_prior": 0.0,
                "weight": 0.0009833647005173115,
                "kwargs": {
                    "type": "dict",
                    "arguments": {
                        "ellipses.0.ell_comps.ell_comps_0": 0.1034460145653,
                        "ellipses.0.ell_comps.ell_comps_1": -0.0980316923231
                    }
                }
            }
        },
        "log_evidence": -38.18484467100373,
        "median_pdf_sample": {
            "type": "instance",
            "class_path": "autofit.non_linear.samples.sample.Sample",
            "arguments": {
                "log_likelihood": -27.894229867818254,
                "log_prior": 0.0,
                "weight": 0.0009833647005173115,
                "kwargs": {
                    "type": "dict",
                    "arguments": {
                        "ellipses.0.ell_comps.ell_comps_0": 0.10397084733491,
                        "ellipses.0.ell_comps.ell_comps_1": -0.09800673435747591
                    }
                }
            }
        }
    }
}