{
    "type": "instance",
    "class_path": "autofit.non_linear.samples.summary.SamplesSummary",
    "arguments": {
        "values_at_sigma_3": {
            "type": "list",
            "values": [
                {
                    "type": "tuple",
                    "values": [
                        -0.2420117243049535,
                        -0.21513823356903
                    ]
                },
                {
                    "type": "tuple",
                    "values": [
                        -0.00674561055269,
                        0.03762557891349
                    ]
                },
                {
                    "type": "tuple",
                    "values": [
                        -0.06684918074215405,
                        0.06399041035089585
                    ]
                },
                {
                    "type": "tuple",
                    "values": [
                        -0.06968172718279,
                        0.05650691085385097
                    ]
                },
                {
                    "type": "tuple",
                    "values": [
                        -0.08515184105545029,
                        0.05266069642862621
                    ]
                },
                {
                    "type": "tuple",
                    "values": [
                        -0.05395520262559095,
                        0.05008172381485
                    ]
                },
                {
                    "type": "tuple",
                    "values": [
                        -0.06711825245603,
                        0.0444203416341
                    ]
                },
                {
                    "type": "tuple",
                    "values": [
                        -0.07440902421893558,
                        0.04576202741213
                    ]
                }
            ]
        },
        "errors_at_sigma_3": {
            "type": "list",
            "values": [
                {
                    "type": "tuple",
                    "values": [
                        0.010489076405003489,
                        0.01638441433092
                    ]
                },
                {
                    "type": "tuple",
                    "values": [
                        0.02489115559393,
                        0.01948003387225
                    ]
                },
                {
                    "type": "tuple",
                    "values": [
                        0.06222064790505723,
                        0.06861894318799268
                    ]
                },
                {
                    "type": "tuple",
                    "values": [
                        0.08736087256154988,
                        0.03882776547509109
                    ]
                },
                {
                    "type": "tuple",
                    "values": [
                        0.05177279897325029,
                        0.08603973851082622
                    ]
                },
                {
                    "type": "tuple",
                    "values": [
                        0.0618118121113293,
                        0.04222511432911165
                    ]
                },
                {
                    "type": "tuple",
                    "values": [
                        0.05627319638844996,
                        0.055265397701680034
                    ]
                },
                {
                    "type": "tuple",
                    "values": [
                        0.04241552816455307,
                        0.07775552346651252
                    ]
                }
            ]
        },
        "errors_at_sigma_1": {
            "type": "list",
            "values": [
                {
                    "type": "tuple",
                    "values": [
                        0.002458642402983463,
                        0.0025782259199806923
                    ]
                },
                {
                    "type": "tuple",
                    "values": [
                        0.005043887455963323,
                        0.006264671032789999
                    ]
                },
                {
                    "type": "tuple",
                    "values": [
                        0.026987975813775482,
                        0.024879422366007153
                    ]
                },
                {
                    "type": "tuple",
                    "values": [
                        0.034919713035547126,
                        0.015110667063326439
                    ]
                },
                {
                    "type": "tuple",
                    "values": [
                        0.016923945516248297,
                        0.03842558336195781
                    ]
                },
                {
                    "type": "tuple",
                    "values": [
                        0.02077309130234953,
                        0.015569541948591647
                    ]
                },
                {
                    "type": "tuple",
                    "values": [
                        0.017392771064649967,
                        0.017364921472270034
                    ]
                },
                {
                    "type": "tuple",
                    "values": [
                        0.01472452675271095,
                        0.031739396285542516
                    ]
                }
            ]
        },
        "max_log_likelihood_sample": {
            "type": "instance",
            "class_path": "autofit.non_linear.samples.sample.Sample",
            "arguments": {
                "log_likelihood": -50.86658772178912,
                "log_prior": 0.0,
                "weight": 0.0010806554408510733,
                "kwargs": {
                    "type": "dict",
                    "arguments": {
                        "ellipses.0.ell_comps.ell_comps_0": -0.23209558436784,
                        "ellipses.0.ell_comps.ell_comps_1": 0.01646842079689,
                        "multipoles.0.multipole_1.multipole_comps.multipole_comps_0": -0.01349880713729,
                        "multipoles.0.multipole_1.multipole_comps.multipole_comps_1": 0.02132858489641,
                        "multipoles.0.multipole_3.multipole_comps.multipole_comps_0": -0.03559744268555,
                        "multipoles.0.multipole_3.multipole_comps.multipole_comps_1": 0.01337844134054,
                        "multipoles.0.multipole_4.multipole_comps.multipole_comps_0": -0.01410795425884,
                        "multipoles.0.multipole_4.multipole_comps.multipole_comps_1": -0.04308015915115
                    }
                }
            }
        },
        "median_pdf_sample": {
            "type": "instance",
            "class_path": "autofit.non_linear.samples.sample.Sample",
            "arguments": {
                "log_likelihood": -50.86658772178912,
                "log_prior": 0.0,
                "weight": 0.0010806554408510733,
                "kwargs": {
                    "type": "dict",
                    "arguments": {
                        "ellipses.0.ell_comps.ell_comps_0": -0.23152264789995,
                        "ellipses.0.ell_comps.ell_comps_1": 0.01814554504124,
                        "multipoles.0.multipole_1.multipole_comps.multipole_comps_0": -0.004628532837096825,
                        "multipoles.0.multipole_1.multipole_comps.multipole_comps_1": 0.017679145378759874,
                        "multipoles.0.multipole_3.multipole_comps.multipole_comps_0": -0.0333790420822,
                        "multipoles.0.multipole_3.multipole_comps.multipole_comps_1": 0.007856609485738351,
                        "multipoles.0.multipole_4.multipole_comps.multipole_comps_0": -0.010845056067580036,
                        "multipoles.0.multipole_4.multipole_comps.multipole_comps_1": -0.031993496054382516
                    }
                }
            }
        },
        "log_evidence": -73.4620104348454,
        "model": null,
        "values_at_sigma_1": {
            "type": "list",
            "values": [
                {
                    "type": "tuple",
                    "values": [
                        -0.23398129030293346,
                        -0.2289444219799693
                    ]
                },
                {
                    "type": "tuple",
                    "values": [
                        0.013101657585276677,
                        0.02441021607403
                    ]
                },
                {
                    "type": "tuple",
                    "values": [
                        -0.03161650865087231,
                        0.020250889528910326
                    ]
                },
                {
                    "type": "tuple",
                    "values": [
                        -0.017240567656787248,
                        0.032789812442086314
                    ]
                },
                {
                    "type": "tuple",
                    "values": [
                        -0.0503029875984483,
                        0.005046541279757812
                    ]
                },
                {
                    "type": "tuple",
                    "values": [
                        -0.01291648181661118,
                        0.02342615143433
                    ]
                },
                {
                    "type": "tuple",
                    "values": [
                        -0.02823782713223,
                        0.00651986540469
                    ]
                },
                {
                    "type": "tuple",
                    "values": [
                        -0.046718022807093466,
                        -0.00025409976884
                    ]
                }
            ]
        }
    }
}