{
    "type": "instance",
    "class_path": "autofit.non_linear.samples.summary.SamplesSummary",
    "arguments": {
        "log_evidence": -52.253770592789735,
        "model": null,
        "errors_at_sigma_3": {
            "type": "list",
            "values": [
                {
                    "type": "tuple",
                    "values": [
                        0.005880996815100001,
                        0.006670836525911258
                    ]
                },
                {
                    "type": "tuple",
                    "values": [
                        0.008445228984491418,
                        0.0108529245043286
                    ]
                }
            ]
        },
        "max_log_likelihood_sample": {
            "type": "instance",
            "class_path": "autofit.non_linear.samples.sample.Sample",
            "arguments": {
                "log_likelihood": -40.63136236197771,
                "log_prior": 0.0,
                "weight": 0.0010025293616906926,
                "kwargs": {
                    "type": "dict",
                    "arguments": {
                        "ellipses.0.ell_comps.ell_comps_0": -0.0934113726214,
                        "ellipses.0.ell_comps.ell_comps_1": 0.05262753250298
                    }
                }
            }
        },
        "values_at_sigma_3": {
            "type": "list",
            "values": [
                {
                    "type": "tuple",
                    "values": [
                        -0.09930332491192,
                        -0.08675149157090874
                    ]
                },
                {
                    "type": "tuple",
                    "values": [
                        0.04491037205507,
                        0.06420852554389002
                    ]
                }
            ]
        },
        "median_pdf_sample": {
            "type": "instance",
            "class_path": "autofit.non_linear.samples.sample.Sample",
            "arguments": {
                "log_likelihood": -40.63136236197771,
                "log_prior": 0.0,
                "weight": 0.0010025293616906926,
                "kwargs": {
                    "type": "dict",
                    "arguments": {
                        "ellipses.0.ell_comps.ell_comps_0": -0.09342232809682,
                        "ellipses.0.ell_comps.ell_comps_1": 0.05335560103956142
                    }
                }
            }
        },
        "errors_at_sigma_1": {
            "type": "list",
            "values": [
                {
                    "type": "tuple",
                    "values": [
                        0.0014919987565040899,
                        0.0013770503234699916
                    ]
                },
                {
                    "type": "tuple",
                    "values": [
                        0.002967271275321419,
                        0.005465685143968578
                    ]
                }
            ]
        },
        "values_at_sigma_1": {
            "type": "list",
            "values": [
                {
                    "type": "tuple",
                    "values": [
                        -0.09491432685332409,
                        -0.09204527777335
                    ]
                },
                {
                    "type": "tuple",
                    "values": [
                        0.05038832976424,
                        0.05882128618353
                    ]
                }
            ]
        }
    }
}