{
    "type": "instance",
    "class_path": "autofit.non_linear.samples.summary.SamplesSummary",
    "arguments": {
        "max_log_likelihood_sample": {
            "type": "instance",
            "class_path": "autofit.non_linear.samples.sample.Sample",
            "arguments": {
                "log_likelihood": -127.04943432943784,
                "log_prior": 0.0,
                "weight": 0.001026412801373504,
                "kwargs": {
                    "type": "dict",
                    "arguments": {
                        "ellipses.0.ell_comps.ell_comps_0": -0.44777255873049,
                        "ellipses.0.ell_comps.ell_comps_1": 0.03141742545869,
                        "multipoles.0.multipole_3.multipole_comps.multipole_comps_0": 0.00345037293454,
                        "multipoles.0.multipole_3.multipole_comps.multipole_comps_1": -0.01739428463287,
                        "multipoles.0.multipole_4.multipole_comps.multipole_comps_0": 0.0072003805341,
                        "multipoles.0.multipole_4.multipole_comps.multipole_comps_1": 0.02340189056446
                    }
                }
            }
        },
        "model": null,
        "values_at_sigma_3": {
            "type": "list",
            "values": [
                {
                    "type": "tuple",
                    "values": [
                        -0.455649303220414,
                        -0.43881104969517665
                    ]
                },
                {
                    "type": "tuple",
                    "values": [
                        0.02155013630899,
                        0.04134704392365177
                    ]
                },
                {
                    "type": "tuple",
                    "values": [
                        -0.01609643561095,
                        0.015187979176905293
                    ]
                },
                {
                    "type": "tuple",
                    "values": [
                        -0.039278090694165574,
                        -0.0022756765088307136
                    ]
                },
                {
                    "type": "tuple",
                    "values": [
                        -0.023604130414104824,
                        0.022195941497741185
                    ]
                },
                {
                    "type": "tuple",
                    "values": [
                        0.005727712025123527,
                        0.03712470387867433
                    ]
                }
            ]
        },
        "median_pdf_sample": {
            "type": "instance",
            "class_path": "autofit.non_linear.samples.sample.Sample",
            "arguments": {
                "log_likelihood": -127.04943432943784,
                "log_prior": 0.0,
                "weight": 0.001026412801373504,
                "kwargs": {
                    "type": "dict",
                    "arguments": {
                        "ellipses.0.ell_comps.ell_comps_0": -0.44654350031945916,
                        "ellipses.0.ell_comps.ell_comps_1": 0.03198051057887,
                        "multipoles.0.multipole_3.multipole_comps.multipole_comps_0": 0.0002464147485708343,
                        "multipoles.0.multipole_3.multipole_comps.multipole_comps_1": -0.01921831081596,
                        "multipoles.0.multipole_4.multipole_comps.multipole_comps_0": 0.002520856041705487,
                        "multipoles.0.multipole_4.multipole_comps.multipole_comps_1": 0.021810616639784123
                    }
                }
            }
        },
        "errors_at_sigma_3": {
            "type": "list",
            "values": [
                {
                    "type": "tuple",
                    "values": [
                        0.009105802900954862,
                        0.007732450624282516
                    ]
                },
                {
                    "type": "tuple",
                    "values": [
                        0.010430374269879996,
                        0.009366533344781776
                    ]
                },
                {
                    "type": "tuple",
                    "values": [
                        0.016342850359520836,
                        0.014941564428334459
                    ]
                },
                {
                    "type": "tuple",
                    "values": [
                        0.020059779878205574,
                        0.016942634307129285
                    ]
                },
                {
                    "type": "tuple",
                    "values": [
                        0.026124986455810312,
                        0.019675085456035697
                    ]
                },
                {
                    "type": "tuple",
                    "values": [
                        0.016082904614660595,
                        0.015314087238890207
                    ]
                }
            ]
        },
        "log_evidence": -147.83673260117538,
        "errors_at_sigma_1": {
            "type": "list",
            "values": [
                {
                    "type": "tuple",
                    "values": [
                        0.003028736938130827,
                        0.002590900514844896
                    ]
                },
                {
                    "type": "tuple",
                    "values": [
                        0.003650200958769209,
                        0.0027902067625800026
                    ]
                },
                {
                    "type": "tuple",
                    "values": [
                        0.006198693832670834,
                        0.004915621476389166
                    ]
                },
                {
                    "type": "tuple",
                    "values": [
                        0.006339336299846666,
                        0.005858570743191878
                    ]
                },
                {
                    "type": "tuple",
                    "values": [
                        0.007550100319855486,
                        0.007640563436914513
                    ]
                },
                {
                    "type": "tuple",
                    "values": [
                        0.006195090676354473,
                        0.005665049385155878
                    ]
                }
            ]
        },
        "values_at_sigma_1": {
            "type": "list",
            "values": [
                {
                    "type": "tuple",
                    "values": [
                        -0.44957223725759,
                        -0.44395259980461427
                    ]
                },
                {
                    "type": "tuple",
                    "values": [
                        0.028330309620100788,
                        0.03477071734145
                    ]
                },
                {
                    "type": "tuple",
                    "values": [
                        -0.0059522790841,
                        0.00516203622496
                    ]
                },
                {
                    "type": "tuple",
                    "values": [
                        -0.025557647115806666,
                        -0.013359740072768122
                    ]
                },
                {
                    "type": "tuple",
                    "values": [
                        -0.00502924427815,
                        0.01016141947862
                    ]
                },
                {
                    "type": "tuple",
                    "values": [
                        0.01561552596342965,
                        0.02747566602494
                    ]
                }
            ]
        }
    }
}