{
    "type": "instance",
    "class_path": "autofit.non_linear.samples.summary.SamplesSummary",
    "arguments": {
        "median_pdf_sample": {
            "type": "instance",
            "class_path": "autofit.non_linear.samples.sample.Sample",
            "arguments": {
                "log_likelihood": -45.926262050133644,
                "log_prior": 0.0,
                "weight": 0.000984468712571391,
                "kwargs": {
                    "type": "dict",
                    "arguments": {
                        "ellipses.0.ell_comps.ell_comps_0": -0.17069517990646205,
                        "ellipses.0.ell_comps.ell_comps_1": 0.06112320438515735,
                        "multipoles.0.multipole_3.multipole_comps.multipole_comps_0": -0.03672165036479,
                        "multipoles.0.multipole_3.multipole_comps.multipole_comps_1": 0.02008388227073,
                        "multipoles.0.multipole_4.multipole_comps.multipole_comps_0": -0.0008631078294860917,
                        "multipoles.0.multipole_4.multipole_comps.multipole_comps_1": 0.022603490064173264
                    }
                }
            }
        },
        "errors_at_sigma_3": {
            "type": "list",
            "values": [
                {
                    "type": "tuple",
                    "values": [
                        0.043493345550327966,
                        0.014867529861943535
                    ]
                },
                {
                    "type": "tuple",
                    "values": [
                        0.03449982973521162,
                        0.015719366858067116
                    ]
                },
                {
                    "type": "tuple",
                    "values": [
                        0.06327103273797,
                        0.13265790666582
                    ]
                },
                {
                    "type": "tuple",
                    "values": [
                        0.11504700681093778,
                        0.07958459840283
                    ]
                },
                {
                    "type": "tuple",
                    "values": [
                        0.0976294110782318,
                        0.06872058464540284
                    ]
                },
                {
                    "type": "tuple",
                    "values": [
                        0.12096419633888326,
                        0.07702951924070774
                    ]
                }
            ]
        },
        "log_evidence": -63.45548660458573,
        "values_at_sigma_3": {
            "type": "list",
            "values": [
                {
                    "type": "tuple",
                    "values": [
                        -0.21418852545679,
                        -0.1558276500445185
                    ]
                },
                {
                    "type": "tuple",
                    "values": [
                        0.02662337464994573,
                        0.07684257124322447
                    ]
                },
                {
                    "type": "tuple",
                    "values": [
                        -0.09999268310276,
                        0.09593625630103
                    ]
                },
                {
                    "type": "tuple",
                    "values": [
                        -0.09496312454020778,
                        0.09966848067356
                    ]
                },
                {
                    "type": "tuple",
                    "values": [
                        -0.09849251890771789,
                        0.06785747681591675
                    ]
                },
                {
                    "type": "tuple",
                    "values": [
                        -0.09836070627471,
                        0.099633009304881
                    ]
                }
            ]
        },
        "max_log_likelihood_sample": {
            "type": "instance",
            "class_path": "autofit.non_linear.samples.sample.Sample",
            "arguments": {
                "log_likelihood": -45.926262050133644,
                "log_prior": 0.0,
                "weight": 0.000984468712571391,
                "kwargs": {
                    "type": "dict",
                    "arguments": {
                        "ellipses.0.ell_comps.ell_comps_0": -0.16597864633822,
                        "ellipses.0.ell_comps.ell_comps_1": 0.0676108483008,
                        "multipoles.0.multipole_3.multipole_comps.multipole_comps_0": -0.04520319262122,
                        "multipoles.0.multipole_3.multipole_comps.multipole_comps_1": 0.01236334603303,
                        "multipoles.0.multipole_4.multipole_comps.multipole_comps_0": 0.02573989190602,
                        "multipoles.0.multipole_4.multipole_comps.multipole_comps_1": 0.09962567706287
                    }
                }
            }
        },
        "values_at_sigma_1": {
            "type": "list",
            "values": [
                {
                    "type": "tuple",
                    "values": [
                        -0.20137858878386,
                        -0.16242892042292698
                    ]
                },
                {
                    "type": "tuple",
                    "values": [
                        0.04760766093389,
                        0.06783106411072472
                    ]
                },
                {
                    "type": "tuple",
                    "values": [
                        -0.08736256761571,
                        0.0027093002006
                    ]
                },
                {
                    "type": "tuple",
                    "values": [
                        -0.02878616040276,
                        0.07446005235358
                    ]
                },
                {
                    "type": "tuple",
                    "values": [
                        -0.0346726024802,
                        0.025209470986468627
                    ]
                },
                {
                    "type": "tuple",
                    "values": [
                        -0.06930772373358,
                        0.08533927930976966
                    ]
                }
            ]
        },
        "errors_at_sigma_1": {
            "type": "list",
            "values": [
                {
                    "type": "tuple",
                    "values": [
                        0.030683408877397955,
                        0.008266259483535071
                    ]
                },
                {
                    "type": "tuple",
                    "values": [
                        0.013515543451267348,
                        0.006707859725567367
                    ]
                },
                {
                    "type": "tuple",
                    "values": [
                        0.05064091725092,
                        0.03943095056539
                    ]
                },
                {
                    "type": "tuple",
                    "values": [
                        0.04887004267349,
                        0.05437617008284999
                    ]
                },
                {
                    "type": "tuple",
                    "values": [
                        0.03380949465071391,
                        0.02607257881595472
                    ]
                },
                {
                    "type": "tuple",
                    "values": [
                        0.09191121379775327,
                        0.06273578924559639
                    ]
                }
            ]
        },
        "model": null
    }
}