{
    "type": "instance",
    "class_path": "autofit.non_linear.samples.summary.SamplesSummary",
    "arguments": {
        "values_at_sigma_3": {
            "type": "list",
            "values": [
                {
                    "type": "tuple",
                    "values": [
                        -0.07950704543453,
                        0.04007017587706
                    ]
                },
                {
                    "type": "tuple",
                    "values": [
                        0.01880379424786,
                        0.07776190863279
                    ]
                },
                {
                    "type": "tuple",
                    "values": [
                        -0.10624612798992,
                        0.10814539781065
                    ]
                },
                {
                    "type": "tuple",
                    "values": [
                        -0.11960143445085,
                        0.15279626292274
                    ]
                },
                {
                    "type": "tuple",
                    "values": [
                        -0.09973797713752,
                        0.09806614059911291
                    ]
                },
                {
                    "type": "tuple",
                    "values": [
                        -0.07155956503709,
                        0.09567505858746
                    ]
                },
                {
                    "type": "tuple",
                    "values": [
                        -0.09578522840062,
                        0.06885694847063609
                    ]
                },
                {
                    "type": "tuple",
                    "values": [
                        -0.09798040765451,
                        0.09827564736718623
                    ]
                }
            ]
        },
        "max_log_likelihood_sample": {
            "type": "instance",
            "class_path": "autofit.non_linear.samples.sample.Sample",
            "arguments": {
                "log_likelihood": -29.358613567940615,
                "log_prior": 0.0,
                "weight": 0.0009823088227121912,
                "kwargs": {
                    "type": "dict",
                    "arguments": {
                        "ellipses.0.ell_comps.ell_comps_0": 0.00350647627299,
                        "ellipses.0.ell_comps.ell_comps_1": 0.04218280158331,
                        "multipoles.0.multipole_1.multipole_comps.multipole_comps_0": 0.02504439331034,
                        "multipoles.0.multipole_1.multipole_comps.multipole_comps_1": 0.00756615066496,
                        "multipoles.0.multipole_3.multipole_comps.multipole_comps_0": -0.05803970972116,
                        "multipoles.0.multipole_3.multipole_comps.multipole_comps_1": 0.00630793683424,
                        "multipoles.0.multipole_4.multipole_comps.multipole_comps_0": -0.04040381763595,
                        "multipoles.0.multipole_4.multipole_comps.multipole_comps_1": 0.02375759438289
                    }
                }
            }
        },
        "values_at_sigma_1": {
            "type": "list",
            "values": [
                {
                    "type": "tuple",
                    "values": [
                        -0.00271769104427,
                        0.007537164853354454
                    ]
                },
                {
                    "type": "tuple",
                    "values": [
                        0.03788590656191835,
                        0.045441925900627775
                    ]
                },
                {
                    "type": "tuple",
                    "values": [
                        -0.021989933583030013,
                        0.0378534478145
                    ]
                },
                {
                    "type": "tuple",
                    "values": [
                        -0.01029345355576906,
                        0.04637485360749
                    ]
                },
                {
                    "type": "tuple",
                    "values": [
                        -0.06938865206349,
                        -0.011141825454403023
                    ]
                },
                {
                    "type": "tuple",
                    "values": [
                        -0.007271280333068047,
                        0.0437092494949
                    ]
                },
                {
                    "type": "tuple",
                    "values": [
                        -0.06487973262130464,
                        -0.01830989135517
                    ]
                },
                {
                    "type": "tuple",
                    "values": [
                        -0.01738607327226,
                        0.05927066253770978
                    ]
                }
            ]
        },
        "median_pdf_sample": {
            "type": "instance",
            "class_path": "autofit.non_linear.samples.sample.Sample",
            "arguments": {
                "log_likelihood": -29.358613567940615,
                "log_prior": 0.0,
                "weight": 0.0009823088227121912,
                "kwargs": {
                    "type": "dict",
                    "arguments": {
                        "ellipses.0.ell_comps.ell_comps_0": 0.002684954797345294,
                        "ellipses.0.ell_comps.ell_comps_1": 0.04159530758035,
                        "multipoles.0.multipole_1.multipole_comps.multipole_comps_0": 0.013508730733645993,
                        "multipoles.0.multipole_1.multipole_comps.multipole_comps_1": 0.01863935341722287,
                        "multipoles.0.multipole_3.multipole_comps.multipole_comps_0": -0.04089965714088575,
                        "multipoles.0.multipole_3.multipole_comps.multipole_comps_1": 0.0153683451395,
                        "multipoles.0.multipole_4.multipole_comps.multipole_comps_0": -0.04335607322381,
                        "multipoles.0.multipole_4.multipole_comps.multipole_comps_1": 0.03155387042453435
                    }
                }
            }
        },
        "model": null,
        "log_evidence": -48.98680859271108,
        "errors_at_sigma_3": {
            "type": "list",
            "values": [
                {
                    "type": "tuple",
                    "values": [
                        0.08219200023187528,
                        0.0373852210797147
                    ]
                },
                {
                    "type": "tuple",
                    "values": [
                        0.022791513332490004,
                        0.03616660105244
                    ]
                },
                {
                    "type": "tuple",
                    "values": [
                        0.11975485872356599,
                        0.09463666707700401
                    ]
                },
                {
                    "type": "tuple",
                    "values": [
                        0.13824078786807287,
                        0.13415690950551715
                    ]
                },
                {
                    "type": "tuple",
                    "values": [
                        0.05883831999663425,
                        0.13896579773999868
                    ]
                },
                {
                    "type": "tuple",
                    "values": [
                        0.08692791017659,
                        0.08030671344796
                    ]
                },
                {
                    "type": "tuple",
                    "values": [
                        0.052429155176809995,
                        0.11221302169444608
                    ]
                },
                {
                    "type": "tuple",
                    "values": [
                        0.12953427807904433,
                        0.06672177694265188
                    ]
                }
            ]
        },
        "errors_at_sigma_1": {
            "type": "list",
            "values": [
                {
                    "type": "tuple",
                    "values": [
                        0.005402645841615294,
                        0.00485221005600916
                    ]
                },
                {
                    "type": "tuple",
                    "values": [
                        0.003709401018431653,
                        0.0038466183202777726
                    ]
                },
                {
                    "type": "tuple",
                    "values": [
                        0.035498664316676004,
                        0.024344717080854006
                    ]
                },
                {
                    "type": "tuple",
                    "values": [
                        0.028932806972991932,
                        0.02773550019026713
                    ]
                },
                {
                    "type": "tuple",
                    "values": [
                        0.028488994922604247,
                        0.02975783168648273
                    ]
                },
                {
                    "type": "tuple",
                    "values": [
                        0.022639625472568047,
                        0.0283409043554
                    ]
                },
                {
                    "type": "tuple",
                    "values": [
                        0.021523659397494642,
                        0.02504618186864
                    ]
                },
                {
                    "type": "tuple",
                    "values": [
                        0.04893994369679435,
                        0.02771679211317543
                    ]
                }
            ]
        }
    }
}