{
    "type": "instance",
    "class_path": "autofit.non_linear.samples.summary.SamplesSummary",
    "arguments": {
        "values_at_sigma_1": {
            "type": "list",
            "values": [
                {
                    "type": "tuple",
                    "values": [
                        -0.16633173289742242,
                        -0.16392378731931
                    ]
                },
                {
                    "type": "tuple",
                    "values": [
                        -0.18629091072360193,
                        -0.1841699028307973
                    ]
                }
            ]
        },
        "median_pdf_sample": {
            "type": "instance",
            "class_path": "autofit.non_linear.samples.sample.Sample",
            "arguments": {
                "log_likelihood": -219.09157328862293,
                "log_prior": 0.0,
                "weight": 0.0009743875428879016,
                "kwargs": {
                    "type": "dict",
                    "arguments": {
                        "ellipses.0.ell_comps.ell_comps_0": -0.16510891834119965,
                        "ellipses.0.ell_comps.ell_comps_1": -0.1852947198221
                    }
                }
            }
        },
        "model": null,
        "log_evidence": -230.15752864918082,
        "errors_at_sigma_3": {
            "type": "list",
            "values": [
                {
                    "type": "tuple",
                    "values": [
                        0.0036989731126003678,
                        0.00391010382374965
                    ]
                },
                {
                    "type": "tuple",
                    "values": [
                        0.0036351740387507436,
                        0.0032214446218302717
                    ]
                }
            ]
        },
        "errors_at_sigma_1": {
            "type": "list",
            "values": [
                {
                    "type": "tuple",
                    "values": [
                        0.0012228145562227788,
                        0.001185131021889635
                    ]
                },
                {
                    "type": "tuple",
                    "values": [
                        0.0009961909015019366,
                        0.0011248169913027073
                    ]
                }
            ]
        },
        "max_log_likelihood_sample": {
            "type": "instance",
            "class_path": "autofit.non_linear.samples.sample.Sample",
            "arguments": {
                "log_likelihood": -219.09157328862293,
                "log_prior": 0.0,
                "weight": 0.0009743875428879016,
                "kwargs": {
                    "type": "dict",
                    "arguments": {
                        "ellipses.0.ell_comps.ell_comps_0": -0.16510455786177,
                        "ellipses.0.ell_comps.ell_comps_1": -0.1850787290407
                    }
                }
            }
        },
        "values_at_sigma_3": {
            "type": "list",
            "values": [
                {
                    "type": "tuple",
                    "values": [
                        -0.1688078914538,
                        -0.16119881451745
                    ]
                },
                {
                    "type": "tuple",
                    "values": [
                        -0.18892989386085074,
                        -0.18207327520026972
                    ]
                }
            ]
        }
    }
}