{
    "type": "instance",
    "class_path": "autofit.non_linear.samples.summary.SamplesSummary",
    "arguments": {
        "values_at_sigma_3": {
            "type": "list",
            "values": [
                {
                    "type": "tuple",
                    "values": [
                        -0.11719380165898001,
                        -0.10800098384564429
                    ]
                },
                {
                    "type": "tuple",
                    "values": [
                        0.0112066348995,
                        0.021385577902599505
                    ]
                }
            ]
        },
        "log_evidence": -29.220134443629437,
        "errors_at_sigma_3": {
            "type": "list",
            "values": [
                {
                    "type": "tuple",
                    "values": [
                        0.0043932033914691054,
                        0.004799614421866619
                    ]
                },
                {
                    "type": "tuple",
                    "values": [
                        0.004768933236411052,
                        0.005410009766688453
                    ]
                }
            ]
        },
        "values_at_sigma_1": {
            "type": "list",
            "values": [
                {
                    "type": "tuple",
                    "values": [
                        -0.11440454372391,
                        -0.11128241163647
                    ]
                },
                {
                    "type": "tuple",
                    "values": [
                        0.014203691261849626,
                        0.017878608652927012
                    ]
                }
            ]
        },
        "errors_at_sigma_1": {
            "type": "list",
            "values": [
                {
                    "type": "tuple",
                    "values": [
                        0.0016039454563990946,
                        0.0015181866310409048
                    ]
                },
                {
                    "type": "tuple",
                    "values": [
                        0.001771876874061426,
                        0.0019030405170159595
                    ]
                }
            ]
        },
        "median_pdf_sample": {
            "type": "instance",
            "class_path": "autofit.non_linear.samples.sample.Sample",
            "arguments": {
                "log_likelihood": -18.488208244790506,
                "log_prior": 0.0,
                "weight": 0.0009780284849002121,
                "kwargs": {
                    "type": "dict",
                    "arguments": {
                        "ellipses.0.ell_comps.ell_comps_0": -0.1128005982675109,
                        "ellipses.0.ell_comps.ell_comps_1": 0.015975568135911052
                    }
                }
            }
        },
        "model": null,
        "max_log_likelihood_sample": {
            "type": "instance",
            "class_path": "autofit.non_linear.samples.sample.Sample",
            "arguments": {
                "log_likelihood": -18.488208244790506,
                "log_prior": 0.0,
                "weight": 0.0009780284849002121,
                "kwargs": {
                    "type": "dict",
                    "arguments": {
                        "ellipses.0.ell_comps.ell_comps_0": -0.11277848032299,
                        "ellipses.0.ell_comps.ell_comps_1": 0.01628948253699
                    }
                }
            }
        }
    }
}