{
    "type": "instance",
    "class_path": "autofit.non_linear.samples.summary.SamplesSummary",
    "arguments": {
        "values_at_sigma_1": {
            "type": "list",
            "values": [
                {
                    "type": "tuple",
                    "values": [
                        -0.022960543465989625,
                        -0.014966426612879776
                    ]
                },
                {
                    "type": "tuple",
                    "values": [
                        -0.03968518101936,
                        -0.03143068830180105
                    ]
                },
                {
                    "type": "tuple",
                    "values": [
                        -0.01089325994841,
                        -0.00179985116524
                    ]
                },
                {
                    "type": "tuple",
                    "values": [
                        -0.00815508048438,
                        0.0018921278972773702
                    ]
                },
                {
                    "type": "tuple",
                    "values": [
                        -0.002978258615789424,
                        0.00609140737947
                    ]
                },
                {
                    "type": "tuple",
                    "values": [
                        -0.0055487585473151125,
                        0.00482601787166362
                    ]
                },
                {
                    "type": "tuple",
                    "values": [
                        -0.016216874205123816,
                        -0.00623975042284
                    ]
                },
                {
                    "type": "tuple",
                    "values": [
                        0.0014851495884206877,
                        0.012202601209681621
                    ]
                }
            ]
        },
        "median_pdf_sample": {
            "type": "instance",
            "class_path": "autofit.non_linear.samples.sample.Sample",
            "arguments": {
                "log_likelihood": -18.320507065689533,
                "log_prior": 0.0,
                "weight": 0.0009758459395779723,
                "kwargs": {
                    "type": "dict",
                    "arguments": {
                        "ellipses.0.ell_comps.ell_comps_0": -0.018902557043835585,
                        "ellipses.0.ell_comps.ell_comps_1": -0.03553309324223617,
                        "multipoles.0.multipole_1.multipole_comps.multipole_comps_0": -0.00658195611658,
                        "multipoles.0.multipole_1.multipole_comps.multipole_comps_1": -0.00277445387775,
                        "multipoles.0.multipole_3.multipole_comps.multipole_comps_0": 0.0017687556718748083,
                        "multipoles.0.multipole_3.multipole_comps.multipole_comps_1": -0.00053133900142,
                        "multipoles.0.multipole_4.multipole_comps.multipole_comps_0": -0.01158753334929114,
                        "multipoles.0.multipole_4.multipole_comps.multipole_comps_1": 0.007430072345114784
                    }
                }
            }
        },
        "max_log_likelihood_sample": {
            "type": "instance",
            "class_path": "autofit.non_linear.samples.sample.Sample",
            "arguments": {
                "log_likelihood": -18.320507065689533,
                "log_prior": 0.0,
                "weight": 0.0009758459395779723,
                "kwargs": {
                    "type": "dict",
                    "arguments": {
                        "ellipses.0.ell_comps.ell_comps_0": -0.01857551508991,
                        "ellipses.0.ell_comps.ell_comps_1": -0.03656387080942,
                        "multipoles.0.multipole_1.multipole_comps.multipole_comps_0": -0.00573862900151,
                        "multipoles.0.multipole_1.multipole_comps.multipole_comps_1": -0.00027251450968,
                        "multipoles.0.multipole_3.multipole_comps.multipole_comps_0": 0.00313770613579,
                        "multipoles.0.multipole_3.multipole_comps.multipole_comps_1": -0.00219798227413,
                        "multipoles.0.multipole_4.multipole_comps.multipole_comps_0": -0.01269953554093,
                        "multipoles.0.multipole_4.multipole_comps.multipole_comps_1": 0.00570414016135
                    }
                }
            }
        },
        "model": null,
        "log_evidence": -44.28665642527011,
        "errors_at_sigma_3": {
            "type": "list",
            "values": [
                {
                    "type": "tuple",
                    "values": [
                        0.012455414788144412,
                        0.012886120851685584
                    ]
                },
                {
                    "type": "tuple",
                    "values": [
                        0.012524950014703828,
                        0.012660157174659594
                    ]
                },
                {
                    "type": "tuple",
                    "values": [
                        0.016133134225871856,
                        0.015495945190110001
                    ]
                },
                {
                    "type": "tuple",
                    "values": [
                        0.014012234364423979,
                        0.013531570692186
                    ]
                },
                {
                    "type": "tuple",
                    "values": [
                        0.013240568112834809,
                        0.012845606637461857
                    ]
                },
                {
                    "type": "tuple",
                    "values": [
                        0.01423498111093,
                        0.016036839057348123
                    ]
                },
                {
                    "type": "tuple",
                    "values": [
                        0.015799963831568863,
                        0.016057569316573442
                    ]
                },
                {
                    "type": "tuple",
                    "values": [
                        0.01482151579377074,
                        0.014936225844965217
                    ]
                }
            ]
        },
        "values_at_sigma_3": {
            "type": "list",
            "values": [
                {
                    "type": "tuple",
                    "values": [
                        -0.03135797183198,
                        -0.00601643619215
                    ]
                },
                {
                    "type": "tuple",
                    "values": [
                        -0.04805804325694,
                        -0.022872936067576576
                    ]
                },
                {
                    "type": "tuple",
                    "values": [
                        -0.022715090342451855,
                        0.00891398907353
                    ]
                },
                {
                    "type": "tuple",
                    "values": [
                        -0.01678668824217398,
                        0.010757116814435998
                    ]
                },
                {
                    "type": "tuple",
                    "values": [
                        -0.01147181244096,
                        0.014614362309336664
                    ]
                },
                {
                    "type": "tuple",
                    "values": [
                        -0.01476632011235,
                        0.015505500055928123
                    ]
                },
                {
                    "type": "tuple",
                    "values": [
                        -0.02738749718086,
                        0.0044700359672823
                    ]
                },
                {
                    "type": "tuple",
                    "values": [
                        -0.007391443448655956,
                        0.02236629819008
                    ]
                }
            ]
        },
        "errors_at_sigma_1": {
            "type": "list",
            "values": [
                {
                    "type": "tuple",
                    "values": [
                        0.00405798642215404,
                        0.003936130430955809
                    ]
                },
                {
                    "type": "tuple",
                    "values": [
                        0.004152087777123829,
                        0.004102404940435123
                    ]
                },
                {
                    "type": "tuple",
                    "values": [
                        0.0043113038318300006,
                        0.00478210495134
                    ]
                },
                {
                    "type": "tuple",
                    "values": [
                        0.00538062660663,
                        0.00466658177502737
                    ]
                },
                {
                    "type": "tuple",
                    "values": [
                        0.004747014287664232,
                        0.004322651707595191
                    ]
                },
                {
                    "type": "tuple",
                    "values": [
                        0.0050174195458951125,
                        0.00535735687308362
                    ]
                },
                {
                    "type": "tuple",
                    "values": [
                        0.0046293408558326764,
                        0.00534778292645114
                    ]
                },
                {
                    "type": "tuple",
                    "values": [
                        0.005944922756694096,
                        0.004772528864566837
                    ]
                }
            ]
        }
    }
}