{
    "type": "instance",
    "class_path": "autofit.non_linear.samples.summary.SamplesSummary",
    "arguments": {
        "values_at_sigma_1": {
            "type": "list",
            "values": [
                {
                    "type": "tuple",
                    "values": [
                        -0.012899169485592069,
                        -0.00485084772438
                    ]
                },
                {
                    "type": "tuple",
                    "values": [
                        0.0339746134204,
                        0.04290004332447
                    ]
                },
                {
                    "type": "tuple",
                    "values": [
                        0.0010837998268410404,
                        0.00314149497464
                    ]
                },
                {
                    "type": "tuple",
                    "values": [
                        0.00316996902254,
                        0.00521889041961
                    ]
                },
                {
                    "type": "tuple",
                    "values": [
                        0.001538260775736631,
                        0.00376462411122
                    ]
                },
                {
                    "type": "tuple",
                    "values": [
                        0.0036645739381,
                        0.005741819797258972
                    ]
                },
                {
                    "type": "tuple",
                    "values": [
                        -0.00181691937925,
                        0.00116147389472
                    ]
                },
                {
                    "type": "tuple",
                    "values": [
                        -0.0006107121458165892,
                        0.002361559879590513
                    ]
                }
            ]
        },
        "model": null,
        "values_at_sigma_3": {
            "type": "list",
            "values": [
                {
                    "type": "tuple",
                    "values": [
                        -0.02021206004262,
                        0.00322070906905
                    ]
                },
                {
                    "type": "tuple",
                    "values": [
                        0.02622192169572,
                        0.05260990915626
                    ]
                },
                {
                    "type": "tuple",
                    "values": [
                        -0.001643630236924195,
                        0.00535772553507
                    ]
                },
                {
                    "type": "tuple",
                    "values": [
                        0.001532595582930226,
                        0.007176334623
                    ]
                },
                {
                    "type": "tuple",
                    "values": [
                        -0.0014265993485229767,
                        0.005884631199578769
                    ]
                },
                {
                    "type": "tuple",
                    "values": [
                        0.001532028601927098,
                        0.008117768358812881
                    ]
                },
                {
                    "type": "tuple",
                    "values": [
                        -0.00455403160611,
                        0.004052939504560234
                    ]
                },
                {
                    "type": "tuple",
                    "values": [
                        -0.003097142991931253,
                        0.004368634515159372
                    ]
                }
            ]
        },
        "max_log_likelihood_sample": {
            "type": "instance",
            "class_path": "autofit.non_linear.samples.sample.Sample",
            "arguments": {
                "log_likelihood": -22.075743783575184,
                "log_prior": 0.0,
                "weight": 0.001010155672726801,
                "kwargs": {
                    "type": "dict",
                    "arguments": {
                        "ellipses.0.ell_comps.ell_comps_0": -0.01008343591622,
                        "ellipses.0.ell_comps.ell_comps_1": 0.03900684954991,
                        "multipoles.0.multipole_1.multipole_comps.multipole_comps_0": 0.0017409223414,
                        "multipoles.0.multipole_1.multipole_comps.multipole_comps_1": 0.00430568689296,
                        "multipoles.0.multipole_3.multipole_comps.multipole_comps_0": 0.0022650402324,
                        "multipoles.0.multipole_3.multipole_comps.multipole_comps_1": 0.00539185323906,
                        "multipoles.0.multipole_4.multipole_comps.multipole_comps_0": 0.00010358615248,
                        "multipoles.0.multipole_4.multipole_comps.multipole_comps_1": 0.00110836231084
                    }
                }
            }
        },
        "errors_at_sigma_1": {
            "type": "list",
            "values": [
                {
                    "type": "tuple",
                    "values": [
                        0.004330982091712406,
                        0.0037173396694996632
                    ]
                },
                {
                    "type": "tuple",
                    "values": [
                        0.004822906049079999,
                        0.004102523854989999
                    ]
                },
                {
                    "type": "tuple",
                    "values": [
                        0.0010151269681889594,
                        0.0010425681796100003
                    ]
                },
                {
                    "type": "tuple",
                    "values": [
                        0.0009637908090524032,
                        0.0010851305880175965
                    ]
                },
                {
                    "type": "tuple",
                    "values": [
                        0.0009966908644958234,
                        0.0012296724709875456
                    ]
                },
                {
                    "type": "tuple",
                    "values": [
                        0.0011416776142603477,
                        0.0009355682448986243
                    ]
                },
                {
                    "type": "tuple",
                    "values": [
                        0.001461664044921182,
                        0.0015167292290488182
                    ]
                },
                {
                    "type": "tuple",
                    "values": [
                        0.0014394181111899078,
                        0.0015328539142171944
                    ]
                }
            ]
        },
        "errors_at_sigma_3": {
            "type": "list",
            "values": [
                {
                    "type": "tuple",
                    "values": [
                        0.011643872648740339,
                        0.011788896462929663
                    ]
                },
                {
                    "type": "tuple",
                    "values": [
                        0.012575597773759998,
                        0.013812389686780002
                    ]
                },
                {
                    "type": "tuple",
                    "values": [
                        0.003742557031954195,
                        0.0032587987400400005
                    ]
                },
                {
                    "type": "tuple",
                    "values": [
                        0.002601164248662177,
                        0.0030425747914075967
                    ]
                },
                {
                    "type": "tuple",
                    "values": [
                        0.003961550988755431,
                        0.0033496795593463144
                    ]
                },
                {
                    "type": "tuple",
                    "values": [
                        0.0032742229504332497,
                        0.0033115168064525337
                    ]
                },
                {
                    "type": "tuple",
                    "values": [
                        0.004198776271781181,
                        0.004408194838889053
                    ]
                },
                {
                    "type": "tuple",
                    "values": [
                        0.0039258489573045716,
                        0.003539928549786054
                    ]
                }
            ]
        },
        "log_evidence": -57.33002168401571,
        "median_pdf_sample": {
            "type": "instance",
            "class_path": "autofit.non_linear.samples.sample.Sample",
            "arguments": {
                "log_likelihood": -22.075743783575184,
                "log_prior": 0.0,
                "weight": 0.001010155672726801,
                "kwargs": {
                    "type": "dict",
                    "arguments": {
                        "ellipses.0.ell_comps.ell_comps_0": -0.008568187393879663,
                        "ellipses.0.ell_comps.ell_comps_1": 0.03879751946948,
                        "multipoles.0.multipole_1.multipole_comps.multipole_comps_0": 0.00209892679503,
                        "multipoles.0.multipole_1.multipole_comps.multipole_comps_1": 0.004133759831592403,
                        "multipoles.0.multipole_3.multipole_comps.multipole_comps_0": 0.0025349516402324544,
                        "multipoles.0.multipole_3.multipole_comps.multipole_comps_1": 0.004806251552360348,
                        "multipoles.0.multipole_4.multipole_comps.multipole_comps_0": -0.0003552553343288182,
                        "multipoles.0.multipole_4.multipole_comps.multipole_comps_1": 0.0008287059653733186
                    }
                }
            }
        }
    }
}