{
    "type": "instance",
    "class_path": "autofit.non_linear.samples.summary.SamplesSummary",
    "arguments": {
        "values_at_sigma_3": {
            "type": "list",
            "values": [
                {
                    "type": "tuple",
                    "values": [
                        0.004210913513260545,
                        0.01966591247505
                    ]
                },
                {
                    "type": "tuple",
                    "values": [
                        -0.10419127760886909,
                        -0.09004854251044982
                    ]
                }
            ]
        },
        "model": null,
        "median_pdf_sample": {
            "type": "instance",
            "class_path": "autofit.non_linear.samples.sample.Sample",
            "arguments": {
                "log_likelihood": -6.175014455683479,
                "log_prior": 0.0,
                "weight": 0.0009743062382015711,
                "kwargs": {
                    "type": "dict",
                    "arguments": {
                        "ellipses.0.ell_comps.ell_comps_0": 0.01141899424666494,
                        "ellipses.0.ell_comps.ell_comps_1": -0.09735480241573
                    }
                }
            }
        },
        "log_evidence": -16.580840496109065,
        "errors_at_sigma_3": {
            "type": "list",
            "values": [
                {
                    "type": "tuple",
                    "values": [
                        0.007208080733404395,
                        0.00824691822838506
                    ]
                },
                {
                    "type": "tuple",
                    "values": [
                        0.006836475193139097,
                        0.00730625990528018
                    ]
                }
            ]
        },
        "max_log_likelihood_sample": {
            "type": "instance",
            "class_path": "autofit.non_linear.samples.sample.Sample",
            "arguments": {
                "log_likelihood": -6.175014455683479,
                "log_prior": 0.0,
                "weight": 0.0009743062382015711,
                "kwargs": {
                    "type": "dict",
                    "arguments": {
                        "ellipses.0.ell_comps.ell_comps_0": 0.01153390589011,
                        "ellipses.0.ell_comps.ell_comps_1": -0.09710844368663
                    }
                }
            }
        },
        "values_at_sigma_1": {
            "type": "list",
            "values": [
                {
                    "type": "tuple",
                    "values": [
                        0.00878658839527,
                        0.013783652755514134
                    ]
                },
                {
                    "type": "tuple",
                    "values": [
                        -0.09990310179568554,
                        -0.0940950103025675
                    ]
                }
            ]
        },
        "errors_at_sigma_1": {
            "type": "list",
            "values": [
                {
                    "type": "tuple",
                    "values": [
                        0.0026324058513949398,
                        0.002364658508849194
                    ]
                },
                {
                    "type": "tuple",
                    "values": [
                        0.002548299379955543,
                        0.0032597921131624907
                    ]
                }
            ]
        }
    }
}