{
    "type": "instance",
    "class_path": "autofit.non_linear.samples.summary.SamplesSummary",
    "arguments": {
        "errors_at_sigma_1": {
            "type": "list",
            "values": [
                {
                    "type": "tuple",
                    "values": [
                        0.014277863641073862,
                        0.0026708814566600014
                    ]
                },
                {
                    "type": "tuple",
                    "values": [
                        0.00668379370306206,
                        0.005361583646585372
                    ]
                }
            ]
        },
        "model": null,
        "log_evidence": -88.21536951192077,
        "errors_at_sigma_3": {
            "type": "list",
            "values": [
                {
                    "type": "tuple",
                    "values": [
                        0.023778633228190016,
                        0.005548231942199999
                    ]
                },
                {
                    "type": "tuple",
                    "values": [
                        0.013270921187535728,
                        0.01048609946996705
                    ]
                }
            ]
        },
        "max_log_likelihood_sample": {
            "type": "instance",
            "class_path": "autofit.non_linear.samples.sample.Sample",
            "arguments": {
                "log_likelihood": -76.94773776729849,
                "log_prior": 0.0,
                "weight": 0.0010035397273678987,
                "kwargs": {
                    "type": "dict",
                    "arguments": {
                        "ellipses.0.ell_comps.ell_comps_0": -0.26590760206859,
                        "ellipses.0.ell_comps.ell_comps_1": -0.0785176808604
                    }
                }
            }
        },
        "values_at_sigma_1": {
            "type": "list",
            "values": [
                {
                    "type": "tuple",
                    "values": [
                        -0.28238271962311384,
                        -0.26543397452538
                    ]
                },
                {
                    "type": "tuple",
                    "values": [
                        -0.08723187191462911,
                        -0.07518649456498168
                    ]
                }
            ]
        },
        "median_pdf_sample": {
            "type": "instance",
            "class_path": "autofit.non_linear.samples.sample.Sample",
            "arguments": {
                "log_likelihood": -76.94773776729849,
                "log_prior": 0.0,
                "weight": 0.0010035397273678987,
                "kwargs": {
                    "type": "dict",
                    "arguments": {
                        "ellipses.0.ell_comps.ell_comps_0": -0.26810485598204,
                        "ellipses.0.ell_comps.ell_comps_1": -0.08054807821156705
                    }
                }
            }
        },
        "values_at_sigma_3": {
            "type": "list",
            "values": [
                {
                    "type": "tuple",
                    "values": [
                        -0.29188348921023,
                        -0.26255662403984
                    ]
                },
                {
                    "type": "tuple",
                    "values": [
                        -0.09381899939910278,
                        -0.0700619787416
                    ]
                }
            ]
        }
    }
}