{
    "type": "instance",
    "class_path": "autofit.non_linear.samples.summary.SamplesSummary",
    "arguments": {
        "log_evidence": -30.25275141942538,
        "median_pdf_sample": {
            "type": "instance",
            "class_path": "autofit.non_linear.samples.sample.Sample",
            "arguments": {
                "log_likelihood": -6.924483556750962,
                "log_prior": 0.0,
                "weight": 0.0009997147021553144,
                "kwargs": {
                    "type": "dict",
                    "arguments": {
                        "ellipses.0.ell_comps.ell_comps_0": -0.019606616118701167,
                        "ellipses.0.ell_comps.ell_comps_1": 0.015414362523117243,
                        "multipoles.0.multipole_3.multipole_comps.multipole_comps_0": 0.0033912387923180558,
                        "multipoles.0.multipole_3.multipole_comps.multipole_comps_1": 0.00079680599006,
                        "multipoles.0.multipole_4.multipole_comps.multipole_comps_0": -0.0023265427799753885,
                        "multipoles.0.multipole_4.multipole_comps.multipole_comps_1": 0.0006495355015079683
                    }
                }
            }
        },
        "errors_at_sigma_1": {
            "type": "list",
            "values": [
                {
                    "type": "tuple",
                    "values": [
                        0.0044770429134097095,
                        0.004857755185850044
                    ]
                },
                {
                    "type": "tuple",
                    "values": [
                        0.004879524219435393,
                        0.004519330397107184
                    ]
                },
                {
                    "type": "tuple",
                    "values": [
                        0.002322710402908056,
                        0.0020880550702519446
                    ]
                },
                {
                    "type": "tuple",
                    "values": [
                        0.0023589527489942513,
                        0.002730287045760765
                    ]
                },
                {
                    "type": "tuple",
                    "values": [
                        0.003058545291729261,
                        0.0031222149500372337
                    ]
                },
                {
                    "type": "tuple",
                    "values": [
                        0.0031285163550504756,
                        0.0026453031479697717
                    ]
                }
            ]
        },
        "max_log_likelihood_sample": {
            "type": "instance",
            "class_path": "autofit.non_linear.samples.sample.Sample",
            "arguments": {
                "log_likelihood": -6.924483556750962,
                "log_prior": 0.0,
                "weight": 0.0009997147021553144,
                "kwargs": {
                    "type": "dict",
                    "arguments": {
                        "ellipses.0.ell_comps.ell_comps_0": -0.01955264858036,
                        "ellipses.0.ell_comps.ell_comps_1": 0.01436841742904,
                        "multipoles.0.multipole_3.multipole_comps.multipole_comps_0": 0.0034550773958,
                        "multipoles.0.multipole_3.multipole_comps.multipole_comps_1": 0.00039080526711,
                        "multipoles.0.multipole_4.multipole_comps.multipole_comps_0": -0.00044341450571,
                        "multipoles.0.multipole_4.multipole_comps.multipole_comps_1": 0.00159866358335
                    }
                }
            }
        },
        "values_at_sigma_3": {
            "type": "list",
            "values": [
                {
                    "type": "tuple",
                    "values": [
                        -0.030663239207688455,
                        -0.005587372997126937
                    ]
                },
                {
                    "type": "tuple",
                    "values": [
                        0.00056220947976,
                        0.03072560645938
                    ]
                },
                {
                    "type": "tuple",
                    "values": [
                        -0.0036095408052524806,
                        0.009753355996126497
                    ]
                },
                {
                    "type": "tuple",
                    "values": [
                        -0.00645615533179,
                        0.008427870717211948
                    ]
                },
                {
                    "type": "tuple",
                    "values": [
                        -0.01072575284194,
                        0.006962218426166071
                    ]
                },
                {
                    "type": "tuple",
                    "values": [
                        -0.0073044004782164785,
                        0.008047479160683641
                    ]
                }
            ]
        },
        "model": null,
        "errors_at_sigma_3": {
            "type": "list",
            "values": [
                {
                    "type": "tuple",
                    "values": [
                        0.011056623088987288,
                        0.01401924312157423
                    ]
                },
                {
                    "type": "tuple",
                    "values": [
                        0.014852153043357243,
                        0.015311243936262755
                    ]
                },
                {
                    "type": "tuple",
                    "values": [
                        0.007000779597570537,
                        0.006362117203808441
                    ]
                },
                {
                    "type": "tuple",
                    "values": [
                        0.00725296132185,
                        0.007631064727151948
                    ]
                },
                {
                    "type": "tuple",
                    "values": [
                        0.008399210061964611,
                        0.00928876120614146
                    ]
                },
                {
                    "type": "tuple",
                    "values": [
                        0.007953935979724446,
                        0.007397943659175673
                    ]
                }
            ]
        },
        "values_at_sigma_1": {
            "type": "list",
            "values": [
                {
                    "type": "tuple",
                    "values": [
                        -0.024083659032110877,
                        -0.014748860932851124
                    ]
                },
                {
                    "type": "tuple",
                    "values": [
                        0.01053483830368185,
                        0.019933692920224427
                    ]
                },
                {
                    "type": "tuple",
                    "values": [
                        0.00106852838941,
                        0.00547929386257
                    ]
                },
                {
                    "type": "tuple",
                    "values": [
                        -0.0015621467589342515,
                        0.003527093035820765
                    ]
                },
                {
                    "type": "tuple",
                    "values": [
                        -0.00538508807170465,
                        0.0007956721700618453
                    ]
                },
                {
                    "type": "tuple",
                    "values": [
                        -0.002478980853542507,
                        0.0032948386494777403
                    ]
                }
            ]
        }
    }
}