{
    "type": "instance",
    "class_path": "autofit.non_linear.samples.summary.SamplesSummary",
    "arguments": {
        "errors_at_sigma_1": {
            "type": "list",
            "values": [
                {
                    "type": "tuple",
                    "values": [
                        0.004857597144548656,
                        0.005056910811052015
                    ]
                },
                {
                    "type": "tuple",
                    "values": [
                        0.005091072292138357,
                        0.004989440230084463
                    ]
                },
                {
                    "type": "tuple",
                    "values": [
                        0.008506844429786577,
                        0.008973599599364824
                    ]
                },
                {
                    "type": "tuple",
                    "values": [
                        0.007676096327662432,
                        0.008488754246335873
                    ]
                },
                {
                    "type": "tuple",
                    "values": [
                        0.0075275807627246,
                        0.008237364857674739
                    ]
                },
                {
                    "type": "tuple",
                    "values": [
                        0.007409086308945844,
                        0.007873803554076575
                    ]
                },
                {
                    "type": "tuple",
                    "values": [
                        0.009522975977233087,
                        0.009763241877736683
                    ]
                },
                {
                    "type": "tuple",
                    "values": [
                        0.00965684612436042,
                        0.008445220400485683
                    ]
                }
            ]
        },
        "log_evidence": -38.37944020830098,
        "median_pdf_sample": {
            "type": "instance",
            "class_path": "autofit.non_linear.samples.sample.Sample",
            "arguments": {
                "log_likelihood": -14.336708756654868,
                "log_prior": 0.0,
                "weight": 0.001036986230928848,
                "kwargs": {
                    "type": "dict",
                    "arguments": {
                        "ellipses.0.ell_comps.ell_comps_0": -0.028424568754931344,
                        "ellipses.0.ell_comps.ell_comps_1": -0.041121310149760185,
                        "multipoles.0.multipole_1.multipole_comps.multipole_comps_0": 0.0028160348900651755,
                        "multipoles.0.multipole_1.multipole_comps.multipole_comps_1": 0.001984652458062432,
                        "multipoles.0.multipole_3.multipole_comps.multipole_comps_0": -0.0061316118314049374,
                        "multipoles.0.multipole_3.multipole_comps.multipole_comps_1": 0.006131030787079134,
                        "multipoles.0.multipole_4.multipole_comps.multipole_comps_0": 0.0011162687860457568,
                        "multipoles.0.multipole_4.multipole_comps.multipole_comps_1": -0.005464159098745683
                    }
                }
            }
        },
        "max_log_likelihood_sample": {
            "type": "instance",
            "class_path": "autofit.non_linear.samples.sample.Sample",
            "arguments": {
                "log_likelihood": -14.336708756654868,
                "log_prior": 0.0,
                "weight": 0.001036986230928848,
                "kwargs": {
                    "type": "dict",
                    "arguments": {
                        "ellipses.0.ell_comps.ell_comps_0": -0.02963792894585,
                        "ellipses.0.ell_comps.ell_comps_1": -0.03701547209874,
                        "multipoles.0.multipole_1.multipole_comps.multipole_comps_0": 0.00012193741226,
                        "multipoles.0.multipole_1.multipole_comps.multipole_comps_1": 0.0064499047635,
                        "multipoles.0.multipole_3.multipole_comps.multipole_comps_0": -0.00695119158275,
                        "multipoles.0.multipole_3.multipole_comps.multipole_comps_1": 0.00720918859166,
                        "multipoles.0.multipole_4.multipole_comps.multipole_comps_0": 0.01283075027281,
                        "multipoles.0.multipole_4.multipole_comps.multipole_comps_1": -0.00032087808135
                    }
                }
            }
        },
        "values_at_sigma_1": {
            "type": "list",
            "values": [
                {
                    "type": "tuple",
                    "values": [
                        -0.03328216589948,
                        -0.02336765794387933
                    ]
                },
                {
                    "type": "tuple",
                    "values": [
                        -0.04621238244189854,
                        -0.03613186991967572
                    ]
                },
                {
                    "type": "tuple",
                    "values": [
                        -0.005690809539721401,
                        0.01178963448943
                    ]
                },
                {
                    "type": "tuple",
                    "values": [
                        -0.0056914438696,
                        0.010473406704398305
                    ]
                },
                {
                    "type": "tuple",
                    "values": [
                        -0.013659192594129538,
                        0.002105753026269801
                    ]
                },
                {
                    "type": "tuple",
                    "values": [
                        -0.0012780555218667104,
                        0.014004834341155709
                    ]
                },
                {
                    "type": "tuple",
                    "values": [
                        -0.008406707191187331,
                        0.010879510663782439
                    ]
                },
                {
                    "type": "tuple",
                    "values": [
                        -0.015121005223106103,
                        0.00298106130174
                    ]
                }
            ]
        },
        "errors_at_sigma_3": {
            "type": "list",
            "values": [
                {
                    "type": "tuple",
                    "values": [
                        0.013321421950668655,
                        0.014749641784071343
                    ]
                },
                {
                    "type": "tuple",
                    "values": [
                        0.01917473977698484,
                        0.014838938121921726
                    ]
                },
                {
                    "type": "tuple",
                    "values": [
                        0.02518667043638242,
                        0.027147086629104825
                    ]
                },
                {
                    "type": "tuple",
                    "values": [
                        0.021515685256749875,
                        0.025678885264269785
                    ]
                },
                {
                    "type": "tuple",
                    "values": [
                        0.02338690383477929,
                        0.024256386076560162
                    ]
                },
                {
                    "type": "tuple",
                    "values": [
                        0.024378718533958246,
                        0.02803527936101531
                    ]
                },
                {
                    "type": "tuple",
                    "values": [
                        0.02925426942804016,
                        0.025859322501181538
                    ]
                },
                {
                    "type": "tuple",
                    "values": [
                        0.026477128580996705,
                        0.027243262013773563
                    ]
                }
            ]
        },
        "model": null,
        "values_at_sigma_3": {
            "type": "list",
            "values": [
                {
                    "type": "tuple",
                    "values": [
                        -0.0417459907056,
                        -0.01367492697086
                    ]
                },
                {
                    "type": "tuple",
                    "values": [
                        -0.060296049926745025,
                        -0.02628237202783846
                    ]
                },
                {
                    "type": "tuple",
                    "values": [
                        -0.022370635546317245,
                        0.02996312151917
                    ]
                },
                {
                    "type": "tuple",
                    "values": [
                        -0.019531032798687443,
                        0.027663537722332217
                    ]
                },
                {
                    "type": "tuple",
                    "values": [
                        -0.029518515666184228,
                        0.018124774245155226
                    ]
                },
                {
                    "type": "tuple",
                    "values": [
                        -0.018247687746879113,
                        0.034166310148094445
                    ]
                },
                {
                    "type": "tuple",
                    "values": [
                        -0.028138000641994402,
                        0.026975591287227294
                    ]
                },
                {
                    "type": "tuple",
                    "values": [
                        -0.031941287679742386,
                        0.02177910291502788
                    ]
                }
            ]
        }
    }
}