{
    "type": "instance",
    "class_path": "autofit.non_linear.samples.summary.SamplesSummary",
    "arguments": {
        "max_log_likelihood_sample": {
            "type": "instance",
            "class_path": "autofit.non_linear.samples.sample.Sample",
            "arguments": {
                "log_likelihood": -40.694647368693296,
                "log_prior": 0.0,
                "weight": 0.00102108618996204,
                "kwargs": {
                    "type": "dict",
                    "arguments": {
                        "ellipses.0.ell_comps.ell_comps_0": 0.0683747949123,
                        "ellipses.0.ell_comps.ell_comps_1": -0.09924845105317,
                        "multipoles.0.multipole_1.multipole_comps.multipole_comps_0": 0.09678185786267,
                        "multipoles.0.multipole_1.multipole_comps.multipole_comps_1": -0.0073949514189,
                        "multipoles.0.multipole_3.multipole_comps.multipole_comps_0": -0.05208759930971,
                        "multipoles.0.multipole_3.multipole_comps.multipole_comps_1": 0.00546660234299,
                        "multipoles.0.multipole_4.multipole_comps.multipole_comps_0": 0.05150777707637,
                        "multipoles.0.multipole_4.multipole_comps.multipole_comps_1": -0.06199615720077
                    }
                }
            }
        },
        "log_evidence": -60.60260727415484,
        "errors_at_sigma_3": {
            "type": "list",
            "values": [
                {
                    "type": "tuple",
                    "values": [
                        0.016801486729730003,
                        0.025477628337398264
                    ]
                },
                {
                    "type": "tuple",
                    "values": [
                        0.010525158847058472,
                        0.016184170301607403
                    ]
                },
                {
                    "type": "tuple",
                    "values": [
                        0.14874008169354785,
                        0.11931687457670186
                    ]
                },
                {
                    "type": "tuple",
                    "values": [
                        0.09529417212330313,
                        0.06426766911906107
                    ]
                },
                {
                    "type": "tuple",
                    "values": [
                        0.07366846048871,
                        0.12146441252906
                    ]
                },
                {
                    "type": "tuple",
                    "values": [
                        0.07380206647229916,
                        0.06832449804996085
                    ]
                },
                {
                    "type": "tuple",
                    "values": [
                        0.10331596913983,
                        0.04847532362937019
                    ]
                },
                {
                    "type": "tuple",
                    "values": [
                        0.04826747589355019,
                        0.07995546649411807
                    ]
                }
            ]
        },
        "values_at_sigma_1": {
            "type": "list",
            "values": [
                {
                    "type": "tuple",
                    "values": [
                        0.062046667951652375,
                        0.07289392757163458
                    ]
                },
                {
                    "type": "tuple",
                    "values": [
                        -0.10020914423388,
                        -0.09174433176185001
                    ]
                },
                {
                    "type": "tuple",
                    "values": [
                        0.01531286831517,
                        0.10957185567368262
                    ]
                },
                {
                    "type": "tuple",
                    "values": [
                        -0.06543585977462618,
                        -0.00524369349116
                    ]
                },
                {
                    "type": "tuple",
                    "values": [
                        -0.06502057657019789,
                        0.03734344432678997
                    ]
                },
                {
                    "type": "tuple",
                    "values": [
                        0.00429628385489,
                        0.05888961118158973
                    ]
                },
                {
                    "type": "tuple",
                    "values": [
                        0.0205406338491,
                        0.07181427298319
                    ]
                },
                {
                    "type": "tuple",
                    "values": [
                        -0.07231818802241,
                        -0.0229156358312195
                    ]
                }
            ]
        },
        "errors_at_sigma_1": {
            "type": "list",
            "values": [
                {
                    "type": "tuple",
                    "values": [
                        0.006351018950817626,
                        0.004496240669164583
                    ]
                },
                {
                    "type": "tuple",
                    "values": [
                        0.0038516330335984644,
                        0.004613179438431522
                    ]
                },
                {
                    "type": "tuple",
                    "values": [
                        0.05951080284409787,
                        0.03474818451441475
                    ]
                },
                {
                    "type": "tuple",
                    "values": [
                        0.036812206946657405,
                        0.023379959336808774
                    ]
                },
                {
                    "type": "tuple",
                    "values": [
                        0.03925926117249788,
                        0.06310475972448996
                    ]
                },
                {
                    "type": "tuple",
                    "values": [
                        0.02724714520545916,
                        0.02734618212124057
                    ]
                },
                {
                    "type": "tuple",
                    "values": [
                        0.030540563366619998,
                        0.02073307576747
                    ]
                },
                {
                    "type": "tuple",
                    "values": [
                        0.022178409964804267,
                        0.02722414222638623
                    ]
                }
            ]
        },
        "median_pdf_sample": {
            "type": "instance",
            "class_path": "autofit.non_linear.samples.sample.Sample",
            "arguments": {
                "log_likelihood": -40.694647368693296,
                "log_prior": 0.0,
                "weight": 0.00102108618996204,
                "kwargs": {
                    "type": "dict",
                    "arguments": {
                        "ellipses.0.ell_comps.ell_comps_0": 0.06839768690247,
                        "ellipses.0.ell_comps.ell_comps_1": -0.09635751120028153,
                        "multipoles.0.multipole_1.multipole_comps.multipole_comps_0": 0.07482367115926787,
                        "multipoles.0.multipole_1.multipole_comps.multipole_comps_1": -0.028623652827968773,
                        "multipoles.0.multipole_3.multipole_comps.multipole_comps_0": -0.0257613153977,
                        "multipoles.0.multipole_3.multipole_comps.multipole_comps_1": 0.03154342906034916,
                        "multipoles.0.multipole_4.multipole_comps.multipole_comps_0": 0.05108119721572,
                        "multipoles.0.multipole_4.multipole_comps.multipole_comps_1": -0.05013977805760573
                    }
                }
            }
        },
        "model": null,
        "values_at_sigma_3": {
            "type": "list",
            "values": [
                {
                    "type": "tuple",
                    "values": [
                        0.05159620017274,
                        0.09387531523986826
                    ]
                },
                {
                    "type": "tuple",
                    "values": [
                        -0.10688267004734,
                        -0.08017334089867413
                    ]
                },
                {
                    "type": "tuple",
                    "values": [
                        -0.07391641053428,
                        0.19414054573596973
                    ]
                },
                {
                    "type": "tuple",
                    "values": [
                        -0.1239178249512719,
                        0.0356440162910923
                    ]
                },
                {
                    "type": "tuple",
                    "values": [
                        -0.09942977588641,
                        0.09570309713136
                    ]
                },
                {
                    "type": "tuple",
                    "values": [
                        -0.04225863741195,
                        0.09986792711031
                    ]
                },
                {
                    "type": "tuple",
                    "values": [
                        -0.05223477192411,
                        0.09955652084509019
                    ]
                },
                {
                    "type": "tuple",
                    "values": [
                        -0.09840725395115592,
                        0.029815688436512337
                    ]
                }
            ]
        }
    }
}