{
    "type": "collection",
    "arguments": {
        "ellipses": {
            "type": "collection",
            "arguments": {
                "0": {
                    "type": "instance",
                    "class_path": "autogalaxy.ellipse.ellipse.ellipse.Ellipse",
                    "arguments": {
                        "major_axis": 0.25,
                        "centre": {
                            "type": "tuple",
                            "values": [
                                -0.00047481408933,
                                0.00047446843356
                            ]
                        },
                        "ell_comps": {
                            "type": "tuple",
                            "values": [
                                0.02658707480572,
                                0.02812445201113
                            ]
                        }
                    }
                },
                "1": {
                    "type": "instance",
                    "class_path": "autogalaxy.ellipse.ellipse.ellipse.Ellipse",
                    "arguments": {
                        "major_axis": 0.5,
                        "centre": {
                            "type": "tuple",
                            "values": [
                                -0.00047481408933,
                                0.00047446843356
                            ]
                        },
                        "ell_comps": {
                            "type": "tuple",
                            "values": [
                                0.04649357571057,
                                0.03951570231165
                            ]
                        }
                    }
                },
                "2": {
                    "type": "instance",
                    "class_path": "autogalaxy.ellipse.ellipse.ellipse.Ellipse",
                    "arguments": {
                        "major_axis": 0.75,
                        "centre": {
                            "type": "tuple",
                            "values": [
                                -0.00047481408933,
                                0.00047446843356
                            ]
                        },
                        "ell_comps": {
                            "type": "tuple",
                            "values": [
                                0.05333861126389,
                                0.05755053020073
                            ]
                        }
                    }
                },
                "3": {
                    "type": "instance",
                    "class_path": "autogalaxy.ellipse.ellipse.ellipse.Ellipse",
                    "arguments": {
                        "major_axis": 1.0,
                        "centre": {
                            "type": "tuple",
                            "values": [
                                -0.00047481408933,
                                0.00047446843356
                            ]
                        },
                        "ell_comps": {
                            "type": "tuple",
                            "values": [
                                0.05229524500658,
                                0.05710565313715
                            ]
                        }
                    }
                },
                "4": {
                    "type": "instance",
                    "class_path": "autogalaxy.ellipse.ellipse.ellipse.Ellipse",
                    "arguments": {
                        "major_axis": 1.25,
                        "centre": {
                            "type": "tuple",
                            "values": [
                                -0.00047481408933,
                                0.00047446843356
                            ]
                        },
                        "ell_comps": {
                            "type": "tuple",
                            "values": [
                                0.05068898368124,
                                0.04436176246007
                            ]
                        }
                    }
                },
                "5": {
                    "type": "instance",
                    "class_path": "autogalaxy.ellipse.ellipse.ellipse.Ellipse",
                    "arguments": {
                        "major_axis": 1.5,
                        "centre": {
                            "type": "tuple",
                            "values": [
                                -0.00047481408933,
                                0.00047446843356
                            ]
                        },
                        "ell_comps": {
                            "type": "tuple",
                            "values": [
                                0.0706750391121,
                                0.0442725017612
                            ]
                        }
                    }
                },
                "6": {
                    "type": "instance",
                    "class_path": "autogalaxy.ellipse.ellipse.ellipse.Ellipse",
                    "arguments": {
                        "major_axis": 1.75,
                        "centre": {
                            "type": "tuple",
                            "values": [
                                -0.00047481408933,
                                0.00047446843356
                            ]
                        },
                        "ell_comps": {
                            "type": "tuple",
                            "values": [
                                0.07777421626887,
                                0.05600321032107
                            ]
                        }
                    }
                },
                "7": {
                    "type": "instance",
                    "class_path": "autogalaxy.ellipse.ellipse.ellipse.Ellipse",
                    "arguments": {
                        "major_axis": 2.0,
                        "centre": {
                            "type": "tuple",
                            "values": [
                                -0.00047481408933,
                                0.00047446843356
                            ]
                        },
                        "ell_comps": {
                            "type": "tuple",
                            "values": [
                                0.08486475318555,
                                0.05133938031571
                            ]
                        }
                    }
                },
                "8": {
                    "type": "instance",
                    "class_path": "autogalaxy.ellipse.ellipse.ellipse.Ellipse",
                    "arguments": {
                        "major_axis": 2.25,
                        "centre": {
                            "type": "tuple",
                            "values": [
                                -0.00047481408933,
                                0.00047446843356
                            ]
                        },
                        "ell_comps": {
                            "type": "tuple",
                            "values": [
                                0.09430413058597,
                                0.05025751220973
                            ]
                        }
                    }
                },
                "9": {
                    "type": "instance",
                    "class_path": "autogalaxy.ellipse.ellipse.ellipse.Ellipse",
                    "arguments": {
                        "major_axis": 2.5,
                        "centre": {
                            "type": "tuple",
                            "values": [
                                -0.00047481408933,
                                0.00047446843356
                            ]
                        },
                        "ell_comps": {
                            "type": "tuple",
                            "values": [
                                0.07560976208855,
                                0.06467142823051
                            ]
                        }
                    }
                },
                "10": {
                    "type": "instance",
                    "class_path": "autogalaxy.ellipse.ellipse.ellipse.Ellipse",
                    "arguments": {
                        "major_axis": 2.75,
                        "centre": {
                            "type": "tuple",
                            "values": [
                                -0.00047481408933,
                                0.00047446843356
                            ]
                        },
                        "ell_comps": {
                            "type": "tuple",
                            "values": [
                                0.08155797210475,
                                0.06869036391212
                            ]
                        }
                    }
                },
                "11": {
                    "type": "instance",
                    "class_path": "autogalaxy.ellipse.ellipse.ellipse.Ellipse",
                    "arguments": {
                        "major_axis": 3.0,
                        "centre": {
                            "type": "tuple",
                            "values": [
                                -0.00047481408933,
                                0.00047446843356
                            ]
                        },
                        "ell_comps": {
                            "type": "tuple",
                            "values": [
                                0.07698645206641,
                                0.06928568438609
                            ]
                        }
                    }
                },
                "12": {
                    "type": "instance",
                    "class_path": "autogalaxy.ellipse.ellipse.ellipse.Ellipse",
                    "arguments": {
                        "major_axis": 3.25,
                        "centre": {
                            "type": "tuple",
                            "values": [
                                -0.00047481408933,
                                0.00047446843356
                            ]
                        },
                        "ell_comps": {
                            "type": "tuple",
                            "values": [
                                0.0998066388857,
                                0.06687246058935
                            ]
                        }
                    }
                },
                "13": {
                    "type": "instance",
                    "class_path": "autogalaxy.ellipse.ellipse.ellipse.Ellipse",
                    "arguments": {
                        "major_axis": 3.5,
                        "centre": {
                            "type": "tuple",
                            "values": [
                                -0.00047481408933,
                                0.00047446843356
                            ]
                        },
                        "ell_comps": {
                            "type": "tuple",
                            "values": [
                                0.12296945669217,
                                0.10052366343603
                            ]
                        }
                    }
                },
                "14": {
                    "type": "instance",
                    "class_path": "autogalaxy.ellipse.ellipse.ellipse.Ellipse",
                    "arguments": {
                        "major_axis": 3.75,
                        "centre": {
                            "type": "tuple",
                            "values": [
                                -0.00047481408933,
                                0.00047446843356
                            ]
                        },
                        "ell_comps": {
                            "type": "tuple",
                            "values": [
                                0.08351265232875,
                                0.06495435696378
                            ]
                        }
                    }
                },
                "15": {
                    "type": "instance",
                    "class_path": "autogalaxy.ellipse.ellipse.ellipse.Ellipse",
                    "arguments": {
                        "major_axis": 4.0,
                        "centre": {
                            "type": "tuple",
                            "values": [
                                -0.00047481408933,
                                0.00047446843356
                            ]
                        },
                        "ell_comps": {
                            "type": "tuple",
                            "values": [
                                0.10792412114712,
                                0.05586272610413
                            ]
                        }
                    }
                },
                "16": {
                    "type": "instance",
                    "class_path": "autogalaxy.ellipse.ellipse.ellipse.Ellipse",
                    "arguments": {
                        "major_axis": 4.25,
                        "centre": {
                            "type": "tuple",
                            "values": [
                                -0.00047481408933,
                                0.00047446843356
                            ]
                        },
                        "ell_comps": {
                            "type": "tuple",
                            "values": [
                                0.12336512934279,
                                0.08925014267733
                            ]
                        }
                    }
                },
                "17": {
                    "type": "instance",
                    "class_path": "autogalaxy.ellipse.ellipse.ellipse.Ellipse",
                    "arguments": {
                        "major_axis": 4.5,
                        "centre": {
                            "type": "tuple",
                            "values": [
                                -0.00047481408933,
                                0.00047446843356
                            ]
                        },
                        "ell_comps": {
                            "type": "tuple",
                            "values": [
                                0.09130814151643,
                                0.05900252035383
                            ]
                        }
                    }
                },
                "18": {
                    "type": "instance",
                    "class_path": "autogalaxy.ellipse.ellipse.ellipse.Ellipse",
                    "arguments": {
                        "major_axis": 4.75,
                        "centre": {
                            "type": "tuple",
                            "values": [
                                -0.00047481408933,
                                0.00047446843356
                            ]
                        },
                        "ell_comps": {
                            "type": "tuple",
                            "values": [
                                0.12172021531958,
                                0.05775967845638
                            ]
                        }
                    }
                }
            }
        },
        "dummy_0": {
            "lower_limit": -0.1,
            "upper_limit": 0.1,
            "type": "Uniform",
            "id": 146
        }
    }
}