{
    "type": "instance",
    "class_path": "autofit.non_linear.samples.summary.SamplesSummary",
    "arguments": {
        "model": null,
        "max_log_likelihood_sample": {
            "type": "instance",
            "class_path": "autofit.non_linear.samples.sample.Sample",
            "arguments": {
                "log_likelihood": -32.738974356763805,
                "log_prior": 0.0,
                "weight": 0.0010279425730738367,
                "kwargs": {
                    "type": "dict",
                    "arguments": {
                        "ellipses.0.ell_comps.ell_comps_0": -0.08060232445654,
                        "ellipses.0.ell_comps.ell_comps_1": 0.01758275906271,
                        "multipoles.0.multipole_1.multipole_comps.multipole_comps_0": -0.00461552140011,
                        "multipoles.0.multipole_1.multipole_comps.multipole_comps_1": -0.02398159957946,
                        "multipoles.0.multipole_3.multipole_comps.multipole_comps_0": 0.05925967889434,
                        "multipoles.0.multipole_3.multipole_comps.multipole_comps_1": 0.04738731804001,
                        "multipoles.0.multipole_4.multipole_comps.multipole_comps_0": 0.03315615255309,
                        "multipoles.0.multipole_4.multipole_comps.multipole_comps_1": 0.09883927139813
                    }
                }
            }
        },
        "log_evidence": -50.238176888389845,
        "values_at_sigma_3": {
            "type": "list",
            "values": [
                {
                    "type": "tuple",
                    "values": [
                        -0.18008579137395161,
                        -0.03271062917332
                    ]
                },
                {
                    "type": "tuple",
                    "values": [
                        -0.11958380187147133,
                        0.05466613816904
                    ]
                },
                {
                    "type": "tuple",
                    "values": [
                        -0.19365831211453796,
                        0.17143256091048367
                    ]
                },
                {
                    "type": "tuple",
                    "values": [
                        -0.19171844955282,
                        0.19472978177345
                    ]
                },
                {
                    "type": "tuple",
                    "values": [
                        -0.09693583853523718,
                        0.0997619825348912
                    ]
                },
                {
                    "type": "tuple",
                    "values": [
                        -0.08938643163183776,
                        0.09800657838710133
                    ]
                },
                {
                    "type": "tuple",
                    "values": [
                        -0.09988894011325,
                        0.0991655800556
                    ]
                },
                {
                    "type": "tuple",
                    "values": [
                        -0.07304893079289512,
                        0.09993208547027
                    ]
                }
            ]
        },
        "errors_at_sigma_1": {
            "type": "list",
            "values": [
                {
                    "type": "tuple",
                    "values": [
                        0.06105848722667524,
                        0.010154441025260003
                    ]
                },
                {
                    "type": "tuple",
                    "values": [
                        0.04215943497683024,
                        0.005942230118108622
                    ]
                },
                {
                    "type": "tuple",
                    "values": [
                        0.039597793008201695,
                        0.022256865884900685
                    ]
                },
                {
                    "type": "tuple",
                    "values": [
                        0.026788098446335472,
                        0.07997576033740843
                    ]
                },
                {
                    "type": "tuple",
                    "values": [
                        0.028022954902329998,
                        0.027417037623375065
                    ]
                },
                {
                    "type": "tuple",
                    "values": [
                        0.04154522028517474,
                        0.01764745254163895
                    ]
                },
                {
                    "type": "tuple",
                    "values": [
                        0.10468079180926496,
                        0.016950064520914652
                    ]
                },
                {
                    "type": "tuple",
                    "values": [
                        0.11161360477588991,
                        0.01897225051829657
                    ]
                }
            ]
        },
        "values_at_sigma_1": {
            "type": "list",
            "values": [
                {
                    "type": "tuple",
                    "values": [
                        -0.14910719452064525,
                        -0.07789426626871
                    ]
                },
                {
                    "type": "tuple",
                    "values": [
                        -0.027340443401504932,
                        0.020761221693433928
                    ]
                },
                {
                    "type": "tuple",
                    "values": [
                        -0.057630739680446484,
                        0.004223919212655895
                    ]
                },
                {
                    "type": "tuple",
                    "values": [
                        -0.0337615752096,
                        0.0730022835741439
                    ]
                },
                {
                    "type": "tuple",
                    "values": [
                        0.0265241113867,
                        0.08196410391240506
                    ]
                },
                {
                    "type": "tuple",
                    "values": [
                        0.013201344180565264,
                        0.07239401700737895
                    ]
                },
                {
                    "type": "tuple",
                    "values": [
                        -0.07921877313845,
                        0.04241208319172961
                    ]
                },
                {
                    "type": "tuple",
                    "values": [
                        -0.03456005906966508,
                        0.0960257962245214
                    ]
                }
            ]
        },
        "errors_at_sigma_3": {
            "type": "list",
            "values": [
                {
                    "type": "tuple",
                    "values": [
                        0.09203708407998161,
                        0.05533807812065
                    ]
                },
                {
                    "type": "tuple",
                    "values": [
                        0.13440279344679665,
                        0.039847146593714695
                    ]
                },
                {
                    "type": "tuple",
                    "values": [
                        0.17562536544229318,
                        0.18946550758272845
                    ]
                },
                {
                    "type": "tuple",
                    "values": [
                        0.18474497278955548,
                        0.2017032585367145
                    ]
                },
                {
                    "type": "tuple",
                    "values": [
                        0.15148290482426718,
                        0.0452149162458612
                    ]
                },
                {
                    "type": "tuple",
                    "values": [
                        0.14413299609757776,
                        0.043260013921361334
                    ]
                },
                {
                    "type": "tuple",
                    "values": [
                        0.12535095878406496,
                        0.07370356138478504
                    ]
                },
                {
                    "type": "tuple",
                    "values": [
                        0.15010247649911995,
                        0.022878539764045164
                    ]
                }
            ]
        },
        "median_pdf_sample": {
            "type": "instance",
            "class_path": "autofit.non_linear.samples.sample.Sample",
            "arguments": {
                "log_likelihood": -32.738974356763805,
                "log_prior": 0.0,
                "weight": 0.0010279425730738367,
                "kwargs": {
                    "type": "dict",
                    "arguments": {
                        "ellipses.0.ell_comps.ell_comps_0": -0.08804870729397,
                        "ellipses.0.ell_comps.ell_comps_1": 0.014818991575325307,
                        "multipoles.0.multipole_1.multipole_comps.multipole_comps_0": -0.01803294667224479,
                        "multipoles.0.multipole_1.multipole_comps.multipole_comps_1": -0.0069734767632645255,
                        "multipoles.0.multipole_3.multipole_comps.multipole_comps_0": 0.05454706628903,
                        "multipoles.0.multipole_3.multipole_comps.multipole_comps_1": 0.05474656446574,
                        "multipoles.0.multipole_4.multipole_comps.multipole_comps_0": 0.025462018670814955,
                        "multipoles.0.multipole_4.multipole_comps.multipole_comps_1": 0.07705354570622483
                    }
                }
            }
        }
    }
}