{
    "type": "instance",
    "class_path": "autofit.non_linear.samples.summary.SamplesSummary",
    "arguments": {
        "errors_at_sigma_1": {
            "type": "list",
            "values": [
                {
                    "type": "tuple",
                    "values": [
                        0.0017592560844200376,
                        0.0020830644721264707
                    ]
                },
                {
                    "type": "tuple",
                    "values": [
                        0.003831884189873385,
                        0.0029270254203066157
                    ]
                },
                {
                    "type": "tuple",
                    "values": [
                        0.003928657347193387,
                        0.008078019668093073
                    ]
                },
                {
                    "type": "tuple",
                    "values": [
                        0.009821645004680898,
                        0.02182454675637569
                    ]
                },
                {
                    "type": "tuple",
                    "values": [
                        0.05413432286373,
                        0.01049844244744
                    ]
                },
                {
                    "type": "tuple",
                    "values": [
                        0.0060186078626696385,
                        0.06461665486083
                    ]
                },
                {
                    "type": "tuple",
                    "values": [
                        0.026032266612333266,
                        0.024616448767238314
                    ]
                },
                {
                    "type": "tuple",
                    "values": [
                        0.023140121364993424,
                        0.016978981974762733
                    ]
                },
                {
                    "type": "tuple",
                    "values": [
                        0.03809008409201913,
                        0.11958038555187825
                    ]
                },
                {
                    "type": "tuple",
                    "values": [
                        0.012411557394500006,
                        0.18788710802303
                    ]
                },
                {
                    "type": "tuple",
                    "values": [
                        0.022733314682694017,
                        0.031731443779276
                    ]
                },
                {
                    "type": "tuple",
                    "values": [
                        0.005858345203623799,
                        0.07394804434302783
                    ]
                }
            ]
        },
        "values_at_sigma_3": {
            "type": "list",
            "values": [
                {
                    "type": "tuple",
                    "values": [
                        -0.0008522399552853037,
                        0.01917200166912
                    ]
                },
                {
                    "type": "tuple",
                    "values": [
                        0.01013674402032241,
                        0.02644109686299849
                    ]
                },
                {
                    "type": "tuple",
                    "values": [
                        -0.09819356173406,
                        -0.04660783516746
                    ]
                },
                {
                    "type": "tuple",
                    "values": [
                        -0.06590914831769011,
                        0.0082282544942
                    ]
                },
                {
                    "type": "tuple",
                    "values": [
                        -0.12206803452823621,
                        0.02175858400708982
                    ]
                },
                {
                    "type": "tuple",
                    "values": [
                        -0.024004524876026757,
                        0.08560185795549
                    ]
                },
                {
                    "type": "tuple",
                    "values": [
                        -0.20745660117569,
                        -0.07456343245127
                    ]
                },
                {
                    "type": "tuple",
                    "values": [
                        -0.1401834668074,
                        -0.023399053435335933
                    ]
                },
                {
                    "type": "tuple",
                    "values": [
                        -0.28095372522497164,
                        0.10703996107211888
                    ]
                },
                {
                    "type": "tuple",
                    "values": [
                        -0.24783833812052,
                        0.12249220509534897
                    ]
                },
                {
                    "type": "tuple",
                    "values": [
                        -0.41747295912266186,
                        -0.0011274543810556616
                    ]
                },
                {
                    "type": "tuple",
                    "values": [
                        -0.33818987633149,
                        0.2351329997089122
                    ]
                }
            ]
        },
        "log_evidence": -166.64337487138465,
        "values_at_sigma_1": {
            "type": "list",
            "values": [
                {
                    "type": "tuple",
                    "values": [
                        0.013289145501443491,
                        0.01713146605799
                    ]
                },
                {
                    "type": "tuple",
                    "values": [
                        0.01663551338703,
                        0.02339442299721
                    ]
                },
                {
                    "type": "tuple",
                    "values": [
                        -0.06760381844134,
                        -0.05559714142605354
                    ]
                },
                {
                    "type": "tuple",
                    "values": [
                        -0.04109782665960659,
                        -0.00945163489855
                    ]
                },
                {
                    "type": "tuple",
                    "values": [
                        -0.05957508159942,
                        0.00505768371175
                    ]
                },
                {
                    "type": "tuple",
                    "values": [
                        -0.0011767338675996383,
                        0.0694585288559
                    ]
                },
                {
                    "type": "tuple",
                    "values": [
                        -0.1981241655042016,
                        -0.14747545012463
                    ]
                },
                {
                    "type": "tuple",
                    "values": [
                        -0.12086959176080343,
                        -0.08075048842104728
                    ]
                },
                {
                    "type": "tuple",
                    "values": [
                        -0.06829979998391358,
                        0.0893706696599838
                    ]
                },
                {
                    "type": "tuple",
                    "values": [
                        -0.093828483224,
                        0.10647018219353
                    ]
                },
                {
                    "type": "tuple",
                    "values": [
                        -0.31554129849811,
                        -0.26107654003614
                    ]
                },
                {
                    "type": "tuple",
                    "values": [
                        -0.1449784795169538,
                        -0.06517208997030217
                    ]
                }
            ]
        },
        "errors_at_sigma_3": {
            "type": "list",
            "values": [
                {
                    "type": "tuple",
                    "values": [
                        0.015900641541148834,
                        0.004123600083256471
                    ]
                },
                {
                    "type": "tuple",
                    "values": [
                        0.010330653556580974,
                        0.005973699286095105
                    ]
                },
                {
                    "type": "tuple",
                    "values": [
                        0.03451840063991339,
                        0.017067325926686618
                    ]
                },
                {
                    "type": "tuple",
                    "values": [
                        0.03463296666276442,
                        0.03950443614912569
                    ]
                },
                {
                    "type": "tuple",
                    "values": [
                        0.11662727579254621,
                        0.027199342742779818
                    ]
                },
                {
                    "type": "tuple",
                    "values": [
                        0.02884639887109676,
                        0.08075998396042
                    ]
                },
                {
                    "type": "tuple",
                    "values": [
                        0.035364702283821686,
                        0.09752846644059832
                    ]
                },
                {
                    "type": "tuple",
                    "values": [
                        0.04245399641158998,
                        0.07433041696047407
                    ]
                },
                {
                    "type": "tuple",
                    "values": [
                        0.25074400933307717,
                        0.13724967696401333
                    ]
                },
                {
                    "type": "tuple",
                    "values": [
                        0.16642141229102,
                        0.20390913092484897
                    ]
                },
                {
                    "type": "tuple",
                    "values": [
                        0.12466497530724585,
                        0.29168052943436035
                    ]
                },
                {
                    "type": "tuple",
                    "values": [
                        0.19906974201816,
                        0.3742531340222422
                    ]
                }
            ]
        },
        "model": null,
        "median_pdf_sample": {
            "type": "instance",
            "class_path": "autofit.non_linear.samples.sample.Sample",
            "arguments": {
                "log_likelihood": -130.9688883671958,
                "log_prior": 0.0,
                "weight": 0.0010025446778710034,
                "kwargs": {
                    "type": "dict",
                    "arguments": {
                        "ellipses.ellipse_4.centre.centre_0": 0.015048401585863529,
                        "ellipses.ellipse_4.centre.centre_1": 0.020467397576903384,
                        "ellipses.ellipse_0.ell_comps.ell_comps_0": -0.06367516109414662,
                        "ellipses.ellipse_0.ell_comps.ell_comps_1": -0.03127618165492569,
                        "ellipses.ellipse_1.ell_comps.ell_comps_0": -0.00544075873569,
                        "ellipses.ellipse_1.ell_comps.ell_comps_1": 0.00484187399507,
                        "ellipses.ellipse_2.ell_comps.ell_comps_0": -0.17209189889186832,
                        "ellipses.ellipse_2.ell_comps.ell_comps_1": -0.09772947039581001,
                        "ellipses.ellipse_3.ell_comps.ell_comps_0": -0.030209715891894452,
                        "ellipses.ellipse_3.ell_comps.ell_comps_1": -0.0814169258295,
                        "ellipses.ellipse_4.ell_comps.ell_comps_0": -0.292807983815416,
                        "ellipses.ellipse_4.ell_comps.ell_comps_1": -0.13912013431333
                    }
                }
            }
        },
        "max_log_likelihood_sample": {
            "type": "instance",
            "class_path": "autofit.non_linear.samples.sample.Sample",
            "arguments": {
                "log_likelihood": -130.9688883671958,
                "log_prior": 0.0,
                "weight": 0.0010025446778710034,
                "kwargs": {
                    "type": "dict",
                    "arguments": {
                        "ellipses.ellipse_4.centre.centre_0": 0.01428815424886,
                        "ellipses.ellipse_4.centre.centre_1": 0.01747238215591,
                        "ellipses.ellipse_0.ell_comps.ell_comps_0": -0.05544983726462,
                        "ellipses.ellipse_0.ell_comps.ell_comps_1": -0.04168516246826,
                        "ellipses.ellipse_1.ell_comps.ell_comps_0": -0.00386291406422,
                        "ellipses.ellipse_1.ell_comps.ell_comps_1": -0.00031175410966,
                        "ellipses.ellipse_2.ell_comps.ell_comps_0": -0.17262282075727,
                        "ellipses.ellipse_2.ell_comps.ell_comps_1": -0.11158605283062,
                        "ellipses.ellipse_3.ell_comps.ell_comps_0": -0.0314942280203,
                        "ellipses.ellipse_3.ell_comps.ell_comps_1": 0.11081805199799,
                        "ellipses.ellipse_4.ell_comps.ell_comps_0": -0.29367594235962,
                        "ellipses.ellipse_4.ell_comps.ell_comps_1": -0.14293863466944
                    }
                }
            }
        }
    }
}