{
    "type": "instance",
    "class_path": "autofit.non_linear.samples.summary.SamplesSummary",
    "arguments": {
        "values_at_sigma_1": {
            "type": "list",
            "values": [
                {
                    "type": "tuple",
                    "values": [
                        0.01368548969148,
                        0.015620252513013235
                    ]
                },
                {
                    "type": "tuple",
                    "values": [
                        0.011481423157451591,
                        0.014479163802637328
                    ]
                },
                {
                    "type": "tuple",
                    "values": [
                        -0.03658405301773116,
                        -0.024273668875052046
                    ]
                },
                {
                    "type": "tuple",
                    "values": [
                        -0.04524783689932983,
                        -0.0376522816591647
                    ]
                },
                {
                    "type": "tuple",
                    "values": [
                        -0.004395700990356385,
                        -0.00274365743984273
                    ]
                },
                {
                    "type": "tuple",
                    "values": [
                        -0.00930377704177827,
                        -0.004411458578554695
                    ]
                },
                {
                    "type": "tuple",
                    "values": [
                        -0.00943149281249,
                        -0.00696816025708
                    ]
                },
                {
                    "type": "tuple",
                    "values": [
                        0.00182138379121,
                        0.00670265009439964
                    ]
                },
                {
                    "type": "tuple",
                    "values": [
                        -0.00862938871726,
                        -0.0038055573165486777
                    ]
                },
                {
                    "type": "tuple",
                    "values": [
                        -0.012037576963861672,
                        -0.0091903126741
                    ]
                },
                {
                    "type": "tuple",
                    "values": [
                        -0.00234561695608,
                        0.006353539276193128
                    ]
                },
                {
                    "type": "tuple",
                    "values": [
                        -0.02779442783236,
                        -0.01881689009328
                    ]
                },
                {
                    "type": "tuple",
                    "values": [
                        -0.04116802776108,
                        -0.029254472001213967
                    ]
                },
                {
                    "type": "tuple",
                    "values": [
                        -0.02475973056534,
                        -0.013322269263136859
                    ]
                },
                {
                    "type": "tuple",
                    "values": [
                        0.01698957997348347,
                        0.02493618844853
                    ]
                },
                {
                    "type": "tuple",
                    "values": [
                        0.0078033553300654295,
                        0.015174683004548382
                    ]
                },
                {
                    "type": "tuple",
                    "values": [
                        -0.022548878759915642,
                        -0.0091799461994559
                    ]
                },
                {
                    "type": "tuple",
                    "values": [
                        0.023518982038613627,
                        0.02791724318799
                    ]
                },
                {
                    "type": "tuple",
                    "values": [
                        -0.11528150409633,
                        -0.10330156424590999
                    ]
                },
                {
                    "type": "tuple",
                    "values": [
                        -0.06087910056486,
                        -0.04753764465133903
                    ]
                },
                {
                    "type": "tuple",
                    "values": [
                        -0.048627343248046594,
                        -0.03137063909178
                    ]
                },
                {
                    "type": "tuple",
                    "values": [
                        0.03847305363749089,
                        0.05373342767619196
                    ]
                },
                {
                    "type": "tuple",
                    "values": [
                        -0.02124455648151,
                        -0.01042325585576
                    ]
                },
                {
                    "type": "tuple",
                    "values": [
                        -0.02378078978213,
                        -0.01611521273864682
                    ]
                },
                {
                    "type": "tuple",
                    "values": [
                        0.014430976109209088,
                        0.026685137225797132
                    ]
                },
                {
                    "type": "tuple",
                    "values": [
                        0.0171379794116271,
                        0.02473473061965
                    ]
                },
                {
                    "type": "tuple",
                    "values": [
                        -0.05449422194998,
                        -0.033974710234334335
                    ]
                },
                {
                    "type": "tuple",
                    "values": [
                        -0.04467362027635,
                        -0.01921033106579
                    ]
                },
                {
                    "type": "tuple",
                    "values": [
                        -0.0277219496129652,
                        -0.013328692963326394
                    ]
                },
                {
                    "type": "tuple",
                    "values": [
                        0.02591835585116311,
                        0.04496557384381
                    ]
                },
                {
                    "type": "tuple",
                    "values": [
                        -0.01072983274213812,
                        0.00011817414734377783
                    ]
                },
                {
                    "type": "tuple",
                    "values": [
                        -0.06325685844701,
                        -0.05254134689677732
                    ]
                },
                {
                    "type": "tuple",
                    "values": [
                        -0.033203276808946136,
                        -0.02120725381334319
                    ]
                },
                {
                    "type": "tuple",
                    "values": [
                        -0.0066289194332681675,
                        -0.0034483978762004605
                    ]
                },
                {
                    "type": "tuple",
                    "values": [
                        0.22064549070936318,
                        0.3163528619422988
                    ]
                },
                {
                    "type": "tuple",
                    "values": [
                        -0.08780878829796,
                        -0.06511376480484404
                    ]
                },
                {
                    "type": "tuple",
                    "values": [
                        0.025258964675617578,
                        0.04524376283696
                    ]
                },
                {
                    "type": "tuple",
                    "values": [
                        0.017142275170574612,
                        0.032077359001809316
                    ]
                },
                {
                    "type": "tuple",
                    "values": [
                        0.006995926370002539,
                        0.01302148969134
                    ]
                },
                {
                    "type": "tuple",
                    "values": [
                        0.02676283883623773,
                        0.03699006118747
                    ]
                },
                {
                    "type": "tuple",
                    "values": [
                        0.011582291809380706,
                        0.020160635654968367
                    ]
                },
                {
                    "type": "tuple",
                    "values": [
                        0.0001583605872,
                        0.004962408639979718
                    ]
                }
            ]
        },
        "errors_at_sigma_1": {
            "type": "list",
            "values": [
                {
                    "type": "tuple",
                    "values": [
                        0.0013013509642156133,
                        0.0006334118573176218
                    ]
                },
                {
                    "type": "tuple",
                    "values": [
                        0.0011342689749640894,
                        0.0018634716702216475
                    ]
                },
                {
                    "type": "tuple",
                    "values": [
                        0.010352811200874733,
                        0.001957572941804382
                    ]
                },
                {
                    "type": "tuple",
                    "values": [
                        0.0033811387626353287,
                        0.004214416477529806
                    ]
                },
                {
                    "type": "tuple",
                    "values": [
                        0.0005789930999829094,
                        0.0010730504505307458
                    ]
                },
                {
                    "type": "tuple",
                    "values": [
                        0.001722552682637068,
                        0.0031697657805865066
                    ]
                },
                {
                    "type": "tuple",
                    "values": [
                        0.0016201722949235843,
                        0.0008431602604864162
                    ]
                },
                {
                    "type": "tuple",
                    "values": [
                        0.00340281287689,
                        0.00147845342629964
                    ]
                },
                {
                    "type": "tuple",
                    "values": [
                        0.0024615836795734026,
                        0.0023622477211379194
                    ]
                },
                {
                    "type": "tuple",
                    "values": [
                        0.000786942522618652,
                        0.0020603217671430196
                    ]
                },
                {
                    "type": "tuple",
                    "values": [
                        0.005292229652077778,
                        0.0034069265801953503
                    ]
                },
                {
                    "type": "tuple",
                    "values": [
                        0.004812285816527002,
                        0.0041652519225529976
                    ]
                },
                {
                    "type": "tuple",
                    "values": [
                        0.006885192860190001,
                        0.005028362899676033
                    ]
                },
                {
                    "type": "tuple",
                    "values": [
                        0.005924240650370002,
                        0.0055132206518331405
                    ]
                },
                {
                    "type": "tuple",
                    "values": [
                        0.0016551496803565297,
                        0.006291458794690001
                    ]
                },
                {
                    "type": "tuple",
                    "values": [
                        0.001951303671894571,
                        0.005420024002588382
                    ]
                },
                {
                    "type": "tuple",
                    "values": [
                        0.007452182898715642,
                        0.005916749661744101
                    ]
                },
                {
                    "type": "tuple",
                    "values": [
                        0.0014865635682637657,
                        0.0029116975811126072
                    ]
                },
                {
                    "type": "tuple",
                    "values": [
                        0.007742831283598137,
                        0.004237108566821884
                    ]
                },
                {
                    "type": "tuple",
                    "values": [
                        0.005249381445709994,
                        0.008092074467810975
                    ]
                },
                {
                    "type": "tuple",
                    "values": [
                        0.006010138307712153,
                        0.011246565848554442
                    ]
                },
                {
                    "type": "tuple",
                    "values": [
                        0.012010601848044589,
                        0.0032497721906564817
                    ]
                },
                {
                    "type": "tuple",
                    "values": [
                        0.008199638141117852,
                        0.002621662484632147
                    ]
                },
                {
                    "type": "tuple",
                    "values": [
                        0.003072770307260001,
                        0.0045928067362231775
                    ]
                },
                {
                    "type": "tuple",
                    "values": [
                        0.007910620604932587,
                        0.0043435405116554575
                    ]
                },
                {
                    "type": "tuple",
                    "values": [
                        0.0021217914643128985,
                        0.005474959743710001
                    ]
                },
                {
                    "type": "tuple",
                    "values": [
                        0.015754246008270287,
                        0.004765265707375378
                    ]
                },
                {
                    "type": "tuple",
                    "values": [
                        0.0028876950302995363,
                        0.022575594180260467
                    ]
                },
                {
                    "type": "tuple",
                    "values": [
                        0.003640729930204367,
                        0.010752526719434437
                    ]
                },
                {
                    "type": "tuple",
                    "values": [
                        0.0022487582327659766,
                        0.016798459759880917
                    ]
                },
                {
                    "type": "tuple",
                    "values": [
                        0.004313919689605882,
                        0.006534087199876016
                    ]
                },
                {
                    "type": "tuple",
                    "values": [
                        0.006996553041981997,
                        0.003718958508250679
                    ]
                },
                {
                    "type": "tuple",
                    "values": [
                        0.010227547880400728,
                        0.0017684751152022178
                    ]
                },
                {
                    "type": "tuple",
                    "values": [
                        0.0013487287980551953,
                        0.0018317927590125118
                    ]
                },
                {
                    "type": "tuple",
                    "values": [
                        0.0023427718795940022,
                        0.0933645993533416
                    ]
                },
                {
                    "type": "tuple",
                    "values": [
                        0.0027934097247190176,
                        0.019901613768396942
                    ]
                },
                {
                    "type": "tuple",
                    "values": [
                        0.014421877795752422,
                        0.005562920365590002
                    ]
                },
                {
                    "type": "tuple",
                    "values": [
                        0.0032750811517851634,
                        0.011660002679449541
                    ]
                },
                {
                    "type": "tuple",
                    "values": [
                        0.0020314474790374603,
                        0.0039941158423
                    ]
                },
                {
                    "type": "tuple",
                    "values": [
                        0.004506777116792524,
                        0.00572044523443975
                    ]
                },
                {
                    "type": "tuple",
                    "values": [
                        0.001984750505169294,
                        0.006593593340418367
                    ]
                },
                {
                    "type": "tuple",
                    "values": [
                        0.003141063422534998,
                        0.0016629846302447203
                    ]
                }
            ]
        },
        "median_pdf_sample": {
            "type": "instance",
            "class_path": "autofit.non_linear.samples.sample.Sample",
            "arguments": {
                "log_likelihood": -132.469773480981,
                "log_prior": 0.0,
                "weight": 0.001070799341519367,
                "kwargs": {
                    "type": "dict",
                    "arguments": {
                        "ellipses.ellipse_4.centre.centre_0": 0.014986840655695614,
                        "ellipses.ellipse_4.centre.centre_1": 0.01261569213241568,
                        "ellipses.ellipse_0.ell_comps.ell_comps_0": -0.02623124181685643,
                        "ellipses.ellipse_0.ell_comps.ell_comps_1": -0.041866698136694504,
                        "multipoles.0.multipole_1.multipole_comps.multipole_comps_0": -0.003816707890373476,
                        "multipoles.0.multipole_1.multipole_comps.multipole_comps_1": -0.007581224359141201,
                        "multipoles.0.multipole_3.multipole_comps.multipole_comps_0": -0.007811320517566416,
                        "multipoles.0.multipole_3.multipole_comps.multipole_comps_1": 0.0052241966681,
                        "multipoles.0.multipole_4.multipole_comps.multipole_comps_0": -0.006167805037686597,
                        "multipoles.0.multipole_4.multipole_comps.multipole_comps_1": -0.01125063444124302,
                        "ellipses.ellipse_1.ell_comps.ell_comps_0": 0.002946612695997778,
                        "ellipses.ellipse_1.ell_comps.ell_comps_1": -0.022982142015833,
                        "multipoles.1.multipole_1.multipole_comps.multipole_comps_0": -0.03428283490089,
                        "multipoles.1.multipole_1.multipole_comps.multipole_comps_1": -0.01883548991497,
                        "multipoles.1.multipole_3.multipole_comps.multipole_comps_0": 0.01864472965384,
                        "multipoles.1.multipole_3.multipole_comps.multipole_comps_1": 0.00975465900196,
                        "multipoles.1.multipole_4.multipole_comps.multipole_comps_0": -0.0150966958612,
                        "multipoles.1.multipole_4.multipole_comps.multipole_comps_1": 0.025005545606877393,
                        "ellipses.ellipse_2.ell_comps.ell_comps_0": -0.10753867281273187,
                        "ellipses.ellipse_2.ell_comps.ell_comps_1": -0.05562971911915,
                        "multipoles.2.multipole_1.multipole_comps.multipole_comps_0": -0.04261720494033444,
                        "multipoles.2.multipole_1.multipole_comps.multipole_comps_1": 0.050483655485535475,
                        "multipoles.2.multipole_3.multipole_comps.multipole_comps_0": -0.013044918340392148,
                        "multipoles.2.multipole_3.multipole_comps.multipole_comps_1": -0.02070801947487,
                        "multipoles.2.multipole_4.multipole_comps.multipole_comps_0": 0.022341596714141675,
                        "multipoles.2.multipole_4.multipole_comps.multipole_comps_1": 0.01925977087594,
                        "ellipses.ellipse_3.ell_comps.ell_comps_0": -0.03873997594170971,
                        "ellipses.ellipse_3.ell_comps.ell_comps_1": -0.041785925246050466,
                        "multipoles.3.multipole_1.multipole_comps.multipole_comps_0": -0.02408121968276083,
                        "multipoles.3.multipole_1.multipole_comps.multipole_comps_1": 0.028167114083929086,
                        "multipoles.3.multipole_3.multipole_comps.multipole_comps_0": -0.006415913052532238,
                        "multipoles.3.multipole_3.multipole_comps.multipole_comps_1": -0.056260305405028,
                        "multipoles.3.multipole_4.multipole_comps.multipole_comps_0": -0.022975728928545408,
                        "multipoles.3.multipole_4.multipole_comps.multipole_comps_1": -0.005280190635212972,
                        "ellipses.ellipse_4.ell_comps.ell_comps_0": 0.22298826258895718,
                        "ellipses.ellipse_4.ell_comps.ell_comps_1": -0.08501537857324099,
                        "multipoles.4.multipole_1.multipole_comps.multipole_comps_0": 0.03968084247137,
                        "multipoles.4.multipole_1.multipole_comps.multipole_comps_1": 0.020417356322359775,
                        "multipoles.4.multipole_3.multipole_comps.multipole_comps_0": 0.00902737384904,
                        "multipoles.4.multipole_3.multipole_comps.multipole_comps_1": 0.03126961595303025,
                        "multipoles.4.multipole_4.multipole_comps.multipole_comps_0": 0.01356704231455,
                        "multipoles.4.multipole_4.multipole_comps.multipole_comps_1": 0.003299424009734998
                    }
                }
            }
        },
        "model": null,
        "errors_at_sigma_3": {
            "type": "list",
            "values": [
                {
                    "type": "tuple",
                    "values": [
                        0.007615077049525613,
                        0.010299176511033518
                    ]
                },
                {
                    "type": "tuple",
                    "values": [
                        0.00755813511193568,
                        0.012442249353322162
                    ]
                },
                {
                    "type": "tuple",
                    "values": [
                        0.030097312363384834,
                        0.0070237774869564285
                    ]
                },
                {
                    "type": "tuple",
                    "values": [
                        0.018623558851555498,
                        0.020764894515224504
                    ]
                },
                {
                    "type": "tuple",
                    "values": [
                        0.006111360783796524,
                        0.012743965747823476
                    ]
                },
                {
                    "type": "tuple",
                    "values": [
                        0.0125402386192788,
                        0.010671799010848833
                    ]
                },
                {
                    "type": "tuple",
                    "values": [
                        0.013521481819981106,
                        0.007465134745796416
                    ]
                },
                {
                    "type": "tuple",
                    "values": [
                        0.023276470199022035,
                        0.01732924711095
                    ]
                },
                {
                    "type": "tuple",
                    "values": [
                        0.006768404047110387,
                        0.02205886116778382
                    ]
                },
                {
                    "type": "tuple",
                    "values": [
                        0.002916318409506678,
                        0.01588995608293302
                    ]
                },
                {
                    "type": "tuple",
                    "values": [
                        0.06387465808274884,
                        0.014536105886292533
                    ]
                },
                {
                    "type": "tuple",
                    "values": [
                        0.02101611549132687,
                        0.05704904966226041
                    ]
                },
                {
                    "type": "tuple",
                    "values": [
                        0.044224670141082306,
                        0.023410494614289998
                    ]
                },
                {
                    "type": "tuple",
                    "values": [
                        0.026482283930113343,
                        0.07383705221375751
                    ]
                },
                {
                    "type": "tuple",
                    "values": [
                        0.0062893306384758756,
                        0.02145968703529
                    ]
                },
                {
                    "type": "tuple",
                    "values": [
                        0.017940565115280527,
                        0.01634869460565
                    ]
                },
                {
                    "type": "tuple",
                    "values": [
                        0.0329045987420944,
                        0.013903936755930001
                    ]
                },
                {
                    "type": "tuple",
                    "values": [
                        0.01928802536091461,
                        0.02277958680072554
                    ]
                },
                {
                    "type": "tuple",
                    "values": [
                        0.06607457616439895,
                        0.03944372308526187
                    ]
                },
                {
                    "type": "tuple",
                    "values": [
                        0.05082035403989835,
                        0.05046926901999001
                    ]
                },
                {
                    "type": "tuple",
                    "values": [
                        0.03279811427889556,
                        0.09091395317310186
                    ]
                },
                {
                    "type": "tuple",
                    "values": [
                        0.03508938414164093,
                        0.03445839252807727
                    ]
                },
                {
                    "type": "tuple",
                    "values": [
                        0.0330853109937343,
                        0.03210749693209215
                    ]
                },
                {
                    "type": "tuple",
                    "values": [
                        0.034237086260531256,
                        0.015716390921235356
                    ]
                },
                {
                    "type": "tuple",
                    "values": [
                        0.045002258823951674,
                        0.029406816887668323
                    ]
                },
                {
                    "type": "tuple",
                    "values": [
                        0.061155980150706835,
                        0.030207845325205308
                    ]
                },
                {
                    "type": "tuple",
                    "values": [
                        0.05163345670943353,
                        0.009307594322509712
                    ]
                },
                {
                    "type": "tuple",
                    "values": [
                        0.09715004059276955,
                        0.11110226655852046
                    ]
                },
                {
                    "type": "tuple",
                    "values": [
                        0.045677764756144004,
                        0.045734751677625786
                    ]
                },
                {
                    "type": "tuple",
                    "values": [
                        0.04474323204073909,
                        0.04759570701079092
                    ]
                },
                {
                    "type": "tuple",
                    "values": [
                        0.025467601144732156,
                        0.05154163789224511
                    ]
                },
                {
                    "type": "tuple",
                    "values": [
                        0.020667450184551996,
                        0.041041338440928
                    ]
                },
                {
                    "type": "tuple",
                    "values": [
                        0.02772658280692459,
                        0.04956215846576541
                    ]
                },
                {
                    "type": "tuple",
                    "values": [
                        0.0060428406477070285,
                        0.028066925832712974
                    ]
                },
                {
                    "type": "tuple",
                    "values": [
                        0.06621356214757718,
                        0.1451680192184828
                    ]
                },
                {
                    "type": "tuple",
                    "values": [
                        0.03509173564751901,
                        0.175242513216611
                    ]
                },
                {
                    "type": "tuple",
                    "values": [
                        0.14110297202578,
                        0.028756932080965976
                    ]
                },
                {
                    "type": "tuple",
                    "values": [
                        0.021655934923929775,
                        0.06820099853756405
                    ]
                },
                {
                    "type": "tuple",
                    "values": [
                        0.03665918831093773,
                        0.02472711765305
                    ]
                },
                {
                    "type": "tuple",
                    "values": [
                        0.038076721578570255,
                        0.021959321127409746
                    ]
                },
                {
                    "type": "tuple",
                    "values": [
                        0.01931848513389966,
                        0.0288968173745
                    ]
                },
                {
                    "type": "tuple",
                    "values": [
                        0.02327404812657189,
                        0.010700116258775002
                    ]
                }
            ]
        },
        "max_log_likelihood_sample": {
            "type": "instance",
            "class_path": "autofit.non_linear.samples.sample.Sample",
            "arguments": {
                "log_likelihood": -132.469773480981,
                "log_prior": 0.0,
                "weight": 0.001070799341519367,
                "kwargs": {
                    "type": "dict",
                    "arguments": {
                        "ellipses.ellipse_4.centre.centre_0": 0.01487874344801,
                        "ellipses.ellipse_4.centre.centre_1": 0.0129303465902,
                        "ellipses.ellipse_0.ell_comps.ell_comps_0": -0.02584782247224,
                        "ellipses.ellipse_0.ell_comps.ell_comps_1": -0.04219036177402,
                        "multipoles.0.multipole_1.multipole_comps.multipole_comps_0": -0.00377985238955,
                        "multipoles.0.multipole_1.multipole_comps.multipole_comps_1": -0.00755676373839,
                        "multipoles.0.multipole_3.multipole_comps.multipole_comps_0": -0.00780866139201,
                        "multipoles.0.multipole_3.multipole_comps.multipole_comps_1": 0.00492870279069,
                        "multipoles.0.multipole_4.multipole_comps.multipole_comps_0": -0.00570084703785,
                        "multipoles.0.multipole_4.multipole_comps.multipole_comps_1": -0.01137695319398,
                        "ellipses.ellipse_1.ell_comps.ell_comps_0": 0.00193357344477,
                        "ellipses.ellipse_1.ell_comps.ell_comps_1": -0.02149188917423,
                        "multipoles.1.multipole_1.multipole_comps.multipole_comps_0": -0.03573697331191,
                        "multipoles.1.multipole_1.multipole_comps.multipole_comps_1": -0.01775147757863,
                        "multipoles.1.multipole_3.multipole_comps.multipole_comps_0": 0.01799837744552,
                        "multipoles.1.multipole_3.multipole_comps.multipole_comps_1": 0.00877715856172,
                        "multipoles.1.multipole_4.multipole_comps.multipole_comps_0": -0.01514482063811,
                        "multipoles.1.multipole_4.multipole_comps.multipole_comps_1": 0.0249772317486,
                        "ellipses.ellipse_2.ell_comps.ell_comps_0": -0.10822758924303,
                        "ellipses.ellipse_2.ell_comps.ell_comps_1": -0.05861779789634,
                        "multipoles.2.multipole_1.multipole_comps.multipole_comps_0": -0.04242373830804,
                        "multipoles.2.multipole_1.multipole_comps.multipole_comps_1": 0.05150186021988,
                        "multipoles.2.multipole_3.multipole_comps.multipole_comps_0": -0.01225125270827,
                        "multipoles.2.multipole_3.multipole_comps.multipole_comps_1": -0.02099844453278,
                        "multipoles.2.multipole_4.multipole_comps.multipole_comps_0": 0.02173783641224,
                        "multipoles.2.multipole_4.multipole_comps.multipole_comps_1": 0.01850242387374,
                        "ellipses.ellipse_3.ell_comps.ell_comps_0": -0.033691173111,
                        "ellipses.ellipse_3.ell_comps.ell_comps_1": -0.04309692915043,
                        "multipoles.3.multipole_1.multipole_comps.multipole_comps_0": -0.0238960301807,
                        "multipoles.3.multipole_1.multipole_comps.multipole_comps_1": 0.02798937297221,
                        "multipoles.3.multipole_3.multipole_comps.multipole_comps_0": -0.00601847296222,
                        "multipoles.3.multipole_3.multipole_comps.multipole_comps_1": -0.05573656057237,
                        "multipoles.3.multipole_4.multipole_comps.multipole_comps_0": -0.02231581991266,
                        "multipoles.3.multipole_4.multipole_comps.multipole_comps_1": -0.00514606283821,
                        "ellipses.ellipse_4.ell_comps.ell_comps_0": 0.22186324354514,
                        "ellipses.ellipse_4.ell_comps.ell_comps_1": -0.08491273919221,
                        "multipoles.4.multipole_1.multipole_comps.multipole_comps_0": 0.03934717679695,
                        "multipoles.4.multipole_1.multipole_comps.multipole_comps_1": 0.02022470582007,
                        "multipoles.4.multipole_3.multipole_comps.multipole_comps_0": 0.00880847595546,
                        "multipoles.4.multipole_3.multipole_comps.multipole_comps_1": 0.03084974853692,
                        "multipoles.4.multipole_4.multipole_comps.multipole_comps_0": 0.01231573701382,
                        "multipoles.4.multipole_4.multipole_comps.multipole_comps_1": 0.00286229823282
                    }
                }
            }
        },
        "values_at_sigma_3": {
            "type": "list",
            "values": [
                {
                    "type": "tuple",
                    "values": [
                        0.00737176360617,
                        0.02528601716672913
                    ]
                },
                {
                    "type": "tuple",
                    "values": [
                        0.00505755702048,
                        0.025057941485737843
                    ]
                },
                {
                    "type": "tuple",
                    "values": [
                        -0.05632855418024126,
                        -0.0192074643299
                    ]
                },
                {
                    "type": "tuple",
                    "values": [
                        -0.06049025698825,
                        -0.02110180362147
                    ]
                },
                {
                    "type": "tuple",
                    "values": [
                        -0.00992806867417,
                        0.00892725785745
                    ]
                },
                {
                    "type": "tuple",
                    "values": [
                        -0.02012146297842,
                        0.0030905746517076323
                    ]
                },
                {
                    "type": "tuple",
                    "values": [
                        -0.021332802337547523,
                        -0.00034618577177
                    ]
                },
                {
                    "type": "tuple",
                    "values": [
                        -0.018052273530922036,
                        0.02255344377905
                    ]
                },
                {
                    "type": "tuple",
                    "values": [
                        -0.012936209084796984,
                        0.015891056130097225
                    ]
                },
                {
                    "type": "tuple",
                    "values": [
                        -0.014166952850749698,
                        0.00463932164169
                    ]
                },
                {
                    "type": "tuple",
                    "values": [
                        -0.060928045386751055,
                        0.01748271858229031
                    ]
                },
                {
                    "type": "tuple",
                    "values": [
                        -0.04399825750715987,
                        0.03406690764642741
                    ]
                },
                {
                    "type": "tuple",
                    "values": [
                        -0.0785075050419723,
                        -0.0108723402866
                    ]
                },
                {
                    "type": "tuple",
                    "values": [
                        -0.04531777384508334,
                        0.05500156229878751
                    ]
                },
                {
                    "type": "tuple",
                    "values": [
                        0.012355399015364123,
                        0.04010441668913
                    ]
                },
                {
                    "type": "tuple",
                    "values": [
                        -0.008185906113320528,
                        0.02610335360761
                    ]
                },
                {
                    "type": "tuple",
                    "values": [
                        -0.0480012946032944,
                        -0.00119275910527
                    ]
                },
                {
                    "type": "tuple",
                    "values": [
                        0.0057175202459627825,
                        0.04778513240760293
                    ]
                },
                {
                    "type": "tuple",
                    "values": [
                        -0.17361324897713082,
                        -0.06809494972747
                    ]
                },
                {
                    "type": "tuple",
                    "values": [
                        -0.10645007315904835,
                        -0.00516045009916
                    ]
                },
                {
                    "type": "tuple",
                    "values": [
                        -0.07541531921923,
                        0.04829674823276742
                    ]
                },
                {
                    "type": "tuple",
                    "values": [
                        0.015394271343894544,
                        0.08494204801361274
                    ]
                },
                {
                    "type": "tuple",
                    "values": [
                        -0.04613022933412645,
                        0.0190625785917
                    ]
                },
                {
                    "type": "tuple",
                    "values": [
                        -0.054945105735401255,
                        -0.004991628553634642
                    ]
                },
                {
                    "type": "tuple",
                    "values": [
                        -0.02266066210981,
                        0.05174841360181
                    ]
                },
                {
                    "type": "tuple",
                    "values": [
                        -0.04189620927476683,
                        0.04946761620114531
                    ]
                },
                {
                    "type": "tuple",
                    "values": [
                        -0.09037343265114324,
                        -0.0294323816192
                    ]
                },
                {
                    "type": "tuple",
                    "values": [
                        -0.13893596583882,
                        0.06931634131247
                    ]
                },
                {
                    "type": "tuple",
                    "values": [
                        -0.06975898443890484,
                        0.021653531994864954
                    ]
                },
                {
                    "type": "tuple",
                    "values": [
                        -0.01657611795681,
                        0.07576282109472
                    ]
                },
                {
                    "type": "tuple",
                    "values": [
                        -0.031883514197264394,
                        0.045125724839712875
                    ]
                },
                {
                    "type": "tuple",
                    "values": [
                        -0.07692775558958,
                        -0.0152189669641
                    ]
                },
                {
                    "type": "tuple",
                    "values": [
                        -0.05070231173547,
                        0.02658642953722
                    ]
                },
                {
                    "type": "tuple",
                    "values": [
                        -0.01132303128292,
                        0.0227867351975
                    ]
                },
                {
                    "type": "tuple",
                    "values": [
                        0.15677470044138,
                        0.36815628180744
                    ]
                },
                {
                    "type": "tuple",
                    "values": [
                        -0.12010711422076,
                        0.09022713464337
                    ]
                },
                {
                    "type": "tuple",
                    "values": [
                        -0.10142212955441,
                        0.06843777455233598
                    ]
                },
                {
                    "type": "tuple",
                    "values": [
                        -0.00123857860157,
                        0.08861835485992382
                    ]
                },
                {
                    "type": "tuple",
                    "values": [
                        -0.027631814461897733,
                        0.03375449150209
                    ]
                },
                {
                    "type": "tuple",
                    "values": [
                        -0.00680710562554,
                        0.05322893708044
                    ]
                },
                {
                    "type": "tuple",
                    "values": [
                        -0.005751442819349657,
                        0.04246385968905
                    ]
                },
                {
                    "type": "tuple",
                    "values": [
                        -0.019974624116836894,
                        0.01399954026851
                    ]
                }
            ]
        },
        "log_evidence": -176.9877395173845
    }
}