{
    "type": "instance",
    "class_path": "autofit.non_linear.samples.summary.SamplesSummary",
    "arguments": {
        "median_pdf_sample": {
            "type": "instance",
            "class_path": "autofit.non_linear.samples.sample.Sample",
            "arguments": {
                "log_likelihood": -31.90898321976834,
                "log_prior": 0.0,
                "weight": 0.0010122055202455365,
                "kwargs": {
                    "type": "dict",
                    "arguments": {
                        "ellipses.0.ell_comps.ell_comps_0": -0.09851219393391647,
                        "ellipses.0.ell_comps.ell_comps_1": -0.037394262712513116,
                        "multipoles.0.multipole_3.multipole_comps.multipole_comps_0": 0.0252430866217,
                        "multipoles.0.multipole_3.multipole_comps.multipole_comps_1": -0.03343654217134,
                        "multipoles.0.multipole_4.multipole_comps.multipole_comps_0": 0.05948043418663333,
                        "multipoles.0.multipole_4.multipole_comps.multipole_comps_1": -0.006386517768636875
                    }
                }
            }
        },
        "errors_at_sigma_3": {
            "type": "list",
            "values": [
                {
                    "type": "tuple",
                    "values": [
                        0.018849492203747847,
                        0.012352995491904092
                    ]
                },
                {
                    "type": "tuple",
                    "values": [
                        0.03141952738171655,
                        0.01819690415515337
                    ]
                },
                {
                    "type": "tuple",
                    "values": [
                        0.0706932590536235,
                        0.07280842907503
                    ]
                },
                {
                    "type": "tuple",
                    "values": [
                        0.0514544535258,
                        0.06307234296655026
                    ]
                },
                {
                    "type": "tuple",
                    "values": [
                        0.12276955834114334,
                        0.03856836332398249
                    ]
                },
                {
                    "type": "tuple",
                    "values": [
                        0.09134762823466258,
                        0.06650042333227732
                    ]
                }
            ]
        },
        "log_evidence": -47.872928845925564,
        "values_at_sigma_3": {
            "type": "list",
            "values": [
                {
                    "type": "tuple",
                    "values": [
                        -0.11736168613766432,
                        -0.08615919844201238
                    ]
                },
                {
                    "type": "tuple",
                    "values": [
                        -0.06881379009422967,
                        -0.019197358557359746
                    ]
                },
                {
                    "type": "tuple",
                    "values": [
                        -0.0454501724319235,
                        0.09805151569673
                    ]
                },
                {
                    "type": "tuple",
                    "values": [
                        -0.08489099569714,
                        0.029635800795210263
                    ]
                },
                {
                    "type": "tuple",
                    "values": [
                        -0.06328912415451,
                        0.09804879751061582
                    ]
                },
                {
                    "type": "tuple",
                    "values": [
                        -0.09773414600329945,
                        0.06011390556364044
                    ]
                }
            ]
        },
        "max_log_likelihood_sample": {
            "type": "instance",
            "class_path": "autofit.non_linear.samples.sample.Sample",
            "arguments": {
                "log_likelihood": -31.90898321976834,
                "log_prior": 0.0,
                "weight": 0.0010122055202455365,
                "kwargs": {
                    "type": "dict",
                    "arguments": {
                        "ellipses.0.ell_comps.ell_comps_0": -0.09850953133294,
                        "ellipses.0.ell_comps.ell_comps_1": -0.03460937369498,
                        "multipoles.0.multipole_3.multipole_comps.multipole_comps_0": 0.0290942014537,
                        "multipoles.0.multipole_3.multipole_comps.multipole_comps_1": -0.04999154997402,
                        "multipoles.0.multipole_4.multipole_comps.multipole_comps_0": 0.04973730598676,
                        "multipoles.0.multipole_4.multipole_comps.multipole_comps_1": -0.00493060850112
                    }
                }
            }
        },
        "values_at_sigma_1": {
            "type": "list",
            "values": [
                {
                    "type": "tuple",
                    "values": [
                        -0.10670183569368422,
                        -0.09404204853762
                    ]
                },
                {
                    "type": "tuple",
                    "values": [
                        -0.04594804714971999,
                        -0.030814097265564448
                    ]
                },
                {
                    "type": "tuple",
                    "values": [
                        0.002090028340643117,
                        0.04681450929045752
                    ]
                },
                {
                    "type": "tuple",
                    "values": [
                        -0.05306979642248,
                        -0.011745433098279204
                    ]
                },
                {
                    "type": "tuple",
                    "values": [
                        0.03589281019521,
                        0.08046617744359
                    ]
                },
                {
                    "type": "tuple",
                    "values": [
                        -0.0369907972687,
                        0.01874358554181593
                    ]
                }
            ]
        },
        "errors_at_sigma_1": {
            "type": "list",
            "values": [
                {
                    "type": "tuple",
                    "values": [
                        0.008189641759767746,
                        0.0044701453962964766
                    ]
                },
                {
                    "type": "tuple",
                    "values": [
                        0.008553784437206877,
                        0.006580165446948668
                    ]
                },
                {
                    "type": "tuple",
                    "values": [
                        0.023153058281056883,
                        0.021571422668757525
                    ]
                },
                {
                    "type": "tuple",
                    "values": [
                        0.01963325425114,
                        0.021691109073060794
                    ]
                },
                {
                    "type": "tuple",
                    "values": [
                        0.023587623991423334,
                        0.020985743256956665
                    ]
                },
                {
                    "type": "tuple",
                    "values": [
                        0.030604279500063124,
                        0.025130103310452803
                    ]
                }
            ]
        },
        "model": null
    }
}