{
    "type": "instance",
    "class_path": "autofit.non_linear.samples.summary.SamplesSummary",
    "arguments": {
        "max_log_likelihood_sample": {
            "type": "instance",
            "class_path": "autofit.non_linear.samples.sample.Sample",
            "arguments": {
                "log_likelihood": -11.53110022613204,
                "log_prior": 0.0,
                "weight": 0.001032074442838964,
                "kwargs": {
                    "type": "dict",
                    "arguments": {
                        "ellipses.0.ell_comps.ell_comps_0": 0.01849074938168,
                        "ellipses.0.ell_comps.ell_comps_1": 0.07225020903375,
                        "multipoles.0.multipole_3.multipole_comps.multipole_comps_0": -0.01826247274675,
                        "multipoles.0.multipole_3.multipole_comps.multipole_comps_1": 0.0028266069936,
                        "multipoles.0.multipole_4.multipole_comps.multipole_comps_0": -0.00952516092474,
                        "multipoles.0.multipole_4.multipole_comps.multipole_comps_1": 0.00214527167618
                    }
                }
            }
        },
        "values_at_sigma_1": {
            "type": "list",
            "values": [
                {
                    "type": "tuple",
                    "values": [
                        0.009644432470239127,
                        0.02723253539409216
                    ]
                },
                {
                    "type": "tuple",
                    "values": [
                        0.06559684659296355,
                        0.0809014157110495
                    ]
                },
                {
                    "type": "tuple",
                    "values": [
                        -0.024231031229135433,
                        -0.00354762599816
                    ]
                },
                {
                    "type": "tuple",
                    "values": [
                        -0.01055975787676,
                        0.01175447751214
                    ]
                },
                {
                    "type": "tuple",
                    "values": [
                        -0.02171655844005,
                        0.00424423550796
                    ]
                },
                {
                    "type": "tuple",
                    "values": [
                        -0.012502704073456527,
                        0.0119925530939
                    ]
                }
            ]
        },
        "errors_at_sigma_1": {
            "type": "list",
            "values": [
                {
                    "type": "tuple",
                    "values": [
                        0.008497466576920874,
                        0.00909063634693216
                    ]
                },
                {
                    "type": "tuple",
                    "values": [
                        0.0072480431719964405,
                        0.008056525946089507
                    ]
                },
                {
                    "type": "tuple",
                    "values": [
                        0.009887021247331042,
                        0.010796383983644391
                    ]
                },
                {
                    "type": "tuple",
                    "values": [
                        0.010192310247223392,
                        0.012121925141676607
                    ]
                },
                {
                    "type": "tuple",
                    "values": [
                        0.0124350652434,
                        0.01352572870461
                    ]
                },
                {
                    "type": "tuple",
                    "values": [
                        0.011875816981476528,
                        0.01261944018588
                    ]
                }
            ]
        },
        "values_at_sigma_3": {
            "type": "list",
            "values": [
                {
                    "type": "tuple",
                    "values": [
                        -0.010504303780289317,
                        0.05018650346294
                    ]
                },
                {
                    "type": "tuple",
                    "values": [
                        0.05054291665173158,
                        0.09776128877207126
                    ]
                },
                {
                    "type": "tuple",
                    "values": [
                        -0.04006598147298595,
                        0.01949325498014
                    ]
                },
                {
                    "type": "tuple",
                    "values": [
                        -0.029935000150315853,
                        0.03300247264249743
                    ]
                },
                {
                    "type": "tuple",
                    "values": [
                        -0.04218730169784452,
                        0.03256996981444605
                    ]
                },
                {
                    "type": "tuple",
                    "values": [
                        -0.03626962712388218,
                        0.035362013835188194
                    ]
                }
            ]
        },
        "errors_at_sigma_3": {
            "type": "list",
            "values": [
                {
                    "type": "tuple",
                    "values": [
                        0.02864620282744932,
                        0.03204460441578
                    ]
                },
                {
                    "type": "tuple",
                    "values": [
                        0.022301973113228415,
                        0.024916399007111262
                    ]
                },
                {
                    "type": "tuple",
                    "values": [
                        0.025721971491181557,
                        0.03383726496194439
                    ]
                },
                {
                    "type": "tuple",
                    "values": [
                        0.029567552520779247,
                        0.03336992027203404
                    ]
                },
                {
                    "type": "tuple",
                    "values": [
                        0.032905808501194525,
                        0.041851463011096046
                    ]
                },
                {
                    "type": "tuple",
                    "values": [
                        0.03564274003190218,
                        0.035988900927168194
                    ]
                }
            ]
        },
        "log_evidence": -27.556633561031973,
        "model": null,
        "median_pdf_sample": {
            "type": "instance",
            "class_path": "autofit.non_linear.samples.sample.Sample",
            "arguments": {
                "log_likelihood": -11.53110022613204,
                "log_prior": 0.0,
                "weight": 0.001032074442838964,
                "kwargs": {
                    "type": "dict",
                    "arguments": {
                        "ellipses.0.ell_comps.ell_comps_0": 0.01814189904716,
                        "ellipses.0.ell_comps.ell_comps_1": 0.07284488976496,
                        "multipoles.0.multipole_3.multipole_comps.multipole_comps_0": -0.01434400998180439,
                        "multipoles.0.multipole_3.multipole_comps.multipole_comps_1": -0.00036744762953660754,
                        "multipoles.0.multipole_4.multipole_comps.multipole_comps_0": -0.00928149319665,
                        "multipoles.0.multipole_4.multipole_comps.multipole_comps_1": -0.00062688709198
                    }
                }
            }
        }
    }
}