{
    "type": "instance",
    "class_path": "autofit.non_linear.samples.summary.SamplesSummary",
    "arguments": {
        "values_at_sigma_3": {
            "type": "list",
            "values": [
                {
                    "type": "tuple",
                    "values": [
                        -0.43190335365325,
                        -0.42356782524848
                    ]
                },
                {
                    "type": "tuple",
                    "values": [
                        0.02692396620874,
                        0.03623556852725048
                    ]
                },
                {
                    "type": "tuple",
                    "values": [
                        -0.0014252231859570093,
                        0.00824528647634
                    ]
                },
                {
                    "type": "tuple",
                    "values": [
                        -0.01573632055639268,
                        -0.00718784708436
                    ]
                },
                {
                    "type": "tuple",
                    "values": [
                        -0.006297081505021595,
                        0.0031163299569244934
                    ]
                },
                {
                    "type": "tuple",
                    "values": [
                        0.00428806829423,
                        0.01435164172049
                    ]
                },
                {
                    "type": "tuple",
                    "values": [
                        -0.033768858929914485,
                        -0.02365928523711
                    ]
                },
                {
                    "type": "tuple",
                    "values": [
                        -0.011945234977347955,
                        -0.0027528699128340443
                    ]
                }
            ]
        },
        "log_evidence": -359.52648294483663,
        "max_log_likelihood_sample": {
            "type": "instance",
            "class_path": "autofit.non_linear.samples.sample.Sample",
            "arguments": {
                "log_likelihood": -324.3584803950398,
                "log_prior": 0.0,
                "weight": 0.0009509783156472691,
                "kwargs": {
                    "type": "dict",
                    "arguments": {
                        "ellipses.0.ell_comps.ell_comps_0": -0.42773544642665,
                        "ellipses.0.ell_comps.ell_comps_1": 0.03137234910721,
                        "multipoles.0.multipole_1.multipole_comps.multipole_comps_0": 0.00352412076632,
                        "multipoles.0.multipole_1.multipole_comps.multipole_comps_1": -0.01153175231847,
                        "multipoles.0.multipole_3.multipole_comps.multipole_comps_0": -0.00190244751744,
                        "multipoles.0.multipole_3.multipole_comps.multipole_comps_1": 0.00830035029127,
                        "multipoles.0.multipole_4.multipole_comps.multipole_comps_0": -0.02907849402892,
                        "multipoles.0.multipole_4.multipole_comps.multipole_comps_1": -0.00794186944986
                    }
                }
            }
        },
        "values_at_sigma_1": {
            "type": "list",
            "values": [
                {
                    "type": "tuple",
                    "values": [
                        -0.42904546903650803,
                        -0.42644771689998
                    ]
                },
                {
                    "type": "tuple",
                    "values": [
                        0.02995762987775,
                        0.03285020023316
                    ]
                },
                {
                    "type": "tuple",
                    "values": [
                        0.00211149612925768,
                        0.00538289831013
                    ]
                },
                {
                    "type": "tuple",
                    "values": [
                        -0.012634521858588852,
                        -0.009884702618459378
                    ]
                },
                {
                    "type": "tuple",
                    "values": [
                        -0.0036313729033,
                        -0.00057949055221
                    ]
                },
                {
                    "type": "tuple",
                    "values": [
                        0.007515179767664306,
                        0.010920422016045867
                    ]
                },
                {
                    "type": "tuple",
                    "values": [
                        -0.03066445704059404,
                        -0.0273076902172251
                    ]
                },
                {
                    "type": "tuple",
                    "values": [
                        -0.008838768544432277,
                        -0.0054893034005773144
                    ]
                }
            ]
        },
        "errors_at_sigma_1": {
            "type": "list",
            "values": [
                {
                    "type": "tuple",
                    "values": [
                        0.0012692989401978383,
                        0.0013284531963301816
                    ]
                },
                {
                    "type": "tuple",
                    "values": [
                        0.0013696323660555738,
                        0.0015229379893544268
                    ]
                },
                {
                    "type": "tuple",
                    "values": [
                        0.001583270916808825,
                        0.0016881312640634953
                    ]
                },
                {
                    "type": "tuple",
                    "values": [
                        0.0012806250282640878,
                        0.0014691942118653864
                    ]
                },
                {
                    "type": "tuple",
                    "values": [
                        0.0015394313224457571,
                        0.0015124510286442425
                    ]
                },
                {
                    "type": "tuple",
                    "values": [
                        0.0016984310888556939,
                        0.0017068111595258673
                    ]
                },
                {
                    "type": "tuple",
                    "values": [
                        0.0017296995329240394,
                        0.0016270672904449002
                    ]
                },
                {
                    "type": "tuple",
                    "values": [
                        0.001830168621834191,
                        0.001519296522020772
                    ]
                }
            ]
        },
        "model": null,
        "median_pdf_sample": {
            "type": "instance",
            "class_path": "autofit.non_linear.samples.sample.Sample",
            "arguments": {
                "log_likelihood": -324.3584803950398,
                "log_prior": 0.0,
                "weight": 0.0009509783156472691,
                "kwargs": {
                    "type": "dict",
                    "arguments": {
                        "ellipses.0.ell_comps.ell_comps_0": -0.4277761700963102,
                        "ellipses.0.ell_comps.ell_comps_1": 0.031327262243805575,
                        "multipoles.0.multipole_1.multipole_comps.multipole_comps_0": 0.003694767046066505,
                        "multipoles.0.multipole_1.multipole_comps.multipole_comps_1": -0.011353896830324764,
                        "multipoles.0.multipole_3.multipole_comps.multipole_comps_0": -0.0020919415808542427,
                        "multipoles.0.multipole_3.multipole_comps.multipole_comps_1": 0.00921361085652,
                        "multipoles.0.multipole_4.multipole_comps.multipole_comps_0": -0.02893475750767,
                        "multipoles.0.multipole_4.multipole_comps.multipole_comps_1": -0.007008599922598086
                    }
                }
            }
        },
        "errors_at_sigma_3": {
            "type": "list",
            "values": [
                {
                    "type": "tuple",
                    "values": [
                        0.004127183556939806,
                        0.00420834484783017
                    ]
                },
                {
                    "type": "tuple",
                    "values": [
                        0.004403296035065573,
                        0.004908306283444908
                    ]
                },
                {
                    "type": "tuple",
                    "values": [
                        0.005119990232023515,
                        0.004550519430273495
                    ]
                },
                {
                    "type": "tuple",
                    "values": [
                        0.004382423726067916,
                        0.004166049745964765
                    ]
                },
                {
                    "type": "tuple",
                    "values": [
                        0.004205139924167352,
                        0.005208271537778736
                    ]
                },
                {
                    "type": "tuple",
                    "values": [
                        0.00492554256229,
                        0.00513803086397
                    ]
                },
                {
                    "type": "tuple",
                    "values": [
                        0.004834101422244483,
                        0.005275472270560001
                    ]
                },
                {
                    "type": "tuple",
                    "values": [
                        0.004936635054749869,
                        0.004255730009764042
                    ]
                }
            ]
        }
    }
}