{
    "type": "instance",
    "class_path": "autofit.non_linear.samples.summary.SamplesSummary",
    "arguments": {
        "log_evidence": -63.36585584470837,
        "values_at_sigma_3": {
            "type": "list",
            "values": [
                {
                    "type": "tuple",
                    "values": [
                        0.07861249131363748,
                        0.1501991103960376
                    ]
                },
                {
                    "type": "tuple",
                    "values": [
                        0.030085939822755408,
                        0.07659401817945
                    ]
                }
            ]
        },
        "median_pdf_sample": {
            "type": "instance",
            "class_path": "autofit.non_linear.samples.sample.Sample",
            "arguments": {
                "log_likelihood": -50.85080363761648,
                "log_prior": 0.0,
                "weight": 0.001013549062607842,
                "kwargs": {
                    "type": "dict",
                    "arguments": {
                        "ellipses.0.ell_comps.ell_comps_0": 0.08978844351138983,
                        "ellipses.0.ell_comps.ell_comps_1": 0.06052559608592
                    }
                }
            }
        },
        "errors_at_sigma_1": {
            "type": "list",
            "values": [
                {
                    "type": "tuple",
                    "values": [
                        0.00499324558641312,
                        0.0025301680395774656
                    ]
                },
                {
                    "type": "tuple",
                    "values": [
                        0.0027261871217886813,
                        0.0019962110406542763
                    ]
                }
            ]
        },
        "values_at_sigma_1": {
            "type": "list",
            "values": [
                {
                    "type": "tuple",
                    "values": [
                        0.08479519792497671,
                        0.0923186115509673
                    ]
                },
                {
                    "type": "tuple",
                    "values": [
                        0.05779940896413132,
                        0.06252180712657428
                    ]
                }
            ]
        },
        "errors_at_sigma_3": {
            "type": "list",
            "values": [
                {
                    "type": "tuple",
                    "values": [
                        0.011175952197752345,
                        0.06041066688464776
                    ]
                },
                {
                    "type": "tuple",
                    "values": [
                        0.030439656263164593,
                        0.016068422093529995
                    ]
                }
            ]
        },
        "max_log_likelihood_sample": {
            "type": "instance",
            "class_path": "autofit.non_linear.samples.sample.Sample",
            "arguments": {
                "log_likelihood": -50.85080363761648,
                "log_prior": 0.0,
                "weight": 0.001013549062607842,
                "kwargs": {
                    "type": "dict",
                    "arguments": {
                        "ellipses.0.ell_comps.ell_comps_0": 0.09130814151643,
                        "ellipses.0.ell_comps.ell_comps_1": 0.05900252035383
                    }
                }
            }
        },
        "model": null
    }
}