{
    "type": "instance",
    "class_path": "autofit.non_linear.samples.summary.SamplesSummary",
    "arguments": {
        "max_log_likelihood_sample": {
            "type": "instance",
            "class_path": "autofit.non_linear.samples.sample.Sample",
            "arguments": {
                "log_likelihood": -36.599512847765084,
                "log_prior": 0.0,
                "weight": 0.0009766492982234453,
                "kwargs": {
                    "type": "dict",
                    "arguments": {
                        "ellipses.0.ell_comps.ell_comps_0": -0.19492961190244,
                        "ellipses.0.ell_comps.ell_comps_1": 0.02303977764546,
                        "multipoles.0.multipole_3.multipole_comps.multipole_comps_0": 0.00033574438878,
                        "multipoles.0.multipole_3.multipole_comps.multipole_comps_1": -0.00038402659675,
                        "multipoles.0.multipole_4.multipole_comps.multipole_comps_0": -0.00395054516261,
                        "multipoles.0.multipole_4.multipole_comps.multipole_comps_1": -0.00170545069583
                    }
                }
            }
        },
        "model": null,
        "values_at_sigma_3": {
            "type": "list",
            "values": [
                {
                    "type": "tuple",
                    "values": [
                        -0.20106307546693494,
                        -0.18888293209804
                    ]
                },
                {
                    "type": "tuple",
                    "values": [
                        0.014759917233284622,
                        0.029204139120213628
                    ]
                },
                {
                    "type": "tuple",
                    "values": [
                        -0.002176271067019282,
                        0.0027104465763015634
                    ]
                },
                {
                    "type": "tuple",
                    "values": [
                        -0.00273335751155557,
                        0.00271545304708
                    ]
                },
                {
                    "type": "tuple",
                    "values": [
                        -0.007657999869021197,
                        -0.00018063824313897353
                    ]
                },
                {
                    "type": "tuple",
                    "values": [
                        -0.005512105186036706,
                        0.00178478565608
                    ]
                }
            ]
        },
        "median_pdf_sample": {
            "type": "instance",
            "class_path": "autofit.non_linear.samples.sample.Sample",
            "arguments": {
                "log_likelihood": -36.599512847765084,
                "log_prior": 0.0,
                "weight": 0.0009766492982234453,
                "kwargs": {
                    "type": "dict",
                    "arguments": {
                        "ellipses.0.ell_comps.ell_comps_0": -0.19501666784696656,
                        "ellipses.0.ell_comps.ell_comps_1": 0.022160158635089536,
                        "multipoles.0.multipole_3.multipole_comps.multipole_comps_0": 0.00029892501023,
                        "multipoles.0.multipole_3.multipole_comps.multipole_comps_1": -0.00034245627329752924,
                        "multipoles.0.multipole_4.multipole_comps.multipole_comps_0": -0.004007519044745248,
                        "multipoles.0.multipole_4.multipole_comps.multipole_comps_1": -0.00177432669271
                    }
                }
            }
        },
        "errors_at_sigma_3": {
            "type": "list",
            "values": [
                {
                    "type": "tuple",
                    "values": [
                        0.006046407619968386,
                        0.006133735748926561
                    ]
                },
                {
                    "type": "tuple",
                    "values": [
                        0.007400241401804914,
                        0.007043980485124092
                    ]
                },
                {
                    "type": "tuple",
                    "values": [
                        0.0024751960772492823,
                        0.0024115215660715636
                    ]
                },
                {
                    "type": "tuple",
                    "values": [
                        0.002390901238258041,
                        0.0030579093203775293
                    ]
                },
                {
                    "type": "tuple",
                    "values": [
                        0.00365048082427595,
                        0.003826880801606274
                    ]
                },
                {
                    "type": "tuple",
                    "values": [
                        0.0037377784933267056,
                        0.00355911234879
                    ]
                }
            ]
        },
        "log_evidence": -65.39878573383643,
        "errors_at_sigma_1": {
            "type": "list",
            "values": [
                {
                    "type": "tuple",
                    "values": [
                        0.0020814772247622904,
                        0.0018826887955652183
                    ]
                },
                {
                    "type": "tuple",
                    "values": [
                        0.0021517121432595362,
                        0.002386851036620466
                    ]
                },
                {
                    "type": "tuple",
                    "values": [
                        0.0009262793969386063,
                        0.0009401989307281447
                    ]
                },
                {
                    "type": "tuple",
                    "values": [
                        0.0008593425258086197,
                        0.0007236450097075292
                    ]
                },
                {
                    "type": "tuple",
                    "values": [
                        0.001221836608954291,
                        0.0011784680236918512
                    ]
                },
                {
                    "type": "tuple",
                    "values": [
                        0.00119734255992,
                        0.00104993850376
                    ]
                }
            ]
        },
        "values_at_sigma_1": {
            "type": "list",
            "values": [
                {
                    "type": "tuple",
                    "values": [
                        -0.19709814507172885,
                        -0.19313397905140134
                    ]
                },
                {
                    "type": "tuple",
                    "values": [
                        0.02000844649183,
                        0.02454700967171
                    ]
                },
                {
                    "type": "tuple",
                    "values": [
                        -0.0006273543867086063,
                        0.0012391239409581447
                    ]
                },
                {
                    "type": "tuple",
                    "values": [
                        -0.0012017987991061489,
                        0.00038118873641
                    ]
                },
                {
                    "type": "tuple",
                    "values": [
                        -0.005229355653699539,
                        -0.0028290510210533964
                    ]
                },
                {
                    "type": "tuple",
                    "values": [
                        -0.00297166925263,
                        -0.00072438818895
                    ]
                }
            ]
        }
    }
}