{
    "type": "instance",
    "class_path": "autofit.non_linear.samples.summary.SamplesSummary",
    "arguments": {
        "max_log_likelihood_sample": {
            "type": "instance",
            "class_path": "autofit.non_linear.samples.sample.Sample",
            "arguments": {
                "log_likelihood": -5.30982604553949,
                "log_prior": 0.0,
                "weight": 0.000982365719796312,
                "kwargs": {
                    "type": "dict",
                    "arguments": {
                        "ellipses.0.ell_comps.ell_comps_0": -0.12438887948429,
                        "ellipses.0.ell_comps.ell_comps_1": -0.01899934606109,
                        "multipoles.0.multipole_1.multipole_comps.multipole_comps_0": -0.0016113062972,
                        "multipoles.0.multipole_1.multipole_comps.multipole_comps_1": -0.00257390422006,
                        "multipoles.0.multipole_3.multipole_comps.multipole_comps_0": -0.00071495266066,
                        "multipoles.0.multipole_3.multipole_comps.multipole_comps_1": 0.00057870748566,
                        "multipoles.0.multipole_4.multipole_comps.multipole_comps_0": -0.00175466927192,
                        "multipoles.0.multipole_4.multipole_comps.multipole_comps_1": 0.00061617803976
                    }
                }
            }
        },
        "errors_at_sigma_3": {
            "type": "list",
            "values": [
                {
                    "type": "tuple",
                    "values": [
                        0.013307215215553295,
                        0.011892179841844347
                    ]
                },
                {
                    "type": "tuple",
                    "values": [
                        0.01484289770081676,
                        0.013300466528472006
                    ]
                },
                {
                    "type": "tuple",
                    "values": [
                        0.003381394036298443,
                        0.0031842329329715563
                    ]
                },
                {
                    "type": "tuple",
                    "values": [
                        0.0025805378181667092,
                        0.0029725212619845943
                    ]
                },
                {
                    "type": "tuple",
                    "values": [
                        0.0031645667699,
                        0.003016441691194939
                    ]
                },
                {
                    "type": "tuple",
                    "values": [
                        0.0031328815658285525,
                        0.003206557967640686
                    ]
                },
                {
                    "type": "tuple",
                    "values": [
                        0.003414263223362005,
                        0.003956311120483021
                    ]
                },
                {
                    "type": "tuple",
                    "values": [
                        0.00377774096881,
                        0.00344406536888
                    ]
                }
            ]
        },
        "values_at_sigma_1": {
            "type": "list",
            "values": [
                {
                    "type": "tuple",
                    "values": [
                        -0.12835369517685,
                        -0.11957216642406
                    ]
                },
                {
                    "type": "tuple",
                    "values": [
                        -0.022797846983943888,
                        -0.01475166839835
                    ]
                },
                {
                    "type": "tuple",
                    "values": [
                        -0.00259549385144,
                        -0.00041188187532
                    ]
                },
                {
                    "type": "tuple",
                    "values": [
                        -0.0033742889570494636,
                        -0.0015827340770793409
                    ]
                },
                {
                    "type": "tuple",
                    "values": [
                        -0.00137278200536,
                        0.00068696622469697
                    ]
                },
                {
                    "type": "tuple",
                    "values": [
                        -0.0005913310257845178,
                        0.001332963071390626
                    ]
                },
                {
                    "type": "tuple",
                    "values": [
                        -0.00263284320981,
                        -0.0003471654776975163
                    ]
                },
                {
                    "type": "tuple",
                    "values": [
                        -0.0006089644710639795,
                        0.00171810684119
                    ]
                }
            ]
        },
        "median_pdf_sample": {
            "type": "instance",
            "class_path": "autofit.non_linear.samples.sample.Sample",
            "arguments": {
                "log_likelihood": -5.30982604553949,
                "log_prior": 0.0,
                "weight": 0.000982365719796312,
                "kwargs": {
                    "type": "dict",
                    "arguments": {
                        "ellipses.0.ell_comps.ell_comps_0": -0.12413478321335701,
                        "ellipses.0.ell_comps.ell_comps_1": -0.018668614869692006,
                        "multipoles.0.multipole_1.multipole_comps.multipole_comps_0": -0.0014385100526715566,
                        "multipoles.0.multipole_1.multipole_comps.multipole_comps_1": -0.0025135190742297266,
                        "multipoles.0.multipole_3.multipole_comps.multipole_comps_0": -0.00030638663577,
                        "multipoles.0.multipole_3.multipole_comps.multipole_comps_1": 0.00035871861066407655,
                        "multipoles.0.multipole_4.multipole_comps.multipole_comps_0": -0.0014998166232779956,
                        "multipoles.0.multipole_4.multipole_comps.multipole_comps_1": 0.00055197767621
                    }
                }
            }
        },
        "errors_at_sigma_1": {
            "type": "list",
            "values": [
                {
                    "type": "tuple",
                    "values": [
                        0.004218911963492986,
                        0.004562616789297008
                    ]
                },
                {
                    "type": "tuple",
                    "values": [
                        0.004129232114251882,
                        0.003916946471342006
                    ]
                },
                {
                    "type": "tuple",
                    "values": [
                        0.0011569837987684434,
                        0.0010266281773515565
                    ]
                },
                {
                    "type": "tuple",
                    "values": [
                        0.000860769882819737,
                        0.0009307849971503857
                    ]
                },
                {
                    "type": "tuple",
                    "values": [
                        0.00106639536959,
                        0.0009933528604669701
                    ]
                },
                {
                    "type": "tuple",
                    "values": [
                        0.0009500496364485944,
                        0.0009742444607265494
                    ]
                },
                {
                    "type": "tuple",
                    "values": [
                        0.0011330265865320043,
                        0.0011526511455804793
                    ]
                },
                {
                    "type": "tuple",
                    "values": [
                        0.0011609421472739796,
                        0.00116612916498
                    ]
                }
            ]
        },
        "values_at_sigma_3": {
            "type": "list",
            "values": [
                {
                    "type": "tuple",
                    "values": [
                        -0.1374419984289103,
                        -0.11224260337151266
                    ]
                },
                {
                    "type": "tuple",
                    "values": [
                        -0.033511512570508765,
                        -0.00536814834122
                    ]
                },
                {
                    "type": "tuple",
                    "values": [
                        -0.00481990408897,
                        0.0017457228803
                    ]
                },
                {
                    "type": "tuple",
                    "values": [
                        -0.005094056892396436,
                        0.0004590021877548677
                    ]
                },
                {
                    "type": "tuple",
                    "values": [
                        -0.00347095340567,
                        0.002710055055424939
                    ]
                },
                {
                    "type": "tuple",
                    "values": [
                        -0.002774162955164476,
                        0.0035652765783047626
                    ]
                },
                {
                    "type": "tuple",
                    "values": [
                        -0.00491407984664,
                        0.002456494497205025
                    ]
                },
                {
                    "type": "tuple",
                    "values": [
                        -0.0032257632926,
                        0.00399604304509
                    ]
                }
            ]
        },
        "log_evidence": -41.602303919699835,
        "model": null
    }
}