{
    "type": "instance",
    "class_path": "autofit.non_linear.samples.summary.SamplesSummary",
    "arguments": {
        "values_at_sigma_3": {
            "type": "list",
            "values": [
                {
                    "type": "tuple",
                    "values": [
                        -0.21365559760117,
                        -0.20685615202474616
                    ]
                },
                {
                    "type": "tuple",
                    "values": [
                        -0.2270647007219102,
                        -0.22008977942482666
                    ]
                },
                {
                    "type": "tuple",
                    "values": [
                        -0.0054837794568503165,
                        0.00442308792368
                    ]
                },
                {
                    "type": "tuple",
                    "values": [
                        -0.006808853539600817,
                        0.0017573337320517508
                    ]
                },
                {
                    "type": "tuple",
                    "values": [
                        -0.00166939227014,
                        0.005947641079159985
                    ]
                },
                {
                    "type": "tuple",
                    "values": [
                        -0.008492820618986688,
                        0.0025259248058
                    ]
                },
                {
                    "type": "tuple",
                    "values": [
                        -0.01809340854576,
                        -0.008836246438354088
                    ]
                },
                {
                    "type": "tuple",
                    "values": [
                        -0.000489745959906283,
                        0.00899211139007
                    ]
                }
            ]
        },
        "values_at_sigma_1": {
            "type": "list",
            "values": [
                {
                    "type": "tuple",
                    "values": [
                        -0.2110109013531357,
                        -0.20887033187643
                    ]
                },
                {
                    "type": "tuple",
                    "values": [
                        -0.22508220956949695,
                        -0.2227424745954762
                    ]
                },
                {
                    "type": "tuple",
                    "values": [
                        -0.0018366831641824736,
                        0.00121649982245
                    ]
                },
                {
                    "type": "tuple",
                    "values": [
                        -0.0040293559167,
                        -0.001479875871339924
                    ]
                },
                {
                    "type": "tuple",
                    "values": [
                        0.0006956965753979101,
                        0.0033553252042251044
                    ]
                },
                {
                    "type": "tuple",
                    "values": [
                        -0.004927786820278546,
                        -0.0016490367940525828
                    ]
                },
                {
                    "type": "tuple",
                    "values": [
                        -0.015301328196870531,
                        -0.012244691777607149
                    ]
                },
                {
                    "type": "tuple",
                    "values": [
                        0.002551208311285789,
                        0.00528248227994
                    ]
                }
            ]
        },
        "median_pdf_sample": {
            "type": "instance",
            "class_path": "autofit.non_linear.samples.sample.Sample",
            "arguments": {
                "log_likelihood": -105.72031778470105,
                "log_prior": 0.0,
                "weight": 0.00102621636907253,
                "kwargs": {
                    "type": "dict",
                    "arguments": {
                        "ellipses.0.ell_comps.ell_comps_0": -0.20989773833988917,
                        "ellipses.0.ell_comps.ell_comps_1": -0.22390399489203333,
                        "multipoles.0.multipole_1.multipole_comps.multipole_comps_0": -0.00026004695218,
                        "multipoles.0.multipole_1.multipole_comps.multipole_comps_1": -0.0027718545805940405,
                        "multipoles.0.multipole_3.multipole_comps.multipole_comps_0": 0.0019710877891872623,
                        "multipoles.0.multipole_3.multipole_comps.multipole_comps_1": -0.0031573175966,
                        "multipoles.0.multipole_4.multipole_comps.multipole_comps_0": -0.01392346181253,
                        "multipoles.0.multipole_4.multipole_comps.multipole_comps_1": 0.003985038410651115
                    }
                }
            }
        },
        "errors_at_sigma_1": {
            "type": "list",
            "values": [
                {
                    "type": "tuple",
                    "values": [
                        0.0011131630132465153,
                        0.0010274064634591684
                    ]
                },
                {
                    "type": "tuple",
                    "values": [
                        0.0011782146774636237,
                        0.0011615202965571392
                    ]
                },
                {
                    "type": "tuple",
                    "values": [
                        0.0015766362120024735,
                        0.00147654677463
                    ]
                },
                {
                    "type": "tuple",
                    "values": [
                        0.0012575013361059593,
                        0.0012919787092541166
                    ]
                },
                {
                    "type": "tuple",
                    "values": [
                        0.0012753912137893522,
                        0.0013842374150378422
                    ]
                },
                {
                    "type": "tuple",
                    "values": [
                        0.0017704692236785455,
                        0.0015082808025474173
                    ]
                },
                {
                    "type": "tuple",
                    "values": [
                        0.0013778663843405318,
                        0.0016787700349228506
                    ]
                },
                {
                    "type": "tuple",
                    "values": [
                        0.0014338300993653264,
                        0.0012974438692888845
                    ]
                }
            ]
        },
        "max_log_likelihood_sample": {
            "type": "instance",
            "class_path": "autofit.non_linear.samples.sample.Sample",
            "arguments": {
                "log_likelihood": -105.72031778470105,
                "log_prior": 0.0,
                "weight": 0.00102621636907253,
                "kwargs": {
                    "type": "dict",
                    "arguments": {
                        "ellipses.0.ell_comps.ell_comps_0": -0.21084057681813,
                        "ellipses.0.ell_comps.ell_comps_1": -0.22422417866486,
                        "multipoles.0.multipole_1.multipole_comps.multipole_comps_0": -0.00092666776075,
                        "multipoles.0.multipole_1.multipole_comps.multipole_comps_1": -0.00260082457998,
                        "multipoles.0.multipole_3.multipole_comps.multipole_comps_0": 0.00219572857714,
                        "multipoles.0.multipole_3.multipole_comps.multipole_comps_1": -0.00346547945828,
                        "multipoles.0.multipole_4.multipole_comps.multipole_comps_0": -0.01365184538867,
                        "multipoles.0.multipole_4.multipole_comps.multipole_comps_1": 0.00493297070829
                    }
                }
            }
        },
        "model": null,
        "log_evidence": -141.3355032231416,
        "errors_at_sigma_3": {
            "type": "list",
            "values": [
                {
                    "type": "tuple",
                    "values": [
                        0.0037578592612808326,
                        0.003041586315143008
                    ]
                },
                {
                    "type": "tuple",
                    "values": [
                        0.0031607058298768753,
                        0.003814215467206672
                    ]
                },
                {
                    "type": "tuple",
                    "values": [
                        0.005223732504670317,
                        0.004683134875859999
                    ]
                },
                {
                    "type": "tuple",
                    "values": [
                        0.004036998959006777,
                        0.004529188312645791
                    ]
                },
                {
                    "type": "tuple",
                    "values": [
                        0.0036404800593272625,
                        0.003976553289972723
                    ]
                },
                {
                    "type": "tuple",
                    "values": [
                        0.005335503022386688,
                        0.0056832424024
                    ]
                },
                {
                    "type": "tuple",
                    "values": [
                        0.004169946733230002,
                        0.005087215374175912
                    ]
                },
                {
                    "type": "tuple",
                    "values": [
                        0.004474784370557398,
                        0.005007072979418884
                    ]
                }
            ]
        }
    }
}