{
    "type": "instance",
    "class_path": "autofit.non_linear.samples.summary.SamplesSummary",
    "arguments": {
        "max_log_likelihood_sample": {
            "type": "instance",
            "class_path": "autofit.non_linear.samples.sample.Sample",
            "arguments": {
                "log_likelihood": 48274.54232214501,
                "log_prior": 0.5260076122108647,
                "weight": 6.954738380417489e-05,
                "kwargs": {
                    "type": "dict",
                    "arguments": {
                        "galaxies.lens.mass.ell_comps.ell_comps_0": -0.17128962644973988,
                        "galaxies.lens.mass.ell_comps.ell_comps_1": -0.13658941594089735,
                        "galaxies.lens.multipole_4.einstein_radius": 1.1316806204931877,
                        "galaxies.lens.multipole_4.centre.centre_0": 0.032946201286667184,
                        "galaxies.lens.multipole_4.centre.centre_1": -0.005906260821990215,
                        "galaxies.lens.multipole_3.multipole_comps.multipole_comps_0": -0.01104386600626,
                        "galaxies.lens.multipole_3.multipole_comps.multipole_comps_1": 0.00091111517145,
                        "galaxies.lens.multipole_4.multipole_comps.multipole_comps_0": 0.01251773673053,
                        "galaxies.lens.multipole_4.multipole_comps.multipole_comps_1": -0.00277085193952,
                        "galaxies.lens.multipole_4.slope": 2.11443159928832,
                        "galaxies.lens.shear.gamma_1": -0.00287713026705,
                        "galaxies.lens.shear.gamma_2": -0.00105219756389
                    }
                }
            }
        },
        "errors_at_sigma_1": {
            "type": "list",
            "values": [
                {
                    "type": "tuple",
                    "values": [
                        0.02656504104738286,
                        0.04234777284814417
                    ]
                },
                {
                    "type": "tuple",
                    "values": [
                        0.02357308319541626,
                        0.024918756002376558
                    ]
                },
                {
                    "type": "tuple",
                    "values": [
                        0.01560482702878474,
                        0.016160687059927126
                    ]
                },
                {
                    "type": "tuple",
                    "values": [
                        0.017093658166996206,
                        0.009248401696879058
                    ]
                },
                {
                    "type": "tuple",
                    "values": [
                        0.017825034605587292,
                        0.013322067299201693
                    ]
                },
                {
                    "type": "tuple",
                    "values": [
                        0.011252847357808425,
                        0.01041129131967154
                    ]
                },
                {
                    "type": "tuple",
                    "values": [
                        0.008894792046093596,
                        0.011348602846642838
                    ]
                },
                {
                    "type": "tuple",
                    "values": [
                        0.006419362809036938,
                        0.005200553441233175
                    ]
                },
                {
                    "type": "tuple",
                    "values": [
                        0.004090150792021145,
                        0.003883654669732722
                    ]
                },
                {
                    "type": "tuple",
                    "values": [
                        0.014240842648565177,
                        0.016273346424380275
                    ]
                },
                {
                    "type": "tuple",
                    "values": [
                        0.009125987395221904,
                        0.00886813027767817
                    ]
                },
                {
                    "type": "tuple",
                    "values": [
                        0.009642888121883679,
                        0.010122397862773955
                    ]
                }
            ]
        },
        "values_at_sigma_3": {
            "type": "list",
            "values": [
                {
                    "type": "tuple",
                    "values": [
                        -0.30349528384332625,
                        -0.0759851108010681
                    ]
                },
                {
                    "type": "tuple",
                    "values": [
                        -0.20371867931282323,
                        -0.05931742280836978
                    ]
                },
                {
                    "type": "tuple",
                    "values": [
                        1.0866705030318404,
                        1.2277000842792598
                    ]
                },
                {
                    "type": "tuple",
                    "values": [
                        -0.009149632139908033,
                        0.06413532758121843
                    ]
                },
                {
                    "type": "tuple",
                    "values": [
                        -0.0592664682925786,
                        0.04191462835537111
                    ]
                },
                {
                    "type": "tuple",
                    "values": [
                        -0.049925745977585305,
                        0.008037842866673282
                    ]
                },
                {
                    "type": "tuple",
                    "values": [
                        -0.023926594436587748,
                        0.032859207261961516
                    ]
                },
                {
                    "type": "tuple",
                    "values": [
                        -0.00777096956853088,
                        0.02760178313938167
                    ]
                },
                {
                    "type": "tuple",
                    "values": [
                        -0.019737511686389198,
                        0.006364030052372771
                    ]
                },
                {
                    "type": "tuple",
                    "values": [
                        2.0835390645575007,
                        2.1718158606912104
                    ]
                },
                {
                    "type": "tuple",
                    "values": [
                        -0.0347778972965101,
                        0.023381801471525816
                    ]
                },
                {
                    "type": "tuple",
                    "values": [
                        -0.041869532086457224,
                        0.028743189430726197
                    ]
                }
            ]
        },
        "median_pdf_sample": {
            "type": "instance",
            "class_path": "autofit.non_linear.samples.sample.Sample",
            "arguments": {
                "log_likelihood": 48274.54232214501,
                "log_prior": 0.5260076122108647,
                "weight": 6.954738380417489e-05,
                "kwargs": {
                    "type": "dict",
                    "arguments": {
                        "galaxies.lens.mass.ell_comps.ell_comps_0": -0.17949167571581953,
                        "galaxies.lens.mass.ell_comps.ell_comps_1": -0.12728127463766714,
                        "galaxies.lens.multipole_4.einstein_radius": 1.1339934626649777,
                        "galaxies.lens.multipole_4.centre.centre_0": 0.03560038366525402,
                        "galaxies.lens.multipole_4.centre.centre_1": -0.01053286929957894,
                        "galaxies.lens.multipole_3.multipole_comps.multipole_comps_0": -0.021864455259315456,
                        "galaxies.lens.multipole_3.multipole_comps.multipole_comps_1": 0.00017247894497588725,
                        "galaxies.lens.multipole_4.multipole_comps.multipole_comps_0": 0.014281420522989276,
                        "galaxies.lens.multipole_4.multipole_comps.multipole_comps_1": -0.007006119877983766,
                        "galaxies.lens.multipole_4.slope": 2.123661642505892,
                        "galaxies.lens.shear.gamma_1": -0.002500661737895838,
                        "galaxies.lens.shear.gamma_2": -0.0018734163264103431
                    }
                }
            }
        },
        "values_at_sigma_1": {
            "type": "list",
            "values": [
                {
                    "type": "tuple",
                    "values": [
                        -0.2060567167632024,
                        -0.13714390286767536
                    ]
                },
                {
                    "type": "tuple",
                    "values": [
                        -0.1508543578330834,
                        -0.10236251863529058
                    ]
                },
                {
                    "type": "tuple",
                    "values": [
                        1.118388635636193,
                        1.1501541497249048
                    ]
                },
                {
                    "type": "tuple",
                    "values": [
                        0.01850672549825781,
                        0.044848785362133076
                    ]
                },
                {
                    "type": "tuple",
                    "values": [
                        -0.028357903905166234,
                        0.0027891979996227533
                    ]
                },
                {
                    "type": "tuple",
                    "values": [
                        -0.03311730261712388,
                        -0.011453163939643915
                    ]
                },
                {
                    "type": "tuple",
                    "values": [
                        -0.008722313101117709,
                        0.011521081791618726
                    ]
                },
                {
                    "type": "tuple",
                    "values": [
                        0.007862057713952339,
                        0.01948197396422245
                    ]
                },
                {
                    "type": "tuple",
                    "values": [
                        -0.011096270670004911,
                        -0.0031224652082510445
                    ]
                },
                {
                    "type": "tuple",
                    "values": [
                        2.1094207998573267,
                        2.139934988930272
                    ]
                },
                {
                    "type": "tuple",
                    "values": [
                        -0.011626649133117742,
                        0.006367468539782332
                    ]
                },
                {
                    "type": "tuple",
                    "values": [
                        -0.011516304448294021,
                        0.008248981536363612
                    ]
                }
            ]
        },
        "log_evidence": 48225.653399128154,
        "errors_at_sigma_3": {
            "type": "list",
            "values": [
                {
                    "type": "tuple",
                    "values": [
                        0.12400360812750671,
                        0.10350656491475144
                    ]
                },
                {
                    "type": "tuple",
                    "values": [
                        0.07643740467515608,
                        0.06796385182929736
                    ]
                },
                {
                    "type": "tuple",
                    "values": [
                        0.04732295963313726,
                        0.09370662161428212
                    ]
                },
                {
                    "type": "tuple",
                    "values": [
                        0.04475001580516205,
                        0.02853494391596441
                    ]
                },
                {
                    "type": "tuple",
                    "values": [
                        0.048733598992999665,
                        0.05244749765495005
                    ]
                },
                {
                    "type": "tuple",
                    "values": [
                        0.02806129071826985,
                        0.029902298125988738
                    ]
                },
                {
                    "type": "tuple",
                    "values": [
                        0.024099073381563633,
                        0.03268672831698563
                    ]
                },
                {
                    "type": "tuple",
                    "values": [
                        0.022052390091520158,
                        0.013320362616392394
                    ]
                },
                {
                    "type": "tuple",
                    "values": [
                        0.012731391808405431,
                        0.013370149930356536
                    ]
                },
                {
                    "type": "tuple",
                    "values": [
                        0.040122577948391136,
                        0.04815421818531851
                    ]
                },
                {
                    "type": "tuple",
                    "values": [
                        0.03227723555861427,
                        0.025882463209421655
                    ]
                },
                {
                    "type": "tuple",
                    "values": [
                        0.03999611576004688,
                        0.03061660575713654
                    ]
                }
            ]
        },
        "model": null
    }
}