{
    "type": "collection",
    "arguments": {
        "ellipses": {
            "type": "collection",
            "arguments": {
                "0": {
                    "class_path": "autogalaxy.ellipse.ellipse.ellipse.Ellipse",
                    "type": "model",
                    "arguments": {
                        "centre": {
                            "type": "tuple_prior",
                            "arguments": {
                                "centre_0": 0.00159114191187,
                                "centre_1": -0.00078154015191
                            }
                        },
                        "ell_comps": {
                            "type": "tuple_prior",
                            "arguments": {
                                "ell_comps_0": {
                                    "lower_limit": -0.6,
                                    "upper_limit": 0.6,
                                    "type": "Uniform",
                                    "id": 244
                                },
                                "ell_comps_1": {
                                    "lower_limit": -0.6,
                                    "upper_limit": 0.6,
                                    "type": "Uniform",
                                    "id": 245
                                }
                            }
                        },
                        "major_axis": {
                            "type": "Constant",
                            "value": 3.25
                        }
                    }
                }
            }
        },
        "multipoles": {
            "type": "collection",
            "arguments": {
                "0": {
                    "type": "collection",
                    "arguments": {
                        "multipole_3": {
                            "class_path": "autogalaxy.ellipse.ellipse.ellipse_multipole.EllipseMultipole",
                            "type": "model",
                            "arguments": {
                                "m": 3,
                                "multipole_comps": {
                                    "type": "tuple_prior",
                                    "arguments": {
                                        "multipole_comps_0": {
                                            "lower_limit": -0.1,
                                            "upper_limit": 0.1,
                                            "type": "Uniform",
                                            "id": 250
                                        },
                                        "multipole_comps_1": {
                                            "lower_limit": -0.1,
                                            "upper_limit": 0.1,
                                            "type": "Uniform",
                                            "id": 251
                                        }
                                    }
                                }
                            }
                        },
                        "multipole_4": {
                            "class_path": "autogalaxy.ellipse.ellipse.ellipse_multipole.EllipseMultipole",
                            "type": "model",
                            "arguments": {
                                "m": 4,
                                "multipole_comps": {
                                    "type": "tuple_prior",
                                    "arguments": {
                                        "multipole_comps_0": {
                                            "lower_limit": -0.1,
                                            "upper_limit": 0.1,
                                            "type": "Uniform",
                                            "id": 252
                                        },
                                        "multipole_comps_1": {
                                            "lower_limit": -0.1,
                                            "upper_limit": 0.1,
                                            "type": "Uniform",
                                            "id": 253
                                        }
                                    }
                                }
                            }
                        }
                    }
                }
            }
        }
    }
}