{
    "type": "instance",
    "class_path": "autofit.non_linear.samples.summary.SamplesSummary",
    "arguments": {
        "values_at_sigma_3": {
            "type": "list",
            "values": [
                {
                    "type": "tuple",
                    "values": [
                        -0.12862174632423612,
                        -0.10077095121679193
                    ]
                },
                {
                    "type": "tuple",
                    "values": [
                        0.01297100889456,
                        0.03552519430948564
                    ]
                },
                {
                    "type": "tuple",
                    "values": [
                        -0.02298386851641,
                        0.026254851849635528
                    ]
                },
                {
                    "type": "tuple",
                    "values": [
                        -0.018451783636500553,
                        0.023822921198782453
                    ]
                },
                {
                    "type": "tuple",
                    "values": [
                        -0.02809632311991,
                        0.01793457279091778
                    ]
                },
                {
                    "type": "tuple",
                    "values": [
                        -0.013251564467787939,
                        0.030315556060347762
                    ]
                },
                {
                    "type": "tuple",
                    "values": [
                        -0.027779909820941157,
                        0.02380082753532
                    ]
                },
                {
                    "type": "tuple",
                    "values": [
                        -0.022846582383411498,
                        0.02461340476964738
                    ]
                }
            ]
        },
        "errors_at_sigma_3": {
            "type": "list",
            "values": [
                {
                    "type": "tuple",
                    "values": [
                        0.012813411066454228,
                        0.015037384040989962
                    ]
                },
                {
                    "type": "tuple",
                    "values": [
                        0.011512788056377688,
                        0.011041397358547953
                    ]
                },
                {
                    "type": "tuple",
                    "values": [
                        0.0278067408544,
                        0.02143197951164553
                    ]
                },
                {
                    "type": "tuple",
                    "values": [
                        0.021573742885890552,
                        0.020700961949392454
                    ]
                },
                {
                    "type": "tuple",
                    "values": [
                        0.02426982642938,
                        0.02176106948144778
                    ]
                },
                {
                    "type": "tuple",
                    "values": [
                        0.022987511870527826,
                        0.020579608657607877
                    ]
                },
                {
                    "type": "tuple",
                    "values": [
                        0.024854115743221158,
                        0.02672662161304
                    ]
                },
                {
                    "type": "tuple",
                    "values": [
                        0.02362945921424254,
                        0.023830527938816338
                    ]
                }
            ]
        },
        "errors_at_sigma_1": {
            "type": "list",
            "values": [
                {
                    "type": "tuple",
                    "values": [
                        0.004206964483042183,
                        0.005365866066001895
                    ]
                },
                {
                    "type": "tuple",
                    "values": [
                        0.004325263037717689,
                        0.003759462896741766
                    ]
                },
                {
                    "type": "tuple",
                    "values": [
                        0.00843081501359,
                        0.007543834184124372
                    ]
                },
                {
                    "type": "tuple",
                    "values": [
                        0.005552998073203851,
                        0.006625267908167759
                    ]
                },
                {
                    "type": "tuple",
                    "values": [
                        0.007187731468450269,
                        0.0070271112370800005
                    ]
                },
                {
                    "type": "tuple",
                    "values": [
                        0.007802691710709885,
                        0.00782309236097552
                    ]
                },
                {
                    "type": "tuple",
                    "values": [
                        0.00860813773803,
                        0.00924038494857799
                    ]
                },
                {
                    "type": "tuple",
                    "values": [
                        0.008350917894379849,
                        0.007533595855238959
                    ]
                }
            ]
        },
        "max_log_likelihood_sample": {
            "type": "instance",
            "class_path": "autofit.non_linear.samples.sample.Sample",
            "arguments": {
                "log_likelihood": -31.21742184578222,
                "log_prior": 0.0,
                "weight": 0.0009574402484740025,
                "kwargs": {
                    "type": "dict",
                    "arguments": {
                        "ellipses.0.ell_comps.ell_comps_0": -0.11629853865704,
                        "ellipses.0.ell_comps.ell_comps_1": 0.02483909233639,
                        "multipoles.0.multipole_1.multipole_comps.multipole_comps_0": 0.00745995243575,
                        "multipoles.0.multipole_1.multipole_comps.multipole_comps_1": 0.00763878388858,
                        "multipoles.0.multipole_3.multipole_comps.multipole_comps_0": -0.00654766889698,
                        "multipoles.0.multipole_3.multipole_comps.multipole_comps_1": 0.01058266240022,
                        "multipoles.0.multipole_4.multipole_comps.multipole_comps_0": -0.00225632642783,
                        "multipoles.0.multipole_4.multipole_comps.multipole_comps_1": 0.00191237906396
                    }
                }
            }
        },
        "median_pdf_sample": {
            "type": "instance",
            "class_path": "autofit.non_linear.samples.sample.Sample",
            "arguments": {
                "log_likelihood": -31.21742184578222,
                "log_prior": 0.0,
                "weight": 0.0009574402484740025,
                "kwargs": {
                    "type": "dict",
                    "arguments": {
                        "ellipses.0.ell_comps.ell_comps_0": -0.11580833525778189,
                        "ellipses.0.ell_comps.ell_comps_1": 0.02448379695093769,
                        "multipoles.0.multipole_1.multipole_comps.multipole_comps_0": 0.00482287233799,
                        "multipoles.0.multipole_1.multipole_comps.multipole_comps_1": 0.00312195924939,
                        "multipoles.0.multipole_3.multipole_comps.multipole_comps_0": -0.00382649669053,
                        "multipoles.0.multipole_3.multipole_comps.multipole_comps_1": 0.009735947402739885,
                        "multipoles.0.multipole_4.multipole_comps.multipole_comps_0": -0.00292579407772,
                        "multipoles.0.multipole_4.multipole_comps.multipole_comps_1": 0.0007828768308310406
                    }
                }
            }
        },
        "log_evidence": -56.92772837630501,
        "model": null,
        "values_at_sigma_1": {
            "type": "list",
            "values": [
                {
                    "type": "tuple",
                    "values": [
                        -0.12001529974082407,
                        -0.11044246919178
                    ]
                },
                {
                    "type": "tuple",
                    "values": [
                        0.02015853391322,
                        0.028243259847679454
                    ]
                },
                {
                    "type": "tuple",
                    "values": [
                        -0.0036079426756,
                        0.012366706522114372
                    ]
                },
                {
                    "type": "tuple",
                    "values": [
                        -0.002431038823813851,
                        0.00974722715755776
                    ]
                },
                {
                    "type": "tuple",
                    "values": [
                        -0.011014228158980269,
                        0.00320061454655
                    ]
                },
                {
                    "type": "tuple",
                    "values": [
                        0.00193325569203,
                        0.017559039763715405
                    ]
                },
                {
                    "type": "tuple",
                    "values": [
                        -0.01153393181575,
                        0.006314590870857989
                    ]
                },
                {
                    "type": "tuple",
                    "values": [
                        -0.007568041063548809,
                        0.00831647268607
                    ]
                }
            ]
        }
    }
}