{
    "type": "instance",
    "class_path": "autofit.non_linear.samples.summary.SamplesSummary",
    "arguments": {
        "values_at_sigma_1": {
            "type": "list",
            "values": [
                {
                    "type": "tuple",
                    "values": [
                        -0.00132408994575,
                        -8.481160211e-05
                    ]
                },
                {
                    "type": "tuple",
                    "values": [
                        0.0015211183678723351,
                        0.0026713855111963115
                    ]
                },
                {
                    "type": "tuple",
                    "values": [
                        -0.01252441193267,
                        -0.008023979233331638
                    ]
                },
                {
                    "type": "tuple",
                    "values": [
                        0.03712513623752786,
                        0.04242652050259
                    ]
                },
                {
                    "type": "tuple",
                    "values": [
                        -0.01310301880444,
                        -0.006224005209565995
                    ]
                },
                {
                    "type": "tuple",
                    "values": [
                        -0.013649926305138617,
                        -0.0076296036390248985
                    ]
                },
                {
                    "type": "tuple",
                    "values": [
                        -0.024831627431129683,
                        -0.012963155943475215
                    ]
                },
                {
                    "type": "tuple",
                    "values": [
                        -0.07688840907011,
                        -0.06752660009915706
                    ]
                },
                {
                    "type": "tuple",
                    "values": [
                        0.00906826013974,
                        0.0209729917805
                    ]
                },
                {
                    "type": "tuple",
                    "values": [
                        -0.1555319034890024,
                        -0.14649603740917
                    ]
                },
                {
                    "type": "tuple",
                    "values": [
                        0.0016952272958901712,
                        0.01619342553182724
                    ]
                },
                {
                    "type": "tuple",
                    "values": [
                        -0.20252457395634427,
                        -0.19890146631687
                    ]
                }
            ]
        },
        "errors_at_sigma_3": {
            "type": "list",
            "values": [
                {
                    "type": "tuple",
                    "values": [
                        0.0017836672832128842,
                        0.0014947106276787091
                    ]
                },
                {
                    "type": "tuple",
                    "values": [
                        0.0015679489103275243,
                        0.0017174979172124758
                    ]
                },
                {
                    "type": "tuple",
                    "values": [
                        0.006269214428924865,
                        0.006715379179658098
                    ]
                },
                {
                    "type": "tuple",
                    "values": [
                        0.008567590525853576,
                        0.006686837008233165
                    ]
                },
                {
                    "type": "tuple",
                    "values": [
                        0.01130239105352448,
                        0.010484002377495147
                    ]
                },
                {
                    "type": "tuple",
                    "values": [
                        0.0074032641736852,
                        0.00880846658936949
                    ]
                },
                {
                    "type": "tuple",
                    "values": [
                        0.01684348658603,
                        0.016909653890043536
                    ]
                },
                {
                    "type": "tuple",
                    "values": [
                        0.011823602377209308,
                        0.010591827236229999
                    ]
                },
                {
                    "type": "tuple",
                    "values": [
                        0.015475637853869097,
                        0.01728009933795835
                    ]
                },
                {
                    "type": "tuple",
                    "values": [
                        0.012216636635209999,
                        0.00925351265290944
                    ]
                },
                {
                    "type": "tuple",
                    "values": [
                        0.007954146458381623,
                        0.06508252691185612
                    ]
                },
                {
                    "type": "tuple",
                    "values": [
                        0.00732801859799001,
                        0.05025835207678203
                    ]
                }
            ]
        },
        "median_pdf_sample": {
            "type": "instance",
            "class_path": "autofit.non_linear.samples.sample.Sample",
            "arguments": {
                "log_likelihood": -151.90696769312612,
                "log_prior": 0.0,
                "weight": 0.0009600841937761104,
                "kwargs": {
                    "type": "dict",
                    "arguments": {
                        "ellipses.ellipse_4.centre.centre_0": -0.0006551652816,
                        "ellipses.ellipse_4.centre.centre_1": 0.0021242855912775244,
                        "ellipses.ellipse_0.ell_comps.ell_comps_0": -0.01016248425909,
                        "ellipses.ellipse_0.ell_comps.ell_comps_1": 0.039688879598468334,
                        "ellipses.ellipse_1.ell_comps.ell_comps_0": -0.009635264041785148,
                        "ellipses.ellipse_1.ell_comps.ell_comps_1": -0.010510014844847359,
                        "ellipses.ellipse_2.ell_comps.ell_comps_0": -0.01952746452735,
                        "ellipses.ellipse_2.ell_comps.ell_comps_1": -0.07211026351937,
                        "ellipses.ellipse_3.ell_comps.ell_comps_0": 0.013841328014131649,
                        "ellipses.ellipse_3.ell_comps.ell_comps_1": -0.14901116037714,
                        "ellipses.ellipse_4.ell_comps.ell_comps_0": 0.004334630013623891,
                        "ellipses.ellipse_4.ell_comps.ell_comps_1": -0.20140943744094
                    }
                }
            }
        },
        "log_evidence": -206.10698827635133,
        "errors_at_sigma_1": {
            "type": "list",
            "values": [
                {
                    "type": "tuple",
                    "values": [
                        0.0006689246641500001,
                        0.0005703536794900001
                    ]
                },
                {
                    "type": "tuple",
                    "values": [
                        0.0006031672234051893,
                        0.0005470999199187871
                    ]
                },
                {
                    "type": "tuple",
                    "values": [
                        0.002361927673579999,
                        0.002138505025758363
                    ]
                },
                {
                    "type": "tuple",
                    "values": [
                        0.0025637433609404722,
                        0.002737640904121666
                    ]
                },
                {
                    "type": "tuple",
                    "values": [
                        0.0034677547626548524,
                        0.0034112588322191524
                    ]
                },
                {
                    "type": "tuple",
                    "values": [
                        0.0031399114602912587,
                        0.00288041120582246
                    ]
                },
                {
                    "type": "tuple",
                    "values": [
                        0.005304162903779684,
                        0.006564308583874783
                    ]
                },
                {
                    "type": "tuple",
                    "values": [
                        0.004778145550740007,
                        0.004583663420212936
                    ]
                },
                {
                    "type": "tuple",
                    "values": [
                        0.004773067874391648,
                        0.007131663766368352
                    ]
                },
                {
                    "type": "tuple",
                    "values": [
                        0.006520743111862404,
                        0.0025151229679699905
                    ]
                },
                {
                    "type": "tuple",
                    "values": [
                        0.0026394027177337196,
                        0.011858795518203348
                    ]
                },
                {
                    "type": "tuple",
                    "values": [
                        0.0011151365154042636,
                        0.002507971124070002
                    ]
                }
            ]
        },
        "model": null,
        "values_at_sigma_3": {
            "type": "list",
            "values": [
                {
                    "type": "tuple",
                    "values": [
                        -0.002438832564812884,
                        0.000839545346078709
                    ]
                },
                {
                    "type": "tuple",
                    "values": [
                        0.00055633668095,
                        0.00384178350849
                    ]
                },
                {
                    "type": "tuple",
                    "values": [
                        -0.016431698688014865,
                        -0.0034471050794319027
                    ]
                },
                {
                    "type": "tuple",
                    "values": [
                        0.031121289072614758,
                        0.0463757166067015
                    ]
                },
                {
                    "type": "tuple",
                    "values": [
                        -0.020937655095309628,
                        0.00084873833571
                    ]
                },
                {
                    "type": "tuple",
                    "values": [
                        -0.017913279018532558,
                        -0.0017015482554778682
                    ]
                },
                {
                    "type": "tuple",
                    "values": [
                        -0.03637095111338,
                        -0.0026178106373064636
                    ]
                },
                {
                    "type": "tuple",
                    "values": [
                        -0.08393386589657931,
                        -0.06151843628314
                    ]
                },
                {
                    "type": "tuple",
                    "values": [
                        -0.0016343098397374489,
                        0.03112142735209
                    ]
                },
                {
                    "type": "tuple",
                    "values": [
                        -0.16122779701235,
                        -0.13975764772423055
                    ]
                },
                {
                    "type": "tuple",
                    "values": [
                        -0.0036195164447577317,
                        0.06941715692548
                    ]
                },
                {
                    "type": "tuple",
                    "values": [
                        -0.20873745603893,
                        -0.15115108536415797
                    ]
                }
            ]
        },
        "max_log_likelihood_sample": {
            "type": "instance",
            "class_path": "autofit.non_linear.samples.sample.Sample",
            "arguments": {
                "log_likelihood": -151.90696769312612,
                "log_prior": 0.0,
                "weight": 0.0009600841937761104,
                "kwargs": {
                    "type": "dict",
                    "arguments": {
                        "ellipses.ellipse_4.centre.centre_0": -0.00032660123077,
                        "ellipses.ellipse_4.centre.centre_1": 0.00242132694939,
                        "ellipses.ellipse_0.ell_comps.ell_comps_0": -0.01013633082113,
                        "ellipses.ellipse_0.ell_comps.ell_comps_1": 0.03813308313113,
                        "ellipses.ellipse_1.ell_comps.ell_comps_0": -0.01160578617365,
                        "ellipses.ellipse_1.ell_comps.ell_comps_1": -0.00882384173385,
                        "ellipses.ellipse_2.ell_comps.ell_comps_0": -0.01534213422281,
                        "ellipses.ellipse_2.ell_comps.ell_comps_1": -0.07654457522791,
                        "ellipses.ellipse_3.ell_comps.ell_comps_0": 0.01061518539901,
                        "ellipses.ellipse_3.ell_comps.ell_comps_1": -0.1469528760067,
                        "ellipses.ellipse_4.ell_comps.ell_comps_0": 0.00414183231237,
                        "ellipses.ellipse_4.ell_comps.ell_comps_1": -0.2011584039844
                    }
                }
            }
        }
    }
}