{
    "type": "instance",
    "class_path": "autofit.non_linear.samples.summary.SamplesSummary",
    "arguments": {
        "errors_at_sigma_1": {
            "type": "list",
            "values": [
                {
                    "type": "tuple",
                    "values": [
                        0.00812045950276337,
                        0.00345159156627
                    ]
                },
                {
                    "type": "tuple",
                    "values": [
                        0.0023778844680674566,
                        0.016486556400841804
                    ]
                }
            ]
        },
        "max_log_likelihood_sample": {
            "type": "instance",
            "class_path": "autofit.non_linear.samples.sample.Sample",
            "arguments": {
                "log_likelihood": -46.427596916893485,
                "log_prior": 0.0,
                "weight": 0.000987069189852287,
                "kwargs": {
                    "type": "dict",
                    "arguments": {
                        "ellipses.0.ell_comps.ell_comps_0": -0.05174558687213,
                        "ellipses.0.ell_comps.ell_comps_1": -0.1221002994545
                    }
                }
            }
        },
        "model": null,
        "errors_at_sigma_3": {
            "type": "list",
            "values": [
                {
                    "type": "tuple",
                    "values": [
                        0.02351968019899,
                        0.051065646623400685
                    ]
                },
                {
                    "type": "tuple",
                    "values": [
                        0.007249039774011548,
                        0.025542005348274985
                    ]
                }
            ]
        },
        "values_at_sigma_3": {
            "type": "list",
            "values": [
                {
                    "type": "tuple",
                    "values": [
                        -0.07649552198062,
                        -0.001910195158229314
                    ]
                },
                {
                    "type": "tuple",
                    "values": [
                        -0.12786901941740653,
                        -0.09507797429512
                    ]
                }
            ]
        },
        "log_evidence": -56.44459360571341,
        "median_pdf_sample": {
            "type": "instance",
            "class_path": "autofit.non_linear.samples.sample.Sample",
            "arguments": {
                "log_likelihood": -46.427596916893485,
                "log_prior": 0.0,
                "weight": 0.000987069189852287,
                "kwargs": {
                    "type": "dict",
                    "arguments": {
                        "ellipses.0.ell_comps.ell_comps_0": -0.05297584178163,
                        "ellipses.0.ell_comps.ell_comps_1": -0.12061997964339498
                    }
                }
            }
        },
        "values_at_sigma_1": {
            "type": "list",
            "values": [
                {
                    "type": "tuple",
                    "values": [
                        -0.06109630128439337,
                        -0.04952425021536
                    ]
                },
                {
                    "type": "tuple",
                    "values": [
                        -0.12299786411146243,
                        -0.10413342324255317
                    ]
                }
            ]
        }
    }
}