{
    "type": "instance",
    "class_path": "autofit.non_linear.samples.summary.SamplesSummary",
    "arguments": {
        "values_at_sigma_3": {
            "type": "list",
            "values": [
                {
                    "type": "tuple",
                    "values": [
                        -0.21396359443026186,
                        -0.17830124905628
                    ]
                },
                {
                    "type": "tuple",
                    "values": [
                        0.002988950385628,
                        0.03107519954918
                    ]
                },
                {
                    "type": "tuple",
                    "values": [
                        -0.03511528827494343,
                        0.03885317695676625
                    ]
                },
                {
                    "type": "tuple",
                    "values": [
                        -0.045085856250265566,
                        0.05652321253186
                    ]
                },
                {
                    "type": "tuple",
                    "values": [
                        -0.05352559214071254,
                        0.03520501963807413
                    ]
                },
                {
                    "type": "tuple",
                    "values": [
                        -0.03493784962078138,
                        0.05016906075007469
                    ]
                },
                {
                    "type": "tuple",
                    "values": [
                        -0.07885153466606,
                        0.08445263397042
                    ]
                },
                {
                    "type": "tuple",
                    "values": [
                        -0.0726912521245,
                        0.057550737203274104
                    ]
                }
            ]
        },
        "errors_at_sigma_3": {
            "type": "list",
            "values": [
                {
                    "type": "tuple",
                    "values": [
                        0.00827561813626776,
                        0.027386727237714098
                    ]
                },
                {
                    "type": "tuple",
                    "values": [
                        0.012540398413366263,
                        0.01554585075018574
                    ]
                },
                {
                    "type": "tuple",
                    "values": [
                        0.03784427315641343,
                        0.036124192075296255
                    ]
                },
                {
                    "type": "tuple",
                    "values": [
                        0.056088151492055566,
                        0.04552091729007
                    ]
                },
                {
                    "type": "tuple",
                    "values": [
                        0.04732302528894254,
                        0.041407586489844134
                    ]
                },
                {
                    "type": "tuple",
                    "values": [
                        0.04770561330044593,
                        0.037401297070410136
                    ]
                },
                {
                    "type": "tuple",
                    "values": [
                        0.047232463218155024,
                        0.11607170541832497
                    ]
                },
                {
                    "type": "tuple",
                    "values": [
                        0.057550145646620005,
                        0.07269184368115411
                    ]
                }
            ]
        },
        "errors_at_sigma_1": {
            "type": "list",
            "values": [
                {
                    "type": "tuple",
                    "values": [
                        0.0027853608746858938,
                        0.003455450408544114
                    ]
                },
                {
                    "type": "tuple",
                    "values": [
                        0.0045614818896415246,
                        0.004799905670965738
                    ]
                },
                {
                    "type": "tuple",
                    "values": [
                        0.01759044127619,
                        0.01140077293838
                    ]
                },
                {
                    "type": "tuple",
                    "values": [
                        0.020689124828926896,
                        0.01238299869709
                    ]
                },
                {
                    "type": "tuple",
                    "values": [
                        0.01523589292117,
                        0.016550167173572217
                    ]
                },
                {
                    "type": "tuple",
                    "values": [
                        0.020782481337231304,
                        0.013633702739985444
                    ]
                },
                {
                    "type": "tuple",
                    "values": [
                        0.02000732979128996,
                        0.025805615105604977
                    ]
                },
                {
                    "type": "tuple",
                    "values": [
                        0.02455783332456312,
                        0.020147475431251588
                    ]
                }
            ]
        },
        "max_log_likelihood_sample": {
            "type": "instance",
            "class_path": "autofit.non_linear.samples.sample.Sample",
            "arguments": {
                "log_likelihood": -43.40002053357632,
                "log_prior": 0.0,
                "weight": 0.0010064457923102948,
                "kwargs": {
                    "type": "dict",
                    "arguments": {
                        "ellipses.0.ell_comps.ell_comps_0": -0.20559410906656,
                        "ellipses.0.ell_comps.ell_comps_1": 0.00988982165157,
                        "multipoles.0.multipole_1.multipole_comps.multipole_comps_0": 0.01143054884463,
                        "multipoles.0.multipole_1.multipole_comps.multipole_comps_1": 0.0276167673455,
                        "multipoles.0.multipole_3.multipole_comps.multipole_comps_0": -0.02371325193628,
                        "multipoles.0.multipole_3.multipole_comps.multipole_comps_1": 0.01197340749174,
                        "multipoles.0.multipole_4.multipole_comps.multipole_comps_0": -0.01928694191442,
                        "multipoles.0.multipole_4.multipole_comps.multipole_comps_1": -0.01498654630377
                    }
                }
            }
        },
        "median_pdf_sample": {
            "type": "instance",
            "class_path": "autofit.non_linear.samples.sample.Sample",
            "arguments": {
                "log_likelihood": -43.40002053357632,
                "log_prior": 0.0,
                "weight": 0.0010064457923102948,
                "kwargs": {
                    "type": "dict",
                    "arguments": {
                        "ellipses.0.ell_comps.ell_comps_0": -0.2056879762939941,
                        "ellipses.0.ell_comps.ell_comps_1": 0.015529348798994261,
                        "multipoles.0.multipole_1.multipole_comps.multipole_comps_0": 0.00272898488147,
                        "multipoles.0.multipole_1.multipole_comps.multipole_comps_1": 0.01100229524179,
                        "multipoles.0.multipole_3.multipole_comps.multipole_comps_0": -0.00620256685177,
                        "multipoles.0.multipole_3.multipole_comps.multipole_comps_1": 0.012767763679664557,
                        "multipoles.0.multipole_4.multipole_comps.multipole_comps_0": -0.031619071447904976,
                        "multipoles.0.multipole_4.multipole_comps.multipole_comps_1": -0.01514110647788
                    }
                }
            }
        },
        "log_evidence": -66.83635112594845,
        "model": null,
        "values_at_sigma_1": {
            "type": "list",
            "values": [
                {
                    "type": "tuple",
                    "values": [
                        -0.20847333716868,
                        -0.20223252588545
                    ]
                },
                {
                    "type": "tuple",
                    "values": [
                        0.010967866909352737,
                        0.02032925446996
                    ]
                },
                {
                    "type": "tuple",
                    "values": [
                        -0.01486145639472,
                        0.01412975781985
                    ]
                },
                {
                    "type": "tuple",
                    "values": [
                        -0.009686829587136896,
                        0.02338529393888
                    ]
                },
                {
                    "type": "tuple",
                    "values": [
                        -0.02143845977294,
                        0.010347600321802215
                    ]
                },
                {
                    "type": "tuple",
                    "values": [
                        -0.008014717657566745,
                        0.02640146641965
                    ]
                },
                {
                    "type": "tuple",
                    "values": [
                        -0.05162640123919494,
                        -0.0058134563423
                    ]
                },
                {
                    "type": "tuple",
                    "values": [
                        -0.03969893980244312,
                        0.005006368953371587
                    ]
                }
            ]
        }
    }
}