{
    "type": "instance",
    "class_path": "autofit.non_linear.samples.summary.SamplesSummary",
    "arguments": {
        "max_log_likelihood_sample": {
            "type": "instance",
            "class_path": "autofit.non_linear.samples.sample.Sample",
            "arguments": {
                "log_likelihood": -4.519658654778524,
                "log_prior": 0.0,
                "weight": 0.0009836193059381737,
                "kwargs": {
                    "type": "dict",
                    "arguments": {
                        "ellipses.0.ell_comps.ell_comps_0": 0.01489776262083,
                        "ellipses.0.ell_comps.ell_comps_1": 0.03274886507628
                    }
                }
            }
        },
        "log_evidence": -14.014547626839581,
        "values_at_sigma_1": {
            "type": "list",
            "values": [
                {
                    "type": "tuple",
                    "values": [
                        0.01092830472934,
                        0.01870706862191557
                    ]
                },
                {
                    "type": "tuple",
                    "values": [
                        0.02820700310104131,
                        0.03660819035546
                    ]
                }
            ]
        },
        "errors_at_sigma_3": {
            "type": "list",
            "values": [
                {
                    "type": "tuple",
                    "values": [
                        0.01258659403955,
                        0.011007507741962587
                    ]
                },
                {
                    "type": "tuple",
                    "values": [
                        0.012171627039983781,
                        0.012075958777199997
                    ]
                }
            ]
        },
        "values_at_sigma_3": {
            "type": "list",
            "values": [
                {
                    "type": "tuple",
                    "values": [
                        0.00219215497028,
                        0.025786256751792587
                    ]
                },
                {
                    "type": "tuple",
                    "values": [
                        0.02018833501985622,
                        0.04443592083704
                    ]
                }
            ]
        },
        "median_pdf_sample": {
            "type": "instance",
            "class_path": "autofit.non_linear.samples.sample.Sample",
            "arguments": {
                "log_likelihood": -4.519658654778524,
                "log_prior": 0.0,
                "weight": 0.0009836193059381737,
                "kwargs": {
                    "type": "dict",
                    "arguments": {
                        "ellipses.0.ell_comps.ell_comps_0": 0.01477874900983,
                        "ellipses.0.ell_comps.ell_comps_1": 0.03235996205984
                    }
                }
            }
        },
        "model": null,
        "errors_at_sigma_1": {
            "type": "list",
            "values": [
                {
                    "type": "tuple",
                    "values": [
                        0.0038504442804900008,
                        0.003928319612085571
                    ]
                },
                {
                    "type": "tuple",
                    "values": [
                        0.0041529589587986915,
                        0.00424822829562
                    ]
                }
            ]
        }
    }
}