{
    "type": "instance",
    "class_path": "autofit.non_linear.samples.summary.SamplesSummary",
    "arguments": {
        "median_pdf_sample": {
            "type": "instance",
            "class_path": "autofit.non_linear.samples.sample.Sample",
            "arguments": {
                "log_likelihood": -107.38202008656715,
                "log_prior": 0.0,
                "weight": 0.0009665228932530457,
                "kwargs": {
                    "type": "dict",
                    "arguments": {
                        "ellipses.ellipse_4.centre.centre_0": -0.007297527984723495,
                        "ellipses.ellipse_4.centre.centre_1": -0.00055919605814,
                        "ellipses.ellipse_0.ell_comps.ell_comps_0": -0.14170548352497023,
                        "ellipses.ellipse_0.ell_comps.ell_comps_1": -0.019082299545901342,
                        "multipoles.0.multipole_3.multipole_comps.multipole_comps_0": 0.00319261718167,
                        "multipoles.0.multipole_3.multipole_comps.multipole_comps_1": 0.005825173672012624,
                        "multipoles.0.multipole_4.multipole_comps.multipole_comps_0": 0.0010452996726391555,
                        "multipoles.0.multipole_4.multipole_comps.multipole_comps_1": 0.00166010566269376,
                        "ellipses.ellipse_1.ell_comps.ell_comps_0": -0.12311270994769075,
                        "ellipses.ellipse_1.ell_comps.ell_comps_1": -0.002943186475909601,
                        "multipoles.1.multipole_3.multipole_comps.multipole_comps_0": -0.0039747047086,
                        "multipoles.1.multipole_3.multipole_comps.multipole_comps_1": 0.017505345754880768,
                        "multipoles.1.multipole_4.multipole_comps.multipole_comps_0": -0.00404101238338,
                        "multipoles.1.multipole_4.multipole_comps.multipole_comps_1": -0.003829529111405498,
                        "ellipses.ellipse_2.ell_comps.ell_comps_0": -0.11745914838883675,
                        "ellipses.ellipse_2.ell_comps.ell_comps_1": -0.04744694884481482,
                        "multipoles.2.multipole_3.multipole_comps.multipole_comps_0": -0.02062685276469093,
                        "multipoles.2.multipole_3.multipole_comps.multipole_comps_1": 0.0003616541544395976,
                        "multipoles.2.multipole_4.multipole_comps.multipole_comps_0": 0.01812477383177416,
                        "multipoles.2.multipole_4.multipole_comps.multipole_comps_1": 0.03205272134943686,
                        "ellipses.ellipse_3.ell_comps.ell_comps_0": -0.01019416666773,
                        "ellipses.ellipse_3.ell_comps.ell_comps_1": -0.03575127174116288,
                        "multipoles.3.multipole_3.multipole_comps.multipole_comps_0": -0.051033476406687005,
                        "multipoles.3.multipole_3.multipole_comps.multipole_comps_1": 0.004297109680636863,
                        "multipoles.3.multipole_4.multipole_comps.multipole_comps_0": 0.00898601705168,
                        "multipoles.3.multipole_4.multipole_comps.multipole_comps_1": 0.022420622530873475,
                        "ellipses.ellipse_4.ell_comps.ell_comps_0": -0.04839934934444785,
                        "ellipses.ellipse_4.ell_comps.ell_comps_1": -0.17525718317473,
                        "multipoles.4.multipole_3.multipole_comps.multipole_comps_0": -0.00169760569115,
                        "multipoles.4.multipole_3.multipole_comps.multipole_comps_1": -0.04437688530544,
                        "multipoles.4.multipole_4.multipole_comps.multipole_comps_0": 0.03667107516968,
                        "multipoles.4.multipole_4.multipole_comps.multipole_comps_1": 0.02075517641888
                    }
                }
            }
        },
        "max_log_likelihood_sample": {
            "type": "instance",
            "class_path": "autofit.non_linear.samples.sample.Sample",
            "arguments": {
                "log_likelihood": -107.38202008656715,
                "log_prior": 0.0,
                "weight": 0.0009665228932530457,
                "kwargs": {
                    "type": "dict",
                    "arguments": {
                        "ellipses.ellipse_4.centre.centre_0": -0.00703064960456,
                        "ellipses.ellipse_4.centre.centre_1": -0.00033513200626,
                        "ellipses.ellipse_0.ell_comps.ell_comps_0": -0.14361416467149,
                        "ellipses.ellipse_0.ell_comps.ell_comps_1": -0.02206553299865,
                        "multipoles.0.multipole_3.multipole_comps.multipole_comps_0": 0.00575981154,
                        "multipoles.0.multipole_3.multipole_comps.multipole_comps_1": 0.0060292562824,
                        "multipoles.0.multipole_4.multipole_comps.multipole_comps_0": -0.00053850887561,
                        "multipoles.0.multipole_4.multipole_comps.multipole_comps_1": 0.00096657929252,
                        "ellipses.ellipse_1.ell_comps.ell_comps_0": -0.11760932296244,
                        "ellipses.ellipse_1.ell_comps.ell_comps_1": -0.00056344944074,
                        "multipoles.1.multipole_3.multipole_comps.multipole_comps_0": -0.00601347543574,
                        "multipoles.1.multipole_3.multipole_comps.multipole_comps_1": 0.01718404805518,
                        "multipoles.1.multipole_4.multipole_comps.multipole_comps_0": -0.00026463679221,
                        "multipoles.1.multipole_4.multipole_comps.multipole_comps_1": -0.00091071048902,
                        "ellipses.ellipse_2.ell_comps.ell_comps_0": -0.11157393923764,
                        "ellipses.ellipse_2.ell_comps.ell_comps_1": -0.06541790052881,
                        "multipoles.2.multipole_3.multipole_comps.multipole_comps_0": -0.02007026751422,
                        "multipoles.2.multipole_3.multipole_comps.multipole_comps_1": 0.00584307967971,
                        "multipoles.2.multipole_4.multipole_comps.multipole_comps_0": 0.02071150758999,
                        "multipoles.2.multipole_4.multipole_comps.multipole_comps_1": 0.03316695070065,
                        "ellipses.ellipse_3.ell_comps.ell_comps_0": -0.00747284604121,
                        "ellipses.ellipse_3.ell_comps.ell_comps_1": -0.03180619776416,
                        "multipoles.3.multipole_3.multipole_comps.multipole_comps_0": -0.05818779416647,
                        "multipoles.3.multipole_3.multipole_comps.multipole_comps_1": 0.00133727460005,
                        "multipoles.3.multipole_4.multipole_comps.multipole_comps_0": 0.0113249964954,
                        "multipoles.3.multipole_4.multipole_comps.multipole_comps_1": 0.02128804282614,
                        "ellipses.ellipse_4.ell_comps.ell_comps_0": -0.04701553499488,
                        "ellipses.ellipse_4.ell_comps.ell_comps_1": -0.1738264623976,
                        "multipoles.4.multipole_3.multipole_comps.multipole_comps_0": -0.00494687288476,
                        "multipoles.4.multipole_3.multipole_comps.multipole_comps_1": -0.04084173815325,
                        "multipoles.4.multipole_4.multipole_comps.multipole_comps_0": 0.03752721518883,
                        "multipoles.4.multipole_4.multipole_comps.multipole_comps_1": 0.02687261460033
                    }
                }
            }
        },
        "errors_at_sigma_3": {
            "type": "list",
            "values": [
                {
                    "type": "tuple",
                    "values": [
                        0.0046178338158128565,
                        0.0030370611494434955
                    ]
                },
                {
                    "type": "tuple",
                    "values": [
                        0.004147538819004768,
                        0.004507129590650001
                    ]
                },
                {
                    "type": "tuple",
                    "values": [
                        0.01609457367067524,
                        0.009757687262850229
                    ]
                },
                {
                    "type": "tuple",
                    "values": [
                        0.01877933445395632,
                        0.016389362129471154
                    ]
                },
                {
                    "type": "tuple",
                    "values": [
                        0.0060860464770151855,
                        0.004448805559858021
                    ]
                },
                {
                    "type": "tuple",
                    "values": [
                        0.00421157320568685,
                        0.0019546911582418334
                    ]
                },
                {
                    "type": "tuple",
                    "values": [
                        0.006101863987059156,
                        0.005624015207867669
                    ]
                },
                {
                    "type": "tuple",
                    "values": [
                        0.002391317978494065,
                        0.00490488199354624
                    ]
                },
                {
                    "type": "tuple",
                    "values": [
                        0.023833887890012617,
                        0.07339782708318854
                    ]
                },
                {
                    "type": "tuple",
                    "values": [
                        0.0176333383536704,
                        0.0029445896761283656
                    ]
                },
                {
                    "type": "tuple",
                    "values": [
                        0.006249006480758838,
                        0.01212514624143149
                    ]
                },
                {
                    "type": "tuple",
                    "values": [
                        0.007257245988494634,
                        0.014953169601794311
                    ]
                },
                {
                    "type": "tuple",
                    "values": [
                        0.01086521138612,
                        0.0105170103821
                    ]
                },
                {
                    "type": "tuple",
                    "values": [
                        0.0195285785013845,
                        0.010112462616051043
                    ]
                },
                {
                    "type": "tuple",
                    "values": [
                        0.020259679466983566,
                        0.014801994666880827
                    ]
                },
                {
                    "type": "tuple",
                    "values": [
                        0.02554317304626519,
                        0.022101816257632016
                    ]
                },
                {
                    "type": "tuple",
                    "values": [
                        0.0075595066611690714,
                        0.009267598095540988
                    ]
                },
                {
                    "type": "tuple",
                    "values": [
                        0.009948689549169597,
                        0.011424737957470402
                    ]
                },
                {
                    "type": "tuple",
                    "values": [
                        0.01114361548698416,
                        0.005347928317985841
                    ]
                },
                {
                    "type": "tuple",
                    "values": [
                        0.01419862603023686,
                        0.006566385085450557
                    ]
                },
                {
                    "type": "tuple",
                    "values": [
                        0.011455686997854944,
                        0.09342735437048
                    ]
                },
                {
                    "type": "tuple",
                    "values": [
                        0.05419997224998711,
                        0.06034950500946289
                    ]
                },
                {
                    "type": "tuple",
                    "values": [
                        0.02130360291145566,
                        0.033529863961436916
                    ]
                },
                {
                    "type": "tuple",
                    "values": [
                        0.018819050560628846,
                        0.009556313755107172
                    ]
                },
                {
                    "type": "tuple",
                    "values": [
                        0.02123794356054,
                        0.013856584860779689
                    ]
                },
                {
                    "type": "tuple",
                    "values": [
                        0.0063879357823534745,
                        0.03317113201954158
                    ]
                },
                {
                    "type": "tuple",
                    "values": [
                        0.03958267469674215,
                        0.02900212070904674
                    ]
                },
                {
                    "type": "tuple",
                    "values": [
                        0.045201159301833216,
                        0.06062424660968797
                    ]
                },
                {
                    "type": "tuple",
                    "values": [
                        0.008634200253651475,
                        0.01869008153257
                    ]
                },
                {
                    "type": "tuple",
                    "values": [
                        0.017109702776210003,
                        0.005365186554376802
                    ]
                },
                {
                    "type": "tuple",
                    "values": [
                        0.013544059829149788,
                        0.010332758971070007
                    ]
                },
                {
                    "type": "tuple",
                    "values": [
                        0.028283901897940646,
                        0.0088792950279
                    ]
                }
            ]
        },
        "errors_at_sigma_1": {
            "type": "list",
            "values": [
                {
                    "type": "tuple",
                    "values": [
                        0.0006097019942265039,
                        0.0017825228924586737
                    ]
                },
                {
                    "type": "tuple",
                    "values": [
                        0.00296767192716,
                        0.0007734041026117999
                    ]
                },
                {
                    "type": "tuple",
                    "values": [
                        0.0043020148069997655,
                        0.003747453194756556
                    ]
                },
                {
                    "type": "tuple",
                    "values": [
                        0.0036599371070864042,
                        0.007116021140956124
                    ]
                },
                {
                    "type": "tuple",
                    "values": [
                        0.0040142019118327935,
                        0.0027413103312855553
                    ]
                },
                {
                    "type": "tuple",
                    "values": [
                        0.002000079717102624,
                        0.001034821829137376
                    ]
                },
                {
                    "type": "tuple",
                    "values": [
                        0.0024862553060191555,
                        0.0033153784527608443
                    ]
                },
                {
                    "type": "tuple",
                    "values": [
                        0.0008945009504744017,
                        0.00230189549809624
                    ]
                },
                {
                    "type": "tuple",
                    "values": [
                        0.006815922257746049,
                        0.02553679183372075
                    ]
                },
                {
                    "type": "tuple",
                    "values": [
                        0.0076994061429200055,
                        0.002313177804689601
                    ]
                },
                {
                    "type": "tuple",
                    "values": [
                        0.0016751484006100005,
                        0.0020539709684799998
                    ]
                },
                {
                    "type": "tuple",
                    "values": [
                        0.0012175408558082051,
                        0.002418308670479232
                    ]
                },
                {
                    "type": "tuple",
                    "values": [
                        0.005349729664843265,
                        0.004400686432191331
                    ]
                },
                {
                    "type": "tuple",
                    "values": [
                        0.005129650722178455,
                        0.0022998272559254978
                    ]
                },
                {
                    "type": "tuple",
                    "values": [
                        0.0070243672487112635,
                        0.006937825461866748
                    ]
                },
                {
                    "type": "tuple",
                    "values": [
                        0.018639591766548474,
                        0.011136951558386496
                    ]
                },
                {
                    "type": "tuple",
                    "values": [
                        0.0023536918500243753,
                        0.003745852438040931
                    ]
                },
                {
                    "type": "tuple",
                    "values": [
                        0.004581405980829597,
                        0.003902404385930402
                    ]
                },
                {
                    "type": "tuple",
                    "values": [
                        0.0033185038273099224,
                        0.0030738501492245593
                    ]
                },
                {
                    "type": "tuple",
                    "values": [
                        0.003962644582756861,
                        0.0020009707232438514
                    ]
                },
                {
                    "type": "tuple",
                    "values": [
                        0.005175766935561984,
                        0.007451166253450001
                    ]
                },
                {
                    "type": "tuple",
                    "values": [
                        0.0038870226226910484,
                        0.03003057880189288
                    ]
                },
                {
                    "type": "tuple",
                    "values": [
                        0.00581755988576884,
                        0.008282244630433817
                    ]
                },
                {
                    "type": "tuple",
                    "values": [
                        0.005904903462749111,
                        0.004725292031891572
                    ]
                },
                {
                    "type": "tuple",
                    "values": [
                        0.004052450162543566,
                        0.0028908918854609923
                    ]
                },
                {
                    "type": "tuple",
                    "values": [
                        0.0022522639879434744,
                        0.005290703629506524
                    ]
                },
                {
                    "type": "tuple",
                    "values": [
                        0.01863219673683214,
                        0.003920421989509933
                    ]
                },
                {
                    "type": "tuple",
                    "values": [
                        0.03761348918181001,
                        0.004639738894939988
                    ]
                },
                {
                    "type": "tuple",
                    "values": [
                        0.0023286445272700006,
                        0.006718689668073384
                    ]
                },
                {
                    "type": "tuple",
                    "values": [
                        0.007900097740837018,
                        0.002694171935247104
                    ]
                },
                {
                    "type": "tuple",
                    "values": [
                        0.005851162669819998,
                        0.0033690504529197834
                    ]
                },
                {
                    "type": "tuple",
                    "values": [
                        0.016976845260322383,
                        0.004385771554110001
                    ]
                }
            ]
        },
        "log_evidence": -153.9306353911333,
        "model": null,
        "values_at_sigma_3": {
            "type": "list",
            "values": [
                {
                    "type": "tuple",
                    "values": [
                        -0.011915361800536352,
                        -0.00426046683528
                    ]
                },
                {
                    "type": "tuple",
                    "values": [
                        -0.004706734877144768,
                        0.00394793353251
                    ]
                },
                {
                    "type": "tuple",
                    "values": [
                        -0.15780005719564547,
                        -0.13194779626212
                    ]
                },
                {
                    "type": "tuple",
                    "values": [
                        -0.03786163399985766,
                        -0.002692937416430187
                    ]
                },
                {
                    "type": "tuple",
                    "values": [
                        -0.0028934292953451853,
                        0.007641422741528021
                    ]
                },
                {
                    "type": "tuple",
                    "values": [
                        0.001613600466325774,
                        0.007779864830254457
                    ]
                },
                {
                    "type": "tuple",
                    "values": [
                        -0.00505656431442,
                        0.0066693148805068245
                    ]
                },
                {
                    "type": "tuple",
                    "values": [
                        -0.000731212315800305,
                        0.00656498765624
                    ]
                },
                {
                    "type": "tuple",
                    "values": [
                        -0.14694659783770336,
                        -0.0497148828645022
                    ]
                },
                {
                    "type": "tuple",
                    "values": [
                        -0.02057652482958,
                        1.4032002187643957e-06
                    ]
                },
                {
                    "type": "tuple",
                    "values": [
                        -0.010223711189358838,
                        0.008150441532831489
                    ]
                },
                {
                    "type": "tuple",
                    "values": [
                        0.010248099766386133,
                        0.03245851535667508
                    ]
                },
                {
                    "type": "tuple",
                    "values": [
                        -0.0149062237695,
                        0.00647599799872
                    ]
                },
                {
                    "type": "tuple",
                    "values": [
                        -0.02335810761279,
                        0.006282933504645545
                    ]
                },
                {
                    "type": "tuple",
                    "values": [
                        -0.13771882785582032,
                        -0.10265715372195593
                    ]
                },
                {
                    "type": "tuple",
                    "values": [
                        -0.07299012189108,
                        -0.025345132587182802
                    ]
                },
                {
                    "type": "tuple",
                    "values": [
                        -0.02818635942586,
                        -0.011359254669149941
                    ]
                },
                {
                    "type": "tuple",
                    "values": [
                        -0.00958703539473,
                        0.01178639211191
                    ]
                },
                {
                    "type": "tuple",
                    "values": [
                        0.00698115834479,
                        0.02347270214976
                    ]
                },
                {
                    "type": "tuple",
                    "values": [
                        0.0178540953192,
                        0.03861910643488742
                    ]
                },
                {
                    "type": "tuple",
                    "values": [
                        -0.021649853665584945,
                        0.08323318770275
                    ]
                },
                {
                    "type": "tuple",
                    "values": [
                        -0.08995124399115,
                        0.0245982332683
                    ]
                },
                {
                    "type": "tuple",
                    "values": [
                        -0.07233707931814266,
                        -0.01750361244525009
                    ]
                },
                {
                    "type": "tuple",
                    "values": [
                        -0.014521940879991983,
                        0.013853423435744035
                    ]
                },
                {
                    "type": "tuple",
                    "values": [
                        -0.01225192650886,
                        0.022842601912459688
                    ]
                },
                {
                    "type": "tuple",
                    "values": [
                        0.01603268674852,
                        0.055591754550415054
                    ]
                },
                {
                    "type": "tuple",
                    "values": [
                        -0.08798202404119,
                        -0.019397228635401113
                    ]
                },
                {
                    "type": "tuple",
                    "values": [
                        -0.2204583424765632,
                        -0.11463293656504202
                    ]
                },
                {
                    "type": "tuple",
                    "values": [
                        -0.010331805944801474,
                        0.01699247584142
                    ]
                },
                {
                    "type": "tuple",
                    "values": [
                        -0.06148658808165,
                        -0.039011698751063195
                    ]
                },
                {
                    "type": "tuple",
                    "values": [
                        0.02312701534053021,
                        0.04700383414075
                    ]
                },
                {
                    "type": "tuple",
                    "values": [
                        -0.007528725479060646,
                        0.02963447144678
                    ]
                }
            ]
        },
        "values_at_sigma_1": {
            "type": "list",
            "values": [
                {
                    "type": "tuple",
                    "values": [
                        -0.00790722997895,
                        -0.0055150050922648216
                    ]
                },
                {
                    "type": "tuple",
                    "values": [
                        -0.0035268679853,
                        0.0002142080444718
                    ]
                },
                {
                    "type": "tuple",
                    "values": [
                        -0.14600749833197,
                        -0.13795803033021367
                    ]
                },
                {
                    "type": "tuple",
                    "values": [
                        -0.022742236652987746,
                        -0.011966278404945218
                    ]
                },
                {
                    "type": "tuple",
                    "values": [
                        -0.0008215847301627934,
                        0.005933927512955555
                    ]
                },
                {
                    "type": "tuple",
                    "values": [
                        0.00382509395491,
                        0.00685999550115
                    ]
                },
                {
                    "type": "tuple",
                    "values": [
                        -0.00144095563338,
                        0.0043606781254
                    ]
                },
                {
                    "type": "tuple",
                    "values": [
                        0.0007656047122193583,
                        0.00396200116079
                    ]
                },
                {
                    "type": "tuple",
                    "values": [
                        -0.1299286322054368,
                        -0.09757591811397
                    ]
                },
                {
                    "type": "tuple",
                    "values": [
                        -0.010642592618829607,
                        -0.00063000867122
                    ]
                },
                {
                    "type": "tuple",
                    "values": [
                        -0.00564985310921,
                        -0.00192073374012
                    ]
                },
                {
                    "type": "tuple",
                    "values": [
                        0.016287804899072562,
                        0.01992365442536
                    ]
                },
                {
                    "type": "tuple",
                    "values": [
                        -0.009390742048223264,
                        0.0003596740488113313
                    ]
                },
                {
                    "type": "tuple",
                    "values": [
                        -0.008959179833583953,
                        -0.00152970185548
                    ]
                },
                {
                    "type": "tuple",
                    "values": [
                        -0.12448351563754802,
                        -0.11052132292697
                    ]
                },
                {
                    "type": "tuple",
                    "values": [
                        -0.06608654061136329,
                        -0.03630999728642832
                    ]
                },
                {
                    "type": "tuple",
                    "values": [
                        -0.022980544614715305,
                        -0.01688100032665
                    ]
                },
                {
                    "type": "tuple",
                    "values": [
                        -0.00421975182639,
                        0.00426405854037
                    ]
                },
                {
                    "type": "tuple",
                    "values": [
                        0.014806270004464238,
                        0.02119862398099872
                    ]
                },
                {
                    "type": "tuple",
                    "values": [
                        0.02809007676668,
                        0.03405369207268071
                    ]
                },
                {
                    "type": "tuple",
                    "values": [
                        -0.015369933603291985,
                        -0.00274300041428
                    ]
                },
                {
                    "type": "tuple",
                    "values": [
                        -0.03963829436385393,
                        -0.00572069293927
                    ]
                },
                {
                    "type": "tuple",
                    "values": [
                        -0.056851036292455845,
                        -0.04275123177625319
                    ]
                },
                {
                    "type": "tuple",
                    "values": [
                        -0.0016077937821122482,
                        0.009022401712528435
                    ]
                },
                {
                    "type": "tuple",
                    "values": [
                        0.004933566889136433,
                        0.011876908937140992
                    ]
                },
                {
                    "type": "tuple",
                    "values": [
                        0.02016835854293,
                        0.02771132616038
                    ]
                },
                {
                    "type": "tuple",
                    "values": [
                        -0.06703154608128,
                        -0.04447892735493792
                    ]
                },
                {
                    "type": "tuple",
                    "values": [
                        -0.21287067235654,
                        -0.17061744427979
                    ]
                },
                {
                    "type": "tuple",
                    "values": [
                        -0.00402625021842,
                        0.005021083976923384
                    ]
                },
                {
                    "type": "tuple",
                    "values": [
                        -0.052276983046277016,
                        -0.04168271337019289
                    ]
                },
                {
                    "type": "tuple",
                    "values": [
                        0.03081991249986,
                        0.04004012562259978
                    ]
                },
                {
                    "type": "tuple",
                    "values": [
                        0.0037783311585576178,
                        0.02514094797299
                    ]
                }
            ]
        }
    }
}