{
    "type": "instance",
    "class_path": "autofit.non_linear.samples.summary.SamplesSummary",
    "arguments": {
        "values_at_sigma_3": {
            "type": "list",
            "values": [
                {
                    "type": "tuple",
                    "values": [
                        -0.1232737352812,
                        -0.05408301118594
                    ]
                },
                {
                    "type": "tuple",
                    "values": [
                        0.02573359078258,
                        0.08319462034221076
                    ]
                },
                {
                    "type": "tuple",
                    "values": [
                        -0.09509987051016026,
                        0.09896500447290026
                    ]
                },
                {
                    "type": "tuple",
                    "values": [
                        -0.08842783400805894,
                        0.0992294054062
                    ]
                },
                {
                    "type": "tuple",
                    "values": [
                        -0.09822216479443185,
                        0.06737142474282
                    ]
                },
                {
                    "type": "tuple",
                    "values": [
                        -0.09350423593484897,
                        0.0998367008727879
                    ]
                }
            ]
        },
        "errors_at_sigma_1": {
            "type": "list",
            "values": [
                {
                    "type": "tuple",
                    "values": [
                        0.010082541045074847,
                        0.01077386593967232
                    ]
                },
                {
                    "type": "tuple",
                    "values": [
                        0.009010795979117657,
                        0.022446244027611827
                    ]
                },
                {
                    "type": "tuple",
                    "values": [
                        0.08105197747152412,
                        0.025403429027648007
                    ]
                },
                {
                    "type": "tuple",
                    "values": [
                        0.04915386224419,
                        0.029821259526606057
                    ]
                },
                {
                    "type": "tuple",
                    "values": [
                        0.02077234244814872,
                        0.028507034139118974
                    ]
                },
                {
                    "type": "tuple",
                    "values": [
                        0.0341456991942662,
                        0.028861845223853794
                    ]
                }
            ]
        },
        "log_evidence": -67.62135664568522,
        "max_log_likelihood_sample": {
            "type": "instance",
            "class_path": "autofit.non_linear.samples.sample.Sample",
            "arguments": {
                "log_likelihood": -50.56423289117725,
                "log_prior": 0.0,
                "weight": 0.0010343469236396806,
                "kwargs": {
                    "type": "dict",
                    "arguments": {
                        "ellipses.0.ell_comps.ell_comps_0": -0.09546710546237,
                        "ellipses.0.ell_comps.ell_comps_1": 0.06100806652447,
                        "multipoles.0.multipole_3.multipole_comps.multipole_comps_0": -0.02298761024799,
                        "multipoles.0.multipole_3.multipole_comps.multipole_comps_1": -0.03679950053398,
                        "multipoles.0.multipole_4.multipole_comps.multipole_comps_0": 0.01450694222384,
                        "multipoles.0.multipole_4.multipole_comps.multipole_comps_1": 0.061239181417
                    }
                }
            }
        },
        "errors_at_sigma_3": {
            "type": "list",
            "values": [
                {
                    "type": "tuple",
                    "values": [
                        0.03926620821573,
                        0.029924515879530003
                    ]
                },
                {
                    "type": "tuple",
                    "values": [
                        0.01855773277790817,
                        0.038903296781722586
                    ]
                },
                {
                    "type": "tuple",
                    "values": [
                        0.14395200706449923,
                        0.05011286791856128
                    ]
                },
                {
                    "type": "tuple",
                    "values": [
                        0.11308823215972894,
                        0.07456900725453
                    ]
                },
                {
                    "type": "tuple",
                    "values": [
                        0.06786476490160057,
                        0.09772882463565127
                    ]
                },
                {
                    "type": "tuple",
                    "values": [
                        0.14318723662819516,
                        0.05015370017944169
                    ]
                }
            ]
        },
        "values_at_sigma_1": {
            "type": "list",
            "values": [
                {
                    "type": "tuple",
                    "values": [
                        -0.09409006811054485,
                        -0.07323366112579768
                    ]
                },
                {
                    "type": "tuple",
                    "values": [
                        0.03528052758137051,
                        0.0667375675881
                    ]
                },
                {
                    "type": "tuple",
                    "values": [
                        -0.03219984091718514,
                        0.07425556558198698
                    ]
                },
                {
                    "type": "tuple",
                    "values": [
                        -0.02449346409252,
                        0.054481657678276056
                    ]
                },
                {
                    "type": "tuple",
                    "values": [
                        -0.05112974234098,
                        -0.0018503657537123086
                    ]
                },
                {
                    "type": "tuple",
                    "values": [
                        0.01553730149908,
                        0.0785448459172
                    ]
                }
            ]
        },
        "model": null,
        "median_pdf_sample": {
            "type": "instance",
            "class_path": "autofit.non_linear.samples.sample.Sample",
            "arguments": {
                "log_likelihood": -50.56423289117725,
                "log_prior": 0.0,
                "weight": 0.0010343469236396806,
                "kwargs": {
                    "type": "dict",
                    "arguments": {
                        "ellipses.0.ell_comps.ell_comps_0": -0.08400752706547,
                        "ellipses.0.ell_comps.ell_comps_1": 0.04429132356048817,
                        "multipoles.0.multipole_3.multipole_comps.multipole_comps_0": 0.048852136554338975,
                        "multipoles.0.multipole_3.multipole_comps.multipole_comps_1": 0.02466039815167,
                        "multipoles.0.multipole_4.multipole_comps.multipole_comps_0": -0.03035739989283128,
                        "multipoles.0.multipole_4.multipole_comps.multipole_comps_1": 0.049683000693346205
                    }
                }
            }
        }
    }
}