{
    "type": "instance",
    "class_path": "autofit.non_linear.samples.summary.SamplesSummary",
    "arguments": {
        "max_log_likelihood_sample": {
            "type": "instance",
            "class_path": "autofit.non_linear.samples.sample.Sample",
            "arguments": {
                "log_likelihood": -50.627521845419224,
                "log_prior": 0.0,
                "weight": 0.0010027428257870185,
                "kwargs": {
                    "type": "dict",
                    "arguments": {
                        "ellipses.0.ell_comps.ell_comps_0": 0.14877707989188,
                        "ellipses.0.ell_comps.ell_comps_1": -0.02417037449713,
                        "multipoles.0.multipole_3.multipole_comps.multipole_comps_0": 0.01479428981385,
                        "multipoles.0.multipole_3.multipole_comps.multipole_comps_1": 0.02603685380807,
                        "multipoles.0.multipole_4.multipole_comps.multipole_comps_0": 0.01398433039089,
                        "multipoles.0.multipole_4.multipole_comps.multipole_comps_1": 0.0075320257288
                    }
                }
            }
        },
        "median_pdf_sample": {
            "type": "instance",
            "class_path": "autofit.non_linear.samples.sample.Sample",
            "arguments": {
                "log_likelihood": -50.627521845419224,
                "log_prior": 0.0,
                "weight": 0.0010027428257870185,
                "kwargs": {
                    "type": "dict",
                    "arguments": {
                        "ellipses.0.ell_comps.ell_comps_0": 0.15002522990721,
                        "ellipses.0.ell_comps.ell_comps_1": -0.02319437832608019,
                        "multipoles.0.multipole_3.multipole_comps.multipole_comps_0": 0.00479410872614,
                        "multipoles.0.multipole_3.multipole_comps.multipole_comps_1": 0.02134775835417078,
                        "multipoles.0.multipole_4.multipole_comps.multipole_comps_0": 0.02235374687129,
                        "multipoles.0.multipole_4.multipole_comps.multipole_comps_1": 0.018824737835060047
                    }
                }
            }
        },
        "values_at_sigma_1": {
            "type": "list",
            "values": [
                {
                    "type": "tuple",
                    "values": [
                        0.14766853968191,
                        0.15326929020948218
                    ]
                },
                {
                    "type": "tuple",
                    "values": [
                        -0.02736655307951,
                        -0.01560829108481
                    ]
                },
                {
                    "type": "tuple",
                    "values": [
                        -0.0124354095453911,
                        0.017616728750646585
                    ]
                },
                {
                    "type": "tuple",
                    "values": [
                        0.00930521979836,
                        0.03387170560292
                    ]
                },
                {
                    "type": "tuple",
                    "values": [
                        0.00734796063409,
                        0.04444711038114704
                    ]
                },
                {
                    "type": "tuple",
                    "values": [
                        0.00149504204516,
                        0.03816444939608
                    ]
                }
            ]
        },
        "log_evidence": -69.23220337971763,
        "errors_at_sigma_3": {
            "type": "list",
            "values": [
                {
                    "type": "tuple",
                    "values": [
                        0.019842852265130023,
                        0.008059933796001423
                    ]
                },
                {
                    "type": "tuple",
                    "values": [
                        0.022309161581029812,
                        0.01602135200626019
                    ]
                },
                {
                    "type": "tuple",
                    "values": [
                        0.039491988209499944,
                        0.03530211424917
                    ]
                },
                {
                    "type": "tuple",
                    "values": [
                        0.06415235720183174,
                        0.03125347393373559
                    ]
                },
                {
                    "type": "tuple",
                    "values": [
                        0.05771227364469,
                        0.050338186626564994
                    ]
                },
                {
                    "type": "tuple",
                    "values": [
                        0.09941556061237004,
                        0.055173879443698864
                    ]
                }
            ]
        },
        "model": null,
        "values_at_sigma_3": {
            "type": "list",
            "values": [
                {
                    "type": "tuple",
                    "values": [
                        0.13018237764208,
                        0.15808516370321143
                    ]
                },
                {
                    "type": "tuple",
                    "values": [
                        -0.04550353990711,
                        -0.00717302631982
                    ]
                },
                {
                    "type": "tuple",
                    "values": [
                        -0.03469787948335994,
                        0.04009622297531
                    ]
                },
                {
                    "type": "tuple",
                    "values": [
                        -0.04280459884766096,
                        0.05260123228790638
                    ]
                },
                {
                    "type": "tuple",
                    "values": [
                        -0.0353585267734,
                        0.072691933497855
                    ]
                },
                {
                    "type": "tuple",
                    "values": [
                        -0.08059082277731,
                        0.07399861727875891
                    ]
                }
            ]
        },
        "errors_at_sigma_1": {
            "type": "list",
            "values": [
                {
                    "type": "tuple",
                    "values": [
                        0.0023566902253000233,
                        0.0032440603022721726
                    ]
                },
                {
                    "type": "tuple",
                    "values": [
                        0.004172174753429812,
                        0.00758608724127019
                    ]
                },
                {
                    "type": "tuple",
                    "values": [
                        0.0172295182715311,
                        0.012822620024506584
                    ]
                },
                {
                    "type": "tuple",
                    "values": [
                        0.012042538555810781,
                        0.01252394724874922
                    ]
                },
                {
                    "type": "tuple",
                    "values": [
                        0.0150057862372,
                        0.022093363509857043
                    ]
                },
                {
                    "type": "tuple",
                    "values": [
                        0.017329695789900047,
                        0.01933971156101995
                    ]
                }
            ]
        }
    }
}