{
    "type": "instance",
    "class_path": "autofit.non_linear.samples.summary.SamplesSummary",
    "arguments": {
        "log_evidence": -47.937552393345996,
        "median_pdf_sample": {
            "type": "instance",
            "class_path": "autofit.non_linear.samples.sample.Sample",
            "arguments": {
                "log_likelihood": -30.712239313546817,
                "log_prior": 0.0,
                "weight": 0.0010248948327640727,
                "kwargs": {
                    "type": "dict",
                    "arguments": {
                        "ellipses.0.ell_comps.ell_comps_0": 0.01312868661282,
                        "ellipses.0.ell_comps.ell_comps_1": -0.14300295600401353,
                        "multipoles.0.multipole_3.multipole_comps.multipole_comps_0": 0.03273947756845,
                        "multipoles.0.multipole_3.multipole_comps.multipole_comps_1": 0.02065277774655,
                        "multipoles.0.multipole_4.multipole_comps.multipole_comps_0": -0.014014020703804633,
                        "multipoles.0.multipole_4.multipole_comps.multipole_comps_1": -0.002578653392343777
                    }
                }
            }
        },
        "errors_at_sigma_1": {
            "type": "list",
            "values": [
                {
                    "type": "tuple",
                    "values": [
                        0.014133353605057512,
                        0.008861207998150999
                    ]
                },
                {
                    "type": "tuple",
                    "values": [
                        0.005144310311483408,
                        0.005044274033605661
                    ]
                },
                {
                    "type": "tuple",
                    "values": [
                        0.021986569915281785,
                        0.020600431880690002
                    ]
                },
                {
                    "type": "tuple",
                    "values": [
                        0.018161294075570017,
                        0.02186895404612
                    ]
                },
                {
                    "type": "tuple",
                    "values": [
                        0.01549231406239644,
                        0.021635551927064633
                    ]
                },
                {
                    "type": "tuple",
                    "values": [
                        0.019657514056716223,
                        0.021864202582265718
                    ]
                }
            ]
        },
        "max_log_likelihood_sample": {
            "type": "instance",
            "class_path": "autofit.non_linear.samples.sample.Sample",
            "arguments": {
                "log_likelihood": -30.712239313546817,
                "log_prior": 0.0,
                "weight": 0.0010248948327640727,
                "kwargs": {
                    "type": "dict",
                    "arguments": {
                        "ellipses.0.ell_comps.ell_comps_0": 0.02006533379071,
                        "ellipses.0.ell_comps.ell_comps_1": -0.14642967221504,
                        "multipoles.0.multipole_3.multipole_comps.multipole_comps_0": 0.03943566374469,
                        "multipoles.0.multipole_3.multipole_comps.multipole_comps_1": 0.02220373353273,
                        "multipoles.0.multipole_4.multipole_comps.multipole_comps_0": -0.02824197940331,
                        "multipoles.0.multipole_4.multipole_comps.multipole_comps_1": 0.00474426089523
                    }
                }
            }
        },
        "values_at_sigma_3": {
            "type": "list",
            "values": [
                {
                    "type": "tuple",
                    "values": [
                        -0.02671540730682,
                        0.037621152510993607
                    ]
                },
                {
                    "type": "tuple",
                    "values": [
                        -0.15702641205117,
                        -0.10392793263344659
                    ]
                },
                {
                    "type": "tuple",
                    "values": [
                        -0.04899820636152,
                        0.09575290804698784
                    ]
                },
                {
                    "type": "tuple",
                    "values": [
                        -0.07746864623997825,
                        0.08259322530695
                    ]
                },
                {
                    "type": "tuple",
                    "values": [
                        -0.088160359227746,
                        0.0753687385242
                    ]
                },
                {
                    "type": "tuple",
                    "values": [
                        -0.08637605528996,
                        0.06945550567438778
                    ]
                }
            ]
        },
        "model": null,
        "errors_at_sigma_3": {
            "type": "list",
            "values": [
                {
                    "type": "tuple",
                    "values": [
                        0.03984409391964,
                        0.024492465898173606
                    ]
                },
                {
                    "type": "tuple",
                    "values": [
                        0.014023456047156463,
                        0.03907502337056694
                    ]
                },
                {
                    "type": "tuple",
                    "values": [
                        0.08173768392997,
                        0.06301343047853784
                    ]
                },
                {
                    "type": "tuple",
                    "values": [
                        0.09812142398652825,
                        0.0619404475604
                    ]
                },
                {
                    "type": "tuple",
                    "values": [
                        0.07414633852394137,
                        0.08938275922800462
                    ]
                },
                {
                    "type": "tuple",
                    "values": [
                        0.08379740189761621,
                        0.07203415906673157
                    ]
                }
            ]
        },
        "values_at_sigma_1": {
            "type": "list",
            "values": [
                {
                    "type": "tuple",
                    "values": [
                        -0.0010046669922375128,
                        0.021989894610971
                    ]
                },
                {
                    "type": "tuple",
                    "values": [
                        -0.14814726631549693,
                        -0.13795868197040786
                    ]
                },
                {
                    "type": "tuple",
                    "values": [
                        0.010752907653168213,
                        0.05333990944914
                    ]
                },
                {
                    "type": "tuple",
                    "values": [
                        0.002491483670979981,
                        0.04252173179267
                    ]
                },
                {
                    "type": "tuple",
                    "values": [
                        -0.029506334766201073,
                        0.00762153122326
                    ]
                },
                {
                    "type": "tuple",
                    "values": [
                        -0.02223616744906,
                        0.019285549189921942
                    ]
                }
            ]
        }
    }
}