{
    "type": "instance",
    "class_path": "autofit.non_linear.samples.summary.SamplesSummary",
    "arguments": {
        "errors_at_sigma_1": {
            "type": "list",
            "values": [
                {
                    "type": "tuple",
                    "values": [
                        0.0019388625529366196,
                        0.0031526786147284755
                    ]
                },
                {
                    "type": "tuple",
                    "values": [
                        0.0023107420966311104,
                        0.001110906210723947
                    ]
                }
            ]
        },
        "max_log_likelihood_sample": {
            "type": "instance",
            "class_path": "autofit.non_linear.samples.sample.Sample",
            "arguments": {
                "log_likelihood": -57.10913951928492,
                "log_prior": 0.0,
                "weight": 0.0009901100357738379,
                "kwargs": {
                    "type": "dict",
                    "arguments": {
                        "ellipses.0.ell_comps.ell_comps_0": -0.04440103888795,
                        "ellipses.0.ell_comps.ell_comps_1": -0.11214645080101
                    }
                }
            }
        },
        "model": null,
        "errors_at_sigma_3": {
            "type": "list",
            "values": [
                {
                    "type": "tuple",
                    "values": [
                        0.011255403286451526,
                        0.038999344050798065
                    ]
                },
                {
                    "type": "tuple",
                    "values": [
                        0.05513296612199037,
                        0.007901355606889995
                    ]
                }
            ]
        },
        "values_at_sigma_3": {
            "type": "list",
            "values": [
                {
                    "type": "tuple",
                    "values": [
                        -0.05488195147871,
                        -0.004627204141460407
                    ]
                },
                {
                    "type": "tuple",
                    "values": [
                        -0.16747890057722037,
                        -0.10444457884834
                    ]
                }
            ]
        },
        "log_evidence": -68.32258905926837,
        "median_pdf_sample": {
            "type": "instance",
            "class_path": "autofit.non_linear.samples.sample.Sample",
            "arguments": {
                "log_likelihood": -57.10913951928492,
                "log_prior": 0.0,
                "weight": 0.0009901100357738379,
                "kwargs": {
                    "type": "dict",
                    "arguments": {
                        "ellipses.0.ell_comps.ell_comps_0": -0.043626548192258474,
                        "ellipses.0.ell_comps.ell_comps_1": -0.11234593445523
                    }
                }
            }
        },
        "values_at_sigma_1": {
            "type": "list",
            "values": [
                {
                    "type": "tuple",
                    "values": [
                        -0.045565410745195094,
                        -0.04047386957753
                    ]
                },
                {
                    "type": "tuple",
                    "values": [
                        -0.11465667655186111,
                        -0.11123502824450605
                    ]
                }
            ]
        }
    }
}