{
    "type": "instance",
    "class_path": "autofit.non_linear.samples.summary.SamplesSummary",
    "arguments": {
        "values_at_sigma_1": {
            "type": "list",
            "values": [
                {
                    "type": "tuple",
                    "values": [
                        0.027776719065631904,
                        0.03650816331303
                    ]
                },
                {
                    "type": "tuple",
                    "values": [
                        0.04408798940057259,
                        0.06439145750141347
                    ]
                },
                {
                    "type": "tuple",
                    "values": [
                        -0.02890151842939818,
                        0.011365522019470142
                    ]
                },
                {
                    "type": "tuple",
                    "values": [
                        -0.04482462025654576,
                        0.02166150714455443
                    ]
                },
                {
                    "type": "tuple",
                    "values": [
                        -0.05207054701544568,
                        0.028703257222091442
                    ]
                },
                {
                    "type": "tuple",
                    "values": [
                        -0.08730728623542,
                        0.012896527783444885
                    ]
                }
            ]
        },
        "model": null,
        "values_at_sigma_3": {
            "type": "list",
            "values": [
                {
                    "type": "tuple",
                    "values": [
                        0.009793040169980033,
                        0.04974358519191965
                    ]
                },
                {
                    "type": "tuple",
                    "values": [
                        0.03137966897215317,
                        0.07360109830600368
                    ]
                },
                {
                    "type": "tuple",
                    "values": [
                        -0.07882395306712978,
                        0.04415968543851971
                    ]
                },
                {
                    "type": "tuple",
                    "values": [
                        -0.08041035327431842,
                        0.07218038927140003
                    ]
                },
                {
                    "type": "tuple",
                    "values": [
                        -0.09898182523304,
                        0.0850947689164
                    ]
                },
                {
                    "type": "tuple",
                    "values": [
                        -0.09977784141219022,
                        0.06594208223724
                    ]
                }
            ]
        },
        "max_log_likelihood_sample": {
            "type": "instance",
            "class_path": "autofit.non_linear.samples.sample.Sample",
            "arguments": {
                "log_likelihood": -36.99580767263662,
                "log_prior": 0.0,
                "weight": 0.0010170647894817792,
                "kwargs": {
                    "type": "dict",
                    "arguments": {
                        "ellipses.0.ell_comps.ell_comps_0": 0.02967747613495,
                        "ellipses.0.ell_comps.ell_comps_1": 0.06256859957594,
                        "multipoles.0.multipole_3.multipole_comps.multipole_comps_0": -0.02163745706616,
                        "multipoles.0.multipole_3.multipole_comps.multipole_comps_1": -0.06185258844286,
                        "multipoles.0.multipole_4.multipole_comps.multipole_comps_0": -0.01254283763003,
                        "multipoles.0.multipole_4.multipole_comps.multipole_comps_1": -0.05899341436304
                    }
                }
            }
        },
        "median_pdf_sample": {
            "type": "instance",
            "class_path": "autofit.non_linear.samples.sample.Sample",
            "arguments": {
                "log_likelihood": -36.99580767263662,
                "log_prior": 0.0,
                "weight": 0.0010170647894817792,
                "kwargs": {
                    "type": "dict",
                    "arguments": {
                        "ellipses.0.ell_comps.ell_comps_0": 0.03306206355873181,
                        "ellipses.0.ell_comps.ell_comps_1": 0.05938264004054,
                        "multipoles.0.multipole_3.multipole_comps.multipole_comps_0": -0.005649538627485508,
                        "multipoles.0.multipole_3.multipole_comps.multipole_comps_1": -0.00803139472198,
                        "multipoles.0.multipole_4.multipole_comps.multipole_comps_0": -0.005636728918921555,
                        "multipoles.0.multipole_4.multipole_comps.multipole_comps_1": -0.03801432652506565
                    }
                }
            }
        },
        "errors_at_sigma_3": {
            "type": "list",
            "values": [
                {
                    "type": "tuple",
                    "values": [
                        0.02326902338875178,
                        0.016681521633187833
                    ]
                },
                {
                    "type": "tuple",
                    "values": [
                        0.028002971068386832,
                        0.014218458265463682
                    ]
                },
                {
                    "type": "tuple",
                    "values": [
                        0.07317441443964427,
                        0.04980922406600522
                    ]
                },
                {
                    "type": "tuple",
                    "values": [
                        0.07237895855233842,
                        0.08021178399338003
                    ]
                },
                {
                    "type": "tuple",
                    "values": [
                        0.09334509631411844,
                        0.09073149783532156
                    ]
                },
                {
                    "type": "tuple",
                    "values": [
                        0.06176351488712457,
                        0.10395640876230566
                    ]
                }
            ]
        },
        "log_evidence": -52.57674340747819,
        "errors_at_sigma_1": {
            "type": "list",
            "values": [
                {
                    "type": "tuple",
                    "values": [
                        0.005285344493099909,
                        0.0034460997542981875
                    ]
                },
                {
                    "type": "tuple",
                    "values": [
                        0.015294650639967412,
                        0.005008817460873463
                    ]
                },
                {
                    "type": "tuple",
                    "values": [
                        0.023251979801912674,
                        0.01701506064695565
                    ]
                },
                {
                    "type": "tuple",
                    "values": [
                        0.03679322553456576,
                        0.02969290186653443
                    ]
                },
                {
                    "type": "tuple",
                    "values": [
                        0.046433818096524124,
                        0.034339986141012996
                    ]
                },
                {
                    "type": "tuple",
                    "values": [
                        0.04929295971035435,
                        0.050910854308510535
                    ]
                }
            ]
        }
    }
}