{
    "type": "collection",
    "arguments": {
        "ellipses": {
            "type": "collection",
            "arguments": {
                "0": {
                    "type": "instance",
                    "class_path": "autogalaxy.ellipse.ellipse.ellipse.Ellipse",
                    "arguments": {
                        "centre": {
                            "type": "tuple",
                            "values": [
                                0.00695482482047,
                                -0.00408954422415
                            ]
                        },
                        "ell_comps": {
                            "type": "tuple",
                            "values": [
                                -0.0094407243826,
                                0.19097752534368
                            ]
                        },
                        "major_axis": 0.25
                    }
                },
                "1": {
                    "type": "instance",
                    "class_path": "autogalaxy.ellipse.ellipse.ellipse.Ellipse",
                    "arguments": {
                        "centre": {
                            "type": "tuple",
                            "values": [
                                0.00695482482047,
                                -0.00408954422415
                            ]
                        },
                        "ell_comps": {
                            "type": "tuple",
                            "values": [
                                -0.03329300036949,
                                0.17504187755096
                            ]
                        },
                        "major_axis": 0.5
                    }
                },
                "2": {
                    "type": "instance",
                    "class_path": "autogalaxy.ellipse.ellipse.ellipse.Ellipse",
                    "arguments": {
                        "centre": {
                            "type": "tuple",
                            "values": [
                                0.00695482482047,
                                -0.00408954422415
                            ]
                        },
                        "ell_comps": {
                            "type": "tuple",
                            "values": [
                                -0.06497913163524,
                                0.21048048277489
                            ]
                        },
                        "major_axis": 0.75
                    }
                },
                "3": {
                    "type": "instance",
                    "class_path": "autogalaxy.ellipse.ellipse.ellipse.Ellipse",
                    "arguments": {
                        "centre": {
                            "type": "tuple",
                            "values": [
                                0.00695482482047,
                                -0.00408954422415
                            ]
                        },
                        "ell_comps": {
                            "type": "tuple",
                            "values": [
                                -0.04308201289697,
                                0.18490944530944
                            ]
                        },
                        "major_axis": 1.0
                    }
                }
            }
        },
        "multipoles": {
            "type": "collection",
            "arguments": {
                "0": {
                    "type": "instance",
                    "class_path": "autofit.mapper.model.ModelInstance",
                    "arguments": {
                        "child_items": {
                            "type": "dict",
                            "arguments": {
                                "multipole_1": {
                                    "type": "instance",
                                    "class_path": "autogalaxy.ellipse.ellipse.ellipse_multipole.EllipseMultipole",
                                    "arguments": {
                                        "m": 1,
                                        "multipole_comps": {
                                            "type": "tuple",
                                            "values": [
                                                0.02121127013245,
                                                -0.00019283861559
                                            ]
                                        }
                                    }
                                },
                                "multipole_3": {
                                    "type": "instance",
                                    "class_path": "autogalaxy.ellipse.ellipse.ellipse_multipole.EllipseMultipole",
                                    "arguments": {
                                        "m": 3,
                                        "multipole_comps": {
                                            "type": "tuple",
                                            "values": [
                                                0.01029927955835,
                                                0.00281172927638
                                            ]
                                        }
                                    }
                                },
                                "multipole_4": {
                                    "type": "instance",
                                    "class_path": "autogalaxy.ellipse.ellipse.ellipse_multipole.EllipseMultipole",
                                    "arguments": {
                                        "m": 4,
                                        "multipole_comps": {
                                            "type": "tuple",
                                            "values": [
                                                0.00717649684522,
                                                0.00846822947548
                                            ]
                                        }
                                    }
                                }
                            }
                        }
                    }
                },
                "1": {
                    "type": "instance",
                    "class_path": "autofit.mapper.model.ModelInstance",
                    "arguments": {
                        "child_items": {
                            "type": "dict",
                            "arguments": {
                                "multipole_1": {
                                    "type": "instance",
                                    "class_path": "autogalaxy.ellipse.ellipse.ellipse_multipole.EllipseMultipole",
                                    "arguments": {
                                        "m": 1,
                                        "multipole_comps": {
                                            "type": "tuple",
                                            "values": [
                                                -0.0331033104238,
                                                0.04684220205003
                                            ]
                                        }
                                    }
                                },
                                "multipole_3": {
                                    "type": "instance",
                                    "class_path": "autogalaxy.ellipse.ellipse.ellipse_multipole.EllipseMultipole",
                                    "arguments": {
                                        "m": 3,
                                        "multipole_comps": {
                                            "type": "tuple",
                                            "values": [
                                                -0.00969561625659,
                                                0.04239787381808
                                            ]
                                        }
                                    }
                                },
                                "multipole_4": {
                                    "type": "instance",
                                    "class_path": "autogalaxy.ellipse.ellipse.ellipse_multipole.EllipseMultipole",
                                    "arguments": {
                                        "m": 4,
                                        "multipole_comps": {
                                            "type": "tuple",
                                            "values": [
                                                0.03231454107003,
                                                0.01203646687322
                                            ]
                                        }
                                    }
                                }
                            }
                        }
                    }
                },
                "2": {
                    "type": "instance",
                    "class_path": "autofit.mapper.model.ModelInstance",
                    "arguments": {
                        "child_items": {
                            "type": "dict",
                            "arguments": {
                                "multipole_1": {
                                    "type": "instance",
                                    "class_path": "autogalaxy.ellipse.ellipse.ellipse_multipole.EllipseMultipole",
                                    "arguments": {
                                        "m": 1,
                                        "multipole_comps": {
                                            "type": "tuple",
                                            "values": [
                                                0.03008128666837,
                                                0.01033462907887
                                            ]
                                        }
                                    }
                                },
                                "multipole_3": {
                                    "type": "instance",
                                    "class_path": "autogalaxy.ellipse.ellipse.ellipse_multipole.EllipseMultipole",
                                    "arguments": {
                                        "m": 3,
                                        "multipole_comps": {
                                            "type": "tuple",
                                            "values": [
                                                0.0146070392511,
                                                0.04909920833421
                                            ]
                                        }
                                    }
                                },
                                "multipole_4": {
                                    "type": "instance",
                                    "class_path": "autogalaxy.ellipse.ellipse.ellipse_multipole.EllipseMultipole",
                                    "arguments": {
                                        "m": 4,
                                        "multipole_comps": {
                                            "type": "tuple",
                                            "values": [
                                                0.00013659353148,
                                                0.00931673478174
                                            ]
                                        }
                                    }
                                }
                            }
                        }
                    }
                },
                "3": {
                    "type": "instance",
                    "class_path": "autofit.mapper.model.ModelInstance",
                    "arguments": {
                        "child_items": {
                            "type": "dict",
                            "arguments": {
                                "multipole_1": {
                                    "type": "instance",
                                    "class_path": "autogalaxy.ellipse.ellipse.ellipse_multipole.EllipseMultipole",
                                    "arguments": {
                                        "m": 1,
                                        "multipole_comps": {
                                            "type": "tuple",
                                            "values": [
                                                0.12256283302185,
                                                0.06255413284489
                                            ]
                                        }
                                    }
                                },
                                "multipole_3": {
                                    "type": "instance",
                                    "class_path": "autogalaxy.ellipse.ellipse.ellipse_multipole.EllipseMultipole",
                                    "arguments": {
                                        "m": 3,
                                        "multipole_comps": {
                                            "type": "tuple",
                                            "values": [
                                                0.06254492559748,
                                                0.04971111502224
                                            ]
                                        }
                                    }
                                },
                                "multipole_4": {
                                    "type": "instance",
                                    "class_path": "autogalaxy.ellipse.ellipse.ellipse_multipole.EllipseMultipole",
                                    "arguments": {
                                        "m": 4,
                                        "multipole_comps": {
                                            "type": "tuple",
                                            "values": [
                                                0.01134307823327,
                                                -0.04695926982389
                                            ]
                                        }
                                    }
                                }
                            }
                        }
                    }
                }
            }
        },
        "dummy_0": {
            "lower_limit": -0.1,
            "upper_limit": 0.1,
            "type": "Uniform",
            "id": 164
        }
    }
}