{
    "type": "instance",
    "class_path": "autofit.non_linear.samples.summary.SamplesSummary",
    "arguments": {
        "median_pdf_sample": {
            "type": "instance",
            "class_path": "autofit.non_linear.samples.sample.Sample",
            "arguments": {
                "log_likelihood": -100.13558296303138,
                "log_prior": 0.0,
                "weight": 0.0010585197850154627,
                "kwargs": {
                    "type": "dict",
                    "arguments": {
                        "ellipses.ellipse_4.centre.centre_0": -0.001238779254298859,
                        "ellipses.ellipse_4.centre.centre_1": -0.00421446214391,
                        "ellipses.ellipse_0.ell_comps.ell_comps_0": 0.06293107647010412,
                        "ellipses.ellipse_0.ell_comps.ell_comps_1": -0.0534998539164,
                        "multipoles.0.multipole_3.multipole_comps.multipole_comps_0": -0.01042847869757,
                        "multipoles.0.multipole_3.multipole_comps.multipole_comps_1": -0.003794007361469291,
                        "multipoles.0.multipole_4.multipole_comps.multipole_comps_0": -0.0018838837332120627,
                        "multipoles.0.multipole_4.multipole_comps.multipole_comps_1": -0.01008507171134,
                        "ellipses.ellipse_1.ell_comps.ell_comps_0": 0.1315880690072452,
                        "ellipses.ellipse_1.ell_comps.ell_comps_1": -0.08040460692957045,
                        "multipoles.1.multipole_3.multipole_comps.multipole_comps_0": -0.01527108836705547,
                        "multipoles.1.multipole_3.multipole_comps.multipole_comps_1": 0.006438367207729234,
                        "multipoles.1.multipole_4.multipole_comps.multipole_comps_0": -0.010492390848572643,
                        "multipoles.1.multipole_4.multipole_comps.multipole_comps_1": 0.002889606666019831,
                        "ellipses.ellipse_2.ell_comps.ell_comps_0": 0.14118680691339053,
                        "ellipses.ellipse_2.ell_comps.ell_comps_1": -0.051201307480080054,
                        "multipoles.2.multipole_3.multipole_comps.multipole_comps_0": 0.00435706007279914,
                        "multipoles.2.multipole_3.multipole_comps.multipole_comps_1": -0.0316557078228,
                        "multipoles.2.multipole_4.multipole_comps.multipole_comps_0": -0.022365624600192122,
                        "multipoles.2.multipole_4.multipole_comps.multipole_comps_1": 0.01298307260541,
                        "ellipses.ellipse_3.ell_comps.ell_comps_0": 0.09071982002965523,
                        "ellipses.ellipse_3.ell_comps.ell_comps_1": 0.030538250867050712,
                        "multipoles.3.multipole_3.multipole_comps.multipole_comps_0": -0.09205069230306,
                        "multipoles.3.multipole_3.multipole_comps.multipole_comps_1": -0.07534415580211541,
                        "multipoles.3.multipole_4.multipole_comps.multipole_comps_0": 0.05896695181232,
                        "multipoles.3.multipole_4.multipole_comps.multipole_comps_1": 0.006035344733885935,
                        "ellipses.ellipse_4.ell_comps.ell_comps_0": -0.00450464720874,
                        "ellipses.ellipse_4.ell_comps.ell_comps_1": -0.27621678754827084,
                        "multipoles.4.multipole_3.multipole_comps.multipole_comps_0": 0.0661553327121,
                        "multipoles.4.multipole_3.multipole_comps.multipole_comps_1": -0.04903728319345,
                        "multipoles.4.multipole_4.multipole_comps.multipole_comps_0": 0.05430824083121909,
                        "multipoles.4.multipole_4.multipole_comps.multipole_comps_1": -0.017784864793990246
                    }
                }
            }
        },
        "errors_at_sigma_1": {
            "type": "list",
            "values": [
                {
                    "type": "tuple",
                    "values": [
                        0.0016598618319879329,
                        0.0025680790052223608
                    ]
                },
                {
                    "type": "tuple",
                    "values": [
                        0.0007191262865839767,
                        0.0007413226851599999
                    ]
                },
                {
                    "type": "tuple",
                    "values": [
                        0.003671360531324122,
                        0.0027987045735458765
                    ]
                },
                {
                    "type": "tuple",
                    "values": [
                        0.0029046041635000033,
                        0.00501079199954
                    ]
                },
                {
                    "type": "tuple",
                    "values": [
                        0.0023522188251293118,
                        0.00603417644453
                    ]
                },
                {
                    "type": "tuple",
                    "values": [
                        0.0008716577884306576,
                        0.0013291313634517894
                    ]
                },
                {
                    "type": "tuple",
                    "values": [
                        0.0017590377367579372,
                        0.0011344317217120627
                    ]
                },
                {
                    "type": "tuple",
                    "values": [
                        0.00110160041904,
                        0.002014752760346421
                    ]
                },
                {
                    "type": "tuple",
                    "values": [
                        0.010496242129430872,
                        0.004924940618224599
                    ]
                },
                {
                    "type": "tuple",
                    "values": [
                        0.005925251912904772,
                        0.005472695053620455
                    ]
                },
                {
                    "type": "tuple",
                    "values": [
                        0.0021278535485945316,
                        0.005635981598337482
                    ]
                },
                {
                    "type": "tuple",
                    "values": [
                        0.0030502885992492344,
                        0.0025727750711961464
                    ]
                },
                {
                    "type": "tuple",
                    "values": [
                        0.0033141770205465017,
                        0.0050946153509632
                    ]
                },
                {
                    "type": "tuple",
                    "values": [
                        0.003771538803199831,
                        0.002241444009630169
                    ]
                },
                {
                    "type": "tuple",
                    "values": [
                        0.007117396812860527,
                        0.006938443924279475
                    ]
                },
                {
                    "type": "tuple",
                    "values": [
                        0.006965523480373673,
                        0.00919587068286458
                    ]
                },
                {
                    "type": "tuple",
                    "values": [
                        0.005612266412403706,
                        0.003856826644952109
                    ]
                },
                {
                    "type": "tuple",
                    "values": [
                        0.00816934976312135,
                        0.00409152271458408
                    ]
                },
                {
                    "type": "tuple",
                    "values": [
                        0.005815936874505257,
                        0.01203841029668113
                    ]
                },
                {
                    "type": "tuple",
                    "values": [
                        0.01023082686026,
                        0.004233046104062386
                    ]
                },
                {
                    "type": "tuple",
                    "values": [
                        0.003089869413525223,
                        0.004348744900812315
                    ]
                },
                {
                    "type": "tuple",
                    "values": [
                        0.004281302460403837,
                        0.004966489953018405
                    ]
                },
                {
                    "type": "tuple",
                    "values": [
                        0.005585706557989456,
                        0.010691683715188555
                    ]
                },
                {
                    "type": "tuple",
                    "values": [
                        0.006038162667715591,
                        0.0056168533548489885
                    ]
                },
                {
                    "type": "tuple",
                    "values": [
                        0.00997266948255518,
                        0.0083730616377709
                    ]
                },
                {
                    "type": "tuple",
                    "values": [
                        0.004864360968286719,
                        0.005901847792694281
                    ]
                },
                {
                    "type": "tuple",
                    "values": [
                        0.005554543020048923,
                        0.003752944847443063
                    ]
                },
                {
                    "type": "tuple",
                    "values": [
                        0.00250492712500916,
                        0.004550472245613446
                    ]
                },
                {
                    "type": "tuple",
                    "values": [
                        0.008406570025317646,
                        0.0057093951745399996
                    ]
                },
                {
                    "type": "tuple",
                    "values": [
                        0.007749312668670003,
                        0.018736991448361707
                    ]
                },
                {
                    "type": "tuple",
                    "values": [
                        0.00639883358057091,
                        0.005085856891633683
                    ]
                },
                {
                    "type": "tuple",
                    "values": [
                        0.006435669309156188,
                        0.011690585028210247
                    ]
                }
            ]
        },
        "log_evidence": -152.3194595523229,
        "model": null,
        "errors_at_sigma_3": {
            "type": "list",
            "values": [
                {
                    "type": "tuple",
                    "values": [
                        0.003549675877157077,
                        0.007566841550177847
                    ]
                },
                {
                    "type": "tuple",
                    "values": [
                        0.0034907908174063532,
                        0.0027864420612699996
                    ]
                },
                {
                    "type": "tuple",
                    "values": [
                        0.010570516921544128,
                        0.028598483997835877
                    ]
                },
                {
                    "type": "tuple",
                    "values": [
                        0.011284371292021617,
                        0.022104292695539998
                    ]
                },
                {
                    "type": "tuple",
                    "values": [
                        0.0058635454616017026,
                        0.011964869488780344
                    ]
                },
                {
                    "type": "tuple",
                    "values": [
                        0.006436152364795491,
                        0.00559374160698212
                    ]
                },
                {
                    "type": "tuple",
                    "values": [
                        0.007134231361046729,
                        0.006808170190212063
                    ]
                },
                {
                    "type": "tuple",
                    "values": [
                        0.00369788600233,
                        0.01280535516529
                    ]
                },
                {
                    "type": "tuple",
                    "values": [
                        0.032944922301650525,
                        0.01673036533159536
                    ]
                },
                {
                    "type": "tuple",
                    "values": [
                        0.035868146682642835,
                        0.040688600539955024
                    ]
                },
                {
                    "type": "tuple",
                    "values": [
                        0.007253588823184531,
                        0.019630147722639685
                    ]
                },
                {
                    "type": "tuple",
                    "values": [
                        0.011931512190089234,
                        0.0122546345077067
                    ]
                },
                {
                    "type": "tuple",
                    "values": [
                        0.011367571498626598,
                        0.02175706919386513
                    ]
                },
                {
                    "type": "tuple",
                    "values": [
                        0.025031632314849832,
                        0.013723598322880169
                    ]
                },
                {
                    "type": "tuple",
                    "values": [
                        0.11029838458787301,
                        0.03301070937681966
                    ]
                },
                {
                    "type": "tuple",
                    "values": [
                        0.026911529818244774,
                        0.048045479985870054
                    ]
                },
                {
                    "type": "tuple",
                    "values": [
                        0.04061284518008218,
                        0.01269881535306086
                    ]
                },
                {
                    "type": "tuple",
                    "values": [
                        0.02638711507235776,
                        0.06358795434966
                    ]
                },
                {
                    "type": "tuple",
                    "values": [
                        0.018637916054617832,
                        0.04461124135983858
                    ]
                },
                {
                    "type": "tuple",
                    "values": [
                        0.049832403449793554,
                        0.012686157641889935
                    ]
                },
                {
                    "type": "tuple",
                    "values": [
                        0.11739820674189523,
                        0.03762585930757478
                    ]
                },
                {
                    "type": "tuple",
                    "values": [
                        0.09594007771988916,
                        0.05744204292623929
                    ]
                },
                {
                    "type": "tuple",
                    "values": [
                        0.007928451490530009,
                        0.05516324285282674
                    ]
                },
                {
                    "type": "tuple",
                    "values": [
                        0.02251597892043007,
                        0.031555081128325634
                    ]
                },
                {
                    "type": "tuple",
                    "values": [
                        0.14468396505711134,
                        0.02786797951107
                    ]
                },
                {
                    "type": "tuple",
                    "values": [
                        0.03201793517820198,
                        0.04169734582759044
                    ]
                },
                {
                    "type": "tuple",
                    "values": [
                        0.10411952549337432,
                        0.3109856462613554
                    ]
                },
                {
                    "type": "tuple",
                    "values": [
                        0.013197243537387104,
                        0.2905293727132208
                    ]
                },
                {
                    "type": "tuple",
                    "values": [
                        0.09227246660687521,
                        0.0166538293910337
                    ]
                },
                {
                    "type": "tuple",
                    "values": [
                        0.019595576455920007,
                        0.11024367446712503
                    ]
                },
                {
                    "type": "tuple",
                    "values": [
                        0.04854148756898771,
                        0.02668653947130091
                    ]
                },
                {
                    "type": "tuple",
                    "values": [
                        0.014895361139075011,
                        0.06692777953851024
                    ]
                }
            ]
        },
        "values_at_sigma_1": {
            "type": "list",
            "values": [
                {
                    "type": "tuple",
                    "values": [
                        -0.002898641086286792,
                        0.0013292997509235017
                    ]
                },
                {
                    "type": "tuple",
                    "values": [
                        -0.0049335884304939764,
                        -0.00347313945875
                    ]
                },
                {
                    "type": "tuple",
                    "values": [
                        0.05925971593878,
                        0.06572978104365
                    ]
                },
                {
                    "type": "tuple",
                    "values": [
                        -0.0564044580799,
                        -0.04848906191686
                    ]
                },
                {
                    "type": "tuple",
                    "values": [
                        -0.012780697522699312,
                        -0.00439430225304
                    ]
                },
                {
                    "type": "tuple",
                    "values": [
                        -0.004665665149899949,
                        -0.0024648759980175016
                    ]
                },
                {
                    "type": "tuple",
                    "values": [
                        -0.00364292146997,
                        -0.0007494520115
                    ]
                },
                {
                    "type": "tuple",
                    "values": [
                        -0.01118667213038,
                        -0.008070318950993579
                    ]
                },
                {
                    "type": "tuple",
                    "values": [
                        0.12109182687781433,
                        0.1365130096254698
                    ]
                },
                {
                    "type": "tuple",
                    "values": [
                        -0.08632985884247522,
                        -0.07493191187595
                    ]
                },
                {
                    "type": "tuple",
                    "values": [
                        -0.01739894191565,
                        -0.009635106768717988
                    ]
                },
                {
                    "type": "tuple",
                    "values": [
                        0.00338807860848,
                        0.00901114227892538
                    ]
                },
                {
                    "type": "tuple",
                    "values": [
                        -0.013806567869119145,
                        -0.005397775497609444
                    ]
                },
                {
                    "type": "tuple",
                    "values": [
                        -0.00088193213718,
                        0.00513105067565
                    ]
                },
                {
                    "type": "tuple",
                    "values": [
                        0.13406941010053,
                        0.14812525083767
                    ]
                },
                {
                    "type": "tuple",
                    "values": [
                        -0.058166830960453726,
                        -0.042005436797215474
                    ]
                },
                {
                    "type": "tuple",
                    "values": [
                        -0.001255206339604566,
                        0.00821388671775125
                    ]
                },
                {
                    "type": "tuple",
                    "values": [
                        -0.03982505758592135,
                        -0.02756418510821592
                    ]
                },
                {
                    "type": "tuple",
                    "values": [
                        -0.02818156147469738,
                        -0.010327214303510992
                    ]
                },
                {
                    "type": "tuple",
                    "values": [
                        0.00275224574515,
                        0.017216118709472386
                    ]
                },
                {
                    "type": "tuple",
                    "values": [
                        0.08762995061613,
                        0.09506856493046754
                    ]
                },
                {
                    "type": "tuple",
                    "values": [
                        0.026256948406646875,
                        0.03550474082006912
                    ]
                },
                {
                    "type": "tuple",
                    "values": [
                        -0.09763639886104945,
                        -0.08135900858787144
                    ]
                },
                {
                    "type": "tuple",
                    "values": [
                        -0.081382318469831,
                        -0.06972730244726642
                    ]
                },
                {
                    "type": "tuple",
                    "values": [
                        0.04899428232976482,
                        0.0673400134500909
                    ]
                },
                {
                    "type": "tuple",
                    "values": [
                        0.0011709837655992166,
                        0.011937192526580216
                    ]
                },
                {
                    "type": "tuple",
                    "values": [
                        -0.010059190228788923,
                        -0.0007517023612969367
                    ]
                },
                {
                    "type": "tuple",
                    "values": [
                        -0.27872171467328,
                        -0.2716663153026574
                    ]
                },
                {
                    "type": "tuple",
                    "values": [
                        0.057748762686782355,
                        0.07186472788664
                    ]
                },
                {
                    "type": "tuple",
                    "values": [
                        -0.05678659586212,
                        -0.030300291745088293
                    ]
                },
                {
                    "type": "tuple",
                    "values": [
                        0.04790940725064818,
                        0.05939409772285277
                    ]
                },
                {
                    "type": "tuple",
                    "values": [
                        -0.024220534103146434,
                        -0.00609427976578
                    ]
                }
            ]
        },
        "values_at_sigma_3": {
            "type": "list",
            "values": [
                {
                    "type": "tuple",
                    "values": [
                        -0.004788455131455936,
                        0.006328062295878989
                    ]
                },
                {
                    "type": "tuple",
                    "values": [
                        -0.007705252961316353,
                        -0.00142802008264
                    ]
                },
                {
                    "type": "tuple",
                    "values": [
                        0.05236055954856,
                        0.09152956046794
                    ]
                },
                {
                    "type": "tuple",
                    "values": [
                        -0.06478422520842161,
                        -0.03139556122086
                    ]
                },
                {
                    "type": "tuple",
                    "values": [
                        -0.016292024159171702,
                        0.0015363907912103445
                    ]
                },
                {
                    "type": "tuple",
                    "values": [
                        -0.010230159726264782,
                        0.0017997342455128287
                    ]
                },
                {
                    "type": "tuple",
                    "values": [
                        -0.009018115094258792,
                        0.004924286457
                    ]
                },
                {
                    "type": "tuple",
                    "values": [
                        -0.01378295771367,
                        0.00272028345395
                    ]
                },
                {
                    "type": "tuple",
                    "values": [
                        0.09864314670559468,
                        0.14831843433884057
                    ]
                },
                {
                    "type": "tuple",
                    "values": [
                        -0.11627275361221329,
                        -0.03971600638961543
                    ]
                },
                {
                    "type": "tuple",
                    "values": [
                        -0.02252467719024,
                        0.004359059355584217
                    ]
                },
                {
                    "type": "tuple",
                    "values": [
                        -0.00549314498236,
                        0.018693001715435933
                    ]
                },
                {
                    "type": "tuple",
                    "values": [
                        -0.02185996234719924,
                        0.011264678345292486
                    ]
                },
                {
                    "type": "tuple",
                    "values": [
                        -0.02214202564883,
                        0.0166132049889
                    ]
                },
                {
                    "type": "tuple",
                    "values": [
                        0.030888422325517514,
                        0.17419751629021019
                    ]
                },
                {
                    "type": "tuple",
                    "values": [
                        -0.07811283729832483,
                        -0.00315582749421
                    ]
                },
                {
                    "type": "tuple",
                    "values": [
                        -0.03625578510728304,
                        0.01705587542586
                    ]
                },
                {
                    "type": "tuple",
                    "values": [
                        -0.05804282289515776,
                        0.03193224652686
                    ]
                },
                {
                    "type": "tuple",
                    "values": [
                        -0.041003540654809954,
                        0.022245616759646456
                    ]
                },
                {
                    "type": "tuple",
                    "values": [
                        -0.036849330844383556,
                        0.025669230247299935
                    ]
                },
                {
                    "type": "tuple",
                    "values": [
                        -0.02667838671224,
                        0.12834567933723
                    ]
                },
                {
                    "type": "tuple",
                    "values": [
                        -0.06540182685283845,
                        0.08798029379329
                    ]
                },
                {
                    "type": "tuple",
                    "values": [
                        -0.09997914379359,
                        -0.036887449450233256
                    ]
                },
                {
                    "type": "tuple",
                    "values": [
                        -0.09786013472254548,
                        -0.04378907467378978
                    ]
                },
                {
                    "type": "tuple",
                    "values": [
                        -0.08571701324479133,
                        0.08683493132339
                    ]
                },
                {
                    "type": "tuple",
                    "values": [
                        -0.025982590444316042,
                        0.047732690561476374
                    ]
                },
                {
                    "type": "tuple",
                    "values": [
                        -0.10862417270211432,
                        0.3064809990526154
                    ]
                },
                {
                    "type": "tuple",
                    "values": [
                        -0.28941403108565794,
                        0.01431258516495
                    ]
                },
                {
                    "type": "tuple",
                    "values": [
                        -0.026117133894775213,
                        0.0828091621031337
                    ]
                },
                {
                    "type": "tuple",
                    "values": [
                        -0.06863285964937,
                        0.06120639127367503
                    ]
                },
                {
                    "type": "tuple",
                    "values": [
                        0.005766753262231378,
                        0.08099478030252
                    ]
                },
                {
                    "type": "tuple",
                    "values": [
                        -0.03268022593306526,
                        0.04914291474452
                    ]
                }
            ]
        },
        "max_log_likelihood_sample": {
            "type": "instance",
            "class_path": "autofit.non_linear.samples.sample.Sample",
            "arguments": {
                "log_likelihood": -100.13558296303138,
                "log_prior": 0.0,
                "weight": 0.0010585197850154627,
                "kwargs": {
                    "type": "dict",
                    "arguments": {
                        "ellipses.ellipse_4.centre.centre_0": 0.00029714810087,
                        "ellipses.ellipse_4.centre.centre_1": -0.00575478904985,
                        "ellipses.ellipse_0.ell_comps.ell_comps_0": 0.06746467471355,
                        "ellipses.ellipse_0.ell_comps.ell_comps_1": -0.05116102974638,
                        "multipoles.0.multipole_3.multipole_comps.multipole_comps_0": -0.00408066909201,
                        "multipoles.0.multipole_3.multipole_comps.multipole_comps_1": -0.00513352834232,
                        "multipoles.0.multipole_4.multipole_comps.multipole_comps_0": -0.00125448420722,
                        "multipoles.0.multipole_4.multipole_comps.multipole_comps_1": -0.00702453717166,
                        "ellipses.ellipse_1.ell_comps.ell_comps_0": 0.12601676500406,
                        "ellipses.ellipse_1.ell_comps.ell_comps_1": -0.06465446360394,
                        "multipoles.1.multipole_3.multipole_comps.multipole_comps_0": -0.01903612523992,
                        "multipoles.1.multipole_3.multipole_comps.multipole_comps_1": 0.00818809463476,
                        "multipoles.1.multipole_4.multipole_comps.multipole_comps_0": -0.01066660618861,
                        "multipoles.1.multipole_4.multipole_comps.multipole_comps_1": 0.00553648822457,
                        "ellipses.ellipse_2.ell_comps.ell_comps_0": 0.14847096136643,
                        "ellipses.ellipse_2.ell_comps.ell_comps_1": -0.05228961295587,
                        "multipoles.2.multipole_3.multipole_comps.multipole_comps_0": 0.01338113759831,
                        "multipoles.2.multipole_3.multipole_comps.multipole_comps_1": -0.03744905866695,
                        "multipoles.2.multipole_4.multipole_comps.multipole_comps_0": -0.0272170880058,
                        "multipoles.2.multipole_4.multipole_comps.multipole_comps_1": 0.00918416974541,
                        "ellipses.ellipse_3.ell_comps.ell_comps_0": 0.0900036402096,
                        "ellipses.ellipse_3.ell_comps.ell_comps_1": 0.03091076903193,
                        "multipoles.3.multipole_3.multipole_comps.multipole_comps_0": -0.09774013544459,
                        "multipoles.3.multipole_3.multipole_comps.multipole_comps_1": -0.07898497949656,
                        "multipoles.3.multipole_4.multipole_comps.multipole_comps_0": 0.07357666984953,
                        "multipoles.3.multipole_4.multipole_comps.multipole_comps_1": 0.01332042457629,
                        "ellipses.ellipse_4.ell_comps.ell_comps_0": -0.00523637137536,
                        "ellipses.ellipse_4.ell_comps.ell_comps_1": -0.27801350998287,
                        "multipoles.4.multipole_3.multipole_comps.multipole_comps_0": 0.0773440094038,
                        "multipoles.4.multipole_3.multipole_comps.multipole_comps_1": -0.04646928664359,
                        "multipoles.4.multipole_4.multipole_comps.multipole_comps_0": 0.0473108385341,
                        "multipoles.4.multipole_4.multipole_comps.multipole_comps_1": -0.01343420328961
                    }
                }
            }
        }
    }
}