{
    "type": "instance",
    "class_path": "autofit.non_linear.samples.summary.SamplesSummary",
    "arguments": {
        "model": null,
        "values_at_sigma_3": {
            "type": "list",
            "values": [
                {
                    "type": "tuple",
                    "values": [
                        0.00715141721514802,
                        0.13712837423708824
                    ]
                },
                {
                    "type": "tuple",
                    "values": [
                        -0.3011157724027497,
                        -0.062486864072816936
                    ]
                },
                {
                    "type": "tuple",
                    "values": [
                        1.1696408685473072,
                        1.4258417400327112
                    ]
                },
                {
                    "type": "tuple",
                    "values": [
                        -0.019235612185031777,
                        0.050329936934359776
                    ]
                },
                {
                    "type": "tuple",
                    "values": [
                        -0.031506593369243135,
                        0.04061585200437337
                    ]
                },
                {
                    "type": "tuple",
                    "values": [
                        1.6219513218795485,
                        2.5584780983347364
                    ]
                },
                {
                    "type": "tuple",
                    "values": [
                        -0.03682813560580643,
                        0.0847968280512613
                    ]
                },
                {
                    "type": "tuple",
                    "values": [
                        -0.006437798448250598,
                        0.05885531311656876
                    ]
                }
            ]
        },
        "log_evidence": -33919.85877970563,
        "errors_at_sigma_1": {
            "type": "list",
            "values": [
                {
                    "type": "tuple",
                    "values": [
                        0.0186313023188025,
                        0.019947382743718114
                    ]
                },
                {
                    "type": "tuple",
                    "values": [
                        0.03841508503543781,
                        0.031594034250728764
                    ]
                },
                {
                    "type": "tuple",
                    "values": [
                        0.026235540026086523,
                        0.034761766339138855
                    ]
                },
                {
                    "type": "tuple",
                    "values": [
                        0.011741560302935215,
                        0.012340425948902518
                    ]
                },
                {
                    "type": "tuple",
                    "values": [
                        0.011793492539053513,
                        0.01243156246003783
                    ]
                },
                {
                    "type": "tuple",
                    "values": [
                        0.14653026410866832,
                        0.16488882500878121
                    ]
                },
                {
                    "type": "tuple",
                    "values": [
                        0.021266005418934347,
                        0.022064226763076112
                    ]
                },
                {
                    "type": "tuple",
                    "values": [
                        0.010771950522525376,
                        0.01084336535837424
                    ]
                }
            ]
        },
        "max_log_likelihood_sample": {
            "type": "instance",
            "class_path": "autofit.non_linear.samples.sample.Sample",
            "arguments": {
                "log_likelihood": -33894.806812207215,
                "log_prior": 0.1602532158489739,
                "weight": 4.158080046261326e-05,
                "kwargs": {
                    "type": "dict",
                    "arguments": {
                        "galaxies.lens.mass.ell_comps.ell_comps_0": 0.04891322100008156,
                        "galaxies.lens.mass.ell_comps.ell_comps_1": -0.12079105331037249,
                        "galaxies.lens.mass.einstein_radius": 1.2145283246317984,
                        "galaxies.lens.mass.centre.centre_0": 0.014266946415181182,
                        "galaxies.lens.mass.centre.centre_1": -0.0030357952280096294,
                        "galaxies.lens.mass.slope": 1.81658162651967,
                        "galaxies.lens.shear.gamma_1": -0.00617200454092,
                        "galaxies.lens.shear.gamma_2": 0.02658811800429
                    }
                }
            }
        },
        "errors_at_sigma_3": {
            "type": "list",
            "values": [
                {
                    "type": "tuple",
                    "values": [
                        0.054481126214051934,
                        0.07549583080788828
                    ]
                },
                {
                    "type": "tuple",
                    "values": [
                        0.1596338518404336,
                        0.07899505648949919
                    ]
                },
                {
                    "type": "tuple",
                    "values": [
                        0.08242135251584748,
                        0.17377951896955657
                    ]
                },
                {
                    "type": "tuple",
                    "values": [
                        0.03458408658565136,
                        0.03498146253374019
                    ]
                },
                {
                    "type": "tuple",
                    "values": [
                        0.034406079003634564,
                        0.03771636636998194
                    ]
                },
                {
                    "type": "tuple",
                    "values": [
                        0.40527302405585663,
                        0.5312537523993313
                    ]
                },
                {
                    "type": "tuple",
                    "values": [
                        0.053273674163921286,
                        0.06835128949314645
                    ]
                },
                {
                    "type": "tuple",
                    "values": [
                        0.033156995961859156,
                        0.0321361156029602
                    ]
                }
            ]
        },
        "values_at_sigma_1": {
            "type": "list",
            "values": [
                {
                    "type": "tuple",
                    "values": [
                        0.04300124111039745,
                        0.08157992617291807
                    ]
                },
                {
                    "type": "tuple",
                    "values": [
                        -0.17989700559775393,
                        -0.10988788631158736
                    ]
                },
                {
                    "type": "tuple",
                    "values": [
                        1.2258266810370682,
                        1.2868239874022935
                    ]
                },
                {
                    "type": "tuple",
                    "values": [
                        0.0036069140976843716,
                        0.027688900349522105
                    ]
                },
                {
                    "type": "tuple",
                    "values": [
                        -0.008894006904662086,
                        0.015331048094429256
                    ]
                },
                {
                    "type": "tuple",
                    "values": [
                        1.8806940818267368,
                        2.1921131709441863
                    ]
                },
                {
                    "type": "tuple",
                    "values": [
                        -0.0048204668608194945,
                        0.038509765321190964
                    ]
                },
                {
                    "type": "tuple",
                    "values": [
                        0.015947246991083183,
                        0.0375625628719828
                    ]
                }
            ]
        },
        "median_pdf_sample": {
            "type": "instance",
            "class_path": "autofit.non_linear.samples.sample.Sample",
            "arguments": {
                "log_likelihood": -33894.806812207215,
                "log_prior": 0.1602532158489739,
                "weight": 4.158080046261326e-05,
                "kwargs": {
                    "type": "dict",
                    "arguments": {
                        "galaxies.lens.mass.ell_comps.ell_comps_0": 0.06163254342919995,
                        "galaxies.lens.mass.ell_comps.ell_comps_1": -0.14148192056231612,
                        "galaxies.lens.mass.einstein_radius": 1.2520622210631547,
                        "galaxies.lens.mass.centre.centre_0": 0.015348474400619587,
                        "galaxies.lens.mass.centre.centre_1": 0.0028994856343914272,
                        "galaxies.lens.mass.slope": 2.027224345935405,
                        "galaxies.lens.shear.gamma_1": 0.016445538558114852,
                        "galaxies.lens.shear.gamma_2": 0.02671919751360856
                    }
                }
            }
        }
    }
}