{
    "type": "instance",
    "class_path": "autofit.non_linear.samples.summary.SamplesSummary",
    "arguments": {
        "errors_at_sigma_3": {
            "type": "list",
            "values": [
                {
                    "type": "tuple",
                    "values": [
                        0.020345582284872654,
                        0.01256110922609055
                    ]
                },
                {
                    "type": "tuple",
                    "values": [
                        0.022229787255585384,
                        0.04306278382035462
                    ]
                },
                {
                    "type": "tuple",
                    "values": [
                        0.09126102887091467,
                        0.06453679199928
                    ]
                },
                {
                    "type": "tuple",
                    "values": [
                        0.051263137579919994,
                        0.05270063249905154
                    ]
                },
                {
                    "type": "tuple",
                    "values": [
                        0.08667930366476163,
                        0.09730496532934836
                    ]
                },
                {
                    "type": "tuple",
                    "values": [
                        0.07267561049153572,
                        0.07017120632995213
                    ]
                }
            ]
        },
        "median_pdf_sample": {
            "type": "instance",
            "class_path": "autofit.non_linear.samples.sample.Sample",
            "arguments": {
                "log_likelihood": -48.08104525607531,
                "log_prior": 0.0,
                "weight": 0.0010336699692561296,
                "kwargs": {
                    "type": "dict",
                    "arguments": {
                        "ellipses.0.ell_comps.ell_comps_0": -0.26851514268816057,
                        "ellipses.0.ell_comps.ell_comps_1": -0.01658007904335462,
                        "multipoles.0.multipole_3.multipole_comps.multipole_comps_0": 0.02801043745568,
                        "multipoles.0.multipole_3.multipole_comps.multipole_comps_1": 0.00544011877531,
                        "multipoles.0.multipole_4.multipole_comps.multipole_comps_0": -0.012432046923598361,
                        "multipoles.0.multipole_4.multipole_comps.multipole_comps_1": -0.003993639997210331
                    }
                }
            }
        },
        "model": null,
        "errors_at_sigma_1": {
            "type": "list",
            "values": [
                {
                    "type": "tuple",
                    "values": [
                        0.0031271874686856216,
                        0.0036877397780905596
                    ]
                },
                {
                    "type": "tuple",
                    "values": [
                        0.005427244730398455,
                        0.01927148267717544
                    ]
                },
                {
                    "type": "tuple",
                    "values": [
                        0.032269957124535786,
                        0.02212153550846
                    ]
                },
                {
                    "type": "tuple",
                    "values": [
                        0.024675483222283207,
                        0.023112205152713058
                    ]
                },
                {
                    "type": "tuple",
                    "values": [
                        0.04602332117212826,
                        0.04135254995376836
                    ]
                },
                {
                    "type": "tuple",
                    "values": [
                        0.038163849327949674,
                        0.019107071262259342
                    ]
                }
            ]
        },
        "values_at_sigma_3": {
            "type": "list",
            "values": [
                {
                    "type": "tuple",
                    "values": [
                        -0.2888607249730332,
                        -0.25595403346207
                    ]
                },
                {
                    "type": "tuple",
                    "values": [
                        -0.03880986629894,
                        0.026482704777
                    ]
                },
                {
                    "type": "tuple",
                    "values": [
                        -0.06325059141523466,
                        0.09254722945496
                    ]
                },
                {
                    "type": "tuple",
                    "values": [
                        -0.04582301880461,
                        0.05814075127436154
                    ]
                },
                {
                    "type": "tuple",
                    "values": [
                        -0.09911135058836,
                        0.08487291840575
                    ]
                },
                {
                    "type": "tuple",
                    "values": [
                        -0.07666925048874605,
                        0.0661775663327418
                    ]
                }
            ]
        },
        "values_at_sigma_1": {
            "type": "list",
            "values": [
                {
                    "type": "tuple",
                    "values": [
                        -0.2716423301568462,
                        -0.26482740291007
                    ]
                },
                {
                    "type": "tuple",
                    "values": [
                        -0.022007323773753074,
                        0.0026914036338208224
                    ]
                },
                {
                    "type": "tuple",
                    "values": [
                        -0.004259519668855787,
                        0.05013197296414
                    ]
                },
                {
                    "type": "tuple",
                    "values": [
                        -0.019235364446973206,
                        0.02855232392802306
                    ]
                },
                {
                    "type": "tuple",
                    "values": [
                        -0.05845536809572662,
                        0.02892050303017
                    ]
                },
                {
                    "type": "tuple",
                    "values": [
                        -0.04215748932516,
                        0.01511343126504901
                    ]
                }
            ]
        },
        "max_log_likelihood_sample": {
            "type": "instance",
            "class_path": "autofit.non_linear.samples.sample.Sample",
            "arguments": {
                "log_likelihood": -48.08104525607531,
                "log_prior": 0.0,
                "weight": 0.0010336699692561296,
                "kwargs": {
                    "type": "dict",
                    "arguments": {
                        "ellipses.0.ell_comps.ell_comps_0": -0.26716453965813,
                        "ellipses.0.ell_comps.ell_comps_1": -0.01601506628114,
                        "multipoles.0.multipole_3.multipole_comps.multipole_comps_0": 0.04378916380808,
                        "multipoles.0.multipole_3.multipole_comps.multipole_comps_1": -0.01854852710143,
                        "multipoles.0.multipole_4.multipole_comps.multipole_comps_0": 0.02185686639808,
                        "multipoles.0.multipole_4.multipole_comps.multipole_comps_1": -0.05174562161736
                    }
                }
            }
        },
        "log_evidence": -66.45130787017972
    }
}