{
    "type": "instance",
    "class_path": "autofit.non_linear.samples.summary.SamplesSummary",
    "arguments": {
        "values_at_sigma_1": {
            "type": "list",
            "values": [
                {
                    "type": "tuple",
                    "values": [
                        -0.13711258929192,
                        -0.12736722302489523
                    ]
                },
                {
                    "type": "tuple",
                    "values": [
                        0.13108649990663,
                        0.14309705921701646
                    ]
                },
                {
                    "type": "tuple",
                    "values": [
                        -0.033871866997659573,
                        -0.004541573667554063
                    ]
                },
                {
                    "type": "tuple",
                    "values": [
                        0.00333090576502,
                        0.04190626923684
                    ]
                },
                {
                    "type": "tuple",
                    "values": [
                        -0.02828401508295,
                        0.0012812846095617211
                    ]
                },
                {
                    "type": "tuple",
                    "values": [
                        -0.017403313817018356,
                        0.012997832419532401
                    ]
                }
            ]
        },
        "median_pdf_sample": {
            "type": "instance",
            "class_path": "autofit.non_linear.samples.sample.Sample",
            "arguments": {
                "log_likelihood": -41.65795679230497,
                "log_prior": 0.0,
                "weight": 0.0010258257542530046,
                "kwargs": {
                    "type": "dict",
                    "arguments": {
                        "ellipses.0.ell_comps.ell_comps_0": -0.13102935477346,
                        "ellipses.0.ell_comps.ell_comps_1": 0.13380437584194377,
                        "multipoles.0.multipole_3.multipole_comps.multipole_comps_0": -0.01934386068786295,
                        "multipoles.0.multipole_3.multipole_comps.multipole_comps_1": 0.02980420044846124,
                        "multipoles.0.multipole_4.multipole_comps.multipole_comps_0": -0.014531006550253984,
                        "multipoles.0.multipole_4.multipole_comps.multipole_comps_1": -0.005647599178975118
                    }
                }
            }
        },
        "max_log_likelihood_sample": {
            "type": "instance",
            "class_path": "autofit.non_linear.samples.sample.Sample",
            "arguments": {
                "log_likelihood": -41.65795679230497,
                "log_prior": 0.0,
                "weight": 0.0010258257542530046,
                "kwargs": {
                    "type": "dict",
                    "arguments": {
                        "ellipses.0.ell_comps.ell_comps_0": -0.12925129662584,
                        "ellipses.0.ell_comps.ell_comps_1": 0.13361271211885,
                        "multipoles.0.multipole_3.multipole_comps.multipole_comps_0": -0.0181913021935,
                        "multipoles.0.multipole_3.multipole_comps.multipole_comps_1": 0.03591904411146,
                        "multipoles.0.multipole_4.multipole_comps.multipole_comps_0": -0.01127639121847,
                        "multipoles.0.multipole_4.multipole_comps.multipole_comps_1": -0.00644287947057
                    }
                }
            }
        },
        "model": null,
        "errors_at_sigma_3": {
            "type": "list",
            "values": [
                {
                    "type": "tuple",
                    "values": [
                        0.02288481248383456,
                        0.01642635046909001
                    ]
                },
                {
                    "type": "tuple",
                    "values": [
                        0.010588198999250772,
                        0.024471107999757824
                    ]
                },
                {
                    "type": "tuple",
                    "values": [
                        0.06300604367570704,
                        0.04055988163535697
                    ]
                },
                {
                    "type": "tuple",
                    "values": [
                        0.11201853400825115,
                        0.035575570448350746
                    ]
                },
                {
                    "type": "tuple",
                    "values": [
                        0.044889501692136013,
                        0.04395897507378398
                    ]
                },
                {
                    "type": "tuple",
                    "values": [
                        0.03599079246022489,
                        0.05860020658143512
                    ]
                }
            ]
        },
        "log_evidence": -60.29546780578727,
        "values_at_sigma_3": {
            "type": "list",
            "values": [
                {
                    "type": "tuple",
                    "values": [
                        -0.15391416725729457,
                        -0.11460300430437
                    ]
                },
                {
                    "type": "tuple",
                    "values": [
                        0.123216176842693,
                        0.1582754838417016
                    ]
                },
                {
                    "type": "tuple",
                    "values": [
                        -0.08234990436357,
                        0.02121602094749402
                    ]
                },
                {
                    "type": "tuple",
                    "values": [
                        -0.08221433355978991,
                        0.06537977089681199
                    ]
                },
                {
                    "type": "tuple",
                    "values": [
                        -0.05942050824239,
                        0.02942796852353
                    ]
                },
                {
                    "type": "tuple",
                    "values": [
                        -0.0416383916392,
                        0.05295260740246
                    ]
                }
            ]
        },
        "errors_at_sigma_1": {
            "type": "list",
            "values": [
                {
                    "type": "tuple",
                    "values": [
                        0.00608323451845999,
                        0.0036621317485647786
                    ]
                },
                {
                    "type": "tuple",
                    "values": [
                        0.0027178759353137794,
                        0.009292683375072691
                    ]
                },
                {
                    "type": "tuple",
                    "values": [
                        0.014528006309796622,
                        0.014802287020308887
                    ]
                },
                {
                    "type": "tuple",
                    "values": [
                        0.02647329468344124,
                        0.012102068788378762
                    ]
                },
                {
                    "type": "tuple",
                    "values": [
                        0.013753008532696016,
                        0.015812291159815705
                    ]
                },
                {
                    "type": "tuple",
                    "values": [
                        0.011755714638043237,
                        0.01864543159850752
                    ]
                }
            ]
        }
    }
}