{
    "type": "instance",
    "class_path": "autofit.non_linear.samples.summary.SamplesSummary",
    "arguments": {
        "model": null,
        "max_log_likelihood_sample": {
            "type": "instance",
            "class_path": "autofit.non_linear.samples.sample.Sample",
            "arguments": {
                "log_likelihood": -131.8110375670544,
                "log_prior": 0.0,
                "weight": 0.001054819229150223,
                "kwargs": {
                    "type": "dict",
                    "arguments": {
                        "ellipses.ellipse_4.centre.centre_0": 0.00551896639049,
                        "ellipses.ellipse_4.centre.centre_1": 0.00553011006597,
                        "ellipses.ellipse_0.ell_comps.ell_comps_0": -0.0358266702737,
                        "ellipses.ellipse_0.ell_comps.ell_comps_1": 0.01640616094679,
                        "multipoles.0.multipole_3.multipole_comps.multipole_comps_0": -0.00444926155654,
                        "multipoles.0.multipole_3.multipole_comps.multipole_comps_1": 0.00883539829969,
                        "multipoles.0.multipole_4.multipole_comps.multipole_comps_0": -0.0076348107613,
                        "multipoles.0.multipole_4.multipole_comps.multipole_comps_1": 0.00495300611062,
                        "ellipses.ellipse_1.ell_comps.ell_comps_0": -0.08403605468293,
                        "ellipses.ellipse_1.ell_comps.ell_comps_1": 0.05870521382903,
                        "multipoles.1.multipole_3.multipole_comps.multipole_comps_0": 0.00580943870064,
                        "multipoles.1.multipole_3.multipole_comps.multipole_comps_1": -0.01272766618241,
                        "multipoles.1.multipole_4.multipole_comps.multipole_comps_0": -0.03102987456531,
                        "multipoles.1.multipole_4.multipole_comps.multipole_comps_1": 0.01953478612722,
                        "ellipses.ellipse_2.ell_comps.ell_comps_0": -0.06054619586245,
                        "ellipses.ellipse_2.ell_comps.ell_comps_1": -0.08956624818247,
                        "multipoles.2.multipole_3.multipole_comps.multipole_comps_0": 0.01696805678785,
                        "multipoles.2.multipole_3.multipole_comps.multipole_comps_1": -0.01695536507455,
                        "multipoles.2.multipole_4.multipole_comps.multipole_comps_0": 0.03243559071324,
                        "multipoles.2.multipole_4.multipole_comps.multipole_comps_1": 0.00841258345349,
                        "ellipses.ellipse_3.ell_comps.ell_comps_0": -0.0714636021373,
                        "ellipses.ellipse_3.ell_comps.ell_comps_1": -0.01546535076694,
                        "multipoles.3.multipole_3.multipole_comps.multipole_comps_0": -0.04366152488317,
                        "multipoles.3.multipole_3.multipole_comps.multipole_comps_1": 0.00478726202799,
                        "multipoles.3.multipole_4.multipole_comps.multipole_comps_0": -0.0246427255537,
                        "multipoles.3.multipole_4.multipole_comps.multipole_comps_1": 0.01303430400765,
                        "ellipses.ellipse_4.ell_comps.ell_comps_0": -0.06995569747676,
                        "ellipses.ellipse_4.ell_comps.ell_comps_1": 0.22614366166054,
                        "multipoles.4.multipole_3.multipole_comps.multipole_comps_0": 0.05406862001995,
                        "multipoles.4.multipole_3.multipole_comps.multipole_comps_1": 0.00887598960532,
                        "multipoles.4.multipole_4.multipole_comps.multipole_comps_0": 0.03238090862823,
                        "multipoles.4.multipole_4.multipole_comps.multipole_comps_1": 0.0142052301181
                    }
                }
            }
        },
        "median_pdf_sample": {
            "type": "instance",
            "class_path": "autofit.non_linear.samples.sample.Sample",
            "arguments": {
                "log_likelihood": -131.8110375670544,
                "log_prior": 0.0,
                "weight": 0.001054819229150223,
                "kwargs": {
                    "type": "dict",
                    "arguments": {
                        "ellipses.ellipse_4.centre.centre_0": 0.005974275852569164,
                        "ellipses.ellipse_4.centre.centre_1": 0.00346577406128,
                        "ellipses.ellipse_0.ell_comps.ell_comps_0": -0.03562198591045,
                        "ellipses.ellipse_0.ell_comps.ell_comps_1": 0.01666734104713,
                        "multipoles.0.multipole_3.multipole_comps.multipole_comps_0": -0.0037421129805195186,
                        "multipoles.0.multipole_3.multipole_comps.multipole_comps_1": 0.010167814026957371,
                        "multipoles.0.multipole_4.multipole_comps.multipole_comps_0": -0.009449792993428172,
                        "multipoles.0.multipole_4.multipole_comps.multipole_comps_1": 0.00554544676357,
                        "ellipses.ellipse_1.ell_comps.ell_comps_0": -0.0867463077744096,
                        "ellipses.ellipse_1.ell_comps.ell_comps_1": 0.05828194732668,
                        "multipoles.1.multipole_3.multipole_comps.multipole_comps_0": 0.0048021646801456345,
                        "multipoles.1.multipole_3.multipole_comps.multipole_comps_1": -0.015220761565222184,
                        "multipoles.1.multipole_4.multipole_comps.multipole_comps_0": -0.02587958645716981,
                        "multipoles.1.multipole_4.multipole_comps.multipole_comps_1": 0.02092708549157,
                        "ellipses.ellipse_2.ell_comps.ell_comps_0": -0.06610171191594863,
                        "ellipses.ellipse_2.ell_comps.ell_comps_1": -0.09511562327018461,
                        "multipoles.2.multipole_3.multipole_comps.multipole_comps_0": 0.02121991670128755,
                        "multipoles.2.multipole_3.multipole_comps.multipole_comps_1": -0.018833862981041265,
                        "multipoles.2.multipole_4.multipole_comps.multipole_comps_0": 0.02888020033123,
                        "multipoles.2.multipole_4.multipole_comps.multipole_comps_1": 0.00673014432680169,
                        "ellipses.ellipse_3.ell_comps.ell_comps_0": -0.07416964482325808,
                        "ellipses.ellipse_3.ell_comps.ell_comps_1": -0.01255810591782,
                        "multipoles.3.multipole_3.multipole_comps.multipole_comps_0": -0.04143170358994379,
                        "multipoles.3.multipole_3.multipole_comps.multipole_comps_1": 0.0036756560291679842,
                        "multipoles.3.multipole_4.multipole_comps.multipole_comps_0": -0.01856012058113,
                        "multipoles.3.multipole_4.multipole_comps.multipole_comps_1": 0.01425946796932,
                        "ellipses.ellipse_4.ell_comps.ell_comps_0": -0.06866897391368,
                        "ellipses.ellipse_4.ell_comps.ell_comps_1": 0.22634437513773392,
                        "multipoles.4.multipole_3.multipole_comps.multipole_comps_0": 0.052654611618543595,
                        "multipoles.4.multipole_3.multipole_comps.multipole_comps_1": 0.013774048902935713,
                        "multipoles.4.multipole_4.multipole_comps.multipole_comps_0": 0.03223627228250919,
                        "multipoles.4.multipole_4.multipole_comps.multipole_comps_1": 0.01280130735694
                    }
                }
            }
        },
        "values_at_sigma_1": {
            "type": "list",
            "values": [
                {
                    "type": "tuple",
                    "values": [
                        0.0034117987618,
                        0.006789588056586953
                    ]
                },
                {
                    "type": "tuple",
                    "values": [
                        0.0021957280461285555,
                        0.00468136444504
                    ]
                },
                {
                    "type": "tuple",
                    "values": [
                        -0.04124707678532747,
                        -0.030699412559796795
                    ]
                },
                {
                    "type": "tuple",
                    "values": [
                        0.012553162315573529,
                        0.02017643750223
                    ]
                },
                {
                    "type": "tuple",
                    "values": [
                        -0.005016074219213109,
                        -0.0015752555629571087
                    ]
                },
                {
                    "type": "tuple",
                    "values": [
                        0.0070363651128270985,
                        0.01221739892456
                    ]
                },
                {
                    "type": "tuple",
                    "values": [
                        -0.010124986216495102,
                        -0.008423777365967625
                    ]
                },
                {
                    "type": "tuple",
                    "values": [
                        0.004533988119095144,
                        0.00669678217181
                    ]
                },
                {
                    "type": "tuple",
                    "values": [
                        -0.09048391176659007,
                        -0.07913771813427987
                    ]
                },
                {
                    "type": "tuple",
                    "values": [
                        0.05367435683682604,
                        0.06040383820352846
                    ]
                },
                {
                    "type": "tuple",
                    "values": [
                        0.00038148848442711645,
                        0.00981766545712
                    ]
                },
                {
                    "type": "tuple",
                    "values": [
                        -0.01776586829282,
                        -0.01123103268047
                    ]
                },
                {
                    "type": "tuple",
                    "values": [
                        -0.030690192339974796,
                        -0.022149670311281292
                    ]
                },
                {
                    "type": "tuple",
                    "values": [
                        0.01597695046385,
                        0.02465185183117
                    ]
                },
                {
                    "type": "tuple",
                    "values": [
                        -0.07140359705375,
                        -0.05726113153598158
                    ]
                },
                {
                    "type": "tuple",
                    "values": [
                        -0.10239196036129371,
                        -0.09046825396125448
                    ]
                },
                {
                    "type": "tuple",
                    "values": [
                        0.01690093546205,
                        0.02340303879695
                    ]
                },
                {
                    "type": "tuple",
                    "values": [
                        -0.02151443084147808,
                        -0.015581444436479318
                    ]
                },
                {
                    "type": "tuple",
                    "values": [
                        0.023871408564074537,
                        0.031720648314657776
                    ]
                },
                {
                    "type": "tuple",
                    "values": [
                        0.001696963501002158,
                        0.01006192341761
                    ]
                },
                {
                    "type": "tuple",
                    "values": [
                        -0.07770992206386915,
                        -0.07185845658942
                    ]
                },
                {
                    "type": "tuple",
                    "values": [
                        -0.018669277177467435,
                        -0.00836900191392
                    ]
                },
                {
                    "type": "tuple",
                    "values": [
                        -0.04898060049037399,
                        -0.035149720859582075
                    ]
                },
                {
                    "type": "tuple",
                    "values": [
                        -0.0009636813615112851,
                        0.005243600566361971
                    ]
                },
                {
                    "type": "tuple",
                    "values": [
                        -0.023496256039193992,
                        -0.0146088814297
                    ]
                },
                {
                    "type": "tuple",
                    "values": [
                        0.012229051252008228,
                        0.016496634591642228
                    ]
                },
                {
                    "type": "tuple",
                    "values": [
                        -0.07832702092716498,
                        -0.06597115093220748
                    ]
                },
                {
                    "type": "tuple",
                    "values": [
                        0.2241598599679046,
                        0.22869690931293007
                    ]
                },
                {
                    "type": "tuple",
                    "values": [
                        0.03918636728214,
                        0.05738067008903645
                    ]
                },
                {
                    "type": "tuple",
                    "values": [
                        0.00857766184752,
                        0.01883456939559
                    ]
                },
                {
                    "type": "tuple",
                    "values": [
                        0.0276069727121919,
                        0.03570843954077006
                    ]
                },
                {
                    "type": "tuple",
                    "values": [
                        0.009347100283332134,
                        0.0165758608636
                    ]
                }
            ]
        },
        "errors_at_sigma_3": {
            "type": "list",
            "values": [
                {
                    "type": "tuple",
                    "values": [
                        0.019123595812159166,
                        0.002747336064574812
                    ]
                },
                {
                    "type": "tuple",
                    "values": [
                        0.01356936476875,
                        0.01418351494085
                    ]
                },
                {
                    "type": "tuple",
                    "values": [
                        0.03845706319830999,
                        0.02394655681530868
                    ]
                },
                {
                    "type": "tuple",
                    "values": [
                        0.059509236232453466,
                        0.011761361418056716
                    ]
                },
                {
                    "type": "tuple",
                    "values": [
                        0.01131445431684048,
                        0.015389719268947515
                    ]
                },
                {
                    "type": "tuple",
                    "values": [
                        0.03048766426553737,
                        0.009220756028082647
                    ]
                },
                {
                    "type": "tuple",
                    "values": [
                        0.00586817668967997,
                        0.01780317505394817
                    ]
                },
                {
                    "type": "tuple",
                    "values": [
                        0.022478928549529743,
                        0.006409137555299307
                    ]
                },
                {
                    "type": "tuple",
                    "values": [
                        0.0254726572971304,
                        0.0577805558669996
                    ]
                },
                {
                    "type": "tuple",
                    "values": [
                        0.05527466410444,
                        0.008284379434857575
                    ]
                },
                {
                    "type": "tuple",
                    "values": [
                        0.048723011168525635,
                        0.03435045219710437
                    ]
                },
                {
                    "type": "tuple",
                    "values": [
                        0.009129161450276278,
                        0.03844796265124219
                    ]
                },
                {
                    "type": "tuple",
                    "values": [
                        0.02777069866583019,
                        0.0194002133566677
                    ]
                },
                {
                    "type": "tuple",
                    "values": [
                        0.03418884269025388,
                        0.03471010430462787
                    ]
                },
                {
                    "type": "tuple",
                    "values": [
                        0.042909889932651366,
                        0.10645928767608595
                    ]
                },
                {
                    "type": "tuple",
                    "values": [
                        0.027489755636867966,
                        0.04568018471081461
                    ]
                },
                {
                    "type": "tuple",
                    "values": [
                        0.01641319265553755,
                        0.023359796483702452
                    ]
                },
                {
                    "type": "tuple",
                    "values": [
                        0.026696443277398733,
                        0.013791385234016861
                    ]
                },
                {
                    "type": "tuple",
                    "values": [
                        0.04567211746716,
                        0.011349187669629997
                    ]
                },
                {
                    "type": "tuple",
                    "values": [
                        0.05034420041242169,
                        0.009826279902214335
                    ]
                },
                {
                    "type": "tuple",
                    "values": [
                        0.12364378976400289,
                        0.09453788758132588
                    ]
                },
                {
                    "type": "tuple",
                    "values": [
                        0.14075962107424,
                        0.016759699809130002
                    ]
                },
                {
                    "type": "tuple",
                    "values": [
                        0.043196336727866214,
                        0.08143640464062547
                    ]
                },
                {
                    "type": "tuple",
                    "values": [
                        0.03594997350765799,
                        0.014462469200122018
                    ]
                },
                {
                    "type": "tuple",
                    "values": [
                        0.017310079080330002,
                        0.019666335827547406
                    ]
                },
                {
                    "type": "tuple",
                    "values": [
                        0.01545860920795,
                        0.04353154908596707
                    ]
                },
                {
                    "type": "tuple",
                    "values": [
                        0.1820787658950282,
                        0.23407222284723
                    ]
                },
                {
                    "type": "tuple",
                    "values": [
                        0.20219119117600393,
                        0.04090225324337454
                    ]
                },
                {
                    "type": "tuple",
                    "values": [
                        0.1037720284199236,
                        0.013546633887296405
                    ]
                },
                {
                    "type": "tuple",
                    "values": [
                        0.0777469571779761,
                        0.049231926637294296
                    ]
                },
                {
                    "type": "tuple",
                    "values": [
                        0.0815069295600992,
                        0.0362679435830108
                    ]
                },
                {
                    "type": "tuple",
                    "values": [
                        0.04231666740116635,
                        0.045461134648784166
                    ]
                }
            ]
        },
        "values_at_sigma_3": {
            "type": "list",
            "values": [
                {
                    "type": "tuple",
                    "values": [
                        -0.01314931995959,
                        0.008721611917143976
                    ]
                },
                {
                    "type": "tuple",
                    "values": [
                        -0.01010359070747,
                        0.01764928900213
                    ]
                },
                {
                    "type": "tuple",
                    "values": [
                        -0.07407904910876,
                        -0.011675429095141323
                    ]
                },
                {
                    "type": "tuple",
                    "values": [
                        -0.04284189518532346,
                        0.028428702465186716
                    ]
                },
                {
                    "type": "tuple",
                    "values": [
                        -0.01505656729736,
                        0.011647606288427996
                    ]
                },
                {
                    "type": "tuple",
                    "values": [
                        -0.02031985023858,
                        0.01938857005504002
                    ]
                },
                {
                    "type": "tuple",
                    "values": [
                        -0.015317969683108142,
                        0.00835338206052
                    ]
                },
                {
                    "type": "tuple",
                    "values": [
                        -0.016933481785959745,
                        0.011954584318869307
                    ]
                },
                {
                    "type": "tuple",
                    "values": [
                        -0.11221896507154,
                        -0.02896575190741
                    ]
                },
                {
                    "type": "tuple",
                    "values": [
                        0.00300728322224,
                        0.06656632676153758
                    ]
                },
                {
                    "type": "tuple",
                    "values": [
                        -0.04392084648838,
                        0.03915261687725
                    ]
                },
                {
                    "type": "tuple",
                    "values": [
                        -0.024349923015498463,
                        0.02322720108602
                    ]
                },
                {
                    "type": "tuple",
                    "values": [
                        -0.053650285123,
                        -0.006479373100502109
                    ]
                },
                {
                    "type": "tuple",
                    "values": [
                        -0.013261757198683879,
                        0.055637189796197875
                    ]
                },
                {
                    "type": "tuple",
                    "values": [
                        -0.1090116018486,
                        0.040357575760137314
                    ]
                },
                {
                    "type": "tuple",
                    "values": [
                        -0.12260537890705257,
                        -0.04943543855937
                    ]
                },
                {
                    "type": "tuple",
                    "values": [
                        0.00480672404575,
                        0.04457971318499
                    ]
                },
                {
                    "type": "tuple",
                    "values": [
                        -0.04553030625844,
                        -0.005042477747024405
                    ]
                },
                {
                    "type": "tuple",
                    "values": [
                        -0.01679191713593,
                        0.04022938800086
                    ]
                },
                {
                    "type": "tuple",
                    "values": [
                        -0.04361405608562,
                        0.016556424229016025
                    ]
                },
                {
                    "type": "tuple",
                    "values": [
                        -0.19781343458726097,
                        0.0203682427580678
                    ]
                },
                {
                    "type": "tuple",
                    "values": [
                        -0.15331772699206,
                        0.00420159389131
                    ]
                },
                {
                    "type": "tuple",
                    "values": [
                        -0.08462804031781,
                        0.040004701050681685
                    ]
                },
                {
                    "type": "tuple",
                    "values": [
                        -0.03227431747849,
                        0.01813812522929
                    ]
                },
                {
                    "type": "tuple",
                    "values": [
                        -0.03587019966146,
                        0.0011062152464174054
                    ]
                },
                {
                    "type": "tuple",
                    "values": [
                        -0.00119914123863,
                        0.05779101705528707
                    ]
                },
                {
                    "type": "tuple",
                    "values": [
                        -0.2507477398087082,
                        0.16540324893355
                    ]
                },
                {
                    "type": "tuple",
                    "values": [
                        0.02415318396173,
                        0.26724662838110846
                    ]
                },
                {
                    "type": "tuple",
                    "values": [
                        -0.05111741680138,
                        0.06620124550584
                    ]
                },
                {
                    "type": "tuple",
                    "values": [
                        -0.06397290827504039,
                        0.06300597554023
                    ]
                },
                {
                    "type": "tuple",
                    "values": [
                        -0.04927065727759,
                        0.06850421586552
                    ]
                },
                {
                    "type": "tuple",
                    "values": [
                        -0.029515360044226356,
                        0.05826244200572416
                    ]
                }
            ]
        },
        "log_evidence": -174.36942911448205,
        "errors_at_sigma_1": {
            "type": "list",
            "values": [
                {
                    "type": "tuple",
                    "values": [
                        0.002562477090769164,
                        0.0008153122040177891
                    ]
                },
                {
                    "type": "tuple",
                    "values": [
                        0.0012700460151514447,
                        0.0012155903837599998
                    ]
                },
                {
                    "type": "tuple",
                    "values": [
                        0.005625090874877468,
                        0.004922573350653207
                    ]
                },
                {
                    "type": "tuple",
                    "values": [
                        0.004114178731556471,
                        0.003509096455099999
                    ]
                },
                {
                    "type": "tuple",
                    "values": [
                        0.0012739612386935906,
                        0.00216685741756241
                    ]
                },
                {
                    "type": "tuple",
                    "values": [
                        0.0031314489141302726,
                        0.0020495848976026295
                    ]
                },
                {
                    "type": "tuple",
                    "values": [
                        0.0006751932230669305,
                        0.001026015627460547
                    ]
                },
                {
                    "type": "tuple",
                    "values": [
                        0.0010114586444748552,
                        0.0011513354082400007
                    ]
                },
                {
                    "type": "tuple",
                    "values": [
                        0.003737603992180469,
                        0.007608589640129726
                    ]
                },
                {
                    "type": "tuple",
                    "values": [
                        0.004607590489853965,
                        0.0021218908768484562
                    ]
                },
                {
                    "type": "tuple",
                    "values": [
                        0.004420676195718518,
                        0.005015500776974365
                    ]
                },
                {
                    "type": "tuple",
                    "values": [
                        0.002545106727597817,
                        0.003989728884752184
                    ]
                },
                {
                    "type": "tuple",
                    "values": [
                        0.004810605882804988,
                        0.0037299161458885163
                    ]
                },
                {
                    "type": "tuple",
                    "values": [
                        0.004950135027720001,
                        0.0037247663395999983
                    ]
                },
                {
                    "type": "tuple",
                    "values": [
                        0.005301885137801374,
                        0.008840580379967052
                    ]
                },
                {
                    "type": "tuple",
                    "values": [
                        0.0072763370911091,
                        0.00464736930893013
                    ]
                },
                {
                    "type": "tuple",
                    "values": [
                        0.004318981239237549,
                        0.0021831220956624493
                    ]
                },
                {
                    "type": "tuple",
                    "values": [
                        0.002680567860436814,
                        0.0032524185445619476
                    ]
                },
                {
                    "type": "tuple",
                    "values": [
                        0.005008791767155463,
                        0.002840447983427776
                    ]
                },
                {
                    "type": "tuple",
                    "values": [
                        0.005033180825799532,
                        0.0033317790908083105
                    ]
                },
                {
                    "type": "tuple",
                    "values": [
                        0.003540277240611067,
                        0.0023111882338380796
                    ]
                },
                {
                    "type": "tuple",
                    "values": [
                        0.006111171259647434,
                        0.004189104003900001
                    ]
                },
                {
                    "type": "tuple",
                    "values": [
                        0.007548896900430202,
                        0.006281982730361714
                    ]
                },
                {
                    "type": "tuple",
                    "values": [
                        0.00463933739067927,
                        0.0015679445371939871
                    ]
                },
                {
                    "type": "tuple",
                    "values": [
                        0.004936135458063991,
                        0.003951239151430001
                    ]
                },
                {
                    "type": "tuple",
                    "values": [
                        0.0020304167173117726,
                        0.0022371666223222272
                    ]
                },
                {
                    "type": "tuple",
                    "values": [
                        0.00965804701348498,
                        0.002697822981472517
                    ]
                },
                {
                    "type": "tuple",
                    "values": [
                        0.0021845151698293153,
                        0.0023525341751961526
                    ]
                },
                {
                    "type": "tuple",
                    "values": [
                        0.013468244336403597,
                        0.004726058470492851
                    ]
                },
                {
                    "type": "tuple",
                    "values": [
                        0.005196387055415712,
                        0.005060520492654288
                    ]
                },
                {
                    "type": "tuple",
                    "values": [
                        0.004629299570317293,
                        0.0034721672582608692
                    ]
                },
                {
                    "type": "tuple",
                    "values": [
                        0.0034542070736078654,
                        0.0037745535066599986
                    ]
                }
            ]
        }
    }
}