{
    "type": "instance",
    "class_path": "autofit.non_linear.samples.summary.SamplesSummary",
    "arguments": {
        "values_at_sigma_3": {
            "type": "list",
            "values": [
                {
                    "type": "tuple",
                    "values": [
                        -0.09365515250012979,
                        -0.07235664782731555
                    ]
                },
                {
                    "type": "tuple",
                    "values": [
                        0.025013948509101405,
                        0.044142923667642525
                    ]
                },
                {
                    "type": "tuple",
                    "values": [
                        -0.0062791852920101995,
                        0.002676792188044908
                    ]
                },
                {
                    "type": "tuple",
                    "values": [
                        0.0003047967604479547,
                        0.0094866870283131
                    ]
                },
                {
                    "type": "tuple",
                    "values": [
                        -0.010050454254224007,
                        0.0027971899137714516
                    ]
                },
                {
                    "type": "tuple",
                    "values": [
                        -0.00315907009167,
                        0.00843283210163
                    ]
                }
            ]
        },
        "errors_at_sigma_1": {
            "type": "list",
            "values": [
                {
                    "type": "tuple",
                    "values": [
                        0.003225483900000964,
                        0.003487277355788229
                    ]
                },
                {
                    "type": "tuple",
                    "values": [
                        0.002911136325418326,
                        0.0035473335129861186
                    ]
                },
                {
                    "type": "tuple",
                    "values": [
                        0.0013339971411499385,
                        0.0015789647356598499
                    ]
                },
                {
                    "type": "tuple",
                    "values": [
                        0.0015656518321099998,
                        0.0014171882252193525
                    ]
                },
                {
                    "type": "tuple",
                    "values": [
                        0.00176328809203,
                        0.00223965540244
                    ]
                },
                {
                    "type": "tuple",
                    "values": [
                        0.0017479827059306966,
                        0.0017422248979905046
                    ]
                }
            ]
        },
        "log_evidence": -32.407512113523175,
        "max_log_likelihood_sample": {
            "type": "instance",
            "class_path": "autofit.non_linear.samples.sample.Sample",
            "arguments": {
                "log_likelihood": -6.762942960049427,
                "log_prior": 0.0,
                "weight": 0.0010084477493435278,
                "kwargs": {
                    "type": "dict",
                    "arguments": {
                        "ellipses.0.ell_comps.ell_comps_0": -0.08256102767576,
                        "ellipses.0.ell_comps.ell_comps_1": 0.03422231457611,
                        "multipoles.0.multipole_3.multipole_comps.multipole_comps_0": -0.00099598781125,
                        "multipoles.0.multipole_3.multipole_comps.multipole_comps_1": 0.00499018785,
                        "multipoles.0.multipole_4.multipole_comps.multipole_comps_0": -0.00269630742667,
                        "multipoles.0.multipole_4.multipole_comps.multipole_comps_1": 0.00234875028613
                    }
                }
            }
        },
        "errors_at_sigma_3": {
            "type": "list",
            "values": [
                {
                    "type": "tuple",
                    "values": [
                        0.010111323255189791,
                        0.011187181417624453
                    ]
                },
                {
                    "type": "tuple",
                    "values": [
                        0.010077597313633769,
                        0.009051377844907352
                    ]
                },
                {
                    "type": "tuple",
                    "values": [
                        0.004512080836370138,
                        0.004443896643684969
                    ]
                },
                {
                    "type": "tuple",
                    "values": [
                        0.0043140298526720446,
                        0.004867860415193101
                    ]
                },
                {
                    "type": "tuple",
                    "values": [
                        0.006172078988614007,
                        0.006675565179381452
                    ]
                },
                {
                    "type": "tuple",
                    "values": [
                        0.005811822648107447,
                        0.005780079545192553
                    ]
                }
            ]
        },
        "values_at_sigma_1": {
            "type": "list",
            "values": [
                {
                    "type": "tuple",
                    "values": [
                        -0.08676931314494096,
                        -0.08005655188915177
                    ]
                },
                {
                    "type": "tuple",
                    "values": [
                        0.03218040949731685,
                        0.03863887933572129
                    ]
                },
                {
                    "type": "tuple",
                    "values": [
                        -0.00310110159679,
                        -0.00018813971998021166
                    ]
                },
                {
                    "type": "tuple",
                    "values": [
                        0.00305317478101,
                        0.006036014838339352
                    ]
                },
                {
                    "type": "tuple",
                    "values": [
                        -0.00564166335764,
                        -0.00163871986317
                    ]
                },
                {
                    "type": "tuple",
                    "values": [
                        0.000904769850506751,
                        0.004394977454427952
                    ]
                }
            ]
        },
        "model": null,
        "median_pdf_sample": {
            "type": "instance",
            "class_path": "autofit.non_linear.samples.sample.Sample",
            "arguments": {
                "log_likelihood": -6.762942960049427,
                "log_prior": 0.0,
                "weight": 0.0010084477493435278,
                "kwargs": {
                    "type": "dict",
                    "arguments": {
                        "ellipses.0.ell_comps.ell_comps_0": -0.08354382924494,
                        "ellipses.0.ell_comps.ell_comps_1": 0.03509154582273517,
                        "multipoles.0.multipole_3.multipole_comps.multipole_comps_0": -0.0017671044556400615,
                        "multipoles.0.multipole_3.multipole_comps.multipole_comps_1": 0.00461882661312,
                        "multipoles.0.multipole_4.multipole_comps.multipole_comps_0": -0.00387837526561,
                        "multipoles.0.multipole_4.multipole_comps.multipole_comps_1": 0.0026527525564374477
                    }
                }
            }
        }
    }
}