{
    "type": "instance",
    "class_path": "autofit.non_linear.samples.summary.SamplesSummary",
    "arguments": {
        "log_evidence": -60.74216249780383,
        "values_at_sigma_3": {
            "type": "list",
            "values": [
                {
                    "type": "tuple",
                    "values": [
                        -0.006139491741690691,
                        0.0405358967443
                    ]
                },
                {
                    "type": "tuple",
                    "values": [
                        -0.19092716814448,
                        -0.15578474846920654
                    ]
                },
                {
                    "type": "tuple",
                    "values": [
                        -0.06272211134685,
                        0.08775557152807
                    ]
                },
                {
                    "type": "tuple",
                    "values": [
                        -0.0834382982193,
                        0.08668338717620651
                    ]
                },
                {
                    "type": "tuple",
                    "values": [
                        -0.0859790751252,
                        0.08658190004961
                    ]
                },
                {
                    "type": "tuple",
                    "values": [
                        -0.03147470267003,
                        0.09994323088115
                    ]
                }
            ]
        },
        "errors_at_sigma_3": {
            "type": "list",
            "values": [
                {
                    "type": "tuple",
                    "values": [
                        0.026286167067142572,
                        0.02038922141884812
                    ]
                },
                {
                    "type": "tuple",
                    "values": [
                        0.017475314353159993,
                        0.017667105322113463
                    ]
                },
                {
                    "type": "tuple",
                    "values": [
                        0.06747687355588271,
                        0.08300080931903729
                    ]
                },
                {
                    "type": "tuple",
                    "values": [
                        0.11014364531552508,
                        0.059978040079981434
                    ]
                },
                {
                    "type": "tuple",
                    "values": [
                        0.07148693027971001,
                        0.1010740448951
                    ]
                },
                {
                    "type": "tuple",
                    "values": [
                        0.10274094254895999,
                        0.02867699100222
                    ]
                }
            ]
        },
        "median_pdf_sample": {
            "type": "instance",
            "class_path": "autofit.non_linear.samples.sample.Sample",
            "arguments": {
                "log_likelihood": -43.45261214070037,
                "log_prior": 0.0,
                "weight": 0.0010596110270194555,
                "kwargs": {
                    "type": "dict",
                    "arguments": {
                        "ellipses.0.ell_comps.ell_comps_0": 0.02014667532545188,
                        "ellipses.0.ell_comps.ell_comps_1": -0.17345185379132,
                        "multipoles.0.multipole_3.multipole_comps.multipole_comps_0": 0.004754762209032708,
                        "multipoles.0.multipole_3.multipole_comps.multipole_comps_1": 0.02670534709622507,
                        "multipoles.0.multipole_4.multipole_comps.multipole_comps_0": -0.01449214484549,
                        "multipoles.0.multipole_4.multipole_comps.multipole_comps_1": 0.07126623987893
                    }
                }
            }
        },
        "errors_at_sigma_1": {
            "type": "list",
            "values": [
                {
                    "type": "tuple",
                    "values": [
                        0.004437748677712478,
                        0.009394887585288121
                    ]
                },
                {
                    "type": "tuple",
                    "values": [
                        0.003989388341059996,
                        0.006069908784286426
                    ]
                },
                {
                    "type": "tuple",
                    "values": [
                        0.015175782581282708,
                        0.017553060153109062
                    ]
                },
                {
                    "type": "tuple",
                    "values": [
                        0.02253647329302507,
                        0.03536335601034965
                    ]
                },
                {
                    "type": "tuple",
                    "values": [
                        0.026955073589370004,
                        0.0298286164469
                    ]
                },
                {
                    "type": "tuple",
                    "values": [
                        0.040640786217439995,
                        0.022001657800850005
                    ]
                }
            ]
        },
        "model": null,
        "max_log_likelihood_sample": {
            "type": "instance",
            "class_path": "autofit.non_linear.samples.sample.Sample",
            "arguments": {
                "log_likelihood": -43.45261214070037,
                "log_prior": 0.0,
                "weight": 0.0010596110270194555,
                "kwargs": {
                    "type": "dict",
                    "arguments": {
                        "ellipses.0.ell_comps.ell_comps_0": 0.01692914487413,
                        "ellipses.0.ell_comps.ell_comps_1": -0.17544172444676,
                        "multipoles.0.multipole_3.multipole_comps.multipole_comps_0": -0.00962553933768,
                        "multipoles.0.multipole_3.multipole_comps.multipole_comps_1": 0.00223619564841,
                        "multipoles.0.multipole_4.multipole_comps.multipole_comps_0": -0.02695313723523,
                        "multipoles.0.multipole_4.multipole_comps.multipole_comps_1": 0.09971587459803
                    }
                }
            }
        },
        "values_at_sigma_1": {
            "type": "list",
            "values": [
                {
                    "type": "tuple",
                    "values": [
                        0.015708926647739402,
                        0.02954156291074
                    ]
                },
                {
                    "type": "tuple",
                    "values": [
                        -0.17744124213238,
                        -0.16738194500703357
                    ]
                },
                {
                    "type": "tuple",
                    "values": [
                        -0.01042102037225,
                        0.02230782236214177
                    ]
                },
                {
                    "type": "tuple",
                    "values": [
                        0.0041688738032,
                        0.06206870310657472
                    ]
                },
                {
                    "type": "tuple",
                    "values": [
                        -0.04144721843486,
                        0.01533647160141
                    ]
                },
                {
                    "type": "tuple",
                    "values": [
                        0.03062545366149,
                        0.09326789767978
                    ]
                }
            ]
        }
    }
}