{
    "type": "instance",
    "class_path": "autofit.non_linear.samples.summary.SamplesSummary",
    "arguments": {
        "median_pdf_sample": {
            "type": "instance",
            "class_path": "autofit.non_linear.samples.sample.Sample",
            "arguments": {
                "log_likelihood": -39.08551950924049,
                "log_prior": 0.0,
                "weight": 0.000985904415181987,
                "kwargs": {
                    "type": "dict",
                    "arguments": {
                        "ellipses.0.ell_comps.ell_comps_0": 0.16966027194836283,
                        "ellipses.0.ell_comps.ell_comps_1": -0.03202656124201795
                    }
                }
            }
        },
        "model": null,
        "log_evidence": -50.48044546629173,
        "errors_at_sigma_3": {
            "type": "list",
            "values": [
                {
                    "type": "tuple",
                    "values": [
                        0.7613313850742831,
                        0.0053417469524808525
                    ]
                },
                {
                    "type": "tuple",
                    "values": [
                        0.48445473139992024,
                        0.00552520209022795
                    ]
                }
            ]
        },
        "values_at_sigma_1": {
            "type": "list",
            "values": [
                {
                    "type": "tuple",
                    "values": [
                        0.16755107119783097,
                        0.17123109409774
                    ]
                },
                {
                    "type": "tuple",
                    "values": [
                        -0.034325830529071025,
                        -0.02983925141892032
                    ]
                }
            ]
        },
        "max_log_likelihood_sample": {
            "type": "instance",
            "class_path": "autofit.non_linear.samples.sample.Sample",
            "arguments": {
                "log_likelihood": -39.08551950924049,
                "log_prior": 0.0,
                "weight": 0.000985904415181987,
                "kwargs": {
                    "type": "dict",
                    "arguments": {
                        "ellipses.0.ell_comps.ell_comps_0": 0.17021260419042,
                        "ellipses.0.ell_comps.ell_comps_1": -0.03198445328846
                    }
                }
            }
        },
        "errors_at_sigma_1": {
            "type": "list",
            "values": [
                {
                    "type": "tuple",
                    "values": [
                        0.0021092007505318644,
                        0.0015708221493771768
                    ]
                },
                {
                    "type": "tuple",
                    "values": [
                        0.0022992692870530754,
                        0.00218730982309763
                    ]
                }
            ]
        },
        "values_at_sigma_3": {
            "type": "list",
            "values": [
                {
                    "type": "tuple",
                    "values": [
                        -0.5916711131259202,
                        0.1750020189008437
                    ]
                },
                {
                    "type": "tuple",
                    "values": [
                        -0.5164812926419382,
                        -0.02650135915179
                    ]
                }
            ]
        }
    }
}