{
    "type": "instance",
    "class_path": "autofit.non_linear.samples.summary.SamplesSummary",
    "arguments": {
        "values_at_sigma_3": {
            "type": "list",
            "values": [
                {
                    "type": "tuple",
                    "values": [
                        -0.01125559338182163,
                        0.0107590358302
                    ]
                },
                {
                    "type": "tuple",
                    "values": [
                        -0.1320814406725795,
                        -0.11126787005485726
                    ]
                }
            ]
        },
        "model": null,
        "median_pdf_sample": {
            "type": "instance",
            "class_path": "autofit.non_linear.samples.sample.Sample",
            "arguments": {
                "log_likelihood": -32.60091159772597,
                "log_prior": 0.0,
                "weight": 0.0009867733639776157,
                "kwargs": {
                    "type": "dict",
                    "arguments": {
                        "ellipses.0.ell_comps.ell_comps_0": -0.0008141609735275719,
                        "ellipses.0.ell_comps.ell_comps_1": -0.12248392422903
                    }
                }
            }
        },
        "log_evidence": -42.623335987386824,
        "errors_at_sigma_3": {
            "type": "list",
            "values": [
                {
                    "type": "tuple",
                    "values": [
                        0.010441432408294057,
                        0.011573196803727571
                    ]
                },
                {
                    "type": "tuple",
                    "values": [
                        0.00959751644354949,
                        0.011216054174172735
                    ]
                }
            ]
        },
        "max_log_likelihood_sample": {
            "type": "instance",
            "class_path": "autofit.non_linear.samples.sample.Sample",
            "arguments": {
                "log_likelihood": -32.60091159772597,
                "log_prior": 0.0,
                "weight": 0.0009867733639776157,
                "kwargs": {
                    "type": "dict",
                    "arguments": {
                        "ellipses.0.ell_comps.ell_comps_0": -0.00112761226417,
                        "ellipses.0.ell_comps.ell_comps_1": -0.12009372501872
                    }
                }
            }
        },
        "values_at_sigma_1": {
            "type": "list",
            "values": [
                {
                    "type": "tuple",
                    "values": [
                        -0.004796677679169432,
                        0.002348703742843799
                    ]
                },
                {
                    "type": "tuple",
                    "values": [
                        -0.12725167391425,
                        -0.11826170590444861
                    ]
                }
            ]
        },
        "errors_at_sigma_1": {
            "type": "list",
            "values": [
                {
                    "type": "tuple",
                    "values": [
                        0.003982516705641859,
                        0.0031628647163713707
                    ]
                },
                {
                    "type": "tuple",
                    "values": [
                        0.0047677496852199935,
                        0.004222218324581389
                    ]
                }
            ]
        }
    }
}