{
    "type": "instance",
    "class_path": "autofit.non_linear.samples.summary.SamplesSummary",
    "arguments": {
        "values_at_sigma_3": {
            "type": "list",
            "values": [
                {
                    "type": "tuple",
                    "values": [
                        -0.06698263826897173,
                        0.00437724073219507
                    ]
                },
                {
                    "type": "tuple",
                    "values": [
                        0.02072478647516,
                        0.08425605174921347
                    ]
                },
                {
                    "type": "tuple",
                    "values": [
                        -0.16532226297727795,
                        0.08777834200981566
                    ]
                },
                {
                    "type": "tuple",
                    "values": [
                        -0.13459994292081687,
                        0.08594768284039195
                    ]
                },
                {
                    "type": "tuple",
                    "values": [
                        -0.09959877144125655,
                        0.09797696981614488
                    ]
                },
                {
                    "type": "tuple",
                    "values": [
                        -0.07459041432847,
                        0.09987030575186
                    ]
                },
                {
                    "type": "tuple",
                    "values": [
                        -0.09245086754100178,
                        0.07564939263598343
                    ]
                },
                {
                    "type": "tuple",
                    "values": [
                        -0.09518458181334,
                        0.09708339128504
                    ]
                }
            ]
        },
        "max_log_likelihood_sample": {
            "type": "instance",
            "class_path": "autofit.non_linear.samples.sample.Sample",
            "arguments": {
                "log_likelihood": -32.033560483299674,
                "log_prior": 0.0,
                "weight": 0.0009388147287567548,
                "kwargs": {
                    "type": "dict",
                    "arguments": {
                        "ellipses.0.ell_comps.ell_comps_0": -0.02367207776735,
                        "ellipses.0.ell_comps.ell_comps_1": 0.04211881690038,
                        "multipoles.0.multipole_1.multipole_comps.multipole_comps_0": -0.00517417887759,
                        "multipoles.0.multipole_1.multipole_comps.multipole_comps_1": -0.07722620968407,
                        "multipoles.0.multipole_3.multipole_comps.multipole_comps_0": -0.05724759022249,
                        "multipoles.0.multipole_3.multipole_comps.multipole_comps_1": 0.0206341194474,
                        "multipoles.0.multipole_4.multipole_comps.multipole_comps_0": 0.0060938279549,
                        "multipoles.0.multipole_4.multipole_comps.multipole_comps_1": -0.02411670942336
                    }
                }
            }
        },
        "values_at_sigma_1": {
            "type": "list",
            "values": [
                {
                    "type": "tuple",
                    "values": [
                        -0.038870290831551434,
                        -0.01991855228954
                    ]
                },
                {
                    "type": "tuple",
                    "values": [
                        0.03383173916578,
                        0.07626992979938
                    ]
                },
                {
                    "type": "tuple",
                    "values": [
                        -0.07386948344606072,
                        0.021066856285933952
                    ]
                },
                {
                    "type": "tuple",
                    "values": [
                        -0.08937880872963684,
                        0.01855009376071
                    ]
                },
                {
                    "type": "tuple",
                    "values": [
                        -0.0496357751432656,
                        0.04491752412282
                    ]
                },
                {
                    "type": "tuple",
                    "values": [
                        -0.01927584228869,
                        0.08039306920046432
                    ]
                },
                {
                    "type": "tuple",
                    "values": [
                        -0.02966534431392461,
                        0.04117715718407
                    ]
                },
                {
                    "type": "tuple",
                    "values": [
                        -0.06108647706776743,
                        0.011023791185483182
                    ]
                }
            ]
        },
        "median_pdf_sample": {
            "type": "instance",
            "class_path": "autofit.non_linear.samples.sample.Sample",
            "arguments": {
                "log_likelihood": -32.033560483299674,
                "log_prior": 0.0,
                "weight": 0.0009388147287567548,
                "kwargs": {
                    "type": "dict",
                    "arguments": {
                        "ellipses.0.ell_comps.ell_comps_0": -0.029566687651934213,
                        "ellipses.0.ell_comps.ell_comps_1": 0.04344818856211336,
                        "multipoles.0.multipole_1.multipole_comps.multipole_comps_0": -0.015069792249232194,
                        "multipoles.0.multipole_1.multipole_comps.multipole_comps_1": -0.056838481863633945,
                        "multipoles.0.multipole_3.multipole_comps.multipole_comps_0": -0.015998527811861927,
                        "multipoles.0.multipole_3.multipole_comps.multipole_comps_1": 0.020830561553918134,
                        "multipoles.0.multipole_4.multipole_comps.multipole_comps_0": -0.001739653010911594,
                        "multipoles.0.multipole_4.multipole_comps.multipole_comps_1": -0.01923435087236
                    }
                }
            }
        },
        "model": null,
        "log_evidence": -49.20002886730041,
        "errors_at_sigma_3": {
            "type": "list",
            "values": [
                {
                    "type": "tuple",
                    "values": [
                        0.03741595061703752,
                        0.03394392838412928
                    ]
                },
                {
                    "type": "tuple",
                    "values": [
                        0.02272340208695336,
                        0.040807863187100106
                    ]
                },
                {
                    "type": "tuple",
                    "values": [
                        0.15025247072804576,
                        0.10284813425904785
                    ]
                },
                {
                    "type": "tuple",
                    "values": [
                        0.07776146105718293,
                        0.1427861647040259
                    ]
                },
                {
                    "type": "tuple",
                    "values": [
                        0.08360024362939462,
                        0.11397549762800681
                    ]
                },
                {
                    "type": "tuple",
                    "values": [
                        0.09542097588238813,
                        0.07903974419794187
                    ]
                },
                {
                    "type": "tuple",
                    "values": [
                        0.09071121453009018,
                        0.07738904564689503
                    ]
                },
                {
                    "type": "tuple",
                    "values": [
                        0.07595023094098,
                        0.1163177421574
                    ]
                }
            ]
        },
        "errors_at_sigma_1": {
            "type": "list",
            "values": [
                {
                    "type": "tuple",
                    "values": [
                        0.009303603179617221,
                        0.009648135362394214
                    ]
                },
                {
                    "type": "tuple",
                    "values": [
                        0.009616449396333361,
                        0.032821741237266645
                    ]
                },
                {
                    "type": "tuple",
                    "values": [
                        0.05879969119682852,
                        0.03613664853516615
                    ]
                },
                {
                    "type": "tuple",
                    "values": [
                        0.032540326866002896,
                        0.07538857562434395
                    ]
                },
                {
                    "type": "tuple",
                    "values": [
                        0.03363724733140368,
                        0.06091605193468193
                    ]
                },
                {
                    "type": "tuple",
                    "values": [
                        0.040106403842608135,
                        0.05956250764654619
                    ]
                },
                {
                    "type": "tuple",
                    "values": [
                        0.027925691303013013,
                        0.04291681019498159
                    ]
                },
                {
                    "type": "tuple",
                    "values": [
                        0.04185212619540743,
                        0.030258142057843183
                    ]
                }
            ]
        }
    }
}