{
    "type": "instance",
    "class_path": "autofit.non_linear.samples.summary.SamplesSummary",
    "arguments": {
        "log_evidence": -40.1262396247761,
        "max_log_likelihood_sample": {
            "type": "instance",
            "class_path": "autofit.non_linear.samples.sample.Sample",
            "arguments": {
                "log_likelihood": -23.053814000935894,
                "log_prior": 0.0,
                "weight": 0.0010289972815457253,
                "kwargs": {
                    "type": "dict",
                    "arguments": {
                        "ellipses.0.ell_comps.ell_comps_0": -0.02819919527682,
                        "ellipses.0.ell_comps.ell_comps_1": 0.01550722148548,
                        "multipoles.0.multipole_3.multipole_comps.multipole_comps_0": 0.01698536209009,
                        "multipoles.0.multipole_3.multipole_comps.multipole_comps_1": -0.03851437091788,
                        "multipoles.0.multipole_4.multipole_comps.multipole_comps_0": 0.01810691107184,
                        "multipoles.0.multipole_4.multipole_comps.multipole_comps_1": -0.02890261948449
                    }
                }
            }
        },
        "errors_at_sigma_1": {
            "type": "list",
            "values": [
                {
                    "type": "tuple",
                    "values": [
                        0.007332573547729999,
                        0.0064830444801310914
                    ]
                },
                {
                    "type": "tuple",
                    "values": [
                        0.009698910319976203,
                        0.00746549121796421
                    ]
                },
                {
                    "type": "tuple",
                    "values": [
                        0.018906044430992745,
                        0.013737058184698808
                    ]
                },
                {
                    "type": "tuple",
                    "values": [
                        0.02076444505427344,
                        0.01518724443778001
                    ]
                },
                {
                    "type": "tuple",
                    "values": [
                        0.01861708903151,
                        0.014092789036494774
                    ]
                },
                {
                    "type": "tuple",
                    "values": [
                        0.017591399370981444,
                        0.02065250566752315
                    ]
                }
            ]
        },
        "values_at_sigma_1": {
            "type": "list",
            "values": [
                {
                    "type": "tuple",
                    "values": [
                        -0.03001978967423,
                        -0.01620417164636891
                    ]
                },
                {
                    "type": "tuple",
                    "values": [
                        0.009801175124043836,
                        0.02696557666198425
                    ]
                },
                {
                    "type": "tuple",
                    "values": [
                        -0.003025774716082744,
                        0.02961732789960881
                    ]
                },
                {
                    "type": "tuple",
                    "values": [
                        -0.0320273452183103,
                        0.003924344273743148
                    ]
                },
                {
                    "type": "tuple",
                    "values": [
                        -0.01483784791086,
                        0.017872030157144773
                    ]
                },
                {
                    "type": "tuple",
                    "values": [
                        -0.03612683040657,
                        0.002117074631934596
                    ]
                }
            ]
        },
        "values_at_sigma_3": {
            "type": "list",
            "values": [
                {
                    "type": "tuple",
                    "values": [
                        -0.04004885786346713,
                        0.001224500187165957
                    ]
                },
                {
                    "type": "tuple",
                    "values": [
                        -0.00346227161726,
                        0.05040222918886578
                    ]
                },
                {
                    "type": "tuple",
                    "values": [
                        -0.04472424419734439,
                        0.05169004197291939
                    ]
                },
                {
                    "type": "tuple",
                    "values": [
                        -0.06925996520279,
                        0.04251215930124
                    ]
                },
                {
                    "type": "tuple",
                    "values": [
                        -0.0554519511064119,
                        0.0427586051804247
                    ]
                },
                {
                    "type": "tuple",
                    "values": [
                        -0.07092600874956773,
                        0.03869868977942
                    ]
                }
            ]
        },
        "model": null,
        "median_pdf_sample": {
            "type": "instance",
            "class_path": "autofit.non_linear.samples.sample.Sample",
            "arguments": {
                "log_likelihood": -23.053814000935894,
                "log_prior": 0.0,
                "weight": 0.0010289972815457253,
                "kwargs": {
                    "type": "dict",
                    "arguments": {
                        "ellipses.0.ell_comps.ell_comps_0": -0.0226872161265,
                        "ellipses.0.ell_comps.ell_comps_1": 0.01950008544402004,
                        "multipoles.0.multipole_3.multipole_comps.multipole_comps_0": 0.01588026971491,
                        "multipoles.0.multipole_3.multipole_comps.multipole_comps_1": -0.011262900164036862,
                        "multipoles.0.multipole_4.multipole_comps.multipole_comps_0": 0.00377924112065,
                        "multipoles.0.multipole_4.multipole_comps.multipole_comps_1": -0.018535431035588554
                    }
                }
            }
        },
        "errors_at_sigma_3": {
            "type": "list",
            "values": [
                {
                    "type": "tuple",
                    "values": [
                        0.01736164173696713,
                        0.023911716313665957
                    ]
                },
                {
                    "type": "tuple",
                    "values": [
                        0.02296235706128004,
                        0.030902143744845737
                    ]
                },
                {
                    "type": "tuple",
                    "values": [
                        0.06060451391225439,
                        0.03580977225800939
                    ]
                },
                {
                    "type": "tuple",
                    "values": [
                        0.05799706503875314,
                        0.05377505946527686
                    ]
                },
                {
                    "type": "tuple",
                    "values": [
                        0.0592311922270619,
                        0.0389793640597747
                    ]
                },
                {
                    "type": "tuple",
                    "values": [
                        0.052390577713979175,
                        0.05723412081500856
                    ]
                }
            ]
        }
    }
}