{
    "type": "instance",
    "class_path": "autofit.non_linear.samples.summary.SamplesSummary",
    "arguments": {
        "errors_at_sigma_3": {
            "type": "list",
            "values": [
                {
                    "type": "tuple",
                    "values": [
                        0.020677941902575693,
                        0.05114041977787611
                    ]
                },
                {
                    "type": "tuple",
                    "values": [
                        0.03220900222645342,
                        0.03635655101896802
                    ]
                },
                {
                    "type": "tuple",
                    "values": [
                        0.03073701421149,
                        0.03022291946483778
                    ]
                },
                {
                    "type": "tuple",
                    "values": [
                        0.034437273203467594,
                        0.035144978947135544
                    ]
                },
                {
                    "type": "tuple",
                    "values": [
                        0.03229965759669991,
                        0.029049028251296717
                    ]
                },
                {
                    "type": "tuple",
                    "values": [
                        0.037422128431977855,
                        0.036493972384469615
                    ]
                },
                {
                    "type": "tuple",
                    "values": [
                        0.039080969347930455,
                        0.04780743412092843
                    ]
                },
                {
                    "type": "tuple",
                    "values": [
                        0.06896241085275263,
                        0.03492958017683853
                    ]
                }
            ]
        },
        "max_log_likelihood_sample": {
            "type": "instance",
            "class_path": "autofit.non_linear.samples.sample.Sample",
            "arguments": {
                "log_likelihood": -10.297359967665354,
                "log_prior": 0.0,
                "weight": 0.0010179975102105224,
                "kwargs": {
                    "type": "dict",
                    "arguments": {
                        "ellipses.0.ell_comps.ell_comps_0": 0.03196645130299,
                        "ellipses.0.ell_comps.ell_comps_1": 0.03743356075569,
                        "multipoles.0.multipole_1.multipole_comps.multipole_comps_0": -0.00221208659718,
                        "multipoles.0.multipole_1.multipole_comps.multipole_comps_1": 0.03390860119429,
                        "multipoles.0.multipole_3.multipole_comps.multipole_comps_0": 0.0086154669782,
                        "multipoles.0.multipole_3.multipole_comps.multipole_comps_1": -0.00394890606684,
                        "multipoles.0.multipole_4.multipole_comps.multipole_comps_0": -0.01538281084761,
                        "multipoles.0.multipole_4.multipole_comps.multipole_comps_1": 0.03554663139699
                    }
                }
            }
        },
        "model": null,
        "values_at_sigma_1": {
            "type": "list",
            "values": [
                {
                    "type": "tuple",
                    "values": [
                        0.02661060144449,
                        0.04451470330324747
                    ]
                },
                {
                    "type": "tuple",
                    "values": [
                        0.02200097726995311,
                        0.04230421353238981
                    ]
                },
                {
                    "type": "tuple",
                    "values": [
                        -0.011107393869756364,
                        0.008537603533696153
                    ]
                },
                {
                    "type": "tuple",
                    "values": [
                        0.01198572938816,
                        0.036189368204096295
                    ]
                },
                {
                    "type": "tuple",
                    "values": [
                        0.0007239934773113797,
                        0.02064279630895
                    ]
                },
                {
                    "type": "tuple",
                    "values": [
                        -0.009708485925440285,
                        0.0123526945132
                    ]
                },
                {
                    "type": "tuple",
                    "values": [
                        -0.03257760378994208,
                        -0.001474287764989666
                    ]
                },
                {
                    "type": "tuple",
                    "values": [
                        0.00215585496986,
                        0.03771820658188832
                    ]
                }
            ]
        },
        "median_pdf_sample": {
            "type": "instance",
            "class_path": "autofit.non_linear.samples.sample.Sample",
            "arguments": {
                "log_likelihood": -10.297359967665354,
                "log_prior": 0.0,
                "weight": 0.0010179975102105224,
                "kwargs": {
                    "type": "dict",
                    "arguments": {
                        "ellipses.0.ell_comps.ell_comps_0": 0.03528481461079389,
                        "ellipses.0.ell_comps.ell_comps_1": 0.03240358328715,
                        "multipoles.0.multipole_1.multipole_comps.multipole_comps_0": -0.00236080537749,
                        "multipoles.0.multipole_1.multipole_comps.multipole_comps_1": 0.02414380364033446,
                        "multipoles.0.multipole_3.multipole_comps.multipole_comps_0": 0.010895909023693284,
                        "multipoles.0.multipole_3.multipole_comps.multipole_comps_1": 0.00191650141607,
                        "multipoles.0.multipole_4.multipole_comps.multipole_comps_0": -0.016626259314858432,
                        "multipoles.0.multipole_4.multipole_comps.multipole_comps_1": 0.023177712584182636
                    }
                }
            }
        },
        "log_evidence": -30.91523075248797,
        "values_at_sigma_3": {
            "type": "list",
            "values": [
                {
                    "type": "tuple",
                    "values": [
                        0.014606872708218201,
                        0.08642523438867
                    ]
                },
                {
                    "type": "tuple",
                    "values": [
                        0.00019458106069657712,
                        0.06876013430611802
                    ]
                },
                {
                    "type": "tuple",
                    "values": [
                        -0.03309781958898,
                        0.027862114087347782
                    ]
                },
                {
                    "type": "tuple",
                    "values": [
                        -0.010293469563133135,
                        0.05928878258747
                    ]
                },
                {
                    "type": "tuple",
                    "values": [
                        -0.021403748573006625,
                        0.03994493727499
                    ]
                },
                {
                    "type": "tuple",
                    "values": [
                        -0.035505627015907856,
                        0.038410473800539614
                    ]
                },
                {
                    "type": "tuple",
                    "values": [
                        -0.05570722866278889,
                        0.03118117480607
                    ]
                },
                {
                    "type": "tuple",
                    "values": [
                        -0.04578469826857,
                        0.05810729276102117
                    ]
                }
            ]
        },
        "errors_at_sigma_1": {
            "type": "list",
            "values": [
                {
                    "type": "tuple",
                    "values": [
                        0.00867421316630389,
                        0.00922988869245358
                    ]
                },
                {
                    "type": "tuple",
                    "values": [
                        0.010402606017196888,
                        0.009900630245239815
                    ]
                },
                {
                    "type": "tuple",
                    "values": [
                        0.008746588492266364,
                        0.010898408911186153
                    ]
                },
                {
                    "type": "tuple",
                    "values": [
                        0.012158074252174461,
                        0.012045564563761834
                    ]
                },
                {
                    "type": "tuple",
                    "values": [
                        0.010171915546381905,
                        0.009746887285256715
                    ]
                },
                {
                    "type": "tuple",
                    "values": [
                        0.011624987341510285,
                        0.01043619309713
                    ]
                },
                {
                    "type": "tuple",
                    "values": [
                        0.01595134447508365,
                        0.015151971549868765
                    ]
                },
                {
                    "type": "tuple",
                    "values": [
                        0.021021857614322636,
                        0.014540493997705684
                    ]
                }
            ]
        }
    }
}