{
    "type": "instance",
    "class_path": "autofit.non_linear.samples.summary.SamplesSummary",
    "arguments": {
        "values_at_sigma_1": {
            "type": "list",
            "values": [
                {
                    "type": "tuple",
                    "values": [
                        0.08495093550624,
                        0.09019583543677
                    ]
                },
                {
                    "type": "tuple",
                    "values": [
                        0.20065853803217,
                        0.20638376677224596
                    ]
                },
                {
                    "type": "tuple",
                    "values": [
                        -0.01183504767343,
                        0.01049666280539
                    ]
                },
                {
                    "type": "tuple",
                    "values": [
                        0.004583671589291655,
                        0.02801727031390672
                    ]
                },
                {
                    "type": "tuple",
                    "values": [
                        -0.01160813146671,
                        0.008541534842149399
                    ]
                },
                {
                    "type": "tuple",
                    "values": [
                        -0.00166903612653,
                        0.017647827518953215
                    ]
                },
                {
                    "type": "tuple",
                    "values": [
                        0.00115226605554,
                        0.021059434943784858
                    ]
                },
                {
                    "type": "tuple",
                    "values": [
                        -0.02334092139275,
                        -0.0025057953830034886
                    ]
                }
            ]
        },
        "values_at_sigma_3": {
            "type": "list",
            "values": [
                {
                    "type": "tuple",
                    "values": [
                        0.08061934875641326,
                        0.09561190194875581
                    ]
                },
                {
                    "type": "tuple",
                    "values": [
                        0.19192201147223972,
                        0.21097375164974647
                    ]
                },
                {
                    "type": "tuple",
                    "values": [
                        -0.03111408523504,
                        0.03866971259753
                    ]
                },
                {
                    "type": "tuple",
                    "values": [
                        -0.01878004123284332,
                        0.049186274566990276
                    ]
                },
                {
                    "type": "tuple",
                    "values": [
                        -0.031288707297831675,
                        0.03148703052016
                    ]
                },
                {
                    "type": "tuple",
                    "values": [
                        -0.024957384935951704,
                        0.036296310440958726
                    ]
                },
                {
                    "type": "tuple",
                    "values": [
                        -0.028314127031118623,
                        0.03850234823649548
                    ]
                },
                {
                    "type": "tuple",
                    "values": [
                        -0.04347927898154083,
                        0.020904839831665176
                    ]
                }
            ]
        },
        "max_log_likelihood_sample": {
            "type": "instance",
            "class_path": "autofit.non_linear.samples.sample.Sample",
            "arguments": {
                "log_likelihood": -56.126878724604275,
                "log_prior": 0.0,
                "weight": 0.0010120429471413138,
                "kwargs": {
                    "type": "dict",
                    "arguments": {
                        "ellipses.0.ell_comps.ell_comps_0": 0.08674401421659,
                        "ellipses.0.ell_comps.ell_comps_1": 0.20392532035987,
                        "multipoles.0.multipole_1.multipole_comps.multipole_comps_0": -0.00554321516327,
                        "multipoles.0.multipole_1.multipole_comps.multipole_comps_1": 0.02290797783656,
                        "multipoles.0.multipole_3.multipole_comps.multipole_comps_0": -0.00661561212271,
                        "multipoles.0.multipole_3.multipole_comps.multipole_comps_1": 0.0091274038946,
                        "multipoles.0.multipole_4.multipole_comps.multipole_comps_0": 0.01122514966221,
                        "multipoles.0.multipole_4.multipole_comps.multipole_comps_1": -0.00991194355927
                    }
                }
            }
        },
        "median_pdf_sample": {
            "type": "instance",
            "class_path": "autofit.non_linear.samples.sample.Sample",
            "arguments": {
                "log_likelihood": -56.126878724604275,
                "log_prior": 0.0,
                "weight": 0.0010120429471413138,
                "kwargs": {
                    "type": "dict",
                    "arguments": {
                        "ellipses.0.ell_comps.ell_comps_0": 0.08711514944519763,
                        "ellipses.0.ell_comps.ell_comps_1": 0.20376653072770282,
                        "multipoles.0.multipole_1.multipole_comps.multipole_comps_0": -0.0008829393845289457,
                        "multipoles.0.multipole_1.multipole_comps.multipole_comps_1": 0.0189433346991457,
                        "multipoles.0.multipole_3.multipole_comps.multipole_comps_0": -0.001469921653899842,
                        "multipoles.0.multipole_3.multipole_comps.multipole_comps_1": 0.00798053554335,
                        "multipoles.0.multipole_4.multipole_comps.multipole_comps_0": 0.01103977148751,
                        "multipoles.0.multipole_4.multipole_comps.multipole_comps_1": -0.012729980289895571
                    }
                }
            }
        },
        "model": null,
        "errors_at_sigma_1": {
            "type": "list",
            "values": [
                {
                    "type": "tuple",
                    "values": [
                        0.002164213938957632,
                        0.0030806859915723656
                    ]
                },
                {
                    "type": "tuple",
                    "values": [
                        0.0031079926955328296,
                        0.002617236044543142
                    ]
                },
                {
                    "type": "tuple",
                    "values": [
                        0.010952108288901054,
                        0.011379602189918946
                    ]
                },
                {
                    "type": "tuple",
                    "values": [
                        0.014359663109854044,
                        0.009073935614761022
                    ]
                },
                {
                    "type": "tuple",
                    "values": [
                        0.010138209812810158,
                        0.01001145649604924
                    ]
                },
                {
                    "type": "tuple",
                    "values": [
                        0.009649571669880001,
                        0.009667291975603214
                    ]
                },
                {
                    "type": "tuple",
                    "values": [
                        0.00988750543197,
                        0.010019663456274858
                    ]
                },
                {
                    "type": "tuple",
                    "values": [
                        0.010610941102854429,
                        0.010224184906892083
                    ]
                }
            ]
        },
        "errors_at_sigma_3": {
            "type": "list",
            "values": [
                {
                    "type": "tuple",
                    "values": [
                        0.006495800688784373,
                        0.008496752503558178
                    ]
                },
                {
                    "type": "tuple",
                    "values": [
                        0.011844519255463093,
                        0.00720722092204365
                    ]
                },
                {
                    "type": "tuple",
                    "values": [
                        0.030231145850511055,
                        0.03955265198205894
                    ]
                },
                {
                    "type": "tuple",
                    "values": [
                        0.03772337593198902,
                        0.030242939867844577
                    ]
                },
                {
                    "type": "tuple",
                    "values": [
                        0.029818785643931832,
                        0.03295695217405984
                    ]
                },
                {
                    "type": "tuple",
                    "values": [
                        0.032937920479301705,
                        0.028315774897608725
                    ]
                },
                {
                    "type": "tuple",
                    "values": [
                        0.039353898518628624,
                        0.02746257674898548
                    ]
                },
                {
                    "type": "tuple",
                    "values": [
                        0.03074929869164526,
                        0.03363482012156074
                    ]
                }
            ]
        },
        "log_evidence": -81.54708108631021
    }
}