{
    "type": "instance",
    "class_path": "autofit.non_linear.samples.summary.SamplesSummary",
    "arguments": {
        "log_evidence": -97.09427798691779,
        "errors_at_sigma_1": {
            "type": "list",
            "values": [
                {
                    "type": "tuple",
                    "values": [
                        0.001970419294211226,
                        0.0016992286738824192
                    ]
                },
                {
                    "type": "tuple",
                    "values": [
                        0.000997062667704135,
                        0.0012772797609414965
                    ]
                }
            ]
        },
        "values_at_sigma_1": {
            "type": "list",
            "values": [
                {
                    "type": "tuple",
                    "values": [
                        0.0936878199787,
                        0.09735746794679365
                    ]
                },
                {
                    "type": "tuple",
                    "values": [
                        0.19638630836189436,
                        0.19866065079054
                    ]
                }
            ]
        },
        "values_at_sigma_3": {
            "type": "list",
            "values": [
                {
                    "type": "tuple",
                    "values": [
                        0.08837734084510168,
                        0.10083315487865498
                    ]
                },
                {
                    "type": "tuple",
                    "values": [
                        0.19228821812185867,
                        0.2184514697555033
                    ]
                }
            ]
        },
        "errors_at_sigma_3": {
            "type": "list",
            "values": [
                {
                    "type": "tuple",
                    "values": [
                        0.007280898427809546,
                        0.005174915605743749
                    ]
                },
                {
                    "type": "tuple",
                    "values": [
                        0.0050951529077398194,
                        0.021068098725904816
                    ]
                }
            ]
        },
        "max_log_likelihood_sample": {
            "type": "instance",
            "class_path": "autofit.non_linear.samples.sample.Sample",
            "arguments": {
                "log_likelihood": -85.15589893729644,
                "log_prior": 0.0,
                "weight": 0.0009761104234881177,
                "kwargs": {
                    "type": "dict",
                    "arguments": {
                        "ellipses.0.ell_comps.ell_comps_0": 0.09567222144218,
                        "ellipses.0.ell_comps.ell_comps_1": 0.1974038218562
                    }
                }
            }
        },
        "model": null,
        "median_pdf_sample": {
            "type": "instance",
            "class_path": "autofit.non_linear.samples.sample.Sample",
            "arguments": {
                "log_likelihood": -85.15589893729644,
                "log_prior": 0.0,
                "weight": 0.0009761104234881177,
                "kwargs": {
                    "type": "dict",
                    "arguments": {
                        "ellipses.0.ell_comps.ell_comps_0": 0.09565823927291123,
                        "ellipses.0.ell_comps.ell_comps_1": 0.1973833710295985
                    }
                }
            }
        }
    }
}