{
    "type": "instance",
    "class_path": "autofit.non_linear.samples.summary.SamplesSummary",
    "arguments": {
        "model": null,
        "max_log_likelihood_sample": {
            "type": "instance",
            "class_path": "autofit.non_linear.samples.sample.Sample",
            "arguments": {
                "log_likelihood": -21.959507899512374,
                "log_prior": 0.0,
                "weight": 0.0010421455355104198,
                "kwargs": {
                    "type": "dict",
                    "arguments": {
                        "ellipses.0.ell_comps.ell_comps_0": -0.08904483144928,
                        "ellipses.0.ell_comps.ell_comps_1": 0.0601825039716,
                        "multipoles.0.multipole_1.multipole_comps.multipole_comps_0": 0.03425442425927,
                        "multipoles.0.multipole_1.multipole_comps.multipole_comps_1": -0.0552305847898,
                        "multipoles.0.multipole_3.multipole_comps.multipole_comps_0": 0.00083087650632,
                        "multipoles.0.multipole_3.multipole_comps.multipole_comps_1": -0.09744164694572,
                        "multipoles.0.multipole_4.multipole_comps.multipole_comps_0": -0.09526146891739,
                        "multipoles.0.multipole_4.multipole_comps.multipole_comps_1": 0.00765500420997
                    }
                }
            }
        },
        "log_evidence": -43.00072443336533,
        "values_at_sigma_3": {
            "type": "list",
            "values": [
                {
                    "type": "tuple",
                    "values": [
                        -0.12297428332947,
                        -0.0330110219002
                    ]
                },
                {
                    "type": "tuple",
                    "values": [
                        0.024026655695502365,
                        0.09747859283277
                    ]
                },
                {
                    "type": "tuple",
                    "values": [
                        -0.05659627568283,
                        0.10884545912271
                    ]
                },
                {
                    "type": "tuple",
                    "values": [
                        -0.11841734448138,
                        0.0666026987224
                    ]
                },
                {
                    "type": "tuple",
                    "values": [
                        -0.0625840376249,
                        0.08993577594637
                    ]
                },
                {
                    "type": "tuple",
                    "values": [
                        -0.09988259722714,
                        0.04842909297802141
                    ]
                },
                {
                    "type": "tuple",
                    "values": [
                        -0.0999790803962895,
                        -0.03186129205749
                    ]
                },
                {
                    "type": "tuple",
                    "values": [
                        -0.04310611428384521,
                        0.09896781764083114
                    ]
                }
            ]
        },
        "errors_at_sigma_1": {
            "type": "list",
            "values": [
                {
                    "type": "tuple",
                    "values": [
                        0.010470202592653868,
                        0.007972314207636125
                    ]
                },
                {
                    "type": "tuple",
                    "values": [
                        0.008391367728339996,
                        0.009356925903953608
                    ]
                },
                {
                    "type": "tuple",
                    "values": [
                        0.02828036049452089,
                        0.019321286991222923
                    ]
                },
                {
                    "type": "tuple",
                    "values": [
                        0.02006973260214697,
                        0.016909047299955605
                    ]
                },
                {
                    "type": "tuple",
                    "values": [
                        0.018412698449669147,
                        0.020668402960801455
                    ]
                },
                {
                    "type": "tuple",
                    "values": [
                        0.011094206197947487,
                        0.032168343588952514
                    ]
                },
                {
                    "type": "tuple",
                    "values": [
                        0.0069194311002774705,
                        0.012353722874153705
                    ]
                },
                {
                    "type": "tuple",
                    "values": [
                        0.024430445032850773,
                        0.027184984689576728
                    ]
                }
            ]
        },
        "values_at_sigma_1": {
            "type": "list",
            "values": [
                {
                    "type": "tuple",
                    "values": [
                        -0.09834583810634,
                        -0.07990332130605
                    ]
                },
                {
                    "type": "tuple",
                    "values": [
                        0.04970875474689,
                        0.0674570483791836
                    ]
                },
                {
                    "type": "tuple",
                    "values": [
                        0.0071264105230111514,
                        0.054728058008754965
                    ]
                },
                {
                    "type": "tuple",
                    "values": [
                        -0.07946262851584705,
                        -0.042483848613744477
                    ]
                },
                {
                    "type": "tuple",
                    "values": [
                        -0.010297004314450605,
                        0.02878409709602
                    ]
                },
                {
                    "type": "tuple",
                    "values": [
                        -0.09392175360402,
                        -0.05065920381712
                    ]
                },
                {
                    "type": "tuple",
                    "values": [
                        -0.09700074298859435,
                        -0.07772758901416317
                    ]
                },
                {
                    "type": "tuple",
                    "values": [
                        0.0029086550526792277,
                        0.05452408477510673
                    ]
                }
            ]
        },
        "errors_at_sigma_3": {
            "type": "list",
            "values": [
                {
                    "type": "tuple",
                    "values": [
                        0.03509864781578387,
                        0.05486461361348613
                    ]
                },
                {
                    "type": "tuple",
                    "values": [
                        0.03407346677972763,
                        0.039378470357539996
                    ]
                },
                {
                    "type": "tuple",
                    "values": [
                        0.09200304670036205,
                        0.07343868810517795
                    ]
                },
                {
                    "type": "tuple",
                    "values": [
                        0.05902444856767992,
                        0.12599559463610008
                    ]
                },
                {
                    "type": "tuple",
                    "values": [
                        0.07069973176011854,
                        0.08182008181115147
                    ]
                },
                {
                    "type": "tuple",
                    "values": [
                        0.017055049821067494,
                        0.1312566403840939
                    ]
                },
                {
                    "type": "tuple",
                    "values": [
                        0.009897768507972624,
                        0.05822001983082688
                    ]
                },
                {
                    "type": "tuple",
                    "values": [
                        0.07044521436937522,
                        0.07162871755530113
                    ]
                }
            ]
        },
        "median_pdf_sample": {
            "type": "instance",
            "class_path": "autofit.non_linear.samples.sample.Sample",
            "arguments": {
                "log_likelihood": -21.959507899512374,
                "log_prior": 0.0,
                "weight": 0.0010421455355104198,
                "kwargs": {
                    "type": "dict",
                    "arguments": {
                        "ellipses.0.ell_comps.ell_comps_0": -0.08787563551368613,
                        "ellipses.0.ell_comps.ell_comps_1": 0.05810012247523,
                        "multipoles.0.multipole_1.multipole_comps.multipole_comps_0": 0.03540677101753204,
                        "multipoles.0.multipole_1.multipole_comps.multipole_comps_1": -0.05939289591370008,
                        "multipoles.0.multipole_3.multipole_comps.multipole_comps_0": 0.008115694135218544,
                        "multipoles.0.multipole_3.multipole_comps.multipole_comps_1": -0.08282754740607251,
                        "multipoles.0.multipole_4.multipole_comps.multipole_comps_0": -0.09008131188831688,
                        "multipoles.0.multipole_4.multipole_comps.multipole_comps_1": 0.02733910008553
                    }
                }
            }
        }
    }
}