{
    "type": "instance",
    "class_path": "autofit.non_linear.samples.summary.SamplesSummary",
    "arguments": {
        "values_at_sigma_1": {
            "type": "list",
            "values": [
                {
                    "type": "tuple",
                    "values": [
                        -0.022023859406113396,
                        0.022895357546051077
                    ]
                },
                {
                    "type": "tuple",
                    "values": [
                        -0.15645911401028,
                        -0.14292393699562
                    ]
                },
                {
                    "type": "tuple",
                    "values": [
                        -0.007769299568337515,
                        0.04022893440308
                    ]
                },
                {
                    "type": "tuple",
                    "values": [
                        0.00510689854501,
                        0.10551028683582
                    ]
                },
                {
                    "type": "tuple",
                    "values": [
                        -0.03460568630563961,
                        0.04177710268515
                    ]
                },
                {
                    "type": "tuple",
                    "values": [
                        -0.05477838484123,
                        0.013148649422668192
                    ]
                },
                {
                    "type": "tuple",
                    "values": [
                        -0.03992552536816,
                        0.01980057444713
                    ]
                },
                {
                    "type": "tuple",
                    "values": [
                        -0.029272408984159903,
                        0.05325125003201771
                    ]
                }
            ]
        },
        "model": null,
        "values_at_sigma_3": {
            "type": "list",
            "values": [
                {
                    "type": "tuple",
                    "values": [
                        -0.03577443756879,
                        0.03539491214225
                    ]
                },
                {
                    "type": "tuple",
                    "values": [
                        -0.17584284372151,
                        -0.12706025430372284
                    ]
                },
                {
                    "type": "tuple",
                    "values": [
                        -0.06552742661987,
                        0.15183409907623915
                    ]
                },
                {
                    "type": "tuple",
                    "values": [
                        -0.04808423685058202,
                        0.19697022009966
                    ]
                },
                {
                    "type": "tuple",
                    "values": [
                        -0.08386213928936008,
                        0.09719522328054
                    ]
                },
                {
                    "type": "tuple",
                    "values": [
                        -0.08130685500462916,
                        0.09861691000699
                    ]
                },
                {
                    "type": "tuple",
                    "values": [
                        -0.08943818833529851,
                        0.0671166646717866
                    ]
                },
                {
                    "type": "tuple",
                    "values": [
                        -0.08198615432062023,
                        0.09543124089836912
                    ]
                }
            ]
        },
        "max_log_likelihood_sample": {
            "type": "instance",
            "class_path": "autofit.non_linear.samples.sample.Sample",
            "arguments": {
                "log_likelihood": -37.07092921628157,
                "log_prior": 0.0,
                "weight": 0.0010509335143111598,
                "kwargs": {
                    "type": "dict",
                    "arguments": {
                        "ellipses.0.ell_comps.ell_comps_0": 0.01729639214786,
                        "ellipses.0.ell_comps.ell_comps_1": -0.15477177150986,
                        "multipoles.0.multipole_1.multipole_comps.multipole_comps_0": 0.01191640327996,
                        "multipoles.0.multipole_1.multipole_comps.multipole_comps_1": 0.0032232526325,
                        "multipoles.0.multipole_3.multipole_comps.multipole_comps_0": -0.02312983987269,
                        "multipoles.0.multipole_3.multipole_comps.multipole_comps_1": -0.05620062109436,
                        "multipoles.0.multipole_4.multipole_comps.multipole_comps_0": 0.00217591911816,
                        "multipoles.0.multipole_4.multipole_comps.multipole_comps_1": 0.02514680787747
                    }
                }
            }
        },
        "errors_at_sigma_1": {
            "type": "list",
            "values": [
                {
                    "type": "tuple",
                    "values": [
                        0.0376555116085234,
                        0.007263705343641076
                    ]
                },
                {
                    "type": "tuple",
                    "values": [
                        0.005013245477864359,
                        0.008521931536795646
                    ]
                },
                {
                    "type": "tuple",
                    "values": [
                        0.024602573368597516,
                        0.02339566060282
                    ]
                },
                {
                    "type": "tuple",
                    "values": [
                        0.05335653554890714,
                        0.047046852741902866
                    ]
                },
                {
                    "type": "tuple",
                    "values": [
                        0.03799099602640888,
                        0.03839179296438073
                    ]
                },
                {
                    "type": "tuple",
                    "values": [
                        0.028191849233720003,
                        0.03973518503017819
                    ]
                },
                {
                    "type": "tuple",
                    "values": [
                        0.03255538470852733,
                        0.027170715106762673
                    ]
                },
                {
                    "type": "tuple",
                    "values": [
                        0.0538423861045599,
                        0.02868127291161771
                    ]
                }
            ]
        },
        "errors_at_sigma_3": {
            "type": "list",
            "values": [
                {
                    "type": "tuple",
                    "values": [
                        0.0514060897712,
                        0.019763259939839996
                    ]
                },
                {
                    "type": "tuple",
                    "values": [
                        0.02439697518909434,
                        0.024385614228692815
                    ]
                },
                {
                    "type": "tuple",
                    "values": [
                        0.08236070042013,
                        0.13500082527597915
                    ]
                },
                {
                    "type": "tuple",
                    "values": [
                        0.10654767094449916,
                        0.13850678600574287
                    ]
                },
                {
                    "type": "tuple",
                    "values": [
                        0.08724744901012935,
                        0.09380991355977074
                    ]
                },
                {
                    "type": "tuple",
                    "values": [
                        0.05472031939711916,
                        0.1252034456145
                    ]
                },
                {
                    "type": "tuple",
                    "values": [
                        0.08206804767566583,
                        0.07448680533141927
                    ]
                },
                {
                    "type": "tuple",
                    "values": [
                        0.10655613144102023,
                        0.07086126377796911
                    ]
                }
            ]
        },
        "log_evidence": -58.35018668033421,
        "median_pdf_sample": {
            "type": "instance",
            "class_path": "autofit.non_linear.samples.sample.Sample",
            "arguments": {
                "log_likelihood": -37.07092921628157,
                "log_prior": 0.0,
                "weight": 0.0010509335143111598,
                "kwargs": {
                    "type": "dict",
                    "arguments": {
                        "ellipses.0.ell_comps.ell_comps_0": 0.01563165220241,
                        "ellipses.0.ell_comps.ell_comps_1": -0.15144586853241565,
                        "multipoles.0.multipole_1.multipole_comps.multipole_comps_0": 0.01683327380026,
                        "multipoles.0.multipole_1.multipole_comps.multipole_comps_1": 0.05846343409391714,
                        "multipoles.0.multipole_3.multipole_comps.multipole_comps_0": 0.003385309720769271,
                        "multipoles.0.multipole_3.multipole_comps.multipole_comps_1": -0.02658653560751,
                        "multipoles.0.multipole_4.multipole_comps.multipole_comps_0": -0.007370140659632672,
                        "multipoles.0.multipole_4.multipole_comps.multipole_comps_1": 0.0245699771204
                    }
                }
            }
        }
    }
}