{
    "type": "instance",
    "class_path": "autofit.non_linear.samples.summary.SamplesSummary",
    "arguments": {
        "log_evidence": -61.615940242308,
        "errors_at_sigma_1": {
            "type": "list",
            "values": [
                {
                    "type": "tuple",
                    "values": [
                        0.0021152999457137445,
                        0.0017330742196337012
                    ]
                },
                {
                    "type": "tuple",
                    "values": [
                        0.0014394818460218561,
                        0.0013236317192188984
                    ]
                }
            ]
        },
        "values_at_sigma_1": {
            "type": "list",
            "values": [
                {
                    "type": "tuple",
                    "values": [
                        0.08913817831842,
                        0.09298655248376744
                    ]
                },
                {
                    "type": "tuple",
                    "values": [
                        0.19614038501187495,
                        0.1989034985771157
                    ]
                }
            ]
        },
        "values_at_sigma_3": {
            "type": "list",
            "values": [
                {
                    "type": "tuple",
                    "values": [
                        0.08565939480586916,
                        0.09678519857178
                    ]
                },
                {
                    "type": "tuple",
                    "values": [
                        0.19288588837464826,
                        0.2020510741329935
                    ]
                }
            ]
        },
        "errors_at_sigma_3": {
            "type": "list",
            "values": [
                {
                    "type": "tuple",
                    "values": [
                        0.005594083458264579,
                        0.0055317203076462595
                    ]
                },
                {
                    "type": "tuple",
                    "values": [
                        0.00469397848324854,
                        0.0044712072750967
                    ]
                }
            ]
        },
        "max_log_likelihood_sample": {
            "type": "instance",
            "class_path": "autofit.non_linear.samples.sample.Sample",
            "arguments": {
                "log_likelihood": -50.55121359411177,
                "log_prior": 0.0,
                "weight": 0.0009782963326869037,
                "kwargs": {
                    "type": "dict",
                    "arguments": {
                        "ellipses.0.ell_comps.ell_comps_0": 0.09110046288735,
                        "ellipses.0.ell_comps.ell_comps_1": 0.19753665872357
                    }
                }
            }
        },
        "model": null,
        "median_pdf_sample": {
            "type": "instance",
            "class_path": "autofit.non_linear.samples.sample.Sample",
            "arguments": {
                "log_likelihood": -50.55121359411177,
                "log_prior": 0.0,
                "weight": 0.0009782963326869037,
                "kwargs": {
                    "type": "dict",
                    "arguments": {
                        "ellipses.0.ell_comps.ell_comps_0": 0.09125347826413374,
                        "ellipses.0.ell_comps.ell_comps_1": 0.1975798668578968
                    }
                }
            }
        }
    }
}