{
    "type": "instance",
    "class_path": "autofit.non_linear.samples.summary.SamplesSummary",
    "arguments": {
        "errors_at_sigma_1": {
            "type": "list",
            "values": [
                {
                    "type": "tuple",
                    "values": [
                        0.0017151458166453498,
                        0.001924083827018655
                    ]
                },
                {
                    "type": "tuple",
                    "values": [
                        0.0016350620911763578,
                        0.0015595367548399963
                    ]
                },
                {
                    "type": "tuple",
                    "values": [
                        0.006805046494649498,
                        0.0068566301217145645
                    ]
                },
                {
                    "type": "tuple",
                    "values": [
                        0.006302335175079998,
                        0.0054255249993344044
                    ]
                },
                {
                    "type": "tuple",
                    "values": [
                        0.007015445354549248,
                        0.006339540480190753
                    ]
                },
                {
                    "type": "tuple",
                    "values": [
                        0.005956798608510981,
                        0.0072428991617038245
                    ]
                }
            ]
        },
        "log_evidence": -69.25785147584153,
        "median_pdf_sample": {
            "type": "instance",
            "class_path": "autofit.non_linear.samples.sample.Sample",
            "arguments": {
                "log_likelihood": -47.175346881759694,
                "log_prior": 0.0,
                "weight": 0.0010131298604881414,
                "kwargs": {
                    "type": "dict",
                    "arguments": {
                        "ellipses.0.ell_comps.ell_comps_0": -0.10942234645058543,
                        "ellipses.0.ell_comps.ell_comps_1": -0.06247658521684,
                        "multipoles.0.multipole_3.multipole_comps.multipole_comps_0": 0.011509682818459498,
                        "multipoles.0.multipole_3.multipole_comps.multipole_comps_1": -0.02224668443898,
                        "multipoles.0.multipole_4.multipole_comps.multipole_comps_0": -0.007427503271120753,
                        "multipoles.0.multipole_4.multipole_comps.multipole_comps_1": 0.00185030461075
                    }
                }
            }
        },
        "max_log_likelihood_sample": {
            "type": "instance",
            "class_path": "autofit.non_linear.samples.sample.Sample",
            "arguments": {
                "log_likelihood": -47.175346881759694,
                "log_prior": 0.0,
                "weight": 0.0010131298604881414,
                "kwargs": {
                    "type": "dict",
                    "arguments": {
                        "ellipses.0.ell_comps.ell_comps_0": -0.10928370342159,
                        "ellipses.0.ell_comps.ell_comps_1": -0.06360771018165,
                        "multipoles.0.multipole_3.multipole_comps.multipole_comps_0": 0.00938562760242,
                        "multipoles.0.multipole_3.multipole_comps.multipole_comps_1": -0.0232818292612,
                        "multipoles.0.multipole_4.multipole_comps.multipole_comps_0": -0.00746582043726,
                        "multipoles.0.multipole_4.multipole_comps.multipole_comps_1": -0.00081907026422
                    }
                }
            }
        },
        "model": null,
        "errors_at_sigma_3": {
            "type": "list",
            "values": [
                {
                    "type": "tuple",
                    "values": [
                        0.0056088157325983184,
                        0.007560089310125431
                    ]
                },
                {
                    "type": "tuple",
                    "values": [
                        0.003376883513502592,
                        0.0056564582346140604
                    ]
                },
                {
                    "type": "tuple",
                    "values": [
                        0.020532137056230935,
                        0.0189798877230005
                    ]
                },
                {
                    "type": "tuple",
                    "values": [
                        0.01953112526129,
                        0.018739733363387575
                    ]
                },
                {
                    "type": "tuple",
                    "values": [
                        0.02191818017892925,
                        0.021354675090140753
                    ]
                },
                {
                    "type": "tuple",
                    "values": [
                        0.018340003764987654,
                        0.020960244437333186
                    ]
                }
            ]
        },
        "values_at_sigma_1": {
            "type": "list",
            "values": [
                {
                    "type": "tuple",
                    "values": [
                        -0.11113749226723078,
                        -0.10749826262356678
                    ]
                },
                {
                    "type": "tuple",
                    "values": [
                        -0.06411164730801636,
                        -0.060917048462
                    ]
                },
                {
                    "type": "tuple",
                    "values": [
                        0.00470463632381,
                        0.018366312940174063
                    ]
                },
                {
                    "type": "tuple",
                    "values": [
                        -0.02854901961406,
                        -0.016821159439645596
                    ]
                },
                {
                    "type": "tuple",
                    "values": [
                        -0.01444294862567,
                        -0.00108796279093
                    ]
                },
                {
                    "type": "tuple",
                    "values": [
                        -0.004106493997760982,
                        0.009093203772453824
                    ]
                }
            ]
        },
        "values_at_sigma_3": {
            "type": "list",
            "values": [
                {
                    "type": "tuple",
                    "values": [
                        -0.11503116218318375,
                        -0.10186225714046
                    ]
                },
                {
                    "type": "tuple",
                    "values": [
                        -0.06585346873034259,
                        -0.05682012698222594
                    ]
                },
                {
                    "type": "tuple",
                    "values": [
                        -0.009022454237771435,
                        0.03048957054146
                    ]
                },
                {
                    "type": "tuple",
                    "values": [
                        -0.04177780970027,
                        -0.0035069510755924268
                    ]
                },
                {
                    "type": "tuple",
                    "values": [
                        -0.02934568345005,
                        0.01392717181902
                    ]
                },
                {
                    "type": "tuple",
                    "values": [
                        -0.016489699154237654,
                        0.022810549048083186
                    ]
                }
            ]
        }
    }
}