{
    "type": "instance",
    "class_path": "autofit.non_linear.samples.summary.SamplesSummary",
    "arguments": {
        "median_pdf_sample": {
            "type": "instance",
            "class_path": "autofit.non_linear.samples.sample.Sample",
            "arguments": {
                "log_likelihood": -42.306722012863204,
                "log_prior": 0.0,
                "weight": 0.001052807015381712,
                "kwargs": {
                    "type": "dict",
                    "arguments": {
                        "ellipses.0.ell_comps.ell_comps_0": 0.07447125387126,
                        "ellipses.0.ell_comps.ell_comps_1": 0.05036850321901294,
                        "multipoles.0.multipole_1.multipole_comps.multipole_comps_0": 0.04065620111213,
                        "multipoles.0.multipole_1.multipole_comps.multipole_comps_1": -0.02951159934014,
                        "multipoles.0.multipole_3.multipole_comps.multipole_comps_0": -0.00547789506416,
                        "multipoles.0.multipole_3.multipole_comps.multipole_comps_1": 0.007926429098073508,
                        "multipoles.0.multipole_4.multipole_comps.multipole_comps_0": -0.04072572098298,
                        "multipoles.0.multipole_4.multipole_comps.multipole_comps_1": 0.00501829597276
                    }
                }
            }
        },
        "max_log_likelihood_sample": {
            "type": "instance",
            "class_path": "autofit.non_linear.samples.sample.Sample",
            "arguments": {
                "log_likelihood": -42.306722012863204,
                "log_prior": 0.0,
                "weight": 0.001052807015381712,
                "kwargs": {
                    "type": "dict",
                    "arguments": {
                        "ellipses.0.ell_comps.ell_comps_0": 0.08296554610834,
                        "ellipses.0.ell_comps.ell_comps_1": 0.03564677721267,
                        "multipoles.0.multipole_1.multipole_comps.multipole_comps_0": 0.0543710593292,
                        "multipoles.0.multipole_1.multipole_comps.multipole_comps_1": -0.07312974691355,
                        "multipoles.0.multipole_3.multipole_comps.multipole_comps_0": -0.08128398042379,
                        "multipoles.0.multipole_3.multipole_comps.multipole_comps_1": 0.00592337897425,
                        "multipoles.0.multipole_4.multipole_comps.multipole_comps_0": -0.05273009857584,
                        "multipoles.0.multipole_4.multipole_comps.multipole_comps_1": -0.04451928996748
                    }
                }
            }
        },
        "errors_at_sigma_1": {
            "type": "list",
            "values": [
                {
                    "type": "tuple",
                    "values": [
                        0.028988721706849997,
                        0.008630092951653887
                    ]
                },
                {
                    "type": "tuple",
                    "values": [
                        0.017009952639538008,
                        0.010590739266307408
                    ]
                },
                {
                    "type": "tuple",
                    "values": [
                        0.038054196241120004,
                        0.0346633902806264
                    ]
                },
                {
                    "type": "tuple",
                    "values": [
                        0.04469515043914307,
                        0.09586125256798
                    ]
                },
                {
                    "type": "tuple",
                    "values": [
                        0.046791249790178666,
                        0.039878605138763804
                    ]
                },
                {
                    "type": "tuple",
                    "values": [
                        0.03884902119768235,
                        0.05004469130227649
                    ]
                },
                {
                    "type": "tuple",
                    "values": [
                        0.03248407218071913,
                        0.03606222160481801
                    ]
                },
                {
                    "type": "tuple",
                    "values": [
                        0.044598390014939995,
                        0.08011527754691
                    ]
                }
            ]
        },
        "values_at_sigma_1": {
            "type": "list",
            "values": [
                {
                    "type": "tuple",
                    "values": [
                        0.04548253216441,
                        0.08310134682291388
                    ]
                },
                {
                    "type": "tuple",
                    "values": [
                        0.033358550579474934,
                        0.06095924248532035
                    ]
                },
                {
                    "type": "tuple",
                    "values": [
                        0.00260200487101,
                        0.0753195913927564
                    ]
                },
                {
                    "type": "tuple",
                    "values": [
                        -0.07420674977928307,
                        0.06634965322784
                    ]
                },
                {
                    "type": "tuple",
                    "values": [
                        -0.052269144854338666,
                        0.0344007100746038
                    ]
                },
                {
                    "type": "tuple",
                    "values": [
                        -0.030922592099608837,
                        0.05797112040035
                    ]
                },
                {
                    "type": "tuple",
                    "values": [
                        -0.07320979316369913,
                        -0.004663499378161998
                    ]
                },
                {
                    "type": "tuple",
                    "values": [
                        -0.03958009404218,
                        0.08513357351967
                    ]
                }
            ]
        },
        "errors_at_sigma_3": {
            "type": "list",
            "values": [
                {
                    "type": "tuple",
                    "values": [
                        0.033926184116613904,
                        0.018589837660920455
                    ]
                },
                {
                    "type": "tuple",
                    "values": [
                        0.029615862312082943,
                        0.024999144781711863
                    ]
                },
                {
                    "type": "tuple",
                    "values": [
                        0.10959256106558,
                        0.07846380796444
                    ]
                },
                {
                    "type": "tuple",
                    "values": [
                        0.11368804310894001,
                        0.12021298318747299
                    ]
                },
                {
                    "type": "tuple",
                    "values": [
                        0.0918380929896005,
                        0.10260458294262001
                    ]
                },
                {
                    "type": "tuple",
                    "values": [
                        0.0891999774090835,
                        0.08681355094160956
                    ]
                },
                {
                    "type": "tuple",
                    "values": [
                        0.05871907683417,
                        0.09999958177135684
                    ]
                },
                {
                    "type": "tuple",
                    "values": [
                        0.09049753215701001,
                        0.09477874033877999
                    ]
                }
            ]
        },
        "values_at_sigma_3": {
            "type": "list",
            "values": [
                {
                    "type": "tuple",
                    "values": [
                        0.04054506975464609,
                        0.09306109153218045
                    ]
                },
                {
                    "type": "tuple",
                    "values": [
                        0.02075264090693,
                        0.0753676480007248
                    ]
                },
                {
                    "type": "tuple",
                    "values": [
                        -0.06893635995345,
                        0.11912000907657
                    ]
                },
                {
                    "type": "tuple",
                    "values": [
                        -0.14319964244908,
                        0.09070138384733299
                    ]
                },
                {
                    "type": "tuple",
                    "values": [
                        -0.09731598805376049,
                        0.09712668787846
                    ]
                },
                {
                    "type": "tuple",
                    "values": [
                        -0.08127354831101,
                        0.09473998003968306
                    ]
                },
                {
                    "type": "tuple",
                    "values": [
                        -0.09944479781715,
                        0.05927386078837684
                    ]
                },
                {
                    "type": "tuple",
                    "values": [
                        -0.08547923618425,
                        0.09979703631154
                    ]
                }
            ]
        },
        "model": null,
        "log_evidence": -61.52200126234204
    }
}