{
    "type": "instance",
    "class_path": "autofit.non_linear.samples.summary.SamplesSummary",
    "arguments": {
        "errors_at_sigma_1": {
            "type": "list",
            "values": [
                {
                    "type": "tuple",
                    "values": [
                        0.017053634678151956,
                        0.03380334147840125
                    ]
                },
                {
                    "type": "tuple",
                    "values": [
                        0.016880932408257242,
                        0.019634369955843674
                    ]
                }
            ]
        },
        "max_log_likelihood_sample": {
            "type": "instance",
            "class_path": "autofit.non_linear.samples.sample.Sample",
            "arguments": {
                "log_likelihood": -12.884037477530327,
                "log_prior": 0.0,
                "weight": 0.0009938085440830554,
                "kwargs": {
                    "type": "dict",
                    "arguments": {
                        "ellipses.0.ell_comps.ell_comps_0": 0.06243723878804,
                        "ellipses.0.ell_comps.ell_comps_1": -0.05680604895441
                    }
                }
            }
        },
        "median_pdf_sample": {
            "type": "instance",
            "class_path": "autofit.non_linear.samples.sample.Sample",
            "arguments": {
                "log_likelihood": -12.884037477530327,
                "log_prior": 0.0,
                "weight": 0.0009938085440830554,
                "kwargs": {
                    "type": "dict",
                    "arguments": {
                        "ellipses.0.ell_comps.ell_comps_0": 0.07395153254106875,
                        "ellipses.0.ell_comps.ell_comps_1": -0.05148209438226
                    }
                }
            }
        },
        "values_at_sigma_1": {
            "type": "list",
            "values": [
                {
                    "type": "tuple",
                    "values": [
                        0.05689789786291679,
                        0.10775487401947
                    ]
                },
                {
                    "type": "tuple",
                    "values": [
                        -0.06836302679051724,
                        -0.03184772442641633
                    ]
                }
            ]
        },
        "model": null,
        "errors_at_sigma_3": {
            "type": "list",
            "values": [
                {
                    "type": "tuple",
                    "values": [
                        0.5361668629059847,
                        0.06559633348399967
                    ]
                },
                {
                    "type": "tuple",
                    "values": [
                        0.33594877650263055,
                        0.08320418013356923
                    ]
                }
            ]
        },
        "log_evidence": -19.417694277828833,
        "values_at_sigma_3": {
            "type": "list",
            "values": [
                {
                    "type": "tuple",
                    "values": [
                        -0.4622153303649159,
                        0.1395478660250684
                    ]
                },
                {
                    "type": "tuple",
                    "values": [
                        -0.38743087088489053,
                        0.03172208575130922
                    ]
                }
            ]
        }
    }
}