{
    "type": "instance",
    "class_path": "autofit.non_linear.samples.summary.SamplesSummary",
    "arguments": {
        "errors_at_sigma_1": {
            "type": "list",
            "values": [
                {
                    "type": "tuple",
                    "values": [
                        0.011307629618915443,
                        0.011062156313227229
                    ]
                },
                {
                    "type": "tuple",
                    "values": [
                        0.012640704569800001,
                        0.010402614023790002
                    ]
                }
            ]
        },
        "max_log_likelihood_sample": {
            "type": "instance",
            "class_path": "autofit.non_linear.samples.sample.Sample",
            "arguments": {
                "log_likelihood": -3.0720283272194915,
                "log_prior": 0.0,
                "weight": 0.000980545547860129,
                "kwargs": {
                    "type": "dict",
                    "arguments": {
                        "ellipses.0.ell_comps.ell_comps_0": -0.00313645621416,
                        "ellipses.0.ell_comps.ell_comps_1": -0.0944628770673
                    }
                }
            }
        },
        "median_pdf_sample": {
            "type": "instance",
            "class_path": "autofit.non_linear.samples.sample.Sample",
            "arguments": {
                "log_likelihood": -3.0720283272194915,
                "log_prior": 0.0,
                "weight": 0.000980545547860129,
                "kwargs": {
                    "type": "dict",
                    "arguments": {
                        "ellipses.0.ell_comps.ell_comps_0": -0.0025305366397045575,
                        "ellipses.0.ell_comps.ell_comps_1": -0.09232591576424
                    }
                }
            }
        },
        "values_at_sigma_1": {
            "type": "list",
            "values": [
                {
                    "type": "tuple",
                    "values": [
                        -0.01383816625862,
                        0.00853161967352267
                    ]
                },
                {
                    "type": "tuple",
                    "values": [
                        -0.10496662033404,
                        -0.08192330174045
                    ]
                }
            ]
        },
        "model": null,
        "errors_at_sigma_3": {
            "type": "list",
            "values": [
                {
                    "type": "tuple",
                    "values": [
                        0.03602274510366217,
                        0.033124843420627624
                    ]
                },
                {
                    "type": "tuple",
                    "values": [
                        0.03713867810604789,
                        0.03423875878954
                    ]
                }
            ]
        },
        "log_evidence": -10.767087825710995,
        "values_at_sigma_3": {
            "type": "list",
            "values": [
                {
                    "type": "tuple",
                    "values": [
                        -0.03855328174336673,
                        0.030594306780923067
                    ]
                },
                {
                    "type": "tuple",
                    "values": [
                        -0.1294645938702879,
                        -0.0580871569747
                    ]
                }
            ]
        }
    }
}