{
    "type": "instance",
    "class_path": "autofit.non_linear.samples.summary.SamplesSummary",
    "arguments": {
        "errors_at_sigma_1": {
            "type": "list",
            "values": [
                {
                    "type": "tuple",
                    "values": [
                        0.02119370938496372,
                        0.020331872086743447
                    ]
                },
                {
                    "type": "tuple",
                    "values": [
                        0.026179713270029506,
                        0.021649888884020002
                    ]
                },
                {
                    "type": "tuple",
                    "values": [
                        0.02205374887461822,
                        0.03611911240370757
                    ]
                },
                {
                    "type": "tuple",
                    "values": [
                        0.017086230101841043,
                        0.022527887206389124
                    ]
                },
                {
                    "type": "tuple",
                    "values": [
                        0.01248690940449038,
                        0.01367345110875921
                    ]
                },
                {
                    "type": "tuple",
                    "values": [
                        0.029820741711898805,
                        0.020025183772362603
                    ]
                },
                {
                    "type": "tuple",
                    "values": [
                        0.013571927387179999,
                        0.015731951727277822
                    ]
                },
                {
                    "type": "tuple",
                    "values": [
                        0.01507485993617,
                        0.01210389590725083
                    ]
                }
            ]
        },
        "errors_at_sigma_3": {
            "type": "list",
            "values": [
                {
                    "type": "tuple",
                    "values": [
                        0.05747223130291605,
                        0.06392530861588344
                    ]
                },
                {
                    "type": "tuple",
                    "values": [
                        0.07884542980454,
                        0.05068562963091999
                    ]
                },
                {
                    "type": "tuple",
                    "values": [
                        0.04339343427057893,
                        0.06700762633084946
                    ]
                },
                {
                    "type": "tuple",
                    "values": [
                        0.04069731081790548,
                        0.0478187086696521
                    ]
                },
                {
                    "type": "tuple",
                    "values": [
                        0.04100608380099177,
                        0.03685857257192823
                    ]
                },
                {
                    "type": "tuple",
                    "values": [
                        0.0676907823488288,
                        0.049006344942483224
                    ]
                },
                {
                    "type": "tuple",
                    "values": [
                        0.03757276532897,
                        0.061643384284775206
                    ]
                },
                {
                    "type": "tuple",
                    "values": [
                        0.04391199465851,
                        0.04375805758062
                    ]
                }
            ]
        },
        "model": null,
        "values_at_sigma_1": {
            "type": "list",
            "values": [
                {
                    "type": "tuple",
                    "values": [
                        -0.14099740236905717,
                        -0.09947182089735
                    ]
                },
                {
                    "type": "tuple",
                    "values": [
                        0.06306917885908049,
                        0.11089878101313
                    ]
                },
                {
                    "type": "tuple",
                    "values": [
                        -0.03524584027370929,
                        0.022927021004616497
                    ]
                },
                {
                    "type": "tuple",
                    "values": [
                        0.005127816394759831,
                        0.04474193370299
                    ]
                },
                {
                    "type": "tuple",
                    "values": [
                        -0.006539524124008614,
                        0.019620836389240975
                    ]
                },
                {
                    "type": "tuple",
                    "values": [
                        -0.01145243748211,
                        0.03839348800215141
                    ]
                },
                {
                    "type": "tuple",
                    "values": [
                        -0.02213744101298,
                        0.0071664381014778225
                    ]
                },
                {
                    "type": "tuple",
                    "values": [
                        -0.00885210098883,
                        0.01832665485459083
                    ]
                }
            ]
        },
        "log_evidence": -28.23104400334777,
        "values_at_sigma_3": {
            "type": "list",
            "values": [
                {
                    "type": "tuple",
                    "values": [
                        -0.1772759242870095,
                        -0.05587838436821
                    ]
                },
                {
                    "type": "tuple",
                    "values": [
                        0.01040346232457,
                        0.13993452176003
                    ]
                },
                {
                    "type": "tuple",
                    "values": [
                        -0.05658552566967,
                        0.053815534931758384
                    ]
                },
                {
                    "type": "tuple",
                    "values": [
                        -0.01848326432130461,
                        0.07003275516625297
                    ]
                },
                {
                    "type": "tuple",
                    "values": [
                        -0.03505869852051,
                        0.04280595785241
                    ]
                },
                {
                    "type": "tuple",
                    "values": [
                        -0.04932247811904,
                        0.06737464917227202
                    ]
                },
                {
                    "type": "tuple",
                    "values": [
                        -0.04613827895477,
                        0.05307787065897521
                    ]
                },
                {
                    "type": "tuple",
                    "values": [
                        -0.03768923571117,
                        0.04998081652796
                    ]
                }
            ]
        },
        "median_pdf_sample": {
            "type": "instance",
            "class_path": "autofit.non_linear.samples.sample.Sample",
            "arguments": {
                "log_likelihood": -10.229742065807523,
                "log_prior": 0.0,
                "weight": 0.0010120758071641186,
                "kwargs": {
                    "type": "dict",
                    "arguments": {
                        "ellipses.0.ell_comps.ell_comps_0": -0.11980369298409345,
                        "ellipses.0.ell_comps.ell_comps_1": 0.08924889212911,
                        "multipoles.0.multipole_1.multipole_comps.multipole_comps_0": -0.013192091399091072,
                        "multipoles.0.multipole_1.multipole_comps.multipole_comps_1": 0.022214046496600873,
                        "multipoles.0.multipole_3.multipole_comps.multipole_comps_0": 0.005947385280481766,
                        "multipoles.0.multipole_3.multipole_comps.multipole_comps_1": 0.018368304229788805,
                        "multipoles.0.multipole_4.multipole_comps.multipole_comps_0": -0.0085655136258,
                        "multipoles.0.multipole_4.multipole_comps.multipole_comps_1": 0.00622275894734
                    }
                }
            }
        },
        "max_log_likelihood_sample": {
            "type": "instance",
            "class_path": "autofit.non_linear.samples.sample.Sample",
            "arguments": {
                "log_likelihood": -10.229742065807523,
                "log_prior": 0.0,
                "weight": 0.0010120758071641186,
                "kwargs": {
                    "type": "dict",
                    "arguments": {
                        "ellipses.0.ell_comps.ell_comps_0": -0.1454765470456,
                        "ellipses.0.ell_comps.ell_comps_1": 0.07968668122753,
                        "multipoles.0.multipole_1.multipole_comps.multipole_comps_0": 0.02495368927663,
                        "multipoles.0.multipole_1.multipole_comps.multipole_comps_1": 0.05412085313898,
                        "multipoles.0.multipole_3.multipole_comps.multipole_comps_0": 0.01316437807147,
                        "multipoles.0.multipole_3.multipole_comps.multipole_comps_1": -0.00639992946184,
                        "multipoles.0.multipole_4.multipole_comps.multipole_comps_0": -0.01684724494323,
                        "multipoles.0.multipole_4.multipole_comps.multipole_comps_1": 0.00589295251849
                    }
                }
            }
        }
    }
}