{
    "type": "instance",
    "class_path": "autofit.non_linear.samples.summary.SamplesSummary",
    "arguments": {
        "errors_at_sigma_1": {
            "type": "list",
            "values": [
                {
                    "type": "tuple",
                    "values": [
                        0.0023484339042229574,
                        0.0022925728536214163
                    ]
                },
                {
                    "type": "tuple",
                    "values": [
                        0.0037455080418344194,
                        0.004116222729212832
                    ]
                }
            ]
        },
        "model": null,
        "values_at_sigma_1": {
            "type": "list",
            "values": [
                {
                    "type": "tuple",
                    "values": [
                        -0.14308204965665877,
                        -0.1384410428988144
                    ]
                },
                {
                    "type": "tuple",
                    "values": [
                        0.06527312669015,
                        0.07313485746119724
                    ]
                }
            ]
        },
        "max_log_likelihood_sample": {
            "type": "instance",
            "class_path": "autofit.non_linear.samples.sample.Sample",
            "arguments": {
                "log_likelihood": -54.192525414617364,
                "log_prior": 0.0,
                "weight": 0.0009852883912913868,
                "kwargs": {
                    "type": "dict",
                    "arguments": {
                        "ellipses.0.ell_comps.ell_comps_0": -0.14092645939232,
                        "ellipses.0.ell_comps.ell_comps_1": 0.06761102429735
                    }
                }
            }
        },
        "errors_at_sigma_3": {
            "type": "list",
            "values": [
                {
                    "type": "tuple",
                    "values": [
                        0.007968507525778323,
                        0.024101614168481444
                    ]
                },
                {
                    "type": "tuple",
                    "values": [
                        0.021962726364971798,
                        0.01444580011928559
                    ]
                }
            ]
        },
        "median_pdf_sample": {
            "type": "instance",
            "class_path": "autofit.non_linear.samples.sample.Sample",
            "arguments": {
                "log_likelihood": -54.192525414617364,
                "log_prior": 0.0,
                "weight": 0.0009852883912913868,
                "kwargs": {
                    "type": "dict",
                    "arguments": {
                        "ellipses.0.ell_comps.ell_comps_0": -0.14073361575243581,
                        "ellipses.0.ell_comps.ell_comps_1": 0.06901863473198441
                    }
                }
            }
        },
        "values_at_sigma_3": {
            "type": "list",
            "values": [
                {
                    "type": "tuple",
                    "values": [
                        -0.14870212327821414,
                        -0.11663200158395437
                    ]
                },
                {
                    "type": "tuple",
                    "values": [
                        0.047055908367012615,
                        0.08346443485127
                    ]
                }
            ]
        },
        "log_evidence": -64.44531343064645
    }
}