{
    "type": "instance",
    "class_path": "autofit.non_linear.samples.summary.SamplesSummary",
    "arguments": {
        "errors_at_sigma_1": {
            "type": "list",
            "values": [
                {
                    "type": "tuple",
                    "values": [
                        0.001425244102955081,
                        0.0014436372630865224
                    ]
                },
                {
                    "type": "tuple",
                    "values": [
                        0.0014460207616176224,
                        0.0016399154835278484
                    ]
                },
                {
                    "type": "tuple",
                    "values": [
                        0.004167479638647878,
                        0.0050980851958882375
                    ]
                },
                {
                    "type": "tuple",
                    "values": [
                        0.005367612827175479,
                        0.00548478780566352
                    ]
                },
                {
                    "type": "tuple",
                    "values": [
                        0.005459496841220553,
                        0.006117705048116387
                    ]
                },
                {
                    "type": "tuple",
                    "values": [
                        0.004634716404569993,
                        0.004926577465975579
                    ]
                }
            ]
        },
        "max_log_likelihood_sample": {
            "type": "instance",
            "class_path": "autofit.non_linear.samples.sample.Sample",
            "arguments": {
                "log_likelihood": -94.59827199069287,
                "log_prior": 0.0,
                "weight": 0.0010225400953820726,
                "kwargs": {
                    "type": "dict",
                    "arguments": {
                        "ellipses.0.ell_comps.ell_comps_0": -0.19529154183611,
                        "ellipses.0.ell_comps.ell_comps_1": -0.20665532376534,
                        "multipoles.0.multipole_3.multipole_comps.multipole_comps_0": -0.00271575633904,
                        "multipoles.0.multipole_3.multipole_comps.multipole_comps_1": 0.01134943291965,
                        "multipoles.0.multipole_4.multipole_comps.multipole_comps_0": -0.02836386957002,
                        "multipoles.0.multipole_4.multipole_comps.multipole_comps_1": 0.06673618785933
                    }
                }
            }
        },
        "model": null,
        "log_evidence": -116.49716316660326,
        "values_at_sigma_3": {
            "type": "list",
            "values": [
                {
                    "type": "tuple",
                    "values": [
                        -0.20036903851460452,
                        -0.1906156564661
                    ]
                },
                {
                    "type": "tuple",
                    "values": [
                        -0.2109506825427,
                        -0.20218837353403288
                    ]
                },
                {
                    "type": "tuple",
                    "values": [
                        -0.01983097137893958,
                        0.011598069513200604
                    ]
                },
                {
                    "type": "tuple",
                    "values": [
                        -0.0039848099644,
                        0.02769299667487
                    ]
                },
                {
                    "type": "tuple",
                    "values": [
                        -0.05126428861501218,
                        -0.01544587386223097
                    ]
                },
                {
                    "type": "tuple",
                    "values": [
                        0.052300926193651696,
                        0.08264679289819
                    ]
                }
            ]
        },
        "values_at_sigma_1": {
            "type": "list",
            "values": [
                {
                    "type": "tuple",
                    "values": [
                        -0.19712198870367,
                        -0.1942531073376284
                    ]
                },
                {
                    "type": "tuple",
                    "values": [
                        -0.20748474492782865,
                        -0.20439880868268318
                    ]
                },
                {
                    "type": "tuple",
                    "values": [
                        -0.008709900271992324,
                        0.0005556645625437913
                    ]
                },
                {
                    "type": "tuple",
                    "values": [
                        0.0069569721204,
                        0.017809372753239
                    ]
                },
                {
                    "type": "tuple",
                    "values": [
                        -0.03805173761167694,
                        -0.02647453572234
                    ]
                },
                {
                    "type": "tuple",
                    "values": [
                        0.06206449360182,
                        0.07162578747236557
                    ]
                }
            ]
        },
        "errors_at_sigma_3": {
            "type": "list",
            "values": [
                {
                    "type": "tuple",
                    "values": [
                        0.004672293913889597,
                        0.005081088134614942
                    ]
                },
                {
                    "type": "tuple",
                    "values": [
                        0.004911958376488973,
                        0.0038503506321781455
                    ]
                },
                {
                    "type": "tuple",
                    "values": [
                        0.015288550745595134,
                        0.01614049014654505
                    ]
                },
                {
                    "type": "tuple",
                    "values": [
                        0.01630939491197548,
                        0.015368411727294522
                    ]
                },
                {
                    "type": "tuple",
                    "values": [
                        0.01867204784455579,
                        0.017146366908225418
                    ]
                },
                {
                    "type": "tuple",
                    "values": [
                        0.014398283812738298,
                        0.01594758289180001
                    ]
                }
            ]
        },
        "median_pdf_sample": {
            "type": "instance",
            "class_path": "autofit.non_linear.samples.sample.Sample",
            "arguments": {
                "log_likelihood": -94.59827199069287,
                "log_prior": 0.0,
                "weight": 0.0010225400953820726,
                "kwargs": {
                    "type": "dict",
                    "arguments": {
                        "ellipses.0.ell_comps.ell_comps_0": -0.19569674460071493,
                        "ellipses.0.ell_comps.ell_comps_1": -0.20603872416621102,
                        "multipoles.0.multipole_3.multipole_comps.multipole_comps_0": -0.0045424206333444465,
                        "multipoles.0.multipole_3.multipole_comps.multipole_comps_1": 0.01232458494757548,
                        "multipoles.0.multipole_4.multipole_comps.multipole_comps_0": -0.03259224077045639,
                        "multipoles.0.multipole_4.multipole_comps.multipole_comps_1": 0.06669921000639
                    }
                }
            }
        }
    }
}