{
    "type": "instance",
    "class_path": "autofit.non_linear.samples.summary.SamplesSummary",
    "arguments": {
        "log_evidence": -76.37512857321084,
        "max_log_likelihood_sample": {
            "type": "instance",
            "class_path": "autofit.non_linear.samples.sample.Sample",
            "arguments": {
                "log_likelihood": -59.83568017808871,
                "log_prior": 0.0,
                "weight": 0.0009528330645424913,
                "kwargs": {
                    "type": "dict",
                    "arguments": {
                        "ellipses.0.ell_comps.ell_comps_0": -0.20279210930574,
                        "ellipses.0.ell_comps.ell_comps_1": 0.14271664802989,
                        "multipoles.0.multipole_3.multipole_comps.multipole_comps_0": -0.08586836628242,
                        "multipoles.0.multipole_3.multipole_comps.multipole_comps_1": -0.0320148213516,
                        "multipoles.0.multipole_4.multipole_comps.multipole_comps_0": -0.04426350283303,
                        "multipoles.0.multipole_4.multipole_comps.multipole_comps_1": 0.05457836543498
                    }
                }
            }
        },
        "errors_at_sigma_1": {
            "type": "list",
            "values": [
                {
                    "type": "tuple",
                    "values": [
                        0.0011690378370519672,
                        0.0013692163069873864
                    ]
                },
                {
                    "type": "tuple",
                    "values": [
                        0.001129187822576344,
                        0.026255134027773436
                    ]
                },
                {
                    "type": "tuple",
                    "values": [
                        0.0076981797472891675,
                        0.01718158555496238
                    ]
                },
                {
                    "type": "tuple",
                    "values": [
                        0.010051343379528241,
                        0.009290755688795563
                    ]
                },
                {
                    "type": "tuple",
                    "values": [
                        0.011580602306556838,
                        0.017843547397323162
                    ]
                },
                {
                    "type": "tuple",
                    "values": [
                        0.04789317902533915,
                        0.008449573395234652
                    ]
                }
            ]
        },
        "values_at_sigma_1": {
            "type": "list",
            "values": [
                {
                    "type": "tuple",
                    "values": [
                        -0.20319357505364,
                        -0.20065532090960064
                    ]
                },
                {
                    "type": "tuple",
                    "values": [
                        0.11681522635224023,
                        0.14419954820259
                    ]
                },
                {
                    "type": "tuple",
                    "values": [
                        -0.06915287293539917,
                        -0.04427310763314762
                    ]
                },
                {
                    "type": "tuple",
                    "values": [
                        -0.02530749963571,
                        -0.0059654005673861945
                    ]
                },
                {
                    "type": "tuple",
                    "values": [
                        -0.04852236457762,
                        -0.01909821487374
                    ]
                },
                {
                    "type": "tuple",
                    "values": [
                        0.0380029799256762,
                        0.09434573234625
                    ]
                }
            ]
        },
        "values_at_sigma_3": {
            "type": "list",
            "values": [
                {
                    "type": "tuple",
                    "values": [
                        -0.27047654181596964,
                        -0.19333727532076
                    ]
                },
                {
                    "type": "tuple",
                    "values": [
                        0.07487333064505,
                        0.1632372174095192
                    ]
                },
                {
                    "type": "tuple",
                    "values": [
                        -0.0900147433901144,
                        0.08547300125584151
                    ]
                },
                {
                    "type": "tuple",
                    "values": [
                        -0.04364665582738629,
                        0.092079463554
                    ]
                },
                {
                    "type": "tuple",
                    "values": [
                        -0.08294551840484,
                        0.09965677442400377
                    ]
                },
                {
                    "type": "tuple",
                    "values": [
                        -0.07666680585776839,
                        0.09959801808167716
                    ]
                }
            ]
        },
        "model": null,
        "median_pdf_sample": {
            "type": "instance",
            "class_path": "autofit.non_linear.samples.sample.Sample",
            "arguments": {
                "log_likelihood": -59.83568017808871,
                "log_prior": 0.0,
                "weight": 0.0009528330645424913,
                "kwargs": {
                    "type": "dict",
                    "arguments": {
                        "ellipses.0.ell_comps.ell_comps_0": -0.20202453721658803,
                        "ellipses.0.ell_comps.ell_comps_1": 0.11794441417481658,
                        "multipoles.0.multipole_3.multipole_comps.multipole_comps_0": -0.06145469318811,
                        "multipoles.0.multipole_3.multipole_comps.multipole_comps_1": -0.015256156256181758,
                        "multipoles.0.multipole_4.multipole_comps.multipole_comps_0": -0.03694176227106316,
                        "multipoles.0.multipole_4.multipole_comps.multipole_comps_1": 0.08589615895101535
                    }
                }
            }
        },
        "errors_at_sigma_3": {
            "type": "list",
            "values": [
                {
                    "type": "tuple",
                    "values": [
                        0.06845200459938161,
                        0.008687261895828025
                    ]
                },
                {
                    "type": "tuple",
                    "values": [
                        0.043071083529766574,
                        0.04529280323470261
                    ]
                },
                {
                    "type": "tuple",
                    "values": [
                        0.028560050202004396,
                        0.1469276944439515
                    ]
                },
                {
                    "type": "tuple",
                    "values": [
                        0.028390499571204535,
                        0.10733561981018176
                    ]
                },
                {
                    "type": "tuple",
                    "values": [
                        0.046003756133776844,
                        0.13659853669506694
                    ]
                },
                {
                    "type": "tuple",
                    "values": [
                        0.16256296480878374,
                        0.013701859130661811
                    ]
                }
            ]
        }
    }
}