{
    "type": "collection",
    "arguments": {
        "ellipses": {
            "type": "collection",
            "arguments": {
                "0": {
                    "type": "instance",
                    "class_path": "autogalaxy.ellipse.ellipse.ellipse.Ellipse",
                    "arguments": {
                        "centre": {
                            "type": "tuple",
                            "values": [
                                -0.00086191361331,
                                -0.00169299876983
                            ]
                        },
                        "ell_comps": {
                            "type": "tuple",
                            "values": [
                                -0.14474591110544,
                                -0.141799944586
                            ]
                        },
                        "major_axis": 0.25
                    }
                },
                "1": {
                    "type": "instance",
                    "class_path": "autogalaxy.ellipse.ellipse.ellipse.Ellipse",
                    "arguments": {
                        "centre": {
                            "type": "tuple",
                            "values": [
                                -0.00086191361331,
                                -0.00169299876983
                            ]
                        },
                        "ell_comps": {
                            "type": "tuple",
                            "values": [
                                -0.22251246993315,
                                -0.22633423698472
                            ]
                        },
                        "major_axis": 0.5
                    }
                },
                "2": {
                    "type": "instance",
                    "class_path": "autogalaxy.ellipse.ellipse.ellipse.Ellipse",
                    "arguments": {
                        "centre": {
                            "type": "tuple",
                            "values": [
                                -0.00086191361331,
                                -0.00169299876983
                            ]
                        },
                        "ell_comps": {
                            "type": "tuple",
                            "values": [
                                -0.24629378103354,
                                -0.25403063360646
                            ]
                        },
                        "major_axis": 0.75
                    }
                },
                "3": {
                    "type": "instance",
                    "class_path": "autogalaxy.ellipse.ellipse.ellipse.Ellipse",
                    "arguments": {
                        "centre": {
                            "type": "tuple",
                            "values": [
                                -0.00086191361331,
                                -0.00169299876983
                            ]
                        },
                        "ell_comps": {
                            "type": "tuple",
                            "values": [
                                -0.23661083039052,
                                -0.24970883240172
                            ]
                        },
                        "major_axis": 1.0
                    }
                },
                "4": {
                    "type": "instance",
                    "class_path": "autogalaxy.ellipse.ellipse.ellipse.Ellipse",
                    "arguments": {
                        "centre": {
                            "type": "tuple",
                            "values": [
                                -0.00086191361331,
                                -0.00169299876983
                            ]
                        },
                        "ell_comps": {
                            "type": "tuple",
                            "values": [
                                -0.22199606165145,
                                -0.23723668311365
                            ]
                        },
                        "major_axis": 1.25
                    }
                },
                "5": {
                    "type": "instance",
                    "class_path": "autogalaxy.ellipse.ellipse.ellipse.Ellipse",
                    "arguments": {
                        "centre": {
                            "type": "tuple",
                            "values": [
                                -0.00086191361331,
                                -0.00169299876983
                            ]
                        },
                        "ell_comps": {
                            "type": "tuple",
                            "values": [
                                -0.20987560675059,
                                -0.223720492029
                            ]
                        },
                        "major_axis": 1.5
                    }
                },
                "6": {
                    "type": "instance",
                    "class_path": "autogalaxy.ellipse.ellipse.ellipse.Ellipse",
                    "arguments": {
                        "centre": {
                            "type": "tuple",
                            "values": [
                                -0.00086191361331,
                                -0.00169299876983
                            ]
                        },
                        "ell_comps": {
                            "type": "tuple",
                            "values": [
                                -0.1993272055448,
                                -0.21427558289492
                            ]
                        },
                        "major_axis": 1.75
                    }
                },
                "7": {
                    "type": "instance",
                    "class_path": "autogalaxy.ellipse.ellipse.ellipse.Ellipse",
                    "arguments": {
                        "centre": {
                            "type": "tuple",
                            "values": [
                                -0.00086191361331,
                                -0.00169299876983
                            ]
                        },
                        "ell_comps": {
                            "type": "tuple",
                            "values": [
                                -0.1826990923878,
                                -0.19968308917553
                            ]
                        },
                        "major_axis": 2.0
                    }
                },
                "8": {
                    "type": "instance",
                    "class_path": "autogalaxy.ellipse.ellipse.ellipse.Ellipse",
                    "arguments": {
                        "centre": {
                            "type": "tuple",
                            "values": [
                                -0.00086191361331,
                                -0.00169299876983
                            ]
                        },
                        "ell_comps": {
                            "type": "tuple",
                            "values": [
                                -0.17755282850517,
                                -0.19744704689084
                            ]
                        },
                        "major_axis": 2.25
                    }
                },
                "9": {
                    "type": "instance",
                    "class_path": "autogalaxy.ellipse.ellipse.ellipse.Ellipse",
                    "arguments": {
                        "centre": {
                            "type": "tuple",
                            "values": [
                                -0.00086191361331,
                                -0.00169299876983
                            ]
                        },
                        "ell_comps": {
                            "type": "tuple",
                            "values": [
                                -0.16830340287501,
                                -0.18945090248475
                            ]
                        },
                        "major_axis": 2.5
                    }
                },
                "10": {
                    "type": "instance",
                    "class_path": "autogalaxy.ellipse.ellipse.ellipse.Ellipse",
                    "arguments": {
                        "centre": {
                            "type": "tuple",
                            "values": [
                                -0.00086191361331,
                                -0.00169299876983
                            ]
                        },
                        "ell_comps": {
                            "type": "tuple",
                            "values": [
                                -0.17802231486573,
                                -0.1974582905487
                            ]
                        },
                        "major_axis": 2.75
                    }
                },
                "11": {
                    "type": "instance",
                    "class_path": "autogalaxy.ellipse.ellipse.ellipse.Ellipse",
                    "arguments": {
                        "centre": {
                            "type": "tuple",
                            "values": [
                                -0.00086191361331,
                                -0.00169299876983
                            ]
                        },
                        "ell_comps": {
                            "type": "tuple",
                            "values": [
                                -0.18275390215963,
                                -0.19922988055417
                            ]
                        },
                        "major_axis": 3.0
                    }
                },
                "12": {
                    "type": "instance",
                    "class_path": "autogalaxy.ellipse.ellipse.ellipse.Ellipse",
                    "arguments": {
                        "centre": {
                            "type": "tuple",
                            "values": [
                                -0.00086191361331,
                                -0.00169299876983
                            ]
                        },
                        "ell_comps": {
                            "type": "tuple",
                            "values": [
                                -0.1795990612592,
                                -0.20079554066214
                            ]
                        },
                        "major_axis": 3.25
                    }
                },
                "13": {
                    "type": "instance",
                    "class_path": "autogalaxy.ellipse.ellipse.ellipse.Ellipse",
                    "arguments": {
                        "centre": {
                            "type": "tuple",
                            "values": [
                                -0.00086191361331,
                                -0.00169299876983
                            ]
                        },
                        "ell_comps": {
                            "type": "tuple",
                            "values": [
                                -0.18974269978508,
                                -0.20316948668182
                            ]
                        },
                        "major_axis": 3.5
                    }
                },
                "14": {
                    "type": "instance",
                    "class_path": "autogalaxy.ellipse.ellipse.ellipse.Ellipse",
                    "arguments": {
                        "centre": {
                            "type": "tuple",
                            "values": [
                                -0.00086191361331,
                                -0.00169299876983
                            ]
                        },
                        "ell_comps": {
                            "type": "tuple",
                            "values": [
                                -0.19529154183611,
                                -0.20665532376534
                            ]
                        },
                        "major_axis": 3.75
                    }
                },
                "15": {
                    "type": "instance",
                    "class_path": "autogalaxy.ellipse.ellipse.ellipse.Ellipse",
                    "arguments": {
                        "centre": {
                            "type": "tuple",
                            "values": [
                                -0.00086191361331,
                                -0.00169299876983
                            ]
                        },
                        "ell_comps": {
                            "type": "tuple",
                            "values": [
                                -0.19282275709309,
                                -0.20562669257067
                            ]
                        },
                        "major_axis": 4.0
                    }
                },
                "16": {
                    "type": "instance",
                    "class_path": "autogalaxy.ellipse.ellipse.ellipse.Ellipse",
                    "arguments": {
                        "centre": {
                            "type": "tuple",
                            "values": [
                                -0.00086191361331,
                                -0.00169299876983
                            ]
                        },
                        "ell_comps": {
                            "type": "tuple",
                            "values": [
                                -0.19875021787807,
                                -0.21172542593777
                            ]
                        },
                        "major_axis": 4.25
                    }
                },
                "17": {
                    "type": "instance",
                    "class_path": "autogalaxy.ellipse.ellipse.ellipse.Ellipse",
                    "arguments": {
                        "centre": {
                            "type": "tuple",
                            "values": [
                                -0.00086191361331,
                                -0.00169299876983
                            ]
                        },
                        "ell_comps": {
                            "type": "tuple",
                            "values": [
                                -0.19738965350852,
                                -0.21144888800978
                            ]
                        },
                        "major_axis": 4.5
                    }
                },
                "18": {
                    "type": "instance",
                    "class_path": "autogalaxy.ellipse.ellipse.ellipse.Ellipse",
                    "arguments": {
                        "centre": {
                            "type": "tuple",
                            "values": [
                                -0.00086191361331,
                                -0.00169299876983
                            ]
                        },
                        "ell_comps": {
                            "type": "tuple",
                            "values": [
                                -0.2000568886953,
                                -0.20775748231195
                            ]
                        },
                        "major_axis": 4.75
                    }
                }
            }
        },
        "multipoles": {
            "type": "collection",
            "arguments": {
                "0": {
                    "type": "instance",
                    "class_path": "autofit.mapper.model.ModelInstance",
                    "arguments": {
                        "child_items": {
                            "type": "dict",
                            "arguments": {
                                "multipole_3": {
                                    "type": "instance",
                                    "class_path": "autogalaxy.ellipse.ellipse.ellipse_multipole.EllipseMultipole",
                                    "arguments": {
                                        "multipole_comps": {
                                            "type": "tuple",
                                            "values": [
                                                -0.0002201248302,
                                                -0.00103336815376
                                            ]
                                        },
                                        "m": 3
                                    }
                                },
                                "multipole_4": {
                                    "type": "instance",
                                    "class_path": "autogalaxy.ellipse.ellipse.ellipse_multipole.EllipseMultipole",
                                    "arguments": {
                                        "multipole_comps": {
                                            "type": "tuple",
                                            "values": [
                                                -0.00119814258235,
                                                0.00091609261539
                                            ]
                                        },
                                        "m": 4
                                    }
                                }
                            }
                        }
                    }
                },
                "1": {
                    "type": "instance",
                    "class_path": "autofit.mapper.model.ModelInstance",
                    "arguments": {
                        "child_items": {
                            "type": "dict",
                            "arguments": {
                                "multipole_3": {
                                    "type": "instance",
                                    "class_path": "autogalaxy.ellipse.ellipse.ellipse_multipole.EllipseMultipole",
                                    "arguments": {
                                        "multipole_comps": {
                                            "type": "tuple",
                                            "values": [
                                                -0.00048033269515,
                                                -0.00048163962427
                                            ]
                                        },
                                        "m": 3
                                    }
                                },
                                "multipole_4": {
                                    "type": "instance",
                                    "class_path": "autogalaxy.ellipse.ellipse.ellipse_multipole.EllipseMultipole",
                                    "arguments": {
                                        "multipole_comps": {
                                            "type": "tuple",
                                            "values": [
                                                -0.00427161415074,
                                                0.00422818929533
                                            ]
                                        },
                                        "m": 4
                                    }
                                }
                            }
                        }
                    }
                },
                "2": {
                    "type": "instance",
                    "class_path": "autofit.mapper.model.ModelInstance",
                    "arguments": {
                        "child_items": {
                            "type": "dict",
                            "arguments": {
                                "multipole_3": {
                                    "type": "instance",
                                    "class_path": "autogalaxy.ellipse.ellipse.ellipse_multipole.EllipseMultipole",
                                    "arguments": {
                                        "multipole_comps": {
                                            "type": "tuple",
                                            "values": [
                                                -0.00049241212187,
                                                0.00093250501387
                                            ]
                                        },
                                        "m": 3
                                    }
                                },
                                "multipole_4": {
                                    "type": "instance",
                                    "class_path": "autogalaxy.ellipse.ellipse.ellipse_multipole.EllipseMultipole",
                                    "arguments": {
                                        "multipole_comps": {
                                            "type": "tuple",
                                            "values": [
                                                -0.00753750383756,
                                                0.00618585104555
                                            ]
                                        },
                                        "m": 4
                                    }
                                }
                            }
                        }
                    }
                },
                "3": {
                    "type": "instance",
                    "class_path": "autofit.mapper.model.ModelInstance",
                    "arguments": {
                        "child_items": {
                            "type": "dict",
                            "arguments": {
                                "multipole_3": {
                                    "type": "instance",
                                    "class_path": "autogalaxy.ellipse.ellipse.ellipse_multipole.EllipseMultipole",
                                    "arguments": {
                                        "multipole_comps": {
                                            "type": "tuple",
                                            "values": [
                                                0.00014894095406,
                                                0.00103191434091
                                            ]
                                        },
                                        "m": 3
                                    }
                                },
                                "multipole_4": {
                                    "type": "instance",
                                    "class_path": "autogalaxy.ellipse.ellipse.ellipse_multipole.EllipseMultipole",
                                    "arguments": {
                                        "multipole_comps": {
                                            "type": "tuple",
                                            "values": [
                                                -0.0094340189152,
                                                0.00369372489571
                                            ]
                                        },
                                        "m": 4
                                    }
                                }
                            }
                        }
                    }
                },
                "4": {
                    "type": "instance",
                    "class_path": "autofit.mapper.model.ModelInstance",
                    "arguments": {
                        "child_items": {
                            "type": "dict",
                            "arguments": {
                                "multipole_3": {
                                    "type": "instance",
                                    "class_path": "autogalaxy.ellipse.ellipse.ellipse_multipole.EllipseMultipole",
                                    "arguments": {
                                        "multipole_comps": {
                                            "type": "tuple",
                                            "values": [
                                                0.00090302236415,
                                                0.00194758057733
                                            ]
                                        },
                                        "m": 3
                                    }
                                },
                                "multipole_4": {
                                    "type": "instance",
                                    "class_path": "autogalaxy.ellipse.ellipse.ellipse_multipole.EllipseMultipole",
                                    "arguments": {
                                        "multipole_comps": {
                                            "type": "tuple",
                                            "values": [
                                                -0.00933974252325,
                                                0.0029587276635
                                            ]
                                        },
                                        "m": 4
                                    }
                                }
                            }
                        }
                    }
                },
                "5": {
                    "type": "instance",
                    "class_path": "autofit.mapper.model.ModelInstance",
                    "arguments": {
                        "child_items": {
                            "type": "dict",
                            "arguments": {
                                "multipole_3": {
                                    "type": "instance",
                                    "class_path": "autogalaxy.ellipse.ellipse.ellipse_multipole.EllipseMultipole",
                                    "arguments": {
                                        "multipole_comps": {
                                            "type": "tuple",
                                            "values": [
                                                0.00158806127057,
                                                -0.00221357094673
                                            ]
                                        },
                                        "m": 3
                                    }
                                },
                                "multipole_4": {
                                    "type": "instance",
                                    "class_path": "autogalaxy.ellipse.ellipse.ellipse_multipole.EllipseMultipole",
                                    "arguments": {
                                        "multipole_comps": {
                                            "type": "tuple",
                                            "values": [
                                                -0.01380154387851,
                                                0.00364752520443
                                            ]
                                        },
                                        "m": 4
                                    }
                                }
                            }
                        }
                    }
                },
                "6": {
                    "type": "instance",
                    "class_path": "autofit.mapper.model.ModelInstance",
                    "arguments": {
                        "child_items": {
                            "type": "dict",
                            "arguments": {
                                "multipole_3": {
                                    "type": "instance",
                                    "class_path": "autogalaxy.ellipse.ellipse.ellipse_multipole.EllipseMultipole",
                                    "arguments": {
                                        "multipole_comps": {
                                            "type": "tuple",
                                            "values": [
                                                0.00061216664668,
                                                0.00276642768098
                                            ]
                                        },
                                        "m": 3
                                    }
                                },
                                "multipole_4": {
                                    "type": "instance",
                                    "class_path": "autogalaxy.ellipse.ellipse.ellipse_multipole.EllipseMultipole",
                                    "arguments": {
                                        "multipole_comps": {
                                            "type": "tuple",
                                            "values": [
                                                -0.02026184363037,
                                                0.01040830721085
                                            ]
                                        },
                                        "m": 4
                                    }
                                }
                            }
                        }
                    }
                },
                "7": {
                    "type": "instance",
                    "class_path": "autofit.mapper.model.ModelInstance",
                    "arguments": {
                        "child_items": {
                            "type": "dict",
                            "arguments": {
                                "multipole_3": {
                                    "type": "instance",
                                    "class_path": "autogalaxy.ellipse.ellipse.ellipse_multipole.EllipseMultipole",
                                    "arguments": {
                                        "multipole_comps": {
                                            "type": "tuple",
                                            "values": [
                                                0.00516607961536,
                                                -0.00109224663374
                                            ]
                                        },
                                        "m": 3
                                    }
                                },
                                "multipole_4": {
                                    "type": "instance",
                                    "class_path": "autogalaxy.ellipse.ellipse.ellipse_multipole.EllipseMultipole",
                                    "arguments": {
                                        "multipole_comps": {
                                            "type": "tuple",
                                            "values": [
                                                -0.02148869715374,
                                                0.00208471426063
                                            ]
                                        },
                                        "m": 4
                                    }
                                }
                            }
                        }
                    }
                },
                "8": {
                    "type": "instance",
                    "class_path": "autofit.mapper.model.ModelInstance",
                    "arguments": {
                        "child_items": {
                            "type": "dict",
                            "arguments": {
                                "multipole_3": {
                                    "type": "instance",
                                    "class_path": "autogalaxy.ellipse.ellipse.ellipse_multipole.EllipseMultipole",
                                    "arguments": {
                                        "multipole_comps": {
                                            "type": "tuple",
                                            "values": [
                                                0.00443828538617,
                                                -0.00431528497275
                                            ]
                                        },
                                        "m": 3
                                    }
                                },
                                "multipole_4": {
                                    "type": "instance",
                                    "class_path": "autogalaxy.ellipse.ellipse.ellipse_multipole.EllipseMultipole",
                                    "arguments": {
                                        "multipole_comps": {
                                            "type": "tuple",
                                            "values": [
                                                -0.03026199506233,
                                                0.01176054788696
                                            ]
                                        },
                                        "m": 4
                                    }
                                }
                            }
                        }
                    }
                },
                "9": {
                    "type": "instance",
                    "class_path": "autofit.mapper.model.ModelInstance",
                    "arguments": {
                        "child_items": {
                            "type": "dict",
                            "arguments": {
                                "multipole_3": {
                                    "type": "instance",
                                    "class_path": "autogalaxy.ellipse.ellipse.ellipse_multipole.EllipseMultipole",
                                    "arguments": {
                                        "multipole_comps": {
                                            "type": "tuple",
                                            "values": [
                                                0.00290138071435,
                                                -0.00284366460953
                                            ]
                                        },
                                        "m": 3
                                    }
                                },
                                "multipole_4": {
                                    "type": "instance",
                                    "class_path": "autogalaxy.ellipse.ellipse.ellipse_multipole.EllipseMultipole",
                                    "arguments": {
                                        "multipole_comps": {
                                            "type": "tuple",
                                            "values": [
                                                -0.0229970468923,
                                                0.00649168715259
                                            ]
                                        },
                                        "m": 4
                                    }
                                }
                            }
                        }
                    }
                },
                "10": {
                    "type": "instance",
                    "class_path": "autofit.mapper.model.ModelInstance",
                    "arguments": {
                        "child_items": {
                            "type": "dict",
                            "arguments": {
                                "multipole_3": {
                                    "type": "instance",
                                    "class_path": "autogalaxy.ellipse.ellipse.ellipse_multipole.EllipseMultipole",
                                    "arguments": {
                                        "multipole_comps": {
                                            "type": "tuple",
                                            "values": [
                                                0.01350614834652,
                                                -0.00920024778315
                                            ]
                                        },
                                        "m": 3
                                    }
                                },
                                "multipole_4": {
                                    "type": "instance",
                                    "class_path": "autogalaxy.ellipse.ellipse.ellipse_multipole.EllipseMultipole",
                                    "arguments": {
                                        "multipole_comps": {
                                            "type": "tuple",
                                            "values": [
                                                -0.03434866062411,
                                                0.01990923378845
                                            ]
                                        },
                                        "m": 4
                                    }
                                }
                            }
                        }
                    }
                },
                "11": {
                    "type": "instance",
                    "class_path": "autofit.mapper.model.ModelInstance",
                    "arguments": {
                        "child_items": {
                            "type": "dict",
                            "arguments": {
                                "multipole_3": {
                                    "type": "instance",
                                    "class_path": "autogalaxy.ellipse.ellipse.ellipse_multipole.EllipseMultipole",
                                    "arguments": {
                                        "multipole_comps": {
                                            "type": "tuple",
                                            "values": [
                                                0.01392367213831,
                                                -0.02122303448145
                                            ]
                                        },
                                        "m": 3
                                    }
                                },
                                "multipole_4": {
                                    "type": "instance",
                                    "class_path": "autogalaxy.ellipse.ellipse.ellipse_multipole.EllipseMultipole",
                                    "arguments": {
                                        "multipole_comps": {
                                            "type": "tuple",
                                            "values": [
                                                -0.04089616613416,
                                                0.0270521870027
                                            ]
                                        },
                                        "m": 4
                                    }
                                }
                            }
                        }
                    }
                },
                "12": {
                    "type": "instance",
                    "class_path": "autofit.mapper.model.ModelInstance",
                    "arguments": {
                        "child_items": {
                            "type": "dict",
                            "arguments": {
                                "multipole_3": {
                                    "type": "instance",
                                    "class_path": "autogalaxy.ellipse.ellipse.ellipse_multipole.EllipseMultipole",
                                    "arguments": {
                                        "multipole_comps": {
                                            "type": "tuple",
                                            "values": [
                                                0.0025764568235,
                                                -0.00734702842874
                                            ]
                                        },
                                        "m": 3
                                    }
                                },
                                "multipole_4": {
                                    "type": "instance",
                                    "class_path": "autogalaxy.ellipse.ellipse.ellipse_multipole.EllipseMultipole",
                                    "arguments": {
                                        "multipole_comps": {
                                            "type": "tuple",
                                            "values": [
                                                -0.03961538384456,
                                                0.01606840023616
                                            ]
                                        },
                                        "m": 4
                                    }
                                }
                            }
                        }
                    }
                },
                "13": {
                    "type": "instance",
                    "class_path": "autofit.mapper.model.ModelInstance",
                    "arguments": {
                        "child_items": {
                            "type": "dict",
                            "arguments": {
                                "multipole_3": {
                                    "type": "instance",
                                    "class_path": "autogalaxy.ellipse.ellipse.ellipse_multipole.EllipseMultipole",
                                    "arguments": {
                                        "multipole_comps": {
                                            "type": "tuple",
                                            "values": [
                                                0.01186999800967,
                                                -0.01485321361293
                                            ]
                                        },
                                        "m": 3
                                    }
                                },
                                "multipole_4": {
                                    "type": "instance",
                                    "class_path": "autogalaxy.ellipse.ellipse.ellipse_multipole.EllipseMultipole",
                                    "arguments": {
                                        "multipole_comps": {
                                            "type": "tuple",
                                            "values": [
                                                -0.03161901623906,
                                                0.0426181138138
                                            ]
                                        },
                                        "m": 4
                                    }
                                }
                            }
                        }
                    }
                },
                "14": {
                    "type": "instance",
                    "class_path": "autofit.mapper.model.ModelInstance",
                    "arguments": {
                        "child_items": {
                            "type": "dict",
                            "arguments": {
                                "multipole_3": {
                                    "type": "instance",
                                    "class_path": "autogalaxy.ellipse.ellipse.ellipse_multipole.EllipseMultipole",
                                    "arguments": {
                                        "multipole_comps": {
                                            "type": "tuple",
                                            "values": [
                                                -0.00271575633904,
                                                0.01134943291965
                                            ]
                                        },
                                        "m": 3
                                    }
                                },
                                "multipole_4": {
                                    "type": "instance",
                                    "class_path": "autogalaxy.ellipse.ellipse.ellipse_multipole.EllipseMultipole",
                                    "arguments": {
                                        "multipole_comps": {
                                            "type": "tuple",
                                            "values": [
                                                -0.02836386957002,
                                                0.06673618785933
                                            ]
                                        },
                                        "m": 4
                                    }
                                }
                            }
                        }
                    }
                },
                "15": {
                    "type": "instance",
                    "class_path": "autofit.mapper.model.ModelInstance",
                    "arguments": {
                        "child_items": {
                            "type": "dict",
                            "arguments": {
                                "multipole_3": {
                                    "type": "instance",
                                    "class_path": "autogalaxy.ellipse.ellipse.ellipse_multipole.EllipseMultipole",
                                    "arguments": {
                                        "multipole_comps": {
                                            "type": "tuple",
                                            "values": [
                                                0.02366320316565,
                                                -0.00114104633069
                                            ]
                                        },
                                        "m": 3
                                    }
                                },
                                "multipole_4": {
                                    "type": "instance",
                                    "class_path": "autogalaxy.ellipse.ellipse.ellipse_multipole.EllipseMultipole",
                                    "arguments": {
                                        "multipole_comps": {
                                            "type": "tuple",
                                            "values": [
                                                -0.00515113473848,
                                                0.04483473843639
                                            ]
                                        },
                                        "m": 4
                                    }
                                }
                            }
                        }
                    }
                },
                "16": {
                    "type": "instance",
                    "class_path": "autofit.mapper.model.ModelInstance",
                    "arguments": {
                        "child_items": {
                            "type": "dict",
                            "arguments": {
                                "multipole_3": {
                                    "type": "instance",
                                    "class_path": "autogalaxy.ellipse.ellipse.ellipse_multipole.EllipseMultipole",
                                    "arguments": {
                                        "multipole_comps": {
                                            "type": "tuple",
                                            "values": [
                                                0.01591311491914,
                                                0.03624462457249
                                            ]
                                        },
                                        "m": 3
                                    }
                                },
                                "multipole_4": {
                                    "type": "instance",
                                    "class_path": "autogalaxy.ellipse.ellipse.ellipse_multipole.EllipseMultipole",
                                    "arguments": {
                                        "multipole_comps": {
                                            "type": "tuple",
                                            "values": [
                                                -0.02033505576969,
                                                0.04688317234841
                                            ]
                                        },
                                        "m": 4
                                    }
                                }
                            }
                        }
                    }
                },
                "17": {
                    "type": "instance",
                    "class_path": "autofit.mapper.model.ModelInstance",
                    "arguments": {
                        "child_items": {
                            "type": "dict",
                            "arguments": {
                                "multipole_3": {
                                    "type": "instance",
                                    "class_path": "autogalaxy.ellipse.ellipse.ellipse_multipole.EllipseMultipole",
                                    "arguments": {
                                        "multipole_comps": {
                                            "type": "tuple",
                                            "values": [
                                                0.03491971528715,
                                                0.04900830123128
                                            ]
                                        },
                                        "m": 3
                                    }
                                },
                                "multipole_4": {
                                    "type": "instance",
                                    "class_path": "autogalaxy.ellipse.ellipse.ellipse_multipole.EllipseMultipole",
                                    "arguments": {
                                        "multipole_comps": {
                                            "type": "tuple",
                                            "values": [
                                                -0.02831261535441,
                                                0.04828152364813
                                            ]
                                        },
                                        "m": 4
                                    }
                                }
                            }
                        }
                    }
                },
                "18": {
                    "type": "instance",
                    "class_path": "autofit.mapper.model.ModelInstance",
                    "arguments": {
                        "child_items": {
                            "type": "dict",
                            "arguments": {
                                "multipole_3": {
                                    "type": "instance",
                                    "class_path": "autogalaxy.ellipse.ellipse.ellipse_multipole.EllipseMultipole",
                                    "arguments": {
                                        "multipole_comps": {
                                            "type": "tuple",
                                            "values": [
                                                0.04480890754571,
                                                0.03295416802547
                                            ]
                                        },
                                        "m": 3
                                    }
                                },
                                "multipole_4": {
                                    "type": "instance",
                                    "class_path": "autogalaxy.ellipse.ellipse.ellipse_multipole.EllipseMultipole",
                                    "arguments": {
                                        "multipole_comps": {
                                            "type": "tuple",
                                            "values": [
                                                -0.01812747307523,
                                                0.0493174482215
                                            ]
                                        },
                                        "m": 4
                                    }
                                }
                            }
                        }
                    }
                }
            }
        },
        "dummy_0": {
            "lower_limit": -0.1,
            "upper_limit": 0.1,
            "type": "Uniform",
            "id": 338
        }
    }
}