{
    "type": "instance",
    "class_path": "autofit.non_linear.samples.summary.SamplesSummary",
    "arguments": {
        "values_at_sigma_1": {
            "type": "list",
            "values": [
                {
                    "type": "tuple",
                    "values": [
                        0.09560380442645736,
                        0.10092178221887936
                    ]
                },
                {
                    "type": "tuple",
                    "values": [
                        0.20525085977358,
                        0.21022213448061
                    ]
                },
                {
                    "type": "tuple",
                    "values": [
                        -0.006619735341325052,
                        0.009699783597829071
                    ]
                },
                {
                    "type": "tuple",
                    "values": [
                        -0.02260172162882057,
                        0.0040982607241577046
                    ]
                },
                {
                    "type": "tuple",
                    "values": [
                        -0.008666767875917806,
                        0.012408989780731126
                    ]
                },
                {
                    "type": "tuple",
                    "values": [
                        -0.04614992729295209,
                        -0.02337183488544397
                    ]
                }
            ]
        },
        "errors_at_sigma_1": {
            "type": "list",
            "values": [
                {
                    "type": "tuple",
                    "values": [
                        0.0026582868439526397,
                        0.002659690948469365
                    ]
                },
                {
                    "type": "tuple",
                    "values": [
                        0.0023675450308017487,
                        0.002603729676228239
                    ]
                },
                {
                    "type": "tuple",
                    "values": [
                        0.007657817370165634,
                        0.008661701568988489
                    ]
                },
                {
                    "type": "tuple",
                    "values": [
                        0.011362275396130507,
                        0.015337706956847767
                    ]
                },
                {
                    "type": "tuple",
                    "values": [
                        0.011934643327749779,
                        0.009141114328899153
                    ]
                },
                {
                    "type": "tuple",
                    "values": [
                        0.012283632840273243,
                        0.010494459567234882
                    ]
                }
            ]
        },
        "median_pdf_sample": {
            "type": "instance",
            "class_path": "autofit.non_linear.samples.sample.Sample",
            "arguments": {
                "log_likelihood": -63.100378429840134,
                "log_prior": 0.0,
                "weight": 0.0009543193318808588,
                "kwargs": {
                    "type": "dict",
                    "arguments": {
                        "ellipses.0.ell_comps.ell_comps_0": 0.09826209127041,
                        "ellipses.0.ell_comps.ell_comps_1": 0.20761840480438176,
                        "multipoles.0.multipole_3.multipole_comps.multipole_comps_0": 0.001038082028840582,
                        "multipoles.0.multipole_3.multipole_comps.multipole_comps_1": -0.011239446232690064,
                        "multipoles.0.multipole_4.multipole_comps.multipole_comps_0": 0.003267875451831973,
                        "multipoles.0.multipole_4.multipole_comps.multipole_comps_1": -0.03386629445267885
                    }
                }
            }
        },
        "errors_at_sigma_3": {
            "type": "list",
            "values": [
                {
                    "type": "tuple",
                    "values": [
                        0.00969680242899458,
                        0.00706855313077473
                    ]
                },
                {
                    "type": "tuple",
                    "values": [
                        0.006243135139411771,
                        0.006938485641849346
                    ]
                },
                {
                    "type": "tuple",
                    "values": [
                        0.02393151439102907,
                        0.03234701341327846
                    ]
                },
                {
                    "type": "tuple",
                    "values": [
                        0.024889435010907533,
                        0.033761790706040296
                    ]
                },
                {
                    "type": "tuple",
                    "values": [
                        0.033444012729019985,
                        0.02830696401142213
                    ]
                },
                {
                    "type": "tuple",
                    "values": [
                        0.035542720386608016,
                        0.025863238649508936
                    ]
                }
            ]
        },
        "model": null,
        "log_evidence": -83.42091036353908,
        "values_at_sigma_3": {
            "type": "list",
            "values": [
                {
                    "type": "tuple",
                    "values": [
                        0.08856528884141542,
                        0.10533064440118473
                    ]
                },
                {
                    "type": "tuple",
                    "values": [
                        0.20137526966497,
                        0.2145568904462311
                    ]
                },
                {
                    "type": "tuple",
                    "values": [
                        -0.02289343236218849,
                        0.03338509544211904
                    ]
                },
                {
                    "type": "tuple",
                    "values": [
                        -0.036128881243597595,
                        0.02252234447335023
                    ]
                },
                {
                    "type": "tuple",
                    "values": [
                        -0.030176137277188014,
                        0.0315748394632541
                    ]
                },
                {
                    "type": "tuple",
                    "values": [
                        -0.06940901483928687,
                        -0.008003055803169914
                    ]
                }
            ]
        },
        "max_log_likelihood_sample": {
            "type": "instance",
            "class_path": "autofit.non_linear.samples.sample.Sample",
            "arguments": {
                "log_likelihood": -63.100378429840134,
                "log_prior": 0.0,
                "weight": 0.0009543193318808588,
                "kwargs": {
                    "type": "dict",
                    "arguments": {
                        "ellipses.0.ell_comps.ell_comps_0": 0.09939039185728,
                        "ellipses.0.ell_comps.ell_comps_1": 0.20591322615386,
                        "multipoles.0.multipole_3.multipole_comps.multipole_comps_0": 0.0001086008461,
                        "multipoles.0.multipole_3.multipole_comps.multipole_comps_1": -0.01523244021062,
                        "multipoles.0.multipole_4.multipole_comps.multipole_comps_0": 0.0025062947982,
                        "multipoles.0.multipole_4.multipole_comps.multipole_comps_1": -0.03492874719476
                    }
                }
            }
        }
    }
}