{
    "type": "instance",
    "class_path": "autofit.non_linear.samples.summary.SamplesSummary",
    "arguments": {
        "errors_at_sigma_3": {
            "type": "list",
            "values": [
                {
                    "type": "tuple",
                    "values": [
                        0.013318507578546301,
                        0.011000292281243704
                    ]
                },
                {
                    "type": "tuple",
                    "values": [
                        0.006631780652020913,
                        0.008248817573136169
                    ]
                },
                {
                    "type": "tuple",
                    "values": [
                        0.0306693608510632,
                        0.05832673462079317
                    ]
                },
                {
                    "type": "tuple",
                    "values": [
                        0.03065928126851014,
                        0.08940303065891404
                    ]
                },
                {
                    "type": "tuple",
                    "values": [
                        0.06503914831692009,
                        0.026642592912298695
                    ]
                },
                {
                    "type": "tuple",
                    "values": [
                        0.042662527368935055,
                        0.03998923832823
                    ]
                }
            ]
        },
        "errors_at_sigma_1": {
            "type": "list",
            "values": [
                {
                    "type": "tuple",
                    "values": [
                        0.005271221023944728,
                        0.0022536448550536936
                    ]
                },
                {
                    "type": "tuple",
                    "values": [
                        0.0016243551055694638,
                        0.0011400535159324099
                    ]
                },
                {
                    "type": "tuple",
                    "values": [
                        0.011139813823516038,
                        0.01163245042036
                    ]
                },
                {
                    "type": "tuple",
                    "values": [
                        0.012404331011226122,
                        0.034159829323946636
                    ]
                },
                {
                    "type": "tuple",
                    "values": [
                        0.00928460699749642,
                        0.007855331647421674
                    ]
                },
                {
                    "type": "tuple",
                    "values": [
                        0.013532338304729996,
                        0.01026187415741401
                    ]
                }
            ]
        },
        "values_at_sigma_3": {
            "type": "list",
            "values": [
                {
                    "type": "tuple",
                    "values": [
                        0.04943055062783,
                        0.07374935048762
                    ]
                },
                {
                    "type": "tuple",
                    "values": [
                        -0.19560611507011091,
                        -0.18072551684495383
                    ]
                },
                {
                    "type": "tuple",
                    "values": [
                        0.008173519895746799,
                        0.09716961536760317
                    ]
                },
                {
                    "type": "tuple",
                    "values": [
                        -0.02276179728411937,
                        0.09730051464330482
                    ]
                },
                {
                    "type": "tuple",
                    "values": [
                        -0.06920062492413,
                        0.022481116305088786
                    ]
                },
                {
                    "type": "tuple",
                    "values": [
                        0.014906555604934946,
                        0.0975583213021
                    ]
                }
            ]
        },
        "values_at_sigma_1": {
            "type": "list",
            "values": [
                {
                    "type": "tuple",
                    "values": [
                        0.057477837182431574,
                        0.06500270306143
                    ]
                },
                {
                    "type": "tuple",
                    "values": [
                        -0.19059868952365946,
                        -0.1878342809021576
                    ]
                },
                {
                    "type": "tuple",
                    "values": [
                        0.02770306692329396,
                        0.05047533116717
                    ]
                },
                {
                    "type": "tuple",
                    "values": [
                        -0.00450684702683535,
                        0.04205731330833741
                    ]
                },
                {
                    "type": "tuple",
                    "values": [
                        -0.013446083604706328,
                        0.003693855040211766
                    ]
                },
                {
                    "type": "tuple",
                    "values": [
                        0.04403674466914,
                        0.06783095713128401
                    ]
                }
            ]
        },
        "log_evidence": -88.52407801203964,
        "median_pdf_sample": {
            "type": "instance",
            "class_path": "autofit.non_linear.samples.sample.Sample",
            "arguments": {
                "log_likelihood": -65.84234517540652,
                "log_prior": 0.0,
                "weight": 0.001005721841067269,
                "kwargs": {
                    "type": "dict",
                    "arguments": {
                        "ellipses.0.ell_comps.ell_comps_0": 0.0627490582063763,
                        "ellipses.0.ell_comps.ell_comps_1": -0.18897433441809,
                        "multipoles.0.multipole_3.multipole_comps.multipole_comps_0": 0.03884288074681,
                        "multipoles.0.multipole_3.multipole_comps.multipole_comps_1": 0.007897483984390772,
                        "multipoles.0.multipole_4.multipole_comps.multipole_comps_0": -0.004161476607209908,
                        "multipoles.0.multipole_4.multipole_comps.multipole_comps_1": 0.05756908297387
                    }
                }
            }
        },
        "max_log_likelihood_sample": {
            "type": "instance",
            "class_path": "autofit.non_linear.samples.sample.Sample",
            "arguments": {
                "log_likelihood": -65.84234517540652,
                "log_prior": 0.0,
                "weight": 0.001005721841067269,
                "kwargs": {
                    "type": "dict",
                    "arguments": {
                        "ellipses.0.ell_comps.ell_comps_0": 0.06413772300471,
                        "ellipses.0.ell_comps.ell_comps_1": -0.18901614009239,
                        "multipoles.0.multipole_3.multipole_comps.multipole_comps_0": 0.04118961296734,
                        "multipoles.0.multipole_3.multipole_comps.multipole_comps_1": -0.00183962990881,
                        "multipoles.0.multipole_4.multipole_comps.multipole_comps_0": -0.00119554098767,
                        "multipoles.0.multipole_4.multipole_comps.multipole_comps_1": 0.06258987206363
                    }
                }
            }
        },
        "model": null
    }
}