{
    "type": "instance",
    "class_path": "autofit.non_linear.samples.summary.SamplesSummary",
    "arguments": {
        "median_pdf_sample": {
            "type": "instance",
            "class_path": "autofit.non_linear.samples.sample.Sample",
            "arguments": {
                "log_likelihood": -3.4003815278382747,
                "log_prior": 0.0,
                "weight": 0.0009621041324911543,
                "kwargs": {
                    "type": "dict",
                    "arguments": {
                        "ellipses.0.ell_comps.ell_comps_0": 0.08324610031339547,
                        "ellipses.0.ell_comps.ell_comps_1": -0.06036395350868265,
                        "multipoles.0.multipole_1.multipole_comps.multipole_comps_0": -0.0001721450098680717,
                        "multipoles.0.multipole_1.multipole_comps.multipole_comps_1": -0.00039996226198,
                        "multipoles.0.multipole_3.multipole_comps.multipole_comps_0": -0.00414487785881,
                        "multipoles.0.multipole_3.multipole_comps.multipole_comps_1": -0.0037549460665908772,
                        "multipoles.0.multipole_4.multipole_comps.multipole_comps_0": -0.0015394753761,
                        "multipoles.0.multipole_4.multipole_comps.multipole_comps_1": -0.0021615349436150057
                    }
                }
            }
        },
        "log_evidence": -31.083424205343544,
        "max_log_likelihood_sample": {
            "type": "instance",
            "class_path": "autofit.non_linear.samples.sample.Sample",
            "arguments": {
                "log_likelihood": -3.4003815278382747,
                "log_prior": 0.0,
                "weight": 0.0009621041324911543,
                "kwargs": {
                    "type": "dict",
                    "arguments": {
                        "ellipses.0.ell_comps.ell_comps_0": 0.07882631721347,
                        "ellipses.0.ell_comps.ell_comps_1": -0.0620403202078,
                        "multipoles.0.multipole_1.multipole_comps.multipole_comps_0": -0.00218457116812,
                        "multipoles.0.multipole_1.multipole_comps.multipole_comps_1": -0.0004271807746,
                        "multipoles.0.multipole_3.multipole_comps.multipole_comps_0": -0.00431606774615,
                        "multipoles.0.multipole_3.multipole_comps.multipole_comps_1": -0.00270885077995,
                        "multipoles.0.multipole_4.multipole_comps.multipole_comps_0": -0.00159830980534,
                        "multipoles.0.multipole_4.multipole_comps.multipole_comps_1": -0.00396446080708
                    }
                }
            }
        },
        "values_at_sigma_1": {
            "type": "list",
            "values": [
                {
                    "type": "tuple",
                    "values": [
                        0.06994026014865,
                        0.0964669281228
                    ]
                },
                {
                    "type": "tuple",
                    "values": [
                        -0.07431883367557243,
                        -0.0466347374059
                    ]
                },
                {
                    "type": "tuple",
                    "values": [
                        -0.003957079174209956,
                        0.003505308346060516
                    ]
                },
                {
                    "type": "tuple",
                    "values": [
                        -0.00436434443008,
                        0.003149622558858107
                    ]
                },
                {
                    "type": "tuple",
                    "values": [
                        -0.00698684469898,
                        -0.00103090984399
                    ]
                },
                {
                    "type": "tuple",
                    "values": [
                        -0.00824948081284,
                        0.001372059374231621
                    ]
                },
                {
                    "type": "tuple",
                    "values": [
                        -0.006153863745713241,
                        0.00314178340409
                    ]
                },
                {
                    "type": "tuple",
                    "values": [
                        -0.00636208362184433,
                        0.0018906140367129039
                    ]
                }
            ]
        },
        "errors_at_sigma_1": {
            "type": "list",
            "values": [
                {
                    "type": "tuple",
                    "values": [
                        0.013305840164745467,
                        0.013220827809404534
                    ]
                },
                {
                    "type": "tuple",
                    "values": [
                        0.013954880166889783,
                        0.013729216102782653
                    ]
                },
                {
                    "type": "tuple",
                    "values": [
                        0.003784934164341884,
                        0.0036774533559285876
                    ]
                },
                {
                    "type": "tuple",
                    "values": [
                        0.0039643821681,
                        0.003549584820838107
                    ]
                },
                {
                    "type": "tuple",
                    "values": [
                        0.00284196684017,
                        0.0031139680148199993
                    ]
                },
                {
                    "type": "tuple",
                    "values": [
                        0.004494534746249123,
                        0.005127005440822499
                    ]
                },
                {
                    "type": "tuple",
                    "values": [
                        0.004614388369613241,
                        0.00468125878019
                    ]
                },
                {
                    "type": "tuple",
                    "values": [
                        0.0042005486782293235,
                        0.004052148980327909
                    ]
                }
            ]
        },
        "values_at_sigma_3": {
            "type": "list",
            "values": [
                {
                    "type": "tuple",
                    "values": [
                        0.04471282316615,
                        0.12754834457116776
                    ]
                },
                {
                    "type": "tuple",
                    "values": [
                        -0.09390889379759,
                        -0.015775085470560293
                    ]
                },
                {
                    "type": "tuple",
                    "values": [
                        -0.012254547363879955,
                        0.009431042060478576
                    ]
                },
                {
                    "type": "tuple",
                    "values": [
                        -0.011020052747756208,
                        0.01037444610272
                    ]
                },
                {
                    "type": "tuple",
                    "values": [
                        -0.01282708812756,
                        0.0060953707053307184
                    ]
                },
                {
                    "type": "tuple",
                    "values": [
                        -0.0159532970202,
                        0.01031331428401
                    ]
                },
                {
                    "type": "tuple",
                    "values": [
                        -0.014750863600861568,
                        0.01193675806982
                    ]
                },
                {
                    "type": "tuple",
                    "values": [
                        -0.016629496390957593,
                        0.013529159114484886
                    ]
                }
            ]
        },
        "model": null,
        "errors_at_sigma_3": {
            "type": "list",
            "values": [
                {
                    "type": "tuple",
                    "values": [
                        0.038533277147245464,
                        0.044302244257772294
                    ]
                },
                {
                    "type": "tuple",
                    "values": [
                        0.03354494028890735,
                        0.044588868038122356
                    ]
                },
                {
                    "type": "tuple",
                    "values": [
                        0.012082402354011883,
                        0.009603187070346648
                    ]
                },
                {
                    "type": "tuple",
                    "values": [
                        0.010620090485776208,
                        0.0107744083647
                    ]
                },
                {
                    "type": "tuple",
                    "values": [
                        0.00868221026875,
                        0.010240248564140717
                    ]
                },
                {
                    "type": "tuple",
                    "values": [
                        0.012198350953609122,
                        0.014068260350600877
                    ]
                },
                {
                    "type": "tuple",
                    "values": [
                        0.013211388224761568,
                        0.01347623344592
                    ]
                },
                {
                    "type": "tuple",
                    "values": [
                        0.014467961447342588,
                        0.01569069405809989
                    ]
                }
            ]
        }
    }
}