{
    "type": "instance",
    "class_path": "autofit.non_linear.samples.summary.SamplesSummary",
    "arguments": {
        "values_at_sigma_1": {
            "type": "list",
            "values": [
                {
                    "type": "tuple",
                    "values": [
                        -0.019654581097382728,
                        0.002630058367252307
                    ]
                },
                {
                    "type": "tuple",
                    "values": [
                        -0.11938452387178192,
                        -0.10917872250936
                    ]
                },
                {
                    "type": "tuple",
                    "values": [
                        -0.06852696396751569,
                        -0.03072703783264
                    ]
                },
                {
                    "type": "tuple",
                    "values": [
                        -0.033973900030770006,
                        0.02146812723813543
                    ]
                },
                {
                    "type": "tuple",
                    "values": [
                        -0.06773194528428114,
                        -0.03246439491355641
                    ]
                },
                {
                    "type": "tuple",
                    "values": [
                        -0.0321676751204,
                        0.0011836332629273038
                    ]
                },
                {
                    "type": "tuple",
                    "values": [
                        -0.05384504431828925,
                        -0.021322074558804482
                    ]
                },
                {
                    "type": "tuple",
                    "values": [
                        -0.05464300610642,
                        -0.01660153291017697
                    ]
                }
            ]
        },
        "model": null,
        "values_at_sigma_3": {
            "type": "list",
            "values": [
                {
                    "type": "tuple",
                    "values": [
                        -0.0459532793323,
                        0.01724903477556781
                    ]
                },
                {
                    "type": "tuple",
                    "values": [
                        -0.12852828622995527,
                        -0.09248946302465
                    ]
                },
                {
                    "type": "tuple",
                    "values": [
                        -0.09492898668628144,
                        0.02431624689675773
                    ]
                },
                {
                    "type": "tuple",
                    "values": [
                        -0.06280688534296,
                        0.07787610040714638
                    ]
                },
                {
                    "type": "tuple",
                    "values": [
                        -0.09963875394477,
                        0.05313905705292
                    ]
                },
                {
                    "type": "tuple",
                    "values": [
                        -0.06394022099519493,
                        0.05890793988998
                    ]
                },
                {
                    "type": "tuple",
                    "values": [
                        -0.08674900529064311,
                        0.04386000180239
                    ]
                },
                {
                    "type": "tuple",
                    "values": [
                        -0.08650353583655418,
                        0.04793382355356
                    ]
                }
            ]
        },
        "max_log_likelihood_sample": {
            "type": "instance",
            "class_path": "autofit.non_linear.samples.sample.Sample",
            "arguments": {
                "log_likelihood": -26.52336289426667,
                "log_prior": 0.0,
                "weight": 0.0009882443443858242,
                "kwargs": {
                    "type": "dict",
                    "arguments": {
                        "ellipses.0.ell_comps.ell_comps_0": -0.00858388391007,
                        "ellipses.0.ell_comps.ell_comps_1": -0.12173857143251,
                        "multipoles.0.multipole_1.multipole_comps.multipole_comps_0": -0.06683517838257,
                        "multipoles.0.multipole_1.multipole_comps.multipole_comps_1": -0.02189067696295,
                        "multipoles.0.multipole_3.multipole_comps.multipole_comps_0": -0.05027585511529,
                        "multipoles.0.multipole_3.multipole_comps.multipole_comps_1": -0.01277604398891,
                        "multipoles.0.multipole_4.multipole_comps.multipole_comps_0": -0.0403417732961,
                        "multipoles.0.multipole_4.multipole_comps.multipole_comps_1": -0.0519814630663
                    }
                }
            }
        },
        "errors_at_sigma_1": {
            "type": "list",
            "values": [
                {
                    "type": "tuple",
                    "values": [
                        0.013122315128042728,
                        0.009162324336592307
                    ]
                },
                {
                    "type": "tuple",
                    "values": [
                        0.00405658809725204,
                        0.006149213265169873
                    ]
                },
                {
                    "type": "tuple",
                    "values": [
                        0.019700465738991514,
                        0.018099460395884174
                    ]
                },
                {
                    "type": "tuple",
                    "values": [
                        0.019987868229850006,
                        0.03545415903905543
                    ]
                },
                {
                    "type": "tuple",
                    "values": [
                        0.015571508022602612,
                        0.01969604234812212
                    ]
                },
                {
                    "type": "tuple",
                    "values": [
                        0.016523120783070003,
                        0.016828187600257304
                    ]
                },
                {
                    "type": "tuple",
                    "values": [
                        0.014682149151269253,
                        0.017840820608215516
                    ]
                },
                {
                    "type": "tuple",
                    "values": [
                        0.01735822734701,
                        0.020683245849233027
                    ]
                }
            ]
        },
        "errors_at_sigma_3": {
            "type": "list",
            "values": [
                {
                    "type": "tuple",
                    "values": [
                        0.03942101336296,
                        0.02378130074490781
                    ]
                },
                {
                    "type": "tuple",
                    "values": [
                        0.013200350455425391,
                        0.02283847274987988
                    ]
                },
                {
                    "type": "tuple",
                    "values": [
                        0.04610248845775727,
                        0.0731427451252819
                    ]
                },
                {
                    "type": "tuple",
                    "values": [
                        0.04882085354204,
                        0.09186213220806638
                    ]
                },
                {
                    "type": "tuple",
                    "values": [
                        0.047478316683091465,
                        0.10529949431459854
                    ]
                },
                {
                    "type": "tuple",
                    "values": [
                        0.04829566665786493,
                        0.07455249422731
                    ]
                },
                {
                    "type": "tuple",
                    "values": [
                        0.04758611012362311,
                        0.08302289696941
                    ]
                },
                {
                    "type": "tuple",
                    "values": [
                        0.04921875707714418,
                        0.08521860231296999
                    ]
                }
            ]
        },
        "log_evidence": -45.86351634679335,
        "median_pdf_sample": {
            "type": "instance",
            "class_path": "autofit.non_linear.samples.sample.Sample",
            "arguments": {
                "log_likelihood": -26.52336289426667,
                "log_prior": 0.0,
                "weight": 0.0009882443443858242,
                "kwargs": {
                    "type": "dict",
                    "arguments": {
                        "ellipses.0.ell_comps.ell_comps_0": -0.00653226596934,
                        "ellipses.0.ell_comps.ell_comps_1": -0.11532793577452988,
                        "multipoles.0.multipole_1.multipole_comps.multipole_comps_0": -0.048826498228524175,
                        "multipoles.0.multipole_1.multipole_comps.multipole_comps_1": -0.01398603180092,
                        "multipoles.0.multipole_3.multipole_comps.multipole_comps_0": -0.05216043726167853,
                        "multipoles.0.multipole_3.multipole_comps.multipole_comps_1": -0.01564455433733,
                        "multipoles.0.multipole_4.multipole_comps.multipole_comps_0": -0.03916289516702,
                        "multipoles.0.multipole_4.multipole_comps.multipole_comps_1": -0.03728477875941
                    }
                }
            }
        }
    }
}