{
    "type": "instance",
    "class_path": "autofit.non_linear.samples.summary.SamplesSummary",
    "arguments": {
        "errors_at_sigma_1": {
            "type": "list",
            "values": [
                {
                    "type": "tuple",
                    "values": [
                        0.006778720987943791,
                        0.004901410063128758
                    ]
                },
                {
                    "type": "tuple",
                    "values": [
                        0.006613309927835714,
                        0.00559798543575
                    ]
                }
            ]
        },
        "values_at_sigma_3": {
            "type": "list",
            "values": [
                {
                    "type": "tuple",
                    "values": [
                        -0.1109816118799611,
                        0.024420986152238658
                    ]
                },
                {
                    "type": "tuple",
                    "values": [
                        -0.031579393200533754,
                        0.07618711655974
                    ]
                }
            ]
        },
        "log_evidence": -22.051139972523167,
        "values_at_sigma_1": {
            "type": "list",
            "values": [
                {
                    "type": "tuple",
                    "values": [
                        -0.008825378321433791,
                        0.0028547527296387573
                    ]
                },
                {
                    "type": "tuple",
                    "values": [
                        -0.008999031045055714,
                        0.00321226431853
                    ]
                }
            ]
        },
        "errors_at_sigma_3": {
            "type": "list",
            "values": [
                {
                    "type": "tuple",
                    "values": [
                        0.10893495454647109,
                        0.026467643485728658
                    ]
                },
                {
                    "type": "tuple",
                    "values": [
                        0.029193672083313752,
                        0.07857283767696001
                    ]
                }
            ]
        },
        "model": null,
        "median_pdf_sample": {
            "type": "instance",
            "class_path": "autofit.non_linear.samples.sample.Sample",
            "arguments": {
                "log_likelihood": -13.525386691113377,
                "log_prior": 0.0,
                "weight": 0.0009925673775647952,
                "kwargs": {
                    "type": "dict",
                    "arguments": {
                        "ellipses.0.ell_comps.ell_comps_0": -0.00204665733349,
                        "ellipses.0.ell_comps.ell_comps_1": -0.00238572111722
                    }
                }
            }
        },
        "max_log_likelihood_sample": {
            "type": "instance",
            "class_path": "autofit.non_linear.samples.sample.Sample",
            "arguments": {
                "log_likelihood": -13.525386691113377,
                "log_prior": 0.0,
                "weight": 0.0009925673775647952,
                "kwargs": {
                    "type": "dict",
                    "arguments": {
                        "ellipses.0.ell_comps.ell_comps_0": -0.00010372677592,
                        "ellipses.0.ell_comps.ell_comps_1": 7.409941e-06
                    }
                }
            }
        }
    }
}