{
    "type": "instance",
    "class_path": "autofit.non_linear.samples.summary.SamplesSummary",
    "arguments": {
        "median_pdf_sample": {
            "type": "instance",
            "class_path": "autofit.non_linear.samples.sample.Sample",
            "arguments": {
                "log_likelihood": -62.31401765950737,
                "log_prior": 0.0,
                "weight": 0.001013167801311254,
                "kwargs": {
                    "type": "dict",
                    "arguments": {
                        "ellipses.0.ell_comps.ell_comps_0": 0.16224526262757158,
                        "ellipses.0.ell_comps.ell_comps_1": -0.03408180538607242
                    }
                }
            }
        },
        "model": null,
        "log_evidence": -74.62521293452134,
        "errors_at_sigma_3": {
            "type": "list",
            "values": [
                {
                    "type": "tuple",
                    "values": [
                        0.0073399058399268025,
                        0.02157817775977841
                    ]
                },
                {
                    "type": "tuple",
                    "values": [
                        0.013816222690757586,
                        0.015796248254441234
                    ]
                }
            ]
        },
        "values_at_sigma_1": {
            "type": "list",
            "values": [
                {
                    "type": "tuple",
                    "values": [
                        0.16086071807414237,
                        0.16521810102396
                    ]
                },
                {
                    "type": "tuple",
                    "values": [
                        -0.03722872399176,
                        -0.028147723841360963
                    ]
                }
            ]
        },
        "max_log_likelihood_sample": {
            "type": "instance",
            "class_path": "autofit.non_linear.samples.sample.Sample",
            "arguments": {
                "log_likelihood": -62.31401765950737,
                "log_prior": 0.0,
                "weight": 0.001013167801311254,
                "kwargs": {
                    "type": "dict",
                    "arguments": {
                        "ellipses.0.ell_comps.ell_comps_0": 0.16269341189063,
                        "ellipses.0.ell_comps.ell_comps_1": -0.0350224913132
                    }
                }
            }
        },
        "errors_at_sigma_1": {
            "type": "list",
            "values": [
                {
                    "type": "tuple",
                    "values": [
                        0.0013845445534292067,
                        0.0029728383963884275
                    ]
                },
                {
                    "type": "tuple",
                    "values": [
                        0.003146918605687582,
                        0.005934081544711454
                    ]
                }
            ]
        },
        "values_at_sigma_3": {
            "type": "list",
            "values": [
                {
                    "type": "tuple",
                    "values": [
                        0.15490535678764478,
                        0.18382344038735
                    ]
                },
                {
                    "type": "tuple",
                    "values": [
                        -0.04789802807683,
                        -0.018285557131631183
                    ]
                }
            ]
        }
    }
}