{
    "type": "instance",
    "class_path": "autofit.non_linear.samples.summary.SamplesSummary",
    "arguments": {
        "values_at_sigma_1": {
            "type": "list",
            "values": [
                {
                    "type": "tuple",
                    "values": [
                        0.09124499717768558,
                        0.09604064354383159
                    ]
                },
                {
                    "type": "tuple",
                    "values": [
                        0.2098171767875457,
                        0.2135856580354
                    ]
                },
                {
                    "type": "tuple",
                    "values": [
                        0.012233474502362991,
                        0.0396682503242816
                    ]
                },
                {
                    "type": "tuple",
                    "values": [
                        -0.018223120257362054,
                        0.0025521513409098523
                    ]
                },
                {
                    "type": "tuple",
                    "values": [
                        -0.003355073919329134,
                        0.02796223375424
                    ]
                },
                {
                    "type": "tuple",
                    "values": [
                        0.001897725385608402,
                        0.027535049638530193
                    ]
                },
                {
                    "type": "tuple",
                    "values": [
                        -0.0330468160232745,
                        -0.00863032527075
                    ]
                },
                {
                    "type": "tuple",
                    "values": [
                        -0.02982202547986601,
                        -0.01247423190351
                    ]
                }
            ]
        },
        "values_at_sigma_3": {
            "type": "list",
            "values": [
                {
                    "type": "tuple",
                    "values": [
                        0.08497420825693772,
                        0.10032305846059499
                    ]
                },
                {
                    "type": "tuple",
                    "values": [
                        0.20426794155568,
                        0.22476367480820178
                    ]
                },
                {
                    "type": "tuple",
                    "values": [
                        -0.0266580928635,
                        0.06482559009144091
                    ]
                },
                {
                    "type": "tuple",
                    "values": [
                        -0.04650191456227665,
                        0.030124165181940197
                    ]
                },
                {
                    "type": "tuple",
                    "values": [
                        -0.030704245572025245,
                        0.06613792178215
                    ]
                },
                {
                    "type": "tuple",
                    "values": [
                        -0.04999159984101089,
                        0.05544841791753965
                    ]
                },
                {
                    "type": "tuple",
                    "values": [
                        -0.06461815118769,
                        0.040332666360184996
                    ]
                },
                {
                    "type": "tuple",
                    "values": [
                        -0.07417603668785,
                        0.01052192072097
                    ]
                }
            ]
        },
        "max_log_likelihood_sample": {
            "type": "instance",
            "class_path": "autofit.non_linear.samples.sample.Sample",
            "arguments": {
                "log_likelihood": -80.42532275081011,
                "log_prior": 0.0,
                "weight": 0.0009247782894261658,
                "kwargs": {
                    "type": "dict",
                    "arguments": {
                        "ellipses.0.ell_comps.ell_comps_0": 0.09485798838721,
                        "ellipses.0.ell_comps.ell_comps_1": 0.2108291309547,
                        "multipoles.0.multipole_1.multipole_comps.multipole_comps_0": 0.03335961909291,
                        "multipoles.0.multipole_1.multipole_comps.multipole_comps_1": -0.00123148505566,
                        "multipoles.0.multipole_3.multipole_comps.multipole_comps_0": 0.02768262540039,
                        "multipoles.0.multipole_3.multipole_comps.multipole_comps_1": 0.0175831826379,
                        "multipoles.0.multipole_4.multipole_comps.multipole_comps_0": -0.02216891525009,
                        "multipoles.0.multipole_4.multipole_comps.multipole_comps_1": -0.01856998174542
                    }
                }
            }
        },
        "median_pdf_sample": {
            "type": "instance",
            "class_path": "autofit.non_linear.samples.sample.Sample",
            "arguments": {
                "log_likelihood": -80.42532275081011,
                "log_prior": 0.0,
                "weight": 0.0009247782894261658,
                "kwargs": {
                    "type": "dict",
                    "arguments": {
                        "ellipses.0.ell_comps.ell_comps_0": 0.09377818307500524,
                        "ellipses.0.ell_comps.ell_comps_1": 0.21177797159373482,
                        "multipoles.0.multipole_1.multipole_comps.multipole_comps_0": 0.02646228889618281,
                        "multipoles.0.multipole_1.multipole_comps.multipole_comps_1": -0.008401753615841638,
                        "multipoles.0.multipole_3.multipole_comps.multipole_comps_0": 0.013176188520012391,
                        "multipoles.0.multipole_3.multipole_comps.multipole_comps_1": 0.01610018957838449,
                        "multipoles.0.multipole_4.multipole_comps.multipole_comps_0": -0.020127687307302872,
                        "multipoles.0.multipole_4.multipole_comps.multipole_comps_1": -0.01975959498013
                    }
                }
            }
        },
        "model": null,
        "errors_at_sigma_1": {
            "type": "list",
            "values": [
                {
                    "type": "tuple",
                    "values": [
                        0.0025331858973196564,
                        0.0022624604688263467
                    ]
                },
                {
                    "type": "tuple",
                    "values": [
                        0.001960794806189131,
                        0.0018076864416651794
                    ]
                },
                {
                    "type": "tuple",
                    "values": [
                        0.014228814393819818,
                        0.013205961428098788
                    ]
                },
                {
                    "type": "tuple",
                    "values": [
                        0.009821366641520416,
                        0.010953904956751491
                    ]
                },
                {
                    "type": "tuple",
                    "values": [
                        0.016531262439341526,
                        0.014786045234227609
                    ]
                },
                {
                    "type": "tuple",
                    "values": [
                        0.014202464192776088,
                        0.011434860060145702
                    ]
                },
                {
                    "type": "tuple",
                    "values": [
                        0.012919128715971628,
                        0.011497362036552872
                    ]
                },
                {
                    "type": "tuple",
                    "values": [
                        0.01006243049973601,
                        0.00728536307662
                    ]
                }
            ]
        },
        "errors_at_sigma_3": {
            "type": "list",
            "values": [
                {
                    "type": "tuple",
                    "values": [
                        0.008803974818067523,
                        0.006544875385589746
                    ]
                },
                {
                    "type": "tuple",
                    "values": [
                        0.00751003003805481,
                        0.01298570321446696
                    ]
                },
                {
                    "type": "tuple",
                    "values": [
                        0.05312038175968281,
                        0.038363301195258104
                    ]
                },
                {
                    "type": "tuple",
                    "values": [
                        0.03810016094643501,
                        0.03852591879778183
                    ]
                },
                {
                    "type": "tuple",
                    "values": [
                        0.04388043409203764,
                        0.05296173326213761
                    ]
                },
                {
                    "type": "tuple",
                    "values": [
                        0.06609178941939538,
                        0.03934822833915516
                    ]
                },
                {
                    "type": "tuple",
                    "values": [
                        0.04449046388038713,
                        0.060460353667487865
                    ]
                },
                {
                    "type": "tuple",
                    "values": [
                        0.054416441707720004,
                        0.0302815157011
                    ]
                }
            ]
        },
        "log_evidence": -104.2743768676027
    }
}