{
    "type": "instance",
    "class_path": "autofit.non_linear.samples.summary.SamplesSummary",
    "arguments": {
        "median_pdf_sample": {
            "type": "instance",
            "class_path": "autofit.non_linear.samples.sample.Sample",
            "arguments": {
                "log_likelihood": -45.234378058703484,
                "log_prior": 0.0,
                "weight": 0.0010675412835180502,
                "kwargs": {
                    "type": "dict",
                    "arguments": {
                        "ellipses.0.ell_comps.ell_comps_0": 0.10691557198676,
                        "ellipses.0.ell_comps.ell_comps_1": 0.0690798324191009,
                        "multipoles.0.multipole_1.multipole_comps.multipole_comps_0": -0.04566268844484742,
                        "multipoles.0.multipole_1.multipole_comps.multipole_comps_1": -0.06767867637535291,
                        "multipoles.0.multipole_3.multipole_comps.multipole_comps_0": -0.03453770553687,
                        "multipoles.0.multipole_3.multipole_comps.multipole_comps_1": -0.01207595499835,
                        "multipoles.0.multipole_4.multipole_comps.multipole_comps_0": 0.00599621132511,
                        "multipoles.0.multipole_4.multipole_comps.multipole_comps_1": 0.0487051156274778
                    }
                }
            }
        },
        "max_log_likelihood_sample": {
            "type": "instance",
            "class_path": "autofit.non_linear.samples.sample.Sample",
            "arguments": {
                "log_likelihood": -45.234378058703484,
                "log_prior": 0.0,
                "weight": 0.0010675412835180502,
                "kwargs": {
                    "type": "dict",
                    "arguments": {
                        "ellipses.0.ell_comps.ell_comps_0": 0.12682925843866,
                        "ellipses.0.ell_comps.ell_comps_1": 0.03605870601003,
                        "multipoles.0.multipole_1.multipole_comps.multipole_comps_0": -0.07270444284731,
                        "multipoles.0.multipole_1.multipole_comps.multipole_comps_1": 0.07624638507751,
                        "multipoles.0.multipole_3.multipole_comps.multipole_comps_0": -0.04013324736335,
                        "multipoles.0.multipole_3.multipole_comps.multipole_comps_1": -0.0449576328404,
                        "multipoles.0.multipole_4.multipole_comps.multipole_comps_0": 0.02997324557836,
                        "multipoles.0.multipole_4.multipole_comps.multipole_comps_1": -0.0481534327258
                    }
                }
            }
        },
        "errors_at_sigma_1": {
            "type": "list",
            "values": [
                {
                    "type": "tuple",
                    "values": [
                        0.012245911472327675,
                        0.01620135389044826
                    ]
                },
                {
                    "type": "tuple",
                    "values": [
                        0.029215657460964085,
                        0.006672018475049099
                    ]
                },
                {
                    "type": "tuple",
                    "values": [
                        0.05383193836919258,
                        0.03968226263840574
                    ]
                },
                {
                    "type": "tuple",
                    "values": [
                        0.023652430150013892,
                        0.14359316338371386
                    ]
                },
                {
                    "type": "tuple",
                    "values": [
                        0.02444980110659741,
                        0.02521878570234
                    ]
                },
                {
                    "type": "tuple",
                    "values": [
                        0.04922386555726664,
                        0.019560702111472057
                    ]
                },
                {
                    "type": "tuple",
                    "values": [
                        0.028322578487674343,
                        0.021117340964391242
                    ]
                },
                {
                    "type": "tuple",
                    "values": [
                        0.1018652593088078,
                        0.025813312157442203
                    ]
                }
            ]
        },
        "values_at_sigma_1": {
            "type": "list",
            "values": [
                {
                    "type": "tuple",
                    "values": [
                        0.09466966051443232,
                        0.12311692587720825
                    ]
                },
                {
                    "type": "tuple",
                    "values": [
                        0.039864174958136815,
                        0.07575185089415
                    ]
                },
                {
                    "type": "tuple",
                    "values": [
                        -0.09949462681404,
                        -0.005980425806441683
                    ]
                },
                {
                    "type": "tuple",
                    "values": [
                        -0.0913311065253668,
                        0.07591448700836095
                    ]
                },
                {
                    "type": "tuple",
                    "values": [
                        -0.05898750664346741,
                        -0.00931891983453
                    ]
                },
                {
                    "type": "tuple",
                    "values": [
                        -0.06129982055561664,
                        0.007484747113122058
                    ]
                },
                {
                    "type": "tuple",
                    "values": [
                        -0.022326367162564344,
                        0.02711355228950124
                    ]
                },
                {
                    "type": "tuple",
                    "values": [
                        -0.05316014368133,
                        0.07451842778492
                    ]
                }
            ]
        },
        "errors_at_sigma_3": {
            "type": "list",
            "values": [
                {
                    "type": "tuple",
                    "values": [
                        0.024419449168129992,
                        0.025148109281165176
                    ]
                },
                {
                    "type": "tuple",
                    "values": [
                        0.0463201134533409,
                        0.06414907686998911
                    ]
                },
                {
                    "type": "tuple",
                    "values": [
                        0.14286673752115261,
                        0.1376020200476374
                    ]
                },
                {
                    "type": "tuple",
                    "values": [
                        0.07881663806577668,
                        0.2034860931894106
                    ]
                },
                {
                    "type": "tuple",
                    "values": [
                        0.06424945468492,
                        0.12998948802358
                    ]
                },
                {
                    "type": "tuple",
                    "values": [
                        0.08700195154538,
                        0.10511460510136
                    ]
                },
                {
                    "type": "tuple",
                    "values": [
                        0.10456223832735356,
                        0.08150565286145
                    ]
                },
                {
                    "type": "tuple",
                    "values": [
                        0.14722081146470778,
                        0.051211995173292196
                    ]
                }
            ]
        },
        "values_at_sigma_3": {
            "type": "list",
            "values": [
                {
                    "type": "tuple",
                    "values": [
                        0.08249612281863,
                        0.13206368126792517
                    ]
                },
                {
                    "type": "tuple",
                    "values": [
                        0.02275971896576,
                        0.13322890928909
                    ]
                },
                {
                    "type": "tuple",
                    "values": [
                        -0.18852942596600003,
                        0.09193933160279
                    ]
                },
                {
                    "type": "tuple",
                    "values": [
                        -0.1464953144411296,
                        0.1358074168140577
                    ]
                },
                {
                    "type": "tuple",
                    "values": [
                        -0.09878716022179,
                        0.09545178248671
                    ]
                },
                {
                    "type": "tuple",
                    "values": [
                        -0.09907790654373,
                        0.09303865010301
                    ]
                },
                {
                    "type": "tuple",
                    "values": [
                        -0.09856602700224357,
                        0.08750186418656
                    ]
                },
                {
                    "type": "tuple",
                    "values": [
                        -0.09851569583723,
                        0.09991711080077
                    ]
                }
            ]
        },
        "model": null,
        "log_evidence": -62.28573911282311
    }
}