{
    "type": "instance",
    "class_path": "autofit.non_linear.samples.summary.SamplesSummary",
    "arguments": {
        "model": null,
        "errors_at_sigma_3": {
            "type": "list",
            "values": [
                {
                    "type": "tuple",
                    "values": [
                        0.007751681064028321,
                        0.007711521358377844
                    ]
                },
                {
                    "type": "tuple",
                    "values": [
                        0.005947234739100013,
                        0.00644874862498529
                    ]
                }
            ]
        },
        "max_log_likelihood_sample": {
            "type": "instance",
            "class_path": "autofit.non_linear.samples.sample.Sample",
            "arguments": {
                "log_likelihood": -8.095239554803443,
                "log_prior": 0.0,
                "weight": 0.0009831399037837666,
                "kwargs": {
                    "type": "dict",
                    "arguments": {
                        "ellipses.0.ell_comps.ell_comps_0": -0.01576733857748,
                        "ellipses.0.ell_comps.ell_comps_1": -0.11285747410476
                    }
                }
            }
        },
        "log_evidence": -18.652504595876252,
        "median_pdf_sample": {
            "type": "instance",
            "class_path": "autofit.non_linear.samples.sample.Sample",
            "arguments": {
                "log_likelihood": -8.095239554803443,
                "log_prior": 0.0,
                "weight": 0.0009831399037837666,
                "kwargs": {
                    "type": "dict",
                    "arguments": {
                        "ellipses.0.ell_comps.ell_comps_0": -0.01568585195910168,
                        "ellipses.0.ell_comps.ell_comps_1": -0.11282626592423
                    }
                }
            }
        },
        "values_at_sigma_3": {
            "type": "list",
            "values": [
                {
                    "type": "tuple",
                    "values": [
                        -0.02343753302313,
                        -0.007974330600723837
                    ]
                },
                {
                    "type": "tuple",
                    "values": [
                        -0.11877350066333,
                        -0.1063775172992447
                    ]
                }
            ]
        },
        "errors_at_sigma_1": {
            "type": "list",
            "values": [
                {
                    "type": "tuple",
                    "values": [
                        0.0027623041442791964,
                        0.0026948469849524363
                    ]
                },
                {
                    "type": "tuple",
                    "values": [
                        0.001940295044580001,
                        0.0022587602103875948
                    ]
                }
            ]
        },
        "values_at_sigma_1": {
            "type": "list",
            "values": [
                {
                    "type": "tuple",
                    "values": [
                        -0.018448156103380877,
                        -0.012991004974149244
                    ]
                },
                {
                    "type": "tuple",
                    "values": [
                        -0.11476656096881,
                        -0.1105675057138424
                    ]
                }
            ]
        }
    }
}