{
    "type": "instance",
    "class_path": "autofit.non_linear.samples.summary.SamplesSummary",
    "arguments": {
        "values_at_sigma_1": {
            "type": "list",
            "values": [
                {
                    "type": "tuple",
                    "values": [
                        -0.06837788842389947,
                        0.0261528589378292
                    ]
                },
                {
                    "type": "tuple",
                    "values": [
                        -0.09616533069962,
                        0.016405392881732265
                    ]
                }
            ]
        },
        "errors_at_sigma_3": {
            "type": "list",
            "values": [
                {
                    "type": "tuple",
                    "values": [
                        0.0821366848893489,
                        0.08922648370194064
                    ]
                },
                {
                    "type": "tuple",
                    "values": [
                        0.10755864370628754,
                        0.09730034985946726
                    ]
                }
            ]
        },
        "log_evidence": -34.81745742092394,
        "median_pdf_sample": {
            "type": "instance",
            "class_path": "autofit.non_linear.samples.sample.Sample",
            "arguments": {
                "log_likelihood": -27.44730841780988,
                "log_prior": 0.0,
                "weight": 0.0010139623373589533,
                "kwargs": {
                    "type": "dict",
                    "arguments": {
                        "ellipses.0.ell_comps.ell_comps_0": -0.02393559145083027,
                        "ellipses.0.ell_comps.ell_comps_1": -0.0513572033788
                    }
                }
            }
        },
        "values_at_sigma_3": {
            "type": "list",
            "values": [
                {
                    "type": "tuple",
                    "values": [
                        -0.10607227634017917,
                        0.06529089225111037
                    ]
                },
                {
                    "type": "tuple",
                    "values": [
                        -0.15891584708508755,
                        0.04594314648066725
                    ]
                }
            ]
        },
        "max_log_likelihood_sample": {
            "type": "instance",
            "class_path": "autofit.non_linear.samples.sample.Sample",
            "arguments": {
                "log_likelihood": -27.44730841780988,
                "log_prior": 0.0,
                "weight": 0.0010139623373589533,
                "kwargs": {
                    "type": "dict",
                    "arguments": {
                        "ellipses.0.ell_comps.ell_comps_0": 0.03996396194007,
                        "ellipses.0.ell_comps.ell_comps_1": -0.09582292460124
                    }
                }
            }
        },
        "model": null,
        "errors_at_sigma_1": {
            "type": "list",
            "values": [
                {
                    "type": "tuple",
                    "values": [
                        0.0444422969730692,
                        0.05008845038865947
                    ]
                },
                {
                    "type": "tuple",
                    "values": [
                        0.04480812732081999,
                        0.06776259626053227
                    ]
                }
            ]
        }
    }
}