{
    "type": "collection",
    "arguments": {
        "ellipses": {
            "type": "collection",
            "arguments": {
                "0": {
                    "type": "instance",
                    "class_path": "autogalaxy.ellipse.ellipse.ellipse.Ellipse",
                    "arguments": {
                        "centre": {
                            "type": "tuple",
                            "values": [
                                -0.00153102360815,
                                0.00243320019734
                            ]
                        },
                        "ell_comps": {
                            "type": "tuple",
                            "values": [
                                -0.13984861080436,
                                -0.00877845966079
                            ]
                        },
                        "major_axis": 0.25
                    }
                },
                "1": {
                    "type": "instance",
                    "class_path": "autogalaxy.ellipse.ellipse.ellipse.Ellipse",
                    "arguments": {
                        "centre": {
                            "type": "tuple",
                            "values": [
                                -0.00153102360815,
                                0.00243320019734
                            ]
                        },
                        "ell_comps": {
                            "type": "tuple",
                            "values": [
                                -0.10461935304356,
                                -0.01301532766596
                            ]
                        },
                        "major_axis": 0.5
                    }
                },
                "2": {
                    "type": "instance",
                    "class_path": "autogalaxy.ellipse.ellipse.ellipse.Ellipse",
                    "arguments": {
                        "centre": {
                            "type": "tuple",
                            "values": [
                                -0.00153102360815,
                                0.00243320019734
                            ]
                        },
                        "ell_comps": {
                            "type": "tuple",
                            "values": [
                                -0.12924662206884,
                                -0.05719428843241
                            ]
                        },
                        "major_axis": 0.75
                    }
                },
                "3": {
                    "type": "instance",
                    "class_path": "autogalaxy.ellipse.ellipse.ellipse.Ellipse",
                    "arguments": {
                        "centre": {
                            "type": "tuple",
                            "values": [
                                -0.00153102360815,
                                0.00243320019734
                            ]
                        },
                        "ell_comps": {
                            "type": "tuple",
                            "values": [
                                -0.12987698466857,
                                -0.01681076405807
                            ]
                        },
                        "major_axis": 1.0
                    }
                }
            }
        },
        "dummy_0": {
            "lower_limit": -0.1,
            "upper_limit": 0.1,
            "type": "Uniform",
            "id": 56
        }
    }
}