{
    "type": "instance",
    "class_path": "autofit.non_linear.samples.summary.SamplesSummary",
    "arguments": {
        "errors_at_sigma_1": {
            "type": "list",
            "values": [
                {
                    "type": "tuple",
                    "values": [
                        0.002579590067417953,
                        0.0034009774015523186
                    ]
                },
                {
                    "type": "tuple",
                    "values": [
                        0.00216131251746679,
                        0.0019810195943178593
                    ]
                }
            ]
        },
        "errors_at_sigma_3": {
            "type": "list",
            "values": [
                {
                    "type": "tuple",
                    "values": [
                        0.006810345836819998,
                        0.008486650840870011
                    ]
                },
                {
                    "type": "tuple",
                    "values": [
                        0.006177066427191333,
                        0.006900584776073207
                    ]
                }
            ]
        },
        "max_log_likelihood_sample": {
            "type": "instance",
            "class_path": "autofit.non_linear.samples.sample.Sample",
            "arguments": {
                "log_likelihood": -47.0821442252141,
                "log_prior": 0.0,
                "weight": 0.0009833810932087389,
                "kwargs": {
                    "type": "dict",
                    "arguments": {
                        "ellipses.0.ell_comps.ell_comps_0": 0.06853300358073,
                        "ellipses.0.ell_comps.ell_comps_1": 0.09307663239473
                    }
                }
            }
        },
        "median_pdf_sample": {
            "type": "instance",
            "class_path": "autofit.non_linear.samples.sample.Sample",
            "arguments": {
                "log_likelihood": -47.0821442252141,
                "log_prior": 0.0,
                "weight": 0.0009833810932087389,
                "kwargs": {
                    "type": "dict",
                    "arguments": {
                        "ellipses.0.ell_comps.ell_comps_0": 0.06957349115289,
                        "ellipses.0.ell_comps.ell_comps_1": 0.09352482946949679
                    }
                }
            }
        },
        "values_at_sigma_1": {
            "type": "list",
            "values": [
                {
                    "type": "tuple",
                    "values": [
                        0.06699390108547204,
                        0.07297446855444231
                    ]
                },
                {
                    "type": "tuple",
                    "values": [
                        0.09136351695203,
                        0.09550584906381465
                    ]
                }
            ]
        },
        "values_at_sigma_3": {
            "type": "list",
            "values": [
                {
                    "type": "tuple",
                    "values": [
                        0.06276314531607,
                        0.07806014199376
                    ]
                },
                {
                    "type": "tuple",
                    "values": [
                        0.08734776304230546,
                        0.10042541424557
                    ]
                }
            ]
        },
        "log_evidence": -57.50291728001943,
        "model": null
    }
}