{
    "type": "instance",
    "class_path": "autofit.non_linear.samples.summary.SamplesSummary",
    "arguments": {
        "log_evidence": -39.91273498414513,
        "max_log_likelihood_sample": {
            "type": "instance",
            "class_path": "autofit.non_linear.samples.sample.Sample",
            "arguments": {
                "log_likelihood": -22.54217815370199,
                "log_prior": 0.0,
                "weight": 0.0010411469835762848,
                "kwargs": {
                    "type": "dict",
                    "arguments": {
                        "ellipses.0.ell_comps.ell_comps_0": -0.04379134921511,
                        "ellipses.0.ell_comps.ell_comps_1": 0.0559923335483,
                        "multipoles.0.multipole_3.multipole_comps.multipole_comps_0": -0.01301027298533,
                        "multipoles.0.multipole_3.multipole_comps.multipole_comps_1": -0.00579313382645,
                        "multipoles.0.multipole_4.multipole_comps.multipole_comps_0": -0.01245676331035,
                        "multipoles.0.multipole_4.multipole_comps.multipole_comps_1": 0.02365184813045
                    }
                }
            }
        },
        "errors_at_sigma_1": {
            "type": "list",
            "values": [
                {
                    "type": "tuple",
                    "values": [
                        0.004712819154702355,
                        0.003605812045230937
                    ]
                },
                {
                    "type": "tuple",
                    "values": [
                        0.026147340687656784,
                        0.0037480634968217325
                    ]
                },
                {
                    "type": "tuple",
                    "values": [
                        0.016133970413223613,
                        0.018146278247756387
                    ]
                },
                {
                    "type": "tuple",
                    "values": [
                        0.02879300536779849,
                        0.04719769594287448
                    ]
                },
                {
                    "type": "tuple",
                    "values": [
                        0.01879535048682948,
                        0.021247443913554626
                    ]
                },
                {
                    "type": "tuple",
                    "values": [
                        0.02396910332616062,
                        0.016904471161878813
                    ]
                }
            ]
        },
        "values_at_sigma_1": {
            "type": "list",
            "values": [
                {
                    "type": "tuple",
                    "values": [
                        -0.04598396816761329,
                        -0.03766533696768
                    ]
                },
                {
                    "type": "tuple",
                    "values": [
                        0.027184905935943214,
                        0.05708031012042173
                    ]
                },
                {
                    "type": "tuple",
                    "values": [
                        -0.00576200939986,
                        0.02851823926112
                    ]
                },
                {
                    "type": "tuple",
                    "values": [
                        -0.02326415638895849,
                        0.052726544921714476
                    ]
                },
                {
                    "type": "tuple",
                    "values": [
                        -0.03300262058115,
                        0.0070401738192341036
                    ]
                },
                {
                    "type": "tuple",
                    "values": [
                        0.0018279533415205662,
                        0.04270152782956
                    ]
                }
            ]
        },
        "values_at_sigma_3": {
            "type": "list",
            "values": [
                {
                    "type": "tuple",
                    "values": [
                        -0.0578746879118,
                        -0.02771027321404
                    ]
                },
                {
                    "type": "tuple",
                    "values": [
                        0.017134227919984323,
                        0.0641488676858052
                    ]
                },
                {
                    "type": "tuple",
                    "values": [
                        -0.03007246736043787,
                        0.04765627549280635
                    ]
                },
                {
                    "type": "tuple",
                    "values": [
                        -0.0649970540113254,
                        0.08578268975367435
                    ]
                },
                {
                    "type": "tuple",
                    "values": [
                        -0.0750352857288,
                        0.04557500848124
                    ]
                },
                {
                    "type": "tuple",
                    "values": [
                        -0.02715660476326,
                        0.07211259257203
                    ]
                }
            ]
        },
        "model": null,
        "median_pdf_sample": {
            "type": "instance",
            "class_path": "autofit.non_linear.samples.sample.Sample",
            "arguments": {
                "log_likelihood": -22.54217815370199,
                "log_prior": 0.0,
                "weight": 0.0010411469835762848,
                "kwargs": {
                    "type": "dict",
                    "arguments": {
                        "ellipses.0.ell_comps.ell_comps_0": -0.041271149012910936,
                        "ellipses.0.ell_comps.ell_comps_1": 0.0533322466236,
                        "multipoles.0.multipole_3.multipole_comps.multipole_comps_0": 0.010371961013363613,
                        "multipoles.0.multipole_3.multipole_comps.multipole_comps_1": 0.00552884897884,
                        "multipoles.0.multipole_4.multipole_comps.multipole_comps_0": -0.014207270094320521,
                        "multipoles.0.multipole_4.multipole_comps.multipole_comps_1": 0.025797056667681187
                    }
                }
            }
        },
        "errors_at_sigma_3": {
            "type": "list",
            "values": [
                {
                    "type": "tuple",
                    "values": [
                        0.01660353889888906,
                        0.013560875798870935
                    ]
                },
                {
                    "type": "tuple",
                    "values": [
                        0.03619801870361568,
                        0.010816621062205205
                    ]
                },
                {
                    "type": "tuple",
                    "values": [
                        0.04044442837380148,
                        0.037284314479442734
                    ]
                },
                {
                    "type": "tuple",
                    "values": [
                        0.0705259029901654,
                        0.08025384077483436
                    ]
                },
                {
                    "type": "tuple",
                    "values": [
                        0.06082801563447948,
                        0.059782278575560524
                    ]
                },
                {
                    "type": "tuple",
                    "values": [
                        0.052953661430941185,
                        0.04631553590434881
                    ]
                }
            ]
        }
    }
}