{
    "type": "instance",
    "class_path": "autofit.non_linear.samples.summary.SamplesSummary",
    "arguments": {
        "values_at_sigma_3": {
            "type": "list",
            "values": [
                {
                    "type": "tuple",
                    "values": [
                        0.10384036356484967,
                        0.12348117415295
                    ]
                },
                {
                    "type": "tuple",
                    "values": [
                        -0.10735796582002,
                        -0.08335694361268
                    ]
                },
                {
                    "type": "tuple",
                    "values": [
                        -0.01570088633365,
                        0.006378124352032574
                    ]
                },
                {
                    "type": "tuple",
                    "values": [
                        -0.010355149116292137,
                        0.01498020384708
                    ]
                },
                {
                    "type": "tuple",
                    "values": [
                        -0.013369127846913964,
                        0.015896783189005458
                    ]
                },
                {
                    "type": "tuple",
                    "values": [
                        0.00410828966759,
                        0.03528685193683809
                    ]
                }
            ]
        },
        "model": null,
        "median_pdf_sample": {
            "type": "instance",
            "class_path": "autofit.non_linear.samples.sample.Sample",
            "arguments": {
                "log_likelihood": -25.653753477216217,
                "log_prior": 0.0,
                "weight": 0.0010333738592299896,
                "kwargs": {
                    "type": "dict",
                    "arguments": {
                        "ellipses.0.ell_comps.ell_comps_0": 0.11398824852515,
                        "ellipses.0.ell_comps.ell_comps_1": -0.09505555209522476,
                        "multipoles.0.multipole_3.multipole_comps.multipole_comps_0": -0.004821304419232924,
                        "multipoles.0.multipole_3.multipole_comps.multipole_comps_1": 0.0028750432681605882,
                        "multipoles.0.multipole_4.multipole_comps.multipole_comps_0": 0.000739689031035552,
                        "multipoles.0.multipole_4.multipole_comps.multipole_comps_1": 0.02020752313551
                    }
                }
            }
        },
        "log_evidence": -47.10156567565533,
        "errors_at_sigma_3": {
            "type": "list",
            "values": [
                {
                    "type": "tuple",
                    "values": [
                        0.010147884960300321,
                        0.009492925627800006
                    ]
                },
                {
                    "type": "tuple",
                    "values": [
                        0.012302413724795236,
                        0.011698608482544753
                    ]
                },
                {
                    "type": "tuple",
                    "values": [
                        0.010879581914417076,
                        0.011199428771265497
                    ]
                },
                {
                    "type": "tuple",
                    "values": [
                        0.013230192384452725,
                        0.012105160578919413
                    ]
                },
                {
                    "type": "tuple",
                    "values": [
                        0.014108816877949517,
                        0.015157094157969906
                    ]
                },
                {
                    "type": "tuple",
                    "values": [
                        0.01609923346792,
                        0.015079328801328087
                    ]
                }
            ]
        },
        "values_at_sigma_1": {
            "type": "list",
            "values": [
                {
                    "type": "tuple",
                    "values": [
                        0.11069091147199966,
                        0.11728655342288
                    ]
                },
                {
                    "type": "tuple",
                    "values": [
                        -0.09917431697792996,
                        -0.09184565822969
                    ]
                },
                {
                    "type": "tuple",
                    "values": [
                        -0.00861974024472,
                        -0.001245669347190874
                    ]
                },
                {
                    "type": "tuple",
                    "values": [
                        -0.0020441421259282835,
                        0.00671282986183
                    ]
                },
                {
                    "type": "tuple",
                    "values": [
                        -0.00407509781228,
                        0.00624081229178
                    ]
                },
                {
                    "type": "tuple",
                    "values": [
                        0.01469203111024,
                        0.025457113882878697
                    ]
                }
            ]
        },
        "max_log_likelihood_sample": {
            "type": "instance",
            "class_path": "autofit.non_linear.samples.sample.Sample",
            "arguments": {
                "log_likelihood": -25.653753477216217,
                "log_prior": 0.0,
                "weight": 0.0010333738592299896,
                "kwargs": {
                    "type": "dict",
                    "arguments": {
                        "ellipses.0.ell_comps.ell_comps_0": 0.11446927509711,
                        "ellipses.0.ell_comps.ell_comps_1": -0.09467034203923,
                        "multipoles.0.multipole_3.multipole_comps.multipole_comps_0": -0.0043089029545,
                        "multipoles.0.multipole_3.multipole_comps.multipole_comps_1": 0.00349580788091,
                        "multipoles.0.multipole_4.multipole_comps.multipole_comps_0": -0.00048437723838,
                        "multipoles.0.multipole_4.multipole_comps.multipole_comps_1": 0.02027757519963
                    }
                }
            }
        },
        "errors_at_sigma_1": {
            "type": "list",
            "values": [
                {
                    "type": "tuple",
                    "values": [
                        0.0032973370531503288,
                        0.0032983048977300033
                    ]
                },
                {
                    "type": "tuple",
                    "values": [
                        0.004118764882705198,
                        0.0032098938655347603
                    ]
                },
                {
                    "type": "tuple",
                    "values": [
                        0.0037984358254870764,
                        0.00357563507204205
                    ]
                },
                {
                    "type": "tuple",
                    "values": [
                        0.004919185394088872,
                        0.0038377865936694115
                    ]
                },
                {
                    "type": "tuple",
                    "values": [
                        0.004814786843315552,
                        0.005501123260744449
                    ]
                },
                {
                    "type": "tuple",
                    "values": [
                        0.00551549202527,
                        0.005249590747368697
                    ]
                }
            ]
        }
    }
}