{
    "type": "instance",
    "class_path": "autofit.non_linear.samples.summary.SamplesSummary",
    "arguments": {
        "values_at_sigma_3": {
            "type": "list",
            "values": [
                {
                    "type": "tuple",
                    "values": [
                        -0.48288183177731,
                        -0.44488908007936
                    ]
                },
                {
                    "type": "tuple",
                    "values": [
                        0.020661204124573607,
                        0.03514032236914
                    ]
                },
                {
                    "type": "tuple",
                    "values": [
                        -0.007808205781969242,
                        0.0389052606399
                    ]
                },
                {
                    "type": "tuple",
                    "values": [
                        -0.03712221738828798,
                        -0.0075927043436982465
                    ]
                },
                {
                    "type": "tuple",
                    "values": [
                        -0.023467981378795445,
                        0.00430925593103
                    ]
                },
                {
                    "type": "tuple",
                    "values": [
                        -0.02765226975162,
                        0.0026321995375744173
                    ]
                },
                {
                    "type": "tuple",
                    "values": [
                        -0.02729366143898495,
                        0.007863592665803306
                    ]
                },
                {
                    "type": "tuple",
                    "values": [
                        0.01540726454116,
                        0.04169760256846006
                    ]
                }
            ]
        },
        "log_evidence": -146.29250238878024,
        "max_log_likelihood_sample": {
            "type": "instance",
            "class_path": "autofit.non_linear.samples.sample.Sample",
            "arguments": {
                "log_likelihood": -119.1725217840807,
                "log_prior": 0.0,
                "weight": 0.001021252632414111,
                "kwargs": {
                    "type": "dict",
                    "arguments": {
                        "ellipses.0.ell_comps.ell_comps_0": -0.47798014604778,
                        "ellipses.0.ell_comps.ell_comps_1": 0.02626069850553,
                        "multipoles.0.multipole_1.multipole_comps.multipole_comps_0": 0.02290326399314,
                        "multipoles.0.multipole_1.multipole_comps.multipole_comps_1": -0.02718808765984,
                        "multipoles.0.multipole_3.multipole_comps.multipole_comps_0": -0.00862181430323,
                        "multipoles.0.multipole_3.multipole_comps.multipole_comps_1": -0.01134247648433,
                        "multipoles.0.multipole_4.multipole_comps.multipole_comps_0": -0.01760443936249,
                        "multipoles.0.multipole_4.multipole_comps.multipole_comps_1": 0.03400440628704
                    }
                }
            }
        },
        "values_at_sigma_1": {
            "type": "list",
            "values": [
                {
                    "type": "tuple",
                    "values": [
                        -0.47878374115469824,
                        -0.47411423247268
                    ]
                },
                {
                    "type": "tuple",
                    "values": [
                        0.02506348807767124,
                        0.02908469467036
                    ]
                },
                {
                    "type": "tuple",
                    "values": [
                        0.015335033831756792,
                        0.027684386372973848
                    ]
                },
                {
                    "type": "tuple",
                    "values": [
                        -0.0302090677457,
                        -0.024094557003238683
                    ]
                },
                {
                    "type": "tuple",
                    "values": [
                        -0.01394162761506,
                        -0.00537298349023
                    ]
                },
                {
                    "type": "tuple",
                    "values": [
                        -0.014506559544984325,
                        -0.00563704643095
                    ]
                },
                {
                    "type": "tuple",
                    "values": [
                        -0.020685641996118914,
                        -0.013835936704403046
                    ]
                },
                {
                    "type": "tuple",
                    "values": [
                        0.02686879607442306,
                        0.03595682989925
                    ]
                }
            ]
        },
        "errors_at_sigma_1": {
            "type": "list",
            "values": [
                {
                    "type": "tuple",
                    "values": [
                        0.001888802539418255,
                        0.002780706142600009
                    ]
                },
                {
                    "type": "tuple",
                    "values": [
                        0.001974913766810294,
                        0.002046292825878468
                    ]
                },
                {
                    "type": "tuple",
                    "values": [
                        0.005277073146903207,
                        0.00707227939431385
                    ]
                },
                {
                    "type": "tuple",
                    "values": [
                        0.002891832188051561,
                        0.0032226785544097573
                    ]
                },
                {
                    "type": "tuple",
                    "values": [
                        0.003939933245309999,
                        0.00462871087952
                    ]
                },
                {
                    "type": "tuple",
                    "values": [
                        0.004617784197646585,
                        0.004251728916387741
                    ]
                },
                {
                    "type": "tuple",
                    "values": [
                        0.003552757012513938,
                        0.00329694827920193
                    ]
                },
                {
                    "type": "tuple",
                    "values": [
                        0.004667245026874531,
                        0.004420788797952407
                    ]
                }
            ]
        },
        "model": null,
        "median_pdf_sample": {
            "type": "instance",
            "class_path": "autofit.non_linear.samples.sample.Sample",
            "arguments": {
                "log_likelihood": -119.1725217840807,
                "log_prior": 0.0,
                "weight": 0.001021252632414111,
                "kwargs": {
                    "type": "dict",
                    "arguments": {
                        "ellipses.0.ell_comps.ell_comps_0": -0.47689493861528,
                        "ellipses.0.ell_comps.ell_comps_1": 0.027038401844481533,
                        "multipoles.0.multipole_1.multipole_comps.multipole_comps_0": 0.02061210697866,
                        "multipoles.0.multipole_1.multipole_comps.multipole_comps_1": -0.02731723555764844,
                        "multipoles.0.multipole_3.multipole_comps.multipole_comps_0": -0.01000169436975,
                        "multipoles.0.multipole_3.multipole_comps.multipole_comps_1": -0.00988877534733774,
                        "multipoles.0.multipole_4.multipole_comps.multipole_comps_0": -0.017132884983604976,
                        "multipoles.0.multipole_4.multipole_comps.multipole_comps_1": 0.03153604110129759
                    }
                }
            }
        },
        "errors_at_sigma_3": {
            "type": "list",
            "values": [
                {
                    "type": "tuple",
                    "values": [
                        0.005986893162029994,
                        0.03200585853591997
                    ]
                },
                {
                    "type": "tuple",
                    "values": [
                        0.006377197719907926,
                        0.008101920524658465
                    ]
                },
                {
                    "type": "tuple",
                    "values": [
                        0.02842031276062924,
                        0.01829315366124
                    ]
                },
                {
                    "type": "tuple",
                    "values": [
                        0.009804981830639537,
                        0.019724531213950194
                    ]
                },
                {
                    "type": "tuple",
                    "values": [
                        0.013466287009045445,
                        0.014310950300780001
                    ]
                },
                {
                    "type": "tuple",
                    "values": [
                        0.017763494404282258,
                        0.012520974884912158
                    ]
                },
                {
                    "type": "tuple",
                    "values": [
                        0.010160776455379973,
                        0.02499647764940828
                    ]
                },
                {
                    "type": "tuple",
                    "values": [
                        0.01612877656013759,
                        0.010161561467162468
                    ]
                }
            ]
        }
    }
}