{
    "type": "instance",
    "class_path": "autofit.non_linear.samples.summary.SamplesSummary",
    "arguments": {
        "errors_at_sigma_1": {
            "type": "list",
            "values": [
                {
                    "type": "tuple",
                    "values": [
                        0.05140687310741605,
                        0.016731306579550492
                    ]
                },
                {
                    "type": "tuple",
                    "values": [
                        0.06224751715064174,
                        0.019445481596210297
                    ]
                },
                {
                    "type": "tuple",
                    "values": [
                        0.06369414895874034,
                        0.027768817658505814
                    ]
                },
                {
                    "type": "tuple",
                    "values": [
                        0.04163204508418876,
                        0.06701119119475368
                    ]
                },
                {
                    "type": "tuple",
                    "values": [
                        0.03516287267729,
                        0.03624170911839528
                    ]
                },
                {
                    "type": "tuple",
                    "values": [
                        0.04467582712593374,
                        0.10085588868917
                    ]
                }
            ]
        },
        "median_pdf_sample": {
            "type": "instance",
            "class_path": "autofit.non_linear.samples.sample.Sample",
            "arguments": {
                "log_likelihood": -13.899393959083273,
                "log_prior": 0.0,
                "weight": 0.0010485341260756409,
                "kwargs": {
                    "type": "dict",
                    "arguments": {
                        "ellipses.0.ell_comps.ell_comps_0": 0.010968627766679504,
                        "ellipses.0.ell_comps.ell_comps_1": 0.023599858188821737,
                        "multipoles.0.multipole_3.multipole_comps.multipole_comps_0": 0.027096588467356644,
                        "multipoles.0.multipole_3.multipole_comps.multipole_comps_1": 0.02049353266138534,
                        "multipoles.0.multipole_4.multipole_comps.multipole_comps_0": -0.00752070915414,
                        "multipoles.0.multipole_4.multipole_comps.multipole_comps_1": -0.02007326701652
                    }
                }
            }
        },
        "values_at_sigma_3": {
            "type": "list",
            "values": [
                {
                    "type": "tuple",
                    "values": [
                        -0.13071758524659,
                        0.049550003672060035
                    ]
                },
                {
                    "type": "tuple",
                    "values": [
                        -0.11332523454151637,
                        0.13091397840138
                    ]
                },
                {
                    "type": "tuple",
                    "values": [
                        -0.09964628979162,
                        0.09510161584971875
                    ]
                },
                {
                    "type": "tuple",
                    "values": [
                        -0.09910085258002,
                        0.09723490016098985
                    ]
                },
                {
                    "type": "tuple",
                    "values": [
                        -0.09254061924143044,
                        0.0983245711172
                    ]
                },
                {
                    "type": "tuple",
                    "values": [
                        -0.09562855325177798,
                        0.09967124188365
                    ]
                }
            ]
        },
        "values_at_sigma_1": {
            "type": "list",
            "values": [
                {
                    "type": "tuple",
                    "values": [
                        -0.04043824534073654,
                        0.02769993434623
                    ]
                },
                {
                    "type": "tuple",
                    "values": [
                        -0.03864765896182,
                        0.043045339785032034
                    ]
                },
                {
                    "type": "tuple",
                    "values": [
                        -0.03659756049138369,
                        0.05486540612586246
                    ]
                },
                {
                    "type": "tuple",
                    "values": [
                        -0.021138512422803422,
                        0.08750472385613903
                    ]
                },
                {
                    "type": "tuple",
                    "values": [
                        -0.04268358183143,
                        0.02872099996425528
                    ]
                },
                {
                    "type": "tuple",
                    "values": [
                        -0.06474909414245374,
                        0.08078262167265
                    ]
                }
            ]
        },
        "model": null,
        "errors_at_sigma_3": {
            "type": "list",
            "values": [
                {
                    "type": "tuple",
                    "values": [
                        0.1416862130132695,
                        0.03858137590538053
                    ]
                },
                {
                    "type": "tuple",
                    "values": [
                        0.1369250927303381,
                        0.10731412021255826
                    ]
                },
                {
                    "type": "tuple",
                    "values": [
                        0.12674287825897665,
                        0.06800502738236211
                    ]
                },
                {
                    "type": "tuple",
                    "values": [
                        0.11959438524140534,
                        0.0767413674996045
                    ]
                },
                {
                    "type": "tuple",
                    "values": [
                        0.08501991008729043,
                        0.10584528027133999
                    ]
                },
                {
                    "type": "tuple",
                    "values": [
                        0.07555528623525798,
                        0.11974450890017
                    ]
                }
            ]
        },
        "max_log_likelihood_sample": {
            "type": "instance",
            "class_path": "autofit.non_linear.samples.sample.Sample",
            "arguments": {
                "log_likelihood": -13.899393959083273,
                "log_prior": 0.0,
                "weight": 0.0010485341260756409,
                "kwargs": {
                    "type": "dict",
                    "arguments": {
                        "ellipses.0.ell_comps.ell_comps_0": 0.02622898109331,
                        "ellipses.0.ell_comps.ell_comps_1": 0.02818686865889,
                        "multipoles.0.multipole_3.multipole_comps.multipole_comps_0": 0.06058023230765,
                        "multipoles.0.multipole_3.multipole_comps.multipole_comps_1": 0.00015975677475,
                        "multipoles.0.multipole_4.multipole_comps.multipole_comps_0": 3.340964546e-05,
                        "multipoles.0.multipole_4.multipole_comps.multipole_comps_1": -0.05568892506304
                    }
                }
            }
        },
        "log_evidence": -26.282839526224937
    }
}