{
    "data_name": "J0252+0039",
    "redshift_lens": 0.28,
    "redshift_source": 0.982,
    "slope": 1.57,
    "slope_err": 0.12,
    "axis_ratio": 0.93,
    "position_angle": 106.2,
    "einstein_radius": 1.04,
    "log_Mein": 11.25,
    "Mein": 177827941003.89276,
    "marker": "x",
    "colour": "red",
    "shear": 0.01,
    "sigma": 170.0,
    "sigma_err": 12.0,
    "log[M*/M]_chab": 11.21,
    "log[M*/M]_salp": 11.46,
    "log[Meff/M]": 10.97,
    "f_dm_chab": 10.97,
    "M200": 12700000000000.0,
    "r_eff": 1.39,
    "gamma_shajib": 2.16,
    "shajib_ue": 0.08,
    "shajib_le": 0.2,
    "shear_shajib": 0.009,
    "shear_shajib_le": 0.006,
    "shear_shajib_ue": 0.017,
    "phi_shajib": -33.0,
    "phi_shajib_le": 23.0,
    "phi_shajib_ue": 16.0,
    "gamma_Barnabe": NaN,
    "Barnabe_le": NaN,
    "Barnabe_ue": NaN,
    "RA": "\"025245.21\"",
    "DEC": "\"+003958.4\"",
    "subhalo_grid_dimensions_arcsec": 2.0,
    "mask_inner_radius": 0.6,
    "mask_outer_radius": 1.6,
    "scaled_annular": 0,
    "detect_delaunay": 0,
    "bpl_source_mask": 0,
    "mask_circular_radii": 3.5
}