{
    "type": "instance",
    "class_path": "autofit.non_linear.samples.summary.SamplesSummary",
    "arguments": {
        "max_log_likelihood_sample": {
            "type": "instance",
            "class_path": "autofit.non_linear.samples.sample.Sample",
            "arguments": {
                "log_likelihood": -15.889009629383867,
                "log_prior": 0.0,
                "weight": 0.0009856136969470346,
                "kwargs": {
                    "type": "dict",
                    "arguments": {
                        "ellipses.0.ell_comps.ell_comps_0": -0.12483299856156,
                        "ellipses.0.ell_comps.ell_comps_1": -0.00310761047888
                    }
                }
            }
        },
        "median_pdf_sample": {
            "type": "instance",
            "class_path": "autofit.non_linear.samples.sample.Sample",
            "arguments": {
                "log_likelihood": -15.889009629383867,
                "log_prior": 0.0,
                "weight": 0.0009856136969470346,
                "kwargs": {
                    "type": "dict",
                    "arguments": {
                        "ellipses.0.ell_comps.ell_comps_0": -0.12713797702904917,
                        "ellipses.0.ell_comps.ell_comps_1": 0.006897088371643563
                    }
                }
            }
        },
        "errors_at_sigma_3": {
            "type": "list",
            "values": [
                {
                    "type": "tuple",
                    "values": [
                        0.20052099663424594,
                        0.07037222315022243
                    ]
                },
                {
                    "type": "tuple",
                    "values": [
                        0.3556652524177973,
                        0.30412917273327633
                    ]
                }
            ]
        },
        "errors_at_sigma_1": {
            "type": "list",
            "values": [
                {
                    "type": "tuple",
                    "values": [
                        0.021025242725787097,
                        0.013488881110146136
                    ]
                },
                {
                    "type": "tuple",
                    "values": [
                        0.022277152476630476,
                        0.031306422125946434
                    ]
                }
            ]
        },
        "values_at_sigma_1": {
            "type": "list",
            "values": [
                {
                    "type": "tuple",
                    "values": [
                        -0.14816321975483626,
                        -0.11364909591890303
                    ]
                },
                {
                    "type": "tuple",
                    "values": [
                        -0.015380064104986914,
                        0.03820351049759
                    ]
                }
            ]
        },
        "log_evidence": -22.32110460017776,
        "values_at_sigma_3": {
            "type": "list",
            "values": [
                {
                    "type": "tuple",
                    "values": [
                        -0.3276589736632951,
                        -0.056765753878826736
                    ]
                },
                {
                    "type": "tuple",
                    "values": [
                        -0.34876816404615374,
                        0.3110262611049199
                    ]
                }
            ]
        },
        "model": null
    }
}