{
    "type": "instance",
    "class_path": "autofit.non_linear.samples.summary.SamplesSummary",
    "arguments": {
        "model": null,
        "max_log_likelihood_sample": {
            "type": "instance",
            "class_path": "autofit.non_linear.samples.sample.Sample",
            "arguments": {
                "log_likelihood": -133.2992478517285,
                "log_prior": 0.0,
                "weight": 0.0010522122381305436,
                "kwargs": {
                    "type": "dict",
                    "arguments": {
                        "ellipses.ellipse_4.centre.centre_0": -0.0053159447186,
                        "ellipses.ellipse_4.centre.centre_1": 0.00459141096303,
                        "ellipses.ellipse_0.ell_comps.ell_comps_0": 0.09388240164101,
                        "ellipses.ellipse_0.ell_comps.ell_comps_1": 0.09648014155758,
                        "multipoles.0.multipole_3.multipole_comps.multipole_comps_0": 0.02152928030593,
                        "multipoles.0.multipole_3.multipole_comps.multipole_comps_1": -0.00494697186056,
                        "multipoles.0.multipole_4.multipole_comps.multipole_comps_0": -0.01657162114844,
                        "multipoles.0.multipole_4.multipole_comps.multipole_comps_1": -0.00320179750843,
                        "ellipses.ellipse_1.ell_comps.ell_comps_0": 0.08935276106122,
                        "ellipses.ellipse_1.ell_comps.ell_comps_1": 0.09139845207485,
                        "multipoles.1.multipole_3.multipole_comps.multipole_comps_0": 0.0086753293788,
                        "multipoles.1.multipole_3.multipole_comps.multipole_comps_1": -0.01285995630917,
                        "multipoles.1.multipole_4.multipole_comps.multipole_comps_0": 0.00237345868061,
                        "multipoles.1.multipole_4.multipole_comps.multipole_comps_1": -0.01014954215332,
                        "ellipses.ellipse_2.ell_comps.ell_comps_0": 0.09715441872063,
                        "ellipses.ellipse_2.ell_comps.ell_comps_1": 0.1809392743708,
                        "multipoles.2.multipole_3.multipole_comps.multipole_comps_0": 0.02030889864592,
                        "multipoles.2.multipole_3.multipole_comps.multipole_comps_1": -0.0002112834699,
                        "multipoles.2.multipole_4.multipole_comps.multipole_comps_0": 0.03325952723665,
                        "multipoles.2.multipole_4.multipole_comps.multipole_comps_1": -0.01890711462308,
                        "ellipses.ellipse_3.ell_comps.ell_comps_0": -0.01476152747811,
                        "ellipses.ellipse_3.ell_comps.ell_comps_1": 0.05449277078115,
                        "multipoles.3.multipole_3.multipole_comps.multipole_comps_0": 0.00273407333178,
                        "multipoles.3.multipole_3.multipole_comps.multipole_comps_1": 0.02573074786978,
                        "multipoles.3.multipole_4.multipole_comps.multipole_comps_0": -0.03633959349478,
                        "multipoles.3.multipole_4.multipole_comps.multipole_comps_1": -0.04067215389142,
                        "ellipses.ellipse_4.ell_comps.ell_comps_0": 0.00883186180285,
                        "ellipses.ellipse_4.ell_comps.ell_comps_1": 0.10928425082878,
                        "multipoles.4.multipole_3.multipole_comps.multipole_comps_0": 0.01262977157595,
                        "multipoles.4.multipole_3.multipole_comps.multipole_comps_1": -0.00851538807504,
                        "multipoles.4.multipole_4.multipole_comps.multipole_comps_0": 0.01005515299642,
                        "multipoles.4.multipole_4.multipole_comps.multipole_comps_1": -0.00463276850083
                    }
                }
            }
        },
        "errors_at_sigma_1": {
            "type": "list",
            "values": [
                {
                    "type": "tuple",
                    "values": [
                        0.0028677494252500003,
                        0.00543843044274
                    ]
                },
                {
                    "type": "tuple",
                    "values": [
                        0.0019709087599417714,
                        0.0017198571476757735
                    ]
                },
                {
                    "type": "tuple",
                    "values": [
                        0.0068865266698439065,
                        0.011023519117906097
                    ]
                },
                {
                    "type": "tuple",
                    "values": [
                        0.014312776849317685,
                        0.014845286602582164
                    ]
                },
                {
                    "type": "tuple",
                    "values": [
                        0.003564077605060001,
                        0.0035395624996604584
                    ]
                },
                {
                    "type": "tuple",
                    "values": [
                        0.0030341198790302323,
                        0.003973296335195953
                    ]
                },
                {
                    "type": "tuple",
                    "values": [
                        0.00336324664552317,
                        0.0071623931695200295
                    ]
                },
                {
                    "type": "tuple",
                    "values": [
                        0.0027866604760595623,
                        0.002863416352930438
                    ]
                },
                {
                    "type": "tuple",
                    "values": [
                        0.01946530232472847,
                        0.014014678295259889
                    ]
                },
                {
                    "type": "tuple",
                    "values": [
                        0.02294894533936169,
                        0.025734277173816322
                    ]
                },
                {
                    "type": "tuple",
                    "values": [
                        0.012300004315642507,
                        0.005260323999728888
                    ]
                },
                {
                    "type": "tuple",
                    "values": [
                        0.0073563941830320535,
                        0.019374881528886667
                    ]
                },
                {
                    "type": "tuple",
                    "values": [
                        0.005221068156013867,
                        0.006931345457110506
                    ]
                },
                {
                    "type": "tuple",
                    "values": [
                        0.00814225194742849,
                        0.005136478081390674
                    ]
                },
                {
                    "type": "tuple",
                    "values": [
                        0.01379102733010562,
                        0.023976278616514385
                    ]
                },
                {
                    "type": "tuple",
                    "values": [
                        0.07105652256934877,
                        0.011829736075484265
                    ]
                },
                {
                    "type": "tuple",
                    "values": [
                        0.006491841026342187,
                        0.012447181165929997
                    ]
                },
                {
                    "type": "tuple",
                    "values": [
                        0.006320136017002815,
                        0.006369713229325438
                    ]
                },
                {
                    "type": "tuple",
                    "values": [
                        0.01573956351549713,
                        0.007131797123496066
                    ]
                },
                {
                    "type": "tuple",
                    "values": [
                        0.00965901651417692,
                        0.01491776926631308
                    ]
                },
                {
                    "type": "tuple",
                    "values": [
                        0.033224611166937645,
                        0.01190269018357976
                    ]
                },
                {
                    "type": "tuple",
                    "values": [
                        0.012184754097249999,
                        0.008171978563537616
                    ]
                },
                {
                    "type": "tuple",
                    "values": [
                        0.0132702217243,
                        0.01133291594330458
                    ]
                },
                {
                    "type": "tuple",
                    "values": [
                        0.014241575990412689,
                        0.011147259743904701
                    ]
                },
                {
                    "type": "tuple",
                    "values": [
                        0.014138794469819076,
                        0.016950581630408915
                    ]
                },
                {
                    "type": "tuple",
                    "values": [
                        0.015638384061179796,
                        0.007905428029761775
                    ]
                },
                {
                    "type": "tuple",
                    "values": [
                        0.012550731137,
                        0.007687981895070001
                    ]
                },
                {
                    "type": "tuple",
                    "values": [
                        0.0049138035176994055,
                        0.008585070868507697
                    ]
                },
                {
                    "type": "tuple",
                    "values": [
                        0.011081173366400045,
                        0.014098731151909998
                    ]
                },
                {
                    "type": "tuple",
                    "values": [
                        0.010546694576261534,
                        0.01465100134827894
                    ]
                },
                {
                    "type": "tuple",
                    "values": [
                        0.006651390792288974,
                        0.0076103599627560335
                    ]
                },
                {
                    "type": "tuple",
                    "values": [
                        0.0062761611008154295,
                        0.012209715271724571
                    ]
                }
            ]
        },
        "values_at_sigma_1": {
            "type": "list",
            "values": [
                {
                    "type": "tuple",
                    "values": [
                        -0.00367215099343,
                        0.00463402887456
                    ]
                },
                {
                    "type": "tuple",
                    "values": [
                        0.00395681812303,
                        0.007647584030647545
                    ]
                },
                {
                    "type": "tuple",
                    "values": [
                        0.09276929949137,
                        0.11067934527912
                    ]
                },
                {
                    "type": "tuple",
                    "values": [
                        0.08304334639692232,
                        0.11220140984882217
                    ]
                },
                {
                    "type": "tuple",
                    "values": [
                        0.01613204640671,
                        0.02323568651143046
                    ]
                },
                {
                    "type": "tuple",
                    "values": [
                        -0.014228582618575463,
                        -0.007221166404349278
                    ]
                },
                {
                    "type": "tuple",
                    "values": [
                        -0.01586344823146317,
                        -0.005337808416419971
                    ]
                },
                {
                    "type": "tuple",
                    "values": [
                        -0.00997529200941,
                        -0.00432521518042
                    ]
                },
                {
                    "type": "tuple",
                    "values": [
                        0.06644768500803153,
                        0.09992766562801988
                    ]
                },
                {
                    "type": "tuple",
                    "values": [
                        0.09961545084703831,
                        0.14829867336021632
                    ]
                },
                {
                    "type": "tuple",
                    "values": [
                        -0.01290934103536,
                        0.004650987280011396
                    ]
                },
                {
                    "type": "tuple",
                    "values": [
                        -0.01109433214575,
                        0.01563694356616872
                    ]
                },
                {
                    "type": "tuple",
                    "values": [
                        -0.007193938436973867,
                        0.004958475176150506
                    ]
                },
                {
                    "type": "tuple",
                    "values": [
                        -0.02521755241713,
                        -0.011938822388310838
                    ]
                },
                {
                    "type": "tuple",
                    "values": [
                        0.09485084276232,
                        0.13261814870894
                    ]
                },
                {
                    "type": "tuple",
                    "values": [
                        0.10340198863215785,
                        0.1862882472769909
                    ]
                },
                {
                    "type": "tuple",
                    "values": [
                        0.024676543610247813,
                        0.04361556580252
                    ]
                },
                {
                    "type": "tuple",
                    "values": [
                        -0.007707928596896618,
                        0.004981920649431634
                    ]
                },
                {
                    "type": "tuple",
                    "values": [
                        0.0034903255584214673,
                        0.026361686197414663
                    ]
                },
                {
                    "type": "tuple",
                    "values": [
                        -0.02978421063614,
                        -0.00520742485565
                    ]
                },
                {
                    "type": "tuple",
                    "values": [
                        -0.06049688277755,
                        -0.01536958142703259
                    ]
                },
                {
                    "type": "tuple",
                    "values": [
                        0.05447119432157,
                        0.07482792698235761
                    ]
                },
                {
                    "type": "tuple",
                    "values": [
                        0.00389406597595,
                        0.02849720364355458
                    ]
                },
                {
                    "type": "tuple",
                    "values": [
                        0.026442100947522612,
                        0.05183093668184
                    ]
                },
                {
                    "type": "tuple",
                    "values": [
                        -0.04728421708842498,
                        -0.016194840988196988
                    ]
                },
                {
                    "type": "tuple",
                    "values": [
                        -0.0681260961108198,
                        -0.044582284019878224
                    ]
                },
                {
                    "type": "tuple",
                    "values": [
                        -0.00744614442623,
                        0.01279256860584
                    ]
                },
                {
                    "type": "tuple",
                    "values": [
                        0.10012278139688587,
                        0.11362165578309297
                    ]
                },
                {
                    "type": "tuple",
                    "values": [
                        0.010805559832249956,
                        0.03598546435056
                    ]
                },
                {
                    "type": "tuple",
                    "values": [
                        -0.006070087596634998,
                        0.019127608327905478
                    ]
                },
                {
                    "type": "tuple",
                    "values": [
                        0.0024935525697495583,
                        0.016755303324794565
                    ]
                },
                {
                    "type": "tuple",
                    "values": [
                        -0.00859554877012,
                        0.00989032760242
                    ]
                }
            ]
        },
        "log_evidence": -177.41746719751904,
        "values_at_sigma_3": {
            "type": "list",
            "values": [
                {
                    "type": "tuple",
                    "values": [
                        -0.00703736318423,
                        0.00814811210302479
                    ]
                },
                {
                    "type": "tuple",
                    "values": [
                        -0.00029148466746,
                        0.01159542870234
                    ]
                },
                {
                    "type": "tuple",
                    "values": [
                        0.0844776874716174,
                        0.12343440774956
                    ]
                },
                {
                    "type": "tuple",
                    "values": [
                        0.07025037549110691,
                        0.1287881897012204
                    ]
                },
                {
                    "type": "tuple",
                    "values": [
                        0.01130646934998,
                        0.026566998574940534
                    ]
                },
                {
                    "type": "tuple",
                    "values": [
                        -0.018896885822524915,
                        -0.002763639304701861
                    ]
                },
                {
                    "type": "tuple",
                    "values": [
                        -0.019114226604046693,
                        -6.578119344554098e-05
                    ]
                },
                {
                    "type": "tuple",
                    "values": [
                        -0.012738499337018323,
                        -0.00194256309214
                    ]
                },
                {
                    "type": "tuple",
                    "values": [
                        0.04541893992745524,
                        0.1354864544729177
                    ]
                },
                {
                    "type": "tuple",
                    "values": [
                        0.07580609849255,
                        0.17100325963151494
                    ]
                },
                {
                    "type": "tuple",
                    "values": [
                        -0.023585397167040188,
                        0.012606422336407623
                    ]
                },
                {
                    "type": "tuple",
                    "values": [
                        -0.02182542750150572,
                        0.02422450944671611
                    ]
                },
                {
                    "type": "tuple",
                    "values": [
                        -0.016876564275233,
                        0.01124820742945
                    ]
                },
                {
                    "type": "tuple",
                    "values": [
                        -0.03336184080076,
                        -0.00232897140324
                    ]
                },
                {
                    "type": "tuple",
                    "values": [
                        0.07589723293217915,
                        0.15137330305949
                    ]
                },
                {
                    "type": "tuple",
                    "values": [
                        0.08038558585213,
                        0.20276094832599256
                    ]
                },
                {
                    "type": "tuple",
                    "values": [
                        0.014855039907557563,
                        0.05810565175329014
                    ]
                },
                {
                    "type": "tuple",
                    "values": [
                        -0.02119227026353,
                        0.01635705573503
                    ]
                },
                {
                    "type": "tuple",
                    "values": [
                        -0.00935473657316,
                        0.0345072273130897
                    ]
                },
                {
                    "type": "tuple",
                    "values": [
                        -0.037165312541616286,
                        0.0068815287246555105
                    ]
                },
                {
                    "type": "tuple",
                    "values": [
                        -0.07045481675322,
                        -0.0006238478529624842
                    ]
                },
                {
                    "type": "tuple",
                    "values": [
                        0.039717820565304165,
                        0.08579149121113
                    ]
                },
                {
                    "type": "tuple",
                    "values": [
                        -0.0050058436004,
                        0.03747774065121041
                    ]
                },
                {
                    "type": "tuple",
                    "values": [
                        0.00880260858082,
                        0.06535095081670231
                    ]
                },
                {
                    "type": "tuple",
                    "values": [
                        -0.05883745154303642,
                        -0.0009644921817
                    ]
                },
                {
                    "type": "tuple",
                    "values": [
                        -0.07948080340050223,
                        -0.03106272315273
                    ]
                },
                {
                    "type": "tuple",
                    "values": [
                        -0.03878075352099,
                        0.0408809446899
                    ]
                },
                {
                    "type": "tuple",
                    "values": [
                        0.09333440750642313,
                        0.14316160831743
                    ]
                },
                {
                    "type": "tuple",
                    "values": [
                        -0.0072683171731,
                        0.05103172511047
                    ]
                },
                {
                    "type": "tuple",
                    "values": [
                        -0.015078251694018368,
                        0.03019870477959
                    ]
                },
                {
                    "type": "tuple",
                    "values": [
                        -0.00646629782761,
                        0.02361604897863
                    ]
                },
                {
                    "type": "tuple",
                    "values": [
                        -0.016325047721873008,
                        0.02012450129524
                    ]
                }
            ]
        },
        "median_pdf_sample": {
            "type": "instance",
            "class_path": "autofit.non_linear.samples.sample.Sample",
            "arguments": {
                "log_likelihood": -133.2992478517285,
                "log_prior": 0.0,
                "weight": 0.0010522122381305436,
                "kwargs": {
                    "type": "dict",
                    "arguments": {
                        "ellipses.ellipse_4.centre.centre_0": -0.00080440156818,
                        "ellipses.ellipse_4.centre.centre_1": 0.005927726882971772,
                        "ellipses.ellipse_0.ell_comps.ell_comps_0": 0.0996558261612139,
                        "ellipses.ellipse_0.ell_comps.ell_comps_1": 0.09735612324624,
                        "multipoles.0.multipole_3.multipole_comps.multipole_comps_0": 0.01969612401177,
                        "multipoles.0.multipole_3.multipole_comps.multipole_comps_1": -0.011194462739545231,
                        "multipoles.0.multipole_4.multipole_comps.multipole_comps_0": -0.01250020158594,
                        "multipoles.0.multipole_4.multipole_comps.multipole_comps_1": -0.0071886315333504385,
                        "ellipses.ellipse_1.ell_comps.ell_comps_0": 0.08591298733276,
                        "ellipses.ellipse_1.ell_comps.ell_comps_1": 0.1225643961864,
                        "multipoles.1.multipole_3.multipole_comps.multipole_comps_0": -0.0006093367197174921,
                        "multipoles.1.multipole_3.multipole_comps.multipole_comps_1": -0.0037379379627179472,
                        "multipoles.1.multipole_4.multipole_comps.multipole_comps_0": -0.00197287028096,
                        "multipoles.1.multipole_4.multipole_comps.multipole_comps_1": -0.017075300469701512,
                        "ellipses.ellipse_2.ell_comps.ell_comps_0": 0.10864187009242562,
                        "ellipses.ellipse_2.ell_comps.ell_comps_1": 0.17445851120150663,
                        "multipoles.2.multipole_3.multipole_comps.multipole_comps_0": 0.03116838463659,
                        "multipoles.2.multipole_3.multipole_comps.multipole_comps_1": -0.0013877925798938039,
                        "multipoles.2.multipole_4.multipole_comps.multipole_comps_0": 0.019229889073918597,
                        "multipoles.2.multipole_4.multipole_comps.multipole_comps_1": -0.02012519412196308,
                        "ellipses.ellipse_3.ell_comps.ell_comps_0": -0.02727227161061235,
                        "ellipses.ellipse_3.ell_comps.ell_comps_1": 0.06665594841882,
                        "multipoles.3.multipole_3.multipole_comps.multipole_comps_0": 0.01716428770025,
                        "multipoles.3.multipole_3.multipole_comps.multipole_comps_1": 0.0406836769379353,
                        "multipoles.3.multipole_4.multipole_comps.multipole_comps_0": -0.0331454226186059,
                        "multipoles.3.multipole_4.multipole_comps.multipole_comps_1": -0.05248771204964,
                        "ellipses.ellipse_4.ell_comps.ell_comps_0": 0.00510458671077,
                        "ellipses.ellipse_4.ell_comps.ell_comps_1": 0.10503658491458527,
                        "multipoles.4.multipole_3.multipole_comps.multipole_comps_0": 0.02188673319865,
                        "multipoles.4.multipole_3.multipole_comps.multipole_comps_1": 0.004476606979626536,
                        "multipoles.4.multipole_4.multipole_comps.multipole_comps_0": 0.009144943362038532,
                        "multipoles.4.multipole_4.multipole_comps.multipole_comps_1": -0.0023193876693045705
                    }
                }
            }
        },
        "errors_at_sigma_3": {
            "type": "list",
            "values": [
                {
                    "type": "tuple",
                    "values": [
                        0.00623296161605,
                        0.00895251367120479
                    ]
                },
                {
                    "type": "tuple",
                    "values": [
                        0.006219211550431772,
                        0.0056677018193682285
                    ]
                },
                {
                    "type": "tuple",
                    "values": [
                        0.015178138689596513,
                        0.023778581588346087
                    ]
                },
                {
                    "type": "tuple",
                    "values": [
                        0.027105747755133094,
                        0.03143206645498041
                    ]
                },
                {
                    "type": "tuple",
                    "values": [
                        0.008389654661790001,
                        0.0068708745631705335
                    ]
                },
                {
                    "type": "tuple",
                    "values": [
                        0.007702423082979684,
                        0.00843082343484337
                    ]
                },
                {
                    "type": "tuple",
                    "values": [
                        0.006614025018106692,
                        0.012434420392494459
                    ]
                },
                {
                    "type": "tuple",
                    "values": [
                        0.005549867803667885,
                        0.005246068441210438
                    ]
                },
                {
                    "type": "tuple",
                    "values": [
                        0.04049404740530475,
                        0.049573467140157715
                    ]
                },
                {
                    "type": "tuple",
                    "values": [
                        0.046758297693849996,
                        0.048438863445114944
                    ]
                },
                {
                    "type": "tuple",
                    "values": [
                        0.022976060447322696,
                        0.013215759056125116
                    ]
                },
                {
                    "type": "tuple",
                    "values": [
                        0.018087489538787773,
                        0.027962447409434057
                    ]
                },
                {
                    "type": "tuple",
                    "values": [
                        0.014903693994273,
                        0.01322107771041
                    ]
                },
                {
                    "type": "tuple",
                    "values": [
                        0.016286540331058485,
                        0.014746329066461512
                    ]
                },
                {
                    "type": "tuple",
                    "values": [
                        0.032744637160246476,
                        0.04273143296706439
                    ]
                },
                {
                    "type": "tuple",
                    "values": [
                        0.09407292534937663,
                        0.028302437124485935
                    ]
                },
                {
                    "type": "tuple",
                    "values": [
                        0.01631334472903244,
                        0.02693726711670014
                    ]
                },
                {
                    "type": "tuple",
                    "values": [
                        0.019804477683636194,
                        0.017744848314923806
                    ]
                },
                {
                    "type": "tuple",
                    "values": [
                        0.028584625647078594,
                        0.015277338239171104
                    ]
                },
                {
                    "type": "tuple",
                    "values": [
                        0.017040118419653204,
                        0.02700672284661859
                    ]
                },
                {
                    "type": "tuple",
                    "values": [
                        0.04318254514260765,
                        0.026648423757649864
                    ]
                },
                {
                    "type": "tuple",
                    "values": [
                        0.026938127853515834,
                        0.01913554279231
                    ]
                },
                {
                    "type": "tuple",
                    "values": [
                        0.02217013130065,
                        0.020313452950960407
                    ]
                },
                {
                    "type": "tuple",
                    "values": [
                        0.0318810683571153,
                        0.024667273878767007
                    ]
                },
                {
                    "type": "tuple",
                    "values": [
                        0.025692028924430517,
                        0.032180930436905904
                    ]
                },
                {
                    "type": "tuple",
                    "values": [
                        0.026993091350862232,
                        0.02142498889691
                    ]
                },
                {
                    "type": "tuple",
                    "values": [
                        0.04388534023176,
                        0.03577635797913
                    ]
                },
                {
                    "type": "tuple",
                    "values": [
                        0.011702177408162137,
                        0.038125023402844724
                    ]
                },
                {
                    "type": "tuple",
                    "values": [
                        0.02915505037175,
                        0.02914499191182
                    ]
                },
                {
                    "type": "tuple",
                    "values": [
                        0.019554858673644905,
                        0.025722097799963463
                    ]
                },
                {
                    "type": "tuple",
                    "values": [
                        0.015611241189648531,
                        0.014471105616591469
                    ]
                },
                {
                    "type": "tuple",
                    "values": [
                        0.014005660052568437,
                        0.022443888964544568
                    ]
                }
            ]
        }
    }
}