{
    "type": "instance",
    "class_path": "autofit.non_linear.samples.summary.SamplesSummary",
    "arguments": {
        "values_at_sigma_1": {
            "type": "list",
            "values": [
                {
                    "type": "tuple",
                    "values": [
                        -0.11329028144308793,
                        -0.10529057578624565
                    ]
                },
                {
                    "type": "tuple",
                    "values": [
                        0.10453826116568145,
                        0.1113932090803412
                    ]
                },
                {
                    "type": "tuple",
                    "values": [
                        -0.011814501211147946,
                        -0.003321756922392324
                    ]
                },
                {
                    "type": "tuple",
                    "values": [
                        0.0002465044191,
                        0.008057369657302992
                    ]
                },
                {
                    "type": "tuple",
                    "values": [
                        -0.013006962729342021,
                        -0.0027366528414672396
                    ]
                },
                {
                    "type": "tuple",
                    "values": [
                        -0.0043033737783854786,
                        0.0060658399184952095
                    ]
                }
            ]
        },
        "median_pdf_sample": {
            "type": "instance",
            "class_path": "autofit.non_linear.samples.sample.Sample",
            "arguments": {
                "log_likelihood": -18.92098149954647,
                "log_prior": 0.0,
                "weight": 0.001020626057886939,
                "kwargs": {
                    "type": "dict",
                    "arguments": {
                        "ellipses.0.ell_comps.ell_comps_0": -0.10917417405097,
                        "ellipses.0.ell_comps.ell_comps_1": 0.1076932093440931,
                        "multipoles.0.multipole_3.multipole_comps.multipole_comps_0": -0.00768426587342164,
                        "multipoles.0.multipole_3.multipole_comps.multipole_comps_1": 0.0038861786908496645,
                        "multipoles.0.multipole_4.multipole_comps.multipole_comps_0": -0.007655791667908182,
                        "multipoles.0.multipole_4.multipole_comps.multipole_comps_1": 0.0008137071495958236
                    }
                }
            }
        },
        "max_log_likelihood_sample": {
            "type": "instance",
            "class_path": "autofit.non_linear.samples.sample.Sample",
            "arguments": {
                "log_likelihood": -18.92098149954647,
                "log_prior": 0.0,
                "weight": 0.001020626057886939,
                "kwargs": {
                    "type": "dict",
                    "arguments": {
                        "ellipses.0.ell_comps.ell_comps_0": -0.10960438811295,
                        "ellipses.0.ell_comps.ell_comps_1": 0.10783040444496,
                        "multipoles.0.multipole_3.multipole_comps.multipole_comps_0": -0.00680811878262,
                        "multipoles.0.multipole_3.multipole_comps.multipole_comps_1": 0.0020615924,
                        "multipoles.0.multipole_4.multipole_comps.multipole_comps_0": -0.0083007510732,
                        "multipoles.0.multipole_4.multipole_comps.multipole_comps_1": 7.94858134e-06
                    }
                }
            }
        },
        "model": null,
        "errors_at_sigma_3": {
            "type": "list",
            "values": [
                {
                    "type": "tuple",
                    "values": [
                        0.009857731738729988,
                        0.011230147231287235
                    ]
                },
                {
                    "type": "tuple",
                    "values": [
                        0.009678850962003105,
                        0.010421755581456901
                    ]
                },
                {
                    "type": "tuple",
                    "values": [
                        0.011999292382897632,
                        0.012165336684638295
                    ]
                },
                {
                    "type": "tuple",
                    "values": [
                        0.011433301560201725,
                        0.01088245914116856
                    ]
                },
                {
                    "type": "tuple",
                    "values": [
                        0.017721362485521818,
                        0.013680952363329614
                    ]
                },
                {
                    "type": "tuple",
                    "values": [
                        0.013591733120262302,
                        0.015524132650194178
                    ]
                }
            ]
        },
        "log_evidence": -40.2678035329742,
        "values_at_sigma_3": {
            "type": "list",
            "values": [
                {
                    "type": "tuple",
                    "values": [
                        -0.1190319057897,
                        -0.09794402681968277
                    ]
                },
                {
                    "type": "tuple",
                    "values": [
                        0.09801435838209,
                        0.11811496492555
                    ]
                },
                {
                    "type": "tuple",
                    "values": [
                        -0.01968355825631927,
                        0.004481070811216655
                    ]
                },
                {
                    "type": "tuple",
                    "values": [
                        -0.00754712286935206,
                        0.014768637832018225
                    ]
                },
                {
                    "type": "tuple",
                    "values": [
                        -0.02537715415343,
                        0.006025160695421432
                    ]
                },
                {
                    "type": "tuple",
                    "values": [
                        -0.012778025970666478,
                        0.01633783979979
                    ]
                }
            ]
        },
        "errors_at_sigma_1": {
            "type": "list",
            "values": [
                {
                    "type": "tuple",
                    "values": [
                        0.004116107392117929,
                        0.0038835982647243555
                    ]
                },
                {
                    "type": "tuple",
                    "values": [
                        0.003154948178411651,
                        0.0036999997362480996
                    ]
                },
                {
                    "type": "tuple",
                    "values": [
                        0.0041302353377263065,
                        0.004362508951029315
                    ]
                },
                {
                    "type": "tuple",
                    "values": [
                        0.0036396742717496643,
                        0.004171190966453327
                    ]
                },
                {
                    "type": "tuple",
                    "values": [
                        0.005351171061433839,
                        0.004919138826440943
                    ]
                },
                {
                    "type": "tuple",
                    "values": [
                        0.0051170809279813025,
                        0.005252132768899386
                    ]
                }
            ]
        }
    }
}