{
    "data_name": "J1218+0830",
    "redshift_lens": 0.135,
    "redshift_source": 0.717,
    "slope": 1.82,
    "slope_err": 0.11,
    "axis_ratio": 0.75,
    "position_angle": 51.5,
    "einstein_radius": 1.45,
    "log_Mein": 11.21,
    "Mein": 162181009735.8935,
    "marker": "p",
    "colour": "deepskyblue",
    "shear": 0.03,
    "sigma": 219.0,
    "sigma_err": 11.0,
    "log[M*/M]_chab": 11.35,
    "log[M*/M]_salp": 11.59,
    "log[Meff/M]": 11.26,
    "f_dm_chab": 11.26,
    "M200": NaN,
    "r_eff": 3.18,
    "gamma_shajib": NaN,
    "shajib_ue": NaN,
    "shajib_le": NaN,
    "shear_shajib": NaN,
    "shear_shajib_le": NaN,
    "shear_shajib_ue": NaN,
    "phi_shajib": NaN,
    "phi_shajib_le": NaN,
    "phi_shajib_ue": NaN,
    "gamma_Barnabe": NaN,
    "Barnabe_le": NaN,
    "Barnabe_ue": NaN,
    "RA": "\"121826.70\"",
    "DEC": "\"+083050.3\"",
    "subhalo_grid_dimensions_arcsec": 2.7,
    "mask_inner_radius": 0.5,
    "mask_outer_radius": 3.0,
    "scaled_annular": 0,
    "detect_delaunay": 0,
    "bpl_source_mask": 0,
    "mask_circular_radii": 3.5
}