{
    "type": "instance",
    "class_path": "autofit.non_linear.samples.summary.SamplesSummary",
    "arguments": {
        "values_at_sigma_1": {
            "type": "list",
            "values": [
                {
                    "type": "tuple",
                    "values": [
                        -0.33331535568839,
                        -0.3273529809932006
                    ]
                },
                {
                    "type": "tuple",
                    "values": [
                        -0.09457048820805,
                        -0.09071412329404
                    ]
                },
                {
                    "type": "tuple",
                    "values": [
                        -0.004280351153455629,
                        0.0067237458969
                    ]
                },
                {
                    "type": "tuple",
                    "values": [
                        0.012857119012826752,
                        0.023740350720164817
                    ]
                },
                {
                    "type": "tuple",
                    "values": [
                        -0.04116156581387659,
                        -0.029061421722998495
                    ]
                },
                {
                    "type": "tuple",
                    "values": [
                        0.026931954420680852,
                        0.03657547554058
                    ]
                }
            ]
        },
        "errors_at_sigma_1": {
            "type": "list",
            "values": [
                {
                    "type": "tuple",
                    "values": [
                        0.003983492209283623,
                        0.001978882485905775
                    ]
                },
                {
                    "type": "tuple",
                    "values": [
                        0.0021863778894373326,
                        0.001669987024572675
                    ]
                },
                {
                    "type": "tuple",
                    "values": [
                        0.0052895461462659004,
                        0.005714550904089729
                    ]
                },
                {
                    "type": "tuple",
                    "values": [
                        0.0056767093173465556,
                        0.0052065223899915095
                    ]
                },
                {
                    "type": "tuple",
                    "values": [
                        0.006727596713466587,
                        0.005372547377411507
                    ]
                },
                {
                    "type": "tuple",
                    "values": [
                        0.0042892587524191485,
                        0.00535426236748
                    ]
                }
            ]
        },
        "median_pdf_sample": {
            "type": "instance",
            "class_path": "autofit.non_linear.samples.sample.Sample",
            "arguments": {
                "log_likelihood": -68.42237742931218,
                "log_prior": 0.0,
                "weight": 0.0010226182213243177,
                "kwargs": {
                    "type": "dict",
                    "arguments": {
                        "ellipses.0.ell_comps.ell_comps_0": -0.32933186347910637,
                        "ellipses.0.ell_comps.ell_comps_1": -0.09238411031861267,
                        "multipoles.0.multipole_3.multipole_comps.multipole_comps_0": 0.0010091949928102714,
                        "multipoles.0.multipole_3.multipole_comps.multipole_comps_1": 0.018533828330173308,
                        "multipoles.0.multipole_4.multipole_comps.multipole_comps_0": -0.03443396910041,
                        "multipoles.0.multipole_4.multipole_comps.multipole_comps_1": 0.0312212131731
                    }
                }
            }
        },
        "values_at_sigma_3": {
            "type": "list",
            "values": [
                {
                    "type": "tuple",
                    "values": [
                        -0.34245394381795,
                        -0.32324061701805806
                    ]
                },
                {
                    "type": "tuple",
                    "values": [
                        -0.09916418704425,
                        -0.08839651807800425
                    ]
                },
                {
                    "type": "tuple",
                    "values": [
                        -0.01317275826584,
                        0.01608873851828
                    ]
                },
                {
                    "type": "tuple",
                    "values": [
                        0.00135927642709,
                        0.03786320684639302
                    ]
                },
                {
                    "type": "tuple",
                    "values": [
                        -0.05323243238776157,
                        -0.01896644170186
                    ]
                },
                {
                    "type": "tuple",
                    "values": [
                        0.016448376383213614,
                        0.04573524564997918
                    ]
                }
            ]
        },
        "errors_at_sigma_3": {
            "type": "list",
            "values": [
                {
                    "type": "tuple",
                    "values": [
                        0.013122080338843656,
                        0.006091246461048305
                    ]
                },
                {
                    "type": "tuple",
                    "values": [
                        0.006780076725637324,
                        0.00398759224060842
                    ]
                },
                {
                    "type": "tuple",
                    "values": [
                        0.014181953258650272,
                        0.01507954352546973
                    ]
                },
                {
                    "type": "tuple",
                    "values": [
                        0.017174551903083306,
                        0.019329378516219714
                    ]
                },
                {
                    "type": "tuple",
                    "values": [
                        0.018798463287351568,
                        0.01546752739855
                    ]
                },
                {
                    "type": "tuple",
                    "values": [
                        0.014772836789886386,
                        0.014514032476879182
                    ]
                }
            ]
        },
        "model": null,
        "max_log_likelihood_sample": {
            "type": "instance",
            "class_path": "autofit.non_linear.samples.sample.Sample",
            "arguments": {
                "log_likelihood": -68.42237742931218,
                "log_prior": 0.0,
                "weight": 0.0010226182213243177,
                "kwargs": {
                    "type": "dict",
                    "arguments": {
                        "ellipses.0.ell_comps.ell_comps_0": -0.32849153023459,
                        "ellipses.0.ell_comps.ell_comps_1": -0.09101941559296,
                        "multipoles.0.multipole_3.multipole_comps.multipole_comps_0": 0.00079318769733,
                        "multipoles.0.multipole_3.multipole_comps.multipole_comps_1": 0.01678081807102,
                        "multipoles.0.multipole_4.multipole_comps.multipole_comps_0": -0.03456323068041,
                        "multipoles.0.multipole_4.multipole_comps.multipole_comps_1": 0.03544700405601
                    }
                }
            }
        },
        "log_evidence": -89.48671770732393
    }
}