{
    "type": "instance",
    "class_path": "autofit.non_linear.samples.summary.SamplesSummary",
    "arguments": {
        "max_log_likelihood_sample": {
            "type": "instance",
            "class_path": "autofit.non_linear.samples.sample.Sample",
            "arguments": {
                "log_likelihood": -63.04942122043929,
                "log_prior": 0.0,
                "weight": 0.0010417351982218266,
                "kwargs": {
                    "type": "dict",
                    "arguments": {
                        "ellipses.0.ell_comps.ell_comps_0": -0.26537111288569,
                        "ellipses.0.ell_comps.ell_comps_1": -0.09348729846092,
                        "multipoles.0.multipole_1.multipole_comps.multipole_comps_0": 0.02641570571163,
                        "multipoles.0.multipole_1.multipole_comps.multipole_comps_1": -0.01972888689954,
                        "multipoles.0.multipole_3.multipole_comps.multipole_comps_0": 0.00277314732305,
                        "multipoles.0.multipole_3.multipole_comps.multipole_comps_1": 0.01731733337026,
                        "multipoles.0.multipole_4.multipole_comps.multipole_comps_0": -0.06250704526676,
                        "multipoles.0.multipole_4.multipole_comps.multipole_comps_1": 0.03708800736879
                    }
                }
            }
        },
        "errors_at_sigma_1": {
            "type": "list",
            "values": [
                {
                    "type": "tuple",
                    "values": [
                        0.0024722858594443675,
                        0.0017875092998786979
                    ]
                },
                {
                    "type": "tuple",
                    "values": [
                        0.003417162898070522,
                        0.004026017370359999
                    ]
                },
                {
                    "type": "tuple",
                    "values": [
                        0.023316932357587267,
                        0.01683048899340758
                    ]
                },
                {
                    "type": "tuple",
                    "values": [
                        0.011255827805818443,
                        0.017093402776932245
                    ]
                },
                {
                    "type": "tuple",
                    "values": [
                        0.01456533379942,
                        0.015013556727714632
                    ]
                },
                {
                    "type": "tuple",
                    "values": [
                        0.012385690893300409,
                        0.01566450618225341
                    ]
                },
                {
                    "type": "tuple",
                    "values": [
                        0.009930949354328956,
                        0.01472121997189385
                    ]
                },
                {
                    "type": "tuple",
                    "values": [
                        0.015274683377001184,
                        0.015470886126412842
                    ]
                }
            ]
        },
        "values_at_sigma_1": {
            "type": "list",
            "values": [
                {
                    "type": "tuple",
                    "values": [
                        -0.26877507021371916,
                        -0.2645152750543961
                    ]
                },
                {
                    "type": "tuple",
                    "values": [
                        -0.09616571179672052,
                        -0.08872253152829
                    ]
                },
                {
                    "type": "tuple",
                    "values": [
                        -0.003151813006013782,
                        0.036995608344981064
                    ]
                },
                {
                    "type": "tuple",
                    "values": [
                        -0.028560253011281594,
                        -0.00021102242853090724
                    ]
                },
                {
                    "type": "tuple",
                    "values": [
                        -0.00437101880019,
                        0.025207871726944633
                    ]
                },
                {
                    "type": "tuple",
                    "values": [
                        -0.00028935951001,
                        0.027760837565543817
                    ]
                },
                {
                    "type": "tuple",
                    "values": [
                        -0.07145351182701,
                        -0.04680134250078719
                    ]
                },
                {
                    "type": "tuple",
                    "values": [
                        0.017838148063135974,
                        0.04858371756655
                    ]
                }
            ]
        },
        "log_evidence": -87.45109281136789,
        "values_at_sigma_3": {
            "type": "list",
            "values": [
                {
                    "type": "tuple",
                    "values": [
                        -0.29488110140873,
                        -0.22747053716851498
                    ]
                },
                {
                    "type": "tuple",
                    "values": [
                        -0.10169417457813,
                        -0.07418760484843435
                    ]
                },
                {
                    "type": "tuple",
                    "values": [
                        -0.05887613777717,
                        0.08234059571335962
                    ]
                },
                {
                    "type": "tuple",
                    "values": [
                        -0.06981067293851718,
                        0.048313558714084236
                    ]
                },
                {
                    "type": "tuple",
                    "values": [
                        -0.08332004001114662,
                        0.05907992920055388
                    ]
                },
                {
                    "type": "tuple",
                    "values": [
                        -0.058855558022194755,
                        0.07305896316785224
                    ]
                },
                {
                    "type": "tuple",
                    "values": [
                        -0.09695615175535,
                        0.08540955100132
                    ]
                },
                {
                    "type": "tuple",
                    "values": [
                        -0.08406204384284,
                        0.09506764686461
                    ]
                }
            ]
        },
        "errors_at_sigma_3": {
            "type": "list",
            "values": [
                {
                    "type": "tuple",
                    "values": [
                        0.028578317054455182,
                        0.03883224718575981
                    ]
                },
                {
                    "type": "tuple",
                    "values": [
                        0.008945625679479999,
                        0.018560944050215647
                    ]
                },
                {
                    "type": "tuple",
                    "values": [
                        0.07904125712874348,
                        0.062175476361786136
                    ]
                },
                {
                    "type": "tuple",
                    "values": [
                        0.05250624773305403,
                        0.06561798391954739
                    ]
                },
                {
                    "type": "tuple",
                    "values": [
                        0.09351435501037662,
                        0.04888561420132388
                    ]
                },
                {
                    "type": "tuple",
                    "values": [
                        0.07095188940548516,
                        0.06096263178456183
                    ]
                },
                {
                    "type": "tuple",
                    "values": [
                        0.03543358928266895,
                        0.14693211347400104
                    ]
                },
                {
                    "type": "tuple",
                    "values": [
                        0.11717487528297715,
                        0.06195481542447284
                    ]
                }
            ]
        },
        "model": null,
        "median_pdf_sample": {
            "type": "instance",
            "class_path": "autofit.non_linear.samples.sample.Sample",
            "arguments": {
                "log_likelihood": -63.04942122043929,
                "log_prior": 0.0,
                "weight": 0.0010417351982218266,
                "kwargs": {
                    "type": "dict",
                    "arguments": {
                        "ellipses.0.ell_comps.ell_comps_0": -0.2663027843542748,
                        "ellipses.0.ell_comps.ell_comps_1": -0.09274854889865,
                        "multipoles.0.multipole_1.multipole_comps.multipole_comps_0": 0.020165119351573484,
                        "multipoles.0.multipole_1.multipole_comps.multipole_comps_1": -0.01730442520546315,
                        "multipoles.0.multipole_3.multipole_comps.multipole_comps_0": 0.01019431499923,
                        "multipoles.0.multipole_3.multipole_comps.multipole_comps_1": 0.012096331383290408,
                        "multipoles.0.multipole_4.multipole_comps.multipole_comps_0": -0.06152256247268104,
                        "multipoles.0.multipole_4.multipole_comps.multipole_comps_1": 0.03311283144013716
                    }
                }
            }
        }
    }
}