{
    "type": "instance",
    "class_path": "autofit.non_linear.samples.summary.SamplesSummary",
    "arguments": {
        "median_pdf_sample": {
            "type": "instance",
            "class_path": "autofit.non_linear.samples.sample.Sample",
            "arguments": {
                "log_likelihood": -46.652268648588816,
                "log_prior": 0.0,
                "weight": 0.001019942147465421,
                "kwargs": {
                    "type": "dict",
                    "arguments": {
                        "ellipses.0.ell_comps.ell_comps_0": -0.09085868603892,
                        "ellipses.0.ell_comps.ell_comps_1": 0.06518831928587,
                        "multipoles.0.multipole_3.multipole_comps.multipole_comps_0": -0.02223757226818,
                        "multipoles.0.multipole_3.multipole_comps.multipole_comps_1": 0.02508609794197,
                        "multipoles.0.multipole_4.multipole_comps.multipole_comps_0": -0.037552286518552976,
                        "multipoles.0.multipole_4.multipole_comps.multipole_comps_1": -0.01740871157570971
                    }
                }
            }
        },
        "log_evidence": -62.98487383629256,
        "errors_at_sigma_1": {
            "type": "list",
            "values": [
                {
                    "type": "tuple",
                    "values": [
                        0.0044972197669100045,
                        0.0037621965493123133
                    ]
                },
                {
                    "type": "tuple",
                    "values": [
                        0.013246995086478974,
                        0.008123764248704465
                    ]
                },
                {
                    "type": "tuple",
                    "values": [
                        0.04844875469967,
                        0.04017957177832
                    ]
                },
                {
                    "type": "tuple",
                    "values": [
                        0.09936763453747001,
                        0.04583873787612999
                    ]
                },
                {
                    "type": "tuple",
                    "values": [
                        0.04595112462754613,
                        0.08612156973416085
                    ]
                },
                {
                    "type": "tuple",
                    "values": [
                        0.033785541048463645,
                        0.030677404700699712
                    ]
                }
            ]
        },
        "values_at_sigma_3": {
            "type": "list",
            "values": [
                {
                    "type": "tuple",
                    "values": [
                        -0.10817919697648,
                        -0.04219208087335854
                    ]
                },
                {
                    "type": "tuple",
                    "values": [
                        0.03465370261837971,
                        0.09774775531531
                    ]
                },
                {
                    "type": "tuple",
                    "values": [
                        -0.09860187935869989,
                        0.08738529934071
                    ]
                },
                {
                    "type": "tuple",
                    "values": [
                        -0.09986232636625252,
                        0.09981911555018
                    ]
                },
                {
                    "type": "tuple",
                    "values": [
                        -0.09969683446492662,
                        0.09928751471984
                    ]
                },
                {
                    "type": "tuple",
                    "values": [
                        -0.09635383135301064,
                        0.08781800410086
                    ]
                }
            ]
        },
        "values_at_sigma_1": {
            "type": "list",
            "values": [
                {
                    "type": "tuple",
                    "values": [
                        -0.09535590580583,
                        -0.08709648948960769
                    ]
                },
                {
                    "type": "tuple",
                    "values": [
                        0.05194132419939103,
                        0.07331208353457447
                    ]
                },
                {
                    "type": "tuple",
                    "values": [
                        -0.07068632696785,
                        0.01794199951014
                    ]
                },
                {
                    "type": "tuple",
                    "values": [
                        -0.0742815365955,
                        0.0709248358181
                    ]
                },
                {
                    "type": "tuple",
                    "values": [
                        -0.0835034111460991,
                        0.04856928321560788
                    ]
                },
                {
                    "type": "tuple",
                    "values": [
                        -0.051194252624173354,
                        0.01326869312499
                    ]
                }
            ]
        },
        "max_log_likelihood_sample": {
            "type": "instance",
            "class_path": "autofit.non_linear.samples.sample.Sample",
            "arguments": {
                "log_likelihood": -46.652268648588816,
                "log_prior": 0.0,
                "weight": 0.001019942147465421,
                "kwargs": {
                    "type": "dict",
                    "arguments": {
                        "ellipses.0.ell_comps.ell_comps_0": -0.08970372941421,
                        "ellipses.0.ell_comps.ell_comps_1": 0.06528901923734,
                        "multipoles.0.multipole_3.multipole_comps.multipole_comps_0": -0.02888145337762,
                        "multipoles.0.multipole_3.multipole_comps.multipole_comps_1": -0.07249239156891,
                        "multipoles.0.multipole_4.multipole_comps.multipole_comps_0": 0.04439814465163,
                        "multipoles.0.multipole_4.multipole_comps.multipole_comps_1": -0.04808538596638
                    }
                }
            }
        },
        "model": null,
        "errors_at_sigma_3": {
            "type": "list",
            "values": [
                {
                    "type": "tuple",
                    "values": [
                        0.01732051093756,
                        0.04866660516556146
                    ]
                },
                {
                    "type": "tuple",
                    "values": [
                        0.030534616667490293,
                        0.03255943602944
                    ]
                },
                {
                    "type": "tuple",
                    "values": [
                        0.07636430709051989,
                        0.10962287160889
                    ]
                },
                {
                    "type": "tuple",
                    "values": [
                        0.12494842430822252,
                        0.07473301760821
                    ]
                },
                {
                    "type": "tuple",
                    "values": [
                        0.06214454794637365,
                        0.13683980123839298
                    ]
                },
                {
                    "type": "tuple",
                    "values": [
                        0.07894511977730093,
                        0.10522671567656972
                    ]
                }
            ]
        }
    }
}