{
    "type": "instance",
    "class_path": "autofit.non_linear.samples.summary.SamplesSummary",
    "arguments": {
        "median_pdf_sample": {
            "type": "instance",
            "class_path": "autofit.non_linear.samples.sample.Sample",
            "arguments": {
                "log_likelihood": -29.756516077466046,
                "log_prior": 0.0,
                "weight": 0.0009744484312910391,
                "kwargs": {
                    "type": "dict",
                    "arguments": {
                        "ellipses.0.ell_comps.ell_comps_0": 0.04622069286486,
                        "ellipses.0.ell_comps.ell_comps_1": -0.0700962769218523,
                        "multipoles.0.multipole_3.multipole_comps.multipole_comps_0": 0.0029274644947847777,
                        "multipoles.0.multipole_3.multipole_comps.multipole_comps_1": -0.00863754582527,
                        "multipoles.0.multipole_4.multipole_comps.multipole_comps_0": 0.00469470855792,
                        "multipoles.0.multipole_4.multipole_comps.multipole_comps_1": -0.0034463699008637568
                    }
                }
            }
        },
        "errors_at_sigma_3": {
            "type": "list",
            "values": [
                {
                    "type": "tuple",
                    "values": [
                        0.01088060060323423,
                        0.011228759692823685
                    ]
                },
                {
                    "type": "tuple",
                    "values": [
                        0.013172569509586216,
                        0.01197527956191232
                    ]
                },
                {
                    "type": "tuple",
                    "values": [
                        0.02183031620567617,
                        0.021973761303717074
                    ]
                },
                {
                    "type": "tuple",
                    "values": [
                        0.015951251621884606,
                        0.01816581805375443
                    ]
                },
                {
                    "type": "tuple",
                    "values": [
                        0.027185951824430767,
                        0.02867700450949718
                    ]
                },
                {
                    "type": "tuple",
                    "values": [
                        0.025827589028147788,
                        0.021793811508577694
                    ]
                }
            ]
        },
        "values_at_sigma_3": {
            "type": "list",
            "values": [
                {
                    "type": "tuple",
                    "values": [
                        0.035340092261625766,
                        0.05744945255768368
                    ]
                },
                {
                    "type": "tuple",
                    "values": [
                        -0.08326884643143852,
                        -0.05812099735993998
                    ]
                },
                {
                    "type": "tuple",
                    "values": [
                        -0.018902851710891393,
                        0.02490122579850185
                    ]
                },
                {
                    "type": "tuple",
                    "values": [
                        -0.024588797447154604,
                        0.00952827222848443
                    ]
                },
                {
                    "type": "tuple",
                    "values": [
                        -0.022491243266510766,
                        0.03337171306741718
                    ]
                },
                {
                    "type": "tuple",
                    "values": [
                        -0.029273958929011544,
                        0.018347441607713937
                    ]
                }
            ]
        },
        "values_at_sigma_1": {
            "type": "list",
            "values": [
                {
                    "type": "tuple",
                    "values": [
                        0.04209726543687,
                        0.050519252718318516
                    ]
                },
                {
                    "type": "tuple",
                    "values": [
                        -0.07434356270825,
                        -0.06538776883708274
                    ]
                },
                {
                    "type": "tuple",
                    "values": [
                        -0.00334481796405,
                        0.010279647374786307
                    ]
                },
                {
                    "type": "tuple",
                    "values": [
                        -0.0149557760605,
                        -0.002227897548312061
                    ]
                },
                {
                    "type": "tuple",
                    "values": [
                        -0.005340237506757721,
                        0.01408361459635
                    ]
                },
                {
                    "type": "tuple",
                    "values": [
                        -0.01054089067467,
                        0.00359715519967
                    ]
                }
            ]
        },
        "model": null,
        "errors_at_sigma_1": {
            "type": "list",
            "values": [
                {
                    "type": "tuple",
                    "values": [
                        0.0041234274279899966,
                        0.0042985598534585195
                    ]
                },
                {
                    "type": "tuple",
                    "values": [
                        0.0042472857863977,
                        0.0047085080847695665
                    ]
                },
                {
                    "type": "tuple",
                    "values": [
                        0.006272282458834778,
                        0.00735218288000153
                    ]
                },
                {
                    "type": "tuple",
                    "values": [
                        0.00631823023523,
                        0.006409648276957939
                    ]
                },
                {
                    "type": "tuple",
                    "values": [
                        0.010034946064677721,
                        0.009388906038430001
                    ]
                },
                {
                    "type": "tuple",
                    "values": [
                        0.007094520773806243,
                        0.007043525100533757
                    ]
                }
            ]
        },
        "log_evidence": -49.05193145114979,
        "max_log_likelihood_sample": {
            "type": "instance",
            "class_path": "autofit.non_linear.samples.sample.Sample",
            "arguments": {
                "log_likelihood": -29.756516077466046,
                "log_prior": 0.0,
                "weight": 0.0009744484312910391,
                "kwargs": {
                    "type": "dict",
                    "arguments": {
                        "ellipses.0.ell_comps.ell_comps_0": 0.04887311803413,
                        "ellipses.0.ell_comps.ell_comps_1": -0.07094991764769,
                        "multipoles.0.multipole_3.multipole_comps.multipole_comps_0": 0.0036874415831,
                        "multipoles.0.multipole_3.multipole_comps.multipole_comps_1": -0.00985335057699,
                        "multipoles.0.multipole_4.multipole_comps.multipole_comps_0": 0.0041592887144,
                        "multipoles.0.multipole_4.multipole_comps.multipole_comps_1": 8.902858922e-05
                    }
                }
            }
        }
    }
}