{
    "type": "instance",
    "class_path": "autofit.non_linear.samples.summary.SamplesSummary",
    "arguments": {
        "errors_at_sigma_1": {
            "type": "list",
            "values": [
                {
                    "type": "tuple",
                    "values": [
                        0.001619538327249398,
                        0.0065115047870961396
                    ]
                },
                {
                    "type": "tuple",
                    "values": [
                        0.005182513139120007,
                        0.002766232321687309
                    ]
                },
                {
                    "type": "tuple",
                    "values": [
                        0.016006025813430254,
                        0.012821612215239999
                    ]
                },
                {
                    "type": "tuple",
                    "values": [
                        0.02029460312119493,
                        0.02756811461645
                    ]
                },
                {
                    "type": "tuple",
                    "values": [
                        0.01902599830157091,
                        0.019791867647072425
                    ]
                },
                {
                    "type": "tuple",
                    "values": [
                        0.02349018454056872,
                        0.0186015503860205
                    ]
                }
            ]
        },
        "log_evidence": -105.67616897891526,
        "median_pdf_sample": {
            "type": "instance",
            "class_path": "autofit.non_linear.samples.sample.Sample",
            "arguments": {
                "log_likelihood": -86.02328438159505,
                "log_prior": 0.0,
                "weight": 0.0010485076911918394,
                "kwargs": {
                    "type": "dict",
                    "arguments": {
                        "ellipses.0.ell_comps.ell_comps_0": -0.10064886119542688,
                        "ellipses.0.ell_comps.ell_comps_1": -0.09049841510442,
                        "multipoles.0.multipole_3.multipole_comps.multipole_comps_0": -0.03617943767767,
                        "multipoles.0.multipole_3.multipole_comps.multipole_comps_1": -0.04554800695794,
                        "multipoles.0.multipole_4.multipole_comps.multipole_comps_0": 0.02828556229994,
                        "multipoles.0.multipole_4.multipole_comps.multipole_comps_1": 0.06211292827299368
                    }
                }
            }
        },
        "max_log_likelihood_sample": {
            "type": "instance",
            "class_path": "autofit.non_linear.samples.sample.Sample",
            "arguments": {
                "log_likelihood": -86.02328438159505,
                "log_prior": 0.0,
                "weight": 0.0010485076911918394,
                "kwargs": {
                    "type": "dict",
                    "arguments": {
                        "ellipses.0.ell_comps.ell_comps_0": -0.10007604221633,
                        "ellipses.0.ell_comps.ell_comps_1": -0.09501140069035,
                        "multipoles.0.multipole_3.multipole_comps.multipole_comps_0": -0.01924477727611,
                        "multipoles.0.multipole_3.multipole_comps.multipole_comps_1": -0.01530003806519,
                        "multipoles.0.multipole_4.multipole_comps.multipole_comps_0": 0.00151230140333,
                        "multipoles.0.multipole_4.multipole_comps.multipole_comps_1": 0.02723352502118
                    }
                }
            }
        },
        "model": null,
        "errors_at_sigma_3": {
            "type": "list",
            "values": [
                {
                    "type": "tuple",
                    "values": [
                        0.00841181083093312,
                        0.01755304425131464
                    ]
                },
                {
                    "type": "tuple",
                    "values": [
                        0.009763985334679995,
                        0.014030923138691948
                    ]
                },
                {
                    "type": "tuple",
                    "values": [
                        0.03632058545655001,
                        0.043584546230829996
                    ]
                },
                {
                    "type": "tuple",
                    "values": [
                        0.03460105399958275,
                        0.10122972855943504
                    ]
                },
                {
                    "type": "tuple",
                    "values": [
                        0.05825484701475651,
                        0.040147315892764074
                    ]
                },
                {
                    "type": "tuple",
                    "values": [
                        0.06019130874113368,
                        0.03716719832994632
                    ]
                }
            ]
        },
        "values_at_sigma_1": {
            "type": "list",
            "values": [
                {
                    "type": "tuple",
                    "values": [
                        -0.10226839952267627,
                        -0.09413735640833074
                    ]
                },
                {
                    "type": "tuple",
                    "values": [
                        -0.09568092824354,
                        -0.08773218278273269
                    ]
                },
                {
                    "type": "tuple",
                    "values": [
                        -0.05218546349110025,
                        -0.02335782546243
                    ]
                },
                {
                    "type": "tuple",
                    "values": [
                        -0.06584261007913493,
                        -0.01797989234149
                    ]
                },
                {
                    "type": "tuple",
                    "values": [
                        0.009259563998369092,
                        0.048077429947012425
                    ]
                },
                {
                    "type": "tuple",
                    "values": [
                        0.03862274373242496,
                        0.08071447865901418
                    ]
                }
            ]
        },
        "values_at_sigma_3": {
            "type": "list",
            "values": [
                {
                    "type": "tuple",
                    "values": [
                        -0.10906067202636,
                        -0.08309581694411224
                    ]
                },
                {
                    "type": "tuple",
                    "values": [
                        -0.1002624004391,
                        -0.07646749196572805
                    ]
                },
                {
                    "type": "tuple",
                    "values": [
                        -0.07250002313422,
                        0.00740510855316
                    ]
                },
                {
                    "type": "tuple",
                    "values": [
                        -0.08014906095752275,
                        0.05568172160149505
                    ]
                },
                {
                    "type": "tuple",
                    "values": [
                        -0.029969284714816507,
                        0.06843287819270408
                    ]
                },
                {
                    "type": "tuple",
                    "values": [
                        0.00192161953186,
                        0.09928012660294
                    ]
                }
            ]
        }
    }
}