{
    "type": "instance",
    "class_path": "autofit.non_linear.samples.summary.SamplesSummary",
    "arguments": {
        "values_at_sigma_3": {
            "type": "list",
            "values": [
                {
                    "type": "tuple",
                    "values": [
                        -0.47425416729812214,
                        -0.44028785448964
                    ]
                },
                {
                    "type": "tuple",
                    "values": [
                        0.004743014516640729,
                        0.04298389146142
                    ]
                }
            ]
        },
        "log_evidence": -115.55131870554452,
        "errors_at_sigma_3": {
            "type": "list",
            "values": [
                {
                    "type": "tuple",
                    "values": [
                        0.027618119665812124,
                        0.006348193142670044
                    ]
                },
                {
                    "type": "tuple",
                    "values": [
                        0.01054660011176927,
                        0.027694276833010005
                    ]
                }
            ]
        },
        "values_at_sigma_1": {
            "type": "list",
            "values": [
                {
                    "type": "tuple",
                    "values": [
                        -0.4494289815174623,
                        -0.44460731835049
                    ]
                },
                {
                    "type": "tuple",
                    "values": [
                        0.011797184461980293,
                        0.018275396701692242
                    ]
                }
            ]
        },
        "errors_at_sigma_1": {
            "type": "list",
            "values": [
                {
                    "type": "tuple",
                    "values": [
                        0.0027929338851522822,
                        0.0020287292818200187
                    ]
                },
                {
                    "type": "tuple",
                    "values": [
                        0.0034924301664297063,
                        0.0029857820732822424
                    ]
                }
            ]
        },
        "median_pdf_sample": {
            "type": "instance",
            "class_path": "autofit.non_linear.samples.sample.Sample",
            "arguments": {
                "log_likelihood": -104.3109633822579,
                "log_prior": 0.0,
                "weight": 0.0010114130981037043,
                "kwargs": {
                    "type": "dict",
                    "arguments": {
                        "ellipses.0.ell_comps.ell_comps_0": -0.44663604763231,
                        "ellipses.0.ell_comps.ell_comps_1": 0.01528961462841
                    }
                }
            }
        },
        "model": null,
        "max_log_likelihood_sample": {
            "type": "instance",
            "class_path": "autofit.non_linear.samples.sample.Sample",
            "arguments": {
                "log_likelihood": -104.3109633822579,
                "log_prior": 0.0,
                "weight": 0.0010114130981037043,
                "kwargs": {
                    "type": "dict",
                    "arguments": {
                        "ellipses.0.ell_comps.ell_comps_0": -0.44684553169358,
                        "ellipses.0.ell_comps.ell_comps_1": 0.01336167986083
                    }
                }
            }
        }
    }
}