{
    "type": "instance",
    "class_path": "autofit.non_linear.samples.summary.SamplesSummary",
    "arguments": {
        "model": null,
        "errors_at_sigma_1": {
            "type": "list",
            "values": [
                {
                    "type": "tuple",
                    "values": [
                        0.007210250829118518,
                        0.004057336978348414
                    ]
                },
                {
                    "type": "tuple",
                    "values": [
                        0.0029546701006296083,
                        0.002537782154705362
                    ]
                }
            ]
        },
        "log_evidence": -47.0305752418684,
        "errors_at_sigma_3": {
            "type": "list",
            "values": [
                {
                    "type": "tuple",
                    "values": [
                        0.023149078865949912,
                        0.010435964835430512
                    ]
                },
                {
                    "type": "tuple",
                    "values": [
                        0.020421618303532098,
                        0.010986543148865352
                    ]
                }
            ]
        },
        "median_pdf_sample": {
            "type": "instance",
            "class_path": "autofit.non_linear.samples.sample.Sample",
            "arguments": {
                "log_likelihood": -36.70912739510078,
                "log_prior": 0.0,
                "weight": 0.0009902441899688448,
                "kwargs": {
                    "type": "dict",
                    "arguments": {
                        "ellipses.0.ell_comps.ell_comps_0": -0.030383537231590513,
                        "ellipses.0.ell_comps.ell_comps_1": 0.06681624537973464
                    }
                }
            }
        },
        "max_log_likelihood_sample": {
            "type": "instance",
            "class_path": "autofit.non_linear.samples.sample.Sample",
            "arguments": {
                "log_likelihood": -36.70912739510078,
                "log_prior": 0.0,
                "weight": 0.0009902441899688448,
                "kwargs": {
                    "type": "dict",
                    "arguments": {
                        "ellipses.0.ell_comps.ell_comps_0": -0.0278290707648,
                        "ellipses.0.ell_comps.ell_comps_1": 0.06771570878854
                    }
                }
            }
        },
        "values_at_sigma_1": {
            "type": "list",
            "values": [
                {
                    "type": "tuple",
                    "values": [
                        -0.03759378806070903,
                        -0.0263262002532421
                    ]
                },
                {
                    "type": "tuple",
                    "values": [
                        0.06386157527910503,
                        0.06935402753444
                    ]
                }
            ]
        },
        "values_at_sigma_3": {
            "type": "list",
            "values": [
                {
                    "type": "tuple",
                    "values": [
                        -0.053532616097540425,
                        -0.01994757239616
                    ]
                },
                {
                    "type": "tuple",
                    "values": [
                        0.046394627076202545,
                        0.0778027885286
                    ]
                }
            ]
        }
    }
}