{
    "type": "instance",
    "class_path": "autofit.non_linear.samples.summary.SamplesSummary",
    "arguments": {
        "values_at_sigma_3": {
            "type": "list",
            "values": [
                {
                    "type": "tuple",
                    "values": [
                        -0.12082466241199,
                        -0.09078963243562878
                    ]
                },
                {
                    "type": "tuple",
                    "values": [
                        0.01810566354159,
                        0.05608205083129832
                    ]
                },
                {
                    "type": "tuple",
                    "values": [
                        -0.026552286953717627,
                        0.03594118567021
                    ]
                },
                {
                    "type": "tuple",
                    "values": [
                        -0.03907061079742,
                        0.02776606103711207
                    ]
                },
                {
                    "type": "tuple",
                    "values": [
                        -0.018726139320807723,
                        0.05994173994865
                    ]
                },
                {
                    "type": "tuple",
                    "values": [
                        -0.038341936281532825,
                        0.04447625639486208
                    ]
                }
            ]
        },
        "errors_at_sigma_1": {
            "type": "list",
            "values": [
                {
                    "type": "tuple",
                    "values": [
                        0.009594531467302617,
                        0.0042910935202839645
                    ]
                },
                {
                    "type": "tuple",
                    "values": [
                        0.007186404662630003,
                        0.0069469272710237714
                    ]
                },
                {
                    "type": "tuple",
                    "values": [
                        0.010648931859488108,
                        0.010440132876366002
                    ]
                },
                {
                    "type": "tuple",
                    "values": [
                        0.015073041054544177,
                        0.013693242470130765
                    ]
                },
                {
                    "type": "tuple",
                    "values": [
                        0.011978615583983086,
                        0.017548142376091373
                    ]
                },
                {
                    "type": "tuple",
                    "values": [
                        0.01249752732542,
                        0.013651102112975506
                    ]
                }
            ]
        },
        "log_evidence": -49.192732596593956,
        "max_log_likelihood_sample": {
            "type": "instance",
            "class_path": "autofit.non_linear.samples.sample.Sample",
            "arguments": {
                "log_likelihood": -31.787404085703834,
                "log_prior": 0.0,
                "weight": 0.001020925690516465,
                "kwargs": {
                    "type": "dict",
                    "arguments": {
                        "ellipses.0.ell_comps.ell_comps_0": -0.11565206890793,
                        "ellipses.0.ell_comps.ell_comps_1": 0.0479890546585,
                        "multipoles.0.multipole_3.multipole_comps.multipole_comps_0": 0.01098152716361,
                        "multipoles.0.multipole_3.multipole_comps.multipole_comps_1": -0.00291536993478,
                        "multipoles.0.multipole_4.multipole_comps.multipole_comps_0": -0.00154054632357,
                        "multipoles.0.multipole_4.multipole_comps.multipole_comps_1": -0.00021757668938
                    }
                }
            }
        },
        "errors_at_sigma_3": {
            "type": "list",
            "values": [
                {
                    "type": "tuple",
                    "values": [
                        0.019018334920421792,
                        0.011016695055939427
                    ]
                },
                {
                    "type": "tuple",
                    "values": [
                        0.019523038095930003,
                        0.01845334919377832
                    ]
                },
                {
                    "type": "tuple",
                    "values": [
                        0.032097494792912865,
                        0.03039597783101476
                    ]
                },
                {
                    "type": "tuple",
                    "values": [
                        0.03338770389148417,
                        0.03344896794304789
                    ]
                },
                {
                    "type": "tuple",
                    "values": [
                        0.029169805389584278,
                        0.04949807387987344
                    ]
                },
                {
                    "type": "tuple",
                    "values": [
                        0.03892429079218283,
                        0.04389390188421208
                    ]
                }
            ]
        },
        "values_at_sigma_1": {
            "type": "list",
            "values": [
                {
                    "type": "tuple",
                    "values": [
                        -0.11140085895887082,
                        -0.09751523397128424
                    ]
                },
                {
                    "type": "tuple",
                    "values": [
                        0.03044229697489,
                        0.044575628908543774
                    ]
                },
                {
                    "type": "tuple",
                    "values": [
                        -0.00510372402029287,
                        0.01598534071556124
                    ]
                },
                {
                    "type": "tuple",
                    "values": [
                        -0.02075594796048,
                        0.008010335564194941
                    ]
                },
                {
                    "type": "tuple",
                    "values": [
                        -0.0015349495152065312,
                        0.027991808444867927
                    ]
                },
                {
                    "type": "tuple",
                    "values": [
                        -0.01191517281477,
                        0.014233456623625506
                    ]
                }
            ]
        },
        "model": null,
        "median_pdf_sample": {
            "type": "instance",
            "class_path": "autofit.non_linear.samples.sample.Sample",
            "arguments": {
                "log_likelihood": -31.787404085703834,
                "log_prior": 0.0,
                "weight": 0.001020925690516465,
                "kwargs": {
                    "type": "dict",
                    "arguments": {
                        "ellipses.0.ell_comps.ell_comps_0": -0.1018063274915682,
                        "ellipses.0.ell_comps.ell_comps_1": 0.03762870163752,
                        "multipoles.0.multipole_3.multipole_comps.multipole_comps_0": 0.0055452078391952375,
                        "multipoles.0.multipole_3.multipole_comps.multipole_comps_1": -0.005682906905935825,
                        "multipoles.0.multipole_4.multipole_comps.multipole_comps_0": 0.010443666068776555,
                        "multipoles.0.multipole_4.multipole_comps.multipole_comps_1": 0.00058235451065
                    }
                }
            }
        }
    }
}