{
    "type": "instance",
    "class_path": "autofit.non_linear.samples.summary.SamplesSummary",
    "arguments": {
        "median_pdf_sample": {
            "type": "instance",
            "class_path": "autofit.non_linear.samples.sample.Sample",
            "arguments": {
                "log_likelihood": -3.9778876658183364,
                "log_prior": 0.0,
                "weight": 0.0009810585109660355,
                "kwargs": {
                    "type": "dict",
                    "arguments": {
                        "ellipses.0.ell_comps.ell_comps_0": -0.03451684250682388,
                        "ellipses.0.ell_comps.ell_comps_1": 0.02459652220293
                    }
                }
            }
        },
        "model": null,
        "errors_at_sigma_3": {
            "type": "list",
            "values": [
                {
                    "type": "tuple",
                    "values": [
                        0.009054922304958343,
                        0.008344933191706094
                    ]
                },
                {
                    "type": "tuple",
                    "values": [
                        0.008431047312067598,
                        0.009435368905463853
                    ]
                }
            ]
        },
        "values_at_sigma_1": {
            "type": "list",
            "values": [
                {
                    "type": "tuple",
                    "values": [
                        -0.03783184617913466,
                        -0.0313137274608
                    ]
                },
                {
                    "type": "tuple",
                    "values": [
                        0.022225855906430985,
                        0.028355566087087346
                    ]
                }
            ]
        },
        "log_evidence": -13.961398028541812,
        "max_log_likelihood_sample": {
            "type": "instance",
            "class_path": "autofit.non_linear.samples.sample.Sample",
            "arguments": {
                "log_likelihood": -3.9778876658183364,
                "log_prior": 0.0,
                "weight": 0.0009810585109660355,
                "kwargs": {
                    "type": "dict",
                    "arguments": {
                        "ellipses.0.ell_comps.ell_comps_0": -0.03416712132045,
                        "ellipses.0.ell_comps.ell_comps_1": 0.02484532682087
                    }
                }
            }
        },
        "errors_at_sigma_1": {
            "type": "list",
            "values": [
                {
                    "type": "tuple",
                    "values": [
                        0.0033150036723107804,
                        0.0032031150460238786
                    ]
                },
                {
                    "type": "tuple",
                    "values": [
                        0.0023706662964990133,
                        0.003759043884157348
                    ]
                }
            ]
        },
        "values_at_sigma_3": {
            "type": "list",
            "values": [
                {
                    "type": "tuple",
                    "values": [
                        -0.043571764811782224,
                        -0.026171909315117786
                    ]
                },
                {
                    "type": "tuple",
                    "values": [
                        0.0161654748908624,
                        0.03403189110839385
                    ]
                }
            ]
        }
    }
}