{
    "type": "instance",
    "class_path": "autofit.non_linear.samples.summary.SamplesSummary",
    "arguments": {
        "model": null,
        "values_at_sigma_1": {
            "type": "list",
            "values": [
                {
                    "type": "tuple",
                    "values": [
                        -0.0015993385725181456,
                        0.00019032138038267918
                    ]
                },
                {
                    "type": "tuple",
                    "values": [
                        -0.00944462008323,
                        -0.008166348519688749
                    ]
                },
                {
                    "type": "tuple",
                    "values": [
                        -0.00555488820733,
                        0.00028369056084268795
                    ]
                },
                {
                    "type": "tuple",
                    "values": [
                        -0.02937171392354636,
                        -0.018710646584967915
                    ]
                },
                {
                    "type": "tuple",
                    "values": [
                        -0.007613105661563505,
                        -0.005082740828847819
                    ]
                },
                {
                    "type": "tuple",
                    "values": [
                        0.00151399530423,
                        0.00482321242909
                    ]
                },
                {
                    "type": "tuple",
                    "values": [
                        0.003270659373803938,
                        0.0050033382048525294
                    ]
                },
                {
                    "type": "tuple",
                    "values": [
                        -0.0022939888238354958,
                        0.00054516044274
                    ]
                },
                {
                    "type": "tuple",
                    "values": [
                        2.106958002457566e-05,
                        0.0026300794091236733
                    ]
                },
                {
                    "type": "tuple",
                    "values": [
                        0.0008861566404314033,
                        0.00333311372131
                    ]
                },
                {
                    "type": "tuple",
                    "values": [
                        -0.07084836925385,
                        -0.06255497094057412
                    ]
                },
                {
                    "type": "tuple",
                    "values": [
                        -0.04766028612796228,
                        -0.035514425728140224
                    ]
                },
                {
                    "type": "tuple",
                    "values": [
                        -0.010916322864201118,
                        -0.0016093107021118026
                    ]
                },
                {
                    "type": "tuple",
                    "values": [
                        -0.010740966383641857,
                        -0.00290891348285
                    ]
                },
                {
                    "type": "tuple",
                    "values": [
                        0.012966312240117869,
                        0.01955140876684867
                    ]
                },
                {
                    "type": "tuple",
                    "values": [
                        -0.008170597475,
                        0.005777574934206306
                    ]
                },
                {
                    "type": "tuple",
                    "values": [
                        0.001592374201991023,
                        0.00986020458712
                    ]
                },
                {
                    "type": "tuple",
                    "values": [
                        0.00812876060818,
                        0.014497846210941426
                    ]
                },
                {
                    "type": "tuple",
                    "values": [
                        0.01720316013764986,
                        0.027032071708244395
                    ]
                },
                {
                    "type": "tuple",
                    "values": [
                        -0.05407095591583409,
                        -0.04079133976749
                    ]
                },
                {
                    "type": "tuple",
                    "values": [
                        -0.0330340827473114,
                        -0.01916377381633
                    ]
                },
                {
                    "type": "tuple",
                    "values": [
                        -0.017934628993442663,
                        -0.005673880088671511
                    ]
                },
                {
                    "type": "tuple",
                    "values": [
                        -0.016997034329844535,
                        -0.01092377943371
                    ]
                },
                {
                    "type": "tuple",
                    "values": [
                        0.01724794994864,
                        0.025355642583524667
                    ]
                },
                {
                    "type": "tuple",
                    "values": [
                        0.03269296362755,
                        0.04922837612404
                    ]
                },
                {
                    "type": "tuple",
                    "values": [
                        0.018191574100252544,
                        0.03367103687913
                    ]
                },
                {
                    "type": "tuple",
                    "values": [
                        -0.08011630058168,
                        -0.0701026457933
                    ]
                },
                {
                    "type": "tuple",
                    "values": [
                        0.00393548108215,
                        0.015483842179508473
                    ]
                },
                {
                    "type": "tuple",
                    "values": [
                        -0.048404432048728706,
                        -0.01904219846113
                    ]
                },
                {
                    "type": "tuple",
                    "values": [
                        -0.08515174862470962,
                        -0.06452862134356
                    ]
                },
                {
                    "type": "tuple",
                    "values": [
                        -0.007589657871576745,
                        -0.0005792130149497746
                    ]
                },
                {
                    "type": "tuple",
                    "values": [
                        0.0012270943703009162,
                        0.01911289460946
                    ]
                },
                {
                    "type": "tuple",
                    "values": [
                        -0.01511860652924478,
                        -0.005326875444405846
                    ]
                },
                {
                    "type": "tuple",
                    "values": [
                        0.003953763407473611,
                        0.0156747033580867
                    ]
                },
                {
                    "type": "tuple",
                    "values": [
                        -0.15295690232653458,
                        -0.14175366073498943
                    ]
                },
                {
                    "type": "tuple",
                    "values": [
                        0.07339704127675134,
                        0.09836272855249
                    ]
                },
                {
                    "type": "tuple",
                    "values": [
                        -0.03403594963898342,
                        -0.01768334260897208
                    ]
                },
                {
                    "type": "tuple",
                    "values": [
                        -0.07034078905129,
                        -0.05609170190540107
                    ]
                },
                {
                    "type": "tuple",
                    "values": [
                        -0.04182162133381,
                        -0.02761804858821
                    ]
                },
                {
                    "type": "tuple",
                    "values": [
                        -0.0054276470414867314,
                        0.02739444345534
                    ]
                },
                {
                    "type": "tuple",
                    "values": [
                        0.01839656806712,
                        0.04053356087437201
                    ]
                },
                {
                    "type": "tuple",
                    "values": [
                        0.029661998843367215,
                        0.045685006276919606
                    ]
                }
            ]
        },
        "log_evidence": -239.26226536557536,
        "errors_at_sigma_1": {
            "type": "list",
            "values": [
                {
                    "type": "tuple",
                    "values": [
                        0.0008344968303371009,
                        0.0009551631225637238
                    ]
                },
                {
                    "type": "tuple",
                    "values": [
                        0.0006768492437124567,
                        0.0006014223198287944
                    ]
                },
                {
                    "type": "tuple",
                    "values": [
                        0.0031584241046158927,
                        0.0026801546635567956
                    ]
                },
                {
                    "type": "tuple",
                    "values": [
                        0.0046825800670579,
                        0.005978487271520547
                    ]
                },
                {
                    "type": "tuple",
                    "values": [
                        0.0011957148451902508,
                        0.001334649987525435
                    ]
                },
                {
                    "type": "tuple",
                    "values": [
                        0.0019390714466499999,
                        0.00137014567821
                    ]
                },
                {
                    "type": "tuple",
                    "values": [
                        0.000893574410753023,
                        0.0008391044202955686
                    ]
                },
                {
                    "type": "tuple",
                    "values": [
                        0.0012638267531354958,
                        0.0015753225134399998
                    ]
                },
                {
                    "type": "tuple",
                    "values": [
                        0.0012331220884967498,
                        0.0013758877406023478
                    ]
                },
                {
                    "type": "tuple",
                    "values": [
                        0.001318108112638597,
                        0.00112884896824
                    ]
                },
                {
                    "type": "tuple",
                    "values": [
                        0.0037432073154234358,
                        0.004550190997852449
                    ]
                },
                {
                    "type": "tuple",
                    "values": [
                        0.0063956276102022855,
                        0.005750232789619773
                    ]
                },
                {
                    "type": "tuple",
                    "values": [
                        0.005245028444174135,
                        0.00406198371791518
                    ]
                },
                {
                    "type": "tuple",
                    "values": [
                        0.0042827470171693666,
                        0.0035493058836224907
                    ]
                },
                {
                    "type": "tuple",
                    "values": [
                        0.0034933473404321295,
                        0.003091749186298672
                    ]
                },
                {
                    "type": "tuple",
                    "values": [
                        0.009207180026,
                        0.0047409923832063055
                    ]
                },
                {
                    "type": "tuple",
                    "values": [
                        0.004130241928416645,
                        0.004137588456712331
                    ]
                },
                {
                    "type": "tuple",
                    "values": [
                        0.00293995656418,
                        0.0034291290385814258
                    ]
                },
                {
                    "type": "tuple",
                    "values": [
                        0.0044250438867737656,
                        0.0054038676838207705
                    ]
                },
                {
                    "type": "tuple",
                    "values": [
                        0.005708713249694096,
                        0.007570902898649999
                    ]
                },
                {
                    "type": "tuple",
                    "values": [
                        0.006779810841391398,
                        0.007090498089590003
                    ]
                },
                {
                    "type": "tuple",
                    "values": [
                        0.005812285170343977,
                        0.006448463734427174
                    ]
                },
                {
                    "type": "tuple",
                    "values": [
                        0.003197149578494535,
                        0.0028761053176399997
                    ]
                },
                {
                    "type": "tuple",
                    "values": [
                        0.004070885168774439,
                        0.00403680746611023
                    ]
                },
                {
                    "type": "tuple",
                    "values": [
                        0.011127412010764184,
                        0.005408000485725817
                    ]
                },
                {
                    "type": "tuple",
                    "values": [
                        0.009767884029849589,
                        0.005711578749027866
                    ]
                },
                {
                    "type": "tuple",
                    "values": [
                        0.006209822789513639,
                        0.0038038319988663583
                    ]
                },
                {
                    "type": "tuple",
                    "values": [
                        0.006856275782480955,
                        0.0046920853148775185
                    ]
                },
                {
                    "type": "tuple",
                    "values": [
                        0.014579616840337338,
                        0.01478261674726137
                    ]
                },
                {
                    "type": "tuple",
                    "values": [
                        0.011509900045683141,
                        0.009113227235466481
                    ]
                },
                {
                    "type": "tuple",
                    "values": [
                        0.003205886242476745,
                        0.003804558614150226
                    ]
                },
                {
                    "type": "tuple",
                    "values": [
                        0.011272564385955721,
                        0.006613235853203364
                    ]
                },
                {
                    "type": "tuple",
                    "values": [
                        0.0046691933992309385,
                        0.005122537685607995
                    ]
                },
                {
                    "type": "tuple",
                    "values": [
                        0.005844706204303506,
                        0.005876233746309583
                    ]
                },
                {
                    "type": "tuple",
                    "values": [
                        0.008606399706234585,
                        0.0025968418853105635
                    ]
                },
                {
                    "type": "tuple",
                    "values": [
                        0.009550563806798654,
                        0.01541512346894
                    ]
                },
                {
                    "type": "tuple",
                    "values": [
                        0.008324520355136884,
                        0.008028086674874455
                    ]
                },
                {
                    "type": "tuple",
                    "values": [
                        0.0062686223633595245,
                        0.007980464782529409
                    ]
                },
                {
                    "type": "tuple",
                    "values": [
                        0.004899497984479119,
                        0.009304074761120877
                    ]
                },
                {
                    "type": "tuple",
                    "values": [
                        0.012256205830626732,
                        0.020565884666199997
                    ]
                },
                {
                    "type": "tuple",
                    "values": [
                        0.014883319205573592,
                        0.007253673601678418
                    ]
                },
                {
                    "type": "tuple",
                    "values": [
                        0.0073972344996527835,
                        0.008625772933899607
                    ]
                }
            ]
        },
        "values_at_sigma_3": {
            "type": "list",
            "values": [
                {
                    "type": "tuple",
                    "values": [
                        -0.003912901750197597,
                        0.0022987957205285615
                    ]
                },
                {
                    "type": "tuple",
                    "values": [
                        -0.010789979930597045,
                        -0.006989122894055266
                    ]
                },
                {
                    "type": "tuple",
                    "values": [
                        -0.010366517123784329,
                        0.004990325268943486
                    ]
                },
                {
                    "type": "tuple",
                    "values": [
                        -0.03476323922578724,
                        -0.01116255529022
                    ]
                },
                {
                    "type": "tuple",
                    "values": [
                        -0.01030993465627,
                        -0.0033908672485884824
                    ]
                },
                {
                    "type": "tuple",
                    "values": [
                        -0.001230698816,
                        0.0069556773226311696
                    ]
                },
                {
                    "type": "tuple",
                    "values": [
                        0.001490448725376772,
                        0.00747327375982
                    ]
                },
                {
                    "type": "tuple",
                    "values": [
                        -0.005593947620502083,
                        0.0038471825553547372
                    ]
                },
                {
                    "type": "tuple",
                    "values": [
                        -0.00238881095886,
                        0.00531441555965
                    ]
                },
                {
                    "type": "tuple",
                    "values": [
                        -0.0023838855915043256,
                        0.00516396413492
                    ]
                },
                {
                    "type": "tuple",
                    "values": [
                        -0.08108128163142,
                        -0.05673866053117956
                    ]
                },
                {
                    "type": "tuple",
                    "values": [
                        -0.05431606074458,
                        -0.027816044756762557
                    ]
                },
                {
                    "type": "tuple",
                    "values": [
                        -0.017695589436290828,
                        0.00311308159638
                    ]
                },
                {
                    "type": "tuple",
                    "values": [
                        -0.01966977766273,
                        0.0020218511902660094
                    ]
                },
                {
                    "type": "tuple",
                    "values": [
                        0.0042431184152477005,
                        0.02419150595361
                    ]
                },
                {
                    "type": "tuple",
                    "values": [
                        -0.01601104362444672,
                        0.010331583358164097
                    ]
                },
                {
                    "type": "tuple",
                    "values": [
                        -0.00951442796153293,
                        0.0197975288823
                    ]
                },
                {
                    "type": "tuple",
                    "values": [
                        -0.002683006933020343,
                        0.02131035476821
                    ]
                },
                {
                    "type": "tuple",
                    "values": [
                        0.00637158701112,
                        0.03716486914802
                    ]
                },
                {
                    "type": "tuple",
                    "values": [
                        -0.06353009149484487,
                        -0.026754308216912534
                    ]
                },
                {
                    "type": "tuple",
                    "values": [
                        -0.04819376702702,
                        -0.004628799640433902
                    ]
                },
                {
                    "type": "tuple",
                    "values": [
                        -0.02763682053740525,
                        0.013043860932141169
                    ]
                },
                {
                    "type": "tuple",
                    "values": [
                        -0.03005905462840713,
                        -0.006458132128956125
                    ]
                },
                {
                    "type": "tuple",
                    "values": [
                        0.006112885746603444,
                        0.03055869066854
                    ]
                },
                {
                    "type": "tuple",
                    "values": [
                        0.01987069048744,
                        0.06914027803446
                    ]
                },
                {
                    "type": "tuple",
                    "values": [
                        0.00884130331546985,
                        0.04828394890185
                    ]
                },
                {
                    "type": "tuple",
                    "values": [
                        -0.10083906221332,
                        -0.06379375328506219
                    ]
                },
                {
                    "type": "tuple",
                    "values": [
                        -0.035281557555077295,
                        0.025905122493173043
                    ]
                },
                {
                    "type": "tuple",
                    "values": [
                        -0.0718000374898083,
                        0.00547106046641
                    ]
                },
                {
                    "type": "tuple",
                    "values": [
                        -0.1022551672488616,
                        -0.04680011369415
                    ]
                },
                {
                    "type": "tuple",
                    "values": [
                        -0.01721280864932336,
                        0.01185050018524
                    ]
                },
                {
                    "type": "tuple",
                    "values": [
                        -0.01025387721353,
                        0.02694758277251053
                    ]
                },
                {
                    "type": "tuple",
                    "values": [
                        -0.026128219933545672,
                        0.009043160165682265
                    ]
                },
                {
                    "type": "tuple",
                    "values": [
                        -0.005228992844115694,
                        0.0271005702157
                    ]
                },
                {
                    "type": "tuple",
                    "values": [
                        -0.17153098527224,
                        -0.13708162316331796
                    ]
                },
                {
                    "type": "tuple",
                    "values": [
                        0.06654575163611991,
                        0.10646462667897713
                    ]
                },
                {
                    "type": "tuple",
                    "values": [
                        -0.07287660417242,
                        0.00831499796675
                    ]
                },
                {
                    "type": "tuple",
                    "values": [
                        -0.08645063117264,
                        -0.04291315082502992
                    ]
                },
                {
                    "type": "tuple",
                    "values": [
                        -0.048467587820730004,
                        -0.019014576509997102
                    ]
                },
                {
                    "type": "tuple",
                    "values": [
                        -0.03161014025410196,
                        0.04324298161428
                    ]
                },
                {
                    "type": "tuple",
                    "values": [
                        0.00169207186934,
                        0.05445451072285345
                    ]
                },
                {
                    "type": "tuple",
                    "values": [
                        0.020782075616686192,
                        0.05984133117054
                    ]
                }
            ]
        },
        "errors_at_sigma_3": {
            "type": "list",
            "values": [
                {
                    "type": "tuple",
                    "values": [
                        0.003148060008016552,
                        0.003063637462709606
                    ]
                },
                {
                    "type": "tuple",
                    "values": [
                        0.002022209091079502,
                        0.0017786479454622774
                    ]
                },
                {
                    "type": "tuple",
                    "values": [
                        0.007970053021070221,
                        0.007386789371657593
                    ]
                },
                {
                    "type": "tuple",
                    "values": [
                        0.010074105369298775,
                        0.013526578566268462
                    ]
                },
                {
                    "type": "tuple",
                    "values": [
                        0.003892543839896746,
                        0.0030265235677847716
                    ]
                },
                {
                    "type": "tuple",
                    "values": [
                        0.00468376556688,
                        0.0035026105717511696
                    ]
                },
                {
                    "type": "tuple",
                    "values": [
                        0.002673785059180189,
                        0.0033090399752630393
                    ]
                },
                {
                    "type": "tuple",
                    "values": [
                        0.004563785549802083,
                        0.004877344626054737
                    ]
                },
                {
                    "type": "tuple",
                    "values": [
                        0.0036430026273813255,
                        0.004060223891128674
                    ]
                },
                {
                    "type": "tuple",
                    "values": [
                        0.004588150344574326,
                        0.0029596993818499996
                    ]
                },
                {
                    "type": "tuple",
                    "values": [
                        0.013976119692993436,
                        0.010366501407247007
                    ]
                },
                {
                    "type": "tuple",
                    "values": [
                        0.013051402226820004,
                        0.01344861376099744
                    ]
                },
                {
                    "type": "tuple",
                    "values": [
                        0.012024295016263845,
                        0.008784376016406983
                    ]
                },
                {
                    "type": "tuple",
                    "values": [
                        0.013211558296257508,
                        0.0084800705567385
                    ]
                },
                {
                    "type": "tuple",
                    "values": [
                        0.012216541165302297,
                        0.00773184637306
                    ]
                },
                {
                    "type": "tuple",
                    "values": [
                        0.01704762617544672,
                        0.009295000807164097
                    ]
                },
                {
                    "type": "tuple",
                    "values": [
                        0.0152370440919406,
                        0.014074912751892332
                    ]
                },
                {
                    "type": "tuple",
                    "values": [
                        0.013751724105380343,
                        0.01024163759585
                    ]
                },
                {
                    "type": "tuple",
                    "values": [
                        0.015256617013303626,
                        0.015536665123596378
                    ]
                },
                {
                    "type": "tuple",
                    "values": [
                        0.015167848828704873,
                        0.021607934449227463
                    ]
                },
                {
                    "type": "tuple",
                    "values": [
                        0.0219394951211,
                        0.021625472265486098
                    ]
                },
                {
                    "type": "tuple",
                    "values": [
                        0.015514476714306566,
                        0.025166204755239854
                    ]
                },
                {
                    "type": "tuple",
                    "values": [
                        0.016259169877057132,
                        0.007341752622393874
                    ]
                },
                {
                    "type": "tuple",
                    "values": [
                        0.015205949370810993,
                        0.009239855551125564
                    ]
                },
                {
                    "type": "tuple",
                    "values": [
                        0.02394968515087418,
                        0.025319902396145823
                    ]
                },
                {
                    "type": "tuple",
                    "values": [
                        0.019118154814632284,
                        0.020324490771747864
                    ]
                },
                {
                    "type": "tuple",
                    "values": [
                        0.026932584421153635,
                        0.010112724507104168
                    ]
                },
                {
                    "type": "tuple",
                    "values": [
                        0.04607331441970825,
                        0.015113365628542088
                    ]
                },
                {
                    "type": "tuple",
                    "values": [
                        0.037975222281416934,
                        0.03929587567480137
                    ]
                },
                {
                    "type": "tuple",
                    "values": [
                        0.02861331866983513,
                        0.026841734884876477
                    ]
                },
                {
                    "type": "tuple",
                    "values": [
                        0.01282903702022336,
                        0.01623427181434
                    ]
                },
                {
                    "type": "tuple",
                    "values": [
                        0.022753535969786638,
                        0.014447924016253891
                    ]
                },
                {
                    "type": "tuple",
                    "values": [
                        0.01567880680353183,
                        0.019492573295696106
                    ]
                },
                {
                    "type": "tuple",
                    "values": [
                        0.015027462455892811,
                        0.017302100603922885
                    ]
                },
                {
                    "type": "tuple",
                    "values": [
                        0.027180482651940008,
                        0.007268879456982041
                    ]
                },
                {
                    "type": "tuple",
                    "values": [
                        0.016401853447430087,
                        0.023517021595427137
                    ]
                },
                {
                    "type": "tuple",
                    "values": [
                        0.04716517488857347,
                        0.034026427250596535
                    ]
                },
                {
                    "type": "tuple",
                    "values": [
                        0.022378464484709523,
                        0.021159015862900553
                    ]
                },
                {
                    "type": "tuple",
                    "values": [
                        0.011545464471399126,
                        0.017907546839333776
                    ]
                },
                {
                    "type": "tuple",
                    "values": [
                        0.03843869904324196,
                        0.03641442282514
                    ]
                },
                {
                    "type": "tuple",
                    "values": [
                        0.03158781540335359,
                        0.021174623450159857
                    ]
                },
                {
                    "type": "tuple",
                    "values": [
                        0.016277157726333806,
                        0.022782097827520005
                    ]
                }
            ]
        },
        "median_pdf_sample": {
            "type": "instance",
            "class_path": "autofit.non_linear.samples.sample.Sample",
            "arguments": {
                "log_likelihood": -163.08832424486405,
                "log_prior": 0.0,
                "weight": 0.0010249779435931093,
                "kwargs": {
                    "type": "dict",
                    "arguments": {
                        "ellipses.ellipse_4.centre.centre_0": -0.0007648417421810446,
                        "ellipses.ellipse_4.centre.centre_1": -0.008767770839517543,
                        "ellipses.ellipse_0.ell_comps.ell_comps_0": -0.0023964641027141077,
                        "ellipses.ellipse_0.ell_comps.ell_comps_1": -0.024689133856488462,
                        "multipoles.0.multipole_1.multipole_comps.multipole_comps_0": -0.006417390816373254,
                        "multipoles.0.multipole_1.multipole_comps.multipole_comps_1": 0.00345306675088,
                        "multipoles.0.multipole_3.multipole_comps.multipole_comps_0": 0.004164233784556961,
                        "multipoles.0.multipole_3.multipole_comps.multipole_comps_1": -0.0010301620707,
                        "multipoles.0.multipole_4.multipole_comps.multipole_comps_0": 0.0012541916685213255,
                        "multipoles.0.multipole_4.multipole_comps.multipole_comps_1": 0.00220426475307,
                        "ellipses.ellipse_1.ell_comps.ell_comps_0": -0.06710516193842657,
                        "ellipses.ellipse_1.ell_comps.ell_comps_1": -0.04126465851776,
                        "multipoles.1.multipole_1.multipole_comps.multipole_comps_0": -0.005671294420026983,
                        "multipoles.1.multipole_1.multipole_comps.multipole_comps_1": -0.006458219366472491,
                        "multipoles.1.multipole_3.multipole_comps.multipole_comps_0": 0.01645965958055,
                        "multipoles.1.multipole_3.multipole_comps.multipole_comps_1": 0.001036582551,
                        "multipoles.1.multipole_4.multipole_comps.multipole_comps_0": 0.005722616130407668,
                        "multipoles.1.multipole_4.multipole_comps.multipole_comps_1": 0.01106871717236,
                        "ellipses.ellipse_2.ell_comps.ell_comps_0": 0.021628204024423624,
                        "ellipses.ellipse_2.ell_comps.ell_comps_1": -0.04836224266614,
                        "multipoles.2.multipole_1.multipole_comps.multipole_comps_0": -0.02625427190592,
                        "multipoles.2.multipole_1.multipole_comps.multipole_comps_1": -0.012122343823098685,
                        "multipoles.2.multipole_3.multipole_comps.multipole_comps_0": -0.01379988475135,
                        "multipoles.2.multipole_3.multipole_comps.multipole_comps_1": 0.021318835117414437,
                        "multipoles.2.multipole_4.multipole_comps.multipole_comps_0": 0.04382037563831418,
                        "multipoles.2.multipole_4.multipole_comps.multipole_comps_1": 0.027959458130102133,
                        "ellipses.ellipse_3.ell_comps.ell_comps_0": -0.07390647779216636,
                        "ellipses.ellipse_3.ell_comps.ell_comps_1": 0.010791756864630955,
                        "multipoles.3.multipole_1.multipole_comps.multipole_comps_0": -0.03382481520839137,
                        "multipoles.3.multipole_1.multipole_comps.multipole_comps_1": -0.07364184857902648,
                        "multipoles.3.multipole_3.multipole_comps.multipole_comps_0": -0.0043837716291,
                        "multipoles.3.multipole_3.multipole_comps.multipole_comps_1": 0.012499658756256637,
                        "multipoles.3.multipole_4.multipole_comps.multipole_comps_0": -0.010449413130013841,
                        "multipoles.3.multipole_4.multipole_comps.multipole_comps_1": 0.009798469611777117,
                        "ellipses.ellipse_4.ell_comps.ell_comps_0": -0.1443505026203,
                        "ellipses.ellipse_4.ell_comps.ell_comps_1": 0.08294760508355,
                        "multipoles.4.multipole_1.multipole_comps.multipole_comps_0": -0.025711429283846534,
                        "multipoles.4.multipole_1.multipole_comps.multipole_comps_1": -0.06407216668793048,
                        "multipoles.4.multipole_3.multipole_comps.multipole_comps_0": -0.03692212334933088,
                        "multipoles.4.multipole_3.multipole_comps.multipole_comps_1": 0.00682855878914,
                        "multipoles.4.multipole_4.multipole_comps.multipole_comps_0": 0.03327988727269359,
                        "multipoles.4.multipole_4.multipole_comps.multipole_comps_1": 0.03705923334302
                    }
                }
            }
        },
        "max_log_likelihood_sample": {
            "type": "instance",
            "class_path": "autofit.non_linear.samples.sample.Sample",
            "arguments": {
                "log_likelihood": -163.08832424486405,
                "log_prior": 0.0,
                "weight": 0.0010249779435931093,
                "kwargs": {
                    "type": "dict",
                    "arguments": {
                        "ellipses.ellipse_4.centre.centre_0": -0.00086323467672,
                        "ellipses.ellipse_4.centre.centre_1": -0.00846235796261,
                        "ellipses.ellipse_0.ell_comps.ell_comps_0": -0.00435640625247,
                        "ellipses.ellipse_0.ell_comps.ell_comps_1": -0.02183293774915,
                        "multipoles.0.multipole_1.multipole_comps.multipole_comps_0": -0.00627309601894,
                        "multipoles.0.multipole_1.multipole_comps.multipole_comps_1": 0.00154550962084,
                        "multipoles.0.multipole_3.multipole_comps.multipole_comps_0": 0.00378484914087,
                        "multipoles.0.multipole_3.multipole_comps.multipole_comps_1": -0.00106777770279,
                        "multipoles.0.multipole_4.multipole_comps.multipole_comps_0": 0.0014322549279,
                        "multipoles.0.multipole_4.multipole_comps.multipole_comps_1": 0.00243006724108,
                        "ellipses.ellipse_1.ell_comps.ell_comps_0": -0.06974121176391,
                        "ellipses.ellipse_1.ell_comps.ell_comps_1": -0.03252219861932,
                        "multipoles.1.multipole_1.multipole_comps.multipole_comps_0": -0.00555268580917,
                        "multipoles.1.multipole_1.multipole_comps.multipole_comps_1": -0.00692714812594,
                        "multipoles.1.multipole_3.multipole_comps.multipole_comps_0": 0.01550262252976,
                        "multipoles.1.multipole_3.multipole_comps.multipole_comps_1": -0.00359741133315,
                        "multipoles.1.multipole_4.multipole_comps.multipole_comps_0": 0.00973934536894,
                        "multipoles.1.multipole_4.multipole_comps.multipole_comps_1": 0.01431333860853,
                        "ellipses.ellipse_2.ell_comps.ell_comps_0": 0.02765066554492,
                        "ellipses.ellipse_2.ell_comps.ell_comps_1": -0.04064396548151,
                        "multipoles.2.multipole_1.multipole_comps.multipole_comps_0": -0.02920710655875,
                        "multipoles.2.multipole_1.multipole_comps.multipole_comps_1": -0.0073351334858,
                        "multipoles.2.multipole_3.multipole_comps.multipole_comps_0": -0.01595740241047,
                        "multipoles.2.multipole_3.multipole_comps.multipole_comps_1": 0.02400987490834,
                        "multipoles.2.multipole_4.multipole_comps.multipole_comps_0": 0.02867543448939,
                        "multipoles.2.multipole_4.multipole_comps.multipole_comps_1": 0.01741801721841,
                        "ellipses.ellipse_3.ell_comps.ell_comps_0": -0.06975176503893,
                        "ellipses.ellipse_3.ell_comps.ell_comps_1": 0.01254221430465,
                        "multipoles.3.multipole_1.multipole_comps.multipole_comps_0": -0.03551037075038,
                        "multipoles.3.multipole_1.multipole_comps.multipole_comps_1": -0.08897908794178,
                        "multipoles.3.multipole_3.multipole_comps.multipole_comps_0": -0.00678129284134,
                        "multipoles.3.multipole_3.multipole_comps.multipole_comps_1": 0.00806528264222,
                        "multipoles.3.multipole_4.multipole_comps.multipole_comps_0": -0.01067038542993,
                        "multipoles.3.multipole_4.multipole_comps.multipole_comps_1": 0.00070915718325,
                        "ellipses.ellipse_4.ell_comps.ell_comps_0": -0.15210057431724,
                        "ellipses.ellipse_4.ell_comps.ell_comps_1": 0.09650394637818,
                        "multipoles.4.multipole_1.multipole_comps.multipole_comps_0": -0.021764710532,
                        "multipoles.4.multipole_1.multipole_comps.multipole_comps_1": -0.0761664575174,
                        "multipoles.4.multipole_3.multipole_comps.multipole_comps_0": -0.02782377764204,
                        "multipoles.4.multipole_3.multipole_comps.multipole_comps_1": 0.02358778484364,
                        "multipoles.4.multipole_4.multipole_comps.multipole_comps_0": 0.03997109857066,
                        "multipoles.4.multipole_4.multipole_comps.multipole_comps_1": 0.04245792197857
                    }
                }
            }
        }
    }
}