{
    "type": "instance",
    "class_path": "autofit.non_linear.samples.summary.SamplesSummary",
    "arguments": {
        "max_log_likelihood_sample": {
            "type": "instance",
            "class_path": "autofit.non_linear.samples.sample.Sample",
            "arguments": {
                "log_likelihood": -5.314876355878172,
                "log_prior": 0.0,
                "weight": 0.0009819606289794358,
                "kwargs": {
                    "type": "dict",
                    "arguments": {
                        "ellipses.0.ell_comps.ell_comps_0": 0.10568206475706,
                        "ellipses.0.ell_comps.ell_comps_1": 0.16024309262204
                    }
                }
            }
        },
        "median_pdf_sample": {
            "type": "instance",
            "class_path": "autofit.non_linear.samples.sample.Sample",
            "arguments": {
                "log_likelihood": -5.314876355878172,
                "log_prior": 0.0,
                "weight": 0.0009819606289794358,
                "kwargs": {
                    "type": "dict",
                    "arguments": {
                        "ellipses.0.ell_comps.ell_comps_0": 0.10607154840697089,
                        "ellipses.0.ell_comps.ell_comps_1": 0.1568942936621728
                    }
                }
            }
        },
        "log_evidence": -12.492767479930384,
        "errors_at_sigma_1": {
            "type": "list",
            "values": [
                {
                    "type": "tuple",
                    "values": [
                        0.016181480673988002,
                        0.02233543325467044
                    ]
                },
                {
                    "type": "tuple",
                    "values": [
                        0.013626527516964165,
                        0.018293800064970667
                    ]
                }
            ]
        },
        "values_at_sigma_3": {
            "type": "list",
            "values": [
                {
                    "type": "tuple",
                    "values": [
                        0.04584882320936039,
                        0.1594843703876197
                    ]
                },
                {
                    "type": "tuple",
                    "values": [
                        0.11168700030796815,
                        0.2060870751984201
                    ]
                }
            ]
        },
        "errors_at_sigma_3": {
            "type": "list",
            "values": [
                {
                    "type": "tuple",
                    "values": [
                        0.0602227251976105,
                        0.05341282198064881
                    ]
                },
                {
                    "type": "tuple",
                    "values": [
                        0.04520729335420466,
                        0.04919278153624729
                    ]
                }
            ]
        },
        "model": null,
        "values_at_sigma_1": {
            "type": "list",
            "values": [
                {
                    "type": "tuple",
                    "values": [
                        0.08989006773298289,
                        0.12840698166164133
                    ]
                },
                {
                    "type": "tuple",
                    "values": [
                        0.14326776614520864,
                        0.17518809372714347
                    ]
                }
            ]
        }
    }
}