{
    "type": "instance",
    "class_path": "autofit.non_linear.samples.summary.SamplesSummary",
    "arguments": {
        "values_at_sigma_1": {
            "type": "list",
            "values": [
                {
                    "type": "tuple",
                    "values": [
                        -0.026719721519966037,
                        -0.018744265107727257
                    ]
                },
                {
                    "type": "tuple",
                    "values": [
                        -0.03965189967329849,
                        -0.02154682907528
                    ]
                },
                {
                    "type": "tuple",
                    "values": [
                        -0.00574731425311493,
                        0.01387020861417
                    ]
                },
                {
                    "type": "tuple",
                    "values": [
                        0.00593032881531,
                        0.021692696681974225
                    ]
                },
                {
                    "type": "tuple",
                    "values": [
                        -0.02095913248042,
                        -0.0030533446062559195
                    ]
                },
                {
                    "type": "tuple",
                    "values": [
                        -0.00449118119499,
                        0.02552832589993
                    ]
                }
            ]
        },
        "log_evidence": -71.67056237845489,
        "values_at_sigma_3": {
            "type": "list",
            "values": [
                {
                    "type": "tuple",
                    "values": [
                        -0.03796098572199,
                        -0.01437085087255526
                    ]
                },
                {
                    "type": "tuple",
                    "values": [
                        -0.05273335291735,
                        -0.013755134214391722
                    ]
                },
                {
                    "type": "tuple",
                    "values": [
                        -0.031544347023424534,
                        0.0326335163014
                    ]
                },
                {
                    "type": "tuple",
                    "values": [
                        -0.01218443632334,
                        0.04690376657111212
                    ]
                },
                {
                    "type": "tuple",
                    "values": [
                        -0.03966125139604,
                        0.01956448939597362
                    ]
                },
                {
                    "type": "tuple",
                    "values": [
                        -0.01982498062138,
                        0.06699724724972
                    ]
                }
            ]
        },
        "model": null,
        "max_log_likelihood_sample": {
            "type": "instance",
            "class_path": "autofit.non_linear.samples.sample.Sample",
            "arguments": {
                "log_likelihood": -51.91156653284513,
                "log_prior": 0.0,
                "weight": 0.0009701819583574241,
                "kwargs": {
                    "type": "dict",
                    "arguments": {
                        "ellipses.0.ell_comps.ell_comps_0": -0.01994450562677,
                        "ellipses.0.ell_comps.ell_comps_1": -0.02490130485519,
                        "multipoles.0.multipole_3.multipole_comps.multipole_comps_0": 0.00681987016437,
                        "multipoles.0.multipole_3.multipole_comps.multipole_comps_1": 0.01592585719136,
                        "multipoles.0.multipole_4.multipole_comps.multipole_comps_0": -0.00973274755774,
                        "multipoles.0.multipole_4.multipole_comps.multipole_comps_1": 0.00249048819352
                    }
                }
            }
        },
        "errors_at_sigma_1": {
            "type": "list",
            "values": [
                {
                    "type": "tuple",
                    "values": [
                        0.0048302693125860385,
                        0.0031451870996527416
                    ]
                },
                {
                    "type": "tuple",
                    "values": [
                        0.014990626243081007,
                        0.003114444354937483
                    ]
                },
                {
                    "type": "tuple",
                    "values": [
                        0.011699051500435646,
                        0.007918471366849283
                    ]
                },
                {
                    "type": "tuple",
                    "values": [
                        0.007784597843029999,
                        0.007977770023634225
                    ]
                },
                {
                    "type": "tuple",
                    "values": [
                        0.009415808692936898,
                        0.008489979181227182
                    ]
                },
                {
                    "type": "tuple",
                    "values": [
                        0.00875183602983,
                        0.021267671065089998
                    ]
                }
            ]
        },
        "median_pdf_sample": {
            "type": "instance",
            "class_path": "autofit.non_linear.samples.sample.Sample",
            "arguments": {
                "log_likelihood": -51.91156653284513,
                "log_prior": 0.0,
                "weight": 0.0009701819583574241,
                "kwargs": {
                    "type": "dict",
                    "arguments": {
                        "ellipses.0.ell_comps.ell_comps_0": -0.02188945220738,
                        "ellipses.0.ell_comps.ell_comps_1": -0.024661273430217484,
                        "multipoles.0.multipole_3.multipole_comps.multipole_comps_0": 0.005951737247320717,
                        "multipoles.0.multipole_3.multipole_comps.multipole_comps_1": 0.01371492665834,
                        "multipoles.0.multipole_4.multipole_comps.multipole_comps_0": -0.011543323787483102,
                        "multipoles.0.multipole_4.multipole_comps.multipole_comps_1": 0.00426065483484
                    }
                }
            }
        },
        "errors_at_sigma_3": {
            "type": "list",
            "values": [
                {
                    "type": "tuple",
                    "values": [
                        0.01607153351461,
                        0.007518601334824739
                    ]
                },
                {
                    "type": "tuple",
                    "values": [
                        0.028072079487132515,
                        0.010906139215825762
                    ]
                },
                {
                    "type": "tuple",
                    "values": [
                        0.03749608427074525,
                        0.02668177905407928
                    ]
                },
                {
                    "type": "tuple",
                    "values": [
                        0.02589936298168,
                        0.03318883991277212
                    ]
                },
                {
                    "type": "tuple",
                    "values": [
                        0.0281179276085569,
                        0.03110781318345672
                    ]
                },
                {
                    "type": "tuple",
                    "values": [
                        0.02408563545622,
                        0.06273659241488
                    ]
                }
            ]
        }
    }
}