{
    "type": "instance",
    "class_path": "autofit.non_linear.samples.summary.SamplesSummary",
    "arguments": {
        "values_at_sigma_1": {
            "type": "list",
            "values": [
                {
                    "type": "tuple",
                    "values": [
                        -0.04920342793718468,
                        -0.04337296245605757
                    ]
                },
                {
                    "type": "tuple",
                    "values": [
                        0.04377022704247774,
                        0.04995648329668377
                    ]
                },
                {
                    "type": "tuple",
                    "values": [
                        -0.0007309424188015552,
                        0.00068884101729
                    ]
                },
                {
                    "type": "tuple",
                    "values": [
                        -0.0007278592879356559,
                        0.00064018586011
                    ]
                },
                {
                    "type": "tuple",
                    "values": [
                        -0.00013831179098,
                        0.00188788200299
                    ]
                },
                {
                    "type": "tuple",
                    "values": [
                        -0.00020159145131647666,
                        0.0018269502099442683
                    ]
                }
            ]
        },
        "median_pdf_sample": {
            "type": "instance",
            "class_path": "autofit.non_linear.samples.sample.Sample",
            "arguments": {
                "log_likelihood": -4.632628535145669,
                "log_prior": 0.0,
                "weight": 0.001005759604901401,
                "kwargs": {
                    "type": "dict",
                    "arguments": {
                        "ellipses.0.ell_comps.ell_comps_0": -0.04646172857551,
                        "ellipses.0.ell_comps.ell_comps_1": 0.04685229299438376,
                        "multipoles.0.multipole_3.multipole_comps.multipole_comps_0": -4.3668503310812254e-05,
                        "multipoles.0.multipole_3.multipole_comps.multipole_comps_1": -2.7628575329867623e-05,
                        "multipoles.0.multipole_4.multipole_comps.multipole_comps_0": 0.0009201012736684876,
                        "multipoles.0.multipole_4.multipole_comps.multipole_comps_1": 0.00080243340128
                    }
                }
            }
        },
        "max_log_likelihood_sample": {
            "type": "instance",
            "class_path": "autofit.non_linear.samples.sample.Sample",
            "arguments": {
                "log_likelihood": -4.632628535145669,
                "log_prior": 0.0,
                "weight": 0.001005759604901401,
                "kwargs": {
                    "type": "dict",
                    "arguments": {
                        "ellipses.0.ell_comps.ell_comps_0": -0.04733638567193,
                        "ellipses.0.ell_comps.ell_comps_1": 0.04684875847185,
                        "multipoles.0.multipole_3.multipole_comps.multipole_comps_0": -4.33579745e-06,
                        "multipoles.0.multipole_3.multipole_comps.multipole_comps_1": 0.00022262513347,
                        "multipoles.0.multipole_4.multipole_comps.multipole_comps_0": 0.00105874529764,
                        "multipoles.0.multipole_4.multipole_comps.multipole_comps_1": 0.00070380814187
                    }
                }
            }
        },
        "model": null,
        "errors_at_sigma_3": {
            "type": "list",
            "values": [
                {
                    "type": "tuple",
                    "values": [
                        0.008174878266183905,
                        0.008554898019656434
                    ]
                },
                {
                    "type": "tuple",
                    "values": [
                        0.00976043132526376,
                        0.009367946584363664
                    ]
                },
                {
                    "type": "tuple",
                    "values": [
                        0.002203308303798009,
                        0.0023444913877702905
                    ]
                },
                {
                    "type": "tuple",
                    "values": [
                        0.0019662169884201324,
                        0.002189640883018203
                    ]
                },
                {
                    "type": "tuple",
                    "values": [
                        0.0029129354518984876,
                        0.002997589447320313
                    ]
                },
                {
                    "type": "tuple",
                    "values": [
                        0.0026949536814,
                        0.002684535273977533
                    ]
                }
            ]
        },
        "log_evidence": -32.96814967703483,
        "values_at_sigma_3": {
            "type": "list",
            "values": [
                {
                    "type": "tuple",
                    "values": [
                        -0.054636606841693906,
                        -0.03790683055585357
                    ]
                },
                {
                    "type": "tuple",
                    "values": [
                        0.03709186166912,
                        0.05622023957874742
                    ]
                },
                {
                    "type": "tuple",
                    "values": [
                        -0.002246976807108821,
                        0.0023008228844594784
                    ]
                },
                {
                    "type": "tuple",
                    "values": [
                        -0.00199384556375,
                        0.0021620123076883354
                    ]
                },
                {
                    "type": "tuple",
                    "values": [
                        -0.00199283417823,
                        0.0039176907209888005
                    ]
                },
                {
                    "type": "tuple",
                    "values": [
                        -0.00189252028012,
                        0.003486968675257533
                    ]
                }
            ]
        },
        "errors_at_sigma_1": {
            "type": "list",
            "values": [
                {
                    "type": "tuple",
                    "values": [
                        0.0027416993616746765,
                        0.003088766119452434
                    ]
                },
                {
                    "type": "tuple",
                    "values": [
                        0.003082065951906021,
                        0.003104190302300011
                    ]
                },
                {
                    "type": "tuple",
                    "values": [
                        0.000687273915490743,
                        0.0007325095206008122
                    ]
                },
                {
                    "type": "tuple",
                    "values": [
                        0.0007002307126057882,
                        0.0006678144354398676
                    ]
                },
                {
                    "type": "tuple",
                    "values": [
                        0.0010584130646484875,
                        0.0009677807293215124
                    ]
                },
                {
                    "type": "tuple",
                    "values": [
                        0.0010040248525964766,
                        0.0010245168086642684
                    ]
                }
            ]
        }
    }
}