{
    "type": "instance",
    "class_path": "autofit.non_linear.samples.summary.SamplesSummary",
    "arguments": {
        "errors_at_sigma_1": {
            "type": "list",
            "values": [
                {
                    "type": "tuple",
                    "values": [
                        0.00620650317825365,
                        0.0051200701014599975
                    ]
                },
                {
                    "type": "tuple",
                    "values": [
                        0.008147819562043176,
                        0.00853723070795473
                    ]
                },
                {
                    "type": "tuple",
                    "values": [
                        0.005324641908714032,
                        0.005592021698198166
                    ]
                },
                {
                    "type": "tuple",
                    "values": [
                        0.004848464873447797,
                        0.005161338736476023
                    ]
                },
                {
                    "type": "tuple",
                    "values": [
                        0.004743457277962604,
                        0.004381725066485612
                    ]
                },
                {
                    "type": "tuple",
                    "values": [
                        0.00562174188322,
                        0.004818772440757745
                    ]
                },
                {
                    "type": "tuple",
                    "values": [
                        0.00627967598132097,
                        0.006717549255913759
                    ]
                },
                {
                    "type": "tuple",
                    "values": [
                        0.005390325579392086,
                        0.00567302546174267
                    ]
                }
            ]
        },
        "max_log_likelihood_sample": {
            "type": "instance",
            "class_path": "autofit.non_linear.samples.sample.Sample",
            "arguments": {
                "log_likelihood": -14.73931136273256,
                "log_prior": 0.0,
                "weight": 0.0010257234911667634,
                "kwargs": {
                    "type": "dict",
                    "arguments": {
                        "ellipses.0.ell_comps.ell_comps_0": 0.11285596681238,
                        "ellipses.0.ell_comps.ell_comps_1": -0.12337257575453,
                        "multipoles.0.multipole_1.multipole_comps.multipole_comps_0": 0.00562714756104,
                        "multipoles.0.multipole_1.multipole_comps.multipole_comps_1": -0.00970550530059,
                        "multipoles.0.multipole_3.multipole_comps.multipole_comps_0": 0.00693441225436,
                        "multipoles.0.multipole_3.multipole_comps.multipole_comps_1": -0.00931345179134,
                        "multipoles.0.multipole_4.multipole_comps.multipole_comps_0": -0.00603702607309,
                        "multipoles.0.multipole_4.multipole_comps.multipole_comps_1": -0.00640587439513
                    }
                }
            }
        },
        "model": null,
        "values_at_sigma_1": {
            "type": "list",
            "values": [
                {
                    "type": "tuple",
                    "values": [
                        0.10406195366655635,
                        0.11538852694627
                    ]
                },
                {
                    "type": "tuple",
                    "values": [
                        -0.13192822068082,
                        -0.11524317041082209
                    ]
                },
                {
                    "type": "tuple",
                    "values": [
                        0.0024067463660859684,
                        0.013323409972998166
                    ]
                },
                {
                    "type": "tuple",
                    "values": [
                        -0.013251706653955822,
                        -0.003241903044032002
                    ]
                },
                {
                    "type": "tuple",
                    "values": [
                        0.0021824697540873956,
                        0.011307652098535612
                    ]
                },
                {
                    "type": "tuple",
                    "values": [
                        -0.01874961721171,
                        -0.008309102887732255
                    ]
                },
                {
                    "type": "tuple",
                    "values": [
                        -0.012061139130718528,
                        0.0009360861065162004
                    ]
                },
                {
                    "type": "tuple",
                    "values": [
                        -0.012004524082705404,
                        -0.0009411730415706478
                    ]
                }
            ]
        },
        "median_pdf_sample": {
            "type": "instance",
            "class_path": "autofit.non_linear.samples.sample.Sample",
            "arguments": {
                "log_likelihood": -14.73931136273256,
                "log_prior": 0.0,
                "weight": 0.0010257234911667634,
                "kwargs": {
                    "type": "dict",
                    "arguments": {
                        "ellipses.0.ell_comps.ell_comps_0": 0.11026845684481,
                        "ellipses.0.ell_comps.ell_comps_1": -0.12378040111877682,
                        "multipoles.0.multipole_1.multipole_comps.multipole_comps_0": 0.0077313882748,
                        "multipoles.0.multipole_1.multipole_comps.multipole_comps_1": -0.008403241780508025,
                        "multipoles.0.multipole_3.multipole_comps.multipole_comps_0": 0.00692592703205,
                        "multipoles.0.multipole_3.multipole_comps.multipole_comps_1": -0.01312787532849,
                        "multipoles.0.multipole_4.multipole_comps.multipole_comps_0": -0.005781463149397558,
                        "multipoles.0.multipole_4.multipole_comps.multipole_comps_1": -0.006614198503313318
                    }
                }
            }
        },
        "values_at_sigma_3": {
            "type": "list",
            "values": [
                {
                    "type": "tuple",
                    "values": [
                        0.08858715643451902,
                        0.12676907201648047
                    ]
                },
                {
                    "type": "tuple",
                    "values": [
                        -0.14631309405276,
                        -0.09828538843801397
                    ]
                },
                {
                    "type": "tuple",
                    "values": [
                        -0.01091855080836,
                        0.02680665202141
                    ]
                },
                {
                    "type": "tuple",
                    "values": [
                        -0.022980821801477407,
                        0.007678918700985372
                    ]
                },
                {
                    "type": "tuple",
                    "values": [
                        -0.008608084266136944,
                        0.022073380774353734
                    ]
                },
                {
                    "type": "tuple",
                    "values": [
                        -0.029294447570449435,
                        0.004740771699408115
                    ]
                },
                {
                    "type": "tuple",
                    "values": [
                        -0.02837465336939,
                        0.014243066997699732
                    ]
                },
                {
                    "type": "tuple",
                    "values": [
                        -0.0235949473713,
                        0.01319634731532
                    ]
                }
            ]
        },
        "errors_at_sigma_3": {
            "type": "list",
            "values": [
                {
                    "type": "tuple",
                    "values": [
                        0.021681300410290982,
                        0.016500615171670466
                    ]
                },
                {
                    "type": "tuple",
                    "values": [
                        0.022532692933983176,
                        0.025495012680762846
                    ]
                },
                {
                    "type": "tuple",
                    "values": [
                        0.01864993908316,
                        0.019075263746609998
                    ]
                },
                {
                    "type": "tuple",
                    "values": [
                        0.014577580020969382,
                        0.0160821604814934
                    ]
                },
                {
                    "type": "tuple",
                    "values": [
                        0.015534011298186944,
                        0.015147453742303734
                    ]
                },
                {
                    "type": "tuple",
                    "values": [
                        0.016166572241959436,
                        0.017868647027898116
                    ]
                },
                {
                    "type": "tuple",
                    "values": [
                        0.022593190219992444,
                        0.02002453014709729
                    ]
                },
                {
                    "type": "tuple",
                    "values": [
                        0.01698074886798668,
                        0.01981054581863332
                    ]
                }
            ]
        },
        "log_evidence": -40.24992304196504
    }
}