{
    "type": "instance",
    "class_path": "autofit.non_linear.samples.summary.SamplesSummary",
    "arguments": {
        "values_at_sigma_1": {
            "type": "list",
            "values": [
                {
                    "type": "tuple",
                    "values": [
                        -0.00435329516967,
                        0.02046981148017422
                    ]
                },
                {
                    "type": "tuple",
                    "values": [
                        -0.19939131769689,
                        -0.17154325542362422
                    ]
                },
                {
                    "type": "tuple",
                    "values": [
                        -0.03011539688376927,
                        0.0171482470204
                    ]
                },
                {
                    "type": "tuple",
                    "values": [
                        -0.06738565357384,
                        0.01125112487868217
                    ]
                },
                {
                    "type": "tuple",
                    "values": [
                        -0.06179174797322,
                        0.02673824436374
                    ]
                },
                {
                    "type": "tuple",
                    "values": [
                        -0.038527576784842976,
                        0.033387093003467976
                    ]
                },
                {
                    "type": "tuple",
                    "values": [
                        -0.033608985533744744,
                        0.011844393076373616
                    ]
                },
                {
                    "type": "tuple",
                    "values": [
                        0.024908539284615713,
                        0.0906051265663348
                    ]
                }
            ]
        },
        "errors_at_sigma_3": {
            "type": "list",
            "values": [
                {
                    "type": "tuple",
                    "values": [
                        0.032222413351087,
                        0.01898322429812927
                    ]
                },
                {
                    "type": "tuple",
                    "values": [
                        0.02948760480883081,
                        0.022883013918155837
                    ]
                },
                {
                    "type": "tuple",
                    "values": [
                        0.06845200168162,
                        0.09314596108365844
                    ]
                },
                {
                    "type": "tuple",
                    "values": [
                        0.12214436009560044,
                        0.11850128260641933
                    ]
                },
                {
                    "type": "tuple",
                    "values": [
                        0.08731988766371714,
                        0.08306076212240218
                    ]
                },
                {
                    "type": "tuple",
                    "values": [
                        0.08920804354685,
                        0.09109116109893124
                    ]
                },
                {
                    "type": "tuple",
                    "values": [
                        0.06464105306274348,
                        0.11379908301668999
                    ]
                },
                {
                    "type": "tuple",
                    "values": [
                        0.13304247718284373,
                        0.0469210129895494
                    ]
                }
            ]
        },
        "log_evidence": -62.79949575835747,
        "model": null,
        "values_at_sigma_3": {
            "type": "list",
            "values": [
                {
                    "type": "tuple",
                    "values": [
                        -0.017596679603439924,
                        0.03360895804577634
                    ]
                },
                {
                    "type": "tuple",
                    "values": [
                        -0.20618627199387,
                        -0.15381565326688335
                    ]
                },
                {
                    "type": "tuple",
                    "values": [
                        -0.07763197187123,
                        0.08396599089404844
                    ]
                },
                {
                    "type": "tuple",
                    "values": [
                        -0.14675130914616044,
                        0.09389433355585933
                    ]
                },
                {
                    "type": "tuple",
                    "values": [
                        -0.09505332227809124,
                        0.07532732750802808
                    ]
                },
                {
                    "type": "tuple",
                    "values": [
                        -0.09484468928204,
                        0.08545451536374124
                    ]
                },
                {
                    "type": "tuple",
                    "values": [
                        -0.07947388752667348,
                        0.09896624855276
                    ]
                },
                {
                    "type": "tuple",
                    "values": [
                        -0.08001501343174,
                        0.09994847674065313
                    ]
                }
            ]
        },
        "max_log_likelihood_sample": {
            "type": "instance",
            "class_path": "autofit.non_linear.samples.sample.Sample",
            "arguments": {
                "log_likelihood": -42.59425195917279,
                "log_prior": 0.0,
                "weight": 0.0010102174143894072,
                "kwargs": {
                    "type": "dict",
                    "arguments": {
                        "ellipses.0.ell_comps.ell_comps_0": 0.01771363696715,
                        "ellipses.0.ell_comps.ell_comps_1": -0.17571909656165,
                        "multipoles.0.multipole_1.multipole_comps.multipole_comps_0": -0.00497377530293,
                        "multipoles.0.multipole_1.multipole_comps.multipole_comps_1": -0.02189679617115,
                        "multipoles.0.multipole_3.multipole_comps.multipole_comps_0": -0.00622186487851,
                        "multipoles.0.multipole_3.multipole_comps.multipole_comps_1": 0.02093378180604,
                        "multipoles.0.multipole_4.multipole_comps.multipole_comps_0": -0.02481242935551,
                        "multipoles.0.multipole_4.multipole_comps.multipole_comps_1": 0.09203444730432
                    }
                }
            }
        },
        "median_pdf_sample": {
            "type": "instance",
            "class_path": "autofit.non_linear.samples.sample.Sample",
            "arguments": {
                "log_likelihood": -42.59425195917279,
                "log_prior": 0.0,
                "weight": 0.0010102174143894072,
                "kwargs": {
                    "type": "dict",
                    "arguments": {
                        "ellipses.0.ell_comps.ell_comps_0": 0.014625733747647071,
                        "ellipses.0.ell_comps.ell_comps_1": -0.17669866718503918,
                        "multipoles.0.multipole_1.multipole_comps.multipole_comps_0": -0.00917997018961,
                        "multipoles.0.multipole_1.multipole_comps.multipole_comps_1": -0.02460694905056,
                        "multipoles.0.multipole_3.multipole_comps.multipole_comps_0": -0.00773343461437411,
                        "multipoles.0.multipole_3.multipole_comps.multipole_comps_1": -0.00563664573519,
                        "multipoles.0.multipole_4.multipole_comps.multipole_comps_0": -0.01483283446393,
                        "multipoles.0.multipole_4.multipole_comps.multipole_comps_1": 0.05302746375110373
                    }
                }
            }
        },
        "errors_at_sigma_1": {
            "type": "list",
            "values": [
                {
                    "type": "tuple",
                    "values": [
                        0.01897902891731707,
                        0.00584407773252715
                    ]
                },
                {
                    "type": "tuple",
                    "values": [
                        0.02269265051185082,
                        0.0051554117614149575
                    ]
                },
                {
                    "type": "tuple",
                    "values": [
                        0.02093542669415927,
                        0.02632821721001
                    ]
                },
                {
                    "type": "tuple",
                    "values": [
                        0.04277870452327999,
                        0.035858073929242174
                    ]
                },
                {
                    "type": "tuple",
                    "values": [
                        0.05405831335884589,
                        0.03447167897811411
                    ]
                },
                {
                    "type": "tuple",
                    "values": [
                        0.032890931049652974,
                        0.03902373873865798
                    ]
                },
                {
                    "type": "tuple",
                    "values": [
                        0.018776151069814742,
                        0.026677227540303616
                    ]
                },
                {
                    "type": "tuple",
                    "values": [
                        0.02811892446648802,
                        0.037577662815231075
                    ]
                }
            ]
        }
    }
}