{
    "type": "instance",
    "class_path": "autofit.non_linear.samples.summary.SamplesSummary",
    "arguments": {
        "model": null,
        "errors_at_sigma_1": {
            "type": "list",
            "values": [
                {
                    "type": "tuple",
                    "values": [
                        0.02164813032538644,
                        0.02336123094782243
                    ]
                },
                {
                    "type": "tuple",
                    "values": [
                        0.022535928672304972,
                        0.021751069551456836
                    ]
                },
                {
                    "type": "tuple",
                    "values": [
                        0.018060531251233636,
                        0.018504860846643156
                    ]
                },
                {
                    "type": "tuple",
                    "values": [
                        0.01962002126764497,
                        0.01694692964386832
                    ]
                },
                {
                    "type": "tuple",
                    "values": [
                        0.008857606505566096,
                        0.008377450847881149
                    ]
                },
                {
                    "type": "tuple",
                    "values": [
                        0.011333669308114691,
                        0.009575540569670162
                    ]
                },
                {
                    "type": "tuple",
                    "values": [
                        0.009290865647412534,
                        0.008360490864576586
                    ]
                },
                {
                    "type": "tuple",
                    "values": [
                        0.006826345802942193,
                        0.008349284349626814
                    ]
                },
                {
                    "type": "tuple",
                    "values": [
                        0.005772704808610601,
                        0.005879311962072046
                    ]
                },
                {
                    "type": "tuple",
                    "values": [
                        0.06118489283263395,
                        0.055824360371119486
                    ]
                },
                {
                    "type": "tuple",
                    "values": [
                        0.01342015519689595,
                        0.011826397546716768
                    ]
                },
                {
                    "type": "tuple",
                    "values": [
                        0.011791213093245899,
                        0.012919233358689608
                    ]
                }
            ]
        },
        "max_log_likelihood_sample": {
            "type": "instance",
            "class_path": "autofit.non_linear.samples.sample.Sample",
            "arguments": {
                "log_likelihood": -30000.380438676475,
                "log_prior": 0.3470143093771012,
                "weight": 6.552602646019433e-05,
                "kwargs": {
                    "type": "dict",
                    "arguments": {
                        "galaxies.lens.mass.ell_comps.ell_comps_0": 0.11952113838661307,
                        "galaxies.lens.mass.ell_comps.ell_comps_1": -0.19646519019114886,
                        "galaxies.lens.multipole_4.einstein_radius": 1.2377574562347182,
                        "galaxies.lens.multipole_4.centre.centre_0": -0.031123236415025728,
                        "galaxies.lens.multipole_4.centre.centre_1": -0.023468720433706413,
                        "galaxies.lens.multipole_3.multipole_comps.multipole_comps_0": 0.02020241633088,
                        "galaxies.lens.multipole_3.multipole_comps.multipole_comps_1": 0.01562033154183,
                        "galaxies.lens.multipole_4.multipole_comps.multipole_comps_0": 0.01056836983163,
                        "galaxies.lens.multipole_4.multipole_comps.multipole_comps_1": 0.00999292442836,
                        "galaxies.lens.multipole_4.slope": 2.01591022174884,
                        "galaxies.lens.shear.gamma_1": -0.01066639393657,
                        "galaxies.lens.shear.gamma_2": 0.04382358943943
                    }
                }
            }
        },
        "errors_at_sigma_3": {
            "type": "list",
            "values": [
                {
                    "type": "tuple",
                    "values": [
                        0.06145741970841938,
                        0.07784842068266927
                    ]
                },
                {
                    "type": "tuple",
                    "values": [
                        0.07293050988582978,
                        0.07140705327243857
                    ]
                },
                {
                    "type": "tuple",
                    "values": [
                        0.07382044849374858,
                        0.060970801142520514
                    ]
                },
                {
                    "type": "tuple",
                    "values": [
                        0.07143321046311069,
                        0.0474740793367754
                    ]
                },
                {
                    "type": "tuple",
                    "values": [
                        0.02987681139732989,
                        0.027174758308111387
                    ]
                },
                {
                    "type": "tuple",
                    "values": [
                        0.04709418327353828,
                        0.025080625669414214
                    ]
                },
                {
                    "type": "tuple",
                    "values": [
                        0.03615703935615694,
                        0.021715885710649082
                    ]
                },
                {
                    "type": "tuple",
                    "values": [
                        0.017794629232187647,
                        0.03244914191247186
                    ]
                },
                {
                    "type": "tuple",
                    "values": [
                        0.018397685709544653,
                        0.017828647030258903
                    ]
                },
                {
                    "type": "tuple",
                    "values": [
                        0.25587986930125606,
                        0.1638516134193937
                    ]
                },
                {
                    "type": "tuple",
                    "values": [
                        0.04485739207853792,
                        0.03453637448700707
                    ]
                },
                {
                    "type": "tuple",
                    "values": [
                        0.034549663906995015,
                        0.0405313008885678
                    ]
                }
            ]
        },
        "log_evidence": -30034.174857997423,
        "median_pdf_sample": {
            "type": "instance",
            "class_path": "autofit.non_linear.samples.sample.Sample",
            "arguments": {
                "log_likelihood": -30000.380438676475,
                "log_prior": 0.3470143093771012,
                "weight": 6.552602646019433e-05,
                "kwargs": {
                    "type": "dict",
                    "arguments": {
                        "galaxies.lens.mass.ell_comps.ell_comps_0": 0.12108679318434927,
                        "galaxies.lens.mass.ell_comps.ell_comps_1": -0.19990743974121883,
                        "galaxies.lens.multipole_4.einstein_radius": 1.2368514782243412,
                        "galaxies.lens.multipole_4.centre.centre_0": -0.052634404397178945,
                        "galaxies.lens.multipole_4.centre.centre_1": -0.02967864476723753,
                        "galaxies.lens.multipole_3.multipole_comps.multipole_comps_0": 0.015859685063454518,
                        "galaxies.lens.multipole_3.multipole_comps.multipole_comps_1": 0.012146157702847108,
                        "galaxies.lens.multipole_4.multipole_comps.multipole_comps_0": 0.015613787721374782,
                        "galaxies.lens.multipole_4.multipole_comps.multipole_comps_1": 0.006160689381823291,
                        "galaxies.lens.multipole_4.slope": 2.0215383853856776,
                        "galaxies.lens.shear.gamma_1": -0.012654513453988898,
                        "galaxies.lens.shear.gamma_2": 0.04337657724003493
                    }
                }
            }
        },
        "values_at_sigma_3": {
            "type": "list",
            "values": [
                {
                    "type": "tuple",
                    "values": [
                        0.05962937347592989,
                        0.19893521386701854
                    ]
                },
                {
                    "type": "tuple",
                    "values": [
                        -0.2728379496270486,
                        -0.12850038646878026
                    ]
                },
                {
                    "type": "tuple",
                    "values": [
                        1.1630310297305926,
                        1.2978222793668617
                    ]
                },
                {
                    "type": "tuple",
                    "values": [
                        -0.12406761486028962,
                        -0.0051603250604035445
                    ]
                },
                {
                    "type": "tuple",
                    "values": [
                        -0.05955545616456742,
                        -0.0025038864591261424
                    ]
                },
                {
                    "type": "tuple",
                    "values": [
                        -0.031234498210083762,
                        0.04094031073286873
                    ]
                },
                {
                    "type": "tuple",
                    "values": [
                        -0.02401088165330983,
                        0.03386204341349619
                    ]
                },
                {
                    "type": "tuple",
                    "values": [
                        -0.0021808415108128644,
                        0.048062929633846646
                    ]
                },
                {
                    "type": "tuple",
                    "values": [
                        -0.012236996327721362,
                        0.023989336412082195
                    ]
                },
                {
                    "type": "tuple",
                    "values": [
                        1.7656585160844216,
                        2.1853899988050713
                    ]
                },
                {
                    "type": "tuple",
                    "values": [
                        -0.05751190553252682,
                        0.021881861033018167
                    ]
                },
                {
                    "type": "tuple",
                    "values": [
                        0.008826913333039914,
                        0.08390787812860273
                    ]
                }
            ]
        },
        "values_at_sigma_1": {
            "type": "list",
            "values": [
                {
                    "type": "tuple",
                    "values": [
                        0.09943866285896283,
                        0.1444480241321717
                    ]
                },
                {
                    "type": "tuple",
                    "values": [
                        -0.2224433684135238,
                        -0.178156370189762
                    ]
                },
                {
                    "type": "tuple",
                    "values": [
                        1.2187909469731075,
                        1.2553563390709843
                    ]
                },
                {
                    "type": "tuple",
                    "values": [
                        -0.07225442566482392,
                        -0.035687474753310626
                    ]
                },
                {
                    "type": "tuple",
                    "values": [
                        -0.03853625127280363,
                        -0.021301193919356382
                    ]
                },
                {
                    "type": "tuple",
                    "values": [
                        0.004526015755339827,
                        0.02543522563312468
                    ]
                },
                {
                    "type": "tuple",
                    "values": [
                        0.0028552920554345738,
                        0.020506648567423694
                    ]
                },
                {
                    "type": "tuple",
                    "values": [
                        0.008787441918432589,
                        0.023963072071001595
                    ]
                },
                {
                    "type": "tuple",
                    "values": [
                        0.0003879845732126898,
                        0.012040001343895337
                    ]
                },
                {
                    "type": "tuple",
                    "values": [
                        1.9603534925530437,
                        2.077362745756797
                    ]
                },
                {
                    "type": "tuple",
                    "values": [
                        -0.026074668650884848,
                        -0.0008281159072721289
                    ]
                },
                {
                    "type": "tuple",
                    "values": [
                        0.03158536414678903,
                        0.05629581059872454
                    ]
                }
            ]
        }
    }
}