{
    "type": "instance",
    "class_path": "autofit.non_linear.samples.summary.SamplesSummary",
    "arguments": {
        "max_log_likelihood_sample": {
            "type": "instance",
            "class_path": "autofit.non_linear.samples.sample.Sample",
            "arguments": {
                "log_likelihood": -54.75905603759236,
                "log_prior": 0.0,
                "weight": 0.0010146783648702958,
                "kwargs": {
                    "type": "dict",
                    "arguments": {
                        "ellipses.0.ell_comps.ell_comps_0": 0.032249728093,
                        "ellipses.0.ell_comps.ell_comps_1": 0.03389220272923
                    }
                }
            }
        },
        "errors_at_sigma_1": {
            "type": "list",
            "values": [
                {
                    "type": "tuple",
                    "values": [
                        0.003454785523050001,
                        0.0033546289126027418
                    ]
                },
                {
                    "type": "tuple",
                    "values": [
                        0.003861440201491758,
                        0.005104344112343735
                    ]
                }
            ]
        },
        "errors_at_sigma_3": {
            "type": "list",
            "values": [
                {
                    "type": "tuple",
                    "values": [
                        0.05231917566052,
                        0.037317627190276495
                    ]
                },
                {
                    "type": "tuple",
                    "values": [
                        0.014878294607311757,
                        0.045255063168529355
                    ]
                }
            ]
        },
        "model": null,
        "median_pdf_sample": {
            "type": "instance",
            "class_path": "autofit.non_linear.samples.sample.Sample",
            "arguments": {
                "log_likelihood": -54.75905603759236,
                "log_prior": 0.0,
                "weight": 0.0010146783648702958,
                "kwargs": {
                    "type": "dict",
                    "arguments": {
                        "ellipses.0.ell_comps.ell_comps_0": 0.03078203470903,
                        "ellipses.0.ell_comps.ell_comps_1": 0.03425573906556176
                    }
                }
            }
        },
        "log_evidence": -65.96335667360854,
        "values_at_sigma_1": {
            "type": "list",
            "values": [
                {
                    "type": "tuple",
                    "values": [
                        0.02732724918598,
                        0.03413666362163274
                    ]
                },
                {
                    "type": "tuple",
                    "values": [
                        0.03039429886407,
                        0.03936008317790549
                    ]
                }
            ]
        },
        "values_at_sigma_3": {
            "type": "list",
            "values": [
                {
                    "type": "tuple",
                    "values": [
                        -0.02153714095149,
                        0.0680996618993065
                    ]
                },
                {
                    "type": "tuple",
                    "values": [
                        0.01937744445825,
                        0.07951080223409111
                    ]
                }
            ]
        }
    }
}