{
    "type": "instance",
    "class_path": "autofit.non_linear.samples.summary.SamplesSummary",
    "arguments": {
        "log_evidence": -57.351867060222006,
        "values_at_sigma_3": {
            "type": "list",
            "values": [
                {
                    "type": "tuple",
                    "values": [
                        -0.009924508511511528,
                        0.03168081900083428
                    ]
                },
                {
                    "type": "tuple",
                    "values": [
                        -0.15766279684179,
                        -0.11170060262564303
                    ]
                },
                {
                    "type": "tuple",
                    "values": [
                        -0.0783112154001,
                        0.0681184564511411
                    ]
                },
                {
                    "type": "tuple",
                    "values": [
                        -0.05684982892583,
                        0.07759610963242654
                    ]
                },
                {
                    "type": "tuple",
                    "values": [
                        -0.041494967122066906,
                        0.09995566184473
                    ]
                },
                {
                    "type": "tuple",
                    "values": [
                        -0.09719128696556603,
                        0.03870161464716
                    ]
                }
            ]
        },
        "errors_at_sigma_3": {
            "type": "list",
            "values": [
                {
                    "type": "tuple",
                    "values": [
                        0.013504136355281528,
                        0.028101191157064283
                    ]
                },
                {
                    "type": "tuple",
                    "values": [
                        0.03595743393914917,
                        0.010004760276997787
                    ]
                },
                {
                    "type": "tuple",
                    "values": [
                        0.09419490869921729,
                        0.05223476315202381
                    ]
                },
                {
                    "type": "tuple",
                    "values": [
                        0.06326271569268,
                        0.07118322286557655
                    ]
                },
                {
                    "type": "tuple",
                    "values": [
                        0.11550985675659173,
                        0.025940772210205174
                    ]
                },
                {
                    "type": "tuple",
                    "values": [
                        0.04003391078025912,
                        0.0958589908324669
                    ]
                }
            ]
        },
        "median_pdf_sample": {
            "type": "instance",
            "class_path": "autofit.non_linear.samples.sample.Sample",
            "arguments": {
                "log_likelihood": -40.734876505018526,
                "log_prior": 0.0,
                "weight": 0.0010193492821028714,
                "kwargs": {
                    "type": "dict",
                    "arguments": {
                        "ellipses.0.ell_comps.ell_comps_0": 0.00357962784377,
                        "ellipses.0.ell_comps.ell_comps_1": -0.12170536290264082,
                        "multipoles.0.multipole_3.multipole_comps.multipole_comps_0": 0.015883693299117298,
                        "multipoles.0.multipole_3.multipole_comps.multipole_comps_1": 0.00641288676685,
                        "multipoles.0.multipole_4.multipole_comps.multipole_comps_0": 0.07401488963452482,
                        "multipoles.0.multipole_4.multipole_comps.multipole_comps_1": -0.05715737618530691
                    }
                }
            }
        },
        "errors_at_sigma_1": {
            "type": "list",
            "values": [
                {
                    "type": "tuple",
                    "values": [
                        0.005465094571437876,
                        0.01011106667790751
                    ]
                },
                {
                    "type": "tuple",
                    "values": [
                        0.011943490029039175,
                        0.004205639419086471
                    ]
                },
                {
                    "type": "tuple",
                    "values": [
                        0.036814993765097295,
                        0.019883703235712702
                    ]
                },
                {
                    "type": "tuple",
                    "values": [
                        0.015031533540836845,
                        0.016344538814077863
                    ]
                },
                {
                    "type": "tuple",
                    "values": [
                        0.05902818685209482,
                        0.015104495419730996
                    ]
                },
                {
                    "type": "tuple",
                    "values": [
                        0.017552781930157628,
                        0.034070259038536915
                    ]
                }
            ]
        },
        "model": null,
        "max_log_likelihood_sample": {
            "type": "instance",
            "class_path": "autofit.non_linear.samples.sample.Sample",
            "arguments": {
                "log_likelihood": -40.734876505018526,
                "log_prior": 0.0,
                "weight": 0.0010193492821028714,
                "kwargs": {
                    "type": "dict",
                    "arguments": {
                        "ellipses.0.ell_comps.ell_comps_0": 0.00279940587806,
                        "ellipses.0.ell_comps.ell_comps_1": -0.11781552023604,
                        "multipoles.0.multipole_3.multipole_comps.multipole_comps_0": 0.02470719780162,
                        "multipoles.0.multipole_3.multipole_comps.multipole_comps_1": 0.00617187079795,
                        "multipoles.0.multipole_4.multipole_comps.multipole_comps_0": 0.0934652480845,
                        "multipoles.0.multipole_4.multipole_comps.multipole_comps_1": -0.05834030738739
                    }
                }
            }
        },
        "values_at_sigma_1": {
            "type": "list",
            "values": [
                {
                    "type": "tuple",
                    "values": [
                        -0.001885466727667876,
                        0.01369069452167751
                    ]
                },
                {
                    "type": "tuple",
                    "values": [
                        -0.13364885293168,
                        -0.11749972348355435
                    ]
                },
                {
                    "type": "tuple",
                    "values": [
                        -0.02093130046598,
                        0.03576739653483
                    ]
                },
                {
                    "type": "tuple",
                    "values": [
                        -0.008618646773986846,
                        0.022757425580927863
                    ]
                },
                {
                    "type": "tuple",
                    "values": [
                        0.01498670278243,
                        0.08911938505425582
                    ]
                },
                {
                    "type": "tuple",
                    "values": [
                        -0.07471015811546454,
                        -0.02308711714677
                    ]
                }
            ]
        }
    }
}