{
    "type": "instance",
    "class_path": "autofit.non_linear.samples.summary.SamplesSummary",
    "arguments": {
        "median_pdf_sample": {
            "type": "instance",
            "class_path": "autofit.non_linear.samples.sample.Sample",
            "arguments": {
                "log_likelihood": -44.83778610171122,
                "log_prior": 0.0,
                "weight": 0.0009927993417223546,
                "kwargs": {
                    "type": "dict",
                    "arguments": {
                        "ellipses.0.ell_comps.ell_comps_0": -0.17892541937359,
                        "ellipses.0.ell_comps.ell_comps_1": 0.02000264562189
                    }
                }
            }
        },
        "errors_at_sigma_3": {
            "type": "list",
            "values": [
                {
                    "type": "tuple",
                    "values": [
                        0.012119074783159267,
                        0.0067833979200691286
                    ]
                },
                {
                    "type": "tuple",
                    "values": [
                        0.010408262394160001,
                        0.010769333314514344
                    ]
                }
            ]
        },
        "model": null,
        "max_log_likelihood_sample": {
            "type": "instance",
            "class_path": "autofit.non_linear.samples.sample.Sample",
            "arguments": {
                "log_likelihood": -44.83778610171122,
                "log_prior": 0.0,
                "weight": 0.0009927993417223546,
                "kwargs": {
                    "type": "dict",
                    "arguments": {
                        "ellipses.0.ell_comps.ell_comps_0": -0.17946381971766,
                        "ellipses.0.ell_comps.ell_comps_1": 0.02085992085007
                    }
                }
            }
        },
        "errors_at_sigma_1": {
            "type": "list",
            "values": [
                {
                    "type": "tuple",
                    "values": [
                        0.0026214172893343213,
                        0.002000108239309989
                    ]
                },
                {
                    "type": "tuple",
                    "values": [
                        0.002441808919861191,
                        0.00290200839347228
                    ]
                }
            ]
        },
        "values_at_sigma_3": {
            "type": "list",
            "values": [
                {
                    "type": "tuple",
                    "values": [
                        -0.19104449415674926,
                        -0.17214202145352087
                    ]
                },
                {
                    "type": "tuple",
                    "values": [
                        0.00959438322773,
                        0.030771978936404345
                    ]
                }
            ]
        },
        "values_at_sigma_1": {
            "type": "list",
            "values": [
                {
                    "type": "tuple",
                    "values": [
                        -0.18154683666292432,
                        -0.17692531113428
                    ]
                },
                {
                    "type": "tuple",
                    "values": [
                        0.01756083670202881,
                        0.02290465401536228
                    ]
                }
            ]
        },
        "log_evidence": -55.711578171910105
    }
}