{
    "type": "instance",
    "class_path": "autofit.non_linear.samples.summary.SamplesSummary",
    "arguments": {
        "log_evidence": -86.48573579266244,
        "errors_at_sigma_1": {
            "type": "list",
            "values": [
                {
                    "type": "tuple",
                    "values": [
                        0.0021492547913972843,
                        0.0026093260450508887
                    ]
                },
                {
                    "type": "tuple",
                    "values": [
                        0.003797489500837914,
                        0.0024727417018484688
                    ]
                }
            ]
        },
        "values_at_sigma_1": {
            "type": "list",
            "values": [
                {
                    "type": "tuple",
                    "values": [
                        0.08002927981635272,
                        0.08478786065280089
                    ]
                },
                {
                    "type": "tuple",
                    "values": [
                        0.19579943269914207,
                        0.20206966390182846
                    ]
                }
            ]
        },
        "values_at_sigma_3": {
            "type": "list",
            "values": [
                {
                    "type": "tuple",
                    "values": [
                        0.07168896919663,
                        0.09613320916377269
                    ]
                },
                {
                    "type": "tuple",
                    "values": [
                        0.1830704179491,
                        0.21182090788688865
                    ]
                }
            ]
        },
        "errors_at_sigma_3": {
            "type": "list",
            "values": [
                {
                    "type": "tuple",
                    "values": [
                        0.010489565411120005,
                        0.013954674556022686
                    ]
                },
                {
                    "type": "tuple",
                    "values": [
                        0.01652650425087998,
                        0.012223985686908662
                    ]
                }
            ]
        },
        "max_log_likelihood_sample": {
            "type": "instance",
            "class_path": "autofit.non_linear.samples.sample.Sample",
            "arguments": {
                "log_likelihood": -74.33298377111899,
                "log_prior": 0.0,
                "weight": 0.000998775361362138,
                "kwargs": {
                    "type": "dict",
                    "arguments": {
                        "ellipses.0.ell_comps.ell_comps_0": 0.08245514530932,
                        "ellipses.0.ell_comps.ell_comps_1": 0.19997136730023
                    }
                }
            }
        },
        "model": null,
        "median_pdf_sample": {
            "type": "instance",
            "class_path": "autofit.non_linear.samples.sample.Sample",
            "arguments": {
                "log_likelihood": -74.33298377111899,
                "log_prior": 0.0,
                "weight": 0.000998775361362138,
                "kwargs": {
                    "type": "dict",
                    "arguments": {
                        "ellipses.0.ell_comps.ell_comps_0": 0.08217853460775,
                        "ellipses.0.ell_comps.ell_comps_1": 0.19959692219998
                    }
                }
            }
        }
    }
}