{
    "type": "instance",
    "class_path": "autofit.non_linear.samples.summary.SamplesSummary",
    "arguments": {
        "model": null,
        "errors_at_sigma_1": {
            "type": "list",
            "values": [
                {
                    "type": "tuple",
                    "values": [
                        0.025746642305597048,
                        0.023669506191098897
                    ]
                },
                {
                    "type": "tuple",
                    "values": [
                        0.03912940463302372,
                        0.02032568255095627
                    ]
                },
                {
                    "type": "tuple",
                    "values": [
                        0.055601241881479094,
                        0.08221222780330022
                    ]
                },
                {
                    "type": "tuple",
                    "values": [
                        0.03125344912301,
                        0.05517028467755172
                    ]
                },
                {
                    "type": "tuple",
                    "values": [
                        0.037974233694801976,
                        0.07167194041593
                    ]
                },
                {
                    "type": "tuple",
                    "values": [
                        0.035366602498319986,
                        0.03939499179274218
                    ]
                }
            ]
        },
        "errors_at_sigma_3": {
            "type": "list",
            "values": [
                {
                    "type": "tuple",
                    "values": [
                        0.04792273935584353,
                        0.09324274401518426
                    ]
                },
                {
                    "type": "tuple",
                    "values": [
                        0.17057052014255142,
                        0.07744354290857061
                    ]
                },
                {
                    "type": "tuple",
                    "values": [
                        0.07934717496008784,
                        0.12016798135364394
                    ]
                },
                {
                    "type": "tuple",
                    "values": [
                        0.09139093962574761,
                        0.10295636817437
                    ]
                },
                {
                    "type": "tuple",
                    "values": [
                        0.06491987433935563,
                        0.12924331313063
                    ]
                },
                {
                    "type": "tuple",
                    "values": [
                        0.13276427899560783,
                        0.0652620267306256
                    ]
                }
            ]
        },
        "max_log_likelihood_sample": {
            "type": "instance",
            "class_path": "autofit.non_linear.samples.sample.Sample",
            "arguments": {
                "log_likelihood": -21.464645521594207,
                "log_prior": 0.0,
                "weight": 0.0009377303161643869,
                "kwargs": {
                    "type": "dict",
                    "arguments": {
                        "ellipses.0.ell_comps.ell_comps_0": -0.08608862700594,
                        "ellipses.0.ell_comps.ell_comps_1": 0.00422653716307,
                        "multipoles.0.multipole_3.multipole_comps.multipole_comps_0": 0.07117600575672,
                        "multipoles.0.multipole_3.multipole_comps.multipole_comps_1": -0.01373197871858,
                        "multipoles.0.multipole_4.multipole_comps.multipole_comps_0": -0.0322632918778,
                        "multipoles.0.multipole_4.multipole_comps.multipole_comps_1": 0.08696285356316
                    }
                }
            }
        },
        "median_pdf_sample": {
            "type": "instance",
            "class_path": "autofit.non_linear.samples.sample.Sample",
            "arguments": {
                "log_likelihood": -21.464645521594207,
                "log_prior": 0.0,
                "weight": 0.0009377303161643869,
                "kwargs": {
                    "type": "dict",
                    "arguments": {
                        "ellipses.0.ell_comps.ell_comps_0": -0.04889396154643648,
                        "ellipses.0.ell_comps.ell_comps_1": -0.008944443419436274,
                        "multipoles.0.multipole_3.multipole_comps.multipole_comps_0": -0.02040143753433217,
                        "multipoles.0.multipole_3.multipole_comps.multipole_comps_1": -0.00331569082642,
                        "multipoles.0.multipole_4.multipole_comps.multipole_comps_0": -0.03193591703708,
                        "multipoles.0.multipole_4.multipole_comps.multipole_comps_1": 0.03416872466650782
                    }
                }
            }
        },
        "values_at_sigma_1": {
            "type": "list",
            "values": [
                {
                    "type": "tuple",
                    "values": [
                        -0.07464060385203353,
                        -0.025224455355337582
                    ]
                },
                {
                    "type": "tuple",
                    "values": [
                        -0.04807384805246,
                        0.01138123913152
                    ]
                },
                {
                    "type": "tuple",
                    "values": [
                        -0.07600267941581126,
                        0.06181079026896805
                    ]
                },
                {
                    "type": "tuple",
                    "values": [
                        -0.03456913994943,
                        0.051854593851131725
                    ]
                },
                {
                    "type": "tuple",
                    "values": [
                        -0.06991015073188198,
                        0.03973602337885
                    ]
                },
                {
                    "type": "tuple",
                    "values": [
                        -0.001197877831812171,
                        0.07356371645925
                    ]
                }
            ]
        },
        "log_evidence": -33.93392410003585,
        "values_at_sigma_3": {
            "type": "list",
            "values": [
                {
                    "type": "tuple",
                    "values": [
                        -0.09681670090228,
                        0.04434878246874777
                    ]
                },
                {
                    "type": "tuple",
                    "values": [
                        -0.17951496356198768,
                        0.06849909948913434
                    ]
                },
                {
                    "type": "tuple",
                    "values": [
                        -0.09974861249442,
                        0.09976654381931177
                    ]
                },
                {
                    "type": "tuple",
                    "values": [
                        -0.09470663045216761,
                        0.09964067734795
                    ]
                },
                {
                    "type": "tuple",
                    "values": [
                        -0.09685579137643563,
                        0.09730739609355
                    ]
                },
                {
                    "type": "tuple",
                    "values": [
                        -0.0985955543291,
                        0.09943075139713342
                    ]
                }
            ]
        }
    }
}