{
    "type": "instance",
    "class_path": "autofit.non_linear.samples.summary.SamplesSummary",
    "arguments": {
        "max_log_likelihood_sample": {
            "type": "instance",
            "class_path": "autofit.non_linear.samples.sample.Sample",
            "arguments": {
                "log_likelihood": -147.00790996161592,
                "log_prior": 0.0,
                "weight": 0.0009836490201625722,
                "kwargs": {
                    "type": "dict",
                    "arguments": {
                        "ellipses.0.ell_comps.ell_comps_0": -0.28332483822609,
                        "ellipses.0.ell_comps.ell_comps_1": 0.02978889663845,
                        "multipoles.0.multipole_3.multipole_comps.multipole_comps_0": -0.0025327981392,
                        "multipoles.0.multipole_3.multipole_comps.multipole_comps_1": 0.00176984659045,
                        "multipoles.0.multipole_4.multipole_comps.multipole_comps_0": -0.01156387232098,
                        "multipoles.0.multipole_4.multipole_comps.multipole_comps_1": -0.00067335979797
                    }
                }
            }
        },
        "model": null,
        "values_at_sigma_3": {
            "type": "list",
            "values": [
                {
                    "type": "tuple",
                    "values": [
                        -0.2885187288916214,
                        -0.2786433552971208
                    ]
                },
                {
                    "type": "tuple",
                    "values": [
                        0.023122851827812364,
                        0.03648470836783431
                    ]
                },
                {
                    "type": "tuple",
                    "values": [
                        -0.005621357856308047,
                        0.0009381453578908704
                    ]
                },
                {
                    "type": "tuple",
                    "values": [
                        -0.00166845194087226,
                        0.00491065172942
                    ]
                },
                {
                    "type": "tuple",
                    "values": [
                        -0.01546414400005,
                        -0.006982690860412021
                    ]
                },
                {
                    "type": "tuple",
                    "values": [
                        -0.005214693966017975,
                        0.00336882720982
                    ]
                }
            ]
        },
        "median_pdf_sample": {
            "type": "instance",
            "class_path": "autofit.non_linear.samples.sample.Sample",
            "arguments": {
                "log_likelihood": -147.00790996161592,
                "log_prior": 0.0,
                "weight": 0.0009836490201625722,
                "kwargs": {
                    "type": "dict",
                    "arguments": {
                        "ellipses.0.ell_comps.ell_comps_0": -0.28337483351679726,
                        "ellipses.0.ell_comps.ell_comps_1": 0.02963368344272573,
                        "multipoles.0.multipole_3.multipole_comps.multipole_comps_0": -0.002284453012430393,
                        "multipoles.0.multipole_3.multipole_comps.multipole_comps_1": 0.00132873303778,
                        "multipoles.0.multipole_4.multipole_comps.multipole_comps_0": -0.01122007405687,
                        "multipoles.0.multipole_4.multipole_comps.multipole_comps_1": -0.0007483489556589585
                    }
                }
            }
        },
        "errors_at_sigma_3": {
            "type": "list",
            "values": [
                {
                    "type": "tuple",
                    "values": [
                        0.005143895374824126,
                        0.004731478219676455
                    ]
                },
                {
                    "type": "tuple",
                    "values": [
                        0.006510831614913365,
                        0.006851024925108581
                    ]
                },
                {
                    "type": "tuple",
                    "values": [
                        0.0033369048438776534,
                        0.0032225983703212634
                    ]
                },
                {
                    "type": "tuple",
                    "values": [
                        0.00299718497865226,
                        0.0035819186916400004
                    ]
                },
                {
                    "type": "tuple",
                    "values": [
                        0.004244069943180001,
                        0.004237383196457979
                    ]
                },
                {
                    "type": "tuple",
                    "values": [
                        0.004466345010359017,
                        0.004117176165478959
                    ]
                }
            ]
        },
        "log_evidence": -175.09629901163828,
        "errors_at_sigma_1": {
            "type": "list",
            "values": [
                {
                    "type": "tuple",
                    "values": [
                        0.0017564921079527562,
                        0.001650842646962969
                    ]
                },
                {
                    "type": "tuple",
                    "values": [
                        0.0022903333527757273,
                        0.002406336494906385
                    ]
                },
                {
                    "type": "tuple",
                    "values": [
                        0.001074279107136514,
                        0.001130628735430393
                    ]
                },
                {
                    "type": "tuple",
                    "values": [
                        0.0010516217696764974,
                        0.0011004556518298216
                    ]
                },
                {
                    "type": "tuple",
                    "values": [
                        0.0014042926431279776,
                        0.0015096694510372405
                    ]
                },
                {
                    "type": "tuple",
                    "values": [
                        0.0014588492297566576,
                        0.0014601256051310903
                    ]
                }
            ]
        },
        "values_at_sigma_1": {
            "type": "list",
            "values": [
                {
                    "type": "tuple",
                    "values": [
                        -0.28513132562475,
                        -0.2817239908698343
                    ]
                },
                {
                    "type": "tuple",
                    "values": [
                        0.02734335008995,
                        0.032040019937632114
                    ]
                },
                {
                    "type": "tuple",
                    "values": [
                        -0.0033587321195669073,
                        -0.001153824277
                    ]
                },
                {
                    "type": "tuple",
                    "values": [
                        0.00027711126810350264,
                        0.0024291886896098216
                    ]
                },
                {
                    "type": "tuple",
                    "values": [
                        -0.012624366699997978,
                        -0.00971040460583276
                    ]
                },
                {
                    "type": "tuple",
                    "values": [
                        -0.002207198185415616,
                        0.0007117766494721317
                    ]
                }
            ]
        }
    }
}