{
    "type": "instance",
    "class_path": "autofit.non_linear.samples.summary.SamplesSummary",
    "arguments": {
        "errors_at_sigma_1": {
            "type": "list",
            "values": [
                {
                    "type": "tuple",
                    "values": [
                        0.0013434287518538368,
                        0.0012867186778753315
                    ]
                },
                {
                    "type": "tuple",
                    "values": [
                        0.0015851835620605687,
                        0.0018657304222894355
                    ]
                }
            ]
        },
        "model": null,
        "log_evidence": -126.66176396901264,
        "errors_at_sigma_3": {
            "type": "list",
            "values": [
                {
                    "type": "tuple",
                    "values": [
                        0.003644678971967963,
                        0.00426484379397557
                    ]
                },
                {
                    "type": "tuple",
                    "values": [
                        0.004347295915109739,
                        0.004387944850847286
                    ]
                }
            ]
        },
        "max_log_likelihood_sample": {
            "type": "instance",
            "class_path": "autofit.non_linear.samples.sample.Sample",
            "arguments": {
                "log_likelihood": -115.39458654676491,
                "log_prior": 0.0,
                "weight": 0.0009762894896732946,
                "kwargs": {
                    "type": "dict",
                    "arguments": {
                        "ellipses.0.ell_comps.ell_comps_0": -0.31519239693033,
                        "ellipses.0.ell_comps.ell_comps_1": -0.06844973490037
                    }
                }
            }
        },
        "values_at_sigma_1": {
            "type": "list",
            "values": [
                {
                    "type": "tuple",
                    "values": [
                        -0.31663546237017914,
                        -0.31400531494045
                    ]
                },
                {
                    "type": "tuple",
                    "values": [
                        -0.07008360803088,
                        -0.06663269404653
                    ]
                }
            ]
        },
        "median_pdf_sample": {
            "type": "instance",
            "class_path": "autofit.non_linear.samples.sample.Sample",
            "arguments": {
                "log_likelihood": -115.39458654676491,
                "log_prior": 0.0,
                "weight": 0.0009762894896732946,
                "kwargs": {
                    "type": "dict",
                    "arguments": {
                        "ellipses.0.ell_comps.ell_comps_0": -0.3152920336183253,
                        "ellipses.0.ell_comps.ell_comps_1": -0.06849842446881943
                    }
                }
            }
        },
        "values_at_sigma_3": {
            "type": "list",
            "values": [
                {
                    "type": "tuple",
                    "values": [
                        -0.31893671259029327,
                        -0.31102718982434974
                    ]
                },
                {
                    "type": "tuple",
                    "values": [
                        -0.07284572038392917,
                        -0.06411047961797214
                    ]
                }
            ]
        }
    }
}