{
    "type": "instance",
    "class_path": "autofit.non_linear.samples.summary.SamplesSummary",
    "arguments": {
        "model": null,
        "errors_at_sigma_1": {
            "type": "list",
            "values": [
                {
                    "type": "tuple",
                    "values": [
                        0.003078734726794121,
                        0.003073166111101075
                    ]
                },
                {
                    "type": "tuple",
                    "values": [
                        0.00379670560139167,
                        0.0030149637935116547
                    ]
                }
            ]
        },
        "log_evidence": -34.97749798553928,
        "errors_at_sigma_3": {
            "type": "list",
            "values": [
                {
                    "type": "tuple",
                    "values": [
                        0.00909321714705701,
                        0.010065521963325882
                    ]
                },
                {
                    "type": "tuple",
                    "values": [
                        0.010851979527373747,
                        0.009663833405526248
                    ]
                }
            ]
        },
        "median_pdf_sample": {
            "type": "instance",
            "class_path": "autofit.non_linear.samples.sample.Sample",
            "arguments": {
                "log_likelihood": -24.899907523011485,
                "log_prior": 0.0,
                "weight": 0.0009747017314592243,
                "kwargs": {
                    "type": "dict",
                    "arguments": {
                        "ellipses.0.ell_comps.ell_comps_0": -0.030441350976535882,
                        "ellipses.0.ell_comps.ell_comps_1": 0.07182445722229375
                    }
                }
            }
        },
        "max_log_likelihood_sample": {
            "type": "instance",
            "class_path": "autofit.non_linear.samples.sample.Sample",
            "arguments": {
                "log_likelihood": -24.899907523011485,
                "log_prior": 0.0,
                "weight": 0.0009747017314592243,
                "kwargs": {
                    "type": "dict",
                    "arguments": {
                        "ellipses.0.ell_comps.ell_comps_0": -0.03128094011844,
                        "ellipses.0.ell_comps.ell_comps_1": 0.0732253621348
                    }
                }
            }
        },
        "values_at_sigma_1": {
            "type": "list",
            "values": [
                {
                    "type": "tuple",
                    "values": [
                        -0.03352008570333,
                        -0.027368184865434807
                    ]
                },
                {
                    "type": "tuple",
                    "values": [
                        0.06802775162090208,
                        0.0748394210158054
                    ]
                }
            ]
        },
        "values_at_sigma_3": {
            "type": "list",
            "values": [
                {
                    "type": "tuple",
                    "values": [
                        -0.03953456812359289,
                        -0.02037582901321
                    ]
                },
                {
                    "type": "tuple",
                    "values": [
                        0.06097247769492,
                        0.08148829062782
                    ]
                }
            ]
        }
    }
}