{
    "type": "instance",
    "class_path": "autofit.non_linear.samples.summary.SamplesSummary",
    "arguments": {
        "median_pdf_sample": {
            "type": "instance",
            "class_path": "autofit.non_linear.samples.sample.Sample",
            "arguments": {
                "log_likelihood": -15.152744862733636,
                "log_prior": 0.0,
                "weight": 0.0010026692215453735,
                "kwargs": {
                    "type": "dict",
                    "arguments": {
                        "ellipses.0.ell_comps.ell_comps_0": 0.01943274782336,
                        "ellipses.0.ell_comps.ell_comps_1": -0.10215013415282793,
                        "multipoles.0.multipole_3.multipole_comps.multipole_comps_0": -0.004323573048138595,
                        "multipoles.0.multipole_3.multipole_comps.multipole_comps_1": 0.0009564453397943924,
                        "multipoles.0.multipole_4.multipole_comps.multipole_comps_0": 0.00540853562975,
                        "multipoles.0.multipole_4.multipole_comps.multipole_comps_1": 0.005527071092088344
                    }
                }
            }
        },
        "max_log_likelihood_sample": {
            "type": "instance",
            "class_path": "autofit.non_linear.samples.sample.Sample",
            "arguments": {
                "log_likelihood": -15.152744862733636,
                "log_prior": 0.0,
                "weight": 0.0010026692215453735,
                "kwargs": {
                    "type": "dict",
                    "arguments": {
                        "ellipses.0.ell_comps.ell_comps_0": 0.02071629235321,
                        "ellipses.0.ell_comps.ell_comps_1": -0.10706452244742,
                        "multipoles.0.multipole_3.multipole_comps.multipole_comps_0": -0.00186376188652,
                        "multipoles.0.multipole_3.multipole_comps.multipole_comps_1": -0.00014026914328,
                        "multipoles.0.multipole_4.multipole_comps.multipole_comps_0": 0.00689362382404,
                        "multipoles.0.multipole_4.multipole_comps.multipole_comps_1": 0.01193296264814
                    }
                }
            }
        },
        "values_at_sigma_3": {
            "type": "list",
            "values": [
                {
                    "type": "tuple",
                    "values": [
                        0.0029277696489804846,
                        0.03490070364307458
                    ]
                },
                {
                    "type": "tuple",
                    "values": [
                        -0.11537729050194895,
                        -0.08482857306179
                    ]
                },
                {
                    "type": "tuple",
                    "values": [
                        -0.021464282536586242,
                        0.01170219982979
                    ]
                },
                {
                    "type": "tuple",
                    "values": [
                        -0.01282460818768069,
                        0.015102560626982188
                    ]
                },
                {
                    "type": "tuple",
                    "values": [
                        -0.014425292270129312,
                        0.023338253024874436
                    ]
                },
                {
                    "type": "tuple",
                    "values": [
                        -0.01376538499764,
                        0.02271930835921108
                    ]
                }
            ]
        },
        "model": null,
        "log_evidence": -35.22998972351463,
        "errors_at_sigma_1": {
            "type": "list",
            "values": [
                {
                    "type": "tuple",
                    "values": [
                        0.005380493667769999,
                        0.005372165706370346
                    ]
                },
                {
                    "type": "tuple",
                    "values": [
                        0.006003190682135284,
                        0.0059083745965836515
                    ]
                },
                {
                    "type": "tuple",
                    "values": [
                        0.005303258063356489,
                        0.00453517188931507
                    ]
                },
                {
                    "type": "tuple",
                    "values": [
                        0.005135570956740725,
                        0.005221261437875608
                    ]
                },
                {
                    "type": "tuple",
                    "values": [
                        0.00663637697395777,
                        0.006883859739029225
                    ]
                },
                {
                    "type": "tuple",
                    "values": [
                        0.0072751264387427485,
                        0.006760374717401657
                    ]
                }
            ]
        },
        "errors_at_sigma_3": {
            "type": "list",
            "values": [
                {
                    "type": "tuple",
                    "values": [
                        0.016504978174379514,
                        0.01546795581971458
                    ]
                },
                {
                    "type": "tuple",
                    "values": [
                        0.013227156349121014,
                        0.01732156109103794
                    ]
                },
                {
                    "type": "tuple",
                    "values": [
                        0.017140709488447647,
                        0.016025772877928595
                    ]
                },
                {
                    "type": "tuple",
                    "values": [
                        0.013781053527475082,
                        0.014146115287187795
                    ]
                },
                {
                    "type": "tuple",
                    "values": [
                        0.019833827899879312,
                        0.017929717395124434
                    ]
                },
                {
                    "type": "tuple",
                    "values": [
                        0.019292456089728342,
                        0.01719223726712274
                    ]
                }
            ]
        },
        "values_at_sigma_1": {
            "type": "list",
            "values": [
                {
                    "type": "tuple",
                    "values": [
                        0.01405225415559,
                        0.024804913529730344
                    ]
                },
                {
                    "type": "tuple",
                    "values": [
                        -0.10815332483496322,
                        -0.09624175955624428
                    ]
                },
                {
                    "type": "tuple",
                    "values": [
                        -0.009626831111495085,
                        0.00021159884117647417
                    ]
                },
                {
                    "type": "tuple",
                    "values": [
                        -0.004179125616946332,
                        0.00617770677767
                    ]
                },
                {
                    "type": "tuple",
                    "values": [
                        -0.0012278413442077692,
                        0.012292395368779225
                    ]
                },
                {
                    "type": "tuple",
                    "values": [
                        -0.0017480553466544051,
                        0.01228744580949
                    ]
                }
            ]
        }
    }
}