{
    "type": "instance",
    "class_path": "autofit.non_linear.samples.summary.SamplesSummary",
    "arguments": {
        "median_pdf_sample": {
            "type": "instance",
            "class_path": "autofit.non_linear.samples.sample.Sample",
            "arguments": {
                "log_likelihood": -47.291850819479016,
                "log_prior": 0.0,
                "weight": 0.0010514306371150837,
                "kwargs": {
                    "type": "dict",
                    "arguments": {
                        "ellipses.0.ell_comps.ell_comps_0": -0.07643976869522,
                        "ellipses.0.ell_comps.ell_comps_1": 0.06197136075930348,
                        "multipoles.0.multipole_3.multipole_comps.multipole_comps_0": 0.006961869853699079,
                        "multipoles.0.multipole_3.multipole_comps.multipole_comps_1": 0.00569189346006,
                        "multipoles.0.multipole_4.multipole_comps.multipole_comps_0": 0.025380032211753924,
                        "multipoles.0.multipole_4.multipole_comps.multipole_comps_1": 0.02746105951336276
                    }
                }
            }
        },
        "log_evidence": -63.154819672575904,
        "errors_at_sigma_1": {
            "type": "list",
            "values": [
                {
                    "type": "tuple",
                    "values": [
                        0.00446520259607,
                        0.004562584884359996
                    ]
                },
                {
                    "type": "tuple",
                    "values": [
                        0.00869825840726348,
                        0.007904506311318872
                    ]
                },
                {
                    "type": "tuple",
                    "values": [
                        0.04923865169281908,
                        0.03236028995001046
                    ]
                },
                {
                    "type": "tuple",
                    "values": [
                        0.049307299863837,
                        0.04307477076472
                    ]
                },
                {
                    "type": "tuple",
                    "values": [
                        0.06314505091921195,
                        0.04015153550370607
                    ]
                },
                {
                    "type": "tuple",
                    "values": [
                        0.05365899194059967,
                        0.0391722648329247
                    ]
                }
            ]
        },
        "values_at_sigma_3": {
            "type": "list",
            "values": [
                {
                    "type": "tuple",
                    "values": [
                        -0.09396179891089,
                        -0.051094356257427545
                    ]
                },
                {
                    "type": "tuple",
                    "values": [
                        0.04119682971169,
                        0.10664449751737
                    ]
                },
                {
                    "type": "tuple",
                    "values": [
                        -0.09885217483859,
                        0.09795747215857473
                    ]
                },
                {
                    "type": "tuple",
                    "values": [
                        -0.09560509787237603,
                        0.09916655610836
                    ]
                },
                {
                    "type": "tuple",
                    "values": [
                        -0.09918528368558496,
                        0.09930715527517507
                    ]
                },
                {
                    "type": "tuple",
                    "values": [
                        -0.09695232643300719,
                        0.09781147719141324
                    ]
                }
            ]
        },
        "values_at_sigma_1": {
            "type": "list",
            "values": [
                {
                    "type": "tuple",
                    "values": [
                        -0.08090497129129,
                        -0.07187718381086
                    ]
                },
                {
                    "type": "tuple",
                    "values": [
                        0.05327310235204,
                        0.06987586707062235
                    ]
                },
                {
                    "type": "tuple",
                    "values": [
                        -0.04227678183912,
                        0.03932215980370954
                    ]
                },
                {
                    "type": "tuple",
                    "values": [
                        -0.043615406403777,
                        0.04876666422478
                    ]
                },
                {
                    "type": "tuple",
                    "values": [
                        -0.03776501870745803,
                        0.06553156771546
                    ]
                },
                {
                    "type": "tuple",
                    "values": [
                        -0.026197932427236913,
                        0.06663332434628746
                    ]
                }
            ]
        },
        "max_log_likelihood_sample": {
            "type": "instance",
            "class_path": "autofit.non_linear.samples.sample.Sample",
            "arguments": {
                "log_likelihood": -47.291850819479016,
                "log_prior": 0.0,
                "weight": 0.0010514306371150837,
                "kwargs": {
                    "type": "dict",
                    "arguments": {
                        "ellipses.0.ell_comps.ell_comps_0": -0.07747224410983,
                        "ellipses.0.ell_comps.ell_comps_1": 0.06310027916987,
                        "multipoles.0.multipole_3.multipole_comps.multipole_comps_0": 0.02604894434511,
                        "multipoles.0.multipole_3.multipole_comps.multipole_comps_1": 0.04619871238803,
                        "multipoles.0.multipole_4.multipole_comps.multipole_comps_0": 0.03577384508671,
                        "multipoles.0.multipole_4.multipole_comps.multipole_comps_1": -0.0023925188542
                    }
                }
            }
        },
        "model": null,
        "errors_at_sigma_3": {
            "type": "list",
            "values": [
                {
                    "type": "tuple",
                    "values": [
                        0.017522030215670004,
                        0.025345412437792453
                    ]
                },
                {
                    "type": "tuple",
                    "values": [
                        0.020774531047613475,
                        0.04467313675806652
                    ]
                },
                {
                    "type": "tuple",
                    "values": [
                        0.10581404469228908,
                        0.09099560230487565
                    ]
                },
                {
                    "type": "tuple",
                    "values": [
                        0.10129699133243603,
                        0.09347466264830001
                    ]
                },
                {
                    "type": "tuple",
                    "values": [
                        0.12456531589733888,
                        0.07392712306342114
                    ]
                },
                {
                    "type": "tuple",
                    "values": [
                        0.12441338594636996,
                        0.07035041767805048
                    ]
                }
            ]
        }
    }
}