{
    "type": "instance",
    "class_path": "autofit.non_linear.samples.summary.SamplesSummary",
    "arguments": {
        "errors_at_sigma_3": {
            "type": "list",
            "values": [
                {
                    "type": "tuple",
                    "values": [
                        0.027128250721200002,
                        0.0331412728847
                    ]
                },
                {
                    "type": "tuple",
                    "values": [
                        0.02578810197286595,
                        0.03459061970814899
                    ]
                },
                {
                    "type": "tuple",
                    "values": [
                        0.007616811765494618,
                        0.008512324833615383
                    ]
                },
                {
                    "type": "tuple",
                    "values": [
                        0.008942005387407977,
                        0.009036425764490916
                    ]
                },
                {
                    "type": "tuple",
                    "values": [
                        0.009117722828127459,
                        0.010075104747070024
                    ]
                },
                {
                    "type": "tuple",
                    "values": [
                        0.007486490948443818,
                        0.00794055145597498
                    ]
                },
                {
                    "type": "tuple",
                    "values": [
                        0.008502705686763111,
                        0.009740778805148731
                    ]
                },
                {
                    "type": "tuple",
                    "values": [
                        0.010083070818604949,
                        0.010487386290166913
                    ]
                }
            ]
        },
        "values_at_sigma_1": {
            "type": "list",
            "values": [
                {
                    "type": "tuple",
                    "values": [
                        -0.02957963611077,
                        -0.00977729808628616
                    ]
                },
                {
                    "type": "tuple",
                    "values": [
                        -0.11103969702919822,
                        -0.09136875743049644
                    ]
                },
                {
                    "type": "tuple",
                    "values": [
                        -0.007286203568655357,
                        -0.0015596136868128213
                    ]
                },
                {
                    "type": "tuple",
                    "values": [
                        -0.009919910244255621,
                        -0.003737546858525252
                    ]
                },
                {
                    "type": "tuple",
                    "values": [
                        0.00046413966685538837,
                        0.006913534647836586
                    ]
                },
                {
                    "type": "tuple",
                    "values": [
                        -0.004698766989428237,
                        0.00024744426131
                    ]
                },
                {
                    "type": "tuple",
                    "values": [
                        -0.002155063541460915,
                        0.00425263362624
                    ]
                },
                {
                    "type": "tuple",
                    "values": [
                        -0.0010264906782995796,
                        0.0061594578983579324
                    ]
                }
            ]
        },
        "model": null,
        "max_log_likelihood_sample": {
            "type": "instance",
            "class_path": "autofit.non_linear.samples.sample.Sample",
            "arguments": {
                "log_likelihood": -3.961959325749083,
                "log_prior": 0.0,
                "weight": 0.0010248029538075557,
                "kwargs": {
                    "type": "dict",
                    "arguments": {
                        "ellipses.0.ell_comps.ell_comps_0": -0.01612130496537,
                        "ellipses.0.ell_comps.ell_comps_1": -0.10507708605698,
                        "multipoles.0.multipole_1.multipole_comps.multipole_comps_0": -0.00352731962296,
                        "multipoles.0.multipole_1.multipole_comps.multipole_comps_1": -0.00658087310562,
                        "multipoles.0.multipole_3.multipole_comps.multipole_comps_0": 0.00360255183358,
                        "multipoles.0.multipole_3.multipole_comps.multipole_comps_1": -0.00325669258909,
                        "multipoles.0.multipole_4.multipole_comps.multipole_comps_0": -2.32723693e-05,
                        "multipoles.0.multipole_4.multipole_comps.multipole_comps_1": 0.00458386763848
                    }
                }
            }
        },
        "median_pdf_sample": {
            "type": "instance",
            "class_path": "autofit.non_linear.samples.sample.Sample",
            "arguments": {
                "log_likelihood": -3.961959325749083,
                "log_prior": 0.0,
                "weight": 0.0010248029538075557,
                "kwargs": {
                    "type": "dict",
                    "arguments": {
                        "ellipses.0.ell_comps.ell_comps_0": -0.01991903361939,
                        "ellipses.0.ell_comps.ell_comps_1": -0.10204420124978993,
                        "multipoles.0.multipole_1.multipole_comps.multipole_comps_0": -0.004388118431905382,
                        "multipoles.0.multipole_1.multipole_comps.multipole_comps_1": -0.00693532035881,
                        "multipoles.0.multipole_3.multipole_comps.multipole_comps_0": 0.0033592043911774582,
                        "multipoles.0.multipole_3.multipole_comps.multipole_comps_1": -0.00230707225939376,
                        "multipoles.0.multipole_4.multipole_comps.multipole_comps_0": 0.0009916362244331099,
                        "multipoles.0.multipole_4.multipole_comps.multipole_comps_1": 0.002608115621013087
                    }
                }
            }
        },
        "values_at_sigma_3": {
            "type": "list",
            "values": [
                {
                    "type": "tuple",
                    "values": [
                        -0.04704728434059,
                        0.01322223926531
                    ]
                },
                {
                    "type": "tuple",
                    "values": [
                        -0.12783230322265587,
                        -0.06745358154164094
                    ]
                },
                {
                    "type": "tuple",
                    "values": [
                        -0.0120049301974,
                        0.00412420640171
                    ]
                },
                {
                    "type": "tuple",
                    "values": [
                        -0.015877325746217977,
                        0.002101105405680915
                    ]
                },
                {
                    "type": "tuple",
                    "values": [
                        -0.00575851843695,
                        0.013434309138247481
                    ]
                },
                {
                    "type": "tuple",
                    "values": [
                        -0.009793563207837579,
                        0.005633479196581221
                    ]
                },
                {
                    "type": "tuple",
                    "values": [
                        -0.00751106946233,
                        0.01073241502958184
                    ]
                },
                {
                    "type": "tuple",
                    "values": [
                        -0.007474955197591861,
                        0.01309550191118
                    ]
                }
            ]
        },
        "errors_at_sigma_1": {
            "type": "list",
            "values": [
                {
                    "type": "tuple",
                    "values": [
                        0.00966060249138,
                        0.01014173553310384
                    ]
                },
                {
                    "type": "tuple",
                    "values": [
                        0.008995495779408294,
                        0.010675443819293487
                    ]
                },
                {
                    "type": "tuple",
                    "values": [
                        0.002898085136749975,
                        0.0028285047450925605
                    ]
                },
                {
                    "type": "tuple",
                    "values": [
                        0.0029845898854456215,
                        0.0031977735002847478
                    ]
                },
                {
                    "type": "tuple",
                    "values": [
                        0.00289506472432207,
                        0.003554330256659128
                    ]
                },
                {
                    "type": "tuple",
                    "values": [
                        0.0023916947300344775,
                        0.00255451652070376
                    ]
                },
                {
                    "type": "tuple",
                    "values": [
                        0.003146699765894025,
                        0.0032609974018068906
                    ]
                },
                {
                    "type": "tuple",
                    "values": [
                        0.003634606299312667,
                        0.0035513422773448453
                    ]
                }
            ]
        },
        "log_evidence": -32.79918922008375
    }
}