{
    "type": "instance",
    "class_path": "autofit.non_linear.samples.summary.SamplesSummary",
    "arguments": {
        "errors_at_sigma_1": {
            "type": "list",
            "values": [
                {
                    "type": "tuple",
                    "values": [
                        0.0038380843006069476,
                        0.004941508007643869
                    ]
                },
                {
                    "type": "tuple",
                    "values": [
                        0.0038233907383299903,
                        0.003409232035039067
                    ]
                },
                {
                    "type": "tuple",
                    "values": [
                        0.010167623073591831,
                        0.01128456556146817
                    ]
                },
                {
                    "type": "tuple",
                    "values": [
                        0.0069217105406100005,
                        0.008891961288102008
                    ]
                },
                {
                    "type": "tuple",
                    "values": [
                        0.00918803625545,
                        0.009205766046005079
                    ]
                },
                {
                    "type": "tuple",
                    "values": [
                        0.01178306508663968,
                        0.011305863871353357
                    ]
                },
                {
                    "type": "tuple",
                    "values": [
                        0.008952468308100002,
                        0.00903586159197
                    ]
                },
                {
                    "type": "tuple",
                    "values": [
                        0.010386075090020857,
                        0.008585432767774778
                    ]
                }
            ]
        },
        "log_evidence": -52.23624174080539,
        "max_log_likelihood_sample": {
            "type": "instance",
            "class_path": "autofit.non_linear.samples.sample.Sample",
            "arguments": {
                "log_likelihood": -28.020430845335625,
                "log_prior": 0.0,
                "weight": 0.001044107277578958,
                "kwargs": {
                    "type": "dict",
                    "arguments": {
                        "ellipses.0.ell_comps.ell_comps_0": -0.14054045869719,
                        "ellipses.0.ell_comps.ell_comps_1": 0.12513083759082,
                        "multipoles.0.multipole_1.multipole_comps.multipole_comps_0": -0.00475734345273,
                        "multipoles.0.multipole_1.multipole_comps.multipole_comps_1": -0.00336724841414,
                        "multipoles.0.multipole_3.multipole_comps.multipole_comps_0": 0.00632938889766,
                        "multipoles.0.multipole_3.multipole_comps.multipole_comps_1": 0.00143986679571,
                        "multipoles.0.multipole_4.multipole_comps.multipole_comps_0": -0.01207183107427,
                        "multipoles.0.multipole_4.multipole_comps.multipole_comps_1": -0.00219598963945
                    }
                }
            }
        },
        "values_at_sigma_3": {
            "type": "list",
            "values": [
                {
                    "type": "tuple",
                    "values": [
                        -0.1510490068685612,
                        -0.1274302413739413
                    ]
                },
                {
                    "type": "tuple",
                    "values": [
                        0.11413469570338551,
                        0.13518443266673452
                    ]
                },
                {
                    "type": "tuple",
                    "values": [
                        -0.032694149116523546,
                        0.02959370213685289
                    ]
                },
                {
                    "type": "tuple",
                    "values": [
                        -0.026036594320287258,
                        0.02206774243129
                    ]
                },
                {
                    "type": "tuple",
                    "values": [
                        -0.01925860754115,
                        0.031790975155146
                    ]
                },
                {
                    "type": "tuple",
                    "values": [
                        -0.0286458897633,
                        0.034930716363407
                    ]
                },
                {
                    "type": "tuple",
                    "values": [
                        -0.04442058401334,
                        0.007614398464191675
                    ]
                },
                {
                    "type": "tuple",
                    "values": [
                        -0.02914850071776,
                        0.03781915931947
                    ]
                }
            ]
        },
        "model": null,
        "values_at_sigma_1": {
            "type": "list",
            "values": [
                {
                    "type": "tuple",
                    "values": [
                        -0.1435234344993908,
                        -0.13474384219114
                    ]
                },
                {
                    "type": "tuple",
                    "values": [
                        0.12182989874295,
                        0.12906252151631906
                    ]
                },
                {
                    "type": "tuple",
                    "values": [
                        -0.01280305219657,
                        0.00864913643849
                    ]
                },
                {
                    "type": "tuple",
                    "values": [
                        -0.01062673665822,
                        0.005186935170492009
                    ]
                },
                {
                    "type": "tuple",
                    "values": [
                        -0.00308583044742,
                        0.015307971854035079
                    ]
                },
                {
                    "type": "tuple",
                    "values": [
                        -0.010611569348643596,
                        0.012477359609349441
                    ]
                },
                {
                    "type": "tuple",
                    "values": [
                        -0.02773119853355,
                        -0.00974286863348
                    ]
                },
                {
                    "type": "tuple",
                    "values": [
                        -0.004362600858040856,
                        0.014608906999754779
                    ]
                }
            ]
        },
        "median_pdf_sample": {
            "type": "instance",
            "class_path": "autofit.non_linear.samples.sample.Sample",
            "arguments": {
                "log_likelihood": -28.020430845335625,
                "log_prior": 0.0,
                "weight": 0.001044107277578958,
                "kwargs": {
                    "type": "dict",
                    "arguments": {
                        "ellipses.0.ell_comps.ell_comps_0": -0.13968535019878386,
                        "ellipses.0.ell_comps.ell_comps_1": 0.12565328948128,
                        "multipoles.0.multipole_1.multipole_comps.multipole_comps_0": -0.00263542912297817,
                        "multipoles.0.multipole_1.multipole_comps.multipole_comps_1": -0.00370502611761,
                        "multipoles.0.multipole_3.multipole_comps.multipole_comps_0": 0.00610220580803,
                        "multipoles.0.multipole_3.multipole_comps.multipole_comps_1": 0.0011714957379960833,
                        "multipoles.0.multipole_4.multipole_comps.multipole_comps_0": -0.01877873022545,
                        "multipoles.0.multipole_4.multipole_comps.multipole_comps_1": 0.00602347423198
                    }
                }
            }
        },
        "errors_at_sigma_3": {
            "type": "list",
            "values": [
                {
                    "type": "tuple",
                    "values": [
                        0.011363656669777344,
                        0.01225510882484257
                    ]
                },
                {
                    "type": "tuple",
                    "values": [
                        0.011518593777894479,
                        0.009531143185454533
                    ]
                },
                {
                    "type": "tuple",
                    "values": [
                        0.030058719993545376,
                        0.03222913125983106
                    ]
                },
                {
                    "type": "tuple",
                    "values": [
                        0.02233156820267726,
                        0.025772768548900003
                    ]
                },
                {
                    "type": "tuple",
                    "values": [
                        0.02536081334918,
                        0.025688769347116
                    ]
                },
                {
                    "type": "tuple",
                    "values": [
                        0.029817385501296083,
                        0.03375922062541092
                    ]
                },
                {
                    "type": "tuple",
                    "values": [
                        0.025641853787890002,
                        0.026393128689641675
                    ]
                },
                {
                    "type": "tuple",
                    "values": [
                        0.035171974949740004,
                        0.03179568508749
                    ]
                }
            ]
        }
    }
}