{
    "type": "instance",
    "class_path": "autofit.non_linear.samples.summary.SamplesSummary",
    "arguments": {
        "values_at_sigma_3": {
            "type": "list",
            "values": [
                {
                    "type": "tuple",
                    "values": [
                        -0.10580730953606393,
                        -0.09149824826913
                    ]
                },
                {
                    "type": "tuple",
                    "values": [
                        -0.05694215725100279,
                        -0.046734051058792594
                    ]
                }
            ]
        },
        "values_at_sigma_1": {
            "type": "list",
            "values": [
                {
                    "type": "tuple",
                    "values": [
                        -0.10006019077371671,
                        -0.09572476032115365
                    ]
                },
                {
                    "type": "tuple",
                    "values": [
                        -0.0541810587045,
                        -0.05071315700945
                    ]
                }
            ]
        },
        "median_pdf_sample": {
            "type": "instance",
            "class_path": "autofit.non_linear.samples.sample.Sample",
            "arguments": {
                "log_likelihood": -46.37218808396371,
                "log_prior": 0.0,
                "weight": 0.0009835722137683258,
                "kwargs": {
                    "type": "dict",
                    "arguments": {
                        "ellipses.0.ell_comps.ell_comps_0": -0.09793646448149035,
                        "ellipses.0.ell_comps.ell_comps_1": -0.05261771665704255
                    }
                }
            }
        },
        "log_evidence": -57.17207565979892,
        "max_log_likelihood_sample": {
            "type": "instance",
            "class_path": "autofit.non_linear.samples.sample.Sample",
            "arguments": {
                "log_likelihood": -46.37218808396371,
                "log_prior": 0.0,
                "weight": 0.0009835722137683258,
                "kwargs": {
                    "type": "dict",
                    "arguments": {
                        "ellipses.0.ell_comps.ell_comps_0": -0.09748770658777,
                        "ellipses.0.ell_comps.ell_comps_1": -0.05281577254911
                    }
                }
            }
        },
        "model": null,
        "errors_at_sigma_3": {
            "type": "list",
            "values": [
                {
                    "type": "tuple",
                    "values": [
                        0.007870845054573583,
                        0.006438216212360348
                    ]
                },
                {
                    "type": "tuple",
                    "values": [
                        0.004324440593960241,
                        0.005883665598249953
                    ]
                }
            ]
        },
        "errors_at_sigma_1": {
            "type": "list",
            "values": [
                {
                    "type": "tuple",
                    "values": [
                        0.0021237262922263606,
                        0.002211704160336697
                    ]
                },
                {
                    "type": "tuple",
                    "values": [
                        0.00156334204745745,
                        0.0019045596475925491
                    ]
                }
            ]
        }
    }
}