{
    "type": "instance",
    "class_path": "autofit.non_linear.samples.summary.SamplesSummary",
    "arguments": {
        "errors_at_sigma_1": {
            "type": "list",
            "values": [
                {
                    "type": "tuple",
                    "values": [
                        0.0026061162990814388,
                        0.0024417183354816033
                    ]
                },
                {
                    "type": "tuple",
                    "values": [
                        0.001980960949433272,
                        0.00216182953704
                    ]
                },
                {
                    "type": "tuple",
                    "values": [
                        0.001293273690487135,
                        0.001342963902886957
                    ]
                },
                {
                    "type": "tuple",
                    "values": [
                        0.0013433474499965348,
                        0.0013067066903895772
                    ]
                },
                {
                    "type": "tuple",
                    "values": [
                        0.001075508938969804,
                        0.0010050673799108826
                    ]
                },
                {
                    "type": "tuple",
                    "values": [
                        0.00149690797317097,
                        0.001405554619860015
                    ]
                },
                {
                    "type": "tuple",
                    "values": [
                        0.0015131543383064788,
                        0.001423324856530548
                    ]
                },
                {
                    "type": "tuple",
                    "values": [
                        0.001870064233599603,
                        0.001547093782536058
                    ]
                }
            ]
        },
        "median_pdf_sample": {
            "type": "instance",
            "class_path": "autofit.non_linear.samples.sample.Sample",
            "arguments": {
                "log_likelihood": -11.040924617601828,
                "log_prior": 0.0,
                "weight": 0.0010513133768989228,
                "kwargs": {
                    "type": "dict",
                    "arguments": {
                        "ellipses.0.ell_comps.ell_comps_0": 0.03913562060527144,
                        "ellipses.0.ell_comps.ell_comps_1": 0.03738609228176,
                        "multipoles.0.multipole_1.multipole_comps.multipole_comps_0": 0.00317686417046,
                        "multipoles.0.multipole_1.multipole_comps.multipole_comps_1": -0.00076416731801,
                        "multipoles.0.multipole_3.multipole_comps.multipole_comps_0": -0.00217960569486,
                        "multipoles.0.multipole_3.multipole_comps.multipole_comps_1": 0.00117695025284,
                        "multipoles.0.multipole_4.multipole_comps.multipole_comps_0": -0.0036910303874635214,
                        "multipoles.0.multipole_4.multipole_comps.multipole_comps_1": 0.001167348995599603
                    }
                }
            }
        },
        "values_at_sigma_3": {
            "type": "list",
            "values": [
                {
                    "type": "tuple",
                    "values": [
                        0.03334692534297,
                        0.04603942450073037
                    ]
                },
                {
                    "type": "tuple",
                    "values": [
                        0.03072597994849558,
                        0.04397900664021173
                    ]
                },
                {
                    "type": "tuple",
                    "values": [
                        -0.0005573621133025998,
                        0.006426017623138923
                    ]
                },
                {
                    "type": "tuple",
                    "values": [
                        -0.004367113516532755,
                        0.0034959354494275095
                    ]
                },
                {
                    "type": "tuple",
                    "values": [
                        -0.005665997740931045,
                        0.0013101269664820934
                    ]
                },
                {
                    "type": "tuple",
                    "values": [
                        -0.002959224897559566,
                        0.0046804252289917745
                    ]
                },
                {
                    "type": "tuple",
                    "values": [
                        -0.00828826298312242,
                        0.0010987121371466388
                    ]
                },
                {
                    "type": "tuple",
                    "values": [
                        -0.003828409947655722,
                        0.005903635450921262
                    ]
                }
            ]
        },
        "model": null,
        "log_evidence": -46.32593199026353,
        "errors_at_sigma_3": {
            "type": "list",
            "values": [
                {
                    "type": "tuple",
                    "values": [
                        0.005788695262301441,
                        0.006903803895458929
                    ]
                },
                {
                    "type": "tuple",
                    "values": [
                        0.006660112333264419,
                        0.006592914358451732
                    ]
                },
                {
                    "type": "tuple",
                    "values": [
                        0.0037342262837625996,
                        0.0032491534526789233
                    ]
                },
                {
                    "type": "tuple",
                    "values": [
                        0.0036029461985227548,
                        0.004260102767437509
                    ]
                },
                {
                    "type": "tuple",
                    "values": [
                        0.0034863920460710446,
                        0.0034897326613420937
                    ]
                },
                {
                    "type": "tuple",
                    "values": [
                        0.004136175150399566,
                        0.0035034749761517743
                    ]
                },
                {
                    "type": "tuple",
                    "values": [
                        0.004597232595658899,
                        0.0047897425246101605
                    ]
                },
                {
                    "type": "tuple",
                    "values": [
                        0.004995758943255326,
                        0.004736286455321659
                    ]
                }
            ]
        },
        "max_log_likelihood_sample": {
            "type": "instance",
            "class_path": "autofit.non_linear.samples.sample.Sample",
            "arguments": {
                "log_likelihood": -11.040924617601828,
                "log_prior": 0.0,
                "weight": 0.0010513133768989228,
                "kwargs": {
                    "type": "dict",
                    "arguments": {
                        "ellipses.0.ell_comps.ell_comps_0": 0.03835872237446,
                        "ellipses.0.ell_comps.ell_comps_1": 0.03656077419748,
                        "multipoles.0.multipole_1.multipole_comps.multipole_comps_0": 0.00341532557383,
                        "multipoles.0.multipole_1.multipole_comps.multipole_comps_1": -0.00090589437427,
                        "multipoles.0.multipole_3.multipole_comps.multipole_comps_0": -0.00243003557842,
                        "multipoles.0.multipole_3.multipole_comps.multipole_comps_1": 0.00072375621453,
                        "multipoles.0.multipole_4.multipole_comps.multipole_comps_0": -0.00438174387979,
                        "multipoles.0.multipole_4.multipole_comps.multipole_comps_1": 0.00162435158095
                    }
                }
            }
        },
        "values_at_sigma_1": {
            "type": "list",
            "values": [
                {
                    "type": "tuple",
                    "values": [
                        0.03652950430619,
                        0.04157733894075304
                    ]
                },
                {
                    "type": "tuple",
                    "values": [
                        0.03540513133232673,
                        0.0395479218188
                    ]
                },
                {
                    "type": "tuple",
                    "values": [
                        0.001883590479972865,
                        0.004519828073346957
                    ]
                },
                {
                    "type": "tuple",
                    "values": [
                        -0.0021075147680065347,
                        0.0005425393723795772
                    ]
                },
                {
                    "type": "tuple",
                    "values": [
                        -0.003255114633829804,
                        -0.0011745383149491175
                    ]
                },
                {
                    "type": "tuple",
                    "values": [
                        -0.00031995772033097,
                        0.002582504872700015
                    ]
                },
                {
                    "type": "tuple",
                    "values": [
                        -0.00520418472577,
                        -0.0022677055309329734
                    ]
                },
                {
                    "type": "tuple",
                    "values": [
                        -0.000702715238,
                        0.002714442778135661
                    ]
                }
            ]
        }
    }
}