{
    "type": "instance",
    "class_path": "autofit.non_linear.samples.summary.SamplesSummary",
    "arguments": {
        "max_log_likelihood_sample": {
            "type": "instance",
            "class_path": "autofit.non_linear.samples.sample.Sample",
            "arguments": {
                "log_likelihood": -44.770813803919026,
                "log_prior": 0.0,
                "weight": 0.0009844831735064564,
                "kwargs": {
                    "type": "dict",
                    "arguments": {
                        "ellipses.0.ell_comps.ell_comps_0": 0.03154773189199,
                        "ellipses.0.ell_comps.ell_comps_1": 0.03324634554368
                    }
                }
            }
        },
        "errors_at_sigma_1": {
            "type": "list",
            "values": [
                {
                    "type": "tuple",
                    "values": [
                        0.002290819756403096,
                        0.002548924074114854
                    ]
                },
                {
                    "type": "tuple",
                    "values": [
                        0.001989958260968018,
                        0.0034178658970619794
                    ]
                }
            ]
        },
        "errors_at_sigma_3": {
            "type": "list",
            "values": [
                {
                    "type": "tuple",
                    "values": [
                        0.00696018658987,
                        0.03877252740128176
                    ]
                },
                {
                    "type": "tuple",
                    "values": [
                        0.012848801972648018,
                        0.0369596272235353
                    ]
                }
            ]
        },
        "model": null,
        "median_pdf_sample": {
            "type": "instance",
            "class_path": "autofit.non_linear.samples.sample.Sample",
            "arguments": {
                "log_likelihood": -44.770813803919026,
                "log_prior": 0.0,
                "weight": 0.0009844831735064564,
                "kwargs": {
                    "type": "dict",
                    "arguments": {
                        "ellipses.0.ell_comps.ell_comps_0": 0.03146502609634,
                        "ellipses.0.ell_comps.ell_comps_1": 0.03412644980840802
                    }
                }
            }
        },
        "log_evidence": -56.54694014550498,
        "values_at_sigma_1": {
            "type": "list",
            "values": [
                {
                    "type": "tuple",
                    "values": [
                        0.029174206339936903,
                        0.03401395017045485
                    ]
                },
                {
                    "type": "tuple",
                    "values": [
                        0.03213649154744,
                        0.03754431570547
                    ]
                }
            ]
        },
        "values_at_sigma_3": {
            "type": "list",
            "values": [
                {
                    "type": "tuple",
                    "values": [
                        0.02450483950647,
                        0.07023755349762176
                    ]
                },
                {
                    "type": "tuple",
                    "values": [
                        0.02127764783576,
                        0.07108607703194332
                    ]
                }
            ]
        }
    }
}