{
    "type": "instance",
    "class_path": "autofit.non_linear.samples.summary.SamplesSummary",
    "arguments": {
        "values_at_sigma_3": {
            "type": "list",
            "values": [
                {
                    "type": "tuple",
                    "values": [
                        -0.05661990827975504,
                        -0.00871586796702811
                    ]
                },
                {
                    "type": "tuple",
                    "values": [
                        -0.057366028387664685,
                        -0.016831399057305105
                    ]
                },
                {
                    "type": "tuple",
                    "values": [
                        -0.0282192465803,
                        0.0139179897676802
                    ]
                },
                {
                    "type": "tuple",
                    "values": [
                        -0.02351357345988,
                        0.019440503948175914
                    ]
                },
                {
                    "type": "tuple",
                    "values": [
                        -0.03893893917663452,
                        0.022416959446382154
                    ]
                },
                {
                    "type": "tuple",
                    "values": [
                        -0.02930703133679,
                        0.028325231247770238
                    ]
                }
            ]
        },
        "values_at_sigma_1": {
            "type": "list",
            "values": [
                {
                    "type": "tuple",
                    "values": [
                        -0.036889461125922896,
                        -0.02124723408266
                    ]
                },
                {
                    "type": "tuple",
                    "values": [
                        -0.04437635265676996,
                        -0.030603285252874552
                    ]
                },
                {
                    "type": "tuple",
                    "values": [
                        -0.011922881741215877,
                        0.0008298295393107905
                    ]
                },
                {
                    "type": "tuple",
                    "values": [
                        -0.01018119871295,
                        0.00628553645544
                    ]
                },
                {
                    "type": "tuple",
                    "values": [
                        -0.015575262090900781,
                        0.00440679808194
                    ]
                },
                {
                    "type": "tuple",
                    "values": [
                        -0.01420594200276,
                        0.00654966396764
                    ]
                }
            ]
        },
        "errors_at_sigma_3": {
            "type": "list",
            "values": [
                {
                    "type": "tuple",
                    "values": [
                        0.027782704929355043,
                        0.020121335383371887
                    ]
                },
                {
                    "type": "tuple",
                    "values": [
                        0.020852372455488155,
                        0.019682256874871424
                    ]
                },
                {
                    "type": "tuple",
                    "values": [
                        0.02299881076846,
                        0.0191384255795202
                    ]
                },
                {
                    "type": "tuple",
                    "values": [
                        0.021905132559978363,
                        0.021048944848077553
                    ]
                },
                {
                    "type": "tuple",
                    "values": [
                        0.034349616881159124,
                        0.027006281741857548
                    ]
                },
                {
                    "type": "tuple",
                    "values": [
                        0.02490886707642,
                        0.03272339550814024
                    ]
                }
            ]
        },
        "model": null,
        "errors_at_sigma_1": {
            "type": "list",
            "values": [
                {
                    "type": "tuple",
                    "values": [
                        0.008052257775522896,
                        0.007589969267739999
                    ]
                },
                {
                    "type": "tuple",
                    "values": [
                        0.00786269672459343,
                        0.005910370679301977
                    ]
                },
                {
                    "type": "tuple",
                    "values": [
                        0.006702445929375877,
                        0.00605026535115079
                    ]
                },
                {
                    "type": "tuple",
                    "values": [
                        0.008572757813048362,
                        0.00789397735534164
                    ]
                },
                {
                    "type": "tuple",
                    "values": [
                        0.010985939795425387,
                        0.008996120377415394
                    ]
                },
                {
                    "type": "tuple",
                    "values": [
                        0.00980777774239,
                        0.01094782822801
                    ]
                }
            ]
        },
        "max_log_likelihood_sample": {
            "type": "instance",
            "class_path": "autofit.non_linear.samples.sample.Sample",
            "arguments": {
                "log_likelihood": -16.225382627881313,
                "log_prior": 0.0,
                "weight": 0.0010317744132042439,
                "kwargs": {
                    "type": "dict",
                    "arguments": {
                        "ellipses.0.ell_comps.ell_comps_0": -0.02867962203569,
                        "ellipses.0.ell_comps.ell_comps_1": -0.03632739015092,
                        "multipoles.0.multipole_3.multipole_comps.multipole_comps_0": -0.00637672598242,
                        "multipoles.0.multipole_3.multipole_comps.multipole_comps_1": 0.00074305153832,
                        "multipoles.0.multipole_4.multipole_comps.multipole_comps_0": -0.00779600143455,
                        "multipoles.0.multipole_4.multipole_comps.multipole_comps_1": -0.00941829114436
                    }
                }
            }
        },
        "log_evidence": -34.09242598872621,
        "median_pdf_sample": {
            "type": "instance",
            "class_path": "autofit.non_linear.samples.sample.Sample",
            "arguments": {
                "log_likelihood": -16.225382627881313,
                "log_prior": 0.0,
                "weight": 0.0010317744132042439,
                "kwargs": {
                    "type": "dict",
                    "arguments": {
                        "ellipses.0.ell_comps.ell_comps_0": -0.0288372033504,
                        "ellipses.0.ell_comps.ell_comps_1": -0.03651365593217653,
                        "multipoles.0.multipole_3.multipole_comps.multipole_comps_0": -0.00522043581184,
                        "multipoles.0.multipole_3.multipole_comps.multipole_comps_1": -0.0016084408999016391,
                        "multipoles.0.multipole_4.multipole_comps.multipole_comps_0": -0.004589322295475394,
                        "multipoles.0.multipole_4.multipole_comps.multipole_comps_1": -0.00439816426037
                    }
                }
            }
        }
    }
}