{
    "type": "instance",
    "class_path": "autofit.non_linear.samples.summary.SamplesSummary",
    "arguments": {
        "log_evidence": -50.79738827144418,
        "values_at_sigma_1": {
            "type": "list",
            "values": [
                {
                    "type": "tuple",
                    "values": [
                        -0.0883941369947558,
                        -0.07212483736552
                    ]
                },
                {
                    "type": "tuple",
                    "values": [
                        -0.05111268737522,
                        -0.038842132689278545
                    ]
                },
                {
                    "type": "tuple",
                    "values": [
                        -0.014566242574678612,
                        0.023710707717765477
                    ]
                },
                {
                    "type": "tuple",
                    "values": [
                        -0.010305394903195425,
                        0.02850098563347
                    ]
                },
                {
                    "type": "tuple",
                    "values": [
                        -0.01583516072143,
                        0.011740571639910801
                    ]
                },
                {
                    "type": "tuple",
                    "values": [
                        -0.013474513939632815,
                        0.04753652269244926
                    ]
                },
                {
                    "type": "tuple",
                    "values": [
                        -0.0257149969874,
                        0.01020899937858
                    ]
                },
                {
                    "type": "tuple",
                    "values": [
                        -0.02187871911555334,
                        0.030285933185235803
                    ]
                }
            ]
        },
        "model": null,
        "errors_at_sigma_3": {
            "type": "list",
            "values": [
                {
                    "type": "tuple",
                    "values": [
                        0.018548789899870854,
                        0.028720469994735813
                    ]
                },
                {
                    "type": "tuple",
                    "values": [
                        0.01851971088129125,
                        0.0198727626767213
                    ]
                },
                {
                    "type": "tuple",
                    "values": [
                        0.04831486917890352,
                        0.047210848624730184
                    ]
                },
                {
                    "type": "tuple",
                    "values": [
                        0.06492796441329686,
                        0.03942063404185808
                    ]
                },
                {
                    "type": "tuple",
                    "values": [
                        0.04982575942961,
                        0.03909552272337813
                    ]
                },
                {
                    "type": "tuple",
                    "values": [
                        0.08318413626382641,
                        0.05420093982288603
                    ]
                },
                {
                    "type": "tuple",
                    "values": [
                        0.04594395110694236,
                        0.055730183580135095
                    ]
                },
                {
                    "type": "tuple",
                    "values": [
                        0.053381795427294446,
                        0.07639452944174
                    ]
                }
            ]
        },
        "values_at_sigma_3": {
            "type": "list",
            "values": [
                {
                    "type": "tuple",
                    "values": [
                        -0.09928391433867667,
                        -0.05201465444407
                    ]
                },
                {
                    "type": "tuple",
                    "values": [
                        -0.06360246682663255,
                        -0.02520999326862
                    ]
                },
                {
                    "type": "tuple",
                    "values": [
                        -0.04490248058294955,
                        0.05062323722068415
                    ]
                },
                {
                    "type": "tuple",
                    "values": [
                        -0.04980902235277,
                        0.05453957610238494
                    ]
                },
                {
                    "type": "tuple",
                    "values": [
                        -0.05185726648702,
                        0.03706401566596813
                    ]
                },
                {
                    "type": "tuple",
                    "values": [
                        -0.055943835269191715,
                        0.08144124081752072
                    ]
                },
                {
                    "type": "tuple",
                    "values": [
                        -0.05310062658945038,
                        0.048573508097627074
                    ]
                },
                {
                    "type": "tuple",
                    "values": [
                        -0.06041542101352444,
                        0.06936090385551
                    ]
                }
            ]
        },
        "errors_at_sigma_1": {
            "type": "list",
            "values": [
                {
                    "type": "tuple",
                    "values": [
                        0.007659012555949987,
                        0.008610287073285816
                    ]
                },
                {
                    "type": "tuple",
                    "values": [
                        0.006029931429878697,
                        0.006240623256062755
                    ]
                },
                {
                    "type": "tuple",
                    "values": [
                        0.01797863117063258,
                        0.02029831912181151
                    ]
                },
                {
                    "type": "tuple",
                    "values": [
                        0.02542433696372228,
                        0.013382043572943144
                    ]
                },
                {
                    "type": "tuple",
                    "values": [
                        0.01380365366402,
                        0.013772078697320802
                    ]
                },
                {
                    "type": "tuple",
                    "values": [
                        0.040714814934267506,
                        0.02029622169781457
                    ]
                },
                {
                    "type": "tuple",
                    "values": [
                        0.01855832150489198,
                        0.017365674861088018
                    ]
                },
                {
                    "type": "tuple",
                    "values": [
                        0.014845093529323339,
                        0.037319558771465804
                    ]
                }
            ]
        },
        "max_log_likelihood_sample": {
            "type": "instance",
            "class_path": "autofit.non_linear.samples.sample.Sample",
            "arguments": {
                "log_likelihood": -29.93068618672347,
                "log_prior": 0.0,
                "weight": 0.00102740783329572,
                "kwargs": {
                    "type": "dict",
                    "arguments": {
                        "ellipses.0.ell_comps.ell_comps_0": -0.07596014874006,
                        "ellipses.0.ell_comps.ell_comps_1": -0.04722496867509,
                        "multipoles.0.multipole_1.multipole_comps.multipole_comps_0": 0.00828099330549,
                        "multipoles.0.multipole_1.multipole_comps.multipole_comps_1": 0.02540201282308,
                        "multipoles.0.multipole_3.multipole_comps.multipole_comps_0": -0.00199296972539,
                        "multipoles.0.multipole_3.multipole_comps.multipole_comps_1": 0.04484021659745,
                        "multipoles.0.multipole_4.multipole_comps.multipole_comps_0": -0.00919719444208,
                        "multipoles.0.multipole_4.multipole_comps.multipole_comps_1": -0.01909072296472
                    }
                }
            }
        },
        "median_pdf_sample": {
            "type": "instance",
            "class_path": "autofit.non_linear.samples.sample.Sample",
            "arguments": {
                "log_likelihood": -29.93068618672347,
                "log_prior": 0.0,
                "weight": 0.00102740783329572,
                "kwargs": {
                    "type": "dict",
                    "arguments": {
                        "ellipses.0.ell_comps.ell_comps_0": -0.08073512443880582,
                        "ellipses.0.ell_comps.ell_comps_1": -0.0450827559453413,
                        "multipoles.0.multipole_1.multipole_comps.multipole_comps_0": 0.0034123885959539664,
                        "multipoles.0.multipole_1.multipole_comps.multipole_comps_1": 0.015118942060526858,
                        "multipoles.0.multipole_3.multipole_comps.multipole_comps_0": -0.00203150705741,
                        "multipoles.0.multipole_3.multipole_comps.multipole_comps_1": 0.027240300994634693,
                        "multipoles.0.multipole_4.multipole_comps.multipole_comps_0": -0.007156675482508018,
                        "multipoles.0.multipole_4.multipole_comps.multipole_comps_1": -0.00703362558623
                    }
                }
            }
        }
    }
}