{
    "type": "instance",
    "class_path": "autofit.non_linear.samples.summary.SamplesSummary",
    "arguments": {
        "log_evidence": -46.1968303682415,
        "values_at_sigma_3": {
            "type": "list",
            "values": [
                {
                    "type": "tuple",
                    "values": [
                        -0.01699948714998,
                        0.019334002709482975
                    ]
                },
                {
                    "type": "tuple",
                    "values": [
                        -0.12996220442859,
                        -0.09449380910474706
                    ]
                },
                {
                    "type": "tuple",
                    "values": [
                        -0.03698505361309,
                        0.04262102943207644
                    ]
                },
                {
                    "type": "tuple",
                    "values": [
                        -0.028269325000491764,
                        0.045705120192092275
                    ]
                },
                {
                    "type": "tuple",
                    "values": [
                        -0.04408781436404,
                        0.08078096715090657
                    ]
                },
                {
                    "type": "tuple",
                    "values": [
                        -0.09485751568386437,
                        0.01943607186118
                    ]
                }
            ]
        },
        "errors_at_sigma_3": {
            "type": "list",
            "values": [
                {
                    "type": "tuple",
                    "values": [
                        0.01781191987316,
                        0.018521569986302975
                    ]
                },
                {
                    "type": "tuple",
                    "values": [
                        0.025385142644922906,
                        0.010083252678920032
                    ]
                },
                {
                    "type": "tuple",
                    "values": [
                        0.03278062223692,
                        0.04682546080824644
                    ]
                },
                {
                    "type": "tuple",
                    "values": [
                        0.038625599588381763,
                        0.035348845604202275
                    ]
                },
                {
                    "type": "tuple",
                    "values": [
                        0.06599885951603,
                        0.05886992199891657
                    ]
                },
                {
                    "type": "tuple",
                    "values": [
                        0.054177188921412885,
                        0.06011639862363149
                    ]
                }
            ]
        },
        "median_pdf_sample": {
            "type": "instance",
            "class_path": "autofit.non_linear.samples.sample.Sample",
            "arguments": {
                "log_likelihood": -28.728556721559706,
                "log_prior": 0.0,
                "weight": 0.0009465625934661067,
                "kwargs": {
                    "type": "dict",
                    "arguments": {
                        "ellipses.0.ell_comps.ell_comps_0": 0.00081243272318,
                        "ellipses.0.ell_comps.ell_comps_1": -0.10457706178366709,
                        "multipoles.0.multipole_3.multipole_comps.multipole_comps_0": -0.00420443137617,
                        "multipoles.0.multipole_3.multipole_comps.multipole_comps_1": 0.01035627458789,
                        "multipoles.0.multipole_4.multipole_comps.multipole_comps_0": 0.02191104515199,
                        "multipoles.0.multipole_4.multipole_comps.multipole_comps_1": -0.04068032676245149
                    }
                }
            }
        },
        "errors_at_sigma_1": {
            "type": "list",
            "values": [
                {
                    "type": "tuple",
                    "values": [
                        0.006550045428981921,
                        0.0064149400780501905
                    ]
                },
                {
                    "type": "tuple",
                    "values": [
                        0.013895319080484428,
                        0.0048015788276670884
                    ]
                },
                {
                    "type": "tuple",
                    "values": [
                        0.014103225616548101,
                        0.015313480812529999
                    ]
                },
                {
                    "type": "tuple",
                    "values": [
                        0.01296979509263,
                        0.013482902111930001
                    ]
                },
                {
                    "type": "tuple",
                    "values": [
                        0.021417922128490002,
                        0.0219445717676
                    ]
                },
                {
                    "type": "tuple",
                    "values": [
                        0.020952594601233214,
                        0.02557760002282571
                    ]
                }
            ]
        },
        "model": null,
        "max_log_likelihood_sample": {
            "type": "instance",
            "class_path": "autofit.non_linear.samples.sample.Sample",
            "arguments": {
                "log_likelihood": -28.728556721559706,
                "log_prior": 0.0,
                "weight": 0.0009465625934661067,
                "kwargs": {
                    "type": "dict",
                    "arguments": {
                        "ellipses.0.ell_comps.ell_comps_0": 0.00216033446825,
                        "ellipses.0.ell_comps.ell_comps_1": -0.09926274729818,
                        "multipoles.0.multipole_3.multipole_comps.multipole_comps_0": -0.00035066769527,
                        "multipoles.0.multipole_3.multipole_comps.multipole_comps_1": 0.0250960866707,
                        "multipoles.0.multipole_4.multipole_comps.multipole_comps_0": 0.02629714870845,
                        "multipoles.0.multipole_4.multipole_comps.multipole_comps_1": -0.05255080209893
                    }
                }
            }
        },
        "values_at_sigma_1": {
            "type": "list",
            "values": [
                {
                    "type": "tuple",
                    "values": [
                        -0.005737612705801921,
                        0.007227372801230191
                    ]
                },
                {
                    "type": "tuple",
                    "values": [
                        -0.11847238086415152,
                        -0.099775482956
                    ]
                },
                {
                    "type": "tuple",
                    "values": [
                        -0.0183076569927181,
                        0.01110904943636
                    ]
                },
                {
                    "type": "tuple",
                    "values": [
                        -0.00261352050474,
                        0.02383917669982
                    ]
                },
                {
                    "type": "tuple",
                    "values": [
                        0.0004931230235,
                        0.04385561691959
                    ]
                },
                {
                    "type": "tuple",
                    "values": [
                        -0.0616329213636847,
                        -0.015102726739625778
                    ]
                }
            ]
        }
    }
}