{
    "type": "instance",
    "class_path": "autofit.non_linear.samples.summary.SamplesSummary",
    "arguments": {
        "errors_at_sigma_3": {
            "type": "list",
            "values": [
                {
                    "type": "tuple",
                    "values": [
                        0.017233709584379815,
                        0.01320242126799634
                    ]
                },
                {
                    "type": "tuple",
                    "values": [
                        0.02204173534032841,
                        0.015983335960467304
                    ]
                },
                {
                    "type": "tuple",
                    "values": [
                        0.033360929709077655,
                        0.03082472728796773
                    ]
                },
                {
                    "type": "tuple",
                    "values": [
                        0.03712102850122247,
                        0.03726191768108546
                    ]
                },
                {
                    "type": "tuple",
                    "values": [
                        0.03892359760524999,
                        0.043580887679273206
                    ]
                },
                {
                    "type": "tuple",
                    "values": [
                        0.04176015602579482,
                        0.03950905212532581
                    ]
                }
            ]
        },
        "errors_at_sigma_1": {
            "type": "list",
            "values": [
                {
                    "type": "tuple",
                    "values": [
                        0.005064584765346727,
                        0.004994142961719999
                    ]
                },
                {
                    "type": "tuple",
                    "values": [
                        0.005062326439992937,
                        0.005499108398418828
                    ]
                },
                {
                    "type": "tuple",
                    "values": [
                        0.012924302702077424,
                        0.010869758680510353
                    ]
                },
                {
                    "type": "tuple",
                    "values": [
                        0.011630335965065615,
                        0.012678929186304384
                    ]
                },
                {
                    "type": "tuple",
                    "values": [
                        0.01706708073521,
                        0.01569396070377
                    ]
                },
                {
                    "type": "tuple",
                    "values": [
                        0.012219645592191047,
                        0.011517303685120002
                    ]
                }
            ]
        },
        "values_at_sigma_3": {
            "type": "list",
            "values": [
                {
                    "type": "tuple",
                    "values": [
                        -0.0038473991537298145,
                        0.02658873169864634
                    ]
                },
                {
                    "type": "tuple",
                    "values": [
                        -0.10761151151397327,
                        -0.06958644021317756
                    ]
                },
                {
                    "type": "tuple",
                    "values": [
                        -0.04374561229895023,
                        0.020440044698095156
                    ]
                },
                {
                    "type": "tuple",
                    "values": [
                        -0.04516323215223685,
                        0.02921971403007107
                    ]
                },
                {
                    "type": "tuple",
                    "values": [
                        -0.04050344328644,
                        0.04200104199808321
                    ]
                },
                {
                    "type": "tuple",
                    "values": [
                        -0.02843155211881482,
                        0.05283765603230581
                    ]
                }
            ]
        },
        "values_at_sigma_1": {
            "type": "list",
            "values": [
                {
                    "type": "tuple",
                    "values": [
                        0.008321725665303273,
                        0.01838045339237
                    ]
                },
                {
                    "type": "tuple",
                    "values": [
                        -0.0906321026136378,
                        -0.08007066777522603
                    ]
                },
                {
                    "type": "tuple",
                    "values": [
                        -0.02330898529195,
                        0.00048507609063777845
                    ]
                },
                {
                    "type": "tuple",
                    "values": [
                        -0.01967253961608,
                        0.00463672553529
                    ]
                },
                {
                    "type": "tuple",
                    "values": [
                        -0.0186469264164,
                        0.01411411502258
                    ]
                },
                {
                    "type": "tuple",
                    "values": [
                        0.0011089583147889522,
                        0.0248459075921
                    ]
                }
            ]
        },
        "log_evidence": -49.48059476253749,
        "median_pdf_sample": {
            "type": "instance",
            "class_path": "autofit.non_linear.samples.sample.Sample",
            "arguments": {
                "log_likelihood": -31.92515926333059,
                "log_prior": 0.0,
                "weight": 0.0010293353383872726,
                "kwargs": {
                    "type": "dict",
                    "arguments": {
                        "ellipses.0.ell_comps.ell_comps_0": 0.01338631043065,
                        "ellipses.0.ell_comps.ell_comps_1": -0.08556977617364486,
                        "multipoles.0.multipole_3.multipole_comps.multipole_comps_0": -0.010384682589872575,
                        "multipoles.0.multipole_3.multipole_comps.multipole_comps_1": -0.008042203651014384,
                        "multipoles.0.multipole_4.multipole_comps.multipole_comps_0": -0.00157984568119,
                        "multipoles.0.multipole_4.multipole_comps.multipole_comps_1": 0.01332860390698
                    }
                }
            }
        },
        "max_log_likelihood_sample": {
            "type": "instance",
            "class_path": "autofit.non_linear.samples.sample.Sample",
            "arguments": {
                "log_likelihood": -31.92515926333059,
                "log_prior": 0.0,
                "weight": 0.0010293353383872726,
                "kwargs": {
                    "type": "dict",
                    "arguments": {
                        "ellipses.0.ell_comps.ell_comps_0": 0.01344198769059,
                        "ellipses.0.ell_comps.ell_comps_1": -0.08703075866364,
                        "multipoles.0.multipole_3.multipole_comps.multipole_comps_0": -0.0060233859124,
                        "multipoles.0.multipole_3.multipole_comps.multipole_comps_1": -0.01439492498381,
                        "multipoles.0.multipole_4.multipole_comps.multipole_comps_0": -0.00528639882889,
                        "multipoles.0.multipole_4.multipole_comps.multipole_comps_1": 0.01779531500387
                    }
                }
            }
        },
        "model": null
    }
}