{
    "type": "instance",
    "class_path": "autofit.non_linear.samples.summary.SamplesSummary",
    "arguments": {
        "values_at_sigma_3": {
            "type": "list",
            "values": [
                {
                    "type": "tuple",
                    "values": [
                        -0.09051704541194,
                        -0.013048884030234997
                    ]
                },
                {
                    "type": "tuple",
                    "values": [
                        -0.09581011610652,
                        -0.012917691494533699
                    ]
                }
            ]
        },
        "errors_at_sigma_3": {
            "type": "list",
            "values": [
                {
                    "type": "tuple",
                    "values": [
                        0.0493619743887281,
                        0.0281061869929769
                    ]
                },
                {
                    "type": "tuple",
                    "values": [
                        0.05081698721503784,
                        0.03207543739694846
                    ]
                }
            ]
        },
        "values_at_sigma_1": {
            "type": "list",
            "values": [
                {
                    "type": "tuple",
                    "values": [
                        -0.061567732456656414,
                        -0.03317312233293096
                    ]
                },
                {
                    "type": "tuple",
                    "values": [
                        -0.05791051871782,
                        -0.034521539866792746
                    ]
                }
            ]
        },
        "errors_at_sigma_1": {
            "type": "list",
            "values": [
                {
                    "type": "tuple",
                    "values": [
                        0.020412661433444515,
                        0.00798194869028094
                    ]
                },
                {
                    "type": "tuple",
                    "values": [
                        0.01291738982633784,
                        0.010471589024689414
                    ]
                }
            ]
        },
        "log_evidence": -39.8123966378881,
        "max_log_likelihood_sample": {
            "type": "instance",
            "class_path": "autofit.non_linear.samples.sample.Sample",
            "arguments": {
                "log_likelihood": -30.9133227536159,
                "log_prior": 0.0,
                "weight": 0.0009930416350782143,
                "kwargs": {
                    "type": "dict",
                    "arguments": {
                        "ellipses.0.ell_comps.ell_comps_0": -0.03943415882751,
                        "ellipses.0.ell_comps.ell_comps_1": -0.04123185659814
                    }
                }
            }
        },
        "model": null,
        "median_pdf_sample": {
            "type": "instance",
            "class_path": "autofit.non_linear.samples.sample.Sample",
            "arguments": {
                "log_likelihood": -30.9133227536159,
                "log_prior": 0.0,
                "weight": 0.0009930416350782143,
                "kwargs": {
                    "type": "dict",
                    "arguments": {
                        "ellipses.0.ell_comps.ell_comps_0": -0.0411550710232119,
                        "ellipses.0.ell_comps.ell_comps_1": -0.04499312889148216
                    }
                }
            }
        }
    }
}