{
    "type": "instance",
    "class_path": "autofit.non_linear.samples.summary.SamplesSummary",
    "arguments": {
        "values_at_sigma_3": {
            "type": "list",
            "values": [
                {
                    "type": "tuple",
                    "values": [
                        -0.015208468023790963,
                        -0.008766662808519005
                    ]
                },
                {
                    "type": "tuple",
                    "values": [
                        -0.00875333292386,
                        5.2672307518395304e-05
                    ]
                },
                {
                    "type": "tuple",
                    "values": [
                        -0.01544242241511,
                        0.0099475947678
                    ]
                },
                {
                    "type": "tuple",
                    "values": [
                        0.027317012905643284,
                        0.04549793940475
                    ]
                },
                {
                    "type": "tuple",
                    "values": [
                        -0.022237236105017523,
                        -0.01358028771933345
                    ]
                },
                {
                    "type": "tuple",
                    "values": [
                        -5.38239342586766e-05,
                        0.007157648958557404
                    ]
                },
                {
                    "type": "tuple",
                    "values": [
                        -0.00417126588593,
                        0.006897738730757204
                    ]
                },
                {
                    "type": "tuple",
                    "values": [
                        -0.00471460070044,
                        0.00276903193865
                    ]
                },
                {
                    "type": "tuple",
                    "values": [
                        0.00065017897276,
                        0.005937995280179383
                    ]
                },
                {
                    "type": "tuple",
                    "values": [
                        -0.00773550037738,
                        0.0026421809162483945
                    ]
                },
                {
                    "type": "tuple",
                    "values": [
                        -0.00293155668094,
                        0.01381728831053748
                    ]
                },
                {
                    "type": "tuple",
                    "values": [
                        0.0248397581605,
                        0.0363117790633
                    ]
                },
                {
                    "type": "tuple",
                    "values": [
                        -0.05576273521312969,
                        -0.026823615217979692
                    ]
                },
                {
                    "type": "tuple",
                    "values": [
                        0.05148679338685056,
                        0.07179665550007029
                    ]
                },
                {
                    "type": "tuple",
                    "values": [
                        0.005700849044604205,
                        0.0214498751121
                    ]
                },
                {
                    "type": "tuple",
                    "values": [
                        -0.01784034911363515,
                        -0.00075233373168
                    ]
                },
                {
                    "type": "tuple",
                    "values": [
                        -0.007883063506858887,
                        0.014155823103983837
                    ]
                },
                {
                    "type": "tuple",
                    "values": [
                        0.0157766295368557,
                        0.027701096294457363
                    ]
                },
                {
                    "type": "tuple",
                    "values": [
                        0.01023895859353965,
                        0.03607340192623
                    ]
                },
                {
                    "type": "tuple",
                    "values": [
                        -0.00190597668623,
                        0.02948400449248
                    ]
                },
                {
                    "type": "tuple",
                    "values": [
                        -0.02029091564886,
                        0.01119260501028
                    ]
                },
                {
                    "type": "tuple",
                    "values": [
                        0.03480012552472169,
                        0.07620174286529
                    ]
                },
                {
                    "type": "tuple",
                    "values": [
                        -0.025665484934395907,
                        -0.00978793466382
                    ]
                },
                {
                    "type": "tuple",
                    "values": [
                        0.005193213256497679,
                        0.02184699487527
                    ]
                },
                {
                    "type": "tuple",
                    "values": [
                        -0.0075371140826740735,
                        0.02027032733491642
                    ]
                },
                {
                    "type": "tuple",
                    "values": [
                        -0.03370677590716,
                        -0.019937550574477443
                    ]
                },
                {
                    "type": "tuple",
                    "values": [
                        -0.0043712486929008,
                        0.018043664668322038
                    ]
                },
                {
                    "type": "tuple",
                    "values": [
                        -0.0213118516119,
                        0.01867757299465
                    ]
                },
                {
                    "type": "tuple",
                    "values": [
                        -0.05234540373089,
                        -0.018987956058323895
                    ]
                },
                {
                    "type": "tuple",
                    "values": [
                        -0.03686409153984,
                        0.013788883333000275
                    ]
                },
                {
                    "type": "tuple",
                    "values": [
                        -0.02364873035085,
                        0.0020833025825470392
                    ]
                },
                {
                    "type": "tuple",
                    "values": [
                        -0.00139509423621,
                        0.02979922894627
                    ]
                },
                {
                    "type": "tuple",
                    "values": [
                        -0.030348992325524567,
                        -0.00708984285532
                    ]
                },
                {
                    "type": "tuple",
                    "values": [
                        -0.015298471952424585,
                        0.004829726391400818
                    ]
                },
                {
                    "type": "tuple",
                    "values": [
                        -0.20531310952053,
                        -0.11689428305731
                    ]
                },
                {
                    "type": "tuple",
                    "values": [
                        -0.03173219391499,
                        0.0452594423143
                    ]
                },
                {
                    "type": "tuple",
                    "values": [
                        0.012043514292475632,
                        0.04396115383308
                    ]
                },
                {
                    "type": "tuple",
                    "values": [
                        0.004118890424723247,
                        0.05739539864991
                    ]
                },
                {
                    "type": "tuple",
                    "values": [
                        0.00502340917154,
                        0.029280152952600978
                    ]
                },
                {
                    "type": "tuple",
                    "values": [
                        -0.00917150987491,
                        0.00579780817871
                    ]
                },
                {
                    "type": "tuple",
                    "values": [
                        -0.009626853060901774,
                        0.015217275630511841
                    ]
                },
                {
                    "type": "tuple",
                    "values": [
                        -0.00994942654508,
                        0.01226790840911428
                    ]
                }
            ]
        },
        "max_log_likelihood_sample": {
            "type": "instance",
            "class_path": "autofit.non_linear.samples.sample.Sample",
            "arguments": {
                "log_likelihood": -277.6506314684186,
                "log_prior": 0.0,
                "weight": 0.0009590314561521493,
                "kwargs": {
                    "type": "dict",
                    "arguments": {
                        "ellipses.ellipse_4.centre.centre_0": -0.01162764899065,
                        "ellipses.ellipse_4.centre.centre_1": -0.00424857381561,
                        "ellipses.ellipse_0.ell_comps.ell_comps_0": -6.252971855e-05,
                        "ellipses.ellipse_0.ell_comps.ell_comps_1": 0.03875742931313,
                        "multipoles.0.multipole_1.multipole_comps.multipole_comps_0": -0.01888463714065,
                        "multipoles.0.multipole_1.multipole_comps.multipole_comps_1": 0.00499500101664,
                        "multipoles.0.multipole_3.multipole_comps.multipole_comps_0": -0.00087677623385,
                        "multipoles.0.multipole_3.multipole_comps.multipole_comps_1": -0.00137163390287,
                        "multipoles.0.multipole_4.multipole_comps.multipole_comps_0": 0.00376364521088,
                        "multipoles.0.multipole_4.multipole_comps.multipole_comps_1": -0.00153250622173,
                        "ellipses.ellipse_1.ell_comps.ell_comps_0": 0.00768539427658,
                        "ellipses.ellipse_1.ell_comps.ell_comps_1": 0.0311092369841,
                        "multipoles.1.multipole_1.multipole_comps.multipole_comps_0": -0.0347265069687,
                        "multipoles.1.multipole_1.multipole_comps.multipole_comps_1": 0.06110401610243,
                        "multipoles.1.multipole_3.multipole_comps.multipole_comps_0": 0.01870377364306,
                        "multipoles.1.multipole_3.multipole_comps.multipole_comps_1": -0.01294660703975,
                        "multipoles.1.multipole_4.multipole_comps.multipole_comps_0": -0.00246883112922,
                        "multipoles.1.multipole_4.multipole_comps.multipole_comps_1": 0.01966257237258,
                        "ellipses.ellipse_2.ell_comps.ell_comps_0": 0.03144825652053,
                        "ellipses.ellipse_2.ell_comps.ell_comps_1": 0.00962537532673,
                        "multipoles.2.multipole_1.multipole_comps.multipole_comps_0": 0.00046200957002,
                        "multipoles.2.multipole_1.multipole_comps.multipole_comps_1": 0.04558135906963,
                        "multipoles.2.multipole_3.multipole_comps.multipole_comps_0": -0.02027709099968,
                        "multipoles.2.multipole_3.multipole_comps.multipole_comps_1": 0.01623897839249,
                        "multipoles.2.multipole_4.multipole_comps.multipole_comps_0": 0.01446881581781,
                        "multipoles.2.multipole_4.multipole_comps.multipole_comps_1": -0.02447383722658,
                        "ellipses.ellipse_3.ell_comps.ell_comps_0": 0.00285755386711,
                        "ellipses.ellipse_3.ell_comps.ell_comps_1": -0.00997460756446,
                        "multipoles.3.multipole_1.multipole_comps.multipole_comps_0": -0.03197479851433,
                        "multipoles.3.multipole_1.multipole_comps.multipole_comps_1": -0.01447207700404,
                        "multipoles.3.multipole_3.multipole_comps.multipole_comps_0": -0.00601840953461,
                        "multipoles.3.multipole_3.multipole_comps.multipole_comps_1": 0.02364906540832,
                        "multipoles.3.multipole_4.multipole_comps.multipole_comps_0": -0.01860664764891,
                        "multipoles.3.multipole_4.multipole_comps.multipole_comps_1": -0.0075817663054,
                        "ellipses.ellipse_4.ell_comps.ell_comps_0": -0.1702955877927,
                        "ellipses.ellipse_4.ell_comps.ell_comps_1": 0.01150759520531,
                        "multipoles.4.multipole_1.multipole_comps.multipole_comps_0": 0.02075434948165,
                        "multipoles.4.multipole_1.multipole_comps.multipole_comps_1": 0.01821703835038,
                        "multipoles.4.multipole_3.multipole_comps.multipole_comps_0": 0.02459143014597,
                        "multipoles.4.multipole_3.multipole_comps.multipole_comps_1": -0.00438646893962,
                        "multipoles.4.multipole_4.multipole_comps.multipole_comps_0": -0.00341509660531,
                        "multipoles.4.multipole_4.multipole_comps.multipole_comps_1": 0.00131720818991
                    }
                }
            }
        },
        "values_at_sigma_1": {
            "type": "list",
            "values": [
                {
                    "type": "tuple",
                    "values": [
                        -0.013407742241964121,
                        -0.01123595167773
                    ]
                },
                {
                    "type": "tuple",
                    "values": [
                        -0.005876737953294354,
                        -0.002373127700313902
                    ]
                },
                {
                    "type": "tuple",
                    "values": [
                        -0.00958518547224,
                        0.0017644526888218025
                    ]
                },
                {
                    "type": "tuple",
                    "values": [
                        0.03387329532116665,
                        0.04024335468556
                    ]
                },
                {
                    "type": "tuple",
                    "values": [
                        -0.01967518347241,
                        -0.016731931333153396
                    ]
                },
                {
                    "type": "tuple",
                    "values": [
                        0.00292945840362,
                        0.005082099424165578
                    ]
                },
                {
                    "type": "tuple",
                    "values": [
                        -0.0009362519858587458,
                        0.00389067884557
                    ]
                },
                {
                    "type": "tuple",
                    "values": [
                        -0.0027967932319,
                        0.0003834542535536523
                    ]
                },
                {
                    "type": "tuple",
                    "values": [
                        0.00245233387701,
                        0.00449091134891378
                    ]
                },
                {
                    "type": "tuple",
                    "values": [
                        -0.004125857015108168,
                        0.000204590728483927
                    ]
                },
                {
                    "type": "tuple",
                    "values": [
                        0.0045532680374515975,
                        0.01123813313199
                    ]
                },
                {
                    "type": "tuple",
                    "values": [
                        0.028222341600990766,
                        0.032959136816740904
                    ]
                },
                {
                    "type": "tuple",
                    "values": [
                        -0.04967091861743,
                        -0.03356919392418808
                    ]
                },
                {
                    "type": "tuple",
                    "values": [
                        0.057941890831343934,
                        0.06561768903484
                    ]
                },
                {
                    "type": "tuple",
                    "values": [
                        0.01309208434737,
                        0.017362060854030827
                    ]
                },
                {
                    "type": "tuple",
                    "values": [
                        -0.012296640795727471,
                        -0.006650423961657678
                    ]
                },
                {
                    "type": "tuple",
                    "values": [
                        -0.0018947676116654385,
                        0.0040635735129274705
                    ]
                },
                {
                    "type": "tuple",
                    "values": [
                        0.01838756950626899,
                        0.0231782000529
                    ]
                },
                {
                    "type": "tuple",
                    "values": [
                        0.014269416776411236,
                        0.03020955898767
                    ]
                },
                {
                    "type": "tuple",
                    "values": [
                        0.006232987124254619,
                        0.02281188914521
                    ]
                },
                {
                    "type": "tuple",
                    "values": [
                        -0.007641987901150885,
                        0.00475131052818309
                    ]
                },
                {
                    "type": "tuple",
                    "values": [
                        0.047755681822895,
                        0.0626026909187174
                    ]
                },
                {
                    "type": "tuple",
                    "values": [
                        -0.022113393499452686,
                        -0.014589825156528848
                    ]
                },
                {
                    "type": "tuple",
                    "values": [
                        0.01049056734924,
                        0.015146643319233311
                    ]
                },
                {
                    "type": "tuple",
                    "values": [
                        -0.00016932935331,
                        0.01268285912769338
                    ]
                },
                {
                    "type": "tuple",
                    "values": [
                        -0.02810818405185,
                        -0.02361632260687041
                    ]
                },
                {
                    "type": "tuple",
                    "values": [
                        0.003320247857848318,
                        0.0070859656765
                    ]
                },
                {
                    "type": "tuple",
                    "values": [
                        -0.009159188108614567,
                        -0.0012269833312380301
                    ]
                },
                {
                    "type": "tuple",
                    "values": [
                        -0.04038513666291,
                        -0.02862849582724128
                    ]
                },
                {
                    "type": "tuple",
                    "values": [
                        -0.01980894570246,
                        0.003981620723388499
                    ]
                },
                {
                    "type": "tuple",
                    "values": [
                        -0.016590680952655618,
                        -0.0076137836134049655
                    ]
                },
                {
                    "type": "tuple",
                    "values": [
                        0.006482194345420734,
                        0.021381785359337286
                    ]
                },
                {
                    "type": "tuple",
                    "values": [
                        -0.02631272904682,
                        -0.01473705670345
                    ]
                },
                {
                    "type": "tuple",
                    "values": [
                        -0.011035944050443803,
                        -0.00280174688663
                    ]
                },
                {
                    "type": "tuple",
                    "values": [
                        -0.17192811859935925,
                        -0.12928325560109
                    ]
                },
                {
                    "type": "tuple",
                    "values": [
                        0.008681428981797914,
                        0.03166517952038
                    ]
                },
                {
                    "type": "tuple",
                    "values": [
                        0.02097679744020646,
                        0.03572423068840212
                    ]
                },
                {
                    "type": "tuple",
                    "values": [
                        0.01736311214807,
                        0.028225669290295456
                    ]
                },
                {
                    "type": "tuple",
                    "values": [
                        0.01651228313166387,
                        0.02363260004287486
                    ]
                },
                {
                    "type": "tuple",
                    "values": [
                        -0.0059311820129,
                        -0.0028907725683304853
                    ]
                },
                {
                    "type": "tuple",
                    "values": [
                        -0.00205565590456,
                        0.00842148907135
                    ]
                },
                {
                    "type": "tuple",
                    "values": [
                        0.0009141739489362269,
                        0.007728668415465808
                    ]
                }
            ]
        },
        "median_pdf_sample": {
            "type": "instance",
            "class_path": "autofit.non_linear.samples.sample.Sample",
            "arguments": {
                "log_likelihood": -277.6506314684186,
                "log_prior": 0.0,
                "weight": 0.0009590314561521493,
                "kwargs": {
                    "type": "dict",
                    "arguments": {
                        "ellipses.ellipse_4.centre.centre_0": -0.01230027528079445,
                        "ellipses.ellipse_4.centre.centre_1": -0.003915349948956174,
                        "ellipses.ellipse_0.ell_comps.ell_comps_0": -0.004067517808051283,
                        "ellipses.ellipse_0.ell_comps.ell_comps_1": 0.03698829875963436,
                        "multipoles.0.multipole_1.multipole_comps.multipole_comps_0": -0.018003239201866143,
                        "multipoles.0.multipole_1.multipole_comps.multipole_comps_1": 0.0039481219826,
                        "multipoles.0.multipole_3.multipole_comps.multipole_comps_0": 0.00120270292991,
                        "multipoles.0.multipole_3.multipole_comps.multipole_comps_1": -0.0015269639310748824,
                        "multipoles.0.multipole_4.multipole_comps.multipole_comps_0": 0.00334242537051,
                        "multipoles.0.multipole_4.multipole_comps.multipole_comps_1": -0.0020436592230414154,
                        "ellipses.ellipse_1.ell_comps.ell_comps_0": 0.00665212578878,
                        "ellipses.ellipse_1.ell_comps.ell_comps_1": 0.03061000410138,
                        "multipoles.1.multipole_1.multipole_comps.multipole_comps_0": -0.03864582409992,
                        "multipoles.1.multipole_1.multipole_comps.multipole_comps_1": 0.06160607513715,
                        "multipoles.1.multipole_3.multipole_comps.multipole_comps_0": 0.014847490154337742,
                        "multipoles.1.multipole_3.multipole_comps.multipole_comps_1": -0.009668541842122836,
                        "multipoles.1.multipole_4.multipole_comps.multipole_comps_0": 0.001669978705366938,
                        "multipoles.1.multipole_4.multipole_comps.multipole_comps_1": 0.02062765087229,
                        "ellipses.ellipse_2.ell_comps.ell_comps_0": 0.02500347307605938,
                        "ellipses.ellipse_2.ell_comps.ell_comps_1": 0.01157811263194,
                        "multipoles.2.multipole_1.multipole_comps.multipole_comps_0": -0.0008701624648393398,
                        "multipoles.2.multipole_1.multipole_comps.multipole_comps_1": 0.05631757154519,
                        "multipoles.2.multipole_3.multipole_comps.multipole_comps_0": -0.01900282526312,
                        "multipoles.2.multipole_3.multipole_comps.multipole_comps_1": 0.01280118183897,
                        "multipoles.2.multipole_4.multipole_comps.multipole_comps_0": 0.006134872573133933,
                        "multipoles.2.multipole_4.multipole_comps.multipole_comps_1": -0.02564602614751243,
                        "ellipses.ellipse_3.ell_comps.ell_comps_0": 0.004903627077195852,
                        "ellipses.ellipse_3.ell_comps.ell_comps_1": -0.0036052389272029878,
                        "multipoles.3.multipole_1.multipole_comps.multipole_comps_0": -0.0343452363611701,
                        "multipoles.3.multipole_1.multipole_comps.multipole_comps_1": -0.012101001730749513,
                        "multipoles.3.multipole_3.multipole_comps.multipole_comps_0": -0.012924903361588991,
                        "multipoles.3.multipole_3.multipole_comps.multipole_comps_1": 0.01729057753756377,
                        "multipoles.3.multipole_4.multipole_comps.multipole_comps_0": -0.01962698934563578,
                        "multipoles.3.multipole_4.multipole_comps.multipole_comps_1": -0.006982495513544813,
                        "ellipses.ellipse_4.ell_comps.ell_comps_0": -0.1676172082661,
                        "ellipses.ellipse_4.ell_comps.ell_comps_1": 0.01391934425729,
                        "multipoles.4.multipole_1.multipole_comps.multipole_comps_0": 0.02850266729446,
                        "multipoles.4.multipole_1.multipole_comps.multipole_comps_1": 0.022019391175,
                        "multipoles.4.multipole_3.multipole_comps.multipole_comps_0": 0.0186067449914,
                        "multipoles.4.multipole_3.multipole_comps.multipole_comps_1": -0.00434736357887,
                        "multipoles.4.multipole_4.multipole_comps.multipole_comps_0": 0.005720056442317082,
                        "multipoles.4.multipole_4.multipole_comps.multipole_comps_1": 0.00305883841376
                    }
                }
            }
        },
        "model": null,
        "log_evidence": -348.040664885937,
        "errors_at_sigma_3": {
            "type": "list",
            "values": [
                {
                    "type": "tuple",
                    "values": [
                        0.0029081927429965137,
                        0.0035336124722754447
                    ]
                },
                {
                    "type": "tuple",
                    "values": [
                        0.004837982974903825,
                        0.00396802225647457
                    ]
                },
                {
                    "type": "tuple",
                    "values": [
                        0.011374904607058717,
                        0.014015112575851283
                    ]
                },
                {
                    "type": "tuple",
                    "values": [
                        0.009671285853991074,
                        0.00850964064511564
                    ]
                },
                {
                    "type": "tuple",
                    "values": [
                        0.00423399690315138,
                        0.004422951482532692
                    ]
                },
                {
                    "type": "tuple",
                    "values": [
                        0.0040019459168586765,
                        0.003209526975957404
                    ]
                },
                {
                    "type": "tuple",
                    "values": [
                        0.0053739688158399995,
                        0.005695035800847204
                    ]
                },
                {
                    "type": "tuple",
                    "values": [
                        0.0031876367693651174,
                        0.004295995869724883
                    ]
                },
                {
                    "type": "tuple",
                    "values": [
                        0.0026922463977499997,
                        0.002595569909669383
                    ]
                },
                {
                    "type": "tuple",
                    "values": [
                        0.005691841154338585,
                        0.00468584013928981
                    ]
                },
                {
                    "type": "tuple",
                    "values": [
                        0.009583682469719999,
                        0.00716516252175748
                    ]
                },
                {
                    "type": "tuple",
                    "values": [
                        0.005770245940880003,
                        0.005701774961919998
                    ]
                },
                {
                    "type": "tuple",
                    "values": [
                        0.01711691111320969,
                        0.011822208881940306
                    ]
                },
                {
                    "type": "tuple",
                    "values": [
                        0.010119281750299441,
                        0.010190580362920289
                    ]
                },
                {
                    "type": "tuple",
                    "values": [
                        0.009146641109733537,
                        0.006602384957762258
                    ]
                },
                {
                    "type": "tuple",
                    "values": [
                        0.008171807271512312,
                        0.008916208110442836
                    ]
                },
                {
                    "type": "tuple",
                    "values": [
                        0.009553042212225825,
                        0.0124858443986169
                    ]
                },
                {
                    "type": "tuple",
                    "values": [
                        0.004851021335434302,
                        0.007073445422167361
                    ]
                },
                {
                    "type": "tuple",
                    "values": [
                        0.014764514482519728,
                        0.011069928850170621
                    ]
                },
                {
                    "type": "tuple",
                    "values": [
                        0.01348408931817,
                        0.01790589186054
                    ]
                },
                {
                    "type": "tuple",
                    "values": [
                        0.01942075318402066,
                        0.01206276747511934
                    ]
                },
                {
                    "type": "tuple",
                    "values": [
                        0.02151744602046831,
                        0.019884171320099994
                    ]
                },
                {
                    "type": "tuple",
                    "values": [
                        0.006662659671275908,
                        0.009214890599299998
                    ]
                },
                {
                    "type": "tuple",
                    "values": [
                        0.00760796858247232,
                        0.009045813036300001
                    ]
                },
                {
                    "type": "tuple",
                    "values": [
                        0.013671986655808006,
                        0.014135454761782486
                    ]
                },
                {
                    "type": "tuple",
                    "values": [
                        0.00806074975964757,
                        0.0057084755730349886
                    ]
                },
                {
                    "type": "tuple",
                    "values": [
                        0.009274875770096652,
                        0.013140037591126186
                    ]
                },
                {
                    "type": "tuple",
                    "values": [
                        0.01770661268469701,
                        0.02228281192185299
                    ]
                },
                {
                    "type": "tuple",
                    "values": [
                        0.018000167369719898,
                        0.015357280302846207
                    ]
                },
                {
                    "type": "tuple",
                    "values": [
                        0.024763089809090488,
                        0.025889885063749788
                    ]
                },
                {
                    "type": "tuple",
                    "values": [
                        0.01072382698926101,
                        0.01500820594413603
                    ]
                },
                {
                    "type": "tuple",
                    "values": [
                        0.018685671773773768,
                        0.012508651408706231
                    ]
                },
                {
                    "type": "tuple",
                    "values": [
                        0.010722002979888786,
                        0.012537146490315782
                    ]
                },
                {
                    "type": "tuple",
                    "values": [
                        0.008315976438879772,
                        0.01181222190494563
                    ]
                },
                {
                    "type": "tuple",
                    "values": [
                        0.03769590125443001,
                        0.05072292520878999
                    ]
                },
                {
                    "type": "tuple",
                    "values": [
                        0.04565153817228,
                        0.03134009805701
                    ]
                },
                {
                    "type": "tuple",
                    "values": [
                        0.016459153001984368,
                        0.015458486538619996
                    ]
                },
                {
                    "type": "tuple",
                    "values": [
                        0.017900500750276754,
                        0.03537600747491
                    ]
                },
                {
                    "type": "tuple",
                    "values": [
                        0.013583335819859998,
                        0.01067340796120098
                    ]
                },
                {
                    "type": "tuple",
                    "values": [
                        0.00482414629604,
                        0.01014517175758
                    ]
                },
                {
                    "type": "tuple",
                    "values": [
                        0.015346909503218856,
                        0.00949721918819476
                    ]
                },
                {
                    "type": "tuple",
                    "values": [
                        0.013008264958839999,
                        0.00920906999535428
                    ]
                }
            ]
        },
        "errors_at_sigma_1": {
            "type": "list",
            "values": [
                {
                    "type": "tuple",
                    "values": [
                        0.0011074669611696713,
                        0.0010643236030644498
                    ]
                },
                {
                    "type": "tuple",
                    "values": [
                        0.0019613880043381797,
                        0.0015422222486422723
                    ]
                },
                {
                    "type": "tuple",
                    "values": [
                        0.0055176676641887175,
                        0.005831970496873085
                    ]
                },
                {
                    "type": "tuple",
                    "values": [
                        0.0031150034384677117,
                        0.0032550559259256415
                    ]
                },
                {
                    "type": "tuple",
                    "values": [
                        0.0016719442705438563,
                        0.0012713078687127469
                    ]
                },
                {
                    "type": "tuple",
                    "values": [
                        0.0010186635789800002,
                        0.001133977441565578
                    ]
                },
                {
                    "type": "tuple",
                    "values": [
                        0.0021389549157687458,
                        0.00268797591566
                    ]
                },
                {
                    "type": "tuple",
                    "values": [
                        0.0012698293008251177,
                        0.0019104181846285348
                    ]
                },
                {
                    "type": "tuple",
                    "values": [
                        0.0008900914935,
                        0.0011484859784037802
                    ]
                },
                {
                    "type": "tuple",
                    "values": [
                        0.002082197792066753,
                        0.0022482499515253424
                    ]
                },
                {
                    "type": "tuple",
                    "values": [
                        0.0020988577513284023,
                        0.00458600734321
                    ]
                },
                {
                    "type": "tuple",
                    "values": [
                        0.0023876625003892357,
                        0.0023491327153609028
                    ]
                },
                {
                    "type": "tuple",
                    "values": [
                        0.01102509451751,
                        0.005076630175731921
                    ]
                },
                {
                    "type": "tuple",
                    "values": [
                        0.003664184305806069,
                        0.004011613897689996
                    ]
                },
                {
                    "type": "tuple",
                    "values": [
                        0.0017554058069677424,
                        0.0025145706996930854
                    ]
                },
                {
                    "type": "tuple",
                    "values": [
                        0.002628098953604635,
                        0.003018117880465158
                    ]
                },
                {
                    "type": "tuple",
                    "values": [
                        0.0035647463170323766,
                        0.0023935948075605325
                    ]
                },
                {
                    "type": "tuple",
                    "values": [
                        0.00224008136602101,
                        0.0025505491806099984
                    ]
                },
                {
                    "type": "tuple",
                    "values": [
                        0.010734056299648144,
                        0.0052060859116106195
                    ]
                },
                {
                    "type": "tuple",
                    "values": [
                        0.005345125507685381,
                        0.011233776513269999
                    ]
                },
                {
                    "type": "tuple",
                    "values": [
                        0.0067718254363115455,
                        0.00562147299302243
                    ]
                },
                {
                    "type": "tuple",
                    "values": [
                        0.008561889722294998,
                        0.006285119373527395
                    ]
                },
                {
                    "type": "tuple",
                    "values": [
                        0.003110568236332687,
                        0.004413000106591151
                    ]
                },
                {
                    "type": "tuple",
                    "values": [
                        0.0023106144897299986,
                        0.002345461480263312
                    ]
                },
                {
                    "type": "tuple",
                    "values": [
                        0.0063042019264439334,
                        0.0065479865545594465
                    ]
                },
                {
                    "type": "tuple",
                    "values": [
                        0.0024621579043375696,
                        0.0020297035406420215
                    ]
                },
                {
                    "type": "tuple",
                    "values": [
                        0.0015833792193475338,
                        0.002182338599304148
                    ]
                },
                {
                    "type": "tuple",
                    "values": [
                        0.005553949181411579,
                        0.0023782555959649576
                    ]
                },
                {
                    "type": "tuple",
                    "values": [
                        0.006039900301739898,
                        0.005716740533928823
                    ]
                },
                {
                    "type": "tuple",
                    "values": [
                        0.007707943971710488,
                        0.016082622454138013
                    ]
                },
                {
                    "type": "tuple",
                    "values": [
                        0.0036657775910666265,
                        0.005311119748184026
                    ]
                },
                {
                    "type": "tuple",
                    "values": [
                        0.010808383192143035,
                        0.004091207821773517
                    ]
                },
                {
                    "type": "tuple",
                    "values": [
                        0.006685739701184218,
                        0.004889932642185782
                    ]
                },
                {
                    "type": "tuple",
                    "values": [
                        0.00405344853689899,
                        0.004180748626914813
                    ]
                },
                {
                    "type": "tuple",
                    "values": [
                        0.004310910333259255,
                        0.038333952665009996
                    ]
                },
                {
                    "type": "tuple",
                    "values": [
                        0.005237915275492087,
                        0.017745835263089996
                    ]
                },
                {
                    "type": "tuple",
                    "values": [
                        0.0075258698542535404,
                        0.007221563393942122
                    ]
                },
                {
                    "type": "tuple",
                    "values": [
                        0.004656279026929999,
                        0.006206278115295456
                    ]
                },
                {
                    "type": "tuple",
                    "values": [
                        0.0020944618597361284,
                        0.005025855051474862
                    ]
                },
                {
                    "type": "tuple",
                    "values": [
                        0.0015838184340300002,
                        0.0014565910105395143
                    ]
                },
                {
                    "type": "tuple",
                    "values": [
                        0.0077757123468770815,
                        0.002701432629032918
                    ]
                },
                {
                    "type": "tuple",
                    "values": [
                        0.0021446644648237733,
                        0.004669830001705807
                    ]
                }
            ]
        }
    }
}