{
    "type": "instance",
    "class_path": "autofit.non_linear.samples.summary.SamplesSummary",
    "arguments": {
        "errors_at_sigma_1": {
            "type": "list",
            "values": [
                {
                    "type": "tuple",
                    "values": [
                        0.0023402931255871173,
                        0.0028581355837688782
                    ]
                },
                {
                    "type": "tuple",
                    "values": [
                        0.0025338501100438393,
                        0.002411211458676288
                    ]
                },
                {
                    "type": "tuple",
                    "values": [
                        0.009488117623839687,
                        0.009325463340192143
                    ]
                },
                {
                    "type": "tuple",
                    "values": [
                        0.007837718210398295,
                        0.008098099776289528
                    ]
                },
                {
                    "type": "tuple",
                    "values": [
                        0.007818179770221673,
                        0.007258780273080736
                    ]
                },
                {
                    "type": "tuple",
                    "values": [
                        0.011175074591850902,
                        0.011200858627439098
                    ]
                },
                {
                    "type": "tuple",
                    "values": [
                        0.007457190332046018,
                        0.007907423654388382
                    ]
                },
                {
                    "type": "tuple",
                    "values": [
                        0.009095154781944947,
                        0.00873738578125497
                    ]
                }
            ]
        },
        "median_pdf_sample": {
            "type": "instance",
            "class_path": "autofit.non_linear.samples.sample.Sample",
            "arguments": {
                "log_likelihood": -69.53438363356963,
                "log_prior": 0.0,
                "weight": 0.0010306797566253384,
                "kwargs": {
                    "type": "dict",
                    "arguments": {
                        "ellipses.0.ell_comps.ell_comps_0": 0.0751737410823236,
                        "ellipses.0.ell_comps.ell_comps_1": 0.10358129229069,
                        "multipoles.0.multipole_1.multipole_comps.multipole_comps_0": -0.0005671715665903133,
                        "multipoles.0.multipole_1.multipole_comps.multipole_comps_1": 0.00861847050357,
                        "multipoles.0.multipole_3.multipole_comps.multipole_comps_0": 0.006580963961939263,
                        "multipoles.0.multipole_3.multipole_comps.multipole_comps_1": -0.0224898573066991,
                        "multipoles.0.multipole_4.multipole_comps.multipole_comps_0": -0.02178390250784,
                        "multipoles.0.multipole_4.multipole_comps.multipole_comps_1": 0.03447836023538503
                    }
                }
            }
        },
        "values_at_sigma_3": {
            "type": "list",
            "values": [
                {
                    "type": "tuple",
                    "values": [
                        0.06817732196224,
                        0.08294812462040613
                    ]
                },
                {
                    "type": "tuple",
                    "values": [
                        0.09432604023607637,
                        0.11198420947887
                    ]
                },
                {
                    "type": "tuple",
                    "values": [
                        -0.02744751406918,
                        0.02480063723315
                    ]
                },
                {
                    "type": "tuple",
                    "values": [
                        -0.01620516545325,
                        0.028756380137224882
                    ]
                },
                {
                    "type": "tuple",
                    "values": [
                        -0.014884221589482832,
                        0.02784407136353377
                    ]
                },
                {
                    "type": "tuple",
                    "values": [
                        -0.050709239517396185,
                        0.009618611591298848
                    ]
                },
                {
                    "type": "tuple",
                    "values": [
                        -0.04535359878109845,
                        0.0028296223888696383
                    ]
                },
                {
                    "type": "tuple",
                    "values": [
                        0.00542706564232,
                        0.061108269121923964
                    ]
                }
            ]
        },
        "model": null,
        "log_evidence": -93.10630364531421,
        "errors_at_sigma_3": {
            "type": "list",
            "values": [
                {
                    "type": "tuple",
                    "values": [
                        0.0069964191200835996,
                        0.007774383538082533
                    ]
                },
                {
                    "type": "tuple",
                    "values": [
                        0.009255252054613639,
                        0.008402917188179995
                    ]
                },
                {
                    "type": "tuple",
                    "values": [
                        0.026880342502589687,
                        0.025367808799740314
                    ]
                },
                {
                    "type": "tuple",
                    "values": [
                        0.024823635956820002,
                        0.02013790963365488
                    ]
                },
                {
                    "type": "tuple",
                    "values": [
                        0.021465185551422093,
                        0.021263107401594507
                    ]
                },
                {
                    "type": "tuple",
                    "values": [
                        0.028219382210697086,
                        0.03210846889799795
                    ]
                },
                {
                    "type": "tuple",
                    "values": [
                        0.02356969627325845,
                        0.02461352489670964
                    ]
                },
                {
                    "type": "tuple",
                    "values": [
                        0.02905129459306503,
                        0.026629908886538933
                    ]
                }
            ]
        },
        "max_log_likelihood_sample": {
            "type": "instance",
            "class_path": "autofit.non_linear.samples.sample.Sample",
            "arguments": {
                "log_likelihood": -69.53438363356963,
                "log_prior": 0.0,
                "weight": 0.0010306797566253384,
                "kwargs": {
                    "type": "dict",
                    "arguments": {
                        "ellipses.0.ell_comps.ell_comps_0": 0.07435766312243,
                        "ellipses.0.ell_comps.ell_comps_1": 0.10455594893509,
                        "multipoles.0.multipole_1.multipole_comps.multipole_comps_0": -0.00849719543188,
                        "multipoles.0.multipole_1.multipole_comps.multipole_comps_1": 0.00551019902877,
                        "multipoles.0.multipole_3.multipole_comps.multipole_comps_0": 0.00389970714154,
                        "multipoles.0.multipole_3.multipole_comps.multipole_comps_1": -0.03195826531194,
                        "multipoles.0.multipole_4.multipole_comps.multipole_comps_0": -0.01685147144027,
                        "multipoles.0.multipole_4.multipole_comps.multipole_comps_1": 0.04040561698548
                    }
                }
            }
        },
        "values_at_sigma_1": {
            "type": "list",
            "values": [
                {
                    "type": "tuple",
                    "values": [
                        0.07283344795673648,
                        0.07803187666609247
                    ]
                },
                {
                    "type": "tuple",
                    "values": [
                        0.10104744218064617,
                        0.10599250374936629
                    ]
                },
                {
                    "type": "tuple",
                    "values": [
                        -0.01005528919043,
                        0.00875829177360183
                    ]
                },
                {
                    "type": "tuple",
                    "values": [
                        0.0007807522931717043,
                        0.016716570279859528
                    ]
                },
                {
                    "type": "tuple",
                    "values": [
                        -0.0012372158082824096,
                        0.01383974423502
                    ]
                },
                {
                    "type": "tuple",
                    "values": [
                        -0.03366493189855,
                        -0.01128899867926
                    ]
                },
                {
                    "type": "tuple",
                    "values": [
                        -0.029241092839886018,
                        -0.013876478853451618
                    ]
                },
                {
                    "type": "tuple",
                    "values": [
                        0.025383205453440083,
                        0.04321574601664
                    ]
                }
            ]
        }
    }
}