{
    "type": "instance",
    "class_path": "autofit.non_linear.samples.summary.SamplesSummary",
    "arguments": {
        "errors_at_sigma_1": {
            "type": "list",
            "values": [
                {
                    "type": "tuple",
                    "values": [
                        0.019239375294573244,
                        0.014508538498119991
                    ]
                },
                {
                    "type": "tuple",
                    "values": [
                        0.02209680184376737,
                        0.018392227564977555
                    ]
                },
                {
                    "type": "tuple",
                    "values": [
                        0.1005406188204179,
                        0.019848298406205167
                    ]
                },
                {
                    "type": "tuple",
                    "values": [
                        0.05083086647463775,
                        0.07515352883426803
                    ]
                },
                {
                    "type": "tuple",
                    "values": [
                        0.1134555479650208,
                        0.034846144812245
                    ]
                },
                {
                    "type": "tuple",
                    "values": [
                        0.084188097037262,
                        0.04530999363689
                    ]
                }
            ]
        },
        "values_at_sigma_3": {
            "type": "list",
            "values": [
                {
                    "type": "tuple",
                    "values": [
                        -0.17060136184831,
                        -0.02336722233381
                    ]
                },
                {
                    "type": "tuple",
                    "values": [
                        -0.04015198183563396,
                        0.05977665928293
                    ]
                },
                {
                    "type": "tuple",
                    "values": [
                        -0.09699406445762535,
                        0.0994022029021
                    ]
                },
                {
                    "type": "tuple",
                    "values": [
                        -0.0998515279421881,
                        0.09978132716537866
                    ]
                },
                {
                    "type": "tuple",
                    "values": [
                        -0.09997405778157,
                        0.09950917049423448
                    ]
                },
                {
                    "type": "tuple",
                    "values": [
                        -0.09715631195181,
                        0.0996802248083403
                    ]
                }
            ]
        },
        "max_log_likelihood_sample": {
            "type": "instance",
            "class_path": "autofit.non_linear.samples.sample.Sample",
            "arguments": {
                "log_likelihood": -33.2181695896171,
                "log_prior": 0.0,
                "weight": 0.0010227458512466411,
                "kwargs": {
                    "type": "dict",
                    "arguments": {
                        "ellipses.0.ell_comps.ell_comps_0": -0.10822545791201,
                        "ellipses.0.ell_comps.ell_comps_1": 0.02235814168459,
                        "multipoles.0.multipole_3.multipole_comps.multipole_comps_0": 0.07598400600108,
                        "multipoles.0.multipole_3.multipole_comps.multipole_comps_1": -0.07629591392617,
                        "multipoles.0.multipole_4.multipole_comps.multipole_comps_0": -0.09010223229804,
                        "multipoles.0.multipole_4.multipole_comps.multipole_comps_1": -0.0419924069871
                    }
                }
            }
        },
        "median_pdf_sample": {
            "type": "instance",
            "class_path": "autofit.non_linear.samples.sample.Sample",
            "arguments": {
                "log_likelihood": -33.2181695896171,
                "log_prior": 0.0,
                "weight": 0.0010227458512466411,
                "kwargs": {
                    "type": "dict",
                    "arguments": {
                        "ellipses.0.ell_comps.ell_comps_0": -0.09001989301121,
                        "ellipses.0.ell_comps.ell_comps_1": 0.01948381817709737,
                        "multipoles.0.multipole_3.multipole_comps.multipole_comps_0": 0.0670376295523279,
                        "multipoles.0.multipole_3.multipole_comps.multipole_comps_1": -0.036688718301798026,
                        "multipoles.0.multipole_4.multipole_comps.multipole_comps_0": 0.02784109440096308,
                        "multipoles.0.multipole_4.multipole_comps.multipole_comps_1": 0.03991246711779
                    }
                }
            }
        },
        "errors_at_sigma_3": {
            "type": "list",
            "values": [
                {
                    "type": "tuple",
                    "values": [
                        0.08058146883710002,
                        0.0666526706774
                    ]
                },
                {
                    "type": "tuple",
                    "values": [
                        0.05963580001273133,
                        0.04029284110583263
                    ]
                },
                {
                    "type": "tuple",
                    "values": [
                        0.16403169400995324,
                        0.03236457334977211
                    ]
                },
                {
                    "type": "tuple",
                    "values": [
                        0.06316280964039007,
                        0.13647004546717667
                    ]
                },
                {
                    "type": "tuple",
                    "values": [
                        0.1278151521825331,
                        0.0716680760932714
                    ]
                },
                {
                    "type": "tuple",
                    "values": [
                        0.1370687790696,
                        0.059767757690550295
                    ]
                }
            ]
        },
        "log_evidence": -48.2452329037512,
        "model": null,
        "values_at_sigma_1": {
            "type": "list",
            "values": [
                {
                    "type": "tuple",
                    "values": [
                        -0.10925926830578324,
                        -0.07551135451309
                    ]
                },
                {
                    "type": "tuple",
                    "values": [
                        -0.00261298366667,
                        0.037876045742074926
                    ]
                },
                {
                    "type": "tuple",
                    "values": [
                        -0.03350298926809,
                        0.08688592795853306
                    ]
                },
                {
                    "type": "tuple",
                    "values": [
                        -0.08751958477643577,
                        0.03846481053247
                    ]
                },
                {
                    "type": "tuple",
                    "values": [
                        -0.08561445356405772,
                        0.06268723921320808
                    ]
                },
                {
                    "type": "tuple",
                    "values": [
                        -0.044275629919472,
                        0.08522246075468
                    ]
                }
            ]
        }
    }
}