{
    "type": "instance",
    "class_path": "autofit.non_linear.samples.summary.SamplesSummary",
    "arguments": {
        "median_pdf_sample": {
            "type": "instance",
            "class_path": "autofit.non_linear.samples.sample.Sample",
            "arguments": {
                "log_likelihood": -7.377273938464115,
                "log_prior": 0.0,
                "weight": 0.0009741017145729546,
                "kwargs": {
                    "type": "dict",
                    "arguments": {
                        "ellipses.0.ell_comps.ell_comps_0": -0.08199881841980249,
                        "ellipses.0.ell_comps.ell_comps_1": -0.07970789827363117,
                        "multipoles.0.multipole_3.multipole_comps.multipole_comps_0": -0.0033071254826666685,
                        "multipoles.0.multipole_3.multipole_comps.multipole_comps_1": -0.0021312600526641468,
                        "multipoles.0.multipole_4.multipole_comps.multipole_comps_0": 0.0002247943283574421,
                        "multipoles.0.multipole_4.multipole_comps.multipole_comps_1": -0.0028621439230572224
                    }
                }
            }
        },
        "log_evidence": -28.929015102237756,
        "errors_at_sigma_3": {
            "type": "list",
            "values": [
                {
                    "type": "tuple",
                    "values": [
                        0.016078030336831195,
                        0.019276875297373944
                    ]
                },
                {
                    "type": "tuple",
                    "values": [
                        0.019206252588612666,
                        0.017663259044092633
                    ]
                },
                {
                    "type": "tuple",
                    "values": [
                        0.007806986704163332,
                        0.009336216671612493
                    ]
                },
                {
                    "type": "tuple",
                    "values": [
                        0.009594588245088093,
                        0.008821449521614146
                    ]
                },
                {
                    "type": "tuple",
                    "values": [
                        0.012499319584473487,
                        0.01274254018840295
                    ]
                },
                {
                    "type": "tuple",
                    "values": [
                        0.011414740162586716,
                        0.011733254537440676
                    ]
                }
            ]
        },
        "values_at_sigma_3": {
            "type": "list",
            "values": [
                {
                    "type": "tuple",
                    "values": [
                        -0.09807684875663368,
                        -0.06272194312242854
                    ]
                },
                {
                    "type": "tuple",
                    "values": [
                        -0.09891415086224384,
                        -0.06204463922953854
                    ]
                },
                {
                    "type": "tuple",
                    "values": [
                        -0.01111411218683,
                        0.006029091188945825
                    ]
                },
                {
                    "type": "tuple",
                    "values": [
                        -0.01172584829775224,
                        0.00669018946895
                    ]
                },
                {
                    "type": "tuple",
                    "values": [
                        -0.012274525256116045,
                        0.012967334516760392
                    ]
                },
                {
                    "type": "tuple",
                    "values": [
                        -0.014276884085643938,
                        0.008871110614383454
                    ]
                }
            ]
        },
        "max_log_likelihood_sample": {
            "type": "instance",
            "class_path": "autofit.non_linear.samples.sample.Sample",
            "arguments": {
                "log_likelihood": -7.377273938464115,
                "log_prior": 0.0,
                "weight": 0.0009741017145729546,
                "kwargs": {
                    "type": "dict",
                    "arguments": {
                        "ellipses.0.ell_comps.ell_comps_0": -0.0796667176377,
                        "ellipses.0.ell_comps.ell_comps_1": -0.08310932499825,
                        "multipoles.0.multipole_3.multipole_comps.multipole_comps_0": -0.00357204000973,
                        "multipoles.0.multipole_3.multipole_comps.multipole_comps_1": -0.00331551612192,
                        "multipoles.0.multipole_4.multipole_comps.multipole_comps_0": -0.0003017850129,
                        "multipoles.0.multipole_4.multipole_comps.multipole_comps_1": -0.00349150645499
                    }
                }
            }
        },
        "values_at_sigma_1": {
            "type": "list",
            "values": [
                {
                    "type": "tuple",
                    "values": [
                        -0.08755999748547622,
                        -0.07616524499050586
                    ]
                },
                {
                    "type": "tuple",
                    "values": [
                        -0.0859997935100597,
                        -0.07398583474375
                    ]
                },
                {
                    "type": "tuple",
                    "values": [
                        -0.006245400491359103,
                        -0.0005930756041014679
                    ]
                },
                {
                    "type": "tuple",
                    "values": [
                        -0.00485261502864013,
                        0.0007533134613708874
                    ]
                },
                {
                    "type": "tuple",
                    "values": [
                        -0.00423469177505,
                        0.004350651032249972
                    ]
                },
                {
                    "type": "tuple",
                    "values": [
                        -0.00662222194328,
                        0.001290852279080421
                    ]
                }
            ]
        },
        "errors_at_sigma_1": {
            "type": "list",
            "values": [
                {
                    "type": "tuple",
                    "values": [
                        0.00556117906567373,
                        0.005833573429296621
                    ]
                },
                {
                    "type": "tuple",
                    "values": [
                        0.006291895236428521,
                        0.005722063529881166
                    ]
                },
                {
                    "type": "tuple",
                    "values": [
                        0.002938275008692434,
                        0.0027140498785652007
                    ]
                },
                {
                    "type": "tuple",
                    "values": [
                        0.0027213549759759837,
                        0.0028845735140350342
                    ]
                },
                {
                    "type": "tuple",
                    "values": [
                        0.004459486103407443,
                        0.00412585670389253
                    ]
                },
                {
                    "type": "tuple",
                    "values": [
                        0.003760078020222778,
                        0.004152996202137643
                    ]
                }
            ]
        },
        "model": null
    }
}