{
    "type": "instance",
    "class_path": "autofit.non_linear.samples.summary.SamplesSummary",
    "arguments": {
        "values_at_sigma_1": {
            "type": "list",
            "values": [
                {
                    "type": "tuple",
                    "values": [
                        -0.02229406839613964,
                        -0.003680985537267213
                    ]
                },
                {
                    "type": "tuple",
                    "values": [
                        -0.13702199690857,
                        -0.1176342258793103
                    ]
                },
                {
                    "type": "tuple",
                    "values": [
                        -0.08003936048926952,
                        0.01413531587378
                    ]
                },
                {
                    "type": "tuple",
                    "values": [
                        0.017514070969851154,
                        0.07763504602814
                    ]
                },
                {
                    "type": "tuple",
                    "values": [
                        -0.05401823280561,
                        0.02332059230747803
                    ]
                },
                {
                    "type": "tuple",
                    "values": [
                        -0.016348173583900782,
                        0.03588952580132725
                    ]
                },
                {
                    "type": "tuple",
                    "values": [
                        -0.07564783495626508,
                        -0.01347715414201
                    ]
                },
                {
                    "type": "tuple",
                    "values": [
                        -0.01025601670488,
                        0.0451401776557
                    ]
                }
            ]
        },
        "model": null,
        "values_at_sigma_3": {
            "type": "list",
            "values": [
                {
                    "type": "tuple",
                    "values": [
                        -0.04106637536481725,
                        0.022885558794221883
                    ]
                },
                {
                    "type": "tuple",
                    "values": [
                        -0.16836253595439685,
                        -0.08851778052063
                    ]
                },
                {
                    "type": "tuple",
                    "values": [
                        -0.1057633653368631,
                        0.06884178289909075
                    ]
                },
                {
                    "type": "tuple",
                    "values": [
                        -0.046841278697731664,
                        0.1367488733787701
                    ]
                },
                {
                    "type": "tuple",
                    "values": [
                        -0.09950577502329,
                        0.08814588116915036
                    ]
                },
                {
                    "type": "tuple",
                    "values": [
                        -0.06503227240232,
                        0.07119490055171
                    ]
                },
                {
                    "type": "tuple",
                    "values": [
                        -0.0998952754784863,
                        0.05550056449942
                    ]
                },
                {
                    "type": "tuple",
                    "values": [
                        -0.06836383813190226,
                        0.09040472953623455
                    ]
                }
            ]
        },
        "max_log_likelihood_sample": {
            "type": "instance",
            "class_path": "autofit.non_linear.samples.sample.Sample",
            "arguments": {
                "log_likelihood": -32.72223049532978,
                "log_prior": 0.0,
                "weight": 0.0010590398027625855,
                "kwargs": {
                    "type": "dict",
                    "arguments": {
                        "ellipses.0.ell_comps.ell_comps_0": -0.01209189211885,
                        "ellipses.0.ell_comps.ell_comps_1": -0.12860282823876,
                        "multipoles.0.multipole_1.multipole_comps.multipole_comps_0": -0.06788858399521,
                        "multipoles.0.multipole_1.multipole_comps.multipole_comps_1": 0.01878973246393,
                        "multipoles.0.multipole_3.multipole_comps.multipole_comps_0": -0.02709994154269,
                        "multipoles.0.multipole_3.multipole_comps.multipole_comps_1": 0.020332248521,
                        "multipoles.0.multipole_4.multipole_comps.multipole_comps_0": -0.03129557577096,
                        "multipoles.0.multipole_4.multipole_comps.multipole_comps_1": 0.02460368295194
                    }
                }
            }
        },
        "errors_at_sigma_1": {
            "type": "list",
            "values": [
                {
                    "type": "tuple",
                    "values": [
                        0.009937272882254477,
                        0.00867580997661795
                    ]
                },
                {
                    "type": "tuple",
                    "values": [
                        0.008138437048275271,
                        0.011249333980984433
                    ]
                },
                {
                    "type": "tuple",
                    "values": [
                        0.032239307311959516,
                        0.061935369051090004
                    ]
                },
                {
                    "type": "tuple",
                    "values": [
                        0.030741849291345356,
                        0.029379125766943494
                    ]
                },
                {
                    "type": "tuple",
                    "values": [
                        0.03153009627020639,
                        0.045808728842881646
                    ]
                },
                {
                    "type": "tuple",
                    "values": [
                        0.021837676684090784,
                        0.03040002270113725
                    ]
                },
                {
                    "type": "tuple",
                    "values": [
                        0.03276543290747441,
                        0.029405247906780667
                    ]
                },
                {
                    "type": "tuple",
                    "values": [
                        0.028317955030791292,
                        0.027078239329788704
                    ]
                }
            ]
        },
        "errors_at_sigma_3": {
            "type": "list",
            "values": [
                {
                    "type": "tuple",
                    "values": [
                        0.028709579850932088,
                        0.03524235430810704
                    ]
                },
                {
                    "type": "tuple",
                    "values": [
                        0.039478976094102114,
                        0.04036577933966473
                    ]
                },
                {
                    "type": "tuple",
                    "values": [
                        0.0579633121595531,
                        0.11664183607640075
                    ]
                },
                {
                    "type": "tuple",
                    "values": [
                        0.09509719895892818,
                        0.08849295311757358
                    ]
                },
                {
                    "type": "tuple",
                    "values": [
                        0.07701763848788638,
                        0.11063401770455397
                    ]
                },
                {
                    "type": "tuple",
                    "values": [
                        0.07052177550251,
                        0.06570539745152
                    ]
                },
                {
                    "type": "tuple",
                    "values": [
                        0.05701287342969563,
                        0.09838296654821066
                    ]
                },
                {
                    "type": "tuple",
                    "values": [
                        0.08642577645781356,
                        0.07234279121032325
                    ]
                }
            ]
        },
        "log_evidence": -51.928125733817836,
        "median_pdf_sample": {
            "type": "instance",
            "class_path": "autofit.non_linear.samples.sample.Sample",
            "arguments": {
                "log_likelihood": -32.72223049532978,
                "log_prior": 0.0,
                "weight": 0.0010590398027625855,
                "kwargs": {
                    "type": "dict",
                    "arguments": {
                        "ellipses.0.ell_comps.ell_comps_0": -0.012356795513885162,
                        "ellipses.0.ell_comps.ell_comps_1": -0.12888355986029473,
                        "multipoles.0.multipole_1.multipole_comps.multipole_comps_0": -0.04780005317731,
                        "multipoles.0.multipole_1.multipole_comps.multipole_comps_1": 0.04825592026119651,
                        "multipoles.0.multipole_3.multipole_comps.multipole_comps_0": -0.022488136535403613,
                        "multipoles.0.multipole_3.multipole_comps.multipole_comps_1": 0.00548950310019,
                        "multipoles.0.multipole_4.multipole_comps.multipole_comps_0": -0.042882402048790666,
                        "multipoles.0.multipole_4.multipole_comps.multipole_comps_1": 0.018061938325911294
                    }
                }
            }
        }
    }
}