{
    "type": "instance",
    "class_path": "autofit.non_linear.samples.summary.SamplesSummary",
    "arguments": {
        "log_evidence": -66.3605234365527,
        "model": null,
        "errors_at_sigma_3": {
            "type": "list",
            "values": [
                {
                    "type": "tuple",
                    "values": [
                        0.04413596865835787,
                        0.008854998777498395
                    ]
                },
                {
                    "type": "tuple",
                    "values": [
                        0.007182652900665179,
                        0.04337474404077275
                    ]
                }
            ]
        },
        "max_log_likelihood_sample": {
            "type": "instance",
            "class_path": "autofit.non_linear.samples.sample.Sample",
            "arguments": {
                "log_likelihood": -55.75517255004846,
                "log_prior": 0.0,
                "weight": 0.0009864748666281638,
                "kwargs": {
                    "type": "dict",
                    "arguments": {
                        "ellipses.0.ell_comps.ell_comps_0": -0.06152789221448,
                        "ellipses.0.ell_comps.ell_comps_1": 0.03019360345751
                    }
                }
            }
        },
        "values_at_sigma_3": {
            "type": "list",
            "values": [
                {
                    "type": "tuple",
                    "values": [
                        -0.10657436037066627,
                        -0.05358339293481
                    ]
                },
                {
                    "type": "tuple",
                    "values": [
                        0.02358330631877031,
                        0.07414070326020825
                    ]
                }
            ]
        },
        "median_pdf_sample": {
            "type": "instance",
            "class_path": "autofit.non_linear.samples.sample.Sample",
            "arguments": {
                "log_likelihood": -55.75517255004846,
                "log_prior": 0.0,
                "weight": 0.0009864748666281638,
                "kwargs": {
                    "type": "dict",
                    "arguments": {
                        "ellipses.0.ell_comps.ell_comps_0": -0.062438391712308396,
                        "ellipses.0.ell_comps.ell_comps_1": 0.03076595921943549
                    }
                }
            }
        },
        "errors_at_sigma_1": {
            "type": "list",
            "values": [
                {
                    "type": "tuple",
                    "values": [
                        0.04092386109752919,
                        0.0035730650181211854
                    ]
                },
                {
                    "type": "tuple",
                    "values": [
                        0.0026368832192080333,
                        0.03820996156334451
                    ]
                }
            ]
        },
        "values_at_sigma_1": {
            "type": "list",
            "values": [
                {
                    "type": "tuple",
                    "values": [
                        -0.10336225280983759,
                        -0.05886532669418721
                    ]
                },
                {
                    "type": "tuple",
                    "values": [
                        0.028129076000227456,
                        0.06897592078278
                    ]
                }
            ]
        }
    }
}