{
    "type": "instance",
    "class_path": "autofit.non_linear.samples.summary.SamplesSummary",
    "arguments": {
        "max_log_likelihood_sample": {
            "type": "instance",
            "class_path": "autofit.non_linear.samples.sample.Sample",
            "arguments": {
                "log_likelihood": -24.51359150885919,
                "log_prior": 0.0,
                "weight": 0.0010090865342205681,
                "kwargs": {
                    "type": "dict",
                    "arguments": {
                        "ellipses.0.ell_comps.ell_comps_0": 0.16123682227326,
                        "ellipses.0.ell_comps.ell_comps_1": -0.03385800191641,
                        "multipoles.0.multipole_3.multipole_comps.multipole_comps_0": 0.00189720087983,
                        "multipoles.0.multipole_3.multipole_comps.multipole_comps_1": 0.00130354168139,
                        "multipoles.0.multipole_4.multipole_comps.multipole_comps_0": -0.00161480871269,
                        "multipoles.0.multipole_4.multipole_comps.multipole_comps_1": -0.00386536395374
                    }
                }
            }
        },
        "median_pdf_sample": {
            "type": "instance",
            "class_path": "autofit.non_linear.samples.sample.Sample",
            "arguments": {
                "log_likelihood": -24.51359150885919,
                "log_prior": 0.0,
                "weight": 0.0010090865342205681,
                "kwargs": {
                    "type": "dict",
                    "arguments": {
                        "ellipses.0.ell_comps.ell_comps_0": 0.15995973144731,
                        "ellipses.0.ell_comps.ell_comps_1": -0.03427801663909,
                        "multipoles.0.multipole_3.multipole_comps.multipole_comps_0": 0.001704731972052581,
                        "multipoles.0.multipole_3.multipole_comps.multipole_comps_1": 0.001228732003036813,
                        "multipoles.0.multipole_4.multipole_comps.multipole_comps_0": -0.00186756993966,
                        "multipoles.0.multipole_4.multipole_comps.multipole_comps_1": -0.00430698387772
                    }
                }
            }
        },
        "values_at_sigma_1": {
            "type": "list",
            "values": [
                {
                    "type": "tuple",
                    "values": [
                        0.15781616658110906,
                        0.16231505950158606
                    ]
                },
                {
                    "type": "tuple",
                    "values": [
                        -0.03707770232581931,
                        -0.03211597730715001
                    ]
                },
                {
                    "type": "tuple",
                    "values": [
                        0.0006636934910433941,
                        0.00278342662309
                    ]
                },
                {
                    "type": "tuple",
                    "values": [
                        7.08939788371807e-05,
                        0.002396539806915901
                    ]
                },
                {
                    "type": "tuple",
                    "values": [
                        -0.00319632875798,
                        -0.00034319991921673374
                    ]
                },
                {
                    "type": "tuple",
                    "values": [
                        -0.005970978507148062,
                        -0.00287327404806
                    ]
                }
            ]
        },
        "log_evidence": -50.66271277251155,
        "errors_at_sigma_3": {
            "type": "list",
            "values": [
                {
                    "type": "tuple",
                    "values": [
                        0.006986024415731762,
                        0.007236060685108847
                    ]
                },
                {
                    "type": "tuple",
                    "values": [
                        0.007548276291022456,
                        0.007958809557510476
                    ]
                },
                {
                    "type": "tuple",
                    "values": [
                        0.0032326507325168485,
                        0.0032514094159266657
                    ]
                },
                {
                    "type": "tuple",
                    "values": [
                        0.0035601758377,
                        0.003489175212404389
                    ]
                },
                {
                    "type": "tuple",
                    "values": [
                        0.004043577846378651,
                        0.004144603390503656
                    ]
                },
                {
                    "type": "tuple",
                    "values": [
                        0.00460765265054,
                        0.004419569097296228
                    ]
                }
            ]
        },
        "model": null,
        "values_at_sigma_3": {
            "type": "list",
            "values": [
                {
                    "type": "tuple",
                    "values": [
                        0.15297370703157823,
                        0.16719579213241884
                    ]
                },
                {
                    "type": "tuple",
                    "values": [
                        -0.04182629293011245,
                        -0.02631920708157952
                    ]
                },
                {
                    "type": "tuple",
                    "values": [
                        -0.0015279187604642676,
                        0.004956141387979247
                    ]
                },
                {
                    "type": "tuple",
                    "values": [
                        -0.002331443834663187,
                        0.004717907215441202
                    ]
                },
                {
                    "type": "tuple",
                    "values": [
                        -0.005911147786038651,
                        0.002277033450843656
                    ]
                },
                {
                    "type": "tuple",
                    "values": [
                        -0.00891463652826,
                        0.00011258521957622768
                    ]
                }
            ]
        },
        "errors_at_sigma_1": {
            "type": "list",
            "values": [
                {
                    "type": "tuple",
                    "values": [
                        0.002143564866200931,
                        0.0023553280542760735
                    ]
                },
                {
                    "type": "tuple",
                    "values": [
                        0.0027996856867293154,
                        0.002162039331939987
                    ]
                },
                {
                    "type": "tuple",
                    "values": [
                        0.0010410384810091867,
                        0.0010786946510374191
                    ]
                },
                {
                    "type": "tuple",
                    "values": [
                        0.0011578380241996323,
                        0.001167807803879088
                    ]
                },
                {
                    "type": "tuple",
                    "values": [
                        0.00132875881832,
                        0.0015243700204432662
                    ]
                },
                {
                    "type": "tuple",
                    "values": [
                        0.001663994629428062,
                        0.0014337098296600004
                    ]
                }
            ]
        }
    }
}