{
    "type": "instance",
    "class_path": "autofit.non_linear.samples.summary.SamplesSummary",
    "arguments": {
        "model": null,
        "errors_at_sigma_1": {
            "type": "list",
            "values": [
                {
                    "type": "tuple",
                    "values": [
                        0.00103417223084,
                        0.001728456142643358
                    ]
                },
                {
                    "type": "tuple",
                    "values": [
                        0.0032272133176822855,
                        0.0010235143495768476
                    ]
                },
                {
                    "type": "tuple",
                    "values": [
                        0.00579142964492671,
                        0.007584975581050054
                    ]
                },
                {
                    "type": "tuple",
                    "values": [
                        0.00998668475337193,
                        0.004759473612048065
                    ]
                },
                {
                    "type": "tuple",
                    "values": [
                        0.0013990182629316774,
                        0.00602786153521
                    ]
                },
                {
                    "type": "tuple",
                    "values": [
                        0.0011195882403172326,
                        0.0015303719196327673
                    ]
                },
                {
                    "type": "tuple",
                    "values": [
                        0.0006447912269009852,
                        0.0020286586000073923
                    ]
                },
                {
                    "type": "tuple",
                    "values": [
                        0.0009163147865037861,
                        0.0013674153720431646
                    ]
                },
                {
                    "type": "tuple",
                    "values": [
                        0.004828237249908112,
                        0.002945994854377765
                    ]
                },
                {
                    "type": "tuple",
                    "values": [
                        0.0057700315535299945,
                        0.004781515522010005
                    ]
                },
                {
                    "type": "tuple",
                    "values": [
                        0.0029830976293194703,
                        0.013549460232259999
                    ]
                },
                {
                    "type": "tuple",
                    "values": [
                        0.004910329596728449,
                        0.0058024724795305415
                    ]
                },
                {
                    "type": "tuple",
                    "values": [
                        0.00561925800752802,
                        0.00438761028968
                    ]
                },
                {
                    "type": "tuple",
                    "values": [
                        0.007359189946621247,
                        0.005340433169888867
                    ]
                },
                {
                    "type": "tuple",
                    "values": [
                        0.00545268347101,
                        0.01677836096936195
                    ]
                },
                {
                    "type": "tuple",
                    "values": [
                        0.028999673991813208,
                        0.005996637671879999
                    ]
                },
                {
                    "type": "tuple",
                    "values": [
                        0.019344447839869786,
                        0.009571437869103718
                    ]
                },
                {
                    "type": "tuple",
                    "values": [
                        0.01521908135810594,
                        0.007436294850168022
                    ]
                },
                {
                    "type": "tuple",
                    "values": [
                        0.011852305653746007,
                        0.0075401524773409685
                    ]
                },
                {
                    "type": "tuple",
                    "values": [
                        0.01108424951563,
                        0.010205521926068033
                    ]
                },
                {
                    "type": "tuple",
                    "values": [
                        0.08645101184760368,
                        0.004521349025586263
                    ]
                },
                {
                    "type": "tuple",
                    "values": [
                        0.05602711437919336,
                        0.006792885295365397
                    ]
                },
                {
                    "type": "tuple",
                    "values": [
                        0.008485525579166407,
                        0.009103582060306037
                    ]
                },
                {
                    "type": "tuple",
                    "values": [
                        0.008120996549124179,
                        0.009161882036479836
                    ]
                },
                {
                    "type": "tuple",
                    "values": [
                        0.04720084015996653,
                        0.009251884509993508
                    ]
                },
                {
                    "type": "tuple",
                    "values": [
                        0.007489150483423024,
                        0.007236514221353569
                    ]
                },
                {
                    "type": "tuple",
                    "values": [
                        0.007539948189837581,
                        0.08159847324906935
                    ]
                },
                {
                    "type": "tuple",
                    "values": [
                        0.005125499051900413,
                        0.08829020800926402
                    ]
                },
                {
                    "type": "tuple",
                    "values": [
                        0.009540654461495757,
                        0.00757595116309
                    ]
                },
                {
                    "type": "tuple",
                    "values": [
                        0.007418682774336318,
                        0.041399332625362655
                    ]
                },
                {
                    "type": "tuple",
                    "values": [
                        0.04571565672289124,
                        0.01159496235057823
                    ]
                },
                {
                    "type": "tuple",
                    "values": [
                        0.039461340160269386,
                        0.023373598774785804
                    ]
                }
            ]
        },
        "errors_at_sigma_3": {
            "type": "list",
            "values": [
                {
                    "type": "tuple",
                    "values": [
                        0.00287221101918,
                        0.00629063765619
                    ]
                },
                {
                    "type": "tuple",
                    "values": [
                        0.005255824296959065,
                        0.002706022721379642
                    ]
                },
                {
                    "type": "tuple",
                    "values": [
                        0.013202389290960001,
                        0.01919521183527
                    ]
                },
                {
                    "type": "tuple",
                    "values": [
                        0.015406555288241294,
                        0.010971683781955191
                    ]
                },
                {
                    "type": "tuple",
                    "values": [
                        0.00476568192533538,
                        0.008317644608988506
                    ]
                },
                {
                    "type": "tuple",
                    "values": [
                        0.003537131487007233,
                        0.006324146339332768
                    ]
                },
                {
                    "type": "tuple",
                    "values": [
                        0.0018739658193872425,
                        0.004607440698733365
                    ]
                },
                {
                    "type": "tuple",
                    "values": [
                        0.00341044664279,
                        0.0034418603303285637
                    ]
                },
                {
                    "type": "tuple",
                    "values": [
                        0.014233013866091866,
                        0.008420481719918134
                    ]
                },
                {
                    "type": "tuple",
                    "values": [
                        0.03275442417209,
                        0.018387059846999995
                    ]
                },
                {
                    "type": "tuple",
                    "values": [
                        0.006459559560770002,
                        0.02216368035637
                    ]
                },
                {
                    "type": "tuple",
                    "values": [
                        0.011096918335646366,
                        0.017218921569770545
                    ]
                },
                {
                    "type": "tuple",
                    "values": [
                        0.012318922522597558,
                        0.011150107188869999
                    ]
                },
                {
                    "type": "tuple",
                    "values": [
                        0.02346624098111446,
                        0.025862618874205538
                    ]
                },
                {
                    "type": "tuple",
                    "values": [
                        0.032708114980692975,
                        0.027739512429078572
                    ]
                },
                {
                    "type": "tuple",
                    "values": [
                        0.046590349347141014,
                        0.017162598645110223
                    ]
                },
                {
                    "type": "tuple",
                    "values": [
                        0.058358473709049785,
                        0.020031431883609604
                    ]
                },
                {
                    "type": "tuple",
                    "values": [
                        0.036232269450706914,
                        0.026877569479433733
                    ]
                },
                {
                    "type": "tuple",
                    "values": [
                        0.029784482674939036,
                        0.05615189448741097
                    ]
                },
                {
                    "type": "tuple",
                    "values": [
                        0.028695676365801025,
                        0.09878068990887566
                    ]
                },
                {
                    "type": "tuple",
                    "values": [
                        0.11607252649397241,
                        0.010555747087597586
                    ]
                },
                {
                    "type": "tuple",
                    "values": [
                        0.08199255366033009,
                        0.0777985887081404
                    ]
                },
                {
                    "type": "tuple",
                    "values": [
                        0.12686518247942202,
                        0.022335120775039997
                    ]
                },
                {
                    "type": "tuple",
                    "values": [
                        0.05492706379853837,
                        0.02148880196738992
                    ]
                },
                {
                    "type": "tuple",
                    "values": [
                        0.06563333957966815,
                        0.08667783313702185
                    ]
                },
                {
                    "type": "tuple",
                    "values": [
                        0.038352506230723934,
                        0.06175732096201648
                    ]
                },
                {
                    "type": "tuple",
                    "values": [
                        0.041565397897628004,
                        0.10359243258201847
                    ]
                },
                {
                    "type": "tuple",
                    "values": [
                        0.01869842077234303,
                        0.10251805874654302
                    ]
                },
                {
                    "type": "tuple",
                    "values": [
                        0.02446002794591686,
                        0.038040082660579996
                    ]
                },
                {
                    "type": "tuple",
                    "values": [
                        0.026962670796414824,
                        0.05957383230686266
                    ]
                },
                {
                    "type": "tuple",
                    "values": [
                        0.07591280414461637,
                        0.024968074427201583
                    ]
                },
                {
                    "type": "tuple",
                    "values": [
                        0.0585333451478797,
                        0.04169933878799671
                    ]
                }
            ]
        },
        "max_log_likelihood_sample": {
            "type": "instance",
            "class_path": "autofit.non_linear.samples.sample.Sample",
            "arguments": {
                "log_likelihood": -131.529199872178,
                "log_prior": 0.0,
                "weight": 0.001109176392893273,
                "kwargs": {
                    "type": "dict",
                    "arguments": {
                        "ellipses.ellipse_4.centre.centre_0": 0.00144519531391,
                        "ellipses.ellipse_4.centre.centre_1": 0.00413585017392,
                        "ellipses.ellipse_0.ell_comps.ell_comps_0": -0.00637920048964,
                        "ellipses.ellipse_0.ell_comps.ell_comps_1": -0.10035850959593,
                        "multipoles.0.multipole_3.multipole_comps.multipole_comps_0": 0.00144645656667,
                        "multipoles.0.multipole_3.multipole_comps.multipole_comps_1": 0.00100707759281,
                        "multipoles.0.multipole_4.multipole_comps.multipole_comps_0": 0.00056800507849,
                        "multipoles.0.multipole_4.multipole_comps.multipole_comps_1": 0.00173696307997,
                        "ellipses.ellipse_1.ell_comps.ell_comps_0": 0.01493268350322,
                        "ellipses.ellipse_1.ell_comps.ell_comps_1": -0.09967554300569,
                        "multipoles.1.multipole_3.multipole_comps.multipole_comps_0": -0.01437807969426,
                        "multipoles.1.multipole_3.multipole_comps.multipole_comps_1": 0.00053749994494,
                        "multipoles.1.multipole_4.multipole_comps.multipole_comps_0": -0.00930846298035,
                        "multipoles.1.multipole_4.multipole_comps.multipole_comps_1": -0.00885647240677,
                        "ellipses.ellipse_2.ell_comps.ell_comps_0": 0.01060263820236,
                        "ellipses.ellipse_2.ell_comps.ell_comps_1": -0.02585494633707,
                        "multipoles.2.multipole_3.multipole_comps.multipole_comps_0": 0.01097240872632,
                        "multipoles.2.multipole_3.multipole_comps.multipole_comps_1": 0.02595044131887,
                        "multipoles.2.multipole_4.multipole_comps.multipole_comps_0": 0.00089510612759,
                        "multipoles.2.multipole_4.multipole_comps.multipole_comps_1": -0.00324642510951,
                        "ellipses.ellipse_3.ell_comps.ell_comps_0": 0.0809155890952,
                        "ellipses.ellipse_3.ell_comps.ell_comps_1": -0.07633450203156,
                        "multipoles.3.multipole_3.multipole_comps.multipole_comps_0": 0.0335002096786,
                        "multipoles.3.multipole_3.multipole_comps.multipole_comps_1": 0.03058590500716,
                        "multipoles.3.multipole_4.multipole_comps.multipole_comps_0": 0.0031577455651,
                        "multipoles.3.multipole_4.multipole_comps.multipole_comps_1": -0.00441424905701,
                        "ellipses.ellipse_4.ell_comps.ell_comps_0": -0.1089295203138,
                        "ellipses.ellipse_4.ell_comps.ell_comps_1": 0.04391095689991,
                        "multipoles.4.multipole_3.multipole_comps.multipole_comps_0": 0.0004603475924,
                        "multipoles.4.multipole_3.multipole_comps.multipole_comps_1": 0.00750104503179,
                        "multipoles.4.multipole_4.multipole_comps.multipole_comps_0": 0.03072168247069,
                        "multipoles.4.multipole_4.multipole_comps.multipole_comps_1": -0.00208055420412
                    }
                }
            }
        },
        "median_pdf_sample": {
            "type": "instance",
            "class_path": "autofit.non_linear.samples.sample.Sample",
            "arguments": {
                "log_likelihood": -131.529199872178,
                "log_prior": 0.0,
                "weight": 0.001109176392893273,
                "kwargs": {
                    "type": "dict",
                    "arguments": {
                        "ellipses.ellipse_4.centre.centre_0": 0.00014344144932,
                        "ellipses.ellipse_4.centre.centre_1": 0.0036374323157990648,
                        "ellipses.ellipse_0.ell_comps.ell_comps_0": -0.01366312783998,
                        "ellipses.ellipse_0.ell_comps.ell_comps_1": -0.09347247073506806,
                        "multipoles.0.multipole_3.multipole_comps.multipole_comps_0": 0.00135494811004,
                        "multipoles.0.multipole_3.multipole_comps.multipole_comps_1": 0.0013904434787572327,
                        "multipoles.0.multipole_4.multipole_comps.multipole_comps_0": 0.00016926674215663433,
                        "multipoles.0.multipole_4.multipole_comps.multipole_comps_1": 0.00178477106526,
                        "ellipses.ellipse_1.ell_comps.ell_comps_0": 0.014056458664331866,
                        "ellipses.ellipse_1.ell_comps.ell_comps_1": -0.09636164264661,
                        "multipoles.1.multipole_3.multipole_comps.multipole_comps_0": -0.01059596791947,
                        "multipoles.1.multipole_3.multipole_comps.multipole_comps_1": 0.0016713272865294582,
                        "multipoles.1.multipole_4.multipole_comps.multipole_comps_0": -0.00487055341358,
                        "multipoles.1.multipole_4.multipole_comps.multipole_comps_1": -0.00427031611312554,
                        "ellipses.ellipse_2.ell_comps.ell_comps_0": 0.01363540758358,
                        "ellipses.ellipse_2.ell_comps.ell_comps_1": -0.01867240095407,
                        "multipoles.2.multipole_3.multipole_comps.multipole_comps_0": 0.021401747547389785,
                        "multipoles.2.multipole_3.multipole_comps.multipole_comps_1": 0.025877492918786917,
                        "multipoles.2.multipole_4.multipole_comps.multipole_comps_0": -0.010626016404660968,
                        "multipoles.2.multipole_4.multipole_comps.multipole_comps_1": -0.01407874911601,
                        "ellipses.ellipse_3.ell_comps.ell_comps_0": 0.08070757776022242,
                        "ellipses.ellipse_3.ell_comps.ell_comps_1": -0.0741091016140975,
                        "multipoles.3.multipole_3.multipole_comps.multipole_comps_0": 0.03151770348013,
                        "multipoles.3.multipole_3.multipole_comps.multipole_comps_1": 0.03178125584787,
                        "multipoles.3.multipole_4.multipole_comps.multipole_comps_0": -0.0031654117657818432,
                        "multipoles.3.multipole_4.multipole_comps.multipole_comps_1": -0.0012684809139560664,
                        "ellipses.ellipse_4.ell_comps.ell_comps_0": -0.13332515040044934,
                        "ellipses.ellipse_4.ell_comps.ell_comps_1": 0.03421406494928,
                        "multipoles.4.multipole_3.multipole_comps.multipole_comps_0": 0.00700496206058,
                        "multipoles.4.multipole_3.multipole_comps.multipole_comps_1": 0.01008015657676734,
                        "multipoles.4.multipole_4.multipole_comps.multipole_comps_0": 0.028906800157991245,
                        "multipoles.4.multipole_4.multipole_comps.multipole_comps_1": -0.024171177803540618
                    }
                }
            }
        },
        "values_at_sigma_1": {
            "type": "list",
            "values": [
                {
                    "type": "tuple",
                    "values": [
                        -0.00089073078152,
                        0.001871897591963358
                    ]
                },
                {
                    "type": "tuple",
                    "values": [
                        0.00041021899811677907,
                        0.004660946665375912
                    ]
                },
                {
                    "type": "tuple",
                    "values": [
                        -0.01945455748490671,
                        -0.006078152258929945
                    ]
                },
                {
                    "type": "tuple",
                    "values": [
                        -0.10345915548844,
                        -0.08871299712302
                    ]
                },
                {
                    "type": "tuple",
                    "values": [
                        -4.407015289167742e-05,
                        0.00738280964525
                    ]
                },
                {
                    "type": "tuple",
                    "values": [
                        0.00027085523844,
                        0.00292081539839
                    ]
                },
                {
                    "type": "tuple",
                    "values": [
                        -0.00047552448474435084,
                        0.0021979253421640266
                    ]
                },
                {
                    "type": "tuple",
                    "values": [
                        0.0008684562787562138,
                        0.0031521864373031646
                    ]
                },
                {
                    "type": "tuple",
                    "values": [
                        0.009228221414423754,
                        0.01700245351870963
                    ]
                },
                {
                    "type": "tuple",
                    "values": [
                        -0.10213167420014,
                        -0.0915801271246
                    ]
                },
                {
                    "type": "tuple",
                    "values": [
                        -0.01357906554878947,
                        0.00295349231279
                    ]
                },
                {
                    "type": "tuple",
                    "values": [
                        -0.0032390023101989914,
                        0.00747379976606
                    ]
                },
                {
                    "type": "tuple",
                    "values": [
                        -0.01048981142110802,
                        -0.0004829431239
                    ]
                },
                {
                    "type": "tuple",
                    "values": [
                        -0.011629506059746787,
                        0.001070117056763327
                    ]
                },
                {
                    "type": "tuple",
                    "values": [
                        0.00818272411257,
                        0.03041376855294195
                    ]
                },
                {
                    "type": "tuple",
                    "values": [
                        -0.04767207494588321,
                        -0.01267576328219
                    ]
                },
                {
                    "type": "tuple",
                    "values": [
                        0.00205729970752,
                        0.030973185416493503
                    ]
                },
                {
                    "type": "tuple",
                    "values": [
                        0.010658411560680977,
                        0.03331378776895494
                    ]
                },
                {
                    "type": "tuple",
                    "values": [
                        -0.022478322058406976,
                        -0.00308586392732
                    ]
                },
                {
                    "type": "tuple",
                    "values": [
                        -0.02516299863164,
                        -0.003873227189941966
                    ]
                },
                {
                    "type": "tuple",
                    "values": [
                        -0.005743434087381262,
                        0.08522892678580868
                    ]
                },
                {
                    "type": "tuple",
                    "values": [
                        -0.13013621599329087,
                        -0.06731621631873211
                    ]
                },
                {
                    "type": "tuple",
                    "values": [
                        0.023032177900963593,
                        0.040621285540436036
                    ]
                },
                {
                    "type": "tuple",
                    "values": [
                        0.02366025929874582,
                        0.040943137884349834
                    ]
                },
                {
                    "type": "tuple",
                    "values": [
                        -0.05036625192574837,
                        0.006086472744211665
                    ]
                },
                {
                    "type": "tuple",
                    "values": [
                        -0.00875763139737909,
                        0.005968033307397503
                    ]
                },
                {
                    "type": "tuple",
                    "values": [
                        -0.14086509859028692,
                        -0.05172667715138
                    ]
                },
                {
                    "type": "tuple",
                    "values": [
                        0.029088565897379584,
                        0.122504272958544
                    ]
                },
                {
                    "type": "tuple",
                    "values": [
                        -0.0025356924009157563,
                        0.01458091322367
                    ]
                },
                {
                    "type": "tuple",
                    "values": [
                        0.0026614738024310215,
                        0.05147948920213
                    ]
                },
                {
                    "type": "tuple",
                    "values": [
                        -0.0168088565649,
                        0.040501762508569475
                    ]
                },
                {
                    "type": "tuple",
                    "values": [
                        -0.06363251796381,
                        -0.0007975790287548144
                    ]
                }
            ]
        },
        "log_evidence": -185.44025212997462,
        "values_at_sigma_3": {
            "type": "list",
            "values": [
                {
                    "type": "tuple",
                    "values": [
                        -0.00272876956986,
                        0.00643407910551
                    ]
                },
                {
                    "type": "tuple",
                    "values": [
                        -0.00161839198116,
                        0.006343455037178707
                    ]
                },
                {
                    "type": "tuple",
                    "values": [
                        -0.02686551713094,
                        0.00553208399529
                    ]
                },
                {
                    "type": "tuple",
                    "values": [
                        -0.10887902602330936,
                        -0.08250078695311287
                    ]
                },
                {
                    "type": "tuple",
                    "values": [
                        -0.0034107338152953807,
                        0.009672592719028506
                    ]
                },
                {
                    "type": "tuple",
                    "values": [
                        -0.00214668800825,
                        0.00771458981809
                    ]
                },
                {
                    "type": "tuple",
                    "values": [
                        -0.0017046990772306083,
                        0.00477670744089
                    ]
                },
                {
                    "type": "tuple",
                    "values": [
                        -0.00162567557753,
                        0.0052266313955885635
                    ]
                },
                {
                    "type": "tuple",
                    "values": [
                        -0.00017655520176,
                        0.02247694038425
                    ]
                },
                {
                    "type": "tuple",
                    "values": [
                        -0.1291160668187,
                        -0.07797458279961
                    ]
                },
                {
                    "type": "tuple",
                    "values": [
                        -0.01705552748024,
                        0.0115677124369
                    ]
                },
                {
                    "type": "tuple",
                    "values": [
                        -0.009425591049116907,
                        0.0188902488563
                    ]
                },
                {
                    "type": "tuple",
                    "values": [
                        -0.01718947593617756,
                        0.00627955377529
                    ]
                },
                {
                    "type": "tuple",
                    "values": [
                        -0.02773655709424,
                        0.02159230276108
                    ]
                },
                {
                    "type": "tuple",
                    "values": [
                        -0.019072707397112972,
                        0.04137492001265857
                    ]
                },
                {
                    "type": "tuple",
                    "values": [
                        -0.06526275030121101,
                        -0.0015098023089597755
                    ]
                },
                {
                    "type": "tuple",
                    "values": [
                        -0.03695672616166,
                        0.04143317943099939
                    ]
                },
                {
                    "type": "tuple",
                    "values": [
                        -0.01035477653192,
                        0.05275506239822065
                    ]
                },
                {
                    "type": "tuple",
                    "values": [
                        -0.0404104990796,
                        0.04552587808275
                    ]
                },
                {
                    "type": "tuple",
                    "values": [
                        -0.042774425481811026,
                        0.08470194079286567
                    ]
                },
                {
                    "type": "tuple",
                    "values": [
                        -0.03536494873375,
                        0.09126332484782
                    ]
                },
                {
                    "type": "tuple",
                    "values": [
                        -0.1561016552744276,
                        0.0036894870940428924
                    ]
                },
                {
                    "type": "tuple",
                    "values": [
                        -0.09534747899929204,
                        0.05385282425517
                    ]
                },
                {
                    "type": "tuple",
                    "values": [
                        -0.02314580795066837,
                        0.05327005781525992
                    ]
                },
                {
                    "type": "tuple",
                    "values": [
                        -0.06879875134545,
                        0.08351242137124
                    ]
                },
                {
                    "type": "tuple",
                    "values": [
                        -0.03962098714468,
                        0.06048884004806041
                    ]
                },
                {
                    "type": "tuple",
                    "values": [
                        -0.17489054829807735,
                        -0.02973271781843087
                    ]
                },
                {
                    "type": "tuple",
                    "values": [
                        0.015515644176936965,
                        0.13673212369582302
                    ]
                },
                {
                    "type": "tuple",
                    "values": [
                        -0.01745506588533686,
                        0.04504504472116
                    ]
                },
                {
                    "type": "tuple",
                    "values": [
                        -0.016882514219647485,
                        0.06965398888363
                    ]
                },
                {
                    "type": "tuple",
                    "values": [
                        -0.047006003986625126,
                        0.05387487458519283
                    ]
                },
                {
                    "type": "tuple",
                    "values": [
                        -0.08270452295142032,
                        0.017528160984456097
                    ]
                }
            ]
        }
    }
}