{
    "type": "instance",
    "class_path": "autofit.non_linear.samples.summary.SamplesSummary",
    "arguments": {
        "max_log_likelihood_sample": {
            "type": "instance",
            "class_path": "autofit.non_linear.samples.sample.Sample",
            "arguments": {
                "log_likelihood": -146.5558506871161,
                "log_prior": 0.0,
                "weight": 0.0009307865707277561,
                "kwargs": {
                    "type": "dict",
                    "arguments": {
                        "ellipses.ellipse_4.centre.centre_0": 0.01172372936366,
                        "ellipses.ellipse_4.centre.centre_1": -0.00097383571439,
                        "ellipses.ellipse_0.ell_comps.ell_comps_0": -0.11694400845338,
                        "ellipses.ellipse_0.ell_comps.ell_comps_1": -0.02853506058401,
                        "ellipses.ellipse_1.ell_comps.ell_comps_0": -0.23828480249633,
                        "ellipses.ellipse_1.ell_comps.ell_comps_1": -0.08635714989843,
                        "ellipses.ellipse_2.ell_comps.ell_comps_0": -0.26247058401187,
                        "ellipses.ellipse_2.ell_comps.ell_comps_1": 0.02329388769212,
                        "ellipses.ellipse_3.ell_comps.ell_comps_0": -0.0873445379842,
                        "ellipses.ellipse_3.ell_comps.ell_comps_1": 0.07074268321669,
                        "ellipses.ellipse_4.ell_comps.ell_comps_0": -0.48585195019949,
                        "ellipses.ellipse_4.ell_comps.ell_comps_1": 0.06096500126308
                    }
                }
            }
        },
        "median_pdf_sample": {
            "type": "instance",
            "class_path": "autofit.non_linear.samples.sample.Sample",
            "arguments": {
                "log_likelihood": -146.5558506871161,
                "log_prior": 0.0,
                "weight": 0.0009307865707277561,
                "kwargs": {
                    "type": "dict",
                    "arguments": {
                        "ellipses.ellipse_4.centre.centre_0": 0.0060733085344,
                        "ellipses.ellipse_4.centre.centre_1": 0.00772397017777,
                        "ellipses.ellipse_0.ell_comps.ell_comps_0": -0.112003348947416,
                        "ellipses.ellipse_0.ell_comps.ell_comps_1": -0.028996002578658846,
                        "ellipses.ellipse_1.ell_comps.ell_comps_0": -0.23648984686687,
                        "ellipses.ellipse_1.ell_comps.ell_comps_1": -0.03776593067624971,
                        "ellipses.ellipse_2.ell_comps.ell_comps_0": -0.21559651810391567,
                        "ellipses.ellipse_2.ell_comps.ell_comps_1": 0.028598213565133195,
                        "ellipses.ellipse_3.ell_comps.ell_comps_0": 0.01624474279543,
                        "ellipses.ellipse_3.ell_comps.ell_comps_1": 0.012468338339126214,
                        "ellipses.ellipse_4.ell_comps.ell_comps_0": 0.05059623272962,
                        "ellipses.ellipse_4.ell_comps.ell_comps_1": 0.05975126134361626
                    }
                }
            }
        },
        "errors_at_sigma_3": {
            "type": "list",
            "values": [
                {
                    "type": "tuple",
                    "values": [
                        0.012507917126790138,
                        0.007625539642282442
                    ]
                },
                {
                    "type": "tuple",
                    "values": [
                        0.010393229592475177,
                        0.009760189155722
                    ]
                },
                {
                    "type": "tuple",
                    "values": [
                        0.0331419431757735,
                        0.043414642335025996
                    ]
                },
                {
                    "type": "tuple",
                    "values": [
                        0.06061539473190583,
                        0.023357667750104203
                    ]
                },
                {
                    "type": "tuple",
                    "values": [
                        0.04171125730340755,
                        0.049503228541199984
                    ]
                },
                {
                    "type": "tuple",
                    "values": [
                        0.07232463572183055,
                        0.03940771858777045
                    ]
                },
                {
                    "type": "tuple",
                    "values": [
                        0.06529337793243434,
                        0.0816016030001305
                    ]
                },
                {
                    "type": "tuple",
                    "values": [
                        0.08028933209339051,
                        0.08427102135993278
                    ]
                },
                {
                    "type": "tuple",
                    "values": [
                        0.29459477955297997,
                        0.09823549541507079
                    ]
                },
                {
                    "type": "tuple",
                    "values": [
                        0.09217892166406526,
                        0.0915442456803466
                    ]
                },
                {
                    "type": "tuple",
                    "values": [
                        0.54005241430201,
                        0.23179222519354503
                    ]
                },
                {
                    "type": "tuple",
                    "values": [
                        0.20978008108415508,
                        0.24388603169339373
                    ]
                }
            ]
        },
        "errors_at_sigma_1": {
            "type": "list",
            "values": [
                {
                    "type": "tuple",
                    "values": [
                        0.00120834615903,
                        0.0047745951898313386
                    ]
                },
                {
                    "type": "tuple",
                    "values": [
                        0.004132070860684366,
                        0.0037826929479229717
                    ]
                },
                {
                    "type": "tuple",
                    "values": [
                        0.0070212649570483565,
                        0.015875956987485992
                    ]
                },
                {
                    "type": "tuple",
                    "values": [
                        0.012846157051260156,
                        0.006468175837710179
                    ]
                },
                {
                    "type": "tuple",
                    "values": [
                        0.016890353054150015,
                        0.02730141670455999
                    ]
                },
                {
                    "type": "tuple",
                    "values": [
                        0.04146927170058029,
                        0.023193062133889712
                    ]
                },
                {
                    "type": "tuple",
                    "values": [
                        0.006361282029748144,
                        0.04413374845216081
                    ]
                },
                {
                    "type": "tuple",
                    "values": [
                        0.07289575634258771,
                        0.0748800598622068
                    ]
                },
                {
                    "type": "tuple",
                    "values": [
                        0.11110348768258954,
                        0.09278373224525008
                    ]
                },
                {
                    "type": "tuple",
                    "values": [
                        0.013552115394921292,
                        0.0397592831697738
                    ]
                },
                {
                    "type": "tuple",
                    "values": [
                        0.16370638962684,
                        0.2257724470435431
                    ]
                },
                {
                    "type": "tuple",
                    "values": [
                        0.14687556512214078,
                        0.08973557469583375
                    ]
                }
            ]
        },
        "values_at_sigma_1": {
            "type": "list",
            "values": [
                {
                    "type": "tuple",
                    "values": [
                        0.00486496237537,
                        0.010847903724231339
                    ]
                },
                {
                    "type": "tuple",
                    "values": [
                        0.003591899317085635,
                        0.011506663125692972
                    ]
                },
                {
                    "type": "tuple",
                    "values": [
                        -0.11902461390446435,
                        -0.09612739195993
                    ]
                },
                {
                    "type": "tuple",
                    "values": [
                        -0.041842159629919,
                        -0.022527826740948668
                    ]
                },
                {
                    "type": "tuple",
                    "values": [
                        -0.25338019992102,
                        -0.20918843016231
                    ]
                },
                {
                    "type": "tuple",
                    "values": [
                        -0.07923520237683,
                        -0.01457286854236
                    ]
                },
                {
                    "type": "tuple",
                    "values": [
                        -0.2219578001336638,
                        -0.17146276965175486
                    ]
                },
                {
                    "type": "tuple",
                    "values": [
                        -0.04429754277745451,
                        0.10347827342734
                    ]
                },
                {
                    "type": "tuple",
                    "values": [
                        -0.09485874488715955,
                        0.10902847504068007
                    ]
                },
                {
                    "type": "tuple",
                    "values": [
                        -0.0010837770557950777,
                        0.052227621508900014
                    ]
                },
                {
                    "type": "tuple",
                    "values": [
                        -0.11311015689722,
                        0.2763686797731631
                    ]
                },
                {
                    "type": "tuple",
                    "values": [
                        -0.08712430377852452,
                        0.14948683603945
                    ]
                }
            ]
        },
        "log_evidence": -179.5311016068353,
        "values_at_sigma_3": {
            "type": "list",
            "values": [
                {
                    "type": "tuple",
                    "values": [
                        -0.006434608592390137,
                        0.013698848176682443
                    ]
                },
                {
                    "type": "tuple",
                    "values": [
                        -0.002669259414705176,
                        0.017484159333492
                    ]
                },
                {
                    "type": "tuple",
                    "values": [
                        -0.1451452921231895,
                        -0.06858870661239
                    ]
                },
                {
                    "type": "tuple",
                    "values": [
                        -0.08961139731056468,
                        -0.005638334828554644
                    ]
                },
                {
                    "type": "tuple",
                    "values": [
                        -0.27820110417027755,
                        -0.18698661832567
                    ]
                },
                {
                    "type": "tuple",
                    "values": [
                        -0.11009056639808026,
                        0.0016417879115207376
                    ]
                },
                {
                    "type": "tuple",
                    "values": [
                        -0.28088989603635,
                        -0.13399491510378517
                    ]
                },
                {
                    "type": "tuple",
                    "values": [
                        -0.05169111852825732,
                        0.11286923492506598
                    ]
                },
                {
                    "type": "tuple",
                    "values": [
                        -0.27835003675755,
                        0.11448023821050078
                    ]
                },
                {
                    "type": "tuple",
                    "values": [
                        -0.07971058332493905,
                        0.1040125840194728
                    ]
                },
                {
                    "type": "tuple",
                    "values": [
                        -0.48945618157239,
                        0.282388457923165
                    ]
                },
                {
                    "type": "tuple",
                    "values": [
                        -0.15002881974053883,
                        0.30363729303701
                    ]
                }
            ]
        },
        "model": null
    }
}