{
    "type": "instance",
    "class_path": "autofit.non_linear.samples.summary.SamplesSummary",
    "arguments": {
        "max_log_likelihood_sample": {
            "type": "instance",
            "class_path": "autofit.non_linear.samples.sample.Sample",
            "arguments": {
                "log_likelihood": -46.36899480677854,
                "log_prior": 0.0,
                "weight": 0.0010650727941479553,
                "kwargs": {
                    "type": "dict",
                    "arguments": {
                        "ellipses.0.ell_comps.ell_comps_0": 0.03357461167947,
                        "ellipses.0.ell_comps.ell_comps_1": 0.03798739735972,
                        "multipoles.0.multipole_1.multipole_comps.multipole_comps_0": 0.0053521461427,
                        "multipoles.0.multipole_1.multipole_comps.multipole_comps_1": 0.0963656908801,
                        "multipoles.0.multipole_3.multipole_comps.multipole_comps_0": 0.03292961501184,
                        "multipoles.0.multipole_3.multipole_comps.multipole_comps_1": 0.0604987406877,
                        "multipoles.0.multipole_4.multipole_comps.multipole_comps_0": -0.06219959001574,
                        "multipoles.0.multipole_4.multipole_comps.multipole_comps_1": -0.02630207734186
                    }
                }
            }
        },
        "model": null,
        "values_at_sigma_3": {
            "type": "list",
            "values": [
                {
                    "type": "tuple",
                    "values": [
                        0.02035730464185949,
                        0.0817080982375
                    ]
                },
                {
                    "type": "tuple",
                    "values": [
                        0.0059092764924,
                        0.07609638390801596
                    ]
                },
                {
                    "type": "tuple",
                    "values": [
                        -0.18114056571062429,
                        0.06280668897580576
                    ]
                },
                {
                    "type": "tuple",
                    "values": [
                        -0.0668020371771,
                        0.1816663207887896
                    ]
                },
                {
                    "type": "tuple",
                    "values": [
                        -0.08875864936860241,
                        0.08934396981732813
                    ]
                },
                {
                    "type": "tuple",
                    "values": [
                        -0.07677364179393144,
                        0.08021981815527
                    ]
                },
                {
                    "type": "tuple",
                    "values": [
                        -0.09782059535766201,
                        0.0944043570959797
                    ]
                },
                {
                    "type": "tuple",
                    "values": [
                        -0.09813464682075,
                        0.07186151655018
                    ]
                }
            ]
        },
        "median_pdf_sample": {
            "type": "instance",
            "class_path": "autofit.non_linear.samples.sample.Sample",
            "arguments": {
                "log_likelihood": -46.36899480677854,
                "log_prior": 0.0,
                "weight": 0.0010650727941479553,
                "kwargs": {
                    "type": "dict",
                    "arguments": {
                        "ellipses.0.ell_comps.ell_comps_0": 0.0336493664002524,
                        "ellipses.0.ell_comps.ell_comps_1": 0.03660405236022,
                        "multipoles.0.multipole_1.multipole_comps.multipole_comps_0": 0.006303768028083749,
                        "multipoles.0.multipole_1.multipole_comps.multipole_comps_1": 0.09232955086415354,
                        "multipoles.0.multipole_3.multipole_comps.multipole_comps_0": 0.01806987851404835,
                        "multipoles.0.multipole_3.multipole_comps.multipole_comps_1": 0.03744937017712,
                        "multipoles.0.multipole_4.multipole_comps.multipole_comps_0": -0.06565958797837033,
                        "multipoles.0.multipole_4.multipole_comps.multipole_comps_1": -0.0339136875745
                    }
                }
            }
        },
        "values_at_sigma_1": {
            "type": "list",
            "values": [
                {
                    "type": "tuple",
                    "values": [
                        0.03284779016786864,
                        0.03632569274174
                    ]
                },
                {
                    "type": "tuple",
                    "values": [
                        0.03014484235154,
                        0.04139083863889756
                    ]
                },
                {
                    "type": "tuple",
                    "values": [
                        -0.04189200736676,
                        0.03050753795334424
                    ]
                },
                {
                    "type": "tuple",
                    "values": [
                        0.0551497093952703,
                        0.1055147361341353
                    ]
                },
                {
                    "type": "tuple",
                    "values": [
                        -0.00348153352627,
                        0.03874037086044379
                    ]
                },
                {
                    "type": "tuple",
                    "values": [
                        0.02386204330100492,
                        0.05396434497147385
                    ]
                },
                {
                    "type": "tuple",
                    "values": [
                        -0.074867246238815,
                        -0.03647020431466709
                    ]
                },
                {
                    "type": "tuple",
                    "values": [
                        -0.05541431297238,
                        -0.019978045559775892
                    ]
                }
            ]
        },
        "errors_at_sigma_1": {
            "type": "list",
            "values": [
                {
                    "type": "tuple",
                    "values": [
                        0.0008015762323837633,
                        0.002676326341487602
                    ]
                },
                {
                    "type": "tuple",
                    "values": [
                        0.006459210008679998,
                        0.004786786278677561
                    ]
                },
                {
                    "type": "tuple",
                    "values": [
                        0.04819577539484375,
                        0.024203769925260493
                    ]
                },
                {
                    "type": "tuple",
                    "values": [
                        0.037179841468883236,
                        0.013185185269981761
                    ]
                },
                {
                    "type": "tuple",
                    "values": [
                        0.021551412040318352,
                        0.02067049234639544
                    ]
                },
                {
                    "type": "tuple",
                    "values": [
                        0.013587326876115084,
                        0.01651497479435385
                    ]
                },
                {
                    "type": "tuple",
                    "values": [
                        0.00920765826044466,
                        0.029189383663703244
                    ]
                },
                {
                    "type": "tuple",
                    "values": [
                        0.021500625397880002,
                        0.013935642014724109
                    ]
                }
            ]
        },
        "errors_at_sigma_3": {
            "type": "list",
            "values": [
                {
                    "type": "tuple",
                    "values": [
                        0.013292061758392912,
                        0.0480587318372476
                    ]
                },
                {
                    "type": "tuple",
                    "values": [
                        0.030694775867819997,
                        0.03949233154779596
                    ]
                },
                {
                    "type": "tuple",
                    "values": [
                        0.18744433373870803,
                        0.056502920947722
                    ]
                },
                {
                    "type": "tuple",
                    "values": [
                        0.15913158804125355,
                        0.08933676992463607
                    ]
                },
                {
                    "type": "tuple",
                    "values": [
                        0.10682852788265076,
                        0.07127409130327977
                    ]
                },
                {
                    "type": "tuple",
                    "values": [
                        0.11422301197105145,
                        0.04277044797815
                    ]
                },
                {
                    "type": "tuple",
                    "values": [
                        0.03216100737929167,
                        0.16006394507435004
                    ]
                },
                {
                    "type": "tuple",
                    "values": [
                        0.06422095924625,
                        0.10577520412468
                    ]
                }
            ]
        },
        "log_evidence": -68.52681694931472
    }
}