{
    "type": "instance",
    "class_path": "autofit.non_linear.samples.summary.SamplesSummary",
    "arguments": {
        "values_at_sigma_1": {
            "type": "list",
            "values": [
                {
                    "type": "tuple",
                    "values": [
                        0.05802285651566848,
                        0.06422219368892099
                    ]
                },
                {
                    "type": "tuple",
                    "values": [
                        0.14661254469963686,
                        0.15222190144056905
                    ]
                },
                {
                    "type": "tuple",
                    "values": [
                        -0.0032786102653009973,
                        -0.0007269866370730076
                    ]
                },
                {
                    "type": "tuple",
                    "values": [
                        0.00044793660158839945,
                        0.00273372466486
                    ]
                },
                {
                    "type": "tuple",
                    "values": [
                        3.440426307810051e-05,
                        0.003343805907875389
                    ]
                },
                {
                    "type": "tuple",
                    "values": [
                        0.0029971542020482684,
                        0.006000068154512003
                    ]
                }
            ]
        },
        "errors_at_sigma_1": {
            "type": "list",
            "values": [
                {
                    "type": "tuple",
                    "values": [
                        0.003081423603541522,
                        0.0031179135697109867
                    ]
                },
                {
                    "type": "tuple",
                    "values": [
                        0.0026544777376912576,
                        0.002954879003240929
                    ]
                },
                {
                    "type": "tuple",
                    "values": [
                        0.0012157793249392692,
                        0.0013358443032887204
                    ]
                },
                {
                    "type": "tuple",
                    "values": [
                        0.001102806296931628,
                        0.0011829817663399724
                    ]
                },
                {
                    "type": "tuple",
                    "values": [
                        0.0015366075062536175,
                        0.001772794138543671
                    ]
                },
                {
                    "type": "tuple",
                    "values": [
                        0.0014433705959417315,
                        0.001559543356522003
                    ]
                }
            ]
        },
        "median_pdf_sample": {
            "type": "instance",
            "class_path": "autofit.non_linear.samples.sample.Sample",
            "arguments": {
                "log_likelihood": -11.853603780868168,
                "log_prior": 0.0,
                "weight": 0.001024409126563065,
                "kwargs": {
                    "type": "dict",
                    "arguments": {
                        "ellipses.0.ell_comps.ell_comps_0": 0.06110428011921,
                        "ellipses.0.ell_comps.ell_comps_1": 0.14926702243732812,
                        "multipoles.0.multipole_3.multipole_comps.multipole_comps_0": -0.002062830940361728,
                        "multipoles.0.multipole_3.multipole_comps.multipole_comps_1": 0.0015507428985200274,
                        "multipoles.0.multipole_4.multipole_comps.multipole_comps_0": 0.001571011769331718,
                        "multipoles.0.multipole_4.multipole_comps.multipole_comps_1": 0.00444052479799
                    }
                }
            }
        },
        "errors_at_sigma_3": {
            "type": "list",
            "values": [
                {
                    "type": "tuple",
                    "values": [
                        0.008794521090677888,
                        0.009011838893474733
                    ]
                },
                {
                    "type": "tuple",
                    "values": [
                        0.007424572856092326,
                        0.007466313249775369
                    ]
                },
                {
                    "type": "tuple",
                    "values": [
                        0.003555548097098272,
                        0.003895405253706876
                    ]
                },
                {
                    "type": "tuple",
                    "values": [
                        0.0031447055797012152,
                        0.0035633945824224515
                    ]
                },
                {
                    "type": "tuple",
                    "values": [
                        0.005125890099087423,
                        0.004675484863983538
                    ]
                },
                {
                    "type": "tuple",
                    "values": [
                        0.00518630087650368,
                        0.004974631547329999
                    ]
                }
            ]
        },
        "model": null,
        "log_evidence": -38.00362706050907,
        "values_at_sigma_3": {
            "type": "list",
            "values": [
                {
                    "type": "tuple",
                    "values": [
                        0.05230975902853211,
                        0.07011611901268473
                    ]
                },
                {
                    "type": "tuple",
                    "values": [
                        0.1418424495812358,
                        0.1567333356871035
                    ]
                },
                {
                    "type": "tuple",
                    "values": [
                        -0.00561837903746,
                        0.0018325743133451482
                    ]
                },
                {
                    "type": "tuple",
                    "values": [
                        -0.001593962681181188,
                        0.005114137480942479
                    ]
                },
                {
                    "type": "tuple",
                    "values": [
                        -0.003554878329755705,
                        0.006246496633315256
                    ]
                },
                {
                    "type": "tuple",
                    "values": [
                        -0.0007457760785136802,
                        0.00941515634532
                    ]
                }
            ]
        },
        "max_log_likelihood_sample": {
            "type": "instance",
            "class_path": "autofit.non_linear.samples.sample.Sample",
            "arguments": {
                "log_likelihood": -11.853603780868168,
                "log_prior": 0.0,
                "weight": 0.001024409126563065,
                "kwargs": {
                    "type": "dict",
                    "arguments": {
                        "ellipses.0.ell_comps.ell_comps_0": 0.06151580813146,
                        "ellipses.0.ell_comps.ell_comps_1": 0.15080264975456,
                        "multipoles.0.multipole_3.multipole_comps.multipole_comps_0": -0.00245918908331,
                        "multipoles.0.multipole_3.multipole_comps.multipole_comps_1": 0.00155169915509,
                        "multipoles.0.multipole_4.multipole_comps.multipole_comps_0": 0.00207714295662,
                        "multipoles.0.multipole_4.multipole_comps.multipole_comps_1": 0.00403438189418
                    }
                }
            }
        }
    }
}