{
    "type": "instance",
    "class_path": "autofit.non_linear.samples.summary.SamplesSummary",
    "arguments": {
        "values_at_sigma_3": {
            "type": "list",
            "values": [
                {
                    "type": "tuple",
                    "values": [
                        -0.004969900501304688,
                        0.02136484983455007
                    ]
                },
                {
                    "type": "tuple",
                    "values": [
                        -0.11094047381570747,
                        -0.08714739973734
                    ]
                }
            ]
        },
        "values_at_sigma_1": {
            "type": "list",
            "values": [
                {
                    "type": "tuple",
                    "values": [
                        0.002304892237545002,
                        0.01075200509456
                    ]
                },
                {
                    "type": "tuple",
                    "values": [
                        -0.10370612624030376,
                        -0.09633222775714
                    ]
                }
            ]
        },
        "max_log_likelihood_sample": {
            "type": "instance",
            "class_path": "autofit.non_linear.samples.sample.Sample",
            "arguments": {
                "log_likelihood": -29.489466366699325,
                "log_prior": 0.0,
                "weight": 0.0009804464271250509,
                "kwargs": {
                    "type": "dict",
                    "arguments": {
                        "ellipses.0.ell_comps.ell_comps_0": 0.00591130580093,
                        "ellipses.0.ell_comps.ell_comps_1": -0.09962080230512
                    }
                }
            }
        },
        "model": null,
        "errors_at_sigma_1": {
            "type": "list",
            "values": [
                {
                    "type": "tuple",
                    "values": [
                        0.004094392199983174,
                        0.004352720657031825
                    ]
                },
                {
                    "type": "tuple",
                    "values": [
                        0.0036231536573937545,
                        0.0037507448257700082
                    ]
                }
            ]
        },
        "errors_at_sigma_3": {
            "type": "list",
            "values": [
                {
                    "type": "tuple",
                    "values": [
                        0.011369184938832863,
                        0.014965565397021895
                    ]
                },
                {
                    "type": "tuple",
                    "values": [
                        0.010857501232797467,
                        0.01293557284557001
                    ]
                }
            ]
        },
        "log_evidence": -38.831290374811054,
        "median_pdf_sample": {
            "type": "instance",
            "class_path": "autofit.non_linear.samples.sample.Sample",
            "arguments": {
                "log_likelihood": -29.489466366699325,
                "log_prior": 0.0,
                "weight": 0.0009804464271250509,
                "kwargs": {
                    "type": "dict",
                    "arguments": {
                        "ellipses.0.ell_comps.ell_comps_0": 0.006399284437528176,
                        "ellipses.0.ell_comps.ell_comps_1": -0.10008297258291
                    }
                }
            }
        }
    }
}