{
    "type": "instance",
    "class_path": "autofit.non_linear.samples.summary.SamplesSummary",
    "arguments": {
        "log_evidence": -223.53411843795868,
        "max_log_likelihood_sample": {
            "type": "instance",
            "class_path": "autofit.non_linear.samples.sample.Sample",
            "arguments": {
                "log_likelihood": -153.37501109262018,
                "log_prior": 0.0,
                "weight": 0.0009941449643094185,
                "kwargs": {
                    "type": "dict",
                    "arguments": {
                        "ellipses.ellipse_4.centre.centre_0": -0.00333261835867,
                        "ellipses.ellipse_4.centre.centre_1": -0.00266605287222,
                        "ellipses.ellipse_0.ell_comps.ell_comps_0": -0.05511861874163,
                        "ellipses.ellipse_0.ell_comps.ell_comps_1": -0.07078576430756,
                        "multipoles.0.multipole_1.multipole_comps.multipole_comps_0": 0.00079216602248,
                        "multipoles.0.multipole_1.multipole_comps.multipole_comps_1": 0.00067487680959,
                        "multipoles.0.multipole_3.multipole_comps.multipole_comps_0": 0.00142981259744,
                        "multipoles.0.multipole_3.multipole_comps.multipole_comps_1": -0.00231285601324,
                        "multipoles.0.multipole_4.multipole_comps.multipole_comps_0": -0.00062570080426,
                        "multipoles.0.multipole_4.multipole_comps.multipole_comps_1": 0.00162568363946,
                        "ellipses.ellipse_1.ell_comps.ell_comps_0": -0.09288365324905,
                        "ellipses.ellipse_1.ell_comps.ell_comps_1": -0.11179343329172,
                        "multipoles.1.multipole_1.multipole_comps.multipole_comps_0": 0.00330171549634,
                        "multipoles.1.multipole_1.multipole_comps.multipole_comps_1": -0.01013358036658,
                        "multipoles.1.multipole_3.multipole_comps.multipole_comps_0": 0.00786660751478,
                        "multipoles.1.multipole_3.multipole_comps.multipole_comps_1": 0.01432448363327,
                        "multipoles.1.multipole_4.multipole_comps.multipole_comps_0": -0.01063039712797,
                        "multipoles.1.multipole_4.multipole_comps.multipole_comps_1": -0.01965873855974,
                        "ellipses.ellipse_2.ell_comps.ell_comps_0": -0.07645082433704,
                        "ellipses.ellipse_2.ell_comps.ell_comps_1": -0.09807712878739,
                        "multipoles.2.multipole_1.multipole_comps.multipole_comps_0": -0.03316398658863,
                        "multipoles.2.multipole_1.multipole_comps.multipole_comps_1": 0.02547999435691,
                        "multipoles.2.multipole_3.multipole_comps.multipole_comps_0": 0.00489192449015,
                        "multipoles.2.multipole_3.multipole_comps.multipole_comps_1": -0.00175399472888,
                        "multipoles.2.multipole_4.multipole_comps.multipole_comps_0": 0.01057434770949,
                        "multipoles.2.multipole_4.multipole_comps.multipole_comps_1": 0.0234121978417,
                        "ellipses.ellipse_3.ell_comps.ell_comps_0": -0.01155854329412,
                        "ellipses.ellipse_3.ell_comps.ell_comps_1": -0.05816436111912,
                        "multipoles.3.multipole_1.multipole_comps.multipole_comps_0": -0.05361176777783,
                        "multipoles.3.multipole_1.multipole_comps.multipole_comps_1": -0.04703306138894,
                        "multipoles.3.multipole_3.multipole_comps.multipole_comps_0": -0.07228976310606,
                        "multipoles.3.multipole_3.multipole_comps.multipole_comps_1": 0.03240725299149,
                        "multipoles.3.multipole_4.multipole_comps.multipole_comps_0": 0.03262834247124,
                        "multipoles.3.multipole_4.multipole_comps.multipole_comps_1": 0.04569546391338,
                        "ellipses.ellipse_4.ell_comps.ell_comps_0": -0.03935523361005,
                        "ellipses.ellipse_4.ell_comps.ell_comps_1": 0.1194359443325,
                        "multipoles.4.multipole_1.multipole_comps.multipole_comps_0": -0.09887566977168,
                        "multipoles.4.multipole_1.multipole_comps.multipole_comps_1": -0.00191796745194,
                        "multipoles.4.multipole_3.multipole_comps.multipole_comps_0": 0.04482172622433,
                        "multipoles.4.multipole_3.multipole_comps.multipole_comps_1": 0.01446980011648,
                        "multipoles.4.multipole_4.multipole_comps.multipole_comps_0": 0.0209745939173,
                        "multipoles.4.multipole_4.multipole_comps.multipole_comps_1": 0.05559928828472
                    }
                }
            }
        },
        "median_pdf_sample": {
            "type": "instance",
            "class_path": "autofit.non_linear.samples.sample.Sample",
            "arguments": {
                "log_likelihood": -153.37501109262018,
                "log_prior": 0.0,
                "weight": 0.0009941449643094185,
                "kwargs": {
                    "type": "dict",
                    "arguments": {
                        "ellipses.ellipse_4.centre.centre_0": -0.0034143509965516095,
                        "ellipses.ellipse_4.centre.centre_1": -0.00235520760698,
                        "ellipses.ellipse_0.ell_comps.ell_comps_0": -0.0572571975519,
                        "ellipses.ellipse_0.ell_comps.ell_comps_1": -0.06944267030383655,
                        "multipoles.0.multipole_1.multipole_comps.multipole_comps_0": 0.0013144943083271852,
                        "multipoles.0.multipole_1.multipole_comps.multipole_comps_1": 0.00013252286215497568,
                        "multipoles.0.multipole_3.multipole_comps.multipole_comps_0": 0.0013997844542,
                        "multipoles.0.multipole_3.multipole_comps.multipole_comps_1": -0.00270385621064,
                        "multipoles.0.multipole_4.multipole_comps.multipole_comps_0": -0.0006166669334690643,
                        "multipoles.0.multipole_4.multipole_comps.multipole_comps_1": 0.00130950478064,
                        "ellipses.ellipse_1.ell_comps.ell_comps_0": -0.09153695022804208,
                        "ellipses.ellipse_1.ell_comps.ell_comps_1": -0.11835868186048813,
                        "multipoles.1.multipole_1.multipole_comps.multipole_comps_0": 0.01232647468558,
                        "multipoles.1.multipole_1.multipole_comps.multipole_comps_1": -0.013196900708153755,
                        "multipoles.1.multipole_3.multipole_comps.multipole_comps_0": 0.010672197577254499,
                        "multipoles.1.multipole_3.multipole_comps.multipole_comps_1": 0.01846359992725,
                        "multipoles.1.multipole_4.multipole_comps.multipole_comps_0": -0.014234944739693159,
                        "multipoles.1.multipole_4.multipole_comps.multipole_comps_1": -0.01757186484039,
                        "ellipses.ellipse_2.ell_comps.ell_comps_0": -0.06970717759062003,
                        "ellipses.ellipse_2.ell_comps.ell_comps_1": -0.09678126449512352,
                        "multipoles.2.multipole_1.multipole_comps.multipole_comps_0": -0.03321583460050278,
                        "multipoles.2.multipole_1.multipole_comps.multipole_comps_1": 0.031864190229615404,
                        "multipoles.2.multipole_3.multipole_comps.multipole_comps_0": -0.005707470726376192,
                        "multipoles.2.multipole_3.multipole_comps.multipole_comps_1": -0.00757414723672,
                        "multipoles.2.multipole_4.multipole_comps.multipole_comps_0": 0.01319978442973844,
                        "multipoles.2.multipole_4.multipole_comps.multipole_comps_1": 0.0208729789173,
                        "ellipses.ellipse_3.ell_comps.ell_comps_0": -0.03349332643283539,
                        "ellipses.ellipse_3.ell_comps.ell_comps_1": -0.07371381620610491,
                        "multipoles.3.multipole_1.multipole_comps.multipole_comps_0": -0.03630368491325,
                        "multipoles.3.multipole_1.multipole_comps.multipole_comps_1": -0.05609578515008788,
                        "multipoles.3.multipole_3.multipole_comps.multipole_comps_0": -0.07455152109371,
                        "multipoles.3.multipole_3.multipole_comps.multipole_comps_1": 0.023445870706949125,
                        "multipoles.3.multipole_4.multipole_comps.multipole_comps_0": 0.02622573869261,
                        "multipoles.3.multipole_4.multipole_comps.multipole_comps_1": 0.0588876602067,
                        "ellipses.ellipse_4.ell_comps.ell_comps_0": -0.07118713467253593,
                        "ellipses.ellipse_4.ell_comps.ell_comps_1": 0.09689549208792035,
                        "multipoles.4.multipole_1.multipole_comps.multipole_comps_0": -0.04585836812177751,
                        "multipoles.4.multipole_1.multipole_comps.multipole_comps_1": 0.00244690487667,
                        "multipoles.4.multipole_3.multipole_comps.multipole_comps_0": 0.03768686711392886,
                        "multipoles.4.multipole_3.multipole_comps.multipole_comps_1": 0.014019494318672266,
                        "multipoles.4.multipole_4.multipole_comps.multipole_comps_0": -0.0012439410795191958,
                        "multipoles.4.multipole_4.multipole_comps.multipole_comps_1": 0.001027884831966174
                    }
                }
            }
        },
        "values_at_sigma_3": {
            "type": "list",
            "values": [
                {
                    "type": "tuple",
                    "values": [
                        -0.006488652788515227,
                        -0.00153421531578
                    ]
                },
                {
                    "type": "tuple",
                    "values": [
                        -0.00401505536143,
                        -0.00026867195133901603
                    ]
                },
                {
                    "type": "tuple",
                    "values": [
                        -0.07011844392847903,
                        -0.04483221793445
                    ]
                },
                {
                    "type": "tuple",
                    "values": [
                        -0.07816128610371,
                        -0.060113921490158706
                    ]
                },
                {
                    "type": "tuple",
                    "values": [
                        -0.00072467735789,
                        0.003988466159512128
                    ]
                },
                {
                    "type": "tuple",
                    "values": [
                        -0.0029990740678498564,
                        0.0020118948416958304
                    ]
                },
                {
                    "type": "tuple",
                    "values": [
                        -0.00045428688503,
                        0.0039258060471200834
                    ]
                },
                {
                    "type": "tuple",
                    "values": [
                        -0.00718332982103,
                        0.00080753079489
                    ]
                },
                {
                    "type": "tuple",
                    "values": [
                        -0.00290717223404,
                        0.00161934624927
                    ]
                },
                {
                    "type": "tuple",
                    "values": [
                        -0.00161183114807,
                        0.00551893127018
                    ]
                },
                {
                    "type": "tuple",
                    "values": [
                        -0.11096190973168,
                        -0.07627809496111314
                    ]
                },
                {
                    "type": "tuple",
                    "values": [
                        -0.1338378239954598,
                        -0.10115388954113
                    ]
                },
                {
                    "type": "tuple",
                    "values": [
                        0.00122914521744,
                        0.02730937927306
                    ]
                },
                {
                    "type": "tuple",
                    "values": [
                        -0.02337568875487,
                        -0.003827889199677921
                    ]
                },
                {
                    "type": "tuple",
                    "values": [
                        -0.00351140293176,
                        0.019305893105906302
                    ]
                },
                {
                    "type": "tuple",
                    "values": [
                        0.00981564818074,
                        0.03127287408646852
                    ]
                },
                {
                    "type": "tuple",
                    "values": [
                        -0.024665895028322733,
                        0.00011276133845
                    ]
                },
                {
                    "type": "tuple",
                    "values": [
                        -0.03167162191795488,
                        -0.00097598037337
                    ]
                },
                {
                    "type": "tuple",
                    "values": [
                        -0.08424589629022,
                        -0.05784812033232798
                    ]
                },
                {
                    "type": "tuple",
                    "values": [
                        -0.11799325055586,
                        -0.0722195506290136
                    ]
                },
                {
                    "type": "tuple",
                    "values": [
                        -0.06683960374819967,
                        -0.0016375143634306281
                    ]
                },
                {
                    "type": "tuple",
                    "values": [
                        0.0005115401127470464,
                        0.05718299836246848
                    ]
                },
                {
                    "type": "tuple",
                    "values": [
                        -0.03569101698701,
                        0.010501278788814832
                    ]
                },
                {
                    "type": "tuple",
                    "values": [
                        -0.02176689711656,
                        0.0025412109409603907
                    ]
                },
                {
                    "type": "tuple",
                    "values": [
                        -0.01212632182458,
                        0.0520342011787
                    ]
                },
                {
                    "type": "tuple",
                    "values": [
                        0.011452695639513392,
                        0.03798621810952
                    ]
                },
                {
                    "type": "tuple",
                    "values": [
                        -0.05970227143936,
                        -0.0006077337938752628
                    ]
                },
                {
                    "type": "tuple",
                    "values": [
                        -0.09222918240182273,
                        -0.048331369739494645
                    ]
                },
                {
                    "type": "tuple",
                    "values": [
                        -0.06254505423433326,
                        -0.00372693948446
                    ]
                },
                {
                    "type": "tuple",
                    "values": [
                        -0.09060880182046184,
                        -0.027018300665089857
                    ]
                },
                {
                    "type": "tuple",
                    "values": [
                        -0.09363056739417,
                        -0.05630878888901332
                    ]
                },
                {
                    "type": "tuple",
                    "values": [
                        0.0005692275336549172,
                        0.04703013273023969
                    ]
                },
                {
                    "type": "tuple",
                    "values": [
                        0.00247822361565,
                        0.07047680916170518
                    ]
                },
                {
                    "type": "tuple",
                    "values": [
                        0.03314066204163,
                        0.08348056516269059
                    ]
                },
                {
                    "type": "tuple",
                    "values": [
                        -0.1505008141570223,
                        -0.03576401131175527
                    ]
                },
                {
                    "type": "tuple",
                    "values": [
                        0.02798915829017149,
                        0.13086146226021
                    ]
                },
                {
                    "type": "tuple",
                    "values": [
                        -0.1205525810449,
                        0.018328056999739398
                    ]
                },
                {
                    "type": "tuple",
                    "values": [
                        -0.03986538517956683,
                        0.05602019123086221
                    ]
                },
                {
                    "type": "tuple",
                    "values": [
                        0.021238593984376133,
                        0.05575542929878609
                    ]
                },
                {
                    "type": "tuple",
                    "values": [
                        -0.010393616091208618,
                        0.027962868217163588
                    ]
                },
                {
                    "type": "tuple",
                    "values": [
                        -0.02546676229005,
                        0.02667253029346
                    ]
                },
                {
                    "type": "tuple",
                    "values": [
                        -0.03906839415651,
                        0.06771513225559
                    ]
                }
            ]
        },
        "errors_at_sigma_3": {
            "type": "list",
            "values": [
                {
                    "type": "tuple",
                    "values": [
                        0.0030743017919636177,
                        0.0018801356807716095
                    ]
                },
                {
                    "type": "tuple",
                    "values": [
                        0.0016598477544499998,
                        0.002086535655640984
                    ]
                },
                {
                    "type": "tuple",
                    "values": [
                        0.012861246376579032,
                        0.012424979617450004
                    ]
                },
                {
                    "type": "tuple",
                    "values": [
                        0.008718615799873444,
                        0.009328748813677845
                    ]
                },
                {
                    "type": "tuple",
                    "values": [
                        0.0020391716662171854,
                        0.0026739718511849427
                    ]
                },
                {
                    "type": "tuple",
                    "values": [
                        0.003131596930004832,
                        0.0018793719795408548
                    ]
                },
                {
                    "type": "tuple",
                    "values": [
                        0.0018540713392299999,
                        0.0025260215929200835
                    ]
                },
                {
                    "type": "tuple",
                    "values": [
                        0.00447947361039,
                        0.00351138700553
                    ]
                },
                {
                    "type": "tuple",
                    "values": [
                        0.0022905053005709357,
                        0.0022360131827390646
                    ]
                },
                {
                    "type": "tuple",
                    "values": [
                        0.00292133592871,
                        0.00420942648954
                    ]
                },
                {
                    "type": "tuple",
                    "values": [
                        0.01942495950363793,
                        0.015258855266928939
                    ]
                },
                {
                    "type": "tuple",
                    "values": [
                        0.01547914213497166,
                        0.017204792319358134
                    ]
                },
                {
                    "type": "tuple",
                    "values": [
                        0.011097329468139999,
                        0.01498290458748
                    ]
                },
                {
                    "type": "tuple",
                    "values": [
                        0.010178788046716243,
                        0.009369011508475834
                    ]
                },
                {
                    "type": "tuple",
                    "values": [
                        0.014183600509014498,
                        0.008633695528651803
                    ]
                },
                {
                    "type": "tuple",
                    "values": [
                        0.008647951746509999,
                        0.01280927415921852
                    ]
                },
                {
                    "type": "tuple",
                    "values": [
                        0.010430950288629575,
                        0.014347706078143159
                    ]
                },
                {
                    "type": "tuple",
                    "values": [
                        0.014099757077564883,
                        0.01659588446702
                    ]
                },
                {
                    "type": "tuple",
                    "values": [
                        0.014538718699599967,
                        0.011859057258292054
                    ]
                },
                {
                    "type": "tuple",
                    "values": [
                        0.021211986060736487,
                        0.02456171386610992
                    ]
                },
                {
                    "type": "tuple",
                    "values": [
                        0.03362376914769689,
                        0.031578320237072154
                    ]
                },
                {
                    "type": "tuple",
                    "values": [
                        0.03135265011686836,
                        0.025318808132853074
                    ]
                },
                {
                    "type": "tuple",
                    "values": [
                        0.02998354626063381,
                        0.016208749515191023
                    ]
                },
                {
                    "type": "tuple",
                    "values": [
                        0.01419274987984,
                        0.010115358177680391
                    ]
                },
                {
                    "type": "tuple",
                    "values": [
                        0.025326106254318442,
                        0.03883441674896156
                    ]
                },
                {
                    "type": "tuple",
                    "values": [
                        0.009420283277786608,
                        0.01711323919222
                    ]
                },
                {
                    "type": "tuple",
                    "values": [
                        0.02620894500652461,
                        0.032885592638960126
                    ]
                },
                {
                    "type": "tuple",
                    "values": [
                        0.018515366195717822,
                        0.025382446466610267
                    ]
                },
                {
                    "type": "tuple",
                    "values": [
                        0.026241369321083265,
                        0.03257674542879
                    ]
                },
                {
                    "type": "tuple",
                    "values": [
                        0.03451301667037396,
                        0.029077484484998025
                    ]
                },
                {
                    "type": "tuple",
                    "values": [
                        0.019079046300460006,
                        0.018242732204696674
                    ]
                },
                {
                    "type": "tuple",
                    "values": [
                        0.022876643173294207,
                        0.023584262023290566
                    ]
                },
                {
                    "type": "tuple",
                    "values": [
                        0.023747515076959998,
                        0.04425107046909518
                    ]
                },
                {
                    "type": "tuple",
                    "values": [
                        0.02574699816507,
                        0.02459290495599059
                    ]
                },
                {
                    "type": "tuple",
                    "values": [
                        0.07931367948448637,
                        0.035423123360780656
                    ]
                },
                {
                    "type": "tuple",
                    "values": [
                        0.06890633379774885,
                        0.03396597017228965
                    ]
                },
                {
                    "type": "tuple",
                    "values": [
                        0.0746942129231225,
                        0.0641864251215169
                    ]
                },
                {
                    "type": "tuple",
                    "values": [
                        0.04231229005623683,
                        0.05357328635419221
                    ]
                },
                {
                    "type": "tuple",
                    "values": [
                        0.016448273129552726,
                        0.01806856218485723
                    ]
                },
                {
                    "type": "tuple",
                    "values": [
                        0.024413110409880884,
                        0.013943373898491321
                    ]
                },
                {
                    "type": "tuple",
                    "values": [
                        0.024222821210530803,
                        0.027916471372979194
                    ]
                },
                {
                    "type": "tuple",
                    "values": [
                        0.040096278988476175,
                        0.06668724742362384
                    ]
                }
            ]
        },
        "model": null,
        "errors_at_sigma_1": {
            "type": "list",
            "values": [
                {
                    "type": "tuple",
                    "values": [
                        0.0008690352630483901,
                        0.0005631175981992294
                    ]
                },
                {
                    "type": "tuple",
                    "values": [
                        0.0005419380040600002,
                        0.000655479296358445
                    ]
                },
                {
                    "type": "tuple",
                    "values": [
                        0.004007712103688096,
                        0.0033336391264899984
                    ]
                },
                {
                    "type": "tuple",
                    "values": [
                        0.002889373142786464,
                        0.0027824896658965453
                    ]
                },
                {
                    "type": "tuple",
                    "values": [
                        0.0007079329878858087,
                        0.000982571640532815
                    ]
                },
                {
                    "type": "tuple",
                    "values": [
                        0.0007918048742949757,
                        0.0008134042854150243
                    ]
                },
                {
                    "type": "tuple",
                    "values": [
                        0.0005386296440012875,
                        0.0006388340815163037
                    ]
                },
                {
                    "type": "tuple",
                    "values": [
                        0.00102646096667,
                        0.0016460453924
                    ]
                },
                {
                    "type": "tuple",
                    "values": [
                        0.0007131432730389266,
                        0.0008832083631182373
                    ]
                },
                {
                    "type": "tuple",
                    "values": [
                        0.0011901480704602917,
                        0.0013271079199981568
                    ]
                },
                {
                    "type": "tuple",
                    "values": [
                        0.006788363490977917,
                        0.005975055637841842
                    ]
                },
                {
                    "type": "tuple",
                    "values": [
                        0.003661954409041865,
                        0.00486971878084537
                    ]
                },
                {
                    "type": "tuple",
                    "values": [
                        0.006124272019456387,
                        0.004570778131420001
                    ]
                },
                {
                    "type": "tuple",
                    "values": [
                        0.0029067670343896797,
                        0.003337366711163756
                    ]
                },
                {
                    "type": "tuple",
                    "values": [
                        0.00430105723429435,
                        0.0042867924163055016
                    ]
                },
                {
                    "type": "tuple",
                    "values": [
                        0.0030628930698529955,
                        0.003458684912550001
                    ]
                },
                {
                    "type": "tuple",
                    "values": [
                        0.004225574596196843,
                        0.00420705904384581
                    ]
                },
                {
                    "type": "tuple",
                    "values": [
                        0.0053485622482,
                        0.0075455966070953236
                    ]
                },
                {
                    "type": "tuple",
                    "values": [
                        0.004793202914248548,
                        0.004580323504311534
                    ]
                },
                {
                    "type": "tuple",
                    "values": [
                        0.00464742497910367,
                        0.006993859075593523
                    ]
                },
                {
                    "type": "tuple",
                    "values": [
                        0.02085651723407722,
                        0.00861748025359509
                    ]
                },
                {
                    "type": "tuple",
                    "values": [
                        0.015173525599435404,
                        0.007523981874244599
                    ]
                },
                {
                    "type": "tuple",
                    "values": [
                        0.006856209830520601,
                        0.006273558589379778
                    ]
                },
                {
                    "type": "tuple",
                    "values": [
                        0.010501906633859998,
                        0.005502662564087761
                    ]
                },
                {
                    "type": "tuple",
                    "values": [
                        0.011103128719657684,
                        0.01893351129252245
                    ]
                },
                {
                    "type": "tuple",
                    "values": [
                        0.003421193165068375,
                        0.0024481536859000015
                    ]
                },
                {
                    "type": "tuple",
                    "values": [
                        0.014604036615885753,
                        0.018434905499815392
                    ]
                },
                {
                    "type": "tuple",
                    "values": [
                        0.012070418494945084,
                        0.014279126617096197
                    ]
                },
                {
                    "type": "tuple",
                    "values": [
                        0.013269967672230001,
                        0.009973697565195297
                    ]
                },
                {
                    "type": "tuple",
                    "values": [
                        0.01628508526194379,
                        0.01064829974805033
                    ]
                },
                {
                    "type": "tuple",
                    "values": [
                        0.004276712963460008,
                        0.004887381614368511
                    ]
                },
                {
                    "type": "tuple",
                    "values": [
                        0.007867727704669125,
                        0.012332134545273758
                    ]
                },
                {
                    "type": "tuple",
                    "values": [
                        0.010239673305489999,
                        0.009972710225519894
                    ]
                },
                {
                    "type": "tuple",
                    "values": [
                        0.013237903777418868,
                        0.013215957940138717
                    ]
                },
                {
                    "type": "tuple",
                    "values": [
                        0.07370764816743408,
                        0.030893469991825927
                    ]
                },
                {
                    "type": "tuple",
                    "values": [
                        0.03155329519524035,
                        0.02256670371924875
                    ]
                },
                {
                    "type": "tuple",
                    "values": [
                        0.04459136959583249,
                        0.02653423324340644
                    ]
                },
                {
                    "type": "tuple",
                    "values": [
                        0.009476588499448917,
                        0.00906541113362
                    ]
                },
                {
                    "type": "tuple",
                    "values": [
                        0.005434598680568857,
                        0.00929954398424114
                    ]
                },
                {
                    "type": "tuple",
                    "values": [
                        0.011211851664891814,
                        0.0070062218766243495
                    ]
                },
                {
                    "type": "tuple",
                    "values": [
                        0.008980462975224021,
                        0.018252285769429194
                    ]
                },
                {
                    "type": "tuple",
                    "values": [
                        0.018182201544128574,
                        0.045992033457042975
                    ]
                }
            ]
        },
        "values_at_sigma_1": {
            "type": "list",
            "values": [
                {
                    "type": "tuple",
                    "values": [
                        -0.0042833862596,
                        -0.00285123339835238
                    ]
                },
                {
                    "type": "tuple",
                    "values": [
                        -0.00289714561104,
                        -0.001699728310621555
                    ]
                },
                {
                    "type": "tuple",
                    "values": [
                        -0.0612649096555881,
                        -0.05392355842541
                    ]
                },
                {
                    "type": "tuple",
                    "values": [
                        -0.07233204344662301,
                        -0.06666018063794
                    ]
                },
                {
                    "type": "tuple",
                    "values": [
                        0.0006065613204413765,
                        0.00229706594886
                    ]
                },
                {
                    "type": "tuple",
                    "values": [
                        -0.00065928201214,
                        0.00094592714757
                    ]
                },
                {
                    "type": "tuple",
                    "values": [
                        0.0008611548101987124,
                        0.0020386185357163036
                    ]
                },
                {
                    "type": "tuple",
                    "values": [
                        -0.00373031717731,
                        -0.00105781081824
                    ]
                },
                {
                    "type": "tuple",
                    "values": [
                        -0.001329810206507991,
                        0.00026654142964917303
                    ]
                },
                {
                    "type": "tuple",
                    "values": [
                        0.00011935671017970834,
                        0.002636612700638157
                    ]
                },
                {
                    "type": "tuple",
                    "values": [
                        -0.09832531371902,
                        -0.08556189459020024
                    ]
                },
                {
                    "type": "tuple",
                    "values": [
                        -0.12202063626953,
                        -0.11348896307964276
                    ]
                },
                {
                    "type": "tuple",
                    "values": [
                        0.006202202666123612,
                        0.016897252817
                    ]
                },
                {
                    "type": "tuple",
                    "values": [
                        -0.016103667742543435,
                        -0.00985953399699
                    ]
                },
                {
                    "type": "tuple",
                    "values": [
                        0.006371140342960149,
                        0.01495898999356
                    ]
                },
                {
                    "type": "tuple",
                    "values": [
                        0.015400706857397004,
                        0.0219222848398
                    ]
                },
                {
                    "type": "tuple",
                    "values": [
                        -0.01846051933589,
                        -0.010027885695847349
                    ]
                },
                {
                    "type": "tuple",
                    "values": [
                        -0.02292042708859,
                        -0.010026268233294677
                    ]
                },
                {
                    "type": "tuple",
                    "values": [
                        -0.07450038050486858,
                        -0.0651268540863085
                    ]
                },
                {
                    "type": "tuple",
                    "values": [
                        -0.10142868947422719,
                        -0.08978740541953
                    ]
                },
                {
                    "type": "tuple",
                    "values": [
                        -0.05407235183458,
                        -0.02459835434690769
                    ]
                },
                {
                    "type": "tuple",
                    "values": [
                        0.01669066463018,
                        0.03938817210386
                    ]
                },
                {
                    "type": "tuple",
                    "values": [
                        -0.012563680556896793,
                        0.0005660878630035855
                    ]
                },
                {
                    "type": "tuple",
                    "values": [
                        -0.01807605387058,
                        -0.002071484672632239
                    ]
                },
                {
                    "type": "tuple",
                    "values": [
                        0.0020966557100807566,
                        0.03213329572226089
                    ]
                },
                {
                    "type": "tuple",
                    "values": [
                        0.017451785752231625,
                        0.0233211326032
                    ]
                },
                {
                    "type": "tuple",
                    "values": [
                        -0.04809736304872114,
                        -0.01505842093302
                    ]
                },
                {
                    "type": "tuple",
                    "values": [
                        -0.08578423470105,
                        -0.059434689589008716
                    ]
                },
                {
                    "type": "tuple",
                    "values": [
                        -0.04957365258548,
                        -0.026329987348054702
                    ]
                },
                {
                    "type": "tuple",
                    "values": [
                        -0.07238087041203167,
                        -0.04544748540203755
                    ]
                },
                {
                    "type": "tuple",
                    "values": [
                        -0.07882823405717,
                        -0.06966413947934148
                    ]
                },
                {
                    "type": "tuple",
                    "values": [
                        0.01557814300228,
                        0.03577800525222288
                    ]
                },
                {
                    "type": "tuple",
                    "values": [
                        0.01598606538712,
                        0.03619844891812989
                    ]
                },
                {
                    "type": "tuple",
                    "values": [
                        0.04564975642928113,
                        0.07210361814683872
                    ]
                },
                {
                    "type": "tuple",
                    "values": [
                        -0.14489478283997,
                        -0.04029366468071
                    ]
                },
                {
                    "type": "tuple",
                    "values": [
                        0.06534219689268,
                        0.1194621958071691
                    ]
                },
                {
                    "type": "tuple",
                    "values": [
                        -0.09044973771761,
                        -0.019324134878371067
                    ]
                },
                {
                    "type": "tuple",
                    "values": [
                        -0.007029683622778918,
                        0.01151231601029
                    ]
                },
                {
                    "type": "tuple",
                    "values": [
                        0.03225226843336,
                        0.04698641109817
                    ]
                },
                {
                    "type": "tuple",
                    "values": [
                        0.002807642653780453,
                        0.021025716195296616
                    ]
                },
                {
                    "type": "tuple",
                    "values": [
                        -0.010224404054743216,
                        0.01700834468991
                    ]
                },
                {
                    "type": "tuple",
                    "values": [
                        -0.0171543167121624,
                        0.04701991828900915
                    ]
                }
            ]
        }
    }
}