{
    "type": "instance",
    "class_path": "autofit.non_linear.samples.summary.SamplesSummary",
    "arguments": {
        "log_evidence": -43.963878800492026,
        "values_at_sigma_1": {
            "type": "list",
            "values": [
                {
                    "type": "tuple",
                    "values": [
                        -0.046500164793170894,
                        -0.03213622203132902
                    ]
                },
                {
                    "type": "tuple",
                    "values": [
                        0.07629511743321,
                        0.090793183405297
                    ]
                }
            ]
        },
        "max_log_likelihood_sample": {
            "type": "instance",
            "class_path": "autofit.non_linear.samples.sample.Sample",
            "arguments": {
                "log_likelihood": -35.19774699699475,
                "log_prior": 0.0,
                "weight": 0.0009916281987627682,
                "kwargs": {
                    "type": "dict",
                    "arguments": {
                        "ellipses.0.ell_comps.ell_comps_0": -0.040751914429,
                        "ellipses.0.ell_comps.ell_comps_1": 0.08015055782979
                    }
                }
            }
        },
        "model": null,
        "errors_at_sigma_1": {
            "type": "list",
            "values": [
                {
                    "type": "tuple",
                    "values": [
                        0.007434913787690893,
                        0.006929028974150979
                    ]
                },
                {
                    "type": "tuple",
                    "values": [
                        0.006943807450271705,
                        0.0075542585218152936
                    ]
                }
            ]
        },
        "median_pdf_sample": {
            "type": "instance",
            "class_path": "autofit.non_linear.samples.sample.Sample",
            "arguments": {
                "log_likelihood": -35.19774699699475,
                "log_prior": 0.0,
                "weight": 0.0009916281987627682,
                "kwargs": {
                    "type": "dict",
                    "arguments": {
                        "ellipses.0.ell_comps.ell_comps_0": -0.03906525100548,
                        "ellipses.0.ell_comps.ell_comps_1": 0.08323892488348171
                    }
                }
            }
        },
        "values_at_sigma_3": {
            "type": "list",
            "values": [
                {
                    "type": "tuple",
                    "values": [
                        -0.08080879857438,
                        -0.01161681979814
                    ]
                },
                {
                    "type": "tuple",
                    "values": [
                        0.05745303521256055,
                        0.10491348886645623
                    ]
                }
            ]
        },
        "errors_at_sigma_3": {
            "type": "list",
            "values": [
                {
                    "type": "tuple",
                    "values": [
                        0.0417435475689,
                        0.02744843120734
                    ]
                },
                {
                    "type": "tuple",
                    "values": [
                        0.025785889670921158,
                        0.021674563982974515
                    ]
                }
            ]
        }
    }
}