{
    "type": "instance",
    "class_path": "autofit.non_linear.samples.summary.SamplesSummary",
    "arguments": {
        "median_pdf_sample": {
            "type": "instance",
            "class_path": "autofit.non_linear.samples.sample.Sample",
            "arguments": {
                "log_likelihood": -61.53828250803201,
                "log_prior": 0.0,
                "weight": 0.001008768204522564,
                "kwargs": {
                    "type": "dict",
                    "arguments": {
                        "ellipses.0.ell_comps.ell_comps_0": -0.1395520351873,
                        "ellipses.0.ell_comps.ell_comps_1": 0.16605129566483
                    }
                }
            }
        },
        "errors_at_sigma_1": {
            "type": "list",
            "values": [
                {
                    "type": "tuple",
                    "values": [
                        0.05782519424044999,
                        0.0017617312321006606
                    ]
                },
                {
                    "type": "tuple",
                    "values": [
                        0.0020189686957124975,
                        0.009511457137002521
                    ]
                }
            ]
        },
        "values_at_sigma_1": {
            "type": "list",
            "values": [
                {
                    "type": "tuple",
                    "values": [
                        -0.19737722942775,
                        -0.13779030395519934
                    ]
                },
                {
                    "type": "tuple",
                    "values": [
                        0.16403232696911751,
                        0.17556275280183253
                    ]
                }
            ]
        },
        "errors_at_sigma_3": {
            "type": "list",
            "values": [
                {
                    "type": "tuple",
                    "values": [
                        0.08312659481448001,
                        0.008328768448439994
                    ]
                },
                {
                    "type": "tuple",
                    "values": [
                        0.0709926200225117,
                        0.02929788342063344
                    ]
                }
            ]
        },
        "max_log_likelihood_sample": {
            "type": "instance",
            "class_path": "autofit.non_linear.samples.sample.Sample",
            "arguments": {
                "log_likelihood": -61.53828250803201,
                "log_prior": 0.0,
                "weight": 0.001008768204522564,
                "kwargs": {
                    "type": "dict",
                    "arguments": {
                        "ellipses.0.ell_comps.ell_comps_0": -0.13932744255166,
                        "ellipses.0.ell_comps.ell_comps_1": 0.16566196688457
                    }
                }
            }
        },
        "log_evidence": -73.14454102193542,
        "model": null,
        "values_at_sigma_3": {
            "type": "list",
            "values": [
                {
                    "type": "tuple",
                    "values": [
                        -0.22267863000178,
                        -0.13122326673886
                    ]
                },
                {
                    "type": "tuple",
                    "values": [
                        0.09505867564231832,
                        0.19534917908546345
                    ]
                }
            ]
        }
    }
}