{
    "type": "instance",
    "class_path": "autofit.non_linear.samples.summary.SamplesSummary",
    "arguments": {
        "model": null,
        "median_pdf_sample": {
            "type": "instance",
            "class_path": "autofit.non_linear.samples.sample.Sample",
            "arguments": {
                "log_likelihood": -59.85341233577484,
                "log_prior": 0.0,
                "weight": 0.0009857548954071297,
                "kwargs": {
                    "type": "dict",
                    "arguments": {
                        "ellipses.0.ell_comps.ell_comps_0": 0.017264443759588275,
                        "ellipses.0.ell_comps.ell_comps_1": 0.023143939714601165
                    }
                }
            }
        },
        "values_at_sigma_3": {
            "type": "list",
            "values": [
                {
                    "type": "tuple",
                    "values": [
                        0.0025855214101036875,
                        0.02448737168556203
                    ]
                },
                {
                    "type": "tuple",
                    "values": [
                        0.012959141344991335,
                        0.04516953250573026
                    ]
                }
            ]
        },
        "values_at_sigma_1": {
            "type": "list",
            "values": [
                {
                    "type": "tuple",
                    "values": [
                        0.01381549286314,
                        0.019921118165734466
                    ]
                },
                {
                    "type": "tuple",
                    "values": [
                        0.02083852204414,
                        0.02844945089967
                    ]
                }
            ]
        },
        "errors_at_sigma_1": {
            "type": "list",
            "values": [
                {
                    "type": "tuple",
                    "values": [
                        0.0034489508964482742,
                        0.002656674406146191
                    ]
                },
                {
                    "type": "tuple",
                    "values": [
                        0.0023054176704611663,
                        0.005305511185068834
                    ]
                }
            ]
        },
        "log_evidence": -69.7801773741846,
        "max_log_likelihood_sample": {
            "type": "instance",
            "class_path": "autofit.non_linear.samples.sample.Sample",
            "arguments": {
                "log_likelihood": -59.85341233577484,
                "log_prior": 0.0,
                "weight": 0.0009857548954071297,
                "kwargs": {
                    "type": "dict",
                    "arguments": {
                        "ellipses.0.ell_comps.ell_comps_0": 0.01665587681364,
                        "ellipses.0.ell_comps.ell_comps_1": 0.02571407144002
                    }
                }
            }
        },
        "errors_at_sigma_3": {
            "type": "list",
            "values": [
                {
                    "type": "tuple",
                    "values": [
                        0.014678922349484588,
                        0.0072229279259737565
                    ]
                },
                {
                    "type": "tuple",
                    "values": [
                        0.01018479836960983,
                        0.022025592791129096
                    ]
                }
            ]
        }
    }
}