{
    "type": "instance",
    "class_path": "autofit.non_linear.samples.summary.SamplesSummary",
    "arguments": {
        "values_at_sigma_1": {
            "type": "list",
            "values": [
                {
                    "type": "tuple",
                    "values": [
                        -0.022131229815265923,
                        -0.013642234248727235
                    ]
                },
                {
                    "type": "tuple",
                    "values": [
                        -0.033849971417933236,
                        -0.022386419749919177
                    ]
                },
                {
                    "type": "tuple",
                    "values": [
                        -0.007668824203115281,
                        0.013350553458600428
                    ]
                },
                {
                    "type": "tuple",
                    "values": [
                        -0.015736860022113518,
                        0.002787144115175906
                    ]
                },
                {
                    "type": "tuple",
                    "values": [
                        -0.030787847728600957,
                        -0.011835052143856176
                    ]
                },
                {
                    "type": "tuple",
                    "values": [
                        -0.009451042010598916,
                        0.014812360815849534
                    ]
                }
            ]
        },
        "log_evidence": -51.12667016667144,
        "values_at_sigma_3": {
            "type": "list",
            "values": [
                {
                    "type": "tuple",
                    "values": [
                        -0.03243611454032,
                        -0.00126338311581
                    ]
                },
                {
                    "type": "tuple",
                    "values": [
                        -0.045636507770506346,
                        -0.012779268771194405
                    ]
                },
                {
                    "type": "tuple",
                    "values": [
                        -0.024731356778511317,
                        0.03246651411957349
                    ]
                },
                {
                    "type": "tuple",
                    "values": [
                        -0.028465062397823704,
                        0.02313752881288
                    ]
                },
                {
                    "type": "tuple",
                    "values": [
                        -0.05248190771574,
                        0.009285212032305902
                    ]
                },
                {
                    "type": "tuple",
                    "values": [
                        -0.03705313673576583,
                        0.04438901708728433
                    ]
                }
            ]
        },
        "model": null,
        "max_log_likelihood_sample": {
            "type": "instance",
            "class_path": "autofit.non_linear.samples.sample.Sample",
            "arguments": {
                "log_likelihood": -32.50364553901499,
                "log_prior": 0.0,
                "weight": 0.0009700632756327139,
                "kwargs": {
                    "type": "dict",
                    "arguments": {
                        "ellipses.0.ell_comps.ell_comps_0": -0.01959751612635,
                        "ellipses.0.ell_comps.ell_comps_1": -0.02538703704884,
                        "multipoles.0.multipole_3.multipole_comps.multipole_comps_0": 0.00239576328739,
                        "multipoles.0.multipole_3.multipole_comps.multipole_comps_1": -0.00941000059799,
                        "multipoles.0.multipole_4.multipole_comps.multipole_comps_0": -0.01356525236425,
                        "multipoles.0.multipole_4.multipole_comps.multipole_comps_1": 0.00141921684797
                    }
                }
            }
        },
        "errors_at_sigma_1": {
            "type": "list",
            "values": [
                {
                    "type": "tuple",
                    "values": [
                        0.004224702131585923,
                        0.004264293434952765
                    ]
                },
                {
                    "type": "tuple",
                    "values": [
                        0.006458877479133235,
                        0.005004674188880825
                    ]
                },
                {
                    "type": "tuple",
                    "values": [
                        0.009501249173168247,
                        0.011518128488547462
                    ]
                },
                {
                    "type": "tuple",
                    "values": [
                        0.009008156272540535,
                        0.00951584786474889
                    ]
                },
                {
                    "type": "tuple",
                    "values": [
                        0.009308714083284594,
                        0.009644081501460188
                    ]
                },
                {
                    "type": "tuple",
                    "values": [
                        0.012344024081798915,
                        0.011919378744649534
                    ]
                }
            ]
        },
        "median_pdf_sample": {
            "type": "instance",
            "class_path": "autofit.non_linear.samples.sample.Sample",
            "arguments": {
                "log_likelihood": -32.50364553901499,
                "log_prior": 0.0,
                "weight": 0.0009700632756327139,
                "kwargs": {
                    "type": "dict",
                    "arguments": {
                        "ellipses.0.ell_comps.ell_comps_0": -0.01790652768368,
                        "ellipses.0.ell_comps.ell_comps_1": -0.0273910939388,
                        "multipoles.0.multipole_3.multipole_comps.multipole_comps_0": 0.0018324249700529666,
                        "multipoles.0.multipole_3.multipole_comps.multipole_comps_1": -0.0067287037495729835,
                        "multipoles.0.multipole_4.multipole_comps.multipole_comps_0": -0.021479133645316364,
                        "multipoles.0.multipole_4.multipole_comps.multipole_comps_1": 0.0028929820712
                    }
                }
            }
        },
        "errors_at_sigma_3": {
            "type": "list",
            "values": [
                {
                    "type": "tuple",
                    "values": [
                        0.014529586856639999,
                        0.01664314456787
                    ]
                },
                {
                    "type": "tuple",
                    "values": [
                        0.018245413831706345,
                        0.014611825167605596
                    ]
                },
                {
                    "type": "tuple",
                    "values": [
                        0.026563781748564285,
                        0.030634089149520524
                    ]
                },
                {
                    "type": "tuple",
                    "values": [
                        0.02173635864825072,
                        0.029866232562452983
                    ]
                },
                {
                    "type": "tuple",
                    "values": [
                        0.03100277407042364,
                        0.030764345677622266
                    ]
                },
                {
                    "type": "tuple",
                    "values": [
                        0.03994611880696583,
                        0.04149603501608433
                    ]
                }
            ]
        }
    }
}