{
    "type": "instance",
    "class_path": "autofit.non_linear.samples.summary.SamplesSummary",
    "arguments": {
        "values_at_sigma_1": {
            "type": "list",
            "values": [
                {
                    "type": "tuple",
                    "values": [
                        -0.017023133307992547,
                        0.04009921034888767
                    ]
                },
                {
                    "type": "tuple",
                    "values": [
                        -0.004477708736883808,
                        0.02929034795808
                    ]
                }
            ]
        },
        "errors_at_sigma_3": {
            "type": "list",
            "values": [
                {
                    "type": "tuple",
                    "values": [
                        0.22657698352703098,
                        0.03724764159142045
                    ]
                },
                {
                    "type": "tuple",
                    "values": [
                        0.1427953141618321,
                        0.1038466837443514
                    ]
                }
            ]
        },
        "model": null,
        "max_log_likelihood_sample": {
            "type": "instance",
            "class_path": "autofit.non_linear.samples.sample.Sample",
            "arguments": {
                "log_likelihood": -14.000094350704279,
                "log_prior": 0.0,
                "weight": 0.0010238848445735368,
                "kwargs": {
                    "type": "dict",
                    "arguments": {
                        "ellipses.0.ell_comps.ell_comps_0": 0.04128972195571,
                        "ellipses.0.ell_comps.ell_comps_1": 0.02173060501351
                    }
                }
            }
        },
        "log_evidence": -20.754081024523753,
        "median_pdf_sample": {
            "type": "instance",
            "class_path": "autofit.non_linear.samples.sample.Sample",
            "arguments": {
                "log_likelihood": -14.000094350704279,
                "log_prior": 0.0,
                "weight": 0.0010238848445735368,
                "kwargs": {
                    "type": "dict",
                    "arguments": {
                        "ellipses.0.ell_comps.ell_comps_0": 0.01724722939585,
                        "ellipses.0.ell_comps.ell_comps_1": 0.015650150831608672
                    }
                }
            }
        },
        "values_at_sigma_3": {
            "type": "list",
            "values": [
                {
                    "type": "tuple",
                    "values": [
                        -0.209329754131181,
                        0.054494870987270454
                    ]
                },
                {
                    "type": "tuple",
                    "values": [
                        -0.12714516333022344,
                        0.11949683457596007
                    ]
                }
            ]
        },
        "errors_at_sigma_1": {
            "type": "list",
            "values": [
                {
                    "type": "tuple",
                    "values": [
                        0.03427036270384255,
                        0.02285198095303767
                    ]
                },
                {
                    "type": "tuple",
                    "values": [
                        0.02012785956849248,
                        0.013640197126471326
                    ]
                }
            ]
        }
    }
}