{
    "type": "instance",
    "class_path": "autofit.non_linear.samples.summary.SamplesSummary",
    "arguments": {
        "log_evidence": -43.66082429165694,
        "errors_at_sigma_3": {
            "type": "list",
            "values": [
                {
                    "type": "tuple",
                    "values": [
                        0.013768923852710002,
                        0.01178710112656
                    ]
                },
                {
                    "type": "tuple",
                    "values": [
                        0.012751007288775235,
                        0.010987501260167024
                    ]
                },
                {
                    "type": "tuple",
                    "values": [
                        0.013095885034591834,
                        0.017599359653205263
                    ]
                },
                {
                    "type": "tuple",
                    "values": [
                        0.0132269638326,
                        0.01289261679585986
                    ]
                },
                {
                    "type": "tuple",
                    "values": [
                        0.015410789426841008,
                        0.015334365222912483
                    ]
                },
                {
                    "type": "tuple",
                    "values": [
                        0.014972668440679585,
                        0.012397827994160917
                    ]
                },
                {
                    "type": "tuple",
                    "values": [
                        0.016037439934555472,
                        0.019389098298816174
                    ]
                },
                {
                    "type": "tuple",
                    "values": [
                        0.015422780744261788,
                        0.01754586297055606
                    ]
                }
            ]
        },
        "median_pdf_sample": {
            "type": "instance",
            "class_path": "autofit.non_linear.samples.sample.Sample",
            "arguments": {
                "log_likelihood": -16.714154242296164,
                "log_prior": 0.0,
                "weight": 0.0010310788425063095,
                "kwargs": {
                    "type": "dict",
                    "arguments": {
                        "ellipses.0.ell_comps.ell_comps_0": -0.02665986870006,
                        "ellipses.0.ell_comps.ell_comps_1": 0.08387471351898683,
                        "multipoles.0.multipole_1.multipole_comps.multipole_comps_0": 0.00407384416613474,
                        "multipoles.0.multipole_1.multipole_comps.multipole_comps_1": 0.00128733565171,
                        "multipoles.0.multipole_3.multipole_comps.multipole_comps_0": -0.0025982893209324813,
                        "multipoles.0.multipole_3.multipole_comps.multipole_comps_1": 0.00660950351806,
                        "multipoles.0.multipole_4.multipole_comps.multipole_comps_0": -0.003012386202303728,
                        "multipoles.0.multipole_4.multipole_comps.multipole_comps_1": -0.0031186034367240573
                    }
                }
            }
        },
        "errors_at_sigma_1": {
            "type": "list",
            "values": [
                {
                    "type": "tuple",
                    "values": [
                        0.0047635257872389244,
                        0.0038196655669579943
                    ]
                },
                {
                    "type": "tuple",
                    "values": [
                        0.0041537282687968274,
                        0.004141175185130477
                    ]
                },
                {
                    "type": "tuple",
                    "values": [
                        0.00473355787004061,
                        0.00487218729380526
                    ]
                },
                {
                    "type": "tuple",
                    "values": [
                        0.0047326611377,
                        0.005412827877890191
                    ]
                },
                {
                    "type": "tuple",
                    "values": [
                        0.0059726683105075186,
                        0.00505604827461789
                    ]
                },
                {
                    "type": "tuple",
                    "values": [
                        0.0051966467511755,
                        0.0036454581856744106
                    ]
                },
                {
                    "type": "tuple",
                    "values": [
                        0.005442023997571885,
                        0.006773007468633728
                    ]
                },
                {
                    "type": "tuple",
                    "values": [
                        0.004992152880130491,
                        0.005821292120463657
                    ]
                }
            ]
        },
        "model": null,
        "values_at_sigma_3": {
            "type": "list",
            "values": [
                {
                    "type": "tuple",
                    "values": [
                        -0.04042879255277,
                        -0.0148727675735
                    ]
                },
                {
                    "type": "tuple",
                    "values": [
                        0.0711237062302116,
                        0.09486221477915385
                    ]
                },
                {
                    "type": "tuple",
                    "values": [
                        -0.009022040868457095,
                        0.02167320381934
                    ]
                },
                {
                    "type": "tuple",
                    "values": [
                        -0.01193962818089,
                        0.01417995244756986
                    ]
                },
                {
                    "type": "tuple",
                    "values": [
                        -0.01800907874777349,
                        0.01273607590198
                    ]
                },
                {
                    "type": "tuple",
                    "values": [
                        -0.008363164922619584,
                        0.019007331512220917
                    ]
                },
                {
                    "type": "tuple",
                    "values": [
                        -0.0190498261368592,
                        0.016376712096512445
                    ]
                },
                {
                    "type": "tuple",
                    "values": [
                        -0.018541384180985845,
                        0.014427259533832004
                    ]
                }
            ]
        },
        "values_at_sigma_1": {
            "type": "list",
            "values": [
                {
                    "type": "tuple",
                    "values": [
                        -0.031423394487298924,
                        -0.022840203133102005
                    ]
                },
                {
                    "type": "tuple",
                    "values": [
                        0.07972098525019,
                        0.0880158887041173
                    ]
                },
                {
                    "type": "tuple",
                    "values": [
                        -0.0006597137039058703,
                        0.00894603145994
                    ]
                },
                {
                    "type": "tuple",
                    "values": [
                        -0.00344532548599,
                        0.006700163529600191
                    ]
                },
                {
                    "type": "tuple",
                    "values": [
                        -0.00857095763144,
                        0.002457758953685409
                    ]
                },
                {
                    "type": "tuple",
                    "values": [
                        0.0014128567668845002,
                        0.010254961703734411
                    ]
                },
                {
                    "type": "tuple",
                    "values": [
                        -0.008454410199875613,
                        0.00376062126633
                    ]
                },
                {
                    "type": "tuple",
                    "values": [
                        -0.008110756316854548,
                        0.0027026886837396
                    ]
                }
            ]
        },
        "max_log_likelihood_sample": {
            "type": "instance",
            "class_path": "autofit.non_linear.samples.sample.Sample",
            "arguments": {
                "log_likelihood": -16.714154242296164,
                "log_prior": 0.0,
                "weight": 0.0010310788425063095,
                "kwargs": {
                    "type": "dict",
                    "arguments": {
                        "ellipses.0.ell_comps.ell_comps_0": -0.02575423533176,
                        "ellipses.0.ell_comps.ell_comps_1": 0.08395164237848,
                        "multipoles.0.multipole_1.multipole_comps.multipole_comps_0": 0.00549133292789,
                        "multipoles.0.multipole_1.multipole_comps.multipole_comps_1": 0.00535817013046,
                        "multipoles.0.multipole_3.multipole_comps.multipole_comps_0": -0.0037216351352,
                        "multipoles.0.multipole_3.multipole_comps.multipole_comps_1": 0.00612797139507,
                        "multipoles.0.multipole_4.multipole_comps.multipole_comps_0": -0.00149999739462,
                        "multipoles.0.multipole_4.multipole_comps.multipole_comps_1": -0.00297335983082
                    }
                }
            }
        }
    }
}