{
    "type": "instance",
    "class_path": "autofit.non_linear.samples.summary.SamplesSummary",
    "arguments": {
        "errors_at_sigma_1": {
            "type": "list",
            "values": [
                {
                    "type": "tuple",
                    "values": [
                        0.011452754327805334,
                        0.007579689931440106
                    ]
                },
                {
                    "type": "tuple",
                    "values": [
                        0.01050569559249,
                        0.01577281412129407
                    ]
                },
                {
                    "type": "tuple",
                    "values": [
                        0.02417871412591193,
                        0.022715210473112087
                    ]
                },
                {
                    "type": "tuple",
                    "values": [
                        0.08696385492714495,
                        0.025296002524528453
                    ]
                },
                {
                    "type": "tuple",
                    "values": [
                        0.031030659348772083,
                        0.016096763372938486
                    ]
                },
                {
                    "type": "tuple",
                    "values": [
                        0.0180984705140166,
                        0.02546932543446
                    ]
                }
            ]
        },
        "values_at_sigma_3": {
            "type": "list",
            "values": [
                {
                    "type": "tuple",
                    "values": [
                        -0.08983428544751346,
                        -0.00518609658905
                    ]
                },
                {
                    "type": "tuple",
                    "values": [
                        -0.04243682806024,
                        0.039089536210883465
                    ]
                },
                {
                    "type": "tuple",
                    "values": [
                        -0.09543486098283696,
                        0.06777455419001092
                    ]
                },
                {
                    "type": "tuple",
                    "values": [
                        -0.09037631397366,
                        0.09672760200361304
                    ]
                },
                {
                    "type": "tuple",
                    "values": [
                        -0.09894679029466,
                        0.09935536440853
                    ]
                },
                {
                    "type": "tuple",
                    "values": [
                        -0.09164652860857,
                        0.0780312696250355
                    ]
                }
            ]
        },
        "max_log_likelihood_sample": {
            "type": "instance",
            "class_path": "autofit.non_linear.samples.sample.Sample",
            "arguments": {
                "log_likelihood": -25.186563974232953,
                "log_prior": 0.0,
                "weight": 0.0009798759215646489,
                "kwargs": {
                    "type": "dict",
                    "arguments": {
                        "ellipses.0.ell_comps.ell_comps_0": -0.06003180559023,
                        "ellipses.0.ell_comps.ell_comps_1": 0.017601557222,
                        "multipoles.0.multipole_3.multipole_comps.multipole_comps_0": -0.00863968075335,
                        "multipoles.0.multipole_3.multipole_comps.multipole_comps_1": 0.05954869860374,
                        "multipoles.0.multipole_4.multipole_comps.multipole_comps_0": -0.01533859750081,
                        "multipoles.0.multipole_4.multipole_comps.multipole_comps_1": -0.03104662475169
                    }
                }
            }
        },
        "median_pdf_sample": {
            "type": "instance",
            "class_path": "autofit.non_linear.samples.sample.Sample",
            "arguments": {
                "log_likelihood": -25.186563974232953,
                "log_prior": 0.0,
                "weight": 0.0009798759215646489,
                "kwargs": {
                    "type": "dict",
                    "arguments": {
                        "ellipses.0.ell_comps.ell_comps_0": -0.060349323760684664,
                        "ellipses.0.ell_comps.ell_comps_1": 0.00375102222033,
                        "multipoles.0.multipole_3.multipole_comps.multipole_comps_0": -0.0015656234448980684,
                        "multipoles.0.multipole_3.multipole_comps.multipole_comps_1": 0.03874683738672494,
                        "multipoles.0.multipole_4.multipole_comps.multipole_comps_0": -0.02221984886640374,
                        "multipoles.0.multipole_4.multipole_comps.multipole_comps_1": -0.02344231118489
                    }
                }
            }
        },
        "errors_at_sigma_3": {
            "type": "list",
            "values": [
                {
                    "type": "tuple",
                    "values": [
                        0.029484961686828792,
                        0.05516322717163467
                    ]
                },
                {
                    "type": "tuple",
                    "values": [
                        0.04618785028057,
                        0.03533851399055347
                    ]
                },
                {
                    "type": "tuple",
                    "values": [
                        0.0938692375379389,
                        0.06934017763490899
                    ]
                },
                {
                    "type": "tuple",
                    "values": [
                        0.12912315136038494,
                        0.05798076461688809
                    ]
                },
                {
                    "type": "tuple",
                    "values": [
                        0.07672694142825626,
                        0.12157521327493374
                    ]
                },
                {
                    "type": "tuple",
                    "values": [
                        0.06820421742368,
                        0.1014735808099255
                    ]
                }
            ]
        },
        "log_evidence": -40.033076288491024,
        "model": null,
        "values_at_sigma_1": {
            "type": "list",
            "values": [
                {
                    "type": "tuple",
                    "values": [
                        -0.07180207808849,
                        -0.05276963382924456
                    ]
                },
                {
                    "type": "tuple",
                    "values": [
                        -0.00675467337216,
                        0.019523836341624072
                    ]
                },
                {
                    "type": "tuple",
                    "values": [
                        -0.02574433757081,
                        0.02114958702821402
                    ]
                },
                {
                    "type": "tuple",
                    "values": [
                        -0.04821701754042,
                        0.0640428399112534
                    ]
                },
                {
                    "type": "tuple",
                    "values": [
                        -0.053250508215175824,
                        -0.006123085493465254
                    ]
                },
                {
                    "type": "tuple",
                    "values": [
                        -0.0415407816989066,
                        0.00202701424957
                    ]
                }
            ]
        }
    }
}