{
    "type": "instance",
    "class_path": "autofit.non_linear.samples.summary.SamplesSummary",
    "arguments": {
        "max_log_likelihood_sample": {
            "type": "instance",
            "class_path": "autofit.non_linear.samples.sample.Sample",
            "arguments": {
                "log_likelihood": -78.44900295597199,
                "log_prior": 0.0,
                "weight": 0.0010188777337627839,
                "kwargs": {
                    "type": "dict",
                    "arguments": {
                        "ellipses.0.ell_comps.ell_comps_0": -0.46045680125065,
                        "ellipses.0.ell_comps.ell_comps_1": 0.0130181791109,
                        "multipoles.0.multipole_3.multipole_comps.multipole_comps_0": 0.02824854218515,
                        "multipoles.0.multipole_3.multipole_comps.multipole_comps_1": -0.07899945763273,
                        "multipoles.0.multipole_4.multipole_comps.multipole_comps_0": 0.01115085080813,
                        "multipoles.0.multipole_4.multipole_comps.multipole_comps_1": 0.04059494217512
                    }
                }
            }
        },
        "model": null,
        "values_at_sigma_3": {
            "type": "list",
            "values": [
                {
                    "type": "tuple",
                    "values": [
                        -0.47362589469397,
                        -0.43386656925064
                    ]
                },
                {
                    "type": "tuple",
                    "values": [
                        0.00116623605301,
                        0.022687371624661667
                    ]
                },
                {
                    "type": "tuple",
                    "values": [
                        -0.0538891486975742,
                        0.0636792652178969
                    ]
                },
                {
                    "type": "tuple",
                    "values": [
                        -0.0996783948938659,
                        0.00580219404551
                    ]
                },
                {
                    "type": "tuple",
                    "values": [
                        -0.016269152508994734,
                        0.060212850565292936
                    ]
                },
                {
                    "type": "tuple",
                    "values": [
                        -0.0012316627200762579,
                        0.08374023277837873
                    ]
                }
            ]
        },
        "median_pdf_sample": {
            "type": "instance",
            "class_path": "autofit.non_linear.samples.sample.Sample",
            "arguments": {
                "log_likelihood": -78.44900295597199,
                "log_prior": 0.0,
                "weight": 0.0010188777337627839,
                "kwargs": {
                    "type": "dict",
                    "arguments": {
                        "ellipses.0.ell_comps.ell_comps_0": -0.46109421767645,
                        "ellipses.0.ell_comps.ell_comps_1": 0.01170226921639,
                        "multipoles.0.multipole_3.multipole_comps.multipole_comps_0": 0.03238471557058509,
                        "multipoles.0.multipole_3.multipole_comps.multipole_comps_1": -0.0674057354544208,
                        "multipoles.0.multipole_4.multipole_comps.multipole_comps_0": 0.009628867115582298,
                        "multipoles.0.multipole_4.multipole_comps.multipole_comps_1": 0.03592010874655447
                    }
                }
            }
        },
        "errors_at_sigma_3": {
            "type": "list",
            "values": [
                {
                    "type": "tuple",
                    "values": [
                        0.012531677017520004,
                        0.02722764842580999
                    ]
                },
                {
                    "type": "tuple",
                    "values": [
                        0.010536033163379999,
                        0.010985102408271668
                    ]
                },
                {
                    "type": "tuple",
                    "values": [
                        0.08627386426815928,
                        0.031294549647311806
                    ]
                },
                {
                    "type": "tuple",
                    "values": [
                        0.0322726594394451,
                        0.0732079294999308
                    ]
                },
                {
                    "type": "tuple",
                    "values": [
                        0.02589801962457703,
                        0.050583983449710636
                    ]
                },
                {
                    "type": "tuple",
                    "values": [
                        0.03715177146663073,
                        0.047820124031824264
                    ]
                }
            ]
        },
        "log_evidence": -98.021699340851,
        "errors_at_sigma_1": {
            "type": "list",
            "values": [
                {
                    "type": "tuple",
                    "values": [
                        0.002773808605456618,
                        0.01983176294125999
                    ]
                },
                {
                    "type": "tuple",
                    "values": [
                        0.002921018500689999,
                        0.0029667974834000008
                    ]
                },
                {
                    "type": "tuple",
                    "values": [
                        0.04435125514085642,
                        0.012767829991219115
                    ]
                },
                {
                    "type": "tuple",
                    "values": [
                        0.014559737676283255,
                        0.036424198692180804
                    ]
                },
                {
                    "type": "tuple",
                    "values": [
                        0.008592305936332298,
                        0.010765221488277703
                    ]
                },
                {
                    "type": "tuple",
                    "values": [
                        0.01164445924863447,
                        0.010553923846975531
                    ]
                }
            ]
        },
        "values_at_sigma_1": {
            "type": "list",
            "values": [
                {
                    "type": "tuple",
                    "values": [
                        -0.4638680262819066,
                        -0.44126245473519
                    ]
                },
                {
                    "type": "tuple",
                    "values": [
                        0.0087812507157,
                        0.01466906669979
                    ]
                },
                {
                    "type": "tuple",
                    "values": [
                        -0.011966539570271337,
                        0.0451525455618042
                    ]
                },
                {
                    "type": "tuple",
                    "values": [
                        -0.08196547313070406,
                        -0.03098153676224
                    ]
                },
                {
                    "type": "tuple",
                    "values": [
                        0.00103656117925,
                        0.02039408860386
                    ]
                },
                {
                    "type": "tuple",
                    "values": [
                        0.02427564949792,
                        0.04647403259353
                    ]
                }
            ]
        }
    }
}