{
    "data_name": "J0936+0913",
    "redshift_lens": 0.19,
    "redshift_source": 0.588,
    "slope": 2.24,
    "slope_err": 0.12,
    "axis_ratio": 0.89,
    "position_angle": 160.1,
    "einstein_radius": 1.09,
    "log_Mein": 11.17,
    "Mein": 147910838816.82126,
    "marker": "s",
    "colour": "goldenrod",
    "shear": 0.02,
    "sigma": 243.0,
    "sigma_err": 12.0,
    "log[M*/M]_chab": 11.43,
    "log[M*/M]_salp": 11.68,
    "log[Meff/M]": 11.18,
    "f_dm_chab": 11.18,
    "M200": 14800000000000.0,
    "r_eff": 2.11,
    "gamma_shajib": NaN,
    "shajib_ue": NaN,
    "shajib_le": NaN,
    "shear_shajib": NaN,
    "shear_shajib_le": NaN,
    "shear_shajib_ue": NaN,
    "phi_shajib": NaN,
    "phi_shajib_le": NaN,
    "phi_shajib_ue": NaN,
    "gamma_Barnabe": NaN,
    "Barnabe_le": NaN,
    "Barnabe_ue": NaN,
    "RA": "\"093600.77\"",
    "DEC": "\"+091335.8\"",
    "subhalo_grid_dimensions_arcsec": 3.0,
    "mask_inner_radius": 0.2,
    "mask_outer_radius": 2.7,
    "scaled_annular": 1,
    "detect_delaunay": 0,
    "bpl_source_mask": 0,
    "mask_circular_radii": 3.5
}