{
    "type": "instance",
    "class_path": "autofit.non_linear.samples.summary.SamplesSummary",
    "arguments": {
        "max_log_likelihood_sample": {
            "type": "instance",
            "class_path": "autofit.non_linear.samples.sample.Sample",
            "arguments": {
                "log_likelihood": -47.11129635704452,
                "log_prior": 0.0,
                "weight": 0.001041991934265702,
                "kwargs": {
                    "type": "dict",
                    "arguments": {
                        "ellipses.0.ell_comps.ell_comps_0": 0.14387841307291,
                        "ellipses.0.ell_comps.ell_comps_1": -0.02825494290014,
                        "multipoles.0.multipole_3.multipole_comps.multipole_comps_0": 0.00860366447515,
                        "multipoles.0.multipole_3.multipole_comps.multipole_comps_1": -0.01078609517231,
                        "multipoles.0.multipole_4.multipole_comps.multipole_comps_0": 0.0458034896496,
                        "multipoles.0.multipole_4.multipole_comps.multipole_comps_1": -0.01139105299722
                    }
                }
            }
        },
        "median_pdf_sample": {
            "type": "instance",
            "class_path": "autofit.non_linear.samples.sample.Sample",
            "arguments": {
                "log_likelihood": -47.11129635704452,
                "log_prior": 0.0,
                "weight": 0.001041991934265702,
                "kwargs": {
                    "type": "dict",
                    "arguments": {
                        "ellipses.0.ell_comps.ell_comps_0": 0.14386915280668,
                        "ellipses.0.ell_comps.ell_comps_1": -0.028488697242583252,
                        "multipoles.0.multipole_3.multipole_comps.multipole_comps_0": 0.01075460901717,
                        "multipoles.0.multipole_3.multipole_comps.multipole_comps_1": -0.00876296254393,
                        "multipoles.0.multipole_4.multipole_comps.multipole_comps_0": 0.04168526444491087,
                        "multipoles.0.multipole_4.multipole_comps.multipole_comps_1": -0.0066504988391042205
                    }
                }
            }
        },
        "values_at_sigma_1": {
            "type": "list",
            "values": [
                {
                    "type": "tuple",
                    "values": [
                        0.1413271992748,
                        0.1458931276687169
                    ]
                },
                {
                    "type": "tuple",
                    "values": [
                        -0.03172446898443,
                        -0.02451470169342
                    ]
                },
                {
                    "type": "tuple",
                    "values": [
                        -0.0018632132497659235,
                        0.02115457988826633
                    ]
                },
                {
                    "type": "tuple",
                    "values": [
                        -0.02352540971089,
                        0.003353986703712067
                    ]
                },
                {
                    "type": "tuple",
                    "values": [
                        0.02536422737568,
                        0.052920332138965666
                    ]
                },
                {
                    "type": "tuple",
                    "values": [
                        -0.019381050821445884,
                        0.00831447622307
                    ]
                }
            ]
        },
        "log_evidence": -66.2682388306536,
        "errors_at_sigma_3": {
            "type": "list",
            "values": [
                {
                    "type": "tuple",
                    "values": [
                        0.011882710847177874,
                        0.008696064449340013
                    ]
                },
                {
                    "type": "tuple",
                    "values": [
                        0.010884844551021629,
                        0.012926106571473252
                    ]
                },
                {
                    "type": "tuple",
                    "values": [
                        0.0464456545689882,
                        0.02597974400109735
                    ]
                },
                {
                    "type": "tuple",
                    "values": [
                        0.041171645197,
                        0.05580048503829
                    ]
                },
                {
                    "type": "tuple",
                    "values": [
                        0.05959044076340918,
                        0.02961594674833884
                    ]
                },
                {
                    "type": "tuple",
                    "values": [
                        0.05543054473968653,
                        0.05349049384408422
                    ]
                }
            ]
        },
        "model": null,
        "values_at_sigma_3": {
            "type": "list",
            "values": [
                {
                    "type": "tuple",
                    "values": [
                        0.13198644195950213,
                        0.15256521725602
                    ]
                },
                {
                    "type": "tuple",
                    "values": [
                        -0.03937354179360488,
                        -0.01556259067111
                    ]
                },
                {
                    "type": "tuple",
                    "values": [
                        -0.0356910455518182,
                        0.03673435301826735
                    ]
                },
                {
                    "type": "tuple",
                    "values": [
                        -0.04993460774093,
                        0.04703752249436
                    ]
                },
                {
                    "type": "tuple",
                    "values": [
                        -0.017905176318498306,
                        0.07130121119324971
                    ]
                },
                {
                    "type": "tuple",
                    "values": [
                        -0.062081043578790754,
                        0.04683999500498
                    ]
                }
            ]
        },
        "errors_at_sigma_1": {
            "type": "list",
            "values": [
                {
                    "type": "tuple",
                    "values": [
                        0.002541953531879998,
                        0.002023974862036898
                    ]
                },
                {
                    "type": "tuple",
                    "values": [
                        0.003235771741846749,
                        0.003973995549163254
                    ]
                },
                {
                    "type": "tuple",
                    "values": [
                        0.012617822266935924,
                        0.010399970871096328
                    ]
                },
                {
                    "type": "tuple",
                    "values": [
                        0.014762447166960001,
                        0.012116949247642067
                    ]
                },
                {
                    "type": "tuple",
                    "values": [
                        0.01632103706923087,
                        0.011235067694054794
                    ]
                },
                {
                    "type": "tuple",
                    "values": [
                        0.012730551982341663,
                        0.014964975062174219
                    ]
                }
            ]
        }
    }
}