{
    "type": "instance",
    "class_path": "autofit.non_linear.samples.summary.SamplesSummary",
    "arguments": {
        "values_at_sigma_1": {
            "type": "list",
            "values": [
                {
                    "type": "tuple",
                    "values": [
                        -0.02366680579223,
                        -0.014473391280059558
                    ]
                },
                {
                    "type": "tuple",
                    "values": [
                        -0.03926851002052,
                        -0.03077078960688
                    ]
                },
                {
                    "type": "tuple",
                    "values": [
                        0.00010447087729362247,
                        0.00903739852771
                    ]
                },
                {
                    "type": "tuple",
                    "values": [
                        -0.003908308495322457,
                        0.004448991984400168
                    ]
                },
                {
                    "type": "tuple",
                    "values": [
                        -0.01742395682769,
                        -0.00678526914858
                    ]
                },
                {
                    "type": "tuple",
                    "values": [
                        0.0008610527564216043,
                        0.01166547982853
                    ]
                }
            ]
        },
        "log_evidence": -40.27546410229555,
        "values_at_sigma_3": {
            "type": "list",
            "values": [
                {
                    "type": "tuple",
                    "values": [
                        -0.03350637478213,
                        -0.00607528409911
                    ]
                },
                {
                    "type": "tuple",
                    "values": [
                        -0.048727779794679835,
                        -0.0200557678988
                    ]
                },
                {
                    "type": "tuple",
                    "values": [
                        -0.007050894921694099,
                        0.01607220416867752
                    ]
                },
                {
                    "type": "tuple",
                    "values": [
                        -0.013868774199776031,
                        0.012333303815381358
                    ]
                },
                {
                    "type": "tuple",
                    "values": [
                        -0.02666944515748884,
                        0.005196624921720714
                    ]
                },
                {
                    "type": "tuple",
                    "values": [
                        -0.01115930144456101,
                        0.02308881925104
                    ]
                }
            ]
        },
        "model": null,
        "max_log_likelihood_sample": {
            "type": "instance",
            "class_path": "autofit.non_linear.samples.sample.Sample",
            "arguments": {
                "log_likelihood": -19.534764013974755,
                "log_prior": 0.0,
                "weight": 0.0009705544313790606,
                "kwargs": {
                    "type": "dict",
                    "arguments": {
                        "ellipses.0.ell_comps.ell_comps_0": -0.0175243206047,
                        "ellipses.0.ell_comps.ell_comps_1": -0.0350384320319,
                        "multipoles.0.multipole_3.multipole_comps.multipole_comps_0": 0.0072586858731,
                        "multipoles.0.multipole_3.multipole_comps.multipole_comps_1": 0.00105140519484,
                        "multipoles.0.multipole_4.multipole_comps.multipole_comps_0": -0.01293469926738,
                        "multipoles.0.multipole_4.multipole_comps.multipole_comps_1": 0.00376996250904
                    }
                }
            }
        },
        "errors_at_sigma_1": {
            "type": "list",
            "values": [
                {
                    "type": "tuple",
                    "values": [
                        0.00465609406241322,
                        0.004537320449757222
                    ]
                },
                {
                    "type": "tuple",
                    "values": [
                        0.0042540889658205724,
                        0.0042436314478194286
                    ]
                },
                {
                    "type": "tuple",
                    "values": [
                        0.004862607763106378,
                        0.004070319887309999
                    ]
                },
                {
                    "type": "tuple",
                    "values": [
                        0.003992423976452456,
                        0.004364876503270169
                    ]
                },
                {
                    "type": "tuple",
                    "values": [
                        0.005846735443731243,
                        0.004791952235378758
                    ]
                },
                {
                    "type": "tuple",
                    "values": [
                        0.005129224151186536,
                        0.005675202920921859
                    ]
                }
            ]
        },
        "median_pdf_sample": {
            "type": "instance",
            "class_path": "autofit.non_linear.samples.sample.Sample",
            "arguments": {
                "log_likelihood": -19.534764013974755,
                "log_prior": 0.0,
                "weight": 0.0009705544313790606,
                "kwargs": {
                    "type": "dict",
                    "arguments": {
                        "ellipses.0.ell_comps.ell_comps_0": -0.01901071172981678,
                        "ellipses.0.ell_comps.ell_comps_1": -0.03501442105469943,
                        "multipoles.0.multipole_3.multipole_comps.multipole_comps_0": 0.0049670786404,
                        "multipoles.0.multipole_3.multipole_comps.multipole_comps_1": 8.411548113e-05,
                        "multipoles.0.multipole_4.multipole_comps.multipole_comps_0": -0.011577221383958758,
                        "multipoles.0.multipole_4.multipole_comps.multipole_comps_1": 0.005990276907608141
                    }
                }
            }
        },
        "errors_at_sigma_3": {
            "type": "list",
            "values": [
                {
                    "type": "tuple",
                    "values": [
                        0.014495663052313219,
                        0.01293542763070678
                    ]
                },
                {
                    "type": "tuple",
                    "values": [
                        0.013713358739980405,
                        0.014958653155899431
                    ]
                },
                {
                    "type": "tuple",
                    "values": [
                        0.012017973562094098,
                        0.01110512552827752
                    ]
                },
                {
                    "type": "tuple",
                    "values": [
                        0.01395288968090603,
                        0.012249188334251359
                    ]
                },
                {
                    "type": "tuple",
                    "values": [
                        0.015092223773530084,
                        0.01677384630567947
                    ]
                },
                {
                    "type": "tuple",
                    "values": [
                        0.01714957835216915,
                        0.01709854234343186
                    ]
                }
            ]
        }
    }
}