{
    "type": "instance",
    "class_path": "autofit.non_linear.samples.summary.SamplesSummary",
    "arguments": {
        "errors_at_sigma_3": {
            "type": "list",
            "values": [
                {
                    "type": "tuple",
                    "values": [
                        0.016103226184442127,
                        0.01633927556289
                    ]
                },
                {
                    "type": "tuple",
                    "values": [
                        0.01981380804253924,
                        0.018199756085042162
                    ]
                },
                {
                    "type": "tuple",
                    "values": [
                        0.017360485167040002,
                        0.018614106608107694
                    ]
                },
                {
                    "type": "tuple",
                    "values": [
                        0.01817839399672554,
                        0.015327296668879876
                    ]
                },
                {
                    "type": "tuple",
                    "values": [
                        0.01903082000044956,
                        0.016815179263621624
                    ]
                },
                {
                    "type": "tuple",
                    "values": [
                        0.016413980505014986,
                        0.01954088278147559
                    ]
                },
                {
                    "type": "tuple",
                    "values": [
                        0.019831785053775763,
                        0.02495993392266424
                    ]
                },
                {
                    "type": "tuple",
                    "values": [
                        0.02124274194727186,
                        0.02047532124395137
                    ]
                }
            ]
        },
        "model": null,
        "max_log_likelihood_sample": {
            "type": "instance",
            "class_path": "autofit.non_linear.samples.sample.Sample",
            "arguments": {
                "log_likelihood": -17.467485616883103,
                "log_prior": 0.0,
                "weight": 0.0010199651099345908,
                "kwargs": {
                    "type": "dict",
                    "arguments": {
                        "ellipses.0.ell_comps.ell_comps_0": -0.22922119583978,
                        "ellipses.0.ell_comps.ell_comps_1": 0.02845323557446,
                        "multipoles.0.multipole_1.multipole_comps.multipole_comps_0": -0.00785787685707,
                        "multipoles.0.multipole_1.multipole_comps.multipole_comps_1": -0.00100283669677,
                        "multipoles.0.multipole_3.multipole_comps.multipole_comps_0": 0.00463911679247,
                        "multipoles.0.multipole_3.multipole_comps.multipole_comps_1": 0.00163474854302,
                        "multipoles.0.multipole_4.multipole_comps.multipole_comps_0": 0.01589300540885,
                        "multipoles.0.multipole_4.multipole_comps.multipole_comps_1": -0.0039995686488
                    }
                }
            }
        },
        "log_evidence": -42.65510273606499,
        "median_pdf_sample": {
            "type": "instance",
            "class_path": "autofit.non_linear.samples.sample.Sample",
            "arguments": {
                "log_likelihood": -17.467485616883103,
                "log_prior": 0.0,
                "weight": 0.0010199651099345908,
                "kwargs": {
                    "type": "dict",
                    "arguments": {
                        "ellipses.0.ell_comps.ell_comps_0": -0.23022613098982,
                        "ellipses.0.ell_comps.ell_comps_1": 0.026227332305527314,
                        "multipoles.0.multipole_1.multipole_comps.multipole_comps_0": -0.00398786591158,
                        "multipoles.0.multipole_1.multipole_comps.multipole_comps_1": -0.0029636895772549065,
                        "multipoles.0.multipole_3.multipole_comps.multipole_comps_0": 0.00233084478572,
                        "multipoles.0.multipole_3.multipole_comps.multipole_comps_1": -0.00271533294487,
                        "multipoles.0.multipole_4.multipole_comps.multipole_comps_0": 0.015541542090895763,
                        "multipoles.0.multipole_4.multipole_comps.multipole_comps_1": -0.00363136717832
                    }
                }
            }
        },
        "values_at_sigma_1": {
            "type": "list",
            "values": [
                {
                    "type": "tuple",
                    "values": [
                        -0.2345442505332027,
                        -0.2257127981302234
                    ]
                },
                {
                    "type": "tuple",
                    "values": [
                        0.018418773057273467,
                        0.03249542286051089
                    ]
                },
                {
                    "type": "tuple",
                    "values": [
                        -0.00998626011514345,
                        0.0026967177111458436
                    ]
                },
                {
                    "type": "tuple",
                    "values": [
                        -0.00926702119901,
                        0.00228511035347
                    ]
                },
                {
                    "type": "tuple",
                    "values": [
                        -0.0043895425006843704,
                        0.00795724139679
                    ]
                },
                {
                    "type": "tuple",
                    "values": [
                        -0.008652462310474968,
                        0.003232372109889419
                    ]
                },
                {
                    "type": "tuple",
                    "values": [
                        0.008071502875298293,
                        0.0230129149395063
                    ]
                },
                {
                    "type": "tuple",
                    "values": [
                        -0.01068537645704,
                        0.0036178326673066688
                    ]
                }
            ]
        },
        "values_at_sigma_3": {
            "type": "list",
            "values": [
                {
                    "type": "tuple",
                    "values": [
                        -0.24632935717426213,
                        -0.21388685542693
                    ]
                },
                {
                    "type": "tuple",
                    "values": [
                        0.0064135242629880735,
                        0.044427088390569476
                    ]
                },
                {
                    "type": "tuple",
                    "values": [
                        -0.02134835107862,
                        0.014626240696527694
                    ]
                },
                {
                    "type": "tuple",
                    "values": [
                        -0.021142083573980446,
                        0.012363607091624968
                    ]
                },
                {
                    "type": "tuple",
                    "values": [
                        -0.016699975214729563,
                        0.019146024049341622
                    ]
                },
                {
                    "type": "tuple",
                    "values": [
                        -0.019129313449884985,
                        0.016825549836605593
                    ]
                },
                {
                    "type": "tuple",
                    "values": [
                        -0.00429024296288,
                        0.04050147601356
                    ]
                },
                {
                    "type": "tuple",
                    "values": [
                        -0.02487410912559186,
                        0.01684395406563137
                    ]
                }
            ]
        },
        "errors_at_sigma_1": {
            "type": "list",
            "values": [
                {
                    "type": "tuple",
                    "values": [
                        0.004318119543382681,
                        0.004513332859596597
                    ]
                },
                {
                    "type": "tuple",
                    "values": [
                        0.007808559248253848,
                        0.0062680905549835735
                    ]
                },
                {
                    "type": "tuple",
                    "values": [
                        0.005998394203563451,
                        0.006684583622725844
                    ]
                },
                {
                    "type": "tuple",
                    "values": [
                        0.006303331621755093,
                        0.005248799930724907
                    ]
                },
                {
                    "type": "tuple",
                    "values": [
                        0.00672038728640437,
                        0.005626396611070001
                    ]
                },
                {
                    "type": "tuple",
                    "values": [
                        0.005937129365604968,
                        0.0059477050547594185
                    ]
                },
                {
                    "type": "tuple",
                    "values": [
                        0.00747003921559747,
                        0.007471372848610538
                    ]
                },
                {
                    "type": "tuple",
                    "values": [
                        0.007054009278719999,
                        0.007249199845626669
                    ]
                }
            ]
        }
    }
}