{
    "type": "instance",
    "class_path": "autofit.non_linear.samples.summary.SamplesSummary",
    "arguments": {
        "median_pdf_sample": {
            "type": "instance",
            "class_path": "autofit.non_linear.samples.sample.Sample",
            "arguments": {
                "log_likelihood": -21.801487531924938,
                "log_prior": 0.0,
                "weight": 0.0010294159751952868,
                "kwargs": {
                    "type": "dict",
                    "arguments": {
                        "ellipses.0.ell_comps.ell_comps_0": -0.0547454303373,
                        "ellipses.0.ell_comps.ell_comps_1": -0.07955248434790387,
                        "multipoles.0.multipole_3.multipole_comps.multipole_comps_0": 0.00433259520729,
                        "multipoles.0.multipole_3.multipole_comps.multipole_comps_1": 0.00502152098626,
                        "multipoles.0.multipole_4.multipole_comps.multipole_comps_0": 0.02051815543980083,
                        "multipoles.0.multipole_4.multipole_comps.multipole_comps_1": 0.01149008485627382
                    }
                }
            }
        },
        "errors_at_sigma_3": {
            "type": "list",
            "values": [
                {
                    "type": "tuple",
                    "values": [
                        0.019350661128017678,
                        0.016692890041281126
                    ]
                },
                {
                    "type": "tuple",
                    "values": [
                        0.015147208848606139,
                        0.021245403878113862
                    ]
                },
                {
                    "type": "tuple",
                    "values": [
                        0.04500062540092195,
                        0.030059150029107987
                    ]
                },
                {
                    "type": "tuple",
                    "values": [
                        0.026224441051359997,
                        0.026912335738400003
                    ]
                },
                {
                    "type": "tuple",
                    "values": [
                        0.04278386841253555,
                        0.03576483991970955
                    ]
                },
                {
                    "type": "tuple",
                    "values": [
                        0.04351847808490382,
                        0.03654198957615879
                    ]
                }
            ]
        },
        "log_evidence": -38.72384810659675,
        "values_at_sigma_3": {
            "type": "list",
            "values": [
                {
                    "type": "tuple",
                    "values": [
                        -0.07409609146531768,
                        -0.03805254029601887
                    ]
                },
                {
                    "type": "tuple",
                    "values": [
                        -0.09469969319651,
                        -0.05830708046979
                    ]
                },
                {
                    "type": "tuple",
                    "values": [
                        -0.04066803019363195,
                        0.034391745236397986
                    ]
                },
                {
                    "type": "tuple",
                    "values": [
                        -0.0212029200651,
                        0.03193385672466
                    ]
                },
                {
                    "type": "tuple",
                    "values": [
                        -0.022265712972734723,
                        0.05628299535951038
                    ]
                },
                {
                    "type": "tuple",
                    "values": [
                        -0.03202839322863,
                        0.04803207443243261
                    ]
                }
            ]
        },
        "max_log_likelihood_sample": {
            "type": "instance",
            "class_path": "autofit.non_linear.samples.sample.Sample",
            "arguments": {
                "log_likelihood": -21.801487531924938,
                "log_prior": 0.0,
                "weight": 0.0010294159751952868,
                "kwargs": {
                    "type": "dict",
                    "arguments": {
                        "ellipses.0.ell_comps.ell_comps_0": -0.0536905437719,
                        "ellipses.0.ell_comps.ell_comps_1": -0.07350554842173,
                        "multipoles.0.multipole_3.multipole_comps.multipole_comps_0": 0.01308559723597,
                        "multipoles.0.multipole_3.multipole_comps.multipole_comps_1": 0.00782568975271,
                        "multipoles.0.multipole_4.multipole_comps.multipole_comps_0": 0.02914884174898,
                        "multipoles.0.multipole_4.multipole_comps.multipole_comps_1": 0.008909674528
                    }
                }
            }
        },
        "values_at_sigma_1": {
            "type": "list",
            "values": [
                {
                    "type": "tuple",
                    "values": [
                        -0.061363430402061984,
                        -0.048511959541284976
                    ]
                },
                {
                    "type": "tuple",
                    "values": [
                        -0.08584246421272,
                        -0.07365929087243
                    ]
                },
                {
                    "type": "tuple",
                    "values": [
                        -0.008289500415304343,
                        0.01642915547226768
                    ]
                },
                {
                    "type": "tuple",
                    "values": [
                        -0.0033384421694678205,
                        0.012922510141872935
                    ]
                },
                {
                    "type": "tuple",
                    "values": [
                        0.00177211662978,
                        0.0343468138475
                    ]
                },
                {
                    "type": "tuple",
                    "values": [
                        -0.002217854253535538,
                        0.02405157099324
                    ]
                }
            ]
        },
        "errors_at_sigma_1": {
            "type": "list",
            "values": [
                {
                    "type": "tuple",
                    "values": [
                        0.006618000064761986,
                        0.006233470796015023
                    ]
                },
                {
                    "type": "tuple",
                    "values": [
                        0.0062899798648161365,
                        0.00589319347547386
                    ]
                },
                {
                    "type": "tuple",
                    "values": [
                        0.012622095622594344,
                        0.012096560264977681
                    ]
                },
                {
                    "type": "tuple",
                    "values": [
                        0.008359963155727821,
                        0.007900989155612936
                    ]
                },
                {
                    "type": "tuple",
                    "values": [
                        0.01874603881002083,
                        0.013828658407699167
                    ]
                },
                {
                    "type": "tuple",
                    "values": [
                        0.013707939109809358,
                        0.012561486136966178
                    ]
                }
            ]
        },
        "model": null
    }
}