{
    "type": "instance",
    "class_path": "autofit.non_linear.samples.summary.SamplesSummary",
    "arguments": {
        "log_evidence": -38.217332158863705,
        "model": null,
        "errors_at_sigma_3": {
            "type": "list",
            "values": [
                {
                    "type": "tuple",
                    "values": [
                        0.006990041300357824,
                        0.009135524095720007
                    ]
                },
                {
                    "type": "tuple",
                    "values": [
                        0.00947161279985445,
                        0.01058563973197555
                    ]
                }
            ]
        },
        "max_log_likelihood_sample": {
            "type": "instance",
            "class_path": "autofit.non_linear.samples.sample.Sample",
            "arguments": {
                "log_likelihood": -28.43654412879502,
                "log_prior": 0.0,
                "weight": 0.0009780135599035727,
                "kwargs": {
                    "type": "dict",
                    "arguments": {
                        "ellipses.0.ell_comps.ell_comps_0": -0.1070818857506,
                        "ellipses.0.ell_comps.ell_comps_1": 0.04120599066173
                    }
                }
            }
        },
        "values_at_sigma_3": {
            "type": "list",
            "values": [
                {
                    "type": "tuple",
                    "values": [
                        -0.11454258743859783,
                        -0.09841702204252
                    ]
                },
                {
                    "type": "tuple",
                    "values": [
                        0.03161834790728,
                        0.05167560043911
                    ]
                }
            ]
        },
        "median_pdf_sample": {
            "type": "instance",
            "class_path": "autofit.non_linear.samples.sample.Sample",
            "arguments": {
                "log_likelihood": -28.43654412879502,
                "log_prior": 0.0,
                "weight": 0.0009780135599035727,
                "kwargs": {
                    "type": "dict",
                    "arguments": {
                        "ellipses.0.ell_comps.ell_comps_0": -0.10755254613824,
                        "ellipses.0.ell_comps.ell_comps_1": 0.04108996070713445
                    }
                }
            }
        },
        "errors_at_sigma_1": {
            "type": "list",
            "values": [
                {
                    "type": "tuple",
                    "values": [
                        0.0020807790969799983,
                        0.0027350706931217605
                    ]
                },
                {
                    "type": "tuple",
                    "values": [
                        0.0026970938219244497,
                        0.0030039936676339654
                    ]
                }
            ]
        },
        "values_at_sigma_1": {
            "type": "list",
            "values": [
                {
                    "type": "tuple",
                    "values": [
                        -0.10963332523522,
                        -0.10481747544511824
                    ]
                },
                {
                    "type": "tuple",
                    "values": [
                        0.03839286688521,
                        0.044093954374768415
                    ]
                }
            ]
        }
    }
}