{
    "type": "instance",
    "class_path": "autofit.non_linear.samples.summary.SamplesSummary",
    "arguments": {
        "values_at_sigma_1": {
            "type": "list",
            "values": [
                {
                    "type": "tuple",
                    "values": [
                        -0.027606928872150154,
                        -0.004841587184069688
                    ]
                },
                {
                    "type": "tuple",
                    "values": [
                        0.06412722612742028,
                        0.07294541465418145
                    ]
                },
                {
                    "type": "tuple",
                    "values": [
                        -0.14975374368452,
                        0.03728904374009041
                    ]
                },
                {
                    "type": "tuple",
                    "values": [
                        -0.07555927374074,
                        0.01234112291979
                    ]
                },
                {
                    "type": "tuple",
                    "values": [
                        -0.09032815569122998,
                        0.06122033820579421
                    ]
                },
                {
                    "type": "tuple",
                    "values": [
                        -0.03967450096610295,
                        0.07280405387785
                    ]
                },
                {
                    "type": "tuple",
                    "values": [
                        -0.03214528202114314,
                        0.06383760705814
                    ]
                },
                {
                    "type": "tuple",
                    "values": [
                        -0.00751160510743,
                        0.034419238975941804
                    ]
                }
            ]
        },
        "median_pdf_sample": {
            "type": "instance",
            "class_path": "autofit.non_linear.samples.sample.Sample",
            "arguments": {
                "log_likelihood": -59.6448238872394,
                "log_prior": 0.0,
                "weight": 0.001027238507338882,
                "kwargs": {
                    "type": "dict",
                    "arguments": {
                        "ellipses.0.ell_comps.ell_comps_0": -0.011094125213058411,
                        "ellipses.0.ell_comps.ell_comps_1": 0.06780951330334928,
                        "multipoles.0.multipole_1.multipole_comps.multipole_comps_0": 0.00564974447345,
                        "multipoles.0.multipole_1.multipole_comps.multipole_comps_1": -0.01962962859978,
                        "multipoles.0.multipole_3.multipole_comps.multipole_comps_0": 0.02506248286618,
                        "multipoles.0.multipole_3.multipole_comps.multipole_comps_1": -0.0039052703362714904,
                        "multipoles.0.multipole_4.multipole_comps.multipole_comps_0": 0.02458746986854,
                        "multipoles.0.multipole_4.multipole_comps.multipole_comps_1": 0.015476810560993528
                    }
                }
            }
        },
        "max_log_likelihood_sample": {
            "type": "instance",
            "class_path": "autofit.non_linear.samples.sample.Sample",
            "arguments": {
                "log_likelihood": -59.6448238872394,
                "log_prior": 0.0,
                "weight": 0.001027238507338882,
                "kwargs": {
                    "type": "dict",
                    "arguments": {
                        "ellipses.0.ell_comps.ell_comps_0": -0.00737144412261,
                        "ellipses.0.ell_comps.ell_comps_1": 0.06801160650384,
                        "multipoles.0.multipole_1.multipole_comps.multipole_comps_0": -0.0103077346685,
                        "multipoles.0.multipole_1.multipole_comps.multipole_comps_1": -0.08883931082805,
                        "multipoles.0.multipole_3.multipole_comps.multipole_comps_0": 0.06142660154056,
                        "multipoles.0.multipole_3.multipole_comps.multipole_comps_1": -0.03539194087982,
                        "multipoles.0.multipole_4.multipole_comps.multipole_comps_0": -0.0110328505179,
                        "multipoles.0.multipole_4.multipole_comps.multipole_comps_1": 0.0185302448917
                    }
                }
            }
        },
        "model": null,
        "log_evidence": -80.46448201110054,
        "errors_at_sigma_3": {
            "type": "list",
            "values": [
                {
                    "type": "tuple",
                    "values": [
                        0.02016543013780159,
                        0.017948117830579133
                    ]
                },
                {
                    "type": "tuple",
                    "values": [
                        0.019154605613829277,
                        0.028414550841080716
                    ]
                },
                {
                    "type": "tuple",
                    "values": [
                        0.18426667150774456,
                        0.08482760903864504
                    ]
                },
                {
                    "type": "tuple",
                    "values": [
                        0.11820950737591514,
                        0.08884067432761
                    ]
                },
                {
                    "type": "tuple",
                    "values": [
                        0.12482358333865906,
                        0.07395328208108
                    ]
                },
                {
                    "type": "tuple",
                    "values": [
                        0.09544034000109851,
                        0.10249387637031149
                    ]
                },
                {
                    "type": "tuple",
                    "values": [
                        0.11546612018573266,
                        0.07195303073674232
                    ]
                },
                {
                    "type": "tuple",
                    "values": [
                        0.10106513105190353,
                        0.07896799769397647
                    ]
                }
            ]
        },
        "values_at_sigma_3": {
            "type": "list",
            "values": [
                {
                    "type": "tuple",
                    "values": [
                        -0.03125955535086,
                        0.0068539926175207235
                    ]
                },
                {
                    "type": "tuple",
                    "values": [
                        0.04865490768952,
                        0.09622406414443
                    ]
                },
                {
                    "type": "tuple",
                    "values": [
                        -0.17861692703429455,
                        0.09047735351209504
                    ]
                },
                {
                    "type": "tuple",
                    "values": [
                        -0.13783913597569514,
                        0.06921104572783
                    ]
                },
                {
                    "type": "tuple",
                    "values": [
                        -0.09976110047247906,
                        0.09901576494726
                    ]
                },
                {
                    "type": "tuple",
                    "values": [
                        -0.09934561033737,
                        0.09858860603404
                    ]
                },
                {
                    "type": "tuple",
                    "values": [
                        -0.09087865031719265,
                        0.09654050060528233
                    ]
                },
                {
                    "type": "tuple",
                    "values": [
                        -0.08558832049091,
                        0.09444480825497
                    ]
                }
            ]
        },
        "errors_at_sigma_1": {
            "type": "list",
            "values": [
                {
                    "type": "tuple",
                    "values": [
                        0.016512803659091742,
                        0.006252538028988723
                    ]
                },
                {
                    "type": "tuple",
                    "values": [
                        0.003682287175929,
                        0.005135901350832167
                    ]
                },
                {
                    "type": "tuple",
                    "values": [
                        0.15540348815797,
                        0.031639299266640414
                    ]
                },
                {
                    "type": "tuple",
                    "values": [
                        0.055929645140959994,
                        0.031970751519570004
                    ]
                },
                {
                    "type": "tuple",
                    "values": [
                        0.11539063855740998,
                        0.03615785533961421
                    ]
                },
                {
                    "type": "tuple",
                    "values": [
                        0.03576923062983146,
                        0.07670932421412148
                    ]
                },
                {
                    "type": "tuple",
                    "values": [
                        0.056732751889683145,
                        0.03925013718959999
                    ]
                },
                {
                    "type": "tuple",
                    "values": [
                        0.02298841566842353,
                        0.018942428414948274
                    ]
                }
            ]
        }
    }
}