{
    "type": "instance",
    "class_path": "autofit.non_linear.samples.summary.SamplesSummary",
    "arguments": {
        "median_pdf_sample": {
            "type": "instance",
            "class_path": "autofit.non_linear.samples.sample.Sample",
            "arguments": {
                "log_likelihood": -3.6850911465298744,
                "log_prior": 0.0,
                "weight": 0.0010173888464040477,
                "kwargs": {
                    "type": "dict",
                    "arguments": {
                        "ellipses.0.ell_comps.ell_comps_0": -0.0077183277881993145,
                        "ellipses.0.ell_comps.ell_comps_1": 0.06494564630818,
                        "multipoles.0.multipole_3.multipole_comps.multipole_comps_0": -0.0013404799405706785,
                        "multipoles.0.multipole_3.multipole_comps.multipole_comps_1": 0.0025384781801579557,
                        "multipoles.0.multipole_4.multipole_comps.multipole_comps_0": -0.00076719271419,
                        "multipoles.0.multipole_4.multipole_comps.multipole_comps_1": -0.0029192668802139198
                    }
                }
            }
        },
        "log_evidence": -20.461511481151092,
        "max_log_likelihood_sample": {
            "type": "instance",
            "class_path": "autofit.non_linear.samples.sample.Sample",
            "arguments": {
                "log_likelihood": -3.6850911465298744,
                "log_prior": 0.0,
                "weight": 0.0010173888464040477,
                "kwargs": {
                    "type": "dict",
                    "arguments": {
                        "ellipses.0.ell_comps.ell_comps_0": -0.02037811508695,
                        "ellipses.0.ell_comps.ell_comps_1": 0.06580727593573,
                        "multipoles.0.multipole_3.multipole_comps.multipole_comps_0": -0.00142652180007,
                        "multipoles.0.multipole_3.multipole_comps.multipole_comps_1": 0.00466629020504,
                        "multipoles.0.multipole_4.multipole_comps.multipole_comps_0": 0.00205493758732,
                        "multipoles.0.multipole_4.multipole_comps.multipole_comps_1": 0.00292557845385
                    }
                }
            }
        },
        "errors_at_sigma_3": {
            "type": "list",
            "values": [
                {
                    "type": "tuple",
                    "values": [
                        0.06905842255271069,
                        0.0677378613691183
                    ]
                },
                {
                    "type": "tuple",
                    "values": [
                        0.06431225116515703,
                        0.06885759532631716
                    ]
                },
                {
                    "type": "tuple",
                    "values": [
                        0.01355513343951932,
                        0.015250571153878227
                    ]
                },
                {
                    "type": "tuple",
                    "values": [
                        0.01777249630780703,
                        0.012819495807887538
                    ]
                },
                {
                    "type": "tuple",
                    "values": [
                        0.01920618672931,
                        0.02109060605125
                    ]
                },
                {
                    "type": "tuple",
                    "values": [
                        0.02141944323385608,
                        0.019855842143837364
                    ]
                }
            ]
        },
        "errors_at_sigma_1": {
            "type": "list",
            "values": [
                {
                    "type": "tuple",
                    "values": [
                        0.029389424453135943,
                        0.026905402924509315
                    ]
                },
                {
                    "type": "tuple",
                    "values": [
                        0.02437563138762293,
                        0.02215517442961
                    ]
                },
                {
                    "type": "tuple",
                    "values": [
                        0.005054631525189321,
                        0.004909690082500054
                    ]
                },
                {
                    "type": "tuple",
                    "values": [
                        0.006004208184667079,
                        0.004376092809200917
                    ]
                },
                {
                    "type": "tuple",
                    "values": [
                        0.00840757098696572,
                        0.00800085663193
                    ]
                },
                {
                    "type": "tuple",
                    "values": [
                        0.008100413846294913,
                        0.007019153697603919
                    ]
                }
            ]
        },
        "model": null,
        "values_at_sigma_3": {
            "type": "list",
            "values": [
                {
                    "type": "tuple",
                    "values": [
                        -0.07677675034091,
                        0.060019533580918986
                    ]
                },
                {
                    "type": "tuple",
                    "values": [
                        0.0006333951430229711,
                        0.13380324163449717
                    ]
                },
                {
                    "type": "tuple",
                    "values": [
                        -0.01489561338009,
                        0.013910091213307548
                    ]
                },
                {
                    "type": "tuple",
                    "values": [
                        -0.015234018127649072,
                        0.015357973988045495
                    ]
                },
                {
                    "type": "tuple",
                    "values": [
                        -0.0199733794435,
                        0.02032341333706
                    ]
                },
                {
                    "type": "tuple",
                    "values": [
                        -0.02433871011407,
                        0.016936575263623445
                    ]
                }
            ]
        },
        "values_at_sigma_1": {
            "type": "list",
            "values": [
                {
                    "type": "tuple",
                    "values": [
                        -0.03710775224133526,
                        0.01918707513631
                    ]
                },
                {
                    "type": "tuple",
                    "values": [
                        0.040570014920557076,
                        0.08710082073779
                    ]
                },
                {
                    "type": "tuple",
                    "values": [
                        -0.00639511146576,
                        0.0035692101419293755
                    ]
                },
                {
                    "type": "tuple",
                    "values": [
                        -0.003465730004509123,
                        0.006914570989358873
                    ]
                },
                {
                    "type": "tuple",
                    "values": [
                        -0.009174763701155721,
                        0.00723366391774
                    ]
                },
                {
                    "type": "tuple",
                    "values": [
                        -0.011019680726508833,
                        0.00409988681739
                    ]
                }
            ]
        }
    }
}