{
    "type": "instance",
    "class_path": "autofit.non_linear.samples.summary.SamplesSummary",
    "arguments": {
        "max_log_likelihood_sample": {
            "type": "instance",
            "class_path": "autofit.non_linear.samples.sample.Sample",
            "arguments": {
                "log_likelihood": -31.242866395169436,
                "log_prior": 0.0,
                "weight": 0.0009672690088954477,
                "kwargs": {
                    "type": "dict",
                    "arguments": {
                        "ellipses.0.ell_comps.ell_comps_0": 0.07956690358121,
                        "ellipses.0.ell_comps.ell_comps_1": 0.03812712114365,
                        "multipoles.0.multipole_3.multipole_comps.multipole_comps_0": 0.04570066381813,
                        "multipoles.0.multipole_3.multipole_comps.multipole_comps_1": 0.01273956805827,
                        "multipoles.0.multipole_4.multipole_comps.multipole_comps_0": -0.02545336817592,
                        "multipoles.0.multipole_4.multipole_comps.multipole_comps_1": 0.010138087614
                    }
                }
            }
        },
        "model": null,
        "median_pdf_sample": {
            "type": "instance",
            "class_path": "autofit.non_linear.samples.sample.Sample",
            "arguments": {
                "log_likelihood": -31.242866395169436,
                "log_prior": 0.0,
                "weight": 0.0009672690088954477,
                "kwargs": {
                    "type": "dict",
                    "arguments": {
                        "ellipses.0.ell_comps.ell_comps_0": 0.07846320483764,
                        "ellipses.0.ell_comps.ell_comps_1": 0.04473844035092354,
                        "multipoles.0.multipole_3.multipole_comps.multipole_comps_0": 0.014485976390842443,
                        "multipoles.0.multipole_3.multipole_comps.multipole_comps_1": 0.00811314945359,
                        "multipoles.0.multipole_4.multipole_comps.multipole_comps_0": -0.01632189138520976,
                        "multipoles.0.multipole_4.multipole_comps.multipole_comps_1": 0.02035620952115803
                    }
                }
            }
        },
        "errors_at_sigma_3": {
            "type": "list",
            "values": [
                {
                    "type": "tuple",
                    "values": [
                        0.023820440332024455,
                        0.02259975057788001
                    ]
                },
                {
                    "type": "tuple",
                    "values": [
                        0.02150556185993121,
                        0.028134676537406457
                    ]
                },
                {
                    "type": "tuple",
                    "values": [
                        0.06436656360972554,
                        0.05429922762802866
                    ]
                },
                {
                    "type": "tuple",
                    "values": [
                        0.057439899821016493,
                        0.05893190483752221
                    ]
                },
                {
                    "type": "tuple",
                    "values": [
                        0.06147504385508651,
                        0.06782824849624089
                    ]
                },
                {
                    "type": "tuple",
                    "values": [
                        0.08576123267623427,
                        0.05370070304576398
                    ]
                }
            ]
        },
        "values_at_sigma_1": {
            "type": "list",
            "values": [
                {
                    "type": "tuple",
                    "values": [
                        0.07077396870162,
                        0.08532491616073011
                    ]
                },
                {
                    "type": "tuple",
                    "values": [
                        0.03529142474396,
                        0.05313313554518
                    ]
                },
                {
                    "type": "tuple",
                    "values": [
                        -0.01564685717866,
                        0.03598594561379385
                    ]
                },
                {
                    "type": "tuple",
                    "values": [
                        -0.01128726038942,
                        0.02291348113993
                    ]
                },
                {
                    "type": "tuple",
                    "values": [
                        -0.04121371035389361,
                        0.00435995341978
                    ]
                },
                {
                    "type": "tuple",
                    "values": [
                        -0.009103307349233515,
                        0.0426346420152
                    ]
                }
            ]
        },
        "log_evidence": -47.63073824416822,
        "values_at_sigma_3": {
            "type": "list",
            "values": [
                {
                    "type": "tuple",
                    "values": [
                        0.05464276450561554,
                        0.10106295541552
                    ]
                },
                {
                    "type": "tuple",
                    "values": [
                        0.02323287849099233,
                        0.07287311688833
                    ]
                },
                {
                    "type": "tuple",
                    "values": [
                        -0.049880587218883096,
                        0.0687852040188711
                    ]
                },
                {
                    "type": "tuple",
                    "values": [
                        -0.049326750367426495,
                        0.06704505429111221
                    ]
                },
                {
                    "type": "tuple",
                    "values": [
                        -0.07779693524029627,
                        0.051506357111031124
                    ]
                },
                {
                    "type": "tuple",
                    "values": [
                        -0.06540502315507624,
                        0.07405691256692201
                    ]
                }
            ]
        },
        "errors_at_sigma_1": {
            "type": "list",
            "values": [
                {
                    "type": "tuple",
                    "values": [
                        0.007689236136019989,
                        0.006861711323090117
                    ]
                },
                {
                    "type": "tuple",
                    "values": [
                        0.009447015606963538,
                        0.008394695194256466
                    ]
                },
                {
                    "type": "tuple",
                    "values": [
                        0.030132833569502443,
                        0.021499969222951405
                    ]
                },
                {
                    "type": "tuple",
                    "values": [
                        0.019400409843010002,
                        0.01480033168634
                    ]
                },
                {
                    "type": "tuple",
                    "values": [
                        0.024891818968683848,
                        0.02068184480498976
                    ]
                },
                {
                    "type": "tuple",
                    "values": [
                        0.029459516870391545,
                        0.02227843249404197
                    ]
                }
            ]
        }
    }
}