{
    "type": "instance",
    "class_path": "autofit.non_linear.samples.summary.SamplesSummary",
    "arguments": {
        "values_at_sigma_3": {
            "type": "list",
            "values": [
                {
                    "type": "tuple",
                    "values": [
                        -0.007746417717963688,
                        0.03527667765188688
                    ]
                },
                {
                    "type": "tuple",
                    "values": [
                        -0.19715013366498016,
                        -0.15833321507702386
                    ]
                }
            ]
        },
        "model": null,
        "median_pdf_sample": {
            "type": "instance",
            "class_path": "autofit.non_linear.samples.sample.Sample",
            "arguments": {
                "log_likelihood": -53.37111325854869,
                "log_prior": 0.0,
                "weight": 0.0009849061078807532,
                "kwargs": {
                    "type": "dict",
                    "arguments": {
                        "ellipses.0.ell_comps.ell_comps_0": 0.00705911353758,
                        "ellipses.0.ell_comps.ell_comps_1": -0.18681721140345
                    }
                }
            }
        },
        "log_evidence": -64.45438293410005,
        "errors_at_sigma_3": {
            "type": "list",
            "values": [
                {
                    "type": "tuple",
                    "values": [
                        0.014805531255543687,
                        0.028217564114306877
                    ]
                },
                {
                    "type": "tuple",
                    "values": [
                        0.010332922261530153,
                        0.028483996326426148
                    ]
                }
            ]
        },
        "max_log_likelihood_sample": {
            "type": "instance",
            "class_path": "autofit.non_linear.samples.sample.Sample",
            "arguments": {
                "log_likelihood": -53.37111325854869,
                "log_prior": 0.0,
                "weight": 0.0009849061078807532,
                "kwargs": {
                    "type": "dict",
                    "arguments": {
                        "ellipses.0.ell_comps.ell_comps_0": 0.00708354569062,
                        "ellipses.0.ell_comps.ell_comps_1": -0.18645468669876
                    }
                }
            }
        },
        "values_at_sigma_1": {
            "type": "list",
            "values": [
                {
                    "type": "tuple",
                    "values": [
                        0.0036338944852003867,
                        0.012510762856313066
                    ]
                },
                {
                    "type": "tuple",
                    "values": [
                        -0.18866085298551,
                        -0.18357069384148
                    ]
                }
            ]
        },
        "errors_at_sigma_1": {
            "type": "list",
            "values": [
                {
                    "type": "tuple",
                    "values": [
                        0.0034252190523796134,
                        0.005451649318733065
                    ]
                },
                {
                    "type": "tuple",
                    "values": [
                        0.0018436415820599905,
                        0.0032465175619700026
                    ]
                }
            ]
        }
    }
}