{
    "type": "instance",
    "class_path": "autofit.non_linear.samples.summary.SamplesSummary",
    "arguments": {
        "values_at_sigma_3": {
            "type": "list",
            "values": [
                {
                    "type": "tuple",
                    "values": [
                        -0.11971909913209644,
                        -0.08446522113191532
                    ]
                },
                {
                    "type": "tuple",
                    "values": [
                        0.020076171879318754,
                        0.0457435483657655
                    ]
                },
                {
                    "type": "tuple",
                    "values": [
                        -0.04429176104335799,
                        0.04815302898887896
                    ]
                },
                {
                    "type": "tuple",
                    "values": [
                        -0.02013092343556,
                        0.07067617837037032
                    ]
                },
                {
                    "type": "tuple",
                    "values": [
                        -0.04717138614420321,
                        0.03554289898731913
                    ]
                },
                {
                    "type": "tuple",
                    "values": [
                        -0.06094999743157667,
                        0.015750038936882642
                    ]
                }
            ]
        },
        "errors_at_sigma_1": {
            "type": "list",
            "values": [
                {
                    "type": "tuple",
                    "values": [
                        0.006959807106175192,
                        0.003163921037407716
                    ]
                },
                {
                    "type": "tuple",
                    "values": [
                        0.004268506143607197,
                        0.0045562866729928
                    ]
                },
                {
                    "type": "tuple",
                    "values": [
                        0.01488732224169,
                        0.01678140244348
                    ]
                },
                {
                    "type": "tuple",
                    "values": [
                        0.010815444590992023,
                        0.012767382481854557
                    ]
                },
                {
                    "type": "tuple",
                    "values": [
                        0.017199416769549485,
                        0.012287555479830514
                    ]
                },
                {
                    "type": "tuple",
                    "values": [
                        0.016440858539169795,
                        0.014754222950336666
                    ]
                }
            ]
        },
        "log_evidence": -54.42086171031674,
        "max_log_likelihood_sample": {
            "type": "instance",
            "class_path": "autofit.non_linear.samples.sample.Sample",
            "arguments": {
                "log_likelihood": -36.80408353343677,
                "log_prior": 0.0,
                "weight": 0.0010053017696716438,
                "kwargs": {
                    "type": "dict",
                    "arguments": {
                        "ellipses.0.ell_comps.ell_comps_0": -0.09600792844071,
                        "ellipses.0.ell_comps.ell_comps_1": 0.02967578622096,
                        "multipoles.0.multipole_3.multipole_comps.multipole_comps_0": 0.00131818689842,
                        "multipoles.0.multipole_3.multipole_comps.multipole_comps_1": 0.03891689484134,
                        "multipoles.0.multipole_4.multipole_comps.multipole_comps_0": 0.00513625599804,
                        "multipoles.0.multipole_4.multipole_comps.multipole_comps_1": -0.04277966989521
                    }
                }
            }
        },
        "errors_at_sigma_3": {
            "type": "list",
            "values": [
                {
                    "type": "tuple",
                    "values": [
                        0.022797122821886437,
                        0.012456755178294684
                    ]
                },
                {
                    "type": "tuple",
                    "values": [
                        0.014381573359978445,
                        0.011285803126468305
                    ]
                },
                {
                    "type": "tuple",
                    "values": [
                        0.04055165457762799,
                        0.05189313545460896
                    ]
                },
                {
                    "type": "tuple",
                    "values": [
                        0.04811764870509,
                        0.042689453100840324
                    ]
                },
                {
                    "type": "tuple",
                    "values": [
                        0.050100121547422695,
                        0.032614163584099645
                    ]
                },
                {
                    "type": "tuple",
                    "values": [
                        0.03600453975088667,
                        0.040695496617572643
                    ]
                }
            ]
        },
        "values_at_sigma_1": {
            "type": "list",
            "values": [
                {
                    "type": "tuple",
                    "values": [
                        -0.1038817834163852,
                        -0.09375805527280229
                    ]
                },
                {
                    "type": "tuple",
                    "values": [
                        0.03018923909569,
                        0.03901403191229
                    ]
                },
                {
                    "type": "tuple",
                    "values": [
                        -0.01862742870742,
                        0.01304129597775
                    ]
                },
                {
                    "type": "tuple",
                    "values": [
                        0.017171280678537976,
                        0.040754107751384556
                    ]
                },
                {
                    "type": "tuple",
                    "values": [
                        -0.01427068136633,
                        0.01521629088305
                    ]
                },
                {
                    "type": "tuple",
                    "values": [
                        -0.041386316219859796,
                        -0.010191234730353336
                    ]
                }
            ]
        },
        "model": null,
        "median_pdf_sample": {
            "type": "instance",
            "class_path": "autofit.non_linear.samples.sample.Sample",
            "arguments": {
                "log_likelihood": -36.80408353343677,
                "log_prior": 0.0,
                "weight": 0.0010053017696716438,
                "kwargs": {
                    "type": "dict",
                    "arguments": {
                        "ellipses.0.ell_comps.ell_comps_0": -0.09692197631021,
                        "ellipses.0.ell_comps.ell_comps_1": 0.0344577452392972,
                        "multipoles.0.multipole_3.multipole_comps.multipole_comps_0": -0.00374010646573,
                        "multipoles.0.multipole_3.multipole_comps.multipole_comps_1": 0.02798672526953,
                        "multipoles.0.multipole_4.multipole_comps.multipole_comps_0": 0.002928735403219486,
                        "multipoles.0.multipole_4.multipole_comps.multipole_comps_1": -0.02494545768069
                    }
                }
            }
        }
    }
}