{
    "type": "instance",
    "class_path": "autofit.non_linear.samples.summary.SamplesSummary",
    "arguments": {
        "values_at_sigma_3": {
            "type": "list",
            "values": [
                {
                    "type": "tuple",
                    "values": [
                        -0.0028154055087931664,
                        0.006791448909319708
                    ]
                },
                {
                    "type": "tuple",
                    "values": [
                        -0.008507466935032498,
                        -0.00135674374861
                    ]
                },
                {
                    "type": "tuple",
                    "values": [
                        0.061890330413304155,
                        0.11682716530706
                    ]
                },
                {
                    "type": "tuple",
                    "values": [
                        -0.0946287524536103,
                        -0.03082642005758
                    ]
                },
                {
                    "type": "tuple",
                    "values": [
                        0.11127187825805267,
                        0.17028739041053756
                    ]
                },
                {
                    "type": "tuple",
                    "values": [
                        -0.10958788934834705,
                        -0.0452407051567
                    ]
                },
                {
                    "type": "tuple",
                    "values": [
                        0.08814313912947,
                        0.19750704890634
                    ]
                },
                {
                    "type": "tuple",
                    "values": [
                        -0.07754369016778258,
                        0.03833780459088
                    ]
                },
                {
                    "type": "tuple",
                    "values": [
                        -0.00736673863525,
                        0.23994454600189735
                    ]
                },
                {
                    "type": "tuple",
                    "values": [
                        -0.06626019117398,
                        0.09098919642065
                    ]
                },
                {
                    "type": "tuple",
                    "values": [
                        0.06737392111823,
                        0.34816048604253
                    ]
                },
                {
                    "type": "tuple",
                    "values": [
                        -0.28570879617757,
                        0.25925896863996
                    ]
                }
            ]
        },
        "errors_at_sigma_3": {
            "type": "list",
            "values": [
                {
                    "type": "tuple",
                    "values": [
                        0.006074255778747298,
                        0.0035325986393655766
                    ]
                },
                {
                    "type": "tuple",
                    "values": [
                        0.002049189434842498,
                        0.00510153375158
                    ]
                },
                {
                    "type": "tuple",
                    "values": [
                        0.019312049124846277,
                        0.03562478576890957
                    ]
                },
                {
                    "type": "tuple",
                    "values": [
                        0.024172077213923476,
                        0.03963025518210682
                    ]
                },
                {
                    "type": "tuple",
                    "values": [
                        0.028223479609587335,
                        0.030792032542897557
                    ]
                },
                {
                    "type": "tuple",
                    "values": [
                        0.02993826069724706,
                        0.034408923494399994
                    ]
                },
                {
                    "type": "tuple",
                    "values": [
                        0.04802054523001001,
                        0.061343364546859985
                    ]
                },
                {
                    "type": "tuple",
                    "values": [
                        0.060865459754252574,
                        0.055016035004410005
                    ]
                },
                {
                    "type": "tuple",
                    "values": [
                        0.12625686054989982,
                        0.12105442408724754
                    ]
                },
                {
                    "type": "tuple",
                    "values": [
                        0.07512155752975999,
                        0.08212783006487
                    ]
                },
                {
                    "type": "tuple",
                    "values": [
                        0.2190551629527746,
                        0.061731401971525435
                    ]
                },
                {
                    "type": "tuple",
                    "values": [
                        0.165647476992013,
                        0.379320287825517
                    ]
                }
            ]
        },
        "max_log_likelihood_sample": {
            "type": "instance",
            "class_path": "autofit.non_linear.samples.sample.Sample",
            "arguments": {
                "log_likelihood": -100.56927621830266,
                "log_prior": 0.0,
                "weight": 0.0010909156514164332,
                "kwargs": {
                    "type": "dict",
                    "arguments": {
                        "ellipses.ellipse_4.centre.centre_0": 0.00527340622666,
                        "ellipses.ellipse_4.centre.centre_1": -0.00511120384897,
                        "ellipses.ellipse_0.ell_comps.ell_comps_0": 0.0869988185906,
                        "ellipses.ellipse_0.ell_comps.ell_comps_1": -0.06056177298334,
                        "ellipses.ellipse_1.ell_comps.ell_comps_0": 0.14038260186976,
                        "ellipses.ellipse_1.ell_comps.ell_comps_1": -0.07766877145259,
                        "ellipses.ellipse_2.ell_comps.ell_comps_0": 0.15875492789603,
                        "ellipses.ellipse_2.ell_comps.ell_comps_1": -0.04377115873851,
                        "ellipses.ellipse_3.ell_comps.ell_comps_0": 0.12113952098126,
                        "ellipses.ellipse_3.ell_comps.ell_comps_1": 0.00839703132556,
                        "ellipses.ellipse_4.ell_comps.ell_comps_0": 0.29853790250557,
                        "ellipses.ellipse_4.ell_comps.ell_comps_1": -0.1287097738361
                    }
                }
            }
        },
        "median_pdf_sample": {
            "type": "instance",
            "class_path": "autofit.non_linear.samples.sample.Sample",
            "arguments": {
                "log_likelihood": -100.56927621830266,
                "log_prior": 0.0,
                "weight": 0.0010909156514164332,
                "kwargs": {
                    "type": "dict",
                    "arguments": {
                        "ellipses.ellipse_4.centre.centre_0": 0.0032588502699541317,
                        "ellipses.ellipse_4.centre.centre_1": -0.00645827750019,
                        "ellipses.ellipse_0.ell_comps.ell_comps_0": 0.08120237953815043,
                        "ellipses.ellipse_0.ell_comps.ell_comps_1": -0.07045667523968682,
                        "ellipses.ellipse_1.ell_comps.ell_comps_0": 0.13949535786764,
                        "ellipses.ellipse_1.ell_comps.ell_comps_1": -0.0796496286511,
                        "ellipses.ellipse_2.ell_comps.ell_comps_0": 0.13616368435948,
                        "ellipses.ellipse_2.ell_comps.ell_comps_1": -0.01667823041353,
                        "ellipses.ellipse_3.ell_comps.ell_comps_0": 0.11889012191464982,
                        "ellipses.ellipse_3.ell_comps.ell_comps_1": 0.00886136635578,
                        "ellipses.ellipse_4.ell_comps.ell_comps_0": 0.2864290840710046,
                        "ellipses.ellipse_4.ell_comps.ell_comps_1": -0.12006131918555703
                    }
                }
            }
        },
        "errors_at_sigma_1": {
            "type": "list",
            "values": [
                {
                    "type": "tuple",
                    "values": [
                        0.0013853737142041317,
                        0.002009642389805868
                    ]
                },
                {
                    "type": "tuple",
                    "values": [
                        0.0008974170559300004,
                        0.0017466794614439812
                    ]
                },
                {
                    "type": "tuple",
                    "values": [
                        0.005501775334424641,
                        0.008354010609889564
                    ]
                },
                {
                    "type": "tuple",
                    "values": [
                        0.006852242064693176,
                        0.009791137745827426
                    ]
                },
                {
                    "type": "tuple",
                    "values": [
                        0.012684040749516873,
                        0.009757370704809337
                    ]
                },
                {
                    "type": "tuple",
                    "values": [
                        0.010728795794140003,
                        0.013563524317483977
                    ]
                },
                {
                    "type": "tuple",
                    "values": [
                        0.009566666024670017,
                        0.030842276203519398
                    ]
                },
                {
                    "type": "tuple",
                    "values": [
                        0.03133543831123277,
                        0.02933113829965
                    ]
                },
                {
                    "type": "tuple",
                    "values": [
                        0.003667668864959811,
                        0.002884707598216074
                    ]
                },
                {
                    "type": "tuple",
                    "values": [
                        0.00689834895953,
                        0.007726085938910001
                    ]
                },
                {
                    "type": "tuple",
                    "values": [
                        0.17401445959553244,
                        0.013122713642185424
                    ]
                },
                {
                    "type": "tuple",
                    "values": [
                        0.012497378234435572,
                        0.26499934222332705
                    ]
                }
            ]
        },
        "log_evidence": -144.59303458140698,
        "model": null,
        "values_at_sigma_1": {
            "type": "list",
            "values": [
                {
                    "type": "tuple",
                    "values": [
                        0.00187347655575,
                        0.00526849265976
                    ]
                },
                {
                    "type": "tuple",
                    "values": [
                        -0.00735569455612,
                        -0.0047115980387460185
                    ]
                },
                {
                    "type": "tuple",
                    "values": [
                        0.07570060420372579,
                        0.08955639014804
                    ]
                },
                {
                    "type": "tuple",
                    "values": [
                        -0.07730891730438,
                        -0.060665537493859396
                    ]
                },
                {
                    "type": "tuple",
                    "values": [
                        0.12681131711812313,
                        0.14925272857244934
                    ]
                },
                {
                    "type": "tuple",
                    "values": [
                        -0.09037842444524,
                        -0.06608610433361602
                    ]
                },
                {
                    "type": "tuple",
                    "values": [
                        0.12659701833481,
                        0.1670059605629994
                    ]
                },
                {
                    "type": "tuple",
                    "values": [
                        -0.04801366872476277,
                        0.01265290788612
                    ]
                },
                {
                    "type": "tuple",
                    "values": [
                        0.11522245304969,
                        0.12177482951286589
                    ]
                },
                {
                    "type": "tuple",
                    "values": [
                        0.00196301739625,
                        0.01658745229469
                    ]
                },
                {
                    "type": "tuple",
                    "values": [
                        0.11241462447547215,
                        0.29955179771319
                    ]
                },
                {
                    "type": "tuple",
                    "values": [
                        -0.1325586974199926,
                        0.14493802303777
                    ]
                }
            ]
        }
    }
}