{
    "type": "instance",
    "class_path": "autofit.non_linear.samples.summary.SamplesSummary",
    "arguments": {
        "median_pdf_sample": {
            "type": "instance",
            "class_path": "autofit.non_linear.samples.sample.Sample",
            "arguments": {
                "log_likelihood": -162.4616385873601,
                "log_prior": 0.0,
                "weight": 0.0011003129701209916,
                "kwargs": {
                    "type": "dict",
                    "arguments": {
                        "ellipses.ellipse_4.centre.centre_0": 0.00041390074446909805,
                        "ellipses.ellipse_4.centre.centre_1": -0.0007522893115548881,
                        "ellipses.ellipse_0.ell_comps.ell_comps_0": 0.04277488628836,
                        "ellipses.ellipse_0.ell_comps.ell_comps_1": -0.06205114852655457,
                        "ellipses.ellipse_1.ell_comps.ell_comps_0": 0.0554760158486,
                        "ellipses.ellipse_1.ell_comps.ell_comps_1": -0.0773355506362,
                        "ellipses.ellipse_2.ell_comps.ell_comps_0": 0.04857663066357243,
                        "ellipses.ellipse_2.ell_comps.ell_comps_1": -0.07053224286059986,
                        "ellipses.ellipse_3.ell_comps.ell_comps_0": 0.04246837317715,
                        "ellipses.ellipse_3.ell_comps.ell_comps_1": -0.07987873906093862,
                        "ellipses.ellipse_4.ell_comps.ell_comps_0": 0.03970517994097,
                        "ellipses.ellipse_4.ell_comps.ell_comps_1": -0.06805808111057
                    }
                }
            }
        },
        "errors_at_sigma_1": {
            "type": "list",
            "values": [
                {
                    "type": "tuple",
                    "values": [
                        0.0007132584374393542,
                        0.000602360274253931
                    ]
                },
                {
                    "type": "tuple",
                    "values": [
                        0.0005968326020777019,
                        0.0005970113220128393
                    ]
                },
                {
                    "type": "tuple",
                    "values": [
                        0.0026512404239200024,
                        0.002574221694499418
                    ]
                },
                {
                    "type": "tuple",
                    "values": [
                        0.002375810254868972,
                        0.0025099878899945693
                    ]
                },
                {
                    "type": "tuple",
                    "values": [
                        0.0023708778700499977,
                        0.0026985430744400005
                    ]
                },
                {
                    "type": "tuple",
                    "values": [
                        0.002412594880083066,
                        0.00262754659958038
                    ]
                },
                {
                    "type": "tuple",
                    "values": [
                        0.0024384896356040783,
                        0.002087396015052645
                    ]
                },
                {
                    "type": "tuple",
                    "values": [
                        0.0029712305498840047,
                        0.004261526501881094
                    ]
                },
                {
                    "type": "tuple",
                    "values": [
                        0.0039338770539499995,
                        0.0058982279398464565
                    ]
                },
                {
                    "type": "tuple",
                    "values": [
                        0.003270226875410745,
                        0.008382633342497642
                    ]
                },
                {
                    "type": "tuple",
                    "values": [
                        0.004795861508559998,
                        0.003558610125200007
                    ]
                },
                {
                    "type": "tuple",
                    "values": [
                        0.026717315921051366,
                        0.0032096223972319093
                    ]
                }
            ]
        },
        "values_at_sigma_3": {
            "type": "list",
            "values": [
                {
                    "type": "tuple",
                    "values": [
                        -0.0013435082291319955,
                        0.00213556957211
                    ]
                },
                {
                    "type": "tuple",
                    "values": [
                        -0.0024076985245568313,
                        0.000819149011965836
                    ]
                },
                {
                    "type": "tuple",
                    "values": [
                        0.03450109105418,
                        0.05088214388233
                    ]
                },
                {
                    "type": "tuple",
                    "values": [
                        -0.0692623045510353,
                        -0.05382852519115126
                    ]
                },
                {
                    "type": "tuple",
                    "values": [
                        0.04597291115567939,
                        0.06295467709555
                    ]
                },
                {
                    "type": "tuple",
                    "values": [
                        -0.0842573675642432,
                        -0.06971153099869
                    ]
                },
                {
                    "type": "tuple",
                    "values": [
                        0.038045253929299826,
                        0.05438474273705019
                    ]
                },
                {
                    "type": "tuple",
                    "values": [
                        -0.07870357916935321,
                        -0.0610542299451581
                    ]
                },
                {
                    "type": "tuple",
                    "values": [
                        0.03196290716541,
                        0.05224870890941
                    ]
                },
                {
                    "type": "tuple",
                    "values": [
                        -0.09274214402603,
                        -0.06641408604064014
                    ]
                },
                {
                    "type": "tuple",
                    "values": [
                        0.02502857920952,
                        0.05074103268454
                    ]
                },
                {
                    "type": "tuple",
                    "values": [
                        -0.09851693475493296,
                        -0.04536736390494403
                    ]
                }
            ]
        },
        "errors_at_sigma_3": {
            "type": "list",
            "values": [
                {
                    "type": "tuple",
                    "values": [
                        0.0017574089736010936,
                        0.001721668827640902
                    ]
                },
                {
                    "type": "tuple",
                    "values": [
                        0.0016554092130019434,
                        0.0015714383235207242
                    ]
                },
                {
                    "type": "tuple",
                    "values": [
                        0.008273795234180002,
                        0.008107257593969998
                    ]
                },
                {
                    "type": "tuple",
                    "values": [
                        0.007211156024480726,
                        0.008222623335403315
                    ]
                },
                {
                    "type": "tuple",
                    "values": [
                        0.009503104692920608,
                        0.00747866124695
                    ]
                },
                {
                    "type": "tuple",
                    "values": [
                        0.006921816928043195,
                        0.007624019637509999
                    ]
                },
                {
                    "type": "tuple",
                    "values": [
                        0.010531376734272603,
                        0.005808112073477763
                    ]
                },
                {
                    "type": "tuple",
                    "values": [
                        0.008171336308753344,
                        0.009478012915441765
                    ]
                },
                {
                    "type": "tuple",
                    "values": [
                        0.010505466011740003,
                        0.009780335732259997
                    ]
                },
                {
                    "type": "tuple",
                    "values": [
                        0.012863404965091377,
                        0.013464653020298478
                    ]
                },
                {
                    "type": "tuple",
                    "values": [
                        0.014676600731449996,
                        0.011035852743570003
                    ]
                },
                {
                    "type": "tuple",
                    "values": [
                        0.03045885364436296,
                        0.022690717205625974
                    ]
                }
            ]
        },
        "max_log_likelihood_sample": {
            "type": "instance",
            "class_path": "autofit.non_linear.samples.sample.Sample",
            "arguments": {
                "log_likelihood": -162.4616385873601,
                "log_prior": 0.0,
                "weight": 0.0011003129701209916,
                "kwargs": {
                    "type": "dict",
                    "arguments": {
                        "ellipses.ellipse_4.centre.centre_0": 0.00060260927145,
                        "ellipses.ellipse_4.centre.centre_1": -0.00087904684204,
                        "ellipses.ellipse_0.ell_comps.ell_comps_0": 0.04175484414822,
                        "ellipses.ellipse_0.ell_comps.ell_comps_1": -0.06084831646768,
                        "ellipses.ellipse_1.ell_comps.ell_comps_0": 0.0561739616981,
                        "ellipses.ellipse_1.ell_comps.ell_comps_1": -0.07713463780358,
                        "ellipses.ellipse_2.ell_comps.ell_comps_0": 0.04966601538231,
                        "ellipses.ellipse_2.ell_comps.ell_comps_1": -0.07280599068244,
                        "ellipses.ellipse_3.ell_comps.ell_comps_0": 0.04507104299963,
                        "ellipses.ellipse_3.ell_comps.ell_comps_1": -0.08009128074432,
                        "ellipses.ellipse_4.ell_comps.ell_comps_0": 0.04253229616554,
                        "ellipses.ellipse_4.ell_comps.ell_comps_1": -0.06794666583539
                    }
                }
            }
        },
        "values_at_sigma_1": {
            "type": "list",
            "values": [
                {
                    "type": "tuple",
                    "values": [
                        -0.00029935769297025614,
                        0.001016261018723029
                    ]
                },
                {
                    "type": "tuple",
                    "values": [
                        -0.00134912191363259,
                        -0.00015527798954204872
                    ]
                },
                {
                    "type": "tuple",
                    "values": [
                        0.04012364586444,
                        0.04534910798285942
                    ]
                },
                {
                    "type": "tuple",
                    "values": [
                        -0.06442695878142354,
                        -0.05954116063656
                    ]
                },
                {
                    "type": "tuple",
                    "values": [
                        0.05310513797855,
                        0.05817455892304
                    ]
                },
                {
                    "type": "tuple",
                    "values": [
                        -0.07974814551628306,
                        -0.07470800403661962
                    ]
                },
                {
                    "type": "tuple",
                    "values": [
                        0.04613814102796835,
                        0.050664026678625074
                    ]
                },
                {
                    "type": "tuple",
                    "values": [
                        -0.07350347341048387,
                        -0.06627071635871877
                    ]
                },
                {
                    "type": "tuple",
                    "values": [
                        0.0385344961232,
                        0.048366601116996456
                    ]
                },
                {
                    "type": "tuple",
                    "values": [
                        -0.08314896593634936,
                        -0.07149610571844098
                    ]
                },
                {
                    "type": "tuple",
                    "values": [
                        0.03490931843241,
                        0.04326379006617
                    ]
                },
                {
                    "type": "tuple",
                    "values": [
                        -0.09477539703162137,
                        -0.0648484587133381
                    ]
                }
            ]
        },
        "model": null,
        "log_evidence": -218.51429893723576
    }
}