{
    "type": "instance",
    "class_path": "autofit.non_linear.samples.summary.SamplesSummary",
    "arguments": {
        "errors_at_sigma_1": {
            "type": "list",
            "values": [
                {
                    "type": "tuple",
                    "values": [
                        0.003828374530263995,
                        0.004534584229722
                    ]
                },
                {
                    "type": "tuple",
                    "values": [
                        0.004010040469857017,
                        0.004430458857588271
                    ]
                },
                {
                    "type": "tuple",
                    "values": [
                        0.0009035930334400001,
                        0.0008237939359639538
                    ]
                },
                {
                    "type": "tuple",
                    "values": [
                        0.0008399085726927279,
                        0.0009453528191216994
                    ]
                },
                {
                    "type": "tuple",
                    "values": [
                        0.001101228458068006,
                        0.0012187064703918608
                    ]
                },
                {
                    "type": "tuple",
                    "values": [
                        0.0010961609748775646,
                        0.0012332796330299402
                    ]
                }
            ]
        },
        "log_evidence": -30.599650701806844,
        "median_pdf_sample": {
            "type": "instance",
            "class_path": "autofit.non_linear.samples.sample.Sample",
            "arguments": {
                "log_likelihood": -5.276557393738072,
                "log_prior": 0.0,
                "weight": 0.001026554714306424,
                "kwargs": {
                    "type": "dict",
                    "arguments": {
                        "ellipses.0.ell_comps.ell_comps_0": -0.123382788181742,
                        "ellipses.0.ell_comps.ell_comps_1": -0.01910331128894,
                        "multipoles.0.multipole_3.multipole_comps.multipole_comps_0": -0.0009014662165,
                        "multipoles.0.multipole_3.multipole_comps.multipole_comps_1": -0.00017372396504169944,
                        "multipoles.0.multipole_4.multipole_comps.multipole_comps_0": -0.001594078276271861,
                        "multipoles.0.multipole_4.multipole_comps.multipole_comps_1": 0.0005063040157776732
                    }
                }
            }
        },
        "max_log_likelihood_sample": {
            "type": "instance",
            "class_path": "autofit.non_linear.samples.sample.Sample",
            "arguments": {
                "log_likelihood": -5.276557393738072,
                "log_prior": 0.0,
                "weight": 0.001026554714306424,
                "kwargs": {
                    "type": "dict",
                    "arguments": {
                        "ellipses.0.ell_comps.ell_comps_0": -0.1243199575784,
                        "ellipses.0.ell_comps.ell_comps_1": -0.02100810838676,
                        "multipoles.0.multipole_3.multipole_comps.multipole_comps_0": -0.00087866106108,
                        "multipoles.0.multipole_3.multipole_comps.multipole_comps_1": -0.00050603152242,
                        "multipoles.0.multipole_4.multipole_comps.multipole_comps_0": -0.00150480425759,
                        "multipoles.0.multipole_4.multipole_comps.multipole_comps_1": 0.00022267064155
                    }
                }
            }
        },
        "model": null,
        "errors_at_sigma_3": {
            "type": "list",
            "values": [
                {
                    "type": "tuple",
                    "values": [
                        0.011952386334876441,
                        0.012168073973000973
                    ]
                },
                {
                    "type": "tuple",
                    "values": [
                        0.011561514025329737,
                        0.012703144833680001
                    ]
                },
                {
                    "type": "tuple",
                    "values": [
                        0.0026893894599,
                        0.002137770537820126
                    ]
                },
                {
                    "type": "tuple",
                    "values": [
                        0.0026811566227983004,
                        0.002734030298976258
                    ]
                },
                {
                    "type": "tuple",
                    "values": [
                        0.0033552982274270013,
                        0.003803524679037847
                    ]
                },
                {
                    "type": "tuple",
                    "values": [
                        0.003561745664397673,
                        0.003509957394925668
                    ]
                }
            ]
        },
        "values_at_sigma_1": {
            "type": "list",
            "values": [
                {
                    "type": "tuple",
                    "values": [
                        -0.127211162712006,
                        -0.11884820395202
                    ]
                },
                {
                    "type": "tuple",
                    "values": [
                        -0.02311335175879702,
                        -0.01467285243135173
                    ]
                },
                {
                    "type": "tuple",
                    "values": [
                        -0.00180505924994,
                        -7.767228053604616e-05
                    ]
                },
                {
                    "type": "tuple",
                    "values": [
                        -0.0010136325377344273,
                        0.00077162885408
                    ]
                },
                {
                    "type": "tuple",
                    "values": [
                        -0.002695306734339867,
                        -0.00037537180588
                    ]
                },
                {
                    "type": "tuple",
                    "values": [
                        -0.0005898569590998916,
                        0.0017395836488076134
                    ]
                }
            ]
        },
        "values_at_sigma_3": {
            "type": "list",
            "values": [
                {
                    "type": "tuple",
                    "values": [
                        -0.13533517451661844,
                        -0.11121471420874103
                    ]
                },
                {
                    "type": "tuple",
                    "values": [
                        -0.03066482531426974,
                        -0.00640016645526
                    ]
                },
                {
                    "type": "tuple",
                    "values": [
                        -0.0035908556764,
                        0.0012363043213201258
                    ]
                },
                {
                    "type": "tuple",
                    "values": [
                        -0.00285488058784,
                        0.0025603063339345584
                    ]
                },
                {
                    "type": "tuple",
                    "values": [
                        -0.004949376503698862,
                        0.0022094464027659863
                    ]
                },
                {
                    "type": "tuple",
                    "values": [
                        -0.00305544164862,
                        0.004016261410703341
                    ]
                }
            ]
        }
    }
}