{
    "type": "instance",
    "class_path": "autofit.non_linear.samples.summary.SamplesSummary",
    "arguments": {
        "errors_at_sigma_1": {
            "type": "list",
            "values": [
                {
                    "type": "tuple",
                    "values": [
                        0.017558803347382246,
                        0.015485498322157329
                    ]
                },
                {
                    "type": "tuple",
                    "values": [
                        0.029845094993384634,
                        0.018261628287795366
                    ]
                },
                {
                    "type": "tuple",
                    "values": [
                        0.029064592210426746,
                        0.018679875861796518
                    ]
                },
                {
                    "type": "tuple",
                    "values": [
                        0.019181559024154096,
                        0.020969867237786613
                    ]
                },
                {
                    "type": "tuple",
                    "values": [
                        0.021762371937556438,
                        0.02631548945384307
                    ]
                },
                {
                    "type": "tuple",
                    "values": [
                        0.025168760268303753,
                        0.02626887663807373
                    ]
                }
            ]
        },
        "values_at_sigma_1": {
            "type": "list",
            "values": [
                {
                    "type": "tuple",
                    "values": [
                        -0.01565528297825,
                        0.017389018691289573
                    ]
                },
                {
                    "type": "tuple",
                    "values": [
                        -0.01308756145321,
                        0.03501916182797
                    ]
                },
                {
                    "type": "tuple",
                    "values": [
                        -0.017347905763716497,
                        0.030396562308506767
                    ]
                },
                {
                    "type": "tuple",
                    "values": [
                        -0.03051051179502,
                        0.009640914466920714
                    ]
                },
                {
                    "type": "tuple",
                    "values": [
                        -0.02017547579493,
                        0.02790238559646951
                    ]
                },
                {
                    "type": "tuple",
                    "values": [
                        -0.023500248796277396,
                        0.027937388110100082
                    ]
                }
            ]
        },
        "values_at_sigma_3": {
            "type": "list",
            "values": [
                {
                    "type": "tuple",
                    "values": [
                        -0.04854437726683,
                        0.05644843796479
                    ]
                },
                {
                    "type": "tuple",
                    "values": [
                        -0.06363930177635295,
                        0.10799481424993
                    ]
                },
                {
                    "type": "tuple",
                    "values": [
                        -0.06678900648101,
                        0.06151032063761891
                    ]
                },
                {
                    "type": "tuple",
                    "values": [
                        -0.06416400436293,
                        0.05238424152674
                    ]
                },
                {
                    "type": "tuple",
                    "values": [
                        -0.06160000499885,
                        0.06656271031571
                    ]
                },
                {
                    "type": "tuple",
                    "values": [
                        -0.0645854417748409,
                        0.06316322282378
                    ]
                }
            ]
        },
        "model": null,
        "median_pdf_sample": {
            "type": "instance",
            "class_path": "autofit.non_linear.samples.sample.Sample",
            "arguments": {
                "log_likelihood": -8.80542663359508,
                "log_prior": 0.0,
                "weight": 0.0009881323995774407,
                "kwargs": {
                    "type": "dict",
                    "arguments": {
                        "ellipses.0.ell_comps.ell_comps_0": 0.0019035203691322446,
                        "ellipses.0.ell_comps.ell_comps_1": 0.016757533540174632,
                        "multipoles.0.multipole_3.multipole_comps.multipole_comps_0": 0.011716686446710249,
                        "multipoles.0.multipole_3.multipole_comps.multipole_comps_1": -0.0113289527708659,
                        "multipoles.0.multipole_4.multipole_comps.multipole_comps_0": 0.0015868961426264397,
                        "multipoles.0.multipole_4.multipole_comps.multipole_comps_1": 0.0016685114720263548
                    }
                }
            }
        },
        "log_evidence": -22.42169872132123,
        "max_log_likelihood_sample": {
            "type": "instance",
            "class_path": "autofit.non_linear.samples.sample.Sample",
            "arguments": {
                "log_likelihood": -8.80542663359508,
                "log_prior": 0.0,
                "weight": 0.0009881323995774407,
                "kwargs": {
                    "type": "dict",
                    "arguments": {
                        "ellipses.0.ell_comps.ell_comps_0": -0.00976560292726,
                        "ellipses.0.ell_comps.ell_comps_1": 0.01267802501556,
                        "multipoles.0.multipole_3.multipole_comps.multipole_comps_0": 0.03425107308594,
                        "multipoles.0.multipole_3.multipole_comps.multipole_comps_1": -0.0253535079107,
                        "multipoles.0.multipole_4.multipole_comps.multipole_comps_0": 0.00157909881003,
                        "multipoles.0.multipole_4.multipole_comps.multipole_comps_1": -0.03305993858774
                    }
                }
            }
        },
        "errors_at_sigma_3": {
            "type": "list",
            "values": [
                {
                    "type": "tuple",
                    "values": [
                        0.05044789763596225,
                        0.05454491759565776
                    ]
                },
                {
                    "type": "tuple",
                    "values": [
                        0.08039683531652758,
                        0.09123728070975537
                    ]
                },
                {
                    "type": "tuple",
                    "values": [
                        0.07850569292772025,
                        0.04979363419090866
                    ]
                },
                {
                    "type": "tuple",
                    "values": [
                        0.0528350515920641,
                        0.0637131942976059
                    ]
                },
                {
                    "type": "tuple",
                    "values": [
                        0.06318690114147645,
                        0.06497581417308355
                    ]
                },
                {
                    "type": "tuple",
                    "values": [
                        0.06625395324686725,
                        0.06149471135175364
                    ]
                }
            ]
        }
    }
}