{
    "type": "instance",
    "class_path": "autofit.non_linear.samples.summary.SamplesSummary",
    "arguments": {
        "values_at_sigma_1": {
            "type": "list",
            "values": [
                {
                    "type": "tuple",
                    "values": [
                        0.08429104969861,
                        0.0893893939341
                    ]
                },
                {
                    "type": "tuple",
                    "values": [
                        0.19229120260382368,
                        0.1967909439678185
                    ]
                },
                {
                    "type": "tuple",
                    "values": [
                        -0.01575490894912,
                        0.0011604663244110121
                    ]
                },
                {
                    "type": "tuple",
                    "values": [
                        -0.00888363116815,
                        0.008724566810662603
                    ]
                },
                {
                    "type": "tuple",
                    "values": [
                        -0.011840902682315975,
                        0.006530007374547417
                    ]
                },
                {
                    "type": "tuple",
                    "values": [
                        -0.01605451919127,
                        0.0016183357322
                    ]
                },
                {
                    "type": "tuple",
                    "values": [
                        -0.007004435179014781,
                        0.008162937145633998
                    ]
                },
                {
                    "type": "tuple",
                    "values": [
                        -0.003936174685852035,
                        0.011371386527154671
                    ]
                }
            ]
        },
        "values_at_sigma_3": {
            "type": "list",
            "values": [
                {
                    "type": "tuple",
                    "values": [
                        0.07964194525011922,
                        0.09447948638999092
                    ]
                },
                {
                    "type": "tuple",
                    "values": [
                        0.18792894551451725,
                        0.20128583405373238
                    ]
                },
                {
                    "type": "tuple",
                    "values": [
                        -0.030175766363563304,
                        0.020963800316358104
                    ]
                },
                {
                    "type": "tuple",
                    "values": [
                        -0.02525740542924325,
                        0.02408357371728
                    ]
                },
                {
                    "type": "tuple",
                    "values": [
                        -0.03158188955361,
                        0.02227298184551
                    ]
                },
                {
                    "type": "tuple",
                    "values": [
                        -0.029830848245888174,
                        0.01724772142677
                    ]
                },
                {
                    "type": "tuple",
                    "values": [
                        -0.021493034955691145,
                        0.02043783650194391
                    ]
                },
                {
                    "type": "tuple",
                    "values": [
                        -0.019020801220696465,
                        0.02405089153387015
                    ]
                }
            ]
        },
        "max_log_likelihood_sample": {
            "type": "instance",
            "class_path": "autofit.non_linear.samples.sample.Sample",
            "arguments": {
                "log_likelihood": -44.992542782273425,
                "log_prior": 0.0,
                "weight": 0.0010360260100931043,
                "kwargs": {
                    "type": "dict",
                    "arguments": {
                        "ellipses.0.ell_comps.ell_comps_0": 0.08707430586585,
                        "ellipses.0.ell_comps.ell_comps_1": 0.19520586586404,
                        "multipoles.0.multipole_1.multipole_comps.multipole_comps_0": -0.00881642534739,
                        "multipoles.0.multipole_1.multipole_comps.multipole_comps_1": 0.00661830280808,
                        "multipoles.0.multipole_3.multipole_comps.multipole_comps_0": 0.00323563298985,
                        "multipoles.0.multipole_3.multipole_comps.multipole_comps_1": -0.00481634928955,
                        "multipoles.0.multipole_4.multipole_comps.multipole_comps_0": 0.00234780510762,
                        "multipoles.0.multipole_4.multipole_comps.multipole_comps_1": 0.00860339825006
                    }
                }
            }
        },
        "median_pdf_sample": {
            "type": "instance",
            "class_path": "autofit.non_linear.samples.sample.Sample",
            "arguments": {
                "log_likelihood": -44.992542782273425,
                "log_prior": 0.0,
                "weight": 0.0010360260100931043,
                "kwargs": {
                    "type": "dict",
                    "arguments": {
                        "ellipses.0.ell_comps.ell_comps_0": 0.08693062672110152,
                        "ellipses.0.ell_comps.ell_comps_1": 0.19449513048397307,
                        "multipoles.0.multipole_1.multipole_comps.multipole_comps_0": -0.006966695555469144,
                        "multipoles.0.multipole_1.multipole_comps.multipole_comps_1": 0.0006213586442052719,
                        "multipoles.0.multipole_3.multipole_comps.multipole_comps_0": -0.00242227781641,
                        "multipoles.0.multipole_3.multipole_comps.multipole_comps_1": -0.006929276290453139,
                        "multipoles.0.multipole_4.multipole_comps.multipole_comps_0": 0.00036767273777084603,
                        "multipoles.0.multipole_4.multipole_comps.multipole_comps_1": 0.0036397427184097064
                    }
                }
            }
        },
        "model": null,
        "errors_at_sigma_1": {
            "type": "list",
            "values": [
                {
                    "type": "tuple",
                    "values": [
                        0.0026395770224915266,
                        0.0024587672129984806
                    ]
                },
                {
                    "type": "tuple",
                    "values": [
                        0.0022039278801493922,
                        0.002295813483845416
                    ]
                },
                {
                    "type": "tuple",
                    "values": [
                        0.008788213393650855,
                        0.008127161879880156
                    ]
                },
                {
                    "type": "tuple",
                    "values": [
                        0.009504989812355272,
                        0.008103208166457331
                    ]
                },
                {
                    "type": "tuple",
                    "values": [
                        0.009418624865905976,
                        0.008952285190957417
                    ]
                },
                {
                    "type": "tuple",
                    "values": [
                        0.00912524290081686,
                        0.00854761202265314
                    ]
                },
                {
                    "type": "tuple",
                    "values": [
                        0.007372107916785628,
                        0.007795264407863153
                    ]
                },
                {
                    "type": "tuple",
                    "values": [
                        0.007575917404261741,
                        0.007731643808744965
                    ]
                }
            ]
        },
        "errors_at_sigma_3": {
            "type": "list",
            "values": [
                {
                    "type": "tuple",
                    "values": [
                        0.0072886814709823,
                        0.007548859668889393
                    ]
                },
                {
                    "type": "tuple",
                    "values": [
                        0.006566184969455824,
                        0.006790703569759304
                    ]
                },
                {
                    "type": "tuple",
                    "values": [
                        0.02320907080809416,
                        0.02793049587182725
                    ]
                },
                {
                    "type": "tuple",
                    "values": [
                        0.02587876407344852,
                        0.02346221507307473
                    ]
                },
                {
                    "type": "tuple",
                    "values": [
                        0.0291596117372,
                        0.02469525966192
                    ]
                },
                {
                    "type": "tuple",
                    "values": [
                        0.022901571955435036,
                        0.024176997717223137
                    ]
                },
                {
                    "type": "tuple",
                    "values": [
                        0.021860707693461993,
                        0.020070163764173064
                    ]
                },
                {
                    "type": "tuple",
                    "values": [
                        0.022660543939106173,
                        0.020411148815460446
                    ]
                }
            ]
        },
        "log_evidence": -71.39073318499747
    }
}