{
    "type": "instance",
    "class_path": "autofit.non_linear.samples.summary.SamplesSummary",
    "arguments": {
        "median_pdf_sample": {
            "type": "instance",
            "class_path": "autofit.non_linear.samples.sample.Sample",
            "arguments": {
                "log_likelihood": -52.56779753492245,
                "log_prior": 0.0,
                "weight": 0.0010401538713391062,
                "kwargs": {
                    "type": "dict",
                    "arguments": {
                        "ellipses.0.ell_comps.ell_comps_0": -0.25298080252938,
                        "ellipses.0.ell_comps.ell_comps_1": 0.013715929733776106,
                        "multipoles.0.multipole_3.multipole_comps.multipole_comps_0": -0.0007911745420341755,
                        "multipoles.0.multipole_3.multipole_comps.multipole_comps_1": -0.048516086477465394,
                        "multipoles.0.multipole_4.multipole_comps.multipole_comps_0": 0.0027873524574,
                        "multipoles.0.multipole_4.multipole_comps.multipole_comps_1": 0.0324524446444528
                    }
                }
            }
        },
        "errors_at_sigma_3": {
            "type": "list",
            "values": [
                {
                    "type": "tuple",
                    "values": [
                        0.016179795421392196,
                        0.005624254899479431
                    ]
                },
                {
                    "type": "tuple",
                    "values": [
                        0.020838069914446106,
                        0.015303112574563895
                    ]
                },
                {
                    "type": "tuple",
                    "values": [
                        0.06398134394797492,
                        0.07295886516115366
                    ]
                },
                {
                    "type": "tuple",
                    "values": [
                        0.033159249246548096,
                        0.08052708272167539
                    ]
                },
                {
                    "type": "tuple",
                    "values": [
                        0.0806626444270527,
                        0.0634363228108
                    ]
                },
                {
                    "type": "tuple",
                    "values": [
                        0.11204855618004281,
                        0.052698518202079984
                    ]
                }
            ]
        },
        "log_evidence": -71.03836723452757,
        "errors_at_sigma_1": {
            "type": "list",
            "values": [
                {
                    "type": "tuple",
                    "values": [
                        0.001802676238862544,
                        0.0017135635399646576
                    ]
                },
                {
                    "type": "tuple",
                    "values": [
                        0.0034784992546399197,
                        0.006475777131613894
                    ]
                },
                {
                    "type": "tuple",
                    "values": [
                        0.02868800218389957,
                        0.022404021952936868
                    ]
                },
                {
                    "type": "tuple",
                    "values": [
                        0.012984600594966644,
                        0.02095646961286821
                    ]
                },
                {
                    "type": "tuple",
                    "values": [
                        0.025690951835114027,
                        0.020089344029382457
                    ]
                },
                {
                    "type": "tuple",
                    "values": [
                        0.027407793582521493,
                        0.015401185674233701
                    ]
                }
            ]
        },
        "model": null,
        "values_at_sigma_3": {
            "type": "list",
            "values": [
                {
                    "type": "tuple",
                    "values": [
                        -0.2691605979507722,
                        -0.24735654762990056
                    ]
                },
                {
                    "type": "tuple",
                    "values": [
                        -0.00712214018067,
                        0.02901904230834
                    ]
                },
                {
                    "type": "tuple",
                    "values": [
                        -0.06477251849000909,
                        0.07216769061911948
                    ]
                },
                {
                    "type": "tuple",
                    "values": [
                        -0.08167533572401349,
                        0.03201099624421
                    ]
                },
                {
                    "type": "tuple",
                    "values": [
                        -0.0778752919696527,
                        0.0662236752682
                    ]
                },
                {
                    "type": "tuple",
                    "values": [
                        -0.07959611153559,
                        0.08515096284653279
                    ]
                }
            ]
        },
        "max_log_likelihood_sample": {
            "type": "instance",
            "class_path": "autofit.non_linear.samples.sample.Sample",
            "arguments": {
                "log_likelihood": -52.56779753492245,
                "log_prior": 0.0,
                "weight": 0.0010401538713391062,
                "kwargs": {
                    "type": "dict",
                    "arguments": {
                        "ellipses.0.ell_comps.ell_comps_0": -0.25190668663863,
                        "ellipses.0.ell_comps.ell_comps_1": 0.01418379206465,
                        "multipoles.0.multipole_3.multipole_comps.multipole_comps_0": 0.00672334309653,
                        "multipoles.0.multipole_3.multipole_comps.multipole_comps_1": -0.05548126360004,
                        "multipoles.0.multipole_4.multipole_comps.multipole_comps_0": 0.00659785573761,
                        "multipoles.0.multipole_4.multipole_comps.multipole_comps_1": 0.03305679471701
                    }
                }
            }
        },
        "values_at_sigma_1": {
            "type": "list",
            "values": [
                {
                    "type": "tuple",
                    "values": [
                        -0.25478347876824253,
                        -0.25126723898941533
                    ]
                },
                {
                    "type": "tuple",
                    "values": [
                        0.010237430479136186,
                        0.02019170686539
                    ]
                },
                {
                    "type": "tuple",
                    "values": [
                        -0.029479176725933746,
                        0.02161284741090269
                    ]
                },
                {
                    "type": "tuple",
                    "values": [
                        -0.06150068707243204,
                        -0.027559616864597184
                    ]
                },
                {
                    "type": "tuple",
                    "values": [
                        -0.022903599377714027,
                        0.022876696486782457
                    ]
                },
                {
                    "type": "tuple",
                    "values": [
                        0.005044651061931309,
                        0.0478536303186865
                    ]
                }
            ]
        }
    }
}