{
    "type": "instance",
    "class_path": "autofit.non_linear.samples.summary.SamplesSummary",
    "arguments": {
        "errors_at_sigma_1": {
            "type": "list",
            "values": [
                {
                    "type": "tuple",
                    "values": [
                        0.00115999919240109,
                        0.0012251702069621395
                    ]
                },
                {
                    "type": "tuple",
                    "values": [
                        0.0010395419035534315,
                        0.0011972811628458702
                    ]
                },
                {
                    "type": "tuple",
                    "values": [
                        0.002048583007134843,
                        0.001954715837835186
                    ]
                },
                {
                    "type": "tuple",
                    "values": [
                        0.0020355462315262366,
                        0.0017486842796899998
                    ]
                },
                {
                    "type": "tuple",
                    "values": [
                        0.0023492348441149676,
                        0.0019852553605749813
                    ]
                },
                {
                    "type": "tuple",
                    "values": [
                        0.001825316997798562,
                        0.0019502336206114381
                    ]
                }
            ]
        },
        "max_log_likelihood_sample": {
            "type": "instance",
            "class_path": "autofit.non_linear.samples.sample.Sample",
            "arguments": {
                "log_likelihood": -127.82037409779781,
                "log_prior": 0.0,
                "weight": 0.0010284788182169148,
                "kwargs": {
                    "type": "dict",
                    "arguments": {
                        "ellipses.0.ell_comps.ell_comps_0": -0.1993272055448,
                        "ellipses.0.ell_comps.ell_comps_1": -0.21427558289492,
                        "multipoles.0.multipole_3.multipole_comps.multipole_comps_0": 0.00061216664668,
                        "multipoles.0.multipole_3.multipole_comps.multipole_comps_1": 0.00276642768098,
                        "multipoles.0.multipole_4.multipole_comps.multipole_comps_0": -0.02026184363037,
                        "multipoles.0.multipole_4.multipole_comps.multipole_comps_1": 0.01040830721085
                    }
                }
            }
        },
        "model": null,
        "log_evidence": -154.68333642515364,
        "values_at_sigma_3": {
            "type": "list",
            "values": [
                {
                    "type": "tuple",
                    "values": [
                        -0.20318429113587,
                        -0.1951691870931
                    ]
                },
                {
                    "type": "tuple",
                    "values": [
                        -0.2178626131336091,
                        -0.21034957468528
                    ]
                },
                {
                    "type": "tuple",
                    "values": [
                        -0.00396261050631,
                        0.006540750721029897
                    ]
                },
                {
                    "type": "tuple",
                    "values": [
                        -0.0024449031533620323,
                        0.009132843751276086
                    ]
                },
                {
                    "type": "tuple",
                    "values": [
                        -0.0269057222358,
                        -0.014408960805412053
                    ]
                },
                {
                    "type": "tuple",
                    "values": [
                        0.00407281296999,
                        0.015580986708047648
                    ]
                }
            ]
        },
        "values_at_sigma_1": {
            "type": "list",
            "values": [
                {
                    "type": "tuple",
                    "values": [
                        -0.20027516935119,
                        -0.19788999995182677
                    ]
                },
                {
                    "type": "tuple",
                    "values": [
                        -0.21525292351587505,
                        -0.21301610044947575
                    ]
                },
                {
                    "type": "tuple",
                    "values": [
                        -0.0005905453350252774,
                        0.0034127535099447515
                    ]
                },
                {
                    "type": "tuple",
                    "values": [
                        0.0013029134179737636,
                        0.00508714392919
                    ]
                },
                {
                    "type": "tuple",
                    "values": [
                        -0.02275724612195497,
                        -0.01842275591726502
                    ]
                },
                {
                    "type": "tuple",
                    "values": [
                        0.00758733572267,
                        0.01136288634108
                    ]
                }
            ]
        },
        "errors_at_sigma_3": {
            "type": "list",
            "values": [
                {
                    "type": "tuple",
                    "values": [
                        0.004069120977081092,
                        0.003945983065688913
                    ]
                },
                {
                    "type": "tuple",
                    "values": [
                        0.003649231521287488,
                        0.0038638069270416076
                    ]
                },
                {
                    "type": "tuple",
                    "values": [
                        0.005420648178419566,
                        0.005082713048920331
                    ]
                },
                {
                    "type": "tuple",
                    "values": [
                        0.005783362802862032,
                        0.005794384101776086
                    ]
                },
                {
                    "type": "tuple",
                    "values": [
                        0.00649771095796,
                        0.005999050472427948
                    ]
                },
                {
                    "type": "tuple",
                    "values": [
                        0.005339839750478562,
                        0.006168333987579086
                    ]
                }
            ]
        },
        "median_pdf_sample": {
            "type": "instance",
            "class_path": "autofit.non_linear.samples.sample.Sample",
            "arguments": {
                "log_likelihood": -127.82037409779781,
                "log_prior": 0.0,
                "weight": 0.0010284788182169148,
                "kwargs": {
                    "type": "dict",
                    "arguments": {
                        "ellipses.0.ell_comps.ell_comps_0": -0.1991151701587889,
                        "ellipses.0.ell_comps.ell_comps_1": -0.21421338161232162,
                        "multipoles.0.multipole_3.multipole_comps.multipole_comps_0": 0.0014580376721095656,
                        "multipoles.0.multipole_3.multipole_comps.multipole_comps_1": 0.0033384596495,
                        "multipoles.0.multipole_4.multipole_comps.multipole_comps_0": -0.02040801127784,
                        "multipoles.0.multipole_4.multipole_comps.multipole_comps_1": 0.009412652720468562
                    }
                }
            }
        }
    }
}