{
    "type": "instance",
    "class_path": "autofit.non_linear.samples.summary.SamplesSummary",
    "arguments": {
        "log_evidence": -16.166429715900996,
        "values_at_sigma_1": {
            "type": "list",
            "values": [
                {
                    "type": "tuple",
                    "values": [
                        -0.060280060373947196,
                        -0.03471146669988
                    ]
                },
                {
                    "type": "tuple",
                    "values": [
                        -0.05297582110905,
                        -0.02231699619605536
                    ]
                }
            ]
        },
        "max_log_likelihood_sample": {
            "type": "instance",
            "class_path": "autofit.non_linear.samples.sample.Sample",
            "arguments": {
                "log_likelihood": -9.043378125175504,
                "log_prior": 0.0,
                "weight": 0.0009764647861414212,
                "kwargs": {
                    "type": "dict",
                    "arguments": {
                        "ellipses.0.ell_comps.ell_comps_0": -0.04428558986474,
                        "ellipses.0.ell_comps.ell_comps_1": -0.03478465029435
                    }
                }
            }
        },
        "model": null,
        "errors_at_sigma_1": {
            "type": "list",
            "values": [
                {
                    "type": "tuple",
                    "values": [
                        0.013580111019497194,
                        0.011988482654570004
                    ]
                },
                {
                    "type": "tuple",
                    "values": [
                        0.017653907310605947,
                        0.013004917602388689
                    ]
                }
            ]
        },
        "median_pdf_sample": {
            "type": "instance",
            "class_path": "autofit.non_linear.samples.sample.Sample",
            "arguments": {
                "log_likelihood": -9.043378125175504,
                "log_prior": 0.0,
                "weight": 0.0009764647861414212,
                "kwargs": {
                    "type": "dict",
                    "arguments": {
                        "ellipses.0.ell_comps.ell_comps_0": -0.04669994935445,
                        "ellipses.0.ell_comps.ell_comps_1": -0.03532191379844405
                    }
                }
            }
        },
        "values_at_sigma_3": {
            "type": "list",
            "values": [
                {
                    "type": "tuple",
                    "values": [
                        -0.08509257535018537,
                        -0.0033010669668
                    ]
                },
                {
                    "type": "tuple",
                    "values": [
                        -0.087033829076315,
                        0.013030876524713613
                    ]
                }
            ]
        },
        "errors_at_sigma_3": {
            "type": "list",
            "values": [
                {
                    "type": "tuple",
                    "values": [
                        0.03839262599573537,
                        0.04339888238765
                    ]
                },
                {
                    "type": "tuple",
                    "values": [
                        0.05171191527787095,
                        0.04835279032315766
                    ]
                }
            ]
        }
    }
}