{
    "type": "instance",
    "class_path": "autofit.non_linear.samples.summary.SamplesSummary",
    "arguments": {
        "median_pdf_sample": {
            "type": "instance",
            "class_path": "autofit.non_linear.samples.sample.Sample",
            "arguments": {
                "log_likelihood": -44.349796227214014,
                "log_prior": 0.0,
                "weight": 0.0010200152023541016,
                "kwargs": {
                    "type": "dict",
                    "arguments": {
                        "ellipses.0.ell_comps.ell_comps_0": -0.2055280123218802,
                        "ellipses.0.ell_comps.ell_comps_1": 0.01617790896729167,
                        "multipoles.0.multipole_3.multipole_comps.multipole_comps_0": -0.0007024944925382829,
                        "multipoles.0.multipole_3.multipole_comps.multipole_comps_1": 0.018599971496946324,
                        "multipoles.0.multipole_4.multipole_comps.multipole_comps_0": -0.04620871622368652,
                        "multipoles.0.multipole_4.multipole_comps.multipole_comps_1": -0.010636984006420776
                    }
                }
            }
        },
        "errors_at_sigma_3": {
            "type": "list",
            "values": [
                {
                    "type": "tuple",
                    "values": [
                        0.007251718582459793,
                        0.023323158441018704
                    ]
                },
                {
                    "type": "tuple",
                    "values": [
                        0.012201260120022936,
                        0.014028269908896378
                    ]
                },
                {
                    "type": "tuple",
                    "values": [
                        0.04686242774395618,
                        0.047546367609568284
                    ]
                },
                {
                    "type": "tuple",
                    "values": [
                        0.05199136522909211,
                        0.03465609517662368
                    ]
                },
                {
                    "type": "tuple",
                    "values": [
                        0.03282658055109441,
                        0.11723987031965383
                    ]
                },
                {
                    "type": "tuple",
                    "values": [
                        0.049053677780582595,
                        0.05253053246391811
                    ]
                }
            ]
        },
        "log_evidence": -62.1075621214777,
        "errors_at_sigma_1": {
            "type": "list",
            "values": [
                {
                    "type": "tuple",
                    "values": [
                        0.002264055394856218,
                        0.002381760215772688
                    ]
                },
                {
                    "type": "tuple",
                    "values": [
                        0.004092341364838615,
                        0.004437142139558328
                    ]
                },
                {
                    "type": "tuple",
                    "values": [
                        0.01212662542272903,
                        0.014017726595149767
                    ]
                },
                {
                    "type": "tuple",
                    "values": [
                        0.013871335864283508,
                        0.013287257008013677
                    ]
                },
                {
                    "type": "tuple",
                    "values": [
                        0.009681859990413336,
                        0.011266828484519341
                    ]
                },
                {
                    "type": "tuple",
                    "values": [
                        0.015404117051179226,
                        0.01260591545819146
                    ]
                }
            ]
        },
        "model": null,
        "values_at_sigma_3": {
            "type": "list",
            "values": [
                {
                    "type": "tuple",
                    "values": [
                        -0.21277973090434,
                        -0.1822048538808615
                    ]
                },
                {
                    "type": "tuple",
                    "values": [
                        0.003976648847268735,
                        0.03020617887618805
                    ]
                },
                {
                    "type": "tuple",
                    "values": [
                        -0.047564922236494465,
                        0.04684387311703
                    ]
                },
                {
                    "type": "tuple",
                    "values": [
                        -0.03339139373214579,
                        0.05325606667357
                    ]
                },
                {
                    "type": "tuple",
                    "values": [
                        -0.07903529677478092,
                        0.0710311540959673
                    ]
                },
                {
                    "type": "tuple",
                    "values": [
                        -0.05969066178700337,
                        0.041893548457497334
                    ]
                }
            ]
        },
        "max_log_likelihood_sample": {
            "type": "instance",
            "class_path": "autofit.non_linear.samples.sample.Sample",
            "arguments": {
                "log_likelihood": -44.349796227214014,
                "log_prior": 0.0,
                "weight": 0.0010200152023541016,
                "kwargs": {
                    "type": "dict",
                    "arguments": {
                        "ellipses.0.ell_comps.ell_comps_0": -0.20397141398769,
                        "ellipses.0.ell_comps.ell_comps_1": 0.01764294968836,
                        "multipoles.0.multipole_3.multipole_comps.multipole_comps_0": 0.00075777966391,
                        "multipoles.0.multipole_3.multipole_comps.multipole_comps_1": 0.03465794694651,
                        "multipoles.0.multipole_4.multipole_comps.multipole_comps_0": -0.04534778531468,
                        "multipoles.0.multipole_4.multipole_comps.multipole_comps_1": -0.00803734162892
                    }
                }
            }
        },
        "values_at_sigma_1": {
            "type": "list",
            "values": [
                {
                    "type": "tuple",
                    "values": [
                        -0.20779206771673642,
                        -0.2031462521061075
                    ]
                },
                {
                    "type": "tuple",
                    "values": [
                        0.012085567602453056,
                        0.02061505110685
                    ]
                },
                {
                    "type": "tuple",
                    "values": [
                        -0.012829119915267313,
                        0.013315232102611485
                    ]
                },
                {
                    "type": "tuple",
                    "values": [
                        0.0047286356326628155,
                        0.03188722850496
                    ]
                },
                {
                    "type": "tuple",
                    "values": [
                        -0.05589057621409985,
                        -0.03494188773916718
                    ]
                },
                {
                    "type": "tuple",
                    "values": [
                        -0.0260411010576,
                        0.0019689314517706835
                    ]
                }
            ]
        }
    }
}