{
    "type": "instance",
    "class_path": "autofit.non_linear.samples.summary.SamplesSummary",
    "arguments": {
        "log_evidence": -44.99786847106361,
        "max_log_likelihood_sample": {
            "type": "instance",
            "class_path": "autofit.non_linear.samples.sample.Sample",
            "arguments": {
                "log_likelihood": -26.240136154225976,
                "log_prior": 0.0,
                "weight": 0.0009377875312638102,
                "kwargs": {
                    "type": "dict",
                    "arguments": {
                        "ellipses.0.ell_comps.ell_comps_0": -0.0845465075509,
                        "ellipses.0.ell_comps.ell_comps_1": 0.05648362600813,
                        "multipoles.0.multipole_3.multipole_comps.multipole_comps_0": -0.0181645739465,
                        "multipoles.0.multipole_3.multipole_comps.multipole_comps_1": 0.01745642944526,
                        "multipoles.0.multipole_4.multipole_comps.multipole_comps_0": -0.02168426151891,
                        "multipoles.0.multipole_4.multipole_comps.multipole_comps_1": 0.01095626476762
                    }
                }
            }
        },
        "errors_at_sigma_1": {
            "type": "list",
            "values": [
                {
                    "type": "tuple",
                    "values": [
                        0.003189734442844011,
                        0.002663212960115985
                    ]
                },
                {
                    "type": "tuple",
                    "values": [
                        0.003854294963131756,
                        0.004343716030161579
                    ]
                },
                {
                    "type": "tuple",
                    "values": [
                        0.012965355340922125,
                        0.011253084542057422
                    ]
                },
                {
                    "type": "tuple",
                    "values": [
                        0.016589008557917773,
                        0.016063744204130002
                    ]
                },
                {
                    "type": "tuple",
                    "values": [
                        0.017519014355086897,
                        0.020036196335404093
                    ]
                },
                {
                    "type": "tuple",
                    "values": [
                        0.013061370013663238,
                        0.013042218824518184
                    ]
                }
            ]
        },
        "values_at_sigma_1": {
            "type": "list",
            "values": [
                {
                    "type": "tuple",
                    "values": [
                        -0.08803936172894,
                        -0.08218641432598
                    ]
                },
                {
                    "type": "tuple",
                    "values": [
                        0.053439750379388244,
                        0.06163776137268158
                    ]
                },
                {
                    "type": "tuple",
                    "values": [
                        -0.022935560692769547,
                        0.00128287919021
                    ]
                },
                {
                    "type": "tuple",
                    "values": [
                        -0.007393591616127773,
                        0.02525916114592
                    ]
                },
                {
                    "type": "tuple",
                    "values": [
                        -0.042904643466884725,
                        -0.005349432776393735
                    ]
                },
                {
                    "type": "tuple",
                    "values": [
                        0.0031253822719185796,
                        0.0292289711101
                    ]
                }
            ]
        },
        "values_at_sigma_3": {
            "type": "list",
            "values": [
                {
                    "type": "tuple",
                    "values": [
                        -0.10418751148967251,
                        -0.0760224656805971
                    ]
                },
                {
                    "type": "tuple",
                    "values": [
                        0.04355198985244,
                        0.07772441087378296
                    ]
                },
                {
                    "type": "tuple",
                    "values": [
                        -0.04412099027204,
                        0.02725640511821
                    ]
                },
                {
                    "type": "tuple",
                    "values": [
                        -0.07114644793844621,
                        0.07312950305623898
                    ]
                },
                {
                    "type": "tuple",
                    "values": [
                        -0.07126523194274952,
                        0.01801645184683
                    ]
                },
                {
                    "type": "tuple",
                    "values": [
                        -0.027050316729627454,
                        0.0788924441868
                    ]
                }
            ]
        },
        "model": null,
        "median_pdf_sample": {
            "type": "instance",
            "class_path": "autofit.non_linear.samples.sample.Sample",
            "arguments": {
                "log_likelihood": -26.240136154225976,
                "log_prior": 0.0,
                "weight": 0.0009377875312638102,
                "kwargs": {
                    "type": "dict",
                    "arguments": {
                        "ellipses.0.ell_comps.ell_comps_0": -0.08484962728609599,
                        "ellipses.0.ell_comps.ell_comps_1": 0.05729404534252,
                        "multipoles.0.multipole_3.multipole_comps.multipole_comps_0": -0.009970205351847422,
                        "multipoles.0.multipole_3.multipole_comps.multipole_comps_1": 0.00919541694179,
                        "multipoles.0.multipole_4.multipole_comps.multipole_comps_0": -0.025385629111797828,
                        "multipoles.0.multipole_4.multipole_comps.multipole_comps_1": 0.016186752285581817
                    }
                }
            }
        },
        "errors_at_sigma_3": {
            "type": "list",
            "values": [
                {
                    "type": "tuple",
                    "values": [
                        0.019337884203576516,
                        0.008827161605498887
                    ]
                },
                {
                    "type": "tuple",
                    "values": [
                        0.01374205549008,
                        0.020430365531262956
                    ]
                },
                {
                    "type": "tuple",
                    "values": [
                        0.03415078492019258,
                        0.037226610470057424
                    ]
                },
                {
                    "type": "tuple",
                    "values": [
                        0.08034186488023622,
                        0.06393408611444898
                    ]
                },
                {
                    "type": "tuple",
                    "values": [
                        0.04587960283095169,
                        0.043402080958627826
                    ]
                },
                {
                    "type": "tuple",
                    "values": [
                        0.04323706901520927,
                        0.06270569190121818
                    ]
                }
            ]
        }
    }
}