{
    "type": "instance",
    "class_path": "autofit.non_linear.samples.summary.SamplesSummary",
    "arguments": {
        "errors_at_sigma_1": {
            "type": "list",
            "values": [
                {
                    "type": "tuple",
                    "values": [
                        0.056586876286110886,
                        0.03771889019101608
                    ]
                },
                {
                    "type": "tuple",
                    "values": [
                        0.030980860911832844,
                        0.05103126941976163
                    ]
                },
                {
                    "type": "tuple",
                    "values": [
                        0.022488074895137742,
                        0.024509914166942252
                    ]
                },
                {
                    "type": "tuple",
                    "values": [
                        0.01689466705950528,
                        0.018522896115477583
                    ]
                },
                {
                    "type": "tuple",
                    "values": [
                        0.0454343194389,
                        0.03235877552951349
                    ]
                },
                {
                    "type": "tuple",
                    "values": [
                        0.04025067107986893,
                        0.03723264845507078
                    ]
                }
            ]
        },
        "max_log_likelihood_sample": {
            "type": "instance",
            "class_path": "autofit.non_linear.samples.sample.Sample",
            "arguments": {
                "log_likelihood": -14.427688763373647,
                "log_prior": 0.0,
                "weight": 0.001034279766888514,
                "kwargs": {
                    "type": "dict",
                    "arguments": {
                        "ellipses.0.ell_comps.ell_comps_0": -0.02774871307857,
                        "ellipses.0.ell_comps.ell_comps_1": 0.13179717498769,
                        "multipoles.0.multipole_3.multipole_comps.multipole_comps_0": 0.03569676811019,
                        "multipoles.0.multipole_3.multipole_comps.multipole_comps_1": 0.03210521492194,
                        "multipoles.0.multipole_4.multipole_comps.multipole_comps_0": 0.00355368245985,
                        "multipoles.0.multipole_4.multipole_comps.multipole_comps_1": 0.06315769140466
                    }
                }
            }
        },
        "errors_at_sigma_3": {
            "type": "list",
            "values": [
                {
                    "type": "tuple",
                    "values": [
                        0.10658098238500724,
                        0.11055841381938472
                    ]
                },
                {
                    "type": "tuple",
                    "values": [
                        0.09465020999770837,
                        0.13606566659039304
                    ]
                },
                {
                    "type": "tuple",
                    "values": [
                        0.10346993051128775,
                        0.05412251451816564
                    ]
                },
                {
                    "type": "tuple",
                    "values": [
                        0.10036173892197528,
                        0.05554817316833718
                    ]
                },
                {
                    "type": "tuple",
                    "values": [
                        0.10840452247586001,
                        0.08564785909634
                    ]
                },
                {
                    "type": "tuple",
                    "values": [
                        0.12135842047589283,
                        0.06392989368103565
                    ]
                }
            ]
        },
        "values_at_sigma_1": {
            "type": "list",
            "values": [
                {
                    "type": "tuple",
                    "values": [
                        -0.0962718237326656,
                        -0.001966057255538629
                    ]
                },
                {
                    "type": "tuple",
                    "values": [
                        0.12486845576480553,
                        0.2068805860964
                    ]
                },
                {
                    "type": "tuple",
                    "values": [
                        0.01797380221563,
                        0.06497179127771
                    ]
                },
                {
                    "type": "tuple",
                    "values": [
                        0.01863256239816,
                        0.054050125573142864
                    ]
                },
                {
                    "type": "tuple",
                    "values": [
                        -0.03399816775325,
                        0.04379492721516349
                    ]
                },
                {
                    "type": "tuple",
                    "values": [
                        -0.007290011858768928,
                        0.07019330767617078
                    ]
                }
            ]
        },
        "median_pdf_sample": {
            "type": "instance",
            "class_path": "autofit.non_linear.samples.sample.Sample",
            "arguments": {
                "log_likelihood": -14.427688763373647,
                "log_prior": 0.0,
                "weight": 0.001034279766888514,
                "kwargs": {
                    "type": "dict",
                    "arguments": {
                        "ellipses.0.ell_comps.ell_comps_0": -0.039684947446554715,
                        "ellipses.0.ell_comps.ell_comps_1": 0.15584931667663837,
                        "multipoles.0.multipole_3.multipole_comps.multipole_comps_0": 0.04046187711076774,
                        "multipoles.0.multipole_3.multipole_comps.multipole_comps_1": 0.03552722945766528,
                        "multipoles.0.multipole_4.multipole_comps.multipole_comps_0": 0.01143615168565,
                        "multipoles.0.multipole_4.multipole_comps.multipole_comps_1": 0.0329606592211
                    }
                }
            }
        },
        "model": null,
        "log_evidence": -27.652229644151173,
        "values_at_sigma_3": {
            "type": "list",
            "values": [
                {
                    "type": "tuple",
                    "values": [
                        -0.14626592983156195,
                        0.07087346637283
                    ]
                },
                {
                    "type": "tuple",
                    "values": [
                        0.06119910667893,
                        0.2919149832670314
                    ]
                },
                {
                    "type": "tuple",
                    "values": [
                        -0.06300805340052,
                        0.09458439162893338
                    ]
                },
                {
                    "type": "tuple",
                    "values": [
                        -0.06483450946431,
                        0.09107540262600246
                    ]
                },
                {
                    "type": "tuple",
                    "values": [
                        -0.09696837079021,
                        0.09708401078199
                    ]
                },
                {
                    "type": "tuple",
                    "values": [
                        -0.08839776125479283,
                        0.09689055290213565
                    ]
                }
            ]
        }
    }
}