{
    "type": "instance",
    "class_path": "autofit.non_linear.samples.summary.SamplesSummary",
    "arguments": {
        "max_log_likelihood_sample": {
            "type": "instance",
            "class_path": "autofit.non_linear.samples.sample.Sample",
            "arguments": {
                "log_likelihood": -48.26083498650778,
                "log_prior": 0.0,
                "weight": 0.0009971543951168478,
                "kwargs": {
                    "type": "dict",
                    "arguments": {
                        "ellipses.0.ell_comps.ell_comps_0": 0.00944833141663,
                        "ellipses.0.ell_comps.ell_comps_1": 0.01802204481686
                    }
                }
            }
        },
        "errors_at_sigma_1": {
            "type": "list",
            "values": [
                {
                    "type": "tuple",
                    "values": [
                        0.0014280949540784876,
                        0.0017341489637116674
                    ]
                },
                {
                    "type": "tuple",
                    "values": [
                        0.0012464873514201232,
                        0.0009138271918219046
                    ]
                }
            ]
        },
        "errors_at_sigma_3": {
            "type": "list",
            "values": [
                {
                    "type": "tuple",
                    "values": [
                        0.005334767576716092,
                        0.00859082370334466
                    ]
                },
                {
                    "type": "tuple",
                    "values": [
                        0.006155474780154354,
                        0.005292051305009999
                    ]
                }
            ]
        },
        "model": null,
        "median_pdf_sample": {
            "type": "instance",
            "class_path": "autofit.non_linear.samples.sample.Sample",
            "arguments": {
                "log_likelihood": -48.26083498650778,
                "log_prior": 0.0,
                "weight": 0.0009971543951168478,
                "kwargs": {
                    "type": "dict",
                    "arguments": {
                        "ellipses.0.ell_comps.ell_comps_0": 0.00936108270940437,
                        "ellipses.0.ell_comps.ell_comps_1": 0.01747653172737
                    }
                }
            }
        },
        "log_evidence": -60.091331506408196,
        "values_at_sigma_1": {
            "type": "list",
            "values": [
                {
                    "type": "tuple",
                    "values": [
                        0.007932987755325882,
                        0.011095231673116037
                    ]
                },
                {
                    "type": "tuple",
                    "values": [
                        0.016230044375949878,
                        0.018390358919191906
                    ]
                }
            ]
        },
        "values_at_sigma_3": {
            "type": "list",
            "values": [
                {
                    "type": "tuple",
                    "values": [
                        0.004026315132688278,
                        0.01795190641274903
                    ]
                },
                {
                    "type": "tuple",
                    "values": [
                        0.011321056947215647,
                        0.02276858303238
                    ]
                }
            ]
        }
    }
}