{
    "type": "instance",
    "class_path": "autofit.non_linear.samples.summary.SamplesSummary",
    "arguments": {
        "model": null,
        "values_at_sigma_1": {
            "type": "list",
            "values": [
                {
                    "type": "tuple",
                    "values": [
                        0.00080875014176,
                        0.04948201976342
                    ]
                },
                {
                    "type": "tuple",
                    "values": [
                        -0.07772944463526629,
                        -0.04925780963446
                    ]
                },
                {
                    "type": "tuple",
                    "values": [
                        -0.06563524067222747,
                        0.02291527303357
                    ]
                },
                {
                    "type": "tuple",
                    "values": [
                        -0.12583790067322,
                        -0.05193332135212
                    ]
                },
                {
                    "type": "tuple",
                    "values": [
                        -0.05416639145939075,
                        0.04618758654636
                    ]
                },
                {
                    "type": "tuple",
                    "values": [
                        -0.025480838958350176,
                        0.04154067692623437
                    ]
                },
                {
                    "type": "tuple",
                    "values": [
                        -0.016039407463432683,
                        0.07736779503142296
                    ]
                },
                {
                    "type": "tuple",
                    "values": [
                        0.01584996414129,
                        0.09354408851097883
                    ]
                }
            ]
        },
        "log_evidence": -46.21320006816573,
        "errors_at_sigma_1": {
            "type": "list",
            "values": [
                {
                    "type": "tuple",
                    "values": [
                        0.019537285729922423,
                        0.02913598389173758
                    ]
                },
                {
                    "type": "tuple",
                    "values": [
                        0.011563294288219853,
                        0.016908340712586442
                    ]
                },
                {
                    "type": "tuple",
                    "values": [
                        0.043762314425117466,
                        0.04478819928068
                    ]
                },
                {
                    "type": "tuple",
                    "values": [
                        0.03814695335643001,
                        0.035757625964670005
                    ]
                },
                {
                    "type": "tuple",
                    "values": [
                        0.03816858281815098,
                        0.062185395187599773
                    ]
                },
                {
                    "type": "tuple",
                    "values": [
                        0.04099142185799054,
                        0.02603009402659401
                    ]
                },
                {
                    "type": "tuple",
                    "values": [
                        0.037838729870032686,
                        0.055568472624822965
                    ]
                },
                {
                    "type": "tuple",
                    "values": [
                        0.06017913478905,
                        0.017514989580638823
                    ]
                }
            ]
        },
        "values_at_sigma_3": {
            "type": "list",
            "values": [
                {
                    "type": "tuple",
                    "values": [
                        -0.018613422857,
                        0.06272794490614252
                    ]
                },
                {
                    "type": "tuple",
                    "values": [
                        -0.09050183852144,
                        0.0011733620230800032
                    ]
                },
                {
                    "type": "tuple",
                    "values": [
                        -0.12008749373088642,
                        0.15311758678762477
                    ]
                },
                {
                    "type": "tuple",
                    "values": [
                        -0.19643708132612372,
                        0.10507843198742188
                    ]
                },
                {
                    "type": "tuple",
                    "values": [
                        -0.09504356077379529,
                        0.09817872339069403
                    ]
                },
                {
                    "type": "tuple",
                    "values": [
                        -0.09066483632585,
                        0.0881468101429
                    ]
                },
                {
                    "type": "tuple",
                    "values": [
                        -0.07463593081488,
                        0.09909754523329
                    ]
                },
                {
                    "type": "tuple",
                    "values": [
                        -0.0875244938962,
                        0.09987162073177396
                    ]
                }
            ]
        },
        "errors_at_sigma_3": {
            "type": "list",
            "values": [
                {
                    "type": "tuple",
                    "values": [
                        0.03895945872868242,
                        0.0423819090344601
                    ]
                },
                {
                    "type": "tuple",
                    "values": [
                        0.024335688174393563,
                        0.06733951237012645
                    ]
                },
                {
                    "type": "tuple",
                    "values": [
                        0.09821456748377642,
                        0.17499051303473478
                    ]
                },
                {
                    "type": "tuple",
                    "values": [
                        0.10874613400933372,
                        0.1927693793042119
                    ]
                },
                {
                    "type": "tuple",
                    "values": [
                        0.07904575213255552,
                        0.1141765320319338
                    ]
                },
                {
                    "type": "tuple",
                    "values": [
                        0.10617541922549037,
                        0.07263622724325963
                    ]
                },
                {
                    "type": "tuple",
                    "values": [
                        0.09643525322148,
                        0.07729822282669
                    ]
                },
                {
                    "type": "tuple",
                    "values": [
                        0.16355359282654,
                        0.023842521801433952
                    ]
                }
            ]
        },
        "median_pdf_sample": {
            "type": "instance",
            "class_path": "autofit.non_linear.samples.sample.Sample",
            "arguments": {
                "log_likelihood": -28.697596742672815,
                "log_prior": 0.0,
                "weight": 0.000985168646554429,
                "kwargs": {
                    "type": "dict",
                    "arguments": {
                        "ellipses.0.ell_comps.ell_comps_0": 0.020346035871682423,
                        "ellipses.0.ell_comps.ell_comps_1": -0.06616615034704644,
                        "multipoles.0.multipole_1.multipole_comps.multipole_comps_0": -0.02187292624711,
                        "multipoles.0.multipole_1.multipole_comps.multipole_comps_1": -0.08769094731679,
                        "multipoles.0.multipole_3.multipole_comps.multipole_comps_0": -0.015997808641239772,
                        "multipoles.0.multipole_3.multipole_comps.multipole_comps_1": 0.015510582899640364,
                        "multipoles.0.multipole_4.multipole_comps.multipole_comps_0": 0.0217993224066,
                        "multipoles.0.multipole_4.multipole_comps.multipole_comps_1": 0.07602909893034
                    }
                }
            }
        },
        "max_log_likelihood_sample": {
            "type": "instance",
            "class_path": "autofit.non_linear.samples.sample.Sample",
            "arguments": {
                "log_likelihood": -28.697596742672815,
                "log_prior": 0.0,
                "weight": 0.000985168646554429,
                "kwargs": {
                    "type": "dict",
                    "arguments": {
                        "ellipses.0.ell_comps.ell_comps_0": 0.05274284633867,
                        "ellipses.0.ell_comps.ell_comps_1": -0.05761212620199,
                        "multipoles.0.multipole_1.multipole_comps.multipole_comps_0": 0.00024511484759,
                        "multipoles.0.multipole_1.multipole_comps.multipole_comps_1": -0.08879043634521,
                        "multipoles.0.multipole_3.multipole_comps.multipole_comps_0": 0.05233575884834,
                        "multipoles.0.multipole_3.multipole_comps.multipole_comps_1": 0.02538941890396,
                        "multipoles.0.multipole_4.multipole_comps.multipole_comps_0": 0.04211382450823,
                        "multipoles.0.multipole_4.multipole_comps.multipole_comps_1": 0.09489243038894
                    }
                }
            }
        }
    }
}