{
    "type": "instance",
    "class_path": "autofit.non_linear.samples.summary.SamplesSummary",
    "arguments": {
        "errors_at_sigma_1": {
            "type": "list",
            "values": [
                {
                    "type": "tuple",
                    "values": [
                        0.0014199915724699697,
                        0.0016444875656581592
                    ]
                },
                {
                    "type": "tuple",
                    "values": [
                        0.0021904207156837885,
                        0.0018112830111820383
                    ]
                }
            ]
        },
        "model": null,
        "log_evidence": -130.35246471274053,
        "errors_at_sigma_3": {
            "type": "list",
            "values": [
                {
                    "type": "tuple",
                    "values": [
                        0.004016516756675803,
                        0.004585135060126866
                    ]
                },
                {
                    "type": "tuple",
                    "values": [
                        0.004852087490347962,
                        0.005177518934450551
                    ]
                }
            ]
        },
        "max_log_likelihood_sample": {
            "type": "instance",
            "class_path": "autofit.non_linear.samples.sample.Sample",
            "arguments": {
                "log_likelihood": -118.29525055371495,
                "log_prior": 0.0,
                "weight": 0.000983153308845346,
                "kwargs": {
                    "type": "dict",
                    "arguments": {
                        "ellipses.0.ell_comps.ell_comps_0": -0.33391722976608,
                        "ellipses.0.ell_comps.ell_comps_1": -0.07178118374709
                    }
                }
            }
        },
        "values_at_sigma_1": {
            "type": "list",
            "values": [
                {
                    "type": "tuple",
                    "values": [
                        -0.33524081232387,
                        -0.33217633318574186
                    ]
                },
                {
                    "type": "tuple",
                    "values": [
                        -0.07395072078817583,
                        -0.06994901706131
                    ]
                }
            ]
        },
        "median_pdf_sample": {
            "type": "instance",
            "class_path": "autofit.non_linear.samples.sample.Sample",
            "arguments": {
                "log_likelihood": -118.29525055371495,
                "log_prior": 0.0,
                "weight": 0.000983153308845346,
                "kwargs": {
                    "type": "dict",
                    "arguments": {
                        "ellipses.0.ell_comps.ell_comps_0": -0.3338208207514,
                        "ellipses.0.ell_comps.ell_comps_1": -0.07176030007249204
                    }
                }
            }
        },
        "values_at_sigma_3": {
            "type": "list",
            "values": [
                {
                    "type": "tuple",
                    "values": [
                        -0.3378373375080758,
                        -0.32923568569127315
                    ]
                },
                {
                    "type": "tuple",
                    "values": [
                        -0.07661238756284,
                        -0.06658278113804149
                    ]
                }
            ]
        }
    }
}