{
    "type": "instance",
    "class_path": "autofit.non_linear.samples.summary.SamplesSummary",
    "arguments": {
        "values_at_sigma_1": {
            "type": "list",
            "values": [
                {
                    "type": "tuple",
                    "values": [
                        -0.0007081636638952785,
                        0.0009614684437562423
                    ]
                },
                {
                    "type": "tuple",
                    "values": [
                        -0.004569038146320271,
                        -0.0035123325096192677
                    ]
                },
                {
                    "type": "tuple",
                    "values": [
                        -0.016647490212180205,
                        -0.0063457438493388155
                    ]
                },
                {
                    "type": "tuple",
                    "values": [
                        0.04847517891635965,
                        0.05427237940623
                    ]
                },
                {
                    "type": "tuple",
                    "values": [
                        0.0004370366994497374,
                        0.00194585613556
                    ]
                },
                {
                    "type": "tuple",
                    "values": [
                        0.00463313048797,
                        0.006332868666032319
                    ]
                },
                {
                    "type": "tuple",
                    "values": [
                        0.003097801811379732,
                        0.00590562508158
                    ]
                },
                {
                    "type": "tuple",
                    "values": [
                        0.001184353487311808,
                        0.00271178486767
                    ]
                },
                {
                    "type": "tuple",
                    "values": [
                        -0.00242478468848,
                        -0.0004334137338495265
                    ]
                },
                {
                    "type": "tuple",
                    "values": [
                        -0.00535819445111,
                        -0.0035763062638823517
                    ]
                },
                {
                    "type": "tuple",
                    "values": [
                        -0.0029839384394,
                        -0.0013439323598206402
                    ]
                },
                {
                    "type": "tuple",
                    "values": [
                        0.0026613793867673765,
                        0.005924159879112986
                    ]
                },
                {
                    "type": "tuple",
                    "values": [
                        0.01117122332982,
                        0.017926895930270352
                    ]
                },
                {
                    "type": "tuple",
                    "values": [
                        -0.02648169128404597,
                        -0.01838163786154865
                    ]
                },
                {
                    "type": "tuple",
                    "values": [
                        0.01771432728022803,
                        0.02246072213536
                    ]
                },
                {
                    "type": "tuple",
                    "values": [
                        -0.003263887782990104,
                        -0.000388583278315857
                    ]
                },
                {
                    "type": "tuple",
                    "values": [
                        -0.02893755705803,
                        -0.02540198620017
                    ]
                },
                {
                    "type": "tuple",
                    "values": [
                        0.015646218856179433,
                        0.02241430416185324
                    ]
                },
                {
                    "type": "tuple",
                    "values": [
                        -0.025281484805855917,
                        -0.017464154104627594
                    ]
                },
                {
                    "type": "tuple",
                    "values": [
                        -0.05920148178258738,
                        -0.04812333789626686
                    ]
                },
                {
                    "type": "tuple",
                    "values": [
                        -0.07306735109812,
                        -0.059418943895752224
                    ]
                },
                {
                    "type": "tuple",
                    "values": [
                        -0.04028688038759,
                        -0.03304792006871
                    ]
                },
                {
                    "type": "tuple",
                    "values": [
                        0.02436339033722,
                        0.044107314004249394
                    ]
                },
                {
                    "type": "tuple",
                    "values": [
                        0.003491408255109237,
                        0.00706054902547
                    ]
                },
                {
                    "type": "tuple",
                    "values": [
                        0.0038943602759371992,
                        0.01237278913409
                    ]
                },
                {
                    "type": "tuple",
                    "values": [
                        -0.03217133611319,
                        -0.02371363087202
                    ]
                },
                {
                    "type": "tuple",
                    "values": [
                        -0.04086850472674,
                        -0.01187518413296
                    ]
                },
                {
                    "type": "tuple",
                    "values": [
                        -0.1345180777388706,
                        -0.12639129672235
                    ]
                },
                {
                    "type": "tuple",
                    "values": [
                        0.03598553660102,
                        0.04493224096683
                    ]
                },
                {
                    "type": "tuple",
                    "values": [
                        -0.0027507905492,
                        0.00192555995738
                    ]
                },
                {
                    "type": "tuple",
                    "values": [
                        0.0055431249783891535,
                        0.012131409701972524
                    ]
                },
                {
                    "type": "tuple",
                    "values": [
                        -0.01678221657513,
                        -0.01327665278988
                    ]
                },
                {
                    "type": "tuple",
                    "values": [
                        -0.02084987832659203,
                        -0.011407382089175916
                    ]
                },
                {
                    "type": "tuple",
                    "values": [
                        -0.07325728116509,
                        -0.0681006404235266
                    ]
                },
                {
                    "type": "tuple",
                    "values": [
                        0.01807281454723,
                        0.04562203253712
                    ]
                },
                {
                    "type": "tuple",
                    "values": [
                        -0.211552206453,
                        -0.19428576110275378
                    ]
                },
                {
                    "type": "tuple",
                    "values": [
                        0.0487192807364,
                        0.0565862371367896
                    ]
                },
                {
                    "type": "tuple",
                    "values": [
                        -0.01460608053183,
                        -0.00678449075429
                    ]
                },
                {
                    "type": "tuple",
                    "values": [
                        -0.0108346361669,
                        -0.007399359158134729
                    ]
                },
                {
                    "type": "tuple",
                    "values": [
                        -0.04233911925695005,
                        -0.0339978943246806
                    ]
                },
                {
                    "type": "tuple",
                    "values": [
                        0.0017036768720221091,
                        0.005432778261444154
                    ]
                },
                {
                    "type": "tuple",
                    "values": [
                        -0.024694231711761962,
                        -0.01460466859275
                    ]
                }
            ]
        },
        "model": null,
        "values_at_sigma_3": {
            "type": "list",
            "values": [
                {
                    "type": "tuple",
                    "values": [
                        -0.00160550209841,
                        0.0023170418792
                    ]
                },
                {
                    "type": "tuple",
                    "values": [
                        -0.00576043859178,
                        -0.00212313508028
                    ]
                },
                {
                    "type": "tuple",
                    "values": [
                        -0.02307182050027547,
                        0.00207095479281
                    ]
                },
                {
                    "type": "tuple",
                    "values": [
                        0.04599672820606,
                        0.05847898068198376
                    ]
                },
                {
                    "type": "tuple",
                    "values": [
                        -0.00076566419109,
                        0.0031934567817134838
                    ]
                },
                {
                    "type": "tuple",
                    "values": [
                        0.003321132819216142,
                        0.00743038064949
                    ]
                },
                {
                    "type": "tuple",
                    "values": [
                        0.0012045400582953562,
                        0.007275341005328855
                    ]
                },
                {
                    "type": "tuple",
                    "values": [
                        5.766945373e-05,
                        0.00417336480527
                    ]
                },
                {
                    "type": "tuple",
                    "values": [
                        -0.00398601334995059,
                        0.00152568045206
                    ]
                },
                {
                    "type": "tuple",
                    "values": [
                        -0.006684691611446395,
                        -0.002329008173869406
                    ]
                },
                {
                    "type": "tuple",
                    "values": [
                        -0.00561560686713109,
                        -0.00031299719538227446
                    ]
                },
                {
                    "type": "tuple",
                    "values": [
                        0.00067070937675,
                        0.01024494572026
                    ]
                },
                {
                    "type": "tuple",
                    "values": [
                        0.004745247675137979,
                        0.023034521375680947
                    ]
                },
                {
                    "type": "tuple",
                    "values": [
                        -0.029415552436613486,
                        -0.012410712920070495
                    ]
                },
                {
                    "type": "tuple",
                    "values": [
                        0.01403510827265018,
                        0.025352708524783645
                    ]
                },
                {
                    "type": "tuple",
                    "values": [
                        -0.00517175492074,
                        0.002340095804324371
                    ]
                },
                {
                    "type": "tuple",
                    "values": [
                        -0.03392552598279784,
                        -0.02207893640268457
                    ]
                },
                {
                    "type": "tuple",
                    "values": [
                        0.008968155838353035,
                        0.02726253704226
                    ]
                },
                {
                    "type": "tuple",
                    "values": [
                        -0.032157672886053416,
                        -0.003686977839932237
                    ]
                },
                {
                    "type": "tuple",
                    "values": [
                        -0.08115981996827477,
                        -0.04013624357237106
                    ]
                },
                {
                    "type": "tuple",
                    "values": [
                        -0.08525619569798,
                        -0.04735907107881
                    ]
                },
                {
                    "type": "tuple",
                    "values": [
                        -0.04653449370931,
                        -0.027675970604738937
                    ]
                },
                {
                    "type": "tuple",
                    "values": [
                        0.009633402590614345,
                        0.05266349382118901
                    ]
                },
                {
                    "type": "tuple",
                    "values": [
                        -0.0002238681726390781,
                        0.010910385141667978
                    ]
                },
                {
                    "type": "tuple",
                    "values": [
                        -0.010241087821314996,
                        0.020122307067186773
                    ]
                },
                {
                    "type": "tuple",
                    "values": [
                        -0.043893897557226565,
                        -0.0181399565067
                    ]
                },
                {
                    "type": "tuple",
                    "values": [
                        -0.04690791419987,
                        -0.007840615672988303
                    ]
                },
                {
                    "type": "tuple",
                    "values": [
                        -0.1378370368727838,
                        -0.12284280454690906
                    ]
                },
                {
                    "type": "tuple",
                    "values": [
                        0.03071587110058015,
                        0.05425213377471176
                    ]
                },
                {
                    "type": "tuple",
                    "values": [
                        -0.00578142568283,
                        0.005964198382941602
                    ]
                },
                {
                    "type": "tuple",
                    "values": [
                        -0.004421760732228175,
                        0.01791666598822
                    ]
                },
                {
                    "type": "tuple",
                    "values": [
                        -0.018943063139540264,
                        -0.00974417056381
                    ]
                },
                {
                    "type": "tuple",
                    "values": [
                        -0.027579735331904966,
                        -0.005413406650730673
                    ]
                },
                {
                    "type": "tuple",
                    "values": [
                        -0.07854573922601,
                        -0.0589831168802
                    ]
                },
                {
                    "type": "tuple",
                    "values": [
                        0.01146887369624,
                        0.06220317498481
                    ]
                },
                {
                    "type": "tuple",
                    "values": [
                        -0.21375534464453774,
                        -0.1859075107939183
                    ]
                },
                {
                    "type": "tuple",
                    "values": [
                        0.034733539318848865,
                        0.06195671331758274
                    ]
                },
                {
                    "type": "tuple",
                    "values": [
                        -0.023416428004327226,
                        0.0013276705909324132
                    ]
                },
                {
                    "type": "tuple",
                    "values": [
                        -0.01331917282184,
                        -0.004750345156409784
                    ]
                },
                {
                    "type": "tuple",
                    "values": [
                        -0.048438544517092334,
                        -0.02605424030511457
                    ]
                },
                {
                    "type": "tuple",
                    "values": [
                        -0.0013109407514459053,
                        0.00845876931073
                    ]
                },
                {
                    "type": "tuple",
                    "values": [
                        -0.03303535372906,
                        -0.0051297071087
                    ]
                }
            ]
        },
        "max_log_likelihood_sample": {
            "type": "instance",
            "class_path": "autofit.non_linear.samples.sample.Sample",
            "arguments": {
                "log_likelihood": -230.12400846494018,
                "log_prior": 0.0,
                "weight": 0.0010785414642410839,
                "kwargs": {
                    "type": "dict",
                    "arguments": {
                        "ellipses.ellipse_4.centre.centre_0": 5.577256676e-05,
                        "ellipses.ellipse_4.centre.centre_1": -0.00463162821667,
                        "ellipses.ellipse_0.ell_comps.ell_comps_0": -0.01301171948027,
                        "ellipses.ellipse_0.ell_comps.ell_comps_1": 0.04725417572103,
                        "multipoles.0.multipole_1.multipole_comps.multipole_comps_0": 0.00132118973766,
                        "multipoles.0.multipole_1.multipole_comps.multipole_comps_1": 0.00639289616999,
                        "multipoles.0.multipole_3.multipole_comps.multipole_comps_0": 0.00521991465095,
                        "multipoles.0.multipole_3.multipole_comps.multipole_comps_1": 0.00156031059174,
                        "multipoles.0.multipole_4.multipole_comps.multipole_comps_0": -0.00086060312222,
                        "multipoles.0.multipole_4.multipole_comps.multipole_comps_1": -0.00315739630045,
                        "ellipses.ellipse_1.ell_comps.ell_comps_0": -0.00190261716713,
                        "ellipses.ellipse_1.ell_comps.ell_comps_1": 0.00353408869378,
                        "multipoles.1.multipole_1.multipole_comps.multipole_comps_0": 0.01572299892457,
                        "multipoles.1.multipole_1.multipole_comps.multipole_comps_1": -0.02387562546813,
                        "multipoles.1.multipole_3.multipole_comps.multipole_comps_0": 0.02064134435141,
                        "multipoles.1.multipole_3.multipole_comps.multipole_comps_1": -0.00146970955983,
                        "multipoles.1.multipole_4.multipole_comps.multipole_comps_0": -0.0262776052733,
                        "multipoles.1.multipole_4.multipole_comps.multipole_comps_1": 0.01960310443857,
                        "ellipses.ellipse_2.ell_comps.ell_comps_0": -0.02505084447215,
                        "ellipses.ellipse_2.ell_comps.ell_comps_1": -0.05292355201328,
                        "multipoles.2.multipole_1.multipole_comps.multipole_comps_0": -0.0599906244029,
                        "multipoles.2.multipole_1.multipole_comps.multipole_comps_1": -0.03843395920833,
                        "multipoles.2.multipole_3.multipole_comps.multipole_comps_0": 0.04016409762574,
                        "multipoles.2.multipole_3.multipole_comps.multipole_comps_1": 0.00583856813009,
                        "multipoles.2.multipole_4.multipole_comps.multipole_comps_0": 0.01001402985066,
                        "multipoles.2.multipole_4.multipole_comps.multipole_comps_1": -0.02479633343703,
                        "ellipses.ellipse_3.ell_comps.ell_comps_0": -0.0129173512589,
                        "ellipses.ellipse_3.ell_comps.ell_comps_1": -0.12758639978275,
                        "multipoles.3.multipole_1.multipole_comps.multipole_comps_0": 0.03642769557012,
                        "multipoles.3.multipole_1.multipole_comps.multipole_comps_1": -0.00086480791665,
                        "multipoles.3.multipole_3.multipole_comps.multipole_comps_0": 0.00924062934638,
                        "multipoles.3.multipole_3.multipole_comps.multipole_comps_1": -0.0166624364712,
                        "multipoles.3.multipole_4.multipole_comps.multipole_comps_0": -0.01458601220174,
                        "multipoles.3.multipole_4.multipole_comps.multipole_comps_1": -0.07183842707822,
                        "ellipses.ellipse_4.ell_comps.ell_comps_0": 0.01863768762934,
                        "ellipses.ellipse_4.ell_comps.ell_comps_1": -0.21217689521409,
                        "multipoles.4.multipole_1.multipole_comps.multipole_comps_0": 0.0547400864268,
                        "multipoles.4.multipole_1.multipole_comps.multipole_comps_1": -0.0084029139039,
                        "multipoles.4.multipole_3.multipole_comps.multipole_comps_0": -0.00931567858903,
                        "multipoles.4.multipole_3.multipole_comps.multipole_comps_1": -0.04079489123006,
                        "multipoles.4.multipole_4.multipole_comps.multipole_comps_0": 0.00476213430877,
                        "multipoles.4.multipole_4.multipole_comps.multipole_comps_1": -0.02238349274452
                    }
                }
            }
        },
        "errors_at_sigma_1": {
            "type": "list",
            "values": [
                {
                    "type": "tuple",
                    "values": [
                        0.0008831764499907593,
                        0.0007864556576607615
                    ]
                },
                {
                    "type": "tuple",
                    "values": [
                        0.0005443218371102712,
                        0.0005123837995907321
                    ]
                },
                {
                    "type": "tuple",
                    "values": [
                        0.004553958450075727,
                        0.005747787912765662
                    ]
                },
                {
                    "type": "tuple",
                    "values": [
                        0.0023725402509303523,
                        0.0034246602389399958
                    ]
                },
                {
                    "type": "tuple",
                    "values": [
                        0.0007716360016837804,
                        0.0007371834344264822
                    ]
                },
                {
                    "type": "tuple",
                    "values": [
                        0.0008941324780999994,
                        0.000805605699962319
                    ]
                },
                {
                    "type": "tuple",
                    "values": [
                        0.0015547192665151424,
                        0.0012531040036851257
                    ]
                },
                {
                    "type": "tuple",
                    "values": [
                        0.0007843897594147472,
                        0.0007430416209434449
                    ]
                },
                {
                    "type": "tuple",
                    "values": [
                        0.00105145873401,
                        0.0009399122206204736
                    ]
                },
                {
                    "type": "tuple",
                    "values": [
                        0.0009949620363571155,
                        0.0007869261508705329
                    ]
                },
                {
                    "type": "tuple",
                    "values": [
                        0.0008315210960422514,
                        0.0008084849835371085
                    ]
                },
                {
                    "type": "tuple",
                    "values": [
                        0.001583753953566675,
                        0.0016790265387789348
                    ]
                },
                {
                    "type": "tuple",
                    "values": [
                        0.00348996472086,
                        0.0032657078795903516
                    ]
                },
                {
                    "type": "tuple",
                    "values": [
                        0.0035612515517459697,
                        0.004538801870751348
                    ]
                },
                {
                    "type": "tuple",
                    "values": [
                        0.002944829173238652,
                        0.0018015656818933176
                    ]
                },
                {
                    "type": "tuple",
                    "values": [
                        0.00124275395735773,
                        0.0016325505473165172
                    ]
                },
                {
                    "type": "tuple",
                    "values": [
                        0.0017582467634169319,
                        0.0017773240944430682
                    ]
                },
                {
                    "type": "tuple",
                    "values": [
                        0.0036487445683105676,
                        0.003119340737363238
                    ]
                },
                {
                    "type": "tuple",
                    "values": [
                        0.0028279344615559157,
                        0.004989396239672407
                    ]
                },
                {
                    "type": "tuple",
                    "values": [
                        0.006743581586107376,
                        0.004334562300213139
                    ]
                },
                {
                    "type": "tuple",
                    "values": [
                        0.007396977700050003,
                        0.0062514295023177735
                    ]
                },
                {
                    "type": "tuple",
                    "values": [
                        0.003657530596523295,
                        0.0035814297223567063
                    ]
                },
                {
                    "type": "tuple",
                    "values": [
                        0.010523263191797777,
                        0.009220660475231617
                    ]
                },
                {
                    "type": "tuple",
                    "values": [
                        0.0016238912016407633,
                        0.0019452495687200004
                    ]
                },
                {
                    "type": "tuple",
                    "values": [
                        0.004943061078112423,
                        0.003535367780040377
                    ]
                },
                {
                    "type": "tuple",
                    "values": [
                        0.004873836972720001,
                        0.003583868268449999
                    ]
                },
                {
                    "type": "tuple",
                    "values": [
                        0.007138395239102632,
                        0.021854925354677368
                    ]
                },
                {
                    "type": "tuple",
                    "values": [
                        0.0044331804657345986,
                        0.0036936005507859915
                    ]
                },
                {
                    "type": "tuple",
                    "values": [
                        0.003344946409692802,
                        0.005601757956117198
                    ]
                },
                {
                    "type": "tuple",
                    "values": [
                        0.0019689890778037218,
                        0.0027073614287762785
                    ]
                },
                {
                    "type": "tuple",
                    "values": [
                        0.003607673995720315,
                        0.002980610727863056
                    ]
                },
                {
                    "type": "tuple",
                    "values": [
                        0.001540993128549998,
                        0.0019645706567000005
                    ]
                },
                {
                    "type": "tuple",
                    "values": [
                        0.004914842311502032,
                        0.004527653925914083
                    ]
                },
                {
                    "type": "tuple",
                    "values": [
                        0.0024214195636600017,
                        0.0027352211779033964
                    ]
                },
                {
                    "type": "tuple",
                    "values": [
                        0.017333976964709997,
                        0.010215241025180004
                    ]
                },
                {
                    "type": "tuple",
                    "values": [
                        0.013750922825540801,
                        0.003515522524705411
                    ]
                },
                {
                    "type": "tuple",
                    "values": [
                        0.0047006971016978,
                        0.003166259298691798
                    ]
                },
                {
                    "type": "tuple",
                    "values": [
                        0.004270657869046924,
                        0.003550931908493077
                    ]
                },
                {
                    "type": "tuple",
                    "values": [
                        0.0013764797101800015,
                        0.0020587972985852705
                    ]
                },
                {
                    "type": "tuple",
                    "values": [
                        0.003984695312020052,
                        0.004356529620249398
                    ]
                },
                {
                    "type": "tuple",
                    "values": [
                        0.00214394495783592,
                        0.0015851564315861248
                    ]
                },
                {
                    "type": "tuple",
                    "values": [
                        0.0044251631191526,
                        0.0056643999998593625
                    ]
                }
            ]
        },
        "errors_at_sigma_3": {
            "type": "list",
            "values": [
                {
                    "type": "tuple",
                    "values": [
                        0.0017805148845054808,
                        0.002142029093104519
                    ]
                },
                {
                    "type": "tuple",
                    "values": [
                        0.0017357222825699998,
                        0.0019015812289299998
                    ]
                },
                {
                    "type": "tuple",
                    "values": [
                        0.010978288738170992,
                        0.014164486554914478
                    ]
                },
                {
                    "type": "tuple",
                    "values": [
                        0.004850990961229998,
                        0.00763126151469376
                    ]
                },
                {
                    "type": "tuple",
                    "values": [
                        0.001974336892223518,
                        0.001984784080579966
                    ]
                },
                {
                    "type": "tuple",
                    "values": [
                        0.002206130146853858,
                        0.0019031176834200005
                    ]
                },
                {
                    "type": "tuple",
                    "values": [
                        0.0034479810195995183,
                        0.0026228199274339805
                    ]
                },
                {
                    "type": "tuple",
                    "values": [
                        0.0019110737929965553,
                        0.0022046215585434445
                    ]
                },
                {
                    "type": "tuple",
                    "values": [
                        0.00261268739548059,
                        0.00289900640653
                    ]
                },
                {
                    "type": "tuple",
                    "values": [
                        0.00232145919669351,
                        0.002034224240883479
                    ]
                },
                {
                    "type": "tuple",
                    "values": [
                        0.003463189523773341,
                        0.0018394201479754744
                    ]
                },
                {
                    "type": "tuple",
                    "values": [
                        0.0035744239635840517,
                        0.005999812379925948
                    ]
                },
                {
                    "type": "tuple",
                    "values": [
                        0.009915940375542023,
                        0.008373333325000946
                    ]
                },
                {
                    "type": "tuple",
                    "values": [
                        0.006495112704313487,
                        0.010509726812229505
                    ]
                },
                {
                    "type": "tuple",
                    "values": [
                        0.006624048180816503,
                        0.004693552071316963
                    ]
                },
                {
                    "type": "tuple",
                    "values": [
                        0.0031506210951076255,
                        0.004361229629956745
                    ]
                },
                {
                    "type": "tuple",
                    "values": [
                        0.006746215688184773,
                        0.005100373891928498
                    ]
                },
                {
                    "type": "tuple",
                    "values": [
                        0.010326807586136966,
                        0.00796757361777
                    ]
                },
                {
                    "type": "tuple",
                    "values": [
                        0.009704122541753415,
                        0.018766572504367765
                    ]
                },
                {
                    "type": "tuple",
                    "values": [
                        0.028701919771794773,
                        0.012321656624108938
                    ]
                },
                {
                    "type": "tuple",
                    "values": [
                        0.019585822299910002,
                        0.018311302319259995
                    ]
                },
                {
                    "type": "tuple",
                    "values": [
                        0.009905143918243299,
                        0.008953379186327767
                    ]
                },
                {
                    "type": "tuple",
                    "values": [
                        0.025253250938403433,
                        0.017776840292171234
                    ]
                },
                {
                    "type": "tuple",
                    "values": [
                        0.005339167629389078,
                        0.0057950856849179775
                    ]
                },
                {
                    "type": "tuple",
                    "values": [
                        0.01907850917536462,
                        0.01128488571313715
                    ]
                },
                {
                    "type": "tuple",
                    "values": [
                        0.016596398416756565,
                        0.00915754263377
                    ]
                },
                {
                    "type": "tuple",
                    "values": [
                        0.013177804712232628,
                        0.025889493814649066
                    ]
                },
                {
                    "type": "tuple",
                    "values": [
                        0.007752139599647823,
                        0.007242092726226931
                    ]
                },
                {
                    "type": "tuple",
                    "values": [
                        0.008614611910132654,
                        0.014921650763998956
                    ]
                },
                {
                    "type": "tuple",
                    "values": [
                        0.0049996242114337215,
                        0.00674599985433788
                    ]
                },
                {
                    "type": "tuple",
                    "values": [
                        0.013572559706337643,
                        0.008765867014110532
                    ]
                },
                {
                    "type": "tuple",
                    "values": [
                        0.003701839692960264,
                        0.00549705288277
                    ]
                },
                {
                    "type": "tuple",
                    "values": [
                        0.011644699316814968,
                        0.010521629364359325
                    ]
                },
                {
                    "type": "tuple",
                    "values": [
                        0.007709877624580003,
                        0.011852744721230005
                    ]
                },
                {
                    "type": "tuple",
                    "values": [
                        0.023937917815699997,
                        0.02679638347287
                    ]
                },
                {
                    "type": "tuple",
                    "values": [
                        0.015954061017078552,
                        0.0118937728335409
                    ]
                },
                {
                    "type": "tuple",
                    "values": [
                        0.018686438519248935,
                        0.008536735479484941
                    ]
                },
                {
                    "type": "tuple",
                    "values": [
                        0.013081005341544149,
                        0.01166309325371549
                    ]
                },
                {
                    "type": "tuple",
                    "values": [
                        0.0038610163651200003,
                        0.004707811300310215
                    ]
                },
                {
                    "type": "tuple",
                    "values": [
                        0.010084120572162333,
                        0.012300183639815433
                    ]
                },
                {
                    "type": "tuple",
                    "values": [
                        0.005158562581303934,
                        0.004611147480871972
                    ]
                },
                {
                    "type": "tuple",
                    "values": [
                        0.012766285136450641,
                        0.015139361483909361
                    ]
                }
            ]
        },
        "log_evidence": -315.4314620132427,
        "median_pdf_sample": {
            "type": "instance",
            "class_path": "autofit.non_linear.samples.sample.Sample",
            "arguments": {
                "log_likelihood": -230.12400846494018,
                "log_prior": 0.0,
                "weight": 0.0010785414642410839,
                "kwargs": {
                    "type": "dict",
                    "arguments": {
                        "ellipses.ellipse_4.centre.centre_0": 0.00017501278609548075,
                        "ellipses.ellipse_4.centre.centre_1": -0.00402471630921,
                        "ellipses.ellipse_0.ell_comps.ell_comps_0": -0.012093531762104478,
                        "ellipses.ellipse_0.ell_comps.ell_comps_1": 0.05084771916729,
                        "multipoles.0.multipole_1.multipole_comps.multipole_comps_0": 0.0012086727011335178,
                        "multipoles.0.multipole_1.multipole_comps.multipole_comps_1": 0.00552726296607,
                        "multipoles.0.multipole_3.multipole_comps.multipole_comps_0": 0.004652521077894874,
                        "multipoles.0.multipole_3.multipole_comps.multipole_comps_1": 0.001968743246726555,
                        "multipoles.0.multipole_4.multipole_comps.multipole_comps_0": -0.00137332595447,
                        "multipoles.0.multipole_4.multipole_comps.multipole_comps_1": -0.004363232414752885,
                        "ellipses.ellipse_1.ell_comps.ell_comps_0": -0.0021524173433577487,
                        "ellipses.ellipse_1.ell_comps.ell_comps_1": 0.004245133340334052,
                        "multipoles.1.multipole_1.multipole_comps.multipole_comps_0": 0.01466118805068,
                        "multipoles.1.multipole_1.multipole_comps.multipole_comps_1": -0.0229204397323,
                        "multipoles.1.multipole_3.multipole_comps.multipole_comps_0": 0.020659156453466682,
                        "multipoles.1.multipole_3.multipole_comps.multipole_comps_1": -0.002021133825632374,
                        "multipoles.1.multipole_4.multipole_comps.multipole_comps_0": -0.027179310294613068,
                        "multipoles.1.multipole_4.multipole_comps.multipole_comps_1": 0.01929496342449,
                        "ellipses.ellipse_2.ell_comps.ell_comps_0": -0.0224535503443,
                        "ellipses.ellipse_2.ell_comps.ell_comps_1": -0.05245790019648,
                        "multipoles.2.multipole_1.multipole_comps.multipole_comps_0": -0.06567037339807,
                        "multipoles.2.multipole_1.multipole_comps.multipole_comps_1": -0.036629349791066704,
                        "multipoles.2.multipole_3.multipole_comps.multipole_comps_0": 0.03488665352901778,
                        "multipoles.2.multipole_3.multipole_comps.multipole_comps_1": 0.00511529945675,
                        "multipoles.2.multipole_4.multipole_comps.multipole_comps_0": 0.008837421354049623,
                        "multipoles.2.multipole_4.multipole_comps.multipole_comps_1": -0.02729749914047,
                        "ellipses.ellipse_3.ell_comps.ell_comps_0": -0.03373010948763737,
                        "ellipses.ellipse_3.ell_comps.ell_comps_1": -0.130084897273136,
                        "multipoles.3.multipole_1.multipole_comps.multipole_comps_0": 0.039330483010712805,
                        "multipoles.3.multipole_1.multipole_comps.multipole_comps_1": -0.0007818014713962783,
                        "multipoles.3.multipole_3.multipole_comps.multipole_comps_0": 0.009150798974109468,
                        "multipoles.3.multipole_3.multipole_comps.multipole_comps_1": -0.01524122344658,
                        "multipoles.3.multipole_4.multipole_comps.multipole_comps_0": -0.01593503601509,
                        "multipoles.3.multipole_4.multipole_comps.multipole_comps_1": -0.07083586160143,
                        "ellipses.ellipse_4.ell_comps.ell_comps_0": 0.03540679151194,
                        "ellipses.ellipse_4.ell_comps.ell_comps_1": -0.1978012836274592,
                        "multipoles.4.multipole_1.multipole_comps.multipole_comps_0": 0.0534199778380978,
                        "multipoles.4.multipole_1.multipole_comps.multipole_comps_1": -0.010335422662783077,
                        "multipoles.4.multipole_3.multipole_comps.multipole_comps_0": -0.00945815645672,
                        "multipoles.4.multipole_3.multipole_comps.multipole_comps_1": -0.03835442394493,
                        "multipoles.4.multipole_4.multipole_comps.multipole_comps_0": 0.003847621829858029,
                        "multipoles.4.multipole_4.multipole_comps.multipole_comps_1": -0.020269068592609362
                    }
                }
            }
        }
    }
}