{
    "type": "instance",
    "class_path": "autofit.non_linear.samples.summary.SamplesSummary",
    "arguments": {
        "errors_at_sigma_3": {
            "type": "list",
            "values": [
                {
                    "type": "tuple",
                    "values": [
                        0.016408116146793827,
                        0.01769614927950522
                    ]
                },
                {
                    "type": "tuple",
                    "values": [
                        0.015588581023439999,
                        0.014852295132650115
                    ]
                },
                {
                    "type": "tuple",
                    "values": [
                        0.01283546521204,
                        0.010978815726172795
                    ]
                },
                {
                    "type": "tuple",
                    "values": [
                        0.01187767815218031,
                        0.011319531711997484
                    ]
                },
                {
                    "type": "tuple",
                    "values": [
                        0.010455786950291049,
                        0.012837667072678225
                    ]
                },
                {
                    "type": "tuple",
                    "values": [
                        0.011071524603253299,
                        0.01318232989657
                    ]
                },
                {
                    "type": "tuple",
                    "values": [
                        0.015779707407369812,
                        0.015783190492995737
                    ]
                },
                {
                    "type": "tuple",
                    "values": [
                        0.01359498904234426,
                        0.01276831625578
                    ]
                }
            ]
        },
        "model": null,
        "max_log_likelihood_sample": {
            "type": "instance",
            "class_path": "autofit.non_linear.samples.sample.Sample",
            "arguments": {
                "log_likelihood": -14.76924390793132,
                "log_prior": 0.0,
                "weight": 0.0010420457804895785,
                "kwargs": {
                    "type": "dict",
                    "arguments": {
                        "ellipses.0.ell_comps.ell_comps_0": -0.22877067386811,
                        "ellipses.0.ell_comps.ell_comps_1": 0.0280688263192,
                        "multipoles.0.multipole_1.multipole_comps.multipole_comps_0": -0.00354296769372,
                        "multipoles.0.multipole_1.multipole_comps.multipole_comps_1": 0.00434753191407,
                        "multipoles.0.multipole_3.multipole_comps.multipole_comps_0": -0.0053015296906,
                        "multipoles.0.multipole_3.multipole_comps.multipole_comps_1": 0.00222064121254,
                        "multipoles.0.multipole_4.multipole_comps.multipole_comps_0": 0.00281472607119,
                        "multipoles.0.multipole_4.multipole_comps.multipole_comps_1": -0.00618680175283
                    }
                }
            }
        },
        "log_evidence": -43.45230059268921,
        "median_pdf_sample": {
            "type": "instance",
            "class_path": "autofit.non_linear.samples.sample.Sample",
            "arguments": {
                "log_likelihood": -14.76924390793132,
                "log_prior": 0.0,
                "weight": 0.0010420457804895785,
                "kwargs": {
                    "type": "dict",
                    "arguments": {
                        "ellipses.0.ell_comps.ell_comps_0": -0.22754495285807616,
                        "ellipses.0.ell_comps.ell_comps_1": 0.02728101959479,
                        "multipoles.0.multipole_1.multipole_comps.multipole_comps_0": -0.002647231046,
                        "multipoles.0.multipole_1.multipole_comps.multipole_comps_1": 0.002598789334382515,
                        "multipoles.0.multipole_3.multipole_comps.multipole_comps_0": -0.004796860923197201,
                        "multipoles.0.multipole_3.multipole_comps.multipole_comps_1": 0.00077110456315,
                        "multipoles.0.multipole_4.multipole_comps.multipole_comps_0": 0.00189345251433,
                        "multipoles.0.multipole_4.multipole_comps.multipole_comps_1": -0.00778209409071
                    }
                }
            }
        },
        "values_at_sigma_1": {
            "type": "list",
            "values": [
                {
                    "type": "tuple",
                    "values": [
                        -0.2330870595806534,
                        -0.22182038532464
                    ]
                },
                {
                    "type": "tuple",
                    "values": [
                        0.021031337581685728,
                        0.03322648886008
                    ]
                },
                {
                    "type": "tuple",
                    "values": [
                        -0.007026616702202475,
                        0.0013898751070913595
                    ]
                },
                {
                    "type": "tuple",
                    "values": [
                        -0.00114194105853,
                        0.006252801208242703
                    ]
                },
                {
                    "type": "tuple",
                    "values": [
                        -0.00863989299416247,
                        -0.0008782805229579323
                    ]
                },
                {
                    "type": "tuple",
                    "values": [
                        -0.0030612570861485843,
                        0.004628395853483043
                    ]
                },
                {
                    "type": "tuple",
                    "values": [
                        -0.0033623424311460563,
                        0.007335617225732512
                    ]
                },
                {
                    "type": "tuple",
                    "values": [
                        -0.012341858428172576,
                        -0.0033467513682071434
                    ]
                }
            ]
        },
        "values_at_sigma_3": {
            "type": "list",
            "values": [
                {
                    "type": "tuple",
                    "values": [
                        -0.24395306900487,
                        -0.20984880357857094
                    ]
                },
                {
                    "type": "tuple",
                    "values": [
                        0.01169243857135,
                        0.04213331472744011
                    ]
                },
                {
                    "type": "tuple",
                    "values": [
                        -0.01548269625804,
                        0.008331584680172794
                    ]
                },
                {
                    "type": "tuple",
                    "values": [
                        -0.009278888817797794,
                        0.01391832104638
                    ]
                },
                {
                    "type": "tuple",
                    "values": [
                        -0.01525264787348825,
                        0.008040806149481024
                    ]
                },
                {
                    "type": "tuple",
                    "values": [
                        -0.010300420040103299,
                        0.01395343445972
                    ]
                },
                {
                    "type": "tuple",
                    "values": [
                        -0.013886254893039813,
                        0.017676643007325736
                    ]
                },
                {
                    "type": "tuple",
                    "values": [
                        -0.02137708313305426,
                        0.00498622216507
                    ]
                }
            ]
        },
        "errors_at_sigma_1": {
            "type": "list",
            "values": [
                {
                    "type": "tuple",
                    "values": [
                        0.005542106722577239,
                        0.00572456753343617
                    ]
                },
                {
                    "type": "tuple",
                    "values": [
                        0.006249682013104271,
                        0.00594546926529
                    ]
                },
                {
                    "type": "tuple",
                    "values": [
                        0.0043793856562024756,
                        0.004037106153091359
                    ]
                },
                {
                    "type": "tuple",
                    "values": [
                        0.003740730392912515,
                        0.003654011873860188
                    ]
                },
                {
                    "type": "tuple",
                    "values": [
                        0.00384303207096527,
                        0.0039185804002392684
                    ]
                },
                {
                    "type": "tuple",
                    "values": [
                        0.0038323616492985844,
                        0.0038572912903330433
                    ]
                },
                {
                    "type": "tuple",
                    "values": [
                        0.005255794945476056,
                        0.005442164711402512
                    ]
                },
                {
                    "type": "tuple",
                    "values": [
                        0.004559764337462576,
                        0.004435342722502856
                    ]
                }
            ]
        }
    }
}