{
    "type": "instance",
    "class_path": "autofit.non_linear.samples.summary.SamplesSummary",
    "arguments": {
        "errors_at_sigma_1": {
            "type": "list",
            "values": [
                {
                    "type": "tuple",
                    "values": [
                        0.0034280318337816806,
                        0.0028937488481292073
                    ]
                },
                {
                    "type": "tuple",
                    "values": [
                        0.0021810596000940013,
                        0.003022395860505636
                    ]
                },
                {
                    "type": "tuple",
                    "values": [
                        0.020174699050648972,
                        0.019563604855201026
                    ]
                },
                {
                    "type": "tuple",
                    "values": [
                        0.030971175126375226,
                        0.023775037955702932
                    ]
                },
                {
                    "type": "tuple",
                    "values": [
                        0.021010487416641688,
                        0.021527044691155982
                    ]
                },
                {
                    "type": "tuple",
                    "values": [
                        0.022549671314969454,
                        0.015066769546169999
                    ]
                },
                {
                    "type": "tuple",
                    "values": [
                        0.013520722057380294,
                        0.011222645810867836
                    ]
                },
                {
                    "type": "tuple",
                    "values": [
                        0.020310915266467756,
                        0.02177710153775726
                    ]
                }
            ]
        },
        "median_pdf_sample": {
            "type": "instance",
            "class_path": "autofit.non_linear.samples.sample.Sample",
            "arguments": {
                "log_likelihood": -69.49631508836644,
                "log_prior": 0.0,
                "weight": 0.0009594051734071326,
                "kwargs": {
                    "type": "dict",
                    "arguments": {
                        "ellipses.0.ell_comps.ell_comps_0": 0.07978693691736,
                        "ellipses.0.ell_comps.ell_comps_1": 0.11658015645796,
                        "multipoles.0.multipole_1.multipole_comps.multipole_comps_0": 0.04942565590591897,
                        "multipoles.0.multipole_1.multipole_comps.multipole_comps_1": 0.07600984441892333,
                        "multipoles.0.multipole_3.multipole_comps.multipole_comps_0": 0.0083553712416,
                        "multipoles.0.multipole_3.multipole_comps.multipole_comps_1": -0.05074462979615,
                        "multipoles.0.multipole_4.multipole_comps.multipole_comps_0": -0.02389551406754971,
                        "multipoles.0.multipole_4.multipole_comps.multipole_comps_1": 0.028467815424602524
                    }
                }
            }
        },
        "values_at_sigma_3": {
            "type": "list",
            "values": [
                {
                    "type": "tuple",
                    "values": [
                        0.06955585447141892,
                        0.09417294041600864
                    ]
                },
                {
                    "type": "tuple",
                    "values": [
                        0.11030459473989,
                        0.12632399370293
                    ]
                },
                {
                    "type": "tuple",
                    "values": [
                        0.003657882577371051,
                        0.09275646799485181
                    ]
                },
                {
                    "type": "tuple",
                    "values": [
                        -0.00296466794531,
                        0.15604434728721087
                    ]
                },
                {
                    "type": "tuple",
                    "values": [
                        -0.04407793879547,
                        0.06954660205755307
                    ]
                },
                {
                    "type": "tuple",
                    "values": [
                        -0.09939850365161294,
                        -0.0060039712097846275
                    ]
                },
                {
                    "type": "tuple",
                    "values": [
                        -0.07868011140146425,
                        0.00477309162022
                    ]
                },
                {
                    "type": "tuple",
                    "values": [
                        -0.04549147896831,
                        0.07829988542037954
                    ]
                }
            ]
        },
        "model": null,
        "log_evidence": -94.7554041854047,
        "errors_at_sigma_3": {
            "type": "list",
            "values": [
                {
                    "type": "tuple",
                    "values": [
                        0.010231082445941078,
                        0.014386003498648645
                    ]
                },
                {
                    "type": "tuple",
                    "values": [
                        0.006275561718069991,
                        0.009743837244969994
                    ]
                },
                {
                    "type": "tuple",
                    "values": [
                        0.04576777332854792,
                        0.04333081208893284
                    ]
                },
                {
                    "type": "tuple",
                    "values": [
                        0.07897451236423333,
                        0.08003450286828753
                    ]
                },
                {
                    "type": "tuple",
                    "values": [
                        0.05243331003707,
                        0.06119123081595307
                    ]
                },
                {
                    "type": "tuple",
                    "values": [
                        0.048653873855462944,
                        0.044740658586365376
                    ]
                },
                {
                    "type": "tuple",
                    "values": [
                        0.05478459733391454,
                        0.02866860568776971
                    ]
                },
                {
                    "type": "tuple",
                    "values": [
                        0.07395929439291252,
                        0.04983206999577701
                    ]
                }
            ]
        },
        "max_log_likelihood_sample": {
            "type": "instance",
            "class_path": "autofit.non_linear.samples.sample.Sample",
            "arguments": {
                "log_likelihood": -69.49631508836644,
                "log_prior": 0.0,
                "weight": 0.0009594051734071326,
                "kwargs": {
                    "type": "dict",
                    "arguments": {
                        "ellipses.0.ell_comps.ell_comps_0": 0.08333753858982,
                        "ellipses.0.ell_comps.ell_comps_1": 0.11454232589024,
                        "multipoles.0.multipole_1.multipole_comps.multipole_comps_0": 0.04498125457626,
                        "multipoles.0.multipole_1.multipole_comps.multipole_comps_1": 0.07015980843844,
                        "multipoles.0.multipole_3.multipole_comps.multipole_comps_0": 0.01078937387029,
                        "multipoles.0.multipole_3.multipole_comps.multipole_comps_1": -0.05446080354817,
                        "multipoles.0.multipole_4.multipole_comps.multipole_comps_0": -0.01449109987995,
                        "multipoles.0.multipole_4.multipole_comps.multipole_comps_1": 0.01925823550681
                    }
                }
            }
        },
        "values_at_sigma_1": {
            "type": "list",
            "values": [
                {
                    "type": "tuple",
                    "values": [
                        0.07635890508357832,
                        0.0826806857654892
                    ]
                },
                {
                    "type": "tuple",
                    "values": [
                        0.11439909685786599,
                        0.11960255231846563
                    ]
                },
                {
                    "type": "tuple",
                    "values": [
                        0.02925095685527,
                        0.06898926076112
                    ]
                },
                {
                    "type": "tuple",
                    "values": [
                        0.04503866929254811,
                        0.09978488237462627
                    ]
                },
                {
                    "type": "tuple",
                    "values": [
                        -0.012655116175041685,
                        0.029882415932755983
                    ]
                },
                {
                    "type": "tuple",
                    "values": [
                        -0.07329430111111945,
                        -0.03567786024998
                    ]
                },
                {
                    "type": "tuple",
                    "values": [
                        -0.03741623612493,
                        -0.012672868256681872
                    ]
                },
                {
                    "type": "tuple",
                    "values": [
                        0.008156900158134767,
                        0.05024491696235978
                    ]
                }
            ]
        }
    }
}