{
    "type": "instance",
    "class_path": "autofit.non_linear.samples.summary.SamplesSummary",
    "arguments": {
        "log_evidence": -105.4974417097641,
        "errors_at_sigma_1": {
            "type": "list",
            "values": [
                {
                    "type": "tuple",
                    "values": [
                        0.002875292556078657,
                        0.0041833625752904224
                    ]
                },
                {
                    "type": "tuple",
                    "values": [
                        0.0023904037984099624,
                        0.003271722290552448
                    ]
                }
            ]
        },
        "values_at_sigma_1": {
            "type": "list",
            "values": [
                {
                    "type": "tuple",
                    "values": [
                        0.08124914587898,
                        0.08830780101034907
                    ]
                },
                {
                    "type": "tuple",
                    "values": [
                        0.21019060661965,
                        0.2158527327086124
                    ]
                }
            ]
        },
        "values_at_sigma_3": {
            "type": "list",
            "values": [
                {
                    "type": "tuple",
                    "values": [
                        0.07739005076152,
                        0.09393843555667
                    ]
                },
                {
                    "type": "tuple",
                    "values": [
                        0.20422986349537,
                        0.22345392650277981
                    ]
                }
            ]
        },
        "errors_at_sigma_3": {
            "type": "list",
            "values": [
                {
                    "type": "tuple",
                    "values": [
                        0.00673438767353865,
                        0.00981399712161135
                    ]
                },
                {
                    "type": "tuple",
                    "values": [
                        0.008351146922689956,
                        0.010872916084719852
                    ]
                }
            ]
        },
        "max_log_likelihood_sample": {
            "type": "instance",
            "class_path": "autofit.non_linear.samples.sample.Sample",
            "arguments": {
                "log_likelihood": -94.36835485775295,
                "log_prior": 0.0,
                "weight": 0.0009925878031751313,
                "kwargs": {
                    "type": "dict",
                    "arguments": {
                        "ellipses.0.ell_comps.ell_comps_0": 0.08566596889732,
                        "ellipses.0.ell_comps.ell_comps_1": 0.21108881044549
                    }
                }
            }
        },
        "model": null,
        "median_pdf_sample": {
            "type": "instance",
            "class_path": "autofit.non_linear.samples.sample.Sample",
            "arguments": {
                "log_likelihood": -94.36835485775295,
                "log_prior": 0.0,
                "weight": 0.0009925878031751313,
                "kwargs": {
                    "type": "dict",
                    "arguments": {
                        "ellipses.0.ell_comps.ell_comps_0": 0.08412443843505865,
                        "ellipses.0.ell_comps.ell_comps_1": 0.21258101041805996
                    }
                }
            }
        }
    }
}