{
    "type": "instance",
    "class_path": "autofit.non_linear.samples.summary.SamplesSummary",
    "arguments": {
        "max_log_likelihood_sample": {
            "type": "instance",
            "class_path": "autofit.non_linear.samples.sample.Sample",
            "arguments": {
                "log_likelihood": -2.819686587395102,
                "log_prior": 0.0,
                "weight": 0.0009188273036733296,
                "kwargs": {
                    "type": "dict",
                    "arguments": {
                        "ellipses.0.ell_comps.ell_comps_0": 0.0118846339785,
                        "ellipses.0.ell_comps.ell_comps_1": -0.09735584448112,
                        "multipoles.0.multipole_1.multipole_comps.multipole_comps_0": 0.00250089906751,
                        "multipoles.0.multipole_1.multipole_comps.multipole_comps_1": -0.0011327838172,
                        "multipoles.0.multipole_3.multipole_comps.multipole_comps_0": -0.00161892212865,
                        "multipoles.0.multipole_3.multipole_comps.multipole_comps_1": 0.00021241848265,
                        "multipoles.0.multipole_4.multipole_comps.multipole_comps_0": 0.00048239081896,
                        "multipoles.0.multipole_4.multipole_comps.multipole_comps_1": 0.00345649284733
                    }
                }
            }
        },
        "log_evidence": -34.86392626254195,
        "errors_at_sigma_3": {
            "type": "list",
            "values": [
                {
                    "type": "tuple",
                    "values": [
                        0.01203875868880547,
                        0.014048074452995779
                    ]
                },
                {
                    "type": "tuple",
                    "values": [
                        0.011247364886461109,
                        0.011094952140122433
                    ]
                },
                {
                    "type": "tuple",
                    "values": [
                        0.006182512660364606,
                        0.006247809736041722
                    ]
                },
                {
                    "type": "tuple",
                    "values": [
                        0.00652818618087388,
                        0.0064714278219995475
                    ]
                },
                {
                    "type": "tuple",
                    "values": [
                        0.00770295068227551,
                        0.007172155827753697
                    ]
                },
                {
                    "type": "tuple",
                    "values": [
                        0.005752109963139613,
                        0.005862489737994983
                    ]
                },
                {
                    "type": "tuple",
                    "values": [
                        0.008357543038966332,
                        0.009253177867483668
                    ]
                },
                {
                    "type": "tuple",
                    "values": [
                        0.00894053735746414,
                        0.006209231766912056
                    ]
                }
            ]
        },
        "values_at_sigma_1": {
            "type": "list",
            "values": [
                {
                    "type": "tuple",
                    "values": [
                        0.009256813827809015,
                        0.01795681240174
                    ]
                },
                {
                    "type": "tuple",
                    "values": [
                        -0.09996951668279,
                        -0.09136718199823
                    ]
                },
                {
                    "type": "tuple",
                    "values": [
                        0.0007415251465983638,
                        0.005378234645105747
                    ]
                },
                {
                    "type": "tuple",
                    "values": [
                        -0.00346678306986157,
                        0.00130085211371
                    ]
                },
                {
                    "type": "tuple",
                    "values": [
                        -0.00376847362964,
                        0.001472736679997928
                    ]
                },
                {
                    "type": "tuple",
                    "values": [
                        -0.0022365485928234913,
                        0.0015176364985112927
                    ]
                },
                {
                    "type": "tuple",
                    "values": [
                        -0.0032948979922932738,
                        0.0017643635964609532
                    ]
                },
                {
                    "type": "tuple",
                    "values": [
                        0.00014690079244145116,
                        0.00540630514196
                    ]
                }
            ]
        },
        "errors_at_sigma_1": {
            "type": "list",
            "values": [
                {
                    "type": "tuple",
                    "values": [
                        0.003509206519665643,
                        0.005190792054265344
                    ]
                },
                {
                    "type": "tuple",
                    "values": [
                        0.004496738590548971,
                        0.004105596094011024
                    ]
                },
                {
                    "type": "tuple",
                    "values": [
                        0.0022992440447962416,
                        0.002337465453711142
                    ]
                },
                {
                    "type": "tuple",
                    "values": [
                        0.0024249746655161455,
                        0.002342660518055424
                    ]
                },
                {
                    "type": "tuple",
                    "values": [
                        0.002539955837677028,
                        0.0027012544719609
                    ]
                },
                {
                    "type": "tuple",
                    "values": [
                        0.0018294070005131044,
                        0.0019247780908216796
                    ]
                },
                {
                    "type": "tuple",
                    "values": [
                        0.0024616314023996055,
                        0.0025976301863546215
                    ]
                },
                {
                    "type": "tuple",
                    "values": [
                        0.002577972434812688,
                        0.002681431914705861
                    ]
                }
            ]
        },
        "median_pdf_sample": {
            "type": "instance",
            "class_path": "autofit.non_linear.samples.sample.Sample",
            "arguments": {
                "log_likelihood": -2.819686587395102,
                "log_prior": 0.0,
                "weight": 0.0009188273036733296,
                "kwargs": {
                    "type": "dict",
                    "arguments": {
                        "ellipses.0.ell_comps.ell_comps_0": 0.012766020347474658,
                        "ellipses.0.ell_comps.ell_comps_1": -0.09547277809224103,
                        "multipoles.0.multipole_1.multipole_comps.multipole_comps_0": 0.0030407691913946055,
                        "multipoles.0.multipole_1.multipole_comps.multipole_comps_1": -0.001041808404345424,
                        "multipoles.0.multipole_3.multipole_comps.multipole_comps_0": -0.001228517791962972,
                        "multipoles.0.multipole_3.multipole_comps.multipole_comps_1": -0.00040714159231038685,
                        "multipoles.0.multipole_4.multipole_comps.multipole_comps_0": -0.0008332665898936682,
                        "multipoles.0.multipole_4.multipole_comps.multipole_comps_1": 0.002724873227254139
                    }
                }
            }
        },
        "model": null,
        "values_at_sigma_3": {
            "type": "list",
            "values": [
                {
                    "type": "tuple",
                    "values": [
                        0.000727261658669189,
                        0.026814094800470437
                    ]
                },
                {
                    "type": "tuple",
                    "values": [
                        -0.10672014297870214,
                        -0.0843778259521186
                    ]
                },
                {
                    "type": "tuple",
                    "values": [
                        -0.00314174346897,
                        0.009288578927436328
                    ]
                },
                {
                    "type": "tuple",
                    "values": [
                        -0.0075699945852193045,
                        0.005429619417654123
                    ]
                },
                {
                    "type": "tuple",
                    "values": [
                        -0.008931468474238482,
                        0.005943638035790725
                    ]
                },
                {
                    "type": "tuple",
                    "values": [
                        -0.00615925155545,
                        0.005455348145684596
                    ]
                },
                {
                    "type": "tuple",
                    "values": [
                        -0.00919080962886,
                        0.00841991127759
                    ]
                },
                {
                    "type": "tuple",
                    "values": [
                        -0.00621566413021,
                        0.008934104994166196
                    ]
                }
            ]
        }
    }
}