{
    "data_name": "J0918+5105",
    "redshift_lens": 0.5811,
    "redshift_source": 2.403,
    "velocity_dispersion": 298,
    "velocity_dispersion_error": 49,
    "slope_ritondale_map": 2.143,
    "slope_ritondale_multinest": 2.254,
    "slope_ritondale_error": 0.002,
    "r_dev": 1.89,
    "r_eff": 0.57,
    "slope": 2.14,
    "slope_err": 0.26,
    "r_ein": 1.6,
    "PA": 157,
    "q_SIE": 0.98,
    "dRA": -0.01,
    "dDEC": 0.02,
    "subhalo_grid_dimensions_arcsec": 3.0,
    "mask_inner_radius": 0.9,
    "mask_outer_radius": 2.9,
    "scaled_annular": 1,
    "detect_delaunay": 0,
    "bpl_source_mask": 0,
    "mask_circular_radii": 3.5
}