{
    "type": "instance",
    "class_path": "autofit.non_linear.samples.summary.SamplesSummary",
    "arguments": {
        "values_at_sigma_3": {
            "type": "list",
            "values": [
                {
                    "type": "tuple",
                    "values": [
                        -0.08649381823708972,
                        0.02150636767145
                    ]
                },
                {
                    "type": "tuple",
                    "values": [
                        -0.1010348760641974,
                        0.000562163262058991
                    ]
                }
            ]
        },
        "errors_at_sigma_3": {
            "type": "list",
            "values": [
                {
                    "type": "tuple",
                    "values": [
                        0.07008411720600033,
                        0.03791606870253939
                    ]
                },
                {
                    "type": "tuple",
                    "values": [
                        0.014784871881946535,
                        0.08681216744430985
                    ]
                }
            ]
        },
        "values_at_sigma_1": {
            "type": "list",
            "values": [
                {
                    "type": "tuple",
                    "values": [
                        -0.029630040039412574,
                        -0.002043727423210733
                    ]
                },
                {
                    "type": "tuple",
                    "values": [
                        -0.091276325361741,
                        -0.04931577950705
                    ]
                }
            ]
        },
        "errors_at_sigma_1": {
            "type": "list",
            "values": [
                {
                    "type": "tuple",
                    "values": [
                        0.013220339008323184,
                        0.014365973607878658
                    ]
                },
                {
                    "type": "tuple",
                    "values": [
                        0.005026321179490145,
                        0.036934224675200855
                    ]
                }
            ]
        },
        "log_evidence": -43.30289765157524,
        "max_log_likelihood_sample": {
            "type": "instance",
            "class_path": "autofit.non_linear.samples.sample.Sample",
            "arguments": {
                "log_likelihood": -34.25885925965634,
                "log_prior": 0.0,
                "weight": 0.000989174197340789,
                "kwargs": {
                    "type": "dict",
                    "arguments": {
                        "ellipses.0.ell_comps.ell_comps_0": -0.02135498242781,
                        "ellipses.0.ell_comps.ell_comps_1": -0.08958509749855
                    }
                }
            }
        },
        "model": null,
        "median_pdf_sample": {
            "type": "instance",
            "class_path": "autofit.non_linear.samples.sample.Sample",
            "arguments": {
                "log_likelihood": -34.25885925965634,
                "log_prior": 0.0,
                "weight": 0.000989174197340789,
                "kwargs": {
                    "type": "dict",
                    "arguments": {
                        "ellipses.0.ell_comps.ell_comps_0": -0.01640970103108939,
                        "ellipses.0.ell_comps.ell_comps_1": -0.08625000418225086
                    }
                }
            }
        }
    }
}