{
    "type": "instance",
    "class_path": "autofit.non_linear.samples.summary.SamplesSummary",
    "arguments": {
        "errors_at_sigma_1": {
            "type": "list",
            "values": [
                {
                    "type": "tuple",
                    "values": [
                        0.0016229133471152013,
                        0.001693702692369986
                    ]
                },
                {
                    "type": "tuple",
                    "values": [
                        0.0014684195144035461,
                        0.001041415336616447
                    ]
                }
            ]
        },
        "log_evidence": -65.00470822408617,
        "max_log_likelihood_sample": {
            "type": "instance",
            "class_path": "autofit.non_linear.samples.sample.Sample",
            "arguments": {
                "log_likelihood": -53.47683260777349,
                "log_prior": 0.0,
                "weight": 0.0009974803497178385,
                "kwargs": {
                    "type": "dict",
                    "arguments": {
                        "ellipses.0.ell_comps.ell_comps_0": -0.15334289422897,
                        "ellipses.0.ell_comps.ell_comps_1": 0.15156078487693
                    }
                }
            }
        },
        "values_at_sigma_1": {
            "type": "list",
            "values": [
                {
                    "type": "tuple",
                    "values": [
                        -0.1552704939536252,
                        -0.15195387791414
                    ]
                },
                {
                    "type": "tuple",
                    "values": [
                        0.15006950700238,
                        0.1525793418534
                    ]
                }
            ]
        },
        "errors_at_sigma_3": {
            "type": "list",
            "values": [
                {
                    "type": "tuple",
                    "values": [
                        0.005155328662898112,
                        0.015288197965419997
                    ]
                },
                {
                    "type": "tuple",
                    "values": [
                        0.00487808300538356,
                        0.004721353446580645
                    ]
                }
            ]
        },
        "model": null,
        "values_at_sigma_3": {
            "type": "list",
            "values": [
                {
                    "type": "tuple",
                    "values": [
                        -0.1588029092694081,
                        -0.13835938264109
                    ]
                },
                {
                    "type": "tuple",
                    "values": [
                        0.1466598435114,
                        0.1562592799633642
                    ]
                }
            ]
        },
        "median_pdf_sample": {
            "type": "instance",
            "class_path": "autofit.non_linear.samples.sample.Sample",
            "arguments": {
                "log_likelihood": -53.47683260777349,
                "log_prior": 0.0,
                "weight": 0.0009974803497178385,
                "kwargs": {
                    "type": "dict",
                    "arguments": {
                        "ellipses.0.ell_comps.ell_comps_0": -0.15364758060651,
                        "ellipses.0.ell_comps.ell_comps_1": 0.15153792651678355
                    }
                }
            }
        }
    }
}