{
    "type": "instance",
    "class_path": "autofit.non_linear.samples.summary.SamplesSummary",
    "arguments": {
        "errors_at_sigma_1": {
            "type": "list",
            "values": [
                {
                    "type": "tuple",
                    "values": [
                        0.004552266508043662,
                        0.004337727840182631
                    ]
                },
                {
                    "type": "tuple",
                    "values": [
                        0.006523712012723948,
                        0.007969709067740194
                    ]
                },
                {
                    "type": "tuple",
                    "values": [
                        0.01518444137194376,
                        0.02124529973123
                    ]
                },
                {
                    "type": "tuple",
                    "values": [
                        0.0289668685714879,
                        0.025957184506770252
                    ]
                },
                {
                    "type": "tuple",
                    "values": [
                        0.04005309487938609,
                        0.03573132872305028
                    ]
                },
                {
                    "type": "tuple",
                    "values": [
                        0.02537313766197394,
                        0.01708000864608862
                    ]
                },
                {
                    "type": "tuple",
                    "values": [
                        0.036109200689139996,
                        0.035204422448443226
                    ]
                },
                {
                    "type": "tuple",
                    "values": [
                        0.033853867575501885,
                        0.02721124703028441
                    ]
                }
            ]
        },
        "median_pdf_sample": {
            "type": "instance",
            "class_path": "autofit.non_linear.samples.sample.Sample",
            "arguments": {
                "log_likelihood": -43.43821642807616,
                "log_prior": 0.0,
                "weight": 0.0008658016460122279,
                "kwargs": {
                    "type": "dict",
                    "arguments": {
                        "ellipses.0.ell_comps.ell_comps_0": 0.13813870114628365,
                        "ellipses.0.ell_comps.ell_comps_1": -0.14090478067772,
                        "multipoles.0.multipole_1.multipole_comps.multipole_comps_0": -0.0014027408827,
                        "multipoles.0.multipole_1.multipole_comps.multipole_comps_1": -0.05926036605119,
                        "multipoles.0.multipole_3.multipole_comps.multipole_comps_0": 0.024061577254658448,
                        "multipoles.0.multipole_3.multipole_comps.multipole_comps_1": -0.02964752180107606,
                        "multipoles.0.multipole_4.multipole_comps.multipole_comps_0": 0.00203915806821,
                        "multipoles.0.multipole_4.multipole_comps.multipole_comps_1": 0.007968228689815591
                    }
                }
            }
        },
        "errors_at_sigma_3": {
            "type": "list",
            "values": [
                {
                    "type": "tuple",
                    "values": [
                        0.013067940673960138,
                        0.016193870108516334
                    ]
                },
                {
                    "type": "tuple",
                    "values": [
                        0.012709275093749334,
                        0.03884096326453999
                    ]
                },
                {
                    "type": "tuple",
                    "values": [
                        0.10976993691299,
                        0.0916360936786
                    ]
                },
                {
                    "type": "tuple",
                    "values": [
                        0.08661645896056328,
                        0.10987270308949822
                    ]
                },
                {
                    "type": "tuple",
                    "values": [
                        0.07234637574048053,
                        0.07587881542967155
                    ]
                },
                {
                    "type": "tuple",
                    "values": [
                        0.06638191770028155,
                        0.08490966706363146
                    ]
                },
                {
                    "type": "tuple",
                    "values": [
                        0.09411299160312,
                        0.08258766164505771
                    ]
                },
                {
                    "type": "tuple",
                    "values": [
                        0.10530333681021559,
                        0.06551798529088791
                    ]
                }
            ]
        },
        "values_at_sigma_1": {
            "type": "list",
            "values": [
                {
                    "type": "tuple",
                    "values": [
                        0.13358643463824,
                        0.14247642898646629
                    ]
                },
                {
                    "type": "tuple",
                    "values": [
                        -0.14742849269044395,
                        -0.1329350716099798
                    ]
                },
                {
                    "type": "tuple",
                    "values": [
                        -0.01658718225464376,
                        0.01984255884853
                    ]
                },
                {
                    "type": "tuple",
                    "values": [
                        -0.0882272346226779,
                        -0.03330318154441975
                    ]
                },
                {
                    "type": "tuple",
                    "values": [
                        -0.015991517624727645,
                        0.05979290597770873
                    ]
                },
                {
                    "type": "tuple",
                    "values": [
                        -0.05502065946305,
                        -0.012567513154987437
                    ]
                },
                {
                    "type": "tuple",
                    "values": [
                        -0.03407004262093,
                        0.037243580516653225
                    ]
                },
                {
                    "type": "tuple",
                    "values": [
                        -0.025885638885686294,
                        0.0351794757201
                    ]
                }
            ]
        },
        "values_at_sigma_3": {
            "type": "list",
            "values": [
                {
                    "type": "tuple",
                    "values": [
                        0.12507076047232352,
                        0.1543325712548
                    ]
                },
                {
                    "type": "tuple",
                    "values": [
                        -0.15361405577146933,
                        -0.10206381741318
                    ]
                },
                {
                    "type": "tuple",
                    "values": [
                        -0.11117267779569,
                        0.0902333527959
                    ]
                },
                {
                    "type": "tuple",
                    "values": [
                        -0.14587682501175328,
                        0.05061233703830822
                    ]
                },
                {
                    "type": "tuple",
                    "values": [
                        -0.048284798485822074,
                        0.09994039268433
                    ]
                },
                {
                    "type": "tuple",
                    "values": [
                        -0.09602943950135762,
                        0.0552621452625554
                    ]
                },
                {
                    "type": "tuple",
                    "values": [
                        -0.09207383353491,
                        0.08462681971326771
                    ]
                },
                {
                    "type": "tuple",
                    "values": [
                        -0.0973351081204,
                        0.0734862139807035
                    ]
                }
            ]
        },
        "log_evidence": -64.60498431997476,
        "model": null,
        "max_log_likelihood_sample": {
            "type": "instance",
            "class_path": "autofit.non_linear.samples.sample.Sample",
            "arguments": {
                "log_likelihood": -43.43821642807616,
                "log_prior": 0.0,
                "weight": 0.0008658016460122279,
                "kwargs": {
                    "type": "dict",
                    "arguments": {
                        "ellipses.0.ell_comps.ell_comps_0": 0.13639195131211,
                        "ellipses.0.ell_comps.ell_comps_1": -0.14923174395329,
                        "multipoles.0.multipole_1.multipole_comps.multipole_comps_0": 0.01298854462916,
                        "multipoles.0.multipole_1.multipole_comps.multipole_comps_1": -0.05569612819358,
                        "multipoles.0.multipole_3.multipole_comps.multipole_comps_0": 0.01056792832737,
                        "multipoles.0.multipole_3.multipole_comps.multipole_comps_1": -0.03473115436382,
                        "multipoles.0.multipole_4.multipole_comps.multipole_comps_0": 0.0148931445846,
                        "multipoles.0.multipole_4.multipole_comps.multipole_comps_1": 0.03178351991378
                    }
                }
            }
        }
    }
}