{
    "type": "instance",
    "class_path": "autofit.non_linear.samples.summary.SamplesSummary",
    "arguments": {
        "median_pdf_sample": {
            "type": "instance",
            "class_path": "autofit.non_linear.samples.sample.Sample",
            "arguments": {
                "log_likelihood": -34.90886447709394,
                "log_prior": 0.0,
                "weight": 0.0010040322959399043,
                "kwargs": {
                    "type": "dict",
                    "arguments": {
                        "ellipses.0.ell_comps.ell_comps_0": -0.07164503684258,
                        "ellipses.0.ell_comps.ell_comps_1": -0.0649146425981964,
                        "multipoles.0.multipole_3.multipole_comps.multipole_comps_0": -0.011854772148261866,
                        "multipoles.0.multipole_3.multipole_comps.multipole_comps_1": -0.0028606212079855154,
                        "multipoles.0.multipole_4.multipole_comps.multipole_comps_0": 0.02865552627730027,
                        "multipoles.0.multipole_4.multipole_comps.multipole_comps_1": 0.008831168731590932
                    }
                }
            }
        },
        "errors_at_sigma_3": {
            "type": "list",
            "values": [
                {
                    "type": "tuple",
                    "values": [
                        0.019465054196499992,
                        0.027862586747700785
                    ]
                },
                {
                    "type": "tuple",
                    "values": [
                        0.036140492420633594,
                        0.022941831660041725
                    ]
                },
                {
                    "type": "tuple",
                    "values": [
                        0.03909941482429928,
                        0.0432706030968998
                    ]
                },
                {
                    "type": "tuple",
                    "values": [
                        0.045570623204151,
                        0.05611219357997552
                    ]
                },
                {
                    "type": "tuple",
                    "values": [
                        0.06273600479273027,
                        0.050692593768950106
                    ]
                },
                {
                    "type": "tuple",
                    "values": [
                        0.08359424048392662,
                        0.07073426105875907
                    ]
                }
            ]
        },
        "log_evidence": -50.89224483850497,
        "values_at_sigma_3": {
            "type": "list",
            "values": [
                {
                    "type": "tuple",
                    "values": [
                        -0.09111009103908,
                        -0.043782450094879216
                    ]
                },
                {
                    "type": "tuple",
                    "values": [
                        -0.10105513501883,
                        -0.04197281093815468
                    ]
                },
                {
                    "type": "tuple",
                    "values": [
                        -0.05095418697256115,
                        0.03141583094863793
                    ]
                },
                {
                    "type": "tuple",
                    "values": [
                        -0.04843124441213652,
                        0.05325157237199
                    ]
                },
                {
                    "type": "tuple",
                    "values": [
                        -0.03408047851543,
                        0.07934812004625037
                    ]
                },
                {
                    "type": "tuple",
                    "values": [
                        -0.0747630717523357,
                        0.07956542979035
                    ]
                }
            ]
        },
        "max_log_likelihood_sample": {
            "type": "instance",
            "class_path": "autofit.non_linear.samples.sample.Sample",
            "arguments": {
                "log_likelihood": -34.90886447709394,
                "log_prior": 0.0,
                "weight": 0.0010040322959399043,
                "kwargs": {
                    "type": "dict",
                    "arguments": {
                        "ellipses.0.ell_comps.ell_comps_0": -0.063010415066,
                        "ellipses.0.ell_comps.ell_comps_1": -0.06258845765433,
                        "multipoles.0.multipole_3.multipole_comps.multipole_comps_0": -0.01904691356434,
                        "multipoles.0.multipole_3.multipole_comps.multipole_comps_1": -0.00862625703608,
                        "multipoles.0.multipole_4.multipole_comps.multipole_comps_0": 0.03192887921436,
                        "multipoles.0.multipole_4.multipole_comps.multipole_comps_1": 0.00934184195802
                    }
                }
            }
        },
        "values_at_sigma_1": {
            "type": "list",
            "values": [
                {
                    "type": "tuple",
                    "values": [
                        -0.07924624987523,
                        -0.0603798401490111
                    ]
                },
                {
                    "type": "tuple",
                    "values": [
                        -0.07348472427981591,
                        -0.0556592231348298
                    ]
                },
                {
                    "type": "tuple",
                    "values": [
                        -0.02671173971602,
                        0.00337836744289
                    ]
                },
                {
                    "type": "tuple",
                    "values": [
                        -0.02233225842771,
                        0.01921100831422211
                    ]
                },
                {
                    "type": "tuple",
                    "values": [
                        0.01620661462585,
                        0.04595779900215
                    ]
                },
                {
                    "type": "tuple",
                    "values": [
                        -0.01986897634383,
                        0.04306512982393
                    ]
                }
            ]
        },
        "errors_at_sigma_1": {
            "type": "list",
            "values": [
                {
                    "type": "tuple",
                    "values": [
                        0.007601213032650003,
                        0.011265196693568902
                    ]
                },
                {
                    "type": "tuple",
                    "values": [
                        0.008570081681619504,
                        0.009255419463366603
                    ]
                },
                {
                    "type": "tuple",
                    "values": [
                        0.014856967567758133,
                        0.015233139591151867
                    ]
                },
                {
                    "type": "tuple",
                    "values": [
                        0.019471637219724485,
                        0.022071629522207623
                    ]
                },
                {
                    "type": "tuple",
                    "values": [
                        0.012448911651450269,
                        0.017302272724849733
                    ]
                },
                {
                    "type": "tuple",
                    "values": [
                        0.02870014507542093,
                        0.03423396109233907
                    ]
                }
            ]
        },
        "model": null
    }
}