{
    "type": "instance",
    "class_path": "autofit.non_linear.samples.summary.SamplesSummary",
    "arguments": {
        "model": null,
        "errors_at_sigma_3": {
            "type": "list",
            "values": [
                {
                    "type": "tuple",
                    "values": [
                        0.06139977257331754,
                        0.06403803705400561
                    ]
                },
                {
                    "type": "tuple",
                    "values": [
                        0.08636785310395881,
                        0.09692956065002578
                    ]
                },
                {
                    "type": "tuple",
                    "values": [
                        0.022673638636924724,
                        0.01934666523966935
                    ]
                },
                {
                    "type": "tuple",
                    "values": [
                        0.025694892596456815,
                        0.02544972524586428
                    ]
                },
                {
                    "type": "tuple",
                    "values": [
                        0.03250814717644675,
                        0.023197221246273256
                    ]
                },
                {
                    "type": "tuple",
                    "values": [
                        0.01775928132828,
                        0.02070077384553448
                    ]
                },
                {
                    "type": "tuple",
                    "values": [
                        0.028170477588722206,
                        0.025396134899560583
                    ]
                },
                {
                    "type": "tuple",
                    "values": [
                        0.021479940967025657,
                        0.02678297525636028
                    ]
                }
            ]
        },
        "values_at_sigma_1": {
            "type": "list",
            "values": [
                {
                    "type": "tuple",
                    "values": [
                        -0.033110088407431196,
                        0.00929679413725828
                    ]
                },
                {
                    "type": "tuple",
                    "values": [
                        0.16751905606977496,
                        0.22615784533261885
                    ]
                },
                {
                    "type": "tuple",
                    "values": [
                        0.010416619982585458,
                        0.02416229549253
                    ]
                },
                {
                    "type": "tuple",
                    "values": [
                        -0.008449333290057206,
                        0.00807340715353
                    ]
                },
                {
                    "type": "tuple",
                    "values": [
                        -0.00047833831207588003,
                        0.017496494339311136
                    ]
                },
                {
                    "type": "tuple",
                    "values": [
                        -0.0011459250051457008,
                        0.01023504552846
                    ]
                },
                {
                    "type": "tuple",
                    "values": [
                        -0.00325710026905,
                        0.01366309709781
                    ]
                },
                {
                    "type": "tuple",
                    "values": [
                        -0.00275400418512,
                        0.011143299916686873
                    ]
                }
            ]
        },
        "values_at_sigma_3": {
            "type": "list",
            "values": [
                {
                    "type": "tuple",
                    "values": [
                        -0.07221703893779,
                        0.05322077068953315
                    ]
                },
                {
                    "type": "tuple",
                    "values": [
                        0.10991086559859534,
                        0.2932082793525799
                    ]
                },
                {
                    "type": "tuple",
                    "values": [
                        -0.005303303823460904,
                        0.03671700005313317
                    ]
                },
                {
                    "type": "tuple",
                    "values": [
                        -0.026252104125796816,
                        0.02489251371652428
                    ]
                },
                {
                    "type": "tuple",
                    "values": [
                        -0.02317076835396,
                        0.03253460006876
                    ]
                },
                {
                    "type": "tuple",
                    "values": [
                        -0.01294873171925,
                        0.025511323454564482
                    ]
                },
                {
                    "type": "tuple",
                    "values": [
                        -0.02259702705975,
                        0.03096958542853279
                    ]
                },
                {
                    "type": "tuple",
                    "values": [
                        -0.017208083607081526,
                        0.03105483261630441
                    ]
                }
            ]
        },
        "errors_at_sigma_1": {
            "type": "list",
            "values": [
                {
                    "type": "tuple",
                    "values": [
                        0.02229282204295874,
                        0.020114060501730736
                    ]
                },
                {
                    "type": "tuple",
                    "values": [
                        0.02875966263277918,
                        0.0298791266300647
                    ]
                },
                {
                    "type": "tuple",
                    "values": [
                        0.006953714830878364,
                        0.006791960679066178
                    ]
                },
                {
                    "type": "tuple",
                    "values": [
                        0.007892121760717206,
                        0.00863061868287
                    ]
                },
                {
                    "type": "tuple",
                    "values": [
                        0.009815717134562625,
                        0.008159115516824392
                    ]
                },
                {
                    "type": "tuple",
                    "values": [
                        0.0059564746141757005,
                        0.00542449591943
                    ]
                },
                {
                    "type": "tuple",
                    "values": [
                        0.008830550798022207,
                        0.008089646568837792
                    ]
                },
                {
                    "type": "tuple",
                    "values": [
                        0.007025861545064132,
                        0.006871442556742741
                    ]
                }
            ]
        },
        "log_evidence": -24.127069253373847,
        "median_pdf_sample": {
            "type": "instance",
            "class_path": "autofit.non_linear.samples.sample.Sample",
            "arguments": {
                "log_likelihood": -3.644885270726997,
                "log_prior": 0.0,
                "weight": 0.0009182883157999173,
                "kwargs": {
                    "type": "dict",
                    "arguments": {
                        "ellipses.0.ell_comps.ell_comps_0": -0.010817266364472455,
                        "ellipses.0.ell_comps.ell_comps_1": 0.19627871870255414,
                        "multipoles.0.multipole_1.multipole_comps.multipole_comps_0": 0.017370334813463822,
                        "multipoles.0.multipole_1.multipole_comps.multipole_comps_1": -0.00055721152934,
                        "multipoles.0.multipole_3.multipole_comps.multipole_comps_0": 0.009337378822486744,
                        "multipoles.0.multipole_3.multipole_comps.multipole_comps_1": 0.00481054960903,
                        "multipoles.0.multipole_4.multipole_comps.multipole_comps_0": 0.005573450528972208,
                        "multipoles.0.multipole_4.multipole_comps.multipole_comps_1": 0.004271857359944132
                    }
                }
            }
        },
        "max_log_likelihood_sample": {
            "type": "instance",
            "class_path": "autofit.non_linear.samples.sample.Sample",
            "arguments": {
                "log_likelihood": -3.644885270726997,
                "log_prior": 0.0,
                "weight": 0.0009182883157999173,
                "kwargs": {
                    "type": "dict",
                    "arguments": {
                        "ellipses.0.ell_comps.ell_comps_0": -0.0094407243826,
                        "ellipses.0.ell_comps.ell_comps_1": 0.19097752534368,
                        "multipoles.0.multipole_1.multipole_comps.multipole_comps_0": 0.02121127013245,
                        "multipoles.0.multipole_1.multipole_comps.multipole_comps_1": -0.00019283861559,
                        "multipoles.0.multipole_3.multipole_comps.multipole_comps_0": 0.01029927955835,
                        "multipoles.0.multipole_3.multipole_comps.multipole_comps_1": 0.00281172927638,
                        "multipoles.0.multipole_4.multipole_comps.multipole_comps_0": 0.00717649684522,
                        "multipoles.0.multipole_4.multipole_comps.multipole_comps_1": 0.00846822947548
                    }
                }
            }
        }
    }
}