{
    "type": "instance",
    "class_path": "autofit.non_linear.samples.summary.SamplesSummary",
    "arguments": {
        "max_log_likelihood_sample": {
            "type": "instance",
            "class_path": "autofit.non_linear.samples.sample.Sample",
            "arguments": {
                "log_likelihood": -86.13315140125249,
                "log_prior": 0.0,
                "weight": 0.0009909525081816734,
                "kwargs": {
                    "type": "dict",
                    "arguments": {
                        "ellipses.0.ell_comps.ell_comps_0": -0.35891903741521,
                        "ellipses.0.ell_comps.ell_comps_1": -0.08079828460422,
                        "multipoles.0.multipole_1.multipole_comps.multipole_comps_0": -0.00164097089589,
                        "multipoles.0.multipole_1.multipole_comps.multipole_comps_1": 0.00127415902418,
                        "multipoles.0.multipole_3.multipole_comps.multipole_comps_0": -0.00019978702873,
                        "multipoles.0.multipole_3.multipole_comps.multipole_comps_1": 0.0011895895632,
                        "multipoles.0.multipole_4.multipole_comps.multipole_comps_0": -0.03414804451329,
                        "multipoles.0.multipole_4.multipole_comps.multipole_comps_1": 0.00509531418186
                    }
                }
            }
        },
        "errors_at_sigma_1": {
            "type": "list",
            "values": [
                {
                    "type": "tuple",
                    "values": [
                        0.0020565607454468005,
                        0.0020383647342496203
                    ]
                },
                {
                    "type": "tuple",
                    "values": [
                        0.0018614055941073848,
                        0.0017921494680552402
                    ]
                },
                {
                    "type": "tuple",
                    "values": [
                        0.003917721455182389,
                        0.0038775404724923287
                    ]
                },
                {
                    "type": "tuple",
                    "values": [
                        0.0022331323291837207,
                        0.002417846109307083
                    ]
                },
                {
                    "type": "tuple",
                    "values": [
                        0.0028959748968249324,
                        0.003001816184803366
                    ]
                },
                {
                    "type": "tuple",
                    "values": [
                        0.0031119965444989135,
                        0.0027118037993
                    ]
                },
                {
                    "type": "tuple",
                    "values": [
                        0.0024401765336343056,
                        0.0026086606117173353
                    ]
                },
                {
                    "type": "tuple",
                    "values": [
                        0.002874364018705332,
                        0.002607271434549999
                    ]
                }
            ]
        },
        "values_at_sigma_1": {
            "type": "list",
            "values": [
                {
                    "type": "tuple",
                    "values": [
                        -0.36086503441227,
                        -0.3567701089325736
                    ]
                },
                {
                    "type": "tuple",
                    "values": [
                        -0.08111038234855263,
                        -0.07745682728639
                    ]
                },
                {
                    "type": "tuple",
                    "values": [
                        -0.005201029796925092,
                        0.0025942321307496257
                    ]
                },
                {
                    "type": "tuple",
                    "values": [
                        -0.0010531348863308033,
                        0.00359784355216
                    ]
                },
                {
                    "type": "tuple",
                    "values": [
                        -0.00318868520584,
                        0.002709105875788298
                    ]
                },
                {
                    "type": "tuple",
                    "values": [
                        -0.0012565899409889135,
                        0.00456721040281
                    ]
                },
                {
                    "type": "tuple",
                    "values": [
                        -0.036366614466384305,
                        -0.031317777321032664
                    ]
                },
                {
                    "type": "tuple",
                    "values": [
                        0.0038308543250946685,
                        0.00931248977835
                    ]
                }
            ]
        },
        "log_evidence": -117.93120198115984,
        "values_at_sigma_3": {
            "type": "list",
            "values": [
                {
                    "type": "tuple",
                    "values": [
                        -0.3638361051392027,
                        -0.3534342795151731
                    ]
                },
                {
                    "type": "tuple",
                    "values": [
                        -0.08464380587994,
                        -0.07386859423197
                    ]
                },
                {
                    "type": "tuple",
                    "values": [
                        -0.013027889888647037,
                        0.009243538834601984
                    ]
                },
                {
                    "type": "tuple",
                    "values": [
                        -0.00568734160315,
                        0.007135519116576252
                    ]
                },
                {
                    "type": "tuple",
                    "values": [
                        -0.007957346864491217,
                        0.00878650707665383
                    ]
                },
                {
                    "type": "tuple",
                    "values": [
                        -0.007364292261345463,
                        0.010508981794791674
                    ]
                },
                {
                    "type": "tuple",
                    "values": [
                        -0.041738167299383525,
                        -0.0250570448464142
                    ]
                },
                {
                    "type": "tuple",
                    "values": [
                        -0.0011507607532654643,
                        0.013959731557104936
                    ]
                }
            ]
        },
        "errors_at_sigma_3": {
            "type": "list",
            "values": [
                {
                    "type": "tuple",
                    "values": [
                        0.005027631472379501,
                        0.005374194151650136
                    ]
                },
                {
                    "type": "tuple",
                    "values": [
                        0.005394829125494757,
                        0.005380382522475247
                    ]
                },
                {
                    "type": "tuple",
                    "values": [
                        0.011744581546904333,
                        0.010526847176344688
                    ]
                },
                {
                    "type": "tuple",
                    "values": [
                        0.006867339046002917,
                        0.005955521673723335
                    ]
                },
                {
                    "type": "tuple",
                    "values": [
                        0.007664636555476149,
                        0.009079217385668897
                    ]
                },
                {
                    "type": "tuple",
                    "values": [
                        0.009219698864855463,
                        0.008653575191281675
                    ]
                },
                {
                    "type": "tuple",
                    "values": [
                        0.0078117293666335255,
                        0.0088693930863358
                    ]
                },
                {
                    "type": "tuple",
                    "values": [
                        0.007855979097065464,
                        0.007254513213304936
                    ]
                }
            ]
        },
        "model": null,
        "median_pdf_sample": {
            "type": "instance",
            "class_path": "autofit.non_linear.samples.sample.Sample",
            "arguments": {
                "log_likelihood": -86.13315140125249,
                "log_prior": 0.0,
                "weight": 0.0009909525081816734,
                "kwargs": {
                    "type": "dict",
                    "arguments": {
                        "ellipses.0.ell_comps.ell_comps_0": -0.3588084736668232,
                        "ellipses.0.ell_comps.ell_comps_1": -0.07924897675444524,
                        "multipoles.0.multipole_1.multipole_comps.multipole_comps_0": -0.0012833083417427033,
                        "multipoles.0.multipole_1.multipole_comps.multipole_comps_1": 0.0011799974428529172,
                        "multipoles.0.multipole_3.multipole_comps.multipole_comps_0": -0.00029271030901506756,
                        "multipoles.0.multipole_3.multipole_comps.multipole_comps_1": 0.00185540660351,
                        "multipoles.0.multipole_4.multipole_comps.multipole_comps_0": -0.03392643793275,
                        "multipoles.0.multipole_4.multipole_comps.multipole_comps_1": 0.0067052183438
                    }
                }
            }
        }
    }
}