{
    "type": "instance",
    "class_path": "autofit.non_linear.samples.summary.SamplesSummary",
    "arguments": {
        "errors_at_sigma_1": {
            "type": "list",
            "values": [
                {
                    "type": "tuple",
                    "values": [
                        0.0015984948715263153,
                        0.0020060806350584437
                    ]
                },
                {
                    "type": "tuple",
                    "values": [
                        0.001421172446647384,
                        0.0013672739425922842
                    ]
                }
            ]
        },
        "errors_at_sigma_3": {
            "type": "list",
            "values": [
                {
                    "type": "tuple",
                    "values": [
                        0.005422918451231551,
                        0.010226636048871446
                    ]
                },
                {
                    "type": "tuple",
                    "values": [
                        0.003534318226337513,
                        0.005759714872282468
                    ]
                }
            ]
        },
        "max_log_likelihood_sample": {
            "type": "instance",
            "class_path": "autofit.non_linear.samples.sample.Sample",
            "arguments": {
                "log_likelihood": -90.40084258492891,
                "log_prior": 0.0,
                "weight": 0.0009985680113166785,
                "kwargs": {
                    "type": "dict",
                    "arguments": {
                        "ellipses.0.ell_comps.ell_comps_0": 0.09299906170759,
                        "ellipses.0.ell_comps.ell_comps_1": 0.12832053938997
                    }
                }
            }
        },
        "median_pdf_sample": {
            "type": "instance",
            "class_path": "autofit.non_linear.samples.sample.Sample",
            "arguments": {
                "log_likelihood": -90.40084258492891,
                "log_prior": 0.0,
                "weight": 0.0009985680113166785,
                "kwargs": {
                    "type": "dict",
                    "arguments": {
                        "ellipses.0.ell_comps.ell_comps_0": 0.09336714208626155,
                        "ellipses.0.ell_comps.ell_comps_1": 0.12879572520729
                    }
                }
            }
        },
        "values_at_sigma_1": {
            "type": "list",
            "values": [
                {
                    "type": "tuple",
                    "values": [
                        0.09176864721473524,
                        0.09537322272132
                    ]
                },
                {
                    "type": "tuple",
                    "values": [
                        0.1273745527606426,
                        0.13016299914988227
                    ]
                }
            ]
        },
        "values_at_sigma_3": {
            "type": "list",
            "values": [
                {
                    "type": "tuple",
                    "values": [
                        0.08794422363503,
                        0.103593778135133
                    ]
                },
                {
                    "type": "tuple",
                    "values": [
                        0.12526140698095248,
                        0.13455544007957246
                    ]
                }
            ]
        },
        "log_evidence": -103.0337796087233,
        "model": null
    }
}