{
    "type": "instance",
    "class_path": "autofit.non_linear.samples.summary.SamplesSummary",
    "arguments": {
        "log_evidence": -38.49349003573372,
        "max_log_likelihood_sample": {
            "type": "instance",
            "class_path": "autofit.non_linear.samples.sample.Sample",
            "arguments": {
                "log_likelihood": -17.01423697055515,
                "log_prior": 0.0,
                "weight": 0.0010737890064263485,
                "kwargs": {
                    "type": "dict",
                    "arguments": {
                        "ellipses.0.ell_comps.ell_comps_0": -0.07924918533783,
                        "ellipses.0.ell_comps.ell_comps_1": -0.10458255916018,
                        "multipoles.0.multipole_1.multipole_comps.multipole_comps_0": 0.02368492463947,
                        "multipoles.0.multipole_1.multipole_comps.multipole_comps_1": 0.01080069920097,
                        "multipoles.0.multipole_3.multipole_comps.multipole_comps_0": -0.01268483905424,
                        "multipoles.0.multipole_3.multipole_comps.multipole_comps_1": 0.00617745806839,
                        "multipoles.0.multipole_4.multipole_comps.multipole_comps_0": -0.00377653356955,
                        "multipoles.0.multipole_4.multipole_comps.multipole_comps_1": -0.00889596548283
                    }
                }
            }
        },
        "median_pdf_sample": {
            "type": "instance",
            "class_path": "autofit.non_linear.samples.sample.Sample",
            "arguments": {
                "log_likelihood": -17.01423697055515,
                "log_prior": 0.0,
                "weight": 0.0010737890064263485,
                "kwargs": {
                    "type": "dict",
                    "arguments": {
                        "ellipses.0.ell_comps.ell_comps_0": -0.07988583180655012,
                        "ellipses.0.ell_comps.ell_comps_1": -0.11096007458866411,
                        "multipoles.0.multipole_1.multipole_comps.multipole_comps_0": 0.02262651615201,
                        "multipoles.0.multipole_1.multipole_comps.multipole_comps_1": 0.008210297342185063,
                        "multipoles.0.multipole_3.multipole_comps.multipole_comps_0": -0.0009239281803961084,
                        "multipoles.0.multipole_3.multipole_comps.multipole_comps_1": 0.004590172174895402,
                        "multipoles.0.multipole_4.multipole_comps.multipole_comps_0": -0.00917870691054474,
                        "multipoles.0.multipole_4.multipole_comps.multipole_comps_1": -0.004708786485543959
                    }
                }
            }
        },
        "values_at_sigma_3": {
            "type": "list",
            "values": [
                {
                    "type": "tuple",
                    "values": [
                        -0.11247350668258155,
                        -0.05999533576653
                    ]
                },
                {
                    "type": "tuple",
                    "values": [
                        -0.1401995304029,
                        -0.0830707466548246
                    ]
                },
                {
                    "type": "tuple",
                    "values": [
                        -0.03301429614847069,
                        0.06854856102997205
                    ]
                },
                {
                    "type": "tuple",
                    "values": [
                        -0.03267061061365458,
                        0.04681803519899412
                    ]
                },
                {
                    "type": "tuple",
                    "values": [
                        -0.034360917418,
                        0.031855937831475924
                    ]
                },
                {
                    "type": "tuple",
                    "values": [
                        -0.05135793187129329,
                        0.0458926333489541
                    ]
                },
                {
                    "type": "tuple",
                    "values": [
                        -0.05695964682894534,
                        0.043982663949714715
                    ]
                },
                {
                    "type": "tuple",
                    "values": [
                        -0.03881531621518981,
                        0.044041417005837094
                    ]
                }
            ]
        },
        "errors_at_sigma_3": {
            "type": "list",
            "values": [
                {
                    "type": "tuple",
                    "values": [
                        0.032587674876031425,
                        0.01989049604002012
                    ]
                },
                {
                    "type": "tuple",
                    "values": [
                        0.0292394558142359,
                        0.02788932793383951
                    ]
                },
                {
                    "type": "tuple",
                    "values": [
                        0.055640812300480694,
                        0.045922044877962045
                    ]
                },
                {
                    "type": "tuple",
                    "values": [
                        0.040880907955839645,
                        0.03860773785680906
                    ]
                },
                {
                    "type": "tuple",
                    "values": [
                        0.033436989237603895,
                        0.03277986601187203
                    ]
                },
                {
                    "type": "tuple",
                    "values": [
                        0.05594810404618869,
                        0.0413024611740587
                    ]
                },
                {
                    "type": "tuple",
                    "values": [
                        0.0477809399184006,
                        0.05316137086025945
                    ]
                },
                {
                    "type": "tuple",
                    "values": [
                        0.034106529729645854,
                        0.04875020349138105
                    ]
                }
            ]
        },
        "model": null,
        "errors_at_sigma_1": {
            "type": "list",
            "values": [
                {
                    "type": "tuple",
                    "values": [
                        0.010973891275611602,
                        0.007662381620850117
                    ]
                },
                {
                    "type": "tuple",
                    "values": [
                        0.011275797975091123,
                        0.008942777756174108
                    ]
                },
                {
                    "type": "tuple",
                    "values": [
                        0.018994008103522857,
                        0.013876119745479996
                    ]
                },
                {
                    "type": "tuple",
                    "values": [
                        0.014222987772871115,
                        0.013580112775074413
                    ]
                },
                {
                    "type": "tuple",
                    "values": [
                        0.014690000611273383,
                        0.013282505357596109
                    ]
                },
                {
                    "type": "tuple",
                    "values": [
                        0.014687098327135401,
                        0.0152724659808246
                    ]
                },
                {
                    "type": "tuple",
                    "values": [
                        0.01826144155696921,
                        0.018566837458020354
                    ]
                },
                {
                    "type": "tuple",
                    "values": [
                        0.012948800162576043,
                        0.015442099165595755
                    ]
                }
            ]
        },
        "values_at_sigma_1": {
            "type": "list",
            "values": [
                {
                    "type": "tuple",
                    "values": [
                        -0.09085972308216173,
                        -0.0722234501857
                    ]
                },
                {
                    "type": "tuple",
                    "values": [
                        -0.12223587256375523,
                        -0.10201729683249
                    ]
                },
                {
                    "type": "tuple",
                    "values": [
                        0.003632508048487143,
                        0.03650263589749
                    ]
                },
                {
                    "type": "tuple",
                    "values": [
                        -0.006012690430686052,
                        0.021790410117259476
                    ]
                },
                {
                    "type": "tuple",
                    "values": [
                        -0.015613928791669491,
                        0.0123585771772
                    ]
                },
                {
                    "type": "tuple",
                    "values": [
                        -0.01009692615224,
                        0.01986263815572
                    ]
                },
                {
                    "type": "tuple",
                    "values": [
                        -0.027440148467513952,
                        0.009388130547475615
                    ]
                },
                {
                    "type": "tuple",
                    "values": [
                        -0.01765758664812,
                        0.010733312680051796
                    ]
                }
            ]
        }
    }
}