{
    "type": "instance",
    "class_path": "autofit.non_linear.samples.summary.SamplesSummary",
    "arguments": {
        "errors_at_sigma_1": {
            "type": "list",
            "values": [
                {
                    "type": "tuple",
                    "values": [
                        0.0005852197364020484,
                        0.00035930996858796194
                    ]
                },
                {
                    "type": "tuple",
                    "values": [
                        0.001158811788203401,
                        0.000799253986285206
                    ]
                }
            ]
        },
        "model": null,
        "values_at_sigma_1": {
            "type": "list",
            "values": [
                {
                    "type": "tuple",
                    "values": [
                        -0.18337685648071,
                        -0.18243232677572
                    ]
                },
                {
                    "type": "tuple",
                    "values": [
                        0.03842807196863139,
                        0.04038613774312
                    ]
                }
            ]
        },
        "max_log_likelihood_sample": {
            "type": "instance",
            "class_path": "autofit.non_linear.samples.sample.Sample",
            "arguments": {
                "log_likelihood": -133.18662422634927,
                "log_prior": 0.0,
                "weight": 0.00098915938139653,
                "kwargs": {
                    "type": "dict",
                    "arguments": {
                        "ellipses.0.ell_comps.ell_comps_0": -0.18221819999469,
                        "ellipses.0.ell_comps.ell_comps_1": 0.03974693317997
                    }
                }
            }
        },
        "errors_at_sigma_3": {
            "type": "list",
            "values": [
                {
                    "type": "tuple",
                    "values": [
                        0.002384017019642054,
                        0.0019122401950274481
                    ]
                },
                {
                    "type": "tuple",
                    "values": [
                        0.0033720379948147944,
                        0.011121223347101333
                    ]
                }
            ]
        },
        "median_pdf_sample": {
            "type": "instance",
            "class_path": "autofit.non_linear.samples.sample.Sample",
            "arguments": {
                "log_likelihood": -133.18662422634927,
                "log_prior": 0.0,
                "weight": 0.00098915938139653,
                "kwargs": {
                    "type": "dict",
                    "arguments": {
                        "ellipses.0.ell_comps.ell_comps_0": -0.18279163674430796,
                        "ellipses.0.ell_comps.ell_comps_1": 0.03958688375683479
                    }
                }
            }
        },
        "values_at_sigma_3": {
            "type": "list",
            "values": [
                {
                    "type": "tuple",
                    "values": [
                        -0.18517565376395,
                        -0.1808793965492805
                    ]
                },
                {
                    "type": "tuple",
                    "values": [
                        0.03621484576202,
                        0.050708107103936126
                    ]
                }
            ]
        },
        "log_evidence": -147.55039074165646
    }
}