{
    "type": "instance",
    "class_path": "autofit.non_linear.samples.summary.SamplesSummary",
    "arguments": {
        "model": null,
        "errors_at_sigma_1": {
            "type": "list",
            "values": [
                {
                    "type": "tuple",
                    "values": [
                        0.004574827437283525,
                        0.004367180806456473
                    ]
                },
                {
                    "type": "tuple",
                    "values": [
                        0.00491867736601815,
                        0.004147984853716105
                    ]
                }
            ]
        },
        "log_evidence": -45.02869796587999,
        "errors_at_sigma_3": {
            "type": "list",
            "values": [
                {
                    "type": "tuple",
                    "values": [
                        0.012469953821033525,
                        0.01242116734400893
                    ]
                },
                {
                    "type": "tuple",
                    "values": [
                        0.013626156066078428,
                        0.010845117533627782
                    ]
                }
            ]
        },
        "median_pdf_sample": {
            "type": "instance",
            "class_path": "autofit.non_linear.samples.sample.Sample",
            "arguments": {
                "log_likelihood": -35.03252668086965,
                "log_prior": 0.0,
                "weight": 0.0009813805587770947,
                "kwargs": {
                    "type": "dict",
                    "arguments": {
                        "ellipses.0.ell_comps.ell_comps_0": -0.031785608219846474,
                        "ellipses.0.ell_comps.ell_comps_1": 0.06402300778281815
                    }
                }
            }
        },
        "max_log_likelihood_sample": {
            "type": "instance",
            "class_path": "autofit.non_linear.samples.sample.Sample",
            "arguments": {
                "log_likelihood": -35.03252668086965,
                "log_prior": 0.0,
                "weight": 0.0009813805587770947,
                "kwargs": {
                    "type": "dict",
                    "arguments": {
                        "ellipses.0.ell_comps.ell_comps_0": -0.03173044098495,
                        "ellipses.0.ell_comps.ell_comps_1": 0.06675478321914
                    }
                }
            }
        },
        "values_at_sigma_1": {
            "type": "list",
            "values": [
                {
                    "type": "tuple",
                    "values": [
                        -0.03636043565713,
                        -0.02741842741339
                    ]
                },
                {
                    "type": "tuple",
                    "values": [
                        0.0591043304168,
                        0.06817099263653426
                    ]
                }
            ]
        },
        "values_at_sigma_3": {
            "type": "list",
            "values": [
                {
                    "type": "tuple",
                    "values": [
                        -0.04425556204088,
                        -0.019364440875837545
                    ]
                },
                {
                    "type": "tuple",
                    "values": [
                        0.05039685171673972,
                        0.07486812531644593
                    ]
                }
            ]
        }
    }
}