{
    "type": "instance",
    "class_path": "autofit.non_linear.samples.summary.SamplesSummary",
    "arguments": {
        "log_evidence": 53468.63699302312,
        "model": null,
        "errors_at_sigma_3": {
            "type": "list",
            "values": [
                {
                    "type": "tuple",
                    "values": [
                        0.01980871087861074,
                        0.020977569500871998
                    ]
                },
                {
                    "type": "tuple",
                    "values": [
                        0.01673234608266093,
                        0.02165902029489715
                    ]
                },
                {
                    "type": "tuple",
                    "values": [
                        0.015448387231511207,
                        0.022077445410412233
                    ]
                },
                {
                    "type": "tuple",
                    "values": [
                        0.010577260353620324,
                        0.010270187762844376
                    ]
                },
                {
                    "type": "tuple",
                    "values": [
                        0.015478848643151823,
                        0.019941850355337007
                    ]
                },
                {
                    "type": "tuple",
                    "values": [
                        0.14617525056214054,
                        0.22104878524687654
                    ]
                },
                {
                    "type": "tuple",
                    "values": [
                        0.012678075688243886,
                        0.012577930085405975
                    ]
                },
                {
                    "type": "tuple",
                    "values": [
                        0.013031004386949853,
                        0.013854459278385838
                    ]
                }
            ]
        },
        "values_at_sigma_3": {
            "type": "list",
            "values": [
                {
                    "type": "tuple",
                    "values": [
                        0.0008771475938782879,
                        0.04166342797336103
                    ]
                },
                {
                    "type": "tuple",
                    "values": [
                        0.07442649498558151,
                        0.1128178613631396
                    ]
                },
                {
                    "type": "tuple",
                    "values": [
                        1.220313721381409,
                        1.2578395540233325
                    ]
                },
                {
                    "type": "tuple",
                    "values": [
                        -0.010005158577740389,
                        0.010842289538724311
                    ]
                },
                {
                    "type": "tuple",
                    "values": [
                        -0.02317427367965509,
                        0.012246425318833737
                    ]
                },
                {
                    "type": "tuple",
                    "values": [
                        1.88870463200528,
                        2.255928667814297
                    ]
                },
                {
                    "type": "tuple",
                    "values": [
                        0.015352492483274891,
                        0.04060849825692475
                    ]
                },
                {
                    "type": "tuple",
                    "values": [
                        -0.010567275144586219,
                        0.016318188520749472
                    ]
                }
            ]
        },
        "values_at_sigma_1": {
            "type": "list",
            "values": [
                {
                    "type": "tuple",
                    "values": [
                        0.014550497661689045,
                        0.027539222398552252
                    ]
                },
                {
                    "type": "tuple",
                    "values": [
                        0.0856957346609205,
                        0.09711995295443765
                    ]
                },
                {
                    "type": "tuple",
                    "values": [
                        1.2321163490000726,
                        1.2388413938007705
                    ]
                },
                {
                    "type": "tuple",
                    "values": [
                        -0.0026890556025480064,
                        0.003750472365403025
                    ]
                },
                {
                    "type": "tuple",
                    "values": [
                        -0.01258787094656635,
                        -0.0025587880777468066
                    ]
                },
                {
                    "type": "tuple",
                    "values": [
                        1.9991326095872262,
                        2.065519258686488
                    ]
                },
                {
                    "type": "tuple",
                    "values": [
                        0.024568804158999907,
                        0.03167617736888575
                    ]
                },
                {
                    "type": "tuple",
                    "values": [
                        -0.0014554155668634813,
                        0.007108232954124105
                    ]
                }
            ]
        },
        "max_log_likelihood_sample": {
            "type": "instance",
            "class_path": "autofit.non_linear.samples.sample.Sample",
            "arguments": {
                "log_likelihood": 53501.505369558625,
                "log_prior": 0.004273202748947107,
                "weight": 2.6622897738650017e-05,
                "kwargs": {
                    "type": "dict",
                    "arguments": {
                        "galaxies.lens.mass.ell_comps.ell_comps_0": 0.022746352757016315,
                        "galaxies.lens.mass.ell_comps.ell_comps_1": 0.09085354566277756,
                        "galaxies.lens.mass.einstein_radius": 1.237313904432579,
                        "galaxies.lens.mass.centre.centre_0": 0.0021789621144171108,
                        "galaxies.lens.mass.centre.centre_1": -0.008111598412126043,
                        "galaxies.lens.mass.slope": 2.04983105934176,
                        "galaxies.lens.shear.gamma_1": 0.02701312287388,
                        "galaxies.lens.shear.gamma_2": 0.0028293165054
                    }
                }
            }
        },
        "median_pdf_sample": {
            "type": "instance",
            "class_path": "autofit.non_linear.samples.sample.Sample",
            "arguments": {
                "log_likelihood": 53501.505369558625,
                "log_prior": 0.004273202748947107,
                "weight": 2.6622897738650017e-05,
                "kwargs": {
                    "type": "dict",
                    "arguments": {
                        "galaxies.lens.mass.ell_comps.ell_comps_0": 0.02068585847248903,
                        "galaxies.lens.mass.ell_comps.ell_comps_1": 0.09115884106824244,
                        "galaxies.lens.mass.einstein_radius": 1.2357621086129202,
                        "galaxies.lens.mass.centre.centre_0": 0.0005721017758799344,
                        "galaxies.lens.mass.centre.centre_1": -0.007695425036503269,
                        "galaxies.lens.mass.slope": 2.0348798825674206,
                        "galaxies.lens.shear.gamma_1": 0.028030568171518777,
                        "galaxies.lens.shear.gamma_2": 0.002463729242363633
                    }
                }
            }
        },
        "errors_at_sigma_1": {
            "type": "list",
            "values": [
                {
                    "type": "tuple",
                    "values": [
                        0.006135360810799984,
                        0.006853363926063224
                    ]
                },
                {
                    "type": "tuple",
                    "values": [
                        0.005463106407321949,
                        0.005961111886195206
                    ]
                },
                {
                    "type": "tuple",
                    "values": [
                        0.003645759612847632,
                        0.003079285187850278
                    ]
                },
                {
                    "type": "tuple",
                    "values": [
                        0.0032611573784279407,
                        0.0031783705895230907
                    ]
                },
                {
                    "type": "tuple",
                    "values": [
                        0.004892445910063082,
                        0.005136636958756462
                    ]
                },
                {
                    "type": "tuple",
                    "values": [
                        0.03574727298019442,
                        0.030639376119067308
                    ]
                },
                {
                    "type": "tuple",
                    "values": [
                        0.0034617640125188705,
                        0.003645609197366971
                    ]
                },
                {
                    "type": "tuple",
                    "values": [
                        0.003919144809227114,
                        0.004644503711760472
                    ]
                }
            ]
        }
    }
}