{
    "type": "instance",
    "class_path": "autofit.non_linear.samples.summary.SamplesSummary",
    "arguments": {
        "errors_at_sigma_3": {
            "type": "list",
            "values": [
                {
                    "type": "tuple",
                    "values": [
                        0.00867947708932,
                        0.020016517553550002
                    ]
                },
                {
                    "type": "tuple",
                    "values": [
                        0.0052933243139820785,
                        0.007295429679008619
                    ]
                },
                {
                    "type": "tuple",
                    "values": [
                        0.030002552185210002,
                        0.07492107573061
                    ]
                },
                {
                    "type": "tuple",
                    "values": [
                        0.05281045806914833,
                        0.06293396945975
                    ]
                },
                {
                    "type": "tuple",
                    "values": [
                        0.1016443679697265,
                        0.02262428967004349
                    ]
                },
                {
                    "type": "tuple",
                    "values": [
                        0.0521320553314635,
                        0.043595581617194956
                    ]
                }
            ]
        },
        "errors_at_sigma_1": {
            "type": "list",
            "values": [
                {
                    "type": "tuple",
                    "values": [
                        0.0023002031547800644,
                        0.0054304175759612786
                    ]
                },
                {
                    "type": "tuple",
                    "values": [
                        0.001585467077646202,
                        0.0023589309179637974
                    ]
                },
                {
                    "type": "tuple",
                    "values": [
                        0.010125251070284978,
                        0.016877238753346877
                    ]
                },
                {
                    "type": "tuple",
                    "values": [
                        0.014238750246089999,
                        0.012711502764371638
                    ]
                },
                {
                    "type": "tuple",
                    "values": [
                        0.01616212672149464,
                        0.009504883319213491
                    ]
                },
                {
                    "type": "tuple",
                    "values": [
                        0.014766481889737327,
                        0.010902439058759816
                    ]
                }
            ]
        },
        "values_at_sigma_3": {
            "type": "list",
            "values": [
                {
                    "type": "tuple",
                    "values": [
                        0.0296804938709,
                        0.05837648851377
                    ]
                },
                {
                    "type": "tuple",
                    "values": [
                        -0.16277697756401588,
                        -0.15018822357102518
                    ]
                },
                {
                    "type": "tuple",
                    "values": [
                        -0.00601801879723,
                        0.09890560911859
                    ]
                },
                {
                    "type": "tuple",
                    "values": [
                        -0.027450432224938332,
                        0.08829399530396
                    ]
                },
                {
                    "type": "tuple",
                    "values": [
                        -0.08504699137723,
                        0.03922166626254
                    ]
                },
                {
                    "type": "tuple",
                    "values": [
                        -0.007234818154143503,
                        0.08849281879451495
                    ]
                }
            ]
        },
        "values_at_sigma_1": {
            "type": "list",
            "values": [
                {
                    "type": "tuple",
                    "values": [
                        0.036059767805439936,
                        0.04379038853618128
                    ]
                },
                {
                    "type": "tuple",
                    "values": [
                        -0.15906912032768,
                        -0.15512472233207
                    ]
                },
                {
                    "type": "tuple",
                    "values": [
                        0.013859282317695024,
                        0.04086177214132688
                    ]
                },
                {
                    "type": "tuple",
                    "values": [
                        0.01112127559812,
                        0.03807152860858164
                    ]
                },
                {
                    "type": "tuple",
                    "values": [
                        0.0004352498710018663,
                        0.02610225991171
                    ]
                },
                {
                    "type": "tuple",
                    "values": [
                        0.03013075528758267,
                        0.055799676236079815
                    ]
                }
            ]
        },
        "log_evidence": -72.62812880939167,
        "median_pdf_sample": {
            "type": "instance",
            "class_path": "autofit.non_linear.samples.sample.Sample",
            "arguments": {
                "log_likelihood": -53.55811420248825,
                "log_prior": 0.0,
                "weight": 0.0010317642400687254,
                "kwargs": {
                    "type": "dict",
                    "arguments": {
                        "ellipses.0.ell_comps.ell_comps_0": 0.03835997096022,
                        "ellipses.0.ell_comps.ell_comps_1": -0.1574836532500338,
                        "multipoles.0.multipole_3.multipole_comps.multipole_comps_0": 0.02398453338798,
                        "multipoles.0.multipole_3.multipole_comps.multipole_comps_1": 0.02536002584421,
                        "multipoles.0.multipole_4.multipole_comps.multipole_comps_0": 0.016597376592496507,
                        "multipoles.0.multipole_4.multipole_comps.multipole_comps_1": 0.04489723717732
                    }
                }
            }
        },
        "max_log_likelihood_sample": {
            "type": "instance",
            "class_path": "autofit.non_linear.samples.sample.Sample",
            "arguments": {
                "log_likelihood": -53.55811420248825,
                "log_prior": 0.0,
                "weight": 0.0010317642400687254,
                "kwargs": {
                    "type": "dict",
                    "arguments": {
                        "ellipses.0.ell_comps.ell_comps_0": 0.03859210218853,
                        "ellipses.0.ell_comps.ell_comps_1": -0.15702634332824,
                        "multipoles.0.multipole_3.multipole_comps.multipole_comps_0": 0.01719102163111,
                        "multipoles.0.multipole_3.multipole_comps.multipole_comps_1": 0.01925321848092,
                        "multipoles.0.multipole_4.multipole_comps.multipole_comps_0": 0.02292206753058,
                        "multipoles.0.multipole_4.multipole_comps.multipole_comps_1": 0.04222992092577
                    }
                }
            }
        },
        "model": null
    }
}