{
    "type": "instance",
    "class_path": "autofit.non_linear.samples.summary.SamplesSummary",
    "arguments": {
        "median_pdf_sample": {
            "type": "instance",
            "class_path": "autofit.non_linear.samples.sample.Sample",
            "arguments": {
                "log_likelihood": -32.060108546192794,
                "log_prior": 0.0,
                "weight": 0.0009816972940958019,
                "kwargs": {
                    "type": "dict",
                    "arguments": {
                        "ellipses.0.ell_comps.ell_comps_0": 0.04616715047290346,
                        "ellipses.0.ell_comps.ell_comps_1": -0.07096813250635248
                    }
                }
            }
        },
        "errors_at_sigma_1": {
            "type": "list",
            "values": [
                {
                    "type": "tuple",
                    "values": [
                        0.00357099552985346,
                        0.003883382357897279
                    ]
                },
                {
                    "type": "tuple",
                    "values": [
                        0.0019400788583893436,
                        0.002823823176582474
                    ]
                }
            ]
        },
        "values_at_sigma_3": {
            "type": "list",
            "values": [
                {
                    "type": "tuple",
                    "values": [
                        0.03645672853623023,
                        0.05575520218386
                    ]
                },
                {
                    "type": "tuple",
                    "values": [
                        -0.07824509540356467,
                        -0.06225936588073
                    ]
                }
            ]
        },
        "errors_at_sigma_3": {
            "type": "list",
            "values": [
                {
                    "type": "tuple",
                    "values": [
                        0.009710421936673236,
                        0.009588051710956537
                    ]
                },
                {
                    "type": "tuple",
                    "values": [
                        0.007276962897212191,
                        0.008708766625622477
                    ]
                }
            ]
        },
        "max_log_likelihood_sample": {
            "type": "instance",
            "class_path": "autofit.non_linear.samples.sample.Sample",
            "arguments": {
                "log_likelihood": -32.060108546192794,
                "log_prior": 0.0,
                "weight": 0.0009816972940958019,
                "kwargs": {
                    "type": "dict",
                    "arguments": {
                        "ellipses.0.ell_comps.ell_comps_0": 0.04593993402998,
                        "ellipses.0.ell_comps.ell_comps_1": -0.07126034641735
                    }
                }
            }
        },
        "values_at_sigma_1": {
            "type": "list",
            "values": [
                {
                    "type": "tuple",
                    "values": [
                        0.04259615494305,
                        0.05005053283080074
                    ]
                },
                {
                    "type": "tuple",
                    "values": [
                        -0.07290821136474182,
                        -0.06814430932977
                    ]
                }
            ]
        },
        "model": null,
        "log_evidence": -42.25817052949239
    }
}