{
    "type": "instance",
    "class_path": "autofit.non_linear.samples.summary.SamplesSummary",
    "arguments": {
        "log_evidence": -39.33854368201609,
        "values_at_sigma_3": {
            "type": "list",
            "values": [
                {
                    "type": "tuple",
                    "values": [
                        0.0052655445577447415,
                        0.02444098769501729
                    ]
                },
                {
                    "type": "tuple",
                    "values": [
                        -0.1324555040333495,
                        -0.11199646257668727
                    ]
                },
                {
                    "type": "tuple",
                    "values": [
                        -0.009331403013150134,
                        0.0006018844994417026
                    ]
                },
                {
                    "type": "tuple",
                    "values": [
                        -0.00613618410977,
                        0.0034381110496584494
                    ]
                },
                {
                    "type": "tuple",
                    "values": [
                        -0.000258203646820518,
                        0.012683230786168209
                    ]
                },
                {
                    "type": "tuple",
                    "values": [
                        -0.005522932573186445,
                        0.007503231285064083
                    ]
                }
            ]
        },
        "errors_at_sigma_3": {
            "type": "list",
            "values": [
                {
                    "type": "tuple",
                    "values": [
                        0.009604151051025259,
                        0.009571292086247291
                    ]
                },
                {
                    "type": "tuple",
                    "values": [
                        0.009703624742487135,
                        0.010755416714175084
                    ]
                },
                {
                    "type": "tuple",
                    "values": [
                        0.005459267882538831,
                        0.0044740196300530055
                    ]
                },
                {
                    "type": "tuple",
                    "values": [
                        0.00441358565853,
                        0.00516070950089845
                    ]
                },
                {
                    "type": "tuple",
                    "values": [
                        0.00633157538605699,
                        0.006609859046931737
                    ]
                },
                {
                    "type": "tuple",
                    "values": [
                        0.00652020801839495,
                        0.006505955839855578
                    ]
                }
            ]
        },
        "median_pdf_sample": {
            "type": "instance",
            "class_path": "autofit.non_linear.samples.sample.Sample",
            "arguments": {
                "log_likelihood": -13.492396134329054,
                "log_prior": 0.0,
                "weight": 0.0010197923322786096,
                "kwargs": {
                    "type": "dict",
                    "arguments": {
                        "ellipses.0.ell_comps.ell_comps_0": 0.01486969560877,
                        "ellipses.0.ell_comps.ell_comps_1": -0.12275187929086236,
                        "multipoles.0.multipole_3.multipole_comps.multipole_comps_0": -0.0038721351306113027,
                        "multipoles.0.multipole_3.multipole_comps.multipole_comps_1": -0.00172259845124,
                        "multipoles.0.multipole_4.multipole_comps.multipole_comps_0": 0.006073371739236472,
                        "multipoles.0.multipole_4.multipole_comps.multipole_comps_1": 0.0009972754452085048
                    }
                }
            }
        },
        "errors_at_sigma_1": {
            "type": "list",
            "values": [
                {
                    "type": "tuple",
                    "values": [
                        0.0031481692531928618,
                        0.0033946827877300006
                    ]
                },
                {
                    "type": "tuple",
                    "values": [
                        0.0035711903971097497,
                        0.0037152706937623597
                    ]
                },
                {
                    "type": "tuple",
                    "values": [
                        0.00174172333980114,
                        0.001469065133377067
                    ]
                },
                {
                    "type": "tuple",
                    "values": [
                        0.0015232499172399998,
                        0.0015138926013529613
                    ]
                },
                {
                    "type": "tuple",
                    "values": [
                        0.002127045784757425,
                        0.0023606639722800974
                    ]
                },
                {
                    "type": "tuple",
                    "values": [
                        0.0022587987788785045,
                        0.00229345732712392
                    ]
                }
            ]
        },
        "model": null,
        "max_log_likelihood_sample": {
            "type": "instance",
            "class_path": "autofit.non_linear.samples.sample.Sample",
            "arguments": {
                "log_likelihood": -13.492396134329054,
                "log_prior": 0.0,
                "weight": 0.0010197923322786096,
                "kwargs": {
                    "type": "dict",
                    "arguments": {
                        "ellipses.0.ell_comps.ell_comps_0": 0.01398253981014,
                        "ellipses.0.ell_comps.ell_comps_1": -0.12415216280717,
                        "multipoles.0.multipole_3.multipole_comps.multipole_comps_0": -0.0038715368439,
                        "multipoles.0.multipole_3.multipole_comps.multipole_comps_1": -0.00190559301966,
                        "multipoles.0.multipole_4.multipole_comps.multipole_comps_0": 0.00624383336395,
                        "multipoles.0.multipole_4.multipole_comps.multipole_comps_1": 0.00101712364023
                    }
                }
            }
        },
        "values_at_sigma_1": {
            "type": "list",
            "values": [
                {
                    "type": "tuple",
                    "values": [
                        0.011721526355577138,
                        0.0182643783965
                    ]
                },
                {
                    "type": "tuple",
                    "values": [
                        -0.1263230696879721,
                        -0.1190366085971
                    ]
                },
                {
                    "type": "tuple",
                    "values": [
                        -0.005613858470412443,
                        -0.0024030699972342356
                    ]
                },
                {
                    "type": "tuple",
                    "values": [
                        -0.00324584836848,
                        -0.0002087058498870388
                    ]
                },
                {
                    "type": "tuple",
                    "values": [
                        0.003946325954479047,
                        0.008434035711516569
                    ]
                },
                {
                    "type": "tuple",
                    "values": [
                        -0.00126152333367,
                        0.0032907327723324248
                    ]
                }
            ]
        }
    }
}