{
    "type": "instance",
    "class_path": "autofit.non_linear.samples.summary.SamplesSummary",
    "arguments": {
        "values_at_sigma_1": {
            "type": "list",
            "values": [
                {
                    "type": "tuple",
                    "values": [
                        0.08417389635231586,
                        0.09679955759032
                    ]
                },
                {
                    "type": "tuple",
                    "values": [
                        0.19986117053252989,
                        0.20560216412499338
                    ]
                },
                {
                    "type": "tuple",
                    "values": [
                        0.001740454716532598,
                        0.04320450696268
                    ]
                },
                {
                    "type": "tuple",
                    "values": [
                        0.0010484427426388524,
                        0.025518062972308533
                    ]
                },
                {
                    "type": "tuple",
                    "values": [
                        -0.055463673644470655,
                        -0.01495956228391541
                    ]
                },
                {
                    "type": "tuple",
                    "values": [
                        -0.06397160709804878,
                        -0.031110897562863598
                    ]
                }
            ]
        },
        "errors_at_sigma_1": {
            "type": "list",
            "values": [
                {
                    "type": "tuple",
                    "values": [
                        0.0036517573748441473,
                        0.008973903863159993
                    ]
                },
                {
                    "type": "tuple",
                    "values": [
                        0.0030823230550224567,
                        0.002658670537441038
                    ]
                },
                {
                    "type": "tuple",
                    "values": [
                        0.0279415674162474,
                        0.0135224848299
                    ]
                },
                {
                    "type": "tuple",
                    "values": [
                        0.012599733107440007,
                        0.011869887122229675
                    ]
                },
                {
                    "type": "tuple",
                    "values": [
                        0.017472732896690657,
                        0.02303137846386459
                    ]
                },
                {
                    "type": "tuple",
                    "values": [
                        0.018909876373146194,
                        0.013950833162038986
                    ]
                }
            ]
        },
        "median_pdf_sample": {
            "type": "instance",
            "class_path": "autofit.non_linear.samples.sample.Sample",
            "arguments": {
                "log_likelihood": -67.2178895899286,
                "log_prior": 0.0,
                "weight": 0.00103114627253898,
                "kwargs": {
                    "type": "dict",
                    "arguments": {
                        "ellipses.0.ell_comps.ell_comps_0": 0.08782565372716,
                        "ellipses.0.ell_comps.ell_comps_1": 0.20294349358755234,
                        "multipoles.0.multipole_3.multipole_comps.multipole_comps_0": 0.02968202213278,
                        "multipoles.0.multipole_3.multipole_comps.multipole_comps_1": 0.013648175850078858,
                        "multipoles.0.multipole_4.multipole_comps.multipole_comps_0": -0.03799094074778,
                        "multipoles.0.multipole_4.multipole_comps.multipole_comps_1": -0.045061730724902584
                    }
                }
            }
        },
        "errors_at_sigma_3": {
            "type": "list",
            "values": [
                {
                    "type": "tuple",
                    "values": [
                        0.011164480156779996,
                        0.019257916756
                    ]
                },
                {
                    "type": "tuple",
                    "values": [
                        0.013617950357936642,
                        0.010053868326097504
                    ]
                },
                {
                    "type": "tuple",
                    "values": [
                        0.07215656756476109,
                        0.03276912257134647
                    ]
                },
                {
                    "type": "tuple",
                    "values": [
                        0.04523702827927886,
                        0.03755526001378127
                    ]
                },
                {
                    "type": "tuple",
                    "values": [
                        0.05418778385529,
                        0.07301486736321608
                    ]
                },
                {
                    "type": "tuple",
                    "values": [
                        0.050596856193221094,
                        0.04399833505048258
                    ]
                }
            ]
        },
        "model": null,
        "log_evidence": -86.65339409191546,
        "values_at_sigma_3": {
            "type": "list",
            "values": [
                {
                    "type": "tuple",
                    "values": [
                        0.07666117357038,
                        0.10708357048316
                    ]
                },
                {
                    "type": "tuple",
                    "values": [
                        0.1893255432296157,
                        0.21299736191364985
                    ]
                },
                {
                    "type": "tuple",
                    "values": [
                        -0.042474545431981085,
                        0.06245114470412647
                    ]
                },
                {
                    "type": "tuple",
                    "values": [
                        -0.0315888524292,
                        0.05120343586386013
                    ]
                },
                {
                    "type": "tuple",
                    "values": [
                        -0.09217872460307,
                        0.035023926615436074
                    ]
                },
                {
                    "type": "tuple",
                    "values": [
                        -0.09565858691812368,
                        -0.00106339567442
                    ]
                }
            ]
        },
        "max_log_likelihood_sample": {
            "type": "instance",
            "class_path": "autofit.non_linear.samples.sample.Sample",
            "arguments": {
                "log_likelihood": -67.2178895899286,
                "log_prior": 0.0,
                "weight": 0.00103114627253898,
                "kwargs": {
                    "type": "dict",
                    "arguments": {
                        "ellipses.0.ell_comps.ell_comps_0": 0.08546520720017,
                        "ellipses.0.ell_comps.ell_comps_1": 0.2039592075017,
                        "multipoles.0.multipole_3.multipole_comps.multipole_comps_0": 0.04194407968824,
                        "multipoles.0.multipole_3.multipole_comps.multipole_comps_1": 0.0141032972148,
                        "multipoles.0.multipole_4.multipole_comps.multipole_comps_0": -0.04831189280153,
                        "multipoles.0.multipole_4.multipole_comps.multipole_comps_1": -0.03188845951796
                    }
                }
            }
        }
    }
}