{
    "type": "instance",
    "class_path": "autofit.non_linear.samples.summary.SamplesSummary",
    "arguments": {
        "values_at_sigma_3": {
            "type": "list",
            "values": [
                {
                    "type": "tuple",
                    "values": [
                        0.1274925116749783,
                        0.16233329352136258
                    ]
                },
                {
                    "type": "tuple",
                    "values": [
                        -0.16935589107523,
                        -0.11617350726136874
                    ]
                }
            ]
        },
        "errors_at_sigma_1": {
            "type": "list",
            "values": [
                {
                    "type": "tuple",
                    "values": [
                        0.003133940094179999,
                        0.003011502994915677
                    ]
                },
                {
                    "type": "tuple",
                    "values": [
                        0.008704200656309419,
                        0.006388212903553778
                    ]
                }
            ]
        },
        "model": null,
        "values_at_sigma_1": {
            "type": "list",
            "values": [
                {
                    "type": "tuple",
                    "values": [
                        0.14959329751357,
                        0.15573874060266568
                    ]
                },
                {
                    "type": "tuple",
                    "values": [
                        -0.1368040544523832,
                        -0.12171164089252
                    ]
                }
            ]
        },
        "errors_at_sigma_3": {
            "type": "list",
            "values": [
                {
                    "type": "tuple",
                    "values": [
                        0.025234725932771707,
                        0.009606055913612577
                    ]
                },
                {
                    "type": "tuple",
                    "values": [
                        0.04125603727915622,
                        0.011926346534705035
                    ]
                }
            ]
        },
        "max_log_likelihood_sample": {
            "type": "instance",
            "class_path": "autofit.non_linear.samples.sample.Sample",
            "arguments": {
                "log_likelihood": -54.57321696520256,
                "log_prior": 0.0,
                "weight": 0.0009994409651163745,
                "kwargs": {
                    "type": "dict",
                    "arguments": {
                        "ellipses.0.ell_comps.ell_comps_0": 0.15513516041884,
                        "ellipses.0.ell_comps.ell_comps_1": -0.12232251610445
                    }
                }
            }
        },
        "log_evidence": -65.48192080520522,
        "median_pdf_sample": {
            "type": "instance",
            "class_path": "autofit.non_linear.samples.sample.Sample",
            "arguments": {
                "log_likelihood": -54.57321696520256,
                "log_prior": 0.0,
                "weight": 0.0009994409651163745,
                "kwargs": {
                    "type": "dict",
                    "arguments": {
                        "ellipses.0.ell_comps.ell_comps_0": 0.15272723760775,
                        "ellipses.0.ell_comps.ell_comps_1": -0.12809985379607378
                    }
                }
            }
        }
    }
}