{
    "type": "instance",
    "class_path": "autofit.non_linear.samples.summary.SamplesSummary",
    "arguments": {
        "errors_at_sigma_1": {
            "type": "list",
            "values": [
                {
                    "type": "tuple",
                    "values": [
                        0.005455679235048829,
                        0.004700355162942024
                    ]
                },
                {
                    "type": "tuple",
                    "values": [
                        0.004216178230210872,
                        0.005343350583050001
                    ]
                },
                {
                    "type": "tuple",
                    "values": [
                        0.0013064804844724002,
                        0.001267983222869581
                    ]
                },
                {
                    "type": "tuple",
                    "values": [
                        0.0010874342702535266,
                        0.0013235522901073708
                    ]
                },
                {
                    "type": "tuple",
                    "values": [
                        0.00144448279543,
                        0.0011076203045783059
                    ]
                },
                {
                    "type": "tuple",
                    "values": [
                        0.001320544737747652,
                        0.0014173354485833805
                    ]
                },
                {
                    "type": "tuple",
                    "values": [
                        0.0014816249998873723,
                        0.0013826059302421098
                    ]
                },
                {
                    "type": "tuple",
                    "values": [
                        0.0015260942016785764,
                        0.0015032077043959364
                    ]
                }
            ]
        },
        "log_evidence": -35.924688023578206,
        "median_pdf_sample": {
            "type": "instance",
            "class_path": "autofit.non_linear.samples.sample.Sample",
            "arguments": {
                "log_likelihood": -2.3122707189412637,
                "log_prior": 0.0,
                "weight": 0.0010068167559974105,
                "kwargs": {
                    "type": "dict",
                    "arguments": {
                        "ellipses.0.ell_comps.ell_comps_0": -0.02688080160253117,
                        "ellipses.0.ell_comps.ell_comps_1": -0.01832304919213,
                        "multipoles.0.multipole_1.multipole_comps.multipole_comps_0": -0.0008166602268778272,
                        "multipoles.0.multipole_1.multipole_comps.multipole_comps_1": 0.00041056485842320435,
                        "multipoles.0.multipole_3.multipole_comps.multipole_comps_0": -0.0005864940222,
                        "multipoles.0.multipole_3.multipole_comps.multipole_comps_1": -0.000533961824427582,
                        "multipoles.0.multipole_4.multipole_comps.multipole_comps_0": -0.0011865803560126276,
                        "multipoles.0.multipole_4.multipole_comps.multipole_comps_1": 7.170940138714276e-05
                    }
                }
            }
        },
        "max_log_likelihood_sample": {
            "type": "instance",
            "class_path": "autofit.non_linear.samples.sample.Sample",
            "arguments": {
                "log_likelihood": -2.3122707189412637,
                "log_prior": 0.0,
                "weight": 0.0010068167559974105,
                "kwargs": {
                    "type": "dict",
                    "arguments": {
                        "ellipses.0.ell_comps.ell_comps_0": -0.02500730177237,
                        "ellipses.0.ell_comps.ell_comps_1": -0.01483779381215,
                        "multipoles.0.multipole_1.multipole_comps.multipole_comps_0": -0.00138964043244,
                        "multipoles.0.multipole_1.multipole_comps.multipole_comps_1": 7.860978869e-05,
                        "multipoles.0.multipole_3.multipole_comps.multipole_comps_0": -0.00057082751773,
                        "multipoles.0.multipole_3.multipole_comps.multipole_comps_1": -0.00075934570481,
                        "multipoles.0.multipole_4.multipole_comps.multipole_comps_0": 0.00045058812643,
                        "multipoles.0.multipole_4.multipole_comps.multipole_comps_1": -0.00036767287066
                    }
                }
            }
        },
        "values_at_sigma_1": {
            "type": "list",
            "values": [
                {
                    "type": "tuple",
                    "values": [
                        -0.03233648083758,
                        -0.022180446439589146
                    ]
                },
                {
                    "type": "tuple",
                    "values": [
                        -0.022539227422340873,
                        -0.01297969860908
                    ]
                },
                {
                    "type": "tuple",
                    "values": [
                        -0.0021231407113502273,
                        0.00045132299599175374
                    ]
                },
                {
                    "type": "tuple",
                    "values": [
                        -0.0006768694118303222,
                        0.0017341171485305753
                    ]
                },
                {
                    "type": "tuple",
                    "values": [
                        -0.00203097681763,
                        0.000521126282378306
                    ]
                },
                {
                    "type": "tuple",
                    "values": [
                        -0.001854506562175234,
                        0.0008833736241557986
                    ]
                },
                {
                    "type": "tuple",
                    "values": [
                        -0.0026682053559,
                        0.00019602557422948225
                    ]
                },
                {
                    "type": "tuple",
                    "values": [
                        -0.0014543848002914336,
                        0.0015749171057830792
                    ]
                }
            ]
        },
        "errors_at_sigma_3": {
            "type": "list",
            "values": [
                {
                    "type": "tuple",
                    "values": [
                        0.013756475939087975,
                        0.011964646019512176
                    ]
                },
                {
                    "type": "tuple",
                    "values": [
                        0.014073418597410695,
                        0.01805727765805
                    ]
                },
                {
                    "type": "tuple",
                    "values": [
                        0.003804408533166112,
                        0.004195948506691336
                    ]
                },
                {
                    "type": "tuple",
                    "values": [
                        0.003848814440888997,
                        0.004265762032818956
                    ]
                },
                {
                    "type": "tuple",
                    "values": [
                        0.0039739479655182715,
                        0.004151338314884904
                    ]
                },
                {
                    "type": "tuple",
                    "values": [
                        0.004120991815432346,
                        0.004078754564957582
                    ]
                },
                {
                    "type": "tuple",
                    "values": [
                        0.004642952640259403,
                        0.00486524328134413
                    ]
                },
                {
                    "type": "tuple",
                    "values": [
                        0.004970271595847364,
                        0.0038975334424888102
                    ]
                }
            ]
        },
        "model": null,
        "values_at_sigma_3": {
            "type": "list",
            "values": [
                {
                    "type": "tuple",
                    "values": [
                        -0.040637277541619145,
                        -0.014916155583018995
                    ]
                },
                {
                    "type": "tuple",
                    "values": [
                        -0.032396467789540695,
                        -0.00026577153408
                    ]
                },
                {
                    "type": "tuple",
                    "values": [
                        -0.004621068760043939,
                        0.003379288279813509
                    ]
                },
                {
                    "type": "tuple",
                    "values": [
                        -0.0034382495824657926,
                        0.0046763268912421605
                    ]
                },
                {
                    "type": "tuple",
                    "values": [
                        -0.004560441987718272,
                        0.0035648442926849043
                    ]
                },
                {
                    "type": "tuple",
                    "values": [
                        -0.004654953639859928,
                        0.00354479274053
                    ]
                },
                {
                    "type": "tuple",
                    "values": [
                        -0.005829532996272031,
                        0.003678662925331503
                    ]
                },
                {
                    "type": "tuple",
                    "values": [
                        -0.004898562194460221,
                        0.003969242843875953
                    ]
                }
            ]
        }
    }
}