{
    "type": "instance",
    "class_path": "autofit.non_linear.samples.summary.SamplesSummary",
    "arguments": {
        "log_evidence": -42.80905440291877,
        "values_at_sigma_1": {
            "type": "list",
            "values": [
                {
                    "type": "tuple",
                    "values": [
                        0.12473612479840913,
                        0.13151253630527365
                    ]
                },
                {
                    "type": "tuple",
                    "values": [
                        -0.02290302260265,
                        -0.01510204438141216
                    ]
                },
                {
                    "type": "tuple",
                    "values": [
                        -0.0006401187712557009,
                        0.001309231895023636
                    ]
                },
                {
                    "type": "tuple",
                    "values": [
                        -0.00150724141845,
                        0.00024158614106
                    ]
                },
                {
                    "type": "tuple",
                    "values": [
                        -0.0010022840593,
                        0.0007303047930707654
                    ]
                },
                {
                    "type": "tuple",
                    "values": [
                        -0.0001234159414047847,
                        0.001741869087279559
                    ]
                },
                {
                    "type": "tuple",
                    "values": [
                        -0.0009858275334795404,
                        0.00120820156365
                    ]
                },
                {
                    "type": "tuple",
                    "values": [
                        -0.001916180231741294,
                        0.00046235396588436515
                    ]
                }
            ]
        },
        "values_at_sigma_3": {
            "type": "list",
            "values": [
                {
                    "type": "tuple",
                    "values": [
                        0.11919326603189062,
                        0.13840304464370828
                    ]
                },
                {
                    "type": "tuple",
                    "values": [
                        -0.02826798698465404,
                        -0.00950395370691762
                    ]
                },
                {
                    "type": "tuple",
                    "values": [
                        -0.00239074926589,
                        0.003082223797199917
                    ]
                },
                {
                    "type": "tuple",
                    "values": [
                        -0.003378552887573769,
                        0.001876542818185758
                    ]
                },
                {
                    "type": "tuple",
                    "values": [
                        -0.00290853419258,
                        0.002409467781630086
                    ]
                },
                {
                    "type": "tuple",
                    "values": [
                        -0.0019030183684480082,
                        0.003785406632128803
                    ]
                },
                {
                    "type": "tuple",
                    "values": [
                        -0.0031116751982160035,
                        0.003420654408141902
                    ]
                },
                {
                    "type": "tuple",
                    "values": [
                        -0.004121130764223579,
                        0.002806893514988662
                    ]
                }
            ]
        },
        "max_log_likelihood_sample": {
            "type": "instance",
            "class_path": "autofit.non_linear.samples.sample.Sample",
            "arguments": {
                "log_likelihood": -5.664541217896856,
                "log_prior": 0.0,
                "weight": 0.0010336700858886382,
                "kwargs": {
                    "type": "dict",
                    "arguments": {
                        "ellipses.0.ell_comps.ell_comps_0": 0.13027367268313,
                        "ellipses.0.ell_comps.ell_comps_1": -0.02119693206165,
                        "multipoles.0.multipole_1.multipole_comps.multipole_comps_0": 0.00068803445592,
                        "multipoles.0.multipole_1.multipole_comps.multipole_comps_1": -0.00026167528678,
                        "multipoles.0.multipole_3.multipole_comps.multipole_comps_0": -0.00042833254544,
                        "multipoles.0.multipole_3.multipole_comps.multipole_comps_1": 0.00123183781929,
                        "multipoles.0.multipole_4.multipole_comps.multipole_comps_0": 0.00069560444112,
                        "multipoles.0.multipole_4.multipole_comps.multipole_comps_1": -0.0008404425171
                    }
                }
            }
        },
        "model": null,
        "errors_at_sigma_3": {
            "type": "list",
            "values": [
                {
                    "type": "tuple",
                    "values": [
                        0.00934194769911939,
                        0.009867830912698272
                    ]
                },
                {
                    "type": "tuple",
                    "values": [
                        0.009192651089124041,
                        0.009571382188612379
                    ]
                },
                {
                    "type": "tuple",
                    "values": [
                        0.002677833281065214,
                        0.0027951397820247027
                    ]
                },
                {
                    "type": "tuple",
                    "values": [
                        0.002641229845277037,
                        0.00261386586048249
                    ]
                },
                {
                    "type": "tuple",
                    "values": [
                        0.002824458377179017,
                        0.002493543597031069
                    ]
                },
                {
                    "type": "tuple",
                    "values": [
                        0.0027109069392752872,
                        0.0029775180613015244
                    ]
                },
                {
                    "type": "tuple",
                    "values": [
                        0.0031614598686455055,
                        0.0033708697377124
                    ]
                },
                {
                    "type": "tuple",
                    "values": [
                        0.003359505235283579,
                        0.003568519043928662
                    ]
                }
            ]
        },
        "median_pdf_sample": {
            "type": "instance",
            "class_path": "autofit.non_linear.samples.sample.Sample",
            "arguments": {
                "log_likelihood": -5.664541217896856,
                "log_prior": 0.0,
                "weight": 0.0010336700858886382,
                "kwargs": {
                    "type": "dict",
                    "arguments": {
                        "ellipses.0.ell_comps.ell_comps_0": 0.12853521373101,
                        "ellipses.0.ell_comps.ell_comps_1": -0.01907533589553,
                        "multipoles.0.multipole_1.multipole_comps.multipole_comps_0": 0.00028708401517521433,
                        "multipoles.0.multipole_1.multipole_comps.multipole_comps_1": -0.0007373230422967321,
                        "multipoles.0.multipole_3.multipole_comps.multipole_comps_0": -8.407581540098318e-05,
                        "multipoles.0.multipole_3.multipole_comps.multipole_comps_1": 0.0008078885708272789,
                        "multipoles.0.multipole_4.multipole_comps.multipole_comps_0": 4.9784670429502146e-05,
                        "multipoles.0.multipole_4.multipole_comps.multipole_comps_1": -0.00076162552894
                    }
                }
            }
        },
        "errors_at_sigma_1": {
            "type": "list",
            "values": [
                {
                    "type": "tuple",
                    "values": [
                        0.0037990889326008775,
                        0.002977322574263641
                    ]
                },
                {
                    "type": "tuple",
                    "values": [
                        0.0038276867071200017,
                        0.003973291514117839
                    ]
                },
                {
                    "type": "tuple",
                    "values": [
                        0.0009272027864309152,
                        0.0010221478798484217
                    ]
                },
                {
                    "type": "tuple",
                    "values": [
                        0.0007699183761532679,
                        0.0009789091833567322
                    ]
                },
                {
                    "type": "tuple",
                    "values": [
                        0.0009182082438990169,
                        0.0008143806084717485
                    ]
                },
                {
                    "type": "tuple",
                    "values": [
                        0.0009313045122320636,
                        0.0009339805164522802
                    ]
                },
                {
                    "type": "tuple",
                    "values": [
                        0.0010356122039090424,
                        0.001158416893220498
                    ]
                },
                {
                    "type": "tuple",
                    "values": [
                        0.001154554702801294,
                        0.0012239794948243651
                    ]
                }
            ]
        }
    }
}