{
    "type": "instance",
    "class_path": "autofit.non_linear.samples.summary.SamplesSummary",
    "arguments": {
        "values_at_sigma_3": {
            "type": "list",
            "values": [
                {
                    "type": "tuple",
                    "values": [
                        -0.010063394132716952,
                        0.0382189190909172
                    ]
                },
                {
                    "type": "tuple",
                    "values": [
                        -0.0905207385345,
                        -0.029160637520700482
                    ]
                },
                {
                    "type": "tuple",
                    "values": [
                        -0.09429493236972228,
                        0.06524935781916158
                    ]
                },
                {
                    "type": "tuple",
                    "values": [
                        -0.07377635540923265,
                        0.07577292058627931
                    ]
                },
                {
                    "type": "tuple",
                    "values": [
                        -0.09377158569562812,
                        0.05918113365204039
                    ]
                },
                {
                    "type": "tuple",
                    "values": [
                        -0.07094752016584,
                        0.08838753352678494
                    ]
                },
                {
                    "type": "tuple",
                    "values": [
                        -0.0983504385118817,
                        0.0754244987858139
                    ]
                },
                {
                    "type": "tuple",
                    "values": [
                        -0.09921634983045612,
                        0.08154649906523
                    ]
                }
            ]
        },
        "errors_at_sigma_3": {
            "type": "list",
            "values": [
                {
                    "type": "tuple",
                    "values": [
                        0.017444823921098144,
                        0.03083748930253601
                    ]
                },
                {
                    "type": "tuple",
                    "values": [
                        0.03951181787750169,
                        0.021848283136297834
                    ]
                },
                {
                    "type": "tuple",
                    "values": [
                        0.05439854436291239,
                        0.10514574582597147
                    ]
                },
                {
                    "type": "tuple",
                    "values": [
                        0.08616372427705415,
                        0.0633855517184578
                    ]
                },
                {
                    "type": "tuple",
                    "values": [
                        0.05924867355436454,
                        0.09370404579330396
                    ]
                },
                {
                    "type": "tuple",
                    "values": [
                        0.09676483845735408,
                        0.06257021523527086
                    ]
                },
                {
                    "type": "tuple",
                    "values": [
                        0.0855611480530592,
                        0.08821378924463641
                    ]
                },
                {
                    "type": "tuple",
                    "values": [
                        0.051500246721762205,
                        0.1292626021739239
                    ]
                }
            ]
        },
        "log_evidence": -61.86914426060883,
        "model": null,
        "values_at_sigma_1": {
            "type": "list",
            "values": [
                {
                    "type": "tuple",
                    "values": [
                        -0.0014731465967830703,
                        0.0160587706069
                    ]
                },
                {
                    "type": "tuple",
                    "values": [
                        -0.05987972202038597,
                        -0.03951982651667
                    ]
                },
                {
                    "type": "tuple",
                    "values": [
                        -0.06073563585546,
                        0.00170499412165
                    ]
                },
                {
                    "type": "tuple",
                    "values": [
                        -0.013682981329059605,
                        0.04228225236741878
                    ]
                },
                {
                    "type": "tuple",
                    "values": [
                        -0.06064373805352167,
                        0.0020054469586381217
                    ]
                },
                {
                    "type": "tuple",
                    "values": [
                        -0.01122052651301,
                        0.0514601744959612
                    ]
                },
                {
                    "type": "tuple",
                    "values": [
                        -0.06624790793774,
                        0.03095785339310805
                    ]
                },
                {
                    "type": "tuple",
                    "values": [
                        -0.07883143412301417,
                        0.00359879687791
                    ]
                }
            ]
        },
        "median_pdf_sample": {
            "type": "instance",
            "class_path": "autofit.non_linear.samples.sample.Sample",
            "arguments": {
                "log_likelihood": -40.252133352983535,
                "log_prior": 0.0,
                "weight": 0.0009334893876334935,
                "kwargs": {
                    "type": "dict",
                    "arguments": {
                        "ellipses.0.ell_comps.ell_comps_0": 0.007381429788381191,
                        "ellipses.0.ell_comps.ell_comps_1": -0.051008920656998316,
                        "multipoles.0.multipole_1.multipole_comps.multipole_comps_0": -0.03989638800680989,
                        "multipoles.0.multipole_1.multipole_comps.multipole_comps_1": 0.012387368867821498,
                        "multipoles.0.multipole_3.multipole_comps.multipole_comps_0": -0.03452291214126357,
                        "multipoles.0.multipole_3.multipole_comps.multipole_comps_1": 0.025817318291514086,
                        "multipoles.0.multipole_4.multipole_comps.multipole_comps_0": -0.012789290458822497,
                        "multipoles.0.multipole_4.multipole_comps.multipole_comps_1": -0.04771610310869391
                    }
                }
            }
        },
        "errors_at_sigma_1": {
            "type": "list",
            "values": [
                {
                    "type": "tuple",
                    "values": [
                        0.008854576385164261,
                        0.008677340818518807
                    ]
                },
                {
                    "type": "tuple",
                    "values": [
                        0.008870801363387651,
                        0.011489094140328317
                    ]
                },
                {
                    "type": "tuple",
                    "values": [
                        0.020839247848650107,
                        0.04160138212845989
                    ]
                },
                {
                    "type": "tuple",
                    "values": [
                        0.0260703501968811,
                        0.029894883499597284
                    ]
                },
                {
                    "type": "tuple",
                    "values": [
                        0.026120825912258096,
                        0.036528359099901694
                    ]
                },
                {
                    "type": "tuple",
                    "values": [
                        0.03703784480452409,
                        0.025642856204447114
                    ]
                },
                {
                    "type": "tuple",
                    "values": [
                        0.05345861747891751,
                        0.04374714385193055
                    ]
                },
                {
                    "type": "tuple",
                    "values": [
                        0.031115331014320263,
                        0.051314899986603914
                    ]
                }
            ]
        },
        "max_log_likelihood_sample": {
            "type": "instance",
            "class_path": "autofit.non_linear.samples.sample.Sample",
            "arguments": {
                "log_likelihood": -40.252133352983535,
                "log_prior": 0.0,
                "weight": 0.0009334893876334935,
                "kwargs": {
                    "type": "dict",
                    "arguments": {
                        "ellipses.0.ell_comps.ell_comps_0": 0.00927381818971,
                        "ellipses.0.ell_comps.ell_comps_1": -0.04198620070294,
                        "multipoles.0.multipole_1.multipole_comps.multipole_comps_0": -0.0517030135229,
                        "multipoles.0.multipole_1.multipole_comps.multipole_comps_1": 0.05837151525038,
                        "multipoles.0.multipole_3.multipole_comps.multipole_comps_0": -0.02990239287882,
                        "multipoles.0.multipole_3.multipole_comps.multipole_comps_1": 0.02935105698527,
                        "multipoles.0.multipole_4.multipole_comps.multipole_comps_0": -0.0565204139947,
                        "multipoles.0.multipole_4.multipole_comps.multipole_comps_1": -0.07309127335294
                    }
                }
            }
        }
    }
}