{
    "type": "instance",
    "class_path": "autofit.non_linear.samples.summary.SamplesSummary",
    "arguments": {
        "log_evidence": -43.951468553027176,
        "values_at_sigma_3": {
            "type": "list",
            "values": [
                {
                    "type": "tuple",
                    "values": [
                        0.05784441492843898,
                        0.10444511058318308
                    ]
                },
                {
                    "type": "tuple",
                    "values": [
                        0.03073323350599,
                        0.05968656669644
                    ]
                }
            ]
        },
        "median_pdf_sample": {
            "type": "instance",
            "class_path": "autofit.non_linear.samples.sample.Sample",
            "arguments": {
                "log_likelihood": -34.67350932688575,
                "log_prior": 0.0,
                "weight": 0.001004364319272969,
                "kwargs": {
                    "type": "dict",
                    "arguments": {
                        "ellipses.0.ell_comps.ell_comps_0": 0.09032232055763,
                        "ellipses.0.ell_comps.ell_comps_1": 0.044716215281754956
                    }
                }
            }
        },
        "errors_at_sigma_1": {
            "type": "list",
            "values": [
                {
                    "type": "tuple",
                    "values": [
                        0.014349717401229686,
                        0.004663181602400007
                    ]
                },
                {
                    "type": "tuple",
                    "values": [
                        0.004454009761339313,
                        0.005421002545469136
                    ]
                }
            ]
        },
        "values_at_sigma_1": {
            "type": "list",
            "values": [
                {
                    "type": "tuple",
                    "values": [
                        0.07597260315640031,
                        0.09498550216003
                    ]
                },
                {
                    "type": "tuple",
                    "values": [
                        0.04026220552041564,
                        0.05013721782722409
                    ]
                }
            ]
        },
        "errors_at_sigma_3": {
            "type": "list",
            "values": [
                {
                    "type": "tuple",
                    "values": [
                        0.03247790562919101,
                        0.014122790025553084
                    ]
                },
                {
                    "type": "tuple",
                    "values": [
                        0.013982981775764958,
                        0.014970351414685043
                    ]
                }
            ]
        },
        "max_log_likelihood_sample": {
            "type": "instance",
            "class_path": "autofit.non_linear.samples.sample.Sample",
            "arguments": {
                "log_likelihood": -34.67350932688575,
                "log_prior": 0.0,
                "weight": 0.001004364319272969,
                "kwargs": {
                    "type": "dict",
                    "arguments": {
                        "ellipses.0.ell_comps.ell_comps_0": 0.09430413058597,
                        "ellipses.0.ell_comps.ell_comps_1": 0.05025751220973
                    }
                }
            }
        },
        "model": null
    }
}