{
    "type": "instance",
    "class_path": "autofit.non_linear.samples.summary.SamplesSummary",
    "arguments": {
        "max_log_likelihood_sample": {
            "type": "instance",
            "class_path": "autofit.non_linear.samples.sample.Sample",
            "arguments": {
                "log_likelihood": -55.97056683075624,
                "log_prior": 0.0,
                "weight": 0.0010119026915229796,
                "kwargs": {
                    "type": "dict",
                    "arguments": {
                        "ellipses.0.ell_comps.ell_comps_0": 0.13446108803314,
                        "ellipses.0.ell_comps.ell_comps_1": -0.0233148130191,
                        "multipoles.0.multipole_3.multipole_comps.multipole_comps_0": -0.00191019730765,
                        "multipoles.0.multipole_3.multipole_comps.multipole_comps_1": 0.0012426827095,
                        "multipoles.0.multipole_4.multipole_comps.multipole_comps_0": -0.02831709338591,
                        "multipoles.0.multipole_4.multipole_comps.multipole_comps_1": 0.01301128566723
                    }
                }
            }
        },
        "median_pdf_sample": {
            "type": "instance",
            "class_path": "autofit.non_linear.samples.sample.Sample",
            "arguments": {
                "log_likelihood": -55.97056683075624,
                "log_prior": 0.0,
                "weight": 0.0010119026915229796,
                "kwargs": {
                    "type": "dict",
                    "arguments": {
                        "ellipses.0.ell_comps.ell_comps_0": 0.13999621025618406,
                        "ellipses.0.ell_comps.ell_comps_1": -0.02682419028615448,
                        "multipoles.0.multipole_3.multipole_comps.multipole_comps_0": -0.0056008440619443765,
                        "multipoles.0.multipole_3.multipole_comps.multipole_comps_1": -0.00275493054035,
                        "multipoles.0.multipole_4.multipole_comps.multipole_comps_0": -0.020465483271944543,
                        "multipoles.0.multipole_4.multipole_comps.multipole_comps_1": 0.010255206142513682
                    }
                }
            }
        },
        "values_at_sigma_1": {
            "type": "list",
            "values": [
                {
                    "type": "tuple",
                    "values": [
                        0.1335625050993345,
                        0.1467949719623119
                    ]
                },
                {
                    "type": "tuple",
                    "values": [
                        -0.02999442899293573,
                        -0.02350254481742
                    ]
                },
                {
                    "type": "tuple",
                    "values": [
                        -0.01401528217420733,
                        0.00324876012854
                    ]
                },
                {
                    "type": "tuple",
                    "values": [
                        -0.01350747755977,
                        0.006053683135717835
                    ]
                },
                {
                    "type": "tuple",
                    "values": [
                        -0.03103793222953,
                        -0.00820969488500068
                    ]
                },
                {
                    "type": "tuple",
                    "values": [
                        -7.192479774e-05,
                        0.01951169606686
                    ]
                }
            ]
        },
        "log_evidence": -74.9996301851538,
        "errors_at_sigma_3": {
            "type": "list",
            "values": [
                {
                    "type": "tuple",
                    "values": [
                        0.012131314920092007,
                        0.016473407750393187
                    ]
                },
                {
                    "type": "tuple",
                    "values": [
                        0.010262984169375523,
                        0.008668761883405669
                    ]
                },
                {
                    "type": "tuple",
                    "values": [
                        0.022210676795095623,
                        0.028167267446373486
                    ]
                },
                {
                    "type": "tuple",
                    "values": [
                        0.02902843741163,
                        0.024404404955753696
                    ]
                },
                {
                    "type": "tuple",
                    "values": [
                        0.028930678156566997,
                        0.03886641503652454
                    ]
                },
                {
                    "type": "tuple",
                    "values": [
                        0.03133236859485368,
                        0.031111416215338743
                    ]
                }
            ]
        },
        "model": null,
        "values_at_sigma_3": {
            "type": "list",
            "values": [
                {
                    "type": "tuple",
                    "values": [
                        0.12786489533609205,
                        0.15646961800657724
                    ]
                },
                {
                    "type": "tuple",
                    "values": [
                        -0.03708717445553,
                        -0.01815542840274881
                    ]
                },
                {
                    "type": "tuple",
                    "values": [
                        -0.02781152085704,
                        0.02256642338442911
                    ]
                },
                {
                    "type": "tuple",
                    "values": [
                        -0.03178336795198,
                        0.021649474415403696
                    ]
                },
                {
                    "type": "tuple",
                    "values": [
                        -0.04939616142851154,
                        0.01840093176458
                    ]
                },
                {
                    "type": "tuple",
                    "values": [
                        -0.02107716245234,
                        0.04136662235785243
                    ]
                }
            ]
        },
        "errors_at_sigma_1": {
            "type": "list",
            "values": [
                {
                    "type": "tuple",
                    "values": [
                        0.006433705156849545,
                        0.006798761706127837
                    ]
                },
                {
                    "type": "tuple",
                    "values": [
                        0.0031702387067812504,
                        0.00332164546873448
                    ]
                },
                {
                    "type": "tuple",
                    "values": [
                        0.008414438112262952,
                        0.008849604190484377
                    ]
                },
                {
                    "type": "tuple",
                    "values": [
                        0.01075254701942,
                        0.008808613676067835
                    ]
                },
                {
                    "type": "tuple",
                    "values": [
                        0.010572448957585457,
                        0.012255788386943862
                    ]
                },
                {
                    "type": "tuple",
                    "values": [
                        0.010327130940253683,
                        0.009256489924346316
                    ]
                }
            ]
        }
    }
}