{
    "type": "instance",
    "class_path": "autofit.non_linear.samples.summary.SamplesSummary",
    "arguments": {
        "max_log_likelihood_sample": {
            "type": "instance",
            "class_path": "autofit.non_linear.samples.sample.Sample",
            "arguments": {
                "log_likelihood": -124.91411135859325,
                "log_prior": 0.0,
                "weight": 0.0010473667188543763,
                "kwargs": {
                    "type": "dict",
                    "arguments": {
                        "ellipses.ellipse_4.centre.centre_0": -0.00502213582265,
                        "ellipses.ellipse_4.centre.centre_1": -0.00163399268564,
                        "ellipses.ellipse_0.ell_comps.ell_comps_0": -0.03480378123737,
                        "ellipses.ellipse_0.ell_comps.ell_comps_1": 0.03347101121002,
                        "multipoles.0.multipole_1.multipole_comps.multipole_comps_0": -0.00922889732459,
                        "multipoles.0.multipole_1.multipole_comps.multipole_comps_1": 0.00264224826439,
                        "multipoles.0.multipole_3.multipole_comps.multipole_comps_0": 0.00138700817071,
                        "multipoles.0.multipole_3.multipole_comps.multipole_comps_1": 0.00940560653748,
                        "multipoles.0.multipole_4.multipole_comps.multipole_comps_0": -0.0055701818469,
                        "multipoles.0.multipole_4.multipole_comps.multipole_comps_1": 0.0156831661121,
                        "ellipses.ellipse_1.ell_comps.ell_comps_0": -0.08519452012328,
                        "ellipses.ellipse_1.ell_comps.ell_comps_1": 0.03008101566667,
                        "multipoles.1.multipole_1.multipole_comps.multipole_comps_0": -0.01574618346461,
                        "multipoles.1.multipole_1.multipole_comps.multipole_comps_1": 0.03820617101766,
                        "multipoles.1.multipole_3.multipole_comps.multipole_comps_0": 0.01018169942258,
                        "multipoles.1.multipole_3.multipole_comps.multipole_comps_1": 0.04004356089501,
                        "multipoles.1.multipole_4.multipole_comps.multipole_comps_0": 0.00309692659763,
                        "multipoles.1.multipole_4.multipole_comps.multipole_comps_1": 0.01734217340412,
                        "ellipses.ellipse_2.ell_comps.ell_comps_0": -0.02445176410178,
                        "ellipses.ellipse_2.ell_comps.ell_comps_1": -0.01964610913758,
                        "multipoles.2.multipole_1.multipole_comps.multipole_comps_0": 0.02750984013166,
                        "multipoles.2.multipole_1.multipole_comps.multipole_comps_1": -0.00647696968185,
                        "multipoles.2.multipole_3.multipole_comps.multipole_comps_0": 0.00386852811066,
                        "multipoles.2.multipole_3.multipole_comps.multipole_comps_1": -0.0174016258934,
                        "multipoles.2.multipole_4.multipole_comps.multipole_comps_0": -0.03434795221076,
                        "multipoles.2.multipole_4.multipole_comps.multipole_comps_1": -0.05568771450274,
                        "ellipses.ellipse_3.ell_comps.ell_comps_0": 0.10365659543189,
                        "ellipses.ellipse_3.ell_comps.ell_comps_1": -0.08310190643452,
                        "multipoles.3.multipole_1.multipole_comps.multipole_comps_0": -0.14919635700109,
                        "multipoles.3.multipole_1.multipole_comps.multipole_comps_1": 0.04789394996669,
                        "multipoles.3.multipole_3.multipole_comps.multipole_comps_0": 0.03542832767202,
                        "multipoles.3.multipole_3.multipole_comps.multipole_comps_1": -0.02741033253332,
                        "multipoles.3.multipole_4.multipole_comps.multipole_comps_0": 0.03074510379837,
                        "multipoles.3.multipole_4.multipole_comps.multipole_comps_1": -0.00430370927187,
                        "ellipses.ellipse_4.ell_comps.ell_comps_0": 0.08246602275143,
                        "ellipses.ellipse_4.ell_comps.ell_comps_1": 0.38436658787321,
                        "multipoles.4.multipole_1.multipole_comps.multipole_comps_0": 0.0980220814591,
                        "multipoles.4.multipole_1.multipole_comps.multipole_comps_1": 0.10652796564261,
                        "multipoles.4.multipole_3.multipole_comps.multipole_comps_0": 0.00514250821286,
                        "multipoles.4.multipole_3.multipole_comps.multipole_comps_1": 0.01897980776039,
                        "multipoles.4.multipole_4.multipole_comps.multipole_comps_0": 0.02667037005192,
                        "multipoles.4.multipole_4.multipole_comps.multipole_comps_1": 0.00766075966658
                    }
                }
            }
        },
        "errors_at_sigma_1": {
            "type": "list",
            "values": [
                {
                    "type": "tuple",
                    "values": [
                        0.001482177700801756,
                        0.0014109767913823438
                    ]
                },
                {
                    "type": "tuple",
                    "values": [
                        0.0019094369749599995,
                        0.0017758291309717981
                    ]
                },
                {
                    "type": "tuple",
                    "values": [
                        0.0061351116450824306,
                        0.00440302925423304
                    ]
                },
                {
                    "type": "tuple",
                    "values": [
                        0.0030526406590083224,
                        0.0021628229526816714
                    ]
                },
                {
                    "type": "tuple",
                    "values": [
                        0.001005530935682574,
                        0.0010287756227399802
                    ]
                },
                {
                    "type": "tuple",
                    "values": [
                        0.00240790146405039,
                        0.00255842023779961
                    ]
                },
                {
                    "type": "tuple",
                    "values": [
                        0.0030333096439727116,
                        0.0020146964644200006
                    ]
                },
                {
                    "type": "tuple",
                    "values": [
                        0.001579674971132464,
                        0.0016252475849300157
                    ]
                },
                {
                    "type": "tuple",
                    "values": [
                        0.0029153639494552235,
                        0.004829300396294151
                    ]
                },
                {
                    "type": "tuple",
                    "values": [
                        0.0014710987779299987,
                        0.0013063263931145132
                    ]
                },
                {
                    "type": "tuple",
                    "values": [
                        0.009940794176356002,
                        0.008286669383878786
                    ]
                },
                {
                    "type": "tuple",
                    "values": [
                        0.010759760856150637,
                        0.004129259763016174
                    ]
                },
                {
                    "type": "tuple",
                    "values": [
                        0.004900052465955391,
                        0.006232832902048667
                    ]
                },
                {
                    "type": "tuple",
                    "values": [
                        0.0021239697354259977,
                        0.005011791259816559
                    ]
                },
                {
                    "type": "tuple",
                    "values": [
                        0.005938018917016034,
                        0.0037259703599339666
                    ]
                },
                {
                    "type": "tuple",
                    "values": [
                        0.004880701028895082,
                        0.0021150137375309727
                    ]
                },
                {
                    "type": "tuple",
                    "values": [
                        0.003995043310150046,
                        0.0035741310768499547
                    ]
                },
                {
                    "type": "tuple",
                    "values": [
                        0.006418021236017736,
                        0.002306140544467594
                    ]
                },
                {
                    "type": "tuple",
                    "values": [
                        0.004559079174756016,
                        0.004995266699202562
                    ]
                },
                {
                    "type": "tuple",
                    "values": [
                        0.008711177646692709,
                        0.002532468577214019
                    ]
                },
                {
                    "type": "tuple",
                    "values": [
                        0.004475140688732556,
                        0.013555761166202707
                    ]
                },
                {
                    "type": "tuple",
                    "values": [
                        0.010924634126205784,
                        0.03672189444320718
                    ]
                },
                {
                    "type": "tuple",
                    "values": [
                        0.0026645371572609116,
                        0.003142432711138742
                    ]
                },
                {
                    "type": "tuple",
                    "values": [
                        0.006394525875349187,
                        0.02629249032068265
                    ]
                },
                {
                    "type": "tuple",
                    "values": [
                        0.022370644140798854,
                        0.005808626301969911
                    ]
                },
                {
                    "type": "tuple",
                    "values": [
                        0.006039322701217792,
                        0.0076277092132595314
                    ]
                },
                {
                    "type": "tuple",
                    "values": [
                        0.0043132025859572015,
                        0.005324432288294684
                    ]
                },
                {
                    "type": "tuple",
                    "values": [
                        0.009429607650315905,
                        0.007153735344120046
                    ]
                },
                {
                    "type": "tuple",
                    "values": [
                        0.005289218618254821,
                        0.005637408606087135
                    ]
                },
                {
                    "type": "tuple",
                    "values": [
                        0.01419960378724525,
                        0.017878198948774127
                    ]
                },
                {
                    "type": "tuple",
                    "values": [
                        0.017016174700207193,
                        0.004232471066472558
                    ]
                },
                {
                    "type": "tuple",
                    "values": [
                        0.009937809247121007,
                        0.004002115588332446
                    ]
                },
                {
                    "type": "tuple",
                    "values": [
                        0.0034549927883811005,
                        0.004065588190911691
                    ]
                },
                {
                    "type": "tuple",
                    "values": [
                        0.004619028485449645,
                        0.004742201577831572
                    ]
                },
                {
                    "type": "tuple",
                    "values": [
                        0.004211626496875467,
                        0.019393606871494114
                    ]
                },
                {
                    "type": "tuple",
                    "values": [
                        0.0027643536628398913,
                        0.012017483157920006
                    ]
                },
                {
                    "type": "tuple",
                    "values": [
                        0.03452839261564952,
                        0.011795304575629023
                    ]
                },
                {
                    "type": "tuple",
                    "values": [
                        0.006440793718369989,
                        0.004328717200720006
                    ]
                },
                {
                    "type": "tuple",
                    "values": [
                        0.0050325534011200004,
                        0.02053620221007
                    ]
                },
                {
                    "type": "tuple",
                    "values": [
                        0.004087035106930875,
                        0.019261572373300607
                    ]
                },
                {
                    "type": "tuple",
                    "values": [
                        0.0031322088339117253,
                        0.0021171501914507215
                    ]
                },
                {
                    "type": "tuple",
                    "values": [
                        0.007200471949407498,
                        0.007846072352359065
                    ]
                }
            ]
        },
        "log_evidence": -178.8394413376043,
        "median_pdf_sample": {
            "type": "instance",
            "class_path": "autofit.non_linear.samples.sample.Sample",
            "arguments": {
                "log_likelihood": -124.91411135859325,
                "log_prior": 0.0,
                "weight": 0.0010473667188543763,
                "kwargs": {
                    "type": "dict",
                    "arguments": {
                        "ellipses.ellipse_4.centre.centre_0": -0.00318171165798,
                        "ellipses.ellipse_4.centre.centre_1": -0.00469180096784,
                        "ellipses.ellipse_0.ell_comps.ell_comps_0": -0.03025959147151,
                        "ellipses.ellipse_0.ell_comps.ell_comps_1": 0.039877755329038325,
                        "multipoles.0.multipole_1.multipole_comps.multipole_comps_0": -0.009542032121997427,
                        "multipoles.0.multipole_1.multipole_comps.multipole_comps_1": 0.0012042779486503901,
                        "multipoles.0.multipole_3.multipole_comps.multipole_comps_0": 0.00710557373999,
                        "multipoles.0.multipole_3.multipole_comps.multipole_comps_1": 0.0096256097882,
                        "multipoles.0.multipole_4.multipole_comps.multipole_comps_0": -0.012186054837124151,
                        "multipoles.0.multipole_4.multipole_comps.multipole_comps_1": 0.01924148589722,
                        "ellipses.ellipse_1.ell_comps.ell_comps_0": -0.07295455667067399,
                        "ellipses.ellipse_1.ell_comps.ell_comps_1": 0.04654477120370893,
                        "multipoles.1.multipole_1.multipole_comps.multipole_comps_0": -0.02138462491256281,
                        "multipoles.1.multipole_1.multipole_comps.multipole_comps_1": 0.032649726103726,
                        "multipoles.1.multipole_3.multipole_comps.multipole_comps_0": 0.019837029516706035,
                        "multipoles.1.multipole_3.multipole_comps.multipole_comps_1": 0.04523923614636508,
                        "multipoles.1.multipole_4.multipole_comps.multipole_comps_0": -0.00011229233014995448,
                        "multipoles.1.multipole_4.multipole_comps.multipole_comps_1": 0.026686505555672528,
                        "ellipses.ellipse_2.ell_comps.ell_comps_0": -0.02503923727023,
                        "ellipses.ellipse_2.ell_comps.ell_comps_1": -0.00952845626668,
                        "multipoles.2.multipole_1.multipole_comps.multipole_comps_0": 0.011418113014334652,
                        "multipoles.2.multipole_1.multipole_comps.multipole_comps_1": -0.05749696108677965,
                        "multipoles.2.multipole_3.multipole_comps.multipole_comps_0": 0.00387834038653,
                        "multipoles.2.multipole_3.multipole_comps.multipole_comps_1": -0.053961395801955386,
                        "multipoles.2.multipole_4.multipole_comps.multipole_comps_0": -0.00445179807073,
                        "multipoles.2.multipole_4.multipole_comps.multipole_comps_1": -0.07184295456248953,
                        "ellipses.ellipse_3.ell_comps.ell_comps_0": 0.10495027793828529,
                        "ellipses.ellipse_3.ell_comps.ell_comps_1": -0.0913196395452041,
                        "multipoles.3.multipole_1.multipole_comps.multipole_comps_0": -0.15804678761146715,
                        "multipoles.3.multipole_1.multipole_comps.multipole_comps_1": 0.0144060672273933,
                        "multipoles.3.multipole_3.multipole_comps.multipole_comps_0": 0.06179362791854482,
                        "multipoles.3.multipole_3.multipole_comps.multipole_comps_1": -0.016163502687018994,
                        "multipoles.3.multipole_4.multipole_comps.multipole_comps_0": 0.031857331677352524,
                        "multipoles.3.multipole_4.multipole_comps.multipole_comps_1": -0.011725231937470356,
                        "ellipses.ellipse_4.ell_comps.ell_comps_0": 0.046893098102105464,
                        "ellipses.ellipse_4.ell_comps.ell_comps_1": 0.36272567092825,
                        "multipoles.4.multipole_1.multipole_comps.multipole_comps_0": 0.15519378167920952,
                        "multipoles.4.multipole_1.multipole_comps.multipole_comps_1": 0.11866801969322,
                        "multipoles.4.multipole_3.multipole_comps.multipole_comps_0": -0.02233285087863,
                        "multipoles.4.multipole_3.multipole_comps.multipole_comps_1": -0.009111013886719125,
                        "multipoles.4.multipole_4.multipole_comps.multipole_comps_0": 0.03272245031154409,
                        "multipoles.4.multipole_4.multipole_comps.multipole_comps_1": 0.01357569970091
                    }
                }
            }
        },
        "values_at_sigma_3": {
            "type": "list",
            "values": [
                {
                    "type": "tuple",
                    "values": [
                        -0.007796381966188959,
                        0.000768212118543301
                    ]
                },
                {
                    "type": "tuple",
                    "values": [
                        -0.010586308715440576,
                        0.000611390591414933
                    ]
                },
                {
                    "type": "tuple",
                    "values": [
                        -0.04390152625183909,
                        -0.0172725584442
                    ]
                },
                {
                    "type": "tuple",
                    "values": [
                        0.030149771363744415,
                        0.04624285210766212
                    ]
                },
                {
                    "type": "tuple",
                    "values": [
                        -0.0131573881176,
                        -0.00614345768314
                    ]
                },
                {
                    "type": "tuple",
                    "values": [
                        -0.0046586609088852355,
                        0.00765355363916
                    ]
                },
                {
                    "type": "tuple",
                    "values": [
                        -0.000898750261707771,
                        0.01283124394323793
                    ]
                },
                {
                    "type": "tuple",
                    "values": [
                        0.00517432322005,
                        0.017236732408629274
                    ]
                },
                {
                    "type": "tuple",
                    "values": [
                        -0.02460616936745,
                        -0.0010205576221486439
                    ]
                },
                {
                    "type": "tuple",
                    "values": [
                        0.013091023604458943,
                        0.02285866833684
                    ]
                },
                {
                    "type": "tuple",
                    "values": [
                        -0.09596680682056809,
                        -0.05146688383311601
                    ]
                },
                {
                    "type": "tuple",
                    "values": [
                        0.02152236017053,
                        0.0577283366904101
                    ]
                },
                {
                    "type": "tuple",
                    "values": [
                        -0.03357674637489,
                        -0.005483037111461932
                    ]
                },
                {
                    "type": "tuple",
                    "values": [
                        0.027682536111510662,
                        0.04354873463285
                    ]
                },
                {
                    "type": "tuple",
                    "values": [
                        0.00597963114281,
                        0.02906430570645
                    ]
                },
                {
                    "type": "tuple",
                    "values": [
                        0.02823119048421,
                        0.05028845223496493
                    ]
                },
                {
                    "type": "tuple",
                    "values": [
                        -0.01134737248476,
                        0.013627544436570427
                    ]
                },
                {
                    "type": "tuple",
                    "values": [
                        0.01343779242143,
                        0.032638861818498004
                    ]
                },
                {
                    "type": "tuple",
                    "values": [
                        -0.04410395892527,
                        -0.01152379874431
                    ]
                },
                {
                    "type": "tuple",
                    "values": [
                        -0.039704353842989974,
                        -0.003802931294039117
                    ]
                },
                {
                    "type": "tuple",
                    "values": [
                        0.0020181374041485537,
                        0.034782539705860815
                    ]
                },
                {
                    "type": "tuple",
                    "values": [
                        -0.09619118727537,
                        0.010577907728581866
                    ]
                },
                {
                    "type": "tuple",
                    "values": [
                        -0.00487251034149,
                        0.014558547184862127
                    ]
                },
                {
                    "type": "tuple",
                    "values": [
                        -0.07092098168166411,
                        -0.010379730368995343
                    ]
                },
                {
                    "type": "tuple",
                    "values": [
                        -0.04122683446458,
                        0.01296852577729785
                    ]
                },
                {
                    "type": "tuple",
                    "values": [
                        -0.08556244454884127,
                        -0.04858440015798068
                    ]
                },
                {
                    "type": "tuple",
                    "values": [
                        0.08388758883107306,
                        0.12461522091427106
                    ]
                },
                {
                    "type": "tuple",
                    "values": [
                        -0.11569555215483267,
                        -0.058571524462024384
                    ]
                },
                {
                    "type": "tuple",
                    "values": [
                        -0.17366749470143258,
                        -0.14179916077409
                    ]
                },
                {
                    "type": "tuple",
                    "values": [
                        -0.015653989708719833,
                        0.055852372843601304
                    ]
                },
                {
                    "type": "tuple",
                    "values": [
                        0.02942474399105,
                        0.07389784838422
                    ]
                },
                {
                    "type": "tuple",
                    "values": [
                        -0.0346655214371,
                        -0.00380083036716
                    ]
                },
                {
                    "type": "tuple",
                    "values": [
                        0.02238759659084,
                        0.042318010342458016
                    ]
                },
                {
                    "type": "tuple",
                    "values": [
                        -0.02493976293078961,
                        0.00147300404348
                    ]
                },
                {
                    "type": "tuple",
                    "values": [
                        -0.10471739011597597,
                        0.091242961593573
                    ]
                },
                {
                    "type": "tuple",
                    "values": [
                        0.20965993499059,
                        0.38873477865940326
                    ]
                },
                {
                    "type": "tuple",
                    "values": [
                        0.08929046997422828,
                        0.19562226993613102
                    ]
                },
                {
                    "type": "tuple",
                    "values": [
                        0.09920464565815404,
                        0.13106668680198
                    ]
                },
                {
                    "type": "tuple",
                    "values": [
                        -0.04003985709611522,
                        0.011961674527585857
                    ]
                },
                {
                    "type": "tuple",
                    "values": [
                        -0.03043550331527,
                        0.026643674489112822
                    ]
                },
                {
                    "type": "tuple",
                    "values": [
                        0.023553376191574684,
                        0.04146547653805
                    ]
                },
                {
                    "type": "tuple",
                    "values": [
                        -0.0066314341648740895,
                        0.03226214770637
                    ]
                }
            ]
        },
        "errors_at_sigma_3": {
            "type": "list",
            "values": [
                {
                    "type": "tuple",
                    "values": [
                        0.00461467030820896,
                        0.0039499237765233015
                    ]
                },
                {
                    "type": "tuple",
                    "values": [
                        0.005894507747600575,
                        0.005303191559254934
                    ]
                },
                {
                    "type": "tuple",
                    "values": [
                        0.013641934780329087,
                        0.01298703302731
                    ]
                },
                {
                    "type": "tuple",
                    "values": [
                        0.00972798396529391,
                        0.006365096778623798
                    ]
                },
                {
                    "type": "tuple",
                    "values": [
                        0.0036153559956025733,
                        0.0033985744388574267
                    ]
                },
                {
                    "type": "tuple",
                    "values": [
                        0.005862938857535626,
                        0.0064492756905096095
                    ]
                },
                {
                    "type": "tuple",
                    "values": [
                        0.00800432400169777,
                        0.005725670203247929
                    ]
                },
                {
                    "type": "tuple",
                    "values": [
                        0.004451286568150001,
                        0.007611122620429274
                    ]
                },
                {
                    "type": "tuple",
                    "values": [
                        0.01242011453032585,
                        0.011165497214975508
                    ]
                },
                {
                    "type": "tuple",
                    "values": [
                        0.006150462292761056,
                        0.00361718243962
                    ]
                },
                {
                    "type": "tuple",
                    "values": [
                        0.023012250149894095,
                        0.02148767283755798
                    ]
                },
                {
                    "type": "tuple",
                    "values": [
                        0.02502241103317893,
                        0.011183565486701172
                    ]
                },
                {
                    "type": "tuple",
                    "values": [
                        0.012192121462327187,
                        0.01590158780110088
                    ]
                },
                {
                    "type": "tuple",
                    "values": [
                        0.0049671899922153345,
                        0.010899008529124003
                    ]
                },
                {
                    "type": "tuple",
                    "values": [
                        0.013857398373896036,
                        0.009227276189743967
                    ]
                },
                {
                    "type": "tuple",
                    "values": [
                        0.01700804566215508,
                        0.005049216088599845
                    ]
                },
                {
                    "type": "tuple",
                    "values": [
                        0.011235080154610045,
                        0.013739836766720382
                    ]
                },
                {
                    "type": "tuple",
                    "values": [
                        0.013248713134242527,
                        0.005952356262825476
                    ]
                },
                {
                    "type": "tuple",
                    "values": [
                        0.019064721655039998,
                        0.01351543852592
                    ]
                },
                {
                    "type": "tuple",
                    "values": [
                        0.030175897576309972,
                        0.005725524972640884
                    ]
                },
                {
                    "type": "tuple",
                    "values": [
                        0.009399975610186097,
                        0.023364426691526163
                    ]
                },
                {
                    "type": "tuple",
                    "values": [
                        0.03869422618859035,
                        0.06807486881536151
                    ]
                },
                {
                    "type": "tuple",
                    "values": [
                        0.00875085072802,
                        0.010680206798332127
                    ]
                },
                {
                    "type": "tuple",
                    "values": [
                        0.016959585879708722,
                        0.04358166543296004
                    ]
                },
                {
                    "type": "tuple",
                    "values": [
                        0.036775036393850005,
                        0.01742032384802785
                    ]
                },
                {
                    "type": "tuple",
                    "values": [
                        0.013719489986351738,
                        0.02325855440450885
                    ]
                },
                {
                    "type": "tuple",
                    "values": [
                        0.021062689107212235,
                        0.01966494297598577
                    ]
                },
                {
                    "type": "tuple",
                    "values": [
                        0.02437591260962857,
                        0.032748115083179714
                    ]
                },
                {
                    "type": "tuple",
                    "values": [
                        0.015620707089965435,
                        0.016247626837377155
                    ]
                },
                {
                    "type": "tuple",
                    "values": [
                        0.030060056936113133,
                        0.041446305616208004
                    ]
                },
                {
                    "type": "tuple",
                    "values": [
                        0.03236888392749482,
                        0.012104220465675185
                    ]
                },
                {
                    "type": "tuple",
                    "values": [
                        0.018502018750081006,
                        0.012362672319858993
                    ]
                },
                {
                    "type": "tuple",
                    "values": [
                        0.009469735086512523,
                        0.010460678665105493
                    ]
                },
                {
                    "type": "tuple",
                    "values": [
                        0.013214530993319254,
                        0.013198235980950355
                    ]
                },
                {
                    "type": "tuple",
                    "values": [
                        0.15161048821808143,
                        0.04434986349146753
                    ]
                },
                {
                    "type": "tuple",
                    "values": [
                        0.15306573593765999,
                        0.02600910773115328
                    ]
                },
                {
                    "type": "tuple",
                    "values": [
                        0.06590331170498125,
                        0.040428488256921497
                    ]
                },
                {
                    "type": "tuple",
                    "values": [
                        0.019463374035065956,
                        0.012398667108760003
                    ]
                },
                {
                    "type": "tuple",
                    "values": [
                        0.017707006217485218,
                        0.03429452540621586
                    ]
                },
                {
                    "type": "tuple",
                    "values": [
                        0.021324489428550877,
                        0.03575468837583195
                    ]
                },
                {
                    "type": "tuple",
                    "values": [
                        0.009169074119969405,
                        0.008743026226505912
                    ]
                },
                {
                    "type": "tuple",
                    "values": [
                        0.02020713386578409,
                        0.018686448005460002
                    ]
                }
            ]
        },
        "model": null,
        "values_at_sigma_1": {
            "type": "list",
            "values": [
                {
                    "type": "tuple",
                    "values": [
                        -0.004663889358781756,
                        -0.0017707348665976564
                    ]
                },
                {
                    "type": "tuple",
                    "values": [
                        -0.0066012379428,
                        -0.002915971836868202
                    ]
                },
                {
                    "type": "tuple",
                    "values": [
                        -0.03639470311659243,
                        -0.02585656221727696
                    ]
                },
                {
                    "type": "tuple",
                    "values": [
                        0.03682511467003,
                        0.04204057828172
                    ]
                },
                {
                    "type": "tuple",
                    "values": [
                        -0.01054756305768,
                        -0.008513256499257446
                    ]
                },
                {
                    "type": "tuple",
                    "values": [
                        -0.0012036235154,
                        0.00376269818645
                    ]
                },
                {
                    "type": "tuple",
                    "values": [
                        0.004072264096017289,
                        0.00912027020441
                    ]
                },
                {
                    "type": "tuple",
                    "values": [
                        0.008045934817067536,
                        0.011250857373130016
                    ]
                },
                {
                    "type": "tuple",
                    "values": [
                        -0.015101418786579375,
                        -0.00735675444083
                    ]
                },
                {
                    "type": "tuple",
                    "values": [
                        0.01777038711929,
                        0.020547812290334512
                    ]
                },
                {
                    "type": "tuple",
                    "values": [
                        -0.08289535084703,
                        -0.0646678872867952
                    ]
                },
                {
                    "type": "tuple",
                    "values": [
                        0.035785010347558294,
                        0.050674030966725105
                    ]
                },
                {
                    "type": "tuple",
                    "values": [
                        -0.026284677378518202,
                        -0.015151792010514144
                    ]
                },
                {
                    "type": "tuple",
                    "values": [
                        0.0305257563683,
                        0.037661517363542556
                    ]
                },
                {
                    "type": "tuple",
                    "values": [
                        0.01389901059969,
                        0.02356299987664
                    ]
                },
                {
                    "type": "tuple",
                    "values": [
                        0.04035853511747,
                        0.047354249883896055
                    ]
                },
                {
                    "type": "tuple",
                    "values": [
                        -0.0041073356403,
                        0.0034618387467
                    ]
                },
                {
                    "type": "tuple",
                    "values": [
                        0.020268484319654792,
                        0.028992646100140122
                    ]
                },
                {
                    "type": "tuple",
                    "values": [
                        -0.029598316444986016,
                        -0.02004397057102744
                    ]
                },
                {
                    "type": "tuple",
                    "values": [
                        -0.01823963391337271,
                        -0.006995987689465981
                    ]
                },
                {
                    "type": "tuple",
                    "values": [
                        0.006942972325602096,
                        0.02497387418053736
                    ]
                },
                {
                    "type": "tuple",
                    "values": [
                        -0.06842159521298544,
                        -0.020775066643572475
                    ]
                },
                {
                    "type": "tuple",
                    "values": [
                        0.0012138032292690886,
                        0.007020773097668742
                    ]
                },
                {
                    "type": "tuple",
                    "values": [
                        -0.06035592167730457,
                        -0.027668905481272738
                    ]
                },
                {
                    "type": "tuple",
                    "values": [
                        -0.026822442211528855,
                        0.0013568282312399107
                    ]
                },
                {
                    "type": "tuple",
                    "values": [
                        -0.07788227726370732,
                        -0.06421524534923
                    ]
                },
                {
                    "type": "tuple",
                    "values": [
                        0.10063707535232809,
                        0.11027471022657998
                    ]
                },
                {
                    "type": "tuple",
                    "values": [
                        -0.10074924719552,
                        -0.08416590420108405
                    ]
                },
                {
                    "type": "tuple",
                    "values": [
                        -0.16333600622972197,
                        -0.15240937900538
                    ]
                },
                {
                    "type": "tuple",
                    "values": [
                        0.00020646344014805043,
                        0.03228426617616743
                    ]
                },
                {
                    "type": "tuple",
                    "values": [
                        0.04477745321833763,
                        0.06602609898501738
                    ]
                },
                {
                    "type": "tuple",
                    "values": [
                        -0.02610131193414,
                        -0.012161387098686548
                    ]
                },
                {
                    "type": "tuple",
                    "values": [
                        0.028402338888971423,
                        0.035922919868264215
                    ]
                },
                {
                    "type": "tuple",
                    "values": [
                        -0.01634426042292,
                        -0.0069830303596387835
                    ]
                },
                {
                    "type": "tuple",
                    "values": [
                        0.04268147160523,
                        0.06628670497359958
                    ]
                },
                {
                    "type": "tuple",
                    "values": [
                        0.3599613172654101,
                        0.37474315408617
                    ]
                },
                {
                    "type": "tuple",
                    "values": [
                        0.12066538906356,
                        0.16698908625483855
                    ]
                },
                {
                    "type": "tuple",
                    "values": [
                        0.11222722597485,
                        0.12299673689394
                    ]
                },
                {
                    "type": "tuple",
                    "values": [
                        -0.02736540427975,
                        -0.00179664866856
                    ]
                },
                {
                    "type": "tuple",
                    "values": [
                        -0.01319804899365,
                        0.010150558486581482
                    ]
                },
                {
                    "type": "tuple",
                    "values": [
                        0.029590241477632364,
                        0.03483960050299481
                    ]
                },
                {
                    "type": "tuple",
                    "values": [
                        0.006375227751502502,
                        0.021421772053269065
                    ]
                }
            ]
        }
    }
}