{
    "type": "instance",
    "class_path": "autofit.non_linear.samples.summary.SamplesSummary",
    "arguments": {
        "median_pdf_sample": {
            "type": "instance",
            "class_path": "autofit.non_linear.samples.sample.Sample",
            "arguments": {
                "log_likelihood": -7.635276538874791,
                "log_prior": 0.0,
                "weight": 0.0010314227252626036,
                "kwargs": {
                    "type": "dict",
                    "arguments": {
                        "ellipses.0.ell_comps.ell_comps_0": -0.022865686687894113,
                        "ellipses.0.ell_comps.ell_comps_1": -0.12340363843470283,
                        "multipoles.0.multipole_3.multipole_comps.multipole_comps_0": 0.0011706822232762308,
                        "multipoles.0.multipole_3.multipole_comps.multipole_comps_1": 0.0013903293933000909,
                        "multipoles.0.multipole_4.multipole_comps.multipole_comps_0": 0.004109646219817278,
                        "multipoles.0.multipole_4.multipole_comps.multipole_comps_1": -0.00153288989321
                    }
                }
            }
        },
        "errors_at_sigma_3": {
            "type": "list",
            "values": [
                {
                    "type": "tuple",
                    "values": [
                        0.009537875675921174,
                        0.011324605379945217
                    ]
                },
                {
                    "type": "tuple",
                    "values": [
                        0.012081331538317183,
                        0.011668213304882824
                    ]
                },
                {
                    "type": "tuple",
                    "values": [
                        0.00436619786489073,
                        0.004844820601913769
                    ]
                },
                {
                    "type": "tuple",
                    "values": [
                        0.004094811675940091,
                        0.004669542962526984
                    ]
                },
                {
                    "type": "tuple",
                    "values": [
                        0.00650868577711875,
                        0.006314890561492721
                    ]
                },
                {
                    "type": "tuple",
                    "values": [
                        0.007371213642785078,
                        0.006954872325364531
                    ]
                }
            ]
        },
        "log_evidence": -32.58954832264582,
        "values_at_sigma_3": {
            "type": "list",
            "values": [
                {
                    "type": "tuple",
                    "values": [
                        -0.03240356236381529,
                        -0.011541081307948895
                    ]
                },
                {
                    "type": "tuple",
                    "values": [
                        -0.13548496997302,
                        -0.11173542512982
                    ]
                },
                {
                    "type": "tuple",
                    "values": [
                        -0.003195515641614499,
                        0.00601550282519
                    ]
                },
                {
                    "type": "tuple",
                    "values": [
                        -0.00270448228264,
                        0.006059872355827074
                    ]
                },
                {
                    "type": "tuple",
                    "values": [
                        -0.0023990395573014714,
                        0.01042453678131
                    ]
                },
                {
                    "type": "tuple",
                    "values": [
                        -0.008904103535995078,
                        0.0054219824321545314
                    ]
                }
            ]
        },
        "max_log_likelihood_sample": {
            "type": "instance",
            "class_path": "autofit.non_linear.samples.sample.Sample",
            "arguments": {
                "log_likelihood": -7.635276538874791,
                "log_prior": 0.0,
                "weight": 0.0010314227252626036,
                "kwargs": {
                    "type": "dict",
                    "arguments": {
                        "ellipses.0.ell_comps.ell_comps_0": -0.02386990335085,
                        "ellipses.0.ell_comps.ell_comps_1": -0.12432153913518,
                        "multipoles.0.multipole_3.multipole_comps.multipole_comps_0": 0.00119346396891,
                        "multipoles.0.multipole_3.multipole_comps.multipole_comps_1": 0.00144356925854,
                        "multipoles.0.multipole_4.multipole_comps.multipole_comps_0": 0.00453766981666,
                        "multipoles.0.multipole_4.multipole_comps.multipole_comps_1": -0.00169229508123
                    }
                }
            }
        },
        "values_at_sigma_1": {
            "type": "list",
            "values": [
                {
                    "type": "tuple",
                    "values": [
                        -0.02623247396673956,
                        -0.019368718789238088
                    ]
                },
                {
                    "type": "tuple",
                    "values": [
                        -0.12668129581657,
                        -0.1194263929963
                    ]
                },
                {
                    "type": "tuple",
                    "values": [
                        -0.00040581231422,
                        0.002586286575059851
                    ]
                },
                {
                    "type": "tuple",
                    "values": [
                        -0.00027321940044394986,
                        0.0029393681182963392
                    ]
                },
                {
                    "type": "tuple",
                    "values": [
                        0.0020315838157256867,
                        0.0064515338008748445
                    ]
                },
                {
                    "type": "tuple",
                    "values": [
                        -0.0036309099678735863,
                        0.00081756688035
                    ]
                }
            ]
        },
        "errors_at_sigma_1": {
            "type": "list",
            "values": [
                {
                    "type": "tuple",
                    "values": [
                        0.0033667872788454463,
                        0.0034969678986560247
                    ]
                },
                {
                    "type": "tuple",
                    "values": [
                        0.00327765738186718,
                        0.003977245438402832
                    ]
                },
                {
                    "type": "tuple",
                    "values": [
                        0.0015764945374962308,
                        0.0014156043517836202
                    ]
                },
                {
                    "type": "tuple",
                    "values": [
                        0.0016635487937440407,
                        0.0015490387249962483
                    ]
                },
                {
                    "type": "tuple",
                    "values": [
                        0.0020780624040915912,
                        0.0023418875810575666
                    ]
                },
                {
                    "type": "tuple",
                    "values": [
                        0.002098020074663586,
                        0.00235045677356
                    ]
                }
            ]
        },
        "model": null
    }
}