{
    "type": "instance",
    "class_path": "autofit.non_linear.samples.summary.SamplesSummary",
    "arguments": {
        "max_log_likelihood_sample": {
            "type": "instance",
            "class_path": "autofit.non_linear.samples.sample.Sample",
            "arguments": {
                "log_likelihood": -43.03536210391064,
                "log_prior": 0.0,
                "weight": 0.0007942274234573307,
                "kwargs": {
                    "type": "dict",
                    "arguments": {
                        "ellipses.0.ell_comps.ell_comps_0": -0.15924513342465,
                        "ellipses.0.ell_comps.ell_comps_1": 0.03027504407424,
                        "multipoles.0.multipole_1.multipole_comps.multipole_comps_0": -0.04342287625345,
                        "multipoles.0.multipole_1.multipole_comps.multipole_comps_1": 0.06131760783302,
                        "multipoles.0.multipole_3.multipole_comps.multipole_comps_0": -0.07987593950384,
                        "multipoles.0.multipole_3.multipole_comps.multipole_comps_1": 0.06806094460557,
                        "multipoles.0.multipole_4.multipole_comps.multipole_comps_0": -0.00961681386683,
                        "multipoles.0.multipole_4.multipole_comps.multipole_comps_1": 0.00225078241421
                    }
                }
            }
        },
        "log_evidence": -63.914744570004764,
        "values_at_sigma_3": {
            "type": "list",
            "values": [
                {
                    "type": "tuple",
                    "values": [
                        -0.19386939456815,
                        -0.12298139875611
                    ]
                },
                {
                    "type": "tuple",
                    "values": [
                        -0.03385755501004,
                        0.07604056051687162
                    ]
                },
                {
                    "type": "tuple",
                    "values": [
                        -0.15253715538947,
                        0.16752965320673
                    ]
                },
                {
                    "type": "tuple",
                    "values": [
                        -0.19987028454599,
                        0.16667750457609
                    ]
                },
                {
                    "type": "tuple",
                    "values": [
                        -0.0998851023911133,
                        0.09620295738144
                    ]
                },
                {
                    "type": "tuple",
                    "values": [
                        -0.09983376683488,
                        0.0972996644226914
                    ]
                },
                {
                    "type": "tuple",
                    "values": [
                        -0.09991997488739776,
                        0.08874606529065521
                    ]
                },
                {
                    "type": "tuple",
                    "values": [
                        -0.019816705998292997,
                        0.0997116003217
                    ]
                }
            ]
        },
        "errors_at_sigma_1": {
            "type": "list",
            "values": [
                {
                    "type": "tuple",
                    "values": [
                        0.0018417535605103341,
                        0.0023979315692775893
                    ]
                },
                {
                    "type": "tuple",
                    "values": [
                        0.0033725644602051567,
                        0.003595037557018385
                    ]
                },
                {
                    "type": "tuple",
                    "values": [
                        0.018786288697709985,
                        0.07701010597684238
                    ]
                },
                {
                    "type": "tuple",
                    "values": [
                        0.021506019903546753,
                        0.27179523589143323
                    ]
                },
                {
                    "type": "tuple",
                    "values": [
                        0.14249123003184655,
                        0.013534528162476148
                    ]
                },
                {
                    "type": "tuple",
                    "values": [
                        0.017496661804769248,
                        0.11562773217733
                    ]
                },
                {
                    "type": "tuple",
                    "values": [
                        0.01574294264357,
                        0.08582310215492872
                    ]
                },
                {
                    "type": "tuple",
                    "values": [
                        0.044493966333912026,
                        0.01425860264599016
                    ]
                }
            ]
        },
        "values_at_sigma_1": {
            "type": "list",
            "values": [
                {
                    "type": "tuple",
                    "values": [
                        -0.15826947154632792,
                        -0.15402978641654
                    ]
                },
                {
                    "type": "tuple",
                    "values": [
                        0.02135656162029,
                        0.02832416363751354
                    ]
                },
                {
                    "type": "tuple",
                    "values": [
                        -0.125086997209,
                        -0.02929060253444762
                    ]
                },
                {
                    "type": "tuple",
                    "values": [
                        -0.18269437761149,
                        0.11060687818349
                    ]
                },
                {
                    "type": "tuple",
                    "values": [
                        -0.08920013466294271,
                        0.06682562353138
                    ]
                },
                {
                    "type": "tuple",
                    "values": [
                        -0.08908709732675925,
                        0.04403729665534
                    ]
                },
                {
                    "type": "tuple",
                    "values": [
                        -0.09335531607614,
                        0.008210728722358717
                    ]
                },
                {
                    "type": "tuple",
                    "values": [
                        0.02606073959860781,
                        0.08481330857851
                    ]
                }
            ]
        },
        "errors_at_sigma_3": {
            "type": "list",
            "values": [
                {
                    "type": "tuple",
                    "values": [
                        0.03744167658233241,
                        0.03344631922970759
                    ]
                },
                {
                    "type": "tuple",
                    "values": [
                        0.05858668109053516,
                        0.051311434436376466
                    ]
                },
                {
                    "type": "tuple",
                    "values": [
                        0.04623644687817999,
                        0.27383036171802
                    ]
                },
                {
                    "type": "tuple",
                    "values": [
                        0.038681926838046776,
                        0.32786586228403325
                    ]
                },
                {
                    "type": "tuple",
                    "values": [
                        0.15317619776001715,
                        0.04291186201253615
                    ]
                },
                {
                    "type": "tuple",
                    "values": [
                        0.028243331312890002,
                        0.1688900999446814
                    ]
                },
                {
                    "type": "tuple",
                    "values": [
                        0.022307601454827755,
                        0.1663584387232252
                    ]
                },
                {
                    "type": "tuple",
                    "values": [
                        0.09037141193081283,
                        0.029156894389180163
                    ]
                }
            ]
        },
        "median_pdf_sample": {
            "type": "instance",
            "class_path": "autofit.non_linear.samples.sample.Sample",
            "arguments": {
                "log_likelihood": -43.03536210391064,
                "log_prior": 0.0,
                "weight": 0.0007942274234573307,
                "kwargs": {
                    "type": "dict",
                    "arguments": {
                        "ellipses.0.ell_comps.ell_comps_0": -0.1564277179858176,
                        "ellipses.0.ell_comps.ell_comps_1": 0.024729126080495156,
                        "multipoles.0.multipole_1.multipole_comps.multipole_comps_0": -0.10630070851129,
                        "multipoles.0.multipole_1.multipole_comps.multipole_comps_1": -0.16118835770794324,
                        "multipoles.0.multipole_3.multipole_comps.multipole_comps_0": 0.05329109536890385,
                        "multipoles.0.multipole_3.multipole_comps.multipole_comps_1": -0.07159043552199,
                        "multipoles.0.multipole_4.multipole_comps.multipole_comps_0": -0.07761237343257,
                        "multipoles.0.multipole_4.multipole_comps.multipole_comps_1": 0.07055470593251983
                    }
                }
            }
        },
        "model": null
    }
}