{
    "type": "instance",
    "class_path": "autofit.non_linear.samples.summary.SamplesSummary",
    "arguments": {
        "errors_at_sigma_1": {
            "type": "list",
            "values": [
                {
                    "type": "tuple",
                    "values": [
                        0.002769676252744227,
                        0.002885777211803643
                    ]
                },
                {
                    "type": "tuple",
                    "values": [
                        0.0024879105947500785,
                        0.0021940482950707774
                    ]
                },
                {
                    "type": "tuple",
                    "values": [
                        0.0010588049364297358,
                        0.0011672418523336336
                    ]
                },
                {
                    "type": "tuple",
                    "values": [
                        0.001335338801301655,
                        0.0012996888081354525
                    ]
                },
                {
                    "type": "tuple",
                    "values": [
                        0.0011961361058030404,
                        0.0011884166110336832
                    ]
                },
                {
                    "type": "tuple",
                    "values": [
                        0.006079703884349197,
                        0.006127898632126261
                    ]
                },
                {
                    "type": "tuple",
                    "values": [
                        0.0014453119975968015,
                        0.0013279269437711586
                    ]
                },
                {
                    "type": "tuple",
                    "values": [
                        0.001521063820759852,
                        0.0014711120324485266
                    ]
                }
            ]
        },
        "log_evidence": 66355.29899460201,
        "model": null,
        "median_pdf_sample": {
            "type": "instance",
            "class_path": "autofit.non_linear.samples.sample.Sample",
            "arguments": {
                "log_likelihood": 66396.06150336274,
                "log_prior": 0.003384810432593344,
                "weight": 2.9848110352578383e-05,
                "kwargs": {
                    "type": "dict",
                    "arguments": {
                        "galaxies.lens.mass.ell_comps.ell_comps_0": -0.045723788745883856,
                        "galaxies.lens.mass.ell_comps.ell_comps_1": -0.0424242072802453,
                        "galaxies.lens.mass.einstein_radius": 1.4639868591531195,
                        "galaxies.lens.mass.centre.centre_0": -0.001963447333899971,
                        "galaxies.lens.mass.centre.centre_1": -0.007827034194620755,
                        "galaxies.lens.mass.slope": 2.0064044013752933,
                        "galaxies.lens.shear.gamma_1": 0.05174761067537524,
                        "galaxies.lens.shear.gamma_2": 0.06365765482944384
                    }
                }
            }
        },
        "max_log_likelihood_sample": {
            "type": "instance",
            "class_path": "autofit.non_linear.samples.sample.Sample",
            "arguments": {
                "log_likelihood": 66396.06150336274,
                "log_prior": 0.003384810432593344,
                "weight": 2.9848110352578383e-05,
                "kwargs": {
                    "type": "dict",
                    "arguments": {
                        "galaxies.lens.mass.ell_comps.ell_comps_0": -0.04598006106608995,
                        "galaxies.lens.mass.ell_comps.ell_comps_1": -0.04242868736152165,
                        "galaxies.lens.mass.einstein_radius": 1.4640011221999514,
                        "galaxies.lens.mass.centre.centre_0": -0.0018363648461807245,
                        "galaxies.lens.mass.centre.centre_1": -0.008024752024012375,
                        "galaxies.lens.mass.slope": 2.0095200691556,
                        "galaxies.lens.shear.gamma_1": 0.05194358454002,
                        "galaxies.lens.shear.gamma_2": 0.06391458053608
                    }
                }
            }
        },
        "values_at_sigma_3": {
            "type": "list",
            "values": [
                {
                    "type": "tuple",
                    "values": [
                        -0.05472286192498849,
                        -0.036454417584690355
                    ]
                },
                {
                    "type": "tuple",
                    "values": [
                        -0.05034590704115258,
                        -0.03435995959071562
                    ]
                },
                {
                    "type": "tuple",
                    "values": [
                        1.4607329437644552,
                        1.4679967725241003
                    ]
                },
                {
                    "type": "tuple",
                    "values": [
                        -0.005759786298722726,
                        0.0020117644759301487
                    ]
                },
                {
                    "type": "tuple",
                    "values": [
                        -0.011467844843970386,
                        -0.0042710535997995715
                    ]
                },
                {
                    "type": "tuple",
                    "values": [
                        1.9880875428629896,
                        2.0232417638376643
                    ]
                },
                {
                    "type": "tuple",
                    "values": [
                        0.04709414504896925,
                        0.05621597314572178
                    ]
                },
                {
                    "type": "tuple",
                    "values": [
                        0.0586109748850398,
                        0.06822469737106347
                    ]
                }
            ]
        },
        "errors_at_sigma_3": {
            "type": "list",
            "values": [
                {
                    "type": "tuple",
                    "values": [
                        0.008999073179104637,
                        0.009269371161193501
                    ]
                },
                {
                    "type": "tuple",
                    "values": [
                        0.007921699760907279,
                        0.00806424768952968
                    ]
                },
                {
                    "type": "tuple",
                    "values": [
                        0.0032539153886643746,
                        0.004009913370980778
                    ]
                },
                {
                    "type": "tuple",
                    "values": [
                        0.0037963389648227545,
                        0.00397521180983012
                    ]
                },
                {
                    "type": "tuple",
                    "values": [
                        0.003640810649349631,
                        0.003555980594821184
                    ]
                },
                {
                    "type": "tuple",
                    "values": [
                        0.01831685851230369,
                        0.016837362462370997
                    ]
                },
                {
                    "type": "tuple",
                    "values": [
                        0.004653465626405992,
                        0.004468362470346536
                    ]
                },
                {
                    "type": "tuple",
                    "values": [
                        0.0050466799444040394,
                        0.004567042541619631
                    ]
                }
            ]
        },
        "values_at_sigma_1": {
            "type": "list",
            "values": [
                {
                    "type": "tuple",
                    "values": [
                        -0.04849346499862808,
                        -0.04283801153408021
                    ]
                },
                {
                    "type": "tuple",
                    "values": [
                        -0.044912117874995376,
                        -0.04023015898517452
                    ]
                },
                {
                    "type": "tuple",
                    "values": [
                        1.4629280542166898,
                        1.4651541010054532
                    ]
                },
                {
                    "type": "tuple",
                    "values": [
                        -0.003298786135201626,
                        -0.0006637585257645186
                    ]
                },
                {
                    "type": "tuple",
                    "values": [
                        -0.009023170300423796,
                        -0.006638617583587072
                    ]
                },
                {
                    "type": "tuple",
                    "values": [
                        2.000324697490944,
                        2.0125323000074196
                    ]
                },
                {
                    "type": "tuple",
                    "values": [
                        0.05030229867777844,
                        0.0530755376191464
                    ]
                },
                {
                    "type": "tuple",
                    "values": [
                        0.06213659100868399,
                        0.06512876686189237
                    ]
                }
            ]
        }
    }
}