{
    "type": "instance",
    "class_path": "autofit.non_linear.samples.summary.SamplesSummary",
    "arguments": {
        "median_pdf_sample": {
            "type": "instance",
            "class_path": "autofit.non_linear.samples.sample.Sample",
            "arguments": {
                "log_likelihood": -54.10575475111206,
                "log_prior": 0.0,
                "weight": 0.0009740210512484943,
                "kwargs": {
                    "type": "dict",
                    "arguments": {
                        "ellipses.0.ell_comps.ell_comps_0": -0.22977415047971,
                        "ellipses.0.ell_comps.ell_comps_1": 0.01723908447179,
                        "multipoles.0.multipole_3.multipole_comps.multipole_comps_0": -0.01693289846597,
                        "multipoles.0.multipole_3.multipole_comps.multipole_comps_1": 0.004981905631187645,
                        "multipoles.0.multipole_4.multipole_comps.multipole_comps_0": -0.00502971374411,
                        "multipoles.0.multipole_4.multipole_comps.multipole_comps_1": -0.01478675916047
                    }
                }
            }
        },
        "errors_at_sigma_3": {
            "type": "list",
            "values": [
                {
                    "type": "tuple",
                    "values": [
                        0.01012218390270933,
                        0.011004747532453119
                    ]
                },
                {
                    "type": "tuple",
                    "values": [
                        0.016556602961186058,
                        0.02322671155003
                    ]
                },
                {
                    "type": "tuple",
                    "values": [
                        0.042274051023739996,
                        0.061151551655502394
                    ]
                },
                {
                    "type": "tuple",
                    "values": [
                        0.0522916642236708,
                        0.05953504847129235
                    ]
                },
                {
                    "type": "tuple",
                    "values": [
                        0.08462170265865389,
                        0.05070382564089985
                    ]
                },
                {
                    "type": "tuple",
                    "values": [
                        0.07177052157177001,
                        0.05885495698089839
                    ]
                }
            ]
        },
        "log_evidence": -71.41880921826093,
        "errors_at_sigma_1": {
            "type": "list",
            "values": [
                {
                    "type": "tuple",
                    "values": [
                        0.0029847246947801165,
                        0.002356845380463324
                    ]
                },
                {
                    "type": "tuple",
                    "values": [
                        0.0063517753134505715,
                        0.005740077860799862
                    ]
                },
                {
                    "type": "tuple",
                    "values": [
                        0.01628524451267,
                        0.01906962549875
                    ]
                },
                {
                    "type": "tuple",
                    "values": [
                        0.028407442751787644,
                        0.027756808445134867
                    ]
                },
                {
                    "type": "tuple",
                    "values": [
                        0.020461333868379998,
                        0.01407013798692
                    ]
                },
                {
                    "type": "tuple",
                    "values": [
                        0.03668914497039532,
                        0.025319469117862092
                    ]
                }
            ]
        },
        "model": null,
        "values_at_sigma_3": {
            "type": "list",
            "values": [
                {
                    "type": "tuple",
                    "values": [
                        -0.23989633438241934,
                        -0.21876940294725689
                    ]
                },
                {
                    "type": "tuple",
                    "values": [
                        0.0006824815106039435,
                        0.04046579602182
                    ]
                },
                {
                    "type": "tuple",
                    "values": [
                        -0.05920694948971,
                        0.04421865318953239
                    ]
                },
                {
                    "type": "tuple",
                    "values": [
                        -0.04730975859248315,
                        0.06451695410248
                    ]
                },
                {
                    "type": "tuple",
                    "values": [
                        -0.08965141640276389,
                        0.04567411189678985
                    ]
                },
                {
                    "type": "tuple",
                    "values": [
                        -0.08655728073224,
                        0.04406819782042839
                    ]
                }
            ]
        },
        "max_log_likelihood_sample": {
            "type": "instance",
            "class_path": "autofit.non_linear.samples.sample.Sample",
            "arguments": {
                "log_likelihood": -54.10575475111206,
                "log_prior": 0.0,
                "weight": 0.0009740210512484943,
                "kwargs": {
                    "type": "dict",
                    "arguments": {
                        "ellipses.0.ell_comps.ell_comps_0": -0.23227480458674,
                        "ellipses.0.ell_comps.ell_comps_1": 0.01484976362737,
                        "multipoles.0.multipole_3.multipole_comps.multipole_comps_0": -0.02953298738861,
                        "multipoles.0.multipole_3.multipole_comps.multipole_comps_1": 0.00448203605587,
                        "multipoles.0.multipole_4.multipole_comps.multipole_comps_0": -0.00642724656294,
                        "multipoles.0.multipole_4.multipole_comps.multipole_comps_1": -0.04134007032154
                    }
                }
            }
        },
        "values_at_sigma_1": {
            "type": "list",
            "values": [
                {
                    "type": "tuple",
                    "values": [
                        -0.23275887517449012,
                        -0.22741730509924668
                    ]
                },
                {
                    "type": "tuple",
                    "values": [
                        0.01088730915833943,
                        0.022979162332589863
                    ]
                },
                {
                    "type": "tuple",
                    "values": [
                        -0.03321814297864,
                        0.00213672703278
                    ]
                },
                {
                    "type": "tuple",
                    "values": [
                        -0.0234255371206,
                        0.03273871407632251
                    ]
                },
                {
                    "type": "tuple",
                    "values": [
                        -0.02549104761249,
                        0.00904042424281
                    ]
                },
                {
                    "type": "tuple",
                    "values": [
                        -0.05147590413086532,
                        0.010532709957392094
                    ]
                }
            ]
        }
    }
}