{
    "type": "instance",
    "class_path": "autofit.non_linear.samples.summary.SamplesSummary",
    "arguments": {
        "model": null,
        "errors_at_sigma_1": {
            "type": "list",
            "values": [
                {
                    "type": "tuple",
                    "values": [
                        0.01365342231210366,
                        0.01369015214912429
                    ]
                },
                {
                    "type": "tuple",
                    "values": [
                        0.017786208121282704,
                        0.018811405097954315
                    ]
                },
                {
                    "type": "tuple",
                    "values": [
                        0.0043181997985567485,
                        0.004353555588605056
                    ]
                },
                {
                    "type": "tuple",
                    "values": [
                        0.004247364208725758,
                        0.004782438105933802
                    ]
                },
                {
                    "type": "tuple",
                    "values": [
                        0.004541771434165129,
                        0.00453470268569
                    ]
                },
                {
                    "type": "tuple",
                    "values": [
                        0.0035054152507770957,
                        0.003898144164773637
                    ]
                },
                {
                    "type": "tuple",
                    "values": [
                        0.005781264391242838,
                        0.005289845441782435
                    ]
                },
                {
                    "type": "tuple",
                    "values": [
                        0.0050613183691799995,
                        0.0050898583085287165
                    ]
                }
            ]
        },
        "values_at_sigma_1": {
            "type": "list",
            "values": [
                {
                    "type": "tuple",
                    "values": [
                        -0.0071395126885279514,
                        0.0202040617727
                    ]
                },
                {
                    "type": "tuple",
                    "values": [
                        -0.10039854782514,
                        -0.06380093460590298
                    ]
                },
                {
                    "type": "tuple",
                    "values": [
                        0.00077981049875,
                        0.009451565885911804
                    ]
                },
                {
                    "type": "tuple",
                    "values": [
                        -0.010769478107546217,
                        -0.0017396757928866582
                    ]
                },
                {
                    "type": "tuple",
                    "values": [
                        -0.0043807070940951294,
                        0.00469576702576
                    ]
                },
                {
                    "type": "tuple",
                    "values": [
                        -0.00751021221805,
                        -0.0001066528024992675
                    ]
                },
                {
                    "type": "tuple",
                    "values": [
                        -0.00942372870172624,
                        0.0016473811312990327
                    ]
                },
                {
                    "type": "tuple",
                    "values": [
                        -0.00809830529922,
                        0.0020528713784887164
                    ]
                }
            ]
        },
        "median_pdf_sample": {
            "type": "instance",
            "class_path": "autofit.non_linear.samples.sample.Sample",
            "arguments": {
                "log_likelihood": -2.638683252371064,
                "log_prior": 0.0,
                "weight": 0.0010542572270605005,
                "kwargs": {
                    "type": "dict",
                    "arguments": {
                        "ellipses.0.ell_comps.ell_comps_0": 0.00651390962357571,
                        "ellipses.0.ell_comps.ell_comps_1": -0.0826123397038573,
                        "multipoles.0.multipole_1.multipole_comps.multipole_comps_0": 0.005098010297306749,
                        "multipoles.0.multipole_1.multipole_comps.multipole_comps_1": -0.006522113898820459,
                        "multipoles.0.multipole_3.multipole_comps.multipole_comps_0": 0.00016106434007,
                        "multipoles.0.multipole_3.multipole_comps.multipole_comps_1": -0.004004796967272905,
                        "multipoles.0.multipole_4.multipole_comps.multipole_comps_0": -0.0036424643104834026,
                        "multipoles.0.multipole_4.multipole_comps.multipole_comps_1": -0.00303698693004
                    }
                }
            }
        },
        "errors_at_sigma_3": {
            "type": "list",
            "values": [
                {
                    "type": "tuple",
                    "values": [
                        0.046989136404683024,
                        0.03731943138121857
                    ]
                },
                {
                    "type": "tuple",
                    "values": [
                        0.05237366213139426,
                        0.0496736430590873
                    ]
                },
                {
                    "type": "tuple",
                    "values": [
                        0.013311935599806748,
                        0.014148688221098785
                    ]
                },
                {
                    "type": "tuple",
                    "values": [
                        0.012436006003136924,
                        0.01329127504837924
                    ]
                },
                {
                    "type": "tuple",
                    "values": [
                        0.01609133574191694,
                        0.014330219543584528
                    ]
                },
                {
                    "type": "tuple",
                    "values": [
                        0.011643660138707095,
                        0.012812846991442191
                    ]
                },
                {
                    "type": "tuple",
                    "values": [
                        0.015836508111851895,
                        0.018582521700273403
                    ]
                },
                {
                    "type": "tuple",
                    "values": [
                        0.016703140516009997,
                        0.0161414877568409
                    ]
                }
            ]
        },
        "values_at_sigma_3": {
            "type": "list",
            "values": [
                {
                    "type": "tuple",
                    "values": [
                        -0.040475226781107314,
                        0.04383334100479428
                    ]
                },
                {
                    "type": "tuple",
                    "values": [
                        -0.13498600183525156,
                        -0.03293869664477
                    ]
                },
                {
                    "type": "tuple",
                    "values": [
                        -0.0082139253025,
                        0.019246698518405533
                    ]
                },
                {
                    "type": "tuple",
                    "values": [
                        -0.018958119901957383,
                        0.00676916114955878
                    ]
                },
                {
                    "type": "tuple",
                    "values": [
                        -0.01593027140184694,
                        0.014491283883654529
                    ]
                },
                {
                    "type": "tuple",
                    "values": [
                        -0.01564845710598,
                        0.008808050024169288
                    ]
                },
                {
                    "type": "tuple",
                    "values": [
                        -0.019478972422335296,
                        0.01494005738979
                    ]
                },
                {
                    "type": "tuple",
                    "values": [
                        -0.01974012744605,
                        0.013104500826800898
                    ]
                }
            ]
        },
        "max_log_likelihood_sample": {
            "type": "instance",
            "class_path": "autofit.non_linear.samples.sample.Sample",
            "arguments": {
                "log_likelihood": -2.638683252371064,
                "log_prior": 0.0,
                "weight": 0.0010542572270605005,
                "kwargs": {
                    "type": "dict",
                    "arguments": {
                        "ellipses.0.ell_comps.ell_comps_0": 0.00864582378983,
                        "ellipses.0.ell_comps.ell_comps_1": -0.08687187675441,
                        "multipoles.0.multipole_1.multipole_comps.multipole_comps_0": 0.00357371594712,
                        "multipoles.0.multipole_1.multipole_comps.multipole_comps_1": -0.00537172064183,
                        "multipoles.0.multipole_3.multipole_comps.multipole_comps_0": 0.00085088105151,
                        "multipoles.0.multipole_3.multipole_comps.multipole_comps_1": -0.00478540639354,
                        "multipoles.0.multipole_4.multipole_comps.multipole_comps_0": -0.00369739324761,
                        "multipoles.0.multipole_4.multipole_comps.multipole_comps_1": -0.00176850618652
                    }
                }
            }
        },
        "log_evidence": -28.219171368103765
    }
}