{
    "type": "collection",
    "arguments": {
        "ellipses": {
            "type": "collection",
            "arguments": {
                "0": {
                    "type": "instance",
                    "class_path": "autogalaxy.ellipse.ellipse.ellipse.Ellipse",
                    "arguments": {
                        "ell_comps": {
                            "type": "tuple",
                            "values": [
                                0.00363494798892,
                                -0.00872251119194
                            ]
                        },
                        "major_axis": 0.25,
                        "centre": {
                            "type": "tuple",
                            "values": [
                                0.00032040425746,
                                -0.00309941842589
                            ]
                        }
                    }
                },
                "1": {
                    "type": "instance",
                    "class_path": "autogalaxy.ellipse.ellipse.ellipse.Ellipse",
                    "arguments": {
                        "ell_comps": {
                            "type": "tuple",
                            "values": [
                                0.00127911611287,
                                -0.01686954811787
                            ]
                        },
                        "major_axis": 0.5,
                        "centre": {
                            "type": "tuple",
                            "values": [
                                0.00032040425746,
                                -0.00309941842589
                            ]
                        }
                    }
                },
                "2": {
                    "type": "instance",
                    "class_path": "autogalaxy.ellipse.ellipse.ellipse.Ellipse",
                    "arguments": {
                        "ell_comps": {
                            "type": "tuple",
                            "values": [
                                -0.0667684894416,
                                -0.041129769381
                            ]
                        },
                        "major_axis": 0.75,
                        "centre": {
                            "type": "tuple",
                            "values": [
                                0.00032040425746,
                                -0.00309941842589
                            ]
                        }
                    }
                },
                "3": {
                    "type": "instance",
                    "class_path": "autogalaxy.ellipse.ellipse.ellipse.Ellipse",
                    "arguments": {
                        "ell_comps": {
                            "type": "tuple",
                            "values": [
                                -0.03601402297403,
                                -0.0336531958522
                            ]
                        },
                        "major_axis": 1.0,
                        "centre": {
                            "type": "tuple",
                            "values": [
                                0.00032040425746,
                                -0.00309941842589
                            ]
                        }
                    }
                },
                "4": {
                    "type": "instance",
                    "class_path": "autogalaxy.ellipse.ellipse.ellipse.Ellipse",
                    "arguments": {
                        "ell_comps": {
                            "type": "tuple",
                            "values": [
                                0.00283921847355,
                                -0.02923324279641
                            ]
                        },
                        "major_axis": 1.25,
                        "centre": {
                            "type": "tuple",
                            "values": [
                                0.00032040425746,
                                -0.00309941842589
                            ]
                        }
                    }
                },
                "5": {
                    "type": "instance",
                    "class_path": "autogalaxy.ellipse.ellipse.ellipse.Ellipse",
                    "arguments": {
                        "ell_comps": {
                            "type": "tuple",
                            "values": [
                                0.0156667092891,
                                -0.05422416551928
                            ]
                        },
                        "major_axis": 1.5,
                        "centre": {
                            "type": "tuple",
                            "values": [
                                0.00032040425746,
                                -0.00309941842589
                            ]
                        }
                    }
                },
                "6": {
                    "type": "instance",
                    "class_path": "autogalaxy.ellipse.ellipse.ellipse.Ellipse",
                    "arguments": {
                        "ell_comps": {
                            "type": "tuple",
                            "values": [
                                0.03403485561738,
                                -0.0322947203706
                            ]
                        },
                        "major_axis": 1.75,
                        "centre": {
                            "type": "tuple",
                            "values": [
                                0.00032040425746,
                                -0.00309941842589
                            ]
                        }
                    }
                },
                "7": {
                    "type": "instance",
                    "class_path": "autogalaxy.ellipse.ellipse.ellipse.Ellipse",
                    "arguments": {
                        "ell_comps": {
                            "type": "tuple",
                            "values": [
                                0.03334222622625,
                                -0.0502087735197
                            ]
                        },
                        "major_axis": 2.0,
                        "centre": {
                            "type": "tuple",
                            "values": [
                                0.00032040425746,
                                -0.00309941842589
                            ]
                        }
                    }
                },
                "8": {
                    "type": "instance",
                    "class_path": "autogalaxy.ellipse.ellipse.ellipse.Ellipse",
                    "arguments": {
                        "ell_comps": {
                            "type": "tuple",
                            "values": [
                                0.02864832033721,
                                -0.04631545207895
                            ]
                        },
                        "major_axis": 2.25,
                        "centre": {
                            "type": "tuple",
                            "values": [
                                0.00032040425746,
                                -0.00309941842589
                            ]
                        }
                    }
                },
                "9": {
                    "type": "instance",
                    "class_path": "autogalaxy.ellipse.ellipse.ellipse.Ellipse",
                    "arguments": {
                        "ell_comps": {
                            "type": "tuple",
                            "values": [
                                -0.03160463350134,
                                -0.03201093719
                            ]
                        },
                        "major_axis": 2.5,
                        "centre": {
                            "type": "tuple",
                            "values": [
                                0.00032040425746,
                                -0.00309941842589
                            ]
                        }
                    }
                },
                "10": {
                    "type": "instance",
                    "class_path": "autogalaxy.ellipse.ellipse.ellipse.Ellipse",
                    "arguments": {
                        "ell_comps": {
                            "type": "tuple",
                            "values": [
                                0.03720890863848,
                                -0.00529469273152
                            ]
                        },
                        "major_axis": 2.75,
                        "centre": {
                            "type": "tuple",
                            "values": [
                                0.00032040425746,
                                -0.00309941842589
                            ]
                        }
                    }
                }
            }
        },
        "dummy_0": {
            "lower_limit": -0.1,
            "upper_limit": 0.1,
            "type": "Uniform",
            "id": 98
        }
    }
}