{
    "type": "instance",
    "class_path": "autofit.non_linear.samples.summary.SamplesSummary",
    "arguments": {
        "values_at_sigma_1": {
            "type": "list",
            "values": [
                {
                    "type": "tuple",
                    "values": [
                        0.02380231153979,
                        0.0329738931218
                    ]
                },
                {
                    "type": "tuple",
                    "values": [
                        0.03455009963555304,
                        0.04275200150606434
                    ]
                },
                {
                    "type": "tuple",
                    "values": [
                        0.005277546712394915,
                        0.04044962790708312
                    ]
                },
                {
                    "type": "tuple",
                    "values": [
                        -0.062095850219122006,
                        -0.01873541077832111
                    ]
                },
                {
                    "type": "tuple",
                    "values": [
                        -0.04214484024458,
                        0.00246180656983
                    ]
                },
                {
                    "type": "tuple",
                    "values": [
                        -0.013051532413811618,
                        0.04872956022695404
                    ]
                }
            ]
        },
        "model": null,
        "values_at_sigma_3": {
            "type": "list",
            "values": [
                {
                    "type": "tuple",
                    "values": [
                        -0.00625052698959,
                        0.04423930415386353
                    ]
                },
                {
                    "type": "tuple",
                    "values": [
                        0.009097522890257701,
                        0.06026130380842948
                    ]
                },
                {
                    "type": "tuple",
                    "values": [
                        -0.09489679006903276,
                        0.08076676670264521
                    ]
                },
                {
                    "type": "tuple",
                    "values": [
                        -0.09791433080989262,
                        0.02818487899847042
                    ]
                },
                {
                    "type": "tuple",
                    "values": [
                        -0.07999634652598986,
                        0.09645575153145
                    ]
                },
                {
                    "type": "tuple",
                    "values": [
                        -0.09794796849136,
                        0.09147178522677
                    ]
                }
            ]
        },
        "max_log_likelihood_sample": {
            "type": "instance",
            "class_path": "autofit.non_linear.samples.sample.Sample",
            "arguments": {
                "log_likelihood": -39.1899530298996,
                "log_prior": 0.0,
                "weight": 0.001011161639689748,
                "kwargs": {
                    "type": "dict",
                    "arguments": {
                        "ellipses.0.ell_comps.ell_comps_0": 0.0270351611864,
                        "ellipses.0.ell_comps.ell_comps_1": 0.04193780283366,
                        "multipoles.0.multipole_3.multipole_comps.multipole_comps_0": 0.02646297306197,
                        "multipoles.0.multipole_3.multipole_comps.multipole_comps_1": -0.04252626889195,
                        "multipoles.0.multipole_4.multipole_comps.multipole_comps_0": -0.02172355710236,
                        "multipoles.0.multipole_4.multipole_comps.multipole_comps_1": 0.03596261315541
                    }
                }
            }
        },
        "median_pdf_sample": {
            "type": "instance",
            "class_path": "autofit.non_linear.samples.sample.Sample",
            "arguments": {
                "log_likelihood": -39.1899530298996,
                "log_prior": 0.0,
                "weight": 0.001011161639689748,
                "kwargs": {
                    "type": "dict",
                    "arguments": {
                        "ellipses.0.ell_comps.ell_comps_0": 0.02791870414353415,
                        "ellipses.0.ell_comps.ell_comps_1": 0.03848673239986083,
                        "multipoles.0.multipole_3.multipole_comps.multipole_comps_0": 0.02476808446607,
                        "multipoles.0.multipole_3.multipole_comps.multipole_comps_1": -0.03792264635967665,
                        "multipoles.0.multipole_4.multipole_comps.multipole_comps_0": -0.020195911186200472,
                        "multipoles.0.multipole_4.multipole_comps.multipole_comps_1": 0.025428880722405654
                    }
                }
            }
        },
        "errors_at_sigma_3": {
            "type": "list",
            "values": [
                {
                    "type": "tuple",
                    "values": [
                        0.03416923113312415,
                        0.016320600010329384
                    ]
                },
                {
                    "type": "tuple",
                    "values": [
                        0.029389209509603127,
                        0.02177457140856865
                    ]
                },
                {
                    "type": "tuple",
                    "values": [
                        0.11966487453510276,
                        0.05599868223657521
                    ]
                },
                {
                    "type": "tuple",
                    "values": [
                        0.05999168445021597,
                        0.06610752535814707
                    ]
                },
                {
                    "type": "tuple",
                    "values": [
                        0.05980043533978939,
                        0.11665166271765047
                    ]
                },
                {
                    "type": "tuple",
                    "values": [
                        0.12337684921376565,
                        0.06604290450436436
                    ]
                }
            ]
        },
        "log_evidence": -56.545488979543926,
        "errors_at_sigma_1": {
            "type": "list",
            "values": [
                {
                    "type": "tuple",
                    "values": [
                        0.004116392603744148,
                        0.005055188978265849
                    ]
                },
                {
                    "type": "tuple",
                    "values": [
                        0.003936632764307786,
                        0.004265269106203513
                    ]
                },
                {
                    "type": "tuple",
                    "values": [
                        0.019490537753675086,
                        0.015681543441013118
                    ]
                },
                {
                    "type": "tuple",
                    "values": [
                        0.02417320385944536,
                        0.019187235581355537
                    ]
                },
                {
                    "type": "tuple",
                    "values": [
                        0.021948929058379526,
                        0.02265771775603047
                    ]
                },
                {
                    "type": "tuple",
                    "values": [
                        0.03848041313621727,
                        0.023300679504548383
                    ]
                }
            ]
        }
    }
}