{
    "type": "instance",
    "class_path": "autofit.non_linear.samples.summary.SamplesSummary",
    "arguments": {
        "errors_at_sigma_1": {
            "type": "list",
            "values": [
                {
                    "type": "tuple",
                    "values": [
                        0.004189637621799663,
                        0.003917286493654609
                    ]
                },
                {
                    "type": "tuple",
                    "values": [
                        0.0038200378181478672,
                        0.0036865189127315706
                    ]
                }
            ]
        },
        "log_evidence": -29.317226801120245,
        "errors_at_sigma_3": {
            "type": "list",
            "values": [
                {
                    "type": "tuple",
                    "values": [
                        0.013315259697924658,
                        0.012095835702084584
                    ]
                },
                {
                    "type": "tuple",
                    "values": [
                        0.013479681725887926,
                        0.011776260317487054
                    ]
                }
            ]
        },
        "values_at_sigma_3": {
            "type": "list",
            "values": [
                {
                    "type": "tuple",
                    "values": [
                        -0.24989468918418925,
                        -0.22448359378418
                    ]
                },
                {
                    "type": "tuple",
                    "values": [
                        0.020522495870956656,
                        0.045778437914331636
                    ]
                }
            ]
        },
        "values_at_sigma_1": {
            "type": "list",
            "values": [
                {
                    "type": "tuple",
                    "values": [
                        -0.24076906710806426,
                        -0.23266214299260998
                    ]
                },
                {
                    "type": "tuple",
                    "values": [
                        0.030182139778696715,
                        0.03768869650957615
                    ]
                }
            ]
        },
        "max_log_likelihood_sample": {
            "type": "instance",
            "class_path": "autofit.non_linear.samples.sample.Sample",
            "arguments": {
                "log_likelihood": -19.714295296687595,
                "log_prior": 0.0,
                "weight": 0.0009827051158221997,
                "kwargs": {
                    "type": "dict",
                    "arguments": {
                        "ellipses.0.ell_comps.ell_comps_0": -0.23596254930299,
                        "ellipses.0.ell_comps.ell_comps_1": 0.03397874968138
                    }
                }
            }
        },
        "median_pdf_sample": {
            "type": "instance",
            "class_path": "autofit.non_linear.samples.sample.Sample",
            "arguments": {
                "log_likelihood": -19.714295296687595,
                "log_prior": 0.0,
                "weight": 0.0009827051158221997,
                "kwargs": {
                    "type": "dict",
                    "arguments": {
                        "ellipses.0.ell_comps.ell_comps_0": -0.2365794294862646,
                        "ellipses.0.ell_comps.ell_comps_1": 0.03400217759684458
                    }
                }
            }
        },
        "model": null
    }
}