{
    "type": "instance",
    "class_path": "autofit.non_linear.samples.summary.SamplesSummary",
    "arguments": {
        "model": null,
        "median_pdf_sample": {
            "type": "instance",
            "class_path": "autofit.non_linear.samples.sample.Sample",
            "arguments": {
                "log_likelihood": -23.408619670590856,
                "log_prior": 0.0,
                "weight": 0.0009814890221968122,
                "kwargs": {
                    "type": "dict",
                    "arguments": {
                        "ellipses.0.ell_comps.ell_comps_0": -0.020545264168376327,
                        "ellipses.0.ell_comps.ell_comps_1": -0.02880016581684
                    }
                }
            }
        },
        "values_at_sigma_3": {
            "type": "list",
            "values": [
                {
                    "type": "tuple",
                    "values": [
                        -0.02890188364094,
                        -0.01083498688013
                    ]
                },
                {
                    "type": "tuple",
                    "values": [
                        -0.03806795791577,
                        -0.01760779789303363
                    ]
                }
            ]
        },
        "values_at_sigma_1": {
            "type": "list",
            "values": [
                {
                    "type": "tuple",
                    "values": [
                        -0.02355676461041,
                        -0.017286043706463177
                    ]
                },
                {
                    "type": "tuple",
                    "values": [
                        -0.03267980883152042,
                        -0.02542001883651
                    ]
                }
            ]
        },
        "errors_at_sigma_1": {
            "type": "list",
            "values": [
                {
                    "type": "tuple",
                    "values": [
                        0.003011500442033674,
                        0.0032592204619131503
                    ]
                },
                {
                    "type": "tuple",
                    "values": [
                        0.0038796430146804187,
                        0.0033801469803300017
                    ]
                }
            ]
        },
        "log_evidence": -33.737715469286044,
        "max_log_likelihood_sample": {
            "type": "instance",
            "class_path": "autofit.non_linear.samples.sample.Sample",
            "arguments": {
                "log_likelihood": -23.408619670590856,
                "log_prior": 0.0,
                "weight": 0.0009814890221968122,
                "kwargs": {
                    "type": "dict",
                    "arguments": {
                        "ellipses.0.ell_comps.ell_comps_0": -0.0201492875928,
                        "ellipses.0.ell_comps.ell_comps_1": -0.02904527258929
                    }
                }
            }
        },
        "errors_at_sigma_3": {
            "type": "list",
            "values": [
                {
                    "type": "tuple",
                    "values": [
                        0.008356619472563671,
                        0.009710277288246328
                    ]
                },
                {
                    "type": "tuple",
                    "values": [
                        0.00926779209893,
                        0.01119236792380637
                    ]
                }
            ]
        }
    }
}