{
    "type": "instance",
    "class_path": "autofit.non_linear.samples.summary.SamplesSummary",
    "arguments": {
        "median_pdf_sample": {
            "type": "instance",
            "class_path": "autofit.non_linear.samples.sample.Sample",
            "arguments": {
                "log_likelihood": -19.849261837129042,
                "log_prior": 0.0,
                "weight": 0.0010163185646317361,
                "kwargs": {
                    "type": "dict",
                    "arguments": {
                        "ellipses.0.ell_comps.ell_comps_0": -0.02234674897139946,
                        "ellipses.0.ell_comps.ell_comps_1": 0.0739244993544,
                        "multipoles.0.multipole_3.multipole_comps.multipole_comps_0": -0.0020872892622451344,
                        "multipoles.0.multipole_3.multipole_comps.multipole_comps_1": 0.002792592981313651,
                        "multipoles.0.multipole_4.multipole_comps.multipole_comps_0": -0.00210643298278,
                        "multipoles.0.multipole_4.multipole_comps.multipole_comps_1": 0.00946191584086
                    }
                }
            }
        },
        "log_evidence": -39.31378333972363,
        "errors_at_sigma_1": {
            "type": "list",
            "values": [
                {
                    "type": "tuple",
                    "values": [
                        0.003682241406538774,
                        0.004697534663660487
                    ]
                },
                {
                    "type": "tuple",
                    "values": [
                        0.004797522167469995,
                        0.005201770754245633
                    ]
                },
                {
                    "type": "tuple",
                    "values": [
                        0.005700436694264866,
                        0.004962800306797278
                    ]
                },
                {
                    "type": "tuple",
                    "values": [
                        0.0052787308133544234,
                        0.0051061605051208854
                    ]
                },
                {
                    "type": "tuple",
                    "values": [
                        0.00841493816741873,
                        0.0086210072277939
                    ]
                },
                {
                    "type": "tuple",
                    "values": [
                        0.00648851859588341,
                        0.0075252892968800025
                    ]
                }
            ]
        },
        "values_at_sigma_3": {
            "type": "list",
            "values": [
                {
                    "type": "tuple",
                    "values": [
                        -0.03485208611823513,
                        -0.009975559121710616
                    ]
                },
                {
                    "type": "tuple",
                    "values": [
                        0.05819752689608666,
                        0.08727440615449318
                    ]
                },
                {
                    "type": "tuple",
                    "values": [
                        -0.01749120712634448,
                        0.014190296126736762
                    ]
                },
                {
                    "type": "tuple",
                    "values": [
                        -0.01436435099851,
                        0.01973928777548949
                    ]
                },
                {
                    "type": "tuple",
                    "values": [
                        -0.026102798956820217,
                        0.0207026582319
                    ]
                },
                {
                    "type": "tuple",
                    "values": [
                        -0.01323722011647,
                        0.032545162583022674
                    ]
                }
            ]
        },
        "values_at_sigma_1": {
            "type": "list",
            "values": [
                {
                    "type": "tuple",
                    "values": [
                        -0.026028990377938235,
                        -0.017649214307738973
                    ]
                },
                {
                    "type": "tuple",
                    "values": [
                        0.06912697718693,
                        0.07912627010864563
                    ]
                },
                {
                    "type": "tuple",
                    "values": [
                        -0.00778772595651,
                        0.0028755110445521444
                    ]
                },
                {
                    "type": "tuple",
                    "values": [
                        -0.0024861378320407725,
                        0.007898753486434536
                    ]
                },
                {
                    "type": "tuple",
                    "values": [
                        -0.01052137115019873,
                        0.0065145742450139
                    ]
                },
                {
                    "type": "tuple",
                    "values": [
                        0.0029733972449765894,
                        0.01698720513774
                    ]
                }
            ]
        },
        "max_log_likelihood_sample": {
            "type": "instance",
            "class_path": "autofit.non_linear.samples.sample.Sample",
            "arguments": {
                "log_likelihood": -19.849261837129042,
                "log_prior": 0.0,
                "weight": 0.0010163185646317361,
                "kwargs": {
                    "type": "dict",
                    "arguments": {
                        "ellipses.0.ell_comps.ell_comps_0": -0.02001435309648,
                        "ellipses.0.ell_comps.ell_comps_1": 0.07793984255322,
                        "multipoles.0.multipole_3.multipole_comps.multipole_comps_0": -0.00125625711575,
                        "multipoles.0.multipole_3.multipole_comps.multipole_comps_1": 0.00064163811851,
                        "multipoles.0.multipole_4.multipole_comps.multipole_comps_0": -0.0076849573759,
                        "multipoles.0.multipole_4.multipole_comps.multipole_comps_1": 0.00718063633128
                    }
                }
            }
        },
        "model": null,
        "errors_at_sigma_3": {
            "type": "list",
            "values": [
                {
                    "type": "tuple",
                    "values": [
                        0.012505337146835667,
                        0.012371189849688845
                    ]
                },
                {
                    "type": "tuple",
                    "values": [
                        0.015726972458313337,
                        0.013349906800093181
                    ]
                },
                {
                    "type": "tuple",
                    "values": [
                        0.015403917864099347,
                        0.016277585388981896
                    ]
                },
                {
                    "type": "tuple",
                    "values": [
                        0.01715694397982365,
                        0.016946694794175838
                    ]
                },
                {
                    "type": "tuple",
                    "values": [
                        0.023996365974040215,
                        0.02280909121468
                    ]
                },
                {
                    "type": "tuple",
                    "values": [
                        0.02269913595733,
                        0.023083246742162673
                    ]
                }
            ]
        }
    }
}