{
    "type": "instance",
    "class_path": "autofit.non_linear.samples.summary.SamplesSummary",
    "arguments": {
        "errors_at_sigma_1": {
            "type": "list",
            "values": [
                {
                    "type": "tuple",
                    "values": [
                        0.017292320109004142,
                        0.02116678969447854
                    ]
                },
                {
                    "type": "tuple",
                    "values": [
                        0.03128324366544137,
                        0.03395211473899602
                    ]
                },
                {
                    "type": "tuple",
                    "values": [
                        0.027127665925982893,
                        0.030166936165808993
                    ]
                },
                {
                    "type": "tuple",
                    "values": [
                        0.10735972277981058,
                        0.04947267268602416
                    ]
                },
                {
                    "type": "tuple",
                    "values": [
                        0.03902267220134636,
                        0.03802488350797
                    ]
                },
                {
                    "type": "tuple",
                    "values": [
                        0.03175180296189273,
                        0.03351052753059579
                    ]
                },
                {
                    "type": "tuple",
                    "values": [
                        0.0367959222638302,
                        0.04236875144008698
                    ]
                },
                {
                    "type": "tuple",
                    "values": [
                        0.02470831979816,
                        0.029817398151860623
                    ]
                }
            ]
        },
        "values_at_sigma_1": {
            "type": "list",
            "values": [
                {
                    "type": "tuple",
                    "values": [
                        -0.04257491553372268,
                        -0.00411580573024
                    ]
                },
                {
                    "type": "tuple",
                    "values": [
                        -0.04680445524619318,
                        0.018430903158244215
                    ]
                },
                {
                    "type": "tuple",
                    "values": [
                        -0.007686487853222894,
                        0.04960811423856899
                    ]
                },
                {
                    "type": "tuple",
                    "values": [
                        -0.08270061756026,
                        0.07413177790557475
                    ]
                },
                {
                    "type": "tuple",
                    "values": [
                        -0.01830038751737636,
                        0.05874716819194
                    ]
                },
                {
                    "type": "tuple",
                    "values": [
                        -0.04770591131330273,
                        0.017556419179185788
                    ]
                },
                {
                    "type": "tuple",
                    "values": [
                        -0.04267989654908,
                        0.036484777154837174
                    ]
                },
                {
                    "type": "tuple",
                    "values": [
                        -0.02257838778874,
                        0.031947330161280624
                    ]
                }
            ]
        },
        "values_at_sigma_3": {
            "type": "list",
            "values": [
                {
                    "type": "tuple",
                    "values": [
                        -0.11567125928449,
                        0.04049734260995
                    ]
                },
                {
                    "type": "tuple",
                    "values": [
                        -0.10487160894683313,
                        0.07539953659237456
                    ]
                },
                {
                    "type": "tuple",
                    "values": [
                        -0.05915575564814025,
                        0.13340866830810932
                    ]
                },
                {
                    "type": "tuple",
                    "values": [
                        -0.141983050049323,
                        0.14511125039928294
                    ]
                },
                {
                    "type": "tuple",
                    "values": [
                        -0.07697799713545,
                        0.09431786231806116
                    ]
                },
                {
                    "type": "tuple",
                    "values": [
                        -0.0979722022878,
                        0.09405677138867681
                    ]
                },
                {
                    "type": "tuple",
                    "values": [
                        -0.09713930723462978,
                        0.08631232066988
                    ]
                },
                {
                    "type": "tuple",
                    "values": [
                        -0.08717330739142357,
                        0.0914563537114
                    ]
                }
            ]
        },
        "model": null,
        "max_log_likelihood_sample": {
            "type": "instance",
            "class_path": "autofit.non_linear.samples.sample.Sample",
            "arguments": {
                "log_likelihood": -9.763361720412654,
                "log_prior": 0.0,
                "weight": 0.0009715644691590251,
                "kwargs": {
                    "type": "dict",
                    "arguments": {
                        "ellipses.0.ell_comps.ell_comps_0": -0.0291075807906,
                        "ellipses.0.ell_comps.ell_comps_1": -0.01878583699989,
                        "multipoles.0.multipole_1.multipole_comps.multipole_comps_0": 0.03908525607098,
                        "multipoles.0.multipole_1.multipole_comps.multipole_comps_1": 0.05831081653145,
                        "multipoles.0.multipole_3.multipole_comps.multipole_comps_0": 3.548453074e-05,
                        "multipoles.0.multipole_3.multipole_comps.multipole_comps_1": 0.00435332615779,
                        "multipoles.0.multipole_4.multipole_comps.multipole_comps_0": 0.01344212286701,
                        "multipoles.0.multipole_4.multipole_comps.multipole_comps_1": 0.01623477910215
                    }
                }
            }
        },
        "log_evidence": -24.238912013637055,
        "median_pdf_sample": {
            "type": "instance",
            "class_path": "autofit.non_linear.samples.sample.Sample",
            "arguments": {
                "log_likelihood": -9.763361720412654,
                "log_prior": 0.0,
                "weight": 0.0009715644691590251,
                "kwargs": {
                    "type": "dict",
                    "arguments": {
                        "ellipses.0.ell_comps.ell_comps_0": -0.02528259542471854,
                        "ellipses.0.ell_comps.ell_comps_1": -0.015521211580751804,
                        "multipoles.0.multipole_1.multipole_comps.multipole_comps_0": 0.01944117807276,
                        "multipoles.0.multipole_1.multipole_comps.multipole_comps_1": 0.024659105219550583,
                        "multipoles.0.multipole_3.multipole_comps.multipole_comps_0": 0.02072228468397,
                        "multipoles.0.multipole_3.multipole_comps.multipole_comps_1": -0.01595410835141,
                        "multipoles.0.multipole_4.multipole_comps.multipole_comps_0": -0.0058839742852498,
                        "multipoles.0.multipole_4.multipole_comps.multipole_comps_1": 0.00212993200942
                    }
                }
            }
        },
        "errors_at_sigma_3": {
            "type": "list",
            "values": [
                {
                    "type": "tuple",
                    "values": [
                        0.09038866385977146,
                        0.06577993803466854
                    ]
                },
                {
                    "type": "tuple",
                    "values": [
                        0.08935039736608133,
                        0.09092074817312636
                    ]
                },
                {
                    "type": "tuple",
                    "values": [
                        0.07859693372090025,
                        0.11396749023534933
                    ]
                },
                {
                    "type": "tuple",
                    "values": [
                        0.16664215526887358,
                        0.12045214517973235
                    ]
                },
                {
                    "type": "tuple",
                    "values": [
                        0.09770028181942,
                        0.07359557763409116
                    ]
                },
                {
                    "type": "tuple",
                    "values": [
                        0.08201809393639001,
                        0.1100108797400868
                    ]
                },
                {
                    "type": "tuple",
                    "values": [
                        0.09125533294937999,
                        0.09219629495512979
                    ]
                },
                {
                    "type": "tuple",
                    "values": [
                        0.08930323940084356,
                        0.08932642170198
                    ]
                }
            ]
        }
    }
}