{
    "type": "instance",
    "class_path": "autofit.non_linear.samples.summary.SamplesSummary",
    "arguments": {
        "model": null,
        "log_evidence": -24.482300823391906,
        "values_at_sigma_3": {
            "type": "list",
            "values": [
                {
                    "type": "tuple",
                    "values": [
                        -0.07664420868924636,
                        0.06162557067695
                    ]
                },
                {
                    "type": "tuple",
                    "values": [
                        -0.1086991039266848,
                        0.10672973639752036
                    ]
                },
                {
                    "type": "tuple",
                    "values": [
                        -0.11180887443668476,
                        0.10774651376449454
                    ]
                },
                {
                    "type": "tuple",
                    "values": [
                        -0.1689726275847,
                        0.15029241631129
                    ]
                },
                {
                    "type": "tuple",
                    "values": [
                        -0.0993396396342,
                        0.09003480567915
                    ]
                },
                {
                    "type": "tuple",
                    "values": [
                        -0.09863728557024,
                        0.09699516960165
                    ]
                },
                {
                    "type": "tuple",
                    "values": [
                        -0.09132237843875522,
                        0.09623021907114741
                    ]
                },
                {
                    "type": "tuple",
                    "values": [
                        -0.09803756311644,
                        0.09720116461271035
                    ]
                }
            ]
        },
        "median_pdf_sample": {
            "type": "instance",
            "class_path": "autofit.non_linear.samples.sample.Sample",
            "arguments": {
                "log_likelihood": -9.187576984794116,
                "log_prior": 0.0,
                "weight": 0.0009905649784240202,
                "kwargs": {
                    "type": "dict",
                    "arguments": {
                        "ellipses.0.ell_comps.ell_comps_0": -0.012697431390957694,
                        "ellipses.0.ell_comps.ell_comps_1": 0.028752485571837943,
                        "multipoles.0.multipole_1.multipole_comps.multipole_comps_0": 0.00850414951679,
                        "multipoles.0.multipole_1.multipole_comps.multipole_comps_1": 0.03431274291855883,
                        "multipoles.0.multipole_3.multipole_comps.multipole_comps_0": -0.02286556799097,
                        "multipoles.0.multipole_3.multipole_comps.multipole_comps_1": -0.03574277374517,
                        "multipoles.0.multipole_4.multipole_comps.multipole_comps_0": 0.010725180955328274,
                        "multipoles.0.multipole_4.multipole_comps.multipole_comps_1": -0.00060338323474
                    }
                }
            }
        },
        "errors_at_sigma_3": {
            "type": "list",
            "values": [
                {
                    "type": "tuple",
                    "values": [
                        0.06394677729828867,
                        0.07432300206790769
                    ]
                },
                {
                    "type": "tuple",
                    "values": [
                        0.13745158949852274,
                        0.07797725082568241
                    ]
                },
                {
                    "type": "tuple",
                    "values": [
                        0.12031302395347476,
                        0.09924236424770454
                    ]
                },
                {
                    "type": "tuple",
                    "values": [
                        0.20328537050325884,
                        0.11597967339273117
                    ]
                },
                {
                    "type": "tuple",
                    "values": [
                        0.07647407164323,
                        0.11290037367012
                    ]
                },
                {
                    "type": "tuple",
                    "values": [
                        0.06289451182507,
                        0.13273794334682
                    ]
                },
                {
                    "type": "tuple",
                    "values": [
                        0.1020475593940835,
                        0.08550503811581914
                    ]
                },
                {
                    "type": "tuple",
                    "values": [
                        0.0974341798817,
                        0.09780454784745035
                    ]
                }
            ]
        },
        "values_at_sigma_1": {
            "type": "list",
            "values": [
                {
                    "type": "tuple",
                    "values": [
                        -0.032541435852008596,
                        0.017366176276191983
                    ]
                },
                {
                    "type": "tuple",
                    "values": [
                        -0.01334884726426292,
                        0.05349990277071396
                    ]
                },
                {
                    "type": "tuple",
                    "values": [
                        -0.02640178632048425,
                        0.0527147128675272
                    ]
                },
                {
                    "type": "tuple",
                    "values": [
                        -0.02411031851407,
                        0.06837823641633922
                    ]
                },
                {
                    "type": "tuple",
                    "values": [
                        -0.07661428228898,
                        0.02944878261467
                    ]
                },
                {
                    "type": "tuple",
                    "values": [
                        -0.06968735327298,
                        0.02063545146392
                    ]
                },
                {
                    "type": "tuple",
                    "values": [
                        -0.0329726778606707,
                        0.06401783525903333
                    ]
                },
                {
                    "type": "tuple",
                    "values": [
                        -0.06884529514600678,
                        0.03571058696963
                    ]
                }
            ]
        },
        "max_log_likelihood_sample": {
            "type": "instance",
            "class_path": "autofit.non_linear.samples.sample.Sample",
            "arguments": {
                "log_likelihood": -9.187576984794116,
                "log_prior": 0.0,
                "weight": 0.0009905649784240202,
                "kwargs": {
                    "type": "dict",
                    "arguments": {
                        "ellipses.0.ell_comps.ell_comps_0": -0.03546784146962,
                        "ellipses.0.ell_comps.ell_comps_1": 0.04786878045025,
                        "multipoles.0.multipole_1.multipole_comps.multipole_comps_0": 0.03259096024812,
                        "multipoles.0.multipole_1.multipole_comps.multipole_comps_1": 0.06811440338115,
                        "multipoles.0.multipole_3.multipole_comps.multipole_comps_0": -0.08478036799701,
                        "multipoles.0.multipole_3.multipole_comps.multipole_comps_1": -0.08440841293859,
                        "multipoles.0.multipole_4.multipole_comps.multipole_comps_0": -0.01620800485979,
                        "multipoles.0.multipole_4.multipole_comps.multipole_comps_1": 0.00325734347005
                    }
                }
            }
        },
        "errors_at_sigma_1": {
            "type": "list",
            "values": [
                {
                    "type": "tuple",
                    "values": [
                        0.019844004461050904,
                        0.030063607667149675
                    ]
                },
                {
                    "type": "tuple",
                    "values": [
                        0.04210133283610086,
                        0.024747417198876017
                    ]
                },
                {
                    "type": "tuple",
                    "values": [
                        0.03490593583727425,
                        0.0442105633507372
                    ]
                },
                {
                    "type": "tuple",
                    "values": [
                        0.058423061432628834,
                        0.03406549349778039
                    ]
                },
                {
                    "type": "tuple",
                    "values": [
                        0.053748714298009995,
                        0.05231435060564
                    ]
                },
                {
                    "type": "tuple",
                    "values": [
                        0.03394457952780999,
                        0.05637822520909
                    ]
                },
                {
                    "type": "tuple",
                    "values": [
                        0.043697858815998976,
                        0.053292654303705056
                    ]
                },
                {
                    "type": "tuple",
                    "values": [
                        0.06824191191126677,
                        0.036313970204369994
                    ]
                }
            ]
        }
    }
}