{
    "type": "instance",
    "class_path": "autofit.non_linear.samples.summary.SamplesSummary",
    "arguments": {
        "median_pdf_sample": {
            "type": "instance",
            "class_path": "autofit.non_linear.samples.sample.Sample",
            "arguments": {
                "log_likelihood": -19.46190370934801,
                "log_prior": 0.0,
                "weight": 0.0010217185122613618,
                "kwargs": {
                    "type": "dict",
                    "arguments": {
                        "ellipses.0.ell_comps.ell_comps_0": -0.023220650284282593,
                        "ellipses.0.ell_comps.ell_comps_1": -0.11445107118251932,
                        "multipoles.0.multipole_3.multipole_comps.multipole_comps_0": -7.594141457552598e-05,
                        "multipoles.0.multipole_3.multipole_comps.multipole_comps_1": 0.007575866642434949,
                        "multipoles.0.multipole_4.multipole_comps.multipole_comps_0": 0.0015964010660376828,
                        "multipoles.0.multipole_4.multipole_comps.multipole_comps_1": 0.00026482054388265314
                    }
                }
            }
        },
        "errors_at_sigma_3": {
            "type": "list",
            "values": [
                {
                    "type": "tuple",
                    "values": [
                        0.012228176079699206,
                        0.012528109196196374
                    ]
                },
                {
                    "type": "tuple",
                    "values": [
                        0.011740949745100676,
                        0.015178294316339325
                    ]
                },
                {
                    "type": "tuple",
                    "values": [
                        0.008130158502110236,
                        0.007598489044356821
                    ]
                },
                {
                    "type": "tuple",
                    "values": [
                        0.008230333886394948,
                        0.008616149429145101
                    ]
                },
                {
                    "type": "tuple",
                    "values": [
                        0.010743486848847683,
                        0.012329193062862316
                    ]
                },
                {
                    "type": "tuple",
                    "values": [
                        0.012436839879912653,
                        0.011407699354392844
                    ]
                }
            ]
        },
        "log_evidence": -42.46436700414483,
        "values_at_sigma_3": {
            "type": "list",
            "values": [
                {
                    "type": "tuple",
                    "values": [
                        -0.0354488263639818,
                        -0.010692541088086219
                    ]
                },
                {
                    "type": "tuple",
                    "values": [
                        -0.12619202092762,
                        -0.09927277686618
                    ]
                },
                {
                    "type": "tuple",
                    "values": [
                        -0.008206099916685762,
                        0.007522547629781295
                    ]
                },
                {
                    "type": "tuple",
                    "values": [
                        -0.00065446724396,
                        0.01619201607158005
                    ]
                },
                {
                    "type": "tuple",
                    "values": [
                        -0.00914708578281,
                        0.0139255941289
                    ]
                },
                {
                    "type": "tuple",
                    "values": [
                        -0.01217201933603,
                        0.011672519898275497
                    ]
                }
            ]
        },
        "max_log_likelihood_sample": {
            "type": "instance",
            "class_path": "autofit.non_linear.samples.sample.Sample",
            "arguments": {
                "log_likelihood": -19.46190370934801,
                "log_prior": 0.0,
                "weight": 0.0010217185122613618,
                "kwargs": {
                    "type": "dict",
                    "arguments": {
                        "ellipses.0.ell_comps.ell_comps_0": -0.02515499733991,
                        "ellipses.0.ell_comps.ell_comps_1": -0.11485110106326,
                        "multipoles.0.multipole_3.multipole_comps.multipole_comps_0": -0.00052435147876,
                        "multipoles.0.multipole_3.multipole_comps.multipole_comps_1": 0.00685984877254,
                        "multipoles.0.multipole_4.multipole_comps.multipole_comps_0": 0.00220601776122,
                        "multipoles.0.multipole_4.multipole_comps.multipole_comps_1": 0.00231899327888
                    }
                }
            }
        },
        "values_at_sigma_1": {
            "type": "list",
            "values": [
                {
                    "type": "tuple",
                    "values": [
                        -0.02674145965264,
                        -0.01918060957671402
                    ]
                },
                {
                    "type": "tuple",
                    "values": [
                        -0.11856409306718,
                        -0.10929789912915
                    ]
                },
                {
                    "type": "tuple",
                    "values": [
                        -0.0028413819574261098,
                        0.0028627290774678113
                    ]
                },
                {
                    "type": "tuple",
                    "values": [
                        0.004709486923233795,
                        0.01040577434836
                    ]
                },
                {
                    "type": "tuple",
                    "values": [
                        -0.00223896363912,
                        0.004839548745584706
                    ]
                },
                {
                    "type": "tuple",
                    "values": [
                        -0.00320884226745299,
                        0.0040703048669569804
                    ]
                }
            ]
        },
        "errors_at_sigma_1": {
            "type": "list",
            "values": [
                {
                    "type": "tuple",
                    "values": [
                        0.003520809368357407,
                        0.004040040707568571
                    ]
                },
                {
                    "type": "tuple",
                    "values": [
                        0.0041130218846606725,
                        0.00515317205336932
                    ]
                },
                {
                    "type": "tuple",
                    "values": [
                        0.002765440542850584,
                        0.0029386704920433375
                    ]
                },
                {
                    "type": "tuple",
                    "values": [
                        0.002866379719201154,
                        0.0028299077059250515
                    ]
                },
                {
                    "type": "tuple",
                    "values": [
                        0.003835364705157683,
                        0.003243147679547023
                    ]
                },
                {
                    "type": "tuple",
                    "values": [
                        0.003473662811335643,
                        0.0038054843230743273
                    ]
                }
            ]
        },
        "model": null
    }
}