{
    "type": "instance",
    "class_path": "autofit.non_linear.samples.summary.SamplesSummary",
    "arguments": {
        "values_at_sigma_3": {
            "type": "list",
            "values": [
                {
                    "type": "tuple",
                    "values": [
                        -0.10270503746911103,
                        -0.008926591656555825
                    ]
                },
                {
                    "type": "tuple",
                    "values": [
                        -0.11688835310341,
                        -0.023125737725481182
                    ]
                }
            ]
        },
        "errors_at_sigma_3": {
            "type": "list",
            "values": [
                {
                    "type": "tuple",
                    "values": [
                        0.06484370958942028,
                        0.028934736223134926
                    ]
                },
                {
                    "type": "tuple",
                    "values": [
                        0.045022833460315964,
                        0.04873978191761286
                    ]
                }
            ]
        },
        "values_at_sigma_1": {
            "type": "list",
            "values": [
                {
                    "type": "tuple",
                    "values": [
                        -0.08697668996619747,
                        -0.02963898868952
                    ]
                },
                {
                    "type": "tuple",
                    "values": [
                        -0.0806208290479049,
                        -0.06647862964011
                    ]
                }
            ]
        },
        "errors_at_sigma_1": {
            "type": "list",
            "values": [
                {
                    "type": "tuple",
                    "values": [
                        0.049115362086506714,
                        0.00822233919017075
                    ]
                },
                {
                    "type": "tuple",
                    "values": [
                        0.008755309404810854,
                        0.005386890002984035
                    ]
                }
            ]
        },
        "log_evidence": -40.77020547565532,
        "max_log_likelihood_sample": {
            "type": "instance",
            "class_path": "autofit.non_linear.samples.sample.Sample",
            "arguments": {
                "log_likelihood": -31.060452329361524,
                "log_prior": 0.0,
                "weight": 0.0010010385605983471,
                "kwargs": {
                    "type": "dict",
                    "arguments": {
                        "ellipses.0.ell_comps.ell_comps_0": -0.03299665047355,
                        "ellipses.0.ell_comps.ell_comps_1": -0.07032319351012
                    }
                }
            }
        },
        "model": null,
        "median_pdf_sample": {
            "type": "instance",
            "class_path": "autofit.non_linear.samples.sample.Sample",
            "arguments": {
                "log_likelihood": -31.060452329361524,
                "log_prior": 0.0,
                "weight": 0.0010010385605983471,
                "kwargs": {
                    "type": "dict",
                    "arguments": {
                        "ellipses.0.ell_comps.ell_comps_0": -0.03786132787969075,
                        "ellipses.0.ell_comps.ell_comps_1": -0.07186551964309404
                    }
                }
            }
        }
    }
}