{
    "type": "instance",
    "class_path": "autofit.non_linear.samples.summary.SamplesSummary",
    "arguments": {
        "log_evidence": -57.20213626204519,
        "errors_at_sigma_1": {
            "type": "list",
            "values": [
                {
                    "type": "tuple",
                    "values": [
                        0.002219850401696699,
                        0.0020764280034197974
                    ]
                },
                {
                    "type": "tuple",
                    "values": [
                        0.0024661471287378556,
                        0.0013898490285993992
                    ]
                }
            ]
        },
        "values_at_sigma_1": {
            "type": "list",
            "values": [
                {
                    "type": "tuple",
                    "values": [
                        0.0862948768197377,
                        0.0905911552248542
                    ]
                },
                {
                    "type": "tuple",
                    "values": [
                        0.19352880364174274,
                        0.19738479979908
                    ]
                }
            ]
        },
        "values_at_sigma_3": {
            "type": "list",
            "values": [
                {
                    "type": "tuple",
                    "values": [
                        0.08125404889163738,
                        0.09414384639850408
                    ]
                },
                {
                    "type": "tuple",
                    "values": [
                        0.18885858246859,
                        0.20059456820223776
                    ]
                }
            ]
        },
        "errors_at_sigma_3": {
            "type": "list",
            "values": [
                {
                    "type": "tuple",
                    "values": [
                        0.007260678329797016,
                        0.00562911917706968
                    ]
                },
                {
                    "type": "tuple",
                    "values": [
                        0.0071363683018906,
                        0.004599617431757158
                    ]
                }
            ]
        },
        "max_log_likelihood_sample": {
            "type": "instance",
            "class_path": "autofit.non_linear.samples.sample.Sample",
            "arguments": {
                "log_likelihood": -45.55003673650299,
                "log_prior": 0.0,
                "weight": 0.0009892926078255897,
                "kwargs": {
                    "type": "dict",
                    "arguments": {
                        "ellipses.0.ell_comps.ell_comps_0": 0.0887349218453,
                        "ellipses.0.ell_comps.ell_comps_1": 0.19655191004089
                    }
                }
            }
        },
        "model": null,
        "median_pdf_sample": {
            "type": "instance",
            "class_path": "autofit.non_linear.samples.sample.Sample",
            "arguments": {
                "log_likelihood": -45.55003673650299,
                "log_prior": 0.0,
                "weight": 0.0009892926078255897,
                "kwargs": {
                    "type": "dict",
                    "arguments": {
                        "ellipses.0.ell_comps.ell_comps_0": 0.0885147272214344,
                        "ellipses.0.ell_comps.ell_comps_1": 0.1959949507704806
                    }
                }
            }
        }
    }
}