{
    "type": "instance",
    "class_path": "autofit.non_linear.samples.summary.SamplesSummary",
    "arguments": {
        "model": null,
        "values_at_sigma_1": {
            "type": "list",
            "values": [
                {
                    "type": "tuple",
                    "values": [
                        0.0055712089584344735,
                        0.027796731449574855
                    ]
                },
                {
                    "type": "tuple",
                    "values": [
                        -0.05398592393006,
                        -0.03569223051677948
                    ]
                },
                {
                    "type": "tuple",
                    "values": [
                        -0.02307975214364,
                        0.03340339278876
                    ]
                },
                {
                    "type": "tuple",
                    "values": [
                        -0.0290768770981382,
                        0.021366923901478707
                    ]
                },
                {
                    "type": "tuple",
                    "values": [
                        -0.020771069565361042,
                        0.048577657476747846
                    ]
                },
                {
                    "type": "tuple",
                    "values": [
                        -0.03671661885041203,
                        0.00720779171668
                    ]
                },
                {
                    "type": "tuple",
                    "values": [
                        -0.006814031824424024,
                        0.06156309649285
                    ]
                },
                {
                    "type": "tuple",
                    "values": [
                        -0.04011794705817674,
                        0.01054398475541
                    ]
                }
            ]
        },
        "log_evidence": -43.81859439915152,
        "errors_at_sigma_1": {
            "type": "list",
            "values": [
                {
                    "type": "tuple",
                    "values": [
                        0.012212307163605525,
                        0.010013215327534856
                    ]
                },
                {
                    "type": "tuple",
                    "values": [
                        0.008610392368679998,
                        0.009683301044600523
                    ]
                },
                {
                    "type": "tuple",
                    "values": [
                        0.0354443380325,
                        0.0210388068999
                    ]
                },
                {
                    "type": "tuple",
                    "values": [
                        0.0243511422428982,
                        0.026092658756718706
                    ]
                },
                {
                    "type": "tuple",
                    "values": [
                        0.04646460005426104,
                        0.022884126987847846
                    ]
                },
                {
                    "type": "tuple",
                    "values": [
                        0.02202590315739203,
                        0.0218985074097
                    ]
                },
                {
                    "type": "tuple",
                    "values": [
                        0.031926145322524024,
                        0.03645098299475
                    ]
                },
                {
                    "type": "tuple",
                    "values": [
                        0.026905369580010215,
                        0.023756562233576528
                    ]
                }
            ]
        },
        "values_at_sigma_3": {
            "type": "list",
            "values": [
                {
                    "type": "tuple",
                    "values": [
                        -0.0126862827519,
                        0.0421131380689649
                    ]
                },
                {
                    "type": "tuple",
                    "values": [
                        -0.08406567267973,
                        -0.01043440732051
                    ]
                },
                {
                    "type": "tuple",
                    "values": [
                        -0.08540105639715,
                        0.06683874999958521
                    ]
                },
                {
                    "type": "tuple",
                    "values": [
                        -0.08349887956048,
                        0.08350344697692656
                    ]
                },
                {
                    "type": "tuple",
                    "values": [
                        -0.09359586355555,
                        0.08514231373887311
                    ]
                },
                {
                    "type": "tuple",
                    "values": [
                        -0.08684771850629,
                        0.049461842194070946
                    ]
                },
                {
                    "type": "tuple",
                    "values": [
                        -0.08999077017125,
                        0.09900256643467
                    ]
                },
                {
                    "type": "tuple",
                    "values": [
                        -0.09523052695440391,
                        0.08408930157697
                    ]
                }
            ]
        },
        "errors_at_sigma_3": {
            "type": "list",
            "values": [
                {
                    "type": "tuple",
                    "values": [
                        0.03046979887394,
                        0.0243296219469249
                    ]
                },
                {
                    "type": "tuple",
                    "values": [
                        0.03869014111835,
                        0.03494112424087
                    ]
                },
                {
                    "type": "tuple",
                    "values": [
                        0.09776564228601,
                        0.05447416411072521
                    ]
                },
                {
                    "type": "tuple",
                    "values": [
                        0.07877314470524,
                        0.08822918183216656
                    ]
                },
                {
                    "type": "tuple",
                    "values": [
                        0.11928939404444999,
                        0.05944878324997312
                    ]
                },
                {
                    "type": "tuple",
                    "values": [
                        0.07215700281327,
                        0.06415255788709094
                    ]
                },
                {
                    "type": "tuple",
                    "values": [
                        0.11510288366935,
                        0.07389045293657
                    ]
                },
                {
                    "type": "tuple",
                    "values": [
                        0.08201794947623739,
                        0.09730187905513653
                    ]
                }
            ]
        },
        "median_pdf_sample": {
            "type": "instance",
            "class_path": "autofit.non_linear.samples.sample.Sample",
            "arguments": {
                "log_likelihood": -25.512685189270165,
                "log_prior": 0.0,
                "weight": 0.000951960053838688,
                "kwargs": {
                    "type": "dict",
                    "arguments": {
                        "ellipses.0.ell_comps.ell_comps_0": 0.01778351612204,
                        "ellipses.0.ell_comps.ell_comps_1": -0.04537553156138,
                        "multipoles.0.multipole_1.multipole_comps.multipole_comps_0": 0.01236458588886,
                        "multipoles.0.multipole_1.multipole_comps.multipole_comps_1": -0.00472573485524,
                        "multipoles.0.multipole_3.multipole_comps.multipole_comps_0": 0.0256935304889,
                        "multipoles.0.multipole_3.multipole_comps.multipole_comps_1": -0.01469071569302,
                        "multipoles.0.multipole_4.multipole_comps.multipole_comps_0": 0.0251121134981,
                        "multipoles.0.multipole_4.multipole_comps.multipole_comps_1": -0.013212577478166527
                    }
                }
            }
        },
        "max_log_likelihood_sample": {
            "type": "instance",
            "class_path": "autofit.non_linear.samples.sample.Sample",
            "arguments": {
                "log_likelihood": -25.512685189270165,
                "log_prior": 0.0,
                "weight": 0.000951960053838688,
                "kwargs": {
                    "type": "dict",
                    "arguments": {
                        "ellipses.0.ell_comps.ell_comps_0": 0.01615537235646,
                        "ellipses.0.ell_comps.ell_comps_1": -0.05606201304996,
                        "multipoles.0.multipole_1.multipole_comps.multipole_comps_0": 0.02208208265309,
                        "multipoles.0.multipole_1.multipole_comps.multipole_comps_1": -0.00177643382965,
                        "multipoles.0.multipole_3.multipole_comps.multipole_comps_0": 0.05191611987151,
                        "multipoles.0.multipole_3.multipole_comps.multipole_comps_1": -0.02371990105367,
                        "multipoles.0.multipole_4.multipole_comps.multipole_comps_0": 0.03673958176289,
                        "multipoles.0.multipole_4.multipole_comps.multipole_comps_1": -0.00307372051135
                    }
                }
            }
        }
    }
}