{
    "type": "instance",
    "class_path": "autofit.non_linear.samples.summary.SamplesSummary",
    "arguments": {
        "values_at_sigma_1": {
            "type": "list",
            "values": [
                {
                    "type": "tuple",
                    "values": [
                        -0.06110146320556,
                        0.00495660595132
                    ]
                },
                {
                    "type": "tuple",
                    "values": [
                        0.00458977181056,
                        0.0531364471805611
                    ]
                },
                {
                    "type": "tuple",
                    "values": [
                        -0.0008539750615843123,
                        0.0503775039326671
                    ]
                },
                {
                    "type": "tuple",
                    "values": [
                        -0.05064820591843819,
                        0.03408401973271531
                    ]
                },
                {
                    "type": "tuple",
                    "values": [
                        -0.06460637914189532,
                        0.01413338229829
                    ]
                },
                {
                    "type": "tuple",
                    "values": [
                        -0.057804003547,
                        0.026748510629255682
                    ]
                }
            ]
        },
        "errors_at_sigma_1": {
            "type": "list",
            "values": [
                {
                    "type": "tuple",
                    "values": [
                        0.03545878623141,
                        0.03059928292547
                    ]
                },
                {
                    "type": "tuple",
                    "values": [
                        0.02128113117847,
                        0.027265544191531096
                    ]
                },
                {
                    "type": "tuple",
                    "values": [
                        0.02806906203815735,
                        0.023162416956094063
                    ]
                },
                {
                    "type": "tuple",
                    "values": [
                        0.04911327495714848,
                        0.035618950694005024
                    ]
                },
                {
                    "type": "tuple",
                    "values": [
                        0.03856745145140062,
                        0.040172309988784696
                    ]
                },
                {
                    "type": "tuple",
                    "values": [
                        0.041929345768920004,
                        0.04262316840733568
                    ]
                }
            ]
        },
        "errors_at_sigma_3": {
            "type": "list",
            "values": [
                {
                    "type": "tuple",
                    "values": [
                        0.07669256918967483,
                        0.07603482317375
                    ]
                },
                {
                    "type": "tuple",
                    "values": [
                        0.06545699479287591,
                        0.05274327042251001
                    ]
                },
                {
                    "type": "tuple",
                    "values": [
                        0.08747398048948002,
                        0.05279592322422696
                    ]
                },
                {
                    "type": "tuple",
                    "values": [
                        0.07856822781818028,
                        0.0721983435842873
                    ]
                },
                {
                    "type": "tuple",
                    "values": [
                        0.0552313312945053,
                        0.1185851453182947
                    ]
                },
                {
                    "type": "tuple",
                    "values": [
                        0.06649593859401999,
                        0.0792210209530231
                    ]
                }
            ]
        },
        "max_log_likelihood_sample": {
            "type": "instance",
            "class_path": "autofit.non_linear.samples.sample.Sample",
            "arguments": {
                "log_likelihood": -11.909554992541638,
                "log_prior": 0.0,
                "weight": 0.0010154976234519376,
                "kwargs": {
                    "type": "dict",
                    "arguments": {
                        "ellipses.0.ell_comps.ell_comps_0": -0.05127521773974,
                        "ellipses.0.ell_comps.ell_comps_1": 0.04029361634015,
                        "multipoles.0.multipole_3.multipole_comps.multipole_comps_0": 0.01174254847134,
                        "multipoles.0.multipole_3.multipole_comps.multipole_comps_1": -0.0541382518097,
                        "multipoles.0.multipole_4.multipole_comps.multipole_comps_0": -0.03194897173567,
                        "multipoles.0.multipole_4.multipole_comps.multipole_comps_1": 0.04161297292653
                    }
                }
            }
        },
        "median_pdf_sample": {
            "type": "instance",
            "class_path": "autofit.non_linear.samples.sample.Sample",
            "arguments": {
                "log_likelihood": -11.909554992541638,
                "log_prior": 0.0,
                "weight": 0.0010154976234519376,
                "kwargs": {
                    "type": "dict",
                    "arguments": {
                        "ellipses.0.ell_comps.ell_comps_0": -0.02564267697415,
                        "ellipses.0.ell_comps.ell_comps_1": 0.02587090298903,
                        "multipoles.0.multipole_3.multipole_comps.multipole_comps_0": 0.027215086976573037,
                        "multipoles.0.multipole_3.multipole_comps.multipole_comps_1": -0.0015349309612897122,
                        "multipoles.0.multipole_4.multipole_comps.multipole_comps_0": -0.0260389276904947,
                        "multipoles.0.multipole_4.multipole_comps.multipole_comps_1": -0.01587465777808
                    }
                }
            }
        },
        "values_at_sigma_3": {
            "type": "list",
            "values": [
                {
                    "type": "tuple",
                    "values": [
                        -0.10233524616382483,
                        0.0503921461996
                    ]
                },
                {
                    "type": "tuple",
                    "values": [
                        -0.0395860918038459,
                        0.07861417341154
                    ]
                },
                {
                    "type": "tuple",
                    "values": [
                        -0.06025889351290699,
                        0.0800110102008
                    ]
                },
                {
                    "type": "tuple",
                    "values": [
                        -0.08010315877947,
                        0.07066341262299758
                    ]
                },
                {
                    "type": "tuple",
                    "values": [
                        -0.081270258985,
                        0.0925462176278
                    ]
                },
                {
                    "type": "tuple",
                    "values": [
                        -0.0823705963721,
                        0.06334636317494309
                    ]
                }
            ]
        },
        "log_evidence": -25.26858616106749,
        "model": null
    }
}