{
    "type": "instance",
    "class_path": "autofit.non_linear.samples.summary.SamplesSummary",
    "arguments": {
        "median_pdf_sample": {
            "type": "instance",
            "class_path": "autofit.non_linear.samples.sample.Sample",
            "arguments": {
                "log_likelihood": -30.46332506043443,
                "log_prior": 0.0,
                "weight": 0.0009648411714663783,
                "kwargs": {
                    "type": "dict",
                    "arguments": {
                        "ellipses.0.ell_comps.ell_comps_0": -0.02973643016701,
                        "ellipses.0.ell_comps.ell_comps_1": 0.060981743304566995,
                        "multipoles.0.multipole_3.multipole_comps.multipole_comps_0": -0.00841828033169,
                        "multipoles.0.multipole_3.multipole_comps.multipole_comps_1": -0.000985785816814673,
                        "multipoles.0.multipole_4.multipole_comps.multipole_comps_0": 0.0041063692223639306,
                        "multipoles.0.multipole_4.multipole_comps.multipole_comps_1": 0.01027814123018428
                    }
                }
            }
        },
        "log_evidence": -49.12281227824707,
        "errors_at_sigma_1": {
            "type": "list",
            "values": [
                {
                    "type": "tuple",
                    "values": [
                        0.005323136525202849,
                        0.0056788207963299996
                    ]
                },
                {
                    "type": "tuple",
                    "values": [
                        0.006242916393216995,
                        0.004777907347809883
                    ]
                },
                {
                    "type": "tuple",
                    "values": [
                        0.006265474571551568,
                        0.0073422217232895284
                    ]
                },
                {
                    "type": "tuple",
                    "values": [
                        0.008183953526633083,
                        0.007844488547854737
                    ]
                },
                {
                    "type": "tuple",
                    "values": [
                        0.00983125728381393,
                        0.011479835746996975
                    ]
                },
                {
                    "type": "tuple",
                    "values": [
                        0.011926567371038631,
                        0.015045695286635718
                    ]
                }
            ]
        },
        "values_at_sigma_3": {
            "type": "list",
            "values": [
                {
                    "type": "tuple",
                    "values": [
                        -0.04583431565909685,
                        -0.012230875662853856
                    ]
                },
                {
                    "type": "tuple",
                    "values": [
                        0.04448526274213,
                        0.0773051784271528
                    ]
                },
                {
                    "type": "tuple",
                    "values": [
                        -0.0285018356635,
                        0.01565746340592
                    ]
                },
                {
                    "type": "tuple",
                    "values": [
                        -0.023202523088696365,
                        0.019032290225476527
                    ]
                },
                {
                    "type": "tuple",
                    "values": [
                        -0.02911611983166,
                        0.03788749609668942
                    ]
                },
                {
                    "type": "tuple",
                    "values": [
                        -0.02595493540542,
                        0.04595871450335642
                    ]
                }
            ]
        },
        "values_at_sigma_1": {
            "type": "list",
            "values": [
                {
                    "type": "tuple",
                    "values": [
                        -0.03505956669221285,
                        -0.02405760937068
                    ]
                },
                {
                    "type": "tuple",
                    "values": [
                        0.05473882691135,
                        0.06575965065237688
                    ]
                },
                {
                    "type": "tuple",
                    "values": [
                        -0.014683754903241569,
                        -0.0010760586084004717
                    ]
                },
                {
                    "type": "tuple",
                    "values": [
                        -0.009169739343447756,
                        0.006858702731040065
                    ]
                },
                {
                    "type": "tuple",
                    "values": [
                        -0.00572488806145,
                        0.015586204969360905
                    ]
                },
                {
                    "type": "tuple",
                    "values": [
                        -0.0016484261408543498,
                        0.02532383651682
                    ]
                }
            ]
        },
        "max_log_likelihood_sample": {
            "type": "instance",
            "class_path": "autofit.non_linear.samples.sample.Sample",
            "arguments": {
                "log_likelihood": -30.46332506043443,
                "log_prior": 0.0,
                "weight": 0.0009648411714663783,
                "kwargs": {
                    "type": "dict",
                    "arguments": {
                        "ellipses.0.ell_comps.ell_comps_0": -0.0322194646664,
                        "ellipses.0.ell_comps.ell_comps_1": 0.063581544423,
                        "multipoles.0.multipole_3.multipole_comps.multipole_comps_0": -0.00401084355588,
                        "multipoles.0.multipole_3.multipole_comps.multipole_comps_1": 0.00174476173765,
                        "multipoles.0.multipole_4.multipole_comps.multipole_comps_0": 0.00317004360606,
                        "multipoles.0.multipole_4.multipole_comps.multipole_comps_1": 0.00494081546076
                    }
                }
            }
        },
        "model": null,
        "errors_at_sigma_3": {
            "type": "list",
            "values": [
                {
                    "type": "tuple",
                    "values": [
                        0.016097885492086846,
                        0.017505554504156147
                    ]
                },
                {
                    "type": "tuple",
                    "values": [
                        0.016496480562436994,
                        0.016323435122585807
                    ]
                },
                {
                    "type": "tuple",
                    "values": [
                        0.02008355533181,
                        0.024075743737609998
                    ]
                },
                {
                    "type": "tuple",
                    "values": [
                        0.02221673727188169,
                        0.0200180760422912
                    ]
                },
                {
                    "type": "tuple",
                    "values": [
                        0.03322248905402393,
                        0.03378112687432549
                    ]
                },
                {
                    "type": "tuple",
                    "values": [
                        0.03623307663560428,
                        0.03568057327317214
                    ]
                }
            ]
        }
    }
}