{
    "type": "instance",
    "class_path": "autofit.non_linear.samples.summary.SamplesSummary",
    "arguments": {
        "errors_at_sigma_1": {
            "type": "list",
            "values": [
                {
                    "type": "tuple",
                    "values": [
                        0.001972677766916009,
                        0.0014315589121900035
                    ]
                },
                {
                    "type": "tuple",
                    "values": [
                        0.002200332233823904,
                        0.0018846671811236365
                    ]
                }
            ]
        },
        "errors_at_sigma_3": {
            "type": "list",
            "values": [
                {
                    "type": "tuple",
                    "values": [
                        0.005893978456233989,
                        0.005056249749309946
                    ]
                },
                {
                    "type": "tuple",
                    "values": [
                        0.006340190755896355,
                        0.005038678148623646
                    ]
                }
            ]
        },
        "max_log_likelihood_sample": {
            "type": "instance",
            "class_path": "autofit.non_linear.samples.sample.Sample",
            "arguments": {
                "log_likelihood": -75.75222985027682,
                "log_prior": 0.0,
                "weight": 0.0009828825740565647,
                "kwargs": {
                    "type": "dict",
                    "arguments": {
                        "ellipses.0.ell_comps.ell_comps_0": 0.08516285754895,
                        "ellipses.0.ell_comps.ell_comps_1": 0.11041357720691
                    }
                }
            }
        },
        "median_pdf_sample": {
            "type": "instance",
            "class_path": "autofit.non_linear.samples.sample.Sample",
            "arguments": {
                "log_likelihood": -75.75222985027682,
                "log_prior": 0.0,
                "weight": 0.0009828825740565647,
                "kwargs": {
                    "type": "dict",
                    "arguments": {
                        "ellipses.0.ell_comps.ell_comps_0": 0.0850407845907,
                        "ellipses.0.ell_comps.ell_comps_1": 0.10969633013259636
                    }
                }
            }
        },
        "values_at_sigma_1": {
            "type": "list",
            "values": [
                {
                    "type": "tuple",
                    "values": [
                        0.08306810682378399,
                        0.08647234350289
                    ]
                },
                {
                    "type": "tuple",
                    "values": [
                        0.10749599789877246,
                        0.11158099731372
                    ]
                }
            ]
        },
        "values_at_sigma_3": {
            "type": "list",
            "values": [
                {
                    "type": "tuple",
                    "values": [
                        0.07914680613446601,
                        0.09009703434000994
                    ]
                },
                {
                    "type": "tuple",
                    "values": [
                        0.1033561393767,
                        0.11473500828122
                    ]
                }
            ]
        },
        "log_evidence": -86.37135396229782,
        "model": null
    }
}