{
    "type": "instance",
    "class_path": "autofit.non_linear.samples.summary.SamplesSummary",
    "arguments": {
        "max_log_likelihood_sample": {
            "type": "instance",
            "class_path": "autofit.non_linear.samples.sample.Sample",
            "arguments": {
                "log_likelihood": -4.127484398518384,
                "log_prior": 0.0,
                "weight": 0.0010366894380487714,
                "kwargs": {
                    "type": "dict",
                    "arguments": {
                        "ellipses.0.ell_comps.ell_comps_0": 0.00890575185815,
                        "ellipses.0.ell_comps.ell_comps_1": 0.0946894971628,
                        "multipoles.0.multipole_1.multipole_comps.multipole_comps_0": -0.00061928534449,
                        "multipoles.0.multipole_1.multipole_comps.multipole_comps_1": 0.00103471551164,
                        "multipoles.0.multipole_3.multipole_comps.multipole_comps_0": -0.0006638490549,
                        "multipoles.0.multipole_3.multipole_comps.multipole_comps_1": 0.00082206172527,
                        "multipoles.0.multipole_4.multipole_comps.multipole_comps_0": -0.00071349405171,
                        "multipoles.0.multipole_4.multipole_comps.multipole_comps_1": 0.00062882804223
                    }
                }
            }
        },
        "model": null,
        "values_at_sigma_3": {
            "type": "list",
            "values": [
                {
                    "type": "tuple",
                    "values": [
                        -0.0009737397464919974,
                        0.01885623695116369
                    ]
                },
                {
                    "type": "tuple",
                    "values": [
                        0.08640102147919,
                        0.10468394157201
                    ]
                },
                {
                    "type": "tuple",
                    "values": [
                        -0.0038844767216325723,
                        0.00147265212035
                    ]
                },
                {
                    "type": "tuple",
                    "values": [
                        -0.0013182882503511432,
                        0.0035204252741525784
                    ]
                },
                {
                    "type": "tuple",
                    "values": [
                        -0.0043130060587,
                        0.002368450185043632
                    ]
                },
                {
                    "type": "tuple",
                    "values": [
                        -0.0012739651470276509,
                        0.0031593079628737127
                    ]
                },
                {
                    "type": "tuple",
                    "values": [
                        -0.00453516009424,
                        0.0017026414189464175
                    ]
                },
                {
                    "type": "tuple",
                    "values": [
                        -0.0026876292173116873,
                        0.00299157532874803
                    ]
                }
            ]
        },
        "median_pdf_sample": {
            "type": "instance",
            "class_path": "autofit.non_linear.samples.sample.Sample",
            "arguments": {
                "log_likelihood": -4.127484398518384,
                "log_prior": 0.0,
                "weight": 0.0010366894380487714,
                "kwargs": {
                    "type": "dict",
                    "arguments": {
                        "ellipses.0.ell_comps.ell_comps_0": 0.008507661187362146,
                        "ellipses.0.ell_comps.ell_comps_1": 0.09570223705331012,
                        "multipoles.0.multipole_1.multipole_comps.multipole_comps_0": -0.0010367920998866716,
                        "multipoles.0.multipole_1.multipole_comps.multipole_comps_1": 0.0010378765283214379,
                        "multipoles.0.multipole_3.multipole_comps.multipole_comps_0": -0.00073784828108,
                        "multipoles.0.multipole_3.multipole_comps.multipole_comps_1": 0.00086726645342,
                        "multipoles.0.multipole_4.multipole_comps.multipole_comps_0": -0.0008653004129107795,
                        "multipoles.0.multipole_4.multipole_comps.multipole_comps_1": 2.47942866e-06
                    }
                }
            }
        },
        "values_at_sigma_1": {
            "type": "list",
            "values": [
                {
                    "type": "tuple",
                    "values": [
                        0.00557540495109,
                        0.01192961809945322
                    ]
                },
                {
                    "type": "tuple",
                    "values": [
                        0.09260112968929685,
                        0.09856173551777
                    ]
                },
                {
                    "type": "tuple",
                    "values": [
                        -0.0019515927201683228,
                        -2.6066494246006756e-05
                    ]
                },
                {
                    "type": "tuple",
                    "values": [
                        6.376961494747931e-05,
                        0.001877915104387561
                    ]
                },
                {
                    "type": "tuple",
                    "values": [
                        -0.0017504606083011316,
                        0.00031002507137
                    ]
                },
                {
                    "type": "tuple",
                    "values": [
                        -5.9215574858449743e-05,
                        0.00172923714063
                    ]
                },
                {
                    "type": "tuple",
                    "values": [
                        -0.0018610301560576898,
                        4.391160066e-05
                    ]
                },
                {
                    "type": "tuple",
                    "values": [
                        -0.001072945158622504,
                        0.0010702448696437794
                    ]
                }
            ]
        },
        "errors_at_sigma_1": {
            "type": "list",
            "values": [
                {
                    "type": "tuple",
                    "values": [
                        0.0029322562362721462,
                        0.003421956912091073
                    ]
                },
                {
                    "type": "tuple",
                    "values": [
                        0.0031011073640132697,
                        0.002859498464459889
                    ]
                },
                {
                    "type": "tuple",
                    "values": [
                        0.0009148006202816512,
                        0.0010107256056406649
                    ]
                },
                {
                    "type": "tuple",
                    "values": [
                        0.0009741069133739586,
                        0.0008400385760661232
                    ]
                },
                {
                    "type": "tuple",
                    "values": [
                        0.0010126123272211317,
                        0.0010478733524500001
                    ]
                },
                {
                    "type": "tuple",
                    "values": [
                        0.0009264820282784497,
                        0.00086197068721
                    ]
                },
                {
                    "type": "tuple",
                    "values": [
                        0.0009957297431469102,
                        0.0009092120135707795
                    ]
                },
                {
                    "type": "tuple",
                    "values": [
                        0.001075424587282504,
                        0.0010677654409837795
                    ]
                }
            ]
        },
        "errors_at_sigma_3": {
            "type": "list",
            "values": [
                {
                    "type": "tuple",
                    "values": [
                        0.009481400933854144,
                        0.010348575763801545
                    ]
                },
                {
                    "type": "tuple",
                    "values": [
                        0.009301215574120114,
                        0.008981704518699882
                    ]
                },
                {
                    "type": "tuple",
                    "values": [
                        0.002847684621745901,
                        0.0025094442202366713
                    ]
                },
                {
                    "type": "tuple",
                    "values": [
                        0.0023561647786725813,
                        0.0024825487458311406
                    ]
                },
                {
                    "type": "tuple",
                    "values": [
                        0.00357515777762,
                        0.0031062984661236323
                    ]
                },
                {
                    "type": "tuple",
                    "values": [
                        0.0021412316004476508,
                        0.0022920415094537126
                    ]
                },
                {
                    "type": "tuple",
                    "values": [
                        0.0036698596813292206,
                        0.002567941831857197
                    ]
                },
                {
                    "type": "tuple",
                    "values": [
                        0.0026901086459716872,
                        0.00298909590008803
                    ]
                }
            ]
        },
        "log_evidence": -40.46924302790659
    }
}