{
    "type": "instance",
    "class_path": "autofit.non_linear.samples.summary.SamplesSummary",
    "arguments": {
        "values_at_sigma_1": {
            "type": "list",
            "values": [
                {
                    "type": "tuple",
                    "values": [
                        -0.012749317749769812,
                        0.03895543767474
                    ]
                },
                {
                    "type": "tuple",
                    "values": [
                        -0.18039273033102,
                        -0.16003968391037118
                    ]
                }
            ]
        },
        "errors_at_sigma_3": {
            "type": "list",
            "values": [
                {
                    "type": "tuple",
                    "values": [
                        0.01017078093323038,
                        0.09013004371730539
                    ]
                },
                {
                    "type": "tuple",
                    "values": [
                        0.0672948710754541,
                        0.009388646574796766
                    ]
                }
            ]
        },
        "median_pdf_sample": {
            "type": "instance",
            "class_path": "autofit.non_linear.samples.sample.Sample",
            "arguments": {
                "log_likelihood": -56.10569310723508,
                "log_prior": 0.0,
                "weight": 0.0009856073027787245,
                "kwargs": {
                    "type": "dict",
                    "arguments": {
                        "ellipses.0.ell_comps.ell_comps_0": -0.007653994633815392,
                        "ellipses.0.ell_comps.ell_comps_1": -0.1613672891705259
                    }
                }
            }
        },
        "log_evidence": -67.58405322036415,
        "errors_at_sigma_1": {
            "type": "list",
            "values": [
                {
                    "type": "tuple",
                    "values": [
                        0.005095323115954419,
                        0.046609432308555396
                    ]
                },
                {
                    "type": "tuple",
                    "values": [
                        0.019025441160494094,
                        0.0013276052601547128
                    ]
                }
            ]
        },
        "model": null,
        "values_at_sigma_3": {
            "type": "list",
            "values": [
                {
                    "type": "tuple",
                    "values": [
                        -0.017824775567045772,
                        0.08247604908349
                    ]
                },
                {
                    "type": "tuple",
                    "values": [
                        -0.22866216024598,
                        -0.15197864259572913
                    ]
                }
            ]
        },
        "max_log_likelihood_sample": {
            "type": "instance",
            "class_path": "autofit.non_linear.samples.sample.Sample",
            "arguments": {
                "log_likelihood": -56.10569310723508,
                "log_prior": 0.0,
                "weight": 0.0009856073027787245,
                "kwargs": {
                    "type": "dict",
                    "arguments": {
                        "ellipses.0.ell_comps.ell_comps_0": -0.01225634527587,
                        "ellipses.0.ell_comps.ell_comps_1": -0.16073088259738
                    }
                }
            }
        }
    }
}