{
    "type": "instance",
    "class_path": "autofit.non_linear.samples.summary.SamplesSummary",
    "arguments": {
        "median_pdf_sample": {
            "type": "instance",
            "class_path": "autofit.non_linear.samples.sample.Sample",
            "arguments": {
                "log_likelihood": -4.64529541304801,
                "log_prior": 0.0,
                "weight": 0.0010191788812934225,
                "kwargs": {
                    "type": "dict",
                    "arguments": {
                        "ellipses.0.ell_comps.ell_comps_0": -0.02046390763007,
                        "ellipses.0.ell_comps.ell_comps_1": -0.1098180335684356,
                        "multipoles.0.multipole_3.multipole_comps.multipole_comps_0": 0.0012142077647969683,
                        "multipoles.0.multipole_3.multipole_comps.multipole_comps_1": -3.526861655e-05,
                        "multipoles.0.multipole_4.multipole_comps.multipole_comps_0": 0.0023074901612777834,
                        "multipoles.0.multipole_4.multipole_comps.multipole_comps_1": -0.0003393307942570351
                    }
                }
            }
        },
        "errors_at_sigma_3": {
            "type": "list",
            "values": [
                {
                    "type": "tuple",
                    "values": [
                        0.00999032019739,
                        0.010203145675017707
                    ]
                },
                {
                    "type": "tuple",
                    "values": [
                        0.009058232805383523,
                        0.008624979387175602
                    ]
                },
                {
                    "type": "tuple",
                    "values": [
                        0.0019909473732269683,
                        0.002143508129093032
                    ]
                },
                {
                    "type": "tuple",
                    "values": [
                        0.0020707467901498987,
                        0.0018153872145931047
                    ]
                },
                {
                    "type": "tuple",
                    "values": [
                        0.002766475193705482,
                        0.0029793284292411433
                    ]
                },
                {
                    "type": "tuple",
                    "values": [
                        0.002398659279137589,
                        0.0027744157093907203
                    ]
                }
            ]
        },
        "log_evidence": -33.298473186029156,
        "values_at_sigma_3": {
            "type": "list",
            "values": [
                {
                    "type": "tuple",
                    "values": [
                        -0.03045422782746,
                        -0.010260761955052293
                    ]
                },
                {
                    "type": "tuple",
                    "values": [
                        -0.11887626637381912,
                        -0.10119305418126
                    ]
                },
                {
                    "type": "tuple",
                    "values": [
                        -0.00077673960843,
                        0.00335771589389
                    ]
                },
                {
                    "type": "tuple",
                    "values": [
                        -0.0021060154066998987,
                        0.0017801185980431046
                    ]
                },
                {
                    "type": "tuple",
                    "values": [
                        -0.00045898503242769835,
                        0.005286818590518927
                    ]
                },
                {
                    "type": "tuple",
                    "values": [
                        -0.002737990073394624,
                        0.002435084915133685
                    ]
                }
            ]
        },
        "max_log_likelihood_sample": {
            "type": "instance",
            "class_path": "autofit.non_linear.samples.sample.Sample",
            "arguments": {
                "log_likelihood": -4.64529541304801,
                "log_prior": 0.0,
                "weight": 0.0010191788812934225,
                "kwargs": {
                    "type": "dict",
                    "arguments": {
                        "ellipses.0.ell_comps.ell_comps_0": -0.02232641918898,
                        "ellipses.0.ell_comps.ell_comps_1": -0.10914223018739,
                        "multipoles.0.multipole_3.multipole_comps.multipole_comps_0": 0.00143319487203,
                        "multipoles.0.multipole_3.multipole_comps.multipole_comps_1": -4.740164563e-05,
                        "multipoles.0.multipole_4.multipole_comps.multipole_comps_0": 0.00271229865402,
                        "multipoles.0.multipole_4.multipole_comps.multipole_comps_1": -0.00041452498177
                    }
                }
            }
        },
        "values_at_sigma_1": {
            "type": "list",
            "values": [
                {
                    "type": "tuple",
                    "values": [
                        -0.023334899588963,
                        -0.016845752567298033
                    ]
                },
                {
                    "type": "tuple",
                    "values": [
                        -0.11254971354572718,
                        -0.10717038265185415
                    ]
                },
                {
                    "type": "tuple",
                    "values": [
                        0.000612587797500091,
                        0.0019020366777899621
                    ]
                },
                {
                    "type": "tuple",
                    "values": [
                        -0.00072372069359,
                        0.00060064600068
                    ]
                },
                {
                    "type": "tuple",
                    "values": [
                        0.001259606716643948,
                        0.003215646055
                    ]
                },
                {
                    "type": "tuple",
                    "values": [
                        -0.0011688480008135197,
                        0.0005129417558075337
                    ]
                }
            ]
        },
        "errors_at_sigma_1": {
            "type": "list",
            "values": [
                {
                    "type": "tuple",
                    "values": [
                        0.0028709919588929995,
                        0.003618155062771966
                    ]
                },
                {
                    "type": "tuple",
                    "values": [
                        0.0027316799772915817,
                        0.002647650916581451
                    ]
                },
                {
                    "type": "tuple",
                    "values": [
                        0.0006016199672968773,
                        0.0006878289129929938
                    ]
                },
                {
                    "type": "tuple",
                    "values": [
                        0.0006884520770399999,
                        0.0006359146172300001
                    ]
                },
                {
                    "type": "tuple",
                    "values": [
                        0.0010478834446338353,
                        0.0009081558937222168
                    ]
                },
                {
                    "type": "tuple",
                    "values": [
                        0.0008295172065564847,
                        0.0008522725500645688
                    ]
                }
            ]
        },
        "model": null
    }
}