{
    "type": "instance",
    "class_path": "autofit.non_linear.samples.summary.SamplesSummary",
    "arguments": {
        "values_at_sigma_1": {
            "type": "list",
            "values": [
                {
                    "type": "tuple",
                    "values": [
                        -0.012397602047119425,
                        -0.00709199805169
                    ]
                },
                {
                    "type": "tuple",
                    "values": [
                        -0.04211681258966,
                        -0.03451464082153
                    ]
                },
                {
                    "type": "tuple",
                    "values": [
                        0.00056084267883,
                        0.00618164528323
                    ]
                },
                {
                    "type": "tuple",
                    "values": [
                        -0.0036249478486293073,
                        0.0015625802487145284
                    ]
                },
                {
                    "type": "tuple",
                    "values": [
                        0.0016787290838736833,
                        0.008394528242559362
                    ]
                },
                {
                    "type": "tuple",
                    "values": [
                        -0.0001137037649487357,
                        0.007106738566970545
                    ]
                }
            ]
        },
        "log_evidence": -35.96860297048862,
        "values_at_sigma_3": {
            "type": "list",
            "values": [
                {
                    "type": "tuple",
                    "values": [
                        -0.018191932969139516,
                        -0.0007707962179810028
                    ]
                },
                {
                    "type": "tuple",
                    "values": [
                        -0.05043217352537236,
                        -0.02893533520543
                    ]
                },
                {
                    "type": "tuple",
                    "values": [
                        -0.005001825246687716,
                        0.011360292389706548
                    ]
                },
                {
                    "type": "tuple",
                    "values": [
                        -0.008580103981243536,
                        0.005647015644937063
                    ]
                },
                {
                    "type": "tuple",
                    "values": [
                        -0.0031801302295630393,
                        0.014262132757527237
                    ]
                },
                {
                    "type": "tuple",
                    "values": [
                        -0.00667013011364,
                        0.013650410340405327
                    ]
                }
            ]
        },
        "model": null,
        "max_log_likelihood_sample": {
            "type": "instance",
            "class_path": "autofit.non_linear.samples.sample.Sample",
            "arguments": {
                "log_likelihood": -12.902815759950414,
                "log_prior": 0.0,
                "weight": 0.0010198622462639791,
                "kwargs": {
                    "type": "dict",
                    "arguments": {
                        "ellipses.0.ell_comps.ell_comps_0": -0.00911781629907,
                        "ellipses.0.ell_comps.ell_comps_1": -0.03794598673438,
                        "multipoles.0.multipole_3.multipole_comps.multipole_comps_0": 0.00377079819004,
                        "multipoles.0.multipole_3.multipole_comps.multipole_comps_1": -0.00080237814368,
                        "multipoles.0.multipole_4.multipole_comps.multipole_comps_0": 0.00441200807584,
                        "multipoles.0.multipole_4.multipole_comps.multipole_comps_1": 0.00313793552763
                    }
                }
            }
        },
        "errors_at_sigma_1": {
            "type": "list",
            "values": [
                {
                    "type": "tuple",
                    "values": [
                        0.002587039267724193,
                        0.0027185647277052326
                    ]
                },
                {
                    "type": "tuple",
                    "values": [
                        0.0033392995833399983,
                        0.004262872184789997
                    ]
                },
                {
                    "type": "tuple",
                    "values": [
                        0.0027266138042008085,
                        0.002894188800199191
                    ]
                },
                {
                    "type": "tuple",
                    "values": [
                        0.0025622166243993074,
                        0.002625311472944528
                    ]
                },
                {
                    "type": "tuple",
                    "values": [
                        0.003071083624136317,
                        0.003644715534549361
                    ]
                },
                {
                    "type": "tuple",
                    "values": [
                        0.0036160924409687355,
                        0.003604349890950545
                    ]
                }
            ]
        },
        "median_pdf_sample": {
            "type": "instance",
            "class_path": "autofit.non_linear.samples.sample.Sample",
            "arguments": {
                "log_likelihood": -12.902815759950414,
                "log_prior": 0.0,
                "weight": 0.0010198622462639791,
                "kwargs": {
                    "type": "dict",
                    "arguments": {
                        "ellipses.0.ell_comps.ell_comps_0": -0.009810562779395232,
                        "ellipses.0.ell_comps.ell_comps_1": -0.03877751300632,
                        "multipoles.0.multipole_3.multipole_comps.multipole_comps_0": 0.0032874564830308087,
                        "multipoles.0.multipole_3.multipole_comps.multipole_comps_1": -0.00106273122423,
                        "multipoles.0.multipole_4.multipole_comps.multipole_comps_0": 0.00474981270801,
                        "multipoles.0.multipole_4.multipole_comps.multipole_comps_1": 0.00350238867602
                    }
                }
            }
        },
        "errors_at_sigma_3": {
            "type": "list",
            "values": [
                {
                    "type": "tuple",
                    "values": [
                        0.008381370189744284,
                        0.009039766561414229
                    ]
                },
                {
                    "type": "tuple",
                    "values": [
                        0.01165466051905236,
                        0.00984217780089
                    ]
                },
                {
                    "type": "tuple",
                    "values": [
                        0.008289281729718524,
                        0.008072835906675738
                    ]
                },
                {
                    "type": "tuple",
                    "values": [
                        0.0075173727570135365,
                        0.006709746869167063
                    ]
                },
                {
                    "type": "tuple",
                    "values": [
                        0.007929942937573039,
                        0.009512320049517237
                    ]
                },
                {
                    "type": "tuple",
                    "values": [
                        0.010172518789659999,
                        0.010148021664385328
                    ]
                }
            ]
        }
    }
}