{
    "type": "instance",
    "class_path": "autofit.non_linear.samples.summary.SamplesSummary",
    "arguments": {
        "median_pdf_sample": {
            "type": "instance",
            "class_path": "autofit.non_linear.samples.sample.Sample",
            "arguments": {
                "log_likelihood": -8.963968928267265,
                "log_prior": 0.0,
                "weight": 0.0010145589302350073,
                "kwargs": {
                    "type": "dict",
                    "arguments": {
                        "ellipses.0.ell_comps.ell_comps_0": -0.10306310878358567,
                        "ellipses.0.ell_comps.ell_comps_1": 0.0008481615191,
                        "multipoles.0.multipole_3.multipole_comps.multipole_comps_0": 0.00861283136286,
                        "multipoles.0.multipole_3.multipole_comps.multipole_comps_1": -0.0053756721349,
                        "multipoles.0.multipole_4.multipole_comps.multipole_comps_0": 0.013745098797750327,
                        "multipoles.0.multipole_4.multipole_comps.multipole_comps_1": 0.004486433159784556
                    }
                }
            }
        },
        "max_log_likelihood_sample": {
            "type": "instance",
            "class_path": "autofit.non_linear.samples.sample.Sample",
            "arguments": {
                "log_likelihood": -8.963968928267265,
                "log_prior": 0.0,
                "weight": 0.0010145589302350073,
                "kwargs": {
                    "type": "dict",
                    "arguments": {
                        "ellipses.0.ell_comps.ell_comps_0": -0.11780737071338,
                        "ellipses.0.ell_comps.ell_comps_1": -0.0038624009334,
                        "multipoles.0.multipole_3.multipole_comps.multipole_comps_0": 0.00022402546097,
                        "multipoles.0.multipole_3.multipole_comps.multipole_comps_1": 0.03331781290095,
                        "multipoles.0.multipole_4.multipole_comps.multipole_comps_0": 0.01962545989569,
                        "multipoles.0.multipole_4.multipole_comps.multipole_comps_1": 0.00518286403595
                    }
                }
            }
        },
        "errors_at_sigma_3": {
            "type": "list",
            "values": [
                {
                    "type": "tuple",
                    "values": [
                        0.06473331760873278,
                        0.07193618184598567
                    ]
                },
                {
                    "type": "tuple",
                    "values": [
                        0.06974915427462307,
                        0.05690728183413624
                    ]
                },
                {
                    "type": "tuple",
                    "values": [
                        0.039955906901115196,
                        0.03434208905329
                    ]
                },
                {
                    "type": "tuple",
                    "values": [
                        0.04922578858738,
                        0.06346478755578709
                    ]
                },
                {
                    "type": "tuple",
                    "values": [
                        0.05350353152675941,
                        0.05099478954390905
                    ]
                },
                {
                    "type": "tuple",
                    "values": [
                        0.07296967586998455,
                        0.05089549308381035
                    ]
                }
            ]
        },
        "errors_at_sigma_1": {
            "type": "list",
            "values": [
                {
                    "type": "tuple",
                    "values": [
                        0.024503676122041393,
                        0.023053709429345676
                    ]
                },
                {
                    "type": "tuple",
                    "values": [
                        0.02938444735388,
                        0.01876899105256
                    ]
                },
                {
                    "type": "tuple",
                    "values": [
                        0.01146165877484,
                        0.013102197614250001
                    ]
                },
                {
                    "type": "tuple",
                    "values": [
                        0.02828666008543055,
                        0.03521851308816013
                    ]
                },
                {
                    "type": "tuple",
                    "values": [
                        0.016200293608540327,
                        0.014021778759579674
                    ]
                },
                {
                    "type": "tuple",
                    "values": [
                        0.022070671314070475,
                        0.022905809164632637
                    ]
                }
            ]
        },
        "log_evidence": -22.83600914764212,
        "model": null,
        "values_at_sigma_3": {
            "type": "list",
            "values": [
                {
                    "type": "tuple",
                    "values": [
                        -0.16779642639231845,
                        -0.0311269269376
                    ]
                },
                {
                    "type": "tuple",
                    "values": [
                        -0.06890099275552307,
                        0.05775544335323624
                    ]
                },
                {
                    "type": "tuple",
                    "values": [
                        -0.031343075538255195,
                        0.04295492041615
                    ]
                },
                {
                    "type": "tuple",
                    "values": [
                        -0.05460146072228,
                        0.058089115420887086
                    ]
                },
                {
                    "type": "tuple",
                    "values": [
                        -0.03975843272900908,
                        0.06473988834165938
                    ]
                },
                {
                    "type": "tuple",
                    "values": [
                        -0.0684832427102,
                        0.055381926243594906
                    ]
                }
            ]
        },
        "values_at_sigma_1": {
            "type": "list",
            "values": [
                {
                    "type": "tuple",
                    "values": [
                        -0.12756678490562706,
                        -0.08000939935424
                    ]
                },
                {
                    "type": "tuple",
                    "values": [
                        -0.02853628583478,
                        0.01961715257166
                    ]
                },
                {
                    "type": "tuple",
                    "values": [
                        -0.00284882741198,
                        0.02171502897711
                    ]
                },
                {
                    "type": "tuple",
                    "values": [
                        -0.03366233222033055,
                        0.029842840953260133
                    ]
                },
                {
                    "type": "tuple",
                    "values": [
                        -0.00245519481079,
                        0.02776687755733
                    ]
                },
                {
                    "type": "tuple",
                    "values": [
                        -0.01758423815428592,
                        0.02739224232441719
                    ]
                }
            ]
        }
    }
}