{
    "type": "instance",
    "class_path": "autofit.non_linear.samples.summary.SamplesSummary",
    "arguments": {
        "model": null,
        "max_log_likelihood_sample": {
            "type": "instance",
            "class_path": "autofit.non_linear.samples.sample.Sample",
            "arguments": {
                "log_likelihood": -9.582641043513467,
                "log_prior": 0.0,
                "weight": 0.0009503061159177094,
                "kwargs": {
                    "type": "dict",
                    "arguments": {
                        "ellipses.0.ell_comps.ell_comps_0": 0.0730589143036,
                        "ellipses.0.ell_comps.ell_comps_1": 0.04505146267548,
                        "multipoles.0.multipole_3.multipole_comps.multipole_comps_0": -0.05053082691815,
                        "multipoles.0.multipole_3.multipole_comps.multipole_comps_1": -0.01020361490771,
                        "multipoles.0.multipole_4.multipole_comps.multipole_comps_0": -0.09477729705419,
                        "multipoles.0.multipole_4.multipole_comps.multipole_comps_1": -0.00045713084643
                    }
                }
            }
        },
        "errors_at_sigma_1": {
            "type": "list",
            "values": [
                {
                    "type": "tuple",
                    "values": [
                        0.0988268604018338,
                        0.03414868330412876
                    ]
                },
                {
                    "type": "tuple",
                    "values": [
                        0.06797315336723,
                        0.09229994901569
                    ]
                },
                {
                    "type": "tuple",
                    "values": [
                        0.03165332088197011,
                        0.03925527298750346
                    ]
                },
                {
                    "type": "tuple",
                    "values": [
                        0.056547643005900004,
                        0.04879629268590614
                    ]
                },
                {
                    "type": "tuple",
                    "values": [
                        0.06446893820374273,
                        0.06710547074194535
                    ]
                },
                {
                    "type": "tuple",
                    "values": [
                        0.04306984429106073,
                        0.03005172076947
                    ]
                }
            ]
        },
        "values_at_sigma_1": {
            "type": "list",
            "values": [
                {
                    "type": "tuple",
                    "values": [
                        0.05860083187741,
                        0.19157637558337257
                    ]
                },
                {
                    "type": "tuple",
                    "values": [
                        0.01681191187237,
                        0.17708501425529
                    ]
                },
                {
                    "type": "tuple",
                    "values": [
                        -0.05846255226930011,
                        0.012446041600173464
                    ]
                },
                {
                    "type": "tuple",
                    "values": [
                        -0.07049809972659,
                        0.03484583596521614
                    ]
                },
                {
                    "type": "tuple",
                    "values": [
                        -0.07472476796331,
                        0.05684964098237808
                    ]
                },
                {
                    "type": "tuple",
                    "values": [
                        -0.04848463920537073,
                        0.02463692585516
                    ]
                }
            ]
        },
        "log_evidence": -19.936965641155123,
        "values_at_sigma_3": {
            "type": "list",
            "values": [
                {
                    "type": "tuple",
                    "values": [
                        -0.04434028542991,
                        0.22790124593973307
                    ]
                },
                {
                    "type": "tuple",
                    "values": [
                        -0.08527356871643,
                        0.27497723534488205
                    ]
                },
                {
                    "type": "tuple",
                    "values": [
                        -0.09933447036662,
                        0.07178423843930537
                    ]
                },
                {
                    "type": "tuple",
                    "values": [
                        -0.09974723720547,
                        0.09249425080308
                    ]
                },
                {
                    "type": "tuple",
                    "values": [
                        -0.09959493514978719,
                        0.09703802097048425
                    ]
                },
                {
                    "type": "tuple",
                    "values": [
                        -0.09906178907168917,
                        0.09279333395442986
                    ]
                }
            ]
        },
        "median_pdf_sample": {
            "type": "instance",
            "class_path": "autofit.non_linear.samples.sample.Sample",
            "arguments": {
                "log_likelihood": -9.582641043513467,
                "log_prior": 0.0,
                "weight": 0.0009503061159177094,
                "kwargs": {
                    "type": "dict",
                    "arguments": {
                        "ellipses.0.ell_comps.ell_comps_0": 0.1574276922792438,
                        "ellipses.0.ell_comps.ell_comps_1": 0.0847850652396,
                        "multipoles.0.multipole_3.multipole_comps.multipole_comps_0": -0.02680923138733,
                        "multipoles.0.multipole_3.multipole_comps.multipole_comps_1": -0.01395045672069,
                        "multipoles.0.multipole_4.multipole_comps.multipole_comps_0": -0.010255829759567266,
                        "multipoles.0.multipole_4.multipole_comps.multipole_comps_1": -0.00541479491431
                    }
                }
            }
        },
        "errors_at_sigma_3": {
            "type": "list",
            "values": [
                {
                    "type": "tuple",
                    "values": [
                        0.2017679777091538,
                        0.07047355366048927
                    ]
                },
                {
                    "type": "tuple",
                    "values": [
                        0.17005863395603,
                        0.19019217010528205
                    ]
                },
                {
                    "type": "tuple",
                    "values": [
                        0.07252523897929,
                        0.09859346982663537
                    ]
                },
                {
                    "type": "tuple",
                    "values": [
                        0.08579678048478001,
                        0.10644470752377
                    ]
                },
                {
                    "type": "tuple",
                    "values": [
                        0.08933910539021993,
                        0.10729385073005152
                    ]
                },
                {
                    "type": "tuple",
                    "values": [
                        0.09364699415737916,
                        0.09820812886873986
                    ]
                }
            ]
        }
    }
}