{
    "type": "instance",
    "class_path": "autofit.non_linear.samples.summary.SamplesSummary",
    "arguments": {
        "values_at_sigma_1": {
            "type": "list",
            "values": [
                {
                    "type": "tuple",
                    "values": [
                        -0.19040510618054,
                        -0.18570275717135137
                    ]
                },
                {
                    "type": "tuple",
                    "values": [
                        -0.20792523932437307,
                        -0.20431962982073312
                    ]
                }
            ]
        },
        "median_pdf_sample": {
            "type": "instance",
            "class_path": "autofit.non_linear.samples.sample.Sample",
            "arguments": {
                "log_likelihood": -148.36545000814536,
                "log_prior": 0.0,
                "weight": 0.0009952723425445287,
                "kwargs": {
                    "type": "dict",
                    "arguments": {
                        "ellipses.0.ell_comps.ell_comps_0": -0.18793574039603542,
                        "ellipses.0.ell_comps.ell_comps_1": -0.20615007573119
                    }
                }
            }
        },
        "model": null,
        "log_evidence": -159.9695486773128,
        "errors_at_sigma_3": {
            "type": "list",
            "values": [
                {
                    "type": "tuple",
                    "values": [
                        0.005770002674360286,
                        0.006882396927840151
                    ]
                },
                {
                    "type": "tuple",
                    "values": [
                        0.004677901427919989,
                        0.004961193473580816
                    ]
                }
            ]
        },
        "errors_at_sigma_1": {
            "type": "list",
            "values": [
                {
                    "type": "tuple",
                    "values": [
                        0.0024693657845045736,
                        0.002232983224684043
                    ]
                },
                {
                    "type": "tuple",
                    "values": [
                        0.0017751635931830545,
                        0.0018304459104568904
                    ]
                }
            ]
        },
        "max_log_likelihood_sample": {
            "type": "instance",
            "class_path": "autofit.non_linear.samples.sample.Sample",
            "arguments": {
                "log_likelihood": -148.36545000814536,
                "log_prior": 0.0,
                "weight": 0.0009952723425445287,
                "kwargs": {
                    "type": "dict",
                    "arguments": {
                        "ellipses.0.ell_comps.ell_comps_0": -0.18602111920834,
                        "ellipses.0.ell_comps.ell_comps_1": -0.20543076836823
                    }
                }
            }
        },
        "values_at_sigma_3": {
            "type": "list",
            "values": [
                {
                    "type": "tuple",
                    "values": [
                        -0.1937057430703957,
                        -0.18105334346819527
                    ]
                },
                {
                    "type": "tuple",
                    "values": [
                        -0.21082797715911,
                        -0.2011888822576092
                    ]
                }
            ]
        }
    }
}