{
    "type": "instance",
    "class_path": "autofit.non_linear.samples.summary.SamplesSummary",
    "arguments": {
        "errors_at_sigma_1": {
            "type": "list",
            "values": [
                {
                    "type": "tuple",
                    "values": [
                        0.0033415086196925126,
                        0.002850089094455416
                    ]
                },
                {
                    "type": "tuple",
                    "values": [
                        0.007084152598330002,
                        0.007402029609689548
                    ]
                }
            ]
        },
        "log_evidence": -43.06281784546852,
        "errors_at_sigma_3": {
            "type": "list",
            "values": [
                {
                    "type": "tuple",
                    "values": [
                        0.01154259578123712,
                        0.008805271444311369
                    ]
                },
                {
                    "type": "tuple",
                    "values": [
                        0.016194617744893433,
                        0.020113188206127522
                    ]
                }
            ]
        },
        "values_at_sigma_3": {
            "type": "list",
            "values": [
                {
                    "type": "tuple",
                    "values": [
                        -0.2199461165980246,
                        -0.1995982493724761
                    ]
                },
                {
                    "type": "tuple",
                    "values": [
                        -0.004538077091662983,
                        0.03176972885935797
                    ]
                }
            ]
        },
        "values_at_sigma_1": {
            "type": "list",
            "values": [
                {
                    "type": "tuple",
                    "values": [
                        -0.21174502943648,
                        -0.20555343172233206
                    ]
                },
                {
                    "type": "tuple",
                    "values": [
                        0.004572388054900449,
                        0.01905857026292
                    ]
                }
            ]
        },
        "max_log_likelihood_sample": {
            "type": "instance",
            "class_path": "autofit.non_linear.samples.sample.Sample",
            "arguments": {
                "log_likelihood": -33.84958286943175,
                "log_prior": 0.0,
                "weight": 0.000996120370538635,
                "kwargs": {
                    "type": "dict",
                    "arguments": {
                        "ellipses.0.ell_comps.ell_comps_0": -0.2081996439366,
                        "ellipses.0.ell_comps.ell_comps_1": 0.01748314282234
                    }
                }
            }
        },
        "median_pdf_sample": {
            "type": "instance",
            "class_path": "autofit.non_linear.samples.sample.Sample",
            "arguments": {
                "log_likelihood": -33.84958286943175,
                "log_prior": 0.0,
                "weight": 0.000996120370538635,
                "kwargs": {
                    "type": "dict",
                    "arguments": {
                        "ellipses.0.ell_comps.ell_comps_0": -0.20840352081678748,
                        "ellipses.0.ell_comps.ell_comps_1": 0.01165654065323045
                    }
                }
            }
        },
        "model": null
    }
}