{
    "type": "instance",
    "class_path": "autofit.non_linear.samples.summary.SamplesSummary",
    "arguments": {
        "max_log_likelihood_sample": {
            "type": "instance",
            "class_path": "autofit.non_linear.samples.sample.Sample",
            "arguments": {
                "log_likelihood": -131.43272250617468,
                "log_prior": 0.0,
                "weight": 0.0010737170170255184,
                "kwargs": {
                    "type": "dict",
                    "arguments": {
                        "ellipses.ellipse_4.centre.centre_0": -0.00063488388026,
                        "ellipses.ellipse_4.centre.centre_1": -0.00089273779352,
                        "ellipses.ellipse_0.ell_comps.ell_comps_0": 0.01834897667932,
                        "ellipses.ellipse_0.ell_comps.ell_comps_1": 0.03283194626545,
                        "ellipses.ellipse_1.ell_comps.ell_comps_0": 0.00872199829382,
                        "ellipses.ellipse_1.ell_comps.ell_comps_1": 0.05846752386945,
                        "ellipses.ellipse_2.ell_comps.ell_comps_0": -0.01493995356356,
                        "ellipses.ellipse_2.ell_comps.ell_comps_1": 0.05317448899807,
                        "ellipses.ellipse_3.ell_comps.ell_comps_0": 0.00064466171726,
                        "ellipses.ellipse_3.ell_comps.ell_comps_1": -0.01696927914729,
                        "ellipses.ellipse_4.ell_comps.ell_comps_0": -0.08866539603735,
                        "ellipses.ellipse_4.ell_comps.ell_comps_1": 0.12720806226855
                    }
                }
            }
        },
        "log_evidence": -180.60999645435805,
        "values_at_sigma_1": {
            "type": "list",
            "values": [
                {
                    "type": "tuple",
                    "values": [
                        -0.00150192174582,
                        -0.00035386797146979546
                    ]
                },
                {
                    "type": "tuple",
                    "values": [
                        -0.0013449041690169305,
                        -0.00019288602487027784
                    ]
                },
                {
                    "type": "tuple",
                    "values": [
                        0.014143801039207392,
                        0.01905793685501
                    ]
                },
                {
                    "type": "tuple",
                    "values": [
                        0.03088414798023,
                        0.03960613555749623
                    ]
                },
                {
                    "type": "tuple",
                    "values": [
                        0.004854930718299841,
                        0.014004327600512772
                    ]
                },
                {
                    "type": "tuple",
                    "values": [
                        0.05272279224241105,
                        0.058482806887550295
                    ]
                },
                {
                    "type": "tuple",
                    "values": [
                        -0.018431545898417,
                        -0.008113723749775988
                    ]
                },
                {
                    "type": "tuple",
                    "values": [
                        0.05125915823516979,
                        0.05952087963419316
                    ]
                },
                {
                    "type": "tuple",
                    "values": [
                        -0.011765535183342694,
                        0.002785439715168826
                    ]
                },
                {
                    "type": "tuple",
                    "values": [
                        -0.018088012672636395,
                        0.008728889229262803
                    ]
                },
                {
                    "type": "tuple",
                    "values": [
                        -0.08960420272634,
                        -0.08090632981020164
                    ]
                },
                {
                    "type": "tuple",
                    "values": [
                        0.12585979891162,
                        0.13461968062679694
                    ]
                }
            ]
        },
        "errors_at_sigma_3": {
            "type": "list",
            "values": [
                {
                    "type": "tuple",
                    "values": [
                        0.0013685035777594827,
                        0.0026189130955726423
                    ]
                },
                {
                    "type": "tuple",
                    "values": [
                        0.0017107064897966104,
                        0.0021625806935799997
                    ]
                },
                {
                    "type": "tuple",
                    "values": [
                        0.006469551461956663,
                        0.008277575178197123
                    ]
                },
                {
                    "type": "tuple",
                    "values": [
                        0.0104718721316455,
                        0.009510058046006305
                    ]
                },
                {
                    "type": "tuple",
                    "values": [
                        0.013685678034020002,
                        0.01078712919575
                    ]
                },
                {
                    "type": "tuple",
                    "values": [
                        0.009331571783978476,
                        0.009732712422478841
                    ]
                },
                {
                    "type": "tuple",
                    "values": [
                        0.029235482742270003,
                        0.016881832079760326
                    ]
                },
                {
                    "type": "tuple",
                    "values": [
                        0.023554834845293332,
                        0.04508727168972667
                    ]
                },
                {
                    "type": "tuple",
                    "values": [
                        0.06539766415127875,
                        0.010036788191091259
                    ]
                },
                {
                    "type": "tuple",
                    "values": [
                        0.008144949771057572,
                        0.09788658578430118
                    ]
                },
                {
                    "type": "tuple",
                    "values": [
                        0.06667909851234073,
                        0.04653562961811
                    ]
                },
                {
                    "type": "tuple",
                    "values": [
                        0.11581319647342939,
                        0.057232562035752055
                    ]
                }
            ]
        },
        "values_at_sigma_3": {
            "type": "list",
            "values": [
                {
                    "type": "tuple",
                    "values": [
                        -0.002328274174430156,
                        0.0016591424989019687
                    ]
                },
                {
                    "type": "tuple",
                    "values": [
                        -0.0025095395657066103,
                        0.00136374761767
                    ]
                },
                {
                    "type": "tuple",
                    "values": [
                        0.009962106284629504,
                        0.02470923292478329
                    ]
                },
                {
                    "type": "tuple",
                    "values": [
                        0.02448367127344,
                        0.0444656014510918
                    ]
                },
                {
                    "type": "tuple",
                    "values": [
                        -0.0032857275844,
                        0.02118707964537
                    ]
                },
                {
                    "type": "tuple",
                    "values": [
                        0.04642655649990587,
                        0.06549084070636318
                    ]
                },
                {
                    "type": "tuple",
                    "values": [
                        -0.04221087377647,
                        0.003906441045560327
                    ]
                },
                {
                    "type": "tuple",
                    "values": [
                        0.03132674184918,
                        0.0999688483842
                    ]
                },
                {
                    "type": "tuple",
                    "values": [
                        -0.06616671732407,
                        0.0092677350183
                    ]
                },
                {
                    "type": "tuple",
                    "values": [
                        -0.02279662909537,
                        0.08323490645998875
                    ]
                },
                {
                    "type": "tuple",
                    "values": [
                        -0.15152912799326074,
                        -0.03831439986281
                    ]
                },
                {
                    "type": "tuple",
                    "values": [
                        0.015418091335708563,
                        0.18846384984489
                    ]
                }
            ]
        },
        "median_pdf_sample": {
            "type": "instance",
            "class_path": "autofit.non_linear.samples.sample.Sample",
            "arguments": {
                "log_likelihood": -131.43272250617468,
                "log_prior": 0.0,
                "weight": 0.0010737170170255184,
                "kwargs": {
                    "type": "dict",
                    "arguments": {
                        "ellipses.ellipse_4.centre.centre_0": -0.0009597705966706734,
                        "ellipses.ellipse_4.centre.centre_1": -0.00079883307591,
                        "ellipses.ellipse_0.ell_comps.ell_comps_0": 0.016431657746586167,
                        "ellipses.ellipse_0.ell_comps.ell_comps_1": 0.0349555434050855,
                        "ellipses.ellipse_1.ell_comps.ell_comps_0": 0.01039995044962,
                        "ellipses.ellipse_1.ell_comps.ell_comps_1": 0.055758128283884344,
                        "ellipses.ellipse_2.ell_comps.ell_comps_0": -0.0129753910342,
                        "ellipses.ellipse_2.ell_comps.ell_comps_1": 0.054881576694473334,
                        "ellipses.ellipse_3.ell_comps.ell_comps_0": -0.0007690531727912594,
                        "ellipses.ellipse_3.ell_comps.ell_comps_1": -0.014651679324312427,
                        "ellipses.ellipse_4.ell_comps.ell_comps_0": -0.08485002948092,
                        "ellipses.ellipse_4.ell_comps.ell_comps_1": 0.13123128780913795
                    }
                }
            }
        },
        "model": null,
        "errors_at_sigma_1": {
            "type": "list",
            "values": [
                {
                    "type": "tuple",
                    "values": [
                        0.0005421511491493266,
                        0.0006059026252008779
                    ]
                },
                {
                    "type": "tuple",
                    "values": [
                        0.0005460710931069306,
                        0.000605947051039722
                    ]
                },
                {
                    "type": "tuple",
                    "values": [
                        0.002287856707378775,
                        0.0026262791084238346
                    ]
                },
                {
                    "type": "tuple",
                    "values": [
                        0.0040713954248555,
                        0.004650592152410732
                    ]
                },
                {
                    "type": "tuple",
                    "values": [
                        0.00554501973132016,
                        0.003604377150892771
                    ]
                },
                {
                    "type": "tuple",
                    "values": [
                        0.0030353360414732966,
                        0.0027246786036659518
                    ]
                },
                {
                    "type": "tuple",
                    "values": [
                        0.005456154864217001,
                        0.004861667284424012
                    ]
                },
                {
                    "type": "tuple",
                    "values": [
                        0.003622418459303542,
                        0.004639302939719828
                    ]
                },
                {
                    "type": "tuple",
                    "values": [
                        0.010996482010551435,
                        0.003554492887960085
                    ]
                },
                {
                    "type": "tuple",
                    "values": [
                        0.0034363333483239684,
                        0.02338056855357523
                    ]
                },
                {
                    "type": "tuple",
                    "values": [
                        0.00475417324541999,
                        0.003943699670718365
                    ]
                },
                {
                    "type": "tuple",
                    "values": [
                        0.0053714888975179564,
                        0.003388392817658986
                    ]
                }
            ]
        }
    }
}