{
    "type": "instance",
    "class_path": "autofit.non_linear.samples.summary.SamplesSummary",
    "arguments": {
        "log_evidence": -50.58733733869841,
        "model": null,
        "errors_at_sigma_3": {
            "type": "list",
            "values": [
                {
                    "type": "tuple",
                    "values": [
                        0.00919774526244671,
                        0.00820513926948549
                    ]
                },
                {
                    "type": "tuple",
                    "values": [
                        0.008931130229836357,
                        0.012383246420481407
                    ]
                }
            ]
        },
        "max_log_likelihood_sample": {
            "type": "instance",
            "class_path": "autofit.non_linear.samples.sample.Sample",
            "arguments": {
                "log_likelihood": -40.01079542063777,
                "log_prior": 0.0,
                "weight": 0.0009935195506686314,
                "kwargs": {
                    "type": "dict",
                    "arguments": {
                        "ellipses.0.ell_comps.ell_comps_0": -0.10038063230557,
                        "ellipses.0.ell_comps.ell_comps_1": 0.03483930789311
                    }
                }
            }
        },
        "values_at_sigma_3": {
            "type": "list",
            "values": [
                {
                    "type": "tuple",
                    "values": [
                        -0.1114179710623422,
                        -0.09401508653041
                    ]
                },
                {
                    "type": "tuple",
                    "values": [
                        0.02368278451865716,
                        0.044997161168974925
                    ]
                }
            ]
        },
        "median_pdf_sample": {
            "type": "instance",
            "class_path": "autofit.non_linear.samples.sample.Sample",
            "arguments": {
                "log_likelihood": -40.01079542063777,
                "log_prior": 0.0,
                "weight": 0.0009935195506686314,
                "kwargs": {
                    "type": "dict",
                    "arguments": {
                        "ellipses.0.ell_comps.ell_comps_0": -0.1022202257998955,
                        "ellipses.0.ell_comps.ell_comps_1": 0.03261391474849352
                    }
                }
            }
        },
        "errors_at_sigma_1": {
            "type": "list",
            "values": [
                {
                    "type": "tuple",
                    "values": [
                        0.0029386928044384114,
                        0.002355338179676897
                    ]
                },
                {
                    "type": "tuple",
                    "values": [
                        0.0032925182922135185,
                        0.003532331609736483
                    ]
                }
            ]
        },
        "values_at_sigma_1": {
            "type": "list",
            "values": [
                {
                    "type": "tuple",
                    "values": [
                        -0.1051589186043339,
                        -0.0998648876202186
                    ]
                },
                {
                    "type": "tuple",
                    "values": [
                        0.02932139645628,
                        0.03614624635823
                    ]
                }
            ]
        }
    }
}