{
    "type": "instance",
    "class_path": "autofit.non_linear.samples.summary.SamplesSummary",
    "arguments": {
        "errors_at_sigma_3": {
            "type": "list",
            "values": [
                {
                    "type": "tuple",
                    "values": [
                        0.022065013171037928,
                        0.014675600415172236
                    ]
                },
                {
                    "type": "tuple",
                    "values": [
                        0.006441101563020954,
                        0.028054687755258476
                    ]
                },
                {
                    "type": "tuple",
                    "values": [
                        0.1171865616728943,
                        0.06067947711898862
                    ]
                },
                {
                    "type": "tuple",
                    "values": [
                        0.12312904407456195,
                        0.06558984322987525
                    ]
                },
                {
                    "type": "tuple",
                    "values": [
                        0.04227394919465091,
                        0.15196761485939908
                    ]
                },
                {
                    "type": "tuple",
                    "values": [
                        0.04384238152017266,
                        0.13176830578314244
                    ]
                }
            ]
        },
        "errors_at_sigma_1": {
            "type": "list",
            "values": [
                {
                    "type": "tuple",
                    "values": [
                        0.006203610584977765,
                        0.006027328811745626
                    ]
                },
                {
                    "type": "tuple",
                    "values": [
                        0.0025681358883009597,
                        0.0033466498824290397
                    ]
                },
                {
                    "type": "tuple",
                    "values": [
                        0.023446550422813343,
                        0.01818405110362413
                    ]
                },
                {
                    "type": "tuple",
                    "values": [
                        0.017590061691013584,
                        0.015047480424614876
                    ]
                },
                {
                    "type": "tuple",
                    "values": [
                        0.02036028633827404,
                        0.026228948060175932
                    ]
                },
                {
                    "type": "tuple",
                    "values": [
                        0.018037360996487554,
                        0.05134555233651796
                    ]
                }
            ]
        },
        "values_at_sigma_3": {
            "type": "list",
            "values": [
                {
                    "type": "tuple",
                    "values": [
                        -0.010984525753780163,
                        0.02575608783243
                    ]
                },
                {
                    "type": "tuple",
                    "values": [
                        -0.09827055632019,
                        -0.06377476700191057
                    ]
                },
                {
                    "type": "tuple",
                    "values": [
                        -0.0804883820403,
                        0.09737765675158293
                    ]
                },
                {
                    "type": "tuple",
                    "values": [
                        -0.09233457377196837,
                        0.09638431353246883
                    ]
                },
                {
                    "type": "tuple",
                    "values": [
                        -0.09774492691644,
                        0.09649663713761
                    ]
                },
                {
                    "type": "tuple",
                    "values": [
                        -0.0987112622120051,
                        0.07689942509131
                    ]
                }
            ]
        },
        "values_at_sigma_1": {
            "type": "list",
            "values": [
                {
                    "type": "tuple",
                    "values": [
                        0.00487687683228,
                        0.01710781622900339
                    ]
                },
                {
                    "type": "tuple",
                    "values": [
                        -0.09439759064547,
                        -0.08848280487474
                    ]
                },
                {
                    "type": "tuple",
                    "values": [
                        0.013251629209780963,
                        0.05488223073621844
                    ]
                },
                {
                    "type": "tuple",
                    "values": [
                        0.01320440861158,
                        0.04584195072720846
                    ]
                },
                {
                    "type": "tuple",
                    "values": [
                        -0.07583126406006313,
                        -0.02924202966161316
                    ]
                },
                {
                    "type": "tuple",
                    "values": [
                        -0.07290624168832,
                        -0.0035233283553144784
                    ]
                }
            ]
        },
        "log_evidence": -68.20364945075725,
        "median_pdf_sample": {
            "type": "instance",
            "class_path": "autofit.non_linear.samples.sample.Sample",
            "arguments": {
                "log_likelihood": -50.07412568794244,
                "log_prior": 0.0,
                "weight": 0.0009784379001379917,
                "kwargs": {
                    "type": "dict",
                    "arguments": {
                        "ellipses.0.ell_comps.ell_comps_0": 0.011080487417257765,
                        "ellipses.0.ell_comps.ell_comps_1": -0.09182945475716904,
                        "multipoles.0.multipole_3.multipole_comps.multipole_comps_0": 0.03669817963259431,
                        "multipoles.0.multipole_3.multipole_comps.multipole_comps_1": 0.030794470302593583,
                        "multipoles.0.multipole_4.multipole_comps.multipole_comps_0": -0.05547097772178909,
                        "multipoles.0.multipole_4.multipole_comps.multipole_comps_1": -0.05486888069183244
                    }
                }
            }
        },
        "max_log_likelihood_sample": {
            "type": "instance",
            "class_path": "autofit.non_linear.samples.sample.Sample",
            "arguments": {
                "log_likelihood": -50.07412568794244,
                "log_prior": 0.0,
                "weight": 0.0009784379001379917,
                "kwargs": {
                    "type": "dict",
                    "arguments": {
                        "ellipses.0.ell_comps.ell_comps_0": 0.01161658805865,
                        "ellipses.0.ell_comps.ell_comps_1": -0.09213028241814,
                        "multipoles.0.multipole_3.multipole_comps.multipole_comps_0": 0.04959767211598,
                        "multipoles.0.multipole_3.multipole_comps.multipole_comps_1": 0.02824123804344,
                        "multipoles.0.multipole_4.multipole_comps.multipole_comps_0": -0.05543219734182,
                        "multipoles.0.multipole_4.multipole_comps.multipole_comps_1": -0.06187299255665
                    }
                }
            }
        },
        "model": null
    }
}