{
    "type": "instance",
    "class_path": "autofit.non_linear.samples.summary.SamplesSummary",
    "arguments": {
        "errors_at_sigma_1": {
            "type": "list",
            "values": [
                {
                    "type": "tuple",
                    "values": [
                        0.11006741836943104,
                        0.015091855798348944
                    ]
                },
                {
                    "type": "tuple",
                    "values": [
                        0.01507895676675,
                        0.017986379830249997
                    ]
                },
                {
                    "type": "tuple",
                    "values": [
                        0.11765976061568797,
                        0.043196044269600005
                    ]
                },
                {
                    "type": "tuple",
                    "values": [
                        0.04854248644537613,
                        0.06838738786958388
                    ]
                },
                {
                    "type": "tuple",
                    "values": [
                        0.05075407592037876,
                        0.06224509892399554
                    ]
                },
                {
                    "type": "tuple",
                    "values": [
                        0.05083931944403001,
                        0.032468442931365527
                    ]
                },
                {
                    "type": "tuple",
                    "values": [
                        0.09122765124258592,
                        0.03771536309982969
                    ]
                },
                {
                    "type": "tuple",
                    "values": [
                        0.04431322615237184,
                        0.06096458937054
                    ]
                }
            ]
        },
        "errors_at_sigma_3": {
            "type": "list",
            "values": [
                {
                    "type": "tuple",
                    "values": [
                        0.14889179576145106,
                        0.03919503670803567
                    ]
                },
                {
                    "type": "tuple",
                    "values": [
                        0.05555915463225,
                        0.086775119389101
                    ]
                },
                {
                    "type": "tuple",
                    "values": [
                        0.22276573198895,
                        0.16152834855932002
                    ]
                },
                {
                    "type": "tuple",
                    "values": [
                        0.12070978890782183,
                        0.14570163647078244
                    ]
                },
                {
                    "type": "tuple",
                    "values": [
                        0.08399801471065306,
                        0.11221891499124305
                    ]
                },
                {
                    "type": "tuple",
                    "values": [
                        0.08102221487479,
                        0.11592086396950999
                    ]
                },
                {
                    "type": "tuple",
                    "values": [
                        0.14466475750838031,
                        0.05470588092830969
                    ]
                },
                {
                    "type": "tuple",
                    "values": [
                        0.09276399408976001,
                        0.10124225377818
                    ]
                }
            ]
        },
        "model": null,
        "values_at_sigma_1": {
            "type": "list",
            "values": [
                {
                    "type": "tuple",
                    "values": [
                        -0.13596980092785,
                        -0.01081052676007
                    ]
                },
                {
                    "type": "tuple",
                    "values": [
                        -0.00183303749147,
                        0.03123229910553
                    ]
                },
                {
                    "type": "tuple",
                    "values": [
                        -0.08207091595854797,
                        0.07878488892674
                    ]
                },
                {
                    "type": "tuple",
                    "values": [
                        -0.05843320235509,
                        0.05849667195987
                    ]
                },
                {
                    "type": "tuple",
                    "values": [
                        -0.06386417368794876,
                        0.04913500115642554
                    ]
                },
                {
                    "type": "tuple",
                    "values": [
                        -0.06971371336947,
                        0.013594049005925531
                    ]
                },
                {
                    "type": "tuple",
                    "values": [
                        -0.046075571042265596,
                        0.08286744330015
                    ]
                },
                {
                    "type": "tuple",
                    "values": [
                        -0.04967203770549184,
                        0.05560577781742
                    ]
                }
            ]
        },
        "log_evidence": -30.964018661754395,
        "values_at_sigma_3": {
            "type": "list",
            "values": [
                {
                    "type": "tuple",
                    "values": [
                        -0.17479417831987,
                        0.013292654149616721
                    ]
                },
                {
                    "type": "tuple",
                    "values": [
                        -0.04231323535697,
                        0.100021038664381
                    ]
                },
                {
                    "type": "tuple",
                    "values": [
                        -0.18717688733181,
                        0.19711719321646
                    ]
                },
                {
                    "type": "tuple",
                    "values": [
                        -0.1306005048175357,
                        0.13581092056106855
                    ]
                },
                {
                    "type": "tuple",
                    "values": [
                        -0.09710811247822305,
                        0.09910881722367305
                    ]
                },
                {
                    "type": "tuple",
                    "values": [
                        -0.09989660880023,
                        0.09704647004407
                    ]
                },
                {
                    "type": "tuple",
                    "values": [
                        -0.09951267730806,
                        0.09985796112863
                    ]
                },
                {
                    "type": "tuple",
                    "values": [
                        -0.09812280564288,
                        0.09588344222506
                    ]
                }
            ]
        },
        "median_pdf_sample": {
            "type": "instance",
            "class_path": "autofit.non_linear.samples.sample.Sample",
            "arguments": {
                "log_likelihood": -16.214109003829247,
                "log_prior": 0.0,
                "weight": 0.0010574663973703996,
                "kwargs": {
                    "type": "dict",
                    "arguments": {
                        "ellipses.0.ell_comps.ell_comps_0": -0.025902382558418945,
                        "ellipses.0.ell_comps.ell_comps_1": 0.01324591927528,
                        "multipoles.0.multipole_1.multipole_comps.multipole_comps_0": 0.03558884465714,
                        "multipoles.0.multipole_1.multipole_comps.multipole_comps_1": -0.009890715909713877,
                        "multipoles.0.multipole_3.multipole_comps.multipole_comps_0": -0.01311009776757,
                        "multipoles.0.multipole_3.multipole_comps.multipole_comps_1": -0.01887439392544,
                        "multipoles.0.multipole_4.multipole_comps.multipole_comps_0": 0.04515208020032031,
                        "multipoles.0.multipole_4.multipole_comps.multipole_comps_1": -0.00535881155312
                    }
                }
            }
        },
        "max_log_likelihood_sample": {
            "type": "instance",
            "class_path": "autofit.non_linear.samples.sample.Sample",
            "arguments": {
                "log_likelihood": -16.214109003829247,
                "log_prior": 0.0,
                "weight": 0.0010574663973703996,
                "kwargs": {
                    "type": "dict",
                    "arguments": {
                        "ellipses.0.ell_comps.ell_comps_0": -0.00812907378661,
                        "ellipses.0.ell_comps.ell_comps_1": -0.01332528585157,
                        "multipoles.0.multipole_1.multipole_comps.multipole_comps_0": -0.05508738417714,
                        "multipoles.0.multipole_1.multipole_comps.multipole_comps_1": 0.00718591923024,
                        "multipoles.0.multipole_3.multipole_comps.multipole_comps_0": -0.00706836636279,
                        "multipoles.0.multipole_3.multipole_comps.multipole_comps_1": 0.00214568088172,
                        "multipoles.0.multipole_4.multipole_comps.multipole_comps_0": -0.08290651693714,
                        "multipoles.0.multipole_4.multipole_comps.multipole_comps_1": -0.03885910653208
                    }
                }
            }
        }
    }
}