{
    "type": "collection",
    "arguments": {
        "ellipses": {
            "type": "collection",
            "arguments": {
                "0": {
                    "type": "instance",
                    "class_path": "autogalaxy.ellipse.ellipse.ellipse.Ellipse",
                    "arguments": {
                        "ell_comps": {
                            "type": "tuple",
                            "values": [
                                0.00651864468186,
                                0.09635353630022
                            ]
                        },
                        "centre": {
                            "type": "tuple",
                            "values": [
                                0.00111973498256,
                                -0.00035747921574
                            ]
                        },
                        "major_axis": 0.25
                    }
                },
                "1": {
                    "type": "instance",
                    "class_path": "autogalaxy.ellipse.ellipse.ellipse.Ellipse",
                    "arguments": {
                        "ell_comps": {
                            "type": "tuple",
                            "values": [
                                0.01202915391237,
                                0.08967139360497
                            ]
                        },
                        "centre": {
                            "type": "tuple",
                            "values": [
                                0.00111973498256,
                                -0.00035747921574
                            ]
                        },
                        "major_axis": 0.5
                    }
                },
                "2": {
                    "type": "instance",
                    "class_path": "autogalaxy.ellipse.ellipse.ellipse.Ellipse",
                    "arguments": {
                        "ell_comps": {
                            "type": "tuple",
                            "values": [
                                0.01348734931232,
                                0.09941104962292
                            ]
                        },
                        "centre": {
                            "type": "tuple",
                            "values": [
                                0.00111973498256,
                                -0.00035747921574
                            ]
                        },
                        "major_axis": 0.75
                    }
                },
                "3": {
                    "type": "instance",
                    "class_path": "autogalaxy.ellipse.ellipse.ellipse.Ellipse",
                    "arguments": {
                        "ell_comps": {
                            "type": "tuple",
                            "values": [
                                0.00896248701513,
                                0.10143812269021
                            ]
                        },
                        "centre": {
                            "type": "tuple",
                            "values": [
                                0.00111973498256,
                                -0.00035747921574
                            ]
                        },
                        "major_axis": 1.0
                    }
                },
                "4": {
                    "type": "instance",
                    "class_path": "autogalaxy.ellipse.ellipse.ellipse.Ellipse",
                    "arguments": {
                        "ell_comps": {
                            "type": "tuple",
                            "values": [
                                0.01003686492712,
                                0.10139042414429
                            ]
                        },
                        "centre": {
                            "type": "tuple",
                            "values": [
                                0.00111973498256,
                                -0.00035747921574
                            ]
                        },
                        "major_axis": 1.25
                    }
                },
                "5": {
                    "type": "instance",
                    "class_path": "autogalaxy.ellipse.ellipse.ellipse.Ellipse",
                    "arguments": {
                        "ell_comps": {
                            "type": "tuple",
                            "values": [
                                0.00709300011492,
                                0.08162951364708
                            ]
                        },
                        "centre": {
                            "type": "tuple",
                            "values": [
                                0.00111973498256,
                                -0.00035747921574
                            ]
                        },
                        "major_axis": 1.5
                    }
                },
                "6": {
                    "type": "instance",
                    "class_path": "autogalaxy.ellipse.ellipse.ellipse.Ellipse",
                    "arguments": {
                        "ell_comps": {
                            "type": "tuple",
                            "values": [
                                0.0108367660955,
                                0.07171923314088
                            ]
                        },
                        "centre": {
                            "type": "tuple",
                            "values": [
                                0.00111973498256,
                                -0.00035747921574
                            ]
                        },
                        "major_axis": 1.75
                    }
                },
                "7": {
                    "type": "instance",
                    "class_path": "autogalaxy.ellipse.ellipse.ellipse.Ellipse",
                    "arguments": {
                        "ell_comps": {
                            "type": "tuple",
                            "values": [
                                0.00957963533375,
                                0.06178192548963
                            ]
                        },
                        "centre": {
                            "type": "tuple",
                            "values": [
                                0.00111973498256,
                                -0.00035747921574
                            ]
                        },
                        "major_axis": 2.0
                    }
                },
                "8": {
                    "type": "instance",
                    "class_path": "autogalaxy.ellipse.ellipse.ellipse.Ellipse",
                    "arguments": {
                        "ell_comps": {
                            "type": "tuple",
                            "values": [
                                0.00911964273647,
                                0.0404413741801
                            ]
                        },
                        "centre": {
                            "type": "tuple",
                            "values": [
                                0.00111973498256,
                                -0.00035747921574
                            ]
                        },
                        "major_axis": 2.25
                    }
                },
                "9": {
                    "type": "instance",
                    "class_path": "autogalaxy.ellipse.ellipse.ellipse.Ellipse",
                    "arguments": {
                        "ell_comps": {
                            "type": "tuple",
                            "values": [
                                0.01968252076718,
                                0.05589769234819
                            ]
                        },
                        "centre": {
                            "type": "tuple",
                            "values": [
                                0.00111973498256,
                                -0.00035747921574
                            ]
                        },
                        "major_axis": 2.5
                    }
                },
                "10": {
                    "type": "instance",
                    "class_path": "autogalaxy.ellipse.ellipse.ellipse.Ellipse",
                    "arguments": {
                        "ell_comps": {
                            "type": "tuple",
                            "values": [
                                0.0291443202623,
                                0.04976414903759
                            ]
                        },
                        "centre": {
                            "type": "tuple",
                            "values": [
                                0.00111973498256,
                                -0.00035747921574
                            ]
                        },
                        "major_axis": 2.75
                    }
                },
                "11": {
                    "type": "instance",
                    "class_path": "autogalaxy.ellipse.ellipse.ellipse.Ellipse",
                    "arguments": {
                        "ell_comps": {
                            "type": "tuple",
                            "values": [
                                0.01172311790413,
                                0.04726639259524
                            ]
                        },
                        "centre": {
                            "type": "tuple",
                            "values": [
                                0.00111973498256,
                                -0.00035747921574
                            ]
                        },
                        "major_axis": 3.0
                    }
                },
                "12": {
                    "type": "instance",
                    "class_path": "autogalaxy.ellipse.ellipse.ellipse.Ellipse",
                    "arguments": {
                        "ell_comps": {
                            "type": "tuple",
                            "values": [
                                0.04109736487156,
                                0.02429208457163
                            ]
                        },
                        "centre": {
                            "type": "tuple",
                            "values": [
                                0.00111973498256,
                                -0.00035747921574
                            ]
                        },
                        "major_axis": 3.25
                    }
                },
                "13": {
                    "type": "instance",
                    "class_path": "autogalaxy.ellipse.ellipse.ellipse.Ellipse",
                    "arguments": {
                        "ell_comps": {
                            "type": "tuple",
                            "values": [
                                0.03154773189199,
                                0.03324634554368
                            ]
                        },
                        "centre": {
                            "type": "tuple",
                            "values": [
                                0.00111973498256,
                                -0.00035747921574
                            ]
                        },
                        "major_axis": 3.5
                    }
                },
                "14": {
                    "type": "instance",
                    "class_path": "autogalaxy.ellipse.ellipse.ellipse.Ellipse",
                    "arguments": {
                        "ell_comps": {
                            "type": "tuple",
                            "values": [
                                0.04355371550524,
                                0.07197230486861
                            ]
                        },
                        "centre": {
                            "type": "tuple",
                            "values": [
                                0.00111973498256,
                                -0.00035747921574
                            ]
                        },
                        "major_axis": 3.75
                    }
                },
                "15": {
                    "type": "instance",
                    "class_path": "autogalaxy.ellipse.ellipse.ellipse.Ellipse",
                    "arguments": {
                        "ell_comps": {
                            "type": "tuple",
                            "values": [
                                0.02665055638484,
                                0.06609335632931
                            ]
                        },
                        "centre": {
                            "type": "tuple",
                            "values": [
                                0.00111973498256,
                                -0.00035747921574
                            ]
                        },
                        "major_axis": 4.0
                    }
                },
                "16": {
                    "type": "instance",
                    "class_path": "autogalaxy.ellipse.ellipse.ellipse.Ellipse",
                    "arguments": {
                        "ell_comps": {
                            "type": "tuple",
                            "values": [
                                -0.00406922974495,
                                0.02818797723655
                            ]
                        },
                        "centre": {
                            "type": "tuple",
                            "values": [
                                0.00111973498256,
                                -0.00035747921574
                            ]
                        },
                        "major_axis": 4.25
                    }
                },
                "17": {
                    "type": "instance",
                    "class_path": "autogalaxy.ellipse.ellipse.ellipse.Ellipse",
                    "arguments": {
                        "ell_comps": {
                            "type": "tuple",
                            "values": [
                                0.00944833141663,
                                0.01802204481686
                            ]
                        },
                        "centre": {
                            "type": "tuple",
                            "values": [
                                0.00111973498256,
                                -0.00035747921574
                            ]
                        },
                        "major_axis": 4.5
                    }
                },
                "18": {
                    "type": "instance",
                    "class_path": "autogalaxy.ellipse.ellipse.ellipse.Ellipse",
                    "arguments": {
                        "ell_comps": {
                            "type": "tuple",
                            "values": [
                                0.032249728093,
                                0.03389220272923
                            ]
                        },
                        "centre": {
                            "type": "tuple",
                            "values": [
                                0.00111973498256,
                                -0.00035747921574
                            ]
                        },
                        "major_axis": 4.75
                    }
                }
            }
        },
        "dummy_0": {
            "lower_limit": -0.1,
            "upper_limit": 0.1,
            "type": "Uniform",
            "id": 146
        }
    }
}