{
    "data_name": "J0113+0250",
    "redshift_lens": 0.623,
    "redshift_source": 2.6088,
    "velocity_dispersion": 850,
    "velocity_dispersion_error": -1,
    "slope_ritondale_map": 2.046,
    "slope_ritondale_multinest": 2.08,
    "slope_ritondale_error": 0.01,
    "r_dev": 2.8,
    "r_eff": 1.84,
    "slope": NaN,
    "slope_err": NaN,
    "r_ein": 1.24,
    "PA": 86,
    "q_SIE": 0.804,
    "dRA": -0.08,
    "dDEC": 0.02,
    "subhalo_grid_dimensions_arcsec": 3.0,
    "mask_inner_radius": 0.7,
    "mask_outer_radius": 2.2,
    "scaled_annular": 1,
    "detect_delaunay": 0,
    "bpl_source_mask": 0,
    "mask_circular_radii": 3.5
}