{
    "type": "instance",
    "class_path": "autofit.non_linear.samples.summary.SamplesSummary",
    "arguments": {
        "values_at_sigma_1": {
            "type": "list",
            "values": [
                {
                    "type": "tuple",
                    "values": [
                        0.005863143603195767,
                        0.05678905523071205
                    ]
                },
                {
                    "type": "tuple",
                    "values": [
                        0.06078844064989812,
                        0.13396619264064583
                    ]
                }
            ]
        },
        "values_at_sigma_3": {
            "type": "list",
            "values": [
                {
                    "type": "tuple",
                    "values": [
                        -0.35889828218886616,
                        0.14032500976389753
                    ]
                },
                {
                    "type": "tuple",
                    "values": [
                        -0.017248872465742825,
                        0.25515120588133
                    ]
                }
            ]
        },
        "max_log_likelihood_sample": {
            "type": "instance",
            "class_path": "autofit.non_linear.samples.sample.Sample",
            "arguments": {
                "log_likelihood": -19.15302451592268,
                "log_prior": 0.0,
                "weight": 0.0009842772801359097,
                "kwargs": {
                    "type": "dict",
                    "arguments": {
                        "ellipses.0.ell_comps.ell_comps_0": 0.03858278025257,
                        "ellipses.0.ell_comps.ell_comps_1": 0.06576715120032
                    }
                }
            }
        },
        "errors_at_sigma_1": {
            "type": "list",
            "values": [
                {
                    "type": "tuple",
                    "values": [
                        0.030416004164470017,
                        0.02050990746304627
                    ]
                },
                {
                    "type": "tuple",
                    "values": [
                        0.011132063181491555,
                        0.06204568880925615
                    ]
                }
            ]
        },
        "errors_at_sigma_3": {
            "type": "list",
            "values": [
                {
                    "type": "tuple",
                    "values": [
                        0.39517742995653193,
                        0.10404586199623175
                    ]
                },
                {
                    "type": "tuple",
                    "values": [
                        0.08916937629713251,
                        0.18323070204994032
                    ]
                }
            ]
        },
        "model": null,
        "median_pdf_sample": {
            "type": "instance",
            "class_path": "autofit.non_linear.samples.sample.Sample",
            "arguments": {
                "log_likelihood": -19.15302451592268,
                "log_prior": 0.0,
                "weight": 0.0009842772801359097,
                "kwargs": {
                    "type": "dict",
                    "arguments": {
                        "ellipses.0.ell_comps.ell_comps_0": 0.03627914776766578,
                        "ellipses.0.ell_comps.ell_comps_1": 0.07192050383138968
                    }
                }
            }
        },
        "log_evidence": -26.365061222331686
    }
}