{
    "type": "instance",
    "class_path": "autofit.non_linear.samples.summary.SamplesSummary",
    "arguments": {
        "model": null,
        "errors_at_sigma_1": {
            "type": "list",
            "values": [
                {
                    "type": "tuple",
                    "values": [
                        0.025965246254490714,
                        0.033687557277067674
                    ]
                },
                {
                    "type": "tuple",
                    "values": [
                        0.01837821590679,
                        0.025193901733489028
                    ]
                },
                {
                    "type": "tuple",
                    "values": [
                        0.018379322885416233,
                        0.017483544517543224
                    ]
                },
                {
                    "type": "tuple",
                    "values": [
                        0.01636433324483688,
                        0.020388396606104055
                    ]
                },
                {
                    "type": "tuple",
                    "values": [
                        0.025816096848879998,
                        0.02293861799923604
                    ]
                },
                {
                    "type": "tuple",
                    "values": [
                        0.027397858771,
                        0.0281730823424
                    ]
                }
            ]
        },
        "errors_at_sigma_3": {
            "type": "list",
            "values": [
                {
                    "type": "tuple",
                    "values": [
                        0.05054603240690729,
                        0.06877388415275769
                    ]
                },
                {
                    "type": "tuple",
                    "values": [
                        0.039741193403774425,
                        0.05866885367721644
                    ]
                },
                {
                    "type": "tuple",
                    "values": [
                        0.057994293932125816,
                        0.06411501416845976
                    ]
                },
                {
                    "type": "tuple",
                    "values": [
                        0.06147041864610946,
                        0.051478915291115014
                    ]
                },
                {
                    "type": "tuple",
                    "values": [
                        0.09849684083268043,
                        0.07349044747189999
                    ]
                },
                {
                    "type": "tuple",
                    "values": [
                        0.08049161404324,
                        0.07088799036422924
                    ]
                }
            ]
        },
        "max_log_likelihood_sample": {
            "type": "instance",
            "class_path": "autofit.non_linear.samples.sample.Sample",
            "arguments": {
                "log_likelihood": -12.70457772900463,
                "log_prior": 0.0,
                "weight": 0.0009941070045429963,
                "kwargs": {
                    "type": "dict",
                    "arguments": {
                        "ellipses.0.ell_comps.ell_comps_0": -0.01431586165127,
                        "ellipses.0.ell_comps.ell_comps_1": -0.03937977567818,
                        "multipoles.0.multipole_3.multipole_comps.multipole_comps_0": 0.01444604128913,
                        "multipoles.0.multipole_3.multipole_comps.multipole_comps_1": -0.01381238687037,
                        "multipoles.0.multipole_4.multipole_comps.multipole_comps_0": 0.03071838898074,
                        "multipoles.0.multipole_4.multipole_comps.multipole_comps_1": 0.01182904541162
                    }
                }
            }
        },
        "median_pdf_sample": {
            "type": "instance",
            "class_path": "autofit.non_linear.samples.sample.Sample",
            "arguments": {
                "log_likelihood": -12.70457772900463,
                "log_prior": 0.0,
                "weight": 0.0009941070045429963,
                "kwargs": {
                    "type": "dict",
                    "arguments": {
                        "ellipses.0.ell_comps.ell_comps_0": -0.0031826188764576767,
                        "ellipses.0.ell_comps.ell_comps_1": -0.03540901252119,
                        "multipoles.0.multipole_3.multipole_comps.multipole_comps_0": 0.0014949174666958177,
                        "multipoles.0.multipole_3.multipole_comps.multipole_comps_1": -0.0008930986027540568,
                        "multipoles.0.multipole_4.multipole_comps.multipole_comps_0": 0.00596812748654,
                        "multipoles.0.multipole_4.multipole_comps.multipole_comps_1": 0.02124889586742
                    }
                }
            }
        },
        "values_at_sigma_1": {
            "type": "list",
            "values": [
                {
                    "type": "tuple",
                    "values": [
                        -0.02914786513094839,
                        0.03050493840061
                    ]
                },
                {
                    "type": "tuple",
                    "values": [
                        -0.05378722842798,
                        -0.01021511078770097
                    ]
                },
                {
                    "type": "tuple",
                    "values": [
                        -0.016884405418720414,
                        0.018978461984239043
                    ]
                },
                {
                    "type": "tuple",
                    "values": [
                        -0.01725743184759094,
                        0.01949529800335
                    ]
                },
                {
                    "type": "tuple",
                    "values": [
                        -0.01984796936234,
                        0.02890674548577604
                    ]
                },
                {
                    "type": "tuple",
                    "values": [
                        -0.00614896290358,
                        0.04942197820982
                    ]
                }
            ]
        },
        "log_evidence": -26.93253793172696,
        "values_at_sigma_3": {
            "type": "list",
            "values": [
                {
                    "type": "tuple",
                    "values": [
                        -0.053728651283364966,
                        0.0655912652763
                    ]
                },
                {
                    "type": "tuple",
                    "values": [
                        -0.07515020592496442,
                        0.023259841156026445
                    ]
                },
                {
                    "type": "tuple",
                    "values": [
                        -0.05649937646543,
                        0.06560993163515558
                    ]
                },
                {
                    "type": "tuple",
                    "values": [
                        -0.06236351724886352,
                        0.05058581668836096
                    ]
                },
                {
                    "type": "tuple",
                    "values": [
                        -0.09252871334614042,
                        0.07945857495844
                    ]
                },
                {
                    "type": "tuple",
                    "values": [
                        -0.05924271817582,
                        0.09213688623164924
                    ]
                }
            ]
        }
    }
}