{
    "type": "instance",
    "class_path": "autofit.non_linear.samples.summary.SamplesSummary",
    "arguments": {
        "max_log_likelihood_sample": {
            "type": "instance",
            "class_path": "autofit.non_linear.samples.sample.Sample",
            "arguments": {
                "log_likelihood": -69.30799605480763,
                "log_prior": 0.0,
                "weight": 0.0010374115022223531,
                "kwargs": {
                    "type": "dict",
                    "arguments": {
                        "ellipses.0.ell_comps.ell_comps_0": -0.47434887888799,
                        "ellipses.0.ell_comps.ell_comps_1": 0.02680188217881,
                        "multipoles.0.multipole_3.multipole_comps.multipole_comps_0": 0.04145546385347,
                        "multipoles.0.multipole_3.multipole_comps.multipole_comps_1": -0.01474687704839,
                        "multipoles.0.multipole_4.multipole_comps.multipole_comps_0": -0.06833077996177,
                        "multipoles.0.multipole_4.multipole_comps.multipole_comps_1": 0.07959863852031
                    }
                }
            }
        },
        "model": null,
        "values_at_sigma_3": {
            "type": "list",
            "values": [
                {
                    "type": "tuple",
                    "values": [
                        -0.47863649611874,
                        -0.4673015651790488
                    ]
                },
                {
                    "type": "tuple",
                    "values": [
                        0.014552984739041465,
                        0.03884460050918
                    ]
                },
                {
                    "type": "tuple",
                    "values": [
                        0.0008967808511055519,
                        0.05894181768598
                    ]
                },
                {
                    "type": "tuple",
                    "values": [
                        -0.03969273470131,
                        0.0035547583474579295
                    ]
                },
                {
                    "type": "tuple",
                    "values": [
                        -0.07942187178506,
                        -0.01775798787749
                    ]
                },
                {
                    "type": "tuple",
                    "values": [
                        0.0516639429303382,
                        0.09771076880164903
                    ]
                }
            ]
        },
        "median_pdf_sample": {
            "type": "instance",
            "class_path": "autofit.non_linear.samples.sample.Sample",
            "arguments": {
                "log_likelihood": -69.30799605480763,
                "log_prior": 0.0,
                "weight": 0.0010374115022223531,
                "kwargs": {
                    "type": "dict",
                    "arguments": {
                        "ellipses.0.ell_comps.ell_comps_0": -0.47386721063201,
                        "ellipses.0.ell_comps.ell_comps_1": 0.02676153845084612,
                        "multipoles.0.multipole_3.multipole_comps.multipole_comps_0": 0.03654910754103,
                        "multipoles.0.multipole_3.multipole_comps.multipole_comps_1": -0.01796552305781,
                        "multipoles.0.multipole_4.multipole_comps.multipole_comps_0": -0.06227496920883,
                        "multipoles.0.multipole_4.multipole_comps.multipole_comps_1": 0.07416404159756072
                    }
                }
            }
        },
        "errors_at_sigma_3": {
            "type": "list",
            "values": [
                {
                    "type": "tuple",
                    "values": [
                        0.004769285486730002,
                        0.006565645452961177
                    ]
                },
                {
                    "type": "tuple",
                    "values": [
                        0.012208553711804654,
                        0.012083062058333878
                    ]
                },
                {
                    "type": "tuple",
                    "values": [
                        0.03565232668992445,
                        0.02239271014495
                    ]
                },
                {
                    "type": "tuple",
                    "values": [
                        0.021727211643499996,
                        0.02152028140526793
                    ]
                },
                {
                    "type": "tuple",
                    "values": [
                        0.017146902576229993,
                        0.04451698133134
                    ]
                },
                {
                    "type": "tuple",
                    "values": [
                        0.022500098667222523,
                        0.023546727204088305
                    ]
                }
            ]
        },
        "log_evidence": -90.54642562617346,
        "errors_at_sigma_1": {
            "type": "list",
            "values": [
                {
                    "type": "tuple",
                    "values": [
                        0.001431169761310469,
                        0.0017355030724600096
                    ]
                },
                {
                    "type": "tuple",
                    "values": [
                        0.0024846740589869604,
                        0.002670793443893881
                    ]
                },
                {
                    "type": "tuple",
                    "values": [
                        0.009258896247630002,
                        0.008569869982059997
                    ]
                },
                {
                    "type": "tuple",
                    "values": [
                        0.008371143644511095,
                        0.00839184534162
                    ]
                },
                {
                    "type": "tuple",
                    "values": [
                        0.007238393705449993,
                        0.01138993768879163
                    ]
                },
                {
                    "type": "tuple",
                    "values": [
                        0.008732249877310722,
                        0.010097428046939277
                    ]
                }
            ]
        },
        "values_at_sigma_1": {
            "type": "list",
            "values": [
                {
                    "type": "tuple",
                    "values": [
                        -0.47529838039332045,
                        -0.47213170755955
                    ]
                },
                {
                    "type": "tuple",
                    "values": [
                        0.02427686439185916,
                        0.02943233189474
                    ]
                },
                {
                    "type": "tuple",
                    "values": [
                        0.0272902112934,
                        0.04511897752309
                    ]
                },
                {
                    "type": "tuple",
                    "values": [
                        -0.026336666702321095,
                        -0.00957367771619
                    ]
                },
                {
                    "type": "tuple",
                    "values": [
                        -0.06951336291428,
                        -0.05088503152003837
                    ]
                },
                {
                    "type": "tuple",
                    "values": [
                        0.06543179172025,
                        0.0842614696445
                    ]
                }
            ]
        }
    }
}