{
    "type": "instance",
    "class_path": "autofit.non_linear.samples.summary.SamplesSummary",
    "arguments": {
        "median_pdf_sample": {
            "type": "instance",
            "class_path": "autofit.non_linear.samples.sample.Sample",
            "arguments": {
                "log_likelihood": -44.29649395065116,
                "log_prior": 0.0,
                "weight": 0.0009756215736540263,
                "kwargs": {
                    "type": "dict",
                    "arguments": {
                        "ellipses.0.ell_comps.ell_comps_0": -0.1337574602879187,
                        "ellipses.0.ell_comps.ell_comps_1": -0.009530268098685709,
                        "multipoles.0.multipole_3.multipole_comps.multipole_comps_0": 0.02557723857852,
                        "multipoles.0.multipole_3.multipole_comps.multipole_comps_1": -0.06164107241106,
                        "multipoles.0.multipole_4.multipole_comps.multipole_comps_0": 0.06355576564931982,
                        "multipoles.0.multipole_4.multipole_comps.multipole_comps_1": 0.02771339911472
                    }
                }
            }
        },
        "errors_at_sigma_3": {
            "type": "list",
            "values": [
                {
                    "type": "tuple",
                    "values": [
                        0.0454957508716991,
                        0.01165909584501626
                    ]
                },
                {
                    "type": "tuple",
                    "values": [
                        0.048479743728204294,
                        0.04269474740567367
                    ]
                },
                {
                    "type": "tuple",
                    "values": [
                        0.12451904850571659,
                        0.07380320370335
                    ]
                },
                {
                    "type": "tuple",
                    "values": [
                        0.03801979582852,
                        0.15872434535010188
                    ]
                },
                {
                    "type": "tuple",
                    "values": [
                        0.13098151746289002,
                        0.03563237925296871
                    ]
                },
                {
                    "type": "tuple",
                    "values": [
                        0.05831985540368641,
                        0.07110315309563
                    ]
                }
            ]
        },
        "log_evidence": -60.93029131393531,
        "values_at_sigma_3": {
            "type": "list",
            "values": [
                {
                    "type": "tuple",
                    "values": [
                        -0.17925321115961781,
                        -0.12209836444290245
                    ]
                },
                {
                    "type": "tuple",
                    "values": [
                        -0.05801001182689,
                        0.033164479306987966
                    ]
                },
                {
                    "type": "tuple",
                    "values": [
                        -0.09894180992719659,
                        0.09938044228187
                    ]
                },
                {
                    "type": "tuple",
                    "values": [
                        -0.09966086823958,
                        0.09708327293904188
                    ]
                },
                {
                    "type": "tuple",
                    "values": [
                        -0.0674257518135702,
                        0.09918814490228853
                    ]
                },
                {
                    "type": "tuple",
                    "values": [
                        -0.030606456288966407,
                        0.09881655221035
                    ]
                }
            ]
        },
        "max_log_likelihood_sample": {
            "type": "instance",
            "class_path": "autofit.non_linear.samples.sample.Sample",
            "arguments": {
                "log_likelihood": -44.29649395065116,
                "log_prior": 0.0,
                "weight": 0.0009756215736540263,
                "kwargs": {
                    "type": "dict",
                    "arguments": {
                        "ellipses.0.ell_comps.ell_comps_0": -0.13055890245456,
                        "ellipses.0.ell_comps.ell_comps_1": -0.00876790331898,
                        "multipoles.0.multipole_3.multipole_comps.multipole_comps_0": 0.01770278475297,
                        "multipoles.0.multipole_3.multipole_comps.multipole_comps_1": -0.0820668904615,
                        "multipoles.0.multipole_4.multipole_comps.multipole_comps_0": 0.0860160661669,
                        "multipoles.0.multipole_4.multipole_comps.multipole_comps_1": 0.04789639156594
                    }
                }
            }
        },
        "values_at_sigma_1": {
            "type": "list",
            "values": [
                {
                    "type": "tuple",
                    "values": [
                        -0.15179463405267715,
                        -0.13017199051081743
                    ]
                },
                {
                    "type": "tuple",
                    "values": [
                        -0.02352601497693,
                        -0.0019477812063787808
                    ]
                },
                {
                    "type": "tuple",
                    "values": [
                        -0.039616510587044074,
                        0.06831407005113463
                    ]
                },
                {
                    "type": "tuple",
                    "values": [
                        -0.08328856620564,
                        -0.02344882647314
                    ]
                },
                {
                    "type": "tuple",
                    "values": [
                        0.025632966940564807,
                        0.0848909987244302
                    ]
                },
                {
                    "type": "tuple",
                    "values": [
                        0.00890908910789,
                        0.06900919940613
                    ]
                }
            ]
        },
        "errors_at_sigma_1": {
            "type": "list",
            "values": [
                {
                    "type": "tuple",
                    "values": [
                        0.01803717376475844,
                        0.00358546977710128
                    ]
                },
                {
                    "type": "tuple",
                    "values": [
                        0.013995746878244291,
                        0.007582486892306927
                    ]
                },
                {
                    "type": "tuple",
                    "values": [
                        0.06519374916556407,
                        0.04273683147261463
                    ]
                },
                {
                    "type": "tuple",
                    "values": [
                        0.021647493794580003,
                        0.03819224593792
                    ]
                },
                {
                    "type": "tuple",
                    "values": [
                        0.037922798708755014,
                        0.021335233075110385
                    ]
                },
                {
                    "type": "tuple",
                    "values": [
                        0.01880431000683,
                        0.04129580029141
                    ]
                }
            ]
        },
        "model": null
    }
}