{
    "type": "instance",
    "class_path": "autofit.non_linear.samples.summary.SamplesSummary",
    "arguments": {
        "values_at_sigma_1": {
            "type": "list",
            "values": [
                {
                    "type": "tuple",
                    "values": [
                        0.08752006537660523,
                        0.09302134873684254
                    ]
                },
                {
                    "type": "tuple",
                    "values": [
                        0.20146657762380082,
                        0.20563202032432
                    ]
                },
                {
                    "type": "tuple",
                    "values": [
                        -0.018328087497361704,
                        -0.00160426333677
                    ]
                },
                {
                    "type": "tuple",
                    "values": [
                        0.013090392811325633,
                        0.03389354113560395
                    ]
                },
                {
                    "type": "tuple",
                    "values": [
                        -0.015434147250719942,
                        0.00608135009429
                    ]
                },
                {
                    "type": "tuple",
                    "values": [
                        -0.04209000901725556,
                        -0.017740864198046796
                    ]
                }
            ]
        },
        "errors_at_sigma_1": {
            "type": "list",
            "values": [
                {
                    "type": "tuple",
                    "values": [
                        0.0030260122278388674,
                        0.0024752711323984405
                    ]
                },
                {
                    "type": "tuple",
                    "values": [
                        0.001942665391874182,
                        0.00222277730864498
                    ]
                },
                {
                    "type": "tuple",
                    "values": [
                        0.007786564175091704,
                        0.008937259985499999
                    ]
                },
                {
                    "type": "tuple",
                    "values": [
                        0.011948033266390766,
                        0.008855115057887553
                    ]
                },
                {
                    "type": "tuple",
                    "values": [
                        0.009344891971431197,
                        0.012170605373578745
                    ]
                },
                {
                    "type": "tuple",
                    "values": [
                        0.014541602138122733,
                        0.009807542681086034
                    ]
                }
            ]
        },
        "median_pdf_sample": {
            "type": "instance",
            "class_path": "autofit.non_linear.samples.sample.Sample",
            "arguments": {
                "log_likelihood": -79.69075034676933,
                "log_prior": 0.0,
                "weight": 0.0009405576886089526,
                "kwargs": {
                    "type": "dict",
                    "arguments": {
                        "ellipses.0.ell_comps.ell_comps_0": 0.0905460776044441,
                        "ellipses.0.ell_comps.ell_comps_1": 0.203409243015675,
                        "multipoles.0.multipole_3.multipole_comps.multipole_comps_0": -0.01054152332227,
                        "multipoles.0.multipole_3.multipole_comps.multipole_comps_1": 0.0250384260777164,
                        "multipoles.0.multipole_4.multipole_comps.multipole_comps_0": -0.006089255279288744,
                        "multipoles.0.multipole_4.multipole_comps.multipole_comps_1": -0.02754840687913283
                    }
                }
            }
        },
        "errors_at_sigma_3": {
            "type": "list",
            "values": [
                {
                    "type": "tuple",
                    "values": [
                        0.0104417258839037,
                        0.009693860355302605
                    ]
                },
                {
                    "type": "tuple",
                    "values": [
                        0.006528621609831031,
                        0.010321880899371888
                    ]
                },
                {
                    "type": "tuple",
                    "values": [
                        0.023732678919630087,
                        0.039743424365059996
                    ]
                },
                {
                    "type": "tuple",
                    "values": [
                        0.0542686022502664,
                        0.026046068294453766
                    ]
                },
                {
                    "type": "tuple",
                    "values": [
                        0.0329211066858156,
                        0.043785124094878745
                    ]
                },
                {
                    "type": "tuple",
                    "values": [
                        0.05296770589632717,
                        0.02820414944382283
                    ]
                }
            ]
        },
        "model": null,
        "log_evidence": -99.61188911493126,
        "values_at_sigma_3": {
            "type": "list",
            "values": [
                {
                    "type": "tuple",
                    "values": [
                        0.0801043517205404,
                        0.1002399379597467
                    ]
                },
                {
                    "type": "tuple",
                    "values": [
                        0.19688062140584398,
                        0.2137311239150469
                    ]
                },
                {
                    "type": "tuple",
                    "values": [
                        -0.03427420224190009,
                        0.02920190104279
                    ]
                },
                {
                    "type": "tuple",
                    "values": [
                        -0.02923017617255,
                        0.051084494372170164
                    ]
                },
                {
                    "type": "tuple",
                    "values": [
                        -0.039010361965104344,
                        0.03769586881559
                    ]
                },
                {
                    "type": "tuple",
                    "values": [
                        -0.08051611277546,
                        0.00065574256469
                    ]
                }
            ]
        },
        "max_log_likelihood_sample": {
            "type": "instance",
            "class_path": "autofit.non_linear.samples.sample.Sample",
            "arguments": {
                "log_likelihood": -79.69075034676933,
                "log_prior": 0.0,
                "weight": 0.0009405576886089526,
                "kwargs": {
                    "type": "dict",
                    "arguments": {
                        "ellipses.0.ell_comps.ell_comps_0": 0.08966699707537,
                        "ellipses.0.ell_comps.ell_comps_1": 0.20293963076638,
                        "multipoles.0.multipole_3.multipole_comps.multipole_comps_0": -0.01349160403874,
                        "multipoles.0.multipole_3.multipole_comps.multipole_comps_1": 0.03334007240156,
                        "multipoles.0.multipole_4.multipole_comps.multipole_comps_0": -0.01000558439365,
                        "multipoles.0.multipole_4.multipole_comps.multipole_comps_1": -0.02530388140364
                    }
                }
            }
        }
    }
}