{
    "type": "instance",
    "class_path": "autofit.non_linear.samples.summary.SamplesSummary",
    "arguments": {
        "log_evidence": 43951.12809287528,
        "model": null,
        "median_pdf_sample": {
            "type": "instance",
            "class_path": "autofit.non_linear.samples.sample.Sample",
            "arguments": {
                "log_likelihood": 43974.0418386596,
                "log_prior": 0.12343770314254728,
                "weight": 2.470703154929555e-05,
                "kwargs": {
                    "type": "dict",
                    "arguments": {
                        "galaxies.lens.mass.ell_comps.ell_comps_0": -0.34341269667245944,
                        "galaxies.lens.mass.ell_comps.ell_comps_1": -0.06937882200599309,
                        "galaxies.lens.mass.einstein_radius": 1.0767407969010938,
                        "galaxies.lens.mass.centre.centre_0": 0.004336714112130519,
                        "galaxies.lens.mass.centre.centre_1": -0.011738687096267717,
                        "galaxies.lens.mass.slope": 2.020194474041495,
                        "galaxies.lens.shear.gamma_1": -0.0035660558751187056,
                        "galaxies.lens.shear.gamma_2": -0.05586136934509454
                    }
                }
            }
        },
        "values_at_sigma_3": {
            "type": "list",
            "values": [
                {
                    "type": "tuple",
                    "values": [
                        -0.5062168273139288,
                        -0.2031185409417592
                    ]
                },
                {
                    "type": "tuple",
                    "values": [
                        -0.18500644251342355,
                        0.047271232330580434
                    ]
                },
                {
                    "type": "tuple",
                    "values": [
                        0.9886533154467554,
                        1.2713359957066106
                    ]
                },
                {
                    "type": "tuple",
                    "values": [
                        -0.03764981285954595,
                        0.04146734222029816
                    ]
                },
                {
                    "type": "tuple",
                    "values": [
                        -0.061778068088807855,
                        0.04057162967147082
                    ]
                },
                {
                    "type": "tuple",
                    "values": [
                        1.9202675843724522,
                        2.1159165570450043
                    ]
                },
                {
                    "type": "tuple",
                    "values": [
                        -0.05570841585718178,
                        0.05254293009131208
                    ]
                },
                {
                    "type": "tuple",
                    "values": [
                        -0.12463493767886699,
                        -0.0005134847888722135
                    ]
                }
            ]
        },
        "max_log_likelihood_sample": {
            "type": "instance",
            "class_path": "autofit.non_linear.samples.sample.Sample",
            "arguments": {
                "log_likelihood": 43974.0418386596,
                "log_prior": 0.12343770314254728,
                "weight": 2.470703154929555e-05,
                "kwargs": {
                    "type": "dict",
                    "arguments": {
                        "galaxies.lens.mass.ell_comps.ell_comps_0": -0.3461298201273804,
                        "galaxies.lens.mass.ell_comps.ell_comps_1": -0.08292100558325682,
                        "galaxies.lens.mass.einstein_radius": 1.0779855864060517,
                        "galaxies.lens.mass.centre.centre_0": 0.003530041452956943,
                        "galaxies.lens.mass.centre.centre_1": -0.018607082471408368,
                        "galaxies.lens.mass.slope": 2.00484736718349,
                        "galaxies.lens.shear.gamma_1": -0.00930686855034,
                        "galaxies.lens.shear.gamma_2": -0.0603604864261
                    }
                }
            }
        },
        "values_at_sigma_1": {
            "type": "list",
            "values": [
                {
                    "type": "tuple",
                    "values": [
                        -0.40532966229346373,
                        -0.2826003552189775
                    ]
                },
                {
                    "type": "tuple",
                    "values": [
                        -0.11991744222629296,
                        -0.026248772445573953
                    ]
                },
                {
                    "type": "tuple",
                    "values": [
                        1.0335682636323658,
                        1.1362140183168408
                    ]
                },
                {
                    "type": "tuple",
                    "values": [
                        -0.007101320610623771,
                        0.016263311235825792
                    ]
                },
                {
                    "type": "tuple",
                    "values": [
                        -0.0332473307139994,
                        0.007075595040877169
                    ]
                },
                {
                    "type": "tuple",
                    "values": [
                        1.9895676844312846,
                        2.0497934560778344
                    ]
                },
                {
                    "type": "tuple",
                    "values": [
                        -0.02498939692879897,
                        0.016042367283741928
                    ]
                },
                {
                    "type": "tuple",
                    "values": [
                        -0.0795073913368279,
                        -0.034169329660182775
                    ]
                }
            ]
        },
        "errors_at_sigma_1": {
            "type": "list",
            "values": [
                {
                    "type": "tuple",
                    "values": [
                        0.061916965621004294,
                        0.060812341453481966
                    ]
                },
                {
                    "type": "tuple",
                    "values": [
                        0.05053862022029987,
                        0.04313004956041913
                    ]
                },
                {
                    "type": "tuple",
                    "values": [
                        0.04317253326872805,
                        0.05947322141574696
                    ]
                },
                {
                    "type": "tuple",
                    "values": [
                        0.01143803472275429,
                        0.011926597123695273
                    ]
                },
                {
                    "type": "tuple",
                    "values": [
                        0.021508643617731683,
                        0.018814282137144887
                    ]
                },
                {
                    "type": "tuple",
                    "values": [
                        0.03062678961021037,
                        0.029598982036339372
                    ]
                },
                {
                    "type": "tuple",
                    "values": [
                        0.021423341053680264,
                        0.019608423158860633
                    ]
                },
                {
                    "type": "tuple",
                    "values": [
                        0.02364602199173336,
                        0.021692039684911762
                    ]
                }
            ]
        },
        "errors_at_sigma_3": {
            "type": "list",
            "values": [
                {
                    "type": "tuple",
                    "values": [
                        0.16280413064146937,
                        0.14029415573070023
                    ]
                },
                {
                    "type": "tuple",
                    "values": [
                        0.11562762050743046,
                        0.11665005433657352
                    ]
                },
                {
                    "type": "tuple",
                    "values": [
                        0.08808748145433842,
                        0.1945951988055168
                    ]
                },
                {
                    "type": "tuple",
                    "values": [
                        0.04198652697167647,
                        0.03713062810816764
                    ]
                },
                {
                    "type": "tuple",
                    "values": [
                        0.05003938099254014,
                        0.052310316767738535
                    ]
                },
                {
                    "type": "tuple",
                    "values": [
                        0.09992688966904284,
                        0.09572208300350926
                    ]
                },
                {
                    "type": "tuple",
                    "values": [
                        0.052142359982063076,
                        0.05610898596643078
                    ]
                },
                {
                    "type": "tuple",
                    "values": [
                        0.06877356833377246,
                        0.055347884556222325
                    ]
                }
            ]
        }
    }
}