{
    "type": "instance",
    "class_path": "autofit.non_linear.samples.summary.SamplesSummary",
    "arguments": {
        "log_evidence": -83.63869513438985,
        "errors_at_sigma_1": {
            "type": "list",
            "values": [
                {
                    "type": "tuple",
                    "values": [
                        0.0021472441345578297,
                        0.001775248104563476
                    ]
                },
                {
                    "type": "tuple",
                    "values": [
                        0.0016200752092892928,
                        0.001951653131455025
                    ]
                },
                {
                    "type": "tuple",
                    "values": [
                        0.007598703278887977,
                        0.007941660625328176
                    ]
                },
                {
                    "type": "tuple",
                    "values": [
                        0.008808568931400002,
                        0.0105572170115
                    ]
                },
                {
                    "type": "tuple",
                    "values": [
                        0.010413694416779997,
                        0.00973252708119
                    ]
                },
                {
                    "type": "tuple",
                    "values": [
                        0.011087403698874627,
                        0.008938490703019997
                    ]
                }
            ]
        },
        "values_at_sigma_1": {
            "type": "list",
            "values": [
                {
                    "type": "tuple",
                    "values": [
                        0.0772839373441387,
                        0.08120642958326
                    ]
                },
                {
                    "type": "tuple",
                    "values": [
                        0.1057837062131947,
                        0.10935543455393902
                    ]
                },
                {
                    "type": "tuple",
                    "values": [
                        -0.004390269553872846,
                        0.011150094350343307
                    ]
                },
                {
                    "type": "tuple",
                    "values": [
                        -0.03110078743024,
                        -0.01173500148734
                    ]
                },
                {
                    "type": "tuple",
                    "values": [
                        -0.03555871366895,
                        -0.01541249217098
                    ]
                },
                {
                    "type": "tuple",
                    "values": [
                        0.029171681909155374,
                        0.04919757631105
                    ]
                }
            ]
        },
        "max_log_likelihood_sample": {
            "type": "instance",
            "class_path": "autofit.non_linear.samples.sample.Sample",
            "arguments": {
                "log_likelihood": -63.478157484512224,
                "log_prior": 0.0,
                "weight": 0.0010389047524676082,
                "kwargs": {
                    "type": "dict",
                    "arguments": {
                        "ellipses.0.ell_comps.ell_comps_0": 0.07820977248356,
                        "ellipses.0.ell_comps.ell_comps_1": 0.10696869494784,
                        "multipoles.0.multipole_3.multipole_comps.multipole_comps_0": 0.00741610273955,
                        "multipoles.0.multipole_3.multipole_comps.multipole_comps_1": -0.02711291408184,
                        "multipoles.0.multipole_4.multipole_comps.multipole_comps_0": -0.01879213773471,
                        "multipoles.0.multipole_4.multipole_comps.multipole_comps_1": 0.04445235483815
                    }
                }
            }
        },
        "model": null,
        "values_at_sigma_3": {
            "type": "list",
            "values": [
                {
                    "type": "tuple",
                    "values": [
                        0.0726805437015,
                        0.08544402622583228
                    ]
                },
                {
                    "type": "tuple",
                    "values": [
                        0.10117229876953,
                        0.1132143487965586
                    ]
                },
                {
                    "type": "tuple",
                    "values": [
                        -0.017671363669629056,
                        0.02990701868307
                    ]
                },
                {
                    "type": "tuple",
                    "values": [
                        -0.04892825766924432,
                        0.01173603893403
                    ]
                },
                {
                    "type": "tuple",
                    "values": [
                        -0.05699434330167,
                        0.003926829487749375
                    ]
                },
                {
                    "type": "tuple",
                    "values": [
                        0.00613027109184,
                        0.06679760592253
                    ]
                }
            ]
        },
        "errors_at_sigma_3": {
            "type": "list",
            "values": [
                {
                    "type": "tuple",
                    "values": [
                        0.006750637777196533,
                        0.0060128447471357455
                    ]
                },
                {
                    "type": "tuple",
                    "values": [
                        0.006231482652953993,
                        0.005810567374074607
                    ]
                },
                {
                    "type": "tuple",
                    "values": [
                        0.020879797394644187,
                        0.02669858495805487
                    ]
                },
                {
                    "type": "tuple",
                    "values": [
                        0.026636039170404323,
                        0.034028257432869996
                    ]
                },
                {
                    "type": "tuple",
                    "values": [
                        0.0318493240495,
                        0.029071848739919377
                    ]
                },
                {
                    "type": "tuple",
                    "values": [
                        0.03412881451619,
                        0.026538520314500005
                    ]
                }
            ]
        },
        "median_pdf_sample": {
            "type": "instance",
            "class_path": "autofit.non_linear.samples.sample.Sample",
            "arguments": {
                "log_likelihood": -63.478157484512224,
                "log_prior": 0.0,
                "weight": 0.0010389047524676082,
                "kwargs": {
                    "type": "dict",
                    "arguments": {
                        "ellipses.0.ell_comps.ell_comps_0": 0.07943118147869653,
                        "ellipses.0.ell_comps.ell_comps_1": 0.107403781422484,
                        "multipoles.0.multipole_3.multipole_comps.multipole_comps_0": 0.0032084337250151314,
                        "multipoles.0.multipole_3.multipole_comps.multipole_comps_1": -0.02229221849884,
                        "multipoles.0.multipole_4.multipole_comps.multipole_comps_0": -0.02514501925217,
                        "multipoles.0.multipole_4.multipole_comps.multipole_comps_1": 0.04025908560803
                    }
                }
            }
        }
    }
}