{
    "data_name": "J0903+4116",
    "redshift_lens": 0.43,
    "redshift_source": 1.065,
    "slope": NaN,
    "slope_err": NaN,
    "axis_ratio": 0.9,
    "position_angle": 161.3,
    "einstein_radius": 1.29,
    "log_Mein": 11.66,
    "Mein": 457088189614.8761,
    "marker": "p",
    "colour": "tan",
    "shear": 0.02,
    "sigma": NaN,
    "sigma_err": NaN,
    "log[M*/M]_chab": NaN,
    "log[M*/M]_salp": NaN,
    "log[Meff/M]": NaN,
    "f_dm_chab": NaN,
    "M200": NaN,
    "r_eff": 1.78,
    "gamma_shajib": 2.08,
    "shajib_ue": 0.06,
    "shajib_le": 0.07,
    "shear_shajib": 0.089,
    "shear_shajib_le": 0.088,
    "shear_shajib_ue": 0.009,
    "phi_shajib": 50.0,
    "phi_shajib_le": 51.0,
    "phi_shajib_ue": 3.0,
    "gamma_Barnabe": NaN,
    "Barnabe_le": NaN,
    "Barnabe_ue": NaN,
    "RA": "\"090315.19\"",
    "DEC": "\"+411609.1\"",
    "subhalo_grid_dimensions_arcsec": 2.2,
    "mask_inner_radius": 0.4,
    "mask_outer_radius": 2.5,
    "scaled_annular": 0,
    "detect_delaunay": 0,
    "bpl_source_mask": 0
}