{
    "type": "instance",
    "class_path": "autofit.non_linear.samples.summary.SamplesSummary",
    "arguments": {
        "model": null,
        "errors_at_sigma_3": {
            "type": "list",
            "values": [
                {
                    "type": "tuple",
                    "values": [
                        0.041805303312031826,
                        0.044489058007948314
                    ]
                },
                {
                    "type": "tuple",
                    "values": [
                        0.03934530446896142,
                        0.04243312809074143
                    ]
                },
                {
                    "type": "tuple",
                    "values": [
                        0.013605337590545608,
                        0.01792595509969308
                    ]
                },
                {
                    "type": "tuple",
                    "values": [
                        0.031394341217204545,
                        0.028846497733394955
                    ]
                },
                {
                    "type": "tuple",
                    "values": [
                        0.03399536141599793,
                        0.03364199541793868
                    ]
                },
                {
                    "type": "tuple",
                    "values": [
                        0.017293751124766703,
                        0.014615429647780794
                    ]
                },
                {
                    "type": "tuple",
                    "values": [
                        0.013156585082373507,
                        0.01323593330254438
                    ]
                },
                {
                    "type": "tuple",
                    "values": [
                        0.006509088629651048,
                        0.007515664495483526
                    ]
                },
                {
                    "type": "tuple",
                    "values": [
                        0.006493573998381443,
                        0.007130031571297161
                    ]
                },
                {
                    "type": "tuple",
                    "values": [
                        0.08718602165090128,
                        0.1233849563610474
                    ]
                },
                {
                    "type": "tuple",
                    "values": [
                        0.02553831044396165,
                        0.01872983224187453
                    ]
                },
                {
                    "type": "tuple",
                    "values": [
                        0.020541440374545878,
                        0.023048276754100205
                    ]
                }
            ]
        },
        "max_log_likelihood_sample": {
            "type": "instance",
            "class_path": "autofit.non_linear.samples.sample.Sample",
            "arguments": {
                "log_likelihood": 18696.691324545143,
                "log_prior": 0.22026536626641574,
                "weight": 5.717361311267851e-05,
                "kwargs": {
                    "type": "dict",
                    "arguments": {
                        "galaxies.lens.mass.ell_comps.ell_comps_0": 0.03970358380599223,
                        "galaxies.lens.mass.ell_comps.ell_comps_1": 0.0767480898641148,
                        "galaxies.lens.multipole_4.einstein_radius": 1.2920346997067482,
                        "galaxies.lens.multipole_4.centre.centre_0": -0.01236184421821282,
                        "galaxies.lens.multipole_4.centre.centre_1": -0.025906152008773886,
                        "galaxies.lens.multipole_3.multipole_comps.multipole_comps_0": 0.00819678801952,
                        "galaxies.lens.multipole_3.multipole_comps.multipole_comps_1": 0.00114183315873,
                        "galaxies.lens.multipole_4.multipole_comps.multipole_comps_0": -0.0030018816382,
                        "galaxies.lens.multipole_4.multipole_comps.multipole_comps_1": 0.00097420845786,
                        "galaxies.lens.multipole_4.slope": 2.05858639230778,
                        "galaxies.lens.shear.gamma_1": 0.01546228407911,
                        "galaxies.lens.shear.gamma_2": 0.03893518865562
                    }
                }
            }
        },
        "values_at_sigma_1": {
            "type": "list",
            "values": [
                {
                    "type": "tuple",
                    "values": [
                        0.02082730310336855,
                        0.0482365841958413
                    ]
                },
                {
                    "type": "tuple",
                    "values": [
                        0.06823794655321068,
                        0.09307566732813399
                    ]
                },
                {
                    "type": "tuple",
                    "values": [
                        1.2898925692200276,
                        1.2997265445443191
                    ]
                },
                {
                    "type": "tuple",
                    "values": [
                        -0.01816886772761554,
                        0.0010557135417673831
                    ]
                },
                {
                    "type": "tuple",
                    "values": [
                        -0.037062075277345355,
                        -0.014188688834273152
                    ]
                },
                {
                    "type": "tuple",
                    "values": [
                        0.0005991521883430211,
                        0.011408048479697029
                    ]
                },
                {
                    "type": "tuple",
                    "values": [
                        -0.00433578652936362,
                        0.004553605633698852
                    ]
                },
                {
                    "type": "tuple",
                    "values": [
                        -0.005944928203492944,
                        -0.0015752275595272269
                    ]
                },
                {
                    "type": "tuple",
                    "values": [
                        -0.001715372595140799,
                        0.002703677934429563
                    ]
                },
                {
                    "type": "tuple",
                    "values": [
                        2.054682868890252,
                        2.1132634038437423
                    ]
                },
                {
                    "type": "tuple",
                    "values": [
                        0.008018557737716751,
                        0.021369181903764387
                    ]
                },
                {
                    "type": "tuple",
                    "values": [
                        0.030887942179553117,
                        0.04458687509977024
                    ]
                }
            ]
        },
        "log_evidence": 18653.290098767735,
        "errors_at_sigma_1": {
            "type": "list",
            "values": [
                {
                    "type": "tuple",
                    "values": [
                        0.013060403682136689,
                        0.01434887741033606
                    ]
                },
                {
                    "type": "tuple",
                    "values": [
                        0.012455089901142843,
                        0.01238263087378047
                    ]
                },
                {
                    "type": "tuple",
                    "values": [
                        0.004710976379374232,
                        0.005122998944917301
                    ]
                },
                {
                    "type": "tuple",
                    "values": [
                        0.010134443778285105,
                        0.009090137491097817
                    ]
                },
                {
                    "type": "tuple",
                    "values": [
                        0.011518344106017132,
                        0.01135504233705507
                    ]
                },
                {
                    "type": "tuple",
                    "values": [
                        0.005808145599608726,
                        0.005000750691745282
                    ]
                },
                {
                    "type": "tuple",
                    "values": [
                        0.004405821719179831,
                        0.004483570443882641
                    ]
                },
                {
                    "type": "tuple",
                    "values": [
                        0.0021970084752737256,
                        0.0021726921686919917
                    ]
                },
                {
                    "type": "tuple",
                    "values": [
                        0.002162905498844352,
                        0.00225614503072601
                    ]
                },
                {
                    "type": "tuple",
                    "values": [
                        0.027767289822474783,
                        0.030813245131015687
                    ]
                },
                {
                    "type": "tuple",
                    "values": [
                        0.00699104923870484,
                        0.006359574927342796
                    ]
                },
                {
                    "type": "tuple",
                    "values": [
                        0.006415785176615819,
                        0.007283147743601302
                    ]
                }
            ]
        },
        "median_pdf_sample": {
            "type": "instance",
            "class_path": "autofit.non_linear.samples.sample.Sample",
            "arguments": {
                "log_likelihood": 18696.691324545143,
                "log_prior": 0.22026536626641574,
                "weight": 5.717361311267851e-05,
                "kwargs": {
                    "type": "dict",
                    "arguments": {
                        "galaxies.lens.mass.ell_comps.ell_comps_0": 0.03388770678550524,
                        "galaxies.lens.mass.ell_comps.ell_comps_1": 0.08069303645435352,
                        "galaxies.lens.multipole_4.einstein_radius": 1.2946035455994018,
                        "galaxies.lens.multipole_4.centre.centre_0": -0.008034423949330434,
                        "galaxies.lens.multipole_4.centre.centre_1": -0.025543731171328223,
                        "galaxies.lens.multipole_3.multipole_comps.multipole_comps_0": 0.006407297787951747,
                        "galaxies.lens.multipole_3.multipole_comps.multipole_comps_1": 7.003518981621078e-05,
                        "galaxies.lens.multipole_4.multipole_comps.multipole_comps_0": -0.0037479197282192186,
                        "galaxies.lens.multipole_4.multipole_comps.multipole_comps_1": 0.00044753290370355296,
                        "galaxies.lens.multipole_4.slope": 2.0824501587127267,
                        "galaxies.lens.shear.gamma_1": 0.015009606976421591,
                        "galaxies.lens.shear.gamma_2": 0.037303727356168936
                    }
                }
            }
        },
        "values_at_sigma_3": {
            "type": "list",
            "values": [
                {
                    "type": "tuple",
                    "values": [
                        -0.007917596526526583,
                        0.07837676479345355
                    ]
                },
                {
                    "type": "tuple",
                    "values": [
                        0.0413477319853921,
                        0.12312616454509495
                    ]
                },
                {
                    "type": "tuple",
                    "values": [
                        1.2809982080088562,
                        1.312529500699095
                    ]
                },
                {
                    "type": "tuple",
                    "values": [
                        -0.03942876516653498,
                        0.02081207378406452
                    ]
                },
                {
                    "type": "tuple",
                    "values": [
                        -0.059539092587326155,
                        0.008098264246610457
                    ]
                },
                {
                    "type": "tuple",
                    "values": [
                        -0.010886453336814955,
                        0.021022727435732542
                    ]
                },
                {
                    "type": "tuple",
                    "values": [
                        -0.013086549892557297,
                        0.013305968492360591
                    ]
                },
                {
                    "type": "tuple",
                    "values": [
                        -0.010257008357870266,
                        0.0037677447672643067
                    ]
                },
                {
                    "type": "tuple",
                    "values": [
                        -0.006046041094677891,
                        0.007577564475000713
                    ]
                },
                {
                    "type": "tuple",
                    "values": [
                        1.9952641370618254,
                        2.205835115073774
                    ]
                },
                {
                    "type": "tuple",
                    "values": [
                        -0.010528703467540059,
                        0.03373943921829612
                    ]
                },
                {
                    "type": "tuple",
                    "values": [
                        0.01676228698162306,
                        0.06035200411026914
                    ]
                }
            ]
        }
    }
}