{
    "type": "instance",
    "class_path": "autofit.non_linear.samples.summary.SamplesSummary",
    "arguments": {
        "values_at_sigma_3": {
            "type": "list",
            "values": [
                {
                    "type": "tuple",
                    "values": [
                        -0.05299053356688072,
                        0.00463055346433
                    ]
                },
                {
                    "type": "tuple",
                    "values": [
                        -0.10708843701503491,
                        -0.06509980444311035
                    ]
                },
                {
                    "type": "tuple",
                    "values": [
                        -0.0862615193787,
                        0.06763637270168492
                    ]
                },
                {
                    "type": "tuple",
                    "values": [
                        -0.08012144271465307,
                        0.09947635618439
                    ]
                },
                {
                    "type": "tuple",
                    "values": [
                        -0.09845786049291,
                        0.09109980644463819
                    ]
                },
                {
                    "type": "tuple",
                    "values": [
                        -0.07391981944442663,
                        0.09499040285867
                    ]
                }
            ]
        },
        "values_at_sigma_1": {
            "type": "list",
            "values": [
                {
                    "type": "tuple",
                    "values": [
                        -0.03161310538621,
                        -0.02132994281096
                    ]
                },
                {
                    "type": "tuple",
                    "values": [
                        -0.09537272561045,
                        -0.08985626717772764
                    ]
                },
                {
                    "type": "tuple",
                    "values": [
                        -0.017976216537716742,
                        0.02946199302532387
                    ]
                },
                {
                    "type": "tuple",
                    "values": [
                        0.019248567189636797,
                        0.08245615912257438
                    ]
                },
                {
                    "type": "tuple",
                    "values": [
                        -0.07065194258813,
                        -0.00501226273632
                    ]
                },
                {
                    "type": "tuple",
                    "values": [
                        0.00451678100516,
                        0.048010203690958805
                    ]
                }
            ]
        },
        "errors_at_sigma_3": {
            "type": "list",
            "values": [
                {
                    "type": "tuple",
                    "values": [
                        0.025147026284050723,
                        0.03247406074716
                    ]
                },
                {
                    "type": "tuple",
                    "values": [
                        0.01431075095348118,
                        0.02767788161844338
                    ]
                },
                {
                    "type": "tuple",
                    "values": [
                        0.09927616212486,
                        0.05462172995552492
                    ]
                },
                {
                    "type": "tuple",
                    "values": [
                        0.14186113251908308,
                        0.03773666637996
                    ]
                },
                {
                    "type": "tuple",
                    "values": [
                        0.05908485205593205,
                        0.13047281488161613
                    ]
                },
                {
                    "type": "tuple",
                    "values": [
                        0.10311894016074775,
                        0.06579128214234888
                    ]
                }
            ]
        },
        "model": null,
        "errors_at_sigma_1": {
            "type": "list",
            "values": [
                {
                    "type": "tuple",
                    "values": [
                        0.003769598103379998,
                        0.006513564471869997
                    ]
                },
                {
                    "type": "tuple",
                    "values": [
                        0.002595039548896269,
                        0.0029214188838260907
                    ]
                },
                {
                    "type": "tuple",
                    "values": [
                        0.030990859283876744,
                        0.016447350279163872
                    ]
                },
                {
                    "type": "tuple",
                    "values": [
                        0.04249112261479321,
                        0.02071646931814438
                    ]
                },
                {
                    "type": "tuple",
                    "values": [
                        0.03127893415115205,
                        0.034360745700657946
                    ]
                },
                {
                    "type": "tuple",
                    "values": [
                        0.024682339711161128,
                        0.01881108297463768
                    ]
                }
            ]
        },
        "max_log_likelihood_sample": {
            "type": "instance",
            "class_path": "autofit.non_linear.samples.sample.Sample",
            "arguments": {
                "log_likelihood": -35.811540154764764,
                "log_prior": 0.0,
                "weight": 0.0010610356892405278,
                "kwargs": {
                    "type": "dict",
                    "arguments": {
                        "ellipses.0.ell_comps.ell_comps_0": -0.03168946880946,
                        "ellipses.0.ell_comps.ell_comps_1": -0.09287469669298,
                        "multipoles.0.multipole_3.multipole_comps.multipole_comps_0": 0.02581077598361,
                        "multipoles.0.multipole_3.multipole_comps.multipole_comps_1": 0.07189982410431,
                        "multipoles.0.multipole_4.multipole_comps.multipole_comps_0": -0.02270094907052,
                        "multipoles.0.multipole_4.multipole_comps.multipole_comps_1": 0.04126581044523
                    }
                }
            }
        },
        "log_evidence": -53.04156452658396,
        "median_pdf_sample": {
            "type": "instance",
            "class_path": "autofit.non_linear.samples.sample.Sample",
            "arguments": {
                "log_likelihood": -35.811540154764764,
                "log_prior": 0.0,
                "weight": 0.0010610356892405278,
                "kwargs": {
                    "type": "dict",
                    "arguments": {
                        "ellipses.0.ell_comps.ell_comps_0": -0.02784350728283,
                        "ellipses.0.ell_comps.ell_comps_1": -0.09277768606155373,
                        "multipoles.0.multipole_3.multipole_comps.multipole_comps_0": 0.01301464274616,
                        "multipoles.0.multipole_3.multipole_comps.multipole_comps_1": 0.06173968980443,
                        "multipoles.0.multipole_4.multipole_comps.multipole_comps_0": -0.03937300843697795,
                        "multipoles.0.multipole_4.multipole_comps.multipole_comps_1": 0.029199120716321126
                    }
                }
            }
        }
    }
}