{
    "type": "instance",
    "class_path": "autofit.non_linear.samples.summary.SamplesSummary",
    "arguments": {
        "max_log_likelihood_sample": {
            "type": "instance",
            "class_path": "autofit.non_linear.samples.sample.Sample",
            "arguments": {
                "log_likelihood": -46.47457309529723,
                "log_prior": 0.0,
                "weight": 0.0008852941182504895,
                "kwargs": {
                    "type": "dict",
                    "arguments": {
                        "ellipses.0.ell_comps.ell_comps_0": 0.05916891283366,
                        "ellipses.0.ell_comps.ell_comps_1": -0.05305838365082,
                        "multipoles.0.multipole_1.multipole_comps.multipole_comps_0": 0.05578850582263,
                        "multipoles.0.multipole_1.multipole_comps.multipole_comps_1": 0.06890052248155,
                        "multipoles.0.multipole_3.multipole_comps.multipole_comps_0": -0.009013184931,
                        "multipoles.0.multipole_3.multipole_comps.multipole_comps_1": -0.03518232676073,
                        "multipoles.0.multipole_4.multipole_comps.multipole_comps_0": 0.06855694895707,
                        "multipoles.0.multipole_4.multipole_comps.multipole_comps_1": 0.00968055627966
                    }
                }
            }
        },
        "log_evidence": -67.91222448200986,
        "errors_at_sigma_3": {
            "type": "list",
            "values": [
                {
                    "type": "tuple",
                    "values": [
                        0.01862773093852,
                        0.05414816848186999
                    ]
                },
                {
                    "type": "tuple",
                    "values": [
                        0.08107073550254364,
                        0.009666003577512502
                    ]
                },
                {
                    "type": "tuple",
                    "values": [
                        0.20162408441360014,
                        0.09233424552036
                    ]
                },
                {
                    "type": "tuple",
                    "values": [
                        0.1524450482070533,
                        0.10840880782461262
                    ]
                },
                {
                    "type": "tuple",
                    "values": [
                        0.0780007733767253,
                        0.1022263775280547
                    ]
                },
                {
                    "type": "tuple",
                    "values": [
                        0.061600883359289996,
                        0.12042671088121
                    ]
                },
                {
                    "type": "tuple",
                    "values": [
                        0.1543626153587588,
                        0.021808550933724927
                    ]
                },
                {
                    "type": "tuple",
                    "values": [
                        0.04655420743283,
                        0.0860352417023642
                    ]
                }
            ]
        },
        "values_at_sigma_1": {
            "type": "list",
            "values": [
                {
                    "type": "tuple",
                    "values": [
                        0.05067721880642,
                        0.06823756352658
                    ]
                },
                {
                    "type": "tuple",
                    "values": [
                        -0.09643616000705188,
                        -0.05031229109861456
                    ]
                },
                {
                    "type": "tuple",
                    "values": [
                        0.05939776574898,
                        0.12234432284236188
                    ]
                },
                {
                    "type": "tuple",
                    "values": [
                        -0.0669346072332,
                        0.056552731291830256
                    ]
                },
                {
                    "type": "tuple",
                    "values": [
                        -0.036899190515519625,
                        0.03668638626067913
                    ]
                },
                {
                    "type": "tuple",
                    "values": [
                        -0.04127217056621384,
                        0.02517073474545
                    ]
                },
                {
                    "type": "tuple",
                    "values": [
                        0.0288805929525,
                        0.09319245770651237
                    ]
                },
                {
                    "type": "tuple",
                    "values": [
                        -0.07581399556562,
                        0.0009304665103309611
                    ]
                }
            ]
        },
        "errors_at_sigma_1": {
            "type": "list",
            "values": [
                {
                    "type": "tuple",
                    "values": [
                        0.00474999030237,
                        0.01281035441779
                    ]
                },
                {
                    "type": "tuple",
                    "values": [
                        0.04265045212824188,
                        0.003473416780195436
                    ]
                },
                {
                    "type": "tuple",
                    "values": [
                        0.035609278411410004,
                        0.027337278681971874
                    ]
                },
                {
                    "type": "tuple",
                    "values": [
                        0.0510345799515733,
                        0.07245275857345695
                    ]
                },
                {
                    "type": "tuple",
                    "values": [
                        0.019492660609984915,
                        0.05409291616621384
                    ]
                },
                {
                    "type": "tuple",
                    "values": [
                        0.016128681670313838,
                        0.05031422364135
                    ]
                },
                {
                    "type": "tuple",
                    "values": [
                        0.04911525564869932,
                        0.01519660910531305
                    ]
                },
                {
                    "type": "tuple",
                    "values": [
                        0.023260552464170005,
                        0.05348390961178096
                    ]
                }
            ]
        },
        "median_pdf_sample": {
            "type": "instance",
            "class_path": "autofit.non_linear.samples.sample.Sample",
            "arguments": {
                "log_likelihood": -46.47457309529723,
                "log_prior": 0.0,
                "weight": 0.0008852941182504895,
                "kwargs": {
                    "type": "dict",
                    "arguments": {
                        "ellipses.0.ell_comps.ell_comps_0": 0.05542720910879,
                        "ellipses.0.ell_comps.ell_comps_1": -0.05378570787881,
                        "multipoles.0.multipole_1.multipole_comps.multipole_comps_0": 0.09500704416039,
                        "multipoles.0.multipole_1.multipole_comps.multipole_comps_1": -0.01590002728162669,
                        "multipoles.0.multipole_3.multipole_comps.multipole_comps_0": -0.01740652990553471,
                        "multipoles.0.multipole_3.multipole_comps.multipole_comps_1": -0.0251434888959,
                        "multipoles.0.multipole_4.multipole_comps.multipole_comps_0": 0.07799584860119932,
                        "multipoles.0.multipole_4.multipole_comps.multipole_comps_1": -0.05255344310145
                    }
                }
            }
        },
        "model": null,
        "values_at_sigma_3": {
            "type": "list",
            "values": [
                {
                    "type": "tuple",
                    "values": [
                        0.03679947817027,
                        0.10957537759066
                    ]
                },
                {
                    "type": "tuple",
                    "values": [
                        -0.13485644338135364,
                        -0.0441197043012975
                    ]
                },
                {
                    "type": "tuple",
                    "values": [
                        -0.10661704025321013,
                        0.18734128968075
                    ]
                },
                {
                    "type": "tuple",
                    "values": [
                        -0.16834507548868,
                        0.09250878054298593
                    ]
                },
                {
                    "type": "tuple",
                    "values": [
                        -0.09540730328226,
                        0.08481984762252
                    ]
                },
                {
                    "type": "tuple",
                    "values": [
                        -0.08674437225519,
                        0.09528322198531
                    ]
                },
                {
                    "type": "tuple",
                    "values": [
                        -0.07636676675755949,
                        0.09980439953492425
                    ]
                },
                {
                    "type": "tuple",
                    "values": [
                        -0.09910765053428,
                        0.03348179860091421
                    ]
                }
            ]
        }
    }
}