{
    "type": "instance",
    "class_path": "autofit.non_linear.samples.summary.SamplesSummary",
    "arguments": {
        "errors_at_sigma_1": {
            "type": "list",
            "values": [
                {
                    "type": "tuple",
                    "values": [
                        0.03872557484930299,
                        0.04318131681409636
                    ]
                },
                {
                    "type": "tuple",
                    "values": [
                        0.014981544225136825,
                        0.042257142795492045
                    ]
                },
                {
                    "type": "tuple",
                    "values": [
                        0.05789511447622036,
                        0.03715137275275921
                    ]
                },
                {
                    "type": "tuple",
                    "values": [
                        0.02875033536600815,
                        0.03582087799543542
                    ]
                },
                {
                    "type": "tuple",
                    "values": [
                        0.06470483079168361,
                        0.04501504265633071
                    ]
                },
                {
                    "type": "tuple",
                    "values": [
                        0.06626914012032,
                        0.0421266573809551
                    ]
                }
            ]
        },
        "values_at_sigma_1": {
            "type": "list",
            "values": [
                {
                    "type": "tuple",
                    "values": [
                        -0.028940497449809345,
                        0.05296639421359
                    ]
                },
                {
                    "type": "tuple",
                    "values": [
                        -0.1200611555661,
                        -0.06282246854547113
                    ]
                },
                {
                    "type": "tuple",
                    "values": [
                        -0.05656352293756041,
                        0.03848296429141916
                    ]
                },
                {
                    "type": "tuple",
                    "values": [
                        -0.01288520718545,
                        0.051686006175993573
                    ]
                },
                {
                    "type": "tuple",
                    "values": [
                        -0.024641614405643615,
                        0.08507825904237071
                    ]
                },
                {
                    "type": "tuple",
                    "values": [
                        -0.05018993113755,
                        0.0582058663637251
                    ]
                }
            ]
        },
        "values_at_sigma_3": {
            "type": "list",
            "values": [
                {
                    "type": "tuple",
                    "values": [
                        -0.10579776695261181,
                        0.09593754040134042
                    ]
                },
                {
                    "type": "tuple",
                    "values": [
                        -0.1697457268461,
                        0.08591952081892694
                    ]
                },
                {
                    "type": "tuple",
                    "values": [
                        -0.09883121078626597,
                        0.08452260938898182
                    ]
                },
                {
                    "type": "tuple",
                    "values": [
                        -0.09509245082358,
                        0.09932031569832181
                    ]
                },
                {
                    "type": "tuple",
                    "values": [
                        -0.09130646997422,
                        0.09943894391639288
                    ]
                },
                {
                    "type": "tuple",
                    "values": [
                        -0.09187617974812,
                        0.09856196597794505
                    ]
                }
            ]
        },
        "model": null,
        "median_pdf_sample": {
            "type": "instance",
            "class_path": "autofit.non_linear.samples.sample.Sample",
            "arguments": {
                "log_likelihood": -12.979219698978822,
                "log_prior": 0.0,
                "weight": 0.0010390379496032795,
                "kwargs": {
                    "type": "dict",
                    "arguments": {
                        "ellipses.0.ell_comps.ell_comps_0": 0.00978507739949364,
                        "ellipses.0.ell_comps.ell_comps_1": -0.10507961134096318,
                        "multipoles.0.multipole_3.multipole_comps.multipole_comps_0": 0.0013315915386599496,
                        "multipoles.0.multipole_3.multipole_comps.multipole_comps_1": 0.01586512818055815,
                        "multipoles.0.multipole_4.multipole_comps.multipole_comps_0": 0.04006321638604,
                        "multipoles.0.multipole_4.multipole_comps.multipole_comps_1": 0.01607920898277
                    }
                }
            }
        },
        "log_evidence": -25.115894615852,
        "max_log_likelihood_sample": {
            "type": "instance",
            "class_path": "autofit.non_linear.samples.sample.Sample",
            "arguments": {
                "log_likelihood": -12.979219698978822,
                "log_prior": 0.0,
                "weight": 0.0010390379496032795,
                "kwargs": {
                    "type": "dict",
                    "arguments": {
                        "ellipses.0.ell_comps.ell_comps_0": 0.00808727702645,
                        "ellipses.0.ell_comps.ell_comps_1": -0.11501018430573,
                        "multipoles.0.multipole_3.multipole_comps.multipole_comps_0": -0.03291500803961,
                        "multipoles.0.multipole_3.multipole_comps.multipole_comps_1": 0.00730082930258,
                        "multipoles.0.multipole_4.multipole_comps.multipole_comps_0": -0.03451313064953,
                        "multipoles.0.multipole_4.multipole_comps.multipole_comps_1": -0.04137809931506
                    }
                }
            }
        },
        "errors_at_sigma_3": {
            "type": "list",
            "values": [
                {
                    "type": "tuple",
                    "values": [
                        0.11558284435210545,
                        0.08615246300184679
                    ]
                },
                {
                    "type": "tuple",
                    "values": [
                        0.06466611550513683,
                        0.19099913215989012
                    ]
                },
                {
                    "type": "tuple",
                    "values": [
                        0.10016280232492591,
                        0.08319101785032187
                    ]
                },
                {
                    "type": "tuple",
                    "values": [
                        0.11095757900413816,
                        0.08345518751776365
                    ]
                },
                {
                    "type": "tuple",
                    "values": [
                        0.13136968636026,
                        0.05937572753035288
                    ]
                },
                {
                    "type": "tuple",
                    "values": [
                        0.10795538873089,
                        0.08248275699517504
                    ]
                }
            ]
        }
    }
}