{
    "type": "instance",
    "class_path": "autofit.non_linear.samples.summary.SamplesSummary",
    "arguments": {
        "values_at_sigma_3": {
            "type": "list",
            "values": [
                {
                    "type": "tuple",
                    "values": [
                        0.01756520986129,
                        0.07843948540565
                    ]
                },
                {
                    "type": "tuple",
                    "values": [
                        -0.14046418061597,
                        -0.06490050261665123
                    ]
                },
                {
                    "type": "tuple",
                    "values": [
                        -0.16543982190954,
                        0.17676275591402013
                    ]
                },
                {
                    "type": "tuple",
                    "values": [
                        -0.0372704337838,
                        0.1824135292644013
                    ]
                },
                {
                    "type": "tuple",
                    "values": [
                        0.01815271137574035,
                        0.09995386325996501
                    ]
                },
                {
                    "type": "tuple",
                    "values": [
                        -0.09919128873609,
                        0.09685827817590702
                    ]
                },
                {
                    "type": "tuple",
                    "values": [
                        -0.09576883226944627,
                        0.07973870583461
                    ]
                },
                {
                    "type": "tuple",
                    "values": [
                        -0.09579222864572,
                        0.09612649151435
                    ]
                }
            ]
        },
        "errors_at_sigma_1": {
            "type": "list",
            "values": [
                {
                    "type": "tuple",
                    "values": [
                        0.006154031065953788,
                        0.0065754416183090095
                    ]
                },
                {
                    "type": "tuple",
                    "values": [
                        0.018880595983679777,
                        0.014198756479930227
                    ]
                },
                {
                    "type": "tuple",
                    "values": [
                        0.041154855000784016,
                        0.05907540292439216
                    ]
                },
                {
                    "type": "tuple",
                    "values": [
                        0.04043767160802046,
                        0.046511565776484284
                    ]
                },
                {
                    "type": "tuple",
                    "values": [
                        0.016555777461478793,
                        0.012124111234179114
                    ]
                },
                {
                    "type": "tuple",
                    "values": [
                        0.04113081565888261,
                        0.04513013043328648
                    ]
                },
                {
                    "type": "tuple",
                    "values": [
                        0.029849761491456933,
                        0.028552510197249078
                    ]
                },
                {
                    "type": "tuple",
                    "values": [
                        0.039051005339049996,
                        0.046115907583821
                    ]
                }
            ]
        },
        "median_pdf_sample": {
            "type": "instance",
            "class_path": "autofit.non_linear.samples.sample.Sample",
            "arguments": {
                "log_likelihood": -47.63201508266192,
                "log_prior": 0.0,
                "weight": 0.0010538043371056602,
                "kwargs": {
                    "type": "dict",
                    "arguments": {
                        "ellipses.0.ell_comps.ell_comps_0": 0.03782958910631,
                        "ellipses.0.ell_comps.ell_comps_1": -0.09521558971546022,
                        "multipoles.0.multipole_1.multipole_comps.multipole_comps_0": 0.052906491953274015,
                        "multipoles.0.multipole_1.multipole_comps.multipole_comps_1": 0.08442711771317572,
                        "multipoles.0.multipole_3.multipole_comps.multipole_comps_0": 0.08100250019448252,
                        "multipoles.0.multipole_3.multipole_comps.multipole_comps_1": -0.0326741620183074,
                        "multipoles.0.multipole_4.multipole_comps.multipole_comps_0": 0.005120620439126933,
                        "multipoles.0.multipole_4.multipole_comps.multipole_comps_1": -0.01085806038776
                    }
                }
            }
        },
        "max_log_likelihood_sample": {
            "type": "instance",
            "class_path": "autofit.non_linear.samples.sample.Sample",
            "arguments": {
                "log_likelihood": -47.63201508266192,
                "log_prior": 0.0,
                "weight": 0.0010538043371056602,
                "kwargs": {
                    "type": "dict",
                    "arguments": {
                        "ellipses.0.ell_comps.ell_comps_0": 0.04328129798281,
                        "ellipses.0.ell_comps.ell_comps_1": -0.08227814628754,
                        "multipoles.0.multipole_1.multipole_comps.multipole_comps_0": 0.09602594033377,
                        "multipoles.0.multipole_1.multipole_comps.multipole_comps_1": 0.03759365986354,
                        "multipoles.0.multipole_3.multipole_comps.multipole_comps_0": 0.08053606213382,
                        "multipoles.0.multipole_3.multipole_comps.multipole_comps_1": -0.02217392803509,
                        "multipoles.0.multipole_4.multipole_comps.multipole_comps_0": 0.01556964871184,
                        "multipoles.0.multipole_4.multipole_comps.multipole_comps_1": -0.04682175888169
                    }
                }
            }
        },
        "values_at_sigma_1": {
            "type": "list",
            "values": [
                {
                    "type": "tuple",
                    "values": [
                        0.03167555804035621,
                        0.04440503072461901
                    ]
                },
                {
                    "type": "tuple",
                    "values": [
                        -0.11409618569914,
                        -0.08101683323553
                    ]
                },
                {
                    "type": "tuple",
                    "values": [
                        0.01175163695249,
                        0.11198189487766617
                    ]
                },
                {
                    "type": "tuple",
                    "values": [
                        0.04398944610515526,
                        0.13093868348966
                    ]
                },
                {
                    "type": "tuple",
                    "values": [
                        0.06444672273300373,
                        0.09312661142866163
                    ]
                },
                {
                    "type": "tuple",
                    "values": [
                        -0.07380497767719,
                        0.012455968414979084
                    ]
                },
                {
                    "type": "tuple",
                    "values": [
                        -0.02472914105233,
                        0.03367313063637601
                    ]
                },
                {
                    "type": "tuple",
                    "values": [
                        -0.04990906572681,
                        0.035257847196061
                    ]
                }
            ]
        },
        "model": null,
        "log_evidence": -67.42412346668208,
        "errors_at_sigma_3": {
            "type": "list",
            "values": [
                {
                    "type": "tuple",
                    "values": [
                        0.02026437924502,
                        0.040609896299340004
                    ]
                },
                {
                    "type": "tuple",
                    "values": [
                        0.04524859090050977,
                        0.030315087098808993
                    ]
                },
                {
                    "type": "tuple",
                    "values": [
                        0.21834631386281403,
                        0.12385626396074612
                    ]
                },
                {
                    "type": "tuple",
                    "values": [
                        0.12169755149697573,
                        0.09798641155122557
                    ]
                },
                {
                    "type": "tuple",
                    "values": [
                        0.06284978881874217,
                        0.018951363065482493
                    ]
                },
                {
                    "type": "tuple",
                    "values": [
                        0.0665171267177826,
                        0.12953244019421442
                    ]
                },
                {
                    "type": "tuple",
                    "values": [
                        0.1008894527085732,
                        0.07461808539548306
                    ]
                },
                {
                    "type": "tuple",
                    "values": [
                        0.08493416825795999,
                        0.10698455190211001
                    ]
                }
            ]
        }
    }
}