{
    "type": "instance",
    "class_path": "autofit.non_linear.samples.summary.SamplesSummary",
    "arguments": {
        "median_pdf_sample": {
            "type": "instance",
            "class_path": "autofit.non_linear.samples.sample.Sample",
            "arguments": {
                "log_likelihood": -8652.168601552517,
                "log_prior": 1.846114819500255,
                "weight": 4.1968031663892085e-05,
                "kwargs": {
                    "type": "dict",
                    "arguments": {
                        "galaxies.lens.mass.ell_comps.ell_comps_0": -0.14287788909086732,
                        "galaxies.lens.mass.ell_comps.ell_comps_1": -0.03658283812080171,
                        "galaxies.lens.multipole_4.einstein_radius": 1.6786169540977873,
                        "galaxies.lens.multipole_4.centre.centre_0": -0.02020756296560218,
                        "galaxies.lens.multipole_4.centre.centre_1": 0.004819632663234868,
                        "galaxies.lens.multipole_3.multipole_comps.multipole_comps_0": -0.006841954626358373,
                        "galaxies.lens.multipole_3.multipole_comps.multipole_comps_1": 0.003380575103977319,
                        "galaxies.lens.multipole_4.multipole_comps.multipole_comps_0": -0.0010875541991343769,
                        "galaxies.lens.multipole_4.multipole_comps.multipole_comps_1": 0.006648800451470619,
                        "galaxies.lens.multipole_4.slope": 1.8707810090886838,
                        "galaxies.lens.shear.gamma_1": 0.009805166808798433,
                        "galaxies.lens.shear.gamma_2": -0.038987314892307744
                    }
                }
            }
        },
        "errors_at_sigma_1": {
            "type": "list",
            "values": [
                {
                    "type": "tuple",
                    "values": [
                        0.007639313625171507,
                        0.00836886082156496
                    ]
                },
                {
                    "type": "tuple",
                    "values": [
                        0.006055554700351205,
                        0.005615617206979114
                    ]
                },
                {
                    "type": "tuple",
                    "values": [
                        0.0031338459767717985,
                        0.004996045738914212
                    ]
                },
                {
                    "type": "tuple",
                    "values": [
                        0.005140962312915921,
                        0.005609746488926384
                    ]
                },
                {
                    "type": "tuple",
                    "values": [
                        0.004894493827302924,
                        0.004189426600145595
                    ]
                },
                {
                    "type": "tuple",
                    "values": [
                        0.001760953470892129,
                        0.0018991198936779852
                    ]
                },
                {
                    "type": "tuple",
                    "values": [
                        0.0016624684200095884,
                        0.0017770214515585997
                    ]
                },
                {
                    "type": "tuple",
                    "values": [
                        0.0012525541902846185,
                        0.0013106983646656674
                    ]
                },
                {
                    "type": "tuple",
                    "values": [
                        0.0015128170916287424,
                        0.0014797006810228011
                    ]
                },
                {
                    "type": "tuple",
                    "values": [
                        0.012747568328148384,
                        0.028038440299788636
                    ]
                },
                {
                    "type": "tuple",
                    "values": [
                        0.0035743700721785603,
                        0.003485325237741005
                    ]
                },
                {
                    "type": "tuple",
                    "values": [
                        0.005270400667078845,
                        0.006274684916952086
                    ]
                }
            ]
        },
        "errors_at_sigma_3": {
            "type": "list",
            "values": [
                {
                    "type": "tuple",
                    "values": [
                        0.02381685890471369,
                        0.024974387668771136
                    ]
                },
                {
                    "type": "tuple",
                    "values": [
                        0.019907896010711856,
                        0.016903889711620646
                    ]
                },
                {
                    "type": "tuple",
                    "values": [
                        0.009708200469084272,
                        0.013573878581629062
                    ]
                },
                {
                    "type": "tuple",
                    "values": [
                        0.015567834754741085,
                        0.01811960554395109
                    ]
                },
                {
                    "type": "tuple",
                    "values": [
                        0.017088067033231964,
                        0.011792681866917253
                    ]
                },
                {
                    "type": "tuple",
                    "values": [
                        0.005713728328073933,
                        0.006393418044410034
                    ]
                },
                {
                    "type": "tuple",
                    "values": [
                        0.004783462977605343,
                        0.006563362228656433
                    ]
                },
                {
                    "type": "tuple",
                    "values": [
                        0.0036523713598550535,
                        0.00450502476799432
                    ]
                },
                {
                    "type": "tuple",
                    "values": [
                        0.004675359766613605,
                        0.004833065398866533
                    ]
                },
                {
                    "type": "tuple",
                    "values": [
                        0.039464871607323815,
                        0.0705149480618863
                    ]
                },
                {
                    "type": "tuple",
                    "values": [
                        0.011355268467760023,
                        0.010959346699954188
                    ]
                },
                {
                    "type": "tuple",
                    "values": [
                        0.015379199464997662,
                        0.018868724623573592
                    ]
                }
            ]
        },
        "model": null,
        "values_at_sigma_1": {
            "type": "list",
            "values": [
                {
                    "type": "tuple",
                    "values": [
                        -0.15051720271603883,
                        -0.13450902826930236
                    ]
                },
                {
                    "type": "tuple",
                    "values": [
                        -0.042638392821152914,
                        -0.030967220913822594
                    ]
                },
                {
                    "type": "tuple",
                    "values": [
                        1.6754831081210155,
                        1.6836129998367015
                    ]
                },
                {
                    "type": "tuple",
                    "values": [
                        -0.0253485252785181,
                        -0.014597816476675796
                    ]
                },
                {
                    "type": "tuple",
                    "values": [
                        -7.486116406805543e-05,
                        0.009009059263380463
                    ]
                },
                {
                    "type": "tuple",
                    "values": [
                        -0.008602908097250502,
                        -0.004942834732680388
                    ]
                },
                {
                    "type": "tuple",
                    "values": [
                        0.0017181066839677308,
                        0.005157596555535919
                    ]
                },
                {
                    "type": "tuple",
                    "values": [
                        -0.0023401083894189953,
                        0.0002231441655312905
                    ]
                },
                {
                    "type": "tuple",
                    "values": [
                        0.005135983359841877,
                        0.00812850113249342
                    ]
                },
                {
                    "type": "tuple",
                    "values": [
                        1.8580334407605354,
                        1.8988194493884725
                    ]
                },
                {
                    "type": "tuple",
                    "values": [
                        0.006230796736619873,
                        0.013290492046539438
                    ]
                },
                {
                    "type": "tuple",
                    "values": [
                        -0.04425771555938659,
                        -0.03271262997535566
                    ]
                }
            ]
        },
        "log_evidence": -8704.707519444553,
        "max_log_likelihood_sample": {
            "type": "instance",
            "class_path": "autofit.non_linear.samples.sample.Sample",
            "arguments": {
                "log_likelihood": -8652.168601552517,
                "log_prior": 1.846114819500255,
                "weight": 4.1968031663892085e-05,
                "kwargs": {
                    "type": "dict",
                    "arguments": {
                        "galaxies.lens.mass.ell_comps.ell_comps_0": -0.146610929407561,
                        "galaxies.lens.mass.ell_comps.ell_comps_1": -0.03532178222146451,
                        "galaxies.lens.multipole_4.einstein_radius": 1.6765647518666664,
                        "galaxies.lens.multipole_4.centre.centre_0": -0.02241657392267949,
                        "galaxies.lens.multipole_4.centre.centre_1": 0.006933141079661517,
                        "galaxies.lens.multipole_3.multipole_comps.multipole_comps_0": -0.00765687869691,
                        "galaxies.lens.multipole_3.multipole_comps.multipole_comps_1": 0.0021430278788,
                        "galaxies.lens.multipole_4.multipole_comps.multipole_comps_0": -0.00093999557883,
                        "galaxies.lens.multipole_4.multipole_comps.multipole_comps_1": 0.00679217053702,
                        "galaxies.lens.multipole_4.slope": 1.86300807697393,
                        "galaxies.lens.shear.gamma_1": 0.01021158343779,
                        "galaxies.lens.shear.gamma_2": -0.04268895981661
                    }
                }
            }
        },
        "values_at_sigma_3": {
            "type": "list",
            "values": [
                {
                    "type": "tuple",
                    "values": [
                        -0.166694747995581,
                        -0.11790350142209619
                    ]
                },
                {
                    "type": "tuple",
                    "values": [
                        -0.056490734131513565,
                        -0.019678948409181062
                    ]
                },
                {
                    "type": "tuple",
                    "values": [
                        1.668908753628703,
                        1.6921908326794164
                    ]
                },
                {
                    "type": "tuple",
                    "values": [
                        -0.035775397720343265,
                        -0.0020879574216510887
                    ]
                },
                {
                    "type": "tuple",
                    "values": [
                        -0.012268434369997097,
                        0.01661231453015212
                    ]
                },
                {
                    "type": "tuple",
                    "values": [
                        -0.012555682954432306,
                        -0.00044853658194833916
                    ]
                },
                {
                    "type": "tuple",
                    "values": [
                        -0.0014028878736280237,
                        0.009943937332633752
                    ]
                },
                {
                    "type": "tuple",
                    "values": [
                        -0.00473992555898943,
                        0.003417470568859943
                    ]
                },
                {
                    "type": "tuple",
                    "values": [
                        0.001973440684857015,
                        0.011481865850337152
                    ]
                },
                {
                    "type": "tuple",
                    "values": [
                        1.83131613748136,
                        1.9412959571505701
                    ]
                },
                {
                    "type": "tuple",
                    "values": [
                        -0.00155010165896159,
                        0.02076451350875262
                    ]
                },
                {
                    "type": "tuple",
                    "values": [
                        -0.054366514357305405,
                        -0.02011859026873415
                    ]
                }
            ]
        }
    }
}