{
    "type": "instance",
    "class_path": "autofit.non_linear.samples.summary.SamplesSummary",
    "arguments": {
        "errors_at_sigma_3": {
            "type": "list",
            "values": [
                {
                    "type": "tuple",
                    "values": [
                        0.04400445189788855,
                        0.06714390626200176
                    ]
                },
                {
                    "type": "tuple",
                    "values": [
                        0.03374627304569958,
                        0.05363575395489042
                    ]
                },
                {
                    "type": "tuple",
                    "values": [
                        0.084383115546937,
                        0.081133070870676
                    ]
                },
                {
                    "type": "tuple",
                    "values": [
                        0.0594509374288146,
                        0.0808388764437154
                    ]
                },
                {
                    "type": "tuple",
                    "values": [
                        0.11454731968656792,
                        0.07148819504502156
                    ]
                },
                {
                    "type": "tuple",
                    "values": [
                        0.08717498083315849,
                        0.08187899754378204
                    ]
                }
            ]
        },
        "max_log_likelihood_sample": {
            "type": "instance",
            "class_path": "autofit.non_linear.samples.sample.Sample",
            "arguments": {
                "log_likelihood": -20.466333957910834,
                "log_prior": 0.0,
                "weight": 0.001041072792866289,
                "kwargs": {
                    "type": "dict",
                    "arguments": {
                        "ellipses.0.ell_comps.ell_comps_0": 0.08468727970119,
                        "ellipses.0.ell_comps.ell_comps_1": 0.03993338442765,
                        "multipoles.0.multipole_3.multipole_comps.multipole_comps_0": -0.00565401492969,
                        "multipoles.0.multipole_3.multipole_comps.multipole_comps_1": -0.03191205295267,
                        "multipoles.0.multipole_4.multipole_comps.multipole_comps_0": 0.00507958818986,
                        "multipoles.0.multipole_4.multipole_comps.multipole_comps_1": -0.01276956860089
                    }
                }
            }
        },
        "values_at_sigma_1": {
            "type": "list",
            "values": [
                {
                    "type": "tuple",
                    "values": [
                        0.07907491264236344,
                        0.11794977011800396
                    ]
                },
                {
                    "type": "tuple",
                    "values": [
                        0.03776346613149493,
                        0.06534560931672
                    ]
                },
                {
                    "type": "tuple",
                    "values": [
                        -0.03221727649904485,
                        0.0461121307483
                    ]
                },
                {
                    "type": "tuple",
                    "values": [
                        -0.024113699309663866,
                        0.03474744608276
                    ]
                },
                {
                    "type": "tuple",
                    "values": [
                        -0.02726222265209047,
                        0.05065258800056323
                    ]
                },
                {
                    "type": "tuple",
                    "values": [
                        -0.03168868523297257,
                        0.027481850988937156
                    ]
                }
            ]
        },
        "errors_at_sigma_1": {
            "type": "list",
            "values": [
                {
                    "type": "tuple",
                    "values": [
                        0.009766775164627484,
                        0.029108082311013042
                    ]
                },
                {
                    "type": "tuple",
                    "values": [
                        0.013587747072484654,
                        0.013994396112740413
                    ]
                },
                {
                    "type": "tuple",
                    "values": [
                        0.041089889850811856,
                        0.037239517396533
                    ]
                },
                {
                    "type": "tuple",
                    "values": [
                        0.024733820122978468,
                        0.034127325269445404
                    ]
                },
                {
                    "type": "tuple",
                    "values": [
                        0.04982616641987779,
                        0.02808864423277591
                    ]
                },
                {
                    "type": "tuple",
                    "values": [
                        0.03412490958691148,
                        0.025045626634998246
                    ]
                }
            ]
        },
        "values_at_sigma_3": {
            "type": "list",
            "values": [
                {
                    "type": "tuple",
                    "values": [
                        0.04483723590910237,
                        0.15598559406899268
                    ]
                },
                {
                    "type": "tuple",
                    "values": [
                        0.01760494015828,
                        0.10498696715887
                    ]
                },
                {
                    "type": "tuple",
                    "values": [
                        -0.07551050219517,
                        0.09000568422244301
                    ]
                },
                {
                    "type": "tuple",
                    "values": [
                        -0.0588308166155,
                        0.08145899725703
                    ]
                },
                {
                    "type": "tuple",
                    "values": [
                        -0.0919833759187806,
                        0.09405213881280888
                    ]
                },
                {
                    "type": "tuple",
                    "values": [
                        -0.08473875647921958,
                        0.08431522189772095
                    ]
                }
            ]
        },
        "median_pdf_sample": {
            "type": "instance",
            "class_path": "autofit.non_linear.samples.sample.Sample",
            "arguments": {
                "log_likelihood": -20.466333957910834,
                "log_prior": 0.0,
                "weight": 0.001041072792866289,
                "kwargs": {
                    "type": "dict",
                    "arguments": {
                        "ellipses.0.ell_comps.ell_comps_0": 0.08884168780699092,
                        "ellipses.0.ell_comps.ell_comps_1": 0.05135121320397958,
                        "multipoles.0.multipole_3.multipole_comps.multipole_comps_0": 0.008872613351767002,
                        "multipoles.0.multipole_3.multipole_comps.multipole_comps_1": 0.0006201208133146009,
                        "multipoles.0.multipole_4.multipole_comps.multipole_comps_0": 0.02256394376778732,
                        "multipoles.0.multipole_4.multipole_comps.multipole_comps_1": 0.002436224353938909
                    }
                }
            }
        },
        "log_evidence": -33.74103920873383,
        "model": null
    }
}