{
    "type": "instance",
    "class_path": "autofit.non_linear.samples.summary.SamplesSummary",
    "arguments": {
        "log_evidence": -62.93611298318133,
        "errors_at_sigma_3": {
            "type": "list",
            "values": [
                {
                    "type": "tuple",
                    "values": [
                        0.02222951949192,
                        0.03043313173647
                    ]
                },
                {
                    "type": "tuple",
                    "values": [
                        0.04238721449664,
                        0.045752492071409995
                    ]
                },
                {
                    "type": "tuple",
                    "values": [
                        0.12211189833059302,
                        0.1286016892522822
                    ]
                },
                {
                    "type": "tuple",
                    "values": [
                        0.11791695548725953,
                        0.11372740225709893
                    ]
                },
                {
                    "type": "tuple",
                    "values": [
                        0.12103546868572929,
                        0.07110973633717406
                    ]
                },
                {
                    "type": "tuple",
                    "values": [
                        0.08112296039436248,
                        0.10264807748609
                    ]
                },
                {
                    "type": "tuple",
                    "values": [
                        0.054764346545298354,
                        0.11179845132040164
                    ]
                },
                {
                    "type": "tuple",
                    "values": [
                        0.10079092779250493,
                        0.08654417052907176
                    ]
                }
            ]
        },
        "median_pdf_sample": {
            "type": "instance",
            "class_path": "autofit.non_linear.samples.sample.Sample",
            "arguments": {
                "log_likelihood": -42.99800053384318,
                "log_prior": 0.0,
                "weight": 0.000824227102953398,
                "kwargs": {
                    "type": "dict",
                    "arguments": {
                        "ellipses.0.ell_comps.ell_comps_0": -0.05845634301467,
                        "ellipses.0.ell_comps.ell_comps_1": 0.06831925598188,
                        "multipoles.0.multipole_1.multipole_comps.multipole_comps_0": 0.01119193040101987,
                        "multipoles.0.multipole_1.multipole_comps.multipole_comps_1": -0.010478227437604147,
                        "multipoles.0.multipole_3.multipole_comps.multipole_comps_0": 0.025004912022779737,
                        "multipoles.0.multipole_3.multipole_comps.multipole_comps_1": -0.01553430016805,
                        "multipoles.0.multipole_4.multipole_comps.multipole_comps_0": -0.044777060219901646,
                        "multipoles.0.multipole_4.multipole_comps.multipole_comps_1": 0.00092928319545
                    }
                }
            }
        },
        "errors_at_sigma_1": {
            "type": "list",
            "values": [
                {
                    "type": "tuple",
                    "values": [
                        0.010764633593464877,
                        0.007943741857154088
                    ]
                },
                {
                    "type": "tuple",
                    "values": [
                        0.010257256585570002,
                        0.0062547786532101135
                    ]
                },
                {
                    "type": "tuple",
                    "values": [
                        0.053497861870875726,
                        0.05689752716903984
                    ]
                },
                {
                    "type": "tuple",
                    "values": [
                        0.04824981870602347,
                        0.03639667882074415
                    ]
                },
                {
                    "type": "tuple",
                    "values": [
                        0.034085076323401894,
                        0.045016116532099124
                    ]
                },
                {
                    "type": "tuple",
                    "values": [
                        0.04313114577909687,
                        0.04060134900488314
                    ]
                },
                {
                    "type": "tuple",
                    "values": [
                        0.03212786393068835,
                        0.027215659515581647
                    ]
                },
                {
                    "type": "tuple",
                    "values": [
                        0.06300109249212031,
                        0.04786631303317
                    ]
                }
            ]
        },
        "model": null,
        "values_at_sigma_3": {
            "type": "list",
            "values": [
                {
                    "type": "tuple",
                    "values": [
                        -0.08068586250659,
                        -0.0280232112782
                    ]
                },
                {
                    "type": "tuple",
                    "values": [
                        0.02593204148524,
                        0.11407174805329
                    ]
                },
                {
                    "type": "tuple",
                    "values": [
                        -0.11091996792957315,
                        0.13979361965330206
                    ]
                },
                {
                    "type": "tuple",
                    "values": [
                        -0.12839518292486368,
                        0.10324917481949479
                    ]
                },
                {
                    "type": "tuple",
                    "values": [
                        -0.09603055666294955,
                        0.0961146483599538
                    ]
                },
                {
                    "type": "tuple",
                    "values": [
                        -0.09665726056241249,
                        0.08711377731804
                    ]
                },
                {
                    "type": "tuple",
                    "values": [
                        -0.0995414067652,
                        0.0670213911005
                    ]
                },
                {
                    "type": "tuple",
                    "values": [
                        -0.09986164459705492,
                        0.08747345372452177
                    ]
                }
            ]
        },
        "values_at_sigma_1": {
            "type": "list",
            "values": [
                {
                    "type": "tuple",
                    "values": [
                        -0.06922097660813488,
                        -0.050512601157515914
                    ]
                },
                {
                    "type": "tuple",
                    "values": [
                        0.05806199939631,
                        0.07457403463509012
                    ]
                },
                {
                    "type": "tuple",
                    "values": [
                        -0.042305931469855854,
                        0.06808945757005971
                    ]
                },
                {
                    "type": "tuple",
                    "values": [
                        -0.058728046143627616,
                        0.02591845138314
                    ]
                },
                {
                    "type": "tuple",
                    "values": [
                        -0.009080164300622157,
                        0.07002102855487886
                    ]
                },
                {
                    "type": "tuple",
                    "values": [
                        -0.05866544594714687,
                        0.025067048836833136
                    ]
                },
                {
                    "type": "tuple",
                    "values": [
                        -0.07690492415059,
                        -0.01756140070432
                    ]
                },
                {
                    "type": "tuple",
                    "values": [
                        -0.062071809296670305,
                        0.04879559622862
                    ]
                }
            ]
        },
        "max_log_likelihood_sample": {
            "type": "instance",
            "class_path": "autofit.non_linear.samples.sample.Sample",
            "arguments": {
                "log_likelihood": -42.99800053384318,
                "log_prior": 0.0,
                "weight": 0.000824227102953398,
                "kwargs": {
                    "type": "dict",
                    "arguments": {
                        "ellipses.0.ell_comps.ell_comps_0": -0.05552719446982,
                        "ellipses.0.ell_comps.ell_comps_1": 0.07103202453978,
                        "multipoles.0.multipole_1.multipole_comps.multipole_comps_0": 0.02508316326044,
                        "multipoles.0.multipole_1.multipole_comps.multipole_comps_1": -0.01347825905313,
                        "multipoles.0.multipole_3.multipole_comps.multipole_comps_0": 0.01360468669352,
                        "multipoles.0.multipole_3.multipole_comps.multipole_comps_1": 0.01634905295333,
                        "multipoles.0.multipole_4.multipole_comps.multipole_comps_0": -0.06016838174795,
                        "multipoles.0.multipole_4.multipole_comps.multipole_comps_1": 0.02663286050912
                    }
                }
            }
        }
    }
}