{
    "type": "instance",
    "class_path": "autofit.non_linear.samples.summary.SamplesSummary",
    "arguments": {
        "log_evidence": -43.336624521491636,
        "values_at_sigma_3": {
            "type": "list",
            "values": [
                {
                    "type": "tuple",
                    "values": [
                        0.06444259690848274,
                        0.0975398637421363
                    ]
                },
                {
                    "type": "tuple",
                    "values": [
                        0.04583200126971876,
                        0.07802599827799958
                    ]
                }
            ]
        },
        "median_pdf_sample": {
            "type": "instance",
            "class_path": "autofit.non_linear.samples.sample.Sample",
            "arguments": {
                "log_likelihood": -33.360180158332994,
                "log_prior": 0.0,
                "weight": 0.000990722452095176,
                "kwargs": {
                    "type": "dict",
                    "arguments": {
                        "ellipses.0.ell_comps.ell_comps_0": 0.07707474766299,
                        "ellipses.0.ell_comps.ell_comps_1": 0.06517593472499
                    }
                }
            }
        },
        "errors_at_sigma_1": {
            "type": "list",
            "values": [
                {
                    "type": "tuple",
                    "values": [
                        0.003474404320430377,
                        0.006290823323800002
                    ]
                },
                {
                    "type": "tuple",
                    "values": [
                        0.00328405752319981,
                        0.004098139323429992
                    ]
                }
            ]
        },
        "values_at_sigma_1": {
            "type": "list",
            "values": [
                {
                    "type": "tuple",
                    "values": [
                        0.07360034334255962,
                        0.08336557098679
                    ]
                },
                {
                    "type": "tuple",
                    "values": [
                        0.061891877201790194,
                        0.06927407404842
                    ]
                }
            ]
        },
        "errors_at_sigma_3": {
            "type": "list",
            "values": [
                {
                    "type": "tuple",
                    "values": [
                        0.012632150754507257,
                        0.020465116079146306
                    ]
                },
                {
                    "type": "tuple",
                    "values": [
                        0.019343933455271245,
                        0.012850063553009577
                    ]
                }
            ]
        },
        "max_log_likelihood_sample": {
            "type": "instance",
            "class_path": "autofit.non_linear.samples.sample.Sample",
            "arguments": {
                "log_likelihood": -33.360180158332994,
                "log_prior": 0.0,
                "weight": 0.000990722452095176,
                "kwargs": {
                    "type": "dict",
                    "arguments": {
                        "ellipses.0.ell_comps.ell_comps_0": 0.07560976208855,
                        "ellipses.0.ell_comps.ell_comps_1": 0.06467142823051
                    }
                }
            }
        },
        "model": null
    }
}