{
    "type": "instance",
    "class_path": "autoarray.structures.grids.irregular_2d.Grid2DIrregular",
    "arguments": {
        "values": {
            "type": "ndarray",
            "array": [
                [
                    0.30000000000000004,
                    1.2000000000000002
                ],
                [
                    -1.25,
                    -1.1500000000000001
                ],
                [
                    0.15000000000000002,
                    -1.6500000000000001
                ],
                [
                    1.6,
                    -0.8
                ]
            ],
            "dtype": "float64"
        }
    }
}