{
    "type": "instance",
    "class_path": "autofit.non_linear.samples.summary.SamplesSummary",
    "arguments": {
        "log_evidence": -63.95823607705711,
        "values_at_sigma_3": {
            "type": "list",
            "values": [
                {
                    "type": "tuple",
                    "values": [
                        0.0997866671441009,
                        0.14810002868472286
                    ]
                },
                {
                    "type": "tuple",
                    "values": [
                        0.06124199675249,
                        0.09740311524281
                    ]
                }
            ]
        },
        "median_pdf_sample": {
            "type": "instance",
            "class_path": "autofit.non_linear.samples.sample.Sample",
            "arguments": {
                "log_likelihood": -52.5246305097387,
                "log_prior": 0.0,
                "weight": 0.0009840656482825868,
                "kwargs": {
                    "type": "dict",
                    "arguments": {
                        "ellipses.0.ell_comps.ell_comps_0": 0.12396463885486,
                        "ellipses.0.ell_comps.ell_comps_1": 0.08784550292351957
                    }
                }
            }
        },
        "errors_at_sigma_1": {
            "type": "list",
            "values": [
                {
                    "type": "tuple",
                    "values": [
                        0.0010749995011899993,
                        0.0019564272405099836
                    ]
                },
                {
                    "type": "tuple",
                    "values": [
                        0.003198535381279566,
                        0.0019238301081483944
                    ]
                }
            ]
        },
        "values_at_sigma_1": {
            "type": "list",
            "values": [
                {
                    "type": "tuple",
                    "values": [
                        0.12288963935367,
                        0.12592106609537
                    ]
                },
                {
                    "type": "tuple",
                    "values": [
                        0.08464696754224,
                        0.08976933303166797
                    ]
                }
            ]
        },
        "errors_at_sigma_3": {
            "type": "list",
            "values": [
                {
                    "type": "tuple",
                    "values": [
                        0.02417797171075911,
                        0.024135389829862852
                    ]
                },
                {
                    "type": "tuple",
                    "values": [
                        0.02660350617102957,
                        0.009557612319290434
                    ]
                }
            ]
        },
        "max_log_likelihood_sample": {
            "type": "instance",
            "class_path": "autofit.non_linear.samples.sample.Sample",
            "arguments": {
                "log_likelihood": -52.5246305097387,
                "log_prior": 0.0,
                "weight": 0.0009840656482825868,
                "kwargs": {
                    "type": "dict",
                    "arguments": {
                        "ellipses.0.ell_comps.ell_comps_0": 0.12336512934279,
                        "ellipses.0.ell_comps.ell_comps_1": 0.08925014267733
                    }
                }
            }
        },
        "model": null
    }
}