{
    "type": "instance",
    "class_path": "autofit.non_linear.samples.summary.SamplesSummary",
    "arguments": {
        "errors_at_sigma_1": {
            "type": "list",
            "values": [
                {
                    "type": "tuple",
                    "values": [
                        0.004636595921426984,
                        0.0058069637106814825
                    ]
                },
                {
                    "type": "tuple",
                    "values": [
                        0.004900895834148142,
                        0.004362430502867578
                    ]
                },
                {
                    "type": "tuple",
                    "values": [
                        0.003118578220794961,
                        0.0028231598381687224
                    ]
                },
                {
                    "type": "tuple",
                    "values": [
                        0.0026506273495184368,
                        0.003104176292751817
                    ]
                },
                {
                    "type": "tuple",
                    "values": [
                        0.002999048747942067,
                        0.002736970534214826
                    ]
                },
                {
                    "type": "tuple",
                    "values": [
                        0.003036508419085148,
                        0.002293919008550161
                    ]
                },
                {
                    "type": "tuple",
                    "values": [
                        0.003765871643590068,
                        0.0038293328224624345
                    ]
                },
                {
                    "type": "tuple",
                    "values": [
                        0.0027795993405966895,
                        0.0031746638429308353
                    ]
                }
            ]
        },
        "log_evidence": -36.86519127466909,
        "median_pdf_sample": {
            "type": "instance",
            "class_path": "autofit.non_linear.samples.sample.Sample",
            "arguments": {
                "log_likelihood": -6.309119966409497,
                "log_prior": 0.0,
                "weight": 0.0010143686497086353,
                "kwargs": {
                    "type": "dict",
                    "arguments": {
                        "ellipses.0.ell_comps.ell_comps_0": -0.02082351549603,
                        "ellipses.0.ell_comps.ell_comps_1": -0.03465071440141758,
                        "multipoles.0.multipole_1.multipole_comps.multipole_comps_0": 0.0006548643675,
                        "multipoles.0.multipole_1.multipole_comps.multipole_comps_1": 0.0015158852458584367,
                        "multipoles.0.multipole_3.multipole_comps.multipole_comps_0": -0.0031754625304479434,
                        "multipoles.0.multipole_3.multipole_comps.multipole_comps_1": 0.0014046691057091466,
                        "multipoles.0.multipole_4.multipole_comps.multipole_comps_0": -0.0035919644333024343,
                        "multipoles.0.multipole_4.multipole_comps.multipole_comps_1": -0.00221707817164
                    }
                }
            }
        },
        "max_log_likelihood_sample": {
            "type": "instance",
            "class_path": "autofit.non_linear.samples.sample.Sample",
            "arguments": {
                "log_likelihood": -6.309119966409497,
                "log_prior": 0.0,
                "weight": 0.0010143686497086353,
                "kwargs": {
                    "type": "dict",
                    "arguments": {
                        "ellipses.0.ell_comps.ell_comps_0": -0.01873673807021,
                        "ellipses.0.ell_comps.ell_comps_1": -0.0359217387864,
                        "multipoles.0.multipole_1.multipole_comps.multipole_comps_0": 0.00125861072662,
                        "multipoles.0.multipole_1.multipole_comps.multipole_comps_1": 0.00279220462627,
                        "multipoles.0.multipole_3.multipole_comps.multipole_comps_0": -0.00107560811462,
                        "multipoles.0.multipole_3.multipole_comps.multipole_comps_1": 0.00172008989678,
                        "multipoles.0.multipole_4.multipole_comps.multipole_comps_0": -0.00457316996048,
                        "multipoles.0.multipole_4.multipole_comps.multipole_comps_1": -0.00177071550049
                    }
                }
            }
        },
        "values_at_sigma_1": {
            "type": "list",
            "values": [
                {
                    "type": "tuple",
                    "values": [
                        -0.025460111417456983,
                        -0.015016551785348517
                    ]
                },
                {
                    "type": "tuple",
                    "values": [
                        -0.03955161023556572,
                        -0.03028828389855
                    ]
                },
                {
                    "type": "tuple",
                    "values": [
                        -0.0024637138532949614,
                        0.003478024205668722
                    ]
                },
                {
                    "type": "tuple",
                    "values": [
                        -0.00113474210366,
                        0.004620061538610254
                    ]
                },
                {
                    "type": "tuple",
                    "values": [
                        -0.00617451127839001,
                        -0.0004384919962331175
                    ]
                },
                {
                    "type": "tuple",
                    "values": [
                        -0.001631839313376001,
                        0.003698588114259308
                    ]
                },
                {
                    "type": "tuple",
                    "values": [
                        -0.007357836076892502,
                        0.00023736838916
                    ]
                },
                {
                    "type": "tuple",
                    "values": [
                        -0.004996677512236689,
                        0.0009575856712908353
                    ]
                }
            ]
        },
        "errors_at_sigma_3": {
            "type": "list",
            "values": [
                {
                    "type": "tuple",
                    "values": [
                        0.016427626589313103,
                        0.016550297194635702
                    ]
                },
                {
                    "type": "tuple",
                    "values": [
                        0.013900291148082423,
                        0.014928760644017578
                    ]
                },
                {
                    "type": "tuple",
                    "values": [
                        0.00929096239679526,
                        0.009959387524754434
                    ]
                },
                {
                    "type": "tuple",
                    "values": [
                        0.007471573763393343,
                        0.008664903382427609
                    ]
                },
                {
                    "type": "tuple",
                    "values": [
                        0.009787350160535054,
                        0.007832867453736613
                    ]
                },
                {
                    "type": "tuple",
                    "values": [
                        0.009273670257504309,
                        0.00889253166143956
                    ]
                },
                {
                    "type": "tuple",
                    "values": [
                        0.010582275709937566,
                        0.011712363326007239
                    ]
                },
                {
                    "type": "tuple",
                    "values": [
                        0.010636143452620513,
                        0.009546777350534202
                    ]
                }
            ]
        },
        "model": null,
        "values_at_sigma_3": {
            "type": "list",
            "values": [
                {
                    "type": "tuple",
                    "values": [
                        -0.0372511420853431,
                        -0.0042732183013942954
                    ]
                },
                {
                    "type": "tuple",
                    "values": [
                        -0.0485510055495,
                        -0.0197219537574
                    ]
                },
                {
                    "type": "tuple",
                    "values": [
                        -0.008636098029295259,
                        0.010614251892254435
                    ]
                },
                {
                    "type": "tuple",
                    "values": [
                        -0.005955688517534906,
                        0.010180788628286044
                    ]
                },
                {
                    "type": "tuple",
                    "values": [
                        -0.012962812690982997,
                        0.004657404923288669
                    ]
                },
                {
                    "type": "tuple",
                    "values": [
                        -0.007869001151795162,
                        0.010297200767148707
                    ]
                },
                {
                    "type": "tuple",
                    "values": [
                        -0.01417424014324,
                        0.008120398892704803
                    ]
                },
                {
                    "type": "tuple",
                    "values": [
                        -0.012853221624260513,
                        0.007329699178894203
                    ]
                }
            ]
        }
    }
}