{
    "type": "instance",
    "class_path": "autofit.non_linear.samples.summary.SamplesSummary",
    "arguments": {
        "median_pdf_sample": {
            "type": "instance",
            "class_path": "autofit.non_linear.samples.sample.Sample",
            "arguments": {
                "log_likelihood": -7.312284482570963,
                "log_prior": 0.0,
                "weight": 0.000986663406663443,
                "kwargs": {
                    "type": "dict",
                    "arguments": {
                        "ellipses.0.ell_comps.ell_comps_0": 0.1286954531776011,
                        "ellipses.0.ell_comps.ell_comps_1": -0.017564628766671652
                    }
                }
            }
        },
        "model": null,
        "log_evidence": -17.879026236603096,
        "errors_at_sigma_3": {
            "type": "list",
            "values": [
                {
                    "type": "tuple",
                    "values": [
                        0.007040163420401091,
                        0.0073735645849789255
                    ]
                },
                {
                    "type": "tuple",
                    "values": [
                        0.007443273267970729,
                        0.008697588943081652
                    ]
                }
            ]
        },
        "values_at_sigma_1": {
            "type": "list",
            "values": [
                {
                    "type": "tuple",
                    "values": [
                        0.12609265189287,
                        0.13078299811138
                    ]
                },
                {
                    "type": "tuple",
                    "values": [
                        -0.02022292793254,
                        -0.015172498882172187
                    ]
                }
            ]
        },
        "max_log_likelihood_sample": {
            "type": "instance",
            "class_path": "autofit.non_linear.samples.sample.Sample",
            "arguments": {
                "log_likelihood": -7.312284482570963,
                "log_prior": 0.0,
                "weight": 0.000986663406663443,
                "kwargs": {
                    "type": "dict",
                    "arguments": {
                        "ellipses.0.ell_comps.ell_comps_0": 0.12843912408893,
                        "ellipses.0.ell_comps.ell_comps_1": -0.0174198227876
                    }
                }
            }
        },
        "errors_at_sigma_1": {
            "type": "list",
            "values": [
                {
                    "type": "tuple",
                    "values": [
                        0.0026028012847310877,
                        0.002087544933778912
                    ]
                },
                {
                    "type": "tuple",
                    "values": [
                        0.0026582991658683497,
                        0.0023921298844994648
                    ]
                }
            ]
        },
        "values_at_sigma_3": {
            "type": "list",
            "values": [
                {
                    "type": "tuple",
                    "values": [
                        0.1216552897572,
                        0.13606901776258
                    ]
                },
                {
                    "type": "tuple",
                    "values": [
                        -0.02500790203464238,
                        -0.00886703982359
                    ]
                }
            ]
        }
    }
}