{
    "type": "instance",
    "class_path": "autofit.non_linear.samples.summary.SamplesSummary",
    "arguments": {
        "values_at_sigma_1": {
            "type": "list",
            "values": [
                {
                    "type": "tuple",
                    "values": [
                        -0.1754678854691863,
                        -0.17121917747192
                    ]
                },
                {
                    "type": "tuple",
                    "values": [
                        -0.1964822748214261,
                        -0.19250664456302202
                    ]
                }
            ]
        },
        "median_pdf_sample": {
            "type": "instance",
            "class_path": "autofit.non_linear.samples.sample.Sample",
            "arguments": {
                "log_likelihood": -194.00018714292315,
                "log_prior": 0.0,
                "weight": 0.0010014103989123909,
                "kwargs": {
                    "type": "dict",
                    "arguments": {
                        "ellipses.0.ell_comps.ell_comps_0": -0.17317242327147,
                        "ellipses.0.ell_comps.ell_comps_1": -0.19486474776471954
                    }
                }
            }
        },
        "model": null,
        "log_evidence": -206.38098546404785,
        "errors_at_sigma_3": {
            "type": "list",
            "values": [
                {
                    "type": "tuple",
                    "values": [
                        0.007922608160462669,
                        0.004597594237070013
                    ]
                },
                {
                    "type": "tuple",
                    "values": [
                        0.005909246920296873,
                        0.005106368351882551
                    ]
                }
            ]
        },
        "errors_at_sigma_1": {
            "type": "list",
            "values": [
                {
                    "type": "tuple",
                    "values": [
                        0.002295462197716286,
                        0.001953245799550002
                    ]
                },
                {
                    "type": "tuple",
                    "values": [
                        0.0016175270567065636,
                        0.00235810320169752
                    ]
                }
            ]
        },
        "max_log_likelihood_sample": {
            "type": "instance",
            "class_path": "autofit.non_linear.samples.sample.Sample",
            "arguments": {
                "log_likelihood": -194.00018714292315,
                "log_prior": 0.0,
                "weight": 0.0010014103989123909,
                "kwargs": {
                    "type": "dict",
                    "arguments": {
                        "ellipses.0.ell_comps.ell_comps_0": -0.17331121568463,
                        "ellipses.0.ell_comps.ell_comps_1": -0.19529630909928
                    }
                }
            }
        },
        "values_at_sigma_3": {
            "type": "list",
            "values": [
                {
                    "type": "tuple",
                    "values": [
                        -0.18109503143193267,
                        -0.1685748290344
                    ]
                },
                {
                    "type": "tuple",
                    "values": [
                        -0.20077399468501642,
                        -0.189758379412837
                    ]
                }
            ]
        }
    }
}