{
    "type": "instance",
    "class_path": "autofit.non_linear.samples.summary.SamplesSummary",
    "arguments": {
        "errors_at_sigma_1": {
            "type": "list",
            "values": [
                {
                    "type": "tuple",
                    "values": [
                        0.005559765692567026,
                        0.006216384284234433
                    ]
                },
                {
                    "type": "tuple",
                    "values": [
                        0.012360813032120055,
                        0.01429820714870736
                    ]
                },
                {
                    "type": "tuple",
                    "values": [
                        0.026925817904869996,
                        0.04765836173905
                    ]
                },
                {
                    "type": "tuple",
                    "values": [
                        0.05117103213219412,
                        0.04017325118529268
                    ]
                },
                {
                    "type": "tuple",
                    "values": [
                        0.03904628241102116,
                        0.04457431650369678
                    ]
                },
                {
                    "type": "tuple",
                    "values": [
                        0.045070610659091515,
                        0.0302295583594046
                    ]
                },
                {
                    "type": "tuple",
                    "values": [
                        0.025216280061640006,
                        0.02733995986938
                    ]
                },
                {
                    "type": "tuple",
                    "values": [
                        0.023036950020571993,
                        0.016469925141268008
                    ]
                }
            ]
        },
        "median_pdf_sample": {
            "type": "instance",
            "class_path": "autofit.non_linear.samples.sample.Sample",
            "arguments": {
                "log_likelihood": -42.55645933445106,
                "log_prior": 0.0,
                "weight": 0.000919339734929538,
                "kwargs": {
                    "type": "dict",
                    "arguments": {
                        "ellipses.0.ell_comps.ell_comps_0": 0.15507287957907703,
                        "ellipses.0.ell_comps.ell_comps_1": -0.15688765325828,
                        "multipoles.0.multipole_1.multipole_comps.multipole_comps_0": -0.03811246290323,
                        "multipoles.0.multipole_1.multipole_comps.multipole_comps_1": -0.06650351534787588,
                        "multipoles.0.multipole_3.multipole_comps.multipole_comps_0": -0.03338995530341883,
                        "multipoles.0.multipole_3.multipole_comps.multipole_comps_1": 0.01365132461477,
                        "multipoles.0.multipole_4.multipole_comps.multipole_comps_0": -0.04179207401356,
                        "multipoles.0.multipole_4.multipole_comps.multipole_comps_1": 0.023196888066151992
                    }
                }
            }
        },
        "errors_at_sigma_3": {
            "type": "list",
            "values": [
                {
                    "type": "tuple",
                    "values": [
                        0.03834520956018489,
                        0.016284879989022977
                    ]
                },
                {
                    "type": "tuple",
                    "values": [
                        0.024329562182283965,
                        0.020300613269320728
                    ]
                },
                {
                    "type": "tuple",
                    "values": [
                        0.08833438480597672,
                        0.14309162581879
                    ]
                },
                {
                    "type": "tuple",
                    "values": [
                        0.10518524481935412,
                        0.1341092270321559
                    ]
                },
                {
                    "type": "tuple",
                    "values": [
                        0.06555759446575117,
                        0.09988934069414883
                    ]
                },
                {
                    "type": "tuple",
                    "values": [
                        0.10009210407021421,
                        0.08619741262701999
                    ]
                },
                {
                    "type": "tuple",
                    "values": [
                        0.056341616016450005,
                        0.08211612234104262
                    ]
                },
                {
                    "type": "tuple",
                    "values": [
                        0.084307443203712,
                        0.0626329887041022
                    ]
                }
            ]
        },
        "values_at_sigma_1": {
            "type": "list",
            "values": [
                {
                    "type": "tuple",
                    "values": [
                        0.14951311388651,
                        0.16128926386331147
                    ]
                },
                {
                    "type": "tuple",
                    "values": [
                        -0.16924846629040005,
                        -0.14258944610957264
                    ]
                },
                {
                    "type": "tuple",
                    "values": [
                        -0.0650382808081,
                        0.00954589883582
                    ]
                },
                {
                    "type": "tuple",
                    "values": [
                        -0.11767454748007,
                        -0.0263302641625832
                    ]
                },
                {
                    "type": "tuple",
                    "values": [
                        -0.07243623771444,
                        0.011184361200277947
                    ]
                },
                {
                    "type": "tuple",
                    "values": [
                        -0.031419286044321516,
                        0.0438808829741746
                    ]
                },
                {
                    "type": "tuple",
                    "values": [
                        -0.0670083540752,
                        -0.01445211414418
                    ]
                },
                {
                    "type": "tuple",
                    "values": [
                        0.00015993804558,
                        0.03966681320742
                    ]
                }
            ]
        },
        "values_at_sigma_3": {
            "type": "list",
            "values": [
                {
                    "type": "tuple",
                    "values": [
                        0.11672767001889214,
                        0.1713577595681
                    ]
                },
                {
                    "type": "tuple",
                    "values": [
                        -0.18121721544056396,
                        -0.13658703998895927
                    ]
                },
                {
                    "type": "tuple",
                    "values": [
                        -0.12644684770920672,
                        0.10497916291556
                    ]
                },
                {
                    "type": "tuple",
                    "values": [
                        -0.17168876016723,
                        0.06760571168428
                    ]
                },
                {
                    "type": "tuple",
                    "values": [
                        -0.09894754976917,
                        0.06649938539073
                    ]
                },
                {
                    "type": "tuple",
                    "values": [
                        -0.0864407794554442,
                        0.09984873724179
                    ]
                },
                {
                    "type": "tuple",
                    "values": [
                        -0.09813369003001,
                        0.040324048327482626
                    ]
                },
                {
                    "type": "tuple",
                    "values": [
                        -0.06111055513756,
                        0.0858298767702542
                    ]
                }
            ]
        },
        "log_evidence": -62.42959073910192,
        "model": null,
        "max_log_likelihood_sample": {
            "type": "instance",
            "class_path": "autofit.non_linear.samples.sample.Sample",
            "arguments": {
                "log_likelihood": -42.55645933445106,
                "log_prior": 0.0,
                "weight": 0.000919339734929538,
                "kwargs": {
                    "type": "dict",
                    "arguments": {
                        "ellipses.0.ell_comps.ell_comps_0": 0.158037546744,
                        "ellipses.0.ell_comps.ell_comps_1": -0.14597071549349,
                        "multipoles.0.multipole_1.multipole_comps.multipole_comps_0": -0.03278954934705,
                        "multipoles.0.multipole_1.multipole_comps.multipole_comps_1": -0.08201888684031,
                        "multipoles.0.multipole_3.multipole_comps.multipole_comps_0": 0.02048046355612,
                        "multipoles.0.multipole_3.multipole_comps.multipole_comps_1": 0.00932339642688,
                        "multipoles.0.multipole_4.multipole_comps.multipole_comps_0": -0.05571605981303,
                        "multipoles.0.multipole_4.multipole_comps.multipole_comps_1": -0.00682673151945
                    }
                }
            }
        }
    }
}