{
    "type": "instance",
    "class_path": "autofit.non_linear.samples.summary.SamplesSummary",
    "arguments": {
        "errors_at_sigma_3": {
            "type": "list",
            "values": [
                {
                    "type": "tuple",
                    "values": [
                        0.026209838858739256,
                        0.03955151102951215
                    ]
                },
                {
                    "type": "tuple",
                    "values": [
                        0.019490485459183096,
                        0.012079629487220904
                    ]
                },
                {
                    "type": "tuple",
                    "values": [
                        0.026004419058859925,
                        0.09601204967686912
                    ]
                },
                {
                    "type": "tuple",
                    "values": [
                        0.0550659977643793,
                        0.0983157455595784
                    ]
                },
                {
                    "type": "tuple",
                    "values": [
                        0.12346316617877308,
                        0.0496000671277802
                    ]
                },
                {
                    "type": "tuple",
                    "values": [
                        0.06498045211880349,
                        0.04019802446122599
                    ]
                }
            ]
        },
        "errors_at_sigma_1": {
            "type": "list",
            "values": [
                {
                    "type": "tuple",
                    "values": [
                        0.01122043287097,
                        0.0059836397958537325
                    ]
                },
                {
                    "type": "tuple",
                    "values": [
                        0.004842842135301173,
                        0.0025225546498285067
                    ]
                },
                {
                    "type": "tuple",
                    "values": [
                        0.014631708449817534,
                        0.05252446553530532
                    ]
                },
                {
                    "type": "tuple",
                    "values": [
                        0.016601403572900915,
                        0.027902226972150695
                    ]
                },
                {
                    "type": "tuple",
                    "values": [
                        0.03227010142660979,
                        0.015380783686023594
                    ]
                },
                {
                    "type": "tuple",
                    "values": [
                        0.03423662525470378,
                        0.013979465404083728
                    ]
                }
            ]
        },
        "values_at_sigma_3": {
            "type": "list",
            "values": [
                {
                    "type": "tuple",
                    "values": [
                        -0.041803422689569256,
                        0.023957927198682148
                    ]
                },
                {
                    "type": "tuple",
                    "values": [
                        -0.09397969937837192,
                        -0.06240958443196792
                    ]
                },
                {
                    "type": "tuple",
                    "values": [
                        -0.041498610122829925,
                        0.08051785861289912
                    ]
                },
                {
                    "type": "tuple",
                    "values": [
                        -0.09144168904387,
                        0.0619400542800877
                    ]
                },
                {
                    "type": "tuple",
                    "values": [
                        -0.08480538068438329,
                        0.08825785262217
                    ]
                },
                {
                    "type": "tuple",
                    "values": [
                        -0.09984615754669429,
                        0.005332319033335186
                    ]
                }
            ]
        },
        "values_at_sigma_1": {
            "type": "list",
            "values": [
                {
                    "type": "tuple",
                    "values": [
                        -0.0268140167018,
                        -0.009609944034976267
                    ]
                },
                {
                    "type": "tuple",
                    "values": [
                        -0.07933205605449,
                        -0.07196665926936031
                    ]
                },
                {
                    "type": "tuple",
                    "values": [
                        -0.030125899513787534,
                        0.03703027447133532
                    ]
                },
                {
                    "type": "tuple",
                    "values": [
                        -0.05297709485239161,
                        -0.00847346430734
                    ]
                },
                {
                    "type": "tuple",
                    "values": [
                        0.00638768406778,
                        0.05403856918041339
                    ]
                },
                {
                    "type": "tuple",
                    "values": [
                        -0.06910233068259458,
                        -0.020886240023807075
                    ]
                }
            ]
        },
        "log_evidence": -60.423978424821826,
        "median_pdf_sample": {
            "type": "instance",
            "class_path": "autofit.non_linear.samples.sample.Sample",
            "arguments": {
                "log_likelihood": -42.58580238536534,
                "log_prior": 0.0,
                "weight": 0.0010711287477250624,
                "kwargs": {
                    "type": "dict",
                    "arguments": {
                        "ellipses.0.ell_comps.ell_comps_0": -0.01559358383083,
                        "ellipses.0.ell_comps.ell_comps_1": -0.07448921391918882,
                        "multipoles.0.multipole_3.multipole_comps.multipole_comps_0": -0.01549419106397,
                        "multipoles.0.multipole_3.multipole_comps.multipole_comps_1": -0.036375691279490696,
                        "multipoles.0.multipole_4.multipole_comps.multipole_comps_0": 0.03865778549438979,
                        "multipoles.0.multipole_4.multipole_comps.multipole_comps_1": -0.0348657054278908
                    }
                }
            }
        },
        "max_log_likelihood_sample": {
            "type": "instance",
            "class_path": "autofit.non_linear.samples.sample.Sample",
            "arguments": {
                "log_likelihood": -42.58580238536534,
                "log_prior": 0.0,
                "weight": 0.0010711287477250624,
                "kwargs": {
                    "type": "dict",
                    "arguments": {
                        "ellipses.0.ell_comps.ell_comps_0": -0.01078033039745,
                        "ellipses.0.ell_comps.ell_comps_1": -0.07856167847618,
                        "multipoles.0.multipole_3.multipole_comps.multipole_comps_0": 0.05511297458557,
                        "multipoles.0.multipole_3.multipole_comps.multipole_comps_1": -0.08932912667828,
                        "multipoles.0.multipole_4.multipole_comps.multipole_comps_0": 0.00707400915249,
                        "multipoles.0.multipole_4.multipole_comps.multipole_comps_1": -0.09812861731524
                    }
                }
            }
        },
        "model": null
    }
}