{
    "type": "instance",
    "class_path": "autofit.non_linear.samples.summary.SamplesSummary",
    "arguments": {
        "values_at_sigma_1": {
            "type": "list",
            "values": [
                {
                    "type": "tuple",
                    "values": [
                        0.00110421882213,
                        0.02943737499254229
                    ]
                },
                {
                    "type": "tuple",
                    "values": [
                        -0.20230752894604992,
                        -0.17815770507325174
                    ]
                }
            ]
        },
        "errors_at_sigma_3": {
            "type": "list",
            "values": [
                {
                    "type": "tuple",
                    "values": [
                        0.008533114025009489,
                        0.061703608068744226
                    ]
                },
                {
                    "type": "tuple",
                    "values": [
                        0.007446039769584467,
                        0.049904999578754744
                    ]
                }
            ]
        },
        "median_pdf_sample": {
            "type": "instance",
            "class_path": "autofit.non_linear.samples.sample.Sample",
            "arguments": {
                "log_likelihood": -54.71833097361636,
                "log_prior": 0.0,
                "weight": 0.0009910296939199688,
                "kwargs": {
                    "type": "dict",
                    "arguments": {
                        "ellipses.0.ell_comps.ell_comps_0": 0.004364914845347581,
                        "ellipses.0.ell_comps.ell_comps_1": -0.20092945402297555
                    }
                }
            }
        },
        "log_evidence": -66.21387326415783,
        "errors_at_sigma_1": {
            "type": "list",
            "values": [
                {
                    "type": "tuple",
                    "values": [
                        0.003260696023217581,
                        0.02507246014719471
                    ]
                },
                {
                    "type": "tuple",
                    "values": [
                        0.0013780749230743738,
                        0.022771748949723808
                    ]
                }
            ]
        },
        "model": null,
        "values_at_sigma_3": {
            "type": "list",
            "values": [
                {
                    "type": "tuple",
                    "values": [
                        -0.004168199179661909,
                        0.0660685229140918
                    ]
                },
                {
                    "type": "tuple",
                    "values": [
                        -0.20837549379256,
                        -0.1510244544442208
                    ]
                }
            ]
        },
        "max_log_likelihood_sample": {
            "type": "instance",
            "class_path": "autofit.non_linear.samples.sample.Sample",
            "arguments": {
                "log_likelihood": -54.71833097361636,
                "log_prior": 0.0,
                "weight": 0.0009910296939199688,
                "kwargs": {
                    "type": "dict",
                    "arguments": {
                        "ellipses.0.ell_comps.ell_comps_0": 0.00379739039805,
                        "ellipses.0.ell_comps.ell_comps_1": -0.20187242516845
                    }
                }
            }
        }
    }
}