{
    "type": "instance",
    "class_path": "autofit.non_linear.samples.summary.SamplesSummary",
    "arguments": {
        "errors_at_sigma_1": {
            "type": "list",
            "values": [
                {
                    "type": "tuple",
                    "values": [
                        0.013204776230514532,
                        0.016518139883366794
                    ]
                },
                {
                    "type": "tuple",
                    "values": [
                        0.01854048010682839,
                        0.00741127964138133
                    ]
                },
                {
                    "type": "tuple",
                    "values": [
                        0.038652978462180604,
                        0.03757478088035939
                    ]
                },
                {
                    "type": "tuple",
                    "values": [
                        0.020859263887094,
                        0.025510374529796487
                    ]
                },
                {
                    "type": "tuple",
                    "values": [
                        0.026421418571778363,
                        0.04098033276938594
                    ]
                },
                {
                    "type": "tuple",
                    "values": [
                        0.019559765631259947,
                        0.021727016623260938
                    ]
                },
                {
                    "type": "tuple",
                    "values": [
                        0.04689488443226705,
                        0.020767358718412943
                    ]
                },
                {
                    "type": "tuple",
                    "values": [
                        0.018324478255351925,
                        0.014858385447438477
                    ]
                }
            ]
        },
        "log_evidence": -56.330303342221704,
        "median_pdf_sample": {
            "type": "instance",
            "class_path": "autofit.non_linear.samples.sample.Sample",
            "arguments": {
                "log_likelihood": -36.52123732729406,
                "log_prior": 0.0,
                "weight": 0.000988148875532912,
                "kwargs": {
                    "type": "dict",
                    "arguments": {
                        "ellipses.0.ell_comps.ell_comps_0": -0.0364044807645577,
                        "ellipses.0.ell_comps.ell_comps_1": -0.09646991357827162,
                        "multipoles.0.multipole_1.multipole_comps.multipole_comps_0": 0.05177206385617061,
                        "multipoles.0.multipole_1.multipole_comps.multipole_comps_1": -0.01954334432398,
                        "multipoles.0.multipole_3.multipole_comps.multipole_comps_0": 0.04358312116941407,
                        "multipoles.0.multipole_3.multipole_comps.multipole_comps_1": 0.060453509051619066,
                        "multipoles.0.multipole_4.multipole_comps.multipole_comps_0": 0.008519357568177056,
                        "multipoles.0.multipole_4.multipole_comps.multipole_comps_1": 0.07226413955269193
                    }
                }
            }
        },
        "max_log_likelihood_sample": {
            "type": "instance",
            "class_path": "autofit.non_linear.samples.sample.Sample",
            "arguments": {
                "log_likelihood": -36.52123732729406,
                "log_prior": 0.0,
                "weight": 0.000988148875532912,
                "kwargs": {
                    "type": "dict",
                    "arguments": {
                        "ellipses.0.ell_comps.ell_comps_0": -0.04955901178926,
                        "ellipses.0.ell_comps.ell_comps_1": -0.09364079249649,
                        "multipoles.0.multipole_1.multipole_comps.multipole_comps_0": 0.06022426426721,
                        "multipoles.0.multipole_1.multipole_comps.multipole_comps_1": -0.016861442029,
                        "multipoles.0.multipole_3.multipole_comps.multipole_comps_0": 0.04091784585742,
                        "multipoles.0.multipole_3.multipole_comps.multipole_comps_1": 0.07307431356284,
                        "multipoles.0.multipole_4.multipole_comps.multipole_comps_0": 0.01513532692266,
                        "multipoles.0.multipole_4.multipole_comps.multipole_comps_1": 0.05892260830986
                    }
                }
            }
        },
        "values_at_sigma_1": {
            "type": "list",
            "values": [
                {
                    "type": "tuple",
                    "values": [
                        -0.04960925699507223,
                        -0.019886340881190904
                    ]
                },
                {
                    "type": "tuple",
                    "values": [
                        -0.1150103936851,
                        -0.08905863393689029
                    ]
                },
                {
                    "type": "tuple",
                    "values": [
                        0.01311908539399,
                        0.08934684473653
                    ]
                },
                {
                    "type": "tuple",
                    "values": [
                        -0.040402608211074,
                        0.005967030205816487
                    ]
                },
                {
                    "type": "tuple",
                    "values": [
                        0.017161702597635706,
                        0.0845634539388
                    ]
                },
                {
                    "type": "tuple",
                    "values": [
                        0.04089374342035912,
                        0.08218052567488
                    ]
                },
                {
                    "type": "tuple",
                    "values": [
                        -0.03837552686409,
                        0.02928671628659
                    ]
                },
                {
                    "type": "tuple",
                    "values": [
                        0.05393966129734,
                        0.0871225250001304
                    ]
                }
            ]
        },
        "errors_at_sigma_3": {
            "type": "list",
            "values": [
                {
                    "type": "tuple",
                    "values": [
                        0.022927218278638153,
                        0.047379553086627696
                    ]
                },
                {
                    "type": "tuple",
                    "values": [
                        0.023782635730472734,
                        0.017369224202493705
                    ]
                },
                {
                    "type": "tuple",
                    "values": [
                        0.10077249366775061,
                        0.1305345663846394
                    ]
                },
                {
                    "type": "tuple",
                    "values": [
                        0.10670821609590644,
                        0.07615522992586263
                    ]
                },
                {
                    "type": "tuple",
                    "values": [
                        0.08754567708527407,
                        0.05637576120856916
                    ]
                },
                {
                    "type": "tuple",
                    "values": [
                        0.07215894419622498,
                        0.03848977310997093
                    ]
                },
                {
                    "type": "tuple",
                    "values": [
                        0.10400321970903706,
                        0.07569575536643629
                    ]
                },
                {
                    "type": "tuple",
                    "values": [
                        0.08495279875935192,
                        0.02743214679366808
                    ]
                }
            ]
        },
        "model": null,
        "values_at_sigma_3": {
            "type": "list",
            "values": [
                {
                    "type": "tuple",
                    "values": [
                        -0.05933169904319585,
                        0.01097507232207
                    ]
                },
                {
                    "type": "tuple",
                    "values": [
                        -0.12025254930874435,
                        -0.07910068937577791
                    ]
                },
                {
                    "type": "tuple",
                    "values": [
                        -0.04900042981158,
                        0.18230663024081
                    ]
                },
                {
                    "type": "tuple",
                    "values": [
                        -0.12625156041988644,
                        0.05661188560188262
                    ]
                },
                {
                    "type": "tuple",
                    "values": [
                        -0.04396255591586,
                        0.09995888237798323
                    ]
                },
                {
                    "type": "tuple",
                    "values": [
                        -0.011705435144605918,
                        0.09894328216159
                    ]
                },
                {
                    "type": "tuple",
                    "values": [
                        -0.09548386214086,
                        0.08421511293461334
                    ]
                },
                {
                    "type": "tuple",
                    "values": [
                        -0.01268865920666,
                        0.09969628634636
                    ]
                }
            ]
        }
    }
}