{
    "type": "instance",
    "class_path": "autofit.non_linear.samples.summary.SamplesSummary",
    "arguments": {
        "log_evidence": -40.80674389570993,
        "errors_at_sigma_1": {
            "type": "list",
            "values": [
                {
                    "type": "tuple",
                    "values": [
                        0.002866043595617443,
                        0.00277481756840256
                    ]
                },
                {
                    "type": "tuple",
                    "values": [
                        0.002674951149137919,
                        0.002512128743622083
                    ]
                },
                {
                    "type": "tuple",
                    "values": [
                        0.0026932989615053374,
                        0.002635565277426409
                    ]
                },
                {
                    "type": "tuple",
                    "values": [
                        0.002591654512457817,
                        0.0027894133785309485
                    ]
                },
                {
                    "type": "tuple",
                    "values": [
                        0.0032322199435844507,
                        0.00374557353642812
                    ]
                },
                {
                    "type": "tuple",
                    "values": [
                        0.00290641647632,
                        0.003374914128690972
                    ]
                }
            ]
        },
        "values_at_sigma_1": {
            "type": "list",
            "values": [
                {
                    "type": "tuple",
                    "values": [
                        0.06291067709556,
                        0.06855153825958
                    ]
                },
                {
                    "type": "tuple",
                    "values": [
                        0.06923934076311,
                        0.07442642065587
                    ]
                },
                {
                    "type": "tuple",
                    "values": [
                        -0.0044896619698953375,
                        0.0008392022690364088
                    ]
                },
                {
                    "type": "tuple",
                    "values": [
                        -0.002653969493277817,
                        0.0027270983977109487
                    ]
                },
                {
                    "type": "tuple",
                    "values": [
                        -0.004778220141542571,
                        0.00219957333847
                    ]
                },
                {
                    "type": "tuple",
                    "values": [
                        -0.00138283958432,
                        0.004898491020690972
                    ]
                }
            ]
        },
        "max_log_likelihood_sample": {
            "type": "instance",
            "class_path": "autofit.non_linear.samples.sample.Sample",
            "arguments": {
                "log_likelihood": -17.95824027474109,
                "log_prior": 0.0,
                "weight": 0.0009887230182827908,
                "kwargs": {
                    "type": "dict",
                    "arguments": {
                        "ellipses.0.ell_comps.ell_comps_0": 0.06682834036889,
                        "ellipses.0.ell_comps.ell_comps_1": 0.07147335888329,
                        "multipoles.0.multipole_3.multipole_comps.multipole_comps_0": -0.00176807802395,
                        "multipoles.0.multipole_3.multipole_comps.multipole_comps_1": -0.00022010875834,
                        "multipoles.0.multipole_4.multipole_comps.multipole_comps_0": -0.00199939439603,
                        "multipoles.0.multipole_4.multipole_comps.multipole_comps_1": -0.00017399049772
                    }
                }
            }
        },
        "model": null,
        "values_at_sigma_3": {
            "type": "list",
            "values": [
                {
                    "type": "tuple",
                    "values": [
                        0.05696579559356895,
                        0.073360626861676
                    ]
                },
                {
                    "type": "tuple",
                    "values": [
                        0.06406519445727,
                        0.0800157089242957
                    ]
                },
                {
                    "type": "tuple",
                    "values": [
                        -0.01053904345584683,
                        0.006254830905437953
                    ]
                },
                {
                    "type": "tuple",
                    "values": [
                        -0.00834356437118,
                        0.008025968340726327
                    ]
                },
                {
                    "type": "tuple",
                    "values": [
                        -0.012999476492566183,
                        0.009646407128517663
                    ]
                },
                {
                    "type": "tuple",
                    "values": [
                        -0.009445131858736704,
                        0.011999092333682812
                    ]
                }
            ]
        },
        "errors_at_sigma_3": {
            "type": "list",
            "values": [
                {
                    "type": "tuple",
                    "values": [
                        0.008810925097608495,
                        0.007583906170498561
                    ]
                },
                {
                    "type": "tuple",
                    "values": [
                        0.007849097454977916,
                        0.008101417012047779
                    ]
                },
                {
                    "type": "tuple",
                    "values": [
                        0.008742680447456831,
                        0.008051193913827952
                    ]
                },
                {
                    "type": "tuple",
                    "values": [
                        0.008281249390359999,
                        0.008088283321546328
                    ]
                },
                {
                    "type": "tuple",
                    "values": [
                        0.011453476294608064,
                        0.011192407326475782
                    ]
                },
                {
                    "type": "tuple",
                    "values": [
                        0.010968708750736704,
                        0.010475515441682811
                    ]
                }
            ]
        },
        "median_pdf_sample": {
            "type": "instance",
            "class_path": "autofit.non_linear.samples.sample.Sample",
            "arguments": {
                "log_likelihood": -17.95824027474109,
                "log_prior": 0.0,
                "weight": 0.0009887230182827908,
                "kwargs": {
                    "type": "dict",
                    "arguments": {
                        "ellipses.0.ell_comps.ell_comps_0": 0.06577672069117745,
                        "ellipses.0.ell_comps.ell_comps_1": 0.07191429191224792,
                        "multipoles.0.multipole_3.multipole_comps.multipole_comps_0": -0.00179636300839,
                        "multipoles.0.multipole_3.multipole_comps.multipole_comps_1": -6.231498082e-05,
                        "multipoles.0.multipole_4.multipole_comps.multipole_comps_0": -0.00154600019795812,
                        "multipoles.0.multipole_4.multipole_comps.multipole_comps_1": 0.001523576892
                    }
                }
            }
        }
    }
}