{
    "type": "collection",
    "arguments": {
        "ellipses": {
            "type": "collection",
            "arguments": {
                "0": {
                    "type": "instance",
                    "class_path": "autogalaxy.ellipse.ellipse.ellipse.Ellipse",
                    "arguments": {
                        "ell_comps": {
                            "type": "tuple",
                            "values": [
                                -0.00851235410793,
                                0.06472332629453
                            ]
                        },
                        "centre": {
                            "type": "tuple",
                            "values": [
                                -0.00035243335251,
                                0.00172755570238
                            ]
                        },
                        "major_axis": 0.25
                    }
                },
                "1": {
                    "type": "instance",
                    "class_path": "autogalaxy.ellipse.ellipse.ellipse.Ellipse",
                    "arguments": {
                        "ell_comps": {
                            "type": "tuple",
                            "values": [
                                -0.01780058694845,
                                0.09147391229887
                            ]
                        },
                        "centre": {
                            "type": "tuple",
                            "values": [
                                -0.00035243335251,
                                0.00172755570238
                            ]
                        },
                        "major_axis": 0.5
                    }
                },
                "2": {
                    "type": "instance",
                    "class_path": "autogalaxy.ellipse.ellipse.ellipse.Ellipse",
                    "arguments": {
                        "ell_comps": {
                            "type": "tuple",
                            "values": [
                                -0.01920715583415,
                                0.0890120276542
                            ]
                        },
                        "centre": {
                            "type": "tuple",
                            "values": [
                                -0.00035243335251,
                                0.00172755570238
                            ]
                        },
                        "major_axis": 0.75
                    }
                },
                "3": {
                    "type": "instance",
                    "class_path": "autogalaxy.ellipse.ellipse.ellipse.Ellipse",
                    "arguments": {
                        "ell_comps": {
                            "type": "tuple",
                            "values": [
                                -0.025932123714,
                                0.08550227392432
                            ]
                        },
                        "centre": {
                            "type": "tuple",
                            "values": [
                                -0.00035243335251,
                                0.00172755570238
                            ]
                        },
                        "major_axis": 1.0
                    }
                },
                "4": {
                    "type": "instance",
                    "class_path": "autogalaxy.ellipse.ellipse.ellipse.Ellipse",
                    "arguments": {
                        "ell_comps": {
                            "type": "tuple",
                            "values": [
                                -0.02001435309648,
                                0.07793984255322
                            ]
                        },
                        "centre": {
                            "type": "tuple",
                            "values": [
                                -0.00035243335251,
                                0.00172755570238
                            ]
                        },
                        "major_axis": 1.25
                    }
                },
                "5": {
                    "type": "instance",
                    "class_path": "autogalaxy.ellipse.ellipse.ellipse.Ellipse",
                    "arguments": {
                        "ell_comps": {
                            "type": "tuple",
                            "values": [
                                -0.0308756872944,
                                0.06722265961527
                            ]
                        },
                        "centre": {
                            "type": "tuple",
                            "values": [
                                -0.00035243335251,
                                0.00172755570238
                            ]
                        },
                        "major_axis": 1.5
                    }
                },
                "6": {
                    "type": "instance",
                    "class_path": "autogalaxy.ellipse.ellipse.ellipse.Ellipse",
                    "arguments": {
                        "ell_comps": {
                            "type": "tuple",
                            "values": [
                                -0.0322194646664,
                                0.063581544423
                            ]
                        },
                        "centre": {
                            "type": "tuple",
                            "values": [
                                -0.00035243335251,
                                0.00172755570238
                            ]
                        },
                        "major_axis": 1.75
                    }
                },
                "7": {
                    "type": "instance",
                    "class_path": "autogalaxy.ellipse.ellipse.ellipse.Ellipse",
                    "arguments": {
                        "ell_comps": {
                            "type": "tuple",
                            "values": [
                                -0.02686112686073,
                                0.04792872780062
                            ]
                        },
                        "centre": {
                            "type": "tuple",
                            "values": [
                                -0.00035243335251,
                                0.00172755570238
                            ]
                        },
                        "major_axis": 2.0
                    }
                },
                "8": {
                    "type": "instance",
                    "class_path": "autogalaxy.ellipse.ellipse.ellipse.Ellipse",
                    "arguments": {
                        "ell_comps": {
                            "type": "tuple",
                            "values": [
                                -0.0296751932791,
                                0.06241871500778
                            ]
                        },
                        "centre": {
                            "type": "tuple",
                            "values": [
                                -0.00035243335251,
                                0.00172755570238
                            ]
                        },
                        "major_axis": 2.25
                    }
                },
                "9": {
                    "type": "instance",
                    "class_path": "autogalaxy.ellipse.ellipse.ellipse.Ellipse",
                    "arguments": {
                        "ell_comps": {
                            "type": "tuple",
                            "values": [
                                -0.03798987898973,
                                0.07362524541351
                            ]
                        },
                        "centre": {
                            "type": "tuple",
                            "values": [
                                -0.00035243335251,
                                0.00172755570238
                            ]
                        },
                        "major_axis": 2.5
                    }
                },
                "10": {
                    "type": "instance",
                    "class_path": "autogalaxy.ellipse.ellipse.ellipse.Ellipse",
                    "arguments": {
                        "ell_comps": {
                            "type": "tuple",
                            "values": [
                                -0.03694477217284,
                                0.05491099382461
                            ]
                        },
                        "centre": {
                            "type": "tuple",
                            "values": [
                                -0.00035243335251,
                                0.00172755570238
                            ]
                        },
                        "major_axis": 2.75
                    }
                },
                "11": {
                    "type": "instance",
                    "class_path": "autogalaxy.ellipse.ellipse.ellipse.Ellipse",
                    "arguments": {
                        "ell_comps": {
                            "type": "tuple",
                            "values": [
                                -0.04832207992935,
                                0.05701501046743
                            ]
                        },
                        "centre": {
                            "type": "tuple",
                            "values": [
                                -0.00035243335251,
                                0.00172755570238
                            ]
                        },
                        "major_axis": 3.0
                    }
                },
                "12": {
                    "type": "instance",
                    "class_path": "autogalaxy.ellipse.ellipse.ellipse.Ellipse",
                    "arguments": {
                        "ell_comps": {
                            "type": "tuple",
                            "values": [
                                -0.03866177427789,
                                0.05700866676962
                            ]
                        },
                        "centre": {
                            "type": "tuple",
                            "values": [
                                -0.00035243335251,
                                0.00172755570238
                            ]
                        },
                        "major_axis": 3.25
                    }
                },
                "13": {
                    "type": "instance",
                    "class_path": "autogalaxy.ellipse.ellipse.ellipse.Ellipse",
                    "arguments": {
                        "ell_comps": {
                            "type": "tuple",
                            "values": [
                                -0.05031818434742,
                                0.08202754614757
                            ]
                        },
                        "centre": {
                            "type": "tuple",
                            "values": [
                                -0.00035243335251,
                                0.00172755570238
                            ]
                        },
                        "major_axis": 3.5
                    }
                },
                "14": {
                    "type": "instance",
                    "class_path": "autogalaxy.ellipse.ellipse.ellipse.Ellipse",
                    "arguments": {
                        "ell_comps": {
                            "type": "tuple",
                            "values": [
                                -0.02664627458035,
                                0.07327677716046
                            ]
                        },
                        "centre": {
                            "type": "tuple",
                            "values": [
                                -0.00035243335251,
                                0.00172755570238
                            ]
                        },
                        "major_axis": 3.75
                    }
                },
                "15": {
                    "type": "instance",
                    "class_path": "autogalaxy.ellipse.ellipse.ellipse.Ellipse",
                    "arguments": {
                        "ell_comps": {
                            "type": "tuple",
                            "values": [
                                -0.05482394438226,
                                0.06958930995471
                            ]
                        },
                        "centre": {
                            "type": "tuple",
                            "values": [
                                -0.00035243335251,
                                0.00172755570238
                            ]
                        },
                        "major_axis": 4.0
                    }
                },
                "16": {
                    "type": "instance",
                    "class_path": "autogalaxy.ellipse.ellipse.ellipse.Ellipse",
                    "arguments": {
                        "ell_comps": {
                            "type": "tuple",
                            "values": [
                                -0.07747224410983,
                                0.06310027916987
                            ]
                        },
                        "centre": {
                            "type": "tuple",
                            "values": [
                                -0.00035243335251,
                                0.00172755570238
                            ]
                        },
                        "major_axis": 4.25
                    }
                },
                "17": {
                    "type": "instance",
                    "class_path": "autogalaxy.ellipse.ellipse.ellipse.Ellipse",
                    "arguments": {
                        "ell_comps": {
                            "type": "tuple",
                            "values": [
                                -0.06235107455456,
                                0.06499128250585
                            ]
                        },
                        "centre": {
                            "type": "tuple",
                            "values": [
                                -0.00035243335251,
                                0.00172755570238
                            ]
                        },
                        "major_axis": 4.5
                    }
                },
                "18": {
                    "type": "instance",
                    "class_path": "autogalaxy.ellipse.ellipse.ellipse.Ellipse",
                    "arguments": {
                        "ell_comps": {
                            "type": "tuple",
                            "values": [
                                -0.08970372941421,
                                0.06528901923734
                            ]
                        },
                        "centre": {
                            "type": "tuple",
                            "values": [
                                -0.00035243335251,
                                0.00172755570238
                            ]
                        },
                        "major_axis": 4.75
                    }
                }
            }
        },
        "multipoles": {
            "type": "collection",
            "arguments": {
                "0": {
                    "type": "instance",
                    "class_path": "autofit.mapper.model.ModelInstance",
                    "arguments": {
                        "child_items": {
                            "type": "dict",
                            "arguments": {
                                "multipole_3": {
                                    "type": "instance",
                                    "class_path": "autogalaxy.ellipse.ellipse.ellipse_multipole.EllipseMultipole",
                                    "arguments": {
                                        "m": 3,
                                        "multipole_comps": {
                                            "type": "tuple",
                                            "values": [
                                                -0.00075398945788,
                                                0.00039949005792
                                            ]
                                        }
                                    }
                                },
                                "multipole_4": {
                                    "type": "instance",
                                    "class_path": "autogalaxy.ellipse.ellipse.ellipse_multipole.EllipseMultipole",
                                    "arguments": {
                                        "m": 4,
                                        "multipole_comps": {
                                            "type": "tuple",
                                            "values": [
                                                0.00014983679994,
                                                -9.44988732e-05
                                            ]
                                        }
                                    }
                                }
                            }
                        }
                    }
                },
                "1": {
                    "type": "instance",
                    "class_path": "autofit.mapper.model.ModelInstance",
                    "arguments": {
                        "child_items": {
                            "type": "dict",
                            "arguments": {
                                "multipole_3": {
                                    "type": "instance",
                                    "class_path": "autogalaxy.ellipse.ellipse.ellipse_multipole.EllipseMultipole",
                                    "arguments": {
                                        "m": 3,
                                        "multipole_comps": {
                                            "type": "tuple",
                                            "values": [
                                                -0.00940301549532,
                                                0.00232072524168
                                            ]
                                        }
                                    }
                                },
                                "multipole_4": {
                                    "type": "instance",
                                    "class_path": "autogalaxy.ellipse.ellipse.ellipse_multipole.EllipseMultipole",
                                    "arguments": {
                                        "m": 4,
                                        "multipole_comps": {
                                            "type": "tuple",
                                            "values": [
                                                -0.00280711347309,
                                                -0.00401247599152
                                            ]
                                        }
                                    }
                                }
                            }
                        }
                    }
                },
                "2": {
                    "type": "instance",
                    "class_path": "autofit.mapper.model.ModelInstance",
                    "arguments": {
                        "child_items": {
                            "type": "dict",
                            "arguments": {
                                "multipole_3": {
                                    "type": "instance",
                                    "class_path": "autogalaxy.ellipse.ellipse.ellipse_multipole.EllipseMultipole",
                                    "arguments": {
                                        "m": 3,
                                        "multipole_comps": {
                                            "type": "tuple",
                                            "values": [
                                                -0.00677695156434,
                                                0.00373240600189
                                            ]
                                        }
                                    }
                                },
                                "multipole_4": {
                                    "type": "instance",
                                    "class_path": "autogalaxy.ellipse.ellipse.ellipse_multipole.EllipseMultipole",
                                    "arguments": {
                                        "m": 4,
                                        "multipole_comps": {
                                            "type": "tuple",
                                            "values": [
                                                -0.00787830589153,
                                                -0.0009645772385
                                            ]
                                        }
                                    }
                                }
                            }
                        }
                    }
                },
                "3": {
                    "type": "instance",
                    "class_path": "autofit.mapper.model.ModelInstance",
                    "arguments": {
                        "child_items": {
                            "type": "dict",
                            "arguments": {
                                "multipole_3": {
                                    "type": "instance",
                                    "class_path": "autogalaxy.ellipse.ellipse.ellipse_multipole.EllipseMultipole",
                                    "arguments": {
                                        "m": 3,
                                        "multipole_comps": {
                                            "type": "tuple",
                                            "values": [
                                                -0.00733794668103,
                                                0.00530191397423
                                            ]
                                        }
                                    }
                                },
                                "multipole_4": {
                                    "type": "instance",
                                    "class_path": "autogalaxy.ellipse.ellipse.ellipse_multipole.EllipseMultipole",
                                    "arguments": {
                                        "m": 4,
                                        "multipole_comps": {
                                            "type": "tuple",
                                            "values": [
                                                -0.00432844842184,
                                                -0.00278553734087
                                            ]
                                        }
                                    }
                                }
                            }
                        }
                    }
                },
                "4": {
                    "type": "instance",
                    "class_path": "autofit.mapper.model.ModelInstance",
                    "arguments": {
                        "child_items": {
                            "type": "dict",
                            "arguments": {
                                "multipole_3": {
                                    "type": "instance",
                                    "class_path": "autogalaxy.ellipse.ellipse.ellipse_multipole.EllipseMultipole",
                                    "arguments": {
                                        "m": 3,
                                        "multipole_comps": {
                                            "type": "tuple",
                                            "values": [
                                                -0.00125625711575,
                                                0.00064163811851
                                            ]
                                        }
                                    }
                                },
                                "multipole_4": {
                                    "type": "instance",
                                    "class_path": "autogalaxy.ellipse.ellipse.ellipse_multipole.EllipseMultipole",
                                    "arguments": {
                                        "m": 4,
                                        "multipole_comps": {
                                            "type": "tuple",
                                            "values": [
                                                -0.0076849573759,
                                                0.00718063633128
                                            ]
                                        }
                                    }
                                }
                            }
                        }
                    }
                },
                "5": {
                    "type": "instance",
                    "class_path": "autofit.mapper.model.ModelInstance",
                    "arguments": {
                        "child_items": {
                            "type": "dict",
                            "arguments": {
                                "multipole_3": {
                                    "type": "instance",
                                    "class_path": "autogalaxy.ellipse.ellipse.ellipse_multipole.EllipseMultipole",
                                    "arguments": {
                                        "m": 3,
                                        "multipole_comps": {
                                            "type": "tuple",
                                            "values": [
                                                -0.01664701992144,
                                                -0.00608487571433
                                            ]
                                        }
                                    }
                                },
                                "multipole_4": {
                                    "type": "instance",
                                    "class_path": "autogalaxy.ellipse.ellipse.ellipse_multipole.EllipseMultipole",
                                    "arguments": {
                                        "m": 4,
                                        "multipole_comps": {
                                            "type": "tuple",
                                            "values": [
                                                0.01050135572616,
                                                0.00349702951397
                                            ]
                                        }
                                    }
                                }
                            }
                        }
                    }
                },
                "6": {
                    "type": "instance",
                    "class_path": "autofit.mapper.model.ModelInstance",
                    "arguments": {
                        "child_items": {
                            "type": "dict",
                            "arguments": {
                                "multipole_3": {
                                    "type": "instance",
                                    "class_path": "autogalaxy.ellipse.ellipse.ellipse_multipole.EllipseMultipole",
                                    "arguments": {
                                        "m": 3,
                                        "multipole_comps": {
                                            "type": "tuple",
                                            "values": [
                                                -0.00401084355588,
                                                0.00174476173765
                                            ]
                                        }
                                    }
                                },
                                "multipole_4": {
                                    "type": "instance",
                                    "class_path": "autogalaxy.ellipse.ellipse.ellipse_multipole.EllipseMultipole",
                                    "arguments": {
                                        "m": 4,
                                        "multipole_comps": {
                                            "type": "tuple",
                                            "values": [
                                                0.00317004360606,
                                                0.00494081546076
                                            ]
                                        }
                                    }
                                }
                            }
                        }
                    }
                },
                "7": {
                    "type": "instance",
                    "class_path": "autofit.mapper.model.ModelInstance",
                    "arguments": {
                        "child_items": {
                            "type": "dict",
                            "arguments": {
                                "multipole_3": {
                                    "type": "instance",
                                    "class_path": "autogalaxy.ellipse.ellipse.ellipse_multipole.EllipseMultipole",
                                    "arguments": {
                                        "m": 3,
                                        "multipole_comps": {
                                            "type": "tuple",
                                            "values": [
                                                0.00079853959852,
                                                0.00779791965178
                                            ]
                                        }
                                    }
                                },
                                "multipole_4": {
                                    "type": "instance",
                                    "class_path": "autogalaxy.ellipse.ellipse.ellipse_multipole.EllipseMultipole",
                                    "arguments": {
                                        "m": 4,
                                        "multipole_comps": {
                                            "type": "tuple",
                                            "values": [
                                                0.02355605066013,
                                                0.03622203279766
                                            ]
                                        }
                                    }
                                }
                            }
                        }
                    }
                },
                "8": {
                    "type": "instance",
                    "class_path": "autofit.mapper.model.ModelInstance",
                    "arguments": {
                        "child_items": {
                            "type": "dict",
                            "arguments": {
                                "multipole_3": {
                                    "type": "instance",
                                    "class_path": "autogalaxy.ellipse.ellipse.ellipse_multipole.EllipseMultipole",
                                    "arguments": {
                                        "m": 3,
                                        "multipole_comps": {
                                            "type": "tuple",
                                            "values": [
                                                0.00551307783644,
                                                0.02053940016997
                                            ]
                                        }
                                    }
                                },
                                "multipole_4": {
                                    "type": "instance",
                                    "class_path": "autogalaxy.ellipse.ellipse.ellipse_multipole.EllipseMultipole",
                                    "arguments": {
                                        "m": 4,
                                        "multipole_comps": {
                                            "type": "tuple",
                                            "values": [
                                                -0.02553145849317,
                                                0.01680303925435
                                            ]
                                        }
                                    }
                                }
                            }
                        }
                    }
                },
                "9": {
                    "type": "instance",
                    "class_path": "autofit.mapper.model.ModelInstance",
                    "arguments": {
                        "child_items": {
                            "type": "dict",
                            "arguments": {
                                "multipole_3": {
                                    "type": "instance",
                                    "class_path": "autogalaxy.ellipse.ellipse.ellipse_multipole.EllipseMultipole",
                                    "arguments": {
                                        "m": 3,
                                        "multipole_comps": {
                                            "type": "tuple",
                                            "values": [
                                                0.0003232342784,
                                                -0.00546135572554
                                            ]
                                        }
                                    }
                                },
                                "multipole_4": {
                                    "type": "instance",
                                    "class_path": "autogalaxy.ellipse.ellipse.ellipse_multipole.EllipseMultipole",
                                    "arguments": {
                                        "m": 4,
                                        "multipole_comps": {
                                            "type": "tuple",
                                            "values": [
                                                -0.03446814525982,
                                                -0.02478572158854
                                            ]
                                        }
                                    }
                                }
                            }
                        }
                    }
                },
                "10": {
                    "type": "instance",
                    "class_path": "autofit.mapper.model.ModelInstance",
                    "arguments": {
                        "child_items": {
                            "type": "dict",
                            "arguments": {
                                "multipole_3": {
                                    "type": "instance",
                                    "class_path": "autogalaxy.ellipse.ellipse.ellipse_multipole.EllipseMultipole",
                                    "arguments": {
                                        "m": 3,
                                        "multipole_comps": {
                                            "type": "tuple",
                                            "values": [
                                                -0.01064379836435,
                                                0.04355243145021
                                            ]
                                        }
                                    }
                                },
                                "multipole_4": {
                                    "type": "instance",
                                    "class_path": "autogalaxy.ellipse.ellipse.ellipse_multipole.EllipseMultipole",
                                    "arguments": {
                                        "m": 4,
                                        "multipole_comps": {
                                            "type": "tuple",
                                            "values": [
                                                -0.01999207624551,
                                                0.00480827445264
                                            ]
                                        }
                                    }
                                }
                            }
                        }
                    }
                },
                "11": {
                    "type": "instance",
                    "class_path": "autofit.mapper.model.ModelInstance",
                    "arguments": {
                        "child_items": {
                            "type": "dict",
                            "arguments": {
                                "multipole_3": {
                                    "type": "instance",
                                    "class_path": "autogalaxy.ellipse.ellipse.ellipse_multipole.EllipseMultipole",
                                    "arguments": {
                                        "m": 3,
                                        "multipole_comps": {
                                            "type": "tuple",
                                            "values": [
                                                0.0114805720789,
                                                -0.02786159065632
                                            ]
                                        }
                                    }
                                },
                                "multipole_4": {
                                    "type": "instance",
                                    "class_path": "autogalaxy.ellipse.ellipse.ellipse_multipole.EllipseMultipole",
                                    "arguments": {
                                        "m": 4,
                                        "multipole_comps": {
                                            "type": "tuple",
                                            "values": [
                                                0.03941827740059,
                                                0.03157067888041
                                            ]
                                        }
                                    }
                                }
                            }
                        }
                    }
                },
                "12": {
                    "type": "instance",
                    "class_path": "autofit.mapper.model.ModelInstance",
                    "arguments": {
                        "child_items": {
                            "type": "dict",
                            "arguments": {
                                "multipole_3": {
                                    "type": "instance",
                                    "class_path": "autogalaxy.ellipse.ellipse.ellipse_multipole.EllipseMultipole",
                                    "arguments": {
                                        "m": 3,
                                        "multipole_comps": {
                                            "type": "tuple",
                                            "values": [
                                                0.00987950359401,
                                                -0.04871350087747
                                            ]
                                        }
                                    }
                                },
                                "multipole_4": {
                                    "type": "instance",
                                    "class_path": "autogalaxy.ellipse.ellipse.ellipse_multipole.EllipseMultipole",
                                    "arguments": {
                                        "m": 4,
                                        "multipole_comps": {
                                            "type": "tuple",
                                            "values": [
                                                -0.03726258685905,
                                                0.09530379277821
                                            ]
                                        }
                                    }
                                }
                            }
                        }
                    }
                },
                "13": {
                    "type": "instance",
                    "class_path": "autofit.mapper.model.ModelInstance",
                    "arguments": {
                        "child_items": {
                            "type": "dict",
                            "arguments": {
                                "multipole_3": {
                                    "type": "instance",
                                    "class_path": "autogalaxy.ellipse.ellipse.ellipse_multipole.EllipseMultipole",
                                    "arguments": {
                                        "m": 3,
                                        "multipole_comps": {
                                            "type": "tuple",
                                            "values": [
                                                0.05972797088033,
                                                -0.03271869596573
                                            ]
                                        }
                                    }
                                },
                                "multipole_4": {
                                    "type": "instance",
                                    "class_path": "autogalaxy.ellipse.ellipse.ellipse_multipole.EllipseMultipole",
                                    "arguments": {
                                        "m": 4,
                                        "multipole_comps": {
                                            "type": "tuple",
                                            "values": [
                                                -0.05316737992673,
                                                -0.00781383884502
                                            ]
                                        }
                                    }
                                }
                            }
                        }
                    }
                },
                "14": {
                    "type": "instance",
                    "class_path": "autofit.mapper.model.ModelInstance",
                    "arguments": {
                        "child_items": {
                            "type": "dict",
                            "arguments": {
                                "multipole_3": {
                                    "type": "instance",
                                    "class_path": "autogalaxy.ellipse.ellipse.ellipse_multipole.EllipseMultipole",
                                    "arguments": {
                                        "m": 3,
                                        "multipole_comps": {
                                            "type": "tuple",
                                            "values": [
                                                0.06419407348415,
                                                -0.08132907188389
                                            ]
                                        }
                                    }
                                },
                                "multipole_4": {
                                    "type": "instance",
                                    "class_path": "autogalaxy.ellipse.ellipse.ellipse_multipole.EllipseMultipole",
                                    "arguments": {
                                        "m": 4,
                                        "multipole_comps": {
                                            "type": "tuple",
                                            "values": [
                                                -0.06060467946274,
                                                -0.09176459744533
                                            ]
                                        }
                                    }
                                }
                            }
                        }
                    }
                },
                "15": {
                    "type": "instance",
                    "class_path": "autofit.mapper.model.ModelInstance",
                    "arguments": {
                        "child_items": {
                            "type": "dict",
                            "arguments": {
                                "multipole_3": {
                                    "type": "instance",
                                    "class_path": "autogalaxy.ellipse.ellipse.ellipse_multipole.EllipseMultipole",
                                    "arguments": {
                                        "m": 3,
                                        "multipole_comps": {
                                            "type": "tuple",
                                            "values": [
                                                0.00830005777265,
                                                0.05075602159373
                                            ]
                                        }
                                    }
                                },
                                "multipole_4": {
                                    "type": "instance",
                                    "class_path": "autogalaxy.ellipse.ellipse.ellipse_multipole.EllipseMultipole",
                                    "arguments": {
                                        "m": 4,
                                        "multipole_comps": {
                                            "type": "tuple",
                                            "values": [
                                                -0.04937044168696,
                                                0.04512343523495
                                            ]
                                        }
                                    }
                                }
                            }
                        }
                    }
                },
                "16": {
                    "type": "instance",
                    "class_path": "autofit.mapper.model.ModelInstance",
                    "arguments": {
                        "child_items": {
                            "type": "dict",
                            "arguments": {
                                "multipole_3": {
                                    "type": "instance",
                                    "class_path": "autogalaxy.ellipse.ellipse.ellipse_multipole.EllipseMultipole",
                                    "arguments": {
                                        "m": 3,
                                        "multipole_comps": {
                                            "type": "tuple",
                                            "values": [
                                                0.02604894434511,
                                                0.04619871238803
                                            ]
                                        }
                                    }
                                },
                                "multipole_4": {
                                    "type": "instance",
                                    "class_path": "autogalaxy.ellipse.ellipse.ellipse_multipole.EllipseMultipole",
                                    "arguments": {
                                        "m": 4,
                                        "multipole_comps": {
                                            "type": "tuple",
                                            "values": [
                                                0.03577384508671,
                                                -0.0023925188542
                                            ]
                                        }
                                    }
                                }
                            }
                        }
                    }
                },
                "17": {
                    "type": "instance",
                    "class_path": "autofit.mapper.model.ModelInstance",
                    "arguments": {
                        "child_items": {
                            "type": "dict",
                            "arguments": {
                                "multipole_3": {
                                    "type": "instance",
                                    "class_path": "autogalaxy.ellipse.ellipse.ellipse_multipole.EllipseMultipole",
                                    "arguments": {
                                        "m": 3,
                                        "multipole_comps": {
                                            "type": "tuple",
                                            "values": [
                                                0.0491896188372,
                                                0.0676794027592
                                            ]
                                        }
                                    }
                                },
                                "multipole_4": {
                                    "type": "instance",
                                    "class_path": "autogalaxy.ellipse.ellipse.ellipse_multipole.EllipseMultipole",
                                    "arguments": {
                                        "m": 4,
                                        "multipole_comps": {
                                            "type": "tuple",
                                            "values": [
                                                0.00698405390722,
                                                0.06349988929281
                                            ]
                                        }
                                    }
                                }
                            }
                        }
                    }
                },
                "18": {
                    "type": "instance",
                    "class_path": "autofit.mapper.model.ModelInstance",
                    "arguments": {
                        "child_items": {
                            "type": "dict",
                            "arguments": {
                                "multipole_3": {
                                    "type": "instance",
                                    "class_path": "autogalaxy.ellipse.ellipse.ellipse_multipole.EllipseMultipole",
                                    "arguments": {
                                        "m": 3,
                                        "multipole_comps": {
                                            "type": "tuple",
                                            "values": [
                                                -0.02888145337762,
                                                -0.07249239156891
                                            ]
                                        }
                                    }
                                },
                                "multipole_4": {
                                    "type": "instance",
                                    "class_path": "autogalaxy.ellipse.ellipse.ellipse_multipole.EllipseMultipole",
                                    "arguments": {
                                        "m": 4,
                                        "multipole_comps": {
                                            "type": "tuple",
                                            "values": [
                                                0.04439814465163,
                                                -0.04808538596638
                                            ]
                                        }
                                    }
                                }
                            }
                        }
                    }
                }
            }
        },
        "dummy_0": {
            "lower_limit": -0.1,
            "upper_limit": 0.1,
            "type": "Uniform",
            "id": 338
        }
    }
}