{
    "type": "instance",
    "class_path": "autofit.non_linear.samples.summary.SamplesSummary",
    "arguments": {
        "max_log_likelihood_sample": {
            "type": "instance",
            "class_path": "autofit.non_linear.samples.sample.Sample",
            "arguments": {
                "log_likelihood": -32.133907275980846,
                "log_prior": 0.0,
                "weight": 0.001076008814132738,
                "kwargs": {
                    "type": "dict",
                    "arguments": {
                        "ellipses.0.ell_comps.ell_comps_0": -0.03617416235453,
                        "ellipses.0.ell_comps.ell_comps_1": 0.07410834607414,
                        "multipoles.0.multipole_3.multipole_comps.multipole_comps_0": 0.01503747886592,
                        "multipoles.0.multipole_3.multipole_comps.multipole_comps_1": -0.01193421867574,
                        "multipoles.0.multipole_4.multipole_comps.multipole_comps_0": -0.04544605197424,
                        "multipoles.0.multipole_4.multipole_comps.multipole_comps_1": -0.07104318836603
                    }
                }
            }
        },
        "values_at_sigma_1": {
            "type": "list",
            "values": [
                {
                    "type": "tuple",
                    "values": [
                        -0.0458930333088,
                        -0.020189878099871206
                    ]
                },
                {
                    "type": "tuple",
                    "values": [
                        0.03877916496406101,
                        0.05583320336974073
                    ]
                },
                {
                    "type": "tuple",
                    "values": [
                        -0.06323842712803177,
                        0.01870164899895065
                    ]
                },
                {
                    "type": "tuple",
                    "values": [
                        -0.07294761293486852,
                        0.05106865006262333
                    ]
                },
                {
                    "type": "tuple",
                    "values": [
                        -0.05758634280125,
                        0.05713365645215
                    ]
                },
                {
                    "type": "tuple",
                    "values": [
                        -0.08432707197571386,
                        0.042384744746397904
                    ]
                }
            ]
        },
        "errors_at_sigma_1": {
            "type": "list",
            "values": [
                {
                    "type": "tuple",
                    "values": [
                        0.017293489179560435,
                        0.008409666029368358
                    ]
                },
                {
                    "type": "tuple",
                    "values": [
                        0.006608629852832448,
                        0.010445408552847271
                    ]
                },
                {
                    "type": "tuple",
                    "values": [
                        0.040759592309011765,
                        0.04118048381797065
                    ]
                },
                {
                    "type": "tuple",
                    "values": [
                        0.09156031206836823,
                        0.03245595092912363
                    ]
                },
                {
                    "type": "tuple",
                    "values": [
                        0.05545857307234395,
                        0.05926142618105606
                    ]
                },
                {
                    "type": "tuple",
                    "values": [
                        0.0763420787256282,
                        0.05036973799648357
                    ]
                }
            ]
        },
        "values_at_sigma_3": {
            "type": "list",
            "values": [
                {
                    "type": "tuple",
                    "values": [
                        -0.0629535159912,
                        0.0025572511851884097
                    ]
                },
                {
                    "type": "tuple",
                    "values": [
                        0.00765433447594,
                        0.09087869600744
                    ]
                },
                {
                    "type": "tuple",
                    "values": [
                        -0.09883740992388843,
                        0.08671889710185
                    ]
                },
                {
                    "type": "tuple",
                    "values": [
                        -0.09903967442475,
                        0.09983871870024165
                    ]
                },
                {
                    "type": "tuple",
                    "values": [
                        -0.09561431495399,
                        0.09733542472741981
                    ]
                },
                {
                    "type": "tuple",
                    "values": [
                        -0.09948714570213196,
                        0.09555769150940155
                    ]
                }
            ]
        },
        "errors_at_sigma_3": {
            "type": "list",
            "values": [
                {
                    "type": "tuple",
                    "values": [
                        0.03435397186196043,
                        0.031156795314427974
                    ]
                },
                {
                    "type": "tuple",
                    "values": [
                        0.037733460340953456,
                        0.045490901190546544
                    ]
                },
                {
                    "type": "tuple",
                    "values": [
                        0.07635857510486843,
                        0.10919773192087001
                    ]
                },
                {
                    "type": "tuple",
                    "values": [
                        0.1176523735582497,
                        0.08122601956674194
                    ]
                },
                {
                    "type": "tuple",
                    "values": [
                        0.09348654522508394,
                        0.09946319445632587
                    ]
                },
                {
                    "type": "tuple",
                    "values": [
                        0.09150215245204629,
                        0.10354268475948722
                    ]
                }
            ]
        },
        "log_evidence": -48.25888375221539,
        "model": null,
        "median_pdf_sample": {
            "type": "instance",
            "class_path": "autofit.non_linear.samples.sample.Sample",
            "arguments": {
                "log_likelihood": -32.133907275980846,
                "log_prior": 0.0,
                "weight": 0.001076008814132738,
                "kwargs": {
                    "type": "dict",
                    "arguments": {
                        "ellipses.0.ell_comps.ell_comps_0": -0.028599544129239565,
                        "ellipses.0.ell_comps.ell_comps_1": 0.04538779481689346,
                        "multipoles.0.multipole_3.multipole_comps.multipole_comps_0": -0.02247883481902,
                        "multipoles.0.multipole_3.multipole_comps.multipole_comps_1": 0.0186126991334997,
                        "multipoles.0.multipole_4.multipole_comps.multipole_comps_0": -0.002127769728906058,
                        "multipoles.0.multipole_4.multipole_comps.multipole_comps_1": -0.007984993250085663
                    }
                }
            }
        }
    }
}