{
    "type": "instance",
    "class_path": "autofit.non_linear.samples.summary.SamplesSummary",
    "arguments": {
        "errors_at_sigma_3": {
            "type": "list",
            "values": [
                {
                    "type": "tuple",
                    "values": [
                        0.03231132823232408,
                        0.12449727873312579
                    ]
                },
                {
                    "type": "tuple",
                    "values": [
                        0.03518604110454557,
                        0.07516780958776058
                    ]
                }
            ]
        },
        "log_evidence": -21.357727452807573,
        "model": null,
        "values_at_sigma_1": {
            "type": "list",
            "values": [
                {
                    "type": "tuple",
                    "values": [
                        -0.13944006010784,
                        -0.12179268344474052
                    ]
                },
                {
                    "type": "tuple",
                    "values": [
                        -0.06022034514806,
                        -0.02514488857997
                    ]
                }
            ]
        },
        "values_at_sigma_3": {
            "type": "list",
            "values": [
                {
                    "type": "tuple",
                    "values": [
                        -0.16339792788677,
                        -0.006589320921320123
                    ]
                },
                {
                    "type": "tuple",
                    "values": [
                        -0.08469484514361615,
                        0.02565900554869
                    ]
                }
            ]
        },
        "median_pdf_sample": {
            "type": "instance",
            "class_path": "autofit.non_linear.samples.sample.Sample",
            "arguments": {
                "log_likelihood": -13.822671363483938,
                "log_prior": 0.0,
                "weight": 0.0009782628291056072,
                "kwargs": {
                    "type": "dict",
                    "arguments": {
                        "ellipses.0.ell_comps.ell_comps_0": -0.1310865996544459,
                        "ellipses.0.ell_comps.ell_comps_1": -0.049508804039070584
                    }
                }
            }
        },
        "max_log_likelihood_sample": {
            "type": "instance",
            "class_path": "autofit.non_linear.samples.sample.Sample",
            "arguments": {
                "log_likelihood": -13.822671363483938,
                "log_prior": 0.0,
                "weight": 0.0009782628291056072,
                "kwargs": {
                    "type": "dict",
                    "arguments": {
                        "ellipses.0.ell_comps.ell_comps_0": -0.12924662206884,
                        "ellipses.0.ell_comps.ell_comps_1": -0.05719428843241
                    }
                }
            }
        },
        "errors_at_sigma_1": {
            "type": "list",
            "values": [
                {
                    "type": "tuple",
                    "values": [
                        0.00835346045339408,
                        0.009293916209705391
                    ]
                },
                {
                    "type": "tuple",
                    "values": [
                        0.01071154110898942,
                        0.024363915459100584
                    ]
                }
            ]
        }
    }
}