{
    "type": "instance",
    "class_path": "autofit.non_linear.samples.summary.SamplesSummary",
    "arguments": {
        "median_pdf_sample": {
            "type": "instance",
            "class_path": "autofit.non_linear.samples.sample.Sample",
            "arguments": {
                "log_likelihood": -44.235350888859216,
                "log_prior": 0.0,
                "weight": 0.0009944220928956552,
                "kwargs": {
                    "type": "dict",
                    "arguments": {
                        "ellipses.0.ell_comps.ell_comps_0": 0.04234783776394466,
                        "ellipses.0.ell_comps.ell_comps_1": -0.07898871470871
                    }
                }
            }
        },
        "errors_at_sigma_1": {
            "type": "list",
            "values": [
                {
                    "type": "tuple",
                    "values": [
                        0.004128740041244118,
                        0.004892775936432801
                    ]
                },
                {
                    "type": "tuple",
                    "values": [
                        0.004603146146830009,
                        0.008498988575289995
                    ]
                }
            ]
        },
        "values_at_sigma_3": {
            "type": "list",
            "values": [
                {
                    "type": "tuple",
                    "values": [
                        0.0286152237852,
                        0.05217946329790217
                    ]
                },
                {
                    "type": "tuple",
                    "values": [
                        -0.09715092507154445,
                        -0.05908183200736
                    ]
                }
            ]
        },
        "errors_at_sigma_3": {
            "type": "list",
            "values": [
                {
                    "type": "tuple",
                    "values": [
                        0.013732613978744656,
                        0.009831625533957514
                    ]
                },
                {
                    "type": "tuple",
                    "values": [
                        0.018162210362834455,
                        0.019906882701349993
                    ]
                }
            ]
        },
        "max_log_likelihood_sample": {
            "type": "instance",
            "class_path": "autofit.non_linear.samples.sample.Sample",
            "arguments": {
                "log_likelihood": -44.235350888859216,
                "log_prior": 0.0,
                "weight": 0.0009944220928956552,
                "kwargs": {
                    "type": "dict",
                    "arguments": {
                        "ellipses.0.ell_comps.ell_comps_0": 0.04865199162684,
                        "ellipses.0.ell_comps.ell_comps_1": -0.07902732029399
                    }
                }
            }
        },
        "values_at_sigma_1": {
            "type": "list",
            "values": [
                {
                    "type": "tuple",
                    "values": [
                        0.03821909772270054,
                        0.04724061370037746
                    ]
                },
                {
                    "type": "tuple",
                    "values": [
                        -0.08359186085554,
                        -0.07048972613342
                    ]
                }
            ]
        },
        "model": null,
        "log_evidence": -54.435634996998274
    }
}