{
    "type": "instance",
    "class_path": "autofit.non_linear.samples.summary.SamplesSummary",
    "arguments": {
        "max_log_likelihood_sample": {
            "type": "instance",
            "class_path": "autofit.non_linear.samples.sample.Sample",
            "arguments": {
                "log_likelihood": -17.288751354831845,
                "log_prior": 0.0,
                "weight": 0.0009786197985143452,
                "kwargs": {
                    "type": "dict",
                    "arguments": {
                        "ellipses.0.ell_comps.ell_comps_0": 0.01202915391237,
                        "ellipses.0.ell_comps.ell_comps_1": 0.08967139360497
                    }
                }
            }
        },
        "errors_at_sigma_1": {
            "type": "list",
            "values": [
                {
                    "type": "tuple",
                    "values": [
                        0.0024450202210863515,
                        0.0023048591656428617
                    ]
                },
                {
                    "type": "tuple",
                    "values": [
                        0.0026768455426878363,
                        0.0027147767986681476
                    ]
                }
            ]
        },
        "errors_at_sigma_3": {
            "type": "list",
            "values": [
                {
                    "type": "tuple",
                    "values": [
                        0.0064809400420910955,
                        0.007134591782245571
                    ]
                },
                {
                    "type": "tuple",
                    "values": [
                        0.007535870799421862,
                        0.007683829336408141
                    ]
                }
            ]
        },
        "model": null,
        "median_pdf_sample": {
            "type": "instance",
            "class_path": "autofit.non_linear.samples.sample.Sample",
            "arguments": {
                "log_likelihood": -17.288751354831845,
                "log_prior": 0.0,
                "weight": 0.0009786197985143452,
                "kwargs": {
                    "type": "dict",
                    "arguments": {
                        "ellipses.0.ell_comps.ell_comps_0": 0.012037313411781185,
                        "ellipses.0.ell_comps.ell_comps_1": 0.09014893139612186
                    }
                }
            }
        },
        "log_evidence": -27.61435901353011,
        "values_at_sigma_1": {
            "type": "list",
            "values": [
                {
                    "type": "tuple",
                    "values": [
                        0.009592293190694833,
                        0.014342172577424046
                    ]
                },
                {
                    "type": "tuple",
                    "values": [
                        0.08747208585343402,
                        0.09286370819479
                    ]
                }
            ]
        },
        "values_at_sigma_3": {
            "type": "list",
            "values": [
                {
                    "type": "tuple",
                    "values": [
                        0.005556373369690089,
                        0.019171905194026756
                    ]
                },
                {
                    "type": "tuple",
                    "values": [
                        0.0826130605967,
                        0.09783276073253
                    ]
                }
            ]
        }
    }
}