{
    "type": "instance",
    "class_path": "autofit.non_linear.samples.summary.SamplesSummary",
    "arguments": {
        "log_evidence": -42.844370177521476,
        "errors_at_sigma_1": {
            "type": "list",
            "values": [
                {
                    "type": "tuple",
                    "values": [
                        0.0023521813619300086,
                        0.0019076333964499897
                    ]
                },
                {
                    "type": "tuple",
                    "values": [
                        0.0018482151121700097,
                        0.0017297132675181681
                    ]
                }
            ]
        },
        "values_at_sigma_1": {
            "type": "list",
            "values": [
                {
                    "type": "tuple",
                    "values": [
                        0.08229731325409,
                        0.08655712801247
                    ]
                },
                {
                    "type": "tuple",
                    "values": [
                        0.17661748627555,
                        0.18019541465523817
                    ]
                }
            ]
        },
        "values_at_sigma_3": {
            "type": "list",
            "values": [
                {
                    "type": "tuple",
                    "values": [
                        0.07882634793964881,
                        0.09080691070513616
                    ]
                },
                {
                    "type": "tuple",
                    "values": [
                        0.17288394239738655,
                        0.18348476209821987
                    ]
                }
            ]
        },
        "errors_at_sigma_3": {
            "type": "list",
            "values": [
                {
                    "type": "tuple",
                    "values": [
                        0.005823146676371196,
                        0.006157416089116158
                    ]
                },
                {
                    "type": "tuple",
                    "values": [
                        0.005581758990333446,
                        0.005019060710499873
                    ]
                }
            ]
        },
        "max_log_likelihood_sample": {
            "type": "instance",
            "class_path": "autofit.non_linear.samples.sample.Sample",
            "arguments": {
                "log_likelihood": -31.46295186948152,
                "log_prior": 0.0,
                "weight": 0.0009832914480864684,
                "kwargs": {
                    "type": "dict",
                    "arguments": {
                        "ellipses.0.ell_comps.ell_comps_0": 0.08446358808878,
                        "ellipses.0.ell_comps.ell_comps_1": 0.17808300580726
                    }
                }
            }
        },
        "model": null,
        "median_pdf_sample": {
            "type": "instance",
            "class_path": "autofit.non_linear.samples.sample.Sample",
            "arguments": {
                "log_likelihood": -31.46295186948152,
                "log_prior": 0.0,
                "weight": 0.0009832914480864684,
                "kwargs": {
                    "type": "dict",
                    "arguments": {
                        "ellipses.0.ell_comps.ell_comps_0": 0.08464949461602,
                        "ellipses.0.ell_comps.ell_comps_1": 0.17846570138772
                    }
                }
            }
        }
    }
}