{
    "type": "instance",
    "class_path": "autofit.non_linear.samples.summary.SamplesSummary",
    "arguments": {
        "model": null,
        "errors_at_sigma_3": {
            "type": "list",
            "values": [
                {
                    "type": "tuple",
                    "values": [
                        0.06522074967530167,
                        0.06430696698906124
                    ]
                },
                {
                    "type": "tuple",
                    "values": [
                        0.0696980229773674,
                        0.06819365198728676
                    ]
                },
                {
                    "type": "tuple",
                    "values": [
                        0.023283010148170278,
                        0.02418167310753972
                    ]
                },
                {
                    "type": "tuple",
                    "values": [
                        0.02931299957307914,
                        0.0168859534739592
                    ]
                },
                {
                    "type": "tuple",
                    "values": [
                        0.025701552799559997,
                        0.022876331738580002
                    ]
                },
                {
                    "type": "tuple",
                    "values": [
                        0.026517328741220002,
                        0.01467503377479781
                    ]
                },
                {
                    "type": "tuple",
                    "values": [
                        0.01712414763077844,
                        0.01857342641602293
                    ]
                },
                {
                    "type": "tuple",
                    "values": [
                        0.024014020088029643,
                        0.022649323688056642
                    ]
                }
            ]
        },
        "errors_at_sigma_1": {
            "type": "list",
            "values": [
                {
                    "type": "tuple",
                    "values": [
                        0.025691972204611047,
                        0.031211944018228955
                    ]
                },
                {
                    "type": "tuple",
                    "values": [
                        0.02581717799369746,
                        0.025641206774819847
                    ]
                },
                {
                    "type": "tuple",
                    "values": [
                        0.0070332389738727895,
                        0.007222533883099722
                    ]
                },
                {
                    "type": "tuple",
                    "values": [
                        0.005402475980000685,
                        0.006586584142390864
                    ]
                },
                {
                    "type": "tuple",
                    "values": [
                        0.007608935954792872,
                        0.006288278814350793
                    ]
                },
                {
                    "type": "tuple",
                    "values": [
                        0.00795496161415,
                        0.006237228840756975
                    ]
                },
                {
                    "type": "tuple",
                    "values": [
                        0.006755350051553439,
                        0.00659489210738156
                    ]
                },
                {
                    "type": "tuple",
                    "values": [
                        0.008931805874179645,
                        0.008474725764874813
                    ]
                }
            ]
        },
        "values_at_sigma_3": {
            "type": "list",
            "values": [
                {
                    "type": "tuple",
                    "values": [
                        -0.060772032568430626,
                        0.06875568409593229
                    ]
                },
                {
                    "type": "tuple",
                    "values": [
                        -0.00743409309098,
                        0.13045758187367415
                    ]
                },
                {
                    "type": "tuple",
                    "values": [
                        -0.02545414832453,
                        0.02201053493118
                    ]
                },
                {
                    "type": "tuple",
                    "values": [
                        -0.01526929543016,
                        0.03092965761687834
                    ]
                },
                {
                    "type": "tuple",
                    "values": [
                        -0.02255119004866,
                        0.02602669448948
                    ]
                },
                {
                    "type": "tuple",
                    "values": [
                        -0.01562436965917,
                        0.02556799285684781
                    ]
                },
                {
                    "type": "tuple",
                    "values": [
                        -0.01830900982534,
                        0.01738856422146137
                    ]
                },
                {
                    "type": "tuple",
                    "values": [
                        -0.02860682173771,
                        0.018056522038376287
                    ]
                }
            ]
        },
        "log_evidence": -27.33913520518261,
        "values_at_sigma_1": {
            "type": "list",
            "values": [
                {
                    "type": "tuple",
                    "values": [
                        -0.02124325509774,
                        0.0356606611251
                    ]
                },
                {
                    "type": "tuple",
                    "values": [
                        0.03644675189268993,
                        0.08790513666120724
                    ]
                },
                {
                    "type": "tuple",
                    "values": [
                        -0.009204377150232512,
                        0.00505139570674
                    ]
                },
                {
                    "type": "tuple",
                    "values": [
                        0.008641228162918452,
                        0.02063028828531
                    ]
                },
                {
                    "type": "tuple",
                    "values": [
                        -0.004458573203892872,
                        0.009438641565250793
                    ]
                },
                {
                    "type": "tuple",
                    "values": [
                        0.0029379974679,
                        0.017130187922806975
                    ]
                },
                {
                    "type": "tuple",
                    "values": [
                        -0.007940212246114998,
                        0.00541002991282
                    ]
                },
                {
                    "type": "tuple",
                    "values": [
                        -0.01352460752386,
                        0.0038819241151944587
                    ]
                }
            ]
        },
        "max_log_likelihood_sample": {
            "type": "instance",
            "class_path": "autofit.non_linear.samples.sample.Sample",
            "arguments": {
                "log_likelihood": -4.366513353339788,
                "log_prior": 0.0,
                "weight": 0.0009639453836238623,
                "kwargs": {
                    "type": "dict",
                    "arguments": {
                        "ellipses.0.ell_comps.ell_comps_0": 0.02834050169742,
                        "ellipses.0.ell_comps.ell_comps_1": 0.06056649140202,
                        "multipoles.0.multipole_1.multipole_comps.multipole_comps_0": -0.00926458890874,
                        "multipoles.0.multipole_1.multipole_comps.multipole_comps_1": 0.01409470574501,
                        "multipoles.0.multipole_3.multipole_comps.multipole_comps_0": -0.00645515050168,
                        "multipoles.0.multipole_3.multipole_comps.multipole_comps_1": 0.00884932008374,
                        "multipoles.0.multipole_4.multipole_comps.multipole_comps_0": -0.00665478208477,
                        "multipoles.0.multipole_4.multipole_comps.multipole_comps_1": -0.00805634071229
                    }
                }
            }
        },
        "median_pdf_sample": {
            "type": "instance",
            "class_path": "autofit.non_linear.samples.sample.Sample",
            "arguments": {
                "log_likelihood": -4.366513353339788,
                "log_prior": 0.0,
                "weight": 0.0009639453836238623,
                "kwargs": {
                    "type": "dict",
                    "arguments": {
                        "ellipses.0.ell_comps.ell_comps_0": 0.004448717106871048,
                        "ellipses.0.ell_comps.ell_comps_1": 0.06226392988638739,
                        "multipoles.0.multipole_1.multipole_comps.multipole_comps_0": -0.0021711381763597224,
                        "multipoles.0.multipole_1.multipole_comps.multipole_comps_1": 0.014043704142919137,
                        "multipoles.0.multipole_3.multipole_comps.multipole_comps_0": 0.0031503627509,
                        "multipoles.0.multipole_3.multipole_comps.multipole_comps_1": 0.01089295908205,
                        "multipoles.0.multipole_4.multipole_comps.multipole_comps_0": -0.0011848621945615599,
                        "multipoles.0.multipole_4.multipole_comps.multipole_comps_1": -0.004592801649680355
                    }
                }
            }
        }
    }
}