{
    "type": "instance",
    "class_path": "autofit.non_linear.samples.summary.SamplesSummary",
    "arguments": {
        "log_evidence": -66.02611105732944,
        "values_at_sigma_1": {
            "type": "list",
            "values": [
                {
                    "type": "tuple",
                    "values": [
                        -0.18308477801994,
                        -0.15950389380341934
                    ]
                },
                {
                    "type": "tuple",
                    "values": [
                        -0.12484591564918,
                        -0.11535863203136
                    ]
                },
                {
                    "type": "tuple",
                    "values": [
                        -0.05082352283624,
                        0.04388006403825
                    ]
                },
                {
                    "type": "tuple",
                    "values": [
                        -0.01571890552689,
                        0.06741051052547
                    ]
                },
                {
                    "type": "tuple",
                    "values": [
                        -0.03303897941929,
                        0.03415108815662056
                    ]
                },
                {
                    "type": "tuple",
                    "values": [
                        -0.05241708701501,
                        0.02762132673868
                    ]
                },
                {
                    "type": "tuple",
                    "values": [
                        -0.03789404808935,
                        0.07145497199367583
                    ]
                },
                {
                    "type": "tuple",
                    "values": [
                        -0.0924656338491,
                        0.03524466350754295
                    ]
                }
            ]
        },
        "model": null,
        "errors_at_sigma_3": {
            "type": "list",
            "values": [
                {
                    "type": "tuple",
                    "values": [
                        0.04707006584387033,
                        0.013650109604777777
                    ]
                },
                {
                    "type": "tuple",
                    "values": [
                        0.02081832354381588,
                        0.029493924447586042
                    ]
                },
                {
                    "type": "tuple",
                    "values": [
                        0.12203028419554626,
                        0.11572154851448685
                    ]
                },
                {
                    "type": "tuple",
                    "values": [
                        0.1471953250207788,
                        0.1234987967075212
                    ]
                },
                {
                    "type": "tuple",
                    "values": [
                        0.08032896293046715,
                        0.10856670225097642
                    ]
                },
                {
                    "type": "tuple",
                    "values": [
                        0.10204890542530662,
                        0.07870910110544338
                    ]
                },
                {
                    "type": "tuple",
                    "values": [
                        0.12681740005065906,
                        0.06802238567744096
                    ]
                },
                {
                    "type": "tuple",
                    "values": [
                        0.030420980968364597,
                        0.1686183386887104
                    ]
                }
            ]
        },
        "values_at_sigma_3": {
            "type": "list",
            "values": [
                {
                    "type": "tuple",
                    "values": [
                        -0.2120837878669391,
                        -0.151363612418291
                    ]
                },
                {
                    "type": "tuple",
                    "values": [
                        -0.14027595513663588,
                        -0.08996370714523395
                    ]
                },
                {
                    "type": "tuple",
                    "values": [
                        -0.12875352519298106,
                        0.10899830751705206
                    ]
                },
                {
                    "type": "tuple",
                    "values": [
                        -0.10540191436616,
                        0.16529220736214
                    ]
                },
                {
                    "type": "tuple",
                    "values": [
                        -0.08951150388614358,
                        0.0993841612953
                    ]
                },
                {
                    "type": "tuple",
                    "values": [
                        -0.09806471265543,
                        0.08269329387532
                    ]
                },
                {
                    "type": "tuple",
                    "values": [
                        -0.09508299071918,
                        0.09975679500892
                    ]
                },
                {
                    "type": "tuple",
                    "values": [
                        -0.099892372763655,
                        0.09914694689342
                    ]
                }
            ]
        },
        "errors_at_sigma_1": {
            "type": "list",
            "values": [
                {
                    "type": "tuple",
                    "values": [
                        0.018071055996871227,
                        0.005509828219649432
                    ]
                },
                {
                    "type": "tuple",
                    "values": [
                        0.005388284056360007,
                        0.0040989995614599956
                    ]
                },
                {
                    "type": "tuple",
                    "values": [
                        0.044100281838805204,
                        0.05060330503568479
                    ]
                },
                {
                    "type": "tuple",
                    "values": [
                        0.0575123161815088,
                        0.025617099870851194
                    ]
                },
                {
                    "type": "tuple",
                    "values": [
                        0.02385643846361358,
                        0.04333362911229698
                    ]
                },
                {
                    "type": "tuple",
                    "values": [
                        0.056401279784886627,
                        0.02363713396880338
                    ]
                },
                {
                    "type": "tuple",
                    "values": [
                        0.06962845742082904,
                        0.039720562662196784
                    ]
                },
                {
                    "type": "tuple",
                    "values": [
                        0.022994242053809608,
                        0.10471605530283334
                    ]
                }
            ]
        },
        "max_log_likelihood_sample": {
            "type": "instance",
            "class_path": "autofit.non_linear.samples.sample.Sample",
            "arguments": {
                "log_likelihood": -48.659736339089676,
                "log_prior": 0.0,
                "weight": 0.0010488917741361854,
                "kwargs": {
                    "type": "dict",
                    "arguments": {
                        "ellipses.0.ell_comps.ell_comps_0": -0.16203898971999,
                        "ellipses.0.ell_comps.ell_comps_1": -0.12260981704837,
                        "multipoles.0.multipole_1.multipole_comps.multipole_comps_0": -0.03833361481548,
                        "multipoles.0.multipole_1.multipole_comps.multipole_comps_1": 0.08512320639157,
                        "multipoles.0.multipole_3.multipole_comps.multipole_comps_0": -0.01653553187748,
                        "multipoles.0.multipole_3.multipole_comps.multipole_comps_1": 0.01250762640299,
                        "multipoles.0.multipole_4.multipole_comps.multipole_comps_0": 0.06178277156782,
                        "multipoles.0.multipole_4.multipole_comps.multipole_comps_1": -0.07981527377682
                    }
                }
            }
        },
        "median_pdf_sample": {
            "type": "instance",
            "class_path": "autofit.non_linear.samples.sample.Sample",
            "arguments": {
                "log_likelihood": -48.659736339089676,
                "log_prior": 0.0,
                "weight": 0.0010488917741361854,
                "kwargs": {
                    "type": "dict",
                    "arguments": {
                        "ellipses.0.ell_comps.ell_comps_0": -0.16501372202306877,
                        "ellipses.0.ell_comps.ell_comps_1": -0.11945763159282,
                        "multipoles.0.multipole_1.multipole_comps.multipole_comps_0": -0.006723240997434795,
                        "multipoles.0.multipole_1.multipole_comps.multipole_comps_1": 0.0417934106546188,
                        "multipoles.0.multipole_3.multipole_comps.multipole_comps_0": -0.009182540955676423,
                        "multipoles.0.multipole_3.multipole_comps.multipole_comps_1": 0.003984192769876623,
                        "multipoles.0.multipole_4.multipole_comps.multipole_comps_0": 0.031734409331479044,
                        "multipoles.0.multipole_4.multipole_comps.multipole_comps_1": -0.0694713917952904
                    }
                }
            }
        }
    }
}