{
    "type": "instance",
    "class_path": "autofit.non_linear.samples.summary.SamplesSummary",
    "arguments": {
        "values_at_sigma_1": {
            "type": "list",
            "values": [
                {
                    "type": "tuple",
                    "values": [
                        -0.142769805782596,
                        -0.12482198034650431
                    ]
                },
                {
                    "type": "tuple",
                    "values": [
                        -0.04503407998823884,
                        -0.030043979430349883
                    ]
                },
                {
                    "type": "tuple",
                    "values": [
                        1.6732293697444198,
                        1.6826539515453136
                    ]
                },
                {
                    "type": "tuple",
                    "values": [
                        -0.017167931658701122,
                        -0.005329821264774455
                    ]
                },
                {
                    "type": "tuple",
                    "values": [
                        -0.0019190928467702473,
                        0.008657319889013563
                    ]
                },
                {
                    "type": "tuple",
                    "values": [
                        1.860491735315451,
                        1.9025154262474324
                    ]
                },
                {
                    "type": "tuple",
                    "values": [
                        0.004444627673776213,
                        0.013438978763546794
                    ]
                },
                {
                    "type": "tuple",
                    "values": [
                        -0.0425257155536232,
                        -0.028438528616188515
                    ]
                }
            ]
        },
        "model": null,
        "values_at_sigma_3": {
            "type": "list",
            "values": [
                {
                    "type": "tuple",
                    "values": [
                        -0.15791057183849705,
                        -0.10778973241027201
                    ]
                },
                {
                    "type": "tuple",
                    "values": [
                        -0.06436031053194044,
                        -0.020844801946572653
                    ]
                },
                {
                    "type": "tuple",
                    "values": [
                        1.6655243371549289,
                        1.69291805465196
                    ]
                },
                {
                    "type": "tuple",
                    "values": [
                        -0.0293328157556633,
                        0.011601624684621246
                    ]
                },
                {
                    "type": "tuple",
                    "values": [
                        -0.016762620401869585,
                        0.017351624685650914
                    ]
                },
                {
                    "type": "tuple",
                    "values": [
                        1.8202463062791463,
                        1.939173737032099
                    ]
                },
                {
                    "type": "tuple",
                    "values": [
                        -0.006337337052879444,
                        0.01905688511781055
                    ]
                },
                {
                    "type": "tuple",
                    "values": [
                        -0.053611111802329234,
                        -0.014365818039759138
                    ]
                }
            ]
        },
        "median_pdf_sample": {
            "type": "instance",
            "class_path": "autofit.non_linear.samples.sample.Sample",
            "arguments": {
                "log_likelihood": -8674.32997576278,
                "log_prior": 1.7805470295230088,
                "weight": 3.579098782763623e-05,
                "kwargs": {
                    "type": "dict",
                    "arguments": {
                        "galaxies.lens.mass.ell_comps.ell_comps_0": -0.13430269384933335,
                        "galaxies.lens.mass.ell_comps.ell_comps_1": -0.03536383371045849,
                        "galaxies.lens.mass.einstein_radius": 1.6769203832173694,
                        "galaxies.lens.mass.centre.centre_0": -0.011518390276007425,
                        "galaxies.lens.mass.centre.centre_1": 0.004080360539788454,
                        "galaxies.lens.mass.slope": 1.8790282883036098,
                        "galaxies.lens.shear.gamma_1": 0.010086937102716935,
                        "galaxies.lens.shear.gamma_2": -0.036126091413138446
                    }
                }
            }
        },
        "max_log_likelihood_sample": {
            "type": "instance",
            "class_path": "autofit.non_linear.samples.sample.Sample",
            "arguments": {
                "log_likelihood": -8674.32997576278,
                "log_prior": 1.7805470295230088,
                "weight": 3.579098782763623e-05,
                "kwargs": {
                    "type": "dict",
                    "arguments": {
                        "galaxies.lens.mass.ell_comps.ell_comps_0": -0.131670370546653,
                        "galaxies.lens.mass.ell_comps.ell_comps_1": -0.03131583711474942,
                        "galaxies.lens.mass.einstein_radius": 1.6763061847155618,
                        "galaxies.lens.mass.centre.centre_0": -0.00996047288806656,
                        "galaxies.lens.mass.centre.centre_1": 0.003604481323526823,
                        "galaxies.lens.mass.slope": 1.88266098307929,
                        "galaxies.lens.shear.gamma_1": 0.0129114612695,
                        "galaxies.lens.shear.gamma_2": -0.0344491295325
                    }
                }
            }
        },
        "errors_at_sigma_1": {
            "type": "list",
            "values": [
                {
                    "type": "tuple",
                    "values": [
                        0.008467111933262633,
                        0.009480713502829044
                    ]
                },
                {
                    "type": "tuple",
                    "values": [
                        0.009670246277780355,
                        0.005319854280108605
                    ]
                },
                {
                    "type": "tuple",
                    "values": [
                        0.0036910134729495336,
                        0.0057335683279442495
                    ]
                },
                {
                    "type": "tuple",
                    "values": [
                        0.005649541382693697,
                        0.00618856901123297
                    ]
                },
                {
                    "type": "tuple",
                    "values": [
                        0.005999453386558702,
                        0.004576959349225108
                    ]
                },
                {
                    "type": "tuple",
                    "values": [
                        0.018536552988158705,
                        0.023487137943822622
                    ]
                },
                {
                    "type": "tuple",
                    "values": [
                        0.005642309428940721,
                        0.0033520416608298596
                    ]
                },
                {
                    "type": "tuple",
                    "values": [
                        0.006399624140484755,
                        0.007687562796949932
                    ]
                }
            ]
        },
        "log_evidence": -8710.646333728613,
        "errors_at_sigma_3": {
            "type": "list",
            "values": [
                {
                    "type": "tuple",
                    "values": [
                        0.023607877989163695,
                        0.026512961439061344
                    ]
                },
                {
                    "type": "tuple",
                    "values": [
                        0.028996476821481952,
                        0.014519031763885835
                    ]
                },
                {
                    "type": "tuple",
                    "values": [
                        0.01139604606244049,
                        0.015997671434590632
                    ]
                },
                {
                    "type": "tuple",
                    "values": [
                        0.017814425479655876,
                        0.02312001496062867
                    ]
                },
                {
                    "type": "tuple",
                    "values": [
                        0.02084298094165804,
                        0.013271264145862459
                    ]
                },
                {
                    "type": "tuple",
                    "values": [
                        0.0587819820244635,
                        0.06014544872848915
                    ]
                },
                {
                    "type": "tuple",
                    "values": [
                        0.01642427415559638,
                        0.008969948015093614
                    ]
                },
                {
                    "type": "tuple",
                    "values": [
                        0.017485020389190788,
                        0.02176027337337931
                    ]
                }
            ]
        }
    }
}