{
    "type": "instance",
    "class_path": "autoarray.inversion.inversion.settings.SettingsInversion",
    "arguments": {
        "force_edge_image_pixels_to_zeros": false,
        "image_mesh_min_mesh_number": 5,
        "image_mesh_min_mesh_pixels_per_pixel": null,
        "no_regularization_add_to_curvature_diag_value": 0.001,
        "image_mesh_adapt_background_percent_threshold": null,
        "use_linear_operators": false,
        "use_border_relocator": true,
        "image_mesh_adapt_background_percent_check": 0.8,
        "force_edge_pixels_to_zeros": true,
        "use_positive_only_solver": true,
        "image_pixels_source_zero": null,
        "positive_only_uses_p_initial": true,
        "use_w_tilde_numpy": false,
        "tolerance": 1e-08,
        "use_w_tilde": true,
        "maxiter": 250,
        "use_source_loop": false
    }
}