{
    "type": "collection",
    "arguments": {
        "ellipses": {
            "type": "collection",
            "arguments": {
                "0": {
                    "type": "instance",
                    "class_path": "autogalaxy.ellipse.ellipse.ellipse.Ellipse",
                    "arguments": {
                        "ell_comps": {
                            "type": "tuple",
                            "values": [
                                0.01489776262083,
                                0.03274886507628
                            ]
                        },
                        "centre": {
                            "type": "tuple",
                            "values": [
                                -0.00063488388026,
                                -0.00089273779352
                            ]
                        },
                        "major_axis": 0.25
                    }
                },
                "1": {
                    "type": "instance",
                    "class_path": "autogalaxy.ellipse.ellipse.ellipse.Ellipse",
                    "arguments": {
                        "ell_comps": {
                            "type": "tuple",
                            "values": [
                                0.00763758908956,
                                0.0446021632487
                            ]
                        },
                        "centre": {
                            "type": "tuple",
                            "values": [
                                -0.00063488388026,
                                -0.00089273779352
                            ]
                        },
                        "major_axis": 0.5
                    }
                },
                "2": {
                    "type": "instance",
                    "class_path": "autogalaxy.ellipse.ellipse.ellipse.Ellipse",
                    "arguments": {
                        "ell_comps": {
                            "type": "tuple",
                            "values": [
                                0.01007803932069,
                                0.05788819566308
                            ]
                        },
                        "centre": {
                            "type": "tuple",
                            "values": [
                                -0.00063488388026,
                                -0.00089273779352
                            ]
                        },
                        "major_axis": 0.75
                    }
                },
                "3": {
                    "type": "instance",
                    "class_path": "autogalaxy.ellipse.ellipse.ellipse.Ellipse",
                    "arguments": {
                        "ell_comps": {
                            "type": "tuple",
                            "values": [
                                0.01154346880553,
                                0.07284130454372
                            ]
                        },
                        "centre": {
                            "type": "tuple",
                            "values": [
                                -0.00063488388026,
                                -0.00089273779352
                            ]
                        },
                        "major_axis": 1.0
                    }
                },
                "4": {
                    "type": "instance",
                    "class_path": "autogalaxy.ellipse.ellipse.ellipse.Ellipse",
                    "arguments": {
                        "ell_comps": {
                            "type": "tuple",
                            "values": [
                                0.00149457127178,
                                0.07419519137831
                            ]
                        },
                        "centre": {
                            "type": "tuple",
                            "values": [
                                -0.00063488388026,
                                -0.00089273779352
                            ]
                        },
                        "major_axis": 1.25
                    }
                },
                "5": {
                    "type": "instance",
                    "class_path": "autogalaxy.ellipse.ellipse.ellipse.Ellipse",
                    "arguments": {
                        "ell_comps": {
                            "type": "tuple",
                            "values": [
                                -0.01753128214803,
                                0.07196877577743
                            ]
                        },
                        "centre": {
                            "type": "tuple",
                            "values": [
                                -0.00063488388026,
                                -0.00089273779352
                            ]
                        },
                        "major_axis": 1.5
                    }
                },
                "6": {
                    "type": "instance",
                    "class_path": "autogalaxy.ellipse.ellipse.ellipse.Ellipse",
                    "arguments": {
                        "ell_comps": {
                            "type": "tuple",
                            "values": [
                                -0.02492493078499,
                                0.03569716621463
                            ]
                        },
                        "centre": {
                            "type": "tuple",
                            "values": [
                                -0.00063488388026,
                                -0.00089273779352
                            ]
                        },
                        "major_axis": 1.75
                    }
                },
                "7": {
                    "type": "instance",
                    "class_path": "autogalaxy.ellipse.ellipse.ellipse.Ellipse",
                    "arguments": {
                        "ell_comps": {
                            "type": "tuple",
                            "values": [
                                -0.01448223332039,
                                0.05320537789188
                            ]
                        },
                        "centre": {
                            "type": "tuple",
                            "values": [
                                -0.00063488388026,
                                -0.00089273779352
                            ]
                        },
                        "major_axis": 2.0
                    }
                },
                "8": {
                    "type": "instance",
                    "class_path": "autogalaxy.ellipse.ellipse.ellipse.Ellipse",
                    "arguments": {
                        "ell_comps": {
                            "type": "tuple",
                            "values": [
                                -0.0290196192477,
                                0.07558436957145
                            ]
                        },
                        "centre": {
                            "type": "tuple",
                            "values": [
                                -0.00063488388026,
                                -0.00089273779352
                            ]
                        },
                        "major_axis": 2.25
                    }
                },
                "9": {
                    "type": "instance",
                    "class_path": "autogalaxy.ellipse.ellipse.ellipse.Ellipse",
                    "arguments": {
                        "ell_comps": {
                            "type": "tuple",
                            "values": [
                                -0.01951328112233,
                                0.05495897384027
                            ]
                        },
                        "centre": {
                            "type": "tuple",
                            "values": [
                                -0.00063488388026,
                                -0.00089273779352
                            ]
                        },
                        "major_axis": 2.5
                    }
                },
                "10": {
                    "type": "instance",
                    "class_path": "autogalaxy.ellipse.ellipse.ellipse.Ellipse",
                    "arguments": {
                        "ell_comps": {
                            "type": "tuple",
                            "values": [
                                -0.05427193980469,
                                0.05273014763647
                            ]
                        },
                        "centre": {
                            "type": "tuple",
                            "values": [
                                -0.00063488388026,
                                -0.00089273779352
                            ]
                        },
                        "major_axis": 2.75
                    }
                },
                "11": {
                    "type": "instance",
                    "class_path": "autogalaxy.ellipse.ellipse.ellipse.Ellipse",
                    "arguments": {
                        "ell_comps": {
                            "type": "tuple",
                            "values": [
                                -0.0302361080409,
                                0.00216329580504
                            ]
                        },
                        "centre": {
                            "type": "tuple",
                            "values": [
                                -0.00063488388026,
                                -0.00089273779352
                            ]
                        },
                        "major_axis": 3.0
                    }
                }
            }
        },
        "dummy_0": {
            "lower_limit": -0.1,
            "upper_limit": 0.1,
            "type": "Uniform",
            "id": 104
        }
    }
}