{
    "type": "instance",
    "class_path": "autofit.non_linear.samples.summary.SamplesSummary",
    "arguments": {
        "median_pdf_sample": {
            "type": "instance",
            "class_path": "autofit.non_linear.samples.sample.Sample",
            "arguments": {
                "log_likelihood": -15.773859310864822,
                "log_prior": 0.0,
                "weight": 0.0010055991765406177,
                "kwargs": {
                    "type": "dict",
                    "arguments": {
                        "ellipses.0.ell_comps.ell_comps_0": -0.01724200287850883,
                        "ellipses.0.ell_comps.ell_comps_1": 0.09203417998732129,
                        "multipoles.0.multipole_3.multipole_comps.multipole_comps_0": -0.00895768283437034,
                        "multipoles.0.multipole_3.multipole_comps.multipole_comps_1": 0.00197063884528,
                        "multipoles.0.multipole_4.multipole_comps.multipole_comps_0": -0.00355872661806,
                        "multipoles.0.multipole_4.multipole_comps.multipole_comps_1": -0.00448570394936
                    }
                }
            }
        },
        "log_evidence": -40.64511351234242,
        "errors_at_sigma_1": {
            "type": "list",
            "values": [
                {
                    "type": "tuple",
                    "values": [
                        0.0035386149639211675,
                        0.0039021964926107006
                    ]
                },
                {
                    "type": "tuple",
                    "values": [
                        0.0029088082677012905,
                        0.002965151212218714
                    ]
                },
                {
                    "type": "tuple",
                    "values": [
                        0.0016549528799220063,
                        0.0014472970533203396
                    ]
                },
                {
                    "type": "tuple",
                    "values": [
                        0.0016588258207611687,
                        0.0016183219921600002
                    ]
                },
                {
                    "type": "tuple",
                    "values": [
                        0.0016720561140056017,
                        0.00206716530816
                    ]
                },
                {
                    "type": "tuple",
                    "values": [
                        0.0017597348550537767,
                        0.00195768395044
                    ]
                }
            ]
        },
        "values_at_sigma_3": {
            "type": "list",
            "values": [
                {
                    "type": "tuple",
                    "values": [
                        -0.02758962528023,
                        -0.00770032284605293
                    ]
                },
                {
                    "type": "tuple",
                    "values": [
                        0.08248281250937774,
                        0.10099490078524746
                    ]
                },
                {
                    "type": "tuple",
                    "values": [
                        -0.014452781137678238,
                        -0.004370494251762548
                    ]
                },
                {
                    "type": "tuple",
                    "values": [
                        -0.00229321165523,
                        0.007099357643401484
                    ]
                },
                {
                    "type": "tuple",
                    "values": [
                        -0.010012384655873351,
                        0.0024107978781124735
                    ]
                },
                {
                    "type": "tuple",
                    "values": [
                        -0.010178491301816991,
                        0.0016562383707051946
                    ]
                }
            ]
        },
        "values_at_sigma_1": {
            "type": "list",
            "values": [
                {
                    "type": "tuple",
                    "values": [
                        -0.02078061784243,
                        -0.01333980638589813
                    ]
                },
                {
                    "type": "tuple",
                    "values": [
                        0.08912537171962,
                        0.09499933119954
                    ]
                },
                {
                    "type": "tuple",
                    "values": [
                        -0.010612635714292346,
                        -0.00751038578105
                    ]
                },
                {
                    "type": "tuple",
                    "values": [
                        0.00031181302451883106,
                        0.00358896083744
                    ]
                },
                {
                    "type": "tuple",
                    "values": [
                        -0.0052307827320656015,
                        -0.0014915613099
                    ]
                },
                {
                    "type": "tuple",
                    "values": [
                        -0.006245438804413777,
                        -0.00252801999892
                    ]
                }
            ]
        },
        "max_log_likelihood_sample": {
            "type": "instance",
            "class_path": "autofit.non_linear.samples.sample.Sample",
            "arguments": {
                "log_likelihood": -15.773859310864822,
                "log_prior": 0.0,
                "weight": 0.0010055991765406177,
                "kwargs": {
                    "type": "dict",
                    "arguments": {
                        "ellipses.0.ell_comps.ell_comps_0": -0.01780058694845,
                        "ellipses.0.ell_comps.ell_comps_1": 0.09147391229887,
                        "multipoles.0.multipole_3.multipole_comps.multipole_comps_0": -0.00940301549532,
                        "multipoles.0.multipole_3.multipole_comps.multipole_comps_1": 0.00232072524168,
                        "multipoles.0.multipole_4.multipole_comps.multipole_comps_0": -0.00280711347309,
                        "multipoles.0.multipole_4.multipole_comps.multipole_comps_1": -0.00401247599152
                    }
                }
            }
        },
        "model": null,
        "errors_at_sigma_3": {
            "type": "list",
            "values": [
                {
                    "type": "tuple",
                    "values": [
                        0.010347622401721168,
                        0.009541680032455901
                    ]
                },
                {
                    "type": "tuple",
                    "values": [
                        0.009551367477943551,
                        0.008960720797926175
                    ]
                },
                {
                    "type": "tuple",
                    "values": [
                        0.005495098303307898,
                        0.004587188582607792
                    ]
                },
                {
                    "type": "tuple",
                    "values": [
                        0.004263850500509999,
                        0.005128718798121484
                    ]
                },
                {
                    "type": "tuple",
                    "values": [
                        0.0064536580378133515,
                        0.005969524496172473
                    ]
                },
                {
                    "type": "tuple",
                    "values": [
                        0.005692787352456991,
                        0.006141942320065195
                    ]
                }
            ]
        }
    }
}