{
    "type": "instance",
    "class_path": "autofit.non_linear.samples.summary.SamplesSummary",
    "arguments": {
        "median_pdf_sample": {
            "type": "instance",
            "class_path": "autofit.non_linear.samples.sample.Sample",
            "arguments": {
                "log_likelihood": -49.49838567004171,
                "log_prior": 0.0,
                "weight": 0.0009937294062411113,
                "kwargs": {
                    "type": "dict",
                    "arguments": {
                        "ellipses.0.ell_comps.ell_comps_0": -0.1724289270914129,
                        "ellipses.0.ell_comps.ell_comps_1": 0.10944054604956
                    }
                }
            }
        },
        "errors_at_sigma_1": {
            "type": "list",
            "values": [
                {
                    "type": "tuple",
                    "values": [
                        0.0022787997473671107,
                        0.004068844971822888
                    ]
                },
                {
                    "type": "tuple",
                    "values": [
                        0.00466505513565886,
                        0.0021788167928075836
                    ]
                }
            ]
        },
        "values_at_sigma_1": {
            "type": "list",
            "values": [
                {
                    "type": "tuple",
                    "values": [
                        -0.17470772683878,
                        -0.16836008211959
                    ]
                },
                {
                    "type": "tuple",
                    "values": [
                        0.10477549091390113,
                        0.11161936284236758
                    ]
                }
            ]
        },
        "errors_at_sigma_3": {
            "type": "list",
            "values": [
                {
                    "type": "tuple",
                    "values": [
                        0.042393300191617106,
                        0.024500066072312893
                    ]
                },
                {
                    "type": "tuple",
                    "values": [
                        0.09253519565443916,
                        0.01204792917776
                    ]
                }
            ]
        },
        "max_log_likelihood_sample": {
            "type": "instance",
            "class_path": "autofit.non_linear.samples.sample.Sample",
            "arguments": {
                "log_likelihood": -49.49838567004171,
                "log_prior": 0.0,
                "weight": 0.0009937294062411113,
                "kwargs": {
                    "type": "dict",
                    "arguments": {
                        "ellipses.0.ell_comps.ell_comps_0": -0.17309785061713,
                        "ellipses.0.ell_comps.ell_comps_1": 0.10875887426767
                    }
                }
            }
        },
        "log_evidence": -60.28404772967584,
        "model": null,
        "values_at_sigma_3": {
            "type": "list",
            "values": [
                {
                    "type": "tuple",
                    "values": [
                        -0.21482222728303,
                        -0.1479288610191
                    ]
                },
                {
                    "type": "tuple",
                    "values": [
                        0.016905350395120842,
                        0.12148847522732
                    ]
                }
            ]
        }
    }
}