{
    "type": "instance",
    "class_path": "autofit.non_linear.samples.summary.SamplesSummary",
    "arguments": {
        "errors_at_sigma_3": {
            "type": "list",
            "values": [
                {
                    "type": "tuple",
                    "values": [
                        0.01329284824109217,
                        0.03505272259097816
                    ]
                },
                {
                    "type": "tuple",
                    "values": [
                        0.02709131658750999,
                        0.03132955409122447
                    ]
                },
                {
                    "type": "tuple",
                    "values": [
                        0.09546735496531931,
                        0.09785982508939105
                    ]
                },
                {
                    "type": "tuple",
                    "values": [
                        0.100929488682129,
                        0.04225308873264883
                    ]
                },
                {
                    "type": "tuple",
                    "values": [
                        0.12900262346292132,
                        0.016090375733718673
                    ]
                },
                {
                    "type": "tuple",
                    "values": [
                        0.09749833641767644,
                        0.09941477108857398
                    ]
                }
            ]
        },
        "errors_at_sigma_1": {
            "type": "list",
            "values": [
                {
                    "type": "tuple",
                    "values": [
                        0.0038606929746250115,
                        0.01332573482925039
                    ]
                },
                {
                    "type": "tuple",
                    "values": [
                        0.004190317149900008,
                        0.004061663568109941
                    ]
                },
                {
                    "type": "tuple",
                    "values": [
                        0.030402972687950343,
                        0.045105828630415304
                    ]
                },
                {
                    "type": "tuple",
                    "values": [
                        0.0308755786308916,
                        0.017628754394009967
                    ]
                },
                {
                    "type": "tuple",
                    "values": [
                        0.03070124938744133,
                        0.011882679173574065
                    ]
                },
                {
                    "type": "tuple",
                    "values": [
                        0.06093123909105,
                        0.054880555036949996
                    ]
                }
            ]
        },
        "values_at_sigma_3": {
            "type": "list",
            "values": [
                {
                    "type": "tuple",
                    "values": [
                        -0.05210720903229716,
                        -0.00376163820022683
                    ]
                },
                {
                    "type": "tuple",
                    "values": [
                        -0.16209201204259,
                        -0.10367114136385554
                    ]
                },
                {
                    "type": "tuple",
                    "values": [
                        -0.09742505920366537,
                        0.09590212085104499
                    ]
                },
                {
                    "type": "tuple",
                    "values": [
                        -0.07397827537641898,
                        0.06920430203835887
                    ]
                },
                {
                    "type": "tuple",
                    "values": [
                        -0.04513553895961,
                        0.09995746023703
                    ]
                },
                {
                    "type": "tuple",
                    "values": [
                        -0.09920553700993644,
                        0.09770757049631398
                    ]
                }
            ]
        },
        "values_at_sigma_1": {
            "type": "list",
            "values": [
                {
                    "type": "tuple",
                    "values": [
                        -0.04267505376583,
                        -0.0254886259619546
                    ]
                },
                {
                    "type": "tuple",
                    "values": [
                        -0.13919101260498,
                        -0.13093903188697006
                    ]
                },
                {
                    "type": "tuple",
                    "values": [
                        -0.03236067692629639,
                        0.043148124392069255
                    ]
                },
                {
                    "type": "tuple",
                    "values": [
                        -0.003924365325181564,
                        0.04457996769972
                    ]
                },
                {
                    "type": "tuple",
                    "values": [
                        0.05316583511587,
                        0.0957497636768854
                    ]
                },
                {
                    "type": "tuple",
                    "values": [
                        -0.06263843968331,
                        0.05317335444469
                    ]
                }
            ]
        },
        "log_evidence": -66.30079496518118,
        "median_pdf_sample": {
            "type": "instance",
            "class_path": "autofit.non_linear.samples.sample.Sample",
            "arguments": {
                "log_likelihood": -48.15724968977172,
                "log_prior": 0.0,
                "weight": 0.000876909735901747,
                "kwargs": {
                    "type": "dict",
                    "arguments": {
                        "ellipses.0.ell_comps.ell_comps_0": -0.03881436079120499,
                        "ellipses.0.ell_comps.ell_comps_1": -0.13500069545508,
                        "multipoles.0.multipole_3.multipole_comps.multipole_comps_0": -0.0019577042383460506,
                        "multipoles.0.multipole_3.multipole_comps.multipole_comps_1": 0.026951213305710035,
                        "multipoles.0.multipole_4.multipole_comps.multipole_comps_0": 0.08386708450331133,
                        "multipoles.0.multipole_4.multipole_comps.multipole_comps_1": -0.00170720059226
                    }
                }
            }
        },
        "max_log_likelihood_sample": {
            "type": "instance",
            "class_path": "autofit.non_linear.samples.sample.Sample",
            "arguments": {
                "log_likelihood": -48.15724968977172,
                "log_prior": 0.0,
                "weight": 0.000876909735901747,
                "kwargs": {
                    "type": "dict",
                    "arguments": {
                        "ellipses.0.ell_comps.ell_comps_0": -0.03845289650304,
                        "ellipses.0.ell_comps.ell_comps_1": -0.13600728871558,
                        "multipoles.0.multipole_3.multipole_comps.multipole_comps_0": -0.00816275708126,
                        "multipoles.0.multipole_3.multipole_comps.multipole_comps_1": 0.01581533096438,
                        "multipoles.0.multipole_4.multipole_comps.multipole_comps_0": 0.08429445752662,
                        "multipoles.0.multipole_4.multipole_comps.multipole_comps_1": -0.01501034952501
                    }
                }
            }
        },
        "model": null
    }
}