{
    "type": "instance",
    "class_path": "autofit.non_linear.samples.summary.SamplesSummary",
    "arguments": {
        "max_log_likelihood_sample": {
            "type": "instance",
            "class_path": "autofit.non_linear.samples.sample.Sample",
            "arguments": {
                "log_likelihood": -42.887624568381405,
                "log_prior": 0.0,
                "weight": 0.0010333994140819271,
                "kwargs": {
                    "type": "dict",
                    "arguments": {
                        "ellipses.0.ell_comps.ell_comps_0": 0.13677376292891,
                        "ellipses.0.ell_comps.ell_comps_1": -0.02915903102066,
                        "multipoles.0.multipole_3.multipole_comps.multipole_comps_0": 0.00707252173932,
                        "multipoles.0.multipole_3.multipole_comps.multipole_comps_1": -0.01079858610433,
                        "multipoles.0.multipole_4.multipole_comps.multipole_comps_0": 0.00429781577592,
                        "multipoles.0.multipole_4.multipole_comps.multipole_comps_1": -0.01782358469483
                    }
                }
            }
        },
        "median_pdf_sample": {
            "type": "instance",
            "class_path": "autofit.non_linear.samples.sample.Sample",
            "arguments": {
                "log_likelihood": -42.887624568381405,
                "log_prior": 0.0,
                "weight": 0.0010333994140819271,
                "kwargs": {
                    "type": "dict",
                    "arguments": {
                        "ellipses.0.ell_comps.ell_comps_0": 0.13466039135146873,
                        "ellipses.0.ell_comps.ell_comps_1": -0.02797525559206,
                        "multipoles.0.multipole_3.multipole_comps.multipole_comps_0": 0.00481081171927,
                        "multipoles.0.multipole_3.multipole_comps.multipole_comps_1": -0.004604549034126817,
                        "multipoles.0.multipole_4.multipole_comps.multipole_comps_0": 0.006485474774210868,
                        "multipoles.0.multipole_4.multipole_comps.multipole_comps_1": -0.01102461229538
                    }
                }
            }
        },
        "values_at_sigma_1": {
            "type": "list",
            "values": [
                {
                    "type": "tuple",
                    "values": [
                        0.13224336683814,
                        0.13657960884970435
                    ]
                },
                {
                    "type": "tuple",
                    "values": [
                        -0.03182554397030003,
                        -0.02391557183063
                    ]
                },
                {
                    "type": "tuple",
                    "values": [
                        -0.005694669912498279,
                        0.01524370034501752
                    ]
                },
                {
                    "type": "tuple",
                    "values": [
                        -0.014478310079124234,
                        0.00745389936772
                    ]
                },
                {
                    "type": "tuple",
                    "values": [
                        -0.005065004339140159,
                        0.01572689241872
                    ]
                },
                {
                    "type": "tuple",
                    "values": [
                        -0.024105205051758775,
                        0.00375571555145
                    ]
                }
            ]
        },
        "log_evidence": -61.44102555908636,
        "errors_at_sigma_3": {
            "type": "list",
            "values": [
                {
                    "type": "tuple",
                    "values": [
                        0.007955078810241212,
                        0.006950058767291267
                    ]
                },
                {
                    "type": "tuple",
                    "values": [
                        0.009245032817509328,
                        0.014431777776439999
                    ]
                },
                {
                    "type": "tuple",
                    "values": [
                        0.03886164200374973,
                        0.029450968098687403
                    ]
                },
                {
                    "type": "tuple",
                    "values": [
                        0.03149847788889985,
                        0.03296366540808415
                    ]
                },
                {
                    "type": "tuple",
                    "values": [
                        0.04422981734835032,
                        0.03284143281590775
                    ]
                },
                {
                    "type": "tuple",
                    "values": [
                        0.040305504802520424,
                        0.05027524385411
                    ]
                }
            ]
        },
        "model": null,
        "values_at_sigma_3": {
            "type": "list",
            "values": [
                {
                    "type": "tuple",
                    "values": [
                        0.12670531254122752,
                        0.14161045011876
                    ]
                },
                {
                    "type": "tuple",
                    "values": [
                        -0.03722028840956933,
                        -0.01354347781562
                    ]
                },
                {
                    "type": "tuple",
                    "values": [
                        -0.03405083028447973,
                        0.0342617798179574
                    ]
                },
                {
                    "type": "tuple",
                    "values": [
                        -0.03610302692302667,
                        0.028359116373957338
                    ]
                },
                {
                    "type": "tuple",
                    "values": [
                        -0.03774434257413945,
                        0.039326907590118615
                    ]
                },
                {
                    "type": "tuple",
                    "values": [
                        -0.051330117097900425,
                        0.03925063155873
                    ]
                }
            ]
        },
        "errors_at_sigma_1": {
            "type": "list",
            "values": [
                {
                    "type": "tuple",
                    "values": [
                        0.0024170245133287305,
                        0.0019192174982356203
                    ]
                },
                {
                    "type": "tuple",
                    "values": [
                        0.0038502883782400334,
                        0.00405968376143
                    ]
                },
                {
                    "type": "tuple",
                    "values": [
                        0.010505481631768279,
                        0.010432888625747521
                    ]
                },
                {
                    "type": "tuple",
                    "values": [
                        0.009873761044997417,
                        0.012058448401846817
                    ]
                },
                {
                    "type": "tuple",
                    "values": [
                        0.011550479113351027,
                        0.009241417644509132
                    ]
                },
                {
                    "type": "tuple",
                    "values": [
                        0.013080592756378776,
                        0.01478032784683
                    ]
                }
            ]
        }
    }
}