{
    "type": "instance",
    "class_path": "autofit.non_linear.samples.summary.SamplesSummary",
    "arguments": {
        "max_log_likelihood_sample": {
            "type": "instance",
            "class_path": "autofit.non_linear.samples.sample.Sample",
            "arguments": {
                "log_likelihood": -33.17968161057279,
                "log_prior": 0.0,
                "weight": 0.0009866998386398214,
                "kwargs": {
                    "type": "dict",
                    "arguments": {
                        "ellipses.0.ell_comps.ell_comps_0": 0.0108367660955,
                        "ellipses.0.ell_comps.ell_comps_1": 0.07171923314088
                    }
                }
            }
        },
        "errors_at_sigma_1": {
            "type": "list",
            "values": [
                {
                    "type": "tuple",
                    "values": [
                        0.0033413635803796263,
                        0.0037174521459977447
                    ]
                },
                {
                    "type": "tuple",
                    "values": [
                        0.0038498183321188234,
                        0.004881665163773613
                    ]
                }
            ]
        },
        "errors_at_sigma_3": {
            "type": "list",
            "values": [
                {
                    "type": "tuple",
                    "values": [
                        0.01128821361094226,
                        0.011192085747372238
                    ]
                },
                {
                    "type": "tuple",
                    "values": [
                        0.015450380124945241,
                        0.012771955668142654
                    ]
                }
            ]
        },
        "model": null,
        "median_pdf_sample": {
            "type": "instance",
            "class_path": "autofit.non_linear.samples.sample.Sample",
            "arguments": {
                "log_likelihood": -33.17968161057279,
                "log_prior": 0.0,
                "weight": 0.0009866998386398214,
                "kwargs": {
                    "type": "dict",
                    "arguments": {
                        "ellipses.0.ell_comps.ell_comps_0": 0.011359197142527762,
                        "ellipses.0.ell_comps.ell_comps_1": 0.07227708675026882
                    }
                }
            }
        },
        "log_evidence": -43.18128441368868,
        "values_at_sigma_1": {
            "type": "list",
            "values": [
                {
                    "type": "tuple",
                    "values": [
                        0.008017833562148136,
                        0.015076649288525507
                    ]
                },
                {
                    "type": "tuple",
                    "values": [
                        0.06842726841815,
                        0.07715875191404244
                    ]
                }
            ]
        },
        "values_at_sigma_3": {
            "type": "list",
            "values": [
                {
                    "type": "tuple",
                    "values": [
                        7.098353158550087e-05,
                        0.0225512828899
                    ]
                },
                {
                    "type": "tuple",
                    "values": [
                        0.05682670662532358,
                        0.08504904241841148
                    ]
                }
            ]
        }
    }
}