{
    "type": "instance",
    "class_path": "autofit.non_linear.samples.summary.SamplesSummary",
    "arguments": {
        "median_pdf_sample": {
            "type": "instance",
            "class_path": "autofit.non_linear.samples.sample.Sample",
            "arguments": {
                "log_likelihood": -30.195285641201547,
                "log_prior": 0.0,
                "weight": 0.0009875159617057047,
                "kwargs": {
                    "type": "dict",
                    "arguments": {
                        "ellipses.0.ell_comps.ell_comps_0": 0.04777646078111,
                        "ellipses.0.ell_comps.ell_comps_1": -0.06943608293855982
                    }
                }
            }
        },
        "errors_at_sigma_1": {
            "type": "list",
            "values": [
                {
                    "type": "tuple",
                    "values": [
                        0.002613585181216037,
                        0.0031804359585587416
                    ]
                },
                {
                    "type": "tuple",
                    "values": [
                        0.0036963586549201705,
                        0.0023240956335816992
                    ]
                }
            ]
        },
        "values_at_sigma_3": {
            "type": "list",
            "values": [
                {
                    "type": "tuple",
                    "values": [
                        0.038754858082339035,
                        0.05597610496889538
                    ]
                },
                {
                    "type": "tuple",
                    "values": [
                        -0.08102112877963752,
                        -0.06295178164363
                    ]
                }
            ]
        },
        "errors_at_sigma_3": {
            "type": "list",
            "values": [
                {
                    "type": "tuple",
                    "values": [
                        0.009021602698770968,
                        0.008199644187785377
                    ]
                },
                {
                    "type": "tuple",
                    "values": [
                        0.011585045841077696,
                        0.006484301294929828
                    ]
                }
            ]
        },
        "max_log_likelihood_sample": {
            "type": "instance",
            "class_path": "autofit.non_linear.samples.sample.Sample",
            "arguments": {
                "log_likelihood": -30.195285641201547,
                "log_prior": 0.0,
                "weight": 0.0009875159617057047,
                "kwargs": {
                    "type": "dict",
                    "arguments": {
                        "ellipses.0.ell_comps.ell_comps_0": 0.04825659486675,
                        "ellipses.0.ell_comps.ell_comps_1": -0.06890728371248
                    }
                }
            }
        },
        "values_at_sigma_1": {
            "type": "list",
            "values": [
                {
                    "type": "tuple",
                    "values": [
                        0.045162875599893966,
                        0.050956896739668744
                    ]
                },
                {
                    "type": "tuple",
                    "values": [
                        -0.07313244159348,
                        -0.06711198730497812
                    ]
                }
            ]
        },
        "model": null,
        "log_evidence": -41.01505797864216
    }
}