{
    "type": "instance",
    "class_path": "autofit.non_linear.samples.summary.SamplesSummary",
    "arguments": {
        "errors_at_sigma_1": {
            "type": "list",
            "values": [
                {
                    "type": "tuple",
                    "values": [
                        0.001308986019721653,
                        0.0013587192001200121
                    ]
                },
                {
                    "type": "tuple",
                    "values": [
                        0.001692356604851588,
                        0.0018137983988304636
                    ]
                }
            ]
        },
        "model": null,
        "values_at_sigma_1": {
            "type": "list",
            "values": [
                {
                    "type": "tuple",
                    "values": [
                        -0.18714542406515167,
                        -0.18447771884531
                    ]
                },
                {
                    "type": "tuple",
                    "values": [
                        -0.028966953824342053,
                        -0.02546079882066
                    ]
                }
            ]
        },
        "max_log_likelihood_sample": {
            "type": "instance",
            "class_path": "autofit.non_linear.samples.sample.Sample",
            "arguments": {
                "log_likelihood": -102.99555101781442,
                "log_prior": 0.0,
                "weight": 0.0009875344419139035,
                "kwargs": {
                    "type": "dict",
                    "arguments": {
                        "ellipses.0.ell_comps.ell_comps_0": -0.18624109448751,
                        "ellipses.0.ell_comps.ell_comps_1": -0.02772048586605
                    }
                }
            }
        },
        "errors_at_sigma_3": {
            "type": "list",
            "values": [
                {
                    "type": "tuple",
                    "values": [
                        0.017926255650979994,
                        0.026529764859460764
                    ]
                },
                {
                    "type": "tuple",
                    "values": [
                        0.007216273794359726,
                        0.04065143770305174
                    ]
                }
            ]
        },
        "median_pdf_sample": {
            "type": "instance",
            "class_path": "autofit.non_linear.samples.sample.Sample",
            "arguments": {
                "log_likelihood": -102.99555101781442,
                "log_prior": 0.0,
                "weight": 0.0009875344419139035,
                "kwargs": {
                    "type": "dict",
                    "arguments": {
                        "ellipses.0.ell_comps.ell_comps_0": -0.18583643804543,
                        "ellipses.0.ell_comps.ell_comps_1": -0.027274597219490465
                    }
                }
            }
        },
        "values_at_sigma_3": {
            "type": "list",
            "values": [
                {
                    "type": "tuple",
                    "values": [
                        -0.20376269369641,
                        -0.15930667318596925
                    ]
                },
                {
                    "type": "tuple",
                    "values": [
                        -0.03449087101385019,
                        0.013376840483561274
                    ]
                }
            ]
        },
        "log_evidence": -114.75972188065663
    }
}