{
    "type": "instance",
    "class_path": "autofit.non_linear.samples.summary.SamplesSummary",
    "arguments": {
        "model": null,
        "median_pdf_sample": {
            "type": "instance",
            "class_path": "autofit.non_linear.samples.sample.Sample",
            "arguments": {
                "log_likelihood": -6.221773202068533,
                "log_prior": 0.0,
                "weight": 0.0009849853780663088,
                "kwargs": {
                    "type": "dict",
                    "arguments": {
                        "ellipses.0.ell_comps.ell_comps_0": -0.0007470607848125223,
                        "ellipses.0.ell_comps.ell_comps_1": -0.03799716420782563
                    }
                }
            }
        },
        "values_at_sigma_3": {
            "type": "list",
            "values": [
                {
                    "type": "tuple",
                    "values": [
                        -0.007807871073078092,
                        0.005253501388157963
                    ]
                },
                {
                    "type": "tuple",
                    "values": [
                        -0.044901216447320744,
                        -0.030728616536247384
                    ]
                }
            ]
        },
        "values_at_sigma_1": {
            "type": "list",
            "values": [
                {
                    "type": "tuple",
                    "values": [
                        -0.0030989468541128195,
                        0.001457814389165271
                    ]
                },
                {
                    "type": "tuple",
                    "values": [
                        -0.04026831198579179,
                        -0.035817381662962
                    ]
                }
            ]
        },
        "errors_at_sigma_1": {
            "type": "list",
            "values": [
                {
                    "type": "tuple",
                    "values": [
                        0.0023518860693002974,
                        0.0022048751739777933
                    ]
                },
                {
                    "type": "tuple",
                    "values": [
                        0.002271147777966158,
                        0.0021797825448636315
                    ]
                }
            ]
        },
        "log_evidence": -15.989341010704818,
        "max_log_likelihood_sample": {
            "type": "instance",
            "class_path": "autofit.non_linear.samples.sample.Sample",
            "arguments": {
                "log_likelihood": -6.221773202068533,
                "log_prior": 0.0,
                "weight": 0.0009849853780663088,
                "kwargs": {
                    "type": "dict",
                    "arguments": {
                        "ellipses.0.ell_comps.ell_comps_0": -0.00129156436368,
                        "ellipses.0.ell_comps.ell_comps_1": -0.03781673703711
                    }
                }
            }
        },
        "errors_at_sigma_3": {
            "type": "list",
            "values": [
                {
                    "type": "tuple",
                    "values": [
                        0.00706081028826557,
                        0.006000562172970485
                    ]
                },
                {
                    "type": "tuple",
                    "values": [
                        0.006904052239495112,
                        0.007268547671578248
                    ]
                }
            ]
        }
    }
}