{
    "type": "instance",
    "class_path": "autofit.non_linear.samples.summary.SamplesSummary",
    "arguments": {
        "values_at_sigma_1": {
            "type": "list",
            "values": [
                {
                    "type": "tuple",
                    "values": [
                        -0.011165111089747073,
                        0.031573463842552454
                    ]
                },
                {
                    "type": "tuple",
                    "values": [
                        0.06158630244379203,
                        0.11995967931534442
                    ]
                }
            ]
        },
        "errors_at_sigma_3": {
            "type": "list",
            "values": [
                {
                    "type": "tuple",
                    "values": [
                        0.06641396122997069,
                        0.10308357388027
                    ]
                },
                {
                    "type": "tuple",
                    "values": [
                        0.34658000761904595,
                        0.05862069715202345
                    ]
                }
            ]
        },
        "model": null,
        "max_log_likelihood_sample": {
            "type": "instance",
            "class_path": "autofit.non_linear.samples.sample.Sample",
            "arguments": {
                "log_likelihood": -14.274182610473632,
                "log_prior": 0.0,
                "weight": 0.0009852448399006565,
                "kwargs": {
                    "type": "dict",
                    "arguments": {
                        "ellipses.0.ell_comps.ell_comps_0": -0.00760345529198,
                        "ellipses.0.ell_comps.ell_comps_1": 0.0989045705955
                    }
                }
            }
        },
        "errors_at_sigma_1": {
            "type": "list",
            "values": [
                {
                    "type": "tuple",
                    "values": [
                        0.018378809326477074,
                        0.024359765605822453
                    ]
                },
                {
                    "type": "tuple",
                    "values": [
                        0.03929304517201796,
                        0.019080331699534422
                    ]
                }
            ]
        },
        "median_pdf_sample": {
            "type": "instance",
            "class_path": "autofit.non_linear.samples.sample.Sample",
            "arguments": {
                "log_likelihood": -14.274182610473632,
                "log_prior": 0.0,
                "weight": 0.0009852448399006565,
                "kwargs": {
                    "type": "dict",
                    "arguments": {
                        "ellipses.0.ell_comps.ell_comps_0": 0.00721369823673,
                        "ellipses.0.ell_comps.ell_comps_1": 0.10087934761581
                    }
                }
            }
        },
        "values_at_sigma_3": {
            "type": "list",
            "values": [
                {
                    "type": "tuple",
                    "values": [
                        -0.05920026299324069,
                        0.110297272117
                    ]
                },
                {
                    "type": "tuple",
                    "values": [
                        -0.24570066000323595,
                        0.15950004476783344
                    ]
                }
            ]
        },
        "log_evidence": -21.088539998323487
    }
}