{
    "type": "instance",
    "class_path": "autofit.non_linear.samples.summary.SamplesSummary",
    "arguments": {
        "errors_at_sigma_1": {
            "type": "list",
            "values": [
                {
                    "type": "tuple",
                    "values": [
                        0.0009103673369200149,
                        0.0009623724506299947
                    ]
                },
                {
                    "type": "tuple",
                    "values": [
                        0.0009488853432938482,
                        0.0010775340147994028
                    ]
                },
                {
                    "type": "tuple",
                    "values": [
                        0.0004170627252367171,
                        0.00034618363480928767
                    ]
                },
                {
                    "type": "tuple",
                    "values": [
                        0.00038579493388713403,
                        0.00037536174600485853
                    ]
                },
                {
                    "type": "tuple",
                    "values": [
                        0.00044309463232999977,
                        0.0005023944053600001
                    ]
                },
                {
                    "type": "tuple",
                    "values": [
                        0.0003888156338933491,
                        0.00048069794382958175
                    ]
                }
            ]
        },
        "max_log_likelihood_sample": {
            "type": "instance",
            "class_path": "autofit.non_linear.samples.sample.Sample",
            "arguments": {
                "log_likelihood": -183.60080582156237,
                "log_prior": 0.0,
                "weight": 0.001006122058172954,
                "kwargs": {
                    "type": "dict",
                    "arguments": {
                        "ellipses.0.ell_comps.ell_comps_0": -0.22251246993315,
                        "ellipses.0.ell_comps.ell_comps_1": -0.22633423698472,
                        "multipoles.0.multipole_3.multipole_comps.multipole_comps_0": -0.00048033269515,
                        "multipoles.0.multipole_3.multipole_comps.multipole_comps_1": -0.00048163962427,
                        "multipoles.0.multipole_4.multipole_comps.multipole_comps_0": -0.00427161415074,
                        "multipoles.0.multipole_4.multipole_comps.multipole_comps_1": 0.00422818929533
                    }
                }
            }
        },
        "model": null,
        "log_evidence": -215.25339903923813,
        "values_at_sigma_3": {
            "type": "list",
            "values": [
                {
                    "type": "tuple",
                    "values": [
                        -0.2252252736132089,
                        -0.21915947101584
                    ]
                },
                {
                    "type": "tuple",
                    "values": [
                        -0.22929453788699164,
                        -0.2234127586516983
                    ]
                },
                {
                    "type": "tuple",
                    "values": [
                        -0.00177563300791,
                        0.00076797478479
                    ]
                },
                {
                    "type": "tuple",
                    "values": [
                        -0.0013215755243602008,
                        0.0007897133425
                    ]
                },
                {
                    "type": "tuple",
                    "values": [
                        -0.0055692747186814485,
                        -0.0028784287182
                    ]
                },
                {
                    "type": "tuple",
                    "values": [
                        0.0028314870939394293,
                        0.005270253824649573
                    ]
                }
            ]
        },
        "values_at_sigma_1": {
            "type": "list",
            "values": [
                {
                    "type": "tuple",
                    "values": [
                        -0.22312804627956,
                        -0.22125530649201
                    ]
                },
                {
                    "type": "tuple",
                    "values": [
                        -0.22726946478352,
                        -0.22524304542542675
                    ]
                },
                {
                    "type": "tuple",
                    "values": [
                        -0.0009193111500355999,
                        -0.0001560647899895951
                    ]
                },
                {
                    "type": "tuple",
                    "values": [
                        -0.000690608197337134,
                        7.054848255485854e-05
                    ]
                },
                {
                    "type": "tuple",
                    "values": [
                        -0.00459755617793,
                        -0.00365206714024
                    ]
                },
                {
                    "type": "tuple",
                    "values": [
                        0.003579106022125126,
                        0.004448619599848057
                    ]
                }
            ]
        },
        "errors_at_sigma_3": {
            "type": "list",
            "values": [
                {
                    "type": "tuple",
                    "values": [
                        0.0030075946705689083,
                        0.003058207926800005
                    ]
                },
                {
                    "type": "tuple",
                    "values": [
                        0.0029739584467654845,
                        0.0029078207885278595
                    ]
                },
                {
                    "type": "tuple",
                    "values": [
                        0.0012733845831111171,
                        0.0012702232095888827
                    ]
                },
                {
                    "type": "tuple",
                    "values": [
                        0.0010167622609102008,
                        0.00109452660595
                    ]
                },
                {
                    "type": "tuple",
                    "values": [
                        0.0014148131730814485,
                        0.0012760328274
                    ]
                },
                {
                    "type": "tuple",
                    "values": [
                        0.0011364345620790456,
                        0.0013023321686310985
                    ]
                }
            ]
        },
        "median_pdf_sample": {
            "type": "instance",
            "class_path": "autofit.non_linear.samples.sample.Sample",
            "arguments": {
                "log_likelihood": -183.60080582156237,
                "log_prior": 0.0,
                "weight": 0.001006122058172954,
                "kwargs": {
                    "type": "dict",
                    "arguments": {
                        "ellipses.0.ell_comps.ell_comps_0": -0.22221767894264,
                        "ellipses.0.ell_comps.ell_comps_1": -0.22632057944022616,
                        "multipoles.0.multipole_3.multipole_comps.multipole_comps_0": -0.0005022484247988828,
                        "multipoles.0.multipole_3.multipole_comps.multipole_comps_1": -0.00030481326345,
                        "multipoles.0.multipole_4.multipole_comps.multipole_comps_0": -0.0041544615456,
                        "multipoles.0.multipole_4.multipole_comps.multipole_comps_1": 0.003967921656018475
                    }
                }
            }
        }
    }
}