{
    "type": "instance",
    "class_path": "autofit.non_linear.samples.summary.SamplesSummary",
    "arguments": {
        "errors_at_sigma_3": {
            "type": "list",
            "values": [
                {
                    "type": "tuple",
                    "values": [
                        0.02784870037897122,
                        0.033336098504374814
                    ]
                },
                {
                    "type": "tuple",
                    "values": [
                        0.0298103394064543,
                        0.0318659381017
                    ]
                }
            ]
        },
        "log_evidence": -12.919188866677613,
        "model": null,
        "values_at_sigma_1": {
            "type": "list",
            "values": [
                {
                    "type": "tuple",
                    "values": [
                        -0.14898322847901807,
                        -0.12875249440620637
                    ]
                },
                {
                    "type": "tuple",
                    "values": [
                        -0.023275505475633774,
                        -0.00032607434097
                    ]
                }
            ]
        },
        "values_at_sigma_3": {
            "type": "list",
            "values": [
                {
                    "type": "tuple",
                    "values": [
                        -0.16761965153924122,
                        -0.10643485265589518
                    ]
                },
                {
                    "type": "tuple",
                    "values": [
                        -0.0411033295222443,
                        0.02057294798591
                    ]
                }
            ]
        },
        "median_pdf_sample": {
            "type": "instance",
            "class_path": "autofit.non_linear.samples.sample.Sample",
            "arguments": {
                "log_likelihood": -5.102476177464789,
                "log_prior": 0.0,
                "weight": 0.0009785233163738295,
                "kwargs": {
                    "type": "dict",
                    "arguments": {
                        "ellipses.0.ell_comps.ell_comps_0": -0.13977095116027,
                        "ellipses.0.ell_comps.ell_comps_1": -0.01129299011579
                    }
                }
            }
        },
        "max_log_likelihood_sample": {
            "type": "instance",
            "class_path": "autofit.non_linear.samples.sample.Sample",
            "arguments": {
                "log_likelihood": -5.102476177464789,
                "log_prior": 0.0,
                "weight": 0.0009785233163738295,
                "kwargs": {
                    "type": "dict",
                    "arguments": {
                        "ellipses.0.ell_comps.ell_comps_0": -0.13984861080436,
                        "ellipses.0.ell_comps.ell_comps_1": -0.00877845966079
                    }
                }
            }
        },
        "errors_at_sigma_1": {
            "type": "list",
            "values": [
                {
                    "type": "tuple",
                    "values": [
                        0.009212277318748074,
                        0.011018456754063627
                    ]
                },
                {
                    "type": "tuple",
                    "values": [
                        0.011982515359843774,
                        0.01096691577482
                    ]
                }
            ]
        }
    }
}