{
    "type": "instance",
    "class_path": "autofit.non_linear.samples.summary.SamplesSummary",
    "arguments": {
        "errors_at_sigma_1": {
            "type": "list",
            "values": [
                {
                    "type": "tuple",
                    "values": [
                        0.0029768775757201965,
                        0.0009099586966581225
                    ]
                },
                {
                    "type": "tuple",
                    "values": [
                        0.03258636418788502,
                        0.0014532124401517403
                    ]
                }
            ]
        },
        "model": null,
        "values_at_sigma_1": {
            "type": "list",
            "values": [
                {
                    "type": "tuple",
                    "values": [
                        -0.1232921613289002,
                        -0.11940532505652188
                    ]
                },
                {
                    "type": "tuple",
                    "values": [
                        -0.012507002866044269,
                        0.021532573761992493
                    ]
                }
            ]
        },
        "max_log_likelihood_sample": {
            "type": "instance",
            "class_path": "autofit.non_linear.samples.sample.Sample",
            "arguments": {
                "log_likelihood": -88.49489001893303,
                "log_prior": 0.0,
                "weight": 0.0009795369667950772,
                "kwargs": {
                    "type": "dict",
                    "arguments": {
                        "ellipses.0.ell_comps.ell_comps_0": -0.12021132618006,
                        "ellipses.0.ell_comps.ell_comps_1": 0.02049855916079
                    }
                }
            }
        },
        "errors_at_sigma_3": {
            "type": "list",
            "values": [
                {
                    "type": "tuple",
                    "values": [
                        0.056004528059240014,
                        0.003320660101588671
                    ]
                },
                {
                    "type": "tuple",
                    "values": [
                        0.05439731230244075,
                        0.005752092501659249
                    ]
                }
            ]
        },
        "median_pdf_sample": {
            "type": "instance",
            "class_path": "autofit.non_linear.samples.sample.Sample",
            "arguments": {
                "log_likelihood": -88.49489001893303,
                "log_prior": 0.0,
                "weight": 0.0009795369667950772,
                "kwargs": {
                    "type": "dict",
                    "arguments": {
                        "ellipses.0.ell_comps.ell_comps_0": -0.12031528375318,
                        "ellipses.0.ell_comps.ell_comps_1": 0.020079361321840752
                    }
                }
            }
        },
        "values_at_sigma_3": {
            "type": "list",
            "values": [
                {
                    "type": "tuple",
                    "values": [
                        -0.17631981181242,
                        -0.11699462365159133
                    ]
                },
                {
                    "type": "tuple",
                    "values": [
                        -0.0343179509806,
                        0.0258314538235
                    ]
                }
            ]
        },
        "log_evidence": -99.61067580606822
    }
}