{
    "type": "instance",
    "class_path": "autofit.non_linear.samples.summary.SamplesSummary",
    "arguments": {
        "errors_at_sigma_3": {
            "type": "list",
            "values": [
                {
                    "type": "tuple",
                    "values": [
                        0.014789114888542731,
                        0.01478912402290225
                    ]
                },
                {
                    "type": "tuple",
                    "values": [
                        0.01389484305961723,
                        0.016129363989129855
                    ]
                },
                {
                    "type": "tuple",
                    "values": [
                        0.007908656435087055,
                        0.011996751548982033
                    ]
                },
                {
                    "type": "tuple",
                    "values": [
                        0.01100080707405,
                        0.006624498181380432
                    ]
                },
                {
                    "type": "tuple",
                    "values": [
                        0.006714138165212592,
                        0.007511476456737408
                    ]
                },
                {
                    "type": "tuple",
                    "values": [
                        0.00631957516178145,
                        0.006731876752154921
                    ]
                },
                {
                    "type": "tuple",
                    "values": [
                        0.00916314330818062,
                        0.00944355867069
                    ]
                },
                {
                    "type": "tuple",
                    "values": [
                        0.009271518897617272,
                        0.0077011684376859235
                    ]
                }
            ]
        },
        "model": null,
        "max_log_likelihood_sample": {
            "type": "instance",
            "class_path": "autofit.non_linear.samples.sample.Sample",
            "arguments": {
                "log_likelihood": -4.0076584059635225,
                "log_prior": 0.0,
                "weight": 0.0010154131771140788,
                "kwargs": {
                    "type": "dict",
                    "arguments": {
                        "ellipses.0.ell_comps.ell_comps_0": -0.19051542237731,
                        "ellipses.0.ell_comps.ell_comps_1": 0.01057079214304,
                        "multipoles.0.multipole_1.multipole_comps.multipole_comps_0": -0.00457166081137,
                        "multipoles.0.multipole_1.multipole_comps.multipole_comps_1": 0.00420693711468,
                        "multipoles.0.multipole_3.multipole_comps.multipole_comps_0": 0.00026393819888,
                        "multipoles.0.multipole_3.multipole_comps.multipole_comps_1": 0.0022840399043,
                        "multipoles.0.multipole_4.multipole_comps.multipole_comps_0": -0.00136264519074,
                        "multipoles.0.multipole_4.multipole_comps.multipole_comps_1": -0.0019050160883
                    }
                }
            }
        },
        "log_evidence": -34.85409708143184,
        "median_pdf_sample": {
            "type": "instance",
            "class_path": "autofit.non_linear.samples.sample.Sample",
            "arguments": {
                "log_likelihood": -4.0076584059635225,
                "log_prior": 0.0,
                "weight": 0.0010154131771140788,
                "kwargs": {
                    "type": "dict",
                    "arguments": {
                        "ellipses.0.ell_comps.ell_comps_0": -0.18777129340232,
                        "ellipses.0.ell_comps.ell_comps_1": 0.012184878728120142,
                        "multipoles.0.multipole_1.multipole_comps.multipole_comps_0": -0.003655617209982033,
                        "multipoles.0.multipole_1.multipole_comps.multipole_comps_1": 0.00409683211223,
                        "multipoles.0.multipole_3.multipole_comps.multipole_comps_0": 0.0006698457335425917,
                        "multipoles.0.multipole_3.multipole_comps.multipole_comps_1": 0.00114292722597,
                        "multipoles.0.multipole_4.multipole_comps.multipole_comps_0": 0.00072294355678,
                        "multipoles.0.multipole_4.multipole_comps.multipole_comps_1": -0.00083197213359
                    }
                }
            }
        },
        "values_at_sigma_1": {
            "type": "list",
            "values": [
                {
                    "type": "tuple",
                    "values": [
                        -0.1925216961474351,
                        -0.18394053501961
                    ]
                },
                {
                    "type": "tuple",
                    "values": [
                        0.00805236676806,
                        0.016714609929105118
                    ]
                },
                {
                    "type": "tuple",
                    "values": [
                        -0.00611277500661,
                        -0.0011979594919
                    ]
                },
                {
                    "type": "tuple",
                    "values": [
                        0.0019050718940584895,
                        0.00645589869468282
                    ]
                },
                {
                    "type": "tuple",
                    "values": [
                        -0.0018638887490847432,
                        0.0028940176618484706
                    ]
                },
                {
                    "type": "tuple",
                    "values": [
                        -0.0010001021621133114,
                        0.00362999389566
                    ]
                },
                {
                    "type": "tuple",
                    "values": [
                        -0.00174533869625,
                        0.00370817245972164
                    ]
                },
                {
                    "type": "tuple",
                    "values": [
                        -0.003681192363346874,
                        0.00160669930401
                    ]
                }
            ]
        },
        "values_at_sigma_3": {
            "type": "list",
            "values": [
                {
                    "type": "tuple",
                    "values": [
                        -0.20256040829086272,
                        -0.17298216937941774
                    ]
                },
                {
                    "type": "tuple",
                    "values": [
                        -0.0017099643314970876,
                        0.02831424271725
                    ]
                },
                {
                    "type": "tuple",
                    "values": [
                        -0.011564273645069088,
                        0.008341134339
                    ]
                },
                {
                    "type": "tuple",
                    "values": [
                        -0.00690397496182,
                        0.010721330293610432
                    ]
                },
                {
                    "type": "tuple",
                    "values": [
                        -0.00604429243167,
                        0.00818132219028
                    ]
                },
                {
                    "type": "tuple",
                    "values": [
                        -0.00517664793581145,
                        0.007874803978124921
                    ]
                },
                {
                    "type": "tuple",
                    "values": [
                        -0.00844019975140062,
                        0.01016650222747
                    ]
                },
                {
                    "type": "tuple",
                    "values": [
                        -0.010103491031207272,
                        0.006869196304095923
                    ]
                }
            ]
        },
        "errors_at_sigma_1": {
            "type": "list",
            "values": [
                {
                    "type": "tuple",
                    "values": [
                        0.004750402745115123,
                        0.0038307583827099922
                    ]
                },
                {
                    "type": "tuple",
                    "values": [
                        0.004132511960060143,
                        0.004529731200984976
                    ]
                },
                {
                    "type": "tuple",
                    "values": [
                        0.002457157796627967,
                        0.002457657718082033
                    ]
                },
                {
                    "type": "tuple",
                    "values": [
                        0.002191760218171511,
                        0.0023590665824528194
                    ]
                },
                {
                    "type": "tuple",
                    "values": [
                        0.002533734482627335,
                        0.002224171928305879
                    ]
                },
                {
                    "type": "tuple",
                    "values": [
                        0.0021430293880833114,
                        0.00248706666969
                    ]
                },
                {
                    "type": "tuple",
                    "values": [
                        0.00246828225303,
                        0.0029852289029416402
                    ]
                },
                {
                    "type": "tuple",
                    "values": [
                        0.002849220229756874,
                        0.0024386714376
                    ]
                }
            ]
        }
    }
}