{
    "type": "instance",
    "class_path": "autofit.non_linear.samples.summary.SamplesSummary",
    "arguments": {
        "max_log_likelihood_sample": {
            "type": "instance",
            "class_path": "autofit.non_linear.samples.sample.Sample",
            "arguments": {
                "log_likelihood": -36.73065635872105,
                "log_prior": 0.0,
                "weight": 0.0009963012919573216,
                "kwargs": {
                    "type": "dict",
                    "arguments": {
                        "ellipses.0.ell_comps.ell_comps_0": 0.09665385807144,
                        "ellipses.0.ell_comps.ell_comps_1": -0.11346842923407,
                        "multipoles.0.multipole_1.multipole_comps.multipole_comps_0": 0.09058942056923,
                        "multipoles.0.multipole_1.multipole_comps.multipole_comps_1": 0.06363648113818,
                        "multipoles.0.multipole_3.multipole_comps.multipole_comps_0": 0.02773679650449,
                        "multipoles.0.multipole_3.multipole_comps.multipole_comps_1": -0.00045615001128,
                        "multipoles.0.multipole_4.multipole_comps.multipole_comps_0": 0.01424498445748,
                        "multipoles.0.multipole_4.multipole_comps.multipole_comps_1": 0.06707956345047
                    }
                }
            }
        },
        "log_evidence": -58.476647153693555,
        "errors_at_sigma_3": {
            "type": "list",
            "values": [
                {
                    "type": "tuple",
                    "values": [
                        0.035213912483140396,
                        0.016499339888102205
                    ]
                },
                {
                    "type": "tuple",
                    "values": [
                        0.02226143091500836,
                        0.010508834969681302
                    ]
                },
                {
                    "type": "tuple",
                    "values": [
                        0.06769599781483,
                        0.05161160000083395
                    ]
                },
                {
                    "type": "tuple",
                    "values": [
                        0.054293050979543844,
                        0.029552351557326204
                    ]
                },
                {
                    "type": "tuple",
                    "values": [
                        0.046858442709520415,
                        0.04416414212525394
                    ]
                },
                {
                    "type": "tuple",
                    "values": [
                        0.06573798949917867,
                        0.05327348873233745
                    ]
                },
                {
                    "type": "tuple",
                    "values": [
                        0.03976531863949485,
                        0.04742684666584374
                    ]
                },
                {
                    "type": "tuple",
                    "values": [
                        0.05376251459221013,
                        0.04596884410004895
                    ]
                }
            ]
        },
        "values_at_sigma_1": {
            "type": "list",
            "values": [
                {
                    "type": "tuple",
                    "values": [
                        0.08362801270929034,
                        0.10087361232285398
                    ]
                },
                {
                    "type": "tuple",
                    "values": [
                        -0.12797085131803,
                        -0.11041934370261797
                    ]
                },
                {
                    "type": "tuple",
                    "values": [
                        0.06488522354123,
                        0.09847475532051798
                    ]
                },
                {
                    "type": "tuple",
                    "values": [
                        0.04030274582656,
                        0.06765021919888
                    ]
                },
                {
                    "type": "tuple",
                    "values": [
                        0.011714041801771624,
                        0.03783632438421
                    ]
                },
                {
                    "type": "tuple",
                    "values": [
                        -0.024889822682092104,
                        0.016379909293497436
                    ]
                },
                {
                    "type": "tuple",
                    "values": [
                        0.007574241692589382,
                        0.036366149666251846
                    ]
                },
                {
                    "type": "tuple",
                    "values": [
                        0.029904371557801415,
                        0.06558596495096139
                    ]
                }
            ]
        },
        "errors_at_sigma_1": {
            "type": "list",
            "values": [
                {
                    "type": "tuple",
                    "values": [
                        0.010297343874320061,
                        0.006948255739243583
                    ]
                },
                {
                    "type": "tuple",
                    "values": [
                        0.015133851919434574,
                        0.002417655695977447
                    ]
                },
                {
                    "type": "tuple",
                    "values": [
                        0.01665875881678,
                        0.016930772962507987
                    ]
                },
                {
                    "type": "tuple",
                    "values": [
                        0.015969814737448393,
                        0.011377658634871599
                    ]
                },
                {
                    "type": "tuple",
                    "values": [
                        0.013255263751523803,
                        0.012867018830914574
                    ]
                },
                {
                    "type": "tuple",
                    "values": [
                        0.024183925854674652,
                        0.017085806120914888
                    ]
                },
                {
                    "type": "tuple",
                    "values": [
                        0.011399062781440617,
                        0.017392845192221847
                    ]
                },
                {
                    "type": "tuple",
                    "values": [
                        0.020797875013985584,
                        0.01488371837917439
                    ]
                }
            ]
        },
        "median_pdf_sample": {
            "type": "instance",
            "class_path": "autofit.non_linear.samples.sample.Sample",
            "arguments": {
                "log_likelihood": -36.73065635872105,
                "log_prior": 0.0,
                "weight": 0.0009963012919573216,
                "kwargs": {
                    "type": "dict",
                    "arguments": {
                        "ellipses.0.ell_comps.ell_comps_0": 0.0939253565836104,
                        "ellipses.0.ell_comps.ell_comps_1": -0.11283699939859541,
                        "multipoles.0.multipole_1.multipole_comps.multipole_comps_0": 0.08154398235801,
                        "multipoles.0.multipole_1.multipole_comps.multipole_comps_1": 0.056272560564008395,
                        "multipoles.0.multipole_3.multipole_comps.multipole_comps_0": 0.024969305553295428,
                        "multipoles.0.multipole_3.multipole_comps.multipole_comps_1": -0.0007058968274174501,
                        "multipoles.0.multipole_4.multipole_comps.multipole_comps_0": 0.01897330447403,
                        "multipoles.0.multipole_4.multipole_comps.multipole_comps_1": 0.050702246571787
                    }
                }
            }
        },
        "model": null,
        "values_at_sigma_3": {
            "type": "list",
            "values": [
                {
                    "type": "tuple",
                    "values": [
                        0.05871144410047,
                        0.1104246964717126
                    ]
                },
                {
                    "type": "tuple",
                    "values": [
                        -0.13509843031360377,
                        -0.10232816442891411
                    ]
                },
                {
                    "type": "tuple",
                    "values": [
                        0.01384798454318,
                        0.13315558235884395
                    ]
                },
                {
                    "type": "tuple",
                    "values": [
                        0.00197950958446455,
                        0.0858249121213346
                    ]
                },
                {
                    "type": "tuple",
                    "values": [
                        -0.02188913715622499,
                        0.06913344767854937
                    ]
                },
                {
                    "type": "tuple",
                    "values": [
                        -0.06644388632659612,
                        0.05256759190492
                    ]
                },
                {
                    "type": "tuple",
                    "values": [
                        -0.020792014165464848,
                        0.06640015113987374
                    ]
                },
                {
                    "type": "tuple",
                    "values": [
                        -0.0030602680204231303,
                        0.09667109067183595
                    ]
                }
            ]
        }
    }
}