{
    "type": "instance",
    "class_path": "autofit.non_linear.samples.summary.SamplesSummary",
    "arguments": {
        "errors_at_sigma_1": {
            "type": "list",
            "values": [
                {
                    "type": "tuple",
                    "values": [
                        0.0020035868504510723,
                        0.001829731842648924
                    ]
                },
                {
                    "type": "tuple",
                    "values": [
                        0.0010145266158028965,
                        0.0009562797015346958
                    ]
                },
                {
                    "type": "tuple",
                    "values": [
                        0.009723699167965096,
                        0.008458660851645587
                    ]
                },
                {
                    "type": "tuple",
                    "values": [
                        0.007275141031880098,
                        0.007015175843414899
                    ]
                },
                {
                    "type": "tuple",
                    "values": [
                        0.010546859278937731,
                        0.00816885271053227
                    ]
                },
                {
                    "type": "tuple",
                    "values": [
                        0.01088518078822636,
                        0.007647817292971586
                    ]
                },
                {
                    "type": "tuple",
                    "values": [
                        0.01139195821576,
                        0.009998238443712525
                    ]
                },
                {
                    "type": "tuple",
                    "values": [
                        0.010793755167248233,
                        0.010318649199974425
                    ]
                }
            ]
        },
        "median_pdf_sample": {
            "type": "instance",
            "class_path": "autofit.non_linear.samples.sample.Sample",
            "arguments": {
                "log_likelihood": -62.18020556932245,
                "log_prior": 0.0,
                "weight": 0.0010256949611858665,
                "kwargs": {
                    "type": "dict",
                    "arguments": {
                        "ellipses.0.ell_comps.ell_comps_0": 0.09518058786032108,
                        "ellipses.0.ell_comps.ell_comps_1": 0.13347142505208434,
                        "multipoles.0.multipole_1.multipole_comps.multipole_comps_0": 0.04005321189008,
                        "multipoles.0.multipole_1.multipole_comps.multipole_comps_1": 0.029251766941902853,
                        "multipoles.0.multipole_3.multipole_comps.multipole_comps_0": 0.02269140398592773,
                        "multipoles.0.multipole_3.multipole_comps.multipole_comps_1": -0.053526395435603634,
                        "multipoles.0.multipole_4.multipole_comps.multipole_comps_0": -0.01607197009351,
                        "multipoles.0.multipole_4.multipole_comps.multipole_comps_1": 0.017773533473765576
                    }
                }
            }
        },
        "values_at_sigma_3": {
            "type": "list",
            "values": [
                {
                    "type": "tuple",
                    "values": [
                        0.09050641616277,
                        0.09967223123627843
                    ]
                },
                {
                    "type": "tuple",
                    "values": [
                        0.1288025999458,
                        0.13682149965149
                    ]
                },
                {
                    "type": "tuple",
                    "values": [
                        0.01057382845308,
                        0.062470420834181424
                    ]
                },
                {
                    "type": "tuple",
                    "values": [
                        0.0045060888972518875,
                        0.05148702900459
                    ]
                },
                {
                    "type": "tuple",
                    "values": [
                        -0.017073342160485578,
                        0.048471592798944536
                    ]
                },
                {
                    "type": "tuple",
                    "values": [
                        -0.08688594275065871,
                        -0.021714154226388494
                    ]
                },
                {
                    "type": "tuple",
                    "values": [
                        -0.05473683708607322,
                        0.019671271604963545
                    ]
                },
                {
                    "type": "tuple",
                    "values": [
                        -0.011539326283169001,
                        0.04702220496705995
                    ]
                }
            ]
        },
        "model": null,
        "log_evidence": -87.50068904471233,
        "errors_at_sigma_3": {
            "type": "list",
            "values": [
                {
                    "type": "tuple",
                    "values": [
                        0.004674171697551077,
                        0.004491643375957352
                    ]
                },
                {
                    "type": "tuple",
                    "values": [
                        0.00466882510628433,
                        0.0033500745994056447
                    ]
                },
                {
                    "type": "tuple",
                    "values": [
                        0.029479383437000004,
                        0.022417208944101423
                    ]
                },
                {
                    "type": "tuple",
                    "values": [
                        0.024745678044650964,
                        0.022235262062687146
                    ]
                },
                {
                    "type": "tuple",
                    "values": [
                        0.03976474614641331,
                        0.025780188813016806
                    ]
                },
                {
                    "type": "tuple",
                    "values": [
                        0.033359547315055076,
                        0.031812241209215136
                    ]
                },
                {
                    "type": "tuple",
                    "values": [
                        0.03866486699256322,
                        0.035743241698473545
                    ]
                },
                {
                    "type": "tuple",
                    "values": [
                        0.029312859756934578,
                        0.029248671493294374
                    ]
                }
            ]
        },
        "max_log_likelihood_sample": {
            "type": "instance",
            "class_path": "autofit.non_linear.samples.sample.Sample",
            "arguments": {
                "log_likelihood": -62.18020556932245,
                "log_prior": 0.0,
                "weight": 0.0010256949611858665,
                "kwargs": {
                    "type": "dict",
                    "arguments": {
                        "ellipses.0.ell_comps.ell_comps_0": 0.09509509198053,
                        "ellipses.0.ell_comps.ell_comps_1": 0.13336909097845,
                        "multipoles.0.multipole_1.multipole_comps.multipole_comps_0": 0.03796163814287,
                        "multipoles.0.multipole_1.multipole_comps.multipole_comps_1": 0.02542308599236,
                        "multipoles.0.multipole_3.multipole_comps.multipole_comps_0": 0.02102695049371,
                        "multipoles.0.multipole_3.multipole_comps.multipole_comps_1": -0.05712998811466,
                        "multipoles.0.multipole_4.multipole_comps.multipole_comps_0": -0.01339814721962,
                        "multipoles.0.multipole_4.multipole_comps.multipole_comps_1": 0.01586610312403
                    }
                }
            }
        },
        "values_at_sigma_1": {
            "type": "list",
            "values": [
                {
                    "type": "tuple",
                    "values": [
                        0.09317700100987,
                        0.09701031970297
                    ]
                },
                {
                    "type": "tuple",
                    "values": [
                        0.13245689843628144,
                        0.13442770475361904
                    ]
                },
                {
                    "type": "tuple",
                    "values": [
                        0.030329512722114906,
                        0.04851187274172559
                    ]
                },
                {
                    "type": "tuple",
                    "values": [
                        0.021976625910022755,
                        0.03626694278531775
                    ]
                },
                {
                    "type": "tuple",
                    "values": [
                        0.01214454470699,
                        0.03086025669646
                    ]
                },
                {
                    "type": "tuple",
                    "values": [
                        -0.06441157622383,
                        -0.04587857814263205
                    ]
                },
                {
                    "type": "tuple",
                    "values": [
                        -0.02746392830927,
                        -0.006073731649797475
                    ]
                },
                {
                    "type": "tuple",
                    "values": [
                        0.0069797783065173435,
                        0.02809218267374
                    ]
                }
            ]
        }
    }
}