{
    "type": "instance",
    "class_path": "autofit.non_linear.samples.summary.SamplesSummary",
    "arguments": {
        "values_at_sigma_1": {
            "type": "list",
            "values": [
                {
                    "type": "tuple",
                    "values": [
                        -0.0341925326437,
                        0.0167626295777
                    ]
                },
                {
                    "type": "tuple",
                    "values": [
                        0.08604773386176,
                        0.11395967659418664
                    ]
                }
            ]
        },
        "values_at_sigma_3": {
            "type": "list",
            "values": [
                {
                    "type": "tuple",
                    "values": [
                        -0.10306538361900927,
                        0.052990886414640725
                    ]
                },
                {
                    "type": "tuple",
                    "values": [
                        0.05476065508217,
                        0.16486518454071
                    ]
                }
            ]
        },
        "max_log_likelihood_sample": {
            "type": "instance",
            "class_path": "autofit.non_linear.samples.sample.Sample",
            "arguments": {
                "log_likelihood": -9.575081683588811,
                "log_prior": 0.0,
                "weight": 0.0009807408764126444,
                "kwargs": {
                    "type": "dict",
                    "arguments": {
                        "ellipses.0.ell_comps.ell_comps_0": 0.00257293539895,
                        "ellipses.0.ell_comps.ell_comps_1": 0.09713996236727
                    }
                }
            }
        },
        "errors_at_sigma_1": {
            "type": "list",
            "values": [
                {
                    "type": "tuple",
                    "values": [
                        0.026438104350587827,
                        0.024517057870812174
                    ]
                },
                {
                    "type": "tuple",
                    "values": [
                        0.012160328333839995,
                        0.015751614398586647
                    ]
                }
            ]
        },
        "errors_at_sigma_3": {
            "type": "list",
            "values": [
                {
                    "type": "tuple",
                    "values": [
                        0.0953109553258971,
                        0.0607453147077529
                    ]
                },
                {
                    "type": "tuple",
                    "values": [
                        0.043447407113429995,
                        0.06665712234511001
                    ]
                }
            ]
        },
        "model": null,
        "median_pdf_sample": {
            "type": "instance",
            "class_path": "autofit.non_linear.samples.sample.Sample",
            "arguments": {
                "log_likelihood": -9.575081683588811,
                "log_prior": 0.0,
                "weight": 0.0009807408764126444,
                "kwargs": {
                    "type": "dict",
                    "arguments": {
                        "ellipses.0.ell_comps.ell_comps_0": -0.007754428293112172,
                        "ellipses.0.ell_comps.ell_comps_1": 0.0982080621956
                    }
                }
            }
        },
        "log_evidence": -15.722240215041305
    }
}