{
    "type": "instance",
    "class_path": "autofit.non_linear.samples.summary.SamplesSummary",
    "arguments": {
        "median_pdf_sample": {
            "type": "instance",
            "class_path": "autofit.non_linear.samples.sample.Sample",
            "arguments": {
                "log_likelihood": -149.91504282755068,
                "log_prior": 0.0,
                "weight": 0.0008614502680437513,
                "kwargs": {
                    "type": "dict",
                    "arguments": {
                        "ellipses.ellipse_4.centre.centre_0": 4.60543638123332e-05,
                        "ellipses.ellipse_4.centre.centre_1": -0.0014617303326783116,
                        "ellipses.ellipse_0.ell_comps.ell_comps_0": 0.006461865955885502,
                        "ellipses.ellipse_0.ell_comps.ell_comps_1": -0.07015280031971,
                        "multipoles.0.multipole_3.multipole_comps.multipole_comps_0": 0.00243137029507,
                        "multipoles.0.multipole_3.multipole_comps.multipole_comps_1": -0.00043028714913,
                        "multipoles.0.multipole_4.multipole_comps.multipole_comps_0": -0.0018566359385615405,
                        "multipoles.0.multipole_4.multipole_comps.multipole_comps_1": 0.0021450268231347053,
                        "ellipses.ellipse_1.ell_comps.ell_comps_0": 0.03231063886693215,
                        "ellipses.ellipse_1.ell_comps.ell_comps_1": -0.0963179456267979,
                        "multipoles.1.multipole_3.multipole_comps.multipole_comps_0": 0.00021686616384,
                        "multipoles.1.multipole_3.multipole_comps.multipole_comps_1": -0.006755669974897499,
                        "multipoles.1.multipole_4.multipole_comps.multipole_comps_0": -0.007730149113706652,
                        "multipoles.1.multipole_4.multipole_comps.multipole_comps_1": 0.00270650958622,
                        "ellipses.ellipse_2.ell_comps.ell_comps_0": 0.04736215565082,
                        "ellipses.ellipse_2.ell_comps.ell_comps_1": -0.09367986849649237,
                        "multipoles.2.multipole_3.multipole_comps.multipole_comps_0": -0.0005217367940432097,
                        "multipoles.2.multipole_3.multipole_comps.multipole_comps_1": -0.004343863896827968,
                        "multipoles.2.multipole_4.multipole_comps.multipole_comps_0": -0.017748758083268763,
                        "multipoles.2.multipole_4.multipole_comps.multipole_comps_1": 0.0015132883993881309,
                        "ellipses.ellipse_3.ell_comps.ell_comps_0": 0.08391381736711,
                        "ellipses.ellipse_3.ell_comps.ell_comps_1": -0.08425439844727228,
                        "multipoles.3.multipole_3.multipole_comps.multipole_comps_0": 0.001176561385877747,
                        "multipoles.3.multipole_3.multipole_comps.multipole_comps_1": 0.01416650963503,
                        "multipoles.3.multipole_4.multipole_comps.multipole_comps_0": 0.011291720100239273,
                        "multipoles.3.multipole_4.multipole_comps.multipole_comps_1": 0.02191108299758,
                        "ellipses.ellipse_4.ell_comps.ell_comps_0": 0.04244487581052,
                        "ellipses.ellipse_4.ell_comps.ell_comps_1": -0.1062428579701005,
                        "multipoles.4.multipole_3.multipole_comps.multipole_comps_0": 0.013676592557684521,
                        "multipoles.4.multipole_3.multipole_comps.multipole_comps_1": -0.01064318642729,
                        "multipoles.4.multipole_4.multipole_comps.multipole_comps_0": 0.05231227964953,
                        "multipoles.4.multipole_4.multipole_comps.multipole_comps_1": -0.02212924584918984
                    }
                }
            }
        },
        "max_log_likelihood_sample": {
            "type": "instance",
            "class_path": "autofit.non_linear.samples.sample.Sample",
            "arguments": {
                "log_likelihood": -149.91504282755068,
                "log_prior": 0.0,
                "weight": 0.0008614502680437513,
                "kwargs": {
                    "type": "dict",
                    "arguments": {
                        "ellipses.ellipse_4.centre.centre_0": 0.00015981178477,
                        "ellipses.ellipse_4.centre.centre_1": -0.00148012694032,
                        "ellipses.ellipse_0.ell_comps.ell_comps_0": 0.00775575194071,
                        "ellipses.ellipse_0.ell_comps.ell_comps_1": -0.06989435016961,
                        "multipoles.0.multipole_3.multipole_comps.multipole_comps_0": 0.00252823377122,
                        "multipoles.0.multipole_3.multipole_comps.multipole_comps_1": -0.00040957909233,
                        "multipoles.0.multipole_4.multipole_comps.multipole_comps_0": -0.00207920753635,
                        "multipoles.0.multipole_4.multipole_comps.multipole_comps_1": 0.00282507282539,
                        "ellipses.ellipse_1.ell_comps.ell_comps_0": 0.02992384409595,
                        "ellipses.ellipse_1.ell_comps.ell_comps_1": -0.10316028240891,
                        "multipoles.1.multipole_3.multipole_comps.multipole_comps_0": 0.00232759954542,
                        "multipoles.1.multipole_3.multipole_comps.multipole_comps_1": -0.00428296443088,
                        "multipoles.1.multipole_4.multipole_comps.multipole_comps_0": -0.00539717786773,
                        "multipoles.1.multipole_4.multipole_comps.multipole_comps_1": 0.00373790173103,
                        "ellipses.ellipse_2.ell_comps.ell_comps_0": 0.05130583072924,
                        "ellipses.ellipse_2.ell_comps.ell_comps_1": -0.09496366062759,
                        "multipoles.2.multipole_3.multipole_comps.multipole_comps_0": -0.00133827881047,
                        "multipoles.2.multipole_3.multipole_comps.multipole_comps_1": -0.00517107567198,
                        "multipoles.2.multipole_4.multipole_comps.multipole_comps_0": -0.01986463054317,
                        "multipoles.2.multipole_4.multipole_comps.multipole_comps_1": 0.0031024038479,
                        "ellipses.ellipse_3.ell_comps.ell_comps_0": 0.0847486880545,
                        "ellipses.ellipse_3.ell_comps.ell_comps_1": -0.08147020614472,
                        "multipoles.3.multipole_3.multipole_comps.multipole_comps_0": 0.0006987379939,
                        "multipoles.3.multipole_3.multipole_comps.multipole_comps_1": 0.01354256178114,
                        "multipoles.3.multipole_4.multipole_comps.multipole_comps_0": 0.01987764322968,
                        "multipoles.3.multipole_4.multipole_comps.multipole_comps_1": 0.01909351881403,
                        "ellipses.ellipse_4.ell_comps.ell_comps_0": 0.0421733981533,
                        "ellipses.ellipse_4.ell_comps.ell_comps_1": -0.10674720248589,
                        "multipoles.4.multipole_3.multipole_comps.multipole_comps_0": 0.02497118940584,
                        "multipoles.4.multipole_3.multipole_comps.multipole_comps_1": -0.01343409155185,
                        "multipoles.4.multipole_4.multipole_comps.multipole_comps_0": 0.05622544539358,
                        "multipoles.4.multipole_4.multipole_comps.multipole_comps_1": -0.0208691879664
                    }
                }
            }
        },
        "values_at_sigma_3": {
            "type": "list",
            "values": [
                {
                    "type": "tuple",
                    "values": [
                        -0.002376189407568475,
                        0.0026704876470119592
                    ]
                },
                {
                    "type": "tuple",
                    "values": [
                        -0.0033359845444125564,
                        0.00021714777670365758
                    ]
                },
                {
                    "type": "tuple",
                    "values": [
                        -0.00360287311798,
                        0.01764733679762034
                    ]
                },
                {
                    "type": "tuple",
                    "values": [
                        -0.08254545624847,
                        -0.05999475884031184
                    ]
                },
                {
                    "type": "tuple",
                    "values": [
                        -0.000767173355125739,
                        0.005990247899455322
                    ]
                },
                {
                    "type": "tuple",
                    "values": [
                        -0.0030894253080459184,
                        0.002669125951524736
                    ]
                },
                {
                    "type": "tuple",
                    "values": [
                        -0.00484225132915,
                        0.0007741053187198937
                    ]
                },
                {
                    "type": "tuple",
                    "values": [
                        -0.0015480695413,
                        0.004926312454105287
                    ]
                },
                {
                    "type": "tuple",
                    "values": [
                        0.025112358045556362,
                        0.04014137453659976
                    ]
                },
                {
                    "type": "tuple",
                    "values": [
                        -0.10727607087172,
                        -0.08445034956543768
                    ]
                },
                {
                    "type": "tuple",
                    "values": [
                        -0.006231113326836692,
                        0.00758927665809
                    ]
                },
                {
                    "type": "tuple",
                    "values": [
                        -0.012628172261240567,
                        -0.0013230588911621944
                    ]
                },
                {
                    "type": "tuple",
                    "values": [
                        -0.013756946267180901,
                        -0.0014342466767479428
                    ]
                },
                {
                    "type": "tuple",
                    "values": [
                        -0.00710466346212,
                        0.01102340510965
                    ]
                },
                {
                    "type": "tuple",
                    "values": [
                        0.030049495682005996,
                        0.06001873736474
                    ]
                },
                {
                    "type": "tuple",
                    "values": [
                        -0.10237333286749094,
                        -0.08606425591774
                    ]
                },
                {
                    "type": "tuple",
                    "values": [
                        -0.02417157134251117,
                        0.0218409660483
                    ]
                },
                {
                    "type": "tuple",
                    "values": [
                        -0.024929536977670152,
                        0.01848916233281
                    ]
                },
                {
                    "type": "tuple",
                    "values": [
                        -0.036615469898088185,
                        0.00676510605848
                    ]
                },
                {
                    "type": "tuple",
                    "values": [
                        -0.015739942047939513,
                        0.017342180759908024
                    ]
                },
                {
                    "type": "tuple",
                    "values": [
                        0.06290772354720599,
                        0.09080744448181545
                    ]
                },
                {
                    "type": "tuple",
                    "values": [
                        -0.09590069780579,
                        -0.07614320757438997
                    ]
                },
                {
                    "type": "tuple",
                    "values": [
                        -0.02290123215414,
                        0.01672118305414292
                    ]
                },
                {
                    "type": "tuple",
                    "values": [
                        0.00132600858737,
                        0.027076117826950182
                    ]
                },
                {
                    "type": "tuple",
                    "values": [
                        -0.00627927233725,
                        0.02915457734549537
                    ]
                },
                {
                    "type": "tuple",
                    "values": [
                        0.01214958413645091,
                        0.031369101802143404
                    ]
                },
                {
                    "type": "tuple",
                    "values": [
                        0.03653166393491996,
                        0.05379125635931956
                    ]
                },
                {
                    "type": "tuple",
                    "values": [
                        -0.11324877177321,
                        -0.1008263590001518
                    ]
                },
                {
                    "type": "tuple",
                    "values": [
                        -0.00134795704322,
                        0.030475922345917283
                    ]
                },
                {
                    "type": "tuple",
                    "values": [
                        -0.02937397647379,
                        0.01654230896991001
                    ]
                },
                {
                    "type": "tuple",
                    "values": [
                        0.023864731032379703,
                        0.0793576892082648
                    ]
                },
                {
                    "type": "tuple",
                    "values": [
                        -0.03574904944528,
                        -0.00575807550993
                    ]
                }
            ]
        },
        "model": null,
        "log_evidence": -227.55798993096408,
        "errors_at_sigma_1": {
            "type": "list",
            "values": [
                {
                    "type": "tuple",
                    "values": [
                        0.0009229035573223332,
                        0.000908682738251648
                    ]
                },
                {
                    "type": "tuple",
                    "values": [
                        0.0006856647229016885,
                        0.0005706242288283116
                    ]
                },
                {
                    "type": "tuple",
                    "values": [
                        0.0035453902734912937,
                        0.0039232300318832545
                    ]
                },
                {
                    "type": "tuple",
                    "values": [
                        0.0034399754826100054,
                        0.003403934747129994
                    ]
                },
                {
                    "type": "tuple",
                    "values": [
                        0.0010511090695608538,
                        0.0010309005491235773
                    ]
                },
                {
                    "type": "tuple",
                    "values": [
                        0.0009920853802881228,
                        0.0009731980292345473
                    ]
                },
                {
                    "type": "tuple",
                    "values": [
                        0.0008365568129984596,
                        0.0008289840207222057
                    ]
                },
                {
                    "type": "tuple",
                    "values": [
                        0.0010627697057995918,
                        0.0010711381477652945
                    ]
                },
                {
                    "type": "tuple",
                    "values": [
                        0.0026200299592891857,
                        0.002733024746837856
                    ]
                },
                {
                    "type": "tuple",
                    "values": [
                        0.003949555897993534,
                        0.003952219177077887
                    ]
                },
                {
                    "type": "tuple",
                    "values": [
                        0.00222234887996,
                        0.002422001774330902
                    ]
                },
                {
                    "type": "tuple",
                    "values": [
                        0.0020639600408025012,
                        0.002137687488121278
                    ]
                },
                {
                    "type": "tuple",
                    "values": [
                        0.0022105827604369244,
                        0.0020271627501813614
                    ]
                },
                {
                    "type": "tuple",
                    "values": [
                        0.0033149286613777004,
                        0.0033044970061331417
                    ]
                },
                {
                    "type": "tuple",
                    "values": [
                        0.00580004117367304,
                        0.004005401427623206
                    ]
                },
                {
                    "type": "tuple",
                    "values": [
                        0.002260158626607625,
                        0.002116595607520519
                    ]
                },
                {
                    "type": "tuple",
                    "values": [
                        0.00798168835782679,
                        0.007550341655793578
                    ]
                },
                {
                    "type": "tuple",
                    "values": [
                        0.006279366268642032,
                        0.005435138810668592
                    ]
                },
                {
                    "type": "tuple",
                    "values": [
                        0.006659737448507074,
                        0.007289035419378764
                    ]
                },
                {
                    "type": "tuple",
                    "values": [
                        0.0057048761128881305,
                        0.005427025328641869
                    ]
                },
                {
                    "type": "tuple",
                    "values": [
                        0.007882118485250042,
                        0.0025251214657701637
                    ]
                },
                {
                    "type": "tuple",
                    "values": [
                        0.0037594366987524636,
                        0.003468549927472281
                    ]
                },
                {
                    "type": "tuple",
                    "values": [
                        0.006789272833794201,
                        0.005924713710242169
                    ]
                },
                {
                    "type": "tuple",
                    "values": [
                        0.0035307008017581958,
                        0.004282134799611573
                    ]
                },
                {
                    "type": "tuple",
                    "values": [
                        0.005648111158406635,
                        0.005642607302870726
                    ]
                },
                {
                    "type": "tuple",
                    "values": [
                        0.0036490872772333496,
                        0.003475203437140355
                    ]
                },
                {
                    "type": "tuple",
                    "values": [
                        0.0019672286954189183,
                        0.00313090443156
                    ]
                },
                {
                    "type": "tuple",
                    "values": [
                        0.0022821842584895002,
                        0.0017987062868504988
                    ]
                },
                {
                    "type": "tuple",
                    "values": [
                        0.005226374802624521,
                        0.005442653904299918
                    ]
                },
                {
                    "type": "tuple",
                    "values": [
                        0.006860292468384927,
                        0.007275777802889415
                    ]
                },
                {
                    "type": "tuple",
                    "values": [
                        0.008684004756580002,
                        0.009132163020504416
                    ]
                },
                {
                    "type": "tuple",
                    "values": [
                        0.00424195583774058,
                        0.00544236173369984
                    ]
                }
            ]
        },
        "errors_at_sigma_3": {
            "type": "list",
            "values": [
                {
                    "type": "tuple",
                    "values": [
                        0.0024222437713808083,
                        0.002624433283199626
                    ]
                },
                {
                    "type": "tuple",
                    "values": [
                        0.0018742542117342448,
                        0.0016788781093819692
                    ]
                },
                {
                    "type": "tuple",
                    "values": [
                        0.010064739073865502,
                        0.01118547084173484
                    ]
                },
                {
                    "type": "tuple",
                    "values": [
                        0.012392655928760002,
                        0.010158041479398153
                    ]
                },
                {
                    "type": "tuple",
                    "values": [
                        0.003198543650195739,
                        0.0035588776043853215
                    ]
                },
                {
                    "type": "tuple",
                    "values": [
                        0.0026591381589159183,
                        0.003099413100654736
                    ]
                },
                {
                    "type": "tuple",
                    "values": [
                        0.0029856153905884596,
                        0.0026307412572814342
                    ]
                },
                {
                    "type": "tuple",
                    "values": [
                        0.0036930963644347054,
                        0.0027812856309705814
                    ]
                },
                {
                    "type": "tuple",
                    "values": [
                        0.007198280821375785,
                        0.007830735669667611
                    ]
                },
                {
                    "type": "tuple",
                    "values": [
                        0.01095812524492211,
                        0.011867596061360217
                    ]
                },
                {
                    "type": "tuple",
                    "values": [
                        0.006447979490676692,
                        0.00737241049425
                    ]
                },
                {
                    "type": "tuple",
                    "values": [
                        0.005872502286343068,
                        0.005432611083735305
                    ]
                },
                {
                    "type": "tuple",
                    "values": [
                        0.006026797153474249,
                        0.00629590243695871
                    ]
                },
                {
                    "type": "tuple",
                    "values": [
                        0.00981117304834,
                        0.008316895523429998
                    ]
                },
                {
                    "type": "tuple",
                    "values": [
                        0.017312659968814002,
                        0.01265658171392
                    ]
                },
                {
                    "type": "tuple",
                    "values": [
                        0.008693464370998563,
                        0.007615612578752373
                    ]
                },
                {
                    "type": "tuple",
                    "values": [
                        0.02364983454846796,
                        0.022362702842343207
                    ]
                },
                {
                    "type": "tuple",
                    "values": [
                        0.020585673080842186,
                        0.022833026229637968
                    ]
                },
                {
                    "type": "tuple",
                    "values": [
                        0.01886671181481942,
                        0.024513864141748762
                    ]
                },
                {
                    "type": "tuple",
                    "values": [
                        0.017253230447327645,
                        0.015828892360519892
                    ]
                },
                {
                    "type": "tuple",
                    "values": [
                        0.02100609381990401,
                        0.006893627114705453
                    ]
                },
                {
                    "type": "tuple",
                    "values": [
                        0.011646299358517714,
                        0.008111190872882312
                    ]
                },
                {
                    "type": "tuple",
                    "values": [
                        0.024077793540017746,
                        0.015544621668265172
                    ]
                },
                {
                    "type": "tuple",
                    "values": [
                        0.01284050104766,
                        0.012909608191920182
                    ]
                },
                {
                    "type": "tuple",
                    "values": [
                        0.017570992437489275,
                        0.017862857245256096
                    ]
                },
                {
                    "type": "tuple",
                    "values": [
                        0.00976149886112909,
                        0.009458018804563404
                    ]
                },
                {
                    "type": "tuple",
                    "values": [
                        0.0059132118756000385,
                        0.011346380548799564
                    ]
                },
                {
                    "type": "tuple",
                    "values": [
                        0.007005913803109498,
                        0.0054164989699486965
                    ]
                },
                {
                    "type": "tuple",
                    "values": [
                        0.015024549600904522,
                        0.016799329788232762
                    ]
                },
                {
                    "type": "tuple",
                    "values": [
                        0.018730790046500002,
                        0.027185495397200006
                    ]
                },
                {
                    "type": "tuple",
                    "values": [
                        0.0284475486171503,
                        0.0270454095587348
                    ]
                },
                {
                    "type": "tuple",
                    "values": [
                        0.01361980359609016,
                        0.01637117033925984
                    ]
                }
            ]
        },
        "values_at_sigma_1": {
            "type": "list",
            "values": [
                {
                    "type": "tuple",
                    "values": [
                        -0.00087684919351,
                        0.0009547371020639813
                    ]
                },
                {
                    "type": "tuple",
                    "values": [
                        -0.00214739505558,
                        -0.00089110610385
                    ]
                },
                {
                    "type": "tuple",
                    "values": [
                        0.002916475682394208,
                        0.010385095987768756
                    ]
                },
                {
                    "type": "tuple",
                    "values": [
                        -0.07359277580232,
                        -0.06674886557258
                    ]
                },
                {
                    "type": "tuple",
                    "values": [
                        0.0013802612255091463,
                        0.0034622708441935774
                    ]
                },
                {
                    "type": "tuple",
                    "values": [
                        -0.0014223725294181227,
                        0.0005429108801045473
                    ]
                },
                {
                    "type": "tuple",
                    "values": [
                        -0.00269319275156,
                        -0.0010276519178393348
                    ]
                },
                {
                    "type": "tuple",
                    "values": [
                        0.0010822571173351135,
                        0.0032161649709
                    ]
                },
                {
                    "type": "tuple",
                    "values": [
                        0.02969060890764296,
                        0.03504366361377
                    ]
                },
                {
                    "type": "tuple",
                    "values": [
                        -0.10026750152479143,
                        -0.09236572644972
                    ]
                },
                {
                    "type": "tuple",
                    "values": [
                        -0.00200548271612,
                        0.002638867938170902
                    ]
                },
                {
                    "type": "tuple",
                    "values": [
                        -0.0088196300157,
                        -0.004617982486776221
                    ]
                },
                {
                    "type": "tuple",
                    "values": [
                        -0.009940731874143576,
                        -0.005702986363525291
                    ]
                },
                {
                    "type": "tuple",
                    "values": [
                        -0.0006084190751577005,
                        0.0060110065923531415
                    ]
                },
                {
                    "type": "tuple",
                    "values": [
                        0.04156211447714696,
                        0.051367557078443205
                    ]
                },
                {
                    "type": "tuple",
                    "values": [
                        -0.0959400271231,
                        -0.09156327288897186
                    ]
                },
                {
                    "type": "tuple",
                    "values": [
                        -0.00850342515187,
                        0.007028604861750368
                    ]
                },
                {
                    "type": "tuple",
                    "values": [
                        -0.01062323016547,
                        0.0010912749138406249
                    ]
                },
                {
                    "type": "tuple",
                    "values": [
                        -0.024408495531775837,
                        -0.01045972266389
                    ]
                },
                {
                    "type": "tuple",
                    "values": [
                        -0.0041915877135,
                        0.00694031372803
                    ]
                },
                {
                    "type": "tuple",
                    "values": [
                        0.07603169888185995,
                        0.08643893883288016
                    ]
                },
                {
                    "type": "tuple",
                    "values": [
                        -0.08801383514602475,
                        -0.0807858485198
                    ]
                },
                {
                    "type": "tuple",
                    "values": [
                        -0.005612711447916454,
                        0.007101275096119916
                    ]
                },
                {
                    "type": "tuple",
                    "values": [
                        0.010635808833271804,
                        0.018448644434641573
                    ]
                },
                {
                    "type": "tuple",
                    "values": [
                        0.005643608941832638,
                        0.01693432740311
                    ]
                },
                {
                    "type": "tuple",
                    "values": [
                        0.01826199572034665,
                        0.025386286434720354
                    ]
                },
                {
                    "type": "tuple",
                    "values": [
                        0.04047764711510108,
                        0.04557578024208
                    ]
                },
                {
                    "type": "tuple",
                    "values": [
                        -0.10852504222859,
                        -0.10444415168325
                    ]
                },
                {
                    "type": "tuple",
                    "values": [
                        0.00845021775506,
                        0.01911924646198444
                    ]
                },
                {
                    "type": "tuple",
                    "values": [
                        -0.017503478895674926,
                        -0.0033674086244005834
                    ]
                },
                {
                    "type": "tuple",
                    "values": [
                        0.04362827489295,
                        0.06144444267003442
                    ]
                },
                {
                    "type": "tuple",
                    "values": [
                        -0.02637120168693042,
                        -0.01668688411549
                    ]
                }
            ]
        }
    }
}