{
    "type": "instance",
    "class_path": "autofit.non_linear.samples.summary.SamplesSummary",
    "arguments": {
        "model": null,
        "values_at_sigma_3": {
            "type": "list",
            "values": [
                {
                    "type": "tuple",
                    "values": [
                        -0.06043133069477,
                        0.1258195826989959
                    ]
                },
                {
                    "type": "tuple",
                    "values": [
                        -0.04863763852031,
                        0.17082937072584875
                    ]
                },
                {
                    "type": "tuple",
                    "values": [
                        -0.11104020874494652,
                        0.07887300984821
                    ]
                },
                {
                    "type": "tuple",
                    "values": [
                        -0.07117035277632,
                        0.09092354430739795
                    ]
                },
                {
                    "type": "tuple",
                    "values": [
                        -0.07237423153294614,
                        0.08286640124954552
                    ]
                },
                {
                    "type": "tuple",
                    "values": [
                        -0.09804912135656739,
                        0.06564288927474
                    ]
                },
                {
                    "type": "tuple",
                    "values": [
                        -0.09951345822017,
                        0.0753780408478332
                    ]
                },
                {
                    "type": "tuple",
                    "values": [
                        -0.09910454979677,
                        0.0905241260424
                    ]
                }
            ]
        },
        "log_evidence": -25.188588724836187,
        "values_at_sigma_1": {
            "type": "list",
            "values": [
                {
                    "type": "tuple",
                    "values": [
                        0.02174276263466911,
                        0.05503021808629
                    ]
                },
                {
                    "type": "tuple",
                    "values": [
                        -0.005229527972658825,
                        0.02372291652787645
                    ]
                },
                {
                    "type": "tuple",
                    "values": [
                        -0.07511886632726,
                        -0.024382255898932954
                    ]
                },
                {
                    "type": "tuple",
                    "values": [
                        -0.01665274113773,
                        0.0430585614776
                    ]
                },
                {
                    "type": "tuple",
                    "values": [
                        -0.01556082321879,
                        0.058246411516041686
                    ]
                },
                {
                    "type": "tuple",
                    "values": [
                        -0.05866784735471964,
                        -0.0022490041796276107
                    ]
                },
                {
                    "type": "tuple",
                    "values": [
                        -0.07845257401116436,
                        -0.00946315645876
                    ]
                },
                {
                    "type": "tuple",
                    "values": [
                        -0.07713240945901,
                        0.009182683586560006
                    ]
                }
            ]
        },
        "errors_at_sigma_1": {
            "type": "list",
            "values": [
                {
                    "type": "tuple",
                    "values": [
                        0.015476880765695988,
                        0.017810574685924903
                    ]
                },
                {
                    "type": "tuple",
                    "values": [
                        0.009845225731371508,
                        0.01910721876916377
                    ]
                },
                {
                    "type": "tuple",
                    "values": [
                        0.025000235412136904,
                        0.025736375016190145
                    ]
                },
                {
                    "type": "tuple",
                    "values": [
                        0.03304185505651509,
                        0.026669447558814913
                    ]
                },
                {
                    "type": "tuple",
                    "values": [
                        0.03751299193472,
                        0.03629424280011169
                    ]
                },
                {
                    "type": "tuple",
                    "values": [
                        0.03195670208557501,
                        0.024462141089517022
                    ]
                },
                {
                    "type": "tuple",
                    "values": [
                        0.035763953124994356,
                        0.03322546442741
                    ]
                },
                {
                    "type": "tuple",
                    "values": [
                        0.03325982073131081,
                        0.05305527231425919
                    ]
                }
            ]
        },
        "median_pdf_sample": {
            "type": "instance",
            "class_path": "autofit.non_linear.samples.sample.Sample",
            "arguments": {
                "log_likelihood": -8.068430917024187,
                "log_prior": 0.0,
                "weight": 0.0010709844858979663,
                "kwargs": {
                    "type": "dict",
                    "arguments": {
                        "ellipses.0.ell_comps.ell_comps_0": 0.0372196434003651,
                        "ellipses.0.ell_comps.ell_comps_1": 0.004615697758712682,
                        "multipoles.0.multipole_1.multipole_comps.multipole_comps_0": -0.0501186309151231,
                        "multipoles.0.multipole_1.multipole_comps.multipole_comps_1": 0.01638911391878509,
                        "multipoles.0.multipole_3.multipole_comps.multipole_comps_0": 0.02195216871593,
                        "multipoles.0.multipole_3.multipole_comps.multipole_comps_1": -0.026711145269144632,
                        "multipoles.0.multipole_4.multipole_comps.multipole_comps_0": -0.04268862088617,
                        "multipoles.0.multipole_4.multipole_comps.multipole_comps_1": -0.04387258872769918
                    }
                }
            }
        },
        "max_log_likelihood_sample": {
            "type": "instance",
            "class_path": "autofit.non_linear.samples.sample.Sample",
            "arguments": {
                "log_likelihood": -8.068430917024187,
                "log_prior": 0.0,
                "weight": 0.0010709844858979663,
                "kwargs": {
                    "type": "dict",
                    "arguments": {
                        "ellipses.0.ell_comps.ell_comps_0": 0.02677066359936,
                        "ellipses.0.ell_comps.ell_comps_1": 0.01156341870292,
                        "multipoles.0.multipole_1.multipole_comps.multipole_comps_0": -0.04401003530395,
                        "multipoles.0.multipole_1.multipole_comps.multipole_comps_1": -0.0023135359327,
                        "multipoles.0.multipole_3.multipole_comps.multipole_comps_0": -0.00567539328251,
                        "multipoles.0.multipole_3.multipole_comps.multipole_comps_1": -0.05653442253727,
                        "multipoles.0.multipole_4.multipole_comps.multipole_comps_0": -0.09786256254127,
                        "multipoles.0.multipole_4.multipole_comps.multipole_comps_1": 0.0130852049184
                    }
                }
            }
        },
        "errors_at_sigma_3": {
            "type": "list",
            "values": [
                {
                    "type": "tuple",
                    "values": [
                        0.0976509740951351,
                        0.0885999392986308
                    ]
                },
                {
                    "type": "tuple",
                    "values": [
                        0.053253336279022685,
                        0.16621367296713607
                    ]
                },
                {
                    "type": "tuple",
                    "values": [
                        0.06092157782982342,
                        0.12899164076333308
                    ]
                },
                {
                    "type": "tuple",
                    "values": [
                        0.08755946669510509,
                        0.07453443038861286
                    ]
                },
                {
                    "type": "tuple",
                    "values": [
                        0.09432640024887615,
                        0.06091423253361551
                    ]
                },
                {
                    "type": "tuple",
                    "values": [
                        0.07133797608742276,
                        0.09235403454388463
                    ]
                },
                {
                    "type": "tuple",
                    "values": [
                        0.056824837334000004,
                        0.11806666173400321
                    ]
                },
                {
                    "type": "tuple",
                    "values": [
                        0.055231961069070815,
                        0.13439671477009918
                    ]
                }
            ]
        }
    }
}