{
    "type": "instance",
    "class_path": "autofit.non_linear.samples.summary.SamplesSummary",
    "arguments": {
        "values_at_sigma_1": {
            "type": "list",
            "values": [
                {
                    "type": "tuple",
                    "values": [
                        -0.02716148417341322,
                        -0.017630728911152353
                    ]
                },
                {
                    "type": "tuple",
                    "values": [
                        -0.0445365058427,
                        -0.03348929193624036
                    ]
                },
                {
                    "type": "tuple",
                    "values": [
                        -0.01425617409027,
                        0.00043407982397406343
                    ]
                },
                {
                    "type": "tuple",
                    "values": [
                        -0.008173816653400926,
                        0.00846964541705
                    ]
                },
                {
                    "type": "tuple",
                    "values": [
                        -0.0032734148160787555,
                        0.01373897611226
                    ]
                },
                {
                    "type": "tuple",
                    "values": [
                        -0.02048419247077,
                        -0.004902229191637106
                    ]
                },
                {
                    "type": "tuple",
                    "values": [
                        -0.028529878824847307,
                        -0.01295448168431284
                    ]
                },
                {
                    "type": "tuple",
                    "values": [
                        0.001010743077681885,
                        0.01704319024054
                    ]
                }
            ]
        },
        "median_pdf_sample": {
            "type": "instance",
            "class_path": "autofit.non_linear.samples.sample.Sample",
            "arguments": {
                "log_likelihood": -26.60580739436984,
                "log_prior": 0.0,
                "weight": 0.0010608260946963898,
                "kwargs": {
                    "type": "dict",
                    "arguments": {
                        "ellipses.0.ell_comps.ell_comps_0": -0.02258413281836,
                        "ellipses.0.ell_comps.ell_comps_1": -0.03962676311238773,
                        "multipoles.0.multipole_1.multipole_comps.multipole_comps_0": -0.007305118498863667,
                        "multipoles.0.multipole_1.multipole_comps.multipole_comps_1": -0.00033306374386162023,
                        "multipoles.0.multipole_3.multipole_comps.multipole_comps_0": 0.00604757386816,
                        "multipoles.0.multipole_3.multipole_comps.multipole_comps_1": -0.0128896614666,
                        "multipoles.0.multipole_4.multipole_comps.multipole_comps_0": -0.021171544410360617,
                        "multipoles.0.multipole_4.multipole_comps.multipole_comps_1": 0.00939221593758
                    }
                }
            }
        },
        "max_log_likelihood_sample": {
            "type": "instance",
            "class_path": "autofit.non_linear.samples.sample.Sample",
            "arguments": {
                "log_likelihood": -26.60580739436984,
                "log_prior": 0.0,
                "weight": 0.0010608260946963898,
                "kwargs": {
                    "type": "dict",
                    "arguments": {
                        "ellipses.0.ell_comps.ell_comps_0": -0.02352189921021,
                        "ellipses.0.ell_comps.ell_comps_1": -0.03753663379267,
                        "multipoles.0.multipole_1.multipole_comps.multipole_comps_0": -0.00713454830863,
                        "multipoles.0.multipole_1.multipole_comps.multipole_comps_1": 0.00379834931538,
                        "multipoles.0.multipole_3.multipole_comps.multipole_comps_0": 0.00974119459241,
                        "multipoles.0.multipole_3.multipole_comps.multipole_comps_1": -0.01259820053861,
                        "multipoles.0.multipole_4.multipole_comps.multipole_comps_0": -0.02035784915858,
                        "multipoles.0.multipole_4.multipole_comps.multipole_comps_1": 0.0015987477822
                    }
                }
            }
        },
        "model": null,
        "log_evidence": -51.06023284262639,
        "errors_at_sigma_3": {
            "type": "list",
            "values": [
                {
                    "type": "tuple",
                    "values": [
                        0.014851772733849997,
                        0.017080906822760002
                    ]
                },
                {
                    "type": "tuple",
                    "values": [
                        0.011812479216832067,
                        0.025325788615397735
                    ]
                },
                {
                    "type": "tuple",
                    "values": [
                        0.025808389721771956,
                        0.02532927161063367
                    ]
                },
                {
                    "type": "tuple",
                    "values": [
                        0.02518738363563545,
                        0.02837057041462465
                    ]
                },
                {
                    "type": "tuple",
                    "values": [
                        0.02752726304310694,
                        0.024398981556164368
                    ]
                },
                {
                    "type": "tuple",
                    "values": [
                        0.023594212779811594,
                        0.024161280712267127
                    ]
                },
                {
                    "type": "tuple",
                    "values": [
                        0.021932015542631005,
                        0.02669753054908062
                    ]
                },
                {
                    "type": "tuple",
                    "values": [
                        0.02758471596112,
                        0.02700842580546734
                    ]
                }
            ]
        },
        "values_at_sigma_3": {
            "type": "list",
            "values": [
                {
                    "type": "tuple",
                    "values": [
                        -0.03743590555221,
                        -0.0055032259956
                    ]
                },
                {
                    "type": "tuple",
                    "values": [
                        -0.0514392423292198,
                        -0.01430097449699
                    ]
                },
                {
                    "type": "tuple",
                    "values": [
                        -0.03311350822063562,
                        0.01802415311177
                    ]
                },
                {
                    "type": "tuple",
                    "values": [
                        -0.02552044737949707,
                        0.02803750667076303
                    ]
                },
                {
                    "type": "tuple",
                    "values": [
                        -0.021479689174946942,
                        0.030446555424324367
                    ]
                },
                {
                    "type": "tuple",
                    "values": [
                        -0.03648387424641159,
                        0.011271619245667127
                    ]
                },
                {
                    "type": "tuple",
                    "values": [
                        -0.04310355995299162,
                        0.00552598613872
                    ]
                },
                {
                    "type": "tuple",
                    "values": [
                        -0.01819250002354,
                        0.03640064174304734
                    ]
                }
            ]
        },
        "errors_at_sigma_1": {
            "type": "list",
            "values": [
                {
                    "type": "tuple",
                    "values": [
                        0.00457735135505322,
                        0.004953403907207648
                    ]
                },
                {
                    "type": "tuple",
                    "values": [
                        0.004909742730312264,
                        0.006137471176147373
                    ]
                },
                {
                    "type": "tuple",
                    "values": [
                        0.006951055591406333,
                        0.00773919832283773
                    ]
                },
                {
                    "type": "tuple",
                    "values": [
                        0.007840752909539306,
                        0.00880270916091162
                    ]
                },
                {
                    "type": "tuple",
                    "values": [
                        0.009320988684238755,
                        0.0076914022441
                    ]
                },
                {
                    "type": "tuple",
                    "values": [
                        0.007594531004170001,
                        0.007987432274962895
                    ]
                },
                {
                    "type": "tuple",
                    "values": [
                        0.007358334414486689,
                        0.008217062726047778
                    ]
                },
                {
                    "type": "tuple",
                    "values": [
                        0.008381472859898115,
                        0.0076509743029600005
                    ]
                }
            ]
        }
    }
}