{
    "type": "instance",
    "class_path": "autofit.non_linear.samples.summary.SamplesSummary",
    "arguments": {
        "values_at_sigma_3": {
            "type": "list",
            "values": [
                {
                    "type": "tuple",
                    "values": [
                        0.12111472378691984,
                        0.14332354185015436
                    ]
                },
                {
                    "type": "tuple",
                    "values": [
                        -0.1542668799285,
                        -0.14007586715417
                    ]
                }
            ]
        },
        "errors_at_sigma_1": {
            "type": "list",
            "values": [
                {
                    "type": "tuple",
                    "values": [
                        0.0031625140041566246,
                        0.00338756265882989
                    ]
                },
                {
                    "type": "tuple",
                    "values": [
                        0.0024400605190564584,
                        0.002658926320521726
                    ]
                }
            ]
        },
        "model": null,
        "values_at_sigma_1": {
            "type": "list",
            "values": [
                {
                    "type": "tuple",
                    "values": [
                        0.1284170620950504,
                        0.13496713875803693
                    ]
                },
                {
                    "type": "tuple",
                    "values": [
                        -0.14977064166403117,
                        -0.144671654824453
                    ]
                }
            ]
        },
        "errors_at_sigma_3": {
            "type": "list",
            "values": [
                {
                    "type": "tuple",
                    "values": [
                        0.010464852312287193,
                        0.011743965750947327
                    ]
                },
                {
                    "type": "tuple",
                    "values": [
                        0.00693629878352528,
                        0.007254713990804712
                    ]
                }
            ]
        },
        "max_log_likelihood_sample": {
            "type": "instance",
            "class_path": "autofit.non_linear.samples.sample.Sample",
            "arguments": {
                "log_likelihood": -48.863121404660475,
                "log_prior": 0.0,
                "weight": 0.0009859608777772028,
                "kwargs": {
                    "type": "dict",
                    "arguments": {
                        "ellipses.0.ell_comps.ell_comps_0": 0.1313607554766,
                        "ellipses.0.ell_comps.ell_comps_1": -0.14729111450547
                    }
                }
            }
        },
        "log_evidence": -59.37749602340801,
        "median_pdf_sample": {
            "type": "instance",
            "class_path": "autofit.non_linear.samples.sample.Sample",
            "arguments": {
                "log_likelihood": -48.863121404660475,
                "log_prior": 0.0,
                "weight": 0.0009859608777772028,
                "kwargs": {
                    "type": "dict",
                    "arguments": {
                        "ellipses.0.ell_comps.ell_comps_0": 0.13157957609920704,
                        "ellipses.0.ell_comps.ell_comps_1": -0.14733058114497471
                    }
                }
            }
        }
    }
}