{
    "type": "instance",
    "class_path": "autofit.non_linear.samples.summary.SamplesSummary",
    "arguments": {
        "median_pdf_sample": {
            "type": "instance",
            "class_path": "autofit.non_linear.samples.sample.Sample",
            "arguments": {
                "log_likelihood": -7.230090692236717,
                "log_prior": 0.0,
                "weight": 0.0009799966589782497,
                "kwargs": {
                    "type": "dict",
                    "arguments": {
                        "ellipses.0.ell_comps.ell_comps_0": 0.0019066939925557306,
                        "ellipses.0.ell_comps.ell_comps_1": -0.01653274551788793
                    }
                }
            }
        },
        "values_at_sigma_1": {
            "type": "list",
            "values": [
                {
                    "type": "tuple",
                    "values": [
                        -0.003102821964613274,
                        0.00777091213983
                    ]
                },
                {
                    "type": "tuple",
                    "values": [
                        -0.0213716202453,
                        -0.01195515714828
                    ]
                }
            ]
        },
        "max_log_likelihood_sample": {
            "type": "instance",
            "class_path": "autofit.non_linear.samples.sample.Sample",
            "arguments": {
                "log_likelihood": -7.230090692236717,
                "log_prior": 0.0,
                "weight": 0.0009799966589782497,
                "kwargs": {
                    "type": "dict",
                    "arguments": {
                        "ellipses.0.ell_comps.ell_comps_0": 0.00127911611287,
                        "ellipses.0.ell_comps.ell_comps_1": -0.01686954811787
                    }
                }
            }
        },
        "model": null,
        "values_at_sigma_3": {
            "type": "list",
            "values": [
                {
                    "type": "tuple",
                    "values": [
                        -0.012914116058734208,
                        0.018929534241713643
                    ]
                },
                {
                    "type": "tuple",
                    "values": [
                        -0.03281793729990459,
                        -0.00161250129186
                    ]
                }
            ]
        },
        "errors_at_sigma_1": {
            "type": "list",
            "values": [
                {
                    "type": "tuple",
                    "values": [
                        0.005009515957169005,
                        0.005864218147274269
                    ]
                },
                {
                    "type": "tuple",
                    "values": [
                        0.0048388747274120715,
                        0.004577588369607928
                    ]
                }
            ]
        },
        "log_evidence": -16.470420350918626,
        "errors_at_sigma_3": {
            "type": "list",
            "values": [
                {
                    "type": "tuple",
                    "values": [
                        0.01482081005128994,
                        0.017022840249157914
                    ]
                },
                {
                    "type": "tuple",
                    "values": [
                        0.016285191782016664,
                        0.014920244226027928
                    ]
                }
            ]
        }
    }
}