{
    "type": "instance",
    "class_path": "autofit.non_linear.samples.summary.SamplesSummary",
    "arguments": {
        "values_at_sigma_3": {
            "type": "list",
            "values": [
                {
                    "type": "tuple",
                    "values": [
                        -0.0181112039131041,
                        0.0116878485806498
                    ]
                },
                {
                    "type": "tuple",
                    "values": [
                        -0.152412874161933,
                        -0.10720864712511131
                    ]
                }
            ]
        },
        "model": null,
        "median_pdf_sample": {
            "type": "instance",
            "class_path": "autofit.non_linear.samples.sample.Sample",
            "arguments": {
                "log_likelihood": -42.868600935436966,
                "log_prior": 0.0,
                "weight": 0.0010074096036045282,
                "kwargs": {
                    "type": "dict",
                    "arguments": {
                        "ellipses.0.ell_comps.ell_comps_0": 0.0010294135697812858,
                        "ellipses.0.ell_comps.ell_comps_1": -0.11672241289309084
                    }
                }
            }
        },
        "log_evidence": -52.68518599745386,
        "errors_at_sigma_3": {
            "type": "list",
            "values": [
                {
                    "type": "tuple",
                    "values": [
                        0.019140617482885383,
                        0.010658435010868514
                    ]
                },
                {
                    "type": "tuple",
                    "values": [
                        0.035690461268842164,
                        0.00951376576797952
                    ]
                }
            ]
        },
        "max_log_likelihood_sample": {
            "type": "instance",
            "class_path": "autofit.non_linear.samples.sample.Sample",
            "arguments": {
                "log_likelihood": -42.868600935436966,
                "log_prior": 0.0,
                "weight": 0.0010074096036045282,
                "kwargs": {
                    "type": "dict",
                    "arguments": {
                        "ellipses.0.ell_comps.ell_comps_0": 0.00347969206361,
                        "ellipses.0.ell_comps.ell_comps_1": -0.11687605821543
                    }
                }
            }
        },
        "values_at_sigma_1": {
            "type": "list",
            "values": [
                {
                    "type": "tuple",
                    "values": [
                        -0.005329653217720316,
                        0.004688113386224604
                    ]
                },
                {
                    "type": "tuple",
                    "values": [
                        -0.13080101672403235,
                        -0.1131191617165312
                    ]
                }
            ]
        },
        "errors_at_sigma_1": {
            "type": "list",
            "values": [
                {
                    "type": "tuple",
                    "values": [
                        0.006359066787501602,
                        0.0036586998164433184
                    ]
                },
                {
                    "type": "tuple",
                    "values": [
                        0.014078603830941519,
                        0.00360325117655963
                    ]
                }
            ]
        }
    }
}