{
    "type": "instance",
    "class_path": "autofit.non_linear.samples.summary.SamplesSummary",
    "arguments": {
        "errors_at_sigma_1": {
            "type": "list",
            "values": [
                {
                    "type": "tuple",
                    "values": [
                        0.0017473140624250094,
                        0.001975744172394933
                    ]
                },
                {
                    "type": "tuple",
                    "values": [
                        0.0018133509761438238,
                        0.0017700206333798318
                    ]
                }
            ]
        },
        "model": null,
        "log_evidence": -142.0015179308333,
        "errors_at_sigma_3": {
            "type": "list",
            "values": [
                {
                    "type": "tuple",
                    "values": [
                        0.0052850782355919335,
                        0.005341424227618519
                    ]
                },
                {
                    "type": "tuple",
                    "values": [
                        0.0060779766799107515,
                        0.004673673227793038
                    ]
                }
            ]
        },
        "max_log_likelihood_sample": {
            "type": "instance",
            "class_path": "autofit.non_linear.samples.sample.Sample",
            "arguments": {
                "log_likelihood": -130.63042969979125,
                "log_prior": 0.0,
                "weight": 0.000993857058625114,
                "kwargs": {
                    "type": "dict",
                    "arguments": {
                        "ellipses.0.ell_comps.ell_comps_0": -0.34452367195934,
                        "ellipses.0.ell_comps.ell_comps_1": -0.08039519002931
                    }
                }
            }
        },
        "values_at_sigma_1": {
            "type": "list",
            "values": [
                {
                    "type": "tuple",
                    "values": [
                        -0.34655349227619414,
                        -0.3428304340413742
                    ]
                },
                {
                    "type": "tuple",
                    "values": [
                        -0.08215865835239686,
                        -0.0785752867428732
                    ]
                }
            ]
        },
        "median_pdf_sample": {
            "type": "instance",
            "class_path": "autofit.non_linear.samples.sample.Sample",
            "arguments": {
                "log_likelihood": -130.63042969979125,
                "log_prior": 0.0,
                "weight": 0.000993857058625114,
                "kwargs": {
                    "type": "dict",
                    "arguments": {
                        "ellipses.0.ell_comps.ell_comps_0": -0.34480617821376913,
                        "ellipses.0.ell_comps.ell_comps_1": -0.08034530737625303
                    }
                }
            }
        },
        "values_at_sigma_3": {
            "type": "list",
            "values": [
                {
                    "type": "tuple",
                    "values": [
                        -0.35009125644936107,
                        -0.3394647539861506
                    ]
                },
                {
                    "type": "tuple",
                    "values": [
                        -0.08642328405616378,
                        -0.07567163414846
                    ]
                }
            ]
        }
    }
}