{
    "type": "instance",
    "class_path": "autofit.non_linear.samples.summary.SamplesSummary",
    "arguments": {
        "errors_at_sigma_1": {
            "type": "list",
            "values": [
                {
                    "type": "tuple",
                    "values": [
                        0.001832873293292625,
                        0.0016335893416458136
                    ]
                },
                {
                    "type": "tuple",
                    "values": [
                        0.0018047650070770194,
                        0.0043315122480750146
                    ]
                },
                {
                    "type": "tuple",
                    "values": [
                        0.00716343379148735,
                        0.006154895468069414
                    ]
                },
                {
                    "type": "tuple",
                    "values": [
                        0.006525250360503238,
                        0.005861057257359997
                    ]
                },
                {
                    "type": "tuple",
                    "values": [
                        0.006038539574293653,
                        0.007280619928666467
                    ]
                },
                {
                    "type": "tuple",
                    "values": [
                        0.006562647920282827,
                        0.006621718234973838
                    ]
                }
            ]
        },
        "max_log_likelihood_sample": {
            "type": "instance",
            "class_path": "autofit.non_linear.samples.sample.Sample",
            "arguments": {
                "log_likelihood": -104.77956627556512,
                "log_prior": 0.0,
                "weight": 0.0009743895273859929,
                "kwargs": {
                    "type": "dict",
                    "arguments": {
                        "ellipses.0.ell_comps.ell_comps_0": -0.19875021787807,
                        "ellipses.0.ell_comps.ell_comps_1": -0.21172542593777,
                        "multipoles.0.multipole_3.multipole_comps.multipole_comps_0": 0.01591311491914,
                        "multipoles.0.multipole_3.multipole_comps.multipole_comps_1": 0.03624462457249,
                        "multipoles.0.multipole_4.multipole_comps.multipole_comps_0": -0.02033505576969,
                        "multipoles.0.multipole_4.multipole_comps.multipole_comps_1": 0.04688317234841
                    }
                }
            }
        },
        "model": null,
        "log_evidence": -125.44210550584549,
        "values_at_sigma_3": {
            "type": "list",
            "values": [
                {
                    "type": "tuple",
                    "values": [
                        -0.2030980934283,
                        -0.19250308804776645
                    ]
                },
                {
                    "type": "tuple",
                    "values": [
                        -0.2153731913465162,
                        -0.20360313393013
                    ]
                },
                {
                    "type": "tuple",
                    "values": [
                        -0.000550839744270637,
                        0.03357158430773
                    ]
                },
                {
                    "type": "tuple",
                    "values": [
                        0.013845865524116454,
                        0.055830929369319424
                    ]
                },
                {
                    "type": "tuple",
                    "values": [
                        -0.0362268540235673,
                        0.0103097813043
                    ]
                },
                {
                    "type": "tuple",
                    "values": [
                        0.024083419980429364,
                        0.07590914545428
                    ]
                }
            ]
        },
        "values_at_sigma_1": {
            "type": "list",
            "values": [
                {
                    "type": "tuple",
                    "values": [
                        -0.19976216979155,
                        -0.19629570715661157
                    ]
                },
                {
                    "type": "tuple",
                    "values": [
                        -0.21277149515976,
                        -0.20663521790460795
                    ]
                },
                {
                    "type": "tuple",
                    "values": [
                        0.00989026359835265,
                        0.023208592857909414
                    ]
                },
                {
                    "type": "tuple",
                    "values": [
                        0.030392118047216764,
                        0.04277842566508
                    ]
                },
                {
                    "type": "tuple",
                    "values": [
                        -0.02243886605739,
                        -0.00911970655442988
                    ]
                },
                {
                    "type": "tuple",
                    "values": [
                        0.04150317186392338,
                        0.05468753801918005
                    ]
                }
            ]
        },
        "errors_at_sigma_3": {
            "type": "list",
            "values": [
                {
                    "type": "tuple",
                    "values": [
                        0.005168796930042602,
                        0.005426208450490938
                    ]
                },
                {
                    "type": "tuple",
                    "values": [
                        0.004406461193833228,
                        0.007363596222552976
                    ]
                },
                {
                    "type": "tuple",
                    "values": [
                        0.017604537134110636,
                        0.016517886917890003
                    ]
                },
                {
                    "type": "tuple",
                    "values": [
                        0.02307150288360355,
                        0.01891356096159942
                    ]
                },
                {
                    "type": "tuple",
                    "values": [
                        0.01982652754047095,
                        0.026710107787396346
                    ]
                },
                {
                    "type": "tuple",
                    "values": [
                        0.023982399803776845,
                        0.02784332567007379
                    ]
                }
            ]
        },
        "median_pdf_sample": {
            "type": "instance",
            "class_path": "autofit.non_linear.samples.sample.Sample",
            "arguments": {
                "log_likelihood": -104.77956627556512,
                "log_prior": 0.0,
                "weight": 0.0009743895273859929,
                "kwargs": {
                    "type": "dict",
                    "arguments": {
                        "ellipses.0.ell_comps.ell_comps_0": -0.19792929649825738,
                        "ellipses.0.ell_comps.ell_comps_1": -0.21096673015268297,
                        "multipoles.0.multipole_3.multipole_comps.multipole_comps_0": 0.01705369738984,
                        "multipoles.0.multipole_3.multipole_comps.multipole_comps_1": 0.03691736840772,
                        "multipoles.0.multipole_4.multipole_comps.multipole_comps_0": -0.016400326483096347,
                        "multipoles.0.multipole_4.multipole_comps.multipole_comps_1": 0.04806581978420621
                    }
                }
            }
        }
    }
}