{
    "type": "instance",
    "class_path": "autofit.non_linear.samples.summary.SamplesSummary",
    "arguments": {
        "errors_at_sigma_1": {
            "type": "list",
            "values": [
                {
                    "type": "tuple",
                    "values": [
                        0.0022281888677961326,
                        0.0023903407618044575
                    ]
                },
                {
                    "type": "tuple",
                    "values": [
                        0.0028402041417644117,
                        0.00283802562496116
                    ]
                },
                {
                    "type": "tuple",
                    "values": [
                        0.006466863452350001,
                        0.0054375964972848394
                    ]
                },
                {
                    "type": "tuple",
                    "values": [
                        0.00736143300515974,
                        0.008147473435227037
                    ]
                },
                {
                    "type": "tuple",
                    "values": [
                        0.008190622007599629,
                        0.009146735802452443
                    ]
                },
                {
                    "type": "tuple",
                    "values": [
                        0.007686784635548165,
                        0.00833912105732728
                    ]
                }
            ]
        },
        "log_evidence": -63.58286177647215,
        "median_pdf_sample": {
            "type": "instance",
            "class_path": "autofit.non_linear.samples.sample.Sample",
            "arguments": {
                "log_likelihood": -43.49744978549579,
                "log_prior": 0.0,
                "weight": 0.001011229718858766,
                "kwargs": {
                    "type": "dict",
                    "arguments": {
                        "ellipses.0.ell_comps.ell_comps_0": -0.09691730162539446,
                        "ellipses.0.ell_comps.ell_comps_1": -0.05635815795617116,
                        "multipoles.0.multipole_3.multipole_comps.multipole_comps_0": -0.00856746685425,
                        "multipoles.0.multipole_3.multipole_comps.multipole_comps_1": -0.004351853803047037,
                        "multipoles.0.multipole_4.multipole_comps.multipole_comps_0": -0.01128653003592,
                        "multipoles.0.multipole_4.multipole_comps.multipole_comps_1": -0.010679832348507896
                    }
                }
            }
        },
        "max_log_likelihood_sample": {
            "type": "instance",
            "class_path": "autofit.non_linear.samples.sample.Sample",
            "arguments": {
                "log_likelihood": -43.49744978549579,
                "log_prior": 0.0,
                "weight": 0.001011229718858766,
                "kwargs": {
                    "type": "dict",
                    "arguments": {
                        "ellipses.0.ell_comps.ell_comps_0": -0.09604487954588,
                        "ellipses.0.ell_comps.ell_comps_1": -0.05696412693949,
                        "multipoles.0.multipole_3.multipole_comps.multipole_comps_0": -0.00587018356364,
                        "multipoles.0.multipole_3.multipole_comps.multipole_comps_1": -0.00395375541572,
                        "multipoles.0.multipole_4.multipole_comps.multipole_comps_0": -0.00914652264068,
                        "multipoles.0.multipole_4.multipole_comps.multipole_comps_1": -0.01025802603125
                    }
                }
            }
        },
        "model": null,
        "errors_at_sigma_3": {
            "type": "list",
            "values": [
                {
                    "type": "tuple",
                    "values": [
                        0.009137866717265547,
                        0.007015149435644449
                    ]
                },
                {
                    "type": "tuple",
                    "values": [
                        0.009406893522530602,
                        0.008189334827308013
                    ]
                },
                {
                    "type": "tuple",
                    "values": [
                        0.018768730821092348,
                        0.01898823154096
                    ]
                },
                {
                    "type": "tuple",
                    "values": [
                        0.020292808145754335,
                        0.02144807993084737
                    ]
                },
                {
                    "type": "tuple",
                    "values": [
                        0.02405888869435,
                        0.02189675608288275
                    ]
                },
                {
                    "type": "tuple",
                    "values": [
                        0.022545366133332106,
                        0.021465494790517896
                    ]
                }
            ]
        },
        "values_at_sigma_1": {
            "type": "list",
            "values": [
                {
                    "type": "tuple",
                    "values": [
                        -0.09914549049319059,
                        -0.09452696086359
                    ]
                },
                {
                    "type": "tuple",
                    "values": [
                        -0.059198362097935574,
                        -0.05352013233121
                    ]
                },
                {
                    "type": "tuple",
                    "values": [
                        -0.0150343303066,
                        -0.0031298703569651604
                    ]
                },
                {
                    "type": "tuple",
                    "values": [
                        -0.011713286808206777,
                        0.00379561963218
                    ]
                },
                {
                    "type": "tuple",
                    "values": [
                        -0.01947715204351963,
                        -0.0021397942334675578
                    ]
                },
                {
                    "type": "tuple",
                    "values": [
                        -0.01836661698405606,
                        -0.0023407112911806157
                    ]
                }
            ]
        },
        "values_at_sigma_3": {
            "type": "list",
            "values": [
                {
                    "type": "tuple",
                    "values": [
                        -0.10605516834266,
                        -0.08990215218975
                    ]
                },
                {
                    "type": "tuple",
                    "values": [
                        -0.06576505147870176,
                        -0.04816882312886315
                    ]
                },
                {
                    "type": "tuple",
                    "values": [
                        -0.027336197675342348,
                        0.01042076468671
                    ]
                },
                {
                    "type": "tuple",
                    "values": [
                        -0.024644661948801373,
                        0.017096226127800332
                    ]
                },
                {
                    "type": "tuple",
                    "values": [
                        -0.03534541873027,
                        0.010610226046962748
                    ]
                },
                {
                    "type": "tuple",
                    "values": [
                        -0.03322519848184,
                        0.01078566244201
                    ]
                }
            ]
        }
    }
}