{
    "type": "instance",
    "class_path": "autofit.non_linear.samples.summary.SamplesSummary",
    "arguments": {
        "errors_at_sigma_1": {
            "type": "list",
            "values": [
                {
                    "type": "tuple",
                    "values": [
                        0.0030973552144253624,
                        0.0038257813918262523
                    ]
                },
                {
                    "type": "tuple",
                    "values": [
                        0.00332856330181161,
                        0.0031672489262772052
                    ]
                },
                {
                    "type": "tuple",
                    "values": [
                        0.0018175224302545909,
                        0.00178298322531963
                    ]
                },
                {
                    "type": "tuple",
                    "values": [
                        0.0018126871333563012,
                        0.00185366914125
                    ]
                },
                {
                    "type": "tuple",
                    "values": [
                        0.0018222478373619518,
                        0.0017580298985075521
                    ]
                },
                {
                    "type": "tuple",
                    "values": [
                        0.0022756574883186025,
                        0.002210092822932505
                    ]
                },
                {
                    "type": "tuple",
                    "values": [
                        0.0020484100225300005,
                        0.0019793937250031494
                    ]
                },
                {
                    "type": "tuple",
                    "values": [
                        0.0023838482576857027,
                        0.001995274361725308
                    ]
                }
            ]
        },
        "log_evidence": -46.75957584814169,
        "max_log_likelihood_sample": {
            "type": "instance",
            "class_path": "autofit.non_linear.samples.sample.Sample",
            "arguments": {
                "log_likelihood": -13.23863666453332,
                "log_prior": 0.0,
                "weight": 0.0010215741677523198,
                "kwargs": {
                    "type": "dict",
                    "arguments": {
                        "ellipses.0.ell_comps.ell_comps_0": -0.08454746754454,
                        "ellipses.0.ell_comps.ell_comps_1": 0.07522324760808,
                        "multipoles.0.multipole_1.multipole_comps.multipole_comps_0": -0.00190894123452,
                        "multipoles.0.multipole_1.multipole_comps.multipole_comps_1": -0.0040925909146,
                        "multipoles.0.multipole_3.multipole_comps.multipole_comps_0": -0.00072017778982,
                        "multipoles.0.multipole_3.multipole_comps.multipole_comps_1": 0.00180460661056,
                        "multipoles.0.multipole_4.multipole_comps.multipole_comps_0": -0.00288402389946,
                        "multipoles.0.multipole_4.multipole_comps.multipole_comps_1": 0.00402355874934
                    }
                }
            }
        },
        "values_at_sigma_3": {
            "type": "list",
            "values": [
                {
                    "type": "tuple",
                    "values": [
                        -0.09361303878903965,
                        -0.07500738560346475
                    ]
                },
                {
                    "type": "tuple",
                    "values": [
                        0.06564024061667106,
                        0.08513814899112
                    ]
                },
                {
                    "type": "tuple",
                    "values": [
                        -0.008948418163502232,
                        0.0024009683804776722
                    ]
                },
                {
                    "type": "tuple",
                    "values": [
                        -0.010307464817524961,
                        0.0006969537977687461
                    ]
                },
                {
                    "type": "tuple",
                    "values": [
                        -0.004076716323457397,
                        0.005253846072324254
                    ]
                },
                {
                    "type": "tuple",
                    "values": [
                        -0.003382860225624092,
                        0.008391544078922956
                    ]
                },
                {
                    "type": "tuple",
                    "values": [
                        -0.008246261195738177,
                        0.003938183888314829
                    ]
                },
                {
                    "type": "tuple",
                    "values": [
                        -0.002931997833488225,
                        0.010267712870675603
                    ]
                }
            ]
        },
        "model": null,
        "values_at_sigma_1": {
            "type": "list",
            "values": [
                {
                    "type": "tuple",
                    "values": [
                        -0.0878873893857561,
                        -0.08096425277950449
                    ]
                },
                {
                    "type": "tuple",
                    "values": [
                        0.07170393026259839,
                        0.0781997424906872
                    ]
                },
                {
                    "type": "tuple",
                    "values": [
                        -0.00468493272002,
                        -0.0010844270644457794
                    ]
                },
                {
                    "type": "tuple",
                    "values": [
                        -0.006511391425876301,
                        -0.00284503515127
                    ]
                },
                {
                    "type": "tuple",
                    "values": [
                        -0.0015911227021709819,
                        0.001989155033698522
                    ]
                },
                {
                    "type": "tuple",
                    "values": [
                        0.00021121329962,
                        0.004696963610871107
                    ]
                },
                {
                    "type": "tuple",
                    "values": [
                        -0.00420206032422,
                        -0.00017425657668685023
                    ]
                },
                {
                    "type": "tuple",
                    "values": [
                        0.0010984575166826194,
                        0.00547758013609363
                    ]
                }
            ]
        },
        "median_pdf_sample": {
            "type": "instance",
            "class_path": "autofit.non_linear.samples.sample.Sample",
            "arguments": {
                "log_likelihood": -13.23863666453332,
                "log_prior": 0.0,
                "weight": 0.0010215741677523198,
                "kwargs": {
                    "type": "dict",
                    "arguments": {
                        "ellipses.0.ell_comps.ell_comps_0": -0.08479003417133074,
                        "ellipses.0.ell_comps.ell_comps_1": 0.07503249356441,
                        "multipoles.0.multipole_1.multipole_comps.multipole_comps_0": -0.0028674102897654095,
                        "multipoles.0.multipole_1.multipole_comps.multipole_comps_1": -0.00469870429252,
                        "multipoles.0.multipole_3.multipole_comps.multipole_comps_0": 0.00023112513519096993,
                        "multipoles.0.multipole_3.multipole_comps.multipole_comps_1": 0.0024868707879386024,
                        "multipoles.0.multipole_4.multipole_comps.multipole_comps_0": -0.00215365030169,
                        "multipoles.0.multipole_4.multipole_comps.multipole_comps_1": 0.0034823057743683223
                    }
                }
            }
        },
        "errors_at_sigma_3": {
            "type": "list",
            "values": [
                {
                    "type": "tuple",
                    "values": [
                        0.008823004617708907,
                        0.009782648567865995
                    ]
                },
                {
                    "type": "tuple",
                    "values": [
                        0.009392252947738933,
                        0.010105655426710006
                    ]
                },
                {
                    "type": "tuple",
                    "values": [
                        0.006081007873736823,
                        0.005268378670243082
                    ]
                },
                {
                    "type": "tuple",
                    "values": [
                        0.005608760525004961,
                        0.005395658090288746
                    ]
                },
                {
                    "type": "tuple",
                    "values": [
                        0.004307841458648367,
                        0.005022720937133284
                    ]
                },
                {
                    "type": "tuple",
                    "values": [
                        0.005869731013562694,
                        0.005904673290984354
                    ]
                },
                {
                    "type": "tuple",
                    "values": [
                        0.0060926108940481775,
                        0.006091834190004829
                    ]
                },
                {
                    "type": "tuple",
                    "values": [
                        0.006414303607856548,
                        0.00678540709630728
                    ]
                }
            ]
        }
    }
}