{
    "type": "instance",
    "class_path": "autofit.non_linear.samples.summary.SamplesSummary",
    "arguments": {
        "errors_at_sigma_1": {
            "type": "list",
            "values": [
                {
                    "type": "tuple",
                    "values": [
                        0.0019016185206041161,
                        0.0020324062370293203
                    ]
                },
                {
                    "type": "tuple",
                    "values": [
                        0.0022363750179812195,
                        0.0018331986961864985
                    ]
                }
            ]
        },
        "errors_at_sigma_3": {
            "type": "list",
            "values": [
                {
                    "type": "tuple",
                    "values": [
                        0.005336014217559998,
                        0.005941842137291577
                    ]
                },
                {
                    "type": "tuple",
                    "values": [
                        0.006079433429115891,
                        0.006013351602716495
                    ]
                }
            ]
        },
        "max_log_likelihood_sample": {
            "type": "instance",
            "class_path": "autofit.non_linear.samples.sample.Sample",
            "arguments": {
                "log_likelihood": -18.554024864039924,
                "log_prior": 0.0,
                "weight": 0.0009782445558088589,
                "kwargs": {
                    "type": "dict",
                    "arguments": {
                        "ellipses.0.ell_comps.ell_comps_0": 0.04972754566488,
                        "ellipses.0.ell_comps.ell_comps_1": 0.05701481613407
                    }
                }
            }
        },
        "median_pdf_sample": {
            "type": "instance",
            "class_path": "autofit.non_linear.samples.sample.Sample",
            "arguments": {
                "log_likelihood": -18.554024864039924,
                "log_prior": 0.0,
                "weight": 0.0009782445558088589,
                "kwargs": {
                    "type": "dict",
                    "arguments": {
                        "ellipses.0.ell_comps.ell_comps_0": 0.04961771282403,
                        "ellipses.0.ell_comps.ell_comps_1": 0.0572981840224235
                    }
                }
            }
        },
        "values_at_sigma_1": {
            "type": "list",
            "values": [
                {
                    "type": "tuple",
                    "values": [
                        0.04771609430342588,
                        0.05165011906105932
                    ]
                },
                {
                    "type": "tuple",
                    "values": [
                        0.05506180900444228,
                        0.05913138271861
                    ]
                }
            ]
        },
        "values_at_sigma_3": {
            "type": "list",
            "values": [
                {
                    "type": "tuple",
                    "values": [
                        0.04428169860647,
                        0.055559554961321575
                    ]
                },
                {
                    "type": "tuple",
                    "values": [
                        0.05121875059330761,
                        0.06331153562514
                    ]
                }
            ]
        },
        "log_evidence": -29.258178519379083,
        "model": null
    }
}