{
    "type": "instance",
    "class_path": "autoarray.structures.grids.irregular_2d.Grid2DIrregular",
    "arguments": {
        "values": {
            "type": "ndarray",
            "array": [
                [
                    1.4500000000000002,
                    0.4
                ],
                [
                    -0.8500000000000001,
                    0.55
                ],
                [
                    -0.6000000000000001,
                    -0.8500000000000001
                ]
            ],
            "dtype": "float64"
        }
    }
}