{
    "type": "instance",
    "class_path": "autofit.non_linear.samples.summary.SamplesSummary",
    "arguments": {
        "errors_at_sigma_1": {
            "type": "list",
            "values": [
                {
                    "type": "tuple",
                    "values": [
                        0.0003519399633918523,
                        0.00036961181251814754
                    ]
                },
                {
                    "type": "tuple",
                    "values": [
                        0.0004794061526822441,
                        0.0004933077333920024
                    ]
                },
                {
                    "type": "tuple",
                    "values": [
                        0.0015677460848458752,
                        0.0015320671275760034
                    ]
                },
                {
                    "type": "tuple",
                    "values": [
                        0.001427410419586772,
                        0.0013778735449831714
                    ]
                },
                {
                    "type": "tuple",
                    "values": [
                        0.0005422754080957146,
                        0.00048087957549135317
                    ]
                },
                {
                    "type": "tuple",
                    "values": [
                        0.000444901429105522,
                        0.0004460309629197276
                    ]
                },
                {
                    "type": "tuple",
                    "values": [
                        0.0005804491270761173,
                        0.0005491141426914068
                    ]
                },
                {
                    "type": "tuple",
                    "values": [
                        0.0004604591630224515,
                        0.0004974080470175485
                    ]
                },
                {
                    "type": "tuple",
                    "values": [
                        0.0005147938270727854,
                        0.00045521484993584545
                    ]
                },
                {
                    "type": "tuple",
                    "values": [
                        0.0004920394614139373,
                        0.00042766127455606264
                    ]
                },
                {
                    "type": "tuple",
                    "values": [
                        0.001509478860242594,
                        0.001502939408579998
                    ]
                },
                {
                    "type": "tuple",
                    "values": [
                        0.0018901084747498728,
                        0.002026484947955619
                    ]
                },
                {
                    "type": "tuple",
                    "values": [
                        0.0018697288155500001,
                        0.001847518346581868
                    ]
                },
                {
                    "type": "tuple",
                    "values": [
                        0.0015722824555437565,
                        0.0016670725865666732
                    ]
                },
                {
                    "type": "tuple",
                    "values": [
                        0.0014069388961284058,
                        0.0014191870769170506
                    ]
                },
                {
                    "type": "tuple",
                    "values": [
                        0.0014772850484871757,
                        0.001110410470125342
                    ]
                },
                {
                    "type": "tuple",
                    "values": [
                        0.002328979451143461,
                        0.002416618189106068
                    ]
                },
                {
                    "type": "tuple",
                    "values": [
                        0.001585574503396572,
                        0.0015539424525800004
                    ]
                },
                {
                    "type": "tuple",
                    "values": [
                        0.0021636579260186917,
                        0.0020318571429398663
                    ]
                },
                {
                    "type": "tuple",
                    "values": [
                        0.0017998178357517824,
                        0.0016638149298385113
                    ]
                },
                {
                    "type": "tuple",
                    "values": [
                        0.0020748594831695114,
                        0.0021107145520355176
                    ]
                },
                {
                    "type": "tuple",
                    "values": [
                        0.003525088696441034,
                        0.003384163197830021
                    ]
                },
                {
                    "type": "tuple",
                    "values": [
                        0.0025556653191529527,
                        0.0025175626924253056
                    ]
                },
                {
                    "type": "tuple",
                    "values": [
                        0.0025051543363015186,
                        0.00248546981165154
                    ]
                },
                {
                    "type": "tuple",
                    "values": [
                        0.004124134046181609,
                        0.003579522082985131
                    ]
                },
                {
                    "type": "tuple",
                    "values": [
                        0.0020731046390813383,
                        0.0022671036407700003
                    ]
                },
                {
                    "type": "tuple",
                    "values": [
                        0.0013563889808831386,
                        0.00115989334206687
                    ]
                },
                {
                    "type": "tuple",
                    "values": [
                        0.0017686537794790874,
                        0.0016605937056899944
                    ]
                },
                {
                    "type": "tuple",
                    "values": [
                        0.004396473001829852,
                        0.003931178368862727
                    ]
                },
                {
                    "type": "tuple",
                    "values": [
                        0.00803937412351739,
                        0.006423433351880824
                    ]
                },
                {
                    "type": "tuple",
                    "values": [
                        0.0039904267759375885,
                        0.00335709929989032
                    ]
                },
                {
                    "type": "tuple",
                    "values": [
                        0.005609791715201589,
                        0.004871079640847706
                    ]
                },
                {
                    "type": "tuple",
                    "values": [
                        0.00393961383123656,
                        0.004059798565110004
                    ]
                },
                {
                    "type": "tuple",
                    "values": [
                        0.0028398539199071364,
                        0.0031586418477462935
                    ]
                },
                {
                    "type": "tuple",
                    "values": [
                        0.001322610558042836,
                        0.003410919019784353
                    ]
                },
                {
                    "type": "tuple",
                    "values": [
                        0.000774188777823287,
                        0.001047201536505643
                    ]
                },
                {
                    "type": "tuple",
                    "values": [
                        0.004277479452599483,
                        0.004177741863521673
                    ]
                },
                {
                    "type": "tuple",
                    "values": [
                        0.007885921272403349,
                        0.006827170891399999
                    ]
                },
                {
                    "type": "tuple",
                    "values": [
                        0.005731179984049997,
                        0.00496402755073857
                    ]
                },
                {
                    "type": "tuple",
                    "values": [
                        0.0038750733833703447,
                        0.0041499894530161825
                    ]
                },
                {
                    "type": "tuple",
                    "values": [
                        0.003751888465626546,
                        0.004115667211346374
                    ]
                },
                {
                    "type": "tuple",
                    "values": [
                        0.004336038234592235,
                        0.005569270891057507
                    ]
                }
            ]
        },
        "median_pdf_sample": {
            "type": "instance",
            "class_path": "autofit.non_linear.samples.sample.Sample",
            "arguments": {
                "log_likelihood": -244.78992967306596,
                "log_prior": 0.0,
                "weight": 0.000965661600603902,
                "kwargs": {
                    "type": "dict",
                    "arguments": {
                        "ellipses.ellipse_4.centre.centre_0": 0.0013584394078318524,
                        "ellipses.ellipse_4.centre.centre_1": 0.00013059440657224412,
                        "ellipses.ellipse_0.ell_comps.ell_comps_0": 0.040063865222983996,
                        "ellipses.ellipse_0.ell_comps.ell_comps_1": 0.04703815424419683,
                        "multipoles.0.multipole_1.multipole_comps.multipole_comps_0": 0.0006787850244357146,
                        "multipoles.0.multipole_1.multipole_comps.multipole_comps_1": 0.00013137975046,
                        "multipoles.0.multipole_3.multipole_comps.multipole_comps_0": 0.00010241586882611737,
                        "multipoles.0.multipole_3.multipole_comps.multipole_comps_1": 0.00028758016223245155,
                        "multipoles.0.multipole_4.multipole_comps.multipole_comps_0": 0.0017128645256941546,
                        "multipoles.0.multipole_4.multipole_comps.multipole_comps_1": 0.00043146644421393737,
                        "ellipses.ellipse_1.ell_comps.ell_comps_0": 0.0425611814258,
                        "ellipses.ellipse_1.ell_comps.ell_comps_1": 0.05248981170915587,
                        "multipoles.1.multipole_1.multipole_comps.multipole_comps_0": 0.00237184023653,
                        "multipoles.1.multipole_1.multipole_comps.multipole_comps_1": 0.0018423775566533268,
                        "multipoles.1.multipole_3.multipole_comps.multipole_comps_0": -0.0005776010156115942,
                        "multipoles.1.multipole_3.multipole_comps.multipole_comps_1": 0.0005024604838646582,
                        "multipoles.1.multipole_4.multipole_comps.multipole_comps_0": -0.00343456942051,
                        "multipoles.1.multipole_4.multipole_comps.multipole_comps_1": 0.00941491747039,
                        "ellipses.ellipse_2.ell_comps.ell_comps_0": 0.06604117114846869,
                        "ellipses.ellipse_2.ell_comps.ell_comps_1": 0.10180844993441149,
                        "multipoles.2.multipole_1.multipole_comps.multipole_comps_0": -0.015297856408139463,
                        "multipoles.2.multipole_1.multipole_comps.multipole_comps_1": -0.003778783960968966,
                        "multipoles.2.multipole_3.multipole_comps.multipole_comps_0": -0.021707797913895113,
                        "multipoles.2.multipole_3.multipole_comps.multipole_comps_1": -0.01497775401419848,
                        "multipoles.2.multipole_4.multipole_comps.multipole_comps_0": 0.024450239973354868,
                        "multipoles.2.multipole_4.multipole_comps.multipole_comps_1": -0.00436561909123,
                        "ellipses.ellipse_3.ell_comps.ell_comps_0": 0.08118059831117314,
                        "ellipses.ellipse_3.ell_comps.ell_comps_1": 0.10734572504429,
                        "multipoles.3.multipole_1.multipole_comps.multipole_comps_0": 0.00912120139116,
                        "multipoles.3.multipole_1.multipole_comps.multipole_comps_1": 0.014288112008087389,
                        "multipoles.3.multipole_3.multipole_comps.multipole_comps_0": 0.002964357703437365,
                        "multipoles.3.multipole_3.multipole_comps.multipole_comps_1": 0.0009055018601915891,
                        "multipoles.3.multipole_4.multipole_comps.multipole_comps_0": -0.028784264636740005,
                        "multipoles.3.multipole_4.multipole_comps.multipole_comps_1": 0.027195677571200772,
                        "ellipses.ellipse_4.ell_comps.ell_comps_0": 0.09758327641018,
                        "ellipses.ellipse_4.ell_comps.ell_comps_1": 0.11729941395733304,
                        "multipoles.4.multipole_1.multipole_comps.multipole_comps_0": -0.006107408874965891,
                        "multipoles.4.multipole_1.multipole_comps.multipole_comps_1": 0.01173714967262,
                        "multipoles.4.multipole_3.multipole_comps.multipole_comps_0": -0.01864142050218,
                        "multipoles.4.multipole_3.multipole_comps.multipole_comps_1": -0.0045924029680296545,
                        "multipoles.4.multipole_4.multipole_comps.multipole_comps_0": -0.03970701841322345,
                        "multipoles.4.multipole_4.multipole_comps.multipole_comps_1": -0.03295168458591
                    }
                }
            }
        },
        "values_at_sigma_3": {
            "type": "list",
            "values": [
                {
                    "type": "tuple",
                    "values": [
                        0.00026034564554,
                        0.00235496565561006
                    ]
                },
                {
                    "type": "tuple",
                    "values": [
                        -0.00131131527894,
                        0.0013539392370733123
                    ]
                },
                {
                    "type": "tuple",
                    "values": [
                        0.03599556913951071,
                        0.04444811242968519
                    ]
                },
                {
                    "type": "tuple",
                    "values": [
                        0.04318081084953,
                        0.05150951734372
                    ]
                },
                {
                    "type": "tuple",
                    "values": [
                        -0.0011341455628476273,
                        0.00220883524251
                    ]
                },
                {
                    "type": "tuple",
                    "values": [
                        -0.00116607991389,
                        0.0015591193017415452
                    ]
                },
                {
                    "type": "tuple",
                    "values": [
                        -0.0016675921744621364,
                        0.0016981641695873312
                    ]
                },
                {
                    "type": "tuple",
                    "values": [
                        -0.00117744274663642,
                        0.00182460950263
                    ]
                },
                {
                    "type": "tuple",
                    "values": [
                        0.0002065144002,
                        0.0030114079184
                    ]
                },
                {
                    "type": "tuple",
                    "values": [
                        -0.00108525644936,
                        0.0016402902569747312
                    ]
                },
                {
                    "type": "tuple",
                    "values": [
                        0.03721200936052572,
                        0.04753847769522176
                    ]
                },
                {
                    "type": "tuple",
                    "values": [
                        0.0464928141314272,
                        0.05857337638913
                    ]
                },
                {
                    "type": "tuple",
                    "values": [
                        -0.0036444956221380795,
                        0.00780035028568282
                    ]
                },
                {
                    "type": "tuple",
                    "values": [
                        -0.0030533460650755922,
                        0.007617452285063335
                    ]
                },
                {
                    "type": "tuple",
                    "values": [
                        -0.00474018820601,
                        0.0038174352066614645
                    ]
                },
                {
                    "type": "tuple",
                    "values": [
                        -0.005388771544508483,
                        0.00410724988832
                    ]
                },
                {
                    "type": "tuple",
                    "values": [
                        -0.010423551865551125,
                        0.00462954127284
                    ]
                },
                {
                    "type": "tuple",
                    "values": [
                        0.00486489075024,
                        0.01390493859697
                    ]
                },
                {
                    "type": "tuple",
                    "values": [
                        0.05958540282217,
                        0.07258523143554
                    ]
                },
                {
                    "type": "tuple",
                    "values": [
                        0.09650419653277,
                        0.10651510295788
                    ]
                },
                {
                    "type": "tuple",
                    "values": [
                        -0.02387323696836,
                        -0.008385799413291567
                    ]
                },
                {
                    "type": "tuple",
                    "values": [
                        -0.013470548095693948,
                        0.006743199840454894
                    ]
                },
                {
                    "type": "tuple",
                    "values": [
                        -0.03108674092957,
                        -0.014985416726524146
                    ]
                },
                {
                    "type": "tuple",
                    "values": [
                        -0.02368340516637661,
                        -0.007825449801685
                    ]
                },
                {
                    "type": "tuple",
                    "values": [
                        0.01377835815288,
                        0.03413249575168
                    ]
                },
                {
                    "type": "tuple",
                    "values": [
                        -0.01322085134046,
                        0.00201455249597714
                    ]
                },
                {
                    "type": "tuple",
                    "values": [
                        0.07707107619221511,
                        0.0848617007756524
                    ]
                },
                {
                    "type": "tuple",
                    "values": [
                        0.10193472533392,
                        0.11155601809718
                    ]
                },
                {
                    "type": "tuple",
                    "values": [
                        -0.00229523724783,
                        0.0233354856943
                    ]
                },
                {
                    "type": "tuple",
                    "values": [
                        -0.00670971209494207,
                        0.033151546183926114
                    ]
                },
                {
                    "type": "tuple",
                    "values": [
                        -0.010766154245649607,
                        0.013911085686384394
                    ]
                },
                {
                    "type": "tuple",
                    "values": [
                        -0.01572850306769831,
                        0.014454198215454545
                    ]
                },
                {
                    "type": "tuple",
                    "values": [
                        -0.03832796823914273,
                        -0.01675613894552
                    ]
                },
                {
                    "type": "tuple",
                    "values": [
                        0.02001997340441,
                        0.03548429349817
                    ]
                },
                {
                    "type": "tuple",
                    "values": [
                        0.09310031552924,
                        0.10367925173181816
                    ]
                },
                {
                    "type": "tuple",
                    "values": [
                        0.11429293727030357,
                        0.12025703384781176
                    ]
                },
                {
                    "type": "tuple",
                    "values": [
                        -0.01975157965314,
                        0.00566019529535
                    ]
                },
                {
                    "type": "tuple",
                    "values": [
                        -0.004730433394890008,
                        0.03234667722205733
                    ]
                },
                {
                    "type": "tuple",
                    "values": [
                        -0.040998150621546,
                        -0.0021285782420788816
                    ]
                },
                {
                    "type": "tuple",
                    "values": [
                        -0.017404365514888897,
                        0.0064698158328228795
                    ]
                },
                {
                    "type": "tuple",
                    "values": [
                        -0.05230912690175575,
                        -0.02712787986757046
                    ]
                },
                {
                    "type": "tuple",
                    "values": [
                        -0.04457885591032843,
                        -0.01821381873836
                    ]
                }
            ]
        },
        "model": null,
        "log_evidence": -352.01402997830326,
        "errors_at_sigma_3": {
            "type": "list",
            "values": [
                {
                    "type": "tuple",
                    "values": [
                        0.0010980937622918523,
                        0.0009965262477782074
                    ]
                },
                {
                    "type": "tuple",
                    "values": [
                        0.001441909685512244,
                        0.0012233448305010682
                    ]
                },
                {
                    "type": "tuple",
                    "values": [
                        0.00406829608347329,
                        0.004384247206701192
                    ]
                },
                {
                    "type": "tuple",
                    "values": [
                        0.003857343394666826,
                        0.0044713630995231735
                    ]
                },
                {
                    "type": "tuple",
                    "values": [
                        0.0018129305872833419,
                        0.0015300502180742854
                    ]
                },
                {
                    "type": "tuple",
                    "values": [
                        0.0012974596643499999,
                        0.0014277395512815453
                    ]
                },
                {
                    "type": "tuple",
                    "values": [
                        0.0017700080432882538,
                        0.0015957483007612138
                    ]
                },
                {
                    "type": "tuple",
                    "values": [
                        0.0014650229088688715,
                        0.0015370293403975483
                    ]
                },
                {
                    "type": "tuple",
                    "values": [
                        0.0015063501254941546,
                        0.0012985433927058454
                    ]
                },
                {
                    "type": "tuple",
                    "values": [
                        0.0015167228935739374,
                        0.001208823812760794
                    ]
                },
                {
                    "type": "tuple",
                    "values": [
                        0.005349172065274285,
                        0.004977296269421755
                    ]
                },
                {
                    "type": "tuple",
                    "values": [
                        0.005996997577728667,
                        0.006083564679974132
                    ]
                },
                {
                    "type": "tuple",
                    "values": [
                        0.00601633585866808,
                        0.00542851004915282
                    ]
                },
                {
                    "type": "tuple",
                    "values": [
                        0.0048957236217289195,
                        0.005775074728410008
                    ]
                },
                {
                    "type": "tuple",
                    "values": [
                        0.004162587190398406,
                        0.004395036222273059
                    ]
                },
                {
                    "type": "tuple",
                    "values": [
                        0.005891232028373141,
                        0.0036047894044553422
                    ]
                },
                {
                    "type": "tuple",
                    "values": [
                        0.006988982445041125,
                        0.00806411069335
                    ]
                },
                {
                    "type": "tuple",
                    "values": [
                        0.00455002672015,
                        0.00449002112658
                    ]
                },
                {
                    "type": "tuple",
                    "values": [
                        0.00645576832629869,
                        0.0065440602870713155
                    ]
                },
                {
                    "type": "tuple",
                    "values": [
                        0.005304253401641493,
                        0.00470665302346851
                    ]
                },
                {
                    "type": "tuple",
                    "values": [
                        0.008575380560220535,
                        0.0069120569948478965
                    ]
                },
                {
                    "type": "tuple",
                    "values": [
                        0.009691764134724983,
                        0.01052198380142386
                    ]
                },
                {
                    "type": "tuple",
                    "values": [
                        0.009378943015674886,
                        0.006722381187370967
                    ]
                },
                {
                    "type": "tuple",
                    "values": [
                        0.008705651152178131,
                        0.007152304212513481
                    ]
                },
                {
                    "type": "tuple",
                    "values": [
                        0.010671881820474868,
                        0.009682255778325134
                    ]
                },
                {
                    "type": "tuple",
                    "values": [
                        0.008855232249229999,
                        0.006380171587207141
                    ]
                },
                {
                    "type": "tuple",
                    "values": [
                        0.004109522118958028,
                        0.003681102464479266
                    ]
                },
                {
                    "type": "tuple",
                    "values": [
                        0.005410999710369999,
                        0.004210293052889988
                    ]
                },
                {
                    "type": "tuple",
                    "values": [
                        0.011416438638989999,
                        0.01421428430314
                    ]
                },
                {
                    "type": "tuple",
                    "values": [
                        0.020997824103029458,
                        0.018863434175838724
                    ]
                },
                {
                    "type": "tuple",
                    "values": [
                        0.013730511949086971,
                        0.01094672798294703
                    ]
                },
                {
                    "type": "tuple",
                    "values": [
                        0.016634004927889898,
                        0.013548696355262955
                    ]
                },
                {
                    "type": "tuple",
                    "values": [
                        0.009543703602402726,
                        0.012028125691220005
                    ]
                },
                {
                    "type": "tuple",
                    "values": [
                        0.007175704166790774,
                        0.008288615926969226
                    ]
                },
                {
                    "type": "tuple",
                    "values": [
                        0.004482960880939996,
                        0.006095975321638164
                    ]
                },
                {
                    "type": "tuple",
                    "values": [
                        0.003006476687029469,
                        0.002957619890478727
                    ]
                },
                {
                    "type": "tuple",
                    "values": [
                        0.013644170778174107,
                        0.01176760417031589
                    ]
                },
                {
                    "type": "tuple",
                    "values": [
                        0.01646758306751001,
                        0.020609527549437328
                    ]
                },
                {
                    "type": "tuple",
                    "values": [
                        0.022356730119365998,
                        0.01651284226010112
                    ]
                },
                {
                    "type": "tuple",
                    "values": [
                        0.012811962546859242,
                        0.011062218800852534
                    ]
                },
                {
                    "type": "tuple",
                    "values": [
                        0.012602108488532299,
                        0.012579138545652992
                    ]
                },
                {
                    "type": "tuple",
                    "values": [
                        0.011627171324418428,
                        0.014737865847550002
                    ]
                }
            ]
        },
        "max_log_likelihood_sample": {
            "type": "instance",
            "class_path": "autofit.non_linear.samples.sample.Sample",
            "arguments": {
                "log_likelihood": -244.78992967306596,
                "log_prior": 0.0,
                "weight": 0.000965661600603902,
                "kwargs": {
                    "type": "dict",
                    "arguments": {
                        "ellipses.ellipse_4.centre.centre_0": 0.00125471046915,
                        "ellipses.ellipse_4.centre.centre_1": 0.00068301342979,
                        "ellipses.ellipse_0.ell_comps.ell_comps_0": 0.04023397301007,
                        "ellipses.ellipse_0.ell_comps.ell_comps_1": 0.04742099530034,
                        "multipoles.0.multipole_1.multipole_comps.multipole_comps_0": 0.00080690349655,
                        "multipoles.0.multipole_1.multipole_comps.multipole_comps_1": -0.00052435642746,
                        "multipoles.0.multipole_3.multipole_comps.multipole_comps_0": 0.00016446441572,
                        "multipoles.0.multipole_3.multipole_comps.multipole_comps_1": 0.00066355073182,
                        "multipoles.0.multipole_4.multipole_comps.multipole_comps_0": 0.00163891900442,
                        "multipoles.0.multipole_4.multipole_comps.multipole_comps_1": 0.00057006900264,
                        "ellipses.ellipse_1.ell_comps.ell_comps_0": 0.04297043864026,
                        "ellipses.ellipse_1.ell_comps.ell_comps_1": 0.05173827303839,
                        "multipoles.1.multipole_1.multipole_comps.multipole_comps_0": 0.00350068277416,
                        "multipoles.1.multipole_1.multipole_comps.multipole_comps_1": 0.00152422775086,
                        "multipoles.1.multipole_3.multipole_comps.multipole_comps_0": -0.00021169874514,
                        "multipoles.1.multipole_3.multipole_comps.multipole_comps_1": 0.00232471384165,
                        "multipoles.1.multipole_4.multipole_comps.multipole_comps_0": -0.00481422046077,
                        "multipoles.1.multipole_4.multipole_comps.multipole_comps_1": 0.0092661259843,
                        "ellipses.ellipse_2.ell_comps.ell_comps_0": 0.06488324585243,
                        "ellipses.ellipse_2.ell_comps.ell_comps_1": 0.10182157924211,
                        "multipoles.2.multipole_1.multipole_comps.multipole_comps_0": -0.01293416271613,
                        "multipoles.2.multipole_1.multipole_comps.multipole_comps_1": -0.00728187798158,
                        "multipoles.2.multipole_3.multipole_comps.multipole_comps_0": -0.01895151858657,
                        "multipoles.2.multipole_3.multipole_comps.multipole_comps_1": -0.01304820056467,
                        "multipoles.2.multipole_4.multipole_comps.multipole_comps_0": 0.02579857887644,
                        "multipoles.2.multipole_4.multipole_comps.multipole_comps_1": -0.00477002840405,
                        "ellipses.ellipse_3.ell_comps.ell_comps_0": 0.0817387828201,
                        "ellipses.ellipse_3.ell_comps.ell_comps_1": 0.10818457766968,
                        "multipoles.3.multipole_1.multipole_comps.multipole_comps_0": 0.00770067743087,
                        "multipoles.3.multipole_1.multipole_comps.multipole_comps_1": 0.02199634320652,
                        "multipoles.3.multipole_3.multipole_comps.multipole_comps_0": 0.00294520252476,
                        "multipoles.3.multipole_3.multipole_comps.multipole_comps_1": 0.01004214074038,
                        "multipoles.3.multipole_4.multipole_comps.multipole_comps_0": -0.03578729836062,
                        "multipoles.3.multipole_4.multipole_comps.multipole_comps_1": 0.02605517830493,
                        "ellipses.ellipse_4.ell_comps.ell_comps_0": 0.09976047682533,
                        "ellipses.ellipse_4.ell_comps.ell_comps_1": 0.11765452532898,
                        "multipoles.4.multipole_1.multipole_comps.multipole_comps_0": -0.0019151083144,
                        "multipoles.4.multipole_1.multipole_comps.multipole_comps_1": 0.00982752398876,
                        "multipoles.4.multipole_3.multipole_comps.multipole_comps_0": -0.01728322464951,
                        "multipoles.4.multipole_3.multipole_comps.multipole_comps_1": 0.00115800000538,
                        "multipoles.4.multipole_4.multipole_comps.multipole_comps_0": -0.03423082459638,
                        "multipoles.4.multipole_4.multipole_comps.multipole_comps_1": -0.04107955148678
                    }
                }
            }
        },
        "values_at_sigma_1": {
            "type": "list",
            "values": [
                {
                    "type": "tuple",
                    "values": [
                        0.00100649944444,
                        0.00172805122035
                    ]
                },
                {
                    "type": "tuple",
                    "values": [
                        -0.00034881174611,
                        0.0006239021399642465
                    ]
                },
                {
                    "type": "tuple",
                    "values": [
                        0.03849611913813812,
                        0.04159593235056
                    ]
                },
                {
                    "type": "tuple",
                    "values": [
                        0.045610743824610056,
                        0.04841602778918
                    ]
                },
                {
                    "type": "tuple",
                    "values": [
                        0.00013650961634,
                        0.0011596645999270678
                    ]
                },
                {
                    "type": "tuple",
                    "values": [
                        -0.000313521678645522,
                        0.0005774107133797276
                    ]
                },
                {
                    "type": "tuple",
                    "values": [
                        -0.00047803325825,
                        0.0006515300115175242
                    ]
                },
                {
                    "type": "tuple",
                    "values": [
                        -0.00017287900079,
                        0.00078498820925
                    ]
                },
                {
                    "type": "tuple",
                    "values": [
                        0.0011980706986213692,
                        0.00216807937563
                    ]
                },
                {
                    "type": "tuple",
                    "values": [
                        -6.05730172e-05,
                        0.00085912771877
                    ]
                },
                {
                    "type": "tuple",
                    "values": [
                        0.04105170256555741,
                        0.04406412083438
                    ]
                },
                {
                    "type": "tuple",
                    "values": [
                        0.050599703234406,
                        0.05451629665711149
                    ]
                },
                {
                    "type": "tuple",
                    "values": [
                        0.00050211142098,
                        0.004219358583111868
                    ]
                },
                {
                    "type": "tuple",
                    "values": [
                        0.00027009510110957035,
                        0.00350945014322
                    ]
                },
                {
                    "type": "tuple",
                    "values": [
                        -0.00198453991174,
                        0.0008415860613054562
                    ]
                },
                {
                    "type": "tuple",
                    "values": [
                        -0.0009748245646225176,
                        0.00161287095399
                    ]
                },
                {
                    "type": "tuple",
                    "values": [
                        -0.005763548871653461,
                        -0.0010179512314039318
                    ]
                },
                {
                    "type": "tuple",
                    "values": [
                        0.007829342966993428,
                        0.01096885992297
                    ]
                },
                {
                    "type": "tuple",
                    "values": [
                        0.06387751322245,
                        0.06807302829140856
                    ]
                },
                {
                    "type": "tuple",
                    "values": [
                        0.1000086320986597,
                        0.10347226486425
                    ]
                },
                {
                    "type": "tuple",
                    "values": [
                        -0.017372715891308975,
                        -0.013187141856103946
                    ]
                },
                {
                    "type": "tuple",
                    "values": [
                        -0.00730387265741,
                        -0.00039462076313894476
                    ]
                },
                {
                    "type": "tuple",
                    "values": [
                        -0.024263463233048066,
                        -0.019190235221469808
                    ]
                },
                {
                    "type": "tuple",
                    "values": [
                        -0.0174829083505,
                        -0.01249228420254694
                    ]
                },
                {
                    "type": "tuple",
                    "values": [
                        0.02032610592717326,
                        0.02802976205634
                    ]
                },
                {
                    "type": "tuple",
                    "values": [
                        -0.006438723730311339,
                        -0.00209851545046
                    ]
                },
                {
                    "type": "tuple",
                    "values": [
                        0.07982420933029,
                        0.08234049165324
                    ]
                },
                {
                    "type": "tuple",
                    "values": [
                        0.10557707126481092,
                        0.10900631874998
                    ]
                },
                {
                    "type": "tuple",
                    "values": [
                        0.004724728389330147,
                        0.013052379760022726
                    ]
                },
                {
                    "type": "tuple",
                    "values": [
                        0.00624873788457,
                        0.020711545359968213
                    ]
                },
                {
                    "type": "tuple",
                    "values": [
                        -0.0010260690725002232,
                        0.006321457003327685
                    ]
                },
                {
                    "type": "tuple",
                    "values": [
                        -0.00470428985501,
                        0.005776581501039295
                    ]
                },
                {
                    "type": "tuple",
                    "values": [
                        -0.032723878467976565,
                        -0.02472446607163
                    ]
                },
                {
                    "type": "tuple",
                    "values": [
                        0.024355823651293636,
                        0.030354319418947066
                    ]
                },
                {
                    "type": "tuple",
                    "values": [
                        0.09626066585213716,
                        0.10099419542996435
                    ]
                },
                {
                    "type": "tuple",
                    "values": [
                        0.11652522517950975,
                        0.11834661549383868
                    ]
                },
                {
                    "type": "tuple",
                    "values": [
                        -0.010384888327565374,
                        -0.0019296670114442185
                    ]
                },
                {
                    "type": "tuple",
                    "values": [
                        0.0038512284002166514,
                        0.01856432056402
                    ]
                },
                {
                    "type": "tuple",
                    "values": [
                        -0.02437260048623,
                        -0.013677392951441431
                    ]
                },
                {
                    "type": "tuple",
                    "values": [
                        -0.0084674763514,
                        -0.0004424135150134716
                    ]
                },
                {
                    "type": "tuple",
                    "values": [
                        -0.04345890687885,
                        -0.03559135120187708
                    ]
                },
                {
                    "type": "tuple",
                    "values": [
                        -0.03728772282050224,
                        -0.027382413694852496
                    ]
                }
            ]
        }
    }
}