{
    "type": "instance",
    "class_path": "autofit.non_linear.samples.summary.SamplesSummary",
    "arguments": {
        "values_at_sigma_1": {
            "type": "list",
            "values": [
                {
                    "type": "tuple",
                    "values": [
                        -0.27662592934973,
                        -0.26602169059639497
                    ]
                },
                {
                    "type": "tuple",
                    "values": [
                        -0.09445439302972818,
                        -0.07235408614540435
                    ]
                },
                {
                    "type": "tuple",
                    "values": [
                        -0.02200134310252,
                        0.007474515699887598
                    ]
                },
                {
                    "type": "tuple",
                    "values": [
                        -0.02002562099575,
                        0.006929239639567596
                    ]
                },
                {
                    "type": "tuple",
                    "values": [
                        -0.0730635096955311,
                        -0.002892380803161914
                    ]
                },
                {
                    "type": "tuple",
                    "values": [
                        -0.01305453067997,
                        0.026099194204892137
                    ]
                }
            ]
        },
        "errors_at_sigma_1": {
            "type": "list",
            "values": [
                {
                    "type": "tuple",
                    "values": [
                        0.003853045669400035,
                        0.006751193083935014
                    ]
                },
                {
                    "type": "tuple",
                    "values": [
                        0.003922621754308173,
                        0.01817768513001565
                    ]
                },
                {
                    "type": "tuple",
                    "values": [
                        0.01179586911388,
                        0.017679989688527596
                    ]
                },
                {
                    "type": "tuple",
                    "values": [
                        0.012775564210380001,
                        0.014179296424937596
                    ]
                },
                {
                    "type": "tuple",
                    "values": [
                        0.012546809835909382,
                        0.05762431905645981
                    ]
                },
                {
                    "type": "tuple",
                    "values": [
                        0.02151781257651,
                        0.01763591230835214
                    ]
                }
            ]
        },
        "median_pdf_sample": {
            "type": "instance",
            "class_path": "autofit.non_linear.samples.sample.Sample",
            "arguments": {
                "log_likelihood": -74.21779511235638,
                "log_prior": 0.0,
                "weight": 0.0010202678015818697,
                "kwargs": {
                    "type": "dict",
                    "arguments": {
                        "ellipses.0.ell_comps.ell_comps_0": -0.27277288368033,
                        "ellipses.0.ell_comps.ell_comps_1": -0.09053177127542,
                        "multipoles.0.multipole_3.multipole_comps.multipole_comps_0": -0.01020547398864,
                        "multipoles.0.multipole_3.multipole_comps.multipole_comps_1": -0.00725005678537,
                        "multipoles.0.multipole_4.multipole_comps.multipole_comps_0": -0.06051669985962172,
                        "multipoles.0.multipole_4.multipole_comps.multipole_comps_1": 0.00846328189654
                    }
                }
            }
        },
        "values_at_sigma_3": {
            "type": "list",
            "values": [
                {
                    "type": "tuple",
                    "values": [
                        -0.2809858920045717,
                        -0.25868907195308
                    ]
                },
                {
                    "type": "tuple",
                    "values": [
                        -0.09940141570349864,
                        -0.06457475502557
                    ]
                },
                {
                    "type": "tuple",
                    "values": [
                        -0.044554973460809257,
                        0.04370191130143913
                    ]
                },
                {
                    "type": "tuple",
                    "values": [
                        -0.04822366366827688,
                        0.03014278027989807
                    ]
                },
                {
                    "type": "tuple",
                    "values": [
                        -0.09066645632068,
                        0.056212976850462726
                    ]
                },
                {
                    "type": "tuple",
                    "values": [
                        -0.04674817158981,
                        0.05418238786863854
                    ]
                }
            ]
        },
        "errors_at_sigma_3": {
            "type": "list",
            "values": [
                {
                    "type": "tuple",
                    "values": [
                        0.00821300832424171,
                        0.014083811727249984
                    ]
                },
                {
                    "type": "tuple",
                    "values": [
                        0.008869644428078638,
                        0.02595701624985
                    ]
                },
                {
                    "type": "tuple",
                    "values": [
                        0.034349499472169254,
                        0.05390738529007913
                    ]
                },
                {
                    "type": "tuple",
                    "values": [
                        0.040973606882906875,
                        0.037392837065268074
                    ]
                },
                {
                    "type": "tuple",
                    "values": [
                        0.03014975646105828,
                        0.11672967671008444
                    ]
                },
                {
                    "type": "tuple",
                    "values": [
                        0.055211453486349996,
                        0.045719105972098543
                    ]
                }
            ]
        },
        "model": null,
        "max_log_likelihood_sample": {
            "type": "instance",
            "class_path": "autofit.non_linear.samples.sample.Sample",
            "arguments": {
                "log_likelihood": -74.21779511235638,
                "log_prior": 0.0,
                "weight": 0.0010202678015818697,
                "kwargs": {
                    "type": "dict",
                    "arguments": {
                        "ellipses.0.ell_comps.ell_comps_0": -0.27639453094209,
                        "ellipses.0.ell_comps.ell_comps_1": -0.09326802581855,
                        "multipoles.0.multipole_3.multipole_comps.multipole_comps_0": -0.01659849844943,
                        "multipoles.0.multipole_3.multipole_comps.multipole_comps_1": -0.00668953896868,
                        "multipoles.0.multipole_4.multipole_comps.multipole_comps_0": -0.06786607824845,
                        "multipoles.0.multipole_4.multipole_comps.multipole_comps_1": 0.02266061290328
                    }
                }
            }
        },
        "log_evidence": -92.53047644917302
    }
}