{
    "type": "instance",
    "class_path": "autofit.non_linear.samples.summary.SamplesSummary",
    "arguments": {
        "values_at_sigma_3": {
            "type": "list",
            "values": [
                {
                    "type": "tuple",
                    "values": [
                        -0.037963594939807714,
                        0.01288220689154
                    ]
                },
                {
                    "type": "tuple",
                    "values": [
                        -0.07190530398422,
                        -0.024483116985690768
                    ]
                },
                {
                    "type": "tuple",
                    "values": [
                        -0.07858478859940926,
                        0.035609903271779424
                    ]
                },
                {
                    "type": "tuple",
                    "values": [
                        -0.05010421742542,
                        0.05110870855843
                    ]
                },
                {
                    "type": "tuple",
                    "values": [
                        -0.07249628338995,
                        0.07484482549194173
                    ]
                },
                {
                    "type": "tuple",
                    "values": [
                        -0.06982818501501246,
                        0.08195636266793
                    ]
                }
            ]
        },
        "values_at_sigma_1": {
            "type": "list",
            "values": [
                {
                    "type": "tuple",
                    "values": [
                        -0.021377011023677395,
                        -0.007942041534575683
                    ]
                },
                {
                    "type": "tuple",
                    "values": [
                        -0.05743682765056,
                        -0.04479802556256318
                    ]
                },
                {
                    "type": "tuple",
                    "values": [
                        -0.047386761785186866,
                        -0.01267023751006
                    ]
                },
                {
                    "type": "tuple",
                    "values": [
                        -0.00576257336407,
                        0.02642386789257047
                    ]
                },
                {
                    "type": "tuple",
                    "values": [
                        -0.03358259463085,
                        0.015757080662132578
                    ]
                },
                {
                    "type": "tuple",
                    "values": [
                        0.00040173598578351077,
                        0.02507665768006
                    ]
                }
            ]
        },
        "errors_at_sigma_3": {
            "type": "list",
            "values": [
                {
                    "type": "tuple",
                    "values": [
                        0.024820232428287736,
                        0.02602556940305998
                    ]
                },
                {
                    "type": "tuple",
                    "values": [
                        0.019327148605188617,
                        0.028095038393340616
                    ]
                },
                {
                    "type": "tuple",
                    "values": [
                        0.04712244550412822,
                        0.06707224636706047
                    ]
                },
                {
                    "type": "tuple",
                    "values": [
                        0.06208335955874537,
                        0.03912956642510463
                    ]
                },
                {
                    "type": "tuple",
                    "values": [
                        0.0646457314151069,
                        0.08269537746678482
                    ]
                },
                {
                    "type": "tuple",
                    "values": [
                        0.08372415727533246,
                        0.06806039040761
                    ]
                }
            ]
        },
        "model": null,
        "errors_at_sigma_1": {
            "type": "list",
            "values": [
                {
                    "type": "tuple",
                    "values": [
                        0.008233648512157417,
                        0.005201320976944295
                    ]
                },
                {
                    "type": "tuple",
                    "values": [
                        0.0048586722715286135,
                        0.007780129816468202
                    ]
                },
                {
                    "type": "tuple",
                    "values": [
                        0.015924418689905823,
                        0.01879210558522104
                    ]
                },
                {
                    "type": "tuple",
                    "values": [
                        0.017741715497395373,
                        0.014444725759245098
                    ]
                },
                {
                    "type": "tuple",
                    "values": [
                        0.025732042656006905,
                        0.02360763263697567
                    ]
                },
                {
                    "type": "tuple",
                    "values": [
                        0.013494236274536489,
                        0.01118068541974
                    ]
                }
            ]
        },
        "max_log_likelihood_sample": {
            "type": "instance",
            "class_path": "autofit.non_linear.samples.sample.Sample",
            "arguments": {
                "log_likelihood": -30.49846963860298,
                "log_prior": 0.0,
                "weight": 0.0009605221565253828,
                "kwargs": {
                    "type": "dict",
                    "arguments": {
                        "ellipses.0.ell_comps.ell_comps_0": -0.01259996295679,
                        "ellipses.0.ell_comps.ell_comps_1": -0.05307860324824,
                        "multipoles.0.multipole_3.multipole_comps.multipole_comps_0": -0.03744948521988,
                        "multipoles.0.multipole_3.multipole_comps.multipole_comps_1": 0.01756718740479,
                        "multipoles.0.multipole_4.multipole_comps.multipole_comps_0": -0.00486559240967,
                        "multipoles.0.multipole_4.multipole_comps.multipole_comps_1": 0.0179658249445
                    }
                }
            }
        },
        "log_evidence": -47.31934618479557,
        "median_pdf_sample": {
            "type": "instance",
            "class_path": "autofit.non_linear.samples.sample.Sample",
            "arguments": {
                "log_likelihood": -30.49846963860298,
                "log_prior": 0.0,
                "weight": 0.0009605221565253828,
                "kwargs": {
                    "type": "dict",
                    "arguments": {
                        "ellipses.0.ell_comps.ell_comps_0": -0.013143362511519978,
                        "ellipses.0.ell_comps.ell_comps_1": -0.052578155379031384,
                        "multipoles.0.multipole_3.multipole_comps.multipole_comps_0": -0.031462343095281044,
                        "multipoles.0.multipole_3.multipole_comps.multipole_comps_1": 0.011979142133325371,
                        "multipoles.0.multipole_4.multipole_comps.multipole_comps_0": -0.007850551974843094,
                        "multipoles.0.multipole_4.multipole_comps.multipole_comps_1": 0.01389597226032
                    }
                }
            }
        }
    }
}