{
    "type": "instance",
    "class_path": "autofit.non_linear.samples.summary.SamplesSummary",
    "arguments": {
        "model": null,
        "errors_at_sigma_1": {
            "type": "list",
            "values": [
                {
                    "type": "tuple",
                    "values": [
                        0.002725065353749459,
                        0.0030033083839228064
                    ]
                },
                {
                    "type": "tuple",
                    "values": [
                        0.002544021828675802,
                        0.00315162040279679
                    ]
                }
            ]
        },
        "log_evidence": -35.1146282809225,
        "errors_at_sigma_3": {
            "type": "list",
            "values": [
                {
                    "type": "tuple",
                    "values": [
                        0.007137690386576148,
                        0.008437548003751884
                    ]
                },
                {
                    "type": "tuple",
                    "values": [
                        0.007191187214970002,
                        0.008794583301390005
                    ]
                }
            ]
        },
        "median_pdf_sample": {
            "type": "instance",
            "class_path": "autofit.non_linear.samples.sample.Sample",
            "arguments": {
                "log_likelihood": -24.448747710525648,
                "log_prior": 0.0,
                "weight": 0.000981997946497,
                "kwargs": {
                    "type": "dict",
                    "arguments": {
                        "ellipses.0.ell_comps.ell_comps_0": -0.02408699028267047,
                        "ellipses.0.ell_comps.ell_comps_1": 0.08281617629443
                    }
                }
            }
        },
        "max_log_likelihood_sample": {
            "type": "instance",
            "class_path": "autofit.non_linear.samples.sample.Sample",
            "arguments": {
                "log_likelihood": -24.448747710525648,
                "log_prior": 0.0,
                "weight": 0.000981997946497,
                "kwargs": {
                    "type": "dict",
                    "arguments": {
                        "ellipses.0.ell_comps.ell_comps_0": -0.02374681035684,
                        "ellipses.0.ell_comps.ell_comps_1": 0.08307011867508
                    }
                }
            }
        },
        "values_at_sigma_1": {
            "type": "list",
            "values": [
                {
                    "type": "tuple",
                    "values": [
                        -0.02681205563641993,
                        -0.021083681898747663
                    ]
                },
                {
                    "type": "tuple",
                    "values": [
                        0.0802721544657542,
                        0.08596779669722679
                    ]
                }
            ]
        },
        "values_at_sigma_3": {
            "type": "list",
            "values": [
                {
                    "type": "tuple",
                    "values": [
                        -0.031224680669246618,
                        -0.015649442278918586
                    ]
                },
                {
                    "type": "tuple",
                    "values": [
                        0.07562498907946,
                        0.09161075959582
                    ]
                }
            ]
        }
    }
}