{
    "type": "instance",
    "class_path": "autofit.non_linear.samples.summary.SamplesSummary",
    "arguments": {
        "model": null,
        "errors_at_sigma_1": {
            "type": "list",
            "values": [
                {
                    "type": "tuple",
                    "values": [
                        0.0067615323143589146,
                        0.009507990016947548
                    ]
                },
                {
                    "type": "tuple",
                    "values": [
                        0.009061082968040611,
                        0.005641785052467867
                    ]
                },
                {
                    "type": "tuple",
                    "values": [
                        0.03116240819339692,
                        0.039061305393469324
                    ]
                },
                {
                    "type": "tuple",
                    "values": [
                        0.05204481000193864,
                        0.037229347857867696
                    ]
                },
                {
                    "type": "tuple",
                    "values": [
                        0.049392646195609936,
                        0.028963675439070004
                    ]
                },
                {
                    "type": "tuple",
                    "values": [
                        0.03439459689304034,
                        0.04733650637596229
                    ]
                },
                {
                    "type": "tuple",
                    "values": [
                        0.01527254577917414,
                        0.02242130693380586
                    ]
                },
                {
                    "type": "tuple",
                    "values": [
                        0.04329600894670897,
                        0.029164629806382094
                    ]
                }
            ]
        },
        "median_pdf_sample": {
            "type": "instance",
            "class_path": "autofit.non_linear.samples.sample.Sample",
            "arguments": {
                "log_likelihood": -47.83049460117077,
                "log_prior": 0.0,
                "weight": 0.0010535071490141688,
                "kwargs": {
                    "type": "dict",
                    "arguments": {
                        "ellipses.0.ell_comps.ell_comps_0": -0.10176342273656755,
                        "ellipses.0.ell_comps.ell_comps_1": 0.05596118317365061,
                        "multipoles.0.multipole_1.multipole_comps.multipole_comps_0": -0.03416287817476773,
                        "multipoles.0.multipole_1.multipole_comps.multipole_comps_1": -0.01710929309648,
                        "multipoles.0.multipole_3.multipole_comps.multipole_comps_0": 0.04986412754718,
                        "multipoles.0.multipole_3.multipole_comps.multipole_comps_1": -0.03742238037389,
                        "multipoles.0.multipole_4.multipole_comps.multipole_comps_0": -0.06694660719858586,
                        "multipoles.0.multipole_4.multipole_comps.multipole_comps_1": 0.028845866646857916
                    }
                }
            }
        },
        "errors_at_sigma_3": {
            "type": "list",
            "values": [
                {
                    "type": "tuple",
                    "values": [
                        0.017092253779680586,
                        0.023957303810517555
                    ]
                },
                {
                    "type": "tuple",
                    "values": [
                        0.01535737469332061,
                        0.015073813712476535
                    ]
                },
                {
                    "type": "tuple",
                    "values": [
                        0.11111150811045095,
                        0.08794242044515024
                    ]
                },
                {
                    "type": "tuple",
                    "values": [
                        0.08913592711077,
                        0.1090030440715964
                    ]
                },
                {
                    "type": "tuple",
                    "values": [
                        0.1373680498927573,
                        0.04976465208390924
                    ]
                },
                {
                    "type": "tuple",
                    "values": [
                        0.06241082723514,
                        0.11373731582103483
                    ]
                },
                {
                    "type": "tuple",
                    "values": [
                        0.032705745577701145,
                        0.07972812337711586
                    ]
                },
                {
                    "type": "tuple",
                    "values": [
                        0.11749753274444397,
                        0.06504238429705808
                    ]
                }
            ]
        },
        "log_evidence": -67.41578195354367,
        "max_log_likelihood_sample": {
            "type": "instance",
            "class_path": "autofit.non_linear.samples.sample.Sample",
            "arguments": {
                "log_likelihood": -47.83049460117077,
                "log_prior": 0.0,
                "weight": 0.0010535071490141688,
                "kwargs": {
                    "type": "dict",
                    "arguments": {
                        "ellipses.0.ell_comps.ell_comps_0": -0.09907042317317,
                        "ellipses.0.ell_comps.ell_comps_1": 0.06090079383759,
                        "multipoles.0.multipole_1.multipole_comps.multipole_comps_0": -0.05051715080275,
                        "multipoles.0.multipole_1.multipole_comps.multipole_comps_1": 0.00270637116842,
                        "multipoles.0.multipole_3.multipole_comps.multipole_comps_0": 0.01984615240181,
                        "multipoles.0.multipole_3.multipole_comps.multipole_comps_1": -0.00236582478059,
                        "multipoles.0.multipole_4.multipole_comps.multipole_comps_0": -0.06161385009911,
                        "multipoles.0.multipole_4.multipole_comps.multipole_comps_1": -0.00822127363922
                    }
                }
            }
        },
        "values_at_sigma_3": {
            "type": "list",
            "values": [
                {
                    "type": "tuple",
                    "values": [
                        -0.11885567651624813,
                        -0.07780611892605
                    ]
                },
                {
                    "type": "tuple",
                    "values": [
                        0.04060380848033,
                        0.07103499688612715
                    ]
                },
                {
                    "type": "tuple",
                    "values": [
                        -0.1452743862852187,
                        0.05377954227038251
                    ]
                },
                {
                    "type": "tuple",
                    "values": [
                        -0.10624522020725,
                        0.0918937509751164
                    ]
                },
                {
                    "type": "tuple",
                    "values": [
                        -0.0875039223455773,
                        0.09962877963108924
                    ]
                },
                {
                    "type": "tuple",
                    "values": [
                        -0.09983320760903,
                        0.07631493544714484
                    ]
                },
                {
                    "type": "tuple",
                    "values": [
                        -0.099652352776287,
                        0.01278151617853
                    ]
                },
                {
                    "type": "tuple",
                    "values": [
                        -0.08865166609758605,
                        0.093888250943916
                    ]
                }
            ]
        },
        "values_at_sigma_1": {
            "type": "list",
            "values": [
                {
                    "type": "tuple",
                    "values": [
                        -0.10852495505092646,
                        -0.09225543271962
                    ]
                },
                {
                    "type": "tuple",
                    "values": [
                        0.04690010020561,
                        0.06160296822611848
                    ]
                },
                {
                    "type": "tuple",
                    "values": [
                        -0.06532528636816465,
                        0.004898427218701593
                    ]
                },
                {
                    "type": "tuple",
                    "values": [
                        -0.06915410309841864,
                        0.020120054761387698
                    ]
                },
                {
                    "type": "tuple",
                    "values": [
                        0.00047148135157006076,
                        0.07882780298625
                    ]
                },
                {
                    "type": "tuple",
                    "values": [
                        -0.07181697726693034,
                        0.009914126002072289
                    ]
                },
                {
                    "type": "tuple",
                    "values": [
                        -0.08221915297776,
                        -0.04452530026478
                    ]
                },
                {
                    "type": "tuple",
                    "values": [
                        -0.014450142299851056,
                        0.05801049645324001
                    ]
                }
            ]
        }
    }
}