{
    "type": "instance",
    "class_path": "autofit.non_linear.samples.summary.SamplesSummary",
    "arguments": {
        "median_pdf_sample": {
            "type": "instance",
            "class_path": "autofit.non_linear.samples.sample.Sample",
            "arguments": {
                "log_likelihood": -56.407453047076935,
                "log_prior": 0.0,
                "weight": 0.0009987419938158712,
                "kwargs": {
                    "type": "dict",
                    "arguments": {
                        "ellipses.0.ell_comps.ell_comps_0": 0.16182772773924753,
                        "ellipses.0.ell_comps.ell_comps_1": -0.02079472665998
                    }
                }
            }
        },
        "model": null,
        "log_evidence": -68.55538506543456,
        "errors_at_sigma_3": {
            "type": "list",
            "values": [
                {
                    "type": "tuple",
                    "values": [
                        0.022152333371357524,
                        0.007665510563182459
                    ]
                },
                {
                    "type": "tuple",
                    "values": [
                        0.012481359639989996,
                        0.00761906051864944
                    ]
                }
            ]
        },
        "values_at_sigma_1": {
            "type": "list",
            "values": [
                {
                    "type": "tuple",
                    "values": [
                        0.15929746542429354,
                        0.16495487796956343
                    ]
                },
                {
                    "type": "tuple",
                    "values": [
                        -0.02782180244926,
                        -0.01799322161185
                    ]
                }
            ]
        },
        "max_log_likelihood_sample": {
            "type": "instance",
            "class_path": "autofit.non_linear.samples.sample.Sample",
            "arguments": {
                "log_likelihood": -56.407453047076935,
                "log_prior": 0.0,
                "weight": 0.0009987419938158712,
                "kwargs": {
                    "type": "dict",
                    "arguments": {
                        "ellipses.0.ell_comps.ell_comps_0": 0.15900030902086,
                        "ellipses.0.ell_comps.ell_comps_1": -0.02683688796963
                    }
                }
            }
        },
        "errors_at_sigma_1": {
            "type": "list",
            "values": [
                {
                    "type": "tuple",
                    "values": [
                        0.002530262314953985,
                        0.0031271502303159004
                    ]
                },
                {
                    "type": "tuple",
                    "values": [
                        0.00702707578928,
                        0.0028015050481299993
                    ]
                }
            ]
        },
        "values_at_sigma_3": {
            "type": "list",
            "values": [
                {
                    "type": "tuple",
                    "values": [
                        0.13967539436789,
                        0.16949323830243
                    ]
                },
                {
                    "type": "tuple",
                    "values": [
                        -0.03327608629997,
                        -0.013175666141330561
                    ]
                }
            ]
        }
    }
}