{
    "type": "instance",
    "class_path": "autofit.non_linear.samples.summary.SamplesSummary",
    "arguments": {
        "log_evidence": -38.00961786600817,
        "values_at_sigma_3": {
            "type": "list",
            "values": [
                {
                    "type": "tuple",
                    "values": [
                        0.005788883898701406,
                        0.03192918207861
                    ]
                },
                {
                    "type": "tuple",
                    "values": [
                        -0.1360211772929465,
                        -0.10396510151599417
                    ]
                },
                {
                    "type": "tuple",
                    "values": [
                        -0.025633108281706292,
                        0.012966034712414884
                    ]
                },
                {
                    "type": "tuple",
                    "values": [
                        -0.01264467132358,
                        0.01637032857806923
                    ]
                },
                {
                    "type": "tuple",
                    "values": [
                        -0.01993534431066,
                        0.029680030521002484
                    ]
                },
                {
                    "type": "tuple",
                    "values": [
                        -0.030844522113548097,
                        0.015023164911134122
                    ]
                }
            ]
        },
        "errors_at_sigma_3": {
            "type": "list",
            "values": [
                {
                    "type": "tuple",
                    "values": [
                        0.01421906630493066,
                        0.011921231874977935
                    ]
                },
                {
                    "type": "tuple",
                    "values": [
                        0.017790146392602804,
                        0.014265929384349521
                    ]
                },
                {
                    "type": "tuple",
                    "values": [
                        0.01848667831322629,
                        0.020112464680894886
                    ]
                },
                {
                    "type": "tuple",
                    "values": [
                        0.014509591038519998,
                        0.014505408863129232
                    ]
                },
                {
                    "type": "tuple",
                    "values": [
                        0.02579547191364905,
                        0.023819902918013433
                    ]
                },
                {
                    "type": "tuple",
                    "values": [
                        0.018901156552037474,
                        0.026966530472644745
                    ]
                }
            ]
        },
        "median_pdf_sample": {
            "type": "instance",
            "class_path": "autofit.non_linear.samples.sample.Sample",
            "arguments": {
                "log_likelihood": -18.71962124039457,
                "log_prior": 0.0,
                "weight": 0.0009787449060295807,
                "kwargs": {
                    "type": "dict",
                    "arguments": {
                        "ellipses.0.ell_comps.ell_comps_0": 0.020007950203632066,
                        "ellipses.0.ell_comps.ell_comps_1": -0.11823103090034369,
                        "multipoles.0.multipole_3.multipole_comps.multipole_comps_0": -0.00714642996848,
                        "multipoles.0.multipole_3.multipole_comps.multipole_comps_1": 0.00186491971494,
                        "multipoles.0.multipole_4.multipole_comps.multipole_comps_0": 0.00586012760298905,
                        "multipoles.0.multipole_4.multipole_comps.multipole_comps_1": -0.011943365561510625
                    }
                }
            }
        },
        "errors_at_sigma_1": {
            "type": "list",
            "values": [
                {
                    "type": "tuple",
                    "values": [
                        0.004046034212432065,
                        0.005254133967927933
                    ]
                },
                {
                    "type": "tuple",
                    "values": [
                        0.006356617642223353,
                        0.005956897994388352
                    ]
                },
                {
                    "type": "tuple",
                    "values": [
                        0.0074064386586000005,
                        0.005903539502122104
                    ]
                },
                {
                    "type": "tuple",
                    "values": [
                        0.004880126909849999,
                        0.004956336547404045
                    ]
                },
                {
                    "type": "tuple",
                    "values": [
                        0.009321588309863215,
                        0.008805795071080952
                    ]
                },
                {
                    "type": "tuple",
                    "values": [
                        0.006904670161674816,
                        0.009528571411785619
                    ]
                }
            ]
        },
        "model": null,
        "max_log_likelihood_sample": {
            "type": "instance",
            "class_path": "autofit.non_linear.samples.sample.Sample",
            "arguments": {
                "log_likelihood": -18.71962124039457,
                "log_prior": 0.0,
                "weight": 0.0009787449060295807,
                "kwargs": {
                    "type": "dict",
                    "arguments": {
                        "ellipses.0.ell_comps.ell_comps_0": 0.01987103878781,
                        "ellipses.0.ell_comps.ell_comps_1": -0.11861809912483,
                        "multipoles.0.multipole_3.multipole_comps.multipole_comps_0": -0.01015332472579,
                        "multipoles.0.multipole_3.multipole_comps.multipole_comps_1": 0.00120874111198,
                        "multipoles.0.multipole_4.multipole_comps.multipole_comps_0": 0.00434320654633,
                        "multipoles.0.multipole_4.multipole_comps.multipole_comps_1": -0.01264170563807
                    }
                }
            }
        },
        "values_at_sigma_1": {
            "type": "list",
            "values": [
                {
                    "type": "tuple",
                    "values": [
                        0.0159619159912,
                        0.02526208417156
                    ]
                },
                {
                    "type": "tuple",
                    "values": [
                        -0.12458764854256704,
                        -0.11227413290595534
                    ]
                },
                {
                    "type": "tuple",
                    "values": [
                        -0.01455286862708,
                        -0.0012428904663578967
                    ]
                },
                {
                    "type": "tuple",
                    "values": [
                        -0.00301520719491,
                        0.006821256262344045
                    ]
                },
                {
                    "type": "tuple",
                    "values": [
                        -0.003461460706874166,
                        0.01466592267407
                    ]
                },
                {
                    "type": "tuple",
                    "values": [
                        -0.01884803572318544,
                        -0.002414794149725006
                    ]
                }
            ]
        }
    }
}