{
    "type": "instance",
    "class_path": "autofit.non_linear.samples.summary.SamplesSummary",
    "arguments": {
        "log_evidence": -283.82207429579677,
        "values_at_sigma_1": {
            "type": "list",
            "values": [
                {
                    "type": "tuple",
                    "values": [
                        -0.0014916536478700177,
                        -2.595998344280806e-05
                    ]
                },
                {
                    "type": "tuple",
                    "values": [
                        0.00086182735846,
                        0.0021149925591062452
                    ]
                },
                {
                    "type": "tuple",
                    "values": [
                        0.12574512465443313,
                        0.13060534487946
                    ]
                },
                {
                    "type": "tuple",
                    "values": [
                        -0.02257398943091299,
                        -0.01607313109199
                    ]
                },
                {
                    "type": "tuple",
                    "values": [
                        0.00027633394518,
                        0.0019648751116000916
                    ]
                },
                {
                    "type": "tuple",
                    "values": [
                        -0.002152640481642981,
                        -0.00048412879695
                    ]
                },
                {
                    "type": "tuple",
                    "values": [
                        -0.00213903260316,
                        -0.0002412484921305345
                    ]
                },
                {
                    "type": "tuple",
                    "values": [
                        -0.00084338032045,
                        0.00080051139656
                    ]
                },
                {
                    "type": "tuple",
                    "values": [
                        0.00020775812464891768,
                        0.0019286775789928053
                    ]
                },
                {
                    "type": "tuple",
                    "values": [
                        -0.0019999948331443813,
                        -0.00022908584158162917
                    ]
                },
                {
                    "type": "tuple",
                    "values": [
                        0.16319579039614,
                        0.16680985851988
                    ]
                },
                {
                    "type": "tuple",
                    "values": [
                        -0.03203075365795561,
                        -0.02849156461587
                    ]
                },
                {
                    "type": "tuple",
                    "values": [
                        -0.002249076563870643,
                        0.0009676129085200986
                    ]
                },
                {
                    "type": "tuple",
                    "values": [
                        -0.00059791576805,
                        0.0024921298490920103
                    ]
                },
                {
                    "type": "tuple",
                    "values": [
                        -0.00210530621602,
                        0.00046727281362
                    ]
                },
                {
                    "type": "tuple",
                    "values": [
                        -0.00360449015882,
                        -0.0007976455061908435
                    ]
                },
                {
                    "type": "tuple",
                    "values": [
                        -0.006285927727272284,
                        -0.00350997321536
                    ]
                },
                {
                    "type": "tuple",
                    "values": [
                        -0.00370446467269,
                        -0.0005811854759802332
                    ]
                },
                {
                    "type": "tuple",
                    "values": [
                        0.16639768593317,
                        0.17142397487833
                    ]
                },
                {
                    "type": "tuple",
                    "values": [
                        -0.02930589297584,
                        -0.024309070504241984
                    ]
                },
                {
                    "type": "tuple",
                    "values": [
                        -0.0040060589774,
                        0.004798128183241812
                    ]
                },
                {
                    "type": "tuple",
                    "values": [
                        0.0029102595736257447,
                        0.010766614460949349
                    ]
                },
                {
                    "type": "tuple",
                    "values": [
                        -0.002785508197741548,
                        0.004508351569892748
                    ]
                },
                {
                    "type": "tuple",
                    "values": [
                        -0.0027592888747744403,
                        0.006564036306791189
                    ]
                },
                {
                    "type": "tuple",
                    "values": [
                        -0.01580857910043,
                        -0.004082819002428055
                    ]
                },
                {
                    "type": "tuple",
                    "values": [
                        -0.00180088706719,
                        0.00862267886913
                    ]
                },
                {
                    "type": "tuple",
                    "values": [
                        0.13099198244206,
                        0.1338135374436078
                    ]
                },
                {
                    "type": "tuple",
                    "values": [
                        -0.027171239917280432,
                        -0.020490901509855268
                    ]
                },
                {
                    "type": "tuple",
                    "values": [
                        -0.02148876853811,
                        -0.00740593594434
                    ]
                },
                {
                    "type": "tuple",
                    "values": [
                        -0.00405870126068,
                        0.013324675947944465
                    ]
                },
                {
                    "type": "tuple",
                    "values": [
                        0.00077635247071,
                        0.01149034539955
                    ]
                },
                {
                    "type": "tuple",
                    "values": [
                        0.01198726246006,
                        0.020520282651013983
                    ]
                },
                {
                    "type": "tuple",
                    "values": [
                        -0.00776755092131,
                        0.001231994130080971
                    ]
                },
                {
                    "type": "tuple",
                    "values": [
                        0.012505366405249067,
                        0.02353100584394
                    ]
                },
                {
                    "type": "tuple",
                    "values": [
                        0.15522744049178427,
                        0.1575745602844049
                    ]
                },
                {
                    "type": "tuple",
                    "values": [
                        -0.02382849114497,
                        -0.0210047320305
                    ]
                },
                {
                    "type": "tuple",
                    "values": [
                        0.07621803529357311,
                        0.09637744351378882
                    ]
                },
                {
                    "type": "tuple",
                    "values": [
                        0.04676937842736465,
                        0.0600083910611
                    ]
                },
                {
                    "type": "tuple",
                    "values": [
                        -0.0030812980012690228,
                        0.01451518943475
                    ]
                },
                {
                    "type": "tuple",
                    "values": [
                        0.01266821866081,
                        0.022512100060779888
                    ]
                },
                {
                    "type": "tuple",
                    "values": [
                        -0.07485414224896,
                        -0.057870456319
                    ]
                },
                {
                    "type": "tuple",
                    "values": [
                        0.025570803801692195,
                        0.03856380239111
                    ]
                }
            ]
        },
        "values_at_sigma_3": {
            "type": "list",
            "values": [
                {
                    "type": "tuple",
                    "values": [
                        -0.003177360524562919,
                        0.0014053808268532878
                    ]
                },
                {
                    "type": "tuple",
                    "values": [
                        -0.00062637056765,
                        0.00382121992972
                    ]
                },
                {
                    "type": "tuple",
                    "values": [
                        0.12070365913989174,
                        0.13563190607705
                    ]
                },
                {
                    "type": "tuple",
                    "values": [
                        -0.02797449602736101,
                        -0.010940337032186819
                    ]
                },
                {
                    "type": "tuple",
                    "values": [
                        -0.0010974918426525,
                        0.00338647800495
                    ]
                },
                {
                    "type": "tuple",
                    "values": [
                        -0.00405484813911,
                        0.00110721599199
                    ]
                },
                {
                    "type": "tuple",
                    "values": [
                        -0.00421400174136,
                        0.00153475021305
                    ]
                },
                {
                    "type": "tuple",
                    "values": [
                        -0.002298643552950844,
                        0.00253397952445
                    ]
                },
                {
                    "type": "tuple",
                    "values": [
                        -0.0016984207122332175,
                        0.00461720699906558
                    ]
                },
                {
                    "type": "tuple",
                    "values": [
                        -0.003900140656537562,
                        0.0013145956043479107
                    ]
                },
                {
                    "type": "tuple",
                    "values": [
                        0.15896683113917,
                        0.169858050426217
                    ]
                },
                {
                    "type": "tuple",
                    "values": [
                        -0.03573901813813,
                        -0.02449545610124
                    ]
                },
                {
                    "type": "tuple",
                    "values": [
                        -0.00540482705093,
                        0.003951420422954037
                    ]
                },
                {
                    "type": "tuple",
                    "values": [
                        -0.00342471361365,
                        0.005014124461393559
                    ]
                },
                {
                    "type": "tuple",
                    "values": [
                        -0.00456473872493,
                        0.002835659159009326
                    ]
                },
                {
                    "type": "tuple",
                    "values": [
                        -0.006219427705120883,
                        0.0020588683762671695
                    ]
                },
                {
                    "type": "tuple",
                    "values": [
                        -0.009129870541523531,
                        -0.00115734877894
                    ]
                },
                {
                    "type": "tuple",
                    "values": [
                        -0.006901756625835626,
                        0.0033821375600562955
                    ]
                },
                {
                    "type": "tuple",
                    "values": [
                        0.1618740561643943,
                        0.17589356616986607
                    ]
                },
                {
                    "type": "tuple",
                    "values": [
                        -0.03419990696425953,
                        -0.020132552121927272
                    ]
                },
                {
                    "type": "tuple",
                    "values": [
                        -0.01340907982941,
                        0.013407225264537997
                    ]
                },
                {
                    "type": "tuple",
                    "values": [
                        -0.00417773603401,
                        0.01896111841703
                    ]
                },
                {
                    "type": "tuple",
                    "values": [
                        -0.010396888641976238,
                        0.01293903825446
                    ]
                },
                {
                    "type": "tuple",
                    "values": [
                        -0.0104961650288,
                        0.01528176343242315
                    ]
                },
                {
                    "type": "tuple",
                    "values": [
                        -0.02427200600072093,
                        0.00573106920907
                    ]
                },
                {
                    "type": "tuple",
                    "values": [
                        -0.011025836866617312,
                        0.01752425419298388
                    ]
                },
                {
                    "type": "tuple",
                    "values": [
                        0.1270839761495,
                        0.13626730296617
                    ]
                },
                {
                    "type": "tuple",
                    "values": [
                        -0.03186201083241843,
                        -0.015208978077248473
                    ]
                },
                {
                    "type": "tuple",
                    "values": [
                        -0.03723874345654,
                        0.00495914129107
                    ]
                },
                {
                    "type": "tuple",
                    "values": [
                        -0.01937294986481,
                        0.03204549574784459
                    ]
                },
                {
                    "type": "tuple",
                    "values": [
                        -0.01075375888162,
                        0.02152083013976581
                    ]
                },
                {
                    "type": "tuple",
                    "values": [
                        0.00348221685938,
                        0.03239476638999
                    ]
                },
                {
                    "type": "tuple",
                    "values": [
                        -0.01587488354249,
                        0.01108656453253
                    ]
                },
                {
                    "type": "tuple",
                    "values": [
                        0.00143291586831,
                        0.03518267159925854
                    ]
                },
                {
                    "type": "tuple",
                    "values": [
                        0.14168678289220757,
                        0.16038684041918
                    ]
                },
                {
                    "type": "tuple",
                    "values": [
                        -0.02771820076916709,
                        -0.01426943884483
                    ]
                },
                {
                    "type": "tuple",
                    "values": [
                        0.04183236459139,
                        0.12056910350879
                    ]
                },
                {
                    "type": "tuple",
                    "values": [
                        0.033830170038374865,
                        0.07593516907174222
                    ]
                },
                {
                    "type": "tuple",
                    "values": [
                        -0.015882362816327555,
                        0.03657357810822
                    ]
                },
                {
                    "type": "tuple",
                    "values": [
                        0.00356634202705,
                        0.031017025177793988
                    ]
                },
                {
                    "type": "tuple",
                    "values": [
                        -0.09155780277272972,
                        -0.04209321827450094
                    ]
                },
                {
                    "type": "tuple",
                    "values": [
                        0.01513211083312,
                        0.050293122128973716
                    ]
                }
            ]
        },
        "max_log_likelihood_sample": {
            "type": "instance",
            "class_path": "autofit.non_linear.samples.sample.Sample",
            "arguments": {
                "log_likelihood": -187.23131764052818,
                "log_prior": 0.0,
                "weight": 0.0011069653675177132,
                "kwargs": {
                    "type": "dict",
                    "arguments": {
                        "ellipses.ellipse_4.centre.centre_0": -0.00027293737445,
                        "ellipses.ellipse_4.centre.centre_1": 0.00197879887981,
                        "ellipses.ellipse_0.ell_comps.ell_comps_0": 0.12872179215798,
                        "ellipses.ellipse_0.ell_comps.ell_comps_1": -0.02128114518496,
                        "multipoles.0.multipole_1.multipole_comps.multipole_comps_0": 0.00071875538349,
                        "multipoles.0.multipole_1.multipole_comps.multipole_comps_1": -0.00187822219077,
                        "multipoles.0.multipole_3.multipole_comps.multipole_comps_0": -0.00097090247931,
                        "multipoles.0.multipole_3.multipole_comps.multipole_comps_1": 0.00019955170748,
                        "multipoles.0.multipole_4.multipole_comps.multipole_comps_0": 0.0012219411241,
                        "multipoles.0.multipole_4.multipole_comps.multipole_comps_1": -0.00141557647012,
                        "ellipses.ellipse_1.ell_comps.ell_comps_0": 0.16649214593569,
                        "ellipses.ellipse_1.ell_comps.ell_comps_1": -0.02898759941269,
                        "multipoles.1.multipole_1.multipole_comps.multipole_comps_0": 0.0010814202291,
                        "multipoles.1.multipole_1.multipole_comps.multipole_comps_1": 9.016710879e-05,
                        "multipoles.1.multipole_3.multipole_comps.multipole_comps_0": -0.0012855092637,
                        "multipoles.1.multipole_3.multipole_comps.multipole_comps_1": -0.00298762051062,
                        "multipoles.1.multipole_4.multipole_comps.multipole_comps_0": -0.00310578488678,
                        "multipoles.1.multipole_4.multipole_comps.multipole_comps_1": -0.00053699665895,
                        "ellipses.ellipse_2.ell_comps.ell_comps_0": 0.17164465456435,
                        "ellipses.ellipse_2.ell_comps.ell_comps_1": -0.02610140830256,
                        "multipoles.2.multipole_1.multipole_comps.multipole_comps_0": 0.00259645723191,
                        "multipoles.2.multipole_1.multipole_comps.multipole_comps_1": 0.00483914354884,
                        "multipoles.2.multipole_3.multipole_comps.multipole_comps_0": -0.00233293289443,
                        "multipoles.2.multipole_3.multipole_comps.multipole_comps_1": -0.00058500424598,
                        "multipoles.2.multipole_4.multipole_comps.multipole_comps_0": -0.00757522793216,
                        "multipoles.2.multipole_4.multipole_comps.multipole_comps_1": 0.00725524940158,
                        "ellipses.ellipse_3.ell_comps.ell_comps_0": 0.1341495169875,
                        "ellipses.ellipse_3.ell_comps.ell_comps_1": -0.02494159249457,
                        "multipoles.3.multipole_1.multipole_comps.multipole_comps_0": -0.01672247172602,
                        "multipoles.3.multipole_1.multipole_comps.multipole_comps_1": 0.0023628035629,
                        "multipoles.3.multipole_3.multipole_comps.multipole_comps_0": 0.00592617287185,
                        "multipoles.3.multipole_3.multipole_comps.multipole_comps_1": 0.01848573034985,
                        "multipoles.3.multipole_4.multipole_comps.multipole_comps_0": 0.00078964210562,
                        "multipoles.3.multipole_4.multipole_comps.multipole_comps_1": 0.02186835991087,
                        "ellipses.ellipse_4.ell_comps.ell_comps_0": 0.15666575932527,
                        "ellipses.ellipse_4.ell_comps.ell_comps_1": -0.02095502694908,
                        "multipoles.4.multipole_1.multipole_comps.multipole_comps_0": 0.08445545091934,
                        "multipoles.4.multipole_1.multipole_comps.multipole_comps_1": 0.04933715114013,
                        "multipoles.4.multipole_3.multipole_comps.multipole_comps_0": 0.00868299642455,
                        "multipoles.4.multipole_3.multipole_comps.multipole_comps_1": 0.02095302484722,
                        "multipoles.4.multipole_4.multipole_comps.multipole_comps_0": -0.05619667031543,
                        "multipoles.4.multipole_4.multipole_comps.multipole_comps_1": 0.03153991185292
                    }
                }
            }
        },
        "model": null,
        "errors_at_sigma_3": {
            "type": "list",
            "values": [
                {
                    "type": "tuple",
                    "values": [
                        0.002419756144052919,
                        0.0021629852073632876
                    ]
                },
                {
                    "type": "tuple",
                    "values": [
                        0.0021495738247525676,
                        0.0022980166726174326
                    ]
                },
                {
                    "type": "tuple",
                    "values": [
                        0.007449798899105672,
                        0.0074784480380525875
                    ]
                },
                {
                    "type": "tuple",
                    "values": [
                        0.008595593100752131,
                        0.008438565894422061
                    ]
                },
                {
                    "type": "tuple",
                    "values": [
                        0.0021742318434825,
                        0.00230973800412
                    ]
                },
                {
                    "type": "tuple",
                    "values": [
                        0.002752848139016687,
                        0.002409215992083313
                    ]
                },
                {
                    "type": "tuple",
                    "values": [
                        0.0030727143827699996,
                        0.00267603757164
                    ]
                },
                {
                    "type": "tuple",
                    "values": [
                        0.002251355140130844,
                        0.00258126793727
                    ]
                },
                {
                    "type": "tuple",
                    "values": [
                        0.0027823589069532174,
                        0.0035332688043455797
                    ]
                },
                {
                    "type": "tuple",
                    "values": [
                        0.002778688929077562,
                        0.002436047331807911
                    ]
                },
                {
                    "type": "tuple",
                    "values": [
                        0.006138107005895843,
                        0.004753112281151134
                    ]
                },
                {
                    "type": "tuple",
                    "values": [
                        0.0053288813307683335,
                        0.005914680706121663
                    ]
                },
                {
                    "type": "tuple",
                    "values": [
                        0.0047841996373523465,
                        0.00457204783653169
                    ]
                },
                {
                    "type": "tuple",
                    "values": [
                        0.004368868810295705,
                        0.0040699692647478535
                    ]
                },
                {
                    "type": "tuple",
                    "values": [
                        0.0038313374523482016,
                        0.0035690604315911246
                    ]
                },
                {
                    "type": "tuple",
                    "values": [
                        0.003998429970962624,
                        0.004279866110425428
                    ]
                },
                {
                    "type": "tuple",
                    "values": [
                        0.0042751271968245515,
                        0.0036973945657589793
                    ]
                },
                {
                    "type": "tuple",
                    "values": [
                        0.004700721758900428,
                        0.005583172426991493
                    ]
                },
                {
                    "type": "tuple",
                    "values": [
                        0.006958147636735718,
                        0.007061362368736057
                    ]
                },
                {
                    "type": "tuple",
                    "values": [
                        0.007219541173436903,
                        0.0068478136688953535
                    ]
                },
                {
                    "type": "tuple",
                    "values": [
                        0.01407390857456,
                        0.012742396519387997
                    ]
                },
                {
                    "type": "tuple",
                    "values": [
                        0.010990677983760742,
                        0.012148176467279257
                    ]
                },
                {
                    "type": "tuple",
                    "values": [
                        0.011036132898846238,
                        0.01229979399759
                    ]
                },
                {
                    "type": "tuple",
                    "values": [
                        0.012036380601240002,
                        0.01374154785998315
                    ]
                },
                {
                    "type": "tuple",
                    "values": [
                        0.014050231075343042,
                        0.015952844134447888
                    ]
                },
                {
                    "type": "tuple",
                    "values": [
                        0.014290055975807311,
                        0.014260035083793879
                    ]
                },
                {
                    "type": "tuple",
                    "values": [
                        0.005322410837239999,
                        0.003860915979430002
                    ]
                },
                {
                    "type": "tuple",
                    "values": [
                        0.007287650695550041,
                        0.009365382059619915
                    ]
                },
                {
                    "type": "tuple",
                    "values": [
                        0.022898320659139416,
                        0.019299564088470583
                    ]
                },
                {
                    "type": "tuple",
                    "values": [
                        0.02298545064652,
                        0.028432994966134592
                    ]
                },
                {
                    "type": "tuple",
                    "values": [
                        0.017161813299119186,
                        0.015112775722266625
                    ]
                },
                {
                    "type": "tuple",
                    "values": [
                        0.01276479973881,
                        0.016147749791799997
                    ]
                },
                {
                    "type": "tuple",
                    "values": [
                        0.012680759871364963,
                        0.014280688203655037
                    ]
                },
                {
                    "type": "tuple",
                    "values": [
                        0.01664278557098853,
                        0.017106970159960006
                    ]
                },
                {
                    "type": "tuple",
                    "values": [
                        0.014850596415729278,
                        0.003849461111243152
                    ]
                },
                {
                    "type": "tuple",
                    "values": [
                        0.0053542864202088016,
                        0.008094475504128288
                    ]
                },
                {
                    "type": "tuple",
                    "values": [
                        0.04544341028606702,
                        0.03329332863133297
                    ]
                },
                {
                    "type": "tuple",
                    "values": [
                        0.018996913862319637,
                        0.023108085171047718
                    ]
                },
                {
                    "type": "tuple",
                    "values": [
                        0.02119872561449656,
                        0.03125721531005099
                    ]
                },
                {
                    "type": "tuple",
                    "values": [
                        0.014231650123262928,
                        0.01321903302748106
                    ]
                },
                {
                    "type": "tuple",
                    "values": [
                        0.025393694675463818,
                        0.024070889822764965
                    ]
                },
                {
                    "type": "tuple",
                    "values": [
                        0.01675579261581,
                        0.018405218680043717
                    ]
                }
            ]
        },
        "median_pdf_sample": {
            "type": "instance",
            "class_path": "autofit.non_linear.samples.sample.Sample",
            "arguments": {
                "log_likelihood": -187.23131764052818,
                "log_prior": 0.0,
                "weight": 0.0011069653675177132,
                "kwargs": {
                    "type": "dict",
                    "arguments": {
                        "ellipses.ellipse_4.centre.centre_0": -0.00075760438051,
                        "ellipses.ellipse_4.centre.centre_1": 0.0015232032571025674,
                        "ellipses.ellipse_0.ell_comps.ell_comps_0": 0.12815345803899741,
                        "ellipses.ellipse_0.ell_comps.ell_comps_1": -0.01937890292660888,
                        "multipoles.0.multipole_1.multipole_comps.multipole_comps_0": 0.00107674000083,
                        "multipoles.0.multipole_1.multipole_comps.multipole_comps_1": -0.0013020000000933131,
                        "multipoles.0.multipole_3.multipole_comps.multipole_comps_0": -0.00114128735859,
                        "multipoles.0.multipole_3.multipole_comps.multipole_comps_1": -4.728841282e-05,
                        "multipoles.0.multipole_4.multipole_comps.multipole_comps_0": 0.00108393819472,
                        "multipoles.0.multipole_4.multipole_comps.multipole_comps_1": -0.00112145172746,
                        "ellipses.ellipse_1.ell_comps.ell_comps_0": 0.16510493814506585,
                        "ellipses.ellipse_1.ell_comps.ell_comps_1": -0.030410136807361664,
                        "multipoles.1.multipole_1.multipole_comps.multipole_comps_0": -0.0006206274135776537,
                        "multipoles.1.multipole_1.multipole_comps.multipole_comps_1": 0.0009441551966457053,
                        "multipoles.1.multipole_3.multipole_comps.multipole_comps_0": -0.0007334012725817986,
                        "multipoles.1.multipole_3.multipole_comps.multipole_comps_1": -0.0022209977341582587,
                        "multipoles.1.multipole_4.multipole_comps.multipole_comps_0": -0.004854743344698979,
                        "multipoles.1.multipole_4.multipole_comps.multipole_comps_1": -0.0022010348669351974,
                        "ellipses.ellipse_2.ell_comps.ell_comps_0": 0.16883220380113,
                        "ellipses.ellipse_2.ell_comps.ell_comps_1": -0.026980365790822625,
                        "multipoles.2.multipole_1.multipole_comps.multipole_comps_0": 0.00066482874515,
                        "multipoles.2.multipole_1.multipole_comps.multipole_comps_1": 0.006812941949750742,
                        "multipoles.2.multipole_3.multipole_comps.multipole_comps_0": 0.00063924425687,
                        "multipoles.2.multipole_3.multipole_comps.multipole_comps_1": 0.00154021557244,
                        "multipoles.2.multipole_4.multipole_comps.multipole_comps_0": -0.010221774925377887,
                        "multipoles.2.multipole_4.multipole_comps.multipole_comps_1": 0.00326421910919,
                        "ellipses.ellipse_3.ell_comps.ell_comps_0": 0.13240638698674,
                        "ellipses.ellipse_3.ell_comps.ell_comps_1": -0.024574360136868388,
                        "multipoles.3.multipole_1.multipole_comps.multipole_comps_0": -0.014340422797400583,
                        "multipoles.3.multipole_1.multipole_comps.multipole_comps_1": 0.00361250078171,
                        "multipoles.3.multipole_3.multipole_comps.multipole_comps_0": 0.006408054417499186,
                        "multipoles.3.multipole_3.multipole_comps.multipole_comps_1": 0.01624701659819,
                        "multipoles.3.multipole_4.multipole_comps.multipole_comps_0": -0.003194123671125037,
                        "multipoles.3.multipole_4.multipole_comps.multipole_comps_1": 0.01807570143929853,
                        "ellipses.ellipse_4.ell_comps.ell_comps_0": 0.15653737930793685,
                        "ellipses.ellipse_4.ell_comps.ell_comps_1": -0.022363914348958288,
                        "multipoles.4.multipole_1.multipole_comps.multipole_comps_0": 0.08727577487745702,
                        "multipoles.4.multipole_1.multipole_comps.multipole_comps_1": 0.0528270839006945,
                        "multipoles.4.multipole_3.multipole_comps.multipole_comps_0": 0.005316362798169005,
                        "multipoles.4.multipole_3.multipole_comps.multipole_comps_1": 0.017797992150312927,
                        "multipoles.4.multipole_4.multipole_comps.multipole_comps_0": -0.0661641080972659,
                        "multipoles.4.multipole_4.multipole_comps.multipole_comps_1": 0.03188790344893
                    }
                }
            }
        },
        "errors_at_sigma_1": {
            "type": "list",
            "values": [
                {
                    "type": "tuple",
                    "values": [
                        0.0007340492673600178,
                        0.0007316443970671919
                    ]
                },
                {
                    "type": "tuple",
                    "values": [
                        0.0006613758986425674,
                        0.0005917893020036778
                    ]
                },
                {
                    "type": "tuple",
                    "values": [
                        0.002408333384564282,
                        0.002451886840462575
                    ]
                },
                {
                    "type": "tuple",
                    "values": [
                        0.0031950865043041086,
                        0.00330577183461888
                    ]
                },
                {
                    "type": "tuple",
                    "values": [
                        0.00080040605565,
                        0.0008881351107700916
                    ]
                },
                {
                    "type": "tuple",
                    "values": [
                        0.0008506404815496679,
                        0.0008178712031433131
                    ]
                },
                {
                    "type": "tuple",
                    "values": [
                        0.00099774524457,
                        0.0009000388664594656
                    ]
                },
                {
                    "type": "tuple",
                    "values": [
                        0.00079609190763,
                        0.00084779980938
                    ]
                },
                {
                    "type": "tuple",
                    "values": [
                        0.0008761800700710822,
                        0.0008447393842728054
                    ]
                },
                {
                    "type": "tuple",
                    "values": [
                        0.0008785431056843812,
                        0.0008923658858783709
                    ]
                },
                {
                    "type": "tuple",
                    "values": [
                        0.0019091477489258657,
                        0.0017049203748141506
                    ]
                },
                {
                    "type": "tuple",
                    "values": [
                        0.0016206168505939443,
                        0.0019185721914916631
                    ]
                },
                {
                    "type": "tuple",
                    "values": [
                        0.0016284491502929891,
                        0.0015882403220977524
                    ]
                },
                {
                    "type": "tuple",
                    "values": [
                        0.0015420709646957052,
                        0.001547974652446305
                    ]
                },
                {
                    "type": "tuple",
                    "values": [
                        0.0013719049434382014,
                        0.0012006740862017986
                    ]
                },
                {
                    "type": "tuple",
                    "values": [
                        0.0013834924246617412,
                        0.001423352227967415
                    ]
                },
                {
                    "type": "tuple",
                    "values": [
                        0.001431184382573305,
                        0.0013447701293389795
                    ]
                },
                {
                    "type": "tuple",
                    "values": [
                        0.0015034298057548024,
                        0.0016198493909549642
                    ]
                },
                {
                    "type": "tuple",
                    "values": [
                        0.0024345178679600066,
                        0.002591771077199989
                    ]
                },
                {
                    "type": "tuple",
                    "values": [
                        0.002325527185017374,
                        0.0026712952865806418
                    ]
                },
                {
                    "type": "tuple",
                    "values": [
                        0.00467088772255,
                        0.004133299438091812
                    ]
                },
                {
                    "type": "tuple",
                    "values": [
                        0.0039026823761249972,
                        0.003953672511198607
                    ]
                },
                {
                    "type": "tuple",
                    "values": [
                        0.0034247524546115477,
                        0.0038691073130227484
                    ]
                },
                {
                    "type": "tuple",
                    "values": [
                        0.00429950444721444,
                        0.005023820734351189
                    ]
                },
                {
                    "type": "tuple",
                    "values": [
                        0.005586804175052114,
                        0.006138955922949832
                    ]
                },
                {
                    "type": "tuple",
                    "values": [
                        0.00506510617638,
                        0.005358459759940001
                    ]
                },
                {
                    "type": "tuple",
                    "values": [
                        0.0014144045446800035,
                        0.0014071504568677895
                    ]
                },
                {
                    "type": "tuple",
                    "values": [
                        0.002596879780412044,
                        0.00408345862701312
                    ]
                },
                {
                    "type": "tuple",
                    "values": [
                        0.007148345740709416,
                        0.006934486853060583
                    ]
                },
                {
                    "type": "tuple",
                    "values": [
                        0.00767120204239,
                        0.009712175166234465
                    ]
                },
                {
                    "type": "tuple",
                    "values": [
                        0.005631701946789186,
                        0.005082290982050814
                    ]
                },
                {
                    "type": "tuple",
                    "values": [
                        0.00425975413813,
                        0.0042732660528239826
                    ]
                },
                {
                    "type": "tuple",
                    "values": [
                        0.004573427250184963,
                        0.004426117801206008
                    ]
                },
                {
                    "type": "tuple",
                    "values": [
                        0.005570335034049464,
                        0.005455304404641467
                    ]
                },
                {
                    "type": "tuple",
                    "values": [
                        0.0013099388161525727,
                        0.001037180976468044
                    ]
                },
                {
                    "type": "tuple",
                    "values": [
                        0.0014645767960117136,
                        0.001359182318458288
                    ]
                },
                {
                    "type": "tuple",
                    "values": [
                        0.01105773958388391,
                        0.0091016686363318
                    ]
                },
                {
                    "type": "tuple",
                    "values": [
                        0.006057705473329851,
                        0.007181307160405499
                    ]
                },
                {
                    "type": "tuple",
                    "values": [
                        0.008397660799438027,
                        0.009198826636580995
                    ]
                },
                {
                    "type": "tuple",
                    "values": [
                        0.005129773489502927,
                        0.004714107910466961
                    ]
                },
                {
                    "type": "tuple",
                    "values": [
                        0.008690034151694101,
                        0.008293651778265902
                    ]
                },
                {
                    "type": "tuple",
                    "values": [
                        0.006317099647237805,
                        0.00667589894218
                    ]
                }
            ]
        }
    }
}