{
    "data_name": "J0157-0056",
    "redshift_lens": 0.513,
    "redshift_source": 0.924,
    "slope": NaN,
    "slope_err": NaN,
    "axis_ratio": 0.72,
    "position_angle": 102.6,
    "einstein_radius": 0.79,
    "log_Mein": 11.41,
    "Mein": 257039578276.88666,
    "marker": "v",
    "colour": "firebrick",
    "shear": 0.24,
    "sigma": NaN,
    "sigma_err": NaN,
    "log[M*/M]_chab": NaN,
    "log[M*/M]_salp": NaN,
    "log[Meff/M]": NaN,
    "f_dm_chab": NaN,
    "M200": NaN,
    "r_eff": 1.06,
    "gamma_shajib": NaN,
    "shajib_ue": NaN,
    "shajib_le": NaN,
    "shear_shajib": NaN,
    "shear_shajib_le": NaN,
    "shear_shajib_ue": NaN,
    "phi_shajib": NaN,
    "phi_shajib_le": NaN,
    "phi_shajib_ue": NaN,
    "gamma_Barnabe": NaN,
    "Barnabe_le": NaN,
    "Barnabe_ue": NaN,
    "RA": "\"015758.94\"",
    "DEC": "\"-005626.1\"",
    "subhalo_grid_dimensions_arcsec": 4.0,
    "mask_inner_radius": 0.25,
    "mask_outer_radius": 3.4,
    "scaled_annular": 1,
    "detect_delaunay": 0,
    "bpl_source_mask": 0,
    "mask_circular_radii": 3.5
}