{
    "type": "instance",
    "class_path": "autofit.non_linear.samples.summary.SamplesSummary",
    "arguments": {
        "errors_at_sigma_3": {
            "type": "list",
            "values": [
                {
                    "type": "tuple",
                    "values": [
                        0.14845567554498237,
                        0.09310716452657765
                    ]
                },
                {
                    "type": "tuple",
                    "values": [
                        0.15408355304193935,
                        0.09131357755780145
                    ]
                },
                {
                    "type": "tuple",
                    "values": [
                        0.0462865854505502,
                        0.1736830605119586
                    ]
                },
                {
                    "type": "tuple",
                    "values": [
                        0.06479399863712512,
                        0.05379563269058564
                    ]
                },
                {
                    "type": "tuple",
                    "values": [
                        0.03886168660093779,
                        0.03670879990543331
                    ]
                },
                {
                    "type": "tuple",
                    "values": [
                        0.031202613320437663,
                        0.027893172769714508
                    ]
                },
                {
                    "type": "tuple",
                    "values": [
                        0.053169523579978416,
                        0.02608468469777219
                    ]
                },
                {
                    "type": "tuple",
                    "values": [
                        0.03053199445641737,
                        0.022531030313254263
                    ]
                },
                {
                    "type": "tuple",
                    "values": [
                        0.02166058283025441,
                        0.0291288675045243
                    ]
                },
                {
                    "type": "tuple",
                    "values": [
                        0.23510019437448682,
                        0.5028062396677009
                    ]
                },
                {
                    "type": "tuple",
                    "values": [
                        0.005889929971510055,
                        0.03332473218435558
                    ]
                },
                {
                    "type": "tuple",
                    "values": [
                        0.05083804619315829,
                        0.05141413916603818
                    ]
                }
            ]
        },
        "model": null,
        "errors_at_sigma_1": {
            "type": "list",
            "values": [
                {
                    "type": "tuple",
                    "values": [
                        0.04105809884324266,
                        0.033988538899241555
                    ]
                },
                {
                    "type": "tuple",
                    "values": [
                        0.026322909953547746,
                        0.02329483821035999
                    ]
                },
                {
                    "type": "tuple",
                    "values": [
                        0.017510761210078996,
                        0.02349670552400407
                    ]
                },
                {
                    "type": "tuple",
                    "values": [
                        0.016357238919796457,
                        0.018804240340684966
                    ]
                },
                {
                    "type": "tuple",
                    "values": [
                        0.011320277235509255,
                        0.0113692681304835
                    ]
                },
                {
                    "type": "tuple",
                    "values": [
                        0.010311355337491532,
                        0.008978308812084258
                    ]
                },
                {
                    "type": "tuple",
                    "values": [
                        0.01625553206255468,
                        0.011132121252277333
                    ]
                },
                {
                    "type": "tuple",
                    "values": [
                        0.008611456716146427,
                        0.007862862857588117
                    ]
                },
                {
                    "type": "tuple",
                    "values": [
                        0.007360279547369818,
                        0.008054390622027022
                    ]
                },
                {
                    "type": "tuple",
                    "values": [
                        0.09085220839722052,
                        0.10127221625358507
                    ]
                },
                {
                    "type": "tuple",
                    "values": [
                        0.004201653441690684,
                        0.006934817099986029
                    ]
                },
                {
                    "type": "tuple",
                    "values": [
                        0.01739960601226191,
                        0.01765381583010392
                    ]
                }
            ]
        },
        "values_at_sigma_1": {
            "type": "list",
            "values": [
                {
                    "type": "tuple",
                    "values": [
                        -0.2541188271831004,
                        -0.1790721894406162
                    ]
                },
                {
                    "type": "tuple",
                    "values": [
                        -0.17494999834835004,
                        -0.1253322501844423
                    ]
                },
                {
                    "type": "tuple",
                    "values": [
                        0.9865883414334998,
                        1.027595808167583
                    ]
                },
                {
                    "type": "tuple",
                    "values": [
                        0.0778981753156416,
                        0.11305965457612302
                    ]
                },
                {
                    "type": "tuple",
                    "values": [
                        0.0600755581813312,
                        0.08276510354732396
                    ]
                },
                {
                    "type": "tuple",
                    "values": [
                        -0.037099015580386904,
                        -0.017809351430811114
                    ]
                },
                {
                    "type": "tuple",
                    "values": [
                        -0.02901614673130279,
                        -0.0016284934164707769
                    ]
                },
                {
                    "type": "tuple",
                    "values": [
                        0.02310205567765648,
                        0.03957637525139102
                    ]
                },
                {
                    "type": "tuple",
                    "values": [
                        -0.009694702389216811,
                        0.0057199677801800285
                    ]
                },
                {
                    "type": "tuple",
                    "values": [
                        1.999304568762996,
                        2.1914289934138016
                    ]
                },
                {
                    "type": "tuple",
                    "values": [
                        -0.19829038245778463,
                        -0.18715391191610792
                    ]
                },
                {
                    "type": "tuple",
                    "values": [
                        -0.11329964601741625,
                        -0.07824622417505042
                    ]
                }
            ]
        },
        "values_at_sigma_3": {
            "type": "list",
            "values": [
                {
                    "type": "tuple",
                    "values": [
                        -0.36151640388484013,
                        -0.11995356381328011
                    ]
                },
                {
                    "type": "tuple",
                    "values": [
                        -0.30271064143674165,
                        -0.057313510837000835
                    ]
                },
                {
                    "type": "tuple",
                    "values": [
                        0.9578125171930286,
                        1.1777821631555374
                    ]
                },
                {
                    "type": "tuple",
                    "values": [
                        0.029461415598312925,
                        0.1480510469260237
                    ]
                },
                {
                    "type": "tuple",
                    "values": [
                        0.032534148815902664,
                        0.10810463532227377
                    ]
                },
                {
                    "type": "tuple",
                    "values": [
                        -0.057990273563333035,
                        0.001105512526819136
                    ]
                },
                {
                    "type": "tuple",
                    "values": [
                        -0.06593013824872652,
                        0.01332407002902408
                    ]
                },
                {
                    "type": "tuple",
                    "values": [
                        0.0011815179373855372,
                        0.05424454270705717
                    ]
                },
                {
                    "type": "tuple",
                    "values": [
                        -0.023995005672101406,
                        0.026794444662677306
                    ]
                },
                {
                    "type": "tuple",
                    "values": [
                        1.8550565827857297,
                        2.5929630168279174
                    ]
                },
                {
                    "type": "tuple",
                    "values": [
                        -0.199978658987604,
                        -0.16076399683173836
                    ]
                },
                {
                    "type": "tuple",
                    "values": [
                        -0.14673808619831263,
                        -0.04448590083911616
                    ]
                }
            ]
        },
        "log_evidence": -574.504269951828,
        "max_log_likelihood_sample": {
            "type": "instance",
            "class_path": "autofit.non_linear.samples.sample.Sample",
            "arguments": {
                "log_likelihood": -539.7700478891129,
                "log_prior": 1.4980528478837698,
                "weight": 9.339520522416361e-05,
                "kwargs": {
                    "type": "dict",
                    "arguments": {
                        "galaxies.lens.mass.ell_comps.ell_comps_0": -0.17125634695482247,
                        "galaxies.lens.mass.ell_comps.ell_comps_1": -0.13981273288383933,
                        "galaxies.lens.multipole_4.einstein_radius": 0.973266624247816,
                        "galaxies.lens.multipole_4.centre.centre_0": 0.11732655347152743,
                        "galaxies.lens.multipole_4.centre.centre_1": 0.06929996136816655,
                        "galaxies.lens.multipole_3.multipole_comps.multipole_comps_0": -0.02139750645292,
                        "galaxies.lens.multipole_3.multipole_comps.multipole_comps_1": -0.00490784080121,
                        "galaxies.lens.multipole_4.multipole_comps.multipole_comps_0": 0.03397560949858,
                        "galaxies.lens.multipole_4.multipole_comps.multipole_comps_1": -0.00618162353107,
                        "galaxies.lens.multipole_4.slope": 1.92782336708497,
                        "galaxies.lens.shear.gamma_1": -0.19175027709058,
                        "galaxies.lens.shear.gamma_2": -0.09134745981125
                    }
                }
            }
        },
        "median_pdf_sample": {
            "type": "instance",
            "class_path": "autofit.non_linear.samples.sample.Sample",
            "arguments": {
                "log_likelihood": -539.7700478891129,
                "log_prior": 1.4980528478837698,
                "weight": 9.339520522416361e-05,
                "kwargs": {
                    "type": "dict",
                    "arguments": {
                        "galaxies.lens.mass.ell_comps.ell_comps_0": -0.21306072833985776,
                        "galaxies.lens.mass.ell_comps.ell_comps_1": -0.1486270883948023,
                        "galaxies.lens.multipole_4.einstein_radius": 1.0040991026435788,
                        "galaxies.lens.multipole_4.centre.centre_0": 0.09425541423543805,
                        "galaxies.lens.multipole_4.centre.centre_1": 0.07139583541684046,
                        "galaxies.lens.multipole_3.multipole_comps.multipole_comps_0": -0.026787660242895372,
                        "galaxies.lens.multipole_3.multipole_comps.multipole_comps_1": -0.012760614668748109,
                        "galaxies.lens.multipole_4.multipole_comps.multipole_comps_0": 0.031713512393802906,
                        "galaxies.lens.multipole_4.multipole_comps.multipole_comps_1": -0.0023344228418469932,
                        "galaxies.lens.multipole_4.slope": 2.0901567771602165,
                        "galaxies.lens.shear.gamma_1": -0.19408872901609395,
                        "galaxies.lens.shear.gamma_2": -0.09590004000515434
                    }
                }
            }
        }
    }
}