{
    "type": "instance",
    "class_path": "autofit.non_linear.samples.summary.SamplesSummary",
    "arguments": {
        "values_at_sigma_3": {
            "type": "list",
            "values": [
                {
                    "type": "tuple",
                    "values": [
                        -0.19732577847187,
                        -0.18737438563991043
                    ]
                },
                {
                    "type": "tuple",
                    "values": [
                        -0.21098107540643,
                        -0.20150145668794733
                    ]
                },
                {
                    "type": "tuple",
                    "values": [
                        -0.04490890550899511,
                        0.014327554430174212
                    ]
                },
                {
                    "type": "tuple",
                    "values": [
                        -0.02977971588626,
                        0.03161562971795348
                    ]
                },
                {
                    "type": "tuple",
                    "values": [
                        -0.007557543672748866,
                        0.03468729555762642
                    ]
                },
                {
                    "type": "tuple",
                    "values": [
                        -0.03591081016512,
                        0.033344986607802274
                    ]
                },
                {
                    "type": "tuple",
                    "values": [
                        -0.029083714981354335,
                        0.012402125431266077
                    ]
                },
                {
                    "type": "tuple",
                    "values": [
                        0.01641090678255128,
                        0.069517664254
                    ]
                }
            ]
        },
        "values_at_sigma_1": {
            "type": "list",
            "values": [
                {
                    "type": "tuple",
                    "values": [
                        -0.19380988714985,
                        -0.19008604465053
                    ]
                },
                {
                    "type": "tuple",
                    "values": [
                        -0.2068440293928,
                        -0.2041018087097927
                    ]
                },
                {
                    "type": "tuple",
                    "values": [
                        -0.02486497155672,
                        -0.0012774636373259142
                    ]
                },
                {
                    "type": "tuple",
                    "values": [
                        -0.01310982800513,
                        0.00987889417389
                    ]
                },
                {
                    "type": "tuple",
                    "values": [
                        0.0033684024592605384,
                        0.021932863452105884
                    ]
                },
                {
                    "type": "tuple",
                    "values": [
                        -0.01876413249453,
                        0.00565875351801
                    ]
                },
                {
                    "type": "tuple",
                    "values": [
                        -0.0145367877952,
                        0.001483595821402151
                    ]
                },
                {
                    "type": "tuple",
                    "values": [
                        0.03276278303323582,
                        0.05256497492065
                    ]
                }
            ]
        },
        "median_pdf_sample": {
            "type": "instance",
            "class_path": "autofit.non_linear.samples.sample.Sample",
            "arguments": {
                "log_likelihood": -125.69931085998229,
                "log_prior": 0.0,
                "weight": 0.0009672516014548049,
                "kwargs": {
                    "type": "dict",
                    "arguments": {
                        "ellipses.0.ell_comps.ell_comps_0": -0.19216642580395915,
                        "ellipses.0.ell_comps.ell_comps_1": -0.2052772038267,
                        "multipoles.0.multipole_1.multipole_comps.multipole_comps_0": -0.012952047906454024,
                        "multipoles.0.multipole_1.multipole_comps.multipole_comps_1": -0.0011751093304798676,
                        "multipoles.0.multipole_3.multipole_comps.multipole_comps_0": 0.013185045288850745,
                        "multipoles.0.multipole_3.multipole_comps.multipole_comps_1": -0.008194972582311307,
                        "multipoles.0.multipole_4.multipole_comps.multipole_comps_0": -0.0063586443167,
                        "multipoles.0.multipole_4.multipole_comps.multipole_comps_1": 0.04293251584052118
                    }
                }
            }
        },
        "errors_at_sigma_1": {
            "type": "list",
            "values": [
                {
                    "type": "tuple",
                    "values": [
                        0.0016434613458908565,
                        0.0020803811534291505
                    ]
                },
                {
                    "type": "tuple",
                    "values": [
                        0.0015668255660999941,
                        0.001175395116907313
                    ]
                },
                {
                    "type": "tuple",
                    "values": [
                        0.011912923650265975,
                        0.01167458426912811
                    ]
                },
                {
                    "type": "tuple",
                    "values": [
                        0.011934718674650131,
                        0.011054003504369869
                    ]
                },
                {
                    "type": "tuple",
                    "values": [
                        0.009816642829590206,
                        0.00874781816325514
                    ]
                },
                {
                    "type": "tuple",
                    "values": [
                        0.010569159912218693,
                        0.013853726100321307
                    ]
                },
                {
                    "type": "tuple",
                    "values": [
                        0.0081781434785,
                        0.007842240138102152
                    ]
                },
                {
                    "type": "tuple",
                    "values": [
                        0.010169732807285357,
                        0.009632459080128823
                    ]
                }
            ]
        },
        "max_log_likelihood_sample": {
            "type": "instance",
            "class_path": "autofit.non_linear.samples.sample.Sample",
            "arguments": {
                "log_likelihood": -125.69931085998229,
                "log_prior": 0.0,
                "weight": 0.0009672516014548049,
                "kwargs": {
                    "type": "dict",
                    "arguments": {
                        "ellipses.0.ell_comps.ell_comps_0": -0.19351443261129,
                        "ellipses.0.ell_comps.ell_comps_1": -0.20468446456554,
                        "multipoles.0.multipole_1.multipole_comps.multipole_comps_0": -0.0093266386409,
                        "multipoles.0.multipole_1.multipole_comps.multipole_comps_1": -0.01382236456318,
                        "multipoles.0.multipole_3.multipole_comps.multipole_comps_0": 0.01723196723024,
                        "multipoles.0.multipole_3.multipole_comps.multipole_comps_1": -0.01067132094916,
                        "multipoles.0.multipole_4.multipole_comps.multipole_comps_0": -0.00963000990939,
                        "multipoles.0.multipole_4.multipole_comps.multipole_comps_1": 0.0506480694967
                    }
                }
            }
        },
        "model": null,
        "log_evidence": -150.6798635809492,
        "errors_at_sigma_3": {
            "type": "list",
            "values": [
                {
                    "type": "tuple",
                    "values": [
                        0.005159352667910844,
                        0.0047920401640487165
                    ]
                },
                {
                    "type": "tuple",
                    "values": [
                        0.0057038715797299855,
                        0.003775747138752672
                    ]
                },
                {
                    "type": "tuple",
                    "values": [
                        0.031956857602541085,
                        0.027279602336628236
                    ]
                },
                {
                    "type": "tuple",
                    "values": [
                        0.028604606555780135,
                        0.03279073904843335
                    ]
                },
                {
                    "type": "tuple",
                    "values": [
                        0.020742588961599612,
                        0.021502250268775672
                    ]
                },
                {
                    "type": "tuple",
                    "values": [
                        0.027715837582808697,
                        0.04153995919011358
                    ]
                },
                {
                    "type": "tuple",
                    "values": [
                        0.022725070664654335,
                        0.018760769747966075
                    ]
                },
                {
                    "type": "tuple",
                    "values": [
                        0.026521609057969898,
                        0.026585148413478817
                    ]
                }
            ]
        }
    }
}