{
    "type": "instance",
    "class_path": "autofit.non_linear.samples.summary.SamplesSummary",
    "arguments": {
        "log_evidence": -70.2780937337242,
        "max_log_likelihood_sample": {
            "type": "instance",
            "class_path": "autofit.non_linear.samples.sample.Sample",
            "arguments": {
                "log_likelihood": -51.293476850819225,
                "log_prior": 0.0,
                "weight": 0.0009382532335352278,
                "kwargs": {
                    "type": "dict",
                    "arguments": {
                        "ellipses.0.ell_comps.ell_comps_0": -0.22308996166542,
                        "ellipses.0.ell_comps.ell_comps_1": 0.08741425584258,
                        "multipoles.0.multipole_3.multipole_comps.multipole_comps_0": -0.07910596220643,
                        "multipoles.0.multipole_3.multipole_comps.multipole_comps_1": 0.01560292075863,
                        "multipoles.0.multipole_4.multipole_comps.multipole_comps_0": -0.0356876574947,
                        "multipoles.0.multipole_4.multipole_comps.multipole_comps_1": -0.07023764275709
                    }
                }
            }
        },
        "errors_at_sigma_1": {
            "type": "list",
            "values": [
                {
                    "type": "tuple",
                    "values": [
                        0.0022625807867699965,
                        0.0016675199425262854
                    ]
                },
                {
                    "type": "tuple",
                    "values": [
                        0.005476862611006911,
                        0.0083287926022758
                    ]
                },
                {
                    "type": "tuple",
                    "values": [
                        0.01696259691528794,
                        0.02630175364171497
                    ]
                },
                {
                    "type": "tuple",
                    "values": [
                        0.018024875438572206,
                        0.02958804126940662
                    ]
                },
                {
                    "type": "tuple",
                    "values": [
                        0.010576377794492282,
                        0.012741132558525475
                    ]
                },
                {
                    "type": "tuple",
                    "values": [
                        0.040493854345529344,
                        0.024274078469112458
                    ]
                }
            ]
        },
        "values_at_sigma_1": {
            "type": "list",
            "values": [
                {
                    "type": "tuple",
                    "values": [
                        -0.22502609213546,
                        -0.2210959914061637
                    ]
                },
                {
                    "type": "tuple",
                    "values": [
                        0.08256381625796,
                        0.09636947147124271
                    ]
                },
                {
                    "type": "tuple",
                    "values": [
                        -0.08680171643744554,
                        -0.04353736588044263
                    ]
                },
                {
                    "type": "tuple",
                    "values": [
                        -0.038316773213778826,
                        0.0092961434942
                    ]
                },
                {
                    "type": "tuple",
                    "values": [
                        -0.044486758468034994,
                        -0.021169248115017237
                    ]
                },
                {
                    "type": "tuple",
                    "values": [
                        -0.0719207990542018,
                        -0.00715286623956
                    ]
                }
            ]
        },
        "values_at_sigma_3": {
            "type": "list",
            "values": [
                {
                    "type": "tuple",
                    "values": [
                        -0.24809417202647105,
                        -0.18456833879594586
                    ]
                },
                {
                    "type": "tuple",
                    "values": [
                        0.02747075986557,
                        0.1191437248539927
                    ]
                },
                {
                    "type": "tuple",
                    "values": [
                        -0.09986690109778851,
                        0.07763565737380489
                    ]
                },
                {
                    "type": "tuple",
                    "values": [
                        -0.07939692065351,
                        0.05695535368082
                    ]
                },
                {
                    "type": "tuple",
                    "values": [
                        -0.06582272519612732,
                        0.08291327283185812
                    ]
                },
                {
                    "type": "tuple",
                    "values": [
                        -0.09891344909026574,
                        0.07739708213128
                    ]
                }
            ]
        },
        "model": null,
        "median_pdf_sample": {
            "type": "instance",
            "class_path": "autofit.non_linear.samples.sample.Sample",
            "arguments": {
                "log_likelihood": -51.293476850819225,
                "log_prior": 0.0,
                "weight": 0.0009382532335352278,
                "kwargs": {
                    "type": "dict",
                    "arguments": {
                        "ellipses.0.ell_comps.ell_comps_0": -0.22276351134869,
                        "ellipses.0.ell_comps.ell_comps_1": 0.08804067886896691,
                        "multipoles.0.multipole_3.multipole_comps.multipole_comps_0": -0.0698391195221576,
                        "multipoles.0.multipole_3.multipole_comps.multipole_comps_1": -0.02029189777520662,
                        "multipoles.0.multipole_4.multipole_comps.multipole_comps_0": -0.03391038067354271,
                        "multipoles.0.multipole_4.multipole_comps.multipole_comps_1": -0.03142694470867246
                    }
                }
            }
        },
        "errors_at_sigma_3": {
            "type": "list",
            "values": [
                {
                    "type": "tuple",
                    "values": [
                        0.02533066067778106,
                        0.03819517255274413
                    ]
                },
                {
                    "type": "tuple",
                    "values": [
                        0.06056991900339691,
                        0.031103045985025793
                    ]
                },
                {
                    "type": "tuple",
                    "values": [
                        0.030027781575630907,
                        0.1474747768959625
                    ]
                },
                {
                    "type": "tuple",
                    "values": [
                        0.05910502287830338,
                        0.07724725145602662
                    ]
                },
                {
                    "type": "tuple",
                    "values": [
                        0.03191234452258461,
                        0.11682365350540083
                    ]
                },
                {
                    "type": "tuple",
                    "values": [
                        0.06748650438159329,
                        0.10882402683995246
                    ]
                }
            ]
        }
    }
}