{
    "type": "instance",
    "class_path": "autofit.non_linear.samples.summary.SamplesSummary",
    "arguments": {
        "log_evidence": -225.6160937941584,
        "values_at_sigma_1": {
            "type": "list",
            "values": [
                {
                    "type": "tuple",
                    "values": [
                        -0.0041632783361757126,
                        -0.0023439469935
                    ]
                },
                {
                    "type": "tuple",
                    "values": [
                        -0.013787545507062822,
                        -0.01183709490388
                    ]
                },
                {
                    "type": "tuple",
                    "values": [
                        -0.03970259477032,
                        -0.03361704806796101
                    ]
                },
                {
                    "type": "tuple",
                    "values": [
                        0.01878266617037,
                        0.026299155535363015
                    ]
                },
                {
                    "type": "tuple",
                    "values": [
                        6.885846869570723e-05,
                        0.00245407547495
                    ]
                },
                {
                    "type": "tuple",
                    "values": [
                        -0.0011676862720123062,
                        0.0011924392235031446
                    ]
                },
                {
                    "type": "tuple",
                    "values": [
                        0.00154782101472,
                        0.00382869840025
                    ]
                },
                {
                    "type": "tuple",
                    "values": [
                        -0.0009034542801619245,
                        0.00119301175759
                    ]
                },
                {
                    "type": "tuple",
                    "values": [
                        -0.00163516014039,
                        0.0006442189472199235
                    ]
                },
                {
                    "type": "tuple",
                    "values": [
                        -0.0022821160818220095,
                        -0.0003069483018
                    ]
                },
                {
                    "type": "tuple",
                    "values": [
                        -0.03901414700815,
                        -0.03406404059955
                    ]
                },
                {
                    "type": "tuple",
                    "values": [
                        -0.01641855652373,
                        -0.009563966322572046
                    ]
                },
                {
                    "type": "tuple",
                    "values": [
                        -0.00022327279227,
                        0.00538805427223
                    ]
                },
                {
                    "type": "tuple",
                    "values": [
                        -0.004008834927386659,
                        0.0012962569293493262
                    ]
                },
                {
                    "type": "tuple",
                    "values": [
                        -0.004871408535690801,
                        -0.0008771178176
                    ]
                },
                {
                    "type": "tuple",
                    "values": [
                        -0.0010243115930595463,
                        0.0036737794512955784
                    ]
                },
                {
                    "type": "tuple",
                    "values": [
                        -6.335750087958486e-05,
                        0.005949319763436982
                    ]
                },
                {
                    "type": "tuple",
                    "values": [
                        0.002249261105137751,
                        0.008983581679743223
                    ]
                },
                {
                    "type": "tuple",
                    "values": [
                        -0.07266437800585875,
                        -0.0657396346226982
                    ]
                },
                {
                    "type": "tuple",
                    "values": [
                        -0.045877239910182,
                        -0.03915728380781
                    ]
                },
                {
                    "type": "tuple",
                    "values": [
                        -0.026135509178510454,
                        -0.0121645174546
                    ]
                },
                {
                    "type": "tuple",
                    "values": [
                        -0.010410174626772168,
                        0.0038733992163763192
                    ]
                },
                {
                    "type": "tuple",
                    "values": [
                        -0.003709131486000159,
                        0.00639007579578
                    ]
                },
                {
                    "type": "tuple",
                    "values": [
                        0.01397828203105,
                        0.02200009736701
                    ]
                },
                {
                    "type": "tuple",
                    "values": [
                        0.00863962689586,
                        0.02041221512597
                    ]
                },
                {
                    "type": "tuple",
                    "values": [
                        -0.019611782554347715,
                        -0.006055246148019769
                    ]
                },
                {
                    "type": "tuple",
                    "values": [
                        -0.11983052057901401,
                        -0.11672356172226696
                    ]
                },
                {
                    "type": "tuple",
                    "values": [
                        -0.08134755295985,
                        -0.07404720522711
                    ]
                },
                {
                    "type": "tuple",
                    "values": [
                        -0.03686584454959734,
                        -0.018271280177170227
                    ]
                },
                {
                    "type": "tuple",
                    "values": [
                        -0.00472972442557,
                        0.015084358686644485
                    ]
                },
                {
                    "type": "tuple",
                    "values": [
                        -0.022038501972110425,
                        -0.00445028464607
                    ]
                },
                {
                    "type": "tuple",
                    "values": [
                        -0.0049178059649,
                        0.0036807521274969607
                    ]
                },
                {
                    "type": "tuple",
                    "values": [
                        -0.04927112552251,
                        -0.037030704422091845
                    ]
                },
                {
                    "type": "tuple",
                    "values": [
                        -0.00794362197928,
                        0.00883623603247944
                    ]
                },
                {
                    "type": "tuple",
                    "values": [
                        -0.17696871600601,
                        -0.17175416184140432
                    ]
                },
                {
                    "type": "tuple",
                    "values": [
                        -0.12878151734539,
                        -0.11946261154602707
                    ]
                },
                {
                    "type": "tuple",
                    "values": [
                        -0.06046763767068787,
                        -0.0358167049965
                    ]
                },
                {
                    "type": "tuple",
                    "values": [
                        0.0498977882839231,
                        0.06990383673442659
                    ]
                },
                {
                    "type": "tuple",
                    "values": [
                        -0.037917691202195264,
                        -0.025700158852368565
                    ]
                },
                {
                    "type": "tuple",
                    "values": [
                        0.02124206757192505,
                        0.03069914341194
                    ]
                },
                {
                    "type": "tuple",
                    "values": [
                        -0.03294584119718804,
                        -0.019784425818826064
                    ]
                },
                {
                    "type": "tuple",
                    "values": [
                        0.00435500900096,
                        0.01705924993296926
                    ]
                }
            ]
        },
        "model": null,
        "errors_at_sigma_3": {
            "type": "list",
            "values": [
                {
                    "type": "tuple",
                    "values": [
                        0.003129401591725786,
                        0.0026422221030860107
                    ]
                },
                {
                    "type": "tuple",
                    "values": [
                        0.00252561090816472,
                        0.00302658349829733
                    ]
                },
                {
                    "type": "tuple",
                    "values": [
                        0.008881198599597344,
                        0.008006098786262811
                    ]
                },
                {
                    "type": "tuple",
                    "values": [
                        0.011712147911145662,
                        0.012264577042544338
                    ]
                },
                {
                    "type": "tuple",
                    "values": [
                        0.003375864989470661,
                        0.0028741532704200006
                    ]
                },
                {
                    "type": "tuple",
                    "values": [
                        0.0030595532233477175,
                        0.0027790999801487965
                    ]
                },
                {
                    "type": "tuple",
                    "values": [
                        0.0030739990909573996,
                        0.0033822123757582642
                    ]
                },
                {
                    "type": "tuple",
                    "values": [
                        0.00351849083318,
                        0.0033068829486500003
                    ]
                },
                {
                    "type": "tuple",
                    "values": [
                        0.003066190045043417,
                        0.0034120223431500004
                    ]
                },
                {
                    "type": "tuple",
                    "values": [
                        0.0029723344396073007,
                        0.002364842771631667
                    ]
                },
                {
                    "type": "tuple",
                    "values": [
                        0.007155305054094396,
                        0.007486385162363177
                    ]
                },
                {
                    "type": "tuple",
                    "values": [
                        0.011178601402874761,
                        0.00911535144344
                    ]
                },
                {
                    "type": "tuple",
                    "values": [
                        0.008692470245256222,
                        0.00775537488682
                    ]
                },
                {
                    "type": "tuple",
                    "values": [
                        0.010282874857905437,
                        0.006724033212779999
                    ]
                },
                {
                    "type": "tuple",
                    "values": [
                        0.006218632455939174,
                        0.006139759157540825
                    ]
                },
                {
                    "type": "tuple",
                    "values": [
                        0.00881859610131,
                        0.0055955527483755735
                    ]
                },
                {
                    "type": "tuple",
                    "values": [
                        0.008653131100550661,
                        0.008978125398489432
                    ]
                },
                {
                    "type": "tuple",
                    "values": [
                        0.00870883146544,
                        0.008636992028790001
                    ]
                },
                {
                    "type": "tuple",
                    "values": [
                        0.009541324515451116,
                        0.010272865944870577
                    ]
                },
                {
                    "type": "tuple",
                    "values": [
                        0.011500060797500003,
                        0.010143362043836132
                    ]
                },
                {
                    "type": "tuple",
                    "values": [
                        0.024235874234459998,
                        0.019174431091905544
                    ]
                },
                {
                    "type": "tuple",
                    "values": [
                        0.020809752226168977,
                        0.021800222963891024
                    ]
                },
                {
                    "type": "tuple",
                    "values": [
                        0.014990592761469126,
                        0.014772512344504576
                    ]
                },
                {
                    "type": "tuple",
                    "values": [
                        0.018839941740368023,
                        0.00958698537368909
                    ]
                },
                {
                    "type": "tuple",
                    "values": [
                        0.019936974195417505,
                        0.01686628123483295
                    ]
                },
                {
                    "type": "tuple",
                    "values": [
                        0.021915378671970104,
                        0.019728870779970813
                    ]
                },
                {
                    "type": "tuple",
                    "values": [
                        0.006516198073136539,
                        0.005394129316951948
                    ]
                },
                {
                    "type": "tuple",
                    "values": [
                        0.012618928681542824,
                        0.01345046382420717
                    ]
                },
                {
                    "type": "tuple",
                    "values": [
                        0.030023476519140002,
                        0.03235943788307
                    ]
                },
                {
                    "type": "tuple",
                    "values": [
                        0.04999390225216191,
                        0.025329899099865525
                    ]
                },
                {
                    "type": "tuple",
                    "values": [
                        0.035974098087824126,
                        0.034761455275640715
                    ]
                },
                {
                    "type": "tuple",
                    "values": [
                        0.015290109724051908,
                        0.011914589863177307
                    ]
                },
                {
                    "type": "tuple",
                    "values": [
                        0.019981875312145486,
                        0.033425806300544515
                    ]
                },
                {
                    "type": "tuple",
                    "values": [
                        0.034590381287338566,
                        0.028355150204541917
                    ]
                },
                {
                    "type": "tuple",
                    "values": [
                        0.013982252145023827,
                        0.013471828031936195
                    ]
                },
                {
                    "type": "tuple",
                    "values": [
                        0.010039732890650327,
                        0.0414379497957104
                    ]
                },
                {
                    "type": "tuple",
                    "values": [
                        0.04586040193423831,
                        0.04764214982746512
                    ]
                },
                {
                    "type": "tuple",
                    "values": [
                        0.07331068256186614,
                        0.026839971709017328
                    ]
                },
                {
                    "type": "tuple",
                    "values": [
                        0.02009577140674948,
                        0.020033446420989403
                    ]
                },
                {
                    "type": "tuple",
                    "values": [
                        0.018809847670972477,
                        0.016848464042992287
                    ]
                },
                {
                    "type": "tuple",
                    "values": [
                        0.026339513376053433,
                        0.025488112473714845
                    ]
                },
                {
                    "type": "tuple",
                    "values": [
                        0.02589340769016692,
                        0.021716565405622282
                    ]
                }
            ]
        },
        "values_at_sigma_3": {
            "type": "list",
            "values": [
                {
                    "type": "tuple",
                    "values": [
                        -0.0063194977399,
                        -0.0005478740450882036
                    ]
                },
                {
                    "type": "tuple",
                    "values": [
                        -0.015411984600378265,
                        -0.009859790193916215
                    ]
                },
                {
                    "type": "tuple",
                    "values": [
                        -0.045358073492527344,
                        -0.02847077610666719
                    ]
                },
                {
                    "type": "tuple",
                    "values": [
                        0.0111973632697,
                        0.03517408822339
                    ]
                },
                {
                    "type": "tuple",
                    "values": [
                        -0.0020625874830206606,
                        0.00418743077687
                    ]
                },
                {
                    "type": "tuple",
                    "values": [
                        -0.0029996719460380337,
                        0.0028389812574584803
                    ]
                },
                {
                    "type": "tuple",
                    "values": [
                        -0.0004611917211949684,
                        0.005995019745520695
                    ]
                },
                {
                    "type": "tuple",
                    "values": [
                        -0.00331928334712,
                        0.00350609043471
                    ]
                },
                {
                    "type": "tuple",
                    "values": [
                        -0.003537429442903417,
                        0.00294078294529
                    ]
                },
                {
                    "type": "tuple",
                    "values": [
                        -0.00418021436472,
                        0.0011569628465189679
                    ]
                },
                {
                    "type": "tuple",
                    "values": [
                        -0.0437354263721444,
                        -0.029093736155686827
                    ]
                },
                {
                    "type": "tuple",
                    "values": [
                        -0.02396972604486476,
                        -0.00367577319855
                    ]
                },
                {
                    "type": "tuple",
                    "values": [
                        -0.0060884666821762225,
                        0.0103593784499
                    ]
                },
                {
                    "type": "tuple",
                    "values": [
                        -0.011550247003675436,
                        0.00545666106701
                    ]
                },
                {
                    "type": "tuple",
                    "values": [
                        -0.00912010766486,
                        0.00323828394862
                    ]
                },
                {
                    "type": "tuple",
                    "values": [
                        -0.00741544950699,
                        0.006998699342695574
                    ]
                },
                {
                    "type": "tuple",
                    "values": [
                        -0.005570301699420662,
                        0.012060954799619432
                    ]
                },
                {
                    "type": "tuple",
                    "values": [
                        -0.00317642710241,
                        0.01416939639182
                    ]
                },
                {
                    "type": "tuple",
                    "values": [
                        -0.0787360705773917,
                        -0.05892188011707
                    ]
                },
                {
                    "type": "tuple",
                    "values": [
                        -0.05376586472452,
                        -0.03212244188318387
                    ]
                },
                {
                    "type": "tuple",
                    "values": [
                        -0.04324425178284,
                        0.00016605354352554195
                    ]
                },
                {
                    "type": "tuple",
                    "values": [
                        -0.02423911834756,
                        0.0183708568425
                    ]
                },
                {
                    "type": "tuple",
                    "values": [
                        -0.013864924065129127,
                        0.015898181040844575
                    ]
                },
                {
                    "type": "tuple",
                    "values": [
                        -0.00034919424472,
                        0.028077732869337114
                    ]
                },
                {
                    "type": "tuple",
                    "values": [
                        -0.005433568672979079,
                        0.03136968675727137
                    ]
                },
                {
                    "type": "tuple",
                    "values": [
                        -0.03481715741709,
                        0.006827092034850916
                    ]
                },
                {
                    "type": "tuple",
                    "values": [
                        -0.12473936256987,
                        -0.11282903517978152
                    ]
                },
                {
                    "type": "tuple",
                    "values": [
                        -0.09051393888143,
                        -0.06444454637568
                    ]
                },
                {
                    "type": "tuple",
                    "values": [
                        -0.05751035498062,
                        0.00487255942159
                    ]
                },
                {
                    "type": "tuple",
                    "values": [
                        -0.04434131419696,
                        0.030982487155067438
                    ]
                },
                {
                    "type": "tuple",
                    "values": [
                        -0.0491171834438,
                        0.021618369919664846
                    ]
                },
                {
                    "type": "tuple",
                    "values": [
                        -0.015512941865981908,
                        0.011691757721247307
                    ]
                },
                {
                    "type": "tuple",
                    "values": [
                        -0.06328106955387,
                        -0.00987338794118
                    ]
                },
                {
                    "type": "tuple",
                    "values": [
                        -0.03420161984257049,
                        0.02874391164931
                    ]
                },
                {
                    "type": "tuple",
                    "values": [
                        -0.18781170140697,
                        -0.16035762123001
                    ]
                },
                {
                    "type": "tuple",
                    "values": [
                        -0.13603955186040073,
                        -0.08456186917404
                    ]
                },
                {
                    "type": "tuple",
                    "values": [
                        -0.09468943811822,
                        -0.0011868863565165798
                    ]
                },
                {
                    "type": "tuple",
                    "values": [
                        -0.01207263326538,
                        0.08807802100550347
                    ]
                },
                {
                    "type": "tuple",
                    "values": [
                        -0.05228163692585888,
                        -0.01215241909812
                    ]
                },
                {
                    "type": "tuple",
                    "values": [
                        0.007413289041715236,
                        0.04307160075568
                    ]
                },
                {
                    "type": "tuple",
                    "values": [
                        -0.052828029054373435,
                        -0.0010004032046051546
                    ]
                },
                {
                    "type": "tuple",
                    "values": [
                        -0.01508541609332692,
                        0.03252455700246228
                    ]
                }
            ]
        },
        "errors_at_sigma_1": {
            "type": "list",
            "values": [
                {
                    "type": "tuple",
                    "values": [
                        0.0009731821880014984,
                        0.000846149154674214
                    ]
                },
                {
                    "type": "tuple",
                    "values": [
                        0.0009011718148492776,
                        0.001049278788333545
                    ]
                },
                {
                    "type": "tuple",
                    "values": [
                        0.003225719877390003,
                        0.0028598268249689918
                    ]
                },
                {
                    "type": "tuple",
                    "values": [
                        0.0041268450104756625,
                        0.0033896443545173537
                    ]
                },
                {
                    "type": "tuple",
                    "values": [
                        0.0012444190377542928,
                        0.0011407979684999999
                    ]
                },
                {
                    "type": "tuple",
                    "values": [
                        0.0012275675493219897,
                        0.001132557946193461
                    ]
                },
                {
                    "type": "tuple",
                    "values": [
                        0.0010649863550424312,
                        0.0012158910304875688
                    ]
                },
                {
                    "type": "tuple",
                    "values": [
                        0.0011026617662219245,
                        0.00099380427153
                    ]
                },
                {
                    "type": "tuple",
                    "values": [
                        0.00116392074253,
                        0.0011154583450799236
                    ]
                },
                {
                    "type": "tuple",
                    "values": [
                        0.0010742361567093106,
                        0.000900931623312699
                    ]
                },
                {
                    "type": "tuple",
                    "values": [
                        0.0024340256900999974,
                        0.0025160807185000064
                    ]
                },
                {
                    "type": "tuple",
                    "values": [
                        0.003627431881740001,
                        0.0032271583194179547
                    ]
                },
                {
                    "type": "tuple",
                    "values": [
                        0.00282727635535,
                        0.0027840507091499997
                    ]
                },
                {
                    "type": "tuple",
                    "values": [
                        0.002741462781616659,
                        0.002563629075119326
                    ]
                },
                {
                    "type": "tuple",
                    "values": [
                        0.0019699333267699766,
                        0.0020243573913208248
                    ]
                },
                {
                    "type": "tuple",
                    "values": [
                        0.0024274581873795463,
                        0.0022706328569755785
                    ]
                },
                {
                    "type": "tuple",
                    "values": [
                        0.0031461869020095847,
                        0.002866490362306982
                    ]
                },
                {
                    "type": "tuple",
                    "values": [
                        0.0032831432578922484,
                        0.003451177316713223
                    ]
                },
                {
                    "type": "tuple",
                    "values": [
                        0.0034696319439181666,
                        0.0034551114392423754
                    ]
                },
                {
                    "type": "tuple",
                    "values": [
                        0.0036114359831619994,
                        0.0031085201192099995
                    ]
                },
                {
                    "type": "tuple",
                    "values": [
                        0.007127131630130453,
                        0.006843860093780001
                    ]
                },
                {
                    "type": "tuple",
                    "values": [
                        0.006980808505381145,
                        0.007302765337767343
                    ]
                },
                {
                    "type": "tuple",
                    "values": [
                        0.004834800182340159,
                        0.00526440709944
                    ]
                },
                {
                    "type": "tuple",
                    "values": [
                        0.004512465464598025,
                        0.003509349871361974
                    ]
                },
                {
                    "type": "tuple",
                    "values": [
                        0.005863778626578425,
                        0.005908809603531575
                    ]
                },
                {
                    "type": "tuple",
                    "values": [
                        0.0067100038092278175,
                        0.006846532597100128
                    ]
                },
                {
                    "type": "tuple",
                    "values": [
                        0.0016073560822805477,
                        0.0014996027744665075
                    ]
                },
                {
                    "type": "tuple",
                    "values": [
                        0.003452542759962818,
                        0.0038478049727771746
                    ]
                },
                {
                    "type": "tuple",
                    "values": [
                        0.009378966088117342,
                        0.009215598284309772
                    ]
                },
                {
                    "type": "tuple",
                    "values": [
                        0.010382312480771913,
                        0.009431770631442571
                    ]
                },
                {
                    "type": "tuple",
                    "values": [
                        0.008895416616134553,
                        0.008692800709905872
                    ]
                },
                {
                    "type": "tuple",
                    "values": [
                        0.00469497382297,
                        0.0039035842694269606
                    ]
                },
                {
                    "type": "tuple",
                    "values": [
                        0.005971931280785485,
                        0.006268489819632669
                    ]
                },
                {
                    "type": "tuple",
                    "values": [
                        0.00833238342404808,
                        0.00844747458771136
                    ]
                },
                {
                    "type": "tuple",
                    "values": [
                        0.0031392667440638122,
                        0.0020752874205418603
                    ]
                },
                {
                    "type": "tuple",
                    "values": [
                        0.002781698375639602,
                        0.006537207423723337
                    ]
                },
                {
                    "type": "tuple",
                    "values": [
                        0.011638601486706174,
                        0.013012331187481699
                    ]
                },
                {
                    "type": "tuple",
                    "values": [
                        0.011340261012563038,
                        0.008665787437940449
                    ]
                },
                {
                    "type": "tuple",
                    "values": [
                        0.005731825683085862,
                        0.006485706666740837
                    ]
                },
                {
                    "type": "tuple",
                    "values": [
                        0.004981069140762663,
                        0.004476006699252289
                    ]
                },
                {
                    "type": "tuple",
                    "values": [
                        0.006457325518868039,
                        0.006704089859493938
                    ]
                },
                {
                    "type": "tuple",
                    "values": [
                        0.00645298259588,
                        0.006251258336129259
                    ]
                }
            ]
        },
        "max_log_likelihood_sample": {
            "type": "instance",
            "class_path": "autofit.non_linear.samples.sample.Sample",
            "arguments": {
                "log_likelihood": -145.63799647754013,
                "log_prior": 0.0,
                "weight": 0.0010516894833388984,
                "kwargs": {
                    "type": "dict",
                    "arguments": {
                        "ellipses.ellipse_4.centre.centre_0": -0.00390414561214,
                        "ellipses.ellipse_4.centre.centre_1": -0.01322097055128,
                        "ellipses.ellipse_0.ell_comps.ell_comps_0": -0.03594809851908,
                        "ellipses.ellipse_0.ell_comps.ell_comps_1": 0.02115224019022,
                        "multipoles.0.multipole_1.multipole_comps.multipole_comps_0": 7.64766921e-05,
                        "multipoles.0.multipole_1.multipole_comps.multipole_comps_1": 0.00198403411054,
                        "multipoles.0.multipole_3.multipole_comps.multipole_comps_0": 0.00276002614209,
                        "multipoles.0.multipole_3.multipole_comps.multipole_comps_1": 0.00040785430531,
                        "multipoles.0.multipole_4.multipole_comps.multipole_comps_0": -0.00051607240739,
                        "multipoles.0.multipole_4.multipole_comps.multipole_comps_1": -0.00120457163684,
                        "ellipses.ellipse_1.ell_comps.ell_comps_0": -0.03673334972688,
                        "ellipses.ellipse_1.ell_comps.ell_comps_1": -0.011665542019,
                        "multipoles.1.multipole_1.multipole_comps.multipole_comps_0": 0.0027755966824,
                        "multipoles.1.multipole_1.multipole_comps.multipole_comps_1": 0.00012411627081,
                        "multipoles.1.multipole_3.multipole_comps.multipole_comps_0": -0.00222696005003,
                        "multipoles.1.multipole_3.multipole_comps.multipole_comps_1": -0.00026052851801,
                        "multipoles.1.multipole_4.multipole_comps.multipole_comps_0": 0.00387460126972,
                        "multipoles.1.multipole_4.multipole_comps.multipole_comps_1": 0.00178055935057,
                        "ellipses.ellipse_2.ell_comps.ell_comps_0": -0.06983328598055,
                        "ellipses.ellipse_2.ell_comps.ell_comps_1": -0.03953463306035,
                        "multipoles.2.multipole_1.multipole_comps.multipole_comps_0": -0.02214155241102,
                        "multipoles.2.multipole_1.multipole_comps.multipole_comps_1": -0.0105771428642,
                        "multipoles.2.multipole_3.multipole_comps.multipole_comps_0": 0.00370530816238,
                        "multipoles.2.multipole_3.multipole_comps.multipole_comps_1": 0.01747758824858,
                        "multipoles.2.multipole_4.multipole_comps.multipole_comps_0": 0.01870762370086,
                        "multipoles.2.multipole_4.multipole_comps.multipole_comps_1": -0.01244318834788,
                        "ellipses.ellipse_3.ell_comps.ell_comps_0": -0.11850671331357,
                        "ellipses.ellipse_3.ell_comps.ell_comps_1": -0.07739528948007,
                        "multipoles.3.multipole_1.multipole_comps.multipole_comps_0": -0.03114251198278,
                        "multipoles.3.multipole_1.multipole_comps.multipole_comps_1": 0.00572830217048,
                        "multipoles.3.multipole_3.multipole_comps.multipole_comps_0": -0.01000305507706,
                        "multipoles.3.multipole_3.multipole_comps.multipole_comps_1": -0.00219966905786,
                        "multipoles.3.multipole_4.multipole_comps.multipole_comps_0": -0.03971382370413,
                        "multipoles.3.multipole_4.multipole_comps.multipole_comps_1": 0.00360655964758,
                        "ellipses.ellipse_4.ell_comps.ell_comps_0": -0.17285310550894,
                        "ellipses.ellipse_4.ell_comps.ell_comps_1": -0.12746363482418,
                        "multipoles.4.multipole_1.multipole_comps.multipole_comps_0": -0.04359458897511,
                        "multipoles.4.multipole_1.multipole_comps.multipole_comps_1": 0.06300846492615,
                        "multipoles.4.multipole_3.multipole_comps.multipole_comps_0": -0.02921313165814,
                        "multipoles.4.multipole_3.multipole_comps.multipole_comps_1": 0.02421032715146,
                        "multipoles.4.multipole_4.multipole_comps.multipole_comps_0": -0.02672225283166,
                        "multipoles.4.multipole_4.multipole_comps.multipole_comps_1": 0.01269685498367
                    }
                }
            }
        },
        "median_pdf_sample": {
            "type": "instance",
            "class_path": "autofit.non_linear.samples.sample.Sample",
            "arguments": {
                "log_likelihood": -145.63799647754013,
                "log_prior": 0.0,
                "weight": 0.0010516894833388984,
                "kwargs": {
                    "type": "dict",
                    "arguments": {
                        "ellipses.ellipse_4.centre.centre_0": -0.003190096148174214,
                        "ellipses.ellipse_4.centre.centre_1": -0.012886373692213545,
                        "ellipses.ellipse_0.ell_comps.ell_comps_0": -0.03647687489293,
                        "ellipses.ellipse_0.ell_comps.ell_comps_1": 0.022909511180845662,
                        "multipoles.0.multipole_1.multipole_comps.multipole_comps_0": 0.00131327750645,
                        "multipoles.0.multipole_1.multipole_comps.multipole_comps_1": 5.988127730968367e-05,
                        "multipoles.0.multipole_3.multipole_comps.multipole_comps_0": 0.002612807369762431,
                        "multipoles.0.multipole_3.multipole_comps.multipole_comps_1": 0.00019920748606,
                        "multipoles.0.multipole_4.multipole_comps.multipole_comps_0": -0.00047123939786,
                        "multipoles.0.multipole_4.multipole_comps.multipole_comps_1": -0.001207879925112699,
                        "ellipses.ellipse_1.ell_comps.ell_comps_0": -0.03658012131805,
                        "ellipses.ellipse_1.ell_comps.ell_comps_1": -0.01279112464199,
                        "multipoles.1.multipole_1.multipole_comps.multipole_comps_0": 0.00260400356308,
                        "multipoles.1.multipole_1.multipole_comps.multipole_comps_1": -0.00126737214577,
                        "multipoles.1.multipole_3.multipole_comps.multipole_comps_0": -0.002901475208920825,
                        "multipoles.1.multipole_3.multipole_comps.multipole_comps_1": 0.00140314659432,
                        "multipoles.1.multipole_4.multipole_comps.multipole_comps_0": 0.00308282940113,
                        "multipoles.1.multipole_4.multipole_comps.multipole_comps_1": 0.00553240436303,
                        "ellipses.ellipse_2.ell_comps.ell_comps_0": -0.06919474606194058,
                        "ellipses.ellipse_2.ell_comps.ell_comps_1": -0.04226580392702,
                        "multipoles.2.multipole_1.multipole_comps.multipole_comps_0": -0.01900837754838,
                        "multipoles.2.multipole_1.multipole_comps.multipole_comps_1": -0.003429366121391023,
                        "multipoles.2.multipole_3.multipole_comps.multipole_comps_0": 0.00112566869634,
                        "multipoles.2.multipole_3.multipole_comps.multipole_comps_1": 0.018490747495648024,
                        "multipoles.2.multipole_4.multipole_comps.multipole_comps_0": 0.014503405522438425,
                        "multipoles.2.multipole_4.multipole_comps.multipole_comps_1": -0.012901778745119897,
                        "ellipses.ellipse_3.ell_comps.ell_comps_0": -0.11822316449673347,
                        "ellipses.ellipse_3.ell_comps.ell_comps_1": -0.07789501019988718,
                        "multipoles.3.multipole_1.multipole_comps.multipole_comps_0": -0.02748687846148,
                        "multipoles.3.multipole_1.multipole_comps.multipole_comps_1": 0.005652588055201913,
                        "multipoles.3.multipole_3.multipole_comps.multipole_comps_0": -0.013143085355975873,
                        "multipoles.3.multipole_3.multipole_comps.multipole_comps_1": -0.00022283214193,
                        "multipoles.3.multipole_4.multipole_comps.multipole_comps_0": -0.043299194241724515,
                        "multipoles.3.multipole_4.multipole_comps.multipole_comps_1": 0.00038876144476807995,
                        "ellipses.ellipse_4.ell_comps.ell_comps_0": -0.17382944926194618,
                        "ellipses.ellipse_4.ell_comps.ell_comps_1": -0.1259998189697504,
                        "multipoles.4.multipole_1.multipole_comps.multipole_comps_0": -0.0488290361839817,
                        "multipoles.4.multipole_1.multipole_comps.multipole_comps_1": 0.06123804929648614,
                        "multipoles.4.multipole_3.multipole_comps.multipole_comps_0": -0.0321858655191094,
                        "multipoles.4.multipole_3.multipole_comps.multipole_comps_1": 0.026223136712687712,
                        "multipoles.4.multipole_4.multipole_comps.multipole_comps_0": -0.02648851567832,
                        "multipoles.4.multipole_4.multipole_comps.multipole_comps_1": 0.01080799159684
                    }
                }
            }
        }
    }
}