{
    "type": "instance",
    "class_path": "autofit.non_linear.samples.summary.SamplesSummary",
    "arguments": {
        "model": null,
        "log_evidence": -25.234716012622158,
        "values_at_sigma_3": {
            "type": "list",
            "values": [
                {
                    "type": "tuple",
                    "values": [
                        -0.04428479269753,
                        0.06183805710114842
                    ]
                },
                {
                    "type": "tuple",
                    "values": [
                        -0.06021940379033,
                        0.05870998986924
                    ]
                },
                {
                    "type": "tuple",
                    "values": [
                        -0.06197567065003,
                        0.04651246338000903
                    ]
                },
                {
                    "type": "tuple",
                    "values": [
                        -0.07196794055007,
                        0.048130653275176294
                    ]
                },
                {
                    "type": "tuple",
                    "values": [
                        -0.06496384460265367,
                        0.06476816701625
                    ]
                },
                {
                    "type": "tuple",
                    "values": [
                        -0.0803194184841,
                        0.06641658170836
                    ]
                },
                {
                    "type": "tuple",
                    "values": [
                        -0.05074119691182682,
                        0.06315311446736825
                    ]
                },
                {
                    "type": "tuple",
                    "values": [
                        -0.06395609455432887,
                        0.06871469996337339
                    ]
                }
            ]
        },
        "median_pdf_sample": {
            "type": "instance",
            "class_path": "autofit.non_linear.samples.sample.Sample",
            "arguments": {
                "log_likelihood": -7.671439990005577,
                "log_prior": 0.0,
                "weight": 0.0009964655766729598,
                "kwargs": {
                    "type": "dict",
                    "arguments": {
                        "ellipses.0.ell_comps.ell_comps_0": 0.004333776658432111,
                        "ellipses.0.ell_comps.ell_comps_1": 0.006723271876940404,
                        "multipoles.0.multipole_1.multipole_comps.multipole_comps_0": -0.004288074494504484,
                        "multipoles.0.multipole_1.multipole_comps.multipole_comps_1": -0.01468230831865,
                        "multipoles.0.multipole_3.multipole_comps.multipole_comps_0": 0.01179749229477,
                        "multipoles.0.multipole_3.multipole_comps.multipole_comps_1": 0.00594429493796,
                        "multipoles.0.multipole_4.multipole_comps.multipole_comps_0": -0.005276757271831548,
                        "multipoles.0.multipole_4.multipole_comps.multipole_comps_1": 0.00304991763189
                    }
                }
            }
        },
        "errors_at_sigma_3": {
            "type": "list",
            "values": [
                {
                    "type": "tuple",
                    "values": [
                        0.048618569355962114,
                        0.057504280442716306
                    ]
                },
                {
                    "type": "tuple",
                    "values": [
                        0.0669426756672704,
                        0.05198671799229959
                    ]
                },
                {
                    "type": "tuple",
                    "values": [
                        0.05768759615552552,
                        0.05080053787451351
                    ]
                },
                {
                    "type": "tuple",
                    "values": [
                        0.05728563223142,
                        0.0628129615938263
                    ]
                },
                {
                    "type": "tuple",
                    "values": [
                        0.07676133689742368,
                        0.05297067472148
                    ]
                },
                {
                    "type": "tuple",
                    "values": [
                        0.08626371342206,
                        0.0604722867704
                    ]
                },
                {
                    "type": "tuple",
                    "values": [
                        0.04546443963999527,
                        0.0684298717391998
                    ]
                },
                {
                    "type": "tuple",
                    "values": [
                        0.06700601218621886,
                        0.06566478233148339
                    ]
                }
            ]
        },
        "values_at_sigma_1": {
            "type": "list",
            "values": [
                {
                    "type": "tuple",
                    "values": [
                        -0.01147425070831548,
                        0.01818969660516
                    ]
                },
                {
                    "type": "tuple",
                    "values": [
                        -0.010704866672871832,
                        0.015628371054776356
                    ]
                },
                {
                    "type": "tuple",
                    "values": [
                        -0.01855737314768,
                        0.010826767650083492
                    ]
                },
                {
                    "type": "tuple",
                    "values": [
                        -0.02726693279516282,
                        0.0011648136188241861
                    ]
                },
                {
                    "type": "tuple",
                    "values": [
                        -0.018854788849244745,
                        0.0340645119447
                    ]
                },
                {
                    "type": "tuple",
                    "values": [
                        -0.01585238980316,
                        0.03568730463455
                    ]
                },
                {
                    "type": "tuple",
                    "values": [
                        -0.02534383260951968,
                        0.021520907942223208
                    ]
                },
                {
                    "type": "tuple",
                    "values": [
                        -0.02280084120211,
                        0.03242679492982524
                    ]
                }
            ]
        },
        "max_log_likelihood_sample": {
            "type": "instance",
            "class_path": "autofit.non_linear.samples.sample.Sample",
            "arguments": {
                "log_likelihood": -7.671439990005577,
                "log_prior": 0.0,
                "weight": 0.0009964655766729598,
                "kwargs": {
                    "type": "dict",
                    "arguments": {
                        "ellipses.0.ell_comps.ell_comps_0": -0.00250647490611,
                        "ellipses.0.ell_comps.ell_comps_1": 0.0106581223838,
                        "multipoles.0.multipole_1.multipole_comps.multipole_comps_0": -0.01713669157835,
                        "multipoles.0.multipole_1.multipole_comps.multipole_comps_1": -0.01540662349247,
                        "multipoles.0.multipole_3.multipole_comps.multipole_comps_0": 0.04760606331815,
                        "multipoles.0.multipole_3.multipole_comps.multipole_comps_1": 0.00667454100715,
                        "multipoles.0.multipole_4.multipole_comps.multipole_comps_0": 0.02829095839335,
                        "multipoles.0.multipole_4.multipole_comps.multipole_comps_1": -0.00127101404464
                    }
                }
            }
        },
        "errors_at_sigma_1": {
            "type": "list",
            "values": [
                {
                    "type": "tuple",
                    "values": [
                        0.01580802736674759,
                        0.013855919946727888
                    ]
                },
                {
                    "type": "tuple",
                    "values": [
                        0.017428138549812237,
                        0.00890509917783595
                    ]
                },
                {
                    "type": "tuple",
                    "values": [
                        0.014269298653175515,
                        0.015114842144587975
                    ]
                },
                {
                    "type": "tuple",
                    "values": [
                        0.012584624476512821,
                        0.015847121937474187
                    ]
                },
                {
                    "type": "tuple",
                    "values": [
                        0.030652281144014745,
                        0.022267019649929998
                    ]
                },
                {
                    "type": "tuple",
                    "values": [
                        0.02179668474112,
                        0.02974300969659
                    ]
                },
                {
                    "type": "tuple",
                    "values": [
                        0.020067075337688135,
                        0.026797665214054755
                    ]
                },
                {
                    "type": "tuple",
                    "values": [
                        0.025850758834000002,
                        0.029376877297935238
                    ]
                }
            ]
        }
    }
}