{
    "type": "instance",
    "class_path": "autofit.non_linear.samples.summary.SamplesSummary",
    "arguments": {
        "values_at_sigma_3": {
            "type": "list",
            "values": [
                {
                    "type": "tuple",
                    "values": [
                        0.0019103460817900837,
                        0.0040732207655220015
                    ]
                },
                {
                    "type": "tuple",
                    "values": [
                        0.00181404076598,
                        0.004164866156846779
                    ]
                },
                {
                    "type": "tuple",
                    "values": [
                        -0.11663928147469056,
                        -0.10806265905647251
                    ]
                },
                {
                    "type": "tuple",
                    "values": [
                        0.010617563629860449,
                        0.020792171676259866
                    ]
                },
                {
                    "type": "tuple",
                    "values": [
                        -0.27719554098011,
                        -0.2706334517009
                    ]
                },
                {
                    "type": "tuple",
                    "values": [
                        0.025036153770640612,
                        0.03371138364524665
                    ]
                },
                {
                    "type": "tuple",
                    "values": [
                        -0.436577415135648,
                        -0.4298510284796126
                    ]
                },
                {
                    "type": "tuple",
                    "values": [
                        0.024731105706332454,
                        0.03231848498772162
                    ]
                },
                {
                    "type": "tuple",
                    "values": [
                        -0.4627557519831,
                        -0.45013967483450834
                    ]
                },
                {
                    "type": "tuple",
                    "values": [
                        0.00596244061664725,
                        0.02158736197295
                    ]
                },
                {
                    "type": "tuple",
                    "values": [
                        -0.5002280561023074,
                        -0.453257626006566
                    ]
                },
                {
                    "type": "tuple",
                    "values": [
                        -0.002699807720793148,
                        0.03563836525096
                    ]
                }
            ]
        },
        "log_evidence": -848.279862658979,
        "errors_at_sigma_3": {
            "type": "list",
            "values": [
                {
                    "type": "tuple",
                    "values": [
                        0.0010811647068534012,
                        0.0010817099768785166
                    ]
                },
                {
                    "type": "tuple",
                    "values": [
                        0.001114000455,
                        0.0012368249358667791
                    ]
                },
                {
                    "type": "tuple",
                    "values": [
                        0.0038591347309242102,
                        0.004717487687293839
                    ]
                },
                {
                    "type": "tuple",
                    "values": [
                        0.005350405904013214,
                        0.004824202142386203
                    ]
                },
                {
                    "type": "tuple",
                    "values": [
                        0.0029883127530123677,
                        0.0035737765261976695
                    ]
                },
                {
                    "type": "tuple",
                    "values": [
                        0.004629640451988083,
                        0.004045589422617957
                    ]
                },
                {
                    "type": "tuple",
                    "values": [
                        0.0033218133437279973,
                        0.003404573312307424
                    ]
                },
                {
                    "type": "tuple",
                    "values": [
                        0.0040058873463475475,
                        0.0035814919350416197
                    ]
                },
                {
                    "type": "tuple",
                    "values": [
                        0.006744487234304264,
                        0.005871589914287378
                    ]
                },
                {
                    "type": "tuple",
                    "values": [
                        0.00739939604344275,
                        0.008225525312860001
                    ]
                },
                {
                    "type": "tuple",
                    "values": [
                        0.011818931653389375,
                        0.03515149844235199
                    ]
                },
                {
                    "type": "tuple",
                    "values": [
                        0.012873708445253148,
                        0.025464464526500002
                    ]
                }
            ]
        },
        "values_at_sigma_1": {
            "type": "list",
            "values": [
                {
                    "type": "tuple",
                    "values": [
                        0.0026530894713154944,
                        0.0033879755230486397
                    ]
                },
                {
                    "type": "tuple",
                    "values": [
                        0.002554242948575802,
                        0.00332860762407
                    ]
                },
                {
                    "type": "tuple",
                    "values": [
                        -0.11412033915808,
                        -0.11140400071688797
                    ]
                },
                {
                    "type": "tuple",
                    "values": [
                        0.01435662468487,
                        0.017484849408027546
                    ]
                },
                {
                    "type": "tuple",
                    "values": [
                        -0.2751925111821,
                        -0.2730127559683
                    ]
                },
                {
                    "type": "tuple",
                    "values": [
                        0.02846599173821,
                        0.03097199082411964
                    ]
                },
                {
                    "type": "tuple",
                    "values": [
                        -0.43448234523034546,
                        -0.43196734804023
                    ]
                },
                {
                    "type": "tuple",
                    "values": [
                        0.027438173532078475,
                        0.02996039433006834
                    ]
                },
                {
                    "type": "tuple",
                    "values": [
                        -0.45829170505327,
                        -0.4540905270182269
                    ]
                },
                {
                    "type": "tuple",
                    "values": [
                        0.011028076669306526,
                        0.01532269267273
                    ]
                },
                {
                    "type": "tuple",
                    "values": [
                        -0.49317190665867505,
                        -0.481388571268836
                    ]
                },
                {
                    "type": "tuple",
                    "values": [
                        0.00660581109279,
                        0.02116085412957
                    ]
                }
            ]
        },
        "errors_at_sigma_1": {
            "type": "list",
            "values": [
                {
                    "type": "tuple",
                    "values": [
                        0.0003384213173279905,
                        0.00039646473440515476
                    ]
                },
                {
                    "type": "tuple",
                    "values": [
                        0.000373798272404198,
                        0.00040056640308999995
                    ]
                },
                {
                    "type": "tuple",
                    "values": [
                        0.0013401924143136429,
                        0.0013761460268783832
                    ]
                },
                {
                    "type": "tuple",
                    "values": [
                        0.0016113448490036632,
                        0.0015168798741538835
                    ]
                },
                {
                    "type": "tuple",
                    "values": [
                        0.0009852829550023312,
                        0.001194472258797652
                    ]
                },
                {
                    "type": "tuple",
                    "values": [
                        0.001199802484418696,
                        0.001306196601490943
                    ]
                },
                {
                    "type": "tuple",
                    "values": [
                        0.0012267434384254372,
                        0.001288253751690005
                    ]
                },
                {
                    "type": "tuple",
                    "values": [
                        0.0012988195206015268,
                        0.001223401277388337
                    ]
                },
                {
                    "type": "tuple",
                    "values": [
                        0.002280440304474274,
                        0.0019207377305688333
                    ]
                },
                {
                    "type": "tuple",
                    "values": [
                        0.002333759990783474,
                        0.0019608560126400006
                    ]
                },
                {
                    "type": "tuple",
                    "values": [
                        0.004762782209757066,
                        0.00702055318008199
                    ]
                },
                {
                    "type": "tuple",
                    "values": [
                        0.00356808963167,
                        0.01098695340511
                    ]
                }
            ]
        },
        "median_pdf_sample": {
            "type": "instance",
            "class_path": "autofit.non_linear.samples.sample.Sample",
            "arguments": {
                "log_likelihood": -785.4692490316389,
                "log_prior": 0.0,
                "weight": 0.0008960119769547819,
                "kwargs": {
                    "type": "dict",
                    "arguments": {
                        "ellipses.ellipse_4.centre.centre_0": 0.002991510788643485,
                        "ellipses.ellipse_4.centre.centre_1": 0.00292804122098,
                        "ellipses.ellipse_0.ell_comps.ell_comps_0": -0.11278014674376635,
                        "ellipses.ellipse_0.ell_comps.ell_comps_1": 0.015967969533873663,
                        "ellipses.ellipse_1.ell_comps.ell_comps_0": -0.27420722822709764,
                        "ellipses.ellipse_1.ell_comps.ell_comps_1": 0.029665794222628696,
                        "ellipses.ellipse_2.ell_comps.ell_comps_0": -0.43325560179192,
                        "ellipses.ellipse_2.ell_comps.ell_comps_1": 0.02873699305268,
                        "ellipses.ellipse_3.ell_comps.ell_comps_0": -0.4560112647487957,
                        "ellipses.ellipse_3.ell_comps.ell_comps_1": 0.01336183666009,
                        "ellipses.ellipse_4.ell_comps.ell_comps_0": -0.488409124448918,
                        "ellipses.ellipse_4.ell_comps.ell_comps_1": 0.01017390072446
                    }
                }
            }
        },
        "model": null,
        "max_log_likelihood_sample": {
            "type": "instance",
            "class_path": "autofit.non_linear.samples.sample.Sample",
            "arguments": {
                "log_likelihood": -785.4692490316389,
                "log_prior": 0.0,
                "weight": 0.0008960119769547819,
                "kwargs": {
                    "type": "dict",
                    "arguments": {
                        "ellipses.ellipse_4.centre.centre_0": 0.00293797123492,
                        "ellipses.ellipse_4.centre.centre_1": 0.00281555510711,
                        "ellipses.ellipse_0.ell_comps.ell_comps_0": -0.11218302738274,
                        "ellipses.ellipse_0.ell_comps.ell_comps_1": 0.01559370877534,
                        "ellipses.ellipse_1.ell_comps.ell_comps_0": -0.27402693724986,
                        "ellipses.ellipse_1.ell_comps.ell_comps_1": 0.02911522553112,
                        "ellipses.ellipse_2.ell_comps.ell_comps_0": -0.43448273648245,
                        "ellipses.ellipse_2.ell_comps.ell_comps_1": 0.02910676028715,
                        "ellipses.ellipse_3.ell_comps.ell_comps_0": -0.45486020511025,
                        "ellipses.ellipse_3.ell_comps.ell_comps_1": 0.01177402296233,
                        "ellipses.ellipse_4.ell_comps.ell_comps_0": -0.48945497375311,
                        "ellipses.ellipse_4.ell_comps.ell_comps_1": 0.00920261953143
                    }
                }
            }
        }
    }
}