{
    "type": "instance",
    "class_path": "autofit.non_linear.samples.summary.SamplesSummary",
    "arguments": {
        "log_evidence": -77.17898473684284,
        "max_log_likelihood_sample": {
            "type": "instance",
            "class_path": "autofit.non_linear.samples.sample.Sample",
            "arguments": {
                "log_likelihood": -53.797634740105885,
                "log_prior": 0.0,
                "weight": 0.0009875454647803202,
                "kwargs": {
                    "type": "dict",
                    "arguments": {
                        "ellipses.0.ell_comps.ell_comps_0": -0.1603777562362,
                        "ellipses.0.ell_comps.ell_comps_1": 0.11035846471255,
                        "multipoles.0.multipole_3.multipole_comps.multipole_comps_0": -0.05447831287333,
                        "multipoles.0.multipole_3.multipole_comps.multipole_comps_1": 0.02256915135449,
                        "multipoles.0.multipole_4.multipole_comps.multipole_comps_0": -0.08022892707992,
                        "multipoles.0.multipole_4.multipole_comps.multipole_comps_1": 0.00522731119455
                    }
                }
            }
        },
        "errors_at_sigma_1": {
            "type": "list",
            "values": [
                {
                    "type": "tuple",
                    "values": [
                        0.0016834206987296485,
                        0.0005122605435748939
                    ]
                },
                {
                    "type": "tuple",
                    "values": [
                        0.0021441716371986413,
                        0.0008552894922207177
                    ]
                },
                {
                    "type": "tuple",
                    "values": [
                        0.007052075115189703,
                        0.009309375437580349
                    ]
                },
                {
                    "type": "tuple",
                    "values": [
                        0.02078333859517,
                        0.008304029337849999
                    ]
                },
                {
                    "type": "tuple",
                    "values": [
                        0.010059951021371652,
                        0.013248382378099999
                    ]
                },
                {
                    "type": "tuple",
                    "values": [
                        0.007653386994858161,
                        0.005716083696731241
                    ]
                }
            ]
        },
        "values_at_sigma_1": {
            "type": "list",
            "values": [
                {
                    "type": "tuple",
                    "values": [
                        -0.16242060171971454,
                        -0.16022492047741
                    ]
                },
                {
                    "type": "tuple",
                    "values": [
                        0.10798486560063,
                        0.11098432673004936
                    ]
                },
                {
                    "type": "tuple",
                    "values": [
                        -0.0576074073702197,
                        -0.04124595681744965
                    ]
                },
                {
                    "type": "tuple",
                    "values": [
                        -0.00435224319133,
                        0.02473512474169
                    ]
                },
                {
                    "type": "tuple",
                    "values": [
                        -0.08714301481762166,
                        -0.06383468141815
                    ]
                },
                {
                    "type": "tuple",
                    "values": [
                        -0.0037711841124986826,
                        0.009598286579090719
                    ]
                }
            ]
        },
        "values_at_sigma_3": {
            "type": "list",
            "values": [
                {
                    "type": "tuple",
                    "values": [
                        -0.16585407198107277,
                        -0.15711020133857
                    ]
                },
                {
                    "type": "tuple",
                    "values": [
                        0.10145697579673298,
                        0.11817951648651794
                    ]
                },
                {
                    "type": "tuple",
                    "values": [
                        -0.07282695115443,
                        -0.018573939070469336
                    ]
                },
                {
                    "type": "tuple",
                    "values": [
                        -0.038149866880458315,
                        0.04043338436604
                    ]
                },
                {
                    "type": "tuple",
                    "values": [
                        -0.09942372366789692,
                        -0.01700508855401
                    ]
                },
                {
                    "type": "tuple",
                    "values": [
                        -0.01947913883855,
                        0.02191728013446665
                    ]
                }
            ]
        },
        "model": null,
        "median_pdf_sample": {
            "type": "instance",
            "class_path": "autofit.non_linear.samples.sample.Sample",
            "arguments": {
                "log_likelihood": -53.797634740105885,
                "log_prior": 0.0,
                "weight": 0.0009875454647803202,
                "kwargs": {
                    "type": "dict",
                    "arguments": {
                        "ellipses.0.ell_comps.ell_comps_0": -0.1607371810209849,
                        "ellipses.0.ell_comps.ell_comps_1": 0.11012903723782864,
                        "multipoles.0.multipole_3.multipole_comps.multipole_comps_0": -0.05055533225503,
                        "multipoles.0.multipole_3.multipole_comps.multipole_comps_1": 0.01643109540384,
                        "multipoles.0.multipole_4.multipole_comps.multipole_comps_0": -0.07708306379625,
                        "multipoles.0.multipole_4.multipole_comps.multipole_comps_1": 0.003882202882359479
                    }
                }
            }
        },
        "errors_at_sigma_3": {
            "type": "list",
            "values": [
                {
                    "type": "tuple",
                    "values": [
                        0.005116890960087883,
                        0.003626979682414877
                    ]
                },
                {
                    "type": "tuple",
                    "values": [
                        0.008672061441095669,
                        0.00805047924868929
                    ]
                },
                {
                    "type": "tuple",
                    "values": [
                        0.0222716188994,
                        0.03198139318456066
                    ]
                },
                {
                    "type": "tuple",
                    "values": [
                        0.05458096228429832,
                        0.0240022889622
                    ]
                },
                {
                    "type": "tuple",
                    "values": [
                        0.02234065987164692,
                        0.060077975242240005
                    ]
                },
                {
                    "type": "tuple",
                    "values": [
                        0.02336134172090948,
                        0.018035077252107172
                    ]
                }
            ]
        }
    }
}