{
    "type": "instance",
    "class_path": "autofit.non_linear.samples.summary.SamplesSummary",
    "arguments": {
        "median_pdf_sample": {
            "type": "instance",
            "class_path": "autofit.non_linear.samples.sample.Sample",
            "arguments": {
                "log_likelihood": -63.292811061824096,
                "log_prior": 0.0,
                "weight": 0.0010167338433112489,
                "kwargs": {
                    "type": "dict",
                    "arguments": {
                        "ellipses.0.ell_comps.ell_comps_0": -0.10455017211983,
                        "ellipses.0.ell_comps.ell_comps_1": 0.019038820201117704,
                        "multipoles.0.multipole_3.multipole_comps.multipole_comps_0": 0.00385119078451,
                        "multipoles.0.multipole_3.multipole_comps.multipole_comps_1": -0.006173982071278314,
                        "multipoles.0.multipole_4.multipole_comps.multipole_comps_0": 0.011298316244492618,
                        "multipoles.0.multipole_4.multipole_comps.multipole_comps_1": -0.006234338740928809
                    }
                }
            }
        },
        "errors_at_sigma_3": {
            "type": "list",
            "values": [
                {
                    "type": "tuple",
                    "values": [
                        0.014827313643069995,
                        0.015944034067440008
                    ]
                },
                {
                    "type": "tuple",
                    "values": [
                        0.012037617997547705,
                        0.013653177886532294
                    ]
                },
                {
                    "type": "tuple",
                    "values": [
                        0.01927989015137682,
                        0.01523037889833
                    ]
                },
                {
                    "type": "tuple",
                    "values": [
                        0.02153522615515723,
                        0.025889329293098316
                    ]
                },
                {
                    "type": "tuple",
                    "values": [
                        0.025595034383575105,
                        0.020180858109746402
                    ]
                },
                {
                    "type": "tuple",
                    "values": [
                        0.028263628462557942,
                        0.03099959910063769
                    ]
                }
            ]
        },
        "log_evidence": -83.2114966412326,
        "errors_at_sigma_1": {
            "type": "list",
            "values": [
                {
                    "type": "tuple",
                    "values": [
                        0.006644780670541181,
                        0.005223446524650288
                    ]
                },
                {
                    "type": "tuple",
                    "values": [
                        0.004435398598767704,
                        0.004926877626724287
                    ]
                },
                {
                    "type": "tuple",
                    "values": [
                        0.005863794696876069,
                        0.0057965238244700006
                    ]
                },
                {
                    "type": "tuple",
                    "values": [
                        0.008374870636461685,
                        0.010065872089848507
                    ]
                },
                {
                    "type": "tuple",
                    "values": [
                        0.007910304875412617,
                        0.007467373939847382
                    ]
                },
                {
                    "type": "tuple",
                    "values": [
                        0.009922710433531193,
                        0.011646091906498807
                    ]
                }
            ]
        },
        "model": null,
        "values_at_sigma_3": {
            "type": "list",
            "values": [
                {
                    "type": "tuple",
                    "values": [
                        -0.1193774857629,
                        -0.08860613805239
                    ]
                },
                {
                    "type": "tuple",
                    "values": [
                        0.00700120220357,
                        0.03269199808765
                    ]
                },
                {
                    "type": "tuple",
                    "values": [
                        -0.01542869936686682,
                        0.01908156968284
                    ]
                },
                {
                    "type": "tuple",
                    "values": [
                        -0.027709208226435543,
                        0.01971534722182
                    ]
                },
                {
                    "type": "tuple",
                    "values": [
                        -0.014296718139082489,
                        0.03147917435423902
                    ]
                },
                {
                    "type": "tuple",
                    "values": [
                        -0.03449796720348675,
                        0.024765260359708878
                    ]
                }
            ]
        },
        "max_log_likelihood_sample": {
            "type": "instance",
            "class_path": "autofit.non_linear.samples.sample.Sample",
            "arguments": {
                "log_likelihood": -63.292811061824096,
                "log_prior": 0.0,
                "weight": 0.0010167338433112489,
                "kwargs": {
                    "type": "dict",
                    "arguments": {
                        "ellipses.0.ell_comps.ell_comps_0": -0.10407163642395,
                        "ellipses.0.ell_comps.ell_comps_1": 0.01710482788442,
                        "multipoles.0.multipole_3.multipole_comps.multipole_comps_0": 0.00050637740856,
                        "multipoles.0.multipole_3.multipole_comps.multipole_comps_1": -0.01181668945892,
                        "multipoles.0.multipole_4.multipole_comps.multipole_comps_0": 0.01331015559791,
                        "multipoles.0.multipole_4.multipole_comps.multipole_comps_1": -0.00484727830801
                    }
                }
            }
        },
        "values_at_sigma_1": {
            "type": "list",
            "values": [
                {
                    "type": "tuple",
                    "values": [
                        -0.11119495279037118,
                        -0.09932672559517972
                    ]
                },
                {
                    "type": "tuple",
                    "values": [
                        0.01460342160235,
                        0.02396569782784199
                    ]
                },
                {
                    "type": "tuple",
                    "values": [
                        -0.0020126039123660694,
                        0.00964771460898
                    ]
                },
                {
                    "type": "tuple",
                    "values": [
                        -0.01454885270774,
                        0.0038918900185701943
                    ]
                },
                {
                    "type": "tuple",
                    "values": [
                        0.00338801136908,
                        0.01876569018434
                    ]
                },
                {
                    "type": "tuple",
                    "values": [
                        -0.01615704917446,
                        0.00541175316557
                    ]
                }
            ]
        }
    }
}