{
    "type": "instance",
    "class_path": "autofit.non_linear.samples.summary.SamplesSummary",
    "arguments": {
        "log_evidence": -64.47872653164472,
        "max_log_likelihood_sample": {
            "type": "instance",
            "class_path": "autofit.non_linear.samples.sample.Sample",
            "arguments": {
                "log_likelihood": -45.88842531785544,
                "log_prior": 0.0,
                "weight": 0.0010771428935078215,
                "kwargs": {
                    "type": "dict",
                    "arguments": {
                        "ellipses.0.ell_comps.ell_comps_0": -0.13434614047759,
                        "ellipses.0.ell_comps.ell_comps_1": 0.07349920127965,
                        "multipoles.0.multipole_3.multipole_comps.multipole_comps_0": 0.00630542634388,
                        "multipoles.0.multipole_3.multipole_comps.multipole_comps_1": 0.01417655608481,
                        "multipoles.0.multipole_4.multipole_comps.multipole_comps_0": -0.04042910970373,
                        "multipoles.0.multipole_4.multipole_comps.multipole_comps_1": 0.04491373605501
                    }
                }
            }
        },
        "errors_at_sigma_1": {
            "type": "list",
            "values": [
                {
                    "type": "tuple",
                    "values": [
                        0.013489713263557829,
                        0.004285724967110022
                    ]
                },
                {
                    "type": "tuple",
                    "values": [
                        0.003377061374478449,
                        0.005939500137503731
                    ]
                },
                {
                    "type": "tuple",
                    "values": [
                        0.031002488816814076,
                        0.016061337214935918
                    ]
                },
                {
                    "type": "tuple",
                    "values": [
                        0.032423466946086325,
                        0.03610752693881711
                    ]
                },
                {
                    "type": "tuple",
                    "values": [
                        0.012702645837784944,
                        0.017843896414594135
                    ]
                },
                {
                    "type": "tuple",
                    "values": [
                        0.03114844454921464,
                        0.015703059911115355
                    ]
                }
            ]
        },
        "values_at_sigma_1": {
            "type": "list",
            "values": [
                {
                    "type": "tuple",
                    "values": [
                        -0.14680681072365784,
                        -0.12903137249299
                    ]
                },
                {
                    "type": "tuple",
                    "values": [
                        0.07559908400813155,
                        0.08491564552011373
                    ]
                },
                {
                    "type": "tuple",
                    "values": [
                        -0.03365353945593,
                        0.01341028657582
                    ]
                },
                {
                    "type": "tuple",
                    "values": [
                        -0.029067785065728997,
                        0.039463208819174436
                    ]
                },
                {
                    "type": "tuple",
                    "values": [
                        -0.06145824076347495,
                        -0.03091169851109587
                    ]
                },
                {
                    "type": "tuple",
                    "values": [
                        0.03107242402138,
                        0.07792392848171
                    ]
                }
            ]
        },
        "values_at_sigma_3": {
            "type": "list",
            "values": [
                {
                    "type": "tuple",
                    "values": [
                        -0.15045505923939,
                        -0.11562195484393815
                    ]
                },
                {
                    "type": "tuple",
                    "values": [
                        0.06452714515498056,
                        0.10487804095883467
                    ]
                },
                {
                    "type": "tuple",
                    "values": [
                        -0.05510697598098,
                        0.04234735955568531
                    ]
                },
                {
                    "type": "tuple",
                    "values": [
                        -0.09108455229482,
                        0.09709376956427634
                    ]
                },
                {
                    "type": "tuple",
                    "values": [
                        -0.09872619826149,
                        -0.00197690810569
                    ]
                },
                {
                    "type": "tuple",
                    "values": [
                        -0.025076260827272375,
                        0.09807627712303
                    ]
                }
            ]
        },
        "model": null,
        "median_pdf_sample": {
            "type": "instance",
            "class_path": "autofit.non_linear.samples.sample.Sample",
            "arguments": {
                "log_likelihood": -45.88842531785544,
                "log_prior": 0.0,
                "weight": 0.0010771428935078215,
                "kwargs": {
                    "type": "dict",
                    "arguments": {
                        "ellipses.0.ell_comps.ell_comps_0": -0.1333170974601,
                        "ellipses.0.ell_comps.ell_comps_1": 0.07897614538261,
                        "multipoles.0.multipole_3.multipole_comps.multipole_comps_0": -0.00265105063911592,
                        "multipoles.0.multipole_3.multipole_comps.multipole_comps_1": 0.00335568188035733,
                        "multipoles.0.multipole_4.multipole_comps.multipole_comps_0": -0.04875559492569,
                        "multipoles.0.multipole_4.multipole_comps.multipole_comps_1": 0.06222086857059464
                    }
                }
            }
        },
        "errors_at_sigma_3": {
            "type": "list",
            "values": [
                {
                    "type": "tuple",
                    "values": [
                        0.01713796177929,
                        0.017695142616161855
                    ]
                },
                {
                    "type": "tuple",
                    "values": [
                        0.014449000227629433,
                        0.025901895576224673
                    ]
                },
                {
                    "type": "tuple",
                    "values": [
                        0.05245592534186408,
                        0.04499841019480123
                    ]
                },
                {
                    "type": "tuple",
                    "values": [
                        0.09444023417517733,
                        0.09373808768391902
                    ]
                },
                {
                    "type": "tuple",
                    "values": [
                        0.049970603335799994,
                        0.046778686820000005
                    ]
                },
                {
                    "type": "tuple",
                    "values": [
                        0.08729712939786702,
                        0.03585540855243537
                    ]
                }
            ]
        }
    }
}