{
    "type": "instance",
    "class_path": "autofit.non_linear.samples.summary.SamplesSummary",
    "arguments": {
        "values_at_sigma_1": {
            "type": "list",
            "values": [
                {
                    "type": "tuple",
                    "values": [
                        0.04801620960956305,
                        0.05475059755801894
                    ]
                },
                {
                    "type": "tuple",
                    "values": [
                        -0.07533481261760652,
                        -0.069286674851537
                    ]
                },
                {
                    "type": "tuple",
                    "values": [
                        -0.00855038407742,
                        -7.926969536e-05
                    ]
                },
                {
                    "type": "tuple",
                    "values": [
                        0.0002609357433643362,
                        0.009809162421446279
                    ]
                },
                {
                    "type": "tuple",
                    "values": [
                        -0.002718431763643276,
                        0.005901312307848223
                    ]
                },
                {
                    "type": "tuple",
                    "values": [
                        -0.007717686001197906,
                        0.00173298730585
                    ]
                },
                {
                    "type": "tuple",
                    "values": [
                        -0.006341535612892961,
                        0.004845303162542993
                    ]
                },
                {
                    "type": "tuple",
                    "values": [
                        -0.013131805158513874,
                        -0.0018702124574
                    ]
                }
            ]
        },
        "max_log_likelihood_sample": {
            "type": "instance",
            "class_path": "autofit.non_linear.samples.sample.Sample",
            "arguments": {
                "log_likelihood": -19.230052823992864,
                "log_prior": 0.0,
                "weight": 0.0010278225482649654,
                "kwargs": {
                    "type": "dict",
                    "arguments": {
                        "ellipses.0.ell_comps.ell_comps_0": 0.05139489083295,
                        "ellipses.0.ell_comps.ell_comps_1": -0.07116340642905,
                        "multipoles.0.multipole_1.multipole_comps.multipole_comps_0": -0.00392922100089,
                        "multipoles.0.multipole_1.multipole_comps.multipole_comps_1": 0.00556412875537,
                        "multipoles.0.multipole_3.multipole_comps.multipole_comps_0": 0.00316169844976,
                        "multipoles.0.multipole_3.multipole_comps.multipole_comps_1": -0.00506129847927,
                        "multipoles.0.multipole_4.multipole_comps.multipole_comps_0": -0.00170852596891,
                        "multipoles.0.multipole_4.multipole_comps.multipole_comps_1": -0.01060115581297
                    }
                }
            }
        },
        "errors_at_sigma_1": {
            "type": "list",
            "values": [
                {
                    "type": "tuple",
                    "values": [
                        0.003040971953926948,
                        0.003693415994528944
                    ]
                },
                {
                    "type": "tuple",
                    "values": [
                        0.0029199437902348163,
                        0.003128193975834706
                    ]
                },
                {
                    "type": "tuple",
                    "values": [
                        0.00452729047123,
                        0.00394382391083
                    ]
                },
                {
                    "type": "tuple",
                    "values": [
                        0.004777870375817872,
                        0.0047703563022640704
                    ]
                },
                {
                    "type": "tuple",
                    "values": [
                        0.004203075490263276,
                        0.004416668581228223
                    ]
                },
                {
                    "type": "tuple",
                    "values": [
                        0.004532954603067882,
                        0.004917718703980024
                    ]
                },
                {
                    "type": "tuple",
                    "values": [
                        0.005215324822922958,
                        0.005971513952512996
                    ]
                },
                {
                    "type": "tuple",
                    "values": [
                        0.005127699040403373,
                        0.006133893660710501
                    ]
                }
            ]
        },
        "model": null,
        "median_pdf_sample": {
            "type": "instance",
            "class_path": "autofit.non_linear.samples.sample.Sample",
            "arguments": {
                "log_likelihood": -19.230052823992864,
                "log_prior": 0.0,
                "weight": 0.0010278225482649654,
                "kwargs": {
                    "type": "dict",
                    "arguments": {
                        "ellipses.0.ell_comps.ell_comps_0": 0.05105718156349,
                        "ellipses.0.ell_comps.ell_comps_1": -0.0724148688273717,
                        "multipoles.0.multipole_1.multipole_comps.multipole_comps_0": -0.00402309360619,
                        "multipoles.0.multipole_1.multipole_comps.multipole_comps_1": 0.005038806119182208,
                        "multipoles.0.multipole_3.multipole_comps.multipole_comps_0": 0.00148464372662,
                        "multipoles.0.multipole_3.multipole_comps.multipole_comps_1": -0.0031847313981300243,
                        "multipoles.0.multipole_4.multipole_comps.multipole_comps_0": -0.0011262107899700025,
                        "multipoles.0.multipole_4.multipole_comps.multipole_comps_1": -0.008004106118110501
                    }
                }
            }
        },
        "errors_at_sigma_3": {
            "type": "list",
            "values": [
                {
                    "type": "tuple",
                    "values": [
                        0.009801924267449996,
                        0.012345508019039997
                    ]
                },
                {
                    "type": "tuple",
                    "values": [
                        0.008217706644128783,
                        0.010971254216571705
                    ]
                },
                {
                    "type": "tuple",
                    "values": [
                        0.014110055896737143,
                        0.012968473536732198
                    ]
                },
                {
                    "type": "tuple",
                    "values": [
                        0.013694363927263097,
                        0.013621011955300764
                    ]
                },
                {
                    "type": "tuple",
                    "values": [
                        0.01335366885360291,
                        0.014785154634236767
                    ]
                },
                {
                    "type": "tuple",
                    "values": [
                        0.013971550260189976,
                        0.015774007925211584
                    ]
                },
                {
                    "type": "tuple",
                    "values": [
                        0.016564573951234434,
                        0.018963581778121897
                    ]
                },
                {
                    "type": "tuple",
                    "values": [
                        0.0201218875902995,
                        0.016899419029020722
                    ]
                }
            ]
        },
        "log_evidence": -46.9852056835383,
        "values_at_sigma_3": {
            "type": "list",
            "values": [
                {
                    "type": "tuple",
                    "values": [
                        0.04125525729604,
                        0.06340268958253
                    ]
                },
                {
                    "type": "tuple",
                    "values": [
                        -0.08063257547150049,
                        -0.0614436146108
                    ]
                },
                {
                    "type": "tuple",
                    "values": [
                        -0.018133149502927142,
                        0.008945379930542199
                    ]
                },
                {
                    "type": "tuple",
                    "values": [
                        -0.008655557808080888,
                        0.018659818074482973
                    ]
                },
                {
                    "type": "tuple",
                    "values": [
                        -0.01186902512698291,
                        0.016269798360856767
                    ]
                },
                {
                    "type": "tuple",
                    "values": [
                        -0.01715628165832,
                        0.01258927652708156
                    ]
                },
                {
                    "type": "tuple",
                    "values": [
                        -0.017690784741204436,
                        0.017837370988151895
                    ]
                },
                {
                    "type": "tuple",
                    "values": [
                        -0.02812599370841,
                        0.008895312910910223
                    ]
                }
            ]
        }
    }
}