{
    "type": "instance",
    "class_path": "autofit.non_linear.samples.summary.SamplesSummary",
    "arguments": {
        "values_at_sigma_3": {
            "type": "list",
            "values": [
                {
                    "type": "tuple",
                    "values": [
                        0.01582732628142074,
                        0.03426479945265
                    ]
                },
                {
                    "type": "tuple",
                    "values": [
                        -0.11721649632162,
                        -0.09839399853818
                    ]
                },
                {
                    "type": "tuple",
                    "values": [
                        -0.005111294565094394,
                        0.00567242363836
                    ]
                },
                {
                    "type": "tuple",
                    "values": [
                        -0.009210443760840408,
                        0.000658777009171482
                    ]
                },
                {
                    "type": "tuple",
                    "values": [
                        -0.00590994758371,
                        0.00631007511318
                    ]
                },
                {
                    "type": "tuple",
                    "values": [
                        -0.005613754318233296,
                        0.00404705312617
                    ]
                },
                {
                    "type": "tuple",
                    "values": [
                        -0.007386822555403275,
                        0.004136075118375553
                    ]
                },
                {
                    "type": "tuple",
                    "values": [
                        -0.006952650266815024,
                        0.003587413011231719
                    ]
                }
            ]
        },
        "errors_at_sigma_3": {
            "type": "list",
            "values": [
                {
                    "type": "tuple",
                    "values": [
                        0.0089636105496975,
                        0.00947386262153176
                    ]
                },
                {
                    "type": "tuple",
                    "values": [
                        0.009893016575721975,
                        0.008929481207718026
                    ]
                },
                {
                    "type": "tuple",
                    "values": [
                        0.005781430136304394,
                        0.00500228806715
                    ]
                },
                {
                    "type": "tuple",
                    "values": [
                        0.005259320794150408,
                        0.0046098999758614825
                    ]
                },
                {
                    "type": "tuple",
                    "values": [
                        0.005353030933803398,
                        0.006866991763086602
                    ]
                },
                {
                    "type": "tuple",
                    "values": [
                        0.004568434719963296,
                        0.00509237272444
                    ]
                },
                {
                    "type": "tuple",
                    "values": [
                        0.006125618391736696,
                        0.0053972792820421315
                    ]
                },
                {
                    "type": "tuple",
                    "values": [
                        0.0053018189777450245,
                        0.005238244300301719
                    ]
                }
            ]
        },
        "log_evidence": -41.334036150124234,
        "model": null,
        "values_at_sigma_1": {
            "type": "list",
            "values": [
                {
                    "type": "tuple",
                    "values": [
                        0.021508735873677014,
                        0.028287023008805014
                    ]
                },
                {
                    "type": "tuple",
                    "values": [
                        -0.11096430949800556,
                        -0.10378180308757
                    ]
                },
                {
                    "type": "tuple",
                    "values": [
                        -0.00140734316017,
                        0.0024691818667788505
                    ]
                },
                {
                    "type": "tuple",
                    "values": [
                        -0.00572989680787,
                        -0.002206818859425031
                    ]
                },
                {
                    "type": "tuple",
                    "values": [
                        -0.002515957958188506,
                        0.0015129678674481552
                    ]
                },
                {
                    "type": "tuple",
                    "values": [
                        -0.0026218533487810925,
                        0.0004630296503067008
                    ]
                },
                {
                    "type": "tuple",
                    "values": [
                        -0.0034698711114,
                        0.0010040201090104942
                    ]
                },
                {
                    "type": "tuple",
                    "values": [
                        -0.0037575849674533882,
                        0.0002191384029957791
                    ]
                }
            ]
        },
        "median_pdf_sample": {
            "type": "instance",
            "class_path": "autofit.non_linear.samples.sample.Sample",
            "arguments": {
                "log_likelihood": -7.924348369189877,
                "log_prior": 0.0,
                "weight": 0.001044230484284381,
                "kwargs": {
                    "type": "dict",
                    "arguments": {
                        "ellipses.0.ell_comps.ell_comps_0": 0.02479093683111824,
                        "ellipses.0.ell_comps.ell_comps_1": -0.10732347974589802,
                        "multipoles.0.multipole_1.multipole_comps.multipole_comps_0": 0.00067013557121,
                        "multipoles.0.multipole_1.multipole_comps.multipole_comps_1": -0.00395112296669,
                        "multipoles.0.multipole_3.multipole_comps.multipole_comps_0": -0.0005569166499066019,
                        "multipoles.0.multipole_3.multipole_comps.multipole_comps_1": -0.00104531959827,
                        "multipoles.0.multipole_4.multipole_comps.multipole_comps_0": -0.0012612041636665785,
                        "multipoles.0.multipole_4.multipole_comps.multipole_comps_1": -0.00165083128907
                    }
                }
            }
        },
        "errors_at_sigma_1": {
            "type": "list",
            "values": [
                {
                    "type": "tuple",
                    "values": [
                        0.003282200957441226,
                        0.003496086177686774
                    ]
                },
                {
                    "type": "tuple",
                    "values": [
                        0.003640829752107541,
                        0.0035416766583280246
                    ]
                },
                {
                    "type": "tuple",
                    "values": [
                        0.0020774787313799998,
                        0.0017990462955688505
                    ]
                },
                {
                    "type": "tuple",
                    "values": [
                        0.0017787738411799998,
                        0.0017443041072649694
                    ]
                },
                {
                    "type": "tuple",
                    "values": [
                        0.0019590413082819043,
                        0.0020698845173547573
                    ]
                },
                {
                    "type": "tuple",
                    "values": [
                        0.0015765337505110925,
                        0.0015083492485767009
                    ]
                },
                {
                    "type": "tuple",
                    "values": [
                        0.002208666947733422,
                        0.0022652242726770725
                    ]
                },
                {
                    "type": "tuple",
                    "values": [
                        0.002106753678383388,
                        0.0018699696920657792
                    ]
                }
            ]
        },
        "max_log_likelihood_sample": {
            "type": "instance",
            "class_path": "autofit.non_linear.samples.sample.Sample",
            "arguments": {
                "log_likelihood": -7.924348369189877,
                "log_prior": 0.0,
                "weight": 0.001044230484284381,
                "kwargs": {
                    "type": "dict",
                    "arguments": {
                        "ellipses.0.ell_comps.ell_comps_0": 0.02542351093209,
                        "ellipses.0.ell_comps.ell_comps_1": -0.10801671277992,
                        "multipoles.0.multipole_1.multipole_comps.multipole_comps_0": 0.00124233260741,
                        "multipoles.0.multipole_1.multipole_comps.multipole_comps_1": -0.0046008744273,
                        "multipoles.0.multipole_3.multipole_comps.multipole_comps_0": 0.00026367431302,
                        "multipoles.0.multipole_3.multipole_comps.multipole_comps_1": -0.00222369978533,
                        "multipoles.0.multipole_4.multipole_comps.multipole_comps_0": -0.00183400673892,
                        "multipoles.0.multipole_4.multipole_comps.multipole_comps_1": -0.00189678356145
                    }
                }
            }
        }
    }
}