{
    "type": "instance",
    "class_path": "autofit.non_linear.samples.summary.SamplesSummary",
    "arguments": {
        "values_at_sigma_3": {
            "type": "list",
            "values": [
                {
                    "type": "tuple",
                    "values": [
                        -0.43679068799062637,
                        -0.4297043091734314
                    ]
                },
                {
                    "type": "tuple",
                    "values": [
                        0.0250086759399,
                        0.03363231912696
                    ]
                }
            ]
        },
        "log_evidence": -399.20517101504515,
        "errors_at_sigma_3": {
            "type": "list",
            "values": [
                {
                    "type": "tuple",
                    "values": [
                        0.0034487363078433697,
                        0.003637642509351613
                    ]
                },
                {
                    "type": "tuple",
                    "values": [
                        0.004319909938437002,
                        0.004303733248622998
                    ]
                }
            ]
        },
        "values_at_sigma_1": {
            "type": "list",
            "values": [
                {
                    "type": "tuple",
                    "values": [
                        -0.4348256502248027,
                        -0.43221732347238
                    ]
                },
                {
                    "type": "tuple",
                    "values": [
                        0.0277503372636785,
                        0.030784202610443498
                    ]
                }
            ]
        },
        "errors_at_sigma_1": {
            "type": "list",
            "values": [
                {
                    "type": "tuple",
                    "values": [
                        0.0014836985420196847,
                        0.0011246282104029892
                    ]
                },
                {
                    "type": "tuple",
                    "values": [
                        0.001578248614658502,
                        0.0014556167321064968
                    ]
                }
            ]
        },
        "median_pdf_sample": {
            "type": "instance",
            "class_path": "autofit.non_linear.samples.sample.Sample",
            "arguments": {
                "log_likelihood": -387.2963807034075,
                "log_prior": 0.0,
                "weight": 0.0009864323769640134,
                "kwargs": {
                    "type": "dict",
                    "arguments": {
                        "ellipses.0.ell_comps.ell_comps_0": -0.433341951682783,
                        "ellipses.0.ell_comps.ell_comps_1": 0.029328585878337
                    }
                }
            }
        },
        "model": null,
        "max_log_likelihood_sample": {
            "type": "instance",
            "class_path": "autofit.non_linear.samples.sample.Sample",
            "arguments": {
                "log_likelihood": -387.2963807034075,
                "log_prior": 0.0,
                "weight": 0.0009864323769640134,
                "kwargs": {
                    "type": "dict",
                    "arguments": {
                        "ellipses.0.ell_comps.ell_comps_0": -0.43359010477099,
                        "ellipses.0.ell_comps.ell_comps_1": 0.02931488368951
                    }
                }
            }
        }
    }
}