{
    "type": "instance",
    "class_path": "autofit.non_linear.samples.summary.SamplesSummary",
    "arguments": {
        "median_pdf_sample": {
            "type": "instance",
            "class_path": "autofit.non_linear.samples.sample.Sample",
            "arguments": {
                "log_likelihood": -13.447769000542523,
                "log_prior": 0.0,
                "weight": 0.000982795282554145,
                "kwargs": {
                    "type": "dict",
                    "arguments": {
                        "ellipses.0.ell_comps.ell_comps_0": 0.05527136013677124,
                        "ellipses.0.ell_comps.ell_comps_1": -0.07740347164900933
                    }
                }
            }
        },
        "errors_at_sigma_1": {
            "type": "list",
            "values": [
                {
                    "type": "tuple",
                    "values": [
                        0.003171599691571242,
                        0.0032182317047489556
                    ]
                },
                {
                    "type": "tuple",
                    "values": [
                        0.0027957314469613387,
                        0.0034134006953593365
                    ]
                }
            ]
        },
        "values_at_sigma_3": {
            "type": "list",
            "values": [
                {
                    "type": "tuple",
                    "values": [
                        0.04603718950002691,
                        0.06388328928721
                    ]
                },
                {
                    "type": "tuple",
                    "values": [
                        -0.08621088839797,
                        -0.06844366752391
                    ]
                }
            ]
        },
        "errors_at_sigma_3": {
            "type": "list",
            "values": [
                {
                    "type": "tuple",
                    "values": [
                        0.00923417063674433,
                        0.008611929150438763
                    ]
                },
                {
                    "type": "tuple",
                    "values": [
                        0.00880741674896067,
                        0.008959804125099335
                    ]
                }
            ]
        },
        "max_log_likelihood_sample": {
            "type": "instance",
            "class_path": "autofit.non_linear.samples.sample.Sample",
            "arguments": {
                "log_likelihood": -13.447769000542523,
                "log_prior": 0.0,
                "weight": 0.000982795282554145,
                "kwargs": {
                    "type": "dict",
                    "arguments": {
                        "ellipses.0.ell_comps.ell_comps_0": 0.05552887630133,
                        "ellipses.0.ell_comps.ell_comps_1": -0.07729190661652
                    }
                }
            }
        },
        "values_at_sigma_1": {
            "type": "list",
            "values": [
                {
                    "type": "tuple",
                    "values": [
                        0.0520997604452,
                        0.058489591841520194
                    ]
                },
                {
                    "type": "tuple",
                    "values": [
                        -0.08019920309597067,
                        -0.07399007095365
                    ]
                }
            ]
        },
        "model": null,
        "log_evidence": -23.718420834901387
    }
}