{
    "type": "instance",
    "class_path": "autofit.non_linear.samples.summary.SamplesSummary",
    "arguments": {
        "values_at_sigma_1": {
            "type": "list",
            "values": [
                {
                    "type": "tuple",
                    "values": [
                        -0.16878067436501124,
                        -0.16675423451576377
                    ]
                },
                {
                    "type": "tuple",
                    "values": [
                        -0.18944744612944,
                        -0.18739851937207463
                    ]
                }
            ]
        },
        "median_pdf_sample": {
            "type": "instance",
            "class_path": "autofit.non_linear.samples.sample.Sample",
            "arguments": {
                "log_likelihood": -219.67806385810064,
                "log_prior": 0.0,
                "weight": 0.0009794774962965983,
                "kwargs": {
                    "type": "dict",
                    "arguments": {
                        "ellipses.0.ell_comps.ell_comps_0": -0.16780719801466,
                        "ellipses.0.ell_comps.ell_comps_1": -0.1884806851068964
                    }
                }
            }
        },
        "model": null,
        "log_evidence": -231.88415673651372,
        "errors_at_sigma_3": {
            "type": "list",
            "values": [
                {
                    "type": "tuple",
                    "values": [
                        0.0033680370254888514,
                        0.0033605526635956395
                    ]
                },
                {
                    "type": "tuple",
                    "values": [
                        0.003239639477415096,
                        0.0031945365872322606
                    ]
                }
            ]
        },
        "errors_at_sigma_1": {
            "type": "list",
            "values": [
                {
                    "type": "tuple",
                    "values": [
                        0.0009734763503512489,
                        0.00105296349889622
                    ]
                },
                {
                    "type": "tuple",
                    "values": [
                        0.0009667610225436163,
                        0.001082165734821755
                    ]
                }
            ]
        },
        "max_log_likelihood_sample": {
            "type": "instance",
            "class_path": "autofit.non_linear.samples.sample.Sample",
            "arguments": {
                "log_likelihood": -219.67806385810064,
                "log_prior": 0.0,
                "weight": 0.0009794774962965983,
                "kwargs": {
                    "type": "dict",
                    "arguments": {
                        "ellipses.0.ell_comps.ell_comps_0": -0.16810006028669,
                        "ellipses.0.ell_comps.ell_comps_1": -0.18850880034242
                    }
                }
            }
        },
        "values_at_sigma_3": {
            "type": "list",
            "values": [
                {
                    "type": "tuple",
                    "values": [
                        -0.17117523504014884,
                        -0.16444664535106435
                    ]
                },
                {
                    "type": "tuple",
                    "values": [
                        -0.19172032458431149,
                        -0.18528614851966413
                    ]
                }
            ]
        }
    }
}