{
    "type": "instance",
    "class_path": "autofit.non_linear.samples.summary.SamplesSummary",
    "arguments": {
        "median_pdf_sample": {
            "type": "instance",
            "class_path": "autofit.non_linear.samples.sample.Sample",
            "arguments": {
                "log_likelihood": -19.32613448310199,
                "log_prior": 0.0,
                "weight": 0.001053516829890355,
                "kwargs": {
                    "type": "dict",
                    "arguments": {
                        "ellipses.0.ell_comps.ell_comps_0": -0.08276318308269379,
                        "ellipses.0.ell_comps.ell_comps_1": -0.11609356536068,
                        "multipoles.0.multipole_3.multipole_comps.multipole_comps_0": -0.01145956154029351,
                        "multipoles.0.multipole_3.multipole_comps.multipole_comps_1": -0.008053538930603139,
                        "multipoles.0.multipole_4.multipole_comps.multipole_comps_0": -0.02000166106483,
                        "multipoles.0.multipole_4.multipole_comps.multipole_comps_1": -0.003763805156815772
                    }
                }
            }
        },
        "log_evidence": -36.63941759546958,
        "errors_at_sigma_3": {
            "type": "list",
            "values": [
                {
                    "type": "tuple",
                    "values": [
                        0.03347575028990189,
                        0.022619132146080856
                    ]
                },
                {
                    "type": "tuple",
                    "values": [
                        0.03017959339234058,
                        0.03317177384807385
                    ]
                },
                {
                    "type": "tuple",
                    "values": [
                        0.03189974691687649,
                        0.03808726247619351
                    ]
                },
                {
                    "type": "tuple",
                    "values": [
                        0.02970882762457686,
                        0.0337872460835058
                    ]
                },
                {
                    "type": "tuple",
                    "values": [
                        0.04514008371073177,
                        0.0684465252888117
                    ]
                },
                {
                    "type": "tuple",
                    "values": [
                        0.045479019467041824,
                        0.04162252253830876
                    ]
                }
            ]
        },
        "values_at_sigma_3": {
            "type": "list",
            "values": [
                {
                    "type": "tuple",
                    "values": [
                        -0.11623893337259568,
                        -0.06014405093661293
                    ]
                },
                {
                    "type": "tuple",
                    "values": [
                        -0.14627315875302058,
                        -0.08292179151260615
                    ]
                },
                {
                    "type": "tuple",
                    "values": [
                        -0.04335930845717,
                        0.0266277009359
                    ]
                },
                {
                    "type": "tuple",
                    "values": [
                        -0.03776236655518,
                        0.02573370715290266
                    ]
                },
                {
                    "type": "tuple",
                    "values": [
                        -0.06514174477556177,
                        0.048444864223981705
                    ]
                },
                {
                    "type": "tuple",
                    "values": [
                        -0.049242824623857595,
                        0.03785871738149299
                    ]
                }
            ]
        },
        "max_log_likelihood_sample": {
            "type": "instance",
            "class_path": "autofit.non_linear.samples.sample.Sample",
            "arguments": {
                "log_likelihood": -19.32613448310199,
                "log_prior": 0.0,
                "weight": 0.001053516829890355,
                "kwargs": {
                    "type": "dict",
                    "arguments": {
                        "ellipses.0.ell_comps.ell_comps_0": -0.07517536910233,
                        "ellipses.0.ell_comps.ell_comps_1": -0.11415923109921,
                        "multipoles.0.multipole_3.multipole_comps.multipole_comps_0": -0.02503609393186,
                        "multipoles.0.multipole_3.multipole_comps.multipole_comps_1": -0.01295994200814,
                        "multipoles.0.multipole_4.multipole_comps.multipole_comps_0": -0.02134763676683,
                        "multipoles.0.multipole_4.multipole_comps.multipole_comps_1": -0.02146828136051
                    }
                }
            }
        },
        "values_at_sigma_1": {
            "type": "list",
            "values": [
                {
                    "type": "tuple",
                    "values": [
                        -0.09528218320663,
                        -0.0746588629023
                    ]
                },
                {
                    "type": "tuple",
                    "values": [
                        -0.12990992197248,
                        -0.10692484020754
                    ]
                },
                {
                    "type": "tuple",
                    "values": [
                        -0.02446384230241466,
                        0.00188884929068
                    ]
                },
                {
                    "type": "tuple",
                    "values": [
                        -0.01844799281553324,
                        0.005798454542711678
                    ]
                },
                {
                    "type": "tuple",
                    "values": [
                        -0.03613346173713305,
                        -0.0015677275058641363
                    ]
                },
                {
                    "type": "tuple",
                    "values": [
                        -0.01997456094066,
                        0.014260180451170053
                    ]
                }
            ]
        },
        "errors_at_sigma_1": {
            "type": "list",
            "values": [
                {
                    "type": "tuple",
                    "values": [
                        0.01251900012393621,
                        0.008104320180393781
                    ]
                },
                {
                    "type": "tuple",
                    "values": [
                        0.013816356611800001,
                        0.00916872515313999
                    ]
                },
                {
                    "type": "tuple",
                    "values": [
                        0.01300428076212115,
                        0.01334841083097351
                    ]
                },
                {
                    "type": "tuple",
                    "values": [
                        0.010394453884930103,
                        0.013851993473314818
                    ]
                },
                {
                    "type": "tuple",
                    "values": [
                        0.016131800672303048,
                        0.018433933558965863
                    ]
                },
                {
                    "type": "tuple",
                    "values": [
                        0.01621075578384423,
                        0.018023985607985824
                    ]
                }
            ]
        },
        "model": null
    }
}