{
    "type": "instance",
    "class_path": "autofit.non_linear.samples.summary.SamplesSummary",
    "arguments": {
        "log_evidence": -70.80359774952164,
        "values_at_sigma_3": {
            "type": "list",
            "values": [
                {
                    "type": "tuple",
                    "values": [
                        -0.019216861688667344,
                        0.02951995919451887
                    ]
                },
                {
                    "type": "tuple",
                    "values": [
                        -0.20028807472297483,
                        -0.12231550240904
                    ]
                },
                {
                    "type": "tuple",
                    "values": [
                        -0.09456124207614,
                        0.09830938915890651
                    ]
                },
                {
                    "type": "tuple",
                    "values": [
                        -0.07999311644044,
                        0.09621448473633176
                    ]
                },
                {
                    "type": "tuple",
                    "values": [
                        -0.06859484593826,
                        0.0987396412429345
                    ]
                },
                {
                    "type": "tuple",
                    "values": [
                        -0.09824830402610607,
                        0.09951899614225
                    ]
                }
            ]
        },
        "errors_at_sigma_3": {
            "type": "list",
            "values": [
                {
                    "type": "tuple",
                    "values": [
                        0.019991632401277343,
                        0.028745188481908872
                    ]
                },
                {
                    "type": "tuple",
                    "values": [
                        0.03393995283303483,
                        0.044032619480899995
                    ]
                },
                {
                    "type": "tuple",
                    "values": [
                        0.08789394421758308,
                        0.10497668701746343
                    ]
                },
                {
                    "type": "tuple",
                    "values": [
                        0.07596844616164893,
                        0.10023915501512284
                    ]
                },
                {
                    "type": "tuple",
                    "values": [
                        0.09712247386491257,
                        0.07021201331628193
                    ]
                },
                {
                    "type": "tuple",
                    "values": [
                        0.08630730495290595,
                        0.11145999521545012
                    ]
                }
            ]
        },
        "median_pdf_sample": {
            "type": "instance",
            "class_path": "autofit.non_linear.samples.sample.Sample",
            "arguments": {
                "log_likelihood": -53.89517053634112,
                "log_prior": 0.0,
                "weight": 0.000937182298841089,
                "kwargs": {
                    "type": "dict",
                    "arguments": {
                        "ellipses.0.ell_comps.ell_comps_0": 0.00077477071261,
                        "ellipses.0.ell_comps.ell_comps_1": -0.16634812188994,
                        "multipoles.0.multipole_3.multipole_comps.multipole_comps_0": -0.006667297858556926,
                        "multipoles.0.multipole_3.multipole_comps.multipole_comps_1": -0.004024670278791077,
                        "multipoles.0.multipole_4.multipole_comps.multipole_comps_0": 0.028527627926652567,
                        "multipoles.0.multipole_4.multipole_comps.multipole_comps_1": -0.011940999073200115
                    }
                }
            }
        },
        "errors_at_sigma_1": {
            "type": "list",
            "values": [
                {
                    "type": "tuple",
                    "values": [
                        0.011345723418890096,
                        0.00565029922901
                    ]
                },
                {
                    "type": "tuple",
                    "values": [
                        0.02372551015815999,
                        0.009347166453837319
                    ]
                },
                {
                    "type": "tuple",
                    "values": [
                        0.05278845874024307,
                        0.04024691245364538
                    ]
                },
                {
                    "type": "tuple",
                    "values": [
                        0.03759436240227715,
                        0.029754403194601077
                    ]
                },
                {
                    "type": "tuple",
                    "values": [
                        0.029049901793059153,
                        0.032942333441927436
                    ]
                },
                {
                    "type": "tuple",
                    "values": [
                        0.04456204640993989,
                        0.08077229316104957
                    ]
                }
            ]
        },
        "model": null,
        "max_log_likelihood_sample": {
            "type": "instance",
            "class_path": "autofit.non_linear.samples.sample.Sample",
            "arguments": {
                "log_likelihood": -53.89517053634112,
                "log_prior": 0.0,
                "weight": 0.000937182298841089,
                "kwargs": {
                    "type": "dict",
                    "arguments": {
                        "ellipses.0.ell_comps.ell_comps_0": 0.00442329698848,
                        "ellipses.0.ell_comps.ell_comps_1": -0.16486192097755,
                        "multipoles.0.multipole_3.multipole_comps.multipole_comps_0": 0.04716410167276,
                        "multipoles.0.multipole_3.multipole_comps.multipole_comps_1": -0.02358554652018,
                        "multipoles.0.multipole_4.multipole_comps.multipole_comps_0": 0.01339136013467,
                        "multipoles.0.multipole_4.multipole_comps.multipole_comps_1": -0.02826901950358
                    }
                }
            }
        },
        "values_at_sigma_1": {
            "type": "list",
            "values": [
                {
                    "type": "tuple",
                    "values": [
                        -0.010570952706280097,
                        0.00642506994162
                    ]
                },
                {
                    "type": "tuple",
                    "values": [
                        -0.1900736320481,
                        -0.15700095543610268
                    ]
                },
                {
                    "type": "tuple",
                    "values": [
                        -0.0594557565988,
                        0.03357961459508845
                    ]
                },
                {
                    "type": "tuple",
                    "values": [
                        -0.04161903268106822,
                        0.02572973291581
                    ]
                },
                {
                    "type": "tuple",
                    "values": [
                        -0.0005222738664065864,
                        0.06146996136858
                    ]
                },
                {
                    "type": "tuple",
                    "values": [
                        -0.05650304548314,
                        0.06883129408784945
                    ]
                }
            ]
        }
    }
}