{
    "type": "instance",
    "class_path": "autofit.non_linear.samples.summary.SamplesSummary",
    "arguments": {
        "median_pdf_sample": {
            "type": "instance",
            "class_path": "autofit.non_linear.samples.sample.Sample",
            "arguments": {
                "log_likelihood": -143.64798890479008,
                "log_prior": 0.0,
                "weight": 0.0008067314199661895,
                "kwargs": {
                    "type": "dict",
                    "arguments": {
                        "ellipses.ellipse_4.centre.centre_0": -0.001224090265640707,
                        "ellipses.ellipse_4.centre.centre_1": 0.00173149990263,
                        "ellipses.ellipse_0.ell_comps.ell_comps_0": 0.024970429909465394,
                        "ellipses.ellipse_0.ell_comps.ell_comps_1": 0.03323296067233,
                        "multipoles.0.multipole_1.multipole_comps.multipole_comps_0": -0.001054680175610777,
                        "multipoles.0.multipole_1.multipole_comps.multipole_comps_1": -0.00032459176536886334,
                        "multipoles.0.multipole_3.multipole_comps.multipole_comps_0": 0.00179728887283,
                        "multipoles.0.multipole_3.multipole_comps.multipole_comps_1": -0.0008282172697723821,
                        "multipoles.0.multipole_4.multipole_comps.multipole_comps_0": 0.0022932857351532798,
                        "multipoles.0.multipole_4.multipole_comps.multipole_comps_1": 9.843692314e-05,
                        "ellipses.ellipse_1.ell_comps.ell_comps_0": 0.04699131664705,
                        "ellipses.ellipse_1.ell_comps.ell_comps_1": 0.056790997807188354,
                        "multipoles.1.multipole_1.multipole_comps.multipole_comps_0": 0.00278971213778,
                        "multipoles.1.multipole_1.multipole_comps.multipole_comps_1": 0.002571541036,
                        "multipoles.1.multipole_3.multipole_comps.multipole_comps_0": 0.008119203167002776,
                        "multipoles.1.multipole_3.multipole_comps.multipole_comps_1": 0.00633848168879,
                        "multipoles.1.multipole_4.multipole_comps.multipole_comps_0": 0.00202948753288,
                        "multipoles.1.multipole_4.multipole_comps.multipole_comps_1": 0.00230038116822,
                        "ellipses.ellipse_2.ell_comps.ell_comps_0": 0.07446889823634,
                        "ellipses.ellipse_2.ell_comps.ell_comps_1": 0.06054645341852351,
                        "multipoles.2.multipole_1.multipole_comps.multipole_comps_0": -0.011701904524782014,
                        "multipoles.2.multipole_1.multipole_comps.multipole_comps_1": -0.00220913986795,
                        "multipoles.2.multipole_3.multipole_comps.multipole_comps_0": -0.018059901876410135,
                        "multipoles.2.multipole_3.multipole_comps.multipole_comps_1": -0.02220426693868,
                        "multipoles.2.multipole_4.multipole_comps.multipole_comps_0": 0.02994419249903,
                        "multipoles.2.multipole_4.multipole_comps.multipole_comps_1": -0.011406536802843741,
                        "ellipses.ellipse_3.ell_comps.ell_comps_0": 0.07236531743294553,
                        "ellipses.ellipse_3.ell_comps.ell_comps_1": 0.0796316853868998,
                        "multipoles.3.multipole_1.multipole_comps.multipole_comps_0": 0.01659730697385,
                        "multipoles.3.multipole_1.multipole_comps.multipole_comps_1": 0.028533784063793265,
                        "multipoles.3.multipole_3.multipole_comps.multipole_comps_0": 0.0023953572130393304,
                        "multipoles.3.multipole_3.multipole_comps.multipole_comps_1": -0.007543324032996683,
                        "multipoles.3.multipole_4.multipole_comps.multipole_comps_0": 0.02962577504025,
                        "multipoles.3.multipole_4.multipole_comps.multipole_comps_1": -0.0005605672186377956,
                        "ellipses.ellipse_4.ell_comps.ell_comps_0": 0.08747713722692,
                        "ellipses.ellipse_4.ell_comps.ell_comps_1": 0.05821429897445,
                        "multipoles.4.multipole_1.multipole_comps.multipole_comps_0": 0.01695688655504139,
                        "multipoles.4.multipole_1.multipole_comps.multipole_comps_1": 0.08031347113207797,
                        "multipoles.4.multipole_3.multipole_comps.multipole_comps_0": 0.04115787822229,
                        "multipoles.4.multipole_3.multipole_comps.multipole_comps_1": 0.011956685093761197,
                        "multipoles.4.multipole_4.multipole_comps.multipole_comps_0": 0.005041236749612796,
                        "multipoles.4.multipole_4.multipole_comps.multipole_comps_1": 0.026489327242948373
                    }
                }
            }
        },
        "max_log_likelihood_sample": {
            "type": "instance",
            "class_path": "autofit.non_linear.samples.sample.Sample",
            "arguments": {
                "log_likelihood": -143.64798890479008,
                "log_prior": 0.0,
                "weight": 0.0008067314199661895,
                "kwargs": {
                    "type": "dict",
                    "arguments": {
                        "ellipses.ellipse_4.centre.centre_0": -0.00187147866798,
                        "ellipses.ellipse_4.centre.centre_1": 0.0021525069419,
                        "ellipses.ellipse_0.ell_comps.ell_comps_0": 0.02554394724092,
                        "ellipses.ellipse_0.ell_comps.ell_comps_1": 0.02856760494047,
                        "multipoles.0.multipole_1.multipole_comps.multipole_comps_0": -0.00181198366093,
                        "multipoles.0.multipole_1.multipole_comps.multipole_comps_1": -0.00164174179244,
                        "multipoles.0.multipole_3.multipole_comps.multipole_comps_0": 0.00158716977302,
                        "multipoles.0.multipole_3.multipole_comps.multipole_comps_1": -0.00122260222822,
                        "multipoles.0.multipole_4.multipole_comps.multipole_comps_0": 0.00102090324506,
                        "multipoles.0.multipole_4.multipole_comps.multipole_comps_1": 0.00060398487421,
                        "ellipses.ellipse_1.ell_comps.ell_comps_0": 0.04997501677885,
                        "ellipses.ellipse_1.ell_comps.ell_comps_1": 0.05616895957342,
                        "multipoles.1.multipole_1.multipole_comps.multipole_comps_0": -0.00292897035605,
                        "multipoles.1.multipole_1.multipole_comps.multipole_comps_1": 0.00117041196794,
                        "multipoles.1.multipole_3.multipole_comps.multipole_comps_0": 0.00288416041754,
                        "multipoles.1.multipole_3.multipole_comps.multipole_comps_1": 0.00508131726962,
                        "multipoles.1.multipole_4.multipole_comps.multipole_comps_0": 0.00213089150941,
                        "multipoles.1.multipole_4.multipole_comps.multipole_comps_1": 0.00072331239604,
                        "ellipses.ellipse_2.ell_comps.ell_comps_0": 0.07332063027485,
                        "ellipses.ellipse_2.ell_comps.ell_comps_1": 0.06512727156937,
                        "multipoles.2.multipole_1.multipole_comps.multipole_comps_0": -0.01611816994811,
                        "multipoles.2.multipole_1.multipole_comps.multipole_comps_1": -0.00523649426569,
                        "multipoles.2.multipole_3.multipole_comps.multipole_comps_0": -0.01980859847244,
                        "multipoles.2.multipole_3.multipole_comps.multipole_comps_1": -0.02527754384816,
                        "multipoles.2.multipole_4.multipole_comps.multipole_comps_0": 0.03816365868561,
                        "multipoles.2.multipole_4.multipole_comps.multipole_comps_1": -0.00278044854981,
                        "ellipses.ellipse_3.ell_comps.ell_comps_0": 0.06931331100228,
                        "ellipses.ellipse_3.ell_comps.ell_comps_1": 0.0819761190079,
                        "multipoles.3.multipole_1.multipole_comps.multipole_comps_0": 0.01411626550118,
                        "multipoles.3.multipole_1.multipole_comps.multipole_comps_1": 0.02837853877004,
                        "multipoles.3.multipole_3.multipole_comps.multipole_comps_0": 0.00262110493171,
                        "multipoles.3.multipole_3.multipole_comps.multipole_comps_1": -0.00301263675841,
                        "multipoles.3.multipole_4.multipole_comps.multipole_comps_0": 0.03946706747654,
                        "multipoles.3.multipole_4.multipole_comps.multipole_comps_1": -0.00951679424304,
                        "ellipses.ellipse_4.ell_comps.ell_comps_0": 0.08463252358602,
                        "ellipses.ellipse_4.ell_comps.ell_comps_1": 0.06077666570623,
                        "multipoles.4.multipole_1.multipole_comps.multipole_comps_0": 0.01635945491235,
                        "multipoles.4.multipole_1.multipole_comps.multipole_comps_1": 0.07729520999584,
                        "multipoles.4.multipole_3.multipole_comps.multipole_comps_0": 0.03770470981969,
                        "multipoles.4.multipole_3.multipole_comps.multipole_comps_1": 0.01741475396132,
                        "multipoles.4.multipole_4.multipole_comps.multipole_comps_0": -0.00214287852165,
                        "multipoles.4.multipole_4.multipole_comps.multipole_comps_1": 0.04193168682595
                    }
                }
            }
        },
        "errors_at_sigma_1": {
            "type": "list",
            "values": [
                {
                    "type": "tuple",
                    "values": [
                        0.0007415192355639619,
                        0.000809643520159091
                    ]
                },
                {
                    "type": "tuple",
                    "values": [
                        0.0004850134548010467,
                        0.0004319702483896483
                    ]
                },
                {
                    "type": "tuple",
                    "values": [
                        0.0026250197443253957,
                        0.002338991945284606
                    ]
                },
                {
                    "type": "tuple",
                    "values": [
                        0.0025161835581100044,
                        0.00306831195658
                    ]
                },
                {
                    "type": "tuple",
                    "values": [
                        0.000917401178245601,
                        0.0009450957868064612
                    ]
                },
                {
                    "type": "tuple",
                    "values": [
                        0.0008912731767651686,
                        0.0010231895715995501
                    ]
                },
                {
                    "type": "tuple",
                    "values": [
                        0.0010277119599583877,
                        0.0010344365510179517
                    ]
                },
                {
                    "type": "tuple",
                    "values": [
                        0.0006841836023072247,
                        0.000646037590983633
                    ]
                },
                {
                    "type": "tuple",
                    "values": [
                        0.0009809233352003613,
                        0.000823136359310053
                    ]
                },
                {
                    "type": "tuple",
                    "values": [
                        0.000690525111519799,
                        0.0006688636562180367
                    ]
                },
                {
                    "type": "tuple",
                    "values": [
                        0.0029439969587500003,
                        0.0028098212123914626
                    ]
                },
                {
                    "type": "tuple",
                    "values": [
                        0.0037171675714283564,
                        0.003924181958911643
                    ]
                },
                {
                    "type": "tuple",
                    "values": [
                        0.0033006000220739016,
                        0.0035305306980670517
                    ]
                },
                {
                    "type": "tuple",
                    "values": [
                        0.0031078966564,
                        0.002681687973377274
                    ]
                },
                {
                    "type": "tuple",
                    "values": [
                        0.0025428332939298626,
                        0.003114444336436815
                    ]
                },
                {
                    "type": "tuple",
                    "values": [
                        0.0031563799544799998,
                        0.00286341868582
                    ]
                },
                {
                    "type": "tuple",
                    "values": [
                        0.00302821203386,
                        0.003507626328869616
                    ]
                },
                {
                    "type": "tuple",
                    "values": [
                        0.0027852827695900003,
                        0.0030028858961
                    ]
                },
                {
                    "type": "tuple",
                    "values": [
                        0.003812869531539989,
                        0.003821124826080005
                    ]
                },
                {
                    "type": "tuple",
                    "values": [
                        0.004958311770758735,
                        0.004042639032476494
                    ]
                },
                {
                    "type": "tuple",
                    "values": [
                        0.008727970348447986,
                        0.007884437542932013
                    ]
                },
                {
                    "type": "tuple",
                    "values": [
                        0.006823344481618956,
                        0.00613838073364
                    ]
                },
                {
                    "type": "tuple",
                    "values": [
                        0.004122088522858575,
                        0.004479589368901216
                    ]
                },
                {
                    "type": "tuple",
                    "values": [
                        0.006285823949028241,
                        0.00606292256477
                    ]
                },
                {
                    "type": "tuple",
                    "values": [
                        0.006010796377021049,
                        0.0061646136270467194
                    ]
                },
                {
                    "type": "tuple",
                    "values": [
                        0.0072101529875362586,
                        0.005657389871123741
                    ]
                },
                {
                    "type": "tuple",
                    "values": [
                        0.005534929015395526,
                        0.005661531688936697
                    ]
                },
                {
                    "type": "tuple",
                    "values": [
                        0.006718825997704556,
                        0.0037977652249801958
                    ]
                },
                {
                    "type": "tuple",
                    "values": [
                        0.01656068942176608,
                        0.015231492347259998
                    ]
                },
                {
                    "type": "tuple",
                    "values": [
                        0.017397978567296375,
                        0.014254093311813824
                    ]
                },
                {
                    "type": "tuple",
                    "values": [
                        0.00610701035315933,
                        0.00620484324326067
                    ]
                },
                {
                    "type": "tuple",
                    "values": [
                        0.014350801178543319,
                        0.013326444752446683
                    ]
                },
                {
                    "type": "tuple",
                    "values": [
                        0.00852736326794,
                        0.008795074586101955
                    ]
                },
                {
                    "type": "tuple",
                    "values": [
                        0.006611789941061828,
                        0.0072695015805177956
                    ]
                },
                {
                    "type": "tuple",
                    "values": [
                        0.003489447828299991,
                        0.003920192536410003
                    ]
                },
                {
                    "type": "tuple",
                    "values": [
                        0.004985293473459995,
                        0.005207959889638437
                    ]
                },
                {
                    "type": "tuple",
                    "values": [
                        0.01045429345132139,
                        0.011070203165298637
                    ]
                },
                {
                    "type": "tuple",
                    "values": [
                        0.016035154531837292,
                        0.0152627651449279
                    ]
                },
                {
                    "type": "tuple",
                    "values": [
                        0.009267198704489998,
                        0.009392514661389996
                    ]
                },
                {
                    "type": "tuple",
                    "values": [
                        0.008278239516094413,
                        0.00786833063681633
                    ]
                },
                {
                    "type": "tuple",
                    "values": [
                        0.005298430248247844,
                        0.0070169538837772044
                    ]
                },
                {
                    "type": "tuple",
                    "values": [
                        0.010365579163748372,
                        0.010183258881995092
                    ]
                }
            ]
        },
        "values_at_sigma_1": {
            "type": "list",
            "values": [
                {
                    "type": "tuple",
                    "values": [
                        -0.001965609501204669,
                        -0.00041444674548161606
                    ]
                },
                {
                    "type": "tuple",
                    "values": [
                        0.0012464864478289534,
                        0.0021634701510196484
                    ]
                },
                {
                    "type": "tuple",
                    "values": [
                        0.02234541016514,
                        0.02730942185475
                    ]
                },
                {
                    "type": "tuple",
                    "values": [
                        0.03071677711422,
                        0.03630127262891
                    ]
                },
                {
                    "type": "tuple",
                    "values": [
                        -0.001972081353856378,
                        -0.00010958438880431573
                    ]
                },
                {
                    "type": "tuple",
                    "values": [
                        -0.001215864942134032,
                        0.0006985978062306867
                    ]
                },
                {
                    "type": "tuple",
                    "values": [
                        0.0007695769128716123,
                        0.0028317254238479517
                    ]
                },
                {
                    "type": "tuple",
                    "values": [
                        -0.0015124008720796068,
                        -0.000182179678788749
                    ]
                },
                {
                    "type": "tuple",
                    "values": [
                        0.0013123623999529185,
                        0.0031164220944633328
                    ]
                },
                {
                    "type": "tuple",
                    "values": [
                        -0.000592088188379799,
                        0.0007673005793580368
                    ]
                },
                {
                    "type": "tuple",
                    "values": [
                        0.0440473196883,
                        0.049801137859441465
                    ]
                },
                {
                    "type": "tuple",
                    "values": [
                        0.05307383023576,
                        0.0607151797661
                    ]
                },
                {
                    "type": "tuple",
                    "values": [
                        -0.0005108878842939019,
                        0.0063202428358470515
                    ]
                },
                {
                    "type": "tuple",
                    "values": [
                        -0.0005363556204,
                        0.005253229009377274
                    ]
                },
                {
                    "type": "tuple",
                    "values": [
                        0.005576369873072914,
                        0.011233647503439591
                    ]
                },
                {
                    "type": "tuple",
                    "values": [
                        0.00318210173431,
                        0.00920190037461
                    ]
                },
                {
                    "type": "tuple",
                    "values": [
                        -0.00099872450098,
                        0.005537113861749616
                    ]
                },
                {
                    "type": "tuple",
                    "values": [
                        -0.00048490160137,
                        0.00530326706432
                    ]
                },
                {
                    "type": "tuple",
                    "values": [
                        0.0706560287048,
                        0.07829002306242
                    ]
                },
                {
                    "type": "tuple",
                    "values": [
                        0.05558814164776477,
                        0.064589092451
                    ]
                },
                {
                    "type": "tuple",
                    "values": [
                        -0.02042987487323,
                        -0.00381746698185
                    ]
                },
                {
                    "type": "tuple",
                    "values": [
                        -0.009032484349568956,
                        0.00392924086569
                    ]
                },
                {
                    "type": "tuple",
                    "values": [
                        -0.02218199039926871,
                        -0.01358031250750892
                    ]
                },
                {
                    "type": "tuple",
                    "values": [
                        -0.02849009088770824,
                        -0.01614134437391
                    ]
                },
                {
                    "type": "tuple",
                    "values": [
                        0.02393339612200895,
                        0.03610880612607672
                    ]
                },
                {
                    "type": "tuple",
                    "values": [
                        -0.01861668979038,
                        -0.00574914693172
                    ]
                },
                {
                    "type": "tuple",
                    "values": [
                        0.06683038841755,
                        0.07802684912188222
                    ]
                },
                {
                    "type": "tuple",
                    "values": [
                        0.07291285938919524,
                        0.08342945061188
                    ]
                },
                {
                    "type": "tuple",
                    "values": [
                        3.661755208391905e-05,
                        0.03182879932111
                    ]
                },
                {
                    "type": "tuple",
                    "values": [
                        0.01113580549649689,
                        0.04278787737560709
                    ]
                },
                {
                    "type": "tuple",
                    "values": [
                        -0.00371165314012,
                        0.0086002004563
                    ]
                },
                {
                    "type": "tuple",
                    "values": [
                        -0.02189412521154,
                        0.00578312071945
                    ]
                },
                {
                    "type": "tuple",
                    "values": [
                        0.02109841177231,
                        0.038420849626351956
                    ]
                },
                {
                    "type": "tuple",
                    "values": [
                        -0.007172357159699624,
                        0.00670893436188
                    ]
                },
                {
                    "type": "tuple",
                    "values": [
                        0.08398768939862,
                        0.09139732976333
                    ]
                },
                {
                    "type": "tuple",
                    "values": [
                        0.05322900550099,
                        0.06342225886408843
                    ]
                },
                {
                    "type": "tuple",
                    "values": [
                        0.00650259310372,
                        0.028027089720340025
                    ]
                },
                {
                    "type": "tuple",
                    "values": [
                        0.06427831660024068,
                        0.09557623627700587
                    ]
                },
                {
                    "type": "tuple",
                    "values": [
                        0.0318906795178,
                        0.05055039288368
                    ]
                },
                {
                    "type": "tuple",
                    "values": [
                        0.0036784455776667823,
                        0.019825015730577527
                    ]
                },
                {
                    "type": "tuple",
                    "values": [
                        -0.0002571934986350485,
                        0.01205819063339
                    ]
                },
                {
                    "type": "tuple",
                    "values": [
                        0.0161237480792,
                        0.036672586124943465
                    ]
                }
            ]
        },
        "errors_at_sigma_3": {
            "type": "list",
            "values": [
                {
                    "type": "tuple",
                    "values": [
                        0.002248337474542411,
                        0.002580921940370707
                    ]
                },
                {
                    "type": "tuple",
                    "values": [
                        0.0016223222186966188,
                        0.0017838534872014688
                    ]
                },
                {
                    "type": "tuple",
                    "values": [
                        0.011188883859445393,
                        0.006681137132439903
                    ]
                },
                {
                    "type": "tuple",
                    "values": [
                        0.006976372693204707,
                        0.007183559587916423
                    ]
                },
                {
                    "type": "tuple",
                    "values": [
                        0.002585177391229223,
                        0.002870464735440777
                    ]
                },
                {
                    "type": "tuple",
                    "values": [
                        0.002757018212731137,
                        0.002915601672389139
                    ]
                },
                {
                    "type": "tuple",
                    "values": [
                        0.003187808020423344,
                        0.0035915340563599995
                    ]
                },
                {
                    "type": "tuple",
                    "values": [
                        0.002550263683627618,
                        0.002594828035422382
                    ]
                },
                {
                    "type": "tuple",
                    "values": [
                        0.0025369407352297704,
                        0.002672545766441784
                    ]
                },
                {
                    "type": "tuple",
                    "values": [
                        0.00193550256474,
                        0.0017230328089506812
                    ]
                },
                {
                    "type": "tuple",
                    "values": [
                        0.011288166364800005,
                        0.010181214137187658
                    ]
                },
                {
                    "type": "tuple",
                    "values": [
                        0.010189466032048365,
                        0.011689657554244212
                    ]
                },
                {
                    "type": "tuple",
                    "values": [
                        0.01012492297255,
                        0.009978256930939459
                    ]
                },
                {
                    "type": "tuple",
                    "values": [
                        0.00974234516413209,
                        0.00924737619495
                    ]
                },
                {
                    "type": "tuple",
                    "values": [
                        0.008108801226252776,
                        0.008796475633120604
                    ]
                },
                {
                    "type": "tuple",
                    "values": [
                        0.01022170344518,
                        0.009117899406161305
                    ]
                },
                {
                    "type": "tuple",
                    "values": [
                        0.008255087302694314,
                        0.01050109911051
                    ]
                },
                {
                    "type": "tuple",
                    "values": [
                        0.008745597317490913,
                        0.00761587791647
                    ]
                },
                {
                    "type": "tuple",
                    "values": [
                        0.00938095059046,
                        0.010235507461540005
                    ]
                },
                {
                    "type": "tuple",
                    "values": [
                        0.015828421066753508,
                        0.01113037337539649
                    ]
                },
                {
                    "type": "tuple",
                    "values": [
                        0.028174216250737988,
                        0.026365949062812845
                    ]
                },
                {
                    "type": "tuple",
                    "values": [
                        0.02316335468446,
                        0.01855396290022
                    ]
                },
                {
                    "type": "tuple",
                    "values": [
                        0.015436064991791551,
                        0.013548042350845252
                    ]
                },
                {
                    "type": "tuple",
                    "values": [
                        0.01890715180721,
                        0.02129837794161
                    ]
                },
                {
                    "type": "tuple",
                    "values": [
                        0.01748803730431637,
                        0.01828115162803
                    ]
                },
                {
                    "type": "tuple",
                    "values": [
                        0.020176570303236257,
                        0.01627260281205374
                    ]
                },
                {
                    "type": "tuple",
                    "values": [
                        0.013992580233745527,
                        0.022177880519474474
                    ]
                },
                {
                    "type": "tuple",
                    "values": [
                        0.0229141393516598,
                        0.010528877854510205
                    ]
                },
                {
                    "type": "tuple",
                    "values": [
                        0.03958608101758254,
                        0.047920671421219994
                    ]
                },
                {
                    "type": "tuple",
                    "values": [
                        0.04726593305946041,
                        0.04961763984412673
                    ]
                },
                {
                    "type": "tuple",
                    "values": [
                        0.020884627772271763,
                        0.018432186776325268
                    ]
                },
                {
                    "type": "tuple",
                    "values": [
                        0.05579292211321687,
                        0.03550823633987932
                    ]
                },
                {
                    "type": "tuple",
                    "values": [
                        0.022326745164522866,
                        0.019199323204617386
                    ]
                },
                {
                    "type": "tuple",
                    "values": [
                        0.017091787506862202,
                        0.023705446675257796
                    ]
                },
                {
                    "type": "tuple",
                    "values": [
                        0.007166376906416333,
                        0.01240493650772001
                    ]
                },
                {
                    "type": "tuple",
                    "values": [
                        0.018236951783198042,
                        0.013453029110289332
                    ]
                },
                {
                    "type": "tuple",
                    "values": [
                        0.04480898792624144,
                        0.038992775883898614
                    ]
                },
                {
                    "type": "tuple",
                    "values": [
                        0.04440707572825058,
                        0.03771437262860203
                    ]
                },
                {
                    "type": "tuple",
                    "values": [
                        0.024423372930132404,
                        0.027885925806790002
                    ]
                },
                {
                    "type": "tuple",
                    "values": [
                        0.023168195337751198,
                        0.026985549544028806
                    ]
                },
                {
                    "type": "tuple",
                    "values": [
                        0.013826366095102797,
                        0.019442511625265006
                    ]
                },
                {
                    "type": "tuple",
                    "values": [
                        0.02819846679461312,
                        0.02569233467858748
                    ]
                }
            ]
        },
        "values_at_sigma_3": {
            "type": "list",
            "values": [
                {
                    "type": "tuple",
                    "values": [
                        -0.003472427740183118,
                        0.00135683167473
                    ]
                },
                {
                    "type": "tuple",
                    "values": [
                        0.00010917768393338129,
                        0.003515353389831469
                    ]
                },
                {
                    "type": "tuple",
                    "values": [
                        0.01378154605002,
                        0.0316515670419053
                    ]
                },
                {
                    "type": "tuple",
                    "values": [
                        0.026256587979125296,
                        0.040416520260246426
                    ]
                },
                {
                    "type": "tuple",
                    "values": [
                        -0.00363985756684,
                        0.00181578455983
                    ]
                },
                {
                    "type": "tuple",
                    "values": [
                        -0.0030816099781,
                        0.0025910099070202757
                    ]
                },
                {
                    "type": "tuple",
                    "values": [
                        -0.0013905191475933438,
                        0.00538882292919
                    ]
                },
                {
                    "type": "tuple",
                    "values": [
                        -0.0033784809534,
                        0.00176661076565
                    ]
                },
                {
                    "type": "tuple",
                    "values": [
                        -0.0002436550000764905,
                        0.004965831501595064
                    ]
                },
                {
                    "type": "tuple",
                    "values": [
                        -0.0018370656416,
                        0.001821469732090681
                    ]
                },
                {
                    "type": "tuple",
                    "values": [
                        0.03570315028225,
                        0.05717253078423766
                    ]
                },
                {
                    "type": "tuple",
                    "values": [
                        0.04660153177513999,
                        0.06848065536143257
                    ]
                },
                {
                    "type": "tuple",
                    "values": [
                        -0.00733521083477,
                        0.012767969068719458
                    ]
                },
                {
                    "type": "tuple",
                    "values": [
                        -0.00717080412813209,
                        0.01181891723095
                    ]
                },
                {
                    "type": "tuple",
                    "values": [
                        1.040194075e-05,
                        0.01691567880012338
                    ]
                },
                {
                    "type": "tuple",
                    "values": [
                        -0.00388322175639,
                        0.015456381094951304
                    ]
                },
                {
                    "type": "tuple",
                    "values": [
                        -0.006225599769814314,
                        0.01253058664339
                    ]
                },
                {
                    "type": "tuple",
                    "values": [
                        -0.006445216149270912,
                        0.00991625908469
                    ]
                },
                {
                    "type": "tuple",
                    "values": [
                        0.06508794764588,
                        0.08470440569788
                    ]
                },
                {
                    "type": "tuple",
                    "values": [
                        0.04471803235177,
                        0.07167682679392
                    ]
                },
                {
                    "type": "tuple",
                    "values": [
                        -0.03987612077552,
                        0.014664044538030833
                    ]
                },
                {
                    "type": "tuple",
                    "values": [
                        -0.02537249455241,
                        0.01634482303227
                    ]
                },
                {
                    "type": "tuple",
                    "values": [
                        -0.033495966868201686,
                        -0.004511859525564883
                    ]
                },
                {
                    "type": "tuple",
                    "values": [
                        -0.04111141874589,
                        -0.00090588899707
                    ]
                },
                {
                    "type": "tuple",
                    "values": [
                        0.012456155194713629,
                        0.04822534412706
                    ]
                },
                {
                    "type": "tuple",
                    "values": [
                        -0.03158310710608,
                        0.00486606600921
                    ]
                },
                {
                    "type": "tuple",
                    "values": [
                        0.0583727371992,
                        0.09454319795242
                    ]
                },
                {
                    "type": "tuple",
                    "values": [
                        0.05671754603524,
                        0.09016056324141
                    ]
                },
                {
                    "type": "tuple",
                    "values": [
                        -0.02298877404373254,
                        0.06451797839507
                    ]
                },
                {
                    "type": "tuple",
                    "values": [
                        -0.018732148995667147,
                        0.07815142390792
                    ]
                },
                {
                    "type": "tuple",
                    "values": [
                        -0.018489270559232433,
                        0.020827543989364598
                    ]
                },
                {
                    "type": "tuple",
                    "values": [
                        -0.06333624614621355,
                        0.027964912306882632
                    ]
                },
                {
                    "type": "tuple",
                    "values": [
                        0.007299029875727134,
                        0.04882509824486739
                    ]
                },
                {
                    "type": "tuple",
                    "values": [
                        -0.0176523547255,
                        0.02314487945662
                    ]
                },
                {
                    "type": "tuple",
                    "values": [
                        0.08031076032050366,
                        0.09988207373464
                    ]
                },
                {
                    "type": "tuple",
                    "values": [
                        0.039977347191251955,
                        0.07166732808473933
                    ]
                },
                {
                    "type": "tuple",
                    "values": [
                        -0.02785210137120005,
                        0.05594966243894
                    ]
                },
                {
                    "type": "tuple",
                    "values": [
                        0.03590639540382739,
                        0.11802784376068
                    ]
                },
                {
                    "type": "tuple",
                    "values": [
                        0.016734505292157597,
                        0.06904380402908
                    ]
                },
                {
                    "type": "tuple",
                    "values": [
                        -0.01121151024399,
                        0.03894223463779
                    ]
                },
                {
                    "type": "tuple",
                    "values": [
                        -0.00878512934549,
                        0.024483748374877802
                    ]
                },
                {
                    "type": "tuple",
                    "values": [
                        -0.0017091395516647461,
                        0.05218166192153585
                    ]
                }
            ]
        },
        "model": null,
        "log_evidence": -227.76470835154026
    }
}