{
    "type": "collection",
    "arguments": {
        "ellipses": {
            "type": "collection",
            "arguments": {
                "0": {
                    "class_path": "autogalaxy.ellipse.ellipse.ellipse.Ellipse",
                    "type": "model",
                    "arguments": {
                        "centre": {
                            "type": "tuple_prior",
                            "arguments": {
                                "centre_0": -0.00235890415808,
                                "centre_1": 0.00035192739531
                            }
                        },
                        "ell_comps": {
                            "type": "tuple_prior",
                            "arguments": {
                                "ell_comps_0": {
                                    "lower_limit": -0.6,
                                    "upper_limit": 0.6,
                                    "type": "Uniform",
                                    "id": 216
                                },
                                "ell_comps_1": {
                                    "lower_limit": -0.6,
                                    "upper_limit": 0.6,
                                    "type": "Uniform",
                                    "id": 217
                                }
                            }
                        },
                        "major_axis": {
                            "type": "Constant",
                            "value": 2.75
                        }
                    }
                }
            }
        },
        "multipoles": {
            "type": "collection",
            "arguments": {
                "0": {
                    "type": "collection",
                    "arguments": {
                        "multipole_3": {
                            "class_path": "autogalaxy.ellipse.ellipse.ellipse_multipole.EllipseMultipole",
                            "type": "model",
                            "arguments": {
                                "m": 3,
                                "multipole_comps": {
                                    "type": "tuple_prior",
                                    "arguments": {
                                        "multipole_comps_0": {
                                            "lower_limit": -0.1,
                                            "upper_limit": 0.1,
                                            "type": "Uniform",
                                            "id": 222
                                        },
                                        "multipole_comps_1": {
                                            "lower_limit": -0.1,
                                            "upper_limit": 0.1,
                                            "type": "Uniform",
                                            "id": 223
                                        }
                                    }
                                }
                            }
                        },
                        "multipole_4": {
                            "class_path": "autogalaxy.ellipse.ellipse.ellipse_multipole.EllipseMultipole",
                            "type": "model",
                            "arguments": {
                                "m": 4,
                                "multipole_comps": {
                                    "type": "tuple_prior",
                                    "arguments": {
                                        "multipole_comps_0": {
                                            "lower_limit": -0.1,
                                            "upper_limit": 0.1,
                                            "type": "Uniform",
                                            "id": 224
                                        },
                                        "multipole_comps_1": {
                                            "lower_limit": -0.1,
                                            "upper_limit": 0.1,
                                            "type": "Uniform",
                                            "id": 225
                                        }
                                    }
                                }
                            }
                        }
                    }
                }
            }
        }
    }
}