{
    "type": "instance",
    "class_path": "autofit.non_linear.samples.summary.SamplesSummary",
    "arguments": {
        "errors_at_sigma_1": {
            "type": "list",
            "values": [
                {
                    "type": "tuple",
                    "values": [
                        0.0012793669112302342,
                        0.0011903827673742373
                    ]
                },
                {
                    "type": "tuple",
                    "values": [
                        0.0012060216739134544,
                        0.0010067000144426685
                    ]
                },
                {
                    "type": "tuple",
                    "values": [
                        0.0022167638676003783,
                        0.0020441165023271654
                    ]
                },
                {
                    "type": "tuple",
                    "values": [
                        0.002405805032950588,
                        0.002363834229646632
                    ]
                },
                {
                    "type": "tuple",
                    "values": [
                        0.002036474388533785,
                        0.0022954324205016856
                    ]
                },
                {
                    "type": "tuple",
                    "values": [
                        0.0020870881677246414,
                        0.002183520064734535
                    ]
                }
            ]
        },
        "max_log_likelihood_sample": {
            "type": "instance",
            "class_path": "autofit.non_linear.samples.sample.Sample",
            "arguments": {
                "log_likelihood": -156.4329903274366,
                "log_prior": 0.0,
                "weight": 0.0010292863354913803,
                "kwargs": {
                    "type": "dict",
                    "arguments": {
                        "ellipses.0.ell_comps.ell_comps_0": -0.1826990923878,
                        "ellipses.0.ell_comps.ell_comps_1": -0.19968308917553,
                        "multipoles.0.multipole_3.multipole_comps.multipole_comps_0": 0.00516607961536,
                        "multipoles.0.multipole_3.multipole_comps.multipole_comps_1": -0.00109224663374,
                        "multipoles.0.multipole_4.multipole_comps.multipole_comps_0": -0.02148869715374,
                        "multipoles.0.multipole_4.multipole_comps.multipole_comps_1": 0.00208471426063
                    }
                }
            }
        },
        "model": null,
        "log_evidence": -182.16739964277664,
        "values_at_sigma_3": {
            "type": "list",
            "values": [
                {
                    "type": "tuple",
                    "values": [
                        -0.18700171105577,
                        -0.17893742016461556
                    ]
                },
                {
                    "type": "tuple",
                    "values": [
                        -0.20338078993634687,
                        -0.19672400069880566
                    ]
                },
                {
                    "type": "tuple",
                    "values": [
                        -0.0015188479423810337,
                        0.011004169676548098
                    ]
                },
                {
                    "type": "tuple",
                    "values": [
                        -0.008455960273895823,
                        0.005538669301365841
                    ]
                },
                {
                    "type": "tuple",
                    "values": [
                        -0.028926551235392527,
                        -0.013506274059595223
                    ]
                },
                {
                    "type": "tuple",
                    "values": [
                        -0.00428127011753,
                        0.009713297983630631
                    ]
                }
            ]
        },
        "values_at_sigma_1": {
            "type": "list",
            "values": [
                {
                    "type": "tuple",
                    "values": [
                        -0.18417809232597024,
                        -0.18170834264736577
                    ]
                },
                {
                    "type": "tuple",
                    "values": [
                        -0.20117485121325346,
                        -0.19896212952489734
                    ]
                },
                {
                    "type": "tuple",
                    "values": [
                        0.00270096026014,
                        0.006961840630067544
                    ]
                },
                {
                    "type": "tuple",
                    "values": [
                        -0.00419943100984,
                        0.0005702082527572199
                    ]
                },
                {
                    "type": "tuple",
                    "values": [
                        -0.022737395832795153,
                        -0.018405489023759682
                    ]
                },
                {
                    "type": "tuple",
                    "values": [
                        0.0010918860317253585,
                        0.005362494264184535
                    ]
                }
            ]
        },
        "errors_at_sigma_3": {
            "type": "list",
            "values": [
                {
                    "type": "tuple",
                    "values": [
                        0.0041029856410299825,
                        0.003961305250124447
                    ]
                },
                {
                    "type": "tuple",
                    "values": [
                        0.0034119603970068635,
                        0.0032448288405343417
                    ]
                },
                {
                    "type": "tuple",
                    "values": [
                        0.006436572070121412,
                        0.00608644554880772
                    ]
                },
                {
                    "type": "tuple",
                    "values": [
                        0.006662334297006411,
                        0.007332295278255253
                    ]
                },
                {
                    "type": "tuple",
                    "values": [
                        0.008225629791131159,
                        0.007194647384666145
                    ]
                },
                {
                    "type": "tuple",
                    "values": [
                        0.00746024431698,
                        0.006534323784180631
                    ]
                }
            ]
        },
        "median_pdf_sample": {
            "type": "instance",
            "class_path": "autofit.non_linear.samples.sample.Sample",
            "arguments": {
                "log_likelihood": -156.4329903274366,
                "log_prior": 0.0,
                "weight": 0.0010292863354913803,
                "kwargs": {
                    "type": "dict",
                    "arguments": {
                        "ellipses.0.ell_comps.ell_comps_0": -0.18289872541474,
                        "ellipses.0.ell_comps.ell_comps_1": -0.19996882953934,
                        "multipoles.0.multipole_3.multipole_comps.multipole_comps_0": 0.004917724127740378,
                        "multipoles.0.multipole_3.multipole_comps.multipole_comps_1": -0.0017936259768894123,
                        "multipoles.0.multipole_4.multipole_comps.multipole_comps_0": -0.020700921444261368,
                        "multipoles.0.multipole_4.multipole_comps.multipole_comps_1": 0.00317897419945
                    }
                }
            }
        }
    }
}