{
    "type": "instance",
    "class_path": "autofit.non_linear.samples.summary.SamplesSummary",
    "arguments": {
        "values_at_sigma_1": {
            "type": "list",
            "values": [
                {
                    "type": "tuple",
                    "values": [
                        0.04551085412143246,
                        0.054120955153482406
                    ]
                },
                {
                    "type": "tuple",
                    "values": [
                        0.09063750634621247,
                        0.0976993291679645
                    ]
                },
                {
                    "type": "tuple",
                    "values": [
                        -0.003139220495993089,
                        -0.0010203015760192687
                    ]
                },
                {
                    "type": "tuple",
                    "values": [
                        0.00098123377837,
                        0.002936798031185361
                    ]
                },
                {
                    "type": "tuple",
                    "values": [
                        -0.00104647540516,
                        0.00100758641925
                    ]
                },
                {
                    "type": "tuple",
                    "values": [
                        -0.00047478430902,
                        0.0018089215314732636
                    ]
                },
                {
                    "type": "tuple",
                    "values": [
                        -0.00361417794199,
                        -0.00104048704031
                    ]
                },
                {
                    "type": "tuple",
                    "values": [
                        -0.0006832318166725658,
                        0.0018753934479188723
                    ]
                }
            ]
        },
        "values_at_sigma_3": {
            "type": "list",
            "values": [
                {
                    "type": "tuple",
                    "values": [
                        0.03792625832241852,
                        0.06336726147643873
                    ]
                },
                {
                    "type": "tuple",
                    "values": [
                        0.0828671222392527,
                        0.10566429098781044
                    ]
                },
                {
                    "type": "tuple",
                    "values": [
                        -0.005045415884909499,
                        0.0009266678574811528
                    ]
                },
                {
                    "type": "tuple",
                    "values": [
                        -0.00138835655185,
                        0.005195848980148364
                    ]
                },
                {
                    "type": "tuple",
                    "values": [
                        -0.002749806529362523,
                        0.0030077041472402564
                    ]
                },
                {
                    "type": "tuple",
                    "values": [
                        -0.00231998228034,
                        0.0036744095758601183
                    ]
                },
                {
                    "type": "tuple",
                    "values": [
                        -0.005630500101645669,
                        0.0011249246736681783
                    ]
                },
                {
                    "type": "tuple",
                    "values": [
                        -0.003373258118487245,
                        0.004345039229752035
                    ]
                }
            ]
        },
        "max_log_likelihood_sample": {
            "type": "instance",
            "class_path": "autofit.non_linear.samples.sample.Sample",
            "arguments": {
                "log_likelihood": -6.22318598380829,
                "log_prior": 0.0,
                "weight": 0.0010283464231220557,
                "kwargs": {
                    "type": "dict",
                    "arguments": {
                        "ellipses.0.ell_comps.ell_comps_0": 0.04777892878302,
                        "ellipses.0.ell_comps.ell_comps_1": 0.0961244212256,
                        "multipoles.0.multipole_1.multipole_comps.multipole_comps_0": -0.00269741957853,
                        "multipoles.0.multipole_1.multipole_comps.multipole_comps_1": 0.00173916918413,
                        "multipoles.0.multipole_3.multipole_comps.multipole_comps_0": -0.00066047673713,
                        "multipoles.0.multipole_3.multipole_comps.multipole_comps_1": -3.43592771e-06,
                        "multipoles.0.multipole_4.multipole_comps.multipole_comps_0": -0.00214013605138,
                        "multipoles.0.multipole_4.multipole_comps.multipole_comps_1": 0.00092077815053
                    }
                }
            }
        },
        "median_pdf_sample": {
            "type": "instance",
            "class_path": "autofit.non_linear.samples.sample.Sample",
            "arguments": {
                "log_likelihood": -6.22318598380829,
                "log_prior": 0.0,
                "weight": 0.0010283464231220557,
                "kwargs": {
                    "type": "dict",
                    "arguments": {
                        "ellipses.0.ell_comps.ell_comps_0": 0.04941012450563064,
                        "ellipses.0.ell_comps.ell_comps_1": 0.09378052143963,
                        "multipoles.0.multipole_1.multipole_comps.multipole_comps_0": -0.0021568624714671768,
                        "multipoles.0.multipole_1.multipole_comps.multipole_comps_1": 0.0018987468464936083,
                        "multipoles.0.multipole_3.multipole_comps.multipole_comps_0": 2.9695306810924506e-06,
                        "multipoles.0.multipole_3.multipole_comps.multipole_comps_1": 0.0006302038908484077,
                        "multipoles.0.multipole_4.multipole_comps.multipole_comps_0": -0.00228164264795,
                        "multipoles.0.multipole_4.multipole_comps.multipole_comps_1": 0.0005655286476641898
                    }
                }
            }
        },
        "model": null,
        "errors_at_sigma_1": {
            "type": "list",
            "values": [
                {
                    "type": "tuple",
                    "values": [
                        0.0038992703841981835,
                        0.0047108306478517645
                    ]
                },
                {
                    "type": "tuple",
                    "values": [
                        0.0031430150934175366,
                        0.0039188077283345
                    ]
                },
                {
                    "type": "tuple",
                    "values": [
                        0.0009823580245259121,
                        0.001136560895447908
                    ]
                },
                {
                    "type": "tuple",
                    "values": [
                        0.0009175130681236083,
                        0.001038051184691753
                    ]
                },
                {
                    "type": "tuple",
                    "values": [
                        0.0010494449358410924,
                        0.0010046168885689075
                    ]
                },
                {
                    "type": "tuple",
                    "values": [
                        0.0011049881998684077,
                        0.0011787176406248558
                    ]
                },
                {
                    "type": "tuple",
                    "values": [
                        0.00133253529404,
                        0.00124115560764
                    ]
                },
                {
                    "type": "tuple",
                    "values": [
                        0.0012487604643367555,
                        0.0013098648002546824
                    ]
                }
            ]
        },
        "errors_at_sigma_3": {
            "type": "list",
            "values": [
                {
                    "type": "tuple",
                    "values": [
                        0.011483866183212121,
                        0.013957136970808089
                    ]
                },
                {
                    "type": "tuple",
                    "values": [
                        0.010913399200377302,
                        0.011883769548180434
                    ]
                },
                {
                    "type": "tuple",
                    "values": [
                        0.0028885534134423223,
                        0.0030835303289483296
                    ]
                },
                {
                    "type": "tuple",
                    "values": [
                        0.0032871033983436085,
                        0.0032971021336547553
                    ]
                },
                {
                    "type": "tuple",
                    "values": [
                        0.0027527760600436157,
                        0.0030047346165591638
                    ]
                },
                {
                    "type": "tuple",
                    "values": [
                        0.0029501861711884077,
                        0.0030442056850117105
                    ]
                },
                {
                    "type": "tuple",
                    "values": [
                        0.0033488574536956694,
                        0.0034065673216181784
                    ]
                },
                {
                    "type": "tuple",
                    "values": [
                        0.0039387867661514345,
                        0.0037795105820878456
                    ]
                }
            ]
        },
        "log_evidence": -41.87311554495476
    }
}