{
    "type": "instance",
    "class_path": "autofit.non_linear.samples.summary.SamplesSummary",
    "arguments": {
        "log_evidence": -23.163707896726926,
        "model": null,
        "errors_at_sigma_3": {
            "type": "list",
            "values": [
                {
                    "type": "tuple",
                    "values": [
                        0.007259586936529991,
                        0.007390191766750001
                    ]
                },
                {
                    "type": "tuple",
                    "values": [
                        0.0073957698503642096,
                        0.006880702734824839
                    ]
                }
            ]
        },
        "max_log_likelihood_sample": {
            "type": "instance",
            "class_path": "autofit.non_linear.samples.sample.Sample",
            "arguments": {
                "log_likelihood": -12.530203820603969,
                "log_prior": 0.0,
                "weight": 0.0009816993237731467,
                "kwargs": {
                    "type": "dict",
                    "arguments": {
                        "ellipses.0.ell_comps.ell_comps_0": -0.08285370829114,
                        "ellipses.0.ell_comps.ell_comps_1": 0.02993434629967
                    }
                }
            }
        },
        "values_at_sigma_3": {
            "type": "list",
            "values": [
                {
                    "type": "tuple",
                    "values": [
                        -0.09011327072129,
                        -0.07546349201801
                    ]
                },
                {
                    "type": "tuple",
                    "values": [
                        0.02260600262125685,
                        0.0368824752064459
                    ]
                }
            ]
        },
        "median_pdf_sample": {
            "type": "instance",
            "class_path": "autofit.non_linear.samples.sample.Sample",
            "arguments": {
                "log_likelihood": -12.530203820603969,
                "log_prior": 0.0,
                "weight": 0.0009816993237731467,
                "kwargs": {
                    "type": "dict",
                    "arguments": {
                        "ellipses.0.ell_comps.ell_comps_0": -0.08285368378476,
                        "ellipses.0.ell_comps.ell_comps_1": 0.03000177247162106
                    }
                }
            }
        },
        "errors_at_sigma_1": {
            "type": "list",
            "values": [
                {
                    "type": "tuple",
                    "values": [
                        0.002152768912324396,
                        0.002027867106237674
                    ]
                },
                {
                    "type": "tuple",
                    "values": [
                        0.0027975087705710625,
                        0.0023849566943589355
                    ]
                }
            ]
        },
        "values_at_sigma_1": {
            "type": "list",
            "values": [
                {
                    "type": "tuple",
                    "values": [
                        -0.0850064526970844,
                        -0.08082581667852233
                    ]
                },
                {
                    "type": "tuple",
                    "values": [
                        0.02720426370105,
                        0.03238672916598
                    ]
                }
            ]
        }
    }
}