{
    "type": "instance",
    "class_path": "autofit.non_linear.samples.summary.SamplesSummary",
    "arguments": {
        "errors_at_sigma_3": {
            "type": "list",
            "values": [
                {
                    "type": "tuple",
                    "values": [
                        0.01185616929083308,
                        0.016940422244919567
                    ]
                },
                {
                    "type": "tuple",
                    "values": [
                        0.017890595172797917,
                        0.02351792558698838
                    ]
                },
                {
                    "type": "tuple",
                    "values": [
                        0.060810453674694835,
                        0.0678199225155057
                    ]
                },
                {
                    "type": "tuple",
                    "values": [
                        0.02694969966432917,
                        0.03294208457165718
                    ]
                },
                {
                    "type": "tuple",
                    "values": [
                        0.04511391386198153,
                        0.05964406187648847
                    ]
                },
                {
                    "type": "tuple",
                    "values": [
                        0.05318284752881092,
                        0.04176898975264045
                    ]
                },
                {
                    "type": "tuple",
                    "values": [
                        0.034858510907953055,
                        0.03866952212878813
                    ]
                },
                {
                    "type": "tuple",
                    "values": [
                        0.03416131394576635,
                        0.045286401710042584
                    ]
                }
            ]
        },
        "model": null,
        "max_log_likelihood_sample": {
            "type": "instance",
            "class_path": "autofit.non_linear.samples.sample.Sample",
            "arguments": {
                "log_likelihood": -26.56811850817751,
                "log_prior": 0.0,
                "weight": 0.0010298695975303307,
                "kwargs": {
                    "type": "dict",
                    "arguments": {
                        "ellipses.0.ell_comps.ell_comps_0": -0.20938386603097,
                        "ellipses.0.ell_comps.ell_comps_1": -0.00538923653871,
                        "multipoles.0.multipole_1.multipole_comps.multipole_comps_0": -0.0124428488065,
                        "multipoles.0.multipole_1.multipole_comps.multipole_comps_1": -0.00578227569914,
                        "multipoles.0.multipole_3.multipole_comps.multipole_comps_0": 0.0006268041973,
                        "multipoles.0.multipole_3.multipole_comps.multipole_comps_1": 0.02778866360926,
                        "multipoles.0.multipole_4.multipole_comps.multipole_comps_0": 0.02447112037281,
                        "multipoles.0.multipole_4.multipole_comps.multipole_comps_1": -0.0380795501531
                    }
                }
            }
        },
        "log_evidence": -48.15104050715383,
        "median_pdf_sample": {
            "type": "instance",
            "class_path": "autofit.non_linear.samples.sample.Sample",
            "arguments": {
                "log_likelihood": -26.56811850817751,
                "log_prior": 0.0,
                "weight": 0.0010298695975303307,
                "kwargs": {
                    "type": "dict",
                    "arguments": {
                        "ellipses.0.ell_comps.ell_comps_0": -0.20820414710820692,
                        "ellipses.0.ell_comps.ell_comps_1": -0.002830288169920023,
                        "multipoles.0.multipole_1.multipole_comps.multipole_comps_0": -0.00473276176049,
                        "multipoles.0.multipole_1.multipole_comps.multipole_comps_1": 0.002470548210679724,
                        "multipoles.0.multipole_3.multipole_comps.multipole_comps_0": -0.0033828931508784643,
                        "multipoles.0.multipole_3.multipole_comps.multipole_comps_1": 0.010395394066000914,
                        "multipoles.0.multipole_4.multipole_comps.multipole_comps_0": 0.019442137063739644,
                        "multipoles.0.multipole_4.multipole_comps.multipole_comps_1": -0.02659535771296
                    }
                }
            }
        },
        "values_at_sigma_1": {
            "type": "list",
            "values": [
                {
                    "type": "tuple",
                    "values": [
                        -0.21328368506527878,
                        -0.20208541407219
                    ]
                },
                {
                    "type": "tuple",
                    "values": [
                        -0.0097068014,
                        0.00409880962734
                    ]
                },
                {
                    "type": "tuple",
                    "values": [
                        -0.027427831171174526,
                        0.02173545007506031
                    ]
                },
                {
                    "type": "tuple",
                    "values": [
                        -0.007040323486218058,
                        0.012667341812334476
                    ]
                },
                {
                    "type": "tuple",
                    "values": [
                        -0.02034250098817,
                        0.01472036237288325
                    ]
                },
                {
                    "type": "tuple",
                    "values": [
                        -0.012296018814877387,
                        0.02797248437556
                    ]
                },
                {
                    "type": "tuple",
                    "values": [
                        0.006684025133090333,
                        0.03288470099226494
                    ]
                },
                {
                    "type": "tuple",
                    "values": [
                        -0.04181699424482011,
                        -0.010487163163358832
                    ]
                }
            ]
        },
        "values_at_sigma_3": {
            "type": "list",
            "values": [
                {
                    "type": "tuple",
                    "values": [
                        -0.22006031639904,
                        -0.19126372486328735
                    ]
                },
                {
                    "type": "tuple",
                    "values": [
                        -0.02072088334271794,
                        0.020687637417068357
                    ]
                },
                {
                    "type": "tuple",
                    "values": [
                        -0.06554321543518483,
                        0.06308716075501569
                    ]
                },
                {
                    "type": "tuple",
                    "values": [
                        -0.024479151453649445,
                        0.03541263278233691
                    ]
                },
                {
                    "type": "tuple",
                    "values": [
                        -0.04849680701286,
                        0.05626116872561
                    ]
                },
                {
                    "type": "tuple",
                    "values": [
                        -0.04278745346281,
                        0.052164383818641365
                    ]
                },
                {
                    "type": "tuple",
                    "values": [
                        -0.015416373844213412,
                        0.058111659192527775
                    ]
                },
                {
                    "type": "tuple",
                    "values": [
                        -0.06075667165872635,
                        0.018691043997082584
                    ]
                }
            ]
        },
        "errors_at_sigma_1": {
            "type": "list",
            "values": [
                {
                    "type": "tuple",
                    "values": [
                        0.005079537957071861,
                        0.006118733036016927
                    ]
                },
                {
                    "type": "tuple",
                    "values": [
                        0.006876513230079977,
                        0.006929097797260024
                    ]
                },
                {
                    "type": "tuple",
                    "values": [
                        0.022695069410684526,
                        0.026468211835550308
                    ]
                },
                {
                    "type": "tuple",
                    "values": [
                        0.009510871696897783,
                        0.010196793601654753
                    ]
                },
                {
                    "type": "tuple",
                    "values": [
                        0.016959607837291536,
                        0.018103255523761713
                    ]
                },
                {
                    "type": "tuple",
                    "values": [
                        0.022691412880878302,
                        0.017577090309559083
                    ]
                },
                {
                    "type": "tuple",
                    "values": [
                        0.01275811193064931,
                        0.013442563928525296
                    ]
                },
                {
                    "type": "tuple",
                    "values": [
                        0.015221636531860112,
                        0.01610819454960117
                    ]
                }
            ]
        }
    }
}