{
    "type": "instance",
    "class_path": "autofit.non_linear.samples.summary.SamplesSummary",
    "arguments": {
        "values_at_sigma_3": {
            "type": "list",
            "values": [
                {
                    "type": "tuple",
                    "values": [
                        -0.4488986459917671,
                        -0.4379792057316183
                    ]
                },
                {
                    "type": "tuple",
                    "values": [
                        0.02482979094059,
                        0.035275053668
                    ]
                },
                {
                    "type": "tuple",
                    "values": [
                        -0.0049438722748195866,
                        0.01580052493360133
                    ]
                },
                {
                    "type": "tuple",
                    "values": [
                        -0.02173128407076,
                        -0.009323331393358229
                    ]
                },
                {
                    "type": "tuple",
                    "values": [
                        -0.0129692257545,
                        0.0031574262219170347
                    ]
                },
                {
                    "type": "tuple",
                    "values": [
                        0.00030547152612446423,
                        0.015143783069472385
                    ]
                },
                {
                    "type": "tuple",
                    "values": [
                        -0.030659501116373847,
                        -0.012246135893637714
                    ]
                },
                {
                    "type": "tuple",
                    "values": [
                        -0.002043456053945806,
                        0.01234640678657848
                    ]
                }
            ]
        },
        "log_evidence": -202.16620120482327,
        "max_log_likelihood_sample": {
            "type": "instance",
            "class_path": "autofit.non_linear.samples.sample.Sample",
            "arguments": {
                "log_likelihood": -170.08904369559008,
                "log_prior": 0.0,
                "weight": 0.0010540491021840206,
                "kwargs": {
                    "type": "dict",
                    "arguments": {
                        "ellipses.0.ell_comps.ell_comps_0": -0.44219815079579,
                        "ellipses.0.ell_comps.ell_comps_1": 0.02891480428028,
                        "multipoles.0.multipole_1.multipole_comps.multipole_comps_0": 0.00459514730358,
                        "multipoles.0.multipole_1.multipole_comps.multipole_comps_1": -0.01479999035867,
                        "multipoles.0.multipole_3.multipole_comps.multipole_comps_0": -0.00410017873318,
                        "multipoles.0.multipole_3.multipole_comps.multipole_comps_1": 0.00828695250777,
                        "multipoles.0.multipole_4.multipole_comps.multipole_comps_0": -0.02009582952954,
                        "multipoles.0.multipole_4.multipole_comps.multipole_comps_1": 0.0030645989636
                    }
                }
            }
        },
        "values_at_sigma_1": {
            "type": "list",
            "values": [
                {
                    "type": "tuple",
                    "values": [
                        -0.44467632659691,
                        -0.44108070346034
                    ]
                },
                {
                    "type": "tuple",
                    "values": [
                        0.02808415367853914,
                        0.03098161322974
                    ]
                },
                {
                    "type": "tuple",
                    "values": [
                        0.00151626736198,
                        0.008221127161340599
                    ]
                },
                {
                    "type": "tuple",
                    "values": [
                        -0.01714632485225847,
                        -0.01306402568711
                    ]
                },
                {
                    "type": "tuple",
                    "values": [
                        -0.006665054022547113,
                        -0.00125091124016
                    ]
                },
                {
                    "type": "tuple",
                    "values": [
                        0.00515840331645,
                        0.010423856400855377
                    ]
                },
                {
                    "type": "tuple",
                    "values": [
                        -0.024000555386753976,
                        -0.018197329735621007
                    ]
                },
                {
                    "type": "tuple",
                    "values": [
                        0.00243009992054,
                        0.007114750063880359
                    ]
                }
            ]
        },
        "errors_at_sigma_1": {
            "type": "list",
            "values": [
                {
                    "type": "tuple",
                    "values": [
                        0.0019432239279699726,
                        0.0016523992085999972
                    ]
                },
                {
                    "type": "tuple",
                    "values": [
                        0.001582891915944653,
                        0.0013145676352562079
                    ]
                },
                {
                    "type": "tuple",
                    "values": [
                        0.0032825487247700007,
                        0.0034223110745905984
                    ]
                },
                {
                    "type": "tuple",
                    "values": [
                        0.0021059437913884694,
                        0.0019763553737599995
                    ]
                },
                {
                    "type": "tuple",
                    "values": [
                        0.002568745833647905,
                        0.002845396948739208
                    ]
                },
                {
                    "type": "tuple",
                    "values": [
                        0.0026719280964372,
                        0.0025935249879681776
                    ]
                },
                {
                    "type": "tuple",
                    "values": [
                        0.0027753653607944934,
                        0.0030278602903384758
                    ]
                },
                {
                    "type": "tuple",
                    "values": [
                        0.0023924477575316275,
                        0.0022922023858087314
                    ]
                }
            ]
        },
        "model": null,
        "median_pdf_sample": {
            "type": "instance",
            "class_path": "autofit.non_linear.samples.sample.Sample",
            "arguments": {
                "log_likelihood": -170.08904369559008,
                "log_prior": 0.0,
                "weight": 0.0010540491021840206,
                "kwargs": {
                    "type": "dict",
                    "arguments": {
                        "ellipses.0.ell_comps.ell_comps_0": -0.44273310266894,
                        "ellipses.0.ell_comps.ell_comps_1": 0.02966704559448379,
                        "multipoles.0.multipole_1.multipole_comps.multipole_comps_0": 0.00479881608675,
                        "multipoles.0.multipole_1.multipole_comps.multipole_comps_1": -0.01504038106087,
                        "multipoles.0.multipole_3.multipole_comps.multipole_comps_0": -0.004096308188899208,
                        "multipoles.0.multipole_3.multipole_comps.multipole_comps_1": 0.0078303314128872,
                        "multipoles.0.multipole_4.multipole_comps.multipole_comps_0": -0.021225190025959483,
                        "multipoles.0.multipole_4.multipole_comps.multipole_comps_1": 0.0048225476780716274
                    }
                }
            }
        },
        "errors_at_sigma_3": {
            "type": "list",
            "values": [
                {
                    "type": "tuple",
                    "values": [
                        0.006165543322827094,
                        0.0047538969373217
                    ]
                },
                {
                    "type": "tuple",
                    "values": [
                        0.0048372546538937924,
                        0.005608008073516212
                    ]
                },
                {
                    "type": "tuple",
                    "values": [
                        0.009742688361569586,
                        0.011001708846851331
                    ]
                },
                {
                    "type": "tuple",
                    "values": [
                        0.006690903009889998,
                        0.005717049667511772
                    ]
                },
                {
                    "type": "tuple",
                    "values": [
                        0.008872917565600793,
                        0.0072537344108162425
                    ]
                },
                {
                    "type": "tuple",
                    "values": [
                        0.007524859886762735,
                        0.007313451656585186
                    ]
                },
                {
                    "type": "tuple",
                    "values": [
                        0.009434311090414364,
                        0.008979054132321768
                    ]
                },
                {
                    "type": "tuple",
                    "values": [
                        0.0068660037320174335,
                        0.007523859108506853
                    ]
                }
            ]
        }
    }
}