{
    "type": "instance",
    "class_path": "autofit.non_linear.samples.summary.SamplesSummary",
    "arguments": {
        "values_at_sigma_3": {
            "type": "list",
            "values": [
                {
                    "type": "tuple",
                    "values": [
                        -0.08435715799069,
                        0.00760937113983
                    ]
                },
                {
                    "type": "tuple",
                    "values": [
                        -0.1630732422083047,
                        -0.0885883184105767
                    ]
                },
                {
                    "type": "tuple",
                    "values": [
                        -0.09966149551455,
                        0.09969926316882
                    ]
                },
                {
                    "type": "tuple",
                    "values": [
                        -0.09591583798125,
                        0.027958785471652432
                    ]
                },
                {
                    "type": "tuple",
                    "values": [
                        -0.09848262817677,
                        0.08508284542135
                    ]
                },
                {
                    "type": "tuple",
                    "values": [
                        -0.0969957055712,
                        0.09315898549154335
                    ]
                }
            ]
        },
        "values_at_sigma_1": {
            "type": "list",
            "values": [
                {
                    "type": "tuple",
                    "values": [
                        -0.05080987693119,
                        -0.029027315305419008
                    ]
                },
                {
                    "type": "tuple",
                    "values": [
                        -0.13232018106252685,
                        -0.09672066519380605
                    ]
                },
                {
                    "type": "tuple",
                    "values": [
                        -0.08557667224793,
                        0.04978416872720046
                    ]
                },
                {
                    "type": "tuple",
                    "values": [
                        -0.05440660742771,
                        -0.022990756429617697
                    ]
                },
                {
                    "type": "tuple",
                    "values": [
                        -0.07806819635564,
                        0.03023381925303
                    ]
                },
                {
                    "type": "tuple",
                    "values": [
                        -0.04102586535671374,
                        0.05744010510510825
                    ]
                }
            ]
        },
        "errors_at_sigma_3": {
            "type": "list",
            "values": [
                {
                    "type": "tuple",
                    "values": [
                        0.039038761823530006,
                        0.052927767306989996
                    ]
                },
                {
                    "type": "tuple",
                    "values": [
                        0.05375693151766478,
                        0.02072799228006321
                    ]
                },
                {
                    "type": "tuple",
                    "values": [
                        0.09001804251497168,
                        0.10934271616839832
                    ]
                },
                {
                    "type": "tuple",
                    "values": [
                        0.05901859736409814,
                        0.0648560260888043
                    ]
                },
                {
                    "type": "tuple",
                    "values": [
                        0.04645121258152397,
                        0.13711426101659605
                    ]
                },
                {
                    "type": "tuple",
                    "values": [
                        0.10596291358031348,
                        0.08419177748242987
                    ]
                }
            ]
        },
        "model": null,
        "errors_at_sigma_1": {
            "type": "list",
            "values": [
                {
                    "type": "tuple",
                    "values": [
                        0.005491480764029999,
                        0.01629108086174099
                    ]
                },
                {
                    "type": "tuple",
                    "values": [
                        0.023003870371886947,
                        0.012595645496833854
                    ]
                },
                {
                    "type": "tuple",
                    "values": [
                        0.07593321924835168,
                        0.05942762172677878
                    ]
                },
                {
                    "type": "tuple",
                    "values": [
                        0.01750936681055814,
                        0.013906484187534165
                    ]
                },
                {
                    "type": "tuple",
                    "values": [
                        0.02603678076039396,
                        0.08226523484827604
                    ]
                },
                {
                    "type": "tuple",
                    "values": [
                        0.049993073365827215,
                        0.04847289709599477
                    ]
                }
            ]
        },
        "max_log_likelihood_sample": {
            "type": "instance",
            "class_path": "autofit.non_linear.samples.sample.Sample",
            "arguments": {
                "log_likelihood": -44.51122244489116,
                "log_prior": 0.0,
                "weight": 0.001066027609149465,
                "kwargs": {
                    "type": "dict",
                    "arguments": {
                        "ellipses.0.ell_comps.ell_comps_0": -0.0473773142444,
                        "ellipses.0.ell_comps.ell_comps_1": -0.09804368691467,
                        "multipoles.0.multipole_3.multipole_comps.multipole_comps_0": -0.0906448109821,
                        "multipoles.0.multipole_3.multipole_comps.multipole_comps_1": -0.03552713998506,
                        "multipoles.0.multipole_4.multipole_comps.multipole_comps_0": -0.07236374387172,
                        "multipoles.0.multipole_4.multipole_comps.multipole_comps_1": 0.05341509324219
                    }
                }
            }
        },
        "log_evidence": -62.71218972696902,
        "median_pdf_sample": {
            "type": "instance",
            "class_path": "autofit.non_linear.samples.sample.Sample",
            "arguments": {
                "log_likelihood": -44.51122244489116,
                "log_prior": 0.0,
                "weight": 0.001066027609149465,
                "kwargs": {
                    "type": "dict",
                    "arguments": {
                        "ellipses.0.ell_comps.ell_comps_0": -0.04531839616716,
                        "ellipses.0.ell_comps.ell_comps_1": -0.1093163106906399,
                        "multipoles.0.multipole_3.multipole_comps.multipole_comps_0": -0.009643452999578318,
                        "multipoles.0.multipole_3.multipole_comps.multipole_comps_1": -0.03689724061715186,
                        "multipoles.0.multipole_4.multipole_comps.multipole_comps_0": -0.05203141559524604,
                        "multipoles.0.multipole_4.multipole_comps.multipole_comps_1": 0.008967208009113478
                    }
                }
            }
        }
    }
}