{
    "type": "instance",
    "class_path": "autofit.non_linear.samples.summary.SamplesSummary",
    "arguments": {
        "values_at_sigma_3": {
            "type": "list",
            "values": [
                {
                    "type": "tuple",
                    "values": [
                        0.005232431449554892,
                        0.02705637549472033
                    ]
                },
                {
                    "type": "tuple",
                    "values": [
                        -0.11527677186417302,
                        -0.09232537036379337
                    ]
                }
            ]
        },
        "values_at_sigma_1": {
            "type": "list",
            "values": [
                {
                    "type": "tuple",
                    "values": [
                        0.012582549455671294,
                        0.019968929023073005
                    ]
                },
                {
                    "type": "tuple",
                    "values": [
                        -0.1056931093455,
                        -0.09931190718066
                    ]
                }
            ]
        },
        "max_log_likelihood_sample": {
            "type": "instance",
            "class_path": "autofit.non_linear.samples.sample.Sample",
            "arguments": {
                "log_likelihood": -22.32931533397629,
                "log_prior": 0.0,
                "weight": 0.0009798949338921648,
                "kwargs": {
                    "type": "dict",
                    "arguments": {
                        "ellipses.0.ell_comps.ell_comps_0": 0.0158251051048,
                        "ellipses.0.ell_comps.ell_comps_1": -0.10166115998476
                    }
                }
            }
        },
        "model": null,
        "errors_at_sigma_1": {
            "type": "list",
            "values": [
                {
                    "type": "tuple",
                    "values": [
                        0.003319954564905657,
                        0.004066425002496054
                    ]
                },
                {
                    "type": "tuple",
                    "values": [
                        0.0038022180110599962,
                        0.002578984153779995
                    ]
                }
            ]
        },
        "errors_at_sigma_3": {
            "type": "list",
            "values": [
                {
                    "type": "tuple",
                    "values": [
                        0.010670072571022059,
                        0.01115387147414338
                    ]
                },
                {
                    "type": "tuple",
                    "values": [
                        0.013385880529733024,
                        0.009565520970646627
                    ]
                }
            ]
        },
        "log_evidence": -32.13049578474212,
        "median_pdf_sample": {
            "type": "instance",
            "class_path": "autofit.non_linear.samples.sample.Sample",
            "arguments": {
                "log_likelihood": -22.32931533397629,
                "log_prior": 0.0,
                "weight": 0.0009798949338921648,
                "kwargs": {
                    "type": "dict",
                    "arguments": {
                        "ellipses.0.ell_comps.ell_comps_0": 0.01590250402057695,
                        "ellipses.0.ell_comps.ell_comps_1": -0.10189089133444
                    }
                }
            }
        }
    }
}