{
    "type": "instance",
    "class_path": "autofit.non_linear.samples.summary.SamplesSummary",
    "arguments": {
        "max_log_likelihood_sample": {
            "type": "instance",
            "class_path": "autofit.non_linear.samples.sample.Sample",
            "arguments": {
                "log_likelihood": -47.80364615867518,
                "log_prior": 0.0,
                "weight": 0.0009763296135779953,
                "kwargs": {
                    "type": "dict",
                    "arguments": {
                        "ellipses.0.ell_comps.ell_comps_0": 0.06149975169927,
                        "ellipses.0.ell_comps.ell_comps_1": 0.03015546712536,
                        "multipoles.0.multipole_3.multipole_comps.multipole_comps_0": 0.08514845507922,
                        "multipoles.0.multipole_3.multipole_comps.multipole_comps_1": -0.04149771553602,
                        "multipoles.0.multipole_4.multipole_comps.multipole_comps_0": -0.0750837783737,
                        "multipoles.0.multipole_4.multipole_comps.multipole_comps_1": 0.07390873799235
                    }
                }
            }
        },
        "model": null,
        "median_pdf_sample": {
            "type": "instance",
            "class_path": "autofit.non_linear.samples.sample.Sample",
            "arguments": {
                "log_likelihood": -47.80364615867518,
                "log_prior": 0.0,
                "weight": 0.0009763296135779953,
                "kwargs": {
                    "type": "dict",
                    "arguments": {
                        "ellipses.0.ell_comps.ell_comps_0": 0.06588359023603654,
                        "ellipses.0.ell_comps.ell_comps_1": 0.03032691941621926,
                        "multipoles.0.multipole_3.multipole_comps.multipole_comps_0": 0.07752384031579303,
                        "multipoles.0.multipole_3.multipole_comps.multipole_comps_1": -0.019458016348073977,
                        "multipoles.0.multipole_4.multipole_comps.multipole_comps_0": -0.0579491454778533,
                        "multipoles.0.multipole_4.multipole_comps.multipole_comps_1": 0.049854863873280794
                    }
                }
            }
        },
        "errors_at_sigma_3": {
            "type": "list",
            "values": [
                {
                    "type": "tuple",
                    "values": [
                        0.00781734216408169,
                        0.08082334527100199
                    ]
                },
                {
                    "type": "tuple",
                    "values": [
                        0.013910360308968379,
                        0.06259580611193885
                    ]
                },
                {
                    "type": "tuple",
                    "values": [
                        0.12913714268337928,
                        0.022140978115748583
                    ]
                },
                {
                    "type": "tuple",
                    "values": [
                        0.07649372378384602,
                        0.11107526981849912
                    ]
                },
                {
                    "type": "tuple",
                    "values": [
                        0.04102060731488671,
                        0.1570014686156533
                    ]
                },
                {
                    "type": "tuple",
                    "values": [
                        0.1374014736841008,
                        0.049488669449786
                    ]
                }
            ]
        },
        "values_at_sigma_1": {
            "type": "list",
            "values": [
                {
                    "type": "tuple",
                    "values": [
                        0.062211587947132205,
                        0.10693119104861
                    ]
                },
                {
                    "type": "tuple",
                    "values": [
                        0.02455258939039,
                        0.06733870666553
                    ]
                },
                {
                    "type": "tuple",
                    "values": [
                        0.014577475157722355,
                        0.09238719667989816
                    ]
                },
                {
                    "type": "tuple",
                    "values": [
                        -0.046637335054200556,
                        0.03906853978210427
                    ]
                },
                {
                    "type": "tuple",
                    "values": [
                        -0.07915421028539714,
                        -0.01546736725231
                    ]
                },
                {
                    "type": "tuple",
                    "values": [
                        0.00540758647532,
                        0.07533948161642
                    ]
                }
            ]
        },
        "log_evidence": -64.66796162433174,
        "values_at_sigma_3": {
            "type": "list",
            "values": [
                {
                    "type": "tuple",
                    "values": [
                        0.05806624807195485,
                        0.14670693550703853
                    ]
                },
                {
                    "type": "tuple",
                    "values": [
                        0.016416559107250882,
                        0.09292272552815811
                    ]
                },
                {
                    "type": "tuple",
                    "values": [
                        -0.05161330236758626,
                        0.09966481843154161
                    ]
                },
                {
                    "type": "tuple",
                    "values": [
                        -0.09595174013192,
                        0.09161725347042514
                    ]
                },
                {
                    "type": "tuple",
                    "values": [
                        -0.09896975279274,
                        0.0990523231378
                    ]
                },
                {
                    "type": "tuple",
                    "values": [
                        -0.08754660981082,
                        0.0993435333230668
                    ]
                }
            ]
        },
        "errors_at_sigma_1": {
            "type": "list",
            "values": [
                {
                    "type": "tuple",
                    "values": [
                        0.0036720022889043386,
                        0.041047600812573456
                    ]
                },
                {
                    "type": "tuple",
                    "values": [
                        0.00577433002582926,
                        0.03701178724931074
                    ]
                },
                {
                    "type": "tuple",
                    "values": [
                        0.06294636515807067,
                        0.01486335636410513
                    ]
                },
                {
                    "type": "tuple",
                    "values": [
                        0.02717931870612658,
                        0.05852655613017825
                    ]
                },
                {
                    "type": "tuple",
                    "values": [
                        0.02120506480754384,
                        0.0424817782255433
                    ]
                },
                {
                    "type": "tuple",
                    "values": [
                        0.0444472773979608,
                        0.025484617743139204
                    ]
                }
            ]
        }
    }
}