{
    "type": "instance",
    "class_path": "autofit.non_linear.samples.summary.SamplesSummary",
    "arguments": {
        "values_at_sigma_3": {
            "type": "list",
            "values": [
                {
                    "type": "tuple",
                    "values": [
                        -0.48224430586871,
                        -0.4590460685439931
                    ]
                },
                {
                    "type": "tuple",
                    "values": [
                        -0.004802500350428632,
                        0.020408569706635103
                    ]
                }
            ]
        },
        "log_evidence": -87.52404476458052,
        "errors_at_sigma_3": {
            "type": "list",
            "values": [
                {
                    "type": "tuple",
                    "values": [
                        0.01693625004290894,
                        0.006261987281807935
                    ]
                },
                {
                    "type": "tuple",
                    "values": [
                        0.010068378665138631,
                        0.015142691391925103
                    ]
                }
            ]
        },
        "values_at_sigma_1": {
            "type": "list",
            "values": [
                {
                    "type": "tuple",
                    "values": [
                        -0.46805641212363,
                        -0.46250351025433
                    ]
                },
                {
                    "type": "tuple",
                    "values": [
                        5.373981415e-05,
                        0.009492817812371454
                    ]
                }
            ]
        },
        "errors_at_sigma_1": {
            "type": "list",
            "values": [
                {
                    "type": "tuple",
                    "values": [
                        0.0027483562978289355,
                        0.002804545571471029
                    ]
                },
                {
                    "type": "tuple",
                    "values": [
                        0.00521213850056,
                        0.004226939497661454
                    ]
                }
            ]
        },
        "median_pdf_sample": {
            "type": "instance",
            "class_path": "autofit.non_linear.samples.sample.Sample",
            "arguments": {
                "log_likelihood": -77.3788373062146,
                "log_prior": 0.0,
                "weight": 0.0009965063991591117,
                "kwargs": {
                    "type": "dict",
                    "arguments": {
                        "ellipses.0.ell_comps.ell_comps_0": -0.46530805582580104,
                        "ellipses.0.ell_comps.ell_comps_1": 0.00526587831471
                    }
                }
            }
        },
        "model": null,
        "max_log_likelihood_sample": {
            "type": "instance",
            "class_path": "autofit.non_linear.samples.sample.Sample",
            "arguments": {
                "log_likelihood": -77.3788373062146,
                "log_prior": 0.0,
                "weight": 0.0009965063991591117,
                "kwargs": {
                    "type": "dict",
                    "arguments": {
                        "ellipses.0.ell_comps.ell_comps_0": -0.4665319379085,
                        "ellipses.0.ell_comps.ell_comps_1": 0.00820191188535
                    }
                }
            }
        }
    }
}