{
    "type": "instance",
    "class_path": "autofit.non_linear.samples.summary.SamplesSummary",
    "arguments": {
        "values_at_sigma_3": {
            "type": "list",
            "values": [
                {
                    "type": "tuple",
                    "values": [
                        0.10391783840158504,
                        0.1308894549685571
                    ]
                },
                {
                    "type": "tuple",
                    "values": [
                        -0.12790870168182267,
                        -0.09967944949338645
                    ]
                },
                {
                    "type": "tuple",
                    "values": [
                        -0.05676324826387711,
                        0.06552410361304
                    ]
                },
                {
                    "type": "tuple",
                    "values": [
                        -0.04870916212709289,
                        0.0703269867577078
                    ]
                },
                {
                    "type": "tuple",
                    "values": [
                        -0.05546868971151028,
                        0.05436005417050138
                    ]
                },
                {
                    "type": "tuple",
                    "values": [
                        -0.07081092529227999,
                        0.05992685878122
                    ]
                }
            ]
        },
        "model": null,
        "median_pdf_sample": {
            "type": "instance",
            "class_path": "autofit.non_linear.samples.sample.Sample",
            "arguments": {
                "log_likelihood": -37.97544712332021,
                "log_prior": 0.0,
                "weight": 0.0010324742165233828,
                "kwargs": {
                    "type": "dict",
                    "arguments": {
                        "ellipses.0.ell_comps.ell_comps_0": 0.12043478381147373,
                        "ellipses.0.ell_comps.ell_comps_1": -0.11707953654861329,
                        "multipoles.0.multipole_3.multipole_comps.multipole_comps_0": -0.0009348495398221471,
                        "multipoles.0.multipole_3.multipole_comps.multipole_comps_1": -0.012471940483768722,
                        "multipoles.0.multipole_4.multipole_comps.multipole_comps_0": -0.010581131829554698,
                        "multipoles.0.multipole_4.multipole_comps.multipole_comps_1": 0.01345769489542931
                    }
                }
            }
        },
        "log_evidence": -53.85148992696119,
        "errors_at_sigma_3": {
            "type": "list",
            "values": [
                {
                    "type": "tuple",
                    "values": [
                        0.016516945409888684,
                        0.010454671157083387
                    ]
                },
                {
                    "type": "tuple",
                    "values": [
                        0.010829165133209376,
                        0.017400087055226846
                    ]
                },
                {
                    "type": "tuple",
                    "values": [
                        0.05582839872405496,
                        0.06645895315286214
                    ]
                },
                {
                    "type": "tuple",
                    "values": [
                        0.03623722164332417,
                        0.08279892724147651
                    ]
                },
                {
                    "type": "tuple",
                    "values": [
                        0.044887557881955586,
                        0.06494118600005608
                    ]
                },
                {
                    "type": "tuple",
                    "values": [
                        0.0842686201877093,
                        0.046469163885790685
                    ]
                }
            ]
        },
        "values_at_sigma_1": {
            "type": "list",
            "values": [
                {
                    "type": "tuple",
                    "values": [
                        0.11667192921042,
                        0.12415484479670608
                    ]
                },
                {
                    "type": "tuple",
                    "values": [
                        -0.12178595261019884,
                        -0.1128291102306102
                    ]
                },
                {
                    "type": "tuple",
                    "values": [
                        -0.02302711457975252,
                        0.014935970942588618
                    ]
                },
                {
                    "type": "tuple",
                    "values": [
                        -0.029295549740834093,
                        0.005864739003930823
                    ]
                },
                {
                    "type": "tuple",
                    "values": [
                        -0.02882683637533053,
                        0.01359396640101
                    ]
                },
                {
                    "type": "tuple",
                    "values": [
                        -0.00172900779848,
                        0.02591324159258
                    ]
                }
            ]
        },
        "max_log_likelihood_sample": {
            "type": "instance",
            "class_path": "autofit.non_linear.samples.sample.Sample",
            "arguments": {
                "log_likelihood": -37.97544712332021,
                "log_prior": 0.0,
                "weight": 0.0010324742165233828,
                "kwargs": {
                    "type": "dict",
                    "arguments": {
                        "ellipses.0.ell_comps.ell_comps_0": 0.1248844957182,
                        "ellipses.0.ell_comps.ell_comps_1": -0.12139746952517,
                        "multipoles.0.multipole_3.multipole_comps.multipole_comps_0": 0.00053524042556,
                        "multipoles.0.multipole_3.multipole_comps.multipole_comps_1": -0.02641849817363,
                        "multipoles.0.multipole_4.multipole_comps.multipole_comps_0": -0.02241215154062,
                        "multipoles.0.multipole_4.multipole_comps.multipole_comps_1": 0.01823204375235
                    }
                }
            }
        },
        "errors_at_sigma_1": {
            "type": "list",
            "values": [
                {
                    "type": "tuple",
                    "values": [
                        0.0037628546010537306,
                        0.0037200609852323513
                    ]
                },
                {
                    "type": "tuple",
                    "values": [
                        0.004706416061585547,
                        0.004250426318003098
                    ]
                },
                {
                    "type": "tuple",
                    "values": [
                        0.022092265039930375,
                        0.015870820482410765
                    ]
                },
                {
                    "type": "tuple",
                    "values": [
                        0.016823609257065372,
                        0.018336679487699546
                    ]
                },
                {
                    "type": "tuple",
                    "values": [
                        0.01824570454577583,
                        0.0241750982305647
                    ]
                },
                {
                    "type": "tuple",
                    "values": [
                        0.01518670269390931,
                        0.01245554669715069
                    ]
                }
            ]
        }
    }
}