{
    "type": "instance",
    "class_path": "autofit.non_linear.samples.summary.SamplesSummary",
    "arguments": {
        "values_at_sigma_3": {
            "type": "list",
            "values": [
                {
                    "type": "tuple",
                    "values": [
                        -0.13848840917336,
                        -0.11979754158433785
                    ]
                },
                {
                    "type": "tuple",
                    "values": [
                        0.01088423657893,
                        0.03362250062634453
                    ]
                },
                {
                    "type": "tuple",
                    "values": [
                        -0.02378606541944,
                        0.0275217541798807
                    ]
                },
                {
                    "type": "tuple",
                    "values": [
                        -0.0417796226698,
                        0.00926791932566283
                    ]
                },
                {
                    "type": "tuple",
                    "values": [
                        -0.02251667938233,
                        0.03109689870578
                    ]
                },
                {
                    "type": "tuple",
                    "values": [
                        -0.035871425571040505,
                        0.02005741554905
                    ]
                },
                {
                    "type": "tuple",
                    "values": [
                        -0.03119396278054,
                        0.029754396306207406
                    ]
                },
                {
                    "type": "tuple",
                    "values": [
                        -0.036884434047421005,
                        0.03739033186041
                    ]
                }
            ]
        },
        "errors_at_sigma_3": {
            "type": "list",
            "values": [
                {
                    "type": "tuple",
                    "values": [
                        0.00929317937245,
                        0.00939768821657215
                    ]
                },
                {
                    "type": "tuple",
                    "values": [
                        0.010223724793353185,
                        0.012514539254061346
                    ]
                },
                {
                    "type": "tuple",
                    "values": [
                        0.0282248889993,
                        0.0230829306000207
                    ]
                },
                {
                    "type": "tuple",
                    "values": [
                        0.02784098185678357,
                        0.023206560138679264
                    ]
                },
                {
                    "type": "tuple",
                    "values": [
                        0.02546564700106,
                        0.02814793108705
                    ]
                },
                {
                    "type": "tuple",
                    "values": [
                        0.027265911232683133,
                        0.028662929887407367
                    ]
                },
                {
                    "type": "tuple",
                    "values": [
                        0.03211680961409371,
                        0.028831549472653692
                    ]
                },
                {
                    "type": "tuple",
                    "values": [
                        0.03463700476234101,
                        0.03963776114549
                    ]
                }
            ]
        },
        "errors_at_sigma_1": {
            "type": "list",
            "values": [
                {
                    "type": "tuple",
                    "values": [
                        0.003075879694009992,
                        0.002446684654260012
                    ]
                },
                {
                    "type": "tuple",
                    "values": [
                        0.0037933674329231858,
                        0.0032778506902077648
                    ]
                },
                {
                    "type": "tuple",
                    "values": [
                        0.00887086417596,
                        0.00949816094051
                    ]
                },
                {
                    "type": "tuple",
                    "values": [
                        0.008898481088225094,
                        0.007964859189280134
                    ]
                },
                {
                    "type": "tuple",
                    "values": [
                        0.008237949403589101,
                        0.00860970394618
                    ]
                },
                {
                    "type": "tuple",
                    "values": [
                        0.009116388964702632,
                        0.009436998155627572
                    ]
                },
                {
                    "type": "tuple",
                    "values": [
                        0.00955138866671045,
                        0.008311152094136286
                    ]
                },
                {
                    "type": "tuple",
                    "values": [
                        0.01131432907974231,
                        0.010957546112244794
                    ]
                }
            ]
        },
        "max_log_likelihood_sample": {
            "type": "instance",
            "class_path": "autofit.non_linear.samples.sample.Sample",
            "arguments": {
                "log_likelihood": -32.28000778905041,
                "log_prior": 0.0,
                "weight": 0.0010269553757579143,
                "kwargs": {
                    "type": "dict",
                    "arguments": {
                        "ellipses.0.ell_comps.ell_comps_0": -0.13190067529372,
                        "ellipses.0.ell_comps.ell_comps_1": 0.02082450644948,
                        "multipoles.0.multipole_1.multipole_comps.multipole_comps_0": 0.01330597130995,
                        "multipoles.0.multipole_1.multipole_comps.multipole_comps_1": -0.00957348596495,
                        "multipoles.0.multipole_3.multipole_comps.multipole_comps_0": 0.00548845519709,
                        "multipoles.0.multipole_3.multipole_comps.multipole_comps_1": -0.01779101658059,
                        "multipoles.0.multipole_4.multipole_comps.multipole_comps_0": -0.0082586125696,
                        "multipoles.0.multipole_4.multipole_comps.multipole_comps_1": -0.00722749442842
                    }
                }
            }
        },
        "median_pdf_sample": {
            "type": "instance",
            "class_path": "autofit.non_linear.samples.sample.Sample",
            "arguments": {
                "log_likelihood": -32.28000778905041,
                "log_prior": 0.0,
                "weight": 0.0010269553757579143,
                "kwargs": {
                    "type": "dict",
                    "arguments": {
                        "ellipses.0.ell_comps.ell_comps_0": -0.12919522980091,
                        "ellipses.0.ell_comps.ell_comps_1": 0.021107961372283185,
                        "multipoles.0.multipole_1.multipole_comps.multipole_comps_0": 0.00443882357986,
                        "multipoles.0.multipole_1.multipole_comps.multipole_comps_1": -0.013938640813016434,
                        "multipoles.0.multipole_3.multipole_comps.multipole_comps_0": 0.00294896761873,
                        "multipoles.0.multipole_3.multipole_comps.multipole_comps_1": -0.00860551433835737,
                        "multipoles.0.multipole_4.multipole_comps.multipole_comps_0": 0.0009228468335537132,
                        "multipoles.0.multipole_4.multipole_comps.multipole_comps_1": -0.00224742928508
                    }
                }
            }
        },
        "log_evidence": -55.67821144317153,
        "model": null,
        "values_at_sigma_1": {
            "type": "list",
            "values": [
                {
                    "type": "tuple",
                    "values": [
                        -0.13227110949492,
                        -0.12674854514665
                    ]
                },
                {
                    "type": "tuple",
                    "values": [
                        0.01731459393936,
                        0.02438581206249095
                    ]
                },
                {
                    "type": "tuple",
                    "values": [
                        -0.0044320405961,
                        0.01393698452037
                    ]
                },
                {
                    "type": "tuple",
                    "values": [
                        -0.022837121901241528,
                        -0.0059737816237363
                    ]
                },
                {
                    "type": "tuple",
                    "values": [
                        -0.0052889817848591,
                        0.01155867156491
                    ]
                },
                {
                    "type": "tuple",
                    "values": [
                        -0.01772190330306,
                        0.0008314838172702015
                    ]
                },
                {
                    "type": "tuple",
                    "values": [
                        -0.008628541833156736,
                        0.00923399892769
                    ]
                },
                {
                    "type": "tuple",
                    "values": [
                        -0.01356175836482231,
                        0.008710116827164794
                    ]
                }
            ]
        }
    }
}