{
    "type": "instance",
    "class_path": "autofit.non_linear.samples.summary.SamplesSummary",
    "arguments": {
        "values_at_sigma_3": {
            "type": "list",
            "values": [
                {
                    "type": "tuple",
                    "values": [
                        -0.1167164318645294,
                        -0.09474857468581
                    ]
                },
                {
                    "type": "tuple",
                    "values": [
                        0.011447907097837221,
                        0.03339670852770531
                    ]
                },
                {
                    "type": "tuple",
                    "values": [
                        -0.01098807530884895,
                        0.014936676915823515
                    ]
                },
                {
                    "type": "tuple",
                    "values": [
                        -0.01743350204706,
                        0.01481290713485
                    ]
                },
                {
                    "type": "tuple",
                    "values": [
                        -0.01878252533425475,
                        0.009356415609337218
                    ]
                },
                {
                    "type": "tuple",
                    "values": [
                        -0.01854211140649065,
                        0.01226739452842
                    ]
                },
                {
                    "type": "tuple",
                    "values": [
                        -0.01144894064403061,
                        0.02435109224723
                    ]
                },
                {
                    "type": "tuple",
                    "values": [
                        -0.024083280461443306,
                        0.013459932264017272
                    ]
                }
            ]
        },
        "errors_at_sigma_3": {
            "type": "list",
            "values": [
                {
                    "type": "tuple",
                    "values": [
                        0.009150945165699406,
                        0.012816912013020001
                    ]
                },
                {
                    "type": "tuple",
                    "values": [
                        0.011242306820522144,
                        0.010706494609345942
                    ]
                },
                {
                    "type": "tuple",
                    "values": [
                        0.012932253985024459,
                        0.012992498239648006
                    ]
                },
                {
                    "type": "tuple",
                    "values": [
                        0.014698609285349998,
                        0.01754779989656
                    ]
                },
                {
                    "type": "tuple",
                    "values": [
                        0.015037728589336729,
                        0.01310121235425524
                    ]
                },
                {
                    "type": "tuple",
                    "values": [
                        0.014668225222145021,
                        0.01614128071276563
                    ]
                },
                {
                    "type": "tuple",
                    "values": [
                        0.015530694881658445,
                        0.020269338009602168
                    ]
                },
                {
                    "type": "tuple",
                    "values": [
                        0.020346224456573306,
                        0.017196988268887273
                    ]
                }
            ]
        },
        "errors_at_sigma_1": {
            "type": "list",
            "values": [
                {
                    "type": "tuple",
                    "values": [
                        0.0029253168603073226,
                        0.0031192792082299914
                    ]
                },
                {
                    "type": "tuple",
                    "values": [
                        0.004454672348817017,
                        0.0038343612961198766
                    ]
                },
                {
                    "type": "tuple",
                    "values": [
                        0.005369526592555708,
                        0.005041709391444634
                    ]
                },
                {
                    "type": "tuple",
                    "values": [
                        0.0047588978414472675,
                        0.0054350942583880815
                    ]
                },
                {
                    "type": "tuple",
                    "values": [
                        0.004959648216306733,
                        0.004665628272998022
                    ]
                },
                {
                    "type": "tuple",
                    "values": [
                        0.00589665803031354,
                        0.005483780905265374
                    ]
                },
                {
                    "type": "tuple",
                    "values": [
                        0.005748903607579337,
                        0.006243549640892166
                    ]
                },
                {
                    "type": "tuple",
                    "values": [
                        0.0056045482156568726,
                        0.005848190325205739
                    ]
                }
            ]
        },
        "max_log_likelihood_sample": {
            "type": "instance",
            "class_path": "autofit.non_linear.samples.sample.Sample",
            "arguments": {
                "log_likelihood": -25.121883992388003,
                "log_prior": 0.0,
                "weight": 0.0009753509053279059,
                "kwargs": {
                    "type": "dict",
                    "arguments": {
                        "ellipses.0.ell_comps.ell_comps_0": -0.10908524133778,
                        "ellipses.0.ell_comps.ell_comps_1": 0.02364824399429,
                        "multipoles.0.multipole_1.multipole_comps.multipole_comps_0": 0.00113363218836,
                        "multipoles.0.multipole_1.multipole_comps.multipole_comps_1": -0.0008504709836,
                        "multipoles.0.multipole_3.multipole_comps.multipole_comps_0": -0.0039211367274,
                        "multipoles.0.multipole_3.multipole_comps.multipole_comps_1": -0.00303281640002,
                        "multipoles.0.multipole_4.multipole_comps.multipole_comps_0": -0.00089448986626,
                        "multipoles.0.multipole_4.multipole_comps.multipole_comps_1": -0.00320708981893
                    }
                }
            }
        },
        "median_pdf_sample": {
            "type": "instance",
            "class_path": "autofit.non_linear.samples.sample.Sample",
            "arguments": {
                "log_likelihood": -25.121883992388003,
                "log_prior": 0.0,
                "weight": 0.0009753509053279059,
                "kwargs": {
                    "type": "dict",
                    "arguments": {
                        "ellipses.0.ell_comps.ell_comps_0": -0.10756548669883,
                        "ellipses.0.ell_comps.ell_comps_1": 0.022690213918359365,
                        "multipoles.0.multipole_1.multipole_comps.multipole_comps_0": 0.0019441786761755088,
                        "multipoles.0.multipole_1.multipole_comps.multipole_comps_1": -0.00273489276171,
                        "multipoles.0.multipole_3.multipole_comps.multipole_comps_0": -0.003744796744918022,
                        "multipoles.0.multipole_3.multipole_comps.multipole_comps_1": -0.00387388618434563,
                        "multipoles.0.multipole_4.multipole_comps.multipole_comps_0": 0.004081754237627835,
                        "multipoles.0.multipole_4.multipole_comps.multipole_comps_1": -0.00373705600487
                    }
                }
            }
        },
        "log_evidence": -51.569201062325384,
        "model": null,
        "values_at_sigma_1": {
            "type": "list",
            "values": [
                {
                    "type": "tuple",
                    "values": [
                        -0.11049080355913732,
                        -0.1044462074906
                    ]
                },
                {
                    "type": "tuple",
                    "values": [
                        0.018235541569542348,
                        0.02652457521447924
                    ]
                },
                {
                    "type": "tuple",
                    "values": [
                        -0.003425347916380199,
                        0.006985888067620142
                    ]
                },
                {
                    "type": "tuple",
                    "values": [
                        -0.007493790603157267,
                        0.002700201496678081
                    ]
                },
                {
                    "type": "tuple",
                    "values": [
                        -0.008704444961224755,
                        0.00092083152808
                    ]
                },
                {
                    "type": "tuple",
                    "values": [
                        -0.00977054421465917,
                        0.001609894720919744
                    ]
                },
                {
                    "type": "tuple",
                    "values": [
                        -0.0016671493699515025,
                        0.01032530387852
                    ]
                },
                {
                    "type": "tuple",
                    "values": [
                        -0.009341604220526873,
                        0.0021111343203357386
                    ]
                }
            ]
        }
    }
}