{
    "type": "instance",
    "class_path": "autofit.non_linear.samples.summary.SamplesSummary",
    "arguments": {
        "max_log_likelihood_sample": {
            "type": "instance",
            "class_path": "autofit.non_linear.samples.sample.Sample",
            "arguments": {
                "log_likelihood": -12.252452031758061,
                "log_prior": 0.0,
                "weight": 0.0010120681826762455,
                "kwargs": {
                    "type": "dict",
                    "arguments": {
                        "ellipses.0.ell_comps.ell_comps_0": 0.01754052911996,
                        "ellipses.0.ell_comps.ell_comps_1": -0.01212643721401,
                        "multipoles.0.multipole_1.multipole_comps.multipole_comps_0": -0.07546630760614,
                        "multipoles.0.multipole_1.multipole_comps.multipole_comps_1": -0.0169572787376,
                        "multipoles.0.multipole_3.multipole_comps.multipole_comps_0": 0.04786175439493,
                        "multipoles.0.multipole_3.multipole_comps.multipole_comps_1": 0.03838007101374,
                        "multipoles.0.multipole_4.multipole_comps.multipole_comps_0": 0.06104747588666,
                        "multipoles.0.multipole_4.multipole_comps.multipole_comps_1": 0.08015117101309
                    }
                }
            }
        },
        "errors_at_sigma_1": {
            "type": "list",
            "values": [
                {
                    "type": "tuple",
                    "values": [
                        0.03250505442939,
                        0.0269915553296
                    ]
                },
                {
                    "type": "tuple",
                    "values": [
                        0.020043163238558308,
                        0.01707368127809904
                    ]
                },
                {
                    "type": "tuple",
                    "values": [
                        0.06305337719470794,
                        0.0741163546077807
                    ]
                },
                {
                    "type": "tuple",
                    "values": [
                        0.048624238404879644,
                        0.09398357265664686
                    ]
                },
                {
                    "type": "tuple",
                    "values": [
                        0.05112951514493042,
                        0.0907643762745896
                    ]
                },
                {
                    "type": "tuple",
                    "values": [
                        0.028139277252274768,
                        0.03741861041141523
                    ]
                },
                {
                    "type": "tuple",
                    "values": [
                        0.05164468145267573,
                        0.03694549771929334
                    ]
                },
                {
                    "type": "tuple",
                    "values": [
                        0.050930475089903046,
                        0.06332070364838696
                    ]
                }
            ]
        },
        "log_evidence": -27.47759185352083,
        "median_pdf_sample": {
            "type": "instance",
            "class_path": "autofit.non_linear.samples.sample.Sample",
            "arguments": {
                "log_likelihood": -12.252452031758061,
                "log_prior": 0.0,
                "weight": 0.0010120681826762455,
                "kwargs": {
                    "type": "dict",
                    "arguments": {
                        "ellipses.0.ell_comps.ell_comps_0": -0.00430315447434,
                        "ellipses.0.ell_comps.ell_comps_1": -0.0018129953028216922,
                        "multipoles.0.multipole_1.multipole_comps.multipole_comps_0": -0.029545750276400693,
                        "multipoles.0.multipole_1.multipole_comps.multipole_comps_1": -0.006128786350106403,
                        "multipoles.0.multipole_3.multipole_comps.multipole_comps_0": -0.00814441240218,
                        "multipoles.0.multipole_3.multipole_comps.multipole_comps_1": 0.0008444861809647694,
                        "multipoles.0.multipole_4.multipole_comps.multipole_comps_0": 0.04015192345983573,
                        "multipoles.0.multipole_4.multipole_comps.multipole_comps_1": 0.003150102093883047
                    }
                }
            }
        },
        "values_at_sigma_3": {
            "type": "list",
            "values": [
                {
                    "type": "tuple",
                    "values": [
                        -0.13095711948538064,
                        0.0621808736295732
                    ]
                },
                {
                    "type": "tuple",
                    "values": [
                        -0.0736179860168325,
                        0.11557498773724
                    ]
                },
                {
                    "type": "tuple",
                    "values": [
                        -0.17778388927665,
                        0.12416244302650167
                    ]
                },
                {
                    "type": "tuple",
                    "values": [
                        -0.1574283942449,
                        0.17268208548826
                    ]
                },
                {
                    "type": "tuple",
                    "values": [
                        -0.09861795252847763,
                        0.09874962392622576
                    ]
                },
                {
                    "type": "tuple",
                    "values": [
                        -0.09632392359277,
                        0.09107866811651462
                    ]
                },
                {
                    "type": "tuple",
                    "values": [
                        -0.09789513841209,
                        0.09918395489479194
                    ]
                },
                {
                    "type": "tuple",
                    "values": [
                        -0.09978461021746278,
                        0.09702820870118
                    ]
                }
            ]
        },
        "errors_at_sigma_3": {
            "type": "list",
            "values": [
                {
                    "type": "tuple",
                    "values": [
                        0.12665396501104065,
                        0.0664840281039132
                    ]
                },
                {
                    "type": "tuple",
                    "values": [
                        0.07180499071401081,
                        0.11738798304006169
                    ]
                },
                {
                    "type": "tuple",
                    "values": [
                        0.14823813900024932,
                        0.15370819330290236
                    ]
                },
                {
                    "type": "tuple",
                    "values": [
                        0.15129960789479358,
                        0.17881087183836641
                    ]
                },
                {
                    "type": "tuple",
                    "values": [
                        0.09047354012629763,
                        0.10689403632840576
                    ]
                },
                {
                    "type": "tuple",
                    "values": [
                        0.09716840977373478,
                        0.09023418193554986
                    ]
                },
                {
                    "type": "tuple",
                    "values": [
                        0.13804706187192572,
                        0.05903203143495621
                    ]
                },
                {
                    "type": "tuple",
                    "values": [
                        0.10293471231134582,
                        0.09387810660729695
                    ]
                }
            ]
        },
        "model": null,
        "values_at_sigma_1": {
            "type": "list",
            "values": [
                {
                    "type": "tuple",
                    "values": [
                        -0.03680820890373,
                        0.02268840085526
                    ]
                },
                {
                    "type": "tuple",
                    "values": [
                        -0.02185615854138,
                        0.015260685975277348
                    ]
                },
                {
                    "type": "tuple",
                    "values": [
                        -0.09259912747110863,
                        0.04457060433138
                    ]
                },
                {
                    "type": "tuple",
                    "values": [
                        -0.05475302475498604,
                        0.08785478630654046
                    ]
                },
                {
                    "type": "tuple",
                    "values": [
                        -0.059273927547110423,
                        0.0826199638724096
                    ]
                },
                {
                    "type": "tuple",
                    "values": [
                        -0.02729479107131,
                        0.03826309659238
                    ]
                },
                {
                    "type": "tuple",
                    "values": [
                        -0.01149275799284,
                        0.07709742117912907
                    ]
                },
                {
                    "type": "tuple",
                    "values": [
                        -0.04778037299602,
                        0.06647080574227
                    ]
                }
            ]
        }
    }
}