{
    "type": "instance",
    "class_path": "autofit.non_linear.samples.summary.SamplesSummary",
    "arguments": {
        "median_pdf_sample": {
            "type": "instance",
            "class_path": "autofit.non_linear.samples.sample.Sample",
            "arguments": {
                "log_likelihood": -56.708235674731576,
                "log_prior": 0.0,
                "weight": 0.0010511708160375753,
                "kwargs": {
                    "type": "dict",
                    "arguments": {
                        "ellipses.0.ell_comps.ell_comps_0": 0.04785311136661,
                        "ellipses.0.ell_comps.ell_comps_1": -0.09588553262793,
                        "multipoles.0.multipole_3.multipole_comps.multipole_comps_0": 0.022460522278350284,
                        "multipoles.0.multipole_3.multipole_comps.multipole_comps_1": 0.06359442211852452,
                        "multipoles.0.multipole_4.multipole_comps.multipole_comps_0": -0.005207469767103342,
                        "multipoles.0.multipole_4.multipole_comps.multipole_comps_1": 0.03639072914218694
                    }
                }
            }
        },
        "errors_at_sigma_3": {
            "type": "list",
            "values": [
                {
                    "type": "tuple",
                    "values": [
                        0.018538156663402854,
                        0.019047425337670003
                    ]
                },
                {
                    "type": "tuple",
                    "values": [
                        0.014147251233090005,
                        0.049373841913529996
                    ]
                },
                {
                    "type": "tuple",
                    "values": [
                        0.11838494995936029,
                        0.07686118704323325
                    ]
                },
                {
                    "type": "tuple",
                    "values": [
                        0.09913695758849148,
                        0.036295199990295485
                    ]
                },
                {
                    "type": "tuple",
                    "values": [
                        0.08232263950572666,
                        0.10424631317991334
                    ]
                },
                {
                    "type": "tuple",
                    "values": [
                        0.13315555506269694,
                        0.06355383386422306
                    ]
                }
            ]
        },
        "values_at_sigma_3": {
            "type": "list",
            "values": [
                {
                    "type": "tuple",
                    "values": [
                        0.02931495470320715,
                        0.06690053670428
                    ]
                },
                {
                    "type": "tuple",
                    "values": [
                        -0.11003278386102,
                        -0.0465116907144
                    ]
                },
                {
                    "type": "tuple",
                    "values": [
                        -0.09592442768101,
                        0.09932170932158353
                    ]
                },
                {
                    "type": "tuple",
                    "values": [
                        -0.035542535469966954,
                        0.09988962210882
                    ]
                },
                {
                    "type": "tuple",
                    "values": [
                        -0.08753010927283,
                        0.09903884341281
                    ]
                },
                {
                    "type": "tuple",
                    "values": [
                        -0.09676482592051,
                        0.09994456300641
                    ]
                }
            ]
        },
        "values_at_sigma_1": {
            "type": "list",
            "values": [
                {
                    "type": "tuple",
                    "values": [
                        0.04229699362052,
                        0.05241160693816009
                    ]
                },
                {
                    "type": "tuple",
                    "values": [
                        -0.10254676769727,
                        -0.0898434712445684
                    ]
                },
                {
                    "type": "tuple",
                    "values": [
                        -0.05186720402501228,
                        0.07490072344094
                    ]
                },
                {
                    "type": "tuple",
                    "values": [
                        0.014216454312275625,
                        0.08489469341266828
                    ]
                },
                {
                    "type": "tuple",
                    "values": [
                        -0.03415449236624863,
                        0.05380978702195832
                    ]
                },
                {
                    "type": "tuple",
                    "values": [
                        -0.007204323084622122,
                        0.06963133496601
                    ]
                }
            ]
        },
        "model": null,
        "errors_at_sigma_1": {
            "type": "list",
            "values": [
                {
                    "type": "tuple",
                    "values": [
                        0.005556117746090002,
                        0.004558495571550088
                    ]
                },
                {
                    "type": "tuple",
                    "values": [
                        0.006661235069340007,
                        0.006042061383361594
                    ]
                },
                {
                    "type": "tuple",
                    "values": [
                        0.07432772630336257,
                        0.05244020116258971
                    ]
                },
                {
                    "type": "tuple",
                    "values": [
                        0.049377967806248896,
                        0.02130027129414376
                    ]
                },
                {
                    "type": "tuple",
                    "values": [
                        0.02894702259914529,
                        0.05901725678906167
                    ]
                },
                {
                    "type": "tuple",
                    "values": [
                        0.04359505222680906,
                        0.03324060582382306
                    ]
                }
            ]
        },
        "log_evidence": -74.74492293374001,
        "max_log_likelihood_sample": {
            "type": "instance",
            "class_path": "autofit.non_linear.samples.sample.Sample",
            "arguments": {
                "log_likelihood": -56.708235674731576,
                "log_prior": 0.0,
                "weight": 0.0010511708160375753,
                "kwargs": {
                    "type": "dict",
                    "arguments": {
                        "ellipses.0.ell_comps.ell_comps_0": 0.0555063612394,
                        "ellipses.0.ell_comps.ell_comps_1": -0.09885096436934,
                        "multipoles.0.multipole_3.multipole_comps.multipole_comps_0": 0.02403195646562,
                        "multipoles.0.multipole_3.multipole_comps.multipole_comps_1": 0.0690904534379,
                        "multipoles.0.multipole_4.multipole_comps.multipole_comps_0": -0.04048666479736,
                        "multipoles.0.multipole_4.multipole_comps.multipole_comps_1": 0.06904373958191
                    }
                }
            }
        }
    }
}