{
    "type": "instance",
    "class_path": "autofit.non_linear.samples.summary.SamplesSummary",
    "arguments": {
        "median_pdf_sample": {
            "type": "instance",
            "class_path": "autofit.non_linear.samples.sample.Sample",
            "arguments": {
                "log_likelihood": -25.763154891302445,
                "log_prior": 0.0,
                "weight": 0.000985101613101311,
                "kwargs": {
                    "type": "dict",
                    "arguments": {
                        "ellipses.0.ell_comps.ell_comps_0": -0.10915973927870863,
                        "ellipses.0.ell_comps.ell_comps_1": 0.024494730815852205
                    }
                }
            }
        },
        "errors_at_sigma_3": {
            "type": "list",
            "values": [
                {
                    "type": "tuple",
                    "values": [
                        0.007207852916236671,
                        0.006994766232538627
                    ]
                },
                {
                    "type": "tuple",
                    "values": [
                        0.008677075215110578,
                        0.008794126215077795
                    ]
                }
            ]
        },
        "model": null,
        "max_log_likelihood_sample": {
            "type": "instance",
            "class_path": "autofit.non_linear.samples.sample.Sample",
            "arguments": {
                "log_likelihood": -25.763154891302445,
                "log_prior": 0.0,
                "weight": 0.000985101613101311,
                "kwargs": {
                    "type": "dict",
                    "arguments": {
                        "ellipses.0.ell_comps.ell_comps_0": -0.1093279558208,
                        "ellipses.0.ell_comps.ell_comps_1": 0.02393095686496
                    }
                }
            }
        },
        "errors_at_sigma_1": {
            "type": "list",
            "values": [
                {
                    "type": "tuple",
                    "values": [
                        0.002294048114271363,
                        0.0021385621193725085
                    ]
                },
                {
                    "type": "tuple",
                    "values": [
                        0.0029518142375740894,
                        0.0027701580475297076
                    ]
                }
            ]
        },
        "values_at_sigma_3": {
            "type": "list",
            "values": [
                {
                    "type": "tuple",
                    "values": [
                        -0.1163675921949453,
                        -0.10216497304617
                    ]
                },
                {
                    "type": "tuple",
                    "values": [
                        0.015817655600741626,
                        0.03328885703093
                    ]
                }
            ]
        },
        "values_at_sigma_1": {
            "type": "list",
            "values": [
                {
                    "type": "tuple",
                    "values": [
                        -0.11145378739298,
                        -0.10702117715933612
                    ]
                },
                {
                    "type": "tuple",
                    "values": [
                        0.021542916578278115,
                        0.027264888863381912
                    ]
                }
            ]
        },
        "log_evidence": -36.31776964976348
    }
}