{
    "type": "instance",
    "class_path": "autofit.non_linear.samples.summary.SamplesSummary",
    "arguments": {
        "log_evidence": -38.629806771717625,
        "errors_at_sigma_1": {
            "type": "list",
            "values": [
                {
                    "type": "tuple",
                    "values": [
                        0.001984659643820677,
                        0.001902497456739996
                    ]
                },
                {
                    "type": "tuple",
                    "values": [
                        0.001924816804873497,
                        0.0023187282403846626
                    ]
                },
                {
                    "type": "tuple",
                    "values": [
                        0.00045965083590041934,
                        0.0005165372173463851
                    ]
                },
                {
                    "type": "tuple",
                    "values": [
                        0.00043343321829413423,
                        0.0004375777208271331
                    ]
                },
                {
                    "type": "tuple",
                    "values": [
                        0.0005738484680501646,
                        0.0006289377414782644
                    ]
                },
                {
                    "type": "tuple",
                    "values": [
                        0.0006333890024157598,
                        0.0005657482446747006
                    ]
                }
            ]
        },
        "values_at_sigma_1": {
            "type": "list",
            "values": [
                {
                    "type": "tuple",
                    "values": [
                        0.037397788461379325,
                        0.04128494556194
                    ]
                },
                {
                    "type": "tuple",
                    "values": [
                        0.0446907003643165,
                        0.04893424540957466
                    ]
                },
                {
                    "type": "tuple",
                    "values": [
                        0.00025343111478,
                        0.0012296191680268044
                    ]
                },
                {
                    "type": "tuple",
                    "values": [
                        0.00027394054028,
                        0.0011449514794012673
                    ]
                },
                {
                    "type": "tuple",
                    "values": [
                        0.00086332198026,
                        0.002066108189788429
                    ]
                },
                {
                    "type": "tuple",
                    "values": [
                        -0.0005179692444004603,
                        0.00068116800269
                    ]
                }
            ]
        },
        "max_log_likelihood_sample": {
            "type": "instance",
            "class_path": "autofit.non_linear.samples.sample.Sample",
            "arguments": {
                "log_likelihood": -8.257973757807454,
                "log_prior": 0.0,
                "weight": 0.0010216742574668293,
                "kwargs": {
                    "type": "dict",
                    "arguments": {
                        "ellipses.0.ell_comps.ell_comps_0": 0.04026798076081,
                        "ellipses.0.ell_comps.ell_comps_1": 0.04745382842186,
                        "multipoles.0.multipole_3.multipole_comps.multipole_comps_0": 0.00061447640354,
                        "multipoles.0.multipole_3.multipole_comps.multipole_comps_1": 0.00067391850978,
                        "multipoles.0.multipole_4.multipole_comps.multipole_comps_0": 0.00136381076872,
                        "multipoles.0.multipole_4.multipole_comps.multipole_comps_1": -0.00017503084761
                    }
                }
            }
        },
        "model": null,
        "values_at_sigma_3": {
            "type": "list",
            "values": [
                {
                    "type": "tuple",
                    "values": [
                        0.033331244976740775,
                        0.04535767095274667
                    ]
                },
                {
                    "type": "tuple",
                    "values": [
                        0.04004135477888,
                        0.05338014427092
                    ]
                },
                {
                    "type": "tuple",
                    "values": [
                        -0.00061456082354,
                        0.002143787990617503
                    ]
                },
                {
                    "type": "tuple",
                    "values": [
                        -0.0006582527740731609,
                        0.002251161634674202
                    ]
                },
                {
                    "type": "tuple",
                    "values": [
                        -0.00027689931635145956,
                        0.00344369616927
                    ]
                },
                {
                    "type": "tuple",
                    "values": [
                        -0.0017214187477783654,
                        0.0016805050477731948
                    ]
                }
            ]
        },
        "errors_at_sigma_3": {
            "type": "list",
            "values": [
                {
                    "type": "tuple",
                    "values": [
                        0.006051203128459227,
                        0.005975222847546667
                    ]
                },
                {
                    "type": "tuple",
                    "values": [
                        0.006574162390309994,
                        0.006764627101730002
                    ]
                },
                {
                    "type": "tuple",
                    "values": [
                        0.0013276427742204193,
                        0.0014307060399370835
                    ]
                },
                {
                    "type": "tuple",
                    "values": [
                        0.0013656265326472952,
                        0.0015437878761000675
                    ]
                },
                {
                    "type": "tuple",
                    "values": [
                        0.001714069764661624,
                        0.0020065257209598356
                    ]
                },
                {
                    "type": "tuple",
                    "values": [
                        0.001836838505793665,
                        0.0015650852897578953
                    ]
                }
            ]
        },
        "median_pdf_sample": {
            "type": "instance",
            "class_path": "autofit.non_linear.samples.sample.Sample",
            "arguments": {
                "log_likelihood": -8.257973757807454,
                "log_prior": 0.0,
                "weight": 0.0010216742574668293,
                "kwargs": {
                    "type": "dict",
                    "arguments": {
                        "ellipses.0.ell_comps.ell_comps_0": 0.0393824481052,
                        "ellipses.0.ell_comps.ell_comps_1": 0.04661551716919,
                        "multipoles.0.multipole_3.multipole_comps.multipole_comps_0": 0.0007130819506804193,
                        "multipoles.0.multipole_3.multipole_comps.multipole_comps_1": 0.0007073737585741342,
                        "multipoles.0.multipole_4.multipole_comps.multipole_comps_0": 0.0014371704483101646,
                        "multipoles.0.multipole_4.multipole_comps.multipole_comps_1": 0.00011541975801529947
                    }
                }
            }
        }
    }
}