{
    "data_name": "J1116+0915",
    "redshift_lens": 0.5501,
    "redshift_source": 2.4536,
    "velocity_dispersion": 274,
    "velocity_dispersion_error": 55,
    "slope_ritondale_map": 2.0,
    "slope_ritondale_multinest": 2.0,
    "slope_ritondale_error": 0.1,
    "r_dev": 0.95,
    "r_eff": 0.98,
    "slope": 2.23,
    "slope_err": 0.25,
    "r_ein": 1.03,
    "PA": 0,
    "q_SIE": 0.85,
    "dRA": -0.02,
    "dDEC": 0.0,
    "subhalo_grid_dimensions_arcsec": 3.0,
    "mask_inner_radius": 0.2,
    "mask_outer_radius": 2.1,
    "scaled_annular": 1,
    "detect_delaunay": 0,
    "bpl_source_mask": 0,
    "mask_circular_radii": 3.5
}