{
    "type": "instance",
    "class_path": "autofit.non_linear.samples.summary.SamplesSummary",
    "arguments": {
        "max_log_likelihood_sample": {
            "type": "instance",
            "class_path": "autofit.non_linear.samples.sample.Sample",
            "arguments": {
                "log_likelihood": -54914.03749966748,
                "log_prior": 1.3342450391590939,
                "weight": 0.0003984919456599628,
                "kwargs": {
                    "type": "dict",
                    "arguments": {
                        "galaxies.lens.mass.ell_comps.ell_comps_0": 0.23785635023146592,
                        "galaxies.lens.mass.ell_comps.ell_comps_1": 0.14234702953170597,
                        "galaxies.lens.multipole_4.einstein_radius": 0.890164728788059,
                        "galaxies.lens.multipole_4.centre.centre_0": 0.26965267471329646,
                        "galaxies.lens.multipole_4.centre.centre_1": -0.11652976924491577,
                        "galaxies.lens.multipole_3.multipole_comps.multipole_comps_0": -0.08453505708555,
                        "galaxies.lens.multipole_3.multipole_comps.multipole_comps_1": -0.01085190082216,
                        "galaxies.lens.multipole_4.multipole_comps.multipole_comps_0": -0.03352371070599,
                        "galaxies.lens.multipole_4.multipole_comps.multipole_comps_1": 0.09055435235624,
                        "galaxies.lens.multipole_4.slope": 2.05543480978994,
                        "galaxies.lens.shear.gamma_1": -0.1526410735789,
                        "galaxies.lens.shear.gamma_2": -0.11590516475875
                    }
                }
            }
        },
        "values_at_sigma_1": {
            "type": "list",
            "values": [
                {
                    "type": "tuple",
                    "values": [
                        0.21548612696059805,
                        0.31631966453779764
                    ]
                },
                {
                    "type": "tuple",
                    "values": [
                        0.16963321871831136,
                        0.26379229908483826
                    ]
                },
                {
                    "type": "tuple",
                    "values": [
                        0.8965094436353821,
                        0.9638657581884018
                    ]
                },
                {
                    "type": "tuple",
                    "values": [
                        0.26184539844997967,
                        0.28964639137516257
                    ]
                },
                {
                    "type": "tuple",
                    "values": [
                        -0.12205114221764181,
                        -0.11022668839260558
                    ]
                },
                {
                    "type": "tuple",
                    "values": [
                        -0.0923425581835684,
                        -0.066319187569215
                    ]
                },
                {
                    "type": "tuple",
                    "values": [
                        -0.03140671336720666,
                        0.002807692228492048
                    ]
                },
                {
                    "type": "tuple",
                    "values": [
                        -0.07079534616211479,
                        -0.030816268048694976
                    ]
                },
                {
                    "type": "tuple",
                    "values": [
                        0.06461912743542716,
                        0.09182321465859833
                    ]
                },
                {
                    "type": "tuple",
                    "values": [
                        2.0322879503826248,
                        2.0790872002772067
                    ]
                },
                {
                    "type": "tuple",
                    "values": [
                        -0.14586319652280128,
                        -0.11131691129207684
                    ]
                },
                {
                    "type": "tuple",
                    "values": [
                        -0.10925567736002506,
                        -0.07902513691999828
                    ]
                }
            ]
        },
        "errors_at_sigma_3": {
            "type": "list",
            "values": [
                {
                    "type": "tuple",
                    "values": [
                        0.10046150342732194,
                        0.1483268692444616
                    ]
                },
                {
                    "type": "tuple",
                    "values": [
                        0.0960168287135825,
                        0.1530041688653649
                    ]
                },
                {
                    "type": "tuple",
                    "values": [
                        0.05960418345524976,
                        0.1517449238465397
                    ]
                },
                {
                    "type": "tuple",
                    "values": [
                        0.047960906763937855,
                        0.04886863942951564
                    ]
                },
                {
                    "type": "tuple",
                    "values": [
                        0.029931123335779117,
                        0.023013291313324455
                    ]
                },
                {
                    "type": "tuple",
                    "values": [
                        0.018662093063786564,
                        0.059102254384164034
                    ]
                },
                {
                    "type": "tuple",
                    "values": [
                        0.04126013027806313,
                        0.08095542141721897
                    ]
                },
                {
                    "type": "tuple",
                    "values": [
                        0.04733121307422527,
                        0.05865135525721814
                    ]
                },
                {
                    "type": "tuple",
                    "values": [
                        0.045399218713129935,
                        0.02140312730302721
                    ]
                },
                {
                    "type": "tuple",
                    "values": [
                        0.06624503881570609,
                        0.11760311187036399
                    ]
                },
                {
                    "type": "tuple",
                    "values": [
                        0.04775455495964315,
                        0.06684740185813107
                    ]
                },
                {
                    "type": "tuple",
                    "values": [
                        0.030091516533618634,
                        0.07456833867110078
                    ]
                }
            ]
        },
        "log_evidence": -54953.195853079014,
        "errors_at_sigma_1": {
            "type": "list",
            "values": [
                {
                    "type": "tuple",
                    "values": [
                        0.037514909439425925,
                        0.06331862813777367
                    ]
                },
                {
                    "type": "tuple",
                    "values": [
                        0.042494394587529544,
                        0.051664685778997355
                    ]
                },
                {
                    "type": "tuple",
                    "values": [
                        0.024828196675428016,
                        0.0425281178775917
                    ]
                },
                {
                    "type": "tuple",
                    "values": [
                        0.012987367658742588,
                        0.014813625266440311
                    ]
                },
                {
                    "type": "tuple",
                    "values": [
                        0.0055039340554685345,
                        0.006320519769567698
                    ]
                },
                {
                    "type": "tuple",
                    "values": [
                        0.011084489510109027,
                        0.014938881104244378
                    ]
                },
                {
                    "type": "tuple",
                    "values": [
                        0.015220018552664166,
                        0.01899438704303454
                    ]
                },
                {
                    "type": "tuple",
                    "values": [
                        0.01878896022326431,
                        0.021190117890155503
                    ]
                },
                {
                    "type": "tuple",
                    "values": [
                        0.013939247023877777,
                        0.013264840199293387
                    ]
                },
                {
                    "type": "tuple",
                    "values": [
                        0.017768224150534362,
                        0.02903102574404759
                    ]
                },
                {
                    "type": "tuple",
                    "values": [
                        0.016460062624088667,
                        0.01808622260663577
                    ]
                },
                {
                    "type": "tuple",
                    "values": [
                        0.010217731541794867,
                        0.020012808898231912
                    ]
                }
            ]
        },
        "values_at_sigma_3": {
            "type": "list",
            "values": [
                {
                    "type": "tuple",
                    "values": [
                        0.15253953297270204,
                        0.40132790564448556
                    ]
                },
                {
                    "type": "tuple",
                    "values": [
                        0.1161107845922584,
                        0.3651317821712058
                    ]
                },
                {
                    "type": "tuple",
                    "values": [
                        0.8617334568555604,
                        1.0730825641573498
                    ]
                },
                {
                    "type": "tuple",
                    "values": [
                        0.2268718593447844,
                        0.3237014055382379
                    ]
                },
                {
                    "type": "tuple",
                    "values": [
                        -0.1464783314979524,
                        -0.09353391684884882
                    ]
                },
                {
                    "type": "tuple",
                    "values": [
                        -0.09992016173724594,
                        -0.02215581428929534
                    ]
                },
                {
                    "type": "tuple",
                    "values": [
                        -0.05744682509260562,
                        0.06476872660267648
                    ]
                },
                {
                    "type": "tuple",
                    "values": [
                        -0.09933759901307575,
                        0.006644969318367659
                    ]
                },
                {
                    "type": "tuple",
                    "values": [
                        0.033159155746175006,
                        0.09996150176233215
                    ]
                },
                {
                    "type": "tuple",
                    "values": [
                        1.983811135717453,
                        2.167659286403523
                    ]
                },
                {
                    "type": "tuple",
                    "values": [
                        -0.17715768885835576,
                        -0.06255573204058154
                    ]
                },
                {
                    "type": "tuple",
                    "values": [
                        -0.12912946235184883,
                        -0.02446960714712941
                    ]
                }
            ]
        },
        "median_pdf_sample": {
            "type": "instance",
            "class_path": "autofit.non_linear.samples.sample.Sample",
            "arguments": {
                "log_likelihood": -54914.03749966748,
                "log_prior": 1.3342450391590939,
                "weight": 0.0003984919456599628,
                "kwargs": {
                    "type": "dict",
                    "arguments": {
                        "galaxies.lens.mass.ell_comps.ell_comps_0": 0.25300103640002397,
                        "galaxies.lens.mass.ell_comps.ell_comps_1": 0.2121276133058409,
                        "galaxies.lens.multipole_4.einstein_radius": 0.9213376403108101,
                        "galaxies.lens.multipole_4.centre.centre_0": 0.27483276610872226,
                        "galaxies.lens.multipole_4.centre.centre_1": -0.11654720816217327,
                        "galaxies.lens.multipole_3.multipole_comps.multipole_comps_0": -0.08125806867345937,
                        "galaxies.lens.multipole_3.multipole_comps.multipole_comps_1": -0.01618669481454249,
                        "galaxies.lens.multipole_4.multipole_comps.multipole_comps_0": -0.05200638593885048,
                        "galaxies.lens.multipole_4.multipole_comps.multipole_comps_1": 0.07855837445930494,
                        "galaxies.lens.multipole_4.slope": 2.050056174533159,
                        "galaxies.lens.shear.gamma_1": -0.1294031338987126,
                        "galaxies.lens.shear.gamma_2": -0.0990379458182302
                    }
                }
            }
        },
        "model": null
    }
}