{
    "type": "instance",
    "class_path": "autofit.non_linear.samples.summary.SamplesSummary",
    "arguments": {
        "errors_at_sigma_1": {
            "type": "list",
            "values": [
                {
                    "type": "tuple",
                    "values": [
                        0.006016291041324881,
                        0.007459665975413907
                    ]
                },
                {
                    "type": "tuple",
                    "values": [
                        0.00454829443555603,
                        0.005345726150840002
                    ]
                },
                {
                    "type": "tuple",
                    "values": [
                        0.020976072143503062,
                        0.017807303819397345
                    ]
                },
                {
                    "type": "tuple",
                    "values": [
                        0.03128362947047484,
                        0.020784490558852863
                    ]
                },
                {
                    "type": "tuple",
                    "values": [
                        0.0154847285543576,
                        0.020959576570235408
                    ]
                },
                {
                    "type": "tuple",
                    "values": [
                        0.026848322157583142,
                        0.022531848674275278
                    ]
                },
                {
                    "type": "tuple",
                    "values": [
                        0.01726200807677447,
                        0.017999010766314705
                    ]
                },
                {
                    "type": "tuple",
                    "values": [
                        0.019703452556596605,
                        0.02193420215282795
                    ]
                }
            ]
        },
        "median_pdf_sample": {
            "type": "instance",
            "class_path": "autofit.non_linear.samples.sample.Sample",
            "arguments": {
                "log_likelihood": -35.93968988881391,
                "log_prior": 0.0,
                "weight": 0.0010036301805489611,
                "kwargs": {
                    "type": "dict",
                    "arguments": {
                        "ellipses.0.ell_comps.ell_comps_0": 0.11263814711625,
                        "ellipses.0.ell_comps.ell_comps_1": -0.10098309853022,
                        "multipoles.0.multipole_1.multipole_comps.multipole_comps_0": -0.006557306324443994,
                        "multipoles.0.multipole_1.multipole_comps.multipole_comps_1": 0.030476863632878083,
                        "multipoles.0.multipole_3.multipole_comps.multipole_comps_0": -0.0007896771042269612,
                        "multipoles.0.multipole_3.multipole_comps.multipole_comps_1": 0.012336884062526813,
                        "multipoles.0.multipole_4.multipole_comps.multipole_comps_0": -0.00261636388425,
                        "multipoles.0.multipole_4.multipole_comps.multipole_comps_1": 0.01160386379461
                    }
                }
            }
        },
        "errors_at_sigma_3": {
            "type": "list",
            "values": [
                {
                    "type": "tuple",
                    "values": [
                        0.016674918425854085,
                        0.0174329782107
                    ]
                },
                {
                    "type": "tuple",
                    "values": [
                        0.017492994669929998,
                        0.029143669714180004
                    ]
                },
                {
                    "type": "tuple",
                    "values": [
                        0.069583980400816,
                        0.04975246134972007
                    ]
                },
                {
                    "type": "tuple",
                    "values": [
                        0.07840267142041808,
                        0.05782348960325231
                    ]
                },
                {
                    "type": "tuple",
                    "values": [
                        0.05469284378032304,
                        0.07446822749510697
                    ]
                },
                {
                    "type": "tuple",
                    "values": [
                        0.08699401118854681,
                        0.07905332322735319
                    ]
                },
                {
                    "type": "tuple",
                    "values": [
                        0.06343896467818,
                        0.06630020652476
                    ]
                },
                {
                    "type": "tuple",
                    "values": [
                        0.06400866948204606,
                        0.05532872587641926
                    ]
                }
            ]
        },
        "values_at_sigma_1": {
            "type": "list",
            "values": [
                {
                    "type": "tuple",
                    "values": [
                        0.10662185607492512,
                        0.12009781309166391
                    ]
                },
                {
                    "type": "tuple",
                    "values": [
                        -0.10553139296577603,
                        -0.09563737237938
                    ]
                },
                {
                    "type": "tuple",
                    "values": [
                        -0.027533378467947057,
                        0.011249997494953352
                    ]
                },
                {
                    "type": "tuple",
                    "values": [
                        -0.0008067658375967568,
                        0.051261354191730946
                    ]
                },
                {
                    "type": "tuple",
                    "values": [
                        -0.01627440565858456,
                        0.02016989946600845
                    ]
                },
                {
                    "type": "tuple",
                    "values": [
                        -0.014511438095056327,
                        0.03486873273680209
                    ]
                },
                {
                    "type": "tuple",
                    "values": [
                        -0.01987837196102447,
                        0.015382646882064704
                    ]
                },
                {
                    "type": "tuple",
                    "values": [
                        -0.008099588761986605,
                        0.03353806594743795
                    ]
                }
            ]
        },
        "values_at_sigma_3": {
            "type": "list",
            "values": [
                {
                    "type": "tuple",
                    "values": [
                        0.09596322869039592,
                        0.13007112532695
                    ]
                },
                {
                    "type": "tuple",
                    "values": [
                        -0.11847609320015,
                        -0.07183942881604
                    ]
                },
                {
                    "type": "tuple",
                    "values": [
                        -0.07614128672526,
                        0.04319515502527608
                    ]
                },
                {
                    "type": "tuple",
                    "values": [
                        -0.04792580778754,
                        0.08830035323613039
                    ]
                },
                {
                    "type": "tuple",
                    "values": [
                        -0.05548252088455,
                        0.07367855039088
                    ]
                },
                {
                    "type": "tuple",
                    "values": [
                        -0.07465712712602,
                        0.09139020728988
                    ]
                },
                {
                    "type": "tuple",
                    "values": [
                        -0.06605532856243,
                        0.06368384264051
                    ]
                },
                {
                    "type": "tuple",
                    "values": [
                        -0.052404805687436065,
                        0.06693258967102926
                    ]
                }
            ]
        },
        "log_evidence": -56.68963733916619,
        "model": null,
        "max_log_likelihood_sample": {
            "type": "instance",
            "class_path": "autofit.non_linear.samples.sample.Sample",
            "arguments": {
                "log_likelihood": -35.93968988881391,
                "log_prior": 0.0,
                "weight": 0.0010036301805489611,
                "kwargs": {
                    "type": "dict",
                    "arguments": {
                        "ellipses.0.ell_comps.ell_comps_0": 0.11244001980298,
                        "ellipses.0.ell_comps.ell_comps_1": -0.09975986282862,
                        "multipoles.0.multipole_1.multipole_comps.multipole_comps_0": -0.01195959077821,
                        "multipoles.0.multipole_1.multipole_comps.multipole_comps_1": 0.0396741385887,
                        "multipoles.0.multipole_3.multipole_comps.multipole_comps_0": -0.01596963647801,
                        "multipoles.0.multipole_3.multipole_comps.multipole_comps_1": 0.02074910650068,
                        "multipoles.0.multipole_4.multipole_comps.multipole_comps_0": 0.00548766211091,
                        "multipoles.0.multipole_4.multipole_comps.multipole_comps_1": 0.02422654902601
                    }
                }
            }
        }
    }
}