{
    "type": "instance",
    "class_path": "autofit.non_linear.samples.summary.SamplesSummary",
    "arguments": {
        "values_at_sigma_1": {
            "type": "list",
            "values": [
                {
                    "type": "tuple",
                    "values": [
                        0.006846278294600418,
                        0.015250912062471839
                    ]
                },
                {
                    "type": "tuple",
                    "values": [
                        0.09605192965662002,
                        0.10261147888855
                    ]
                },
                {
                    "type": "tuple",
                    "values": [
                        -0.0067684191360946125,
                        -0.0009526090633368709
                    ]
                },
                {
                    "type": "tuple",
                    "values": [
                        -0.00273654159463354,
                        0.00292420117711
                    ]
                },
                {
                    "type": "tuple",
                    "values": [
                        0.0001862310460494761,
                        0.0069811680619
                    ]
                },
                {
                    "type": "tuple",
                    "values": [
                        -0.00568777472928,
                        0.0011297622303521322
                    ]
                }
            ]
        },
        "model": null,
        "values_at_sigma_3": {
            "type": "list",
            "values": [
                {
                    "type": "tuple",
                    "values": [
                        -0.00197564686863,
                        0.02328981595612
                    ]
                },
                {
                    "type": "tuple",
                    "values": [
                        0.08840451499955,
                        0.11100742848365283
                    ]
                },
                {
                    "type": "tuple",
                    "values": [
                        -0.012013571693295142,
                        0.003980444712715925
                    ]
                },
                {
                    "type": "tuple",
                    "values": [
                        -0.007353077778911616,
                        0.00805363086901
                    ]
                },
                {
                    "type": "tuple",
                    "values": [
                        -0.006573122302638692,
                        0.01358322960472
                    ]
                },
                {
                    "type": "tuple",
                    "values": [
                        -0.01402584900058,
                        0.008606626669466733
                    ]
                }
            ]
        },
        "max_log_likelihood_sample": {
            "type": "instance",
            "class_path": "autofit.non_linear.samples.sample.Sample",
            "arguments": {
                "log_likelihood": -14.083221818209008,
                "log_prior": 0.0,
                "weight": 0.0010297847506800985,
                "kwargs": {
                    "type": "dict",
                    "arguments": {
                        "ellipses.0.ell_comps.ell_comps_0": 0.01256580825278,
                        "ellipses.0.ell_comps.ell_comps_1": 0.09971211003944,
                        "multipoles.0.multipole_3.multipole_comps.multipole_comps_0": -0.00311444987778,
                        "multipoles.0.multipole_3.multipole_comps.multipole_comps_1": -0.00109219518037,
                        "multipoles.0.multipole_4.multipole_comps.multipole_comps_0": 0.00271399999177,
                        "multipoles.0.multipole_4.multipole_comps.multipole_comps_1": -0.00275628606302
                    }
                }
            }
        },
        "median_pdf_sample": {
            "type": "instance",
            "class_path": "autofit.non_linear.samples.sample.Sample",
            "arguments": {
                "log_likelihood": -14.083221818209008,
                "log_prior": 0.0,
                "weight": 0.0010297847506800985,
                "kwargs": {
                    "type": "dict",
                    "arguments": {
                        "ellipses.0.ell_comps.ell_comps_0": 0.01096186270804,
                        "ellipses.0.ell_comps.ell_comps_1": 0.09953948670449765,
                        "multipoles.0.multipole_3.multipole_comps.multipole_comps_0": -0.0036460628590139345,
                        "multipoles.0.multipole_3.multipole_comps.multipole_comps_1": 6.703724966e-05,
                        "multipoles.0.multipole_4.multipole_comps.multipole_comps_0": 0.0035842315483959972,
                        "multipoles.0.multipole_4.multipole_comps.multipole_comps_1": -0.002549513697905669
                    }
                }
            }
        },
        "errors_at_sigma_3": {
            "type": "list",
            "values": [
                {
                    "type": "tuple",
                    "values": [
                        0.01293750957667,
                        0.012327953248080002
                    ]
                },
                {
                    "type": "tuple",
                    "values": [
                        0.01113497170494765,
                        0.01146794177915518
                    ]
                },
                {
                    "type": "tuple",
                    "values": [
                        0.008367508834281208,
                        0.007626507571729859
                    ]
                },
                {
                    "type": "tuple",
                    "values": [
                        0.007420115028571616,
                        0.00798659361935
                    ]
                },
                {
                    "type": "tuple",
                    "values": [
                        0.010157353851034688,
                        0.009998998056324003
                    ]
                },
                {
                    "type": "tuple",
                    "values": [
                        0.01147633530267433,
                        0.011156140367372402
                    ]
                }
            ]
        },
        "log_evidence": -37.41909568625813,
        "errors_at_sigma_1": {
            "type": "list",
            "values": [
                {
                    "type": "tuple",
                    "values": [
                        0.0041155844134395814,
                        0.004289049354431839
                    ]
                },
                {
                    "type": "tuple",
                    "values": [
                        0.0034875570478776347,
                        0.0030719921840523523
                    ]
                },
                {
                    "type": "tuple",
                    "values": [
                        0.003122356277080678,
                        0.0026934537956770635
                    ]
                },
                {
                    "type": "tuple",
                    "values": [
                        0.00280357884429354,
                        0.00285716392745
                    ]
                },
                {
                    "type": "tuple",
                    "values": [
                        0.003398000502346521,
                        0.003396936513504003
                    ]
                },
                {
                    "type": "tuple",
                    "values": [
                        0.003138261031374331,
                        0.003679275928257801
                    ]
                }
            ]
        }
    }
}