{
    "type": "collection",
    "arguments": {
        "ellipses": {
            "type": "collection",
            "arguments": {
                "0": {
                    "type": "instance",
                    "class_path": "autogalaxy.ellipse.ellipse.ellipse.Ellipse",
                    "arguments": {
                        "ell_comps": {
                            "type": "tuple",
                            "values": [
                                -0.00978581318451,
                                0.03959236620602
                            ]
                        },
                        "major_axis": 0.25,
                        "centre": {
                            "type": "tuple",
                            "values": [
                                -0.00032660123077,
                                0.00242132694939
                            ]
                        }
                    }
                },
                "1": {
                    "type": "instance",
                    "class_path": "autogalaxy.ellipse.ellipse.ellipse.Ellipse",
                    "arguments": {
                        "ell_comps": {
                            "type": "tuple",
                            "values": [
                                -0.01915039502024,
                                0.01396473989183
                            ]
                        },
                        "major_axis": 0.5,
                        "centre": {
                            "type": "tuple",
                            "values": [
                                -0.00032660123077,
                                0.00242132694939
                            ]
                        }
                    }
                },
                "2": {
                    "type": "instance",
                    "class_path": "autogalaxy.ellipse.ellipse.ellipse.Ellipse",
                    "arguments": {
                        "ell_comps": {
                            "type": "tuple",
                            "values": [
                                -0.01170689039821,
                                -0.01012356184696
                            ]
                        },
                        "major_axis": 0.75,
                        "centre": {
                            "type": "tuple",
                            "values": [
                                -0.00032660123077,
                                0.00242132694939
                            ]
                        }
                    }
                },
                "3": {
                    "type": "instance",
                    "class_path": "autogalaxy.ellipse.ellipse.ellipse.Ellipse",
                    "arguments": {
                        "ell_comps": {
                            "type": "tuple",
                            "values": [
                                -0.01490012467443,
                                -0.03302655063987
                            ]
                        },
                        "major_axis": 1.0,
                        "centre": {
                            "type": "tuple",
                            "values": [
                                -0.00032660123077,
                                0.00242132694939
                            ]
                        }
                    }
                },
                "4": {
                    "type": "instance",
                    "class_path": "autogalaxy.ellipse.ellipse.ellipse.Ellipse",
                    "arguments": {
                        "ell_comps": {
                            "type": "tuple",
                            "values": [
                                -0.00695530888439,
                                -0.03523816948447
                            ]
                        },
                        "major_axis": 1.25,
                        "centre": {
                            "type": "tuple",
                            "values": [
                                -0.00032660123077,
                                0.00242132694939
                            ]
                        }
                    }
                },
                "5": {
                    "type": "instance",
                    "class_path": "autogalaxy.ellipse.ellipse.ellipse.Ellipse",
                    "arguments": {
                        "ell_comps": {
                            "type": "tuple",
                            "values": [
                                -0.0160164129039,
                                -0.06144424097464
                            ]
                        },
                        "major_axis": 1.5,
                        "centre": {
                            "type": "tuple",
                            "values": [
                                -0.00032660123077,
                                0.00242132694939
                            ]
                        }
                    }
                },
                "6": {
                    "type": "instance",
                    "class_path": "autogalaxy.ellipse.ellipse.ellipse.Ellipse",
                    "arguments": {
                        "ell_comps": {
                            "type": "tuple",
                            "values": [
                                -0.01464258276934,
                                -0.07749616736921
                            ]
                        },
                        "major_axis": 1.75,
                        "centre": {
                            "type": "tuple",
                            "values": [
                                -0.00032660123077,
                                0.00242132694939
                            ]
                        }
                    }
                },
                "7": {
                    "type": "instance",
                    "class_path": "autogalaxy.ellipse.ellipse.ellipse.Ellipse",
                    "arguments": {
                        "ell_comps": {
                            "type": "tuple",
                            "values": [
                                -0.02121413539193,
                                -0.08683714209678
                            ]
                        },
                        "major_axis": 2.0,
                        "centre": {
                            "type": "tuple",
                            "values": [
                                -0.00032660123077,
                                0.00242132694939
                            ]
                        }
                    }
                },
                "8": {
                    "type": "instance",
                    "class_path": "autogalaxy.ellipse.ellipse.ellipse.Ellipse",
                    "arguments": {
                        "ell_comps": {
                            "type": "tuple",
                            "values": [
                                -0.0186408255561,
                                -0.11069365202111
                            ]
                        },
                        "major_axis": 2.25,
                        "centre": {
                            "type": "tuple",
                            "values": [
                                -0.00032660123077,
                                0.00242132694939
                            ]
                        }
                    }
                },
                "9": {
                    "type": "instance",
                    "class_path": "autogalaxy.ellipse.ellipse.ellipse.Ellipse",
                    "arguments": {
                        "ell_comps": {
                            "type": "tuple",
                            "values": [
                                -0.00579664580275,
                                -0.10127221904786
                            ]
                        },
                        "major_axis": 2.5,
                        "centre": {
                            "type": "tuple",
                            "values": [
                                -0.00032660123077,
                                0.00242132694939
                            ]
                        }
                    }
                },
                "10": {
                    "type": "instance",
                    "class_path": "autogalaxy.ellipse.ellipse.ellipse.Ellipse",
                    "arguments": {
                        "ell_comps": {
                            "type": "tuple",
                            "values": [
                                0.0104763667453,
                                -0.14869887020391
                            ]
                        },
                        "major_axis": 2.75,
                        "centre": {
                            "type": "tuple",
                            "values": [
                                -0.00032660123077,
                                0.00242132694939
                            ]
                        }
                    }
                },
                "11": {
                    "type": "instance",
                    "class_path": "autogalaxy.ellipse.ellipse.ellipse.Ellipse",
                    "arguments": {
                        "ell_comps": {
                            "type": "tuple",
                            "values": [
                                0.02072591062648,
                                -0.15678049923187
                            ]
                        },
                        "major_axis": 3.0,
                        "centre": {
                            "type": "tuple",
                            "values": [
                                -0.00032660123077,
                                0.00242132694939
                            ]
                        }
                    }
                },
                "12": {
                    "type": "instance",
                    "class_path": "autogalaxy.ellipse.ellipse.ellipse.Ellipse",
                    "arguments": {
                        "ell_comps": {
                            "type": "tuple",
                            "values": [
                                -0.02702230934355,
                                -0.14446051640265
                            ]
                        },
                        "major_axis": 3.25,
                        "centre": {
                            "type": "tuple",
                            "values": [
                                -0.00032660123077,
                                0.00242132694939
                            ]
                        }
                    }
                },
                "13": {
                    "type": "instance",
                    "class_path": "autogalaxy.ellipse.ellipse.ellipse.Ellipse",
                    "arguments": {
                        "ell_comps": {
                            "type": "tuple",
                            "values": [
                                0.0181281047038,
                                -0.15909677106925
                            ]
                        },
                        "major_axis": 3.5,
                        "centre": {
                            "type": "tuple",
                            "values": [
                                -0.00032660123077,
                                0.00242132694939
                            ]
                        }
                    }
                },
                "14": {
                    "type": "instance",
                    "class_path": "autogalaxy.ellipse.ellipse.ellipse.Ellipse",
                    "arguments": {
                        "ell_comps": {
                            "type": "tuple",
                            "values": [
                                0.01205865062836,
                                -0.13959757152574
                            ]
                        },
                        "major_axis": 3.75,
                        "centre": {
                            "type": "tuple",
                            "values": [
                                -0.00032660123077,
                                0.00242132694939
                            ]
                        }
                    }
                },
                "15": {
                    "type": "instance",
                    "class_path": "autogalaxy.ellipse.ellipse.ellipse.Ellipse",
                    "arguments": {
                        "ell_comps": {
                            "type": "tuple",
                            "values": [
                                0.01699618971467,
                                -0.14671064721351
                            ]
                        },
                        "major_axis": 4.0,
                        "centre": {
                            "type": "tuple",
                            "values": [
                                -0.00032660123077,
                                0.00242132694939
                            ]
                        }
                    }
                },
                "16": {
                    "type": "instance",
                    "class_path": "autogalaxy.ellipse.ellipse.ellipse.Ellipse",
                    "arguments": {
                        "ell_comps": {
                            "type": "tuple",
                            "values": [
                                -0.01549978059897,
                                -0.16394312946265
                            ]
                        },
                        "major_axis": 4.25,
                        "centre": {
                            "type": "tuple",
                            "values": [
                                -0.00032660123077,
                                0.00242132694939
                            ]
                        }
                    }
                },
                "17": {
                    "type": "instance",
                    "class_path": "autogalaxy.ellipse.ellipse.ellipse.Ellipse",
                    "arguments": {
                        "ell_comps": {
                            "type": "tuple",
                            "values": [
                                0.00379739039805,
                                -0.20187242516845
                            ]
                        },
                        "major_axis": 4.5,
                        "centre": {
                            "type": "tuple",
                            "values": [
                                -0.00032660123077,
                                0.00242132694939
                            ]
                        }
                    }
                },
                "18": {
                    "type": "instance",
                    "class_path": "autogalaxy.ellipse.ellipse.ellipse.Ellipse",
                    "arguments": {
                        "ell_comps": {
                            "type": "tuple",
                            "values": [
                                -0.01225634527587,
                                -0.16073088259738
                            ]
                        },
                        "major_axis": 4.75,
                        "centre": {
                            "type": "tuple",
                            "values": [
                                -0.00032660123077,
                                0.00242132694939
                            ]
                        }
                    }
                }
            }
        },
        "dummy_0": {
            "lower_limit": -0.1,
            "upper_limit": 0.1,
            "type": "Uniform",
            "id": 146
        }
    }
}