{
    "type": "instance",
    "class_path": "autofit.non_linear.samples.summary.SamplesSummary",
    "arguments": {
        "log_evidence": -26.54410920232911,
        "values_at_sigma_3": {
            "type": "list",
            "values": [
                {
                    "type": "tuple",
                    "values": [
                        0.05634552800021037,
                        0.08416731903592098
                    ]
                },
                {
                    "type": "tuple",
                    "values": [
                        0.03253915038385016,
                        0.0593962659108
                    ]
                }
            ]
        },
        "median_pdf_sample": {
            "type": "instance",
            "class_path": "autofit.non_linear.samples.sample.Sample",
            "arguments": {
                "log_likelihood": -17.530199523693977,
                "log_prior": 0.0,
                "weight": 0.0009820745178609385,
                "kwargs": {
                    "type": "dict",
                    "arguments": {
                        "ellipses.0.ell_comps.ell_comps_0": 0.07109723825827272,
                        "ellipses.0.ell_comps.ell_comps_1": 0.04533974249379245
                    }
                }
            }
        },
        "errors_at_sigma_1": {
            "type": "list",
            "values": [
                {
                    "type": "tuple",
                    "values": [
                        0.004380237588200095,
                        0.0053618880820509585
                    ]
                },
                {
                    "type": "tuple",
                    "values": [
                        0.004135964562192444,
                        0.0039074786460054495
                    ]
                }
            ]
        },
        "values_at_sigma_1": {
            "type": "list",
            "values": [
                {
                    "type": "tuple",
                    "values": [
                        0.06671700067007262,
                        0.07645912634032367
                    ]
                },
                {
                    "type": "tuple",
                    "values": [
                        0.0412037779316,
                        0.049247221139797896
                    ]
                }
            ]
        },
        "errors_at_sigma_3": {
            "type": "list",
            "values": [
                {
                    "type": "tuple",
                    "values": [
                        0.014751710258062344,
                        0.013070080777648263
                    ]
                },
                {
                    "type": "tuple",
                    "values": [
                        0.012800592109942284,
                        0.014056523417007555
                    ]
                }
            ]
        },
        "max_log_likelihood_sample": {
            "type": "instance",
            "class_path": "autofit.non_linear.samples.sample.Sample",
            "arguments": {
                "log_likelihood": -17.530199523693977,
                "log_prior": 0.0,
                "weight": 0.0009820745178609385,
                "kwargs": {
                    "type": "dict",
                    "arguments": {
                        "ellipses.0.ell_comps.ell_comps_0": 0.0706750391121,
                        "ellipses.0.ell_comps.ell_comps_1": 0.0442725017612
                    }
                }
            }
        },
        "model": null
    }
}