{
    "type": "instance",
    "class_path": "autofit.non_linear.samples.summary.SamplesSummary",
    "arguments": {
        "errors_at_sigma_1": {
            "type": "list",
            "values": [
                {
                    "type": "tuple",
                    "values": [
                        0.0008861429712722557,
                        0.001049508507241645
                    ]
                },
                {
                    "type": "tuple",
                    "values": [
                        0.0012362481238215866,
                        0.00141501878935
                    ]
                },
                {
                    "type": "tuple",
                    "values": [
                        0.00485359291332392,
                        0.005235425231492452
                    ]
                },
                {
                    "type": "tuple",
                    "values": [
                        0.008599298332061356,
                        0.005035181912128192
                    ]
                },
                {
                    "type": "tuple",
                    "values": [
                        0.002210307168047427,
                        0.0028892663568011166
                    ]
                },
                {
                    "type": "tuple",
                    "values": [
                        0.0008470487810099999,
                        0.0013052135655793773
                    ]
                },
                {
                    "type": "tuple",
                    "values": [
                        0.0017409047866622628,
                        0.0015644700839838105
                    ]
                },
                {
                    "type": "tuple",
                    "values": [
                        0.001582853096187751,
                        0.001583846734412231
                    ]
                },
                {
                    "type": "tuple",
                    "values": [
                        0.0013303784468999998,
                        0.0013132672000899998
                    ]
                },
                {
                    "type": "tuple",
                    "values": [
                        0.0010468001603430358,
                        0.001117758692494
                    ]
                },
                {
                    "type": "tuple",
                    "values": [
                        0.003246389077851089,
                        0.004733694131908023
                    ]
                },
                {
                    "type": "tuple",
                    "values": [
                        0.005849624733680003,
                        0.005378114681572815
                    ]
                },
                {
                    "type": "tuple",
                    "values": [
                        0.003949412762536973,
                        0.005139999948400115
                    ]
                },
                {
                    "type": "tuple",
                    "values": [
                        0.004223427647994797,
                        0.0038685604055168606
                    ]
                },
                {
                    "type": "tuple",
                    "values": [
                        0.0034023662063054315,
                        0.0035311886857692914
                    ]
                },
                {
                    "type": "tuple",
                    "values": [
                        0.004643597682748489,
                        0.0032144604722094488
                    ]
                },
                {
                    "type": "tuple",
                    "values": [
                        0.005080864315745174,
                        0.003926886670790001
                    ]
                },
                {
                    "type": "tuple",
                    "values": [
                        0.00382732224338,
                        0.00412835280208
                    ]
                },
                {
                    "type": "tuple",
                    "values": [
                        0.00351755661812142,
                        0.003535870003546951
                    ]
                },
                {
                    "type": "tuple",
                    "values": [
                        0.003678724675875572,
                        0.0038835170902923877
                    ]
                },
                {
                    "type": "tuple",
                    "values": [
                        0.0024744200795686865,
                        0.004847600668820069
                    ]
                },
                {
                    "type": "tuple",
                    "values": [
                        0.005753434228634191,
                        0.006997387256977605
                    ]
                },
                {
                    "type": "tuple",
                    "values": [
                        0.004893901856768101,
                        0.004512135066677916
                    ]
                },
                {
                    "type": "tuple",
                    "values": [
                        0.00459540081152871,
                        0.0059324487302862255
                    ]
                },
                {
                    "type": "tuple",
                    "values": [
                        0.005622118902350003,
                        0.005235447945393337
                    ]
                },
                {
                    "type": "tuple",
                    "values": [
                        0.003945727625133382,
                        0.004697700702140612
                    ]
                },
                {
                    "type": "tuple",
                    "values": [
                        0.0020849951326141845,
                        0.002161330878382141
                    ]
                },
                {
                    "type": "tuple",
                    "values": [
                        0.001596177187537573,
                        0.0025677725736272666
                    ]
                },
                {
                    "type": "tuple",
                    "values": [
                        0.015231895818148738,
                        0.013540630322073206
                    ]
                },
                {
                    "type": "tuple",
                    "values": [
                        0.00616527172020713,
                        0.006251698382088583
                    ]
                },
                {
                    "type": "tuple",
                    "values": [
                        0.00430459874445,
                        0.00412097561159222
                    ]
                },
                {
                    "type": "tuple",
                    "values": [
                        0.0038908579344299962,
                        0.004037637554190225
                    ]
                },
                {
                    "type": "tuple",
                    "values": [
                        0.005079361703680743,
                        0.005771125163844211
                    ]
                },
                {
                    "type": "tuple",
                    "values": [
                        0.0037862484532423836,
                        0.003999557073492748
                    ]
                },
                {
                    "type": "tuple",
                    "values": [
                        0.0017217684882900042,
                        0.0015338879069628497
                    ]
                },
                {
                    "type": "tuple",
                    "values": [
                        0.002881580290630001,
                        0.002599545924250001
                    ]
                },
                {
                    "type": "tuple",
                    "values": [
                        0.006536144105939997,
                        0.007951061805835595
                    ]
                },
                {
                    "type": "tuple",
                    "values": [
                        0.006854078534062245,
                        0.0067999364908103415
                    ]
                },
                {
                    "type": "tuple",
                    "values": [
                        0.002561549103457591,
                        0.00211433529497
                    ]
                },
                {
                    "type": "tuple",
                    "values": [
                        0.004074013509974911,
                        0.0036986373558612062
                    ]
                },
                {
                    "type": "tuple",
                    "values": [
                        0.003712799900753409,
                        0.003945716137341281
                    ]
                },
                {
                    "type": "tuple",
                    "values": [
                        0.0064862110858914974,
                        0.00455134538954621
                    ]
                }
            ]
        },
        "max_log_likelihood_sample": {
            "type": "instance",
            "class_path": "autofit.non_linear.samples.sample.Sample",
            "arguments": {
                "log_likelihood": -143.74133967045384,
                "log_prior": 0.0,
                "weight": 0.0011380959379625815,
                "kwargs": {
                    "type": "dict",
                    "arguments": {
                        "ellipses.ellipse_4.centre.centre_0": -0.00186162010706,
                        "ellipses.ellipse_4.centre.centre_1": 0.00145700052838,
                        "ellipses.ellipse_0.ell_comps.ell_comps_0": 0.07106253252908,
                        "ellipses.ellipse_0.ell_comps.ell_comps_1": -0.08965506452461,
                        "multipoles.0.multipole_1.multipole_comps.multipole_comps_0": 0.00039746329252,
                        "multipoles.0.multipole_1.multipole_comps.multipole_comps_1": -0.00237945001965,
                        "multipoles.0.multipole_3.multipole_comps.multipole_comps_0": -0.00110682385383,
                        "multipoles.0.multipole_3.multipole_comps.multipole_comps_1": -0.00078883810374,
                        "multipoles.0.multipole_4.multipole_comps.multipole_comps_0": -0.00234830858336,
                        "multipoles.0.multipole_4.multipole_comps.multipole_comps_1": -0.00082219456091,
                        "ellipses.ellipse_1.ell_comps.ell_comps_0": 0.11113218221034,
                        "ellipses.ellipse_1.ell_comps.ell_comps_1": -0.13330692097428,
                        "multipoles.1.multipole_1.multipole_comps.multipole_comps_0": 0.00377077844105,
                        "multipoles.1.multipole_1.multipole_comps.multipole_comps_1": -0.00803279858138,
                        "multipoles.1.multipole_3.multipole_comps.multipole_comps_0": 0.01086217447169,
                        "multipoles.1.multipole_3.multipole_comps.multipole_comps_1": -0.0043031411969,
                        "multipoles.1.multipole_4.multipole_comps.multipole_comps_0": 0.00395909628599,
                        "multipoles.1.multipole_4.multipole_comps.multipole_comps_1": -0.0047065653545,
                        "ellipses.ellipse_2.ell_comps.ell_comps_0": 0.09899770330073,
                        "ellipses.ellipse_2.ell_comps.ell_comps_1": -0.1526905044627,
                        "multipoles.2.multipole_1.multipole_comps.multipole_comps_0": -0.0067446382878,
                        "multipoles.2.multipole_1.multipole_comps.multipole_comps_1": 0.01373670576917,
                        "multipoles.2.multipole_3.multipole_comps.multipole_comps_0": -0.00217148081081,
                        "multipoles.2.multipole_3.multipole_comps.multipole_comps_1": 0.01808211332221,
                        "multipoles.2.multipole_4.multipole_comps.multipole_comps_0": 0.02558508850299,
                        "multipoles.2.multipole_4.multipole_comps.multipole_comps_1": 0.01868223785838,
                        "ellipses.ellipse_3.ell_comps.ell_comps_0": 0.01662376275397,
                        "ellipses.ellipse_3.ell_comps.ell_comps_1": 0.03954076568787,
                        "multipoles.3.multipole_1.multipole_comps.multipole_comps_0": 0.01320694449271,
                        "multipoles.3.multipole_1.multipole_comps.multipole_comps_1": -0.06376573745201,
                        "multipoles.3.multipole_3.multipole_comps.multipole_comps_0": 0.01737377645976,
                        "multipoles.3.multipole_3.multipole_comps.multipole_comps_1": 0.0475673065743,
                        "multipoles.3.multipole_4.multipole_comps.multipole_comps_0": 0.03648640045456,
                        "multipoles.3.multipole_4.multipole_comps.multipole_comps_1": 0.01106384338213,
                        "ellipses.ellipse_4.ell_comps.ell_comps_0": 0.15591888834716,
                        "ellipses.ellipse_4.ell_comps.ell_comps_1": -0.02350391984536,
                        "multipoles.4.multipole_1.multipole_comps.multipole_comps_0": -0.01421904496933,
                        "multipoles.4.multipole_1.multipole_comps.multipole_comps_1": -0.02131924477036,
                        "multipoles.4.multipole_3.multipole_comps.multipole_comps_0": -0.00233830232698,
                        "multipoles.4.multipole_3.multipole_comps.multipole_comps_1": 0.02469855695436,
                        "multipoles.4.multipole_4.multipole_comps.multipole_comps_0": -0.00469596680898,
                        "multipoles.4.multipole_4.multipole_comps.multipole_comps_1": -0.02494391217041
                    }
                }
            }
        },
        "model": null,
        "values_at_sigma_1": {
            "type": "list",
            "values": [
                {
                    "type": "tuple",
                    "values": [
                        -0.00214774400741,
                        -0.00021209252889609962
                    ]
                },
                {
                    "type": "tuple",
                    "values": [
                        -0.0004567474599315866,
                        0.00219451945324
                    ]
                },
                {
                    "type": "tuple",
                    "values": [
                        0.06269624002487607,
                        0.07278525816969245
                    ]
                },
                {
                    "type": "tuple",
                    "values": [
                        -0.08994001018716136,
                        -0.07630552994297181
                    ]
                },
                {
                    "type": "tuple",
                    "values": [
                        -0.005175175346537427,
                        -7.560182168888341e-05
                    ]
                },
                {
                    "type": "tuple",
                    "values": [
                        -0.00209287162492,
                        5.939072166937734e-05
                    ]
                },
                {
                    "type": "tuple",
                    "values": [
                        -0.003417795896,
                        -0.00011242102535392663
                    ]
                },
                {
                    "type": "tuple",
                    "values": [
                        -0.003000693659409982,
                        0.00016600617119
                    ]
                },
                {
                    "type": "tuple",
                    "values": [
                        -0.00395566593501,
                        -0.00131202028802
                    ]
                },
                {
                    "type": "tuple",
                    "values": [
                        -0.0018496113791656135,
                        0.0003149474736714223
                    ]
                },
                {
                    "type": "tuple",
                    "values": [
                        0.09981784304693479,
                        0.1077979262566939
                    ]
                },
                {
                    "type": "tuple",
                    "values": [
                        -0.14442793496734,
                        -0.13320019555208717
                    ]
                },
                {
                    "type": "tuple",
                    "values": [
                        -0.006320215936220627,
                        0.0027691967747164614
                    ]
                },
                {
                    "type": "tuple",
                    "values": [
                        -0.006438604527854797,
                        0.0016533835256568607
                    ]
                },
                {
                    "type": "tuple",
                    "values": [
                        0.004938505308035277,
                        0.01187206020011
                    ]
                },
                {
                    "type": "tuple",
                    "values": [
                        -0.00391694655843,
                        0.003941111596527938
                    ]
                },
                {
                    "type": "tuple",
                    "values": [
                        0.003635502910894826,
                        0.01264325389743
                    ]
                },
                {
                    "type": "tuple",
                    "values": [
                        -0.00644840521982,
                        0.00150726982564
                    ]
                },
                {
                    "type": "tuple",
                    "values": [
                        0.0935773687671,
                        0.10063079538876837
                    ]
                },
                {
                    "type": "tuple",
                    "values": [
                        -0.15462997079208796,
                        -0.14706772902592
                    ]
                },
                {
                    "type": "tuple",
                    "values": [
                        -0.014681056635164877,
                        -0.007359035886776121
                    ]
                },
                {
                    "type": "tuple",
                    "values": [
                        -0.0007513874335741916,
                        0.011999434052037605
                    ]
                },
                {
                    "type": "tuple",
                    "values": [
                        -0.006475468439038496,
                        0.0029305684844075208
                    ]
                },
                {
                    "type": "tuple",
                    "values": [
                        0.010184294794056633,
                        0.02071214433587157
                    ]
                },
                {
                    "type": "tuple",
                    "values": [
                        0.02227285387309,
                        0.03313042072083334
                    ]
                },
                {
                    "type": "tuple",
                    "values": [
                        0.012178059321506007,
                        0.02082148764878
                    ]
                },
                {
                    "type": "tuple",
                    "values": [
                        0.015096974682199471,
                        0.019343300693195797
                    ]
                },
                {
                    "type": "tuple",
                    "values": [
                        0.03782139697009243,
                        0.04198534673125727
                    ]
                },
                {
                    "type": "tuple",
                    "values": [
                        -0.013692878822231944,
                        0.01507964731799
                    ]
                },
                {
                    "type": "tuple",
                    "values": [
                        -0.07667502250716712,
                        -0.06425805240487141
                    ]
                },
                {
                    "type": "tuple",
                    "values": [
                        0.01413500627258,
                        0.02256058062862222
                    ]
                },
                {
                    "type": "tuple",
                    "values": [
                        0.04132516987008,
                        0.049253665358700224
                    ]
                },
                {
                    "type": "tuple",
                    "values": [
                        0.030926802339829258,
                        0.04177728920735421
                    ]
                },
                {
                    "type": "tuple",
                    "values": [
                        0.0018696313173,
                        0.009655436844035132
                    ]
                },
                {
                    "type": "tuple",
                    "values": [
                        0.15577664250017,
                        0.15903229889542286
                    ]
                },
                {
                    "type": "tuple",
                    "values": [
                        -0.02532611869572,
                        -0.01984499248084
                    ]
                },
                {
                    "type": "tuple",
                    "values": [
                        -0.03246417574533,
                        -0.017976969833554405
                    ]
                },
                {
                    "type": "tuple",
                    "values": [
                        -0.02778200739951,
                        -0.014127992374637412
                    ]
                },
                {
                    "type": "tuple",
                    "values": [
                        -0.003234915432327591,
                        0.0014409689661
                    ]
                },
                {
                    "type": "tuple",
                    "values": [
                        0.020316490712647538,
                        0.028089141578483655
                    ]
                },
                {
                    "type": "tuple",
                    "values": [
                        -0.006907716922438406,
                        0.0007507991156562833
                    ]
                },
                {
                    "type": "tuple",
                    "values": [
                        -0.03080139814782,
                        -0.019763841672382293
                    ]
                }
            ]
        },
        "median_pdf_sample": {
            "type": "instance",
            "class_path": "autofit.non_linear.samples.sample.Sample",
            "arguments": {
                "log_likelihood": -143.74133967045384,
                "log_prior": 0.0,
                "weight": 0.0011380959379625815,
                "kwargs": {
                    "type": "dict",
                    "arguments": {
                        "ellipses.ellipse_4.centre.centre_0": -0.0012616010361377445,
                        "ellipses.ellipse_4.centre.centre_1": 0.00077950066389,
                        "ellipses.ellipse_0.ell_comps.ell_comps_0": 0.0675498329382,
                        "ellipses.ellipse_0.ell_comps.ell_comps_1": -0.0813407118551,
                        "multipoles.0.multipole_1.multipole_comps.multipole_comps_0": -0.00296486817849,
                        "multipoles.0.multipole_1.multipole_comps.multipole_comps_1": -0.00124582284391,
                        "multipoles.0.multipole_3.multipole_comps.multipole_comps_0": -0.001676891109337737,
                        "multipoles.0.multipole_3.multipole_comps.multipole_comps_1": -0.0014178405632222309,
                        "multipoles.0.multipole_4.multipole_comps.multipole_comps_0": -0.00262528748811,
                        "multipoles.0.multipole_4.multipole_comps.multipole_comps_1": -0.0008028112188225776,
                        "ellipses.ellipse_1.ell_comps.ell_comps_0": 0.10306423212478588,
                        "ellipses.ellipse_1.ell_comps.ell_comps_1": -0.13857831023366,
                        "multipoles.1.multipole_1.multipole_comps.multipole_comps_0": -0.0023708031736836537,
                        "multipoles.1.multipole_1.multipole_comps.multipole_comps_1": -0.00221517687986,
                        "multipoles.1.multipole_3.multipole_comps.multipole_comps_0": 0.008340871514340709,
                        "multipoles.1.multipole_3.multipole_comps.multipole_comps_1": 0.0007266511243184891,
                        "multipoles.1.multipole_4.multipole_comps.multipole_comps_0": 0.00871636722664,
                        "multipoles.1.multipole_4.multipole_comps.multipole_comps_1": -0.00262108297644,
                        "ellipses.ellipse_2.ell_comps.ell_comps_0": 0.09709492538522142,
                        "ellipses.ellipse_2.ell_comps.ell_comps_1": -0.15095124611621238,
                        "multipoles.2.multipole_1.multipole_comps.multipole_comps_0": -0.01220663655559619,
                        "multipoles.2.multipole_1.multipole_comps.multipole_comps_1": 0.00500204679506,
                        "multipoles.2.multipole_3.multipole_comps.multipole_comps_0": -0.0015815665822703957,
                        "multipoles.2.multipole_3.multipole_comps.multipole_comps_1": 0.014779695605585343,
                        "multipoles.2.multipole_4.multipole_comps.multipole_comps_0": 0.02789497277544,
                        "multipoles.2.multipole_4.multipole_comps.multipole_comps_1": 0.01612378694663939,
                        "ellipses.ellipse_3.ell_comps.ell_comps_0": 0.017181969814813656,
                        "ellipses.ellipse_3.ell_comps.ell_comps_1": 0.03941757415763,
                        "multipoles.3.multipole_1.multipole_comps.multipole_comps_0": 0.0015390169959167942,
                        "multipoles.3.multipole_1.multipole_comps.multipole_comps_1": -0.07050975078696,
                        "multipoles.3.multipole_3.multipole_comps.multipole_comps_0": 0.01843960501703,
                        "multipoles.3.multipole_3.multipole_comps.multipole_comps_1": 0.04521602780451,
                        "multipoles.3.multipole_4.multipole_comps.multipole_comps_0": 0.03600616404351,
                        "multipoles.3.multipole_4.multipole_comps.multipole_comps_1": 0.005655879770542383,
                        "ellipses.ellipse_4.ell_comps.ell_comps_0": 0.15749841098846,
                        "ellipses.ellipse_4.ell_comps.ell_comps_1": -0.02244453840509,
                        "multipoles.4.multipole_1.multipole_comps.multipole_comps_0": -0.02592803163939,
                        "multipoles.4.multipole_1.multipole_comps.multipole_comps_1": -0.020927928865447754,
                        "multipoles.4.multipole_3.multipole_comps.multipole_comps_0": -0.00067336632887,
                        "multipoles.4.multipole_3.multipole_comps.multipole_comps_1": 0.02439050422262245,
                        "multipoles.4.multipole_4.multipole_comps.multipole_comps_0": -0.0031949170216849974,
                        "multipoles.4.multipole_4.multipole_comps.multipole_comps_1": -0.024315187061928503
                    }
                }
            }
        },
        "values_at_sigma_3": {
            "type": "list",
            "values": [
                {
                    "type": "tuple",
                    "values": [
                        -0.0042704088235216596,
                        0.0025568241237141132
                    ]
                },
                {
                    "type": "tuple",
                    "values": [
                        -0.002168773230751275,
                        0.004054232307665342
                    ]
                },
                {
                    "type": "tuple",
                    "values": [
                        0.05792816448547,
                        0.0799535312560095
                    ]
                },
                {
                    "type": "tuple",
                    "values": [
                        -0.09868881200421,
                        -0.07050820512410615
                    ]
                },
                {
                    "type": "tuple",
                    "values": [
                        -0.00691769313924,
                        0.002774293235309725
                    ]
                },
                {
                    "type": "tuple",
                    "values": [
                        -0.00488123523059,
                        0.002502432015381667
                    ]
                },
                {
                    "type": "tuple",
                    "values": [
                        -0.00650572099549,
                        0.0025002118123240223
                    ]
                },
                {
                    "type": "tuple",
                    "values": [
                        -0.005497176159794911,
                        0.0027869619464678625
                    ]
                },
                {
                    "type": "tuple",
                    "values": [
                        -0.006088110185339366,
                        0.0008321640318661306
                    ]
                },
                {
                    "type": "tuple",
                    "values": [
                        -0.004060005476096429,
                        0.0026958130541185
                    ]
                },
                {
                    "type": "tuple",
                    "values": [
                        0.09358565690804004,
                        0.11716909829952
                    ]
                },
                {
                    "type": "tuple",
                    "values": [
                        -0.15486933189120403,
                        -0.12164089380054259
                    ]
                },
                {
                    "type": "tuple",
                    "values": [
                        -0.012940101450382888,
                        0.012277334068868042
                    ]
                },
                {
                    "type": "tuple",
                    "values": [
                        -0.015320278718196106,
                        0.0105566955819
                    ]
                },
                {
                    "type": "tuple",
                    "values": [
                        -0.00128759686267,
                        0.018774372718844703
                    ]
                },
                {
                    "type": "tuple",
                    "values": [
                        -0.01163330482557237,
                        0.00998339612191
                    ]
                },
                {
                    "type": "tuple",
                    "values": [
                        -0.003215717936603484,
                        0.01798612656455999
                    ]
                },
                {
                    "type": "tuple",
                    "values": [
                        -0.012670022452571147,
                        0.009259342362749567
                    ]
                },
                {
                    "type": "tuple",
                    "values": [
                        0.08530494568352433,
                        0.10666128660731315
                    ]
                },
                {
                    "type": "tuple",
                    "values": [
                        -0.16148752600771069,
                        -0.13936551097152577
                    ]
                },
                {
                    "type": "tuple",
                    "values": [
                        -0.01822174923502,
                        0.0006490212294652577
                    ]
                },
                {
                    "type": "tuple",
                    "values": [
                        -0.0100123472386,
                        0.02593925610713
                    ]
                },
                {
                    "type": "tuple",
                    "values": [
                        -0.01317363023909,
                        0.010257075502803076
                    ]
                },
                {
                    "type": "tuple",
                    "values": [
                        0.003306439708483681,
                        0.028447567190589867
                    ]
                },
                {
                    "type": "tuple",
                    "values": [
                        0.010712283233406526,
                        0.041893419429518644
                    ]
                },
                {
                    "type": "tuple",
                    "values": [
                        0.0043794833477979475,
                        0.029446735234820942
                    ]
                },
                {
                    "type": "tuple",
                    "values": [
                        0.009531820849099915,
                        0.025298779287951722
                    ]
                },
                {
                    "type": "tuple",
                    "values": [
                        0.03217261993626799,
                        0.04815478788382987
                    ]
                },
                {
                    "type": "tuple",
                    "values": [
                        -0.03242708188954599,
                        0.03674470271495
                    ]
                },
                {
                    "type": "tuple",
                    "values": [
                        -0.08790039299426537,
                        -0.052941592889178435
                    ]
                },
                {
                    "type": "tuple",
                    "values": [
                        0.005102400570431099,
                        0.029436905273538188
                    ]
                },
                {
                    "type": "tuple",
                    "values": [
                        0.03371598672287908,
                        0.05799097516215
                    ]
                },
                {
                    "type": "tuple",
                    "values": [
                        0.022965389079705273,
                        0.05302740288139354
                    ]
                },
                {
                    "type": "tuple",
                    "values": [
                        -0.00387500511961,
                        0.01951354951742
                    ]
                },
                {
                    "type": "tuple",
                    "values": [
                        0.15093473321505,
                        0.16349682678974
                    ]
                },
                {
                    "type": "tuple",
                    "values": [
                        -0.03304375615955,
                        -0.01295209152276
                    ]
                },
                {
                    "type": "tuple",
                    "values": [
                        -0.045317848630040014,
                        0.00024496520783186704
                    ]
                },
                {
                    "type": "tuple",
                    "values": [
                        -0.04132927642515,
                        -0.0031830230720070207
                    ]
                },
                {
                    "type": "tuple",
                    "values": [
                        -0.007651223876731017,
                        0.00510650914007
                    ]
                },
                {
                    "type": "tuple",
                    "values": [
                        0.01434163069361,
                        0.03470942416985
                    ]
                },
                {
                    "type": "tuple",
                    "values": [
                        -0.013345177590660406,
                        0.00786302420635258
                    ]
                },
                {
                    "type": "tuple",
                    "values": [
                        -0.045353867269403866,
                        -0.009256193254142158
                    ]
                }
            ]
        },
        "errors_at_sigma_3": {
            "type": "list",
            "values": [
                {
                    "type": "tuple",
                    "values": [
                        0.003008807787383915,
                        0.0038184251598518577
                    ]
                },
                {
                    "type": "tuple",
                    "values": [
                        0.002948273894641275,
                        0.0032747316437753415
                    ]
                },
                {
                    "type": "tuple",
                    "values": [
                        0.009621668452729992,
                        0.012403698317809506
                    ]
                },
                {
                    "type": "tuple",
                    "values": [
                        0.017348100149109993,
                        0.010832506730993854
                    ]
                },
                {
                    "type": "tuple",
                    "values": [
                        0.003952824960749999,
                        0.005739161413799725
                    ]
                },
                {
                    "type": "tuple",
                    "values": [
                        0.00363541238668,
                        0.003748254859291667
                    ]
                },
                {
                    "type": "tuple",
                    "values": [
                        0.0048288298861522624,
                        0.004177102921661759
                    ]
                },
                {
                    "type": "tuple",
                    "values": [
                        0.00407933559657268,
                        0.004204802509690094
                    ]
                },
                {
                    "type": "tuple",
                    "values": [
                        0.003462822697229366,
                        0.0034574515199761306
                    ]
                },
                {
                    "type": "tuple",
                    "values": [
                        0.0032571942572738512,
                        0.003498624272941078
                    ]
                },
                {
                    "type": "tuple",
                    "values": [
                        0.009478575216745846,
                        0.014104866174734124
                    ]
                },
                {
                    "type": "tuple",
                    "values": [
                        0.016291021657544036,
                        0.0169374164331174
                    ]
                },
                {
                    "type": "tuple",
                    "values": [
                        0.010569298276699234,
                        0.014648137242551696
                    ]
                },
                {
                    "type": "tuple",
                    "values": [
                        0.013105101838336106,
                        0.01277187246176
                    ]
                },
                {
                    "type": "tuple",
                    "values": [
                        0.009628468377010709,
                        0.010433501204503995
                    ]
                },
                {
                    "type": "tuple",
                    "values": [
                        0.01235995594989086,
                        0.00925674499759151
                    ]
                },
                {
                    "type": "tuple",
                    "values": [
                        0.011932085163243483,
                        0.009269759337919991
                    ]
                },
                {
                    "type": "tuple",
                    "values": [
                        0.010048939476131146,
                        0.011880425339189567
                    ]
                },
                {
                    "type": "tuple",
                    "values": [
                        0.011789979701697095,
                        0.00956636122209173
                    ]
                },
                {
                    "type": "tuple",
                    "values": [
                        0.010536279891498301,
                        0.01158573514468661
                    ]
                },
                {
                    "type": "tuple",
                    "values": [
                        0.006015112679423808,
                        0.012855657785061448
                    ]
                },
                {
                    "type": "tuple",
                    "values": [
                        0.01501439403366,
                        0.02093720931207
                    ]
                },
                {
                    "type": "tuple",
                    "values": [
                        0.011592063656819604,
                        0.011838642085073472
                    ]
                },
                {
                    "type": "tuple",
                    "values": [
                        0.011473255897101662,
                        0.013667871585004524
                    ]
                },
                {
                    "type": "tuple",
                    "values": [
                        0.017182689542033475,
                        0.013998446654078643
                    ]
                },
                {
                    "type": "tuple",
                    "values": [
                        0.011744303598841443,
                        0.013322948288181553
                    ]
                },
                {
                    "type": "tuple",
                    "values": [
                        0.007650148965713741,
                        0.008116809473138066
                    ]
                },
                {
                    "type": "tuple",
                    "values": [
                        0.00724495422136201,
                        0.008737213726199865
                    ]
                },
                {
                    "type": "tuple",
                    "values": [
                        0.03396609888546279,
                        0.03520568571903321
                    ]
                },
                {
                    "type": "tuple",
                    "values": [
                        0.01739064220730538,
                        0.01756815789778156
                    ]
                },
                {
                    "type": "tuple",
                    "values": [
                        0.013337204446598902,
                        0.010997300256508188
                    ]
                },
                {
                    "type": "tuple",
                    "values": [
                        0.01150004108163092,
                        0.012774947357640003
                    ]
                },
                {
                    "type": "tuple",
                    "values": [
                        0.013040774963804729,
                        0.01702123883788354
                    ]
                },
                {
                    "type": "tuple",
                    "values": [
                        0.009530884890152382,
                        0.013857669746877618
                    ]
                },
                {
                    "type": "tuple",
                    "values": [
                        0.0065636777734100205,
                        0.005998415801279994
                    ]
                },
                {
                    "type": "tuple",
                    "values": [
                        0.010599217754459999,
                        0.009492446882329999
                    ]
                },
                {
                    "type": "tuple",
                    "values": [
                        0.019389816990650014,
                        0.026172996847221866
                    ]
                },
                {
                    "type": "tuple",
                    "values": [
                        0.020401347559702243,
                        0.01774490579344073
                    ]
                },
                {
                    "type": "tuple",
                    "values": [
                        0.0069778575478610175,
                        0.00577987546894
                    ]
                },
                {
                    "type": "tuple",
                    "values": [
                        0.010048873529012448,
                        0.01031891994722755
                    ]
                },
                {
                    "type": "tuple",
                    "values": [
                        0.010150260568975408,
                        0.011057941228037578
                    ]
                },
                {
                    "type": "tuple",
                    "values": [
                        0.021038680207475364,
                        0.015058993807786344
                    ]
                }
            ]
        },
        "log_evidence": -247.45395078895808
    }
}