{
    "type": "instance",
    "class_path": "autofit.non_linear.samples.summary.SamplesSummary",
    "arguments": {
        "log_evidence": -30.842538667664932,
        "model": null,
        "errors_at_sigma_3": {
            "type": "list",
            "values": [
                {
                    "type": "tuple",
                    "values": [
                        0.008839978831830811,
                        0.00981726694058585
                    ]
                },
                {
                    "type": "tuple",
                    "values": [
                        0.010675130621830044,
                        0.009357593232132075
                    ]
                }
            ]
        },
        "max_log_likelihood_sample": {
            "type": "instance",
            "class_path": "autofit.non_linear.samples.sample.Sample",
            "arguments": {
                "log_likelihood": -21.19034466464685,
                "log_prior": 0.0,
                "weight": 0.0009816798321492662,
                "kwargs": {
                    "type": "dict",
                    "arguments": {
                        "ellipses.0.ell_comps.ell_comps_0": -0.09258510573344,
                        "ellipses.0.ell_comps.ell_comps_1": 0.04130020019947
                    }
                }
            }
        },
        "values_at_sigma_3": {
            "type": "list",
            "values": [
                {
                    "type": "tuple",
                    "values": [
                        -0.10170796450499,
                        -0.08305071873257334
                    ]
                },
                {
                    "type": "tuple",
                    "values": [
                        0.03047913518254,
                        0.05051185903650212
                    ]
                }
            ]
        },
        "median_pdf_sample": {
            "type": "instance",
            "class_path": "autofit.non_linear.samples.sample.Sample",
            "arguments": {
                "log_likelihood": -21.19034466464685,
                "log_prior": 0.0,
                "weight": 0.0009816798321492662,
                "kwargs": {
                    "type": "dict",
                    "arguments": {
                        "ellipses.0.ell_comps.ell_comps_0": -0.0928679856731592,
                        "ellipses.0.ell_comps.ell_comps_1": 0.041154265804370045
                    }
                }
            }
        },
        "errors_at_sigma_1": {
            "type": "list",
            "values": [
                {
                    "type": "tuple",
                    "values": [
                        0.0023768375359208005,
                        0.0035717980349092016
                    ]
                },
                {
                    "type": "tuple",
                    "values": [
                        0.0028081515397498577,
                        0.0027971225791040832
                    ]
                }
            ]
        },
        "values_at_sigma_1": {
            "type": "list",
            "values": [
                {
                    "type": "tuple",
                    "values": [
                        -0.09524482320908,
                        -0.08929618763825
                    ]
                },
                {
                    "type": "tuple",
                    "values": [
                        0.03834611426462019,
                        0.04395138838347413
                    ]
                }
            ]
        }
    }
}