{
    "type": "instance",
    "class_path": "autofit.non_linear.samples.summary.SamplesSummary",
    "arguments": {
        "errors_at_sigma_1": {
            "type": "list",
            "values": [
                {
                    "type": "tuple",
                    "values": [
                        0.002165567703097171,
                        0.001700038161093806
                    ]
                },
                {
                    "type": "tuple",
                    "values": [
                        0.0018759576071246398,
                        0.0019992145722564497
                    ]
                }
            ]
        },
        "errors_at_sigma_3": {
            "type": "list",
            "values": [
                {
                    "type": "tuple",
                    "values": [
                        0.006564430833996188,
                        0.004445652223846783
                    ]
                },
                {
                    "type": "tuple",
                    "values": [
                        0.00806193342311036,
                        0.005423699858212422
                    ]
                }
            ]
        },
        "max_log_likelihood_sample": {
            "type": "instance",
            "class_path": "autofit.non_linear.samples.sample.Sample",
            "arguments": {
                "log_likelihood": -91.71311292576664,
                "log_prior": 0.0,
                "weight": 0.0009872044359225196,
                "kwargs": {
                    "type": "dict",
                    "arguments": {
                        "ellipses.0.ell_comps.ell_comps_0": 0.09078937848466,
                        "ellipses.0.ell_comps.ell_comps_1": 0.11947407501913
                    }
                }
            }
        },
        "median_pdf_sample": {
            "type": "instance",
            "class_path": "autofit.non_linear.samples.sample.Sample",
            "arguments": {
                "log_likelihood": -91.71311292576664,
                "log_prior": 0.0,
                "weight": 0.0009872044359225196,
                "kwargs": {
                    "type": "dict",
                    "arguments": {
                        "ellipses.0.ell_comps.ell_comps_0": 0.0908790096470262,
                        "ellipses.0.ell_comps.ell_comps_1": 0.11821862692793
                    }
                }
            }
        },
        "values_at_sigma_1": {
            "type": "list",
            "values": [
                {
                    "type": "tuple",
                    "values": [
                        0.08871344194392902,
                        0.09257904780812
                    ]
                },
                {
                    "type": "tuple",
                    "values": [
                        0.11634266932080536,
                        0.12021784150018645
                    ]
                }
            ]
        },
        "values_at_sigma_3": {
            "type": "list",
            "values": [
                {
                    "type": "tuple",
                    "values": [
                        0.08431457881303,
                        0.09532466187087298
                    ]
                },
                {
                    "type": "tuple",
                    "values": [
                        0.11015669350481964,
                        0.12364232678614243
                    ]
                }
            ]
        },
        "log_evidence": -103.44366768115417,
        "model": null
    }
}