{
    "type": "instance",
    "class_path": "autofit.non_linear.samples.summary.SamplesSummary",
    "arguments": {
        "errors_at_sigma_1": {
            "type": "list",
            "values": [
                {
                    "type": "tuple",
                    "values": [
                        0.004108387542670705,
                        0.004229651508879995
                    ]
                },
                {
                    "type": "tuple",
                    "values": [
                        0.004364108361967867,
                        0.005186955722173318
                    ]
                }
            ]
        },
        "log_evidence": -36.499572255626035,
        "errors_at_sigma_3": {
            "type": "list",
            "values": [
                {
                    "type": "tuple",
                    "values": [
                        0.011249282287339846,
                        0.01254863764924588
                    ]
                },
                {
                    "type": "tuple",
                    "values": [
                        0.011700032281787866,
                        0.014479221157312133
                    ]
                }
            ]
        },
        "values_at_sigma_3": {
            "type": "list",
            "values": [
                {
                    "type": "tuple",
                    "values": [
                        -0.23463490402800985,
                        -0.21083698409142412
                    ]
                },
                {
                    "type": "tuple",
                    "values": [
                        0.01906927102231,
                        0.04524852446141
                    ]
                }
            ]
        },
        "values_at_sigma_1": {
            "type": "list",
            "values": [
                {
                    "type": "tuple",
                    "values": [
                        -0.2274940092833407,
                        -0.21915597023179
                    ]
                },
                {
                    "type": "tuple",
                    "values": [
                        0.02640519494213,
                        0.035956259026271184
                    ]
                }
            ]
        },
        "max_log_likelihood_sample": {
            "type": "instance",
            "class_path": "autofit.non_linear.samples.sample.Sample",
            "arguments": {
                "log_likelihood": -26.766963089378464,
                "log_prior": 0.0,
                "weight": 0.000983151525090743,
                "kwargs": {
                    "type": "dict",
                    "arguments": {
                        "ellipses.0.ell_comps.ell_comps_0": -0.22411353405733,
                        "ellipses.0.ell_comps.ell_comps_1": 0.03132968862823
                    }
                }
            }
        },
        "median_pdf_sample": {
            "type": "instance",
            "class_path": "autofit.non_linear.samples.sample.Sample",
            "arguments": {
                "log_likelihood": -26.766963089378464,
                "log_prior": 0.0,
                "weight": 0.000983151525090743,
                "kwargs": {
                    "type": "dict",
                    "arguments": {
                        "ellipses.0.ell_comps.ell_comps_0": -0.22338562174067,
                        "ellipses.0.ell_comps.ell_comps_1": 0.030769303304097866
                    }
                }
            }
        },
        "model": null
    }
}