{
    "type": "instance",
    "class_path": "autofit.non_linear.samples.summary.SamplesSummary",
    "arguments": {
        "errors_at_sigma_1": {
            "type": "list",
            "values": [
                {
                    "type": "tuple",
                    "values": [
                        0.0018415394141343966,
                        0.0010567095802922477
                    ]
                },
                {
                    "type": "tuple",
                    "values": [
                        0.002569497490153713,
                        0.002265859391323913
                    ]
                }
            ]
        },
        "model": null,
        "log_evidence": -83.13597739359004,
        "errors_at_sigma_3": {
            "type": "list",
            "values": [
                {
                    "type": "tuple",
                    "values": [
                        0.01731749095249102,
                        0.004091666827907292
                    ]
                },
                {
                    "type": "tuple",
                    "values": [
                        0.013536823123037472,
                        0.007872001321507976
                    ]
                }
            ]
        },
        "max_log_likelihood_sample": {
            "type": "instance",
            "class_path": "autofit.non_linear.samples.sample.Sample",
            "arguments": {
                "log_likelihood": -72.82397485029723,
                "log_prior": 0.0,
                "weight": 0.0009884633497621806,
                "kwargs": {
                    "type": "dict",
                    "arguments": {
                        "ellipses.0.ell_comps.ell_comps_0": -0.26903757604528,
                        "ellipses.0.ell_comps.ell_comps_1": -0.07949714316788
                    }
                }
            }
        },
        "values_at_sigma_1": {
            "type": "list",
            "values": [
                {
                    "type": "tuple",
                    "values": [
                        -0.27108101649244,
                        -0.26818276749801334
                    ]
                },
                {
                    "type": "tuple",
                    "values": [
                        -0.08149624957796762,
                        -0.07666089269649
                    ]
                }
            ]
        },
        "median_pdf_sample": {
            "type": "instance",
            "class_path": "autofit.non_linear.samples.sample.Sample",
            "arguments": {
                "log_likelihood": -72.82397485029723,
                "log_prior": 0.0,
                "weight": 0.0009884633497621806,
                "kwargs": {
                    "type": "dict",
                    "arguments": {
                        "ellipses.0.ell_comps.ell_comps_0": -0.2692394770783056,
                        "ellipses.0.ell_comps.ell_comps_1": -0.07892675208781391
                    }
                }
            }
        },
        "values_at_sigma_3": {
            "type": "list",
            "values": [
                {
                    "type": "tuple",
                    "values": [
                        -0.2865569680307966,
                        -0.2651478102503983
                    ]
                },
                {
                    "type": "tuple",
                    "values": [
                        -0.09246357521085138,
                        -0.07105475076630594
                    ]
                }
            ]
        }
    }
}