{
    "type": "instance",
    "class_path": "autofit.non_linear.samples.summary.SamplesSummary",
    "arguments": {
        "median_pdf_sample": {
            "type": "instance",
            "class_path": "autofit.non_linear.samples.sample.Sample",
            "arguments": {
                "log_likelihood": 116755.09109701173,
                "log_prior": 1.346788126117407,
                "weight": 0.00023120129941447701,
                "kwargs": {
                    "type": "dict",
                    "arguments": {
                        "galaxies.lens.mass.ell_comps.ell_comps_0": -0.0834866662530068,
                        "galaxies.lens.mass.ell_comps.ell_comps_1": -0.03384230048887032,
                        "galaxies.lens.multipole_4.einstein_radius": 1.7247903908580033,
                        "galaxies.lens.multipole_4.centre.centre_0": 0.0029293124786411713,
                        "galaxies.lens.multipole_4.centre.centre_1": 0.0004622391679618876,
                        "galaxies.lens.multipole_3.multipole_comps.multipole_comps_0": -0.0038824948920366253,
                        "galaxies.lens.multipole_3.multipole_comps.multipole_comps_1": -0.0013793530043448251,
                        "galaxies.lens.multipole_4.multipole_comps.multipole_comps_0": -0.002775767785734967,
                        "galaxies.lens.multipole_4.multipole_comps.multipole_comps_1": 0.00047880798716576475,
                        "galaxies.lens.multipole_4.slope": 2.1491487360187715,
                        "galaxies.lens.shear.gamma_1": -0.007041152295117304,
                        "galaxies.lens.shear.gamma_2": 0.08226105558434609
                    }
                }
            }
        },
        "values_at_sigma_3": {
            "type": "list",
            "values": [
                {
                    "type": "tuple",
                    "values": [
                        -0.09483344855989535,
                        -0.072228120252041
                    ]
                },
                {
                    "type": "tuple",
                    "values": [
                        -0.03775524462018976,
                        -0.029527895888373974
                    ]
                },
                {
                    "type": "tuple",
                    "values": [
                        1.7192896008261442,
                        1.7303840084708402
                    ]
                },
                {
                    "type": "tuple",
                    "values": [
                        -0.004565387963431909,
                        0.010936867174082451
                    ]
                },
                {
                    "type": "tuple",
                    "values": [
                        -0.006332784043353672,
                        0.007422087691526579
                    ]
                },
                {
                    "type": "tuple",
                    "values": [
                        -0.006049625727703112,
                        -0.0015029765294394593
                    ]
                },
                {
                    "type": "tuple",
                    "values": [
                        -0.003059894395740024,
                        0.0003439526906825853
                    ]
                },
                {
                    "type": "tuple",
                    "values": [
                        -0.0037437915768311555,
                        -0.0018242827276171924
                    ]
                },
                {
                    "type": "tuple",
                    "values": [
                        -0.0013392161813326941,
                        0.00190369025507659
                    ]
                },
                {
                    "type": "tuple",
                    "values": [
                        2.1016000009623106,
                        2.185937313698508
                    ]
                },
                {
                    "type": "tuple",
                    "values": [
                        -0.00992272885981555,
                        -0.004004084450581266
                    ]
                },
                {
                    "type": "tuple",
                    "values": [
                        0.07677792552606946,
                        0.08670240008275368
                    ]
                }
            ]
        },
        "log_evidence": 116680.41143943997,
        "max_log_likelihood_sample": {
            "type": "instance",
            "class_path": "autofit.non_linear.samples.sample.Sample",
            "arguments": {
                "log_likelihood": 116755.09109701173,
                "log_prior": 1.346788126117407,
                "weight": 0.00023120129941447701,
                "kwargs": {
                    "type": "dict",
                    "arguments": {
                        "galaxies.lens.mass.ell_comps.ell_comps_0": -0.08683094031660879,
                        "galaxies.lens.mass.ell_comps.ell_comps_1": -0.0339250571999221,
                        "galaxies.lens.multipole_4.einstein_radius": 1.7262777355504293,
                        "galaxies.lens.multipole_4.centre.centre_0": 0.004717235415547326,
                        "galaxies.lens.multipole_4.centre.centre_1": -0.0020168151406242812,
                        "galaxies.lens.multipole_3.multipole_comps.multipole_comps_0": -0.00429247295393,
                        "galaxies.lens.multipole_3.multipole_comps.multipole_comps_1": -0.00176181884003,
                        "galaxies.lens.multipole_4.multipole_comps.multipole_comps_0": -0.00288066446398,
                        "galaxies.lens.multipole_4.multipole_comps.multipole_comps_1": 0.00097484863496,
                        "galaxies.lens.multipole_4.slope": 2.15189559405179,
                        "galaxies.lens.shear.gamma_1": -0.00671082597102,
                        "galaxies.lens.shear.gamma_2": 0.08175137854835
                    }
                }
            }
        },
        "errors_at_sigma_1": {
            "type": "list",
            "values": [
                {
                    "type": "tuple",
                    "values": [
                        0.0035065031897559412,
                        0.003151122770043105
                    ]
                },
                {
                    "type": "tuple",
                    "values": [
                        0.0014097722809416485,
                        0.0014282377628972026
                    ]
                },
                {
                    "type": "tuple",
                    "values": [
                        0.0016659528530726941,
                        0.001810393596458404
                    ]
                },
                {
                    "type": "tuple",
                    "values": [
                        0.002651172360932021,
                        0.002700260580726688
                    ]
                },
                {
                    "type": "tuple",
                    "values": [
                        0.002295162457558525,
                        0.002422048397961688
                    ]
                },
                {
                    "type": "tuple",
                    "values": [
                        0.0007554971439625519,
                        0.0008241311696297921
                    ]
                },
                {
                    "type": "tuple",
                    "values": [
                        0.0006088758571529958,
                        0.0005975281990911462
                    ]
                },
                {
                    "type": "tuple",
                    "values": [
                        0.00032799332027682844,
                        0.0003512315625508449
                    ]
                },
                {
                    "type": "tuple",
                    "values": [
                        0.0005380064173548183,
                        0.0005129841510410077
                    ]
                },
                {
                    "type": "tuple",
                    "values": [
                        0.011782444046927854,
                        0.010573271211066437
                    ]
                },
                {
                    "type": "tuple",
                    "values": [
                        0.0011194825167219324,
                        0.0010915259692125283
                    ]
                },
                {
                    "type": "tuple",
                    "values": [
                        0.0015566211139357577,
                        0.0015246103633185237
                    ]
                }
            ]
        },
        "errors_at_sigma_3": {
            "type": "list",
            "values": [
                {
                    "type": "tuple",
                    "values": [
                        0.011346782306888556,
                        0.011258546000965791
                    ]
                },
                {
                    "type": "tuple",
                    "values": [
                        0.003912944131319443,
                        0.0043144046004963445
                    ]
                },
                {
                    "type": "tuple",
                    "values": [
                        0.005500790031859104,
                        0.005593617612836832
                    ]
                },
                {
                    "type": "tuple",
                    "values": [
                        0.0074947004420730795,
                        0.00800755469544128
                    ]
                },
                {
                    "type": "tuple",
                    "values": [
                        0.0067950232113155595,
                        0.006959848523564691
                    ]
                },
                {
                    "type": "tuple",
                    "values": [
                        0.0021671308356664863,
                        0.002379518362597166
                    ]
                },
                {
                    "type": "tuple",
                    "values": [
                        0.001680541391395199,
                        0.0017233056950274105
                    ]
                },
                {
                    "type": "tuple",
                    "values": [
                        0.0009680237910961887,
                        0.0009514850581177744
                    ]
                },
                {
                    "type": "tuple",
                    "values": [
                        0.0018180241684984588,
                        0.0014248822679108252
                    ]
                },
                {
                    "type": "tuple",
                    "values": [
                        0.047548735056460956,
                        0.036788577679736534
                    ]
                },
                {
                    "type": "tuple",
                    "values": [
                        0.0028815765646982468,
                        0.0030370678445360384
                    ]
                },
                {
                    "type": "tuple",
                    "values": [
                        0.005483130058276622,
                        0.004441344498407593
                    ]
                }
            ]
        },
        "model": null,
        "values_at_sigma_1": {
            "type": "list",
            "values": [
                {
                    "type": "tuple",
                    "values": [
                        -0.08699316944276274,
                        -0.08033554348296369
                    ]
                },
                {
                    "type": "tuple",
                    "values": [
                        -0.035252072769811967,
                        -0.032414062725973115
                    ]
                },
                {
                    "type": "tuple",
                    "values": [
                        1.7231244380049306,
                        1.7266007844544617
                    ]
                },
                {
                    "type": "tuple",
                    "values": [
                        0.00027814011770915017,
                        0.005629573059367859
                    ]
                },
                {
                    "type": "tuple",
                    "values": [
                        -0.001832923289596637,
                        0.0028842875659235755
                    ]
                },
                {
                    "type": "tuple",
                    "values": [
                        -0.004637992035999177,
                        -0.0030583637224068333
                    ]
                },
                {
                    "type": "tuple",
                    "values": [
                        -0.001988228861497821,
                        -0.0007818248052536789
                    ]
                },
                {
                    "type": "tuple",
                    "values": [
                        -0.0031037611060117953,
                        -0.002424536223184122
                    ]
                },
                {
                    "type": "tuple",
                    "values": [
                        -5.9198430189053554e-05,
                        0.0009917921382067724
                    ]
                },
                {
                    "type": "tuple",
                    "values": [
                        2.1373662919718437,
                        2.159722007229838
                    ]
                },
                {
                    "type": "tuple",
                    "values": [
                        -0.008160634811839236,
                        -0.005949626325904776
                    ]
                },
                {
                    "type": "tuple",
                    "values": [
                        0.08070443447041033,
                        0.08378566594766461
                    ]
                }
            ]
        }
    }
}