{
    "type": "instance",
    "class_path": "autofit.non_linear.samples.summary.SamplesSummary",
    "arguments": {
        "log_evidence": -32.366674761361516,
        "max_log_likelihood_sample": {
            "type": "instance",
            "class_path": "autofit.non_linear.samples.sample.Sample",
            "arguments": {
                "log_likelihood": -25.30599400183104,
                "log_prior": 0.0,
                "weight": 0.0009968007726530678,
                "kwargs": {
                    "type": "dict",
                    "arguments": {
                        "ellipses.0.ell_comps.ell_comps_0": -0.02566817584863,
                        "ellipses.0.ell_comps.ell_comps_1": -0.00397997550989
                    }
                }
            }
        },
        "model": null,
        "values_at_sigma_3": {
            "type": "list",
            "values": [
                {
                    "type": "tuple",
                    "values": [
                        -0.21736542965728917,
                        0.07235786800139679
                    ]
                },
                {
                    "type": "tuple",
                    "values": [
                        -0.06596381228476524,
                        0.4545329941685941
                    ]
                }
            ]
        },
        "median_pdf_sample": {
            "type": "instance",
            "class_path": "autofit.non_linear.samples.sample.Sample",
            "arguments": {
                "log_likelihood": -25.30599400183104,
                "log_prior": 0.0,
                "weight": 0.0009968007726530678,
                "kwargs": {
                    "type": "dict",
                    "arguments": {
                        "ellipses.0.ell_comps.ell_comps_0": -0.028231083425621684,
                        "ellipses.0.ell_comps.ell_comps_1": -0.00225640785191
                    }
                }
            }
        },
        "values_at_sigma_1": {
            "type": "list",
            "values": [
                {
                    "type": "tuple",
                    "values": [
                        -0.12427995193425206,
                        -0.008463163402074068
                    ]
                },
                {
                    "type": "tuple",
                    "values": [
                        -0.04127719052845929,
                        0.05442747499269
                    ]
                }
            ]
        },
        "errors_at_sigma_1": {
            "type": "list",
            "values": [
                {
                    "type": "tuple",
                    "values": [
                        0.09604886850863038,
                        0.019767920023547617
                    ]
                },
                {
                    "type": "tuple",
                    "values": [
                        0.039020782676549286,
                        0.056683882844600006
                    ]
                }
            ]
        },
        "errors_at_sigma_3": {
            "type": "list",
            "values": [
                {
                    "type": "tuple",
                    "values": [
                        0.18913434623166747,
                        0.10058895142701847
                    ]
                },
                {
                    "type": "tuple",
                    "values": [
                        0.06370740443285523,
                        0.4567894020205041
                    ]
                }
            ]
        }
    }
}