{
    "type": "instance",
    "class_path": "autofit.non_linear.samples.summary.SamplesSummary",
    "arguments": {
        "values_at_sigma_1": {
            "type": "list",
            "values": [
                {
                    "type": "tuple",
                    "values": [
                        0.00655055993365,
                        0.028482673311656884
                    ]
                },
                {
                    "type": "tuple",
                    "values": [
                        0.03746132440365696,
                        0.051451116059422895
                    ]
                },
                {
                    "type": "tuple",
                    "values": [
                        -0.014692951122355283,
                        0.01682597474351
                    ]
                },
                {
                    "type": "tuple",
                    "values": [
                        -0.01842141907026,
                        0.006734893305843888
                    ]
                },
                {
                    "type": "tuple",
                    "values": [
                        -0.03100945236936,
                        0.013930778735392045
                    ]
                },
                {
                    "type": "tuple",
                    "values": [
                        -0.035071361050057884,
                        0.004859436477930521
                    ]
                }
            ]
        },
        "model": null,
        "values_at_sigma_3": {
            "type": "list",
            "values": [
                {
                    "type": "tuple",
                    "values": [
                        -0.00490684851892,
                        0.04849653546111
                    ]
                },
                {
                    "type": "tuple",
                    "values": [
                        0.028732011902794705,
                        0.07586649564776
                    ]
                },
                {
                    "type": "tuple",
                    "values": [
                        -0.06138779021605,
                        0.03824446083382388
                    ]
                },
                {
                    "type": "tuple",
                    "values": [
                        -0.04126750438434548,
                        0.03885777623013
                    ]
                },
                {
                    "type": "tuple",
                    "values": [
                        -0.05624467299740399,
                        0.05113531263936
                    ]
                },
                {
                    "type": "tuple",
                    "values": [
                        -0.0876425513607,
                        0.027540087857624105
                    ]
                }
            ]
        },
        "max_log_likelihood_sample": {
            "type": "instance",
            "class_path": "autofit.non_linear.samples.sample.Sample",
            "arguments": {
                "log_likelihood": -29.03571536662107,
                "log_prior": 0.0,
                "weight": 0.0009946283648781496,
                "kwargs": {
                    "type": "dict",
                    "arguments": {
                        "ellipses.0.ell_comps.ell_comps_0": 0.00766694425998,
                        "ellipses.0.ell_comps.ell_comps_1": 0.03885565862811,
                        "multipoles.0.multipole_3.multipole_comps.multipole_comps_0": -0.00219098328772,
                        "multipoles.0.multipole_3.multipole_comps.multipole_comps_1": -0.02302925858013,
                        "multipoles.0.multipole_4.multipole_comps.multipole_comps_0": 0.00361031910597,
                        "multipoles.0.multipole_4.multipole_comps.multipole_comps_1": 0.00485461749253
                    }
                }
            }
        },
        "median_pdf_sample": {
            "type": "instance",
            "class_path": "autofit.non_linear.samples.sample.Sample",
            "arguments": {
                "log_likelihood": -29.03571536662107,
                "log_prior": 0.0,
                "weight": 0.0009946283648781496,
                "kwargs": {
                    "type": "dict",
                    "arguments": {
                        "ellipses.0.ell_comps.ell_comps_0": 0.01672199228657,
                        "ellipses.0.ell_comps.ell_comps_1": 0.04224536842581781,
                        "multipoles.0.multipole_3.multipole_comps.multipole_comps_0": 0.00221947836547,
                        "multipoles.0.multipole_3.multipole_comps.multipole_comps_1": -0.006423603820718414,
                        "multipoles.0.multipole_4.multipole_comps.multipole_comps_0": -0.01121904432882,
                        "multipoles.0.multipole_4.multipole_comps.multipole_comps_1": -0.012483692553207158
                    }
                }
            }
        },
        "errors_at_sigma_3": {
            "type": "list",
            "values": [
                {
                    "type": "tuple",
                    "values": [
                        0.021628840805489997,
                        0.031774543174539996
                    ]
                },
                {
                    "type": "tuple",
                    "values": [
                        0.013513356523023105,
                        0.033621127221942194
                    ]
                },
                {
                    "type": "tuple",
                    "values": [
                        0.06360726858152001,
                        0.03602498246835388
                    ]
                },
                {
                    "type": "tuple",
                    "values": [
                        0.034843900563627066,
                        0.04528138005084842
                    ]
                },
                {
                    "type": "tuple",
                    "values": [
                        0.04502562866858399,
                        0.062354356968179994
                    ]
                },
                {
                    "type": "tuple",
                    "values": [
                        0.07515885880749285,
                        0.04002378041083127
                    ]
                }
            ]
        },
        "log_evidence": -44.91988965078524,
        "errors_at_sigma_1": {
            "type": "list",
            "values": [
                {
                    "type": "tuple",
                    "values": [
                        0.010171432352919998,
                        0.011760681025086886
                    ]
                },
                {
                    "type": "tuple",
                    "values": [
                        0.004784044022160851,
                        0.009205747633605085
                    ]
                },
                {
                    "type": "tuple",
                    "values": [
                        0.016912429487825283,
                        0.01460649637804
                    ]
                },
                {
                    "type": "tuple",
                    "values": [
                        0.011997815249541587,
                        0.013158497126562302
                    ]
                },
                {
                    "type": "tuple",
                    "values": [
                        0.01979040804054,
                        0.025149823064212047
                    ]
                },
                {
                    "type": "tuple",
                    "values": [
                        0.022587668496850725,
                        0.017343129031137678
                    ]
                }
            ]
        }
    }
}