{
    "type": "instance",
    "class_path": "autofit.non_linear.samples.summary.SamplesSummary",
    "arguments": {
        "errors_at_sigma_1": {
            "type": "list",
            "values": [
                {
                    "type": "tuple",
                    "values": [
                        0.00446809855159816,
                        0.0034246275555121775
                    ]
                },
                {
                    "type": "tuple",
                    "values": [
                        0.005290762493568184,
                        0.005105796068860847
                    ]
                }
            ]
        },
        "log_evidence": -33.31582252447652,
        "errors_at_sigma_3": {
            "type": "list",
            "values": [
                {
                    "type": "tuple",
                    "values": [
                        0.016688633243007928,
                        0.010182171373300963
                    ]
                },
                {
                    "type": "tuple",
                    "values": [
                        0.01547364251442903,
                        0.013820956180533663
                    ]
                }
            ]
        },
        "values_at_sigma_3": {
            "type": "list",
            "values": [
                {
                    "type": "tuple",
                    "values": [
                        -0.22515427479200253,
                        -0.19828347017569364
                    ]
                },
                {
                    "type": "tuple",
                    "values": [
                        0.014313768985807305,
                        0.04360836768077
                    ]
                }
            ]
        },
        "values_at_sigma_1": {
            "type": "list",
            "values": [
                {
                    "type": "tuple",
                    "values": [
                        -0.21293374010059277,
                        -0.20504101399348243
                    ]
                },
                {
                    "type": "tuple",
                    "values": [
                        0.02449664900666815,
                        0.03489320756909718
                    ]
                }
            ]
        },
        "max_log_likelihood_sample": {
            "type": "instance",
            "class_path": "autofit.non_linear.samples.sample.Sample",
            "arguments": {
                "log_likelihood": -24.22101027006908,
                "log_prior": 0.0,
                "weight": 0.000983607392560694,
                "kwargs": {
                    "type": "dict",
                    "arguments": {
                        "ellipses.0.ell_comps.ell_comps_0": -0.2093979706358,
                        "ellipses.0.ell_comps.ell_comps_1": 0.02880068330549
                    }
                }
            }
        },
        "median_pdf_sample": {
            "type": "instance",
            "class_path": "autofit.non_linear.samples.sample.Sample",
            "arguments": {
                "log_likelihood": -24.22101027006908,
                "log_prior": 0.0,
                "weight": 0.000983607392560694,
                "kwargs": {
                    "type": "dict",
                    "arguments": {
                        "ellipses.0.ell_comps.ell_comps_0": -0.2084656415489946,
                        "ellipses.0.ell_comps.ell_comps_1": 0.029787411500236335
                    }
                }
            }
        },
        "model": null
    }
}