{
    "type": "instance",
    "class_path": "autofit.non_linear.samples.summary.SamplesSummary",
    "arguments": {
        "log_evidence": -61.00304212371124,
        "values_at_sigma_3": {
            "type": "list",
            "values": [
                {
                    "type": "tuple",
                    "values": [
                        0.08569319649306,
                        0.12209036283853
                    ]
                },
                {
                    "type": "tuple",
                    "values": [
                        0.04240576627722963,
                        0.1022422717374962
                    ]
                }
            ]
        },
        "median_pdf_sample": {
            "type": "instance",
            "class_path": "autofit.non_linear.samples.sample.Sample",
            "arguments": {
                "log_likelihood": -50.00584604483174,
                "log_prior": 0.0,
                "weight": 0.0009827870870930241,
                "kwargs": {
                    "type": "dict",
                    "arguments": {
                        "ellipses.0.ell_comps.ell_comps_0": 0.10869584184293,
                        "ellipses.0.ell_comps.ell_comps_1": 0.0544067450848
                    }
                }
            }
        },
        "errors_at_sigma_1": {
            "type": "list",
            "values": [
                {
                    "type": "tuple",
                    "values": [
                        0.0018189510517100105,
                        0.002393200856908695
                    ]
                },
                {
                    "type": "tuple",
                    "values": [
                        0.0032200093617373166,
                        0.003079128191310003
                    ]
                }
            ]
        },
        "values_at_sigma_1": {
            "type": "list",
            "values": [
                {
                    "type": "tuple",
                    "values": [
                        0.10687689079122,
                        0.1110890426998387
                    ]
                },
                {
                    "type": "tuple",
                    "values": [
                        0.05118673572306268,
                        0.05748587327611
                    ]
                }
            ]
        },
        "errors_at_sigma_3": {
            "type": "list",
            "values": [
                {
                    "type": "tuple",
                    "values": [
                        0.02300264534987001,
                        0.013394520995599998
                    ]
                },
                {
                    "type": "tuple",
                    "values": [
                        0.012000978807570367,
                        0.0478355266526962
                    ]
                }
            ]
        },
        "max_log_likelihood_sample": {
            "type": "instance",
            "class_path": "autofit.non_linear.samples.sample.Sample",
            "arguments": {
                "log_likelihood": -50.00584604483174,
                "log_prior": 0.0,
                "weight": 0.0009827870870930241,
                "kwargs": {
                    "type": "dict",
                    "arguments": {
                        "ellipses.0.ell_comps.ell_comps_0": 0.10792412114712,
                        "ellipses.0.ell_comps.ell_comps_1": 0.05586272610413
                    }
                }
            }
        },
        "model": null
    }
}