{
    "type": "instance",
    "class_path": "autofit.non_linear.samples.summary.SamplesSummary",
    "arguments": {
        "values_at_sigma_1": {
            "type": "list",
            "values": [
                {
                    "type": "tuple",
                    "values": [
                        -0.015201515193923373,
                        0.003646355692134374
                    ]
                },
                {
                    "type": "tuple",
                    "values": [
                        -0.16365501562342968,
                        -0.14929145761015938
                    ]
                },
                {
                    "type": "tuple",
                    "values": [
                        -0.0063072746865,
                        0.0742123293979407
                    ]
                },
                {
                    "type": "tuple",
                    "values": [
                        -0.16662356886606772,
                        0.04851319880866
                    ]
                },
                {
                    "type": "tuple",
                    "values": [
                        -0.07201413808276,
                        0.05090163210424
                    ]
                },
                {
                    "type": "tuple",
                    "values": [
                        0.02608862750319,
                        0.08982812947126
                    ]
                },
                {
                    "type": "tuple",
                    "values": [
                        0.01407410040783,
                        0.07953757568774472
                    ]
                },
                {
                    "type": "tuple",
                    "values": [
                        -0.009801334797128164,
                        0.07121048200747
                    ]
                }
            ]
        },
        "model": null,
        "values_at_sigma_3": {
            "type": "list",
            "values": [
                {
                    "type": "tuple",
                    "values": [
                        -0.024437438498122806,
                        0.027689058657954832
                    ]
                },
                {
                    "type": "tuple",
                    "values": [
                        -0.17249310821485,
                        -0.13063024900066
                    ]
                },
                {
                    "type": "tuple",
                    "values": [
                        -0.13693239524891,
                        0.16251322050441
                    ]
                },
                {
                    "type": "tuple",
                    "values": [
                        -0.1996259644929195,
                        0.19990988750291
                    ]
                },
                {
                    "type": "tuple",
                    "values": [
                        -0.09956035104270043,
                        0.09984769196423
                    ]
                },
                {
                    "type": "tuple",
                    "values": [
                        -0.08006002963303598,
                        0.09973937222864
                    ]
                },
                {
                    "type": "tuple",
                    "values": [
                        -0.04837461915138,
                        0.09954598734894
                    ]
                },
                {
                    "type": "tuple",
                    "values": [
                        -0.07655713274115,
                        0.09899874477380771
                    ]
                }
            ]
        },
        "max_log_likelihood_sample": {
            "type": "instance",
            "class_path": "autofit.non_linear.samples.sample.Sample",
            "arguments": {
                "log_likelihood": -39.88594814983739,
                "log_prior": 0.0,
                "weight": 0.0009496806057641065,
                "kwargs": {
                    "type": "dict",
                    "arguments": {
                        "ellipses.0.ell_comps.ell_comps_0": -0.0069790770744,
                        "ellipses.0.ell_comps.ell_comps_1": -0.15736279960254,
                        "multipoles.0.multipole_1.multipole_comps.multipole_comps_0": 0.0487776880243,
                        "multipoles.0.multipole_1.multipole_comps.multipole_comps_1": -0.0027276089345,
                        "multipoles.0.multipole_3.multipole_comps.multipole_comps_0": -0.04799696088561,
                        "multipoles.0.multipole_3.multipole_comps.multipole_comps_1": 0.09154337054424,
                        "multipoles.0.multipole_4.multipole_comps.multipole_comps_0": 0.00830022765614,
                        "multipoles.0.multipole_4.multipole_comps.multipole_comps_1": 0.0628501231269
                    }
                }
            }
        },
        "errors_at_sigma_1": {
            "type": "list",
            "values": [
                {
                    "type": "tuple",
                    "values": [
                        0.004837846415568146,
                        0.014010024470489602
                    ]
                },
                {
                    "type": "tuple",
                    "values": [
                        0.005635916867599261,
                        0.008727641145671039
                    ]
                },
                {
                    "type": "tuple",
                    "values": [
                        0.045265603499539994,
                        0.035254000584900705
                    ]
                },
                {
                    "type": "tuple",
                    "values": [
                        0.1502602564291377,
                        0.06487651124559
                    ]
                },
                {
                    "type": "tuple",
                    "values": [
                        0.04838969927560491,
                        0.0745260709113951
                    ]
                },
                {
                    "type": "tuple",
                    "values": [
                        0.0424880890382261,
                        0.021251412929843894
                    ]
                },
                {
                    "type": "tuple",
                    "values": [
                        0.027058704060650002,
                        0.03840477121926472
                    ]
                },
                {
                    "type": "tuple",
                    "values": [
                        0.058062675323170325,
                        0.02294914148142784
                    ]
                }
            ]
        },
        "errors_at_sigma_3": {
            "type": "list",
            "values": [
                {
                    "type": "tuple",
                    "values": [
                        0.014073769719767579,
                        0.03805272743631006
                    ]
                },
                {
                    "type": "tuple",
                    "values": [
                        0.014474009459019582,
                        0.02738884975517042
                    ]
                },
                {
                    "type": "tuple",
                    "values": [
                        0.17589072406195,
                        0.12355489169137
                    ]
                },
                {
                    "type": "tuple",
                    "values": [
                        0.1832626520559895,
                        0.21627319993984
                    ]
                },
                {
                    "type": "tuple",
                    "values": [
                        0.07593591223554534,
                        0.1234721307713851
                    ]
                },
                {
                    "type": "tuple",
                    "values": [
                        0.14863674617445208,
                        0.0311626556872239
                    ]
                },
                {
                    "type": "tuple",
                    "values": [
                        0.08950742361986,
                        0.058413182880460005
                    ]
                },
                {
                    "type": "tuple",
                    "values": [
                        0.12481847326719217,
                        0.05073740424776555
                    ]
                }
            ]
        },
        "log_evidence": -62.41176806174084,
        "median_pdf_sample": {
            "type": "instance",
            "class_path": "autofit.non_linear.samples.sample.Sample",
            "arguments": {
                "log_likelihood": -39.88594814983739,
                "log_prior": 0.0,
                "weight": 0.0009496806057641065,
                "kwargs": {
                    "type": "dict",
                    "arguments": {
                        "ellipses.0.ell_comps.ell_comps_0": -0.010363668778355227,
                        "ellipses.0.ell_comps.ell_comps_1": -0.15801909875583042,
                        "multipoles.0.multipole_1.multipole_comps.multipole_comps_0": 0.03895832881304,
                        "multipoles.0.multipole_1.multipole_comps.multipole_comps_1": -0.01636331243693,
                        "multipoles.0.multipole_3.multipole_comps.multipole_comps_0": -0.023624438807155094,
                        "multipoles.0.multipole_3.multipole_comps.multipole_comps_1": 0.0685767165414161,
                        "multipoles.0.multipole_4.multipole_comps.multipole_comps_0": 0.04113280446848,
                        "multipoles.0.multipole_4.multipole_comps.multipole_comps_1": 0.04826134052604216
                    }
                }
            }
        }
    }
}