{
    "type": "instance",
    "class_path": "autofit.non_linear.samples.summary.SamplesSummary",
    "arguments": {
        "median_pdf_sample": {
            "type": "instance",
            "class_path": "autofit.non_linear.samples.sample.Sample",
            "arguments": {
                "log_likelihood": -43.442667582337094,
                "log_prior": 0.0,
                "weight": 0.0009831455948402486,
                "kwargs": {
                    "type": "dict",
                    "arguments": {
                        "ellipses.0.ell_comps.ell_comps_0": 0.12962892862173991,
                        "ellipses.0.ell_comps.ell_comps_1": -0.02324409385748642
                    }
                }
            }
        },
        "model": null,
        "log_evidence": -54.04177699743057,
        "errors_at_sigma_3": {
            "type": "list",
            "values": [
                {
                    "type": "tuple",
                    "values": [
                        0.004137884198729902,
                        0.008229696697350075
                    ]
                },
                {
                    "type": "tuple",
                    "values": [
                        0.007019493372294537,
                        0.008784750168636977
                    ]
                }
            ]
        },
        "values_at_sigma_1": {
            "type": "list",
            "values": [
                {
                    "type": "tuple",
                    "values": [
                        0.12819382634732,
                        0.13137932699734
                    ]
                },
                {
                    "type": "tuple",
                    "values": [
                        -0.025191585534616638,
                        -0.020191370624280666
                    ]
                }
            ]
        },
        "max_log_likelihood_sample": {
            "type": "instance",
            "class_path": "autofit.non_linear.samples.sample.Sample",
            "arguments": {
                "log_likelihood": -43.442667582337094,
                "log_prior": 0.0,
                "weight": 0.0009831455948402486,
                "kwargs": {
                    "type": "dict",
                    "arguments": {
                        "ellipses.0.ell_comps.ell_comps_0": 0.12941883201684,
                        "ellipses.0.ell_comps.ell_comps_1": -0.02341558033588
                    }
                }
            }
        },
        "errors_at_sigma_1": {
            "type": "list",
            "values": [
                {
                    "type": "tuple",
                    "values": [
                        0.0014351022744199249,
                        0.001750398375600093
                    ]
                },
                {
                    "type": "tuple",
                    "values": [
                        0.001947491677130219,
                        0.0030527232332057536
                    ]
                }
            ]
        },
        "values_at_sigma_3": {
            "type": "list",
            "values": [
                {
                    "type": "tuple",
                    "values": [
                        0.12549104442301,
                        0.13785862531909
                    ]
                },
                {
                    "type": "tuple",
                    "values": [
                        -0.030263587229780956,
                        -0.014459343688849442
                    ]
                }
            ]
        }
    }
}