{
    "type": "instance",
    "class_path": "autofit.non_linear.samples.summary.SamplesSummary",
    "arguments": {
        "errors_at_sigma_1": {
            "type": "list",
            "values": [
                {
                    "type": "tuple",
                    "values": [
                        0.012996881515840636,
                        0.0015809459401200099
                    ]
                },
                {
                    "type": "tuple",
                    "values": [
                        0.0011118016619197924,
                        0.006009252545184529
                    ]
                }
            ]
        },
        "errors_at_sigma_3": {
            "type": "list",
            "values": [
                {
                    "type": "tuple",
                    "values": [
                        0.019722230221839998,
                        0.004890024433904433
                    ]
                },
                {
                    "type": "tuple",
                    "values": [
                        0.005999356471382819,
                        0.014806023594125917
                    ]
                }
            ]
        },
        "max_log_likelihood_sample": {
            "type": "instance",
            "class_path": "autofit.non_linear.samples.sample.Sample",
            "arguments": {
                "log_likelihood": -93.53749986234813,
                "log_prior": 0.0,
                "weight": 0.0009777538157973765,
                "kwargs": {
                    "type": "dict",
                    "arguments": {
                        "ellipses.0.ell_comps.ell_comps_0": 0.11457101081295,
                        "ellipses.0.ell_comps.ell_comps_1": 0.12802830234657
                    }
                }
            }
        },
        "median_pdf_sample": {
            "type": "instance",
            "class_path": "autofit.non_linear.samples.sample.Sample",
            "arguments": {
                "log_likelihood": -93.53749986234813,
                "log_prior": 0.0,
                "weight": 0.0009777538157973765,
                "kwargs": {
                    "type": "dict",
                    "arguments": {
                        "ellipses.0.ell_comps.ell_comps_0": 0.11379654983415,
                        "ellipses.0.ell_comps.ell_comps_1": 0.1280214069155698
                    }
                }
            }
        },
        "values_at_sigma_1": {
            "type": "list",
            "values": [
                {
                    "type": "tuple",
                    "values": [
                        0.10079966831830936,
                        0.11537749577427
                    ]
                },
                {
                    "type": "tuple",
                    "values": [
                        0.12690960525365,
                        0.13403065946075432
                    ]
                }
            ]
        },
        "values_at_sigma_3": {
            "type": "list",
            "values": [
                {
                    "type": "tuple",
                    "values": [
                        0.09407431961231,
                        0.11868657426805443
                    ]
                },
                {
                    "type": "tuple",
                    "values": [
                        0.12202205044418697,
                        0.1428274305096957
                    ]
                }
            ]
        },
        "log_evidence": -104.96185895224465,
        "model": null
    }
}