{
    "type": "instance",
    "class_path": "autofit.non_linear.samples.summary.SamplesSummary",
    "arguments": {
        "median_pdf_sample": {
            "type": "instance",
            "class_path": "autofit.non_linear.samples.sample.Sample",
            "arguments": {
                "log_likelihood": -14.85313309479382,
                "log_prior": 0.0,
                "weight": 0.0009406952004882391,
                "kwargs": {
                    "type": "dict",
                    "arguments": {
                        "ellipses.0.ell_comps.ell_comps_0": 0.07423501759574366,
                        "ellipses.0.ell_comps.ell_comps_1": 0.042327327284415656,
                        "multipoles.0.multipole_1.multipole_comps.multipole_comps_0": 0.0043967426833641686,
                        "multipoles.0.multipole_1.multipole_comps.multipole_comps_1": 0.00670836135189583,
                        "multipoles.0.multipole_3.multipole_comps.multipole_comps_0": -0.0012260267273098144,
                        "multipoles.0.multipole_3.multipole_comps.multipole_comps_1": 0.011818338734570508,
                        "multipoles.0.multipole_4.multipole_comps.multipole_comps_0": 0.0012637879151,
                        "multipoles.0.multipole_4.multipole_comps.multipole_comps_1": -0.01760561854227
                    }
                }
            }
        },
        "max_log_likelihood_sample": {
            "type": "instance",
            "class_path": "autofit.non_linear.samples.sample.Sample",
            "arguments": {
                "log_likelihood": -14.85313309479382,
                "log_prior": 0.0,
                "weight": 0.0009406952004882391,
                "kwargs": {
                    "type": "dict",
                    "arguments": {
                        "ellipses.0.ell_comps.ell_comps_0": 0.0782094072904,
                        "ellipses.0.ell_comps.ell_comps_1": 0.04457092341232,
                        "multipoles.0.multipole_1.multipole_comps.multipole_comps_0": 0.00167636299917,
                        "multipoles.0.multipole_1.multipole_comps.multipole_comps_1": 0.00183032335958,
                        "multipoles.0.multipole_3.multipole_comps.multipole_comps_0": -0.0022785528055,
                        "multipoles.0.multipole_3.multipole_comps.multipole_comps_1": 0.00731734171407,
                        "multipoles.0.multipole_4.multipole_comps.multipole_comps_0": 0.00650763426807,
                        "multipoles.0.multipole_4.multipole_comps.multipole_comps_1": -0.03018932747851
                    }
                }
            }
        },
        "errors_at_sigma_1": {
            "type": "list",
            "values": [
                {
                    "type": "tuple",
                    "values": [
                        0.005175107436322907,
                        0.005623950993276339
                    ]
                },
                {
                    "type": "tuple",
                    "values": [
                        0.005402698519442049,
                        0.005692851497344345
                    ]
                },
                {
                    "type": "tuple",
                    "values": [
                        0.00939162660796222,
                        0.010555764778009794
                    ]
                },
                {
                    "type": "tuple",
                    "values": [
                        0.009455463069280273,
                        0.008566074326771402
                    ]
                },
                {
                    "type": "tuple",
                    "values": [
                        0.00926117267080169,
                        0.009888703871799815
                    ]
                },
                {
                    "type": "tuple",
                    "values": [
                        0.011327090397754487,
                        0.010024489302846858
                    ]
                },
                {
                    "type": "tuple",
                    "values": [
                        0.013507204079283052,
                        0.01039409695199936
                    ]
                },
                {
                    "type": "tuple",
                    "values": [
                        0.011368568837746135,
                        0.010991302095461977
                    ]
                }
            ]
        },
        "values_at_sigma_1": {
            "type": "list",
            "values": [
                {
                    "type": "tuple",
                    "values": [
                        0.06905991015942076,
                        0.07985896858902
                    ]
                },
                {
                    "type": "tuple",
                    "values": [
                        0.036924628764973606,
                        0.04802017878176
                    ]
                },
                {
                    "type": "tuple",
                    "values": [
                        -0.004994883924598052,
                        0.014952507461373962
                    ]
                },
                {
                    "type": "tuple",
                    "values": [
                        -0.002747101717384444,
                        0.015274435678667231
                    ]
                },
                {
                    "type": "tuple",
                    "values": [
                        -0.010487199398111505,
                        0.00866267714449
                    ]
                },
                {
                    "type": "tuple",
                    "values": [
                        0.0004912483368160208,
                        0.021842828037417366
                    ]
                },
                {
                    "type": "tuple",
                    "values": [
                        -0.012243416164183053,
                        0.01165788486709936
                    ]
                },
                {
                    "type": "tuple",
                    "values": [
                        -0.028974187380016135,
                        -0.006614316446808024
                    ]
                }
            ]
        },
        "errors_at_sigma_3": {
            "type": "list",
            "values": [
                {
                    "type": "tuple",
                    "values": [
                        0.020146880839653422,
                        0.017304539559926335
                    ]
                },
                {
                    "type": "tuple",
                    "values": [
                        0.017356563156475657,
                        0.01782407218524512
                    ]
                },
                {
                    "type": "tuple",
                    "values": [
                        0.029103808506372595,
                        0.029526181209513943
                    ]
                },
                {
                    "type": "tuple",
                    "values": [
                        0.0333679835925831,
                        0.028675211856211934
                    ]
                },
                {
                    "type": "tuple",
                    "values": [
                        0.028110669972340876,
                        0.028329674378775718
                    ]
                },
                {
                    "type": "tuple",
                    "values": [
                        0.030909392249932652,
                        0.03209892172875825
                    ]
                },
                {
                    "type": "tuple",
                    "values": [
                        0.037487092117103285,
                        0.030128065248650995
                    ]
                },
                {
                    "type": "tuple",
                    "values": [
                        0.029580953656840003,
                        0.037963565495101964
                    ]
                }
            ]
        },
        "values_at_sigma_3": {
            "type": "list",
            "values": [
                {
                    "type": "tuple",
                    "values": [
                        0.05408813675609024,
                        0.09153955715567
                    ]
                },
                {
                    "type": "tuple",
                    "values": [
                        0.02497076412794,
                        0.06015139946966078
                    ]
                },
                {
                    "type": "tuple",
                    "values": [
                        -0.024707065823008426,
                        0.03392292389287811
                    ]
                },
                {
                    "type": "tuple",
                    "values": [
                        -0.02665962224068727,
                        0.03538357320810776
                    ]
                },
                {
                    "type": "tuple",
                    "values": [
                        -0.02933669669965069,
                        0.027103647651465904
                    ]
                },
                {
                    "type": "tuple",
                    "values": [
                        -0.019091053515362142,
                        0.04391726046332876
                    ]
                },
                {
                    "type": "tuple",
                    "values": [
                        -0.03622330420200329,
                        0.031391853163750996
                    ]
                },
                {
                    "type": "tuple",
                    "values": [
                        -0.04718657219911,
                        0.020357946952831964
                    ]
                }
            ]
        },
        "model": null,
        "log_evidence": -38.63513115872439
    }
}