{
    "type": "instance",
    "class_path": "autofit.non_linear.samples.summary.SamplesSummary",
    "arguments": {
        "errors_at_sigma_1": {
            "type": "list",
            "values": [
                {
                    "type": "tuple",
                    "values": [
                        0.0009155227590212612,
                        0.0008348422115587388
                    ]
                },
                {
                    "type": "tuple",
                    "values": [
                        0.0008562289401410028,
                        0.0009420835439836963
                    ]
                },
                {
                    "type": "tuple",
                    "values": [
                        0.003637193229003577,
                        0.003348248876644533
                    ]
                },
                {
                    "type": "tuple",
                    "values": [
                        0.0039302561870378115,
                        0.003649632484760001
                    ]
                },
                {
                    "type": "tuple",
                    "values": [
                        0.003399030871202191,
                        0.003610241891520538
                    ]
                },
                {
                    "type": "tuple",
                    "values": [
                        0.0033726766288559827,
                        0.003922566798495716
                    ]
                },
                {
                    "type": "tuple",
                    "values": [
                        0.009673973550168274,
                        0.004417804583768142
                    ]
                },
                {
                    "type": "tuple",
                    "values": [
                        0.008093182529712268,
                        0.004394251256180731
                    ]
                },
                {
                    "type": "tuple",
                    "values": [
                        0.004257644136930638,
                        0.0033386393214892562
                    ]
                },
                {
                    "type": "tuple",
                    "values": [
                        0.0035663450974108444,
                        0.005243082493202414
                    ]
                },
                {
                    "type": "tuple",
                    "values": [
                        0.0017721264358072086,
                        0.0017345841297268794
                    ]
                },
                {
                    "type": "tuple",
                    "values": [
                        0.002163076941949643,
                        0.0025035017383014044
                    ]
                }
            ]
        },
        "log_evidence": -210.36882373399285,
        "errors_at_sigma_3": {
            "type": "list",
            "values": [
                {
                    "type": "tuple",
                    "values": [
                        0.0023377989304893395,
                        0.0022807454822522605
                    ]
                },
                {
                    "type": "tuple",
                    "values": [
                        0.002857716718751003,
                        0.0026877525445576506
                    ]
                },
                {
                    "type": "tuple",
                    "values": [
                        0.010959665929845097,
                        0.009566400715098886
                    ]
                },
                {
                    "type": "tuple",
                    "values": [
                        0.011972636845985993,
                        0.012130371485570002
                    ]
                },
                {
                    "type": "tuple",
                    "values": [
                        0.010587734635929463,
                        0.011347737112590545
                    ]
                },
                {
                    "type": "tuple",
                    "values": [
                        0.011137087681091867,
                        0.013638639770775722
                    ]
                },
                {
                    "type": "tuple",
                    "values": [
                        0.021468619051767196,
                        0.015368898176646273
                    ]
                },
                {
                    "type": "tuple",
                    "values": [
                        0.02049612430369729,
                        0.010392522978403165
                    ]
                },
                {
                    "type": "tuple",
                    "values": [
                        0.012385542862810739,
                        0.00826553220315926
                    ]
                },
                {
                    "type": "tuple",
                    "values": [
                        0.00911298132254236,
                        0.011759957854935155
                    ]
                },
                {
                    "type": "tuple",
                    "values": [
                        0.01435230260661996,
                        0.03624313377865593
                    ]
                },
                {
                    "type": "tuple",
                    "values": [
                        0.0173156706407486,
                        0.009636529698161405
                    ]
                }
            ]
        },
        "values_at_sigma_3": {
            "type": "list",
            "values": [
                {
                    "type": "tuple",
                    "values": [
                        -0.0032764415176180783,
                        0.0013421028951235217
                    ]
                },
                {
                    "type": "tuple",
                    "values": [
                        -0.00189595161341,
                        0.0036495176498986532
                    ]
                },
                {
                    "type": "tuple",
                    "values": [
                        -0.14372080420560399,
                        -0.12319473756066
                    ]
                },
                {
                    "type": "tuple",
                    "values": [
                        -0.0003600651028459929,
                        0.02374294322871
                    ]
                },
                {
                    "type": "tuple",
                    "values": [
                        -0.23930122149353,
                        -0.21736574974501
                    ]
                },
                {
                    "type": "tuple",
                    "values": [
                        0.021526989601302414,
                        0.04630271705317
                    ]
                },
                {
                    "type": "tuple",
                    "values": [
                        -0.2321251351278,
                        -0.19528761789938653
                    ]
                },
                {
                    "type": "tuple",
                    "values": [
                        0.007098755904693926,
                        0.03798740318679438
                    ]
                },
                {
                    "type": "tuple",
                    "values": [
                        -0.23411863069301,
                        -0.21346755562704
                    ]
                },
                {
                    "type": "tuple",
                    "values": [
                        -0.006403889268812522,
                        0.014469049908664993
                    ]
                },
                {
                    "type": "tuple",
                    "values": [
                        -0.29918170338044,
                        -0.2485862669951641
                    ]
                },
                {
                    "type": "tuple",
                    "values": [
                        -0.03153421585108,
                        -0.00458201551217
                    ]
                }
            ]
        },
        "values_at_sigma_1": {
            "type": "list",
            "values": [
                {
                    "type": "tuple",
                    "values": [
                        -0.00185416534615,
                        -0.00010380037557
                    ]
                },
                {
                    "type": "tuple",
                    "values": [
                        0.0001055361652,
                        0.0019038486493246991
                    ]
                },
                {
                    "type": "tuple",
                    "values": [
                        -0.13639833150476247,
                        -0.12941288939911436
                    ]
                },
                {
                    "type": "tuple",
                    "values": [
                        0.007682315556102188,
                        0.0152622042279
                    ]
                },
                {
                    "type": "tuple",
                    "values": [
                        -0.23211251772880273,
                        -0.22510324496608
                    ]
                },
                {
                    "type": "tuple",
                    "values": [
                        0.0292914006535383,
                        0.03658664408089
                    ]
                },
                {
                    "type": "tuple",
                    "values": [
                        -0.22033048962620108,
                        -0.20623871149226466
                    ]
                },
                {
                    "type": "tuple",
                    "values": [
                        0.019501697678678948,
                        0.03198913146457195
                    ]
                },
                {
                    "type": "tuple",
                    "values": [
                        -0.2259907319671299,
                        -0.21839444850871
                    ]
                },
                {
                    "type": "tuple",
                    "values": [
                        -0.0008572530436810057,
                        0.007952174546932252
                    ]
                },
                {
                    "type": "tuple",
                    "values": [
                        -0.2866015272096272,
                        -0.28309481664409314
                    ]
                },
                {
                    "type": "tuple",
                    "values": [
                        -0.016381622152281047,
                        -0.01171504347203
                    ]
                }
            ]
        },
        "max_log_likelihood_sample": {
            "type": "instance",
            "class_path": "autofit.non_linear.samples.sample.Sample",
            "arguments": {
                "log_likelihood": -157.37428626116716,
                "log_prior": 0.0,
                "weight": 0.0009456985621420477,
                "kwargs": {
                    "type": "dict",
                    "arguments": {
                        "ellipses.ellipse_4.centre.centre_0": -0.00044887936162,
                        "ellipses.ellipse_4.centre.centre_1": 0.00074684491034,
                        "ellipses.ellipse_0.ell_comps.ell_comps_0": -0.13167152137633,
                        "ellipses.ellipse_0.ell_comps.ell_comps_1": 0.00910304010045,
                        "ellipses.ellipse_1.ell_comps.ell_comps_0": -0.22691129545944,
                        "ellipses.ellipse_1.ell_comps.ell_comps_1": 0.03357886652577,
                        "ellipses.ellipse_2.ell_comps.ell_comps_0": -0.20683765119668,
                        "ellipses.ellipse_2.ell_comps.ell_comps_1": 0.03013955543465,
                        "ellipses.ellipse_3.ell_comps.ell_comps_0": -0.22624381580411,
                        "ellipses.ellipse_3.ell_comps.ell_comps_1": 0.00509984921204,
                        "ellipses.ellipse_4.ell_comps.ell_comps_0": -0.28453773050224,
                        "ellipses.ellipse_4.ell_comps.ell_comps_1": -0.01590350351396
                    }
                }
            }
        },
        "median_pdf_sample": {
            "type": "instance",
            "class_path": "autofit.non_linear.samples.sample.Sample",
            "arguments": {
                "log_likelihood": -157.37428626116716,
                "log_prior": 0.0,
                "weight": 0.0009456985621420477,
                "kwargs": {
                    "type": "dict",
                    "arguments": {
                        "ellipses.ellipse_4.centre.centre_0": -0.0009386425871287388,
                        "ellipses.ellipse_4.centre.centre_1": 0.0009617651053410028,
                        "ellipses.ellipse_0.ell_comps.ell_comps_0": -0.1327611382757589,
                        "ellipses.ellipse_0.ell_comps.ell_comps_1": 0.01161257174314,
                        "ellipses.ellipse_1.ell_comps.ell_comps_0": -0.22871348685760054,
                        "ellipses.ellipse_1.ell_comps.ell_comps_1": 0.03266407728239428,
                        "ellipses.ellipse_2.ell_comps.ell_comps_0": -0.2106565160760328,
                        "ellipses.ellipse_2.ell_comps.ell_comps_1": 0.027594880208391216,
                        "ellipses.ellipse_3.ell_comps.ell_comps_0": -0.22173308783019927,
                        "ellipses.ellipse_3.ell_comps.ell_comps_1": 0.0027090920537298385,
                        "ellipses.ellipse_4.ell_comps.ell_comps_0": -0.28482940077382,
                        "ellipses.ellipse_4.ell_comps.ell_comps_1": -0.014218545210331404
                    }
                }
            }
        },
        "model": null
    }
}