{
    "type": "collection",
    "arguments": {
        "ellipses": {
            "type": "collection",
            "arguments": {
                "0": {
                    "type": "instance",
                    "class_path": "autogalaxy.ellipse.ellipse.ellipse.Ellipse",
                    "arguments": {
                        "ell_comps": {
                            "type": "tuple",
                            "values": [
                                -0.00262753354117,
                                -0.04611719176746
                            ]
                        },
                        "centre": {
                            "type": "tuple",
                            "values": [
                                0.00178828911565,
                                -0.00042504758392
                            ]
                        },
                        "major_axis": 0.25
                    }
                },
                "1": {
                    "type": "instance",
                    "class_path": "autogalaxy.ellipse.ellipse.ellipse.Ellipse",
                    "arguments": {
                        "ell_comps": {
                            "type": "tuple",
                            "values": [
                                -0.00960476221763,
                                -0.05185268809648
                            ]
                        },
                        "centre": {
                            "type": "tuple",
                            "values": [
                                0.00178828911565,
                                -0.00042504758392
                            ]
                        },
                        "major_axis": 0.5
                    }
                },
                "2": {
                    "type": "instance",
                    "class_path": "autogalaxy.ellipse.ellipse.ellipse.Ellipse",
                    "arguments": {
                        "ell_comps": {
                            "type": "tuple",
                            "values": [
                                -0.00933847935642,
                                -0.03956760428158
                            ]
                        },
                        "centre": {
                            "type": "tuple",
                            "values": [
                                0.00178828911565,
                                -0.00042504758392
                            ]
                        },
                        "major_axis": 0.75
                    }
                },
                "3": {
                    "type": "instance",
                    "class_path": "autogalaxy.ellipse.ellipse.ellipse.Ellipse",
                    "arguments": {
                        "ell_comps": {
                            "type": "tuple",
                            "values": [
                                -0.01857551508991,
                                -0.03656387080942
                            ]
                        },
                        "centre": {
                            "type": "tuple",
                            "values": [
                                0.00178828911565,
                                -0.00042504758392
                            ]
                        },
                        "major_axis": 1.0
                    }
                },
                "4": {
                    "type": "instance",
                    "class_path": "autogalaxy.ellipse.ellipse.ellipse.Ellipse",
                    "arguments": {
                        "ell_comps": {
                            "type": "tuple",
                            "values": [
                                -0.02352189921021,
                                -0.03753663379267
                            ]
                        },
                        "centre": {
                            "type": "tuple",
                            "values": [
                                0.00178828911565,
                                -0.00042504758392
                            ]
                        },
                        "major_axis": 1.25
                    }
                },
                "5": {
                    "type": "instance",
                    "class_path": "autogalaxy.ellipse.ellipse.ellipse.Ellipse",
                    "arguments": {
                        "ell_comps": {
                            "type": "tuple",
                            "values": [
                                -0.016844804795,
                                -0.02468867801746
                            ]
                        },
                        "centre": {
                            "type": "tuple",
                            "values": [
                                0.00178828911565,
                                -0.00042504758392
                            ]
                        },
                        "major_axis": 1.5
                    }
                },
                "6": {
                    "type": "instance",
                    "class_path": "autogalaxy.ellipse.ellipse.ellipse.Ellipse",
                    "arguments": {
                        "ell_comps": {
                            "type": "tuple",
                            "values": [
                                -0.01582526702194,
                                -0.03137171486811
                            ]
                        },
                        "centre": {
                            "type": "tuple",
                            "values": [
                                0.00178828911565,
                                -0.00042504758392
                            ]
                        },
                        "major_axis": 1.75
                    }
                },
                "7": {
                    "type": "instance",
                    "class_path": "autogalaxy.ellipse.ellipse.ellipse.Ellipse",
                    "arguments": {
                        "ell_comps": {
                            "type": "tuple",
                            "values": [
                                -0.02147794595681,
                                -0.03100368346346
                            ]
                        },
                        "centre": {
                            "type": "tuple",
                            "values": [
                                0.00178828911565,
                                -0.00042504758392
                            ]
                        },
                        "major_axis": 2.0
                    }
                },
                "8": {
                    "type": "instance",
                    "class_path": "autogalaxy.ellipse.ellipse.ellipse.Ellipse",
                    "arguments": {
                        "ell_comps": {
                            "type": "tuple",
                            "values": [
                                -0.01285336315102,
                                -0.02020243446202
                            ]
                        },
                        "centre": {
                            "type": "tuple",
                            "values": [
                                0.00178828911565,
                                -0.00042504758392
                            ]
                        },
                        "major_axis": 2.25
                    }
                },
                "9": {
                    "type": "instance",
                    "class_path": "autogalaxy.ellipse.ellipse.ellipse.Ellipse",
                    "arguments": {
                        "ell_comps": {
                            "type": "tuple",
                            "values": [
                                -0.0233945077154,
                                -0.00148931779959
                            ]
                        },
                        "centre": {
                            "type": "tuple",
                            "values": [
                                0.00178828911565,
                                -0.00042504758392
                            ]
                        },
                        "major_axis": 2.5
                    }
                },
                "10": {
                    "type": "instance",
                    "class_path": "autogalaxy.ellipse.ellipse.ellipse.Ellipse",
                    "arguments": {
                        "ell_comps": {
                            "type": "tuple",
                            "values": [
                                -0.00118678344839,
                                0.01636764264258
                            ]
                        },
                        "centre": {
                            "type": "tuple",
                            "values": [
                                0.00178828911565,
                                -0.00042504758392
                            ]
                        },
                        "major_axis": 2.75
                    }
                },
                "11": {
                    "type": "instance",
                    "class_path": "autogalaxy.ellipse.ellipse.ellipse.Ellipse",
                    "arguments": {
                        "ell_comps": {
                            "type": "tuple",
                            "values": [
                                -0.01051423125808,
                                0.01696571449352
                            ]
                        },
                        "centre": {
                            "type": "tuple",
                            "values": [
                                0.00178828911565,
                                -0.00042504758392
                            ]
                        },
                        "major_axis": 3.0
                    }
                },
                "12": {
                    "type": "instance",
                    "class_path": "autogalaxy.ellipse.ellipse.ellipse.Ellipse",
                    "arguments": {
                        "ell_comps": {
                            "type": "tuple",
                            "values": [
                                0.01845953046467,
                                0.02239273671196
                            ]
                        },
                        "centre": {
                            "type": "tuple",
                            "values": [
                                0.00178828911565,
                                -0.00042504758392
                            ]
                        },
                        "major_axis": 3.25
                    }
                },
                "13": {
                    "type": "instance",
                    "class_path": "autogalaxy.ellipse.ellipse.ellipse.Ellipse",
                    "arguments": {
                        "ell_comps": {
                            "type": "tuple",
                            "values": [
                                0.00247454539672,
                                0.05015851568698
                            ]
                        },
                        "centre": {
                            "type": "tuple",
                            "values": [
                                0.00178828911565,
                                -0.00042504758392
                            ]
                        },
                        "major_axis": 3.5
                    }
                },
                "14": {
                    "type": "instance",
                    "class_path": "autogalaxy.ellipse.ellipse.ellipse.Ellipse",
                    "arguments": {
                        "ell_comps": {
                            "type": "tuple",
                            "values": [
                                0.01904567979833,
                                0.04591191453685
                            ]
                        },
                        "centre": {
                            "type": "tuple",
                            "values": [
                                0.00178828911565,
                                -0.00042504758392
                            ]
                        },
                        "major_axis": 3.75
                    }
                },
                "15": {
                    "type": "instance",
                    "class_path": "autogalaxy.ellipse.ellipse.ellipse.Ellipse",
                    "arguments": {
                        "ell_comps": {
                            "type": "tuple",
                            "values": [
                                0.01868968881532,
                                0.07467095441593
                            ]
                        },
                        "centre": {
                            "type": "tuple",
                            "values": [
                                0.00178828911565,
                                -0.00042504758392
                            ]
                        },
                        "major_axis": 4.0
                    }
                },
                "16": {
                    "type": "instance",
                    "class_path": "autogalaxy.ellipse.ellipse.ellipse.Ellipse",
                    "arguments": {
                        "ell_comps": {
                            "type": "tuple",
                            "values": [
                                -0.00737144412261,
                                0.06801160650384
                            ]
                        },
                        "centre": {
                            "type": "tuple",
                            "values": [
                                0.00178828911565,
                                -0.00042504758392
                            ]
                        },
                        "major_axis": 4.25
                    }
                },
                "17": {
                    "type": "instance",
                    "class_path": "autogalaxy.ellipse.ellipse.ellipse.Ellipse",
                    "arguments": {
                        "ell_comps": {
                            "type": "tuple",
                            "values": [
                                -0.02468297148152,
                                0.06736573132494
                            ]
                        },
                        "centre": {
                            "type": "tuple",
                            "values": [
                                0.00178828911565,
                                -0.00042504758392
                            ]
                        },
                        "major_axis": 4.5
                    }
                },
                "18": {
                    "type": "instance",
                    "class_path": "autogalaxy.ellipse.ellipse.ellipse.Ellipse",
                    "arguments": {
                        "ell_comps": {
                            "type": "tuple",
                            "values": [
                                0.00476564273268,
                                0.08529424589306
                            ]
                        },
                        "centre": {
                            "type": "tuple",
                            "values": [
                                0.00178828911565,
                                -0.00042504758392
                            ]
                        },
                        "major_axis": 4.75
                    }
                }
            }
        },
        "multipoles": {
            "type": "collection",
            "arguments": {
                "0": {
                    "type": "instance",
                    "class_path": "autofit.mapper.model.ModelInstance",
                    "arguments": {
                        "child_items": {
                            "type": "dict",
                            "arguments": {
                                "multipole_1": {
                                    "type": "instance",
                                    "class_path": "autogalaxy.ellipse.ellipse.ellipse_multipole.EllipseMultipole",
                                    "arguments": {
                                        "m": 1,
                                        "multipole_comps": {
                                            "type": "tuple",
                                            "values": [
                                                -0.0008979870808,
                                                0.00016452532702
                                            ]
                                        }
                                    }
                                },
                                "multipole_3": {
                                    "type": "instance",
                                    "class_path": "autogalaxy.ellipse.ellipse.ellipse_multipole.EllipseMultipole",
                                    "arguments": {
                                        "m": 3,
                                        "multipole_comps": {
                                            "type": "tuple",
                                            "values": [
                                                0.00020136577813,
                                                0.00139815052838
                                            ]
                                        }
                                    }
                                },
                                "multipole_4": {
                                    "type": "instance",
                                    "class_path": "autogalaxy.ellipse.ellipse.ellipse_multipole.EllipseMultipole",
                                    "arguments": {
                                        "m": 4,
                                        "multipole_comps": {
                                            "type": "tuple",
                                            "values": [
                                                0.00019588332001,
                                                0.00294487491538
                                            ]
                                        }
                                    }
                                }
                            }
                        }
                    }
                },
                "1": {
                    "type": "instance",
                    "class_path": "autofit.mapper.model.ModelInstance",
                    "arguments": {
                        "child_items": {
                            "type": "dict",
                            "arguments": {
                                "multipole_1": {
                                    "type": "instance",
                                    "class_path": "autogalaxy.ellipse.ellipse.ellipse_multipole.EllipseMultipole",
                                    "arguments": {
                                        "m": 1,
                                        "multipole_comps": {
                                            "type": "tuple",
                                            "values": [
                                                -0.00308712484347,
                                                0.0026245277966
                                            ]
                                        }
                                    }
                                },
                                "multipole_3": {
                                    "type": "instance",
                                    "class_path": "autogalaxy.ellipse.ellipse.ellipse_multipole.EllipseMultipole",
                                    "arguments": {
                                        "m": 3,
                                        "multipole_comps": {
                                            "type": "tuple",
                                            "values": [
                                                -0.00305501842687,
                                                -0.00072694308394
                                            ]
                                        }
                                    }
                                },
                                "multipole_4": {
                                    "type": "instance",
                                    "class_path": "autogalaxy.ellipse.ellipse.ellipse_multipole.EllipseMultipole",
                                    "arguments": {
                                        "m": 4,
                                        "multipole_comps": {
                                            "type": "tuple",
                                            "values": [
                                                0.00255438999134,
                                                -0.00054860314761
                                            ]
                                        }
                                    }
                                }
                            }
                        }
                    }
                },
                "2": {
                    "type": "instance",
                    "class_path": "autofit.mapper.model.ModelInstance",
                    "arguments": {
                        "child_items": {
                            "type": "dict",
                            "arguments": {
                                "multipole_1": {
                                    "type": "instance",
                                    "class_path": "autogalaxy.ellipse.ellipse.ellipse_multipole.EllipseMultipole",
                                    "arguments": {
                                        "m": 1,
                                        "multipole_comps": {
                                            "type": "tuple",
                                            "values": [
                                                -0.00766131099208,
                                                0.00049908944278
                                            ]
                                        }
                                    }
                                },
                                "multipole_3": {
                                    "type": "instance",
                                    "class_path": "autogalaxy.ellipse.ellipse.ellipse_multipole.EllipseMultipole",
                                    "arguments": {
                                        "m": 3,
                                        "multipole_comps": {
                                            "type": "tuple",
                                            "values": [
                                                0.00012501472653,
                                                -0.00244304347383
                                            ]
                                        }
                                    }
                                },
                                "multipole_4": {
                                    "type": "instance",
                                    "class_path": "autogalaxy.ellipse.ellipse.ellipse_multipole.EllipseMultipole",
                                    "arguments": {
                                        "m": 4,
                                        "multipole_comps": {
                                            "type": "tuple",
                                            "values": [
                                                0.00506913300585,
                                                0.00421719777871
                                            ]
                                        }
                                    }
                                }
                            }
                        }
                    }
                },
                "3": {
                    "type": "instance",
                    "class_path": "autofit.mapper.model.ModelInstance",
                    "arguments": {
                        "child_items": {
                            "type": "dict",
                            "arguments": {
                                "multipole_1": {
                                    "type": "instance",
                                    "class_path": "autogalaxy.ellipse.ellipse.ellipse_multipole.EllipseMultipole",
                                    "arguments": {
                                        "m": 1,
                                        "multipole_comps": {
                                            "type": "tuple",
                                            "values": [
                                                -0.00573862900151,
                                                -0.00027251450968
                                            ]
                                        }
                                    }
                                },
                                "multipole_3": {
                                    "type": "instance",
                                    "class_path": "autogalaxy.ellipse.ellipse.ellipse_multipole.EllipseMultipole",
                                    "arguments": {
                                        "m": 3,
                                        "multipole_comps": {
                                            "type": "tuple",
                                            "values": [
                                                0.00313770613579,
                                                -0.00219798227413
                                            ]
                                        }
                                    }
                                },
                                "multipole_4": {
                                    "type": "instance",
                                    "class_path": "autogalaxy.ellipse.ellipse.ellipse_multipole.EllipseMultipole",
                                    "arguments": {
                                        "m": 4,
                                        "multipole_comps": {
                                            "type": "tuple",
                                            "values": [
                                                -0.01269953554093,
                                                0.00570414016135
                                            ]
                                        }
                                    }
                                }
                            }
                        }
                    }
                },
                "4": {
                    "type": "instance",
                    "class_path": "autofit.mapper.model.ModelInstance",
                    "arguments": {
                        "child_items": {
                            "type": "dict",
                            "arguments": {
                                "multipole_1": {
                                    "type": "instance",
                                    "class_path": "autogalaxy.ellipse.ellipse.ellipse_multipole.EllipseMultipole",
                                    "arguments": {
                                        "m": 1,
                                        "multipole_comps": {
                                            "type": "tuple",
                                            "values": [
                                                -0.00713454830863,
                                                0.00379834931538
                                            ]
                                        }
                                    }
                                },
                                "multipole_3": {
                                    "type": "instance",
                                    "class_path": "autogalaxy.ellipse.ellipse.ellipse_multipole.EllipseMultipole",
                                    "arguments": {
                                        "m": 3,
                                        "multipole_comps": {
                                            "type": "tuple",
                                            "values": [
                                                0.00974119459241,
                                                -0.01259820053861
                                            ]
                                        }
                                    }
                                },
                                "multipole_4": {
                                    "type": "instance",
                                    "class_path": "autogalaxy.ellipse.ellipse.ellipse_multipole.EllipseMultipole",
                                    "arguments": {
                                        "m": 4,
                                        "multipole_comps": {
                                            "type": "tuple",
                                            "values": [
                                                -0.02035784915858,
                                                0.0015987477822
                                            ]
                                        }
                                    }
                                }
                            }
                        }
                    }
                },
                "5": {
                    "type": "instance",
                    "class_path": "autofit.mapper.model.ModelInstance",
                    "arguments": {
                        "child_items": {
                            "type": "dict",
                            "arguments": {
                                "multipole_1": {
                                    "type": "instance",
                                    "class_path": "autogalaxy.ellipse.ellipse.ellipse_multipole.EllipseMultipole",
                                    "arguments": {
                                        "m": 1,
                                        "multipole_comps": {
                                            "type": "tuple",
                                            "values": [
                                                0.00205361085175,
                                                0.00050890479792
                                            ]
                                        }
                                    }
                                },
                                "multipole_3": {
                                    "type": "instance",
                                    "class_path": "autogalaxy.ellipse.ellipse.ellipse_multipole.EllipseMultipole",
                                    "arguments": {
                                        "m": 3,
                                        "multipole_comps": {
                                            "type": "tuple",
                                            "values": [
                                                0.00391200216495,
                                                -0.00584480638165
                                            ]
                                        }
                                    }
                                },
                                "multipole_4": {
                                    "type": "instance",
                                    "class_path": "autogalaxy.ellipse.ellipse.ellipse_multipole.EllipseMultipole",
                                    "arguments": {
                                        "m": 4,
                                        "multipole_comps": {
                                            "type": "tuple",
                                            "values": [
                                                -0.01715722214055,
                                                0.00622915682868
                                            ]
                                        }
                                    }
                                }
                            }
                        }
                    }
                },
                "6": {
                    "type": "instance",
                    "class_path": "autofit.mapper.model.ModelInstance",
                    "arguments": {
                        "child_items": {
                            "type": "dict",
                            "arguments": {
                                "multipole_1": {
                                    "type": "instance",
                                    "class_path": "autogalaxy.ellipse.ellipse.ellipse_multipole.EllipseMultipole",
                                    "arguments": {
                                        "m": 1,
                                        "multipole_comps": {
                                            "type": "tuple",
                                            "values": [
                                                0.00728959998912,
                                                -0.0402176230574
                                            ]
                                        }
                                    }
                                },
                                "multipole_3": {
                                    "type": "instance",
                                    "class_path": "autogalaxy.ellipse.ellipse.ellipse_multipole.EllipseMultipole",
                                    "arguments": {
                                        "m": 3,
                                        "multipole_comps": {
                                            "type": "tuple",
                                            "values": [
                                                -0.00056320627564,
                                                0.03014341298278
                                            ]
                                        }
                                    }
                                },
                                "multipole_4": {
                                    "type": "instance",
                                    "class_path": "autogalaxy.ellipse.ellipse.ellipse_multipole.EllipseMultipole",
                                    "arguments": {
                                        "m": 4,
                                        "multipole_comps": {
                                            "type": "tuple",
                                            "values": [
                                                -0.02879102626385,
                                                0.02565958552682
                                            ]
                                        }
                                    }
                                }
                            }
                        }
                    }
                },
                "7": {
                    "type": "instance",
                    "class_path": "autofit.mapper.model.ModelInstance",
                    "arguments": {
                        "child_items": {
                            "type": "dict",
                            "arguments": {
                                "multipole_1": {
                                    "type": "instance",
                                    "class_path": "autogalaxy.ellipse.ellipse.ellipse_multipole.EllipseMultipole",
                                    "arguments": {
                                        "m": 1,
                                        "multipole_comps": {
                                            "type": "tuple",
                                            "values": [
                                                -5.6313919e-06,
                                                -0.06665589998224
                                            ]
                                        }
                                    }
                                },
                                "multipole_3": {
                                    "type": "instance",
                                    "class_path": "autogalaxy.ellipse.ellipse.ellipse_multipole.EllipseMultipole",
                                    "arguments": {
                                        "m": 3,
                                        "multipole_comps": {
                                            "type": "tuple",
                                            "values": [
                                                0.01472498728374,
                                                0.06415209356581
                                            ]
                                        }
                                    }
                                },
                                "multipole_4": {
                                    "type": "instance",
                                    "class_path": "autogalaxy.ellipse.ellipse.ellipse_multipole.EllipseMultipole",
                                    "arguments": {
                                        "m": 4,
                                        "multipole_comps": {
                                            "type": "tuple",
                                            "values": [
                                                -0.03105903121636,
                                                0.03987970291658
                                            ]
                                        }
                                    }
                                }
                            }
                        }
                    }
                },
                "8": {
                    "type": "instance",
                    "class_path": "autofit.mapper.model.ModelInstance",
                    "arguments": {
                        "child_items": {
                            "type": "dict",
                            "arguments": {
                                "multipole_1": {
                                    "type": "instance",
                                    "class_path": "autogalaxy.ellipse.ellipse.ellipse_multipole.EllipseMultipole",
                                    "arguments": {
                                        "m": 1,
                                        "multipole_comps": {
                                            "type": "tuple",
                                            "values": [
                                                0.04544320735408,
                                                -0.08967685688108
                                            ]
                                        }
                                    }
                                },
                                "multipole_3": {
                                    "type": "instance",
                                    "class_path": "autogalaxy.ellipse.ellipse.ellipse_multipole.EllipseMultipole",
                                    "arguments": {
                                        "m": 3,
                                        "multipole_comps": {
                                            "type": "tuple",
                                            "values": [
                                                0.02079494705439,
                                                0.07368965043611
                                            ]
                                        }
                                    }
                                },
                                "multipole_4": {
                                    "type": "instance",
                                    "class_path": "autogalaxy.ellipse.ellipse.ellipse_multipole.EllipseMultipole",
                                    "arguments": {
                                        "m": 4,
                                        "multipole_comps": {
                                            "type": "tuple",
                                            "values": [
                                                -0.02880011085914,
                                                0.02588013279231
                                            ]
                                        }
                                    }
                                }
                            }
                        }
                    }
                },
                "9": {
                    "type": "instance",
                    "class_path": "autofit.mapper.model.ModelInstance",
                    "arguments": {
                        "child_items": {
                            "type": "dict",
                            "arguments": {
                                "multipole_1": {
                                    "type": "instance",
                                    "class_path": "autogalaxy.ellipse.ellipse.ellipse_multipole.EllipseMultipole",
                                    "arguments": {
                                        "m": 1,
                                        "multipole_comps": {
                                            "type": "tuple",
                                            "values": [
                                                0.06848472788026,
                                                -0.00189627889676
                                            ]
                                        }
                                    }
                                },
                                "multipole_3": {
                                    "type": "instance",
                                    "class_path": "autogalaxy.ellipse.ellipse.ellipse_multipole.EllipseMultipole",
                                    "arguments": {
                                        "m": 3,
                                        "multipole_comps": {
                                            "type": "tuple",
                                            "values": [
                                                -0.01875488569791,
                                                0.02898824480419
                                            ]
                                        }
                                    }
                                },
                                "multipole_4": {
                                    "type": "instance",
                                    "class_path": "autogalaxy.ellipse.ellipse.ellipse_multipole.EllipseMultipole",
                                    "arguments": {
                                        "m": 4,
                                        "multipole_comps": {
                                            "type": "tuple",
                                            "values": [
                                                -0.01320854774378,
                                                -0.01563723860724
                                            ]
                                        }
                                    }
                                }
                            }
                        }
                    }
                },
                "10": {
                    "type": "instance",
                    "class_path": "autofit.mapper.model.ModelInstance",
                    "arguments": {
                        "child_items": {
                            "type": "dict",
                            "arguments": {
                                "multipole_1": {
                                    "type": "instance",
                                    "class_path": "autogalaxy.ellipse.ellipse.ellipse_multipole.EllipseMultipole",
                                    "arguments": {
                                        "m": 1,
                                        "multipole_comps": {
                                            "type": "tuple",
                                            "values": [
                                                0.00141411948261,
                                                0.00973616988241
                                            ]
                                        }
                                    }
                                },
                                "multipole_3": {
                                    "type": "instance",
                                    "class_path": "autogalaxy.ellipse.ellipse.ellipse_multipole.EllipseMultipole",
                                    "arguments": {
                                        "m": 3,
                                        "multipole_comps": {
                                            "type": "tuple",
                                            "values": [
                                                -0.00193789216998,
                                                -0.0017875125101
                                            ]
                                        }
                                    }
                                },
                                "multipole_4": {
                                    "type": "instance",
                                    "class_path": "autogalaxy.ellipse.ellipse.ellipse_multipole.EllipseMultipole",
                                    "arguments": {
                                        "m": 4,
                                        "multipole_comps": {
                                            "type": "tuple",
                                            "values": [
                                                0.00580056204353,
                                                0.09904760301922
                                            ]
                                        }
                                    }
                                }
                            }
                        }
                    }
                },
                "11": {
                    "type": "instance",
                    "class_path": "autofit.mapper.model.ModelInstance",
                    "arguments": {
                        "child_items": {
                            "type": "dict",
                            "arguments": {
                                "multipole_1": {
                                    "type": "instance",
                                    "class_path": "autogalaxy.ellipse.ellipse.ellipse_multipole.EllipseMultipole",
                                    "arguments": {
                                        "m": 1,
                                        "multipole_comps": {
                                            "type": "tuple",
                                            "values": [
                                                -0.01680222575751,
                                                0.0399389523044
                                            ]
                                        }
                                    }
                                },
                                "multipole_3": {
                                    "type": "instance",
                                    "class_path": "autogalaxy.ellipse.ellipse.ellipse_multipole.EllipseMultipole",
                                    "arguments": {
                                        "m": 3,
                                        "multipole_comps": {
                                            "type": "tuple",
                                            "values": [
                                                -0.01900622616069,
                                                -0.01852654410409
                                            ]
                                        }
                                    }
                                },
                                "multipole_4": {
                                    "type": "instance",
                                    "class_path": "autogalaxy.ellipse.ellipse.ellipse_multipole.EllipseMultipole",
                                    "arguments": {
                                        "m": 4,
                                        "multipole_comps": {
                                            "type": "tuple",
                                            "values": [
                                                0.02834667366231,
                                                0.02028352678931
                                            ]
                                        }
                                    }
                                }
                            }
                        }
                    }
                },
                "12": {
                    "type": "instance",
                    "class_path": "autofit.mapper.model.ModelInstance",
                    "arguments": {
                        "child_items": {
                            "type": "dict",
                            "arguments": {
                                "multipole_1": {
                                    "type": "instance",
                                    "class_path": "autogalaxy.ellipse.ellipse.ellipse_multipole.EllipseMultipole",
                                    "arguments": {
                                        "m": 1,
                                        "multipole_comps": {
                                            "type": "tuple",
                                            "values": [
                                                0.00866863500689,
                                                -0.02408328069001
                                            ]
                                        }
                                    }
                                },
                                "multipole_3": {
                                    "type": "instance",
                                    "class_path": "autogalaxy.ellipse.ellipse.ellipse_multipole.EllipseMultipole",
                                    "arguments": {
                                        "m": 3,
                                        "multipole_comps": {
                                            "type": "tuple",
                                            "values": [
                                                -0.01320248918859,
                                                -0.0849552108728
                                            ]
                                        }
                                    }
                                },
                                "multipole_4": {
                                    "type": "instance",
                                    "class_path": "autogalaxy.ellipse.ellipse.ellipse_multipole.EllipseMultipole",
                                    "arguments": {
                                        "m": 4,
                                        "multipole_comps": {
                                            "type": "tuple",
                                            "values": [
                                                -0.07461249100711,
                                                -0.09963185704537
                                            ]
                                        }
                                    }
                                }
                            }
                        }
                    }
                },
                "13": {
                    "type": "instance",
                    "class_path": "autofit.mapper.model.ModelInstance",
                    "arguments": {
                        "child_items": {
                            "type": "dict",
                            "arguments": {
                                "multipole_1": {
                                    "type": "instance",
                                    "class_path": "autogalaxy.ellipse.ellipse.ellipse_multipole.EllipseMultipole",
                                    "arguments": {
                                        "m": 1,
                                        "multipole_comps": {
                                            "type": "tuple",
                                            "values": [
                                                0.13058063624312,
                                                0.12388657167913
                                            ]
                                        }
                                    }
                                },
                                "multipole_3": {
                                    "type": "instance",
                                    "class_path": "autogalaxy.ellipse.ellipse.ellipse_multipole.EllipseMultipole",
                                    "arguments": {
                                        "m": 3,
                                        "multipole_comps": {
                                            "type": "tuple",
                                            "values": [
                                                0.08252489354669,
                                                0.00567693913029
                                            ]
                                        }
                                    }
                                },
                                "multipole_4": {
                                    "type": "instance",
                                    "class_path": "autogalaxy.ellipse.ellipse.ellipse_multipole.EllipseMultipole",
                                    "arguments": {
                                        "m": 4,
                                        "multipole_comps": {
                                            "type": "tuple",
                                            "values": [
                                                0.03207400329205,
                                                -0.09112391063005
                                            ]
                                        }
                                    }
                                }
                            }
                        }
                    }
                },
                "14": {
                    "type": "instance",
                    "class_path": "autofit.mapper.model.ModelInstance",
                    "arguments": {
                        "child_items": {
                            "type": "dict",
                            "arguments": {
                                "multipole_1": {
                                    "type": "instance",
                                    "class_path": "autogalaxy.ellipse.ellipse.ellipse_multipole.EllipseMultipole",
                                    "arguments": {
                                        "m": 1,
                                        "multipole_comps": {
                                            "type": "tuple",
                                            "values": [
                                                0.01084579756064,
                                                -0.05526252270035
                                            ]
                                        }
                                    }
                                },
                                "multipole_3": {
                                    "type": "instance",
                                    "class_path": "autogalaxy.ellipse.ellipse.ellipse_multipole.EllipseMultipole",
                                    "arguments": {
                                        "m": 3,
                                        "multipole_comps": {
                                            "type": "tuple",
                                            "values": [
                                                -0.05152797003573,
                                                -0.01836334271763
                                            ]
                                        }
                                    }
                                },
                                "multipole_4": {
                                    "type": "instance",
                                    "class_path": "autogalaxy.ellipse.ellipse.ellipse_multipole.EllipseMultipole",
                                    "arguments": {
                                        "m": 4,
                                        "multipole_comps": {
                                            "type": "tuple",
                                            "values": [
                                                0.03726039531841,
                                                -0.09899097598508
                                            ]
                                        }
                                    }
                                }
                            }
                        }
                    }
                },
                "15": {
                    "type": "instance",
                    "class_path": "autofit.mapper.model.ModelInstance",
                    "arguments": {
                        "child_items": {
                            "type": "dict",
                            "arguments": {
                                "multipole_1": {
                                    "type": "instance",
                                    "class_path": "autogalaxy.ellipse.ellipse.ellipse_multipole.EllipseMultipole",
                                    "arguments": {
                                        "m": 1,
                                        "multipole_comps": {
                                            "type": "tuple",
                                            "values": [
                                                0.08045390484048,
                                                0.0653874120164
                                            ]
                                        }
                                    }
                                },
                                "multipole_3": {
                                    "type": "instance",
                                    "class_path": "autogalaxy.ellipse.ellipse.ellipse_multipole.EllipseMultipole",
                                    "arguments": {
                                        "m": 3,
                                        "multipole_comps": {
                                            "type": "tuple",
                                            "values": [
                                                0.02094896971274,
                                                0.01585173306475
                                            ]
                                        }
                                    }
                                },
                                "multipole_4": {
                                    "type": "instance",
                                    "class_path": "autogalaxy.ellipse.ellipse.ellipse_multipole.EllipseMultipole",
                                    "arguments": {
                                        "m": 4,
                                        "multipole_comps": {
                                            "type": "tuple",
                                            "values": [
                                                0.0124457538452,
                                                -0.06137416930406
                                            ]
                                        }
                                    }
                                }
                            }
                        }
                    }
                },
                "16": {
                    "type": "instance",
                    "class_path": "autofit.mapper.model.ModelInstance",
                    "arguments": {
                        "child_items": {
                            "type": "dict",
                            "arguments": {
                                "multipole_1": {
                                    "type": "instance",
                                    "class_path": "autogalaxy.ellipse.ellipse.ellipse_multipole.EllipseMultipole",
                                    "arguments": {
                                        "m": 1,
                                        "multipole_comps": {
                                            "type": "tuple",
                                            "values": [
                                                -0.0103077346685,
                                                -0.08883931082805
                                            ]
                                        }
                                    }
                                },
                                "multipole_3": {
                                    "type": "instance",
                                    "class_path": "autogalaxy.ellipse.ellipse.ellipse_multipole.EllipseMultipole",
                                    "arguments": {
                                        "m": 3,
                                        "multipole_comps": {
                                            "type": "tuple",
                                            "values": [
                                                0.06142660154056,
                                                -0.03539194087982
                                            ]
                                        }
                                    }
                                },
                                "multipole_4": {
                                    "type": "instance",
                                    "class_path": "autogalaxy.ellipse.ellipse.ellipse_multipole.EllipseMultipole",
                                    "arguments": {
                                        "m": 4,
                                        "multipole_comps": {
                                            "type": "tuple",
                                            "values": [
                                                -0.0110328505179,
                                                0.0185302448917
                                            ]
                                        }
                                    }
                                }
                            }
                        }
                    }
                },
                "17": {
                    "type": "instance",
                    "class_path": "autofit.mapper.model.ModelInstance",
                    "arguments": {
                        "child_items": {
                            "type": "dict",
                            "arguments": {
                                "multipole_1": {
                                    "type": "instance",
                                    "class_path": "autogalaxy.ellipse.ellipse.ellipse_multipole.EllipseMultipole",
                                    "arguments": {
                                        "m": 1,
                                        "multipole_comps": {
                                            "type": "tuple",
                                            "values": [
                                                0.07829127714768,
                                                -0.04963734529761
                                            ]
                                        }
                                    }
                                },
                                "multipole_3": {
                                    "type": "instance",
                                    "class_path": "autogalaxy.ellipse.ellipse.ellipse_multipole.EllipseMultipole",
                                    "arguments": {
                                        "m": 3,
                                        "multipole_comps": {
                                            "type": "tuple",
                                            "values": [
                                                0.06620959013549,
                                                0.07295415833283
                                            ]
                                        }
                                    }
                                },
                                "multipole_4": {
                                    "type": "instance",
                                    "class_path": "autogalaxy.ellipse.ellipse.ellipse_multipole.EllipseMultipole",
                                    "arguments": {
                                        "m": 4,
                                        "multipole_comps": {
                                            "type": "tuple",
                                            "values": [
                                                -0.01449112514292,
                                                -0.04489376677056
                                            ]
                                        }
                                    }
                                }
                            }
                        }
                    }
                },
                "18": {
                    "type": "instance",
                    "class_path": "autofit.mapper.model.ModelInstance",
                    "arguments": {
                        "child_items": {
                            "type": "dict",
                            "arguments": {
                                "multipole_1": {
                                    "type": "instance",
                                    "class_path": "autogalaxy.ellipse.ellipse.ellipse_multipole.EllipseMultipole",
                                    "arguments": {
                                        "m": 1,
                                        "multipole_comps": {
                                            "type": "tuple",
                                            "values": [
                                                -0.04735974816361,
                                                -0.02870312038753
                                            ]
                                        }
                                    }
                                },
                                "multipole_3": {
                                    "type": "instance",
                                    "class_path": "autogalaxy.ellipse.ellipse.ellipse_multipole.EllipseMultipole",
                                    "arguments": {
                                        "m": 3,
                                        "multipole_comps": {
                                            "type": "tuple",
                                            "values": [
                                                -0.04104322539058,
                                                -0.03888529303156
                                            ]
                                        }
                                    }
                                },
                                "multipole_4": {
                                    "type": "instance",
                                    "class_path": "autogalaxy.ellipse.ellipse.ellipse_multipole.EllipseMultipole",
                                    "arguments": {
                                        "m": 4,
                                        "multipole_comps": {
                                            "type": "tuple",
                                            "values": [
                                                -0.05427439914002,
                                                0.03122396543251
                                            ]
                                        }
                                    }
                                }
                            }
                        }
                    }
                }
            }
        },
        "dummy_0": {
            "lower_limit": -0.1,
            "upper_limit": 0.1,
            "type": "Uniform",
            "id": 434
        }
    }
}