{
    "type": "instance",
    "class_path": "autofit.non_linear.samples.summary.SamplesSummary",
    "arguments": {
        "log_evidence": -52.34585323570467,
        "errors_at_sigma_3": {
            "type": "list",
            "values": [
                {
                    "type": "tuple",
                    "values": [
                        0.014616272272606569,
                        0.011239818661813434
                    ]
                },
                {
                    "type": "tuple",
                    "values": [
                        0.01537088511762058,
                        0.021015505268084204
                    ]
                },
                {
                    "type": "tuple",
                    "values": [
                        0.039125628186877016,
                        0.03004714481431127
                    ]
                },
                {
                    "type": "tuple",
                    "values": [
                        0.0318811132657,
                        0.03128469133517862
                    ]
                },
                {
                    "type": "tuple",
                    "values": [
                        0.03258740906414545,
                        0.030213534861531034
                    ]
                },
                {
                    "type": "tuple",
                    "values": [
                        0.03495007067187,
                        0.03344305969971474
                    ]
                },
                {
                    "type": "tuple",
                    "values": [
                        0.04327643276580184,
                        0.0454795620886543
                    ]
                },
                {
                    "type": "tuple",
                    "values": [
                        0.04623397716769012,
                        0.03357340782243254
                    ]
                }
            ]
        },
        "median_pdf_sample": {
            "type": "instance",
            "class_path": "autofit.non_linear.samples.sample.Sample",
            "arguments": {
                "log_likelihood": -29.107649985275085,
                "log_prior": 0.0,
                "weight": 0.0010529722324145274,
                "kwargs": {
                    "type": "dict",
                    "arguments": {
                        "ellipses.0.ell_comps.ell_comps_0": -0.026864787185893434,
                        "ellipses.0.ell_comps.ell_comps_1": 0.05283041997084579,
                        "multipoles.0.multipole_1.multipole_comps.multipole_comps_0": 0.008737858597672529,
                        "multipoles.0.multipole_1.multipole_comps.multipole_comps_1": 0.00773589450928,
                        "multipoles.0.multipole_3.multipole_comps.multipole_comps_0": 0.005961297166882276,
                        "multipoles.0.multipole_3.multipole_comps.multipole_comps_1": 0.00418779977757,
                        "multipoles.0.multipole_4.multipole_comps.multipole_comps_0": 0.00808845207894184,
                        "multipoles.0.multipole_4.multipole_comps.multipole_comps_1": 0.02982272101317
                    }
                }
            }
        },
        "errors_at_sigma_1": {
            "type": "list",
            "values": [
                {
                    "type": "tuple",
                    "values": [
                        0.004163838659912822,
                        0.0035836238700568505
                    ]
                },
                {
                    "type": "tuple",
                    "values": [
                        0.005163728592091868,
                        0.007879107530094923
                    ]
                },
                {
                    "type": "tuple",
                    "values": [
                        0.011699972652672528,
                        0.010789934209097471
                    ]
                },
                {
                    "type": "tuple",
                    "values": [
                        0.01053549709689,
                        0.009436081016640174
                    ]
                },
                {
                    "type": "tuple",
                    "values": [
                        0.011918747437702076,
                        0.011478279331395603
                    ]
                },
                {
                    "type": "tuple",
                    "values": [
                        0.011359158518059999,
                        0.010500422461049999
                    ]
                },
                {
                    "type": "tuple",
                    "values": [
                        0.01659168998562184,
                        0.017087258935810354
                    ]
                },
                {
                    "type": "tuple",
                    "values": [
                        0.012473479902329998,
                        0.012771755632882954
                    ]
                }
            ]
        },
        "model": null,
        "values_at_sigma_3": {
            "type": "list",
            "values": [
                {
                    "type": "tuple",
                    "values": [
                        -0.0414810594585,
                        -0.01562496852408
                    ]
                },
                {
                    "type": "tuple",
                    "values": [
                        0.03745953485322521,
                        0.07384592523893
                    ]
                },
                {
                    "type": "tuple",
                    "values": [
                        -0.03038776958920449,
                        0.0387850034119838
                    ]
                },
                {
                    "type": "tuple",
                    "values": [
                        -0.02414521875642,
                        0.03902058584445862
                    ]
                },
                {
                    "type": "tuple",
                    "values": [
                        -0.02662611189726317,
                        0.03617483202841331
                    ]
                },
                {
                    "type": "tuple",
                    "values": [
                        -0.0307622708943,
                        0.03763085947728474
                    ]
                },
                {
                    "type": "tuple",
                    "values": [
                        -0.03518798068686,
                        0.05356801416759614
                    ]
                },
                {
                    "type": "tuple",
                    "values": [
                        -0.016411256154520125,
                        0.06339612883560254
                    ]
                }
            ]
        },
        "values_at_sigma_1": {
            "type": "list",
            "values": [
                {
                    "type": "tuple",
                    "values": [
                        -0.031028625845806256,
                        -0.023281163315836583
                    ]
                },
                {
                    "type": "tuple",
                    "values": [
                        0.04766669137875392,
                        0.06070952750094071
                    ]
                },
                {
                    "type": "tuple",
                    "values": [
                        -0.002962114055,
                        0.01952779280677
                    ]
                },
                {
                    "type": "tuple",
                    "values": [
                        -0.00279960258761,
                        0.017171975525920175
                    ]
                },
                {
                    "type": "tuple",
                    "values": [
                        -0.0059574502708198,
                        0.01743957649827788
                    ]
                },
                {
                    "type": "tuple",
                    "values": [
                        -0.00717135874049,
                        0.01468822223862
                    ]
                },
                {
                    "type": "tuple",
                    "values": [
                        -0.00850323790668,
                        0.025175711014752196
                    ]
                },
                {
                    "type": "tuple",
                    "values": [
                        0.01734924111084,
                        0.04259447664605295
                    ]
                }
            ]
        },
        "max_log_likelihood_sample": {
            "type": "instance",
            "class_path": "autofit.non_linear.samples.sample.Sample",
            "arguments": {
                "log_likelihood": -29.107649985275085,
                "log_prior": 0.0,
                "weight": 0.0010529722324145274,
                "kwargs": {
                    "type": "dict",
                    "arguments": {
                        "ellipses.0.ell_comps.ell_comps_0": -0.02709732105804,
                        "ellipses.0.ell_comps.ell_comps_1": 0.05121901410674,
                        "multipoles.0.multipole_1.multipole_comps.multipole_comps_0": 0.00455648208362,
                        "multipoles.0.multipole_1.multipole_comps.multipole_comps_1": 0.01876465108602,
                        "multipoles.0.multipole_3.multipole_comps.multipole_comps_0": 0.0010599302451,
                        "multipoles.0.multipole_3.multipole_comps.multipole_comps_1": 0.00280659302155,
                        "multipoles.0.multipole_4.multipole_comps.multipole_comps_0": 0.00879708029613,
                        "multipoles.0.multipole_4.multipole_comps.multipole_comps_1": 0.02669998987962
                    }
                }
            }
        }
    }
}