{
    "type": "instance",
    "class_path": "autofit.non_linear.samples.summary.SamplesSummary",
    "arguments": {
        "max_log_likelihood_sample": {
            "type": "instance",
            "class_path": "autofit.non_linear.samples.sample.Sample",
            "arguments": {
                "log_likelihood": -45.92949655593555,
                "log_prior": 0.0,
                "weight": 0.0009871089779093663,
                "kwargs": {
                    "type": "dict",
                    "arguments": {
                        "ellipses.0.ell_comps.ell_comps_0": 0.01172311790413,
                        "ellipses.0.ell_comps.ell_comps_1": 0.04726639259524
                    }
                }
            }
        },
        "errors_at_sigma_1": {
            "type": "list",
            "values": [
                {
                    "type": "tuple",
                    "values": [
                        0.006128385855830672,
                        0.010640788860245937
                    ]
                },
                {
                    "type": "tuple",
                    "values": [
                        0.007258705981550005,
                        0.002665436218271741
                    ]
                }
            ]
        },
        "errors_at_sigma_3": {
            "type": "list",
            "values": [
                {
                    "type": "tuple",
                    "values": [
                        0.014141300045254063,
                        0.043602935811965934
                    ]
                },
                {
                    "type": "tuple",
                    "values": [
                        0.02214699237206,
                        0.015820723958099997
                    ]
                }
            ]
        },
        "model": null,
        "median_pdf_sample": {
            "type": "instance",
            "class_path": "autofit.non_linear.samples.sample.Sample",
            "arguments": {
                "log_likelihood": -45.92949655593555,
                "log_prior": 0.0,
                "weight": 0.0009871089779093663,
                "kwargs": {
                    "type": "dict",
                    "arguments": {
                        "ellipses.0.ell_comps.ell_comps_0": 0.014211742311434064,
                        "ellipses.0.ell_comps.ell_comps_1": 0.04577482032254
                    }
                }
            }
        },
        "log_evidence": -55.30216282577534,
        "values_at_sigma_1": {
            "type": "list",
            "values": [
                {
                    "type": "tuple",
                    "values": [
                        0.008083356455603392,
                        0.02485253117168
                    ]
                },
                {
                    "type": "tuple",
                    "values": [
                        0.03851611434099,
                        0.048440256540811744
                    ]
                }
            ]
        },
        "values_at_sigma_3": {
            "type": "list",
            "values": [
                {
                    "type": "tuple",
                    "values": [
                        7.044226618e-05,
                        0.0578146781234
                    ]
                },
                {
                    "type": "tuple",
                    "values": [
                        0.02362782795048,
                        0.06159554428064
                    ]
                }
            ]
        }
    }
}