{
    "type": "instance",
    "class_path": "autofit.non_linear.samples.summary.SamplesSummary",
    "arguments": {
        "values_at_sigma_3": {
            "type": "list",
            "values": [
                {
                    "type": "tuple",
                    "values": [
                        -0.20471029037949265,
                        -0.18749015444203843
                    ]
                },
                {
                    "type": "tuple",
                    "values": [
                        -0.21347049694582088,
                        -0.19237908332237
                    ]
                },
                {
                    "type": "tuple",
                    "values": [
                        -0.04672472862996,
                        0.02476707615783389
                    ]
                },
                {
                    "type": "tuple",
                    "values": [
                        -0.01108863296663,
                        0.058132013076902495
                    ]
                },
                {
                    "type": "tuple",
                    "values": [
                        0.006356140893596652,
                        0.06694686637948206
                    ]
                },
                {
                    "type": "tuple",
                    "values": [
                        -0.00665838524975,
                        0.06774691879408765
                    ]
                },
                {
                    "type": "tuple",
                    "values": [
                        -0.046942475217375816,
                        0.04913162929232159
                    ]
                },
                {
                    "type": "tuple",
                    "values": [
                        -0.011029101184643604,
                        0.0620002926616116
                    ]
                }
            ]
        },
        "values_at_sigma_1": {
            "type": "list",
            "values": [
                {
                    "type": "tuple",
                    "values": [
                        -0.19888851169203745,
                        -0.19282456527360634
                    ]
                },
                {
                    "type": "tuple",
                    "values": [
                        -0.20890169576754,
                        -0.20378746882342197
                    ]
                },
                {
                    "type": "tuple",
                    "values": [
                        -0.02227850709300241,
                        0.0017490995721862865
                    ]
                },
                {
                    "type": "tuple",
                    "values": [
                        0.015620893106938745,
                        0.03923215779883
                    ]
                },
                {
                    "type": "tuple",
                    "values": [
                        0.02922476750967,
                        0.04924049303169
                    ]
                },
                {
                    "type": "tuple",
                    "values": [
                        0.01963147755112,
                        0.04449456341961
                    ]
                },
                {
                    "type": "tuple",
                    "values": [
                        -0.01702626743537575,
                        0.011152127056615911
                    ]
                },
                {
                    "type": "tuple",
                    "values": [
                        0.020646573281999037,
                        0.04044022669496
                    ]
                }
            ]
        },
        "median_pdf_sample": {
            "type": "instance",
            "class_path": "autofit.non_linear.samples.sample.Sample",
            "arguments": {
                "log_likelihood": -67.78623385906197,
                "log_prior": 0.0,
                "weight": 0.0009081918410514459,
                "kwargs": {
                    "type": "dict",
                    "arguments": {
                        "ellipses.0.ell_comps.ell_comps_0": -0.19524680701525582,
                        "ellipses.0.ell_comps.ell_comps_1": -0.20626047089469257,
                        "multipoles.0.multipole_1.multipole_comps.multipole_comps_0": -0.012122631510946101,
                        "multipoles.0.multipole_1.multipole_comps.multipole_comps_1": 0.028265907261824243,
                        "multipoles.0.multipole_3.multipole_comps.multipole_comps_0": 0.04030285717772372,
                        "multipoles.0.multipole_3.multipole_comps.multipole_comps_1": 0.03266328888474052,
                        "multipoles.0.multipole_4.multipole_comps.multipole_comps_0": -0.000974915479810588,
                        "multipoles.0.multipole_4.multipole_comps.multipole_comps_1": 0.02989485499508
                    }
                }
            }
        },
        "errors_at_sigma_1": {
            "type": "list",
            "values": [
                {
                    "type": "tuple",
                    "values": [
                        0.0036417046767816263,
                        0.0024222417416494835
                    ]
                },
                {
                    "type": "tuple",
                    "values": [
                        0.002641224872847431,
                        0.0024730020712706025
                    ]
                },
                {
                    "type": "tuple",
                    "values": [
                        0.01015587558205631,
                        0.013871731083132388
                    ]
                },
                {
                    "type": "tuple",
                    "values": [
                        0.012645014154885498,
                        0.010966250537005756
                    ]
                },
                {
                    "type": "tuple",
                    "values": [
                        0.011078089668053723,
                        0.008937635853966279
                    ]
                },
                {
                    "type": "tuple",
                    "values": [
                        0.013031811333620521,
                        0.011831274534869478
                    ]
                },
                {
                    "type": "tuple",
                    "values": [
                        0.016051351955565164,
                        0.0121270425364265
                    ]
                },
                {
                    "type": "tuple",
                    "values": [
                        0.009248281713080963,
                        0.010545371699880002
                    ]
                }
            ]
        },
        "max_log_likelihood_sample": {
            "type": "instance",
            "class_path": "autofit.non_linear.samples.sample.Sample",
            "arguments": {
                "log_likelihood": -67.78623385906197,
                "log_prior": 0.0,
                "weight": 0.0009081918410514459,
                "kwargs": {
                    "type": "dict",
                    "arguments": {
                        "ellipses.0.ell_comps.ell_comps_0": -0.19645574592303,
                        "ellipses.0.ell_comps.ell_comps_1": -0.20649955358363,
                        "multipoles.0.multipole_1.multipole_comps.multipole_comps_0": 0.00420658925319,
                        "multipoles.0.multipole_1.multipole_comps.multipole_comps_1": 0.02163911076116,
                        "multipoles.0.multipole_3.multipole_comps.multipole_comps_0": 0.04434476784455,
                        "multipoles.0.multipole_3.multipole_comps.multipole_comps_1": 0.0443514310358,
                        "multipoles.0.multipole_4.multipole_comps.multipole_comps_0": 0.00139427188689,
                        "multipoles.0.multipole_4.multipole_comps.multipole_comps_1": 0.0269106985735
                    }
                }
            }
        },
        "model": null,
        "log_evidence": -92.82757803564664,
        "errors_at_sigma_3": {
            "type": "list",
            "values": [
                {
                    "type": "tuple",
                    "values": [
                        0.00946348336423683,
                        0.007756652573217393
                    ]
                },
                {
                    "type": "tuple",
                    "values": [
                        0.007210026051128304,
                        0.013881387572322573
                    ]
                },
                {
                    "type": "tuple",
                    "values": [
                        0.0346020971190139,
                        0.03688970766877999
                    ]
                },
                {
                    "type": "tuple",
                    "values": [
                        0.03935454022845424,
                        0.029866105815078252
                    ]
                },
                {
                    "type": "tuple",
                    "values": [
                        0.03394671628412707,
                        0.026644009201758342
                    ]
                },
                {
                    "type": "tuple",
                    "values": [
                        0.039321674134490524,
                        0.035083629909347123
                    ]
                },
                {
                    "type": "tuple",
                    "values": [
                        0.04596755973756523,
                        0.050106544772132174
                    ]
                },
                {
                    "type": "tuple",
                    "values": [
                        0.0409239561797236,
                        0.032105437666531594
                    ]
                }
            ]
        }
    }
}