{
    "type": "instance",
    "class_path": "autofit.non_linear.samples.summary.SamplesSummary",
    "arguments": {
        "values_at_sigma_1": {
            "type": "list",
            "values": [
                {
                    "type": "tuple",
                    "values": [
                        0.08827699376068,
                        0.0940050922884
                    ]
                },
                {
                    "type": "tuple",
                    "values": [
                        0.21094450370304,
                        0.21648467400006632
                    ]
                },
                {
                    "type": "tuple",
                    "values": [
                        -0.01803250483488194,
                        0.012539959504641271
                    ]
                },
                {
                    "type": "tuple",
                    "values": [
                        -0.020382365167696554,
                        0.007663790972764072
                    ]
                },
                {
                    "type": "tuple",
                    "values": [
                        -0.030504210143413667,
                        0.00262450868718
                    ]
                },
                {
                    "type": "tuple",
                    "values": [
                        -0.03959152317588,
                        -0.013451345706190134
                    ]
                }
            ]
        },
        "errors_at_sigma_1": {
            "type": "list",
            "values": [
                {
                    "type": "tuple",
                    "values": [
                        0.0029148560716038413,
                        0.0028132424561161523
                    ]
                },
                {
                    "type": "tuple",
                    "values": [
                        0.001884876554267223,
                        0.003655293742759108
                    ]
                },
                {
                    "type": "tuple",
                    "values": [
                        0.015132629157362009,
                        0.015439835182161202
                    ]
                },
                {
                    "type": "tuple",
                    "values": [
                        0.018441052587053572,
                        0.009605103553407053
                    ]
                },
                {
                    "type": "tuple",
                    "values": [
                        0.014816869911603667,
                        0.01831184891899
                    ]
                },
                {
                    "type": "tuple",
                    "values": [
                        0.015787582182434704,
                        0.010352595287255163
                    ]
                }
            ]
        },
        "median_pdf_sample": {
            "type": "instance",
            "class_path": "autofit.non_linear.samples.sample.Sample",
            "arguments": {
                "log_likelihood": -81.9268043117346,
                "log_prior": 0.0,
                "weight": 0.001007432824965558,
                "kwargs": {
                    "type": "dict",
                    "arguments": {
                        "ellipses.0.ell_comps.ell_comps_0": 0.09119184983228384,
                        "ellipses.0.ell_comps.ell_comps_1": 0.21282938025730722,
                        "multipoles.0.multipole_3.multipole_comps.multipole_comps_0": -0.0028998756775199305,
                        "multipoles.0.multipole_3.multipole_comps.multipole_comps_1": -0.0019413125806429813,
                        "multipoles.0.multipole_4.multipole_comps.multipole_comps_0": -0.01568734023181,
                        "multipoles.0.multipole_4.multipole_comps.multipole_comps_1": -0.023803940993445297
                    }
                }
            }
        },
        "errors_at_sigma_3": {
            "type": "list",
            "values": [
                {
                    "type": "tuple",
                    "values": [
                        0.008700442312493839,
                        0.010071766509256161
                    ]
                },
                {
                    "type": "tuple",
                    "values": [
                        0.00847259621651722,
                        0.013206129442757453
                    ]
                },
                {
                    "type": "tuple",
                    "values": [
                        0.04942571046562169,
                        0.04732963257770788
                    ]
                },
                {
                    "type": "tuple",
                    "values": [
                        0.05232146564315702,
                        0.029007564266761248
                    ]
                },
                {
                    "type": "tuple",
                    "values": [
                        0.0428084323346231,
                        0.05536566591262
                    ]
                },
                {
                    "type": "tuple",
                    "values": [
                        0.04661975231173614,
                        0.03157761466528195
                    ]
                }
            ]
        },
        "model": null,
        "log_evidence": -101.99914446454484,
        "values_at_sigma_3": {
            "type": "list",
            "values": [
                {
                    "type": "tuple",
                    "values": [
                        0.08249140751979,
                        0.10126361634154
                    ]
                },
                {
                    "type": "tuple",
                    "values": [
                        0.20435678404079,
                        0.22603550970006467
                    ]
                },
                {
                    "type": "tuple",
                    "values": [
                        -0.052325586143141624,
                        0.044429756900187946
                    ]
                },
                {
                    "type": "tuple",
                    "values": [
                        -0.0542627782238,
                        0.027066251686118266
                    ]
                },
                {
                    "type": "tuple",
                    "values": [
                        -0.0584957725664331,
                        0.03967832568081
                    ]
                },
                {
                    "type": "tuple",
                    "values": [
                        -0.07042369330518143,
                        0.007773673671836653
                    ]
                }
            ]
        },
        "max_log_likelihood_sample": {
            "type": "instance",
            "class_path": "autofit.non_linear.samples.sample.Sample",
            "arguments": {
                "log_likelihood": -81.9268043117346,
                "log_prior": 0.0,
                "weight": 0.001007432824965558,
                "kwargs": {
                    "type": "dict",
                    "arguments": {
                        "ellipses.0.ell_comps.ell_comps_0": 0.0895587996185,
                        "ellipses.0.ell_comps.ell_comps_1": 0.21331950719266,
                        "multipoles.0.multipole_3.multipole_comps.multipole_comps_0": 0.00026398421248,
                        "multipoles.0.multipole_3.multipole_comps.multipole_comps_1": 0.00451284750433,
                        "multipoles.0.multipole_4.multipole_comps.multipole_comps_0": -0.01081976074764,
                        "multipoles.0.multipole_4.multipole_comps.multipole_comps_1": -0.01400501414814
                    }
                }
            }
        }
    }
}