{
    "type": "instance",
    "class_path": "autofit.non_linear.samples.summary.SamplesSummary",
    "arguments": {
        "max_log_likelihood_sample": {
            "type": "instance",
            "class_path": "autofit.non_linear.samples.sample.Sample",
            "arguments": {
                "log_likelihood": -12.349159751597076,
                "log_prior": 0.0,
                "weight": 0.0009968770506774975,
                "kwargs": {
                    "type": "dict",
                    "arguments": {
                        "ellipses.0.ell_comps.ell_comps_0": 0.00954876706821,
                        "ellipses.0.ell_comps.ell_comps_1": 0.09779626263442,
                        "multipoles.0.multipole_1.multipole_comps.multipole_comps_0": 0.005919426004,
                        "multipoles.0.multipole_1.multipole_comps.multipole_comps_1": 0.00350619347404,
                        "multipoles.0.multipole_3.multipole_comps.multipole_comps_0": -0.00026803008828,
                        "multipoles.0.multipole_3.multipole_comps.multipole_comps_1": 0.00092535395945,
                        "multipoles.0.multipole_4.multipole_comps.multipole_comps_0": 0.00258318749408,
                        "multipoles.0.multipole_4.multipole_comps.multipole_comps_1": -0.00143592723784
                    }
                }
            }
        },
        "model": null,
        "values_at_sigma_3": {
            "type": "list",
            "values": [
                {
                    "type": "tuple",
                    "values": [
                        -0.00075303694518,
                        0.02258275463186
                    ]
                },
                {
                    "type": "tuple",
                    "values": [
                        0.08690541468851282,
                        0.10990968452178823
                    ]
                },
                {
                    "type": "tuple",
                    "values": [
                        -0.0023845660376870777,
                        0.016749447682861456
                    ]
                },
                {
                    "type": "tuple",
                    "values": [
                        -0.00515351500145605,
                        0.014915128996051612
                    ]
                },
                {
                    "type": "tuple",
                    "values": [
                        -0.01206819822344978,
                        0.012537589188262907
                    ]
                },
                {
                    "type": "tuple",
                    "values": [
                        -0.006954157051476717,
                        0.009944048196897936
                    ]
                },
                {
                    "type": "tuple",
                    "values": [
                        -0.007001909485819078,
                        0.01293673280660048
                    ]
                },
                {
                    "type": "tuple",
                    "values": [
                        -0.01389800935983,
                        0.00999237368401344
                    ]
                }
            ]
        },
        "median_pdf_sample": {
            "type": "instance",
            "class_path": "autofit.non_linear.samples.sample.Sample",
            "arguments": {
                "log_likelihood": -12.349159751597076,
                "log_prior": 0.0,
                "weight": 0.0009968770506774975,
                "kwargs": {
                    "type": "dict",
                    "arguments": {
                        "ellipses.0.ell_comps.ell_comps_0": 0.010536073264299508,
                        "ellipses.0.ell_comps.ell_comps_1": 0.09882721651117346,
                        "multipoles.0.multipole_1.multipole_comps.multipole_comps_0": 0.00686268024326379,
                        "multipoles.0.multipole_1.multipole_comps.multipole_comps_1": 0.0046938468549648305,
                        "multipoles.0.multipole_3.multipole_comps.multipole_comps_0": 0.00047313205454269547,
                        "multipoles.0.multipole_3.multipole_comps.multipole_comps_1": 0.001068562218859453,
                        "multipoles.0.multipole_4.multipole_comps.multipole_comps_0": 0.0032462808591566597,
                        "multipoles.0.multipole_4.multipole_comps.multipole_comps_1": -0.002406548806099278
                    }
                }
            }
        },
        "values_at_sigma_1": {
            "type": "list",
            "values": [
                {
                    "type": "tuple",
                    "values": [
                        0.006910587987065389,
                        0.014191740171936168
                    ]
                },
                {
                    "type": "tuple",
                    "values": [
                        0.09461715623373816,
                        0.10276767745319
                    ]
                },
                {
                    "type": "tuple",
                    "values": [
                        0.00365667637928,
                        0.01021562750658897
                    ]
                },
                {
                    "type": "tuple",
                    "values": [
                        0.001562165431932955,
                        0.008325390922906462
                    ]
                },
                {
                    "type": "tuple",
                    "values": [
                        -0.00289499990548,
                        0.004388889180078566
                    ]
                },
                {
                    "type": "tuple",
                    "values": [
                        -0.0017814936590026724,
                        0.0038092119101405726
                    ]
                },
                {
                    "type": "tuple",
                    "values": [
                        0.00037801992090826794,
                        0.006421344064431999
                    ]
                },
                {
                    "type": "tuple",
                    "values": [
                        -0.00609338962303,
                        0.0018758276544189275
                    ]
                }
            ]
        },
        "errors_at_sigma_1": {
            "type": "list",
            "values": [
                {
                    "type": "tuple",
                    "values": [
                        0.003625485277234119,
                        0.0036556669076366604
                    ]
                },
                {
                    "type": "tuple",
                    "values": [
                        0.0042100602774352985,
                        0.003940460942016541
                    ]
                },
                {
                    "type": "tuple",
                    "values": [
                        0.0032060038639837897,
                        0.0033529472633251805
                    ]
                },
                {
                    "type": "tuple",
                    "values": [
                        0.0031316814230318755,
                        0.003631544067941631
                    ]
                },
                {
                    "type": "tuple",
                    "values": [
                        0.003368131960022696,
                        0.0039157571255358705
                    ]
                },
                {
                    "type": "tuple",
                    "values": [
                        0.0028500558778621257,
                        0.0027406496912811195
                    ]
                },
                {
                    "type": "tuple",
                    "values": [
                        0.002868260938248392,
                        0.003175063205275339
                    ]
                },
                {
                    "type": "tuple",
                    "values": [
                        0.003686840816930722,
                        0.004282376460518206
                    ]
                }
            ]
        },
        "errors_at_sigma_3": {
            "type": "list",
            "values": [
                {
                    "type": "tuple",
                    "values": [
                        0.011289110209479508,
                        0.01204668136756049
                    ]
                },
                {
                    "type": "tuple",
                    "values": [
                        0.011921801822660644,
                        0.011082468010614771
                    ]
                },
                {
                    "type": "tuple",
                    "values": [
                        0.009247246280950867,
                        0.009886767439597665
                    ]
                },
                {
                    "type": "tuple",
                    "values": [
                        0.009847361856420881,
                        0.010221282141086783
                    ]
                },
                {
                    "type": "tuple",
                    "values": [
                        0.012541330277992476,
                        0.012064457133720211
                    ]
                },
                {
                    "type": "tuple",
                    "values": [
                        0.00802271927033617,
                        0.008875485978038482
                    ]
                },
                {
                    "type": "tuple",
                    "values": [
                        0.010248190344975738,
                        0.00969045194744382
                    ]
                },
                {
                    "type": "tuple",
                    "values": [
                        0.011491460553730723,
                        0.012398922490112717
                    ]
                }
            ]
        },
        "log_evidence": -41.392942367273776
    }
}