{
    "type": "instance",
    "class_path": "autofit.non_linear.samples.summary.SamplesSummary",
    "arguments": {
        "median_pdf_sample": {
            "type": "instance",
            "class_path": "autofit.non_linear.samples.sample.Sample",
            "arguments": {
                "log_likelihood": -53.35570057220689,
                "log_prior": 0.0,
                "weight": 0.0009919773748470458,
                "kwargs": {
                    "type": "dict",
                    "arguments": {
                        "ellipses.0.ell_comps.ell_comps_0": -0.16649581249917,
                        "ellipses.0.ell_comps.ell_comps_1": -0.08882341308417
                    }
                }
            }
        },
        "model": null,
        "errors_at_sigma_3": {
            "type": "list",
            "values": [
                {
                    "type": "tuple",
                    "values": [
                        0.017379742867716763,
                        0.02300250220922001
                    ]
                },
                {
                    "type": "tuple",
                    "values": [
                        0.035817859806110006,
                        0.010568167759329991
                    ]
                }
            ]
        },
        "values_at_sigma_1": {
            "type": "list",
            "values": [
                {
                    "type": "tuple",
                    "values": [
                        -0.1689955110109539,
                        -0.1652280911053575
                    ]
                },
                {
                    "type": "tuple",
                    "values": [
                        -0.09168266296184,
                        -0.0865915107152102
                    ]
                }
            ]
        },
        "log_evidence": -64.21220297299442,
        "max_log_likelihood_sample": {
            "type": "instance",
            "class_path": "autofit.non_linear.samples.sample.Sample",
            "arguments": {
                "log_likelihood": -53.35570057220689,
                "log_prior": 0.0,
                "weight": 0.0009919773748470458,
                "kwargs": {
                    "type": "dict",
                    "arguments": {
                        "ellipses.0.ell_comps.ell_comps_0": -0.16569937589026,
                        "ellipses.0.ell_comps.ell_comps_1": -0.09138621524216
                    }
                }
            }
        },
        "errors_at_sigma_1": {
            "type": "list",
            "values": [
                {
                    "type": "tuple",
                    "values": [
                        0.0024996985117838877,
                        0.0012677213938125098
                    ]
                },
                {
                    "type": "tuple",
                    "values": [
                        0.0028592498776700004,
                        0.002231902368959801
                    ]
                }
            ]
        },
        "values_at_sigma_3": {
            "type": "list",
            "values": [
                {
                    "type": "tuple",
                    "values": [
                        -0.18387555536688677,
                        -0.14349331028995
                    ]
                },
                {
                    "type": "tuple",
                    "values": [
                        -0.12464127289028,
                        -0.07825524532484
                    ]
                }
            ]
        }
    }
}