{
    "type": "instance",
    "class_path": "autofit.non_linear.samples.summary.SamplesSummary",
    "arguments": {
        "model": null,
        "errors_at_sigma_1": {
            "type": "list",
            "values": [
                {
                    "type": "tuple",
                    "values": [
                        0.056109592866031656,
                        0.025088164752178344
                    ]
                },
                {
                    "type": "tuple",
                    "values": [
                        0.014729956834386188,
                        0.030477360233654636
                    ]
                },
                {
                    "type": "tuple",
                    "values": [
                        0.04379307429451,
                        0.035569020559535626
                    ]
                },
                {
                    "type": "tuple",
                    "values": [
                        0.03984321189396863,
                        0.05794724798514
                    ]
                },
                {
                    "type": "tuple",
                    "values": [
                        0.04535725363815305,
                        0.04599801670585695
                    ]
                },
                {
                    "type": "tuple",
                    "values": [
                        0.04313258655399108,
                        0.03935677610181892
                    ]
                }
            ]
        },
        "errors_at_sigma_3": {
            "type": "list",
            "values": [
                {
                    "type": "tuple",
                    "values": [
                        0.11596964005701924,
                        0.05943133865359535
                    ]
                },
                {
                    "type": "tuple",
                    "values": [
                        0.05510673758405553,
                        0.07124467984005847
                    ]
                },
                {
                    "type": "tuple",
                    "values": [
                        0.090833142473625,
                        0.08462653791199135
                    ]
                },
                {
                    "type": "tuple",
                    "values": [
                        0.09589931556104951,
                        0.09878646516313999
                    ]
                },
                {
                    "type": "tuple",
                    "values": [
                        0.09442525532435304,
                        0.10381455978793695
                    ]
                },
                {
                    "type": "tuple",
                    "values": [
                        0.13055151899405107,
                        0.057001156677408925
                    ]
                }
            ]
        },
        "max_log_likelihood_sample": {
            "type": "instance",
            "class_path": "autofit.non_linear.samples.sample.Sample",
            "arguments": {
                "log_likelihood": -17.14976839014316,
                "log_prior": 0.0,
                "weight": 0.0010246002019201161,
                "kwargs": {
                    "type": "dict",
                    "arguments": {
                        "ellipses.0.ell_comps.ell_comps_0": 0.02849308245966,
                        "ellipses.0.ell_comps.ell_comps_1": -0.06769741008561,
                        "multipoles.0.multipole_3.multipole_comps.multipole_comps_0": -0.05341194650034,
                        "multipoles.0.multipole_3.multipole_comps.multipole_comps_1": -0.02780833671218,
                        "multipoles.0.multipole_4.multipole_comps.multipole_comps_0": 0.06968435630505,
                        "multipoles.0.multipole_4.multipole_comps.multipole_comps_1": 0.03666077702517
                    }
                }
            }
        },
        "median_pdf_sample": {
            "type": "instance",
            "class_path": "autofit.non_linear.samples.sample.Sample",
            "arguments": {
                "log_likelihood": -17.14976839014316,
                "log_prior": 0.0,
                "weight": 0.0010246002019201161,
                "kwargs": {
                    "type": "dict",
                    "arguments": {
                        "ellipses.0.ell_comps.ell_comps_0": 0.009985991920741654,
                        "ellipses.0.ell_comps.ell_comps_1": -0.058537251441464475,
                        "multipoles.0.multipole_3.multipole_comps.multipole_comps_0": -0.00824074497286,
                        "multipoles.0.multipole_3.multipole_comps.multipole_comps_1": 0.00058552835826,
                        "multipoles.0.multipole_4.multipole_comps.multipole_comps_0": -0.0051886102532969465,
                        "multipoles.0.multipole_4.multipole_comps.multipole_comps_1": 0.04236846182115108
                    }
                }
            }
        },
        "values_at_sigma_1": {
            "type": "list",
            "values": [
                {
                    "type": "tuple",
                    "values": [
                        -0.04612360094529,
                        0.03507415667292
                    ]
                },
                {
                    "type": "tuple",
                    "values": [
                        -0.07326720827585066,
                        -0.02805989120780984
                    ]
                },
                {
                    "type": "tuple",
                    "values": [
                        -0.05203381926737,
                        0.027328275586675627
                    ]
                },
                {
                    "type": "tuple",
                    "values": [
                        -0.03925768353570863,
                        0.0585327763434
                    ]
                },
                {
                    "type": "tuple",
                    "values": [
                        -0.05054586389145,
                        0.04080940645256
                    ]
                },
                {
                    "type": "tuple",
                    "values": [
                        -0.00076412473284,
                        0.08172523792297
                    ]
                }
            ]
        },
        "log_evidence": -29.54610728794222,
        "values_at_sigma_3": {
            "type": "list",
            "values": [
                {
                    "type": "tuple",
                    "values": [
                        -0.10598364813627759,
                        0.06941733057433701
                    ]
                },
                {
                    "type": "tuple",
                    "values": [
                        -0.11364398902552,
                        0.012707428398593998
                    ]
                },
                {
                    "type": "tuple",
                    "values": [
                        -0.099073887446485,
                        0.07638579293913135
                    ]
                },
                {
                    "type": "tuple",
                    "values": [
                        -0.0953137872027895,
                        0.0993719935214
                    ]
                },
                {
                    "type": "tuple",
                    "values": [
                        -0.09961386557765,
                        0.09862594953464
                    ]
                },
                {
                    "type": "tuple",
                    "values": [
                        -0.0881830571729,
                        0.09936961849856
                    ]
                }
            ]
        }
    }
}