{
    "type": "instance",
    "class_path": "autofit.non_linear.samples.summary.SamplesSummary",
    "arguments": {
        "values_at_sigma_1": {
            "type": "list",
            "values": [
                {
                    "type": "tuple",
                    "values": [
                        -0.012530842046792248,
                        -0.00631988989695
                    ]
                },
                {
                    "type": "tuple",
                    "values": [
                        -0.04212286374875467,
                        -0.034635868365129135
                    ]
                },
                {
                    "type": "tuple",
                    "values": [
                        -0.009269430546516681,
                        -0.003470632243355711
                    ]
                },
                {
                    "type": "tuple",
                    "values": [
                        -0.002790758098496815,
                        0.00312487486353
                    ]
                },
                {
                    "type": "tuple",
                    "values": [
                        -0.00286310190321,
                        0.00347559949757
                    ]
                },
                {
                    "type": "tuple",
                    "values": [
                        -0.0043936059683775,
                        0.0009241299199428346
                    ]
                },
                {
                    "type": "tuple",
                    "values": [
                        0.00147823003912,
                        0.00811379851302056
                    ]
                },
                {
                    "type": "tuple",
                    "values": [
                        -0.0009429826478734546,
                        0.007233445973388046
                    ]
                }
            ]
        },
        "median_pdf_sample": {
            "type": "instance",
            "class_path": "autofit.non_linear.samples.sample.Sample",
            "arguments": {
                "log_likelihood": -10.991978610943068,
                "log_prior": 0.0,
                "weight": 0.0009649455301657332,
                "kwargs": {
                    "type": "dict",
                    "arguments": {
                        "ellipses.0.ell_comps.ell_comps_0": -0.00922311807037483,
                        "ellipses.0.ell_comps.ell_comps_1": -0.03828512470832,
                        "multipoles.0.multipole_1.multipole_comps.multipole_comps_0": -0.006400717210811393,
                        "multipoles.0.multipole_1.multipole_comps.multipole_comps_1": 0.00030125561568863853,
                        "multipoles.0.multipole_3.multipole_comps.multipole_comps_0": 0.00036243445203859554,
                        "multipoles.0.multipole_3.multipole_comps.multipole_comps_1": -0.00204168041228,
                        "multipoles.0.multipole_4.multipole_comps.multipole_comps_0": 0.00465824079083,
                        "multipoles.0.multipole_4.multipole_comps.multipole_comps_1": 0.00298952160265
                    }
                }
            }
        },
        "max_log_likelihood_sample": {
            "type": "instance",
            "class_path": "autofit.non_linear.samples.sample.Sample",
            "arguments": {
                "log_likelihood": -10.991978610943068,
                "log_prior": 0.0,
                "weight": 0.0009649455301657332,
                "kwargs": {
                    "type": "dict",
                    "arguments": {
                        "ellipses.0.ell_comps.ell_comps_0": -0.00933847935642,
                        "ellipses.0.ell_comps.ell_comps_1": -0.03956760428158,
                        "multipoles.0.multipole_1.multipole_comps.multipole_comps_0": -0.00766131099208,
                        "multipoles.0.multipole_1.multipole_comps.multipole_comps_1": 0.00049908944278,
                        "multipoles.0.multipole_3.multipole_comps.multipole_comps_0": 0.00012501472653,
                        "multipoles.0.multipole_3.multipole_comps.multipole_comps_1": -0.00244304347383,
                        "multipoles.0.multipole_4.multipole_comps.multipole_comps_0": 0.00506913300585,
                        "multipoles.0.multipole_4.multipole_comps.multipole_comps_1": 0.00421719777871
                    }
                }
            }
        },
        "model": null,
        "log_evidence": -41.56787158323844,
        "errors_at_sigma_3": {
            "type": "list",
            "values": [
                {
                    "type": "tuple",
                    "values": [
                        0.00943537954832692,
                        0.009701463165515857
                    ]
                },
                {
                    "type": "tuple",
                    "values": [
                        0.010542717508993903,
                        0.01016251915117495
                    ]
                },
                {
                    "type": "tuple",
                    "values": [
                        0.00870213074254393,
                        0.008598646482400388
                    ]
                },
                {
                    "type": "tuple",
                    "values": [
                        0.008105758133000601,
                        0.009077910518803332
                    ]
                },
                {
                    "type": "tuple",
                    "values": [
                        0.009007382585218595,
                        0.009016124899391404
                    ]
                },
                {
                    "type": "tuple",
                    "values": [
                        0.007819451665959242,
                        0.007445525500484112
                    ]
                },
                {
                    "type": "tuple",
                    "values": [
                        0.00898296719032,
                        0.00951854874852024
                    ]
                },
                {
                    "type": "tuple",
                    "values": [
                        0.009650109654543517,
                        0.010137743061476669
                    ]
                }
            ]
        },
        "values_at_sigma_3": {
            "type": "list",
            "values": [
                {
                    "type": "tuple",
                    "values": [
                        -0.01865849761870175,
                        0.0004783450951410263
                    ]
                },
                {
                    "type": "tuple",
                    "values": [
                        -0.0488278422173139,
                        -0.028122605557145047
                    ]
                },
                {
                    "type": "tuple",
                    "values": [
                        -0.015102847953355323,
                        0.0021979292715889947
                    ]
                },
                {
                    "type": "tuple",
                    "values": [
                        -0.007804502517311962,
                        0.009379166134491971
                    ]
                },
                {
                    "type": "tuple",
                    "values": [
                        -0.00864494813318,
                        0.00937855935143
                    ]
                },
                {
                    "type": "tuple",
                    "values": [
                        -0.009861132078239243,
                        0.0054038450882041116
                    ]
                },
                {
                    "type": "tuple",
                    "values": [
                        -0.00432472639949,
                        0.01417678953935024
                    ]
                },
                {
                    "type": "tuple",
                    "values": [
                        -0.006660588051893517,
                        0.013127264664126668
                    ]
                }
            ]
        },
        "errors_at_sigma_1": {
            "type": "list",
            "values": [
                {
                    "type": "tuple",
                    "values": [
                        0.0033077239764174177,
                        0.00290322817342483
                    ]
                },
                {
                    "type": "tuple",
                    "values": [
                        0.003837739040434676,
                        0.003649256343190861
                    ]
                },
                {
                    "type": "tuple",
                    "values": [
                        0.0028687133357052884,
                        0.002930084967455682
                    ]
                },
                {
                    "type": "tuple",
                    "values": [
                        0.003092013714185453,
                        0.0028236192478413615
                    ]
                },
                {
                    "type": "tuple",
                    "values": [
                        0.0032255363552485955,
                        0.003113165045531405
                    ]
                },
                {
                    "type": "tuple",
                    "values": [
                        0.0023519255560974996,
                        0.002965810332222835
                    ]
                },
                {
                    "type": "tuple",
                    "values": [
                        0.0031800107517099994,
                        0.0034555577221905606
                    ]
                },
                {
                    "type": "tuple",
                    "values": [
                        0.003932504250523454,
                        0.004243924370738046
                    ]
                }
            ]
        }
    }
}