{
    "type": "instance",
    "class_path": "autofit.non_linear.samples.summary.SamplesSummary",
    "arguments": {
        "max_log_likelihood_sample": {
            "type": "instance",
            "class_path": "autofit.non_linear.samples.sample.Sample",
            "arguments": {
                "log_likelihood": -73.17343904576887,
                "log_prior": 0.0,
                "weight": 0.0010070010742373918,
                "kwargs": {
                    "type": "dict",
                    "arguments": {
                        "ellipses.0.ell_comps.ell_comps_0": -0.35947172185474,
                        "ellipses.0.ell_comps.ell_comps_1": -0.08630290544632,
                        "multipoles.0.multipole_1.multipole_comps.multipole_comps_0": -0.02026479374065,
                        "multipoles.0.multipole_1.multipole_comps.multipole_comps_1": 0.00365187241329,
                        "multipoles.0.multipole_3.multipole_comps.multipole_comps_0": 0.006039312638,
                        "multipoles.0.multipole_3.multipole_comps.multipole_comps_1": -0.00257627853279,
                        "multipoles.0.multipole_4.multipole_comps.multipole_comps_0": -0.0432224221597,
                        "multipoles.0.multipole_4.multipole_comps.multipole_comps_1": 0.02113912758599
                    }
                }
            }
        },
        "errors_at_sigma_1": {
            "type": "list",
            "values": [
                {
                    "type": "tuple",
                    "values": [
                        0.0017984517213514573,
                        0.0027190665779148193
                    ]
                },
                {
                    "type": "tuple",
                    "values": [
                        0.0022466027305124703,
                        0.0020040359755037207
                    ]
                },
                {
                    "type": "tuple",
                    "values": [
                        0.005243047282239354,
                        0.0056527666811577
                    ]
                },
                {
                    "type": "tuple",
                    "values": [
                        0.0029839509086960142,
                        0.002926191439901237
                    ]
                },
                {
                    "type": "tuple",
                    "values": [
                        0.004098147904183288,
                        0.0037398732876353577
                    ]
                },
                {
                    "type": "tuple",
                    "values": [
                        0.004388822180689893,
                        0.004143218496841116
                    ]
                },
                {
                    "type": "tuple",
                    "values": [
                        0.0035416750240995984,
                        0.003784039945445565
                    ]
                },
                {
                    "type": "tuple",
                    "values": [
                        0.0037055283859629487,
                        0.0038567435795128814
                    ]
                }
            ]
        },
        "values_at_sigma_1": {
            "type": "list",
            "values": [
                {
                    "type": "tuple",
                    "values": [
                        -0.3602360461609,
                        -0.3557185278616337
                    ]
                },
                {
                    "type": "tuple",
                    "values": [
                        -0.0900262171869362,
                        -0.08577557848092
                    ]
                },
                {
                    "type": "tuple",
                    "values": [
                        -0.02294654984822512,
                        -0.012050735884828065
                    ]
                },
                {
                    "type": "tuple",
                    "values": [
                        -0.0013743688868072506,
                        0.00453577346179
                    ]
                },
                {
                    "type": "tuple",
                    "values": [
                        0.0004764140567667115,
                        0.008314435248585357
                    ]
                },
                {
                    "type": "tuple",
                    "values": [
                        -0.004782129475749893,
                        0.003749911201781116
                    ]
                },
                {
                    "type": "tuple",
                    "values": [
                        -0.04473895461003,
                        -0.03741323964048484
                    ]
                },
                {
                    "type": "tuple",
                    "values": [
                        0.01810915072069705,
                        0.02567142268617288
                    ]
                }
            ]
        },
        "log_evidence": -102.46291915345324,
        "values_at_sigma_3": {
            "type": "list",
            "values": [
                {
                    "type": "tuple",
                    "values": [
                        -0.36352571866557065,
                        -0.3502478348850026
                    ]
                },
                {
                    "type": "tuple",
                    "values": [
                        -0.094314372252,
                        -0.08284275322495266
                    ]
                },
                {
                    "type": "tuple",
                    "values": [
                        -0.03406961530598,
                        -0.002856511534975531
                    ]
                },
                {
                    "type": "tuple",
                    "values": [
                        -0.008377255438058982,
                        0.01105232360421
                    ]
                },
                {
                    "type": "tuple",
                    "values": [
                        -0.00498332285596,
                        0.015361368784670678
                    ]
                },
                {
                    "type": "tuple",
                    "values": [
                        -0.012196090309416912,
                        0.013321159328890124
                    ]
                },
                {
                    "type": "tuple",
                    "values": [
                        -0.05207854083931,
                        -0.02828473047449
                    ]
                },
                {
                    "type": "tuple",
                    "values": [
                        0.0117338117537,
                        0.03301595579076741
                    ]
                }
            ]
        },
        "errors_at_sigma_3": {
            "type": "list",
            "values": [
                {
                    "type": "tuple",
                    "values": [
                        0.005088124226022117,
                        0.008189759554545928
                    ]
                },
                {
                    "type": "tuple",
                    "values": [
                        0.006534757795576274,
                        0.004936861231471065
                    ]
                },
                {
                    "type": "tuple",
                    "values": [
                        0.016366112739994238,
                        0.014846991031010233
                    ]
                },
                {
                    "type": "tuple",
                    "values": [
                        0.009986837459947745,
                        0.009442741582321237
                    ]
                },
                {
                    "type": "tuple",
                    "values": [
                        0.00955788481691,
                        0.010786806823720678
                    ]
                },
                {
                    "type": "tuple",
                    "values": [
                        0.011802783014356912,
                        0.013714466623950124
                    ]
                },
                {
                    "type": "tuple",
                    "values": [
                        0.010881261253379598,
                        0.012912549111440404
                    ]
                },
                {
                    "type": "tuple",
                    "values": [
                        0.01008086735296,
                        0.01120127668410741
                    ]
                }
            ]
        },
        "model": null,
        "median_pdf_sample": {
            "type": "instance",
            "class_path": "autofit.non_linear.samples.sample.Sample",
            "arguments": {
                "log_likelihood": -73.17343904576887,
                "log_prior": 0.0,
                "weight": 0.0010070010742373918,
                "kwargs": {
                    "type": "dict",
                    "arguments": {
                        "ellipses.0.ell_comps.ell_comps_0": -0.35843759443954853,
                        "ellipses.0.ell_comps.ell_comps_1": -0.08777961445642372,
                        "multipoles.0.multipole_1.multipole_comps.multipole_comps_0": -0.017703502565985765,
                        "multipoles.0.multipole_1.multipole_comps.multipole_comps_1": 0.0016095820218887636,
                        "multipoles.0.multipole_3.multipole_comps.multipole_comps_0": 0.00457456196095,
                        "multipoles.0.multipole_3.multipole_comps.multipole_comps_1": -0.00039330729506,
                        "multipoles.0.multipole_4.multipole_comps.multipole_comps_0": -0.041197279585930405,
                        "multipoles.0.multipole_4.multipole_comps.multipole_comps_1": 0.02181467910666
                    }
                }
            }
        }
    }
}