{
    "type": "instance",
    "class_path": "autofit.non_linear.samples.summary.SamplesSummary",
    "arguments": {
        "values_at_sigma_1": {
            "type": "list",
            "values": [
                {
                    "type": "tuple",
                    "values": [
                        -0.007293715861485227,
                        4.973766797e-05
                    ]
                },
                {
                    "type": "tuple",
                    "values": [
                        -0.00882198446707,
                        0.00378452691943
                    ]
                },
                {
                    "type": "tuple",
                    "values": [
                        -0.02503037052613343,
                        0.0011623443286
                    ]
                },
                {
                    "type": "tuple",
                    "values": [
                        0.09246879622374875,
                        0.10789297279688
                    ]
                },
                {
                    "type": "tuple",
                    "values": [
                        -0.00608462689981,
                        0.01429195519626
                    ]
                },
                {
                    "type": "tuple",
                    "values": [
                        0.05944549032526,
                        0.1130881454702
                    ]
                },
                {
                    "type": "tuple",
                    "values": [
                        0.13475789542174,
                        0.14529014160335763
                    ]
                },
                {
                    "type": "tuple",
                    "values": [
                        0.009048841136175078,
                        0.03568955941606
                    ]
                },
                {
                    "type": "tuple",
                    "values": [
                        0.11571181298081727,
                        0.14813927373915367
                    ]
                },
                {
                    "type": "tuple",
                    "values": [
                        0.02221337097987,
                        0.09628033280156882
                    ]
                },
                {
                    "type": "tuple",
                    "values": [
                        -0.18880374002539,
                        -0.00679088860886
                    ]
                },
                {
                    "type": "tuple",
                    "values": [
                        0.21933822106139,
                        0.2290158120985
                    ]
                }
            ]
        },
        "errors_at_sigma_3": {
            "type": "list",
            "values": [
                {
                    "type": "tuple",
                    "values": [
                        0.0025436612263099994,
                        0.00800744030919
                    ]
                },
                {
                    "type": "tuple",
                    "values": [
                        0.003780813915629291,
                        0.012775427788303973
                    ]
                },
                {
                    "type": "tuple",
                    "values": [
                        0.03032255582201331,
                        0.012492200900473208
                    ]
                },
                {
                    "type": "tuple",
                    "values": [
                        0.024396855587018346,
                        0.01975661924509009
                    ]
                },
                {
                    "type": "tuple",
                    "values": [
                        0.03325307298185,
                        0.02966969614265816
                    ]
                },
                {
                    "type": "tuple",
                    "values": [
                        0.02297165126005131,
                        0.059311212114709785
                    ]
                },
                {
                    "type": "tuple",
                    "values": [
                        0.09185969787695838,
                        0.01327166240571423
                    ]
                },
                {
                    "type": "tuple",
                    "values": [
                        0.04175984752192938,
                        0.1238464133217437
                    ]
                },
                {
                    "type": "tuple",
                    "values": [
                        0.17893222566807,
                        0.010867968806682282
                    ]
                },
                {
                    "type": "tuple",
                    "values": [
                        0.06692291079339374,
                        0.11251589998452625
                    ]
                },
                {
                    "type": "tuple",
                    "values": [
                        0.009850964670908596,
                        0.5181007081039938
                    ]
                },
                {
                    "type": "tuple",
                    "values": [
                        0.3025516825358252,
                        0.21134361653651945
                    ]
                }
            ]
        },
        "model": null,
        "max_log_likelihood_sample": {
            "type": "instance",
            "class_path": "autofit.non_linear.samples.sample.Sample",
            "arguments": {
                "log_likelihood": -114.80901419965657,
                "log_prior": 0.0,
                "weight": 0.0010150152175990215,
                "kwargs": {
                    "type": "dict",
                    "arguments": {
                        "ellipses.ellipse_4.centre.centre_0": -0.00487486977585,
                        "ellipses.ellipse_4.centre.centre_1": -0.0025516955883,
                        "ellipses.ellipse_0.ell_comps.ell_comps_0": -0.01056250398853,
                        "ellipses.ellipse_0.ell_comps.ell_comps_1": 0.10704285730149,
                        "ellipses.ellipse_1.ell_comps.ell_comps_0": 0.01025268711805,
                        "ellipses.ellipse_1.ell_comps.ell_comps_1": 0.07300168725154,
                        "ellipses.ellipse_2.ell_comps.ell_comps_0": 0.14427303755075,
                        "ellipses.ellipse_2.ell_comps.ell_comps_1": 0.02213382231006,
                        "ellipses.ellipse_3.ell_comps.ell_comps_0": 0.14669182779295,
                        "ellipses.ellipse_3.ell_comps.ell_comps_1": 0.03092669463276,
                        "ellipses.ellipse_4.ell_comps.ell_comps_0": -0.1862173295127,
                        "ellipses.ellipse_4.ell_comps.ell_comps_1": 0.2266368052241
                    }
                }
            }
        },
        "errors_at_sigma_1": {
            "type": "list",
            "values": [
                {
                    "type": "tuple",
                    "values": [
                        0.0010714298330852271,
                        0.00627202369637
                    ]
                },
                {
                    "type": "tuple",
                    "values": [
                        0.0017186091328800007,
                        0.01088790225362
                    ]
                },
                {
                    "type": "tuple",
                    "values": [
                        0.02153846144176674,
                        0.004654253412966692
                    ]
                },
                {
                    "type": "tuple",
                    "values": [
                        0.007947320455106488,
                        0.007476856118024761
                    ]
                },
                {
                    "type": "tuple",
                    "values": [
                        0.01033624094038,
                        0.01004034115569
                    ]
                },
                {
                    "type": "tuple",
                    "values": [
                        0.011954058083713956,
                        0.041688597061226046
                    ]
                },
                {
                    "type": "tuple",
                    "values": [
                        0.006331490272248386,
                        0.004200755909369247
                    ]
                },
                {
                    "type": "tuple",
                    "values": [
                        0.01044231846253492,
                        0.016198399817350002
                    ]
                },
                {
                    "type": "tuple",
                    "values": [
                        0.028936996800862716,
                        0.003490463957473683
                    ]
                },
                {
                    "type": "tuple",
                    "values": [
                        0.0066974717028537405,
                        0.06736949011884508
                    ]
                },
                {
                    "type": "tuple",
                    "values": [
                        0.0035455772062699953,
                        0.17846727421025999
                    ]
                },
                {
                    "type": "tuple",
                    "values": [
                        0.00716214737613996,
                        0.002515443660970035
                    ]
                }
            ]
        },
        "median_pdf_sample": {
            "type": "instance",
            "class_path": "autofit.non_linear.samples.sample.Sample",
            "arguments": {
                "log_likelihood": -114.80901419965657,
                "log_prior": 0.0,
                "weight": 0.0010150152175990215,
                "kwargs": {
                    "type": "dict",
                    "arguments": {
                        "ellipses.ellipse_4.centre.centre_0": -0.0062222860284,
                        "ellipses.ellipse_4.centre.centre_1": -0.00710337533419,
                        "ellipses.ellipse_0.ell_comps.ell_comps_0": -0.003491909084366692,
                        "ellipses.ellipse_0.ell_comps.ell_comps_1": 0.10041611667885524,
                        "ellipses.ellipse_1.ell_comps.ell_comps_0": 0.00425161404057,
                        "ellipses.ellipse_1.ell_comps.ell_comps_1": 0.07139954840897396,
                        "ellipses.ellipse_2.ell_comps.ell_comps_0": 0.14108938569398838,
                        "ellipses.ellipse_2.ell_comps.ell_comps_1": 0.01949115959871,
                        "ellipses.ellipse_3.ell_comps.ell_comps_0": 0.14464880978168,
                        "ellipses.ellipse_3.ell_comps.ell_comps_1": 0.02891084268272374,
                        "ellipses.ellipse_4.ell_comps.ell_comps_0": -0.18525816281912,
                        "ellipses.ellipse_4.ell_comps.ell_comps_1": 0.22650036843752996
                    }
                }
            }
        },
        "values_at_sigma_3": {
            "type": "list",
            "values": [
                {
                    "type": "tuple",
                    "values": [
                        -0.00876594725471,
                        0.00178515428079
                    ]
                },
                {
                    "type": "tuple",
                    "values": [
                        -0.010884189249819291,
                        0.0056720524541139725
                    ]
                },
                {
                    "type": "tuple",
                    "values": [
                        -0.03381446490638,
                        0.009000291816106516
                    ]
                },
                {
                    "type": "tuple",
                    "values": [
                        0.07601926109183689,
                        0.12017273592394533
                    ]
                },
                {
                    "type": "tuple",
                    "values": [
                        -0.02900145894128,
                        0.03392131018322816
                    ]
                },
                {
                    "type": "tuple",
                    "values": [
                        0.04842789714892265,
                        0.13071076052368374
                    ]
                },
                {
                    "type": "tuple",
                    "values": [
                        0.04922968781703,
                        0.1543610480997026
                    ]
                },
                {
                    "type": "tuple",
                    "values": [
                        -0.022268687923219375,
                        0.1433375729204537
                    ]
                },
                {
                    "type": "tuple",
                    "values": [
                        -0.03428341588639,
                        0.15551677858836227
                    ]
                },
                {
                    "type": "tuple",
                    "values": [
                        -0.03801206811067,
                        0.14142674266725
                    ]
                },
                {
                    "type": "tuple",
                    "values": [
                        -0.1951091274900286,
                        0.3328425452848738
                    ]
                },
                {
                    "type": "tuple",
                    "values": [
                        -0.07605131409829526,
                        0.4378439849740494
                    ]
                }
            ]
        },
        "log_evidence": -152.39969623283974
    }
}