{
    "type": "instance",
    "class_path": "autofit.non_linear.samples.summary.SamplesSummary",
    "arguments": {
        "values_at_sigma_3": {
            "type": "list",
            "values": [
                {
                    "type": "tuple",
                    "values": [
                        0.01884294562337,
                        0.038461252379243985
                    ]
                },
                {
                    "type": "tuple",
                    "values": [
                        -0.12270004018374,
                        -0.10619836033149212
                    ]
                }
            ]
        },
        "values_at_sigma_1": {
            "type": "list",
            "values": [
                {
                    "type": "tuple",
                    "values": [
                        0.02608122113552,
                        0.03231449277504
                    ]
                },
                {
                    "type": "tuple",
                    "values": [
                        -0.11675463192753824,
                        -0.1114956706691
                    ]
                }
            ]
        },
        "max_log_likelihood_sample": {
            "type": "instance",
            "class_path": "autofit.non_linear.samples.sample.Sample",
            "arguments": {
                "log_likelihood": -6.056104005100447,
                "log_prior": 0.0,
                "weight": 0.0009810859204498154,
                "kwargs": {
                    "type": "dict",
                    "arguments": {
                        "ellipses.0.ell_comps.ell_comps_0": 0.02866410227409,
                        "ellipses.0.ell_comps.ell_comps_1": -0.11463026309177
                    }
                }
            }
        },
        "model": null,
        "errors_at_sigma_1": {
            "type": "list",
            "values": [
                {
                    "type": "tuple",
                    "values": [
                        0.0030189371435999993,
                        0.0032143344959199988
                    ]
                },
                {
                    "type": "tuple",
                    "values": [
                        0.0023822965494551124,
                        0.002876664708983123
                    ]
                }
            ]
        },
        "errors_at_sigma_3": {
            "type": "list",
            "values": [
                {
                    "type": "tuple",
                    "values": [
                        0.010257212655749998,
                        0.009361094100123986
                    ]
                },
                {
                    "type": "tuple",
                    "values": [
                        0.00832770480565688,
                        0.008173975046591009
                    ]
                }
            ]
        },
        "log_evidence": -16.689574140237795,
        "median_pdf_sample": {
            "type": "instance",
            "class_path": "autofit.non_linear.samples.sample.Sample",
            "arguments": {
                "log_likelihood": -6.056104005100447,
                "log_prior": 0.0,
                "weight": 0.0009810859204498154,
                "kwargs": {
                    "type": "dict",
                    "arguments": {
                        "ellipses.0.ell_comps.ell_comps_0": 0.02910015827912,
                        "ellipses.0.ell_comps.ell_comps_1": -0.11437233537808313
                    }
                }
            }
        }
    }
}