{
    "type": "instance",
    "class_path": "autofit.non_linear.samples.summary.SamplesSummary",
    "arguments": {
        "values_at_sigma_3": {
            "type": "list",
            "values": [
                {
                    "type": "tuple",
                    "values": [
                        -0.03898981763454642,
                        0.019269183518936465
                    ]
                },
                {
                    "type": "tuple",
                    "values": [
                        -0.12143093731479784,
                        -0.06671602203670628
                    ]
                },
                {
                    "type": "tuple",
                    "values": [
                        -0.19705887563836,
                        0.03011997587202409
                    ]
                },
                {
                    "type": "tuple",
                    "values": [
                        -0.19632080333694,
                        0.04053740894039893
                    ]
                },
                {
                    "type": "tuple",
                    "values": [
                        -0.09993101828369,
                        0.06918526665522245
                    ]
                },
                {
                    "type": "tuple",
                    "values": [
                        -0.09349245500045117,
                        0.09407213805318357
                    ]
                },
                {
                    "type": "tuple",
                    "values": [
                        -0.0994925582287,
                        0.08481680586153938
                    ]
                },
                {
                    "type": "tuple",
                    "values": [
                        -0.07176045436429,
                        0.09709396889125
                    ]
                }
            ]
        },
        "errors_at_sigma_3": {
            "type": "list",
            "values": [
                {
                    "type": "tuple",
                    "values": [
                        0.044421063469836417,
                        0.013837937683646466
                    ]
                },
                {
                    "type": "tuple",
                    "values": [
                        0.011315611431887848,
                        0.04339930384620372
                    ]
                },
                {
                    "type": "tuple",
                    "values": [
                        0.06375904940201332,
                        0.16341980210837076
                    ]
                },
                {
                    "type": "tuple",
                    "values": [
                        0.09344270517868142,
                        0.1434155070986575
                    ]
                },
                {
                    "type": "tuple",
                    "values": [
                        0.05867741354830661,
                        0.11043887139060585
                    ]
                },
                {
                    "type": "tuple",
                    "values": [
                        0.07375892892837117,
                        0.11380566412526356
                    ]
                },
                {
                    "type": "tuple",
                    "values": [
                        0.05028970737626,
                        0.13401965671397936
                    ]
                },
                {
                    "type": "tuple",
                    "values": [
                        0.10804391134787,
                        0.06081051190766999
                    ]
                }
            ]
        },
        "log_evidence": -57.61172730842699,
        "model": null,
        "values_at_sigma_1": {
            "type": "list",
            "values": [
                {
                    "type": "tuple",
                    "values": [
                        -0.02217018717045,
                        0.012749470684347121
                    ]
                },
                {
                    "type": "tuple",
                    "values": [
                        -0.11421323242775,
                        -0.09341690023904
                    ]
                },
                {
                    "type": "tuple",
                    "values": [
                        -0.15411298122642234,
                        -0.10644055902228
                    ]
                },
                {
                    "type": "tuple",
                    "values": [
                        -0.1726381711585437,
                        -0.04761136349722363
                    ]
                },
                {
                    "type": "tuple",
                    "values": [
                        -0.06729642469376,
                        -0.00956644475585
                    ]
                },
                {
                    "type": "tuple",
                    "values": [
                        -0.050193671685435926,
                        0.03282455123579
                    ]
                },
                {
                    "type": "tuple",
                    "values": [
                        -0.07584841060521,
                        -0.027214652154465557
                    ]
                },
                {
                    "type": "tuple",
                    "values": [
                        -0.028823948408986562,
                        0.0694285579883258
                    ]
                }
            ]
        },
        "median_pdf_sample": {
            "type": "instance",
            "class_path": "autofit.non_linear.samples.sample.Sample",
            "arguments": {
                "log_likelihood": -37.75546184275816,
                "log_prior": 0.0,
                "weight": 0.0010442704239837619,
                "kwargs": {
                    "type": "dict",
                    "arguments": {
                        "ellipses.0.ell_comps.ell_comps_0": 0.00543124583529,
                        "ellipses.0.ell_comps.ell_comps_1": -0.11011532588291,
                        "multipoles.0.multipole_1.multipole_comps.multipole_comps_0": -0.13329982623634667,
                        "multipoles.0.multipole_1.multipole_comps.multipole_comps_1": -0.10287809815825857,
                        "multipoles.0.multipole_3.multipole_comps.multipole_comps_0": -0.041253604735383385,
                        "multipoles.0.multipole_3.multipole_comps.multipole_comps_1": -0.01973352607208,
                        "multipoles.0.multipole_4.multipole_comps.multipole_comps_0": -0.04920285085244,
                        "multipoles.0.multipole_4.multipole_comps.multipole_comps_1": 0.03628345698358
                    }
                }
            }
        },
        "errors_at_sigma_1": {
            "type": "list",
            "values": [
                {
                    "type": "tuple",
                    "values": [
                        0.02760143300574,
                        0.007318224849057121
                    ]
                },
                {
                    "type": "tuple",
                    "values": [
                        0.004097906544840005,
                        0.016698425643870002
                    ]
                },
                {
                    "type": "tuple",
                    "values": [
                        0.02081315499007566,
                        0.026859267214066673
                    ]
                },
                {
                    "type": "tuple",
                    "values": [
                        0.06976007300028514,
                        0.05526673466103495
                    ]
                },
                {
                    "type": "tuple",
                    "values": [
                        0.026042819958376616,
                        0.031687159979533384
                    ]
                },
                {
                    "type": "tuple",
                    "values": [
                        0.030460145613355926,
                        0.05255807730787
                    ]
                },
                {
                    "type": "tuple",
                    "values": [
                        0.02664555975277,
                        0.021988198697974443
                    ]
                },
                {
                    "type": "tuple",
                    "values": [
                        0.06510740539256657,
                        0.0331451010047458
                    ]
                }
            ]
        },
        "max_log_likelihood_sample": {
            "type": "instance",
            "class_path": "autofit.non_linear.samples.sample.Sample",
            "arguments": {
                "log_likelihood": -37.75546184275816,
                "log_prior": 0.0,
                "weight": 0.0010442704239837619,
                "kwargs": {
                    "type": "dict",
                    "arguments": {
                        "ellipses.0.ell_comps.ell_comps_0": 0.01566339551386,
                        "ellipses.0.ell_comps.ell_comps_1": -0.10598761344712,
                        "multipoles.0.multipole_1.multipole_comps.multipole_comps_0": -0.07543650971447,
                        "multipoles.0.multipole_1.multipole_comps.multipole_comps_1": -0.02852241407349,
                        "multipoles.0.multipole_3.multipole_comps.multipole_comps_0": 0.03079516881957,
                        "multipoles.0.multipole_3.multipole_comps.multipole_comps_1": 0.07201194828504,
                        "multipoles.0.multipole_4.multipole_comps.multipole_comps_0": -0.00629386611525,
                        "multipoles.0.multipole_4.multipole_comps.multipole_comps_1": 0.04507860934409
                    }
                }
            }
        }
    }
}