{
    "type": "instance",
    "class_path": "autofit.non_linear.samples.summary.SamplesSummary",
    "arguments": {
        "errors_at_sigma_1": {
            "type": "list",
            "values": [
                {
                    "type": "tuple",
                    "values": [
                        0.0025630918496332977,
                        0.0021418350967369604
                    ]
                },
                {
                    "type": "tuple",
                    "values": [
                        0.002201908798027563,
                        0.00279792992095243
                    ]
                },
                {
                    "type": "tuple",
                    "values": [
                        0.01535497983504,
                        0.013414151069681399
                    ]
                },
                {
                    "type": "tuple",
                    "values": [
                        0.02075700381245379,
                        0.014737002131289293
                    ]
                },
                {
                    "type": "tuple",
                    "values": [
                        0.015173336101224483,
                        0.015549403203475788
                    ]
                },
                {
                    "type": "tuple",
                    "values": [
                        0.01605879056664815,
                        0.01440692553305178
                    ]
                },
                {
                    "type": "tuple",
                    "values": [
                        0.005804392057765076,
                        0.02188072856870217
                    ]
                },
                {
                    "type": "tuple",
                    "values": [
                        0.017990029937080765,
                        0.013596479356611313
                    ]
                }
            ]
        },
        "log_evidence": -63.75118506143546,
        "max_log_likelihood_sample": {
            "type": "instance",
            "class_path": "autofit.non_linear.samples.sample.Sample",
            "arguments": {
                "log_likelihood": -39.014947455480005,
                "log_prior": 0.0,
                "weight": 0.0010146870357834624,
                "kwargs": {
                    "type": "dict",
                    "arguments": {
                        "ellipses.0.ell_comps.ell_comps_0": -0.14513765347899,
                        "ellipses.0.ell_comps.ell_comps_1": 0.16498534870472,
                        "multipoles.0.multipole_1.multipole_comps.multipole_comps_0": -0.03544327220472,
                        "multipoles.0.multipole_1.multipole_comps.multipole_comps_1": 0.0096481323141,
                        "multipoles.0.multipole_3.multipole_comps.multipole_comps_0": -0.09423409725103,
                        "multipoles.0.multipole_3.multipole_comps.multipole_comps_1": 0.03531361809946,
                        "multipoles.0.multipole_4.multipole_comps.multipole_comps_0": -0.09912617009995,
                        "multipoles.0.multipole_4.multipole_comps.multipole_comps_1": -0.00543933281178
                    }
                }
            }
        },
        "values_at_sigma_3": {
            "type": "list",
            "values": [
                {
                    "type": "tuple",
                    "values": [
                        -0.15807663441436937,
                        -0.13118810099608
                    ]
                },
                {
                    "type": "tuple",
                    "values": [
                        0.15124114506602832,
                        0.17528420784766
                    ]
                },
                {
                    "type": "tuple",
                    "values": [
                        -0.07669247851657357,
                        0.006176433186213488
                    ]
                },
                {
                    "type": "tuple",
                    "values": [
                        -0.08369681529261977,
                        0.06353822700164474
                    ]
                },
                {
                    "type": "tuple",
                    "values": [
                        -0.09977957567738,
                        -0.00388952741462
                    ]
                },
                {
                    "type": "tuple",
                    "values": [
                        -0.06239491641796,
                        0.0569453079489
                    ]
                },
                {
                    "type": "tuple",
                    "values": [
                        -0.09996788451810118,
                        0.00859364097869
                    ]
                },
                {
                    "type": "tuple",
                    "values": [
                        -0.0525548228939338,
                        0.03685269501210334
                    ]
                }
            ]
        },
        "model": null,
        "values_at_sigma_1": {
            "type": "list",
            "values": [
                {
                    "type": "tuple",
                    "values": [
                        -0.14729969256953027,
                        -0.14259476562316
                    ]
                },
                {
                    "type": "tuple",
                    "values": [
                        0.16243046870302,
                        0.167430307422
                    ]
                },
                {
                    "type": "tuple",
                    "values": [
                        -0.05158308928408,
                        -0.022813958379358602
                    ]
                },
                {
                    "type": "tuple",
                    "values": [
                        -0.019984439510933,
                        0.015509566432810084
                    ]
                },
                {
                    "type": "tuple",
                    "values": [
                        -0.09181513669046,
                        -0.06109239738575973
                    ]
                },
                {
                    "type": "tuple",
                    "values": [
                        0.0009955369964236046,
                        0.031461253096123534
                    ]
                },
                {
                    "type": "tuple",
                    "values": [
                        -0.09692415336188,
                        -0.06923903273541275
                    ]
                },
                {
                    "type": "tuple",
                    "values": [
                        -0.02851101235933208,
                        0.00307549693436
                    ]
                }
            ]
        },
        "median_pdf_sample": {
            "type": "instance",
            "class_path": "autofit.non_linear.samples.sample.Sample",
            "arguments": {
                "log_likelihood": -39.014947455480005,
                "log_prior": 0.0,
                "weight": 0.0010146870357834624,
                "kwargs": {
                    "type": "dict",
                    "arguments": {
                        "ellipses.0.ell_comps.ell_comps_0": -0.14473660071989697,
                        "ellipses.0.ell_comps.ell_comps_1": 0.16463237750104756,
                        "multipoles.0.multipole_1.multipole_comps.multipole_comps_0": -0.03622810944904,
                        "multipoles.0.multipole_1.multipole_comps.multipole_comps_1": 0.0007725643015207908,
                        "multipoles.0.multipole_3.multipole_comps.multipole_comps_0": -0.07664180058923552,
                        "multipoles.0.multipole_3.multipole_comps.multipole_comps_1": 0.017054327563071753,
                        "multipoles.0.multipole_4.multipole_comps.multipole_comps_0": -0.09111976130411492,
                        "multipoles.0.multipole_4.multipole_comps.multipole_comps_1": -0.010520982422251314
                    }
                }
            }
        },
        "errors_at_sigma_3": {
            "type": "list",
            "values": [
                {
                    "type": "tuple",
                    "values": [
                        0.013340033694472397,
                        0.01354849972381697
                    ]
                },
                {
                    "type": "tuple",
                    "values": [
                        0.013391232435019246,
                        0.010651830346612434
                    ]
                },
                {
                    "type": "tuple",
                    "values": [
                        0.04046436906753357,
                        0.04240454263525349
                    ]
                },
                {
                    "type": "tuple",
                    "values": [
                        0.08446937959414055,
                        0.06276566270012396
                    ]
                },
                {
                    "type": "tuple",
                    "values": [
                        0.023137775088144477,
                        0.07275227317461552
                    ]
                },
                {
                    "type": "tuple",
                    "values": [
                        0.07944924398103176,
                        0.03989098038582825
                    ]
                },
                {
                    "type": "tuple",
                    "values": [
                        0.008848123213986259,
                        0.09971340228280492
                    ]
                },
                {
                    "type": "tuple",
                    "values": [
                        0.04203384047168249,
                        0.04737367743435465
                    ]
                }
            ]
        }
    }
}