{
    "type": "instance",
    "class_path": "autofit.non_linear.samples.summary.SamplesSummary",
    "arguments": {
        "values_at_sigma_3": {
            "type": "list",
            "values": [
                {
                    "type": "tuple",
                    "values": [
                        0.06918393809995867,
                        0.19151780217158137
                    ]
                },
                {
                    "type": "tuple",
                    "values": [
                        -0.10613040735509256,
                        0.03899987353549
                    ]
                }
            ]
        },
        "errors_at_sigma_3": {
            "type": "list",
            "values": [
                {
                    "type": "tuple",
                    "values": [
                        0.07972049838362254,
                        0.04261336568800017
                    ]
                },
                {
                    "type": "tuple",
                    "values": [
                        0.06128868020783256,
                        0.08384160068275
                    ]
                }
            ]
        },
        "max_log_likelihood_sample": {
            "type": "instance",
            "class_path": "autofit.non_linear.samples.sample.Sample",
            "arguments": {
                "log_likelihood": -15.270120479216384,
                "log_prior": 0.0,
                "weight": 0.0009785931657823703,
                "kwargs": {
                    "type": "dict",
                    "arguments": {
                        "ellipses.0.ell_comps.ell_comps_0": 0.13966691683079,
                        "ellipses.0.ell_comps.ell_comps_1": 0.01070480574845
                    }
                }
            }
        },
        "median_pdf_sample": {
            "type": "instance",
            "class_path": "autofit.non_linear.samples.sample.Sample",
            "arguments": {
                "log_likelihood": -15.270120479216384,
                "log_prior": 0.0,
                "weight": 0.0009785931657823703,
                "kwargs": {
                    "type": "dict",
                    "arguments": {
                        "ellipses.0.ell_comps.ell_comps_0": 0.1489044364835812,
                        "ellipses.0.ell_comps.ell_comps_1": -0.04484172714726
                    }
                }
            }
        },
        "errors_at_sigma_1": {
            "type": "list",
            "values": [
                {
                    "type": "tuple",
                    "values": [
                        0.013125621639791196,
                        0.014611454691748793
                    ]
                },
                {
                    "type": "tuple",
                    "values": [
                        0.02901939002657649,
                        0.04839228632563
                    ]
                }
            ]
        },
        "log_evidence": -22.188704464658596,
        "model": null,
        "values_at_sigma_1": {
            "type": "list",
            "values": [
                {
                    "type": "tuple",
                    "values": [
                        0.13577881484379,
                        0.16351589117533
                    ]
                },
                {
                    "type": "tuple",
                    "values": [
                        -0.07386111717383649,
                        0.00355055917837
                    ]
                }
            ]
        }
    }
}