{
    "type": "collection",
    "arguments": {
        "ellipses": {
            "type": "collection",
            "arguments": {
                "0": {
                    "type": "instance",
                    "class_path": "autogalaxy.ellipse.ellipse.ellipse.Ellipse",
                    "arguments": {
                        "ell_comps": {
                            "type": "tuple",
                            "values": [
                                -0.03618218154575,
                                0.02648211224263
                            ]
                        },
                        "major_axis": 0.25,
                        "centre": {
                            "type": "tuple",
                            "values": [
                                -0.0031829857912,
                                -0.01217607226932
                            ]
                        }
                    }
                },
                "1": {
                    "type": "instance",
                    "class_path": "autogalaxy.ellipse.ellipse.ellipse.Ellipse",
                    "arguments": {
                        "ell_comps": {
                            "type": "tuple",
                            "values": [
                                -0.02973947686032,
                                0.00850407305284
                            ]
                        },
                        "major_axis": 0.5,
                        "centre": {
                            "type": "tuple",
                            "values": [
                                -0.0031829857912,
                                -0.01217607226932
                            ]
                        }
                    }
                },
                "2": {
                    "type": "instance",
                    "class_path": "autogalaxy.ellipse.ellipse.ellipse.Ellipse",
                    "arguments": {
                        "ell_comps": {
                            "type": "tuple",
                            "values": [
                                -0.03608484305334,
                                -0.02051563707116
                            ]
                        },
                        "major_axis": 0.75,
                        "centre": {
                            "type": "tuple",
                            "values": [
                                -0.0031829857912,
                                -0.01217607226932
                            ]
                        }
                    }
                },
                "3": {
                    "type": "instance",
                    "class_path": "autogalaxy.ellipse.ellipse.ellipse.Ellipse",
                    "arguments": {
                        "ell_comps": {
                            "type": "tuple",
                            "values": [
                                -0.03684886901799,
                                -0.03622207817477
                            ]
                        },
                        "major_axis": 1.0,
                        "centre": {
                            "type": "tuple",
                            "values": [
                                -0.0031829857912,
                                -0.01217607226932
                            ]
                        }
                    }
                },
                "4": {
                    "type": "instance",
                    "class_path": "autogalaxy.ellipse.ellipse.ellipse.Ellipse",
                    "arguments": {
                        "ell_comps": {
                            "type": "tuple",
                            "values": [
                                -0.06687104710545,
                                -0.05005558411462
                            ]
                        },
                        "major_axis": 1.25,
                        "centre": {
                            "type": "tuple",
                            "values": [
                                -0.0031829857912,
                                -0.01217607226932
                            ]
                        }
                    }
                },
                "5": {
                    "type": "instance",
                    "class_path": "autogalaxy.ellipse.ellipse.ellipse.Ellipse",
                    "arguments": {
                        "ell_comps": {
                            "type": "tuple",
                            "values": [
                                -0.07403443325926,
                                -0.03639462194521
                            ]
                        },
                        "major_axis": 1.5,
                        "centre": {
                            "type": "tuple",
                            "values": [
                                -0.0031829857912,
                                -0.01217607226932
                            ]
                        }
                    }
                },
                "6": {
                    "type": "instance",
                    "class_path": "autogalaxy.ellipse.ellipse.ellipse.Ellipse",
                    "arguments": {
                        "ell_comps": {
                            "type": "tuple",
                            "values": [
                                -0.07278246256706,
                                -0.04792990809313
                            ]
                        },
                        "major_axis": 1.75,
                        "centre": {
                            "type": "tuple",
                            "values": [
                                -0.0031829857912,
                                -0.01217607226932
                            ]
                        }
                    }
                },
                "7": {
                    "type": "instance",
                    "class_path": "autogalaxy.ellipse.ellipse.ellipse.Ellipse",
                    "arguments": {
                        "ell_comps": {
                            "type": "tuple",
                            "values": [
                                -0.08440200767095,
                                -0.04166484133513
                            ]
                        },
                        "major_axis": 2.0,
                        "centre": {
                            "type": "tuple",
                            "values": [
                                -0.0031829857912,
                                -0.01217607226932
                            ]
                        }
                    }
                },
                "8": {
                    "type": "instance",
                    "class_path": "autogalaxy.ellipse.ellipse.ellipse.Ellipse",
                    "arguments": {
                        "ell_comps": {
                            "type": "tuple",
                            "values": [
                                -0.08548834555634,
                                -0.04093139215002
                            ]
                        },
                        "major_axis": 2.25,
                        "centre": {
                            "type": "tuple",
                            "values": [
                                -0.0031829857912,
                                -0.01217607226932
                            ]
                        }
                    }
                },
                "9": {
                    "type": "instance",
                    "class_path": "autogalaxy.ellipse.ellipse.ellipse.Ellipse",
                    "arguments": {
                        "ell_comps": {
                            "type": "tuple",
                            "values": [
                                -0.09340408122824,
                                -0.0523151618814
                            ]
                        },
                        "major_axis": 2.5,
                        "centre": {
                            "type": "tuple",
                            "values": [
                                -0.0031829857912,
                                -0.01217607226932
                            ]
                        }
                    }
                },
                "10": {
                    "type": "instance",
                    "class_path": "autogalaxy.ellipse.ellipse.ellipse.Ellipse",
                    "arguments": {
                        "ell_comps": {
                            "type": "tuple",
                            "values": [
                                -0.11244656716821,
                                -0.07455752775177
                            ]
                        },
                        "major_axis": 2.75,
                        "centre": {
                            "type": "tuple",
                            "values": [
                                -0.0031829857912,
                                -0.01217607226932
                            ]
                        }
                    }
                },
                "11": {
                    "type": "instance",
                    "class_path": "autogalaxy.ellipse.ellipse.ellipse.Ellipse",
                    "arguments": {
                        "ell_comps": {
                            "type": "tuple",
                            "values": [
                                -0.12175842524815,
                                -0.09014641010047
                            ]
                        },
                        "major_axis": 3.0,
                        "centre": {
                            "type": "tuple",
                            "values": [
                                -0.0031829857912,
                                -0.01217607226932
                            ]
                        }
                    }
                },
                "12": {
                    "type": "instance",
                    "class_path": "autogalaxy.ellipse.ellipse.ellipse.Ellipse",
                    "arguments": {
                        "ell_comps": {
                            "type": "tuple",
                            "values": [
                                -0.1396468472208,
                                -0.0750258160686
                            ]
                        },
                        "major_axis": 3.25,
                        "centre": {
                            "type": "tuple",
                            "values": [
                                -0.0031829857912,
                                -0.01217607226932
                            ]
                        }
                    }
                },
                "13": {
                    "type": "instance",
                    "class_path": "autogalaxy.ellipse.ellipse.ellipse.Ellipse",
                    "arguments": {
                        "ell_comps": {
                            "type": "tuple",
                            "values": [
                                -0.15120082671031,
                                -0.08456323190157
                            ]
                        },
                        "major_axis": 3.5,
                        "centre": {
                            "type": "tuple",
                            "values": [
                                -0.0031829857912,
                                -0.01217607226932
                            ]
                        }
                    }
                },
                "14": {
                    "type": "instance",
                    "class_path": "autogalaxy.ellipse.ellipse.ellipse.Ellipse",
                    "arguments": {
                        "ell_comps": {
                            "type": "tuple",
                            "values": [
                                -0.13838148463771,
                                -0.07269875952227
                            ]
                        },
                        "major_axis": 3.75,
                        "centre": {
                            "type": "tuple",
                            "values": [
                                -0.0031829857912,
                                -0.01217607226932
                            ]
                        }
                    }
                },
                "15": {
                    "type": "instance",
                    "class_path": "autogalaxy.ellipse.ellipse.ellipse.Ellipse",
                    "arguments": {
                        "ell_comps": {
                            "type": "tuple",
                            "values": [
                                -0.17192302760503,
                                -0.07309771686649
                            ]
                        },
                        "major_axis": 4.0,
                        "centre": {
                            "type": "tuple",
                            "values": [
                                -0.0031829857912,
                                -0.01217607226932
                            ]
                        }
                    }
                },
                "16": {
                    "type": "instance",
                    "class_path": "autogalaxy.ellipse.ellipse.ellipse.Ellipse",
                    "arguments": {
                        "ell_comps": {
                            "type": "tuple",
                            "values": [
                                -0.17325903252126,
                                -0.12155724631887
                            ]
                        },
                        "major_axis": 4.25,
                        "centre": {
                            "type": "tuple",
                            "values": [
                                -0.0031829857912,
                                -0.01217607226932
                            ]
                        }
                    }
                },
                "17": {
                    "type": "instance",
                    "class_path": "autogalaxy.ellipse.ellipse.ellipse.Ellipse",
                    "arguments": {
                        "ell_comps": {
                            "type": "tuple",
                            "values": [
                                -0.19066699936562,
                                -0.09679395547606
                            ]
                        },
                        "major_axis": 4.5,
                        "centre": {
                            "type": "tuple",
                            "values": [
                                -0.0031829857912,
                                -0.01217607226932
                            ]
                        }
                    }
                },
                "18": {
                    "type": "instance",
                    "class_path": "autogalaxy.ellipse.ellipse.ellipse.Ellipse",
                    "arguments": {
                        "ell_comps": {
                            "type": "tuple",
                            "values": [
                                -0.17774274549819,
                                -0.13614370981199
                            ]
                        },
                        "major_axis": 4.75,
                        "centre": {
                            "type": "tuple",
                            "values": [
                                -0.0031829857912,
                                -0.01217607226932
                            ]
                        }
                    }
                }
            }
        },
        "multipoles": {
            "type": "collection",
            "arguments": {
                "0": {
                    "type": "instance",
                    "class_path": "autofit.mapper.model.ModelInstance",
                    "arguments": {
                        "child_items": {
                            "type": "dict",
                            "arguments": {
                                "multipole_3": {
                                    "type": "instance",
                                    "class_path": "autogalaxy.ellipse.ellipse.ellipse_multipole.EllipseMultipole",
                                    "arguments": {
                                        "m": 3,
                                        "multipole_comps": {
                                            "type": "tuple",
                                            "values": [
                                                0.00174840577383,
                                                0.00057485711508
                                            ]
                                        }
                                    }
                                },
                                "multipole_4": {
                                    "type": "instance",
                                    "class_path": "autogalaxy.ellipse.ellipse.ellipse_multipole.EllipseMultipole",
                                    "arguments": {
                                        "m": 4,
                                        "multipole_comps": {
                                            "type": "tuple",
                                            "values": [
                                                -6.662951769e-05,
                                                -2.40538209e-06
                                            ]
                                        }
                                    }
                                }
                            }
                        }
                    }
                },
                "1": {
                    "type": "instance",
                    "class_path": "autofit.mapper.model.ModelInstance",
                    "arguments": {
                        "child_items": {
                            "type": "dict",
                            "arguments": {
                                "multipole_3": {
                                    "type": "instance",
                                    "class_path": "autogalaxy.ellipse.ellipse.ellipse_multipole.EllipseMultipole",
                                    "arguments": {
                                        "m": 3,
                                        "multipole_comps": {
                                            "type": "tuple",
                                            "values": [
                                                0.00522066319154,
                                                0.00648037373811
                                            ]
                                        }
                                    }
                                },
                                "multipole_4": {
                                    "type": "instance",
                                    "class_path": "autogalaxy.ellipse.ellipse.ellipse_multipole.EllipseMultipole",
                                    "arguments": {
                                        "m": 4,
                                        "multipole_comps": {
                                            "type": "tuple",
                                            "values": [
                                                0.00244053961981,
                                                0.00373549186787
                                            ]
                                        }
                                    }
                                }
                            }
                        }
                    }
                },
                "2": {
                    "type": "instance",
                    "class_path": "autofit.mapper.model.ModelInstance",
                    "arguments": {
                        "child_items": {
                            "type": "dict",
                            "arguments": {
                                "multipole_3": {
                                    "type": "instance",
                                    "class_path": "autogalaxy.ellipse.ellipse.ellipse_multipole.EllipseMultipole",
                                    "arguments": {
                                        "m": 3,
                                        "multipole_comps": {
                                            "type": "tuple",
                                            "values": [
                                                -0.00292335853052,
                                                0.00015508830996
                                            ]
                                        }
                                    }
                                },
                                "multipole_4": {
                                    "type": "instance",
                                    "class_path": "autogalaxy.ellipse.ellipse.ellipse_multipole.EllipseMultipole",
                                    "arguments": {
                                        "m": 4,
                                        "multipole_comps": {
                                            "type": "tuple",
                                            "values": [
                                                0.00057182636871,
                                                -0.00332199623435
                                            ]
                                        }
                                    }
                                }
                            }
                        }
                    }
                },
                "3": {
                    "type": "instance",
                    "class_path": "autofit.mapper.model.ModelInstance",
                    "arguments": {
                        "child_items": {
                            "type": "dict",
                            "arguments": {
                                "multipole_3": {
                                    "type": "instance",
                                    "class_path": "autogalaxy.ellipse.ellipse.ellipse_multipole.EllipseMultipole",
                                    "arguments": {
                                        "m": 3,
                                        "multipole_comps": {
                                            "type": "tuple",
                                            "values": [
                                                -0.00509342851363,
                                                0.00826643487599
                                            ]
                                        }
                                    }
                                },
                                "multipole_4": {
                                    "type": "instance",
                                    "class_path": "autogalaxy.ellipse.ellipse.ellipse_multipole.EllipseMultipole",
                                    "arguments": {
                                        "m": 4,
                                        "multipole_comps": {
                                            "type": "tuple",
                                            "values": [
                                                0.00319299834341,
                                                -0.00566589430882
                                            ]
                                        }
                                    }
                                }
                            }
                        }
                    }
                },
                "4": {
                    "type": "instance",
                    "class_path": "autofit.mapper.model.ModelInstance",
                    "arguments": {
                        "child_items": {
                            "type": "dict",
                            "arguments": {
                                "multipole_3": {
                                    "type": "instance",
                                    "class_path": "autogalaxy.ellipse.ellipse.ellipse_multipole.EllipseMultipole",
                                    "arguments": {
                                        "m": 3,
                                        "multipole_comps": {
                                            "type": "tuple",
                                            "values": [
                                                -0.00471155521969,
                                                0.01069069364643
                                            ]
                                        }
                                    }
                                },
                                "multipole_4": {
                                    "type": "instance",
                                    "class_path": "autogalaxy.ellipse.ellipse.ellipse_multipole.EllipseMultipole",
                                    "arguments": {
                                        "m": 4,
                                        "multipole_comps": {
                                            "type": "tuple",
                                            "values": [
                                                -0.00768348634714,
                                                0.01889235485239
                                            ]
                                        }
                                    }
                                }
                            }
                        }
                    }
                },
                "5": {
                    "type": "instance",
                    "class_path": "autofit.mapper.model.ModelInstance",
                    "arguments": {
                        "child_items": {
                            "type": "dict",
                            "arguments": {
                                "multipole_3": {
                                    "type": "instance",
                                    "class_path": "autogalaxy.ellipse.ellipse.ellipse_multipole.EllipseMultipole",
                                    "arguments": {
                                        "m": 3,
                                        "multipole_comps": {
                                            "type": "tuple",
                                            "values": [
                                                -0.00719512583855,
                                                -0.00723218126816
                                            ]
                                        }
                                    }
                                },
                                "multipole_4": {
                                    "type": "instance",
                                    "class_path": "autogalaxy.ellipse.ellipse.ellipse_multipole.EllipseMultipole",
                                    "arguments": {
                                        "m": 4,
                                        "multipole_comps": {
                                            "type": "tuple",
                                            "values": [
                                                0.01268682918515,
                                                0.0371485894399
                                            ]
                                        }
                                    }
                                }
                            }
                        }
                    }
                },
                "6": {
                    "type": "instance",
                    "class_path": "autofit.mapper.model.ModelInstance",
                    "arguments": {
                        "child_items": {
                            "type": "dict",
                            "arguments": {
                                "multipole_3": {
                                    "type": "instance",
                                    "class_path": "autogalaxy.ellipse.ellipse.ellipse_multipole.EllipseMultipole",
                                    "arguments": {
                                        "m": 3,
                                        "multipole_comps": {
                                            "type": "tuple",
                                            "values": [
                                                -0.00384226437734,
                                                0.00723214134177
                                            ]
                                        }
                                    }
                                },
                                "multipole_4": {
                                    "type": "instance",
                                    "class_path": "autogalaxy.ellipse.ellipse.ellipse_multipole.EllipseMultipole",
                                    "arguments": {
                                        "m": 4,
                                        "multipole_comps": {
                                            "type": "tuple",
                                            "values": [
                                                -0.01188219588818,
                                                0.02488140734115
                                            ]
                                        }
                                    }
                                }
                            }
                        }
                    }
                },
                "7": {
                    "type": "instance",
                    "class_path": "autofit.mapper.model.ModelInstance",
                    "arguments": {
                        "child_items": {
                            "type": "dict",
                            "arguments": {
                                "multipole_3": {
                                    "type": "instance",
                                    "class_path": "autogalaxy.ellipse.ellipse.ellipse_multipole.EllipseMultipole",
                                    "arguments": {
                                        "m": 3,
                                        "multipole_comps": {
                                            "type": "tuple",
                                            "values": [
                                                0.00423571508058,
                                                -0.00770365866258
                                            ]
                                        }
                                    }
                                },
                                "multipole_4": {
                                    "type": "instance",
                                    "class_path": "autogalaxy.ellipse.ellipse.ellipse_multipole.EllipseMultipole",
                                    "arguments": {
                                        "m": 4,
                                        "multipole_comps": {
                                            "type": "tuple",
                                            "values": [
                                                -0.02554700969908,
                                                0.01577384763815
                                            ]
                                        }
                                    }
                                }
                            }
                        }
                    }
                },
                "8": {
                    "type": "instance",
                    "class_path": "autofit.mapper.model.ModelInstance",
                    "arguments": {
                        "child_items": {
                            "type": "dict",
                            "arguments": {
                                "multipole_3": {
                                    "type": "instance",
                                    "class_path": "autogalaxy.ellipse.ellipse.ellipse_multipole.EllipseMultipole",
                                    "arguments": {
                                        "m": 3,
                                        "multipole_comps": {
                                            "type": "tuple",
                                            "values": [
                                                -0.02805056384749,
                                                0.03539479612376
                                            ]
                                        }
                                    }
                                },
                                "multipole_4": {
                                    "type": "instance",
                                    "class_path": "autogalaxy.ellipse.ellipse.ellipse_multipole.EllipseMultipole",
                                    "arguments": {
                                        "m": 4,
                                        "multipole_comps": {
                                            "type": "tuple",
                                            "values": [
                                                0.03571854775473,
                                                0.0124039248053
                                            ]
                                        }
                                    }
                                }
                            }
                        }
                    }
                },
                "9": {
                    "type": "instance",
                    "class_path": "autofit.mapper.model.ModelInstance",
                    "arguments": {
                        "child_items": {
                            "type": "dict",
                            "arguments": {
                                "multipole_3": {
                                    "type": "instance",
                                    "class_path": "autogalaxy.ellipse.ellipse.ellipse_multipole.EllipseMultipole",
                                    "arguments": {
                                        "m": 3,
                                        "multipole_comps": {
                                            "type": "tuple",
                                            "values": [
                                                0.0403860650543,
                                                -0.03485857932163
                                            ]
                                        }
                                    }
                                },
                                "multipole_4": {
                                    "type": "instance",
                                    "class_path": "autogalaxy.ellipse.ellipse.ellipse_multipole.EllipseMultipole",
                                    "arguments": {
                                        "m": 4,
                                        "multipole_comps": {
                                            "type": "tuple",
                                            "values": [
                                                0.00050445805249,
                                                -0.02097406527631
                                            ]
                                        }
                                    }
                                }
                            }
                        }
                    }
                },
                "10": {
                    "type": "instance",
                    "class_path": "autofit.mapper.model.ModelInstance",
                    "arguments": {
                        "child_items": {
                            "type": "dict",
                            "arguments": {
                                "multipole_3": {
                                    "type": "instance",
                                    "class_path": "autogalaxy.ellipse.ellipse.ellipse_multipole.EllipseMultipole",
                                    "arguments": {
                                        "m": 3,
                                        "multipole_comps": {
                                            "type": "tuple",
                                            "values": [
                                                -0.0088372737357,
                                                -0.00376777241636
                                            ]
                                        }
                                    }
                                },
                                "multipole_4": {
                                    "type": "instance",
                                    "class_path": "autogalaxy.ellipse.ellipse.ellipse_multipole.EllipseMultipole",
                                    "arguments": {
                                        "m": 4,
                                        "multipole_comps": {
                                            "type": "tuple",
                                            "values": [
                                                -0.0289986592419,
                                                -0.01686355299391
                                            ]
                                        }
                                    }
                                }
                            }
                        }
                    }
                },
                "11": {
                    "type": "instance",
                    "class_path": "autofit.mapper.model.ModelInstance",
                    "arguments": {
                        "child_items": {
                            "type": "dict",
                            "arguments": {
                                "multipole_3": {
                                    "type": "instance",
                                    "class_path": "autogalaxy.ellipse.ellipse.ellipse_multipole.EllipseMultipole",
                                    "arguments": {
                                        "m": 3,
                                        "multipole_comps": {
                                            "type": "tuple",
                                            "values": [
                                                0.03289840085705,
                                                0.02548669766232
                                            ]
                                        }
                                    }
                                },
                                "multipole_4": {
                                    "type": "instance",
                                    "class_path": "autogalaxy.ellipse.ellipse.ellipse_multipole.EllipseMultipole",
                                    "arguments": {
                                        "m": 4,
                                        "multipole_comps": {
                                            "type": "tuple",
                                            "values": [
                                                -0.08503920167421,
                                                -0.05139854025655
                                            ]
                                        }
                                    }
                                }
                            }
                        }
                    }
                },
                "12": {
                    "type": "instance",
                    "class_path": "autofit.mapper.model.ModelInstance",
                    "arguments": {
                        "child_items": {
                            "type": "dict",
                            "arguments": {
                                "multipole_3": {
                                    "type": "instance",
                                    "class_path": "autogalaxy.ellipse.ellipse.ellipse_multipole.EllipseMultipole",
                                    "arguments": {
                                        "m": 3,
                                        "multipole_comps": {
                                            "type": "tuple",
                                            "values": [
                                                -0.01080364919505,
                                                0.01530577732964
                                            ]
                                        }
                                    }
                                },
                                "multipole_4": {
                                    "type": "instance",
                                    "class_path": "autogalaxy.ellipse.ellipse.ellipse_multipole.EllipseMultipole",
                                    "arguments": {
                                        "m": 4,
                                        "multipole_comps": {
                                            "type": "tuple",
                                            "values": [
                                                -0.04680012961111,
                                                0.03308324022944
                                            ]
                                        }
                                    }
                                }
                            }
                        }
                    }
                },
                "13": {
                    "type": "instance",
                    "class_path": "autofit.mapper.model.ModelInstance",
                    "arguments": {
                        "child_items": {
                            "type": "dict",
                            "arguments": {
                                "multipole_3": {
                                    "type": "instance",
                                    "class_path": "autogalaxy.ellipse.ellipse.ellipse_multipole.EllipseMultipole",
                                    "arguments": {
                                        "m": 3,
                                        "multipole_comps": {
                                            "type": "tuple",
                                            "values": [
                                                -0.02783911002824,
                                                0.02948932195691
                                            ]
                                        }
                                    }
                                },
                                "multipole_4": {
                                    "type": "instance",
                                    "class_path": "autogalaxy.ellipse.ellipse.ellipse_multipole.EllipseMultipole",
                                    "arguments": {
                                        "m": 4,
                                        "multipole_comps": {
                                            "type": "tuple",
                                            "values": [
                                                -0.03311446077731,
                                                0.02111617906445
                                            ]
                                        }
                                    }
                                }
                            }
                        }
                    }
                },
                "14": {
                    "type": "instance",
                    "class_path": "autofit.mapper.model.ModelInstance",
                    "arguments": {
                        "child_items": {
                            "type": "dict",
                            "arguments": {
                                "multipole_3": {
                                    "type": "instance",
                                    "class_path": "autogalaxy.ellipse.ellipse.ellipse_multipole.EllipseMultipole",
                                    "arguments": {
                                        "m": 3,
                                        "multipole_comps": {
                                            "type": "tuple",
                                            "values": [
                                                -0.02641347947233,
                                                0.01555880978697
                                            ]
                                        }
                                    }
                                },
                                "multipole_4": {
                                    "type": "instance",
                                    "class_path": "autogalaxy.ellipse.ellipse.ellipse_multipole.EllipseMultipole",
                                    "arguments": {
                                        "m": 4,
                                        "multipole_comps": {
                                            "type": "tuple",
                                            "values": [
                                                0.09218638242915,
                                                -0.01470481845522
                                            ]
                                        }
                                    }
                                }
                            }
                        }
                    }
                },
                "15": {
                    "type": "instance",
                    "class_path": "autofit.mapper.model.ModelInstance",
                    "arguments": {
                        "child_items": {
                            "type": "dict",
                            "arguments": {
                                "multipole_3": {
                                    "type": "instance",
                                    "class_path": "autogalaxy.ellipse.ellipse.ellipse_multipole.EllipseMultipole",
                                    "arguments": {
                                        "m": 3,
                                        "multipole_comps": {
                                            "type": "tuple",
                                            "values": [
                                                -0.02040348975918,
                                                -0.05664470644194
                                            ]
                                        }
                                    }
                                },
                                "multipole_4": {
                                    "type": "instance",
                                    "class_path": "autogalaxy.ellipse.ellipse.ellipse_multipole.EllipseMultipole",
                                    "arguments": {
                                        "m": 4,
                                        "multipole_comps": {
                                            "type": "tuple",
                                            "values": [
                                                -0.02035013068686,
                                                0.02866991356745
                                            ]
                                        }
                                    }
                                }
                            }
                        }
                    }
                },
                "16": {
                    "type": "instance",
                    "class_path": "autofit.mapper.model.ModelInstance",
                    "arguments": {
                        "child_items": {
                            "type": "dict",
                            "arguments": {
                                "multipole_3": {
                                    "type": "instance",
                                    "class_path": "autogalaxy.ellipse.ellipse.ellipse_multipole.EllipseMultipole",
                                    "arguments": {
                                        "m": 3,
                                        "multipole_comps": {
                                            "type": "tuple",
                                            "values": [
                                                -0.02423787321059,
                                                -0.00155734055588
                                            ]
                                        }
                                    }
                                },
                                "multipole_4": {
                                    "type": "instance",
                                    "class_path": "autogalaxy.ellipse.ellipse.ellipse_multipole.EllipseMultipole",
                                    "arguments": {
                                        "m": 4,
                                        "multipole_comps": {
                                            "type": "tuple",
                                            "values": [
                                                -0.09579076449119,
                                                0.04570513226434
                                            ]
                                        }
                                    }
                                }
                            }
                        }
                    }
                },
                "17": {
                    "type": "instance",
                    "class_path": "autofit.mapper.model.ModelInstance",
                    "arguments": {
                        "child_items": {
                            "type": "dict",
                            "arguments": {
                                "multipole_3": {
                                    "type": "instance",
                                    "class_path": "autogalaxy.ellipse.ellipse.ellipse_multipole.EllipseMultipole",
                                    "arguments": {
                                        "m": 3,
                                        "multipole_comps": {
                                            "type": "tuple",
                                            "values": [
                                                -0.08230286491499,
                                                -0.07673691176352
                                            ]
                                        }
                                    }
                                },
                                "multipole_4": {
                                    "type": "instance",
                                    "class_path": "autogalaxy.ellipse.ellipse.ellipse_multipole.EllipseMultipole",
                                    "arguments": {
                                        "m": 4,
                                        "multipole_comps": {
                                            "type": "tuple",
                                            "values": [
                                                -0.03300213630604,
                                                0.04918072941148
                                            ]
                                        }
                                    }
                                }
                            }
                        }
                    }
                },
                "18": {
                    "type": "instance",
                    "class_path": "autofit.mapper.model.ModelInstance",
                    "arguments": {
                        "child_items": {
                            "type": "dict",
                            "arguments": {
                                "multipole_3": {
                                    "type": "instance",
                                    "class_path": "autogalaxy.ellipse.ellipse.ellipse_multipole.EllipseMultipole",
                                    "arguments": {
                                        "m": 3,
                                        "multipole_comps": {
                                            "type": "tuple",
                                            "values": [
                                                -0.01092369274546,
                                                0.01320214329327
                                            ]
                                        }
                                    }
                                },
                                "multipole_4": {
                                    "type": "instance",
                                    "class_path": "autogalaxy.ellipse.ellipse.ellipse_multipole.EllipseMultipole",
                                    "arguments": {
                                        "m": 4,
                                        "multipole_comps": {
                                            "type": "tuple",
                                            "values": [
                                                -0.08256739157886,
                                                0.02160282154433
                                            ]
                                        }
                                    }
                                }
                            }
                        }
                    }
                }
            }
        },
        "dummy_0": {
            "lower_limit": -0.1,
            "upper_limit": 0.1,
            "type": "Uniform",
            "id": 338
        }
    }
}