{
    "type": "instance",
    "class_path": "autofit.non_linear.samples.summary.SamplesSummary",
    "arguments": {
        "max_log_likelihood_sample": {
            "type": "instance",
            "class_path": "autofit.non_linear.samples.sample.Sample",
            "arguments": {
                "log_likelihood": -30.370372297818452,
                "log_prior": 0.0,
                "weight": 0.0010123222292723513,
                "kwargs": {
                    "type": "dict",
                    "arguments": {
                        "ellipses.0.ell_comps.ell_comps_0": 0.06919024144331,
                        "ellipses.0.ell_comps.ell_comps_1": 0.0667262725966,
                        "multipoles.0.multipole_3.multipole_comps.multipole_comps_0": -0.02587757115997,
                        "multipoles.0.multipole_3.multipole_comps.multipole_comps_1": -0.00192357184981,
                        "multipoles.0.multipole_4.multipole_comps.multipole_comps_0": 0.01022960351247,
                        "multipoles.0.multipole_4.multipole_comps.multipole_comps_1": 0.05118187063141
                    }
                }
            }
        },
        "model": null,
        "median_pdf_sample": {
            "type": "instance",
            "class_path": "autofit.non_linear.samples.sample.Sample",
            "arguments": {
                "log_likelihood": -30.370372297818452,
                "log_prior": 0.0,
                "weight": 0.0010123222292723513,
                "kwargs": {
                    "type": "dict",
                    "arguments": {
                        "ellipses.0.ell_comps.ell_comps_0": 0.076656650007866,
                        "ellipses.0.ell_comps.ell_comps_1": 0.0649595477419097,
                        "multipoles.0.multipole_3.multipole_comps.multipole_comps_0": -0.02406336394598838,
                        "multipoles.0.multipole_3.multipole_comps.multipole_comps_1": 0.001953183338072954,
                        "multipoles.0.multipole_4.multipole_comps.multipole_comps_0": -0.008058746347611589,
                        "multipoles.0.multipole_4.multipole_comps.multipole_comps_1": 0.024799161297059606
                    }
                }
            }
        },
        "errors_at_sigma_3": {
            "type": "list",
            "values": [
                {
                    "type": "tuple",
                    "values": [
                        0.017222380850546004,
                        0.02581514437513399
                    ]
                },
                {
                    "type": "tuple",
                    "values": [
                        0.03156588030515971,
                        0.019188617898380292
                    ]
                },
                {
                    "type": "tuple",
                    "values": [
                        0.04678809049718495,
                        0.06284578937929161
                    ]
                },
                {
                    "type": "tuple",
                    "values": [
                        0.057827299359999626,
                        0.055972570958967044
                    ]
                },
                {
                    "type": "tuple",
                    "values": [
                        0.08254067306572842,
                        0.08501579053671159
                    ]
                },
                {
                    "type": "tuple",
                    "values": [
                        0.1053043670323296,
                        0.06495506965458278
                    ]
                }
            ]
        },
        "values_at_sigma_1": {
            "type": "list",
            "values": [
                {
                    "type": "tuple",
                    "values": [
                        0.068493627122814,
                        0.08819636644314408
                    ]
                },
                {
                    "type": "tuple",
                    "values": [
                        0.05527500850014972,
                        0.07063546694728738
                    ]
                },
                {
                    "type": "tuple",
                    "values": [
                        -0.03949385802768,
                        -0.005797963121746363
                    ]
                },
                {
                    "type": "tuple",
                    "values": [
                        -0.01765706835067384,
                        0.02110138727276
                    ]
                },
                {
                    "type": "tuple",
                    "values": [
                        -0.040246712927357015,
                        0.013311215083940658
                    ]
                },
                {
                    "type": "tuple",
                    "values": [
                        -0.01277485232446,
                        0.05774479699562497
                    ]
                }
            ]
        },
        "log_evidence": -46.79339781814558,
        "values_at_sigma_3": {
            "type": "list",
            "values": [
                {
                    "type": "tuple",
                    "values": [
                        0.05943426915732,
                        0.102471794383
                    ]
                },
                {
                    "type": "tuple",
                    "values": [
                        0.03339366743675,
                        0.08414816564029
                    ]
                },
                {
                    "type": "tuple",
                    "values": [
                        -0.07085145444317333,
                        0.03878242543330323
                    ]
                },
                {
                    "type": "tuple",
                    "values": [
                        -0.05587411602192667,
                        0.05792575429704
                    ]
                },
                {
                    "type": "tuple",
                    "values": [
                        -0.09059941941334,
                        0.0769570441891
                    ]
                },
                {
                    "type": "tuple",
                    "values": [
                        -0.08050520573527,
                        0.0897542309516424
                    ]
                }
            ]
        },
        "errors_at_sigma_1": {
            "type": "list",
            "values": [
                {
                    "type": "tuple",
                    "values": [
                        0.00816302288505201,
                        0.011539716435278069
                    ]
                },
                {
                    "type": "tuple",
                    "values": [
                        0.009684539241759986,
                        0.005675919205377675
                    ]
                },
                {
                    "type": "tuple",
                    "values": [
                        0.015430494081691618,
                        0.018265400824242016
                    ]
                },
                {
                    "type": "tuple",
                    "values": [
                        0.01961025168874679,
                        0.019148203934687046
                    ]
                },
                {
                    "type": "tuple",
                    "values": [
                        0.032187966579745424,
                        0.021369961431552245
                    ]
                },
                {
                    "type": "tuple",
                    "values": [
                        0.0375740136215196,
                        0.032945635698565366
                    ]
                }
            ]
        }
    }
}