{
    "type": "instance",
    "class_path": "autofit.non_linear.samples.summary.SamplesSummary",
    "arguments": {
        "values_at_sigma_3": {
            "type": "list",
            "values": [
                {
                    "type": "tuple",
                    "values": [
                        -0.12920558581138974,
                        -0.07587009119361085
                    ]
                },
                {
                    "type": "tuple",
                    "values": [
                        0.03814312916943,
                        0.07412298469679
                    ]
                },
                {
                    "type": "tuple",
                    "values": [
                        -0.09135865258585263,
                        0.049771801427602326
                    ]
                },
                {
                    "type": "tuple",
                    "values": [
                        -0.01755245851513834,
                        0.09649105832630839
                    ]
                },
                {
                    "type": "tuple",
                    "values": [
                        -0.09926516770773,
                        0.04446413165353
                    ]
                },
                {
                    "type": "tuple",
                    "values": [
                        -0.07205693820166,
                        0.05015034124729251
                    ]
                }
            ]
        },
        "errors_at_sigma_1": {
            "type": "list",
            "values": [
                {
                    "type": "tuple",
                    "values": [
                        0.020325304513900008,
                        0.011426902001445832
                    ]
                },
                {
                    "type": "tuple",
                    "values": [
                        0.00885221430563185,
                        0.004842426501387456
                    ]
                },
                {
                    "type": "tuple",
                    "values": [
                        0.011794362736970564,
                        0.017582665285500586
                    ]
                },
                {
                    "type": "tuple",
                    "values": [
                        0.016961104975557674,
                        0.031216183443880326
                    ]
                },
                {
                    "type": "tuple",
                    "values": [
                        0.027957766306029613,
                        0.017290764365860387
                    ]
                },
                {
                    "type": "tuple",
                    "values": [
                        0.03318169142667683,
                        0.014689152874615674
                    ]
                }
            ]
        },
        "log_evidence": -68.16032167428482,
        "max_log_likelihood_sample": {
            "type": "instance",
            "class_path": "autofit.non_linear.samples.sample.Sample",
            "arguments": {
                "log_likelihood": -50.29041955615962,
                "log_prior": 0.0,
                "weight": 0.0010241443809046193,
                "kwargs": {
                    "type": "dict",
                    "arguments": {
                        "ellipses.0.ell_comps.ell_comps_0": -0.12185778723941,
                        "ellipses.0.ell_comps.ell_comps_1": 0.06587136746033,
                        "multipoles.0.multipole_3.multipole_comps.multipole_comps_0": -0.07914004892544,
                        "multipoles.0.multipole_3.multipole_comps.multipole_comps_1": 0.06061587463944,
                        "multipoles.0.multipole_4.multipole_comps.multipole_comps_0": -0.04961662730236,
                        "multipoles.0.multipole_4.multipole_comps.multipole_comps_1": -0.00565325637591
                    }
                }
            }
        },
        "errors_at_sigma_3": {
            "type": "list",
            "values": [
                {
                    "type": "tuple",
                    "values": [
                        0.03338147771933975,
                        0.019954016898439147
                    ]
                },
                {
                    "type": "tuple",
                    "values": [
                        0.02575024206127185,
                        0.010229613466088153
                    ]
                },
                {
                    "type": "tuple",
                    "values": [
                        0.03681899400918263,
                        0.10431146000427233
                    ]
                },
                {
                    "type": "tuple",
                    "values": [
                        0.04210108936434907,
                        0.07194242747709766
                    ]
                },
                {
                    "type": "tuple",
                    "values": [
                        0.0656380019932696,
                        0.07809129736799039
                    ]
                },
                {
                    "type": "tuple",
                    "values": [
                        0.060116137985926826,
                        0.062091141463025676
                    ]
                }
            ]
        },
        "values_at_sigma_1": {
            "type": "list",
            "values": [
                {
                    "type": "tuple",
                    "values": [
                        -0.11614941260595,
                        -0.08439720609060417
                    ]
                },
                {
                    "type": "tuple",
                    "values": [
                        0.05504115692507,
                        0.06873579773208931
                    ]
                },
                {
                    "type": "tuple",
                    "values": [
                        -0.06633402131364056,
                        -0.036956993291169415
                    ]
                },
                {
                    "type": "tuple",
                    "values": [
                        0.007587525873653059,
                        0.05576481429309106
                    ]
                },
                {
                    "type": "tuple",
                    "values": [
                        -0.06158493202049,
                        -0.0163364013486
                    ]
                },
                {
                    "type": "tuple",
                    "values": [
                        -0.04512249164241,
                        0.0027483526588825027
                    ]
                }
            ]
        },
        "model": null,
        "median_pdf_sample": {
            "type": "instance",
            "class_path": "autofit.non_linear.samples.sample.Sample",
            "arguments": {
                "log_likelihood": -50.29041955615962,
                "log_prior": 0.0,
                "weight": 0.0010241443809046193,
                "kwargs": {
                    "type": "dict",
                    "arguments": {
                        "ellipses.0.ell_comps.ell_comps_0": -0.09582410809205,
                        "ellipses.0.ell_comps.ell_comps_1": 0.06389337123070185,
                        "multipoles.0.multipole_3.multipole_comps.multipole_comps_0": -0.05453965857667,
                        "multipoles.0.multipole_3.multipole_comps.multipole_comps_1": 0.024548630849210735,
                        "multipoles.0.multipole_4.multipole_comps.multipole_comps_0": -0.03362716571446039,
                        "multipoles.0.multipole_4.multipole_comps.multipole_comps_1": -0.01194080021573317
                    }
                }
            }
        }
    }
}