{
    "type": "collection",
    "arguments": {
        "ellipses": {
            "type": "collection",
            "arguments": {
                "0": {
                    "type": "instance",
                    "class_path": "autogalaxy.ellipse.ellipse.ellipse.Ellipse",
                    "arguments": {
                        "ell_comps": {
                            "type": "tuple",
                            "values": [
                                -0.0774331569996,
                                0.03632679167336
                            ]
                        },
                        "centre": {
                            "type": "tuple",
                            "values": [
                                0.00104589654535,
                                -0.00180115591645
                            ]
                        },
                        "major_axis": 0.25
                    }
                },
                "1": {
                    "type": "instance",
                    "class_path": "autogalaxy.ellipse.ellipse.ellipse.Ellipse",
                    "arguments": {
                        "ell_comps": {
                            "type": "tuple",
                            "values": [
                                -0.08542142650737,
                                0.02759495948822
                            ]
                        },
                        "centre": {
                            "type": "tuple",
                            "values": [
                                0.00104589654535,
                                -0.00180115591645
                            ]
                        },
                        "major_axis": 0.5
                    }
                },
                "2": {
                    "type": "instance",
                    "class_path": "autogalaxy.ellipse.ellipse.ellipse.Ellipse",
                    "arguments": {
                        "ell_comps": {
                            "type": "tuple",
                            "values": [
                                -0.08444437382952,
                                0.02277840078531
                            ]
                        },
                        "centre": {
                            "type": "tuple",
                            "values": [
                                0.00104589654535,
                                -0.00180115591645
                            ]
                        },
                        "major_axis": 0.75
                    }
                },
                "3": {
                    "type": "instance",
                    "class_path": "autogalaxy.ellipse.ellipse.ellipse.Ellipse",
                    "arguments": {
                        "ell_comps": {
                            "type": "tuple",
                            "values": [
                                -0.0940442685731,
                                0.02347277307899
                            ]
                        },
                        "centre": {
                            "type": "tuple",
                            "values": [
                                0.00104589654535,
                                -0.00180115591645
                            ]
                        },
                        "major_axis": 1.0
                    }
                },
                "4": {
                    "type": "instance",
                    "class_path": "autogalaxy.ellipse.ellipse.ellipse.Ellipse",
                    "arguments": {
                        "ell_comps": {
                            "type": "tuple",
                            "values": [
                                -0.1093279558208,
                                0.02393095686496
                            ]
                        },
                        "centre": {
                            "type": "tuple",
                            "values": [
                                0.00104589654535,
                                -0.00180115591645
                            ]
                        },
                        "major_axis": 1.25
                    }
                },
                "5": {
                    "type": "instance",
                    "class_path": "autogalaxy.ellipse.ellipse.ellipse.Ellipse",
                    "arguments": {
                        "ell_comps": {
                            "type": "tuple",
                            "values": [
                                -0.10712357333259,
                                0.02261387692079
                            ]
                        },
                        "centre": {
                            "type": "tuple",
                            "values": [
                                0.00104589654535,
                                -0.00180115591645
                            ]
                        },
                        "major_axis": 1.5
                    }
                },
                "6": {
                    "type": "instance",
                    "class_path": "autogalaxy.ellipse.ellipse.ellipse.Ellipse",
                    "arguments": {
                        "ell_comps": {
                            "type": "tuple",
                            "values": [
                                -0.11139251900985,
                                0.02422627783466
                            ]
                        },
                        "centre": {
                            "type": "tuple",
                            "values": [
                                0.00104589654535,
                                -0.00180115591645
                            ]
                        },
                        "major_axis": 1.75
                    }
                },
                "7": {
                    "type": "instance",
                    "class_path": "autogalaxy.ellipse.ellipse.ellipse.Ellipse",
                    "arguments": {
                        "ell_comps": {
                            "type": "tuple",
                            "values": [
                                -0.1176091005579,
                                0.02127508239306
                            ]
                        },
                        "centre": {
                            "type": "tuple",
                            "values": [
                                0.00104589654535,
                                -0.00180115591645
                            ]
                        },
                        "major_axis": 2.0
                    }
                },
                "8": {
                    "type": "instance",
                    "class_path": "autogalaxy.ellipse.ellipse.ellipse.Ellipse",
                    "arguments": {
                        "ell_comps": {
                            "type": "tuple",
                            "values": [
                                -0.12913885766181,
                                0.02247290206159
                            ]
                        },
                        "centre": {
                            "type": "tuple",
                            "values": [
                                0.00104589654535,
                                -0.00180115591645
                            ]
                        },
                        "major_axis": 2.25
                    }
                },
                "9": {
                    "type": "instance",
                    "class_path": "autogalaxy.ellipse.ellipse.ellipse.Ellipse",
                    "arguments": {
                        "ell_comps": {
                            "type": "tuple",
                            "values": [
                                -0.1547125146159,
                                0.02128567407212
                            ]
                        },
                        "centre": {
                            "type": "tuple",
                            "values": [
                                0.00104589654535,
                                -0.00180115591645
                            ]
                        },
                        "major_axis": 2.5
                    }
                },
                "10": {
                    "type": "instance",
                    "class_path": "autogalaxy.ellipse.ellipse.ellipse.Ellipse",
                    "arguments": {
                        "ell_comps": {
                            "type": "tuple",
                            "values": [
                                -0.15994554948679,
                                0.01740605981022
                            ]
                        },
                        "centre": {
                            "type": "tuple",
                            "values": [
                                0.00104589654535,
                                -0.00180115591645
                            ]
                        },
                        "major_axis": 2.75
                    }
                },
                "11": {
                    "type": "instance",
                    "class_path": "autogalaxy.ellipse.ellipse.ellipse.Ellipse",
                    "arguments": {
                        "ell_comps": {
                            "type": "tuple",
                            "values": [
                                -0.17946381971766,
                                0.02085992085007
                            ]
                        },
                        "centre": {
                            "type": "tuple",
                            "values": [
                                0.00104589654535,
                                -0.00180115591645
                            ]
                        },
                        "major_axis": 3.0
                    }
                },
                "12": {
                    "type": "instance",
                    "class_path": "autogalaxy.ellipse.ellipse.ellipse.Ellipse",
                    "arguments": {
                        "ell_comps": {
                            "type": "tuple",
                            "values": [
                                -0.1892483658479,
                                0.02510829447109
                            ]
                        },
                        "centre": {
                            "type": "tuple",
                            "values": [
                                0.00104589654535,
                                -0.00180115591645
                            ]
                        },
                        "major_axis": 3.25
                    }
                },
                "13": {
                    "type": "instance",
                    "class_path": "autogalaxy.ellipse.ellipse.ellipse.Ellipse",
                    "arguments": {
                        "ell_comps": {
                            "type": "tuple",
                            "values": [
                                -0.21082192916541,
                                0.01177293331694
                            ]
                        },
                        "centre": {
                            "type": "tuple",
                            "values": [
                                0.00104589654535,
                                -0.00180115591645
                            ]
                        },
                        "major_axis": 3.5
                    }
                },
                "14": {
                    "type": "instance",
                    "class_path": "autogalaxy.ellipse.ellipse.ellipse.Ellipse",
                    "arguments": {
                        "ell_comps": {
                            "type": "tuple",
                            "values": [
                                -0.23193427042385,
                                0.00600140723962
                            ]
                        },
                        "centre": {
                            "type": "tuple",
                            "values": [
                                0.00104589654535,
                                -0.00180115591645
                            ]
                        },
                        "major_axis": 3.75
                    }
                },
                "15": {
                    "type": "instance",
                    "class_path": "autogalaxy.ellipse.ellipse.ellipse.Ellipse",
                    "arguments": {
                        "ell_comps": {
                            "type": "tuple",
                            "values": [
                                -0.24280784767211,
                                0.01812686366531
                            ]
                        },
                        "centre": {
                            "type": "tuple",
                            "values": [
                                0.00104589654535,
                                -0.00180115591645
                            ]
                        },
                        "major_axis": 4.0
                    }
                },
                "16": {
                    "type": "instance",
                    "class_path": "autogalaxy.ellipse.ellipse.ellipse.Ellipse",
                    "arguments": {
                        "ell_comps": {
                            "type": "tuple",
                            "values": [
                                -0.25272009625826,
                                0.00808152080242
                            ]
                        },
                        "centre": {
                            "type": "tuple",
                            "values": [
                                0.00104589654535,
                                -0.00180115591645
                            ]
                        },
                        "major_axis": 4.25
                    }
                },
                "17": {
                    "type": "instance",
                    "class_path": "autogalaxy.ellipse.ellipse.ellipse.Ellipse",
                    "arguments": {
                        "ell_comps": {
                            "type": "tuple",
                            "values": [
                                -0.26626892101829,
                                -0.0015686416625
                            ]
                        },
                        "centre": {
                            "type": "tuple",
                            "values": [
                                0.00104589654535,
                                -0.00180115591645
                            ]
                        },
                        "major_axis": 4.5
                    }
                },
                "18": {
                    "type": "instance",
                    "class_path": "autogalaxy.ellipse.ellipse.ellipse.Ellipse",
                    "arguments": {
                        "ell_comps": {
                            "type": "tuple",
                            "values": [
                                -0.27708381097293,
                                0.0175433188748
                            ]
                        },
                        "centre": {
                            "type": "tuple",
                            "values": [
                                0.00104589654535,
                                -0.00180115591645
                            ]
                        },
                        "major_axis": 4.75
                    }
                }
            }
        },
        "dummy_0": {
            "lower_limit": -0.1,
            "upper_limit": 0.1,
            "type": "Uniform",
            "id": 146
        }
    }
}