{
    "type": "instance",
    "class_path": "autofit.non_linear.samples.summary.SamplesSummary",
    "arguments": {
        "max_log_likelihood_sample": {
            "type": "instance",
            "class_path": "autofit.non_linear.samples.sample.Sample",
            "arguments": {
                "log_likelihood": -20.06885944618265,
                "log_prior": 0.0,
                "weight": 0.0010430673488792765,
                "kwargs": {
                    "type": "dict",
                    "arguments": {
                        "ellipses.0.ell_comps.ell_comps_0": -0.00042769632173,
                        "ellipses.0.ell_comps.ell_comps_1": 0.08385210369623,
                        "multipoles.0.multipole_3.multipole_comps.multipole_comps_0": 0.00013619569632,
                        "multipoles.0.multipole_3.multipole_comps.multipole_comps_1": -0.01721834710339,
                        "multipoles.0.multipole_4.multipole_comps.multipole_comps_0": -0.01983865213034,
                        "multipoles.0.multipole_4.multipole_comps.multipole_comps_1": -0.01118521985091
                    }
                }
            }
        },
        "values_at_sigma_1": {
            "type": "list",
            "values": [
                {
                    "type": "tuple",
                    "values": [
                        -0.022429134338744116,
                        0.001422336938657187
                    ]
                },
                {
                    "type": "tuple",
                    "values": [
                        0.06150279589314579,
                        0.08947397349087591
                    ]
                },
                {
                    "type": "tuple",
                    "values": [
                        -0.012092934566379505,
                        0.019795318513869103
                    ]
                },
                {
                    "type": "tuple",
                    "values": [
                        -0.01596709040286,
                        0.01597993637282
                    ]
                },
                {
                    "type": "tuple",
                    "values": [
                        -0.02810083173816819,
                        0.02743809129399
                    ]
                },
                {
                    "type": "tuple",
                    "values": [
                        -0.036805149898950035,
                        0.010886337486589546
                    ]
                }
            ]
        },
        "errors_at_sigma_1": {
            "type": "list",
            "values": [
                {
                    "type": "tuple",
                    "values": [
                        0.011769927273375011,
                        0.012081544004026291
                    ]
                },
                {
                    "type": "tuple",
                    "values": [
                        0.012901369758964484,
                        0.015069807838765631
                    ]
                },
                {
                    "type": "tuple",
                    "values": [
                        0.016415014478724163,
                        0.015473238601524445
                    ]
                },
                {
                    "type": "tuple",
                    "values": [
                        0.015281976991244584,
                        0.016665049784435414
                    ]
                },
                {
                    "type": "tuple",
                    "values": [
                        0.02253246033876819,
                        0.03300646269339
                    ]
                },
                {
                    "type": "tuple",
                    "values": [
                        0.022211277871478495,
                        0.025480209514061082
                    ]
                }
            ]
        },
        "values_at_sigma_3": {
            "type": "list",
            "values": [
                {
                    "type": "tuple",
                    "values": [
                        -0.04126781821844847,
                        0.02214021560409077
                    ]
                },
                {
                    "type": "tuple",
                    "values": [
                        0.04518204608096664,
                        0.10767627147692
                    ]
                },
                {
                    "type": "tuple",
                    "values": [
                        -0.052828963469334835,
                        0.05386337678608
                    ]
                },
                {
                    "type": "tuple",
                    "values": [
                        -0.03783949813073,
                        0.05450525990561
                    ]
                },
                {
                    "type": "tuple",
                    "values": [
                        -0.06584010571228602,
                        0.07537684717154344
                    ]
                },
                {
                    "type": "tuple",
                    "values": [
                        -0.0814936282051555,
                        0.05305661803137358
                    ]
                }
            ]
        },
        "errors_at_sigma_3": {
            "type": "list",
            "values": [
                {
                    "type": "tuple",
                    "values": [
                        0.03060861115307937,
                        0.03279942266945987
                    ]
                },
                {
                    "type": "tuple",
                    "values": [
                        0.029222119571143637,
                        0.03327210582480972
                    ]
                },
                {
                    "type": "tuple",
                    "values": [
                        0.05715104338167949,
                        0.04954129687373534
                    ]
                },
                {
                    "type": "tuple",
                    "values": [
                        0.037154384719114586,
                        0.055190373317225414
                    ]
                },
                {
                    "type": "tuple",
                    "values": [
                        0.060271734312886016,
                        0.08094521857094344
                    ]
                },
                {
                    "type": "tuple",
                    "values": [
                        0.06689975617768397,
                        0.06765049005884512
                    ]
                }
            ]
        },
        "log_evidence": -34.91073456092875,
        "model": null,
        "median_pdf_sample": {
            "type": "instance",
            "class_path": "autofit.non_linear.samples.sample.Sample",
            "arguments": {
                "log_likelihood": -20.06885944618265,
                "log_prior": 0.0,
                "weight": 0.0010430673488792765,
                "kwargs": {
                    "type": "dict",
                    "arguments": {
                        "ellipses.0.ell_comps.ell_comps_0": -0.010659207065369105,
                        "ellipses.0.ell_comps.ell_comps_1": 0.07440416565211028,
                        "multipoles.0.multipole_3.multipole_comps.multipole_comps_0": 0.004322079912344658,
                        "multipoles.0.multipole_3.multipole_comps.multipole_comps_1": -0.0006851134116154145,
                        "multipoles.0.multipole_4.multipole_comps.multipole_comps_0": -0.0055683713994,
                        "multipoles.0.multipole_4.multipole_comps.multipole_comps_1": -0.014593872027471538
                    }
                }
            }
        }
    }
}