{
    "type": "instance",
    "class_path": "autofit.non_linear.samples.summary.SamplesSummary",
    "arguments": {
        "values_at_sigma_3": {
            "type": "list",
            "values": [
                {
                    "type": "tuple",
                    "values": [
                        -0.10214118068684501,
                        -0.08828421296610817
                    ]
                },
                {
                    "type": "tuple",
                    "values": [
                        -0.07924106929383,
                        -0.06820130798822
                    ]
                }
            ]
        },
        "values_at_sigma_1": {
            "type": "list",
            "values": [
                {
                    "type": "tuple",
                    "values": [
                        -0.09776517999208,
                        -0.09469066376776
                    ]
                },
                {
                    "type": "tuple",
                    "values": [
                        -0.07661337240663,
                        -0.07490488308373144
                    ]
                }
            ]
        },
        "median_pdf_sample": {
            "type": "instance",
            "class_path": "autofit.non_linear.samples.sample.Sample",
            "arguments": {
                "log_likelihood": -65.09648203611519,
                "log_prior": 0.0,
                "weight": 0.0009855091986920577,
                "kwargs": {
                    "type": "dict",
                    "arguments": {
                        "ellipses.0.ell_comps.ell_comps_0": -0.09660668520701,
                        "ellipses.0.ell_comps.ell_comps_1": -0.07568097865997
                    }
                }
            }
        },
        "log_evidence": -77.91373663782741,
        "max_log_likelihood_sample": {
            "type": "instance",
            "class_path": "autofit.non_linear.samples.sample.Sample",
            "arguments": {
                "log_likelihood": -65.09648203611519,
                "log_prior": 0.0,
                "weight": 0.0009855091986920577,
                "kwargs": {
                    "type": "dict",
                    "arguments": {
                        "ellipses.0.ell_comps.ell_comps_0": -0.09665576539717,
                        "ellipses.0.ell_comps.ell_comps_1": -0.07480163853685
                    }
                }
            }
        },
        "model": null,
        "errors_at_sigma_3": {
            "type": "list",
            "values": [
                {
                    "type": "tuple",
                    "values": [
                        0.0055344954798350054,
                        0.008322472240901838
                    ]
                },
                {
                    "type": "tuple",
                    "values": [
                        0.003560090633859994,
                        0.0074796706717500105
                    ]
                }
            ]
        },
        "errors_at_sigma_1": {
            "type": "list",
            "values": [
                {
                    "type": "tuple",
                    "values": [
                        0.0011584947850699912,
                        0.0019160214392500013
                    ]
                },
                {
                    "type": "tuple",
                    "values": [
                        0.0009323937466600013,
                        0.0007760955762385613
                    ]
                }
            ]
        }
    }
}