{
    "type": "instance",
    "class_path": "autofit.non_linear.samples.summary.SamplesSummary",
    "arguments": {
        "errors_at_sigma_1": {
            "type": "list",
            "values": [
                {
                    "type": "tuple",
                    "values": [
                        0.0014458198213241902,
                        0.0016243061470999631
                    ]
                },
                {
                    "type": "tuple",
                    "values": [
                        0.0010866291434200037,
                        0.0006400247110099899
                    ]
                },
                {
                    "type": "tuple",
                    "values": [
                        0.0029006072618010317,
                        0.0036937371548602313
                    ]
                },
                {
                    "type": "tuple",
                    "values": [
                        0.00295379377918973,
                        0.0029138561792430876
                    ]
                },
                {
                    "type": "tuple",
                    "values": [
                        0.003267304194710302,
                        0.002600350252756855
                    ]
                },
                {
                    "type": "tuple",
                    "values": [
                        0.003012131631731762,
                        0.003406888935238238
                    ]
                }
            ]
        },
        "max_log_likelihood_sample": {
            "type": "instance",
            "class_path": "autofit.non_linear.samples.sample.Sample",
            "arguments": {
                "log_likelihood": -132.5021597360939,
                "log_prior": 0.0,
                "weight": 0.001041261407468392,
                "kwargs": {
                    "type": "dict",
                    "arguments": {
                        "ellipses.0.ell_comps.ell_comps_0": -0.17802231486573,
                        "ellipses.0.ell_comps.ell_comps_1": -0.1974582905487,
                        "multipoles.0.multipole_3.multipole_comps.multipole_comps_0": 0.01350614834652,
                        "multipoles.0.multipole_3.multipole_comps.multipole_comps_1": -0.00920024778315,
                        "multipoles.0.multipole_4.multipole_comps.multipole_comps_0": -0.03434866062411,
                        "multipoles.0.multipole_4.multipole_comps.multipole_comps_1": 0.01990923378845
                    }
                }
            }
        },
        "model": null,
        "log_evidence": -157.7803705759089,
        "values_at_sigma_3": {
            "type": "list",
            "values": [
                {
                    "type": "tuple",
                    "values": [
                        -0.18227362474405798,
                        -0.1730455114799556
                    ]
                },
                {
                    "type": "tuple",
                    "values": [
                        -0.20076756014988,
                        -0.1969014458703181
                    ]
                },
                {
                    "type": "tuple",
                    "values": [
                        0.0045407300883083986,
                        0.02351864546947
                    ]
                },
                {
                    "type": "tuple",
                    "values": [
                        -0.01965669764384,
                        0.0006209279319978265
                    ]
                },
                {
                    "type": "tuple",
                    "values": [
                        -0.04169892552118092,
                        -0.024014586580061035
                    ]
                },
                {
                    "type": "tuple",
                    "values": [
                        0.00976436577144,
                        0.028091756009648566
                    ]
                }
            ]
        },
        "values_at_sigma_1": {
            "type": "list",
            "values": [
                {
                    "type": "tuple",
                    "values": [
                        -0.1790258921306542,
                        -0.17595576616223005
                    ]
                },
                {
                    "type": "tuple",
                    "values": [
                        -0.19899027328451,
                        -0.19726361943008
                    ]
                },
                {
                    "type": "tuple",
                    "values": [
                        0.010323148142048738,
                        0.01691749255871
                    ]
                },
                {
                    "type": "tuple",
                    "values": [
                        -0.0122060738145,
                        -0.006338423856067183
                    ]
                },
                {
                    "type": "tuple",
                    "values": [
                        -0.0360981023923903,
                        -0.030230447944923144
                    ]
                },
                {
                    "type": "tuple",
                    "values": [
                        0.01531687246272,
                        0.02173589302969
                    ]
                }
            ]
        },
        "errors_at_sigma_3": {
            "type": "list",
            "values": [
                {
                    "type": "tuple",
                    "values": [
                        0.004693552434727966,
                        0.004534560829374423
                    ]
                },
                {
                    "type": "tuple",
                    "values": [
                        0.0028639160087900184,
                        0.0010021982707718868
                    ]
                },
                {
                    "type": "tuple",
                    "values": [
                        0.008683025315541371,
                        0.010294890065620229
                    ]
                },
                {
                    "type": "tuple",
                    "values": [
                        0.01040441760852973,
                        0.009873207967308097
                    ]
                },
                {
                    "type": "tuple",
                    "values": [
                        0.008868127323500924,
                        0.008816211617618964
                    ]
                },
                {
                    "type": "tuple",
                    "values": [
                        0.008564638323011763,
                        0.009762751915196804
                    ]
                }
            ]
        },
        "median_pdf_sample": {
            "type": "instance",
            "class_path": "autofit.non_linear.samples.sample.Sample",
            "arguments": {
                "log_likelihood": -132.5021597360939,
                "log_prior": 0.0,
                "weight": 0.001041261407468392,
                "kwargs": {
                    "type": "dict",
                    "arguments": {
                        "ellipses.0.ell_comps.ell_comps_0": -0.17758007230933,
                        "ellipses.0.ell_comps.ell_comps_1": -0.19790364414109,
                        "multipoles.0.multipole_3.multipole_comps.multipole_comps_0": 0.01322375540384977,
                        "multipoles.0.multipole_3.multipole_comps.multipole_comps_1": -0.00925228003531027,
                        "multipoles.0.multipole_4.multipole_comps.multipole_comps_0": -0.03283079819768,
                        "multipoles.0.multipole_4.multipole_comps.multipole_comps_1": 0.018329004094451762
                    }
                }
            }
        }
    }
}