{
    "type": "instance",
    "class_path": "autofit.non_linear.samples.summary.SamplesSummary",
    "arguments": {
        "max_log_likelihood_sample": {
            "type": "instance",
            "class_path": "autofit.non_linear.samples.sample.Sample",
            "arguments": {
                "log_likelihood": -29.15398358231001,
                "log_prior": 0.0,
                "weight": 0.0010394218887114243,
                "kwargs": {
                    "type": "dict",
                    "arguments": {
                        "ellipses.0.ell_comps.ell_comps_0": -0.20532083476724,
                        "ellipses.0.ell_comps.ell_comps_1": -0.04650338627435,
                        "multipoles.0.multipole_1.multipole_comps.multipole_comps_0": 0.00179445672238,
                        "multipoles.0.multipole_1.multipole_comps.multipole_comps_1": -0.00177117409792,
                        "multipoles.0.multipole_3.multipole_comps.multipole_comps_0": -0.00276903971417,
                        "multipoles.0.multipole_3.multipole_comps.multipole_comps_1": 0.00179978100187,
                        "multipoles.0.multipole_4.multipole_comps.multipole_comps_0": -0.00248532244281,
                        "multipoles.0.multipole_4.multipole_comps.multipole_comps_1": 0.00085195036456
                    }
                }
            }
        },
        "errors_at_sigma_1": {
            "type": "list",
            "values": [
                {
                    "type": "tuple",
                    "values": [
                        0.0017053837333916577,
                        0.0017579005445396145
                    ]
                },
                {
                    "type": "tuple",
                    "values": [
                        0.0016708887540674011,
                        0.001891176612140076
                    ]
                },
                {
                    "type": "tuple",
                    "values": [
                        0.0009806584853511823,
                        0.0011274111798388175
                    ]
                },
                {
                    "type": "tuple",
                    "values": [
                        0.0009955130287285718,
                        0.0009338548180900001
                    ]
                },
                {
                    "type": "tuple",
                    "values": [
                        0.0009843712172591655,
                        0.0008893733943133287
                    ]
                },
                {
                    "type": "tuple",
                    "values": [
                        0.0009856001209219908,
                        0.0007619044451693596
                    ]
                },
                {
                    "type": "tuple",
                    "values": [
                        0.0009798109412786828,
                        0.0009312883760481169
                    ]
                },
                {
                    "type": "tuple",
                    "values": [
                        0.001167384096861615,
                        0.0010681918633583852
                    ]
                }
            ]
        },
        "values_at_sigma_1": {
            "type": "list",
            "values": [
                {
                    "type": "tuple",
                    "values": [
                        -0.20753741740043,
                        -0.20407413312249872
                    ]
                },
                {
                    "type": "tuple",
                    "values": [
                        -0.04756922450129,
                        -0.044007159135082526
                    ]
                },
                {
                    "type": "tuple",
                    "values": [
                        0.00067905044055,
                        0.00278712010574
                    ]
                },
                {
                    "type": "tuple",
                    "values": [
                        -0.002552322609548572,
                        -0.00062295476273
                    ]
                },
                {
                    "type": "tuple",
                    "values": [
                        -0.0035458249699191653,
                        -0.0016720803583466712
                    ]
                },
                {
                    "type": "tuple",
                    "values": [
                        0.0009131421755580091,
                        0.0026606467416493596
                    ]
                },
                {
                    "type": "tuple",
                    "values": [
                        -0.00372761767444,
                        -0.0018165183571132002
                    ]
                },
                {
                    "type": "tuple",
                    "values": [
                        -0.00023608604248,
                        0.00199948991774
                    ]
                }
            ]
        },
        "log_evidence": -66.6544073716294,
        "values_at_sigma_3": {
            "type": "list",
            "values": [
                {
                    "type": "tuple",
                    "values": [
                        -0.21121014581571718,
                        -0.20090260492185
                    ]
                },
                {
                    "type": "tuple",
                    "values": [
                        -0.05123961012516948,
                        -0.040648212684088296
                    ]
                },
                {
                    "type": "tuple",
                    "values": [
                        -0.0012813818876190068,
                        0.004604882255880662
                    ]
                },
                {
                    "type": "tuple",
                    "values": [
                        -0.004047995346586648,
                        0.0010459811530779146
                    ]
                },
                {
                    "type": "tuple",
                    "values": [
                        -0.0052961217542836225,
                        0.0002177978802431955
                    ]
                },
                {
                    "type": "tuple",
                    "values": [
                        -0.0008528005959467096,
                        0.004493039777832631
                    ]
                },
                {
                    "type": "tuple",
                    "values": [
                        -0.00590409273662,
                        0.00020172564584138958
                    ]
                },
                {
                    "type": "tuple",
                    "values": [
                        -0.0017569411302092574,
                        0.0039786919724
                    ]
                }
            ]
        },
        "errors_at_sigma_3": {
            "type": "list",
            "values": [
                {
                    "type": "tuple",
                    "values": [
                        0.0053781121486788375,
                        0.004929428745188341
                    ]
                },
                {
                    "type": "tuple",
                    "values": [
                        0.005341274377946875,
                        0.005250123063134306
                    ]
                },
                {
                    "type": "tuple",
                    "values": [
                        0.002941090813520189,
                        0.00294517332997948
                    ]
                },
                {
                    "type": "tuple",
                    "values": [
                        0.002491185765766648,
                        0.0026027907338979145
                    ]
                },
                {
                    "type": "tuple",
                    "values": [
                        0.0027346680016236227,
                        0.0027792516329031955
                    ]
                },
                {
                    "type": "tuple",
                    "values": [
                        0.00275154289242671,
                        0.0025942974813526307
                    ]
                },
                {
                    "type": "tuple",
                    "values": [
                        0.003156286003458683,
                        0.0029495323790027068
                    ]
                },
                {
                    "type": "tuple",
                    "values": [
                        0.0026882391845908724,
                        0.0030473939180183855
                    ]
                }
            ]
        },
        "model": null,
        "median_pdf_sample": {
            "type": "instance",
            "class_path": "autofit.non_linear.samples.sample.Sample",
            "arguments": {
                "log_likelihood": -29.15398358231001,
                "log_prior": 0.0,
                "weight": 0.0010394218887114243,
                "kwargs": {
                    "type": "dict",
                    "arguments": {
                        "ellipses.0.ell_comps.ell_comps_0": -0.20583203366703834,
                        "ellipses.0.ell_comps.ell_comps_1": -0.0458983357472226,
                        "multipoles.0.multipole_1.multipole_comps.multipole_comps_0": 0.0016597089259011823,
                        "multipoles.0.multipole_1.multipole_comps.multipole_comps_1": -0.00155680958082,
                        "multipoles.0.multipole_3.multipole_comps.multipole_comps_0": -0.00256145375266,
                        "multipoles.0.multipole_3.multipole_comps.multipole_comps_1": 0.00189874229648,
                        "multipoles.0.multipole_4.multipole_comps.multipole_comps_0": -0.002747806733161317,
                        "multipoles.0.multipole_4.multipole_comps.multipole_comps_1": 0.0009312980543816149
                    }
                }
            }
        }
    }
}