{
    "type": "instance",
    "class_path": "autofit.non_linear.samples.summary.SamplesSummary",
    "arguments": {
        "errors_at_sigma_3": {
            "type": "list",
            "values": [
                {
                    "type": "tuple",
                    "values": [
                        0.009829504840729864,
                        0.009698705871277136
                    ]
                },
                {
                    "type": "tuple",
                    "values": [
                        0.01362290102691109,
                        0.014491408205769999
                    ]
                },
                {
                    "type": "tuple",
                    "values": [
                        0.045079867481295305,
                        0.03329608641453651
                    ]
                },
                {
                    "type": "tuple",
                    "values": [
                        0.03344483470395482,
                        0.023282124353675306
                    ]
                },
                {
                    "type": "tuple",
                    "values": [
                        0.025632619805729076,
                        0.030063022331304586
                    ]
                },
                {
                    "type": "tuple",
                    "values": [
                        0.04355328538488936,
                        0.023014204521740786
                    ]
                },
                {
                    "type": "tuple",
                    "values": [
                        0.021006931594183376,
                        0.017248452047505903
                    ]
                },
                {
                    "type": "tuple",
                    "values": [
                        0.024683519155382902,
                        0.029467925894576065
                    ]
                }
            ]
        },
        "model": null,
        "max_log_likelihood_sample": {
            "type": "instance",
            "class_path": "autofit.non_linear.samples.sample.Sample",
            "arguments": {
                "log_likelihood": -30.285455940791,
                "log_prior": 0.0,
                "weight": 0.0010276301022072662,
                "kwargs": {
                    "type": "dict",
                    "arguments": {
                        "ellipses.0.ell_comps.ell_comps_0": -0.2067322922926,
                        "ellipses.0.ell_comps.ell_comps_1": -0.00426071210715,
                        "multipoles.0.multipole_1.multipole_comps.multipole_comps_0": 0.01757473607752,
                        "multipoles.0.multipole_1.multipole_comps.multipole_comps_1": 0.01059966012911,
                        "multipoles.0.multipole_3.multipole_comps.multipole_comps_0": -0.01014670337504,
                        "multipoles.0.multipole_3.multipole_comps.multipole_comps_1": 0.0192721257544,
                        "multipoles.0.multipole_4.multipole_comps.multipole_comps_0": 0.00408918047822,
                        "multipoles.0.multipole_4.multipole_comps.multipole_comps_1": -0.05527189082969
                    }
                }
            }
        },
        "log_evidence": -53.00019845749908,
        "median_pdf_sample": {
            "type": "instance",
            "class_path": "autofit.non_linear.samples.sample.Sample",
            "arguments": {
                "log_likelihood": -30.285455940791,
                "log_prior": 0.0,
                "weight": 0.0010276301022072662,
                "kwargs": {
                    "type": "dict",
                    "arguments": {
                        "ellipses.0.ell_comps.ell_comps_0": -0.20645745834359014,
                        "ellipses.0.ell_comps.ell_comps_1": -0.00108139735008,
                        "multipoles.0.multipole_1.multipole_comps.multipole_comps_0": 0.0062063875635,
                        "multipoles.0.multipole_1.multipole_comps.multipole_comps_1": 0.006950681392884694,
                        "multipoles.0.multipole_3.multipole_comps.multipole_comps_0": -0.0017627671657445853,
                        "multipoles.0.multipole_3.multipole_comps.multipole_comps_1": 0.00990526535757,
                        "multipoles.0.multipole_4.multipole_comps.multipole_comps_0": 0.002413206358978562,
                        "multipoles.0.multipole_4.multipole_comps.multipole_comps_1": -0.0501069720299
                    }
                }
            }
        },
        "values_at_sigma_1": {
            "type": "list",
            "values": [
                {
                    "type": "tuple",
                    "values": [
                        -0.20914693710285,
                        -0.2027142396049001
                    ]
                },
                {
                    "type": "tuple",
                    "values": [
                        -0.00756959610971274,
                        0.00396210458452
                    ]
                },
                {
                    "type": "tuple",
                    "values": [
                        -0.013235205006122942,
                        0.01851297853690991
                    ]
                },
                {
                    "type": "tuple",
                    "values": [
                        -0.01358466825221,
                        0.01643239611473
                    ]
                },
                {
                    "type": "tuple",
                    "values": [
                        -0.010191968032357645,
                        0.008181704401422402
                    ]
                },
                {
                    "type": "tuple",
                    "values": [
                        -0.018875885450316116,
                        0.0209210107356
                    ]
                },
                {
                    "type": "tuple",
                    "values": [
                        -0.00406460802250742,
                        0.00959685101599
                    ]
                },
                {
                    "type": "tuple",
                    "values": [
                        -0.06088830078107121,
                        -0.03698306807274
                    ]
                }
            ]
        },
        "values_at_sigma_3": {
            "type": "list",
            "values": [
                {
                    "type": "tuple",
                    "values": [
                        -0.21628696318432,
                        -0.196758752472313
                    ]
                },
                {
                    "type": "tuple",
                    "values": [
                        -0.014704298376991089,
                        0.01341001085569
                    ]
                },
                {
                    "type": "tuple",
                    "values": [
                        -0.03887347991779531,
                        0.03950247397803651
                    ]
                },
                {
                    "type": "tuple",
                    "values": [
                        -0.026494153311070124,
                        0.03023280574656
                    ]
                },
                {
                    "type": "tuple",
                    "values": [
                        -0.027395386971473663,
                        0.02830025516556
                    ]
                },
                {
                    "type": "tuple",
                    "values": [
                        -0.03364802002731936,
                        0.032919469879310784
                    ]
                },
                {
                    "type": "tuple",
                    "values": [
                        -0.018593725235204812,
                        0.019661658406484466
                    ]
                },
                {
                    "type": "tuple",
                    "values": [
                        -0.0747904911852829,
                        -0.020639046135323934
                    ]
                }
            ]
        },
        "errors_at_sigma_1": {
            "type": "list",
            "values": [
                {
                    "type": "tuple",
                    "values": [
                        0.0026894787592598723,
                        0.003743218738690046
                    ]
                },
                {
                    "type": "tuple",
                    "values": [
                        0.00648819875963274,
                        0.0050435019346
                    ]
                },
                {
                    "type": "tuple",
                    "values": [
                        0.019441592569622943,
                        0.012306590973409907
                    ]
                },
                {
                    "type": "tuple",
                    "values": [
                        0.020535349645094694,
                        0.009481714721845308
                    ]
                },
                {
                    "type": "tuple",
                    "values": [
                        0.00842920086661306,
                        0.009944471567166987
                    ]
                },
                {
                    "type": "tuple",
                    "values": [
                        0.028781150807886118,
                        0.011015745378030002
                    ]
                },
                {
                    "type": "tuple",
                    "values": [
                        0.006477814381485982,
                        0.007183644657011438
                    ]
                },
                {
                    "type": "tuple",
                    "values": [
                        0.010781328751171208,
                        0.013123903957159996
                    ]
                }
            ]
        }
    }
}