{
    "type": "instance",
    "class_path": "autofit.non_linear.samples.summary.SamplesSummary",
    "arguments": {
        "values_at_sigma_3": {
            "type": "list",
            "values": [
                {
                    "type": "tuple",
                    "values": [
                        0.11026836652602,
                        0.18055091600584
                    ]
                },
                {
                    "type": "tuple",
                    "values": [
                        -0.18280966925702,
                        -0.1387925930427138
                    ]
                },
                {
                    "type": "tuple",
                    "values": [
                        -0.09980985319358,
                        0.0396871571786298
                    ]
                },
                {
                    "type": "tuple",
                    "values": [
                        -0.08871703030585,
                        0.09285690042994
                    ]
                },
                {
                    "type": "tuple",
                    "values": [
                        -0.09659259724886,
                        0.09912609921529078
                    ]
                },
                {
                    "type": "tuple",
                    "values": [
                        -0.08881963594044354,
                        0.09620607036569
                    ]
                }
            ]
        },
        "model": null,
        "median_pdf_sample": {
            "type": "instance",
            "class_path": "autofit.non_linear.samples.sample.Sample",
            "arguments": {
                "log_likelihood": -48.89615455038668,
                "log_prior": 0.0,
                "weight": 0.0009548168955166133,
                "kwargs": {
                    "type": "dict",
                    "arguments": {
                        "ellipses.0.ell_comps.ell_comps_0": 0.12224766760815,
                        "ellipses.0.ell_comps.ell_comps_1": -0.16257848287466647,
                        "multipoles.0.multipole_3.multipole_comps.multipole_comps_0": -0.05592952987664291,
                        "multipoles.0.multipole_3.multipole_comps.multipole_comps_1": -0.00628706863307,
                        "multipoles.0.multipole_4.multipole_comps.multipole_comps_0": 0.002668208531004894,
                        "multipoles.0.multipole_4.multipole_comps.multipole_comps_1": 0.00479745922949
                    }
                }
            }
        },
        "log_evidence": -66.60066897140759,
        "errors_at_sigma_3": {
            "type": "list",
            "values": [
                {
                    "type": "tuple",
                    "values": [
                        0.011979301082130009,
                        0.058303248397689994
                    ]
                },
                {
                    "type": "tuple",
                    "values": [
                        0.020231186382353522,
                        0.023785889831952678
                    ]
                },
                {
                    "type": "tuple",
                    "values": [
                        0.043880323316937093,
                        0.09561668705527271
                    ]
                },
                {
                    "type": "tuple",
                    "values": [
                        0.08242996167278,
                        0.09914396906301001
                    ]
                },
                {
                    "type": "tuple",
                    "values": [
                        0.0992608057798649,
                        0.09645789068428588
                    ]
                },
                {
                    "type": "tuple",
                    "values": [
                        0.09361709516993354,
                        0.0914086111362
                    ]
                }
            ]
        },
        "values_at_sigma_1": {
            "type": "list",
            "values": [
                {
                    "type": "tuple",
                    "values": [
                        0.11848400914591,
                        0.16097103483115782
                    ]
                },
                {
                    "type": "tuple",
                    "values": [
                        -0.1672410114486101,
                        -0.15857745784323
                    ]
                },
                {
                    "type": "tuple",
                    "values": [
                        -0.08413573208455,
                        -0.010264346306371352
                    ]
                },
                {
                    "type": "tuple",
                    "values": [
                        -0.03578319350037,
                        0.02395466727964
                    ]
                },
                {
                    "type": "tuple",
                    "values": [
                        -0.04268204546098,
                        0.04293872608094
                    ]
                },
                {
                    "type": "tuple",
                    "values": [
                        -0.036113449693620854,
                        0.05655761711225173
                    ]
                }
            ]
        },
        "max_log_likelihood_sample": {
            "type": "instance",
            "class_path": "autofit.non_linear.samples.sample.Sample",
            "arguments": {
                "log_likelihood": -48.89615455038668,
                "log_prior": 0.0,
                "weight": 0.0009548168955166133,
                "kwargs": {
                    "type": "dict",
                    "arguments": {
                        "ellipses.0.ell_comps.ell_comps_0": 0.11909830133022,
                        "ellipses.0.ell_comps.ell_comps_1": -0.16269305492746,
                        "multipoles.0.multipole_3.multipole_comps.multipole_comps_0": 0.0044624129009,
                        "multipoles.0.multipole_3.multipole_comps.multipole_comps_1": -0.01299628453177,
                        "multipoles.0.multipole_4.multipole_comps.multipole_comps_0": -0.02192633166246,
                        "multipoles.0.multipole_4.multipole_comps.multipole_comps_1": -0.04601154741007
                    }
                }
            }
        },
        "errors_at_sigma_1": {
            "type": "list",
            "values": [
                {
                    "type": "tuple",
                    "values": [
                        0.003763658462240013,
                        0.038723367223007815
                    ]
                },
                {
                    "type": "tuple",
                    "values": [
                        0.004662528573943614,
                        0.004001025031436484
                    ]
                },
                {
                    "type": "tuple",
                    "values": [
                        0.028206202207907087,
                        0.04566518357027156
                    ]
                },
                {
                    "type": "tuple",
                    "values": [
                        0.0294961248673,
                        0.03024173591271
                    ]
                },
                {
                    "type": "tuple",
                    "values": [
                        0.04535025399198489,
                        0.04027051754993511
                    ]
                },
                {
                    "type": "tuple",
                    "values": [
                        0.040910908923110854,
                        0.05176015788276173
                    ]
                }
            ]
        }
    }
}