{
    "type": "instance",
    "class_path": "autofit.non_linear.samples.summary.SamplesSummary",
    "arguments": {
        "log_evidence": -59.65956493756488,
        "max_log_likelihood_sample": {
            "type": "instance",
            "class_path": "autofit.non_linear.samples.sample.Sample",
            "arguments": {
                "log_likelihood": -41.96439010160243,
                "log_prior": 0.0,
                "weight": 0.0010125343022751746,
                "kwargs": {
                    "type": "dict",
                    "arguments": {
                        "ellipses.0.ell_comps.ell_comps_0": -0.15391627126783,
                        "ellipses.0.ell_comps.ell_comps_1": 0.08118525388331,
                        "multipoles.0.multipole_3.multipole_comps.multipole_comps_0": 0.05695296514929,
                        "multipoles.0.multipole_3.multipole_comps.multipole_comps_1": -0.02745293157459,
                        "multipoles.0.multipole_4.multipole_comps.multipole_comps_0": 0.02910491688419,
                        "multipoles.0.multipole_4.multipole_comps.multipole_comps_1": 0.03096959286094
                    }
                }
            }
        },
        "errors_at_sigma_1": {
            "type": "list",
            "values": [
                {
                    "type": "tuple",
                    "values": [
                        0.0074731262911058305,
                        0.0022767513869591804
                    ]
                },
                {
                    "type": "tuple",
                    "values": [
                        0.0038585392587800055,
                        0.0075167049078886106
                    ]
                },
                {
                    "type": "tuple",
                    "values": [
                        0.03212268286953359,
                        0.015539254886144598
                    ]
                },
                {
                    "type": "tuple",
                    "values": [
                        0.0098728778309656,
                        0.024715632860209266
                    ]
                },
                {
                    "type": "tuple",
                    "values": [
                        0.032431893895294404,
                        0.017990681568004305
                    ]
                },
                {
                    "type": "tuple",
                    "values": [
                        0.035987421852578576,
                        0.016087442971614907
                    ]
                }
            ]
        },
        "values_at_sigma_1": {
            "type": "list",
            "values": [
                {
                    "type": "tuple",
                    "values": [
                        -0.16268570536360583,
                        -0.15293582768554081
                    ]
                },
                {
                    "type": "tuple",
                    "values": [
                        0.08078818299884,
                        0.09216342716550861
                    ]
                },
                {
                    "type": "tuple",
                    "values": [
                        0.014964134970691809,
                        0.06262607272637
                    ]
                },
                {
                    "type": "tuple",
                    "values": [
                        -0.03712805097753487,
                        -0.00253954028636
                    ]
                },
                {
                    "type": "tuple",
                    "values": [
                        -0.017236210346058715,
                        0.03318636511724
                    ]
                },
                {
                    "type": "tuple",
                    "values": [
                        -0.0001649712232434867,
                        0.05190989360095
                    ]
                }
            ]
        },
        "values_at_sigma_3": {
            "type": "list",
            "values": [
                {
                    "type": "tuple",
                    "values": [
                        -0.18701686565332,
                        -0.14791106509675048
                    ]
                },
                {
                    "type": "tuple",
                    "values": [
                        0.012521065230283644,
                        0.1174685393814818
                    ]
                },
                {
                    "type": "tuple",
                    "values": [
                        -0.08547068222347261,
                        0.09485816489754724
                    ]
                },
                {
                    "type": "tuple",
                    "values": [
                        -0.06788141304204,
                        0.03341355841519
                    ]
                },
                {
                    "type": "tuple",
                    "values": [
                        -0.07273827785147,
                        0.07021814403627
                    ]
                },
                {
                    "type": "tuple",
                    "values": [
                        -0.09590974181614148,
                        0.09959591167401
                    ]
                }
            ]
        },
        "model": null,
        "median_pdf_sample": {
            "type": "instance",
            "class_path": "autofit.non_linear.samples.sample.Sample",
            "arguments": {
                "log_likelihood": -41.96439010160243,
                "log_prior": 0.0,
                "weight": 0.0010125343022751746,
                "kwargs": {
                    "type": "dict",
                    "arguments": {
                        "ellipses.0.ell_comps.ell_comps_0": -0.1552125790725,
                        "ellipses.0.ell_comps.ell_comps_1": 0.08464672225762,
                        "multipoles.0.multipole_3.multipole_comps.multipole_comps_0": 0.0470868178402254,
                        "multipoles.0.multipole_3.multipole_comps.multipole_comps_1": -0.027255173146569268,
                        "multipoles.0.multipole_4.multipole_comps.multipole_comps_0": 0.015195683549235691,
                        "multipoles.0.multipole_4.multipole_comps.multipole_comps_1": 0.03582245062933509
                    }
                }
            }
        },
        "errors_at_sigma_3": {
            "type": "list",
            "values": [
                {
                    "type": "tuple",
                    "values": [
                        0.03180428658082002,
                        0.0073015139757495184
                    ]
                },
                {
                    "type": "tuple",
                    "values": [
                        0.07212565702733637,
                        0.0328218171238618
                    ]
                },
                {
                    "type": "tuple",
                    "values": [
                        0.132557500063698,
                        0.04777134705732184
                    ]
                },
                {
                    "type": "tuple",
                    "values": [
                        0.040626239895470734,
                        0.06066873156175927
                    ]
                },
                {
                    "type": "tuple",
                    "values": [
                        0.08793396140070568,
                        0.055022460487034304
                    ]
                },
                {
                    "type": "tuple",
                    "values": [
                        0.13173219244547657,
                        0.0637734610446749
                    ]
                }
            ]
        }
    }
}