{
    "type": "collection",
    "arguments": {
        "ellipses": {
            "type": "collection",
            "arguments": {
                "0": {
                    "type": "instance",
                    "class_path": "autogalaxy.ellipse.ellipse.ellipse.Ellipse",
                    "arguments": {
                        "major_axis": 0.25,
                        "ell_comps": {
                            "type": "tuple",
                            "values": [
                                0.06296328997508,
                                -0.04625718073414
                            ]
                        },
                        "centre": {
                            "type": "tuple",
                            "values": [
                                -0.00255154229216,
                                -0.00032932443838
                            ]
                        }
                    }
                },
                "1": {
                    "type": "instance",
                    "class_path": "autogalaxy.ellipse.ellipse.ellipse.Ellipse",
                    "arguments": {
                        "major_axis": 0.5,
                        "ell_comps": {
                            "type": "tuple",
                            "values": [
                                0.08328063582722,
                                -0.05663173326681
                            ]
                        },
                        "centre": {
                            "type": "tuple",
                            "values": [
                                -0.00255154229216,
                                -0.00032932443838
                            ]
                        }
                    }
                },
                "2": {
                    "type": "instance",
                    "class_path": "autogalaxy.ellipse.ellipse.ellipse.Ellipse",
                    "arguments": {
                        "major_axis": 0.75,
                        "ell_comps": {
                            "type": "tuple",
                            "values": [
                                0.0976939790246,
                                -0.07687745538439
                            ]
                        },
                        "centre": {
                            "type": "tuple",
                            "values": [
                                -0.00255154229216,
                                -0.00032932443838
                            ]
                        }
                    }
                },
                "3": {
                    "type": "instance",
                    "class_path": "autogalaxy.ellipse.ellipse.ellipse.Ellipse",
                    "arguments": {
                        "major_axis": 1.0,
                        "ell_comps": {
                            "type": "tuple",
                            "values": [
                                0.11175047373787,
                                -0.09571074969713
                            ]
                        },
                        "centre": {
                            "type": "tuple",
                            "values": [
                                -0.00255154229216,
                                -0.00032932443838
                            ]
                        }
                    }
                },
                "4": {
                    "type": "instance",
                    "class_path": "autogalaxy.ellipse.ellipse.ellipse.Ellipse",
                    "arguments": {
                        "major_axis": 1.25,
                        "ell_comps": {
                            "type": "tuple",
                            "values": [
                                0.11339907805379,
                                -0.09580907783795
                            ]
                        },
                        "centre": {
                            "type": "tuple",
                            "values": [
                                -0.00255154229216,
                                -0.00032932443838
                            ]
                        }
                    }
                },
                "5": {
                    "type": "instance",
                    "class_path": "autogalaxy.ellipse.ellipse.ellipse.Ellipse",
                    "arguments": {
                        "major_axis": 1.5,
                        "ell_comps": {
                            "type": "tuple",
                            "values": [
                                0.10831104439242,
                                -0.10837208099721
                            ]
                        },
                        "centre": {
                            "type": "tuple",
                            "values": [
                                -0.00255154229216,
                                -0.00032932443838
                            ]
                        }
                    }
                },
                "6": {
                    "type": "instance",
                    "class_path": "autogalaxy.ellipse.ellipse.ellipse.Ellipse",
                    "arguments": {
                        "major_axis": 1.75,
                        "ell_comps": {
                            "type": "tuple",
                            "values": [
                                0.10259187252179,
                                -0.111940944178
                            ]
                        },
                        "centre": {
                            "type": "tuple",
                            "values": [
                                -0.00255154229216,
                                -0.00032932443838
                            ]
                        }
                    }
                },
                "7": {
                    "type": "instance",
                    "class_path": "autogalaxy.ellipse.ellipse.ellipse.Ellipse",
                    "arguments": {
                        "major_axis": 2.0,
                        "ell_comps": {
                            "type": "tuple",
                            "values": [
                                0.11109993965429,
                                -0.11498754225261
                            ]
                        },
                        "centre": {
                            "type": "tuple",
                            "values": [
                                -0.00255154229216,
                                -0.00032932443838
                            ]
                        }
                    }
                },
                "8": {
                    "type": "instance",
                    "class_path": "autogalaxy.ellipse.ellipse.ellipse.Ellipse",
                    "arguments": {
                        "major_axis": 2.25,
                        "ell_comps": {
                            "type": "tuple",
                            "values": [
                                0.10746480033684,
                                -0.10029957362776
                            ]
                        },
                        "centre": {
                            "type": "tuple",
                            "values": [
                                -0.00255154229216,
                                -0.00032932443838
                            ]
                        }
                    }
                },
                "9": {
                    "type": "instance",
                    "class_path": "autogalaxy.ellipse.ellipse.ellipse.Ellipse",
                    "arguments": {
                        "major_axis": 2.5,
                        "ell_comps": {
                            "type": "tuple",
                            "values": [
                                0.10054954722018,
                                -0.09999102632612
                            ]
                        },
                        "centre": {
                            "type": "tuple",
                            "values": [
                                -0.00255154229216,
                                -0.00032932443838
                            ]
                        }
                    }
                },
                "10": {
                    "type": "instance",
                    "class_path": "autogalaxy.ellipse.ellipse.ellipse.Ellipse",
                    "arguments": {
                        "major_axis": 2.75,
                        "ell_comps": {
                            "type": "tuple",
                            "values": [
                                0.11244001980298,
                                -0.09975986282862
                            ]
                        },
                        "centre": {
                            "type": "tuple",
                            "values": [
                                -0.00255154229216,
                                -0.00032932443838
                            ]
                        }
                    }
                },
                "11": {
                    "type": "instance",
                    "class_path": "autogalaxy.ellipse.ellipse.ellipse.Ellipse",
                    "arguments": {
                        "major_axis": 3.0,
                        "ell_comps": {
                            "type": "tuple",
                            "values": [
                                0.12699914852409,
                                -0.12276029491351
                            ]
                        },
                        "centre": {
                            "type": "tuple",
                            "values": [
                                -0.00255154229216,
                                -0.00032932443838
                            ]
                        }
                    }
                },
                "12": {
                    "type": "instance",
                    "class_path": "autogalaxy.ellipse.ellipse.ellipse.Ellipse",
                    "arguments": {
                        "major_axis": 3.25,
                        "ell_comps": {
                            "type": "tuple",
                            "values": [
                                0.11867416507541,
                                -0.12779685824405
                            ]
                        },
                        "centre": {
                            "type": "tuple",
                            "values": [
                                -0.00255154229216,
                                -0.00032932443838
                            ]
                        }
                    }
                },
                "13": {
                    "type": "instance",
                    "class_path": "autogalaxy.ellipse.ellipse.ellipse.Ellipse",
                    "arguments": {
                        "major_axis": 3.5,
                        "ell_comps": {
                            "type": "tuple",
                            "values": [
                                0.12485110485296,
                                -0.1122503129181
                            ]
                        },
                        "centre": {
                            "type": "tuple",
                            "values": [
                                -0.00255154229216,
                                -0.00032932443838
                            ]
                        }
                    }
                },
                "14": {
                    "type": "instance",
                    "class_path": "autogalaxy.ellipse.ellipse.ellipse.Ellipse",
                    "arguments": {
                        "major_axis": 3.75,
                        "ell_comps": {
                            "type": "tuple",
                            "values": [
                                0.13639195131211,
                                -0.14923174395329
                            ]
                        },
                        "centre": {
                            "type": "tuple",
                            "values": [
                                -0.00255154229216,
                                -0.00032932443838
                            ]
                        }
                    }
                },
                "15": {
                    "type": "instance",
                    "class_path": "autogalaxy.ellipse.ellipse.ellipse.Ellipse",
                    "arguments": {
                        "major_axis": 4.0,
                        "ell_comps": {
                            "type": "tuple",
                            "values": [
                                0.15093258730287,
                                -0.13894666012487
                            ]
                        },
                        "centre": {
                            "type": "tuple",
                            "values": [
                                -0.00255154229216,
                                -0.00032932443838
                            ]
                        }
                    }
                },
                "16": {
                    "type": "instance",
                    "class_path": "autogalaxy.ellipse.ellipse.ellipse.Ellipse",
                    "arguments": {
                        "major_axis": 4.25,
                        "ell_comps": {
                            "type": "tuple",
                            "values": [
                                0.12519228408775,
                                -0.15292412913223
                            ]
                        },
                        "centre": {
                            "type": "tuple",
                            "values": [
                                -0.00255154229216,
                                -0.00032932443838
                            ]
                        }
                    }
                },
                "17": {
                    "type": "instance",
                    "class_path": "autogalaxy.ellipse.ellipse.ellipse.Ellipse",
                    "arguments": {
                        "major_axis": 4.5,
                        "ell_comps": {
                            "type": "tuple",
                            "values": [
                                0.158037546744,
                                -0.14597071549349
                            ]
                        },
                        "centre": {
                            "type": "tuple",
                            "values": [
                                -0.00255154229216,
                                -0.00032932443838
                            ]
                        }
                    }
                },
                "18": {
                    "type": "instance",
                    "class_path": "autogalaxy.ellipse.ellipse.ellipse.Ellipse",
                    "arguments": {
                        "major_axis": 4.75,
                        "ell_comps": {
                            "type": "tuple",
                            "values": [
                                0.14367763553969,
                                -0.16901265930543
                            ]
                        },
                        "centre": {
                            "type": "tuple",
                            "values": [
                                -0.00255154229216,
                                -0.00032932443838
                            ]
                        }
                    }
                }
            }
        },
        "multipoles": {
            "type": "collection",
            "arguments": {
                "0": {
                    "type": "instance",
                    "class_path": "autofit.mapper.model.ModelInstance",
                    "arguments": {
                        "child_items": {
                            "type": "dict",
                            "arguments": {
                                "multipole_1": {
                                    "type": "instance",
                                    "class_path": "autogalaxy.ellipse.ellipse.ellipse_multipole.EllipseMultipole",
                                    "arguments": {
                                        "multipole_comps": {
                                            "type": "tuple",
                                            "values": [
                                                -0.00118795885124,
                                                -1.167009053e-05
                                            ]
                                        },
                                        "m": 1
                                    }
                                },
                                "multipole_3": {
                                    "type": "instance",
                                    "class_path": "autogalaxy.ellipse.ellipse.ellipse_multipole.EllipseMultipole",
                                    "arguments": {
                                        "multipole_comps": {
                                            "type": "tuple",
                                            "values": [
                                                -0.00201586543221,
                                                -0.00041428648872
                                            ]
                                        },
                                        "m": 3
                                    }
                                },
                                "multipole_4": {
                                    "type": "instance",
                                    "class_path": "autogalaxy.ellipse.ellipse.ellipse_multipole.EllipseMultipole",
                                    "arguments": {
                                        "multipole_comps": {
                                            "type": "tuple",
                                            "values": [
                                                0.00101718131097,
                                                0.00044455621265
                                            ]
                                        },
                                        "m": 4
                                    }
                                }
                            }
                        }
                    }
                },
                "1": {
                    "type": "instance",
                    "class_path": "autofit.mapper.model.ModelInstance",
                    "arguments": {
                        "child_items": {
                            "type": "dict",
                            "arguments": {
                                "multipole_1": {
                                    "type": "instance",
                                    "class_path": "autogalaxy.ellipse.ellipse.ellipse_multipole.EllipseMultipole",
                                    "arguments": {
                                        "multipole_comps": {
                                            "type": "tuple",
                                            "values": [
                                                -0.00175228205182,
                                                0.00056716675992
                                            ]
                                        },
                                        "m": 1
                                    }
                                },
                                "multipole_3": {
                                    "type": "instance",
                                    "class_path": "autogalaxy.ellipse.ellipse.ellipse_multipole.EllipseMultipole",
                                    "arguments": {
                                        "multipole_comps": {
                                            "type": "tuple",
                                            "values": [
                                                0.00186330886708,
                                                0.00179584895844
                                            ]
                                        },
                                        "m": 3
                                    }
                                },
                                "multipole_4": {
                                    "type": "instance",
                                    "class_path": "autogalaxy.ellipse.ellipse.ellipse_multipole.EllipseMultipole",
                                    "arguments": {
                                        "multipole_comps": {
                                            "type": "tuple",
                                            "values": [
                                                0.00035840063907,
                                                0.0039529694354
                                            ]
                                        },
                                        "m": 4
                                    }
                                }
                            }
                        }
                    }
                },
                "2": {
                    "type": "instance",
                    "class_path": "autofit.mapper.model.ModelInstance",
                    "arguments": {
                        "child_items": {
                            "type": "dict",
                            "arguments": {
                                "multipole_1": {
                                    "type": "instance",
                                    "class_path": "autogalaxy.ellipse.ellipse.ellipse_multipole.EllipseMultipole",
                                    "arguments": {
                                        "multipole_comps": {
                                            "type": "tuple",
                                            "values": [
                                                -0.00371036889693,
                                                -0.00091802879773
                                            ]
                                        },
                                        "m": 1
                                    }
                                },
                                "multipole_3": {
                                    "type": "instance",
                                    "class_path": "autogalaxy.ellipse.ellipse.ellipse_multipole.EllipseMultipole",
                                    "arguments": {
                                        "multipole_comps": {
                                            "type": "tuple",
                                            "values": [
                                                -0.0016294890865,
                                                0.00129131080279
                                            ]
                                        },
                                        "m": 3
                                    }
                                },
                                "multipole_4": {
                                    "type": "instance",
                                    "class_path": "autogalaxy.ellipse.ellipse.ellipse_multipole.EllipseMultipole",
                                    "arguments": {
                                        "multipole_comps": {
                                            "type": "tuple",
                                            "values": [
                                                -0.0030481536949,
                                                0.00425580340157
                                            ]
                                        },
                                        "m": 4
                                    }
                                }
                            }
                        }
                    }
                },
                "3": {
                    "type": "instance",
                    "class_path": "autofit.mapper.model.ModelInstance",
                    "arguments": {
                        "child_items": {
                            "type": "dict",
                            "arguments": {
                                "multipole_1": {
                                    "type": "instance",
                                    "class_path": "autogalaxy.ellipse.ellipse.ellipse_multipole.EllipseMultipole",
                                    "arguments": {
                                        "multipole_comps": {
                                            "type": "tuple",
                                            "values": [
                                                0.00451587196015,
                                                0.0004923168276
                                            ]
                                        },
                                        "m": 1
                                    }
                                },
                                "multipole_3": {
                                    "type": "instance",
                                    "class_path": "autogalaxy.ellipse.ellipse.ellipse_multipole.EllipseMultipole",
                                    "arguments": {
                                        "multipole_comps": {
                                            "type": "tuple",
                                            "values": [
                                                -0.00385901915682,
                                                -0.00274265575453
                                            ]
                                        },
                                        "m": 3
                                    }
                                },
                                "multipole_4": {
                                    "type": "instance",
                                    "class_path": "autogalaxy.ellipse.ellipse.ellipse_multipole.EllipseMultipole",
                                    "arguments": {
                                        "multipole_comps": {
                                            "type": "tuple",
                                            "values": [
                                                0.00450327516063,
                                                0.01225778360007
                                            ]
                                        },
                                        "m": 4
                                    }
                                }
                            }
                        }
                    }
                },
                "4": {
                    "type": "instance",
                    "class_path": "autofit.mapper.model.ModelInstance",
                    "arguments": {
                        "child_items": {
                            "type": "dict",
                            "arguments": {
                                "multipole_1": {
                                    "type": "instance",
                                    "class_path": "autogalaxy.ellipse.ellipse.ellipse_multipole.EllipseMultipole",
                                    "arguments": {
                                        "multipole_comps": {
                                            "type": "tuple",
                                            "values": [
                                                0.00896427838995,
                                                -0.00325382649985
                                            ]
                                        },
                                        "m": 1
                                    }
                                },
                                "multipole_3": {
                                    "type": "instance",
                                    "class_path": "autogalaxy.ellipse.ellipse.ellipse_multipole.EllipseMultipole",
                                    "arguments": {
                                        "multipole_comps": {
                                            "type": "tuple",
                                            "values": [
                                                -0.00539677284187,
                                                -0.00588602287003
                                            ]
                                        },
                                        "m": 3
                                    }
                                },
                                "multipole_4": {
                                    "type": "instance",
                                    "class_path": "autogalaxy.ellipse.ellipse.ellipse_multipole.EllipseMultipole",
                                    "arguments": {
                                        "multipole_comps": {
                                            "type": "tuple",
                                            "values": [
                                                0.00298570376259,
                                                0.01785829523247
                                            ]
                                        },
                                        "m": 4
                                    }
                                }
                            }
                        }
                    }
                },
                "5": {
                    "type": "instance",
                    "class_path": "autofit.mapper.model.ModelInstance",
                    "arguments": {
                        "child_items": {
                            "type": "dict",
                            "arguments": {
                                "multipole_1": {
                                    "type": "instance",
                                    "class_path": "autogalaxy.ellipse.ellipse.ellipse_multipole.EllipseMultipole",
                                    "arguments": {
                                        "multipole_comps": {
                                            "type": "tuple",
                                            "values": [
                                                0.00418150756723,
                                                -0.00840982828824
                                            ]
                                        },
                                        "m": 1
                                    }
                                },
                                "multipole_3": {
                                    "type": "instance",
                                    "class_path": "autogalaxy.ellipse.ellipse.ellipse_multipole.EllipseMultipole",
                                    "arguments": {
                                        "multipole_comps": {
                                            "type": "tuple",
                                            "values": [
                                                -0.00148895017561,
                                                0.00619179312793
                                            ]
                                        },
                                        "m": 3
                                    }
                                },
                                "multipole_4": {
                                    "type": "instance",
                                    "class_path": "autogalaxy.ellipse.ellipse.ellipse_multipole.EllipseMultipole",
                                    "arguments": {
                                        "multipole_comps": {
                                            "type": "tuple",
                                            "values": [
                                                0.0171736953515,
                                                0.01827680734427
                                            ]
                                        },
                                        "m": 4
                                    }
                                }
                            }
                        }
                    }
                },
                "6": {
                    "type": "instance",
                    "class_path": "autofit.mapper.model.ModelInstance",
                    "arguments": {
                        "child_items": {
                            "type": "dict",
                            "arguments": {
                                "multipole_1": {
                                    "type": "instance",
                                    "class_path": "autogalaxy.ellipse.ellipse.ellipse_multipole.EllipseMultipole",
                                    "arguments": {
                                        "multipole_comps": {
                                            "type": "tuple",
                                            "values": [
                                                -0.00906243035411,
                                                -0.00399369662017
                                            ]
                                        },
                                        "m": 1
                                    }
                                },
                                "multipole_3": {
                                    "type": "instance",
                                    "class_path": "autogalaxy.ellipse.ellipse.ellipse_multipole.EllipseMultipole",
                                    "arguments": {
                                        "multipole_comps": {
                                            "type": "tuple",
                                            "values": [
                                                -0.00491127764036,
                                                0.00971790141524
                                            ]
                                        },
                                        "m": 3
                                    }
                                },
                                "multipole_4": {
                                    "type": "instance",
                                    "class_path": "autogalaxy.ellipse.ellipse.ellipse_multipole.EllipseMultipole",
                                    "arguments": {
                                        "multipole_comps": {
                                            "type": "tuple",
                                            "values": [
                                                0.01369441339233,
                                                0.01549728675219
                                            ]
                                        },
                                        "m": 4
                                    }
                                }
                            }
                        }
                    }
                },
                "7": {
                    "type": "instance",
                    "class_path": "autofit.mapper.model.ModelInstance",
                    "arguments": {
                        "child_items": {
                            "type": "dict",
                            "arguments": {
                                "multipole_1": {
                                    "type": "instance",
                                    "class_path": "autogalaxy.ellipse.ellipse.ellipse_multipole.EllipseMultipole",
                                    "arguments": {
                                        "multipole_comps": {
                                            "type": "tuple",
                                            "values": [
                                                -0.00380288839135,
                                                0.00441499850561
                                            ]
                                        },
                                        "m": 1
                                    }
                                },
                                "multipole_3": {
                                    "type": "instance",
                                    "class_path": "autogalaxy.ellipse.ellipse.ellipse_multipole.EllipseMultipole",
                                    "arguments": {
                                        "multipole_comps": {
                                            "type": "tuple",
                                            "values": [
                                                -0.00533147528118,
                                                -0.00967624290075
                                            ]
                                        },
                                        "m": 3
                                    }
                                },
                                "multipole_4": {
                                    "type": "instance",
                                    "class_path": "autogalaxy.ellipse.ellipse.ellipse_multipole.EllipseMultipole",
                                    "arguments": {
                                        "multipole_comps": {
                                            "type": "tuple",
                                            "values": [
                                                -0.00425216233842,
                                                0.02013679697439
                                            ]
                                        },
                                        "m": 4
                                    }
                                }
                            }
                        }
                    }
                },
                "8": {
                    "type": "instance",
                    "class_path": "autofit.mapper.model.ModelInstance",
                    "arguments": {
                        "child_items": {
                            "type": "dict",
                            "arguments": {
                                "multipole_1": {
                                    "type": "instance",
                                    "class_path": "autogalaxy.ellipse.ellipse.ellipse_multipole.EllipseMultipole",
                                    "arguments": {
                                        "multipole_comps": {
                                            "type": "tuple",
                                            "values": [
                                                0.01876723228186,
                                                -0.01109683075287
                                            ]
                                        },
                                        "m": 1
                                    }
                                },
                                "multipole_3": {
                                    "type": "instance",
                                    "class_path": "autogalaxy.ellipse.ellipse.ellipse_multipole.EllipseMultipole",
                                    "arguments": {
                                        "multipole_comps": {
                                            "type": "tuple",
                                            "values": [
                                                0.01711295254201,
                                                -0.01177250344707
                                            ]
                                        },
                                        "m": 3
                                    }
                                },
                                "multipole_4": {
                                    "type": "instance",
                                    "class_path": "autogalaxy.ellipse.ellipse.ellipse_multipole.EllipseMultipole",
                                    "arguments": {
                                        "multipole_comps": {
                                            "type": "tuple",
                                            "values": [
                                                -0.00655090175416,
                                                -0.00066617636188
                                            ]
                                        },
                                        "m": 4
                                    }
                                }
                            }
                        }
                    }
                },
                "9": {
                    "type": "instance",
                    "class_path": "autofit.mapper.model.ModelInstance",
                    "arguments": {
                        "child_items": {
                            "type": "dict",
                            "arguments": {
                                "multipole_1": {
                                    "type": "instance",
                                    "class_path": "autogalaxy.ellipse.ellipse.ellipse_multipole.EllipseMultipole",
                                    "arguments": {
                                        "multipole_comps": {
                                            "type": "tuple",
                                            "values": [
                                                -0.02677466223628,
                                                -0.0075993269133
                                            ]
                                        },
                                        "m": 1
                                    }
                                },
                                "multipole_3": {
                                    "type": "instance",
                                    "class_path": "autogalaxy.ellipse.ellipse.ellipse_multipole.EllipseMultipole",
                                    "arguments": {
                                        "multipole_comps": {
                                            "type": "tuple",
                                            "values": [
                                                -0.00888967533531,
                                                0.01295279216684
                                            ]
                                        },
                                        "m": 3
                                    }
                                },
                                "multipole_4": {
                                    "type": "instance",
                                    "class_path": "autogalaxy.ellipse.ellipse.ellipse_multipole.EllipseMultipole",
                                    "arguments": {
                                        "multipole_comps": {
                                            "type": "tuple",
                                            "values": [
                                                0.00112320237421,
                                                -0.0103709319975
                                            ]
                                        },
                                        "m": 4
                                    }
                                }
                            }
                        }
                    }
                },
                "10": {
                    "type": "instance",
                    "class_path": "autofit.mapper.model.ModelInstance",
                    "arguments": {
                        "child_items": {
                            "type": "dict",
                            "arguments": {
                                "multipole_1": {
                                    "type": "instance",
                                    "class_path": "autogalaxy.ellipse.ellipse.ellipse_multipole.EllipseMultipole",
                                    "arguments": {
                                        "multipole_comps": {
                                            "type": "tuple",
                                            "values": [
                                                -0.01195959077821,
                                                0.0396741385887
                                            ]
                                        },
                                        "m": 1
                                    }
                                },
                                "multipole_3": {
                                    "type": "instance",
                                    "class_path": "autogalaxy.ellipse.ellipse.ellipse_multipole.EllipseMultipole",
                                    "arguments": {
                                        "multipole_comps": {
                                            "type": "tuple",
                                            "values": [
                                                -0.01596963647801,
                                                0.02074910650068
                                            ]
                                        },
                                        "m": 3
                                    }
                                },
                                "multipole_4": {
                                    "type": "instance",
                                    "class_path": "autogalaxy.ellipse.ellipse.ellipse_multipole.EllipseMultipole",
                                    "arguments": {
                                        "multipole_comps": {
                                            "type": "tuple",
                                            "values": [
                                                0.00548766211091,
                                                0.02422654902601
                                            ]
                                        },
                                        "m": 4
                                    }
                                }
                            }
                        }
                    }
                },
                "11": {
                    "type": "instance",
                    "class_path": "autofit.mapper.model.ModelInstance",
                    "arguments": {
                        "child_items": {
                            "type": "dict",
                            "arguments": {
                                "multipole_1": {
                                    "type": "instance",
                                    "class_path": "autogalaxy.ellipse.ellipse.ellipse_multipole.EllipseMultipole",
                                    "arguments": {
                                        "multipole_comps": {
                                            "type": "tuple",
                                            "values": [
                                                -0.01379414609434,
                                                0.007463227051
                                            ]
                                        },
                                        "m": 1
                                    }
                                },
                                "multipole_3": {
                                    "type": "instance",
                                    "class_path": "autogalaxy.ellipse.ellipse.ellipse_multipole.EllipseMultipole",
                                    "arguments": {
                                        "multipole_comps": {
                                            "type": "tuple",
                                            "values": [
                                                -0.00944498617675,
                                                -0.024324561365
                                            ]
                                        },
                                        "m": 3
                                    }
                                },
                                "multipole_4": {
                                    "type": "instance",
                                    "class_path": "autogalaxy.ellipse.ellipse.ellipse_multipole.EllipseMultipole",
                                    "arguments": {
                                        "multipole_comps": {
                                            "type": "tuple",
                                            "values": [
                                                -0.01903802642093,
                                                0.03166045202324
                                            ]
                                        },
                                        "m": 4
                                    }
                                }
                            }
                        }
                    }
                },
                "12": {
                    "type": "instance",
                    "class_path": "autofit.mapper.model.ModelInstance",
                    "arguments": {
                        "child_items": {
                            "type": "dict",
                            "arguments": {
                                "multipole_1": {
                                    "type": "instance",
                                    "class_path": "autogalaxy.ellipse.ellipse.ellipse_multipole.EllipseMultipole",
                                    "arguments": {
                                        "multipole_comps": {
                                            "type": "tuple",
                                            "values": [
                                                0.01641992234642,
                                                -0.01761821998396
                                            ]
                                        },
                                        "m": 1
                                    }
                                },
                                "multipole_3": {
                                    "type": "instance",
                                    "class_path": "autogalaxy.ellipse.ellipse.ellipse_multipole.EllipseMultipole",
                                    "arguments": {
                                        "multipole_comps": {
                                            "type": "tuple",
                                            "values": [
                                                0.01248162208366,
                                                -0.04506201989398
                                            ]
                                        },
                                        "m": 3
                                    }
                                },
                                "multipole_4": {
                                    "type": "instance",
                                    "class_path": "autogalaxy.ellipse.ellipse.ellipse_multipole.EllipseMultipole",
                                    "arguments": {
                                        "multipole_comps": {
                                            "type": "tuple",
                                            "values": [
                                                -0.00566740692344,
                                                0.00215832673117
                                            ]
                                        },
                                        "m": 4
                                    }
                                }
                            }
                        }
                    }
                },
                "13": {
                    "type": "instance",
                    "class_path": "autofit.mapper.model.ModelInstance",
                    "arguments": {
                        "child_items": {
                            "type": "dict",
                            "arguments": {
                                "multipole_1": {
                                    "type": "instance",
                                    "class_path": "autogalaxy.ellipse.ellipse.ellipse_multipole.EllipseMultipole",
                                    "arguments": {
                                        "multipole_comps": {
                                            "type": "tuple",
                                            "values": [
                                                0.00753565284023,
                                                -0.04852108565054
                                            ]
                                        },
                                        "m": 1
                                    }
                                },
                                "multipole_3": {
                                    "type": "instance",
                                    "class_path": "autogalaxy.ellipse.ellipse.ellipse_multipole.EllipseMultipole",
                                    "arguments": {
                                        "multipole_comps": {
                                            "type": "tuple",
                                            "values": [
                                                0.00481976249971,
                                                -0.01462894523673
                                            ]
                                        },
                                        "m": 3
                                    }
                                },
                                "multipole_4": {
                                    "type": "instance",
                                    "class_path": "autogalaxy.ellipse.ellipse.ellipse_multipole.EllipseMultipole",
                                    "arguments": {
                                        "multipole_comps": {
                                            "type": "tuple",
                                            "values": [
                                                -0.0887760403632,
                                                -0.0308779609618
                                            ]
                                        },
                                        "m": 4
                                    }
                                }
                            }
                        }
                    }
                },
                "14": {
                    "type": "instance",
                    "class_path": "autofit.mapper.model.ModelInstance",
                    "arguments": {
                        "child_items": {
                            "type": "dict",
                            "arguments": {
                                "multipole_1": {
                                    "type": "instance",
                                    "class_path": "autogalaxy.ellipse.ellipse.ellipse_multipole.EllipseMultipole",
                                    "arguments": {
                                        "multipole_comps": {
                                            "type": "tuple",
                                            "values": [
                                                0.01298854462916,
                                                -0.05569612819358
                                            ]
                                        },
                                        "m": 1
                                    }
                                },
                                "multipole_3": {
                                    "type": "instance",
                                    "class_path": "autogalaxy.ellipse.ellipse.ellipse_multipole.EllipseMultipole",
                                    "arguments": {
                                        "multipole_comps": {
                                            "type": "tuple",
                                            "values": [
                                                0.01056792832737,
                                                -0.03473115436382
                                            ]
                                        },
                                        "m": 3
                                    }
                                },
                                "multipole_4": {
                                    "type": "instance",
                                    "class_path": "autogalaxy.ellipse.ellipse.ellipse_multipole.EllipseMultipole",
                                    "arguments": {
                                        "multipole_comps": {
                                            "type": "tuple",
                                            "values": [
                                                0.0148931445846,
                                                0.03178351991378
                                            ]
                                        },
                                        "m": 4
                                    }
                                }
                            }
                        }
                    }
                },
                "15": {
                    "type": "instance",
                    "class_path": "autofit.mapper.model.ModelInstance",
                    "arguments": {
                        "child_items": {
                            "type": "dict",
                            "arguments": {
                                "multipole_1": {
                                    "type": "instance",
                                    "class_path": "autogalaxy.ellipse.ellipse.ellipse_multipole.EllipseMultipole",
                                    "arguments": {
                                        "multipole_comps": {
                                            "type": "tuple",
                                            "values": [
                                                -0.08301801837839,
                                                0.04276303832611
                                            ]
                                        },
                                        "m": 1
                                    }
                                },
                                "multipole_3": {
                                    "type": "instance",
                                    "class_path": "autogalaxy.ellipse.ellipse.ellipse_multipole.EllipseMultipole",
                                    "arguments": {
                                        "multipole_comps": {
                                            "type": "tuple",
                                            "values": [
                                                -0.05460600288133,
                                                0.01824258664405
                                            ]
                                        },
                                        "m": 3
                                    }
                                },
                                "multipole_4": {
                                    "type": "instance",
                                    "class_path": "autogalaxy.ellipse.ellipse.ellipse_multipole.EllipseMultipole",
                                    "arguments": {
                                        "multipole_comps": {
                                            "type": "tuple",
                                            "values": [
                                                -0.01022698496662,
                                                0.03477787017215
                                            ]
                                        },
                                        "m": 4
                                    }
                                }
                            }
                        }
                    }
                },
                "16": {
                    "type": "instance",
                    "class_path": "autofit.mapper.model.ModelInstance",
                    "arguments": {
                        "child_items": {
                            "type": "dict",
                            "arguments": {
                                "multipole_1": {
                                    "type": "instance",
                                    "class_path": "autogalaxy.ellipse.ellipse.ellipse_multipole.EllipseMultipole",
                                    "arguments": {
                                        "multipole_comps": {
                                            "type": "tuple",
                                            "values": [
                                                -0.0098379160232,
                                                -0.06568459118013
                                            ]
                                        },
                                        "m": 1
                                    }
                                },
                                "multipole_3": {
                                    "type": "instance",
                                    "class_path": "autogalaxy.ellipse.ellipse.ellipse_multipole.EllipseMultipole",
                                    "arguments": {
                                        "multipole_comps": {
                                            "type": "tuple",
                                            "values": [
                                                -0.04710089346245,
                                                -0.00346215176909
                                            ]
                                        },
                                        "m": 3
                                    }
                                },
                                "multipole_4": {
                                    "type": "instance",
                                    "class_path": "autogalaxy.ellipse.ellipse.ellipse_multipole.EllipseMultipole",
                                    "arguments": {
                                        "multipole_comps": {
                                            "type": "tuple",
                                            "values": [
                                                -0.00493932993092,
                                                0.05032761594524
                                            ]
                                        },
                                        "m": 4
                                    }
                                }
                            }
                        }
                    }
                },
                "17": {
                    "type": "instance",
                    "class_path": "autofit.mapper.model.ModelInstance",
                    "arguments": {
                        "child_items": {
                            "type": "dict",
                            "arguments": {
                                "multipole_1": {
                                    "type": "instance",
                                    "class_path": "autogalaxy.ellipse.ellipse.ellipse_multipole.EllipseMultipole",
                                    "arguments": {
                                        "multipole_comps": {
                                            "type": "tuple",
                                            "values": [
                                                -0.03278954934705,
                                                -0.08201888684031
                                            ]
                                        },
                                        "m": 1
                                    }
                                },
                                "multipole_3": {
                                    "type": "instance",
                                    "class_path": "autogalaxy.ellipse.ellipse.ellipse_multipole.EllipseMultipole",
                                    "arguments": {
                                        "multipole_comps": {
                                            "type": "tuple",
                                            "values": [
                                                0.02048046355612,
                                                0.00932339642688
                                            ]
                                        },
                                        "m": 3
                                    }
                                },
                                "multipole_4": {
                                    "type": "instance",
                                    "class_path": "autogalaxy.ellipse.ellipse.ellipse_multipole.EllipseMultipole",
                                    "arguments": {
                                        "multipole_comps": {
                                            "type": "tuple",
                                            "values": [
                                                -0.05571605981303,
                                                -0.00682673151945
                                            ]
                                        },
                                        "m": 4
                                    }
                                }
                            }
                        }
                    }
                },
                "18": {
                    "type": "instance",
                    "class_path": "autofit.mapper.model.ModelInstance",
                    "arguments": {
                        "child_items": {
                            "type": "dict",
                            "arguments": {
                                "multipole_1": {
                                    "type": "instance",
                                    "class_path": "autogalaxy.ellipse.ellipse.ellipse_multipole.EllipseMultipole",
                                    "arguments": {
                                        "multipole_comps": {
                                            "type": "tuple",
                                            "values": [
                                                -0.02420047048059,
                                                -0.03738190368635
                                            ]
                                        },
                                        "m": 1
                                    }
                                },
                                "multipole_3": {
                                    "type": "instance",
                                    "class_path": "autogalaxy.ellipse.ellipse.ellipse_multipole.EllipseMultipole",
                                    "arguments": {
                                        "multipole_comps": {
                                            "type": "tuple",
                                            "values": [
                                                -0.04351125270753,
                                                0.01064326794605
                                            ]
                                        },
                                        "m": 3
                                    }
                                },
                                "multipole_4": {
                                    "type": "instance",
                                    "class_path": "autogalaxy.ellipse.ellipse.ellipse_multipole.EllipseMultipole",
                                    "arguments": {
                                        "multipole_comps": {
                                            "type": "tuple",
                                            "values": [
                                                -0.05728185003907,
                                                0.08339771389459
                                            ]
                                        },
                                        "m": 4
                                    }
                                }
                            }
                        }
                    }
                }
            }
        },
        "dummy_0": {
            "lower_limit": -0.1,
            "upper_limit": 0.1,
            "type": "Uniform",
            "id": 434
        }
    }
}