{
    "type": "instance",
    "class_path": "autofit.non_linear.samples.summary.SamplesSummary",
    "arguments": {
        "errors_at_sigma_1": {
            "type": "list",
            "values": [
                {
                    "type": "tuple",
                    "values": [
                        0.013755455351068355,
                        0.011188308402661645
                    ]
                },
                {
                    "type": "tuple",
                    "values": [
                        0.010352610567314065,
                        0.008747198594468698
                    ]
                },
                {
                    "type": "tuple",
                    "values": [
                        0.015488942864286447,
                        0.022714820831483486
                    ]
                },
                {
                    "type": "tuple",
                    "values": [
                        0.01620389706206459,
                        0.016440095792226238
                    ]
                },
                {
                    "type": "tuple",
                    "values": [
                        0.02391620739940963,
                        0.02554830523799492
                    ]
                },
                {
                    "type": "tuple",
                    "values": [
                        0.017463835769670172,
                        0.01801764092504203
                    ]
                }
            ]
        },
        "values_at_sigma_3": {
            "type": "list",
            "values": [
                {
                    "type": "tuple",
                    "values": [
                        -0.0994194184946,
                        -0.003670379468375207
                    ]
                },
                {
                    "type": "tuple",
                    "values": [
                        -0.08490869810422,
                        0.023929508599289866
                    ]
                },
                {
                    "type": "tuple",
                    "values": [
                        -0.06290436738329724,
                        0.03951962946253
                    ]
                },
                {
                    "type": "tuple",
                    "values": [
                        -0.05777062869915183,
                        0.05143734711059
                    ]
                },
                {
                    "type": "tuple",
                    "values": [
                        -0.09152150706018859,
                        0.05856670467532
                    ]
                },
                {
                    "type": "tuple",
                    "values": [
                        -0.07090461252471107,
                        0.04457687201325623
                    ]
                }
            ]
        },
        "max_log_likelihood_sample": {
            "type": "instance",
            "class_path": "autofit.non_linear.samples.sample.Sample",
            "arguments": {
                "log_likelihood": -18.827935664898206,
                "log_prior": 0.0,
                "weight": 0.001041483223458268,
                "kwargs": {
                    "type": "dict",
                    "arguments": {
                        "ellipses.0.ell_comps.ell_comps_0": -0.03804631612596,
                        "ellipses.0.ell_comps.ell_comps_1": -0.03027241721702,
                        "multipoles.0.multipole_3.multipole_comps.multipole_comps_0": -0.03416075089553,
                        "multipoles.0.multipole_3.multipole_comps.multipole_comps_1": -0.01135933564609,
                        "multipoles.0.multipole_4.multipole_comps.multipole_comps_0": -0.01103522227181,
                        "multipoles.0.multipole_4.multipole_comps.multipole_comps_1": -0.02690879771699
                    }
                }
            }
        },
        "median_pdf_sample": {
            "type": "instance",
            "class_path": "autofit.non_linear.samples.sample.Sample",
            "arguments": {
                "log_likelihood": -18.827935664898206,
                "log_prior": 0.0,
                "weight": 0.001041483223458268,
                "kwargs": {
                    "type": "dict",
                    "arguments": {
                        "ellipses.0.ell_comps.ell_comps_0": -0.040841131354321644,
                        "ellipses.0.ell_comps.ell_comps_1": -0.029949784032565933,
                        "multipoles.0.multipole_3.multipole_comps.multipole_comps_0": -0.022184593584563553,
                        "multipoles.0.multipole_3.multipole_comps.multipole_comps_1": -0.011424102571123468,
                        "multipoles.0.multipole_4.multipole_comps.multipole_comps_0": -0.0234744363332,
                        "multipoles.0.multipole_4.multipole_comps.multipole_comps_1": -0.02623837840834302
                    }
                }
            }
        },
        "errors_at_sigma_3": {
            "type": "list",
            "values": [
                {
                    "type": "tuple",
                    "values": [
                        0.05857828714027835,
                        0.037170751885946436
                    ]
                },
                {
                    "type": "tuple",
                    "values": [
                        0.05495891407165407,
                        0.0538792926318558
                    ]
                },
                {
                    "type": "tuple",
                    "values": [
                        0.04071977379873369,
                        0.061704223047093554
                    ]
                },
                {
                    "type": "tuple",
                    "values": [
                        0.046346526128028365,
                        0.06286144968171346
                    ]
                },
                {
                    "type": "tuple",
                    "values": [
                        0.0680470707269886,
                        0.08204114100852
                    ]
                },
                {
                    "type": "tuple",
                    "values": [
                        0.04466623411636805,
                        0.07081525042159925
                    ]
                }
            ]
        },
        "log_evidence": -33.66916965954954,
        "model": null,
        "values_at_sigma_1": {
            "type": "list",
            "values": [
                {
                    "type": "tuple",
                    "values": [
                        -0.05459658670539,
                        -0.02965282295166
                    ]
                },
                {
                    "type": "tuple",
                    "values": [
                        -0.04030239459988,
                        -0.021202585438097235
                    ]
                },
                {
                    "type": "tuple",
                    "values": [
                        -0.03767353644885,
                        0.0005302272469199348
                    ]
                },
                {
                    "type": "tuple",
                    "values": [
                        -0.027627999633188058,
                        0.00501599322110277
                    ]
                },
                {
                    "type": "tuple",
                    "values": [
                        -0.04739064373260963,
                        0.0020738689047949195
                    ]
                },
                {
                    "type": "tuple",
                    "values": [
                        -0.04370221417801319,
                        -0.008220737483300988
                    ]
                }
            ]
        }
    }
}