{
    "type": "instance",
    "class_path": "autofit.non_linear.samples.summary.SamplesSummary",
    "arguments": {
        "log_evidence": -56.530294116221405,
        "values_at_sigma_3": {
            "type": "list",
            "values": [
                {
                    "type": "tuple",
                    "values": [
                        -0.03016464820793,
                        0.029736865396055863
                    ]
                },
                {
                    "type": "tuple",
                    "values": [
                        -0.17325763500726954,
                        -0.12910150301099993
                    ]
                },
                {
                    "type": "tuple",
                    "values": [
                        -0.09983301565831522,
                        0.045624015723719324
                    ]
                },
                {
                    "type": "tuple",
                    "values": [
                        -0.06015647810015634,
                        0.0970855935625
                    ]
                },
                {
                    "type": "tuple",
                    "values": [
                        -0.026717494401794592,
                        0.09929234879326855
                    ]
                },
                {
                    "type": "tuple",
                    "values": [
                        -0.0982093092388,
                        0.0782348281668669
                    ]
                }
            ]
        },
        "errors_at_sigma_3": {
            "type": "list",
            "values": [
                {
                    "type": "tuple",
                    "values": [
                        0.027061769016289997,
                        0.03283974458769586
                    ]
                },
                {
                    "type": "tuple",
                    "values": [
                        0.028882511541469535,
                        0.015273620454800074
                    ]
                },
                {
                    "type": "tuple",
                    "values": [
                        0.05610612018953972,
                        0.08935091119249483
                    ]
                },
                {
                    "type": "tuple",
                    "values": [
                        0.08064969498477634,
                        0.07659237667788
                    ]
                },
                {
                    "type": "tuple",
                    "values": [
                        0.0798716677311046,
                        0.04613817546395855
                    ]
                },
                {
                    "type": "tuple",
                    "values": [
                        0.09361244363528112,
                        0.08283169377038578
                    ]
                }
            ]
        },
        "median_pdf_sample": {
            "type": "instance",
            "class_path": "autofit.non_linear.samples.sample.Sample",
            "arguments": {
                "log_likelihood": -39.663075664363944,
                "log_prior": 0.0,
                "weight": 0.0010152495203630616,
                "kwargs": {
                    "type": "dict",
                    "arguments": {
                        "ellipses.0.ell_comps.ell_comps_0": -0.00310287919164,
                        "ellipses.0.ell_comps.ell_comps_1": -0.1443751234658,
                        "multipoles.0.multipole_3.multipole_comps.multipole_comps_0": -0.0437268954687755,
                        "multipoles.0.multipole_3.multipole_comps.multipole_comps_1": 0.02049321688462,
                        "multipoles.0.multipole_4.multipole_comps.multipole_comps_0": 0.05315417332931,
                        "multipoles.0.multipole_4.multipole_comps.multipole_comps_1": -0.004596865603518877
                    }
                }
            }
        },
        "errors_at_sigma_1": {
            "type": "list",
            "values": [
                {
                    "type": "tuple",
                    "values": [
                        0.010720120931,
                        0.011020800726467774
                    ]
                },
                {
                    "type": "tuple",
                    "values": [
                        0.008878688369506255,
                        0.005417369746538114
                    ]
                },
                {
                    "type": "tuple",
                    "values": [
                        0.03592433631992394,
                        0.0316736307646155
                    ]
                },
                {
                    "type": "tuple",
                    "values": [
                        0.02566993383113283,
                        0.032795492392762776
                    ]
                },
                {
                    "type": "tuple",
                    "values": [
                        0.021893092876924362,
                        0.01938641517729
                    ]
                },
                {
                    "type": "tuple",
                    "values": [
                        0.04256930956825798,
                        0.03153855891213089
                    ]
                }
            ]
        },
        "model": null,
        "max_log_likelihood_sample": {
            "type": "instance",
            "class_path": "autofit.non_linear.samples.sample.Sample",
            "arguments": {
                "log_likelihood": -39.663075664363944,
                "log_prior": 0.0,
                "weight": 0.0010152495203630616,
                "kwargs": {
                    "type": "dict",
                    "arguments": {
                        "ellipses.0.ell_comps.ell_comps_0": -0.01076781154378,
                        "ellipses.0.ell_comps.ell_comps_1": -0.14684830546665,
                        "multipoles.0.multipole_3.multipole_comps.multipole_comps_0": -0.04518553945199,
                        "multipoles.0.multipole_3.multipole_comps.multipole_comps_1": 0.01828529822042,
                        "multipoles.0.multipole_4.multipole_comps.multipole_comps_0": 0.07122093480324,
                        "multipoles.0.multipole_4.multipole_comps.multipole_comps_1": 0.02864550880037
                    }
                }
            }
        },
        "values_at_sigma_1": {
            "type": "list",
            "values": [
                {
                    "type": "tuple",
                    "values": [
                        -0.01382300012264,
                        0.007917921534827774
                    ]
                },
                {
                    "type": "tuple",
                    "values": [
                        -0.15325381183530626,
                        -0.1389577537192619
                    ]
                },
                {
                    "type": "tuple",
                    "values": [
                        -0.07965123178869944,
                        -0.01205326470416
                    ]
                },
                {
                    "type": "tuple",
                    "values": [
                        -0.005176716946512832,
                        0.05328870927738278
                    ]
                },
                {
                    "type": "tuple",
                    "values": [
                        0.03126108045238564,
                        0.0725405885066
                    ]
                },
                {
                    "type": "tuple",
                    "values": [
                        -0.04716617517177686,
                        0.026941693308612014
                    ]
                }
            ]
        }
    }
}