{
    "type": "instance",
    "class_path": "autofit.non_linear.samples.summary.SamplesSummary",
    "arguments": {
        "errors_at_sigma_1": {
            "type": "list",
            "values": [
                {
                    "type": "tuple",
                    "values": [
                        0.010826537051288623,
                        0.020607508067253227
                    ]
                },
                {
                    "type": "tuple",
                    "values": [
                        0.040985565120925146,
                        0.01847439304412829
                    ]
                },
                {
                    "type": "tuple",
                    "values": [
                        0.08946571929063202,
                        0.05557474548567343
                    ]
                },
                {
                    "type": "tuple",
                    "values": [
                        0.05921295586827072,
                        0.04823517775488034
                    ]
                },
                {
                    "type": "tuple",
                    "values": [
                        0.06028304700495,
                        0.03236633337608494
                    ]
                },
                {
                    "type": "tuple",
                    "values": [
                        0.07128034374261,
                        0.06460460825068
                    ]
                },
                {
                    "type": "tuple",
                    "values": [
                        0.032191254518905546,
                        0.0676420394695531
                    ]
                },
                {
                    "type": "tuple",
                    "values": [
                        0.06837390536646902,
                        0.07618714809057098
                    ]
                }
            ]
        },
        "max_log_likelihood_sample": {
            "type": "instance",
            "class_path": "autofit.non_linear.samples.sample.Sample",
            "arguments": {
                "log_likelihood": -25.201296048492374,
                "log_prior": 0.0,
                "weight": 0.0008493712900382064,
                "kwargs": {
                    "type": "dict",
                    "arguments": {
                        "ellipses.0.ell_comps.ell_comps_0": 0.06067348148658,
                        "ellipses.0.ell_comps.ell_comps_1": -0.14768903490879,
                        "multipoles.0.multipole_1.multipole_comps.multipole_comps_0": 0.0969749470469,
                        "multipoles.0.multipole_1.multipole_comps.multipole_comps_1": 0.04462614394389,
                        "multipoles.0.multipole_3.multipole_comps.multipole_comps_0": 0.04981626242982,
                        "multipoles.0.multipole_3.multipole_comps.multipole_comps_1": -0.09443569233561,
                        "multipoles.0.multipole_4.multipole_comps.multipole_comps_0": -0.06222725947403,
                        "multipoles.0.multipole_4.multipole_comps.multipole_comps_1": 0.01598346271864
                    }
                }
            }
        },
        "model": null,
        "values_at_sigma_1": {
            "type": "list",
            "values": [
                {
                    "type": "tuple",
                    "values": [
                        0.060339389607618144,
                        0.09177343472616
                    ]
                },
                {
                    "type": "tuple",
                    "values": [
                        -0.15710196820075237,
                        -0.09764201003569893
                    ]
                },
                {
                    "type": "tuple",
                    "values": [
                        -0.010673272531590694,
                        0.13436719224471474
                    ]
                },
                {
                    "type": "tuple",
                    "values": [
                        -0.05928413886333,
                        0.04816399475982106
                    ]
                },
                {
                    "type": "tuple",
                    "values": [
                        -0.00934326657306,
                        0.08330611380797494
                    ]
                },
                {
                    "type": "tuple",
                    "values": [
                        -0.07643423702286,
                        0.05945071497043
                    ]
                },
                {
                    "type": "tuple",
                    "values": [
                        -0.059290706945458654,
                        0.040542587043
                    ]
                },
                {
                    "type": "tuple",
                    "values": [
                        -0.08280947883962,
                        0.06175157461742
                    ]
                }
            ]
        },
        "median_pdf_sample": {
            "type": "instance",
            "class_path": "autofit.non_linear.samples.sample.Sample",
            "arguments": {
                "log_likelihood": -25.201296048492374,
                "log_prior": 0.0,
                "weight": 0.0008493712900382064,
                "kwargs": {
                    "type": "dict",
                    "arguments": {
                        "ellipses.0.ell_comps.ell_comps_0": 0.07116592665890677,
                        "ellipses.0.ell_comps.ell_comps_1": -0.11611640307982722,
                        "multipoles.0.multipole_1.multipole_comps.multipole_comps_0": 0.07879244675904132,
                        "multipoles.0.multipole_1.multipole_comps.multipole_comps_1": -7.118299505928249e-05,
                        "multipoles.0.multipole_3.multipole_comps.multipole_comps_0": 0.05093978043189,
                        "multipoles.0.multipole_3.multipole_comps.multipole_comps_1": -0.00515389328025,
                        "multipoles.0.multipole_4.multipole_comps.multipole_comps_0": -0.027099452426553105,
                        "multipoles.0.multipole_4.multipole_comps.multipole_comps_1": -0.014435573473150982
                    }
                }
            }
        },
        "values_at_sigma_3": {
            "type": "list",
            "values": [
                {
                    "type": "tuple",
                    "values": [
                        0.02997581039197,
                        0.15457895898864
                    ]
                },
                {
                    "type": "tuple",
                    "values": [
                        -0.21930307113031,
                        -0.06988969436808067
                    ]
                },
                {
                    "type": "tuple",
                    "values": [
                        -0.12632064806465,
                        0.1977584330746395
                    ]
                },
                {
                    "type": "tuple",
                    "values": [
                        -0.1416414593377,
                        0.12101653311448715
                    ]
                },
                {
                    "type": "tuple",
                    "values": [
                        -0.08974097570961,
                        0.09970062947863
                    ]
                },
                {
                    "type": "tuple",
                    "values": [
                        -0.09963776325877059,
                        0.09891801153911027
                    ]
                },
                {
                    "type": "tuple",
                    "values": [
                        -0.09676746672997849,
                        0.09479851779834161
                    ]
                },
                {
                    "type": "tuple",
                    "values": [
                        -0.0995612182948,
                        0.09916788471175589
                    ]
                }
            ]
        },
        "errors_at_sigma_3": {
            "type": "list",
            "values": [
                {
                    "type": "tuple",
                    "values": [
                        0.04119011626693676,
                        0.08341303232973322
                    ]
                },
                {
                    "type": "tuple",
                    "values": [
                        0.10318666805048278,
                        0.046226708711746556
                    ]
                },
                {
                    "type": "tuple",
                    "values": [
                        0.2051130948236913,
                        0.11896598631559818
                    ]
                },
                {
                    "type": "tuple",
                    "values": [
                        0.14157027634264072,
                        0.12108771610954644
                    ]
                },
                {
                    "type": "tuple",
                    "values": [
                        0.1406807561415,
                        0.048760849046739996
                    ]
                },
                {
                    "type": "tuple",
                    "values": [
                        0.0944838699785206,
                        0.10407190481936027
                    ]
                },
                {
                    "type": "tuple",
                    "values": [
                        0.06966801430342538,
                        0.12189797022489472
                    ]
                },
                {
                    "type": "tuple",
                    "values": [
                        0.08512564482164901,
                        0.11360345818490687
                    ]
                }
            ]
        },
        "log_evidence": -41.48587560866041
    }
}