{
    "type": "instance",
    "class_path": "autofit.non_linear.samples.summary.SamplesSummary",
    "arguments": {
        "values_at_sigma_1": {
            "type": "list",
            "values": [
                {
                    "type": "tuple",
                    "values": [
                        0.06828647366521,
                        0.07333212445756251
                    ]
                },
                {
                    "type": "tuple",
                    "values": [
                        0.15716815379406254,
                        0.16172888405765276
                    ]
                },
                {
                    "type": "tuple",
                    "values": [
                        -0.00032763417242973324,
                        0.00329825257543
                    ]
                },
                {
                    "type": "tuple",
                    "values": [
                        0.00012167627066634468,
                        0.004150034942036643
                    ]
                },
                {
                    "type": "tuple",
                    "values": [
                        -0.0024003484469223174,
                        0.001789095612568928
                    ]
                },
                {
                    "type": "tuple",
                    "values": [
                        4.492841605e-05,
                        0.00360755611602
                    ]
                },
                {
                    "type": "tuple",
                    "values": [
                        -0.0005638631500292835,
                        0.00352214331914
                    ]
                },
                {
                    "type": "tuple",
                    "values": [
                        0.005843770197616968,
                        0.00974985150577
                    ]
                }
            ]
        },
        "values_at_sigma_3": {
            "type": "list",
            "values": [
                {
                    "type": "tuple",
                    "values": [
                        0.06426789981023087,
                        0.07838731095240707
                    ]
                },
                {
                    "type": "tuple",
                    "values": [
                        0.15309632578158,
                        0.16618318826914183
                    ]
                },
                {
                    "type": "tuple",
                    "values": [
                        -0.004827246245417526,
                        0.006474422504733459
                    ]
                },
                {
                    "type": "tuple",
                    "values": [
                        -0.003357109099782289,
                        0.008266700402847028
                    ]
                },
                {
                    "type": "tuple",
                    "values": [
                        -0.005915985547798312,
                        0.00566570618637882
                    ]
                },
                {
                    "type": "tuple",
                    "values": [
                        -0.0027051000891945153,
                        0.007321836253840517
                    ]
                },
                {
                    "type": "tuple",
                    "values": [
                        -0.004512935760456746,
                        0.007599883671315899
                    ]
                },
                {
                    "type": "tuple",
                    "values": [
                        0.00192104601339,
                        0.01396539577158
                    ]
                }
            ]
        },
        "max_log_likelihood_sample": {
            "type": "instance",
            "class_path": "autofit.non_linear.samples.sample.Sample",
            "arguments": {
                "log_likelihood": -31.792456051089708,
                "log_prior": 0.0,
                "weight": 0.0009917588871710403,
                "kwargs": {
                    "type": "dict",
                    "arguments": {
                        "ellipses.0.ell_comps.ell_comps_0": 0.0716495080834,
                        "ellipses.0.ell_comps.ell_comps_1": 0.15940483382177,
                        "multipoles.0.multipole_1.multipole_comps.multipole_comps_0": 0.00032262742231,
                        "multipoles.0.multipole_1.multipole_comps.multipole_comps_1": 0.00296674817231,
                        "multipoles.0.multipole_3.multipole_comps.multipole_comps_0": -0.0008885979905,
                        "multipoles.0.multipole_3.multipole_comps.multipole_comps_1": 0.0013800854516,
                        "multipoles.0.multipole_4.multipole_comps.multipole_comps_0": 0.0007606366477,
                        "multipoles.0.multipole_4.multipole_comps.multipole_comps_1": 0.00774561599808
                    }
                }
            }
        },
        "median_pdf_sample": {
            "type": "instance",
            "class_path": "autofit.non_linear.samples.sample.Sample",
            "arguments": {
                "log_likelihood": -31.792456051089708,
                "log_prior": 0.0,
                "weight": 0.0009917588871710403,
                "kwargs": {
                    "type": "dict",
                    "arguments": {
                        "ellipses.0.ell_comps.ell_comps_0": 0.07098668938272,
                        "ellipses.0.ell_comps.ell_comps_1": 0.1593874705483467,
                        "multipoles.0.multipole_1.multipole_comps.multipole_comps_0": 0.0015199290406260073,
                        "multipoles.0.multipole_1.multipole_comps.multipole_comps_1": 0.0021729422100578003,
                        "multipoles.0.multipole_3.multipole_comps.multipole_comps_0": -0.00020408233019996575,
                        "multipoles.0.multipole_3.multipole_comps.multipole_comps_1": 0.00190261849907,
                        "multipoles.0.multipole_4.multipole_comps.multipole_comps_0": 0.0012828159279324454,
                        "multipoles.0.multipole_4.multipole_comps.multipole_comps_1": 0.00757611422484
                    }
                }
            }
        },
        "model": null,
        "errors_at_sigma_1": {
            "type": "list",
            "values": [
                {
                    "type": "tuple",
                    "values": [
                        0.0027002157175100017,
                        0.002345435074842514
                    ]
                },
                {
                    "type": "tuple",
                    "values": [
                        0.002219316754284162,
                        0.002341413509306056
                    ]
                },
                {
                    "type": "tuple",
                    "values": [
                        0.0018475632130557406,
                        0.0017783235348039926
                    ]
                },
                {
                    "type": "tuple",
                    "values": [
                        0.0020512659393914557,
                        0.0019770927319788423
                    ]
                },
                {
                    "type": "tuple",
                    "values": [
                        0.0021962661167223515,
                        0.001993177942768894
                    ]
                },
                {
                    "type": "tuple",
                    "values": [
                        0.00185769008302,
                        0.00170493761695
                    ]
                },
                {
                    "type": "tuple",
                    "values": [
                        0.001846679077961729,
                        0.002239327391207555
                    ]
                },
                {
                    "type": "tuple",
                    "values": [
                        0.0017323440272230322,
                        0.002173737280929999
                    ]
                }
            ]
        },
        "errors_at_sigma_3": {
            "type": "list",
            "values": [
                {
                    "type": "tuple",
                    "values": [
                        0.006718789572489128,
                        0.007400621569687071
                    ]
                },
                {
                    "type": "tuple",
                    "values": [
                        0.006291144766766704,
                        0.006795717720795125
                    ]
                },
                {
                    "type": "tuple",
                    "values": [
                        0.0063471752860435335,
                        0.004954493464107451
                    ]
                },
                {
                    "type": "tuple",
                    "values": [
                        0.005530051309840089,
                        0.0060937581927892285
                    ]
                },
                {
                    "type": "tuple",
                    "values": [
                        0.005711903217598346,
                        0.005869788516578786
                    ]
                },
                {
                    "type": "tuple",
                    "values": [
                        0.0046077185882645155,
                        0.005419217754770517
                    ]
                },
                {
                    "type": "tuple",
                    "values": [
                        0.005795751688389191,
                        0.006317067743383453
                    ]
                },
                {
                    "type": "tuple",
                    "values": [
                        0.00565506821145,
                        0.00638928154674
                    ]
                }
            ]
        },
        "log_evidence": -66.50540113223026
    }
}