{
    "type": "instance",
    "class_path": "autofit.non_linear.samples.summary.SamplesSummary",
    "arguments": {
        "values_at_sigma_3": {
            "type": "list",
            "values": [
                {
                    "type": "tuple",
                    "values": [
                        -0.06330974871226,
                        -0.009960710028121834
                    ]
                },
                {
                    "type": "tuple",
                    "values": [
                        -0.09163132296437,
                        -0.03723931777833
                    ]
                },
                {
                    "type": "tuple",
                    "values": [
                        -0.08447453454390805,
                        0.06474431412320272
                    ]
                },
                {
                    "type": "tuple",
                    "values": [
                        -0.07933214955556,
                        0.052244226628315474
                    ]
                },
                {
                    "type": "tuple",
                    "values": [
                        -0.06413266456525,
                        0.0658872955137888
                    ]
                },
                {
                    "type": "tuple",
                    "values": [
                        -0.06598843310416004,
                        0.09968387338236
                    ]
                }
            ]
        },
        "values_at_sigma_1": {
            "type": "list",
            "values": [
                {
                    "type": "tuple",
                    "values": [
                        -0.05058597106345,
                        -0.02689005276881416
                    ]
                },
                {
                    "type": "tuple",
                    "values": [
                        -0.07562701926806707,
                        -0.05471026177535
                    ]
                },
                {
                    "type": "tuple",
                    "values": [
                        -0.05943135414230687,
                        -0.007682772098398925
                    ]
                },
                {
                    "type": "tuple",
                    "values": [
                        -0.025363038175487924,
                        0.012147904059918897
                    ]
                },
                {
                    "type": "tuple",
                    "values": [
                        -0.013872392375906496,
                        0.02535977891362
                    ]
                },
                {
                    "type": "tuple",
                    "values": [
                        0.01021455771402,
                        0.06183324193798
                    ]
                }
            ]
        },
        "errors_at_sigma_3": {
            "type": "list",
            "values": [
                {
                    "type": "tuple",
                    "values": [
                        0.022259485684833033,
                        0.03108955299930513
                    ]
                },
                {
                    "type": "tuple",
                    "values": [
                        0.024669129579539997,
                        0.029722875606500006
                    ]
                },
                {
                    "type": "tuple",
                    "values": [
                        0.05001485395119302,
                        0.09920399471591776
                    ]
                },
                {
                    "type": "tuple",
                    "values": [
                        0.07291390836020942,
                        0.05866246782366607
                    ]
                },
                {
                    "type": "tuple",
                    "values": [
                        0.0697383197423308,
                        0.060281640336708006
                    ]
                },
                {
                    "type": "tuple",
                    "values": [
                        0.09982664773675856,
                        0.06584565874976148
                    ]
                }
            ]
        },
        "model": null,
        "errors_at_sigma_1": {
            "type": "list",
            "values": [
                {
                    "type": "tuple",
                    "values": [
                        0.009535708036023036,
                        0.014160210258612808
                    ]
                },
                {
                    "type": "tuple",
                    "values": [
                        0.008664825883237068,
                        0.012251931609480002
                    ]
                },
                {
                    "type": "tuple",
                    "values": [
                        0.024971673549591844,
                        0.026776908494316104
                    ]
                },
                {
                    "type": "tuple",
                    "values": [
                        0.01894479698013733,
                        0.018566145255269492
                    ]
                },
                {
                    "type": "tuple",
                    "values": [
                        0.019478047552987293,
                        0.019754123736539203
                    ]
                },
                {
                    "type": "tuple",
                    "values": [
                        0.023623656918578526,
                        0.027995027305381476
                    ]
                }
            ]
        },
        "max_log_likelihood_sample": {
            "type": "instance",
            "class_path": "autofit.non_linear.samples.sample.Sample",
            "arguments": {
                "log_likelihood": -33.25928975785759,
                "log_prior": 0.0,
                "weight": 0.0009946054645131592,
                "kwargs": {
                    "type": "dict",
                    "arguments": {
                        "ellipses.0.ell_comps.ell_comps_0": -0.04360045261549,
                        "ellipses.0.ell_comps.ell_comps_1": -0.07062294831413,
                        "multipoles.0.multipole_3.multipole_comps.multipole_comps_0": -0.05198546405494,
                        "multipoles.0.multipole_3.multipole_comps.multipole_comps_1": 0.00690434522749,
                        "multipoles.0.multipole_4.multipole_comps.multipole_comps_0": 0.01280813523125,
                        "multipoles.0.multipole_4.multipole_comps.multipole_comps_1": 0.02165699193211
                    }
                }
            }
        },
        "log_evidence": -49.133867808956005,
        "median_pdf_sample": {
            "type": "instance",
            "class_path": "autofit.non_linear.samples.sample.Sample",
            "arguments": {
                "log_likelihood": -33.25928975785759,
                "log_prior": 0.0,
                "weight": 0.0009946054645131592,
                "kwargs": {
                    "type": "dict",
                    "arguments": {
                        "ellipses.0.ell_comps.ell_comps_0": -0.04105026302742697,
                        "ellipses.0.ell_comps.ell_comps_1": -0.06696219338483,
                        "multipoles.0.multipole_3.multipole_comps.multipole_comps_0": -0.03445968059271503,
                        "multipoles.0.multipole_3.multipole_comps.multipole_comps_1": -0.006418241195350594,
                        "multipoles.0.multipole_4.multipole_comps.multipole_comps_0": 0.0056056551770807955,
                        "multipoles.0.multipole_4.multipole_comps.multipole_comps_1": 0.03383821463259853
                    }
                }
            }
        }
    }
}