{
    "type": "instance",
    "class_path": "autofit.non_linear.samples.summary.SamplesSummary",
    "arguments": {
        "errors_at_sigma_1": {
            "type": "list",
            "values": [
                {
                    "type": "tuple",
                    "values": [
                        0.0025895800606900027,
                        0.00314615654041063
                    ]
                },
                {
                    "type": "tuple",
                    "values": [
                        0.0027090865831498473,
                        0.0018156608367857346
                    ]
                },
                {
                    "type": "tuple",
                    "values": [
                        0.011589520445057767,
                        0.013116488235449135
                    ]
                },
                {
                    "type": "tuple",
                    "values": [
                        0.010151799125796675,
                        0.008568940017361151
                    ]
                },
                {
                    "type": "tuple",
                    "values": [
                        0.011220178728066917,
                        0.010642472747596464
                    ]
                },
                {
                    "type": "tuple",
                    "values": [
                        0.013532533302893668,
                        0.016662599159577643
                    ]
                },
                {
                    "type": "tuple",
                    "values": [
                        0.008793250884419901,
                        0.007516709662300003
                    ]
                },
                {
                    "type": "tuple",
                    "values": [
                        0.016163503306659555,
                        0.01392812594617
                    ]
                }
            ]
        },
        "median_pdf_sample": {
            "type": "instance",
            "class_path": "autofit.non_linear.samples.sample.Sample",
            "arguments": {
                "log_likelihood": -59.24795183773726,
                "log_prior": 0.0,
                "weight": 0.0010750663573304634,
                "kwargs": {
                    "type": "dict",
                    "arguments": {
                        "ellipses.0.ell_comps.ell_comps_0": 0.08530373368205,
                        "ellipses.0.ell_comps.ell_comps_1": 0.11388089141798924,
                        "multipoles.0.multipole_1.multipole_comps.multipole_comps_0": 0.016166076828577767,
                        "multipoles.0.multipole_1.multipole_comps.multipole_comps_1": 0.06961084224995667,
                        "multipoles.0.multipole_3.multipole_comps.multipole_comps_0": 0.052166099898636915,
                        "multipoles.0.multipole_3.multipole_comps.multipole_comps_1": -0.07942990629574634,
                        "multipoles.0.multipole_4.multipole_comps.multipole_comps_0": -0.03439590936068,
                        "multipoles.0.multipole_4.multipole_comps.multipole_comps_1": 0.0074066628998
                    }
                }
            }
        },
        "values_at_sigma_3": {
            "type": "list",
            "values": [
                {
                    "type": "tuple",
                    "values": [
                        0.07841055076493,
                        0.09499537984619816
                    ]
                },
                {
                    "type": "tuple",
                    "values": [
                        0.10277363331115,
                        0.125539184903
                    ]
                },
                {
                    "type": "tuple",
                    "values": [
                        -0.03676317939118,
                        0.06280471344016367
                    ]
                },
                {
                    "type": "tuple",
                    "values": [
                        0.02937966673928,
                        0.1248087854873758
                    ]
                },
                {
                    "type": "tuple",
                    "values": [
                        0.013607786209162902,
                        0.08400058572898907
                    ]
                },
                {
                    "type": "tuple",
                    "values": [
                        -0.09988618918841,
                        -0.01332328989436
                    ]
                },
                {
                    "type": "tuple",
                    "values": [
                        -0.07051728287795,
                        -0.006135080052166989
                    ]
                },
                {
                    "type": "tuple",
                    "values": [
                        -0.05592197236941,
                        0.04676779797322
                    ]
                }
            ]
        },
        "model": null,
        "log_evidence": -85.8089518610404,
        "errors_at_sigma_3": {
            "type": "list",
            "values": [
                {
                    "type": "tuple",
                    "values": [
                        0.006893182917120003,
                        0.009691646164148152
                    ]
                },
                {
                    "type": "tuple",
                    "values": [
                        0.01110725810683924,
                        0.011658293485010768
                    ]
                },
                {
                    "type": "tuple",
                    "values": [
                        0.05292925621975776,
                        0.046638636611585904
                    ]
                },
                {
                    "type": "tuple",
                    "values": [
                        0.040231175510676676,
                        0.055197943237419125
                    ]
                },
                {
                    "type": "tuple",
                    "values": [
                        0.038558313689474016,
                        0.03183448583035215
                    ]
                },
                {
                    "type": "tuple",
                    "values": [
                        0.020456282892663658,
                        0.06610661640138633
                    ]
                },
                {
                    "type": "tuple",
                    "values": [
                        0.03612137351727,
                        0.028260829308513015
                    ]
                },
                {
                    "type": "tuple",
                    "values": [
                        0.06332863526921001,
                        0.03936113507342
                    ]
                }
            ]
        },
        "max_log_likelihood_sample": {
            "type": "instance",
            "class_path": "autofit.non_linear.samples.sample.Sample",
            "arguments": {
                "log_likelihood": -59.24795183773726,
                "log_prior": 0.0,
                "weight": 0.0010750663573304634,
                "kwargs": {
                    "type": "dict",
                    "arguments": {
                        "ellipses.0.ell_comps.ell_comps_0": 0.08464325008979,
                        "ellipses.0.ell_comps.ell_comps_1": 0.11546112366028,
                        "multipoles.0.multipole_1.multipole_comps.multipole_comps_0": 0.00754936089704,
                        "multipoles.0.multipole_1.multipole_comps.multipole_comps_1": 0.06652507102401,
                        "multipoles.0.multipole_3.multipole_comps.multipole_comps_0": 0.04936281980443,
                        "multipoles.0.multipole_3.multipole_comps.multipole_comps_1": -0.09233570353808,
                        "multipoles.0.multipole_4.multipole_comps.multipole_comps_0": -0.02670633520328,
                        "multipoles.0.multipole_4.multipole_comps.multipole_comps_1": 0.00751766257799
                    }
                }
            }
        },
        "values_at_sigma_1": {
            "type": "list",
            "values": [
                {
                    "type": "tuple",
                    "values": [
                        0.08271415362136,
                        0.08844989022246064
                    ]
                },
                {
                    "type": "tuple",
                    "values": [
                        0.11117180483483939,
                        0.11569655225477497
                    ]
                },
                {
                    "type": "tuple",
                    "values": [
                        0.00457655638352,
                        0.029282565064026902
                    ]
                },
                {
                    "type": "tuple",
                    "values": [
                        0.05945904312416,
                        0.07817978226731782
                    ]
                },
                {
                    "type": "tuple",
                    "values": [
                        0.04094592117057,
                        0.06280857264623338
                    ]
                },
                {
                    "type": "tuple",
                    "values": [
                        -0.09296243959864,
                        -0.0627673071361687
                    ]
                },
                {
                    "type": "tuple",
                    "values": [
                        -0.0431891602450999,
                        -0.02687919969838
                    ]
                },
                {
                    "type": "tuple",
                    "values": [
                        -0.008756840406859557,
                        0.02133478884597
                    ]
                }
            ]
        }
    }
}