{
    "data_name": "J1627-0053",
    "redshift_lens": 0.208,
    "redshift_source": 0.524,
    "slope": 2.33,
    "slope_err": 0.1,
    "axis_ratio": 0.91,
    "position_angle": 10.5,
    "einstein_radius": 1.23,
    "log_Mein": 11.36,
    "Mein": 229086765276.77768,
    "marker": "v",
    "colour": "darkmagenta",
    "shear": 0.0,
    "sigma": 290.0,
    "sigma_err": 15.0,
    "log[M*/M]_chab": 11.45,
    "log[M*/M]_salp": 11.7,
    "log[Meff/M]": 11.3,
    "f_dm_chab": 11.3,
    "M200": 21100000000000.0,
    "r_eff": 1.98,
    "gamma_shajib": 1.84,
    "shajib_ue": 0.15,
    "shajib_le": 0.13,
    "shear_shajib": 0.026,
    "shear_shajib_le": 0.007,
    "shear_shajib_ue": 0.007,
    "phi_shajib": -96.0,
    "phi_shajib_le": 5.0,
    "phi_shajib_ue": 178.0,
    "gamma_Barnabe": 2.123,
    "Barnabe_le": 0.016,
    "Barnabe_ue": 0.029,
    "RA": "\"162746.45\"",
    "DEC": "\"-005357.6\"",
    "subhalo_grid_dimensions_arcsec": 2.4,
    "mask_inner_radius": 0.3,
    "mask_outer_radius": 2.2,
    "scaled_annular": 1,
    "detect_delaunay": 0,
    "bpl_source_mask": 0,
    "mask_circular_radii": 3.5
}