{
    "type": "collection",
    "arguments": {
        "ellipses": {
            "type": "collection",
            "arguments": {
                "0": {
                    "class_path": "autogalaxy.ellipse.ellipse.ellipse.Ellipse",
                    "type": "model",
                    "arguments": {
                        "centre": {
                            "type": "tuple_prior",
                            "arguments": {
                                "centre_0": -0.00181258985067,
                                "centre_1": -0.00108227164821
                            }
                        },
                        "ell_comps": {
                            "type": "tuple_prior",
                            "arguments": {
                                "ell_comps_0": {
                                    "lower_limit": -0.6,
                                    "upper_limit": 0.6,
                                    "type": "Uniform",
                                    "id": 348
                                },
                                "ell_comps_1": {
                                    "lower_limit": -0.6,
                                    "upper_limit": 0.6,
                                    "type": "Uniform",
                                    "id": 349
                                }
                            }
                        },
                        "major_axis": {
                            "type": "Constant",
                            "value": 3.75
                        }
                    }
                }
            }
        },
        "multipoles": {
            "type": "collection",
            "arguments": {
                "0": {
                    "type": "collection",
                    "arguments": {
                        "multipole_1": {
                            "class_path": "autogalaxy.ellipse.ellipse.ellipse_multipole.EllipseMultipole",
                            "type": "model",
                            "arguments": {
                                "m": 1,
                                "multipole_comps": {
                                    "type": "tuple_prior",
                                    "arguments": {
                                        "multipole_comps_0": {
                                            "lower_limit": -0.2,
                                            "upper_limit": 0.2,
                                            "type": "Uniform",
                                            "id": 356
                                        },
                                        "multipole_comps_1": {
                                            "lower_limit": -0.2,
                                            "upper_limit": 0.2,
                                            "type": "Uniform",
                                            "id": 357
                                        }
                                    }
                                }
                            }
                        },
                        "multipole_3": {
                            "class_path": "autogalaxy.ellipse.ellipse.ellipse_multipole.EllipseMultipole",
                            "type": "model",
                            "arguments": {
                                "m": 3,
                                "multipole_comps": {
                                    "type": "tuple_prior",
                                    "arguments": {
                                        "multipole_comps_0": {
                                            "lower_limit": -0.1,
                                            "upper_limit": 0.1,
                                            "type": "Uniform",
                                            "id": 358
                                        },
                                        "multipole_comps_1": {
                                            "lower_limit": -0.1,
                                            "upper_limit": 0.1,
                                            "type": "Uniform",
                                            "id": 359
                                        }
                                    }
                                }
                            }
                        },
                        "multipole_4": {
                            "class_path": "autogalaxy.ellipse.ellipse.ellipse_multipole.EllipseMultipole",
                            "type": "model",
                            "arguments": {
                                "m": 4,
                                "multipole_comps": {
                                    "type": "tuple_prior",
                                    "arguments": {
                                        "multipole_comps_0": {
                                            "lower_limit": -0.1,
                                            "upper_limit": 0.1,
                                            "type": "Uniform",
                                            "id": 360
                                        },
                                        "multipole_comps_1": {
                                            "lower_limit": -0.1,
                                            "upper_limit": 0.1,
                                            "type": "Uniform",
                                            "id": 361
                                        }
                                    }
                                }
                            }
                        }
                    }
                }
            }
        }
    }
}