{
    "type": "instance",
    "class_path": "autofit.non_linear.samples.summary.SamplesSummary",
    "arguments": {
        "median_pdf_sample": {
            "type": "instance",
            "class_path": "autofit.non_linear.samples.sample.Sample",
            "arguments": {
                "log_likelihood": -32.19023316476236,
                "log_prior": 0.0,
                "weight": 0.0009844519368858765,
                "kwargs": {
                    "type": "dict",
                    "arguments": {
                        "ellipses.0.ell_comps.ell_comps_0": -0.11302467615967615,
                        "ellipses.0.ell_comps.ell_comps_1": 0.023934465380136574
                    }
                }
            }
        },
        "errors_at_sigma_3": {
            "type": "list",
            "values": [
                {
                    "type": "tuple",
                    "values": [
                        0.01168169622589893,
                        0.00914664558547025
                    ]
                },
                {
                    "type": "tuple",
                    "values": [
                        0.007764462753126575,
                        0.008800358507183425
                    ]
                }
            ]
        },
        "model": null,
        "max_log_likelihood_sample": {
            "type": "instance",
            "class_path": "autofit.non_linear.samples.sample.Sample",
            "arguments": {
                "log_likelihood": -32.19023316476236,
                "log_prior": 0.0,
                "weight": 0.0009844519368858765,
                "kwargs": {
                    "type": "dict",
                    "arguments": {
                        "ellipses.0.ell_comps.ell_comps_0": -0.11139251900985,
                        "ellipses.0.ell_comps.ell_comps_1": 0.02422627783466
                    }
                }
            }
        },
        "errors_at_sigma_1": {
            "type": "list",
            "values": [
                {
                    "type": "tuple",
                    "values": [
                        0.0049341592028238485,
                        0.003763330545523663
                    ]
                },
                {
                    "type": "tuple",
                    "values": [
                        0.0032595529606165748,
                        0.003028950019519635
                    ]
                }
            ]
        },
        "values_at_sigma_3": {
            "type": "list",
            "values": [
                {
                    "type": "tuple",
                    "values": [
                        -0.12470637238557508,
                        -0.1038780305742059
                    ]
                },
                {
                    "type": "tuple",
                    "values": [
                        0.01617000262701,
                        0.03273482388732
                    ]
                }
            ]
        },
        "values_at_sigma_1": {
            "type": "list",
            "values": [
                {
                    "type": "tuple",
                    "values": [
                        -0.1179588353625,
                        -0.10926134561415249
                    ]
                },
                {
                    "type": "tuple",
                    "values": [
                        0.02067491241952,
                        0.02696341539965621
                    ]
                }
            ]
        },
        "log_evidence": -41.866750864812985
    }
}