{
    "data_name": "J1110+2808",
    "redshift_lens": 0.733,
    "redshift_source": 2.5024,
    "velocity_dispersion": 191,
    "velocity_dispersion_error": 39,
    "slope_ritondale_map": 2.016,
    "slope_ritondale_multinest": 2.21,
    "slope_ritondale_error": 0.003,
    "r_dev": 0.4,
    "r_eff": 1.45,
    "slope": 1.88,
    "slope_err": 0.3,
    "r_ein": 0.98,
    "PA": 41,
    "q_SIE": 0.917,
    "dRA": 0.01,
    "dDEC": -0.01,
    "subhalo_grid_dimensions_arcsec": 1.7,
    "mask_inner_radius": 0.3,
    "mask_outer_radius": 1.8,
    "scaled_annular": 1,
    "detect_delaunay": 0,
    "bpl_source_mask": 0,
    "mask_circular_radii": 3.5
}