{
    "type": "instance",
    "class_path": "autofit.non_linear.samples.summary.SamplesSummary",
    "arguments": {
        "errors_at_sigma_1": {
            "type": "list",
            "values": [
                {
                    "type": "tuple",
                    "values": [
                        0.016811540957183624,
                        0.021586395488106834
                    ]
                },
                {
                    "type": "tuple",
                    "values": [
                        0.024532586810692675,
                        0.02147169615107522
                    ]
                },
                {
                    "type": "tuple",
                    "values": [
                        0.011045155311571908,
                        0.012413929150695946
                    ]
                },
                {
                    "type": "tuple",
                    "values": [
                        0.0117935652529777,
                        0.011823587303628452
                    ]
                },
                {
                    "type": "tuple",
                    "values": [
                        0.011993648220278045,
                        0.008757482379406717
                    ]
                },
                {
                    "type": "tuple",
                    "values": [
                        0.012039333097420307,
                        0.011171480296161898
                    ]
                },
                {
                    "type": "tuple",
                    "values": [
                        0.0117657041907531,
                        0.0118036513547458
                    ]
                },
                {
                    "type": "tuple",
                    "values": [
                        0.007617900080339513,
                        0.008052500865299756
                    ]
                },
                {
                    "type": "tuple",
                    "values": [
                        0.00909135157919896,
                        0.013530307100395197
                    ]
                },
                {
                    "type": "tuple",
                    "values": [
                        0.03403782119184351,
                        0.043413716459277385
                    ]
                },
                {
                    "type": "tuple",
                    "values": [
                        0.009371144470356071,
                        0.009848671955637225
                    ]
                },
                {
                    "type": "tuple",
                    "values": [
                        0.013583107569595729,
                        0.013822192883158058
                    ]
                }
            ]
        },
        "values_at_sigma_1": {
            "type": "list",
            "values": [
                {
                    "type": "tuple",
                    "values": [
                        -0.03085123573508922,
                        0.007546700710201239
                    ]
                },
                {
                    "type": "tuple",
                    "values": [
                        -0.08886151243963192,
                        -0.04285722947786402
                    ]
                },
                {
                    "type": "tuple",
                    "values": [
                        0.8617426533094096,
                        0.8852017377716774
                    ]
                },
                {
                    "type": "tuple",
                    "values": [
                        -0.2104016360195885,
                        -0.18678448346298235
                    ]
                },
                {
                    "type": "tuple",
                    "values": [
                        -0.032684671734396126,
                        -0.011933541134711364
                    ]
                },
                {
                    "type": "tuple",
                    "values": [
                        0.06407963689963925,
                        0.08729045029322145
                    ]
                },
                {
                    "type": "tuple",
                    "values": [
                        0.020521220022046923,
                        0.04409057556754582
                    ]
                },
                {
                    "type": "tuple",
                    "values": [
                        0.018707108200678613,
                        0.03437750914631788
                    ]
                },
                {
                    "type": "tuple",
                    "values": [
                        -0.025682495877013743,
                        -0.0030608371974195853
                    ]
                },
                {
                    "type": "tuple",
                    "values": [
                        2.2940184849517054,
                        2.3714700226028262
                    ]
                },
                {
                    "type": "tuple",
                    "values": [
                        -0.09325442201159743,
                        -0.07403460558560414
                    ]
                },
                {
                    "type": "tuple",
                    "values": [
                        0.11564531568130275,
                        0.14305061613405654
                    ]
                }
            ]
        },
        "model": null,
        "log_evidence": 66998.59472325357,
        "max_log_likelihood_sample": {
            "type": "instance",
            "class_path": "autofit.non_linear.samples.sample.Sample",
            "arguments": {
                "log_likelihood": 67039.86510266886,
                "log_prior": 0.5593271923068688,
                "weight": 0.00021862566664185168,
                "kwargs": {
                    "type": "dict",
                    "arguments": {
                        "galaxies.lens.mass.ell_comps.ell_comps_0": -0.03798244725343554,
                        "galaxies.lens.mass.ell_comps.ell_comps_1": -0.04158396195589892,
                        "galaxies.lens.multipole_4.einstein_radius": 0.8732030120969099,
                        "galaxies.lens.multipole_4.centre.centre_0": -0.2013374916305076,
                        "galaxies.lens.multipole_4.centre.centre_1": -0.017911813179661985,
                        "galaxies.lens.multipole_3.multipole_comps.multipole_comps_0": 0.07628094356835,
                        "galaxies.lens.multipole_3.multipole_comps.multipole_comps_1": 0.0419541872873,
                        "galaxies.lens.multipole_4.multipole_comps.multipole_comps_0": 0.02490174543331,
                        "galaxies.lens.multipole_4.multipole_comps.multipole_comps_1": -0.01754975771364,
                        "galaxies.lens.multipole_4.slope": 2.32091264800272,
                        "galaxies.lens.shear.gamma_1": -0.07908820963579,
                        "galaxies.lens.shear.gamma_2": 0.1217781830676
                    }
                }
            }
        },
        "values_at_sigma_3": {
            "type": "list",
            "values": [
                {
                    "type": "tuple",
                    "values": [
                        -0.09179979730680733,
                        0.11351133417001232
                    ]
                },
                {
                    "type": "tuple",
                    "values": [
                        -0.16635705658692557,
                        0.006303824162675059
                    ]
                },
                {
                    "type": "tuple",
                    "values": [
                        0.8230001384815675,
                        0.9287153638619718
                    ]
                },
                {
                    "type": "tuple",
                    "values": [
                        -0.2358327039669673,
                        -0.14950072651255067
                    ]
                },
                {
                    "type": "tuple",
                    "values": [
                        -0.07493347480682307,
                        0.014624240368302012
                    ]
                },
                {
                    "type": "tuple",
                    "values": [
                        0.012224851185967679,
                        0.09971550708282098
                    ]
                },
                {
                    "type": "tuple",
                    "values": [
                        -0.026563977559544906,
                        0.07093487090172766
                    ]
                },
                {
                    "type": "tuple",
                    "values": [
                        -0.00597757324489121,
                        0.058854433336440325
                    ]
                },
                {
                    "type": "tuple",
                    "values": [
                        -0.04805737382500297,
                        0.038416843363334036
                    ]
                },
                {
                    "type": "tuple",
                    "values": [
                        2.1917705385948523,
                        2.4946506146088447
                    ]
                },
                {
                    "type": "tuple",
                    "values": [
                        -0.11249838616471643,
                        -0.035382940772354925
                    ]
                },
                {
                    "type": "tuple",
                    "values": [
                        0.07688379831868228,
                        0.1925951990319364
                    ]
                }
            ]
        },
        "median_pdf_sample": {
            "type": "instance",
            "class_path": "autofit.non_linear.samples.sample.Sample",
            "arguments": {
                "log_likelihood": 67039.86510266886,
                "log_prior": 0.5593271923068688,
                "weight": 0.00021862566664185168,
                "kwargs": {
                    "type": "dict",
                    "arguments": {
                        "galaxies.lens.mass.ell_comps.ell_comps_0": -0.014039694777905596,
                        "galaxies.lens.mass.ell_comps.ell_comps_1": -0.06432892562893924,
                        "galaxies.lens.multipole_4.einstein_radius": 0.8727878086209815,
                        "galaxies.lens.multipole_4.centre.centre_0": -0.1986080707666108,
                        "galaxies.lens.multipole_4.centre.centre_1": -0.02069102351411808,
                        "galaxies.lens.multipole_3.multipole_comps.multipole_comps_0": 0.07611896999705955,
                        "galaxies.lens.multipole_3.multipole_comps.multipole_comps_1": 0.03228692421280002,
                        "galaxies.lens.multipole_4.multipole_comps.multipole_comps_0": 0.026325008281018126,
                        "galaxies.lens.multipole_4.multipole_comps.multipole_comps_1": -0.016591144297814782,
                        "galaxies.lens.multipole_4.slope": 2.328056306143549,
                        "galaxies.lens.shear.gamma_1": -0.08388327754124136,
                        "galaxies.lens.shear.gamma_2": 0.12922842325089848
                    }
                }
            }
        },
        "errors_at_sigma_3": {
            "type": "list",
            "values": [
                {
                    "type": "tuple",
                    "values": [
                        0.07776010252890174,
                        0.12755102894791792
                    ]
                },
                {
                    "type": "tuple",
                    "values": [
                        0.10202813095798632,
                        0.0706327497916143
                    ]
                },
                {
                    "type": "tuple",
                    "values": [
                        0.049787670139413986,
                        0.055927555240990356
                    ]
                },
                {
                    "type": "tuple",
                    "values": [
                        0.03722463320035649,
                        0.04910734425406013
                    ]
                },
                {
                    "type": "tuple",
                    "values": [
                        0.05424245129270498,
                        0.035315263882420095
                    ]
                },
                {
                    "type": "tuple",
                    "values": [
                        0.06389411881109187,
                        0.023596537085761426
                    ]
                },
                {
                    "type": "tuple",
                    "values": [
                        0.05885090177234493,
                        0.03864794668892764
                    ]
                },
                {
                    "type": "tuple",
                    "values": [
                        0.032302581525909334,
                        0.032529425055422195
                    ]
                },
                {
                    "type": "tuple",
                    "values": [
                        0.03146622952718819,
                        0.05500798766114882
                    ]
                },
                {
                    "type": "tuple",
                    "values": [
                        0.1362857675486966,
                        0.16659430846529588
                    ]
                },
                {
                    "type": "tuple",
                    "values": [
                        0.028615108623475063,
                        0.04850033676888644
                    ]
                },
                {
                    "type": "tuple",
                    "values": [
                        0.0523446249322162,
                        0.06336677578103792
                    ]
                }
            ]
        }
    }
}