{
    "type": "instance",
    "class_path": "autofit.non_linear.samples.summary.SamplesSummary",
    "arguments": {
        "model": null,
        "median_pdf_sample": {
            "type": "instance",
            "class_path": "autofit.non_linear.samples.sample.Sample",
            "arguments": {
                "log_likelihood": 5182.320973743048,
                "log_prior": 0.575557549716713,
                "weight": 8.316419815295672e-05,
                "kwargs": {
                    "type": "dict",
                    "arguments": {
                        "galaxies.lens.mass.ell_comps.ell_comps_0": -0.10313034134447564,
                        "galaxies.lens.mass.ell_comps.ell_comps_1": 0.12479360820567315,
                        "galaxies.lens.mass.einstein_radius": 1.2485180015712978,
                        "galaxies.lens.mass.centre.centre_0": -0.008674345721093584,
                        "galaxies.lens.mass.centre.centre_1": 0.010555142503499995,
                        "galaxies.lens.mass.slope": 2.1563926260150277,
                        "galaxies.lens.shear.gamma_1": -0.024462289575898164,
                        "galaxies.lens.shear.gamma_2": 0.028446634105314318
                    }
                }
            }
        },
        "values_at_sigma_1": {
            "type": "list",
            "values": [
                {
                    "type": "tuple",
                    "values": [
                        -0.11100556410814666,
                        -0.09553048182882776
                    ]
                },
                {
                    "type": "tuple",
                    "values": [
                        0.11291909442153958,
                        0.14215305482063645
                    ]
                },
                {
                    "type": "tuple",
                    "values": [
                        1.2399675020444523,
                        1.2586669916769564
                    ]
                },
                {
                    "type": "tuple",
                    "values": [
                        -0.014605725260039197,
                        -0.004226606845048462
                    ]
                },
                {
                    "type": "tuple",
                    "values": [
                        0.008432563211719757,
                        0.01262980081482318
                    ]
                },
                {
                    "type": "tuple",
                    "values": [
                        2.128756945927678,
                        2.1842553563244316
                    ]
                },
                {
                    "type": "tuple",
                    "values": [
                        -0.028310455264541862,
                        -0.020398435211711516
                    ]
                },
                {
                    "type": "tuple",
                    "values": [
                        0.025455194806375515,
                        0.03166100802109664
                    ]
                }
            ]
        },
        "values_at_sigma_3": {
            "type": "list",
            "values": [
                {
                    "type": "tuple",
                    "values": [
                        -0.13535866053568305,
                        -0.0801791686991076
                    ]
                },
                {
                    "type": "tuple",
                    "values": [
                        0.08496874117922226,
                        0.19114442668151943
                    ]
                },
                {
                    "type": "tuple",
                    "values": [
                        1.2241570083866355,
                        1.2960289895601338
                    ]
                },
                {
                    "type": "tuple",
                    "values": [
                        -0.032060537752018045,
                        0.006484462506766768
                    ]
                },
                {
                    "type": "tuple",
                    "values": [
                        0.00039610254359480774,
                        0.01760051534733188
                    ]
                },
                {
                    "type": "tuple",
                    "values": [
                        2.0423549470514817,
                        2.2530796162895625
                    ]
                },
                {
                    "type": "tuple",
                    "values": [
                        -0.03692304568791574,
                        -0.008006693309226263
                    ]
                },
                {
                    "type": "tuple",
                    "values": [
                        0.016070922290752597,
                        0.038842461570122014
                    ]
                }
            ]
        },
        "log_evidence": 5139.43527186551,
        "max_log_likelihood_sample": {
            "type": "instance",
            "class_path": "autofit.non_linear.samples.sample.Sample",
            "arguments": {
                "log_likelihood": 5182.320973743048,
                "log_prior": 0.575557549716713,
                "weight": 8.316419815295672e-05,
                "kwargs": {
                    "type": "dict",
                    "arguments": {
                        "galaxies.lens.mass.ell_comps.ell_comps_0": -0.10582645214085251,
                        "galaxies.lens.mass.ell_comps.ell_comps_1": 0.12076157247874567,
                        "galaxies.lens.mass.einstein_radius": 1.2471753370465208,
                        "galaxies.lens.mass.centre.centre_0": -0.007403287552975653,
                        "galaxies.lens.mass.centre.centre_1": 0.00944123805494364,
                        "galaxies.lens.mass.slope": 2.14714679947356,
                        "galaxies.lens.shear.gamma_1": -0.02508922927564,
                        "galaxies.lens.shear.gamma_2": 0.02603920170107
                    }
                }
            }
        },
        "errors_at_sigma_3": {
            "type": "list",
            "values": [
                {
                    "type": "tuple",
                    "values": [
                        0.0322283191912074,
                        0.022951172645368043
                    ]
                },
                {
                    "type": "tuple",
                    "values": [
                        0.03982486702645088,
                        0.06635081847584628
                    ]
                },
                {
                    "type": "tuple",
                    "values": [
                        0.024360993184662227,
                        0.04751098798883602
                    ]
                },
                {
                    "type": "tuple",
                    "values": [
                        0.02338619203092446,
                        0.015158808227860351
                    ]
                },
                {
                    "type": "tuple",
                    "values": [
                        0.010159039959905188,
                        0.007045372843831884
                    ]
                },
                {
                    "type": "tuple",
                    "values": [
                        0.114037678963546,
                        0.09668699027453487
                    ]
                },
                {
                    "type": "tuple",
                    "values": [
                        0.012460756112017576,
                        0.016455596266671903
                    ]
                },
                {
                    "type": "tuple",
                    "values": [
                        0.012375711814561721,
                        0.010395827464807696
                    ]
                }
            ]
        },
        "errors_at_sigma_1": {
            "type": "list",
            "values": [
                {
                    "type": "tuple",
                    "values": [
                        0.007875222763671016,
                        0.007599859515647886
                    ]
                },
                {
                    "type": "tuple",
                    "values": [
                        0.011874513784133567,
                        0.017359446614963303
                    ]
                },
                {
                    "type": "tuple",
                    "values": [
                        0.0085504995268455,
                        0.010148990105658617
                    ]
                },
                {
                    "type": "tuple",
                    "values": [
                        0.005931379538945613,
                        0.004447738876045122
                    ]
                },
                {
                    "type": "tuple",
                    "values": [
                        0.0021225792917802383,
                        0.0020746583113231843
                    ]
                },
                {
                    "type": "tuple",
                    "values": [
                        0.027635680087349623,
                        0.027862730309403894
                    ]
                },
                {
                    "type": "tuple",
                    "values": [
                        0.0038481656886436982,
                        0.004063854364186648
                    ]
                },
                {
                    "type": "tuple",
                    "values": [
                        0.0029914392989388028,
                        0.0032143739157823245
                    ]
                }
            ]
        }
    }
}