{
    "type": "instance",
    "class_path": "autofit.non_linear.samples.summary.SamplesSummary",
    "arguments": {
        "max_log_likelihood_sample": {
            "type": "instance",
            "class_path": "autofit.non_linear.samples.sample.Sample",
            "arguments": {
                "log_likelihood": -38.993665679231576,
                "log_prior": 0.0,
                "weight": 0.0010058483368387797,
                "kwargs": {
                    "type": "dict",
                    "arguments": {
                        "ellipses.0.ell_comps.ell_comps_0": 0.08366253112844,
                        "ellipses.0.ell_comps.ell_comps_1": 0.05717750494595,
                        "multipoles.0.multipole_3.multipole_comps.multipole_comps_0": 0.01925111576398,
                        "multipoles.0.multipole_3.multipole_comps.multipole_comps_1": -0.06154645834563,
                        "multipoles.0.multipole_4.multipole_comps.multipole_comps_0": -0.07277576846139,
                        "multipoles.0.multipole_4.multipole_comps.multipole_comps_1": 0.07561981005245
                    }
                }
            }
        },
        "model": null,
        "median_pdf_sample": {
            "type": "instance",
            "class_path": "autofit.non_linear.samples.sample.Sample",
            "arguments": {
                "log_likelihood": -38.993665679231576,
                "log_prior": 0.0,
                "weight": 0.0010058483368387797,
                "kwargs": {
                    "type": "dict",
                    "arguments": {
                        "ellipses.0.ell_comps.ell_comps_0": 0.08426865828611,
                        "ellipses.0.ell_comps.ell_comps_1": 0.05862549161822,
                        "multipoles.0.multipole_3.multipole_comps.multipole_comps_0": 0.04028505046682106,
                        "multipoles.0.multipole_3.multipole_comps.multipole_comps_1": -0.06482323371325323,
                        "multipoles.0.multipole_4.multipole_comps.multipole_comps_0": -0.04917203890228,
                        "multipoles.0.multipole_4.multipole_comps.multipole_comps_1": 0.06719326279950816
                    }
                }
            }
        },
        "errors_at_sigma_3": {
            "type": "list",
            "values": [
                {
                    "type": "tuple",
                    "values": [
                        0.015305245383075691,
                        0.008738479520726622
                    ]
                },
                {
                    "type": "tuple",
                    "values": [
                        0.009428718676305382,
                        0.010752010455633114
                    ]
                },
                {
                    "type": "tuple",
                    "values": [
                        0.05471574011057106,
                        0.05585192652782894
                    ]
                },
                {
                    "type": "tuple",
                    "values": [
                        0.034681718346996765,
                        0.15921754979206323
                    ]
                },
                {
                    "type": "tuple",
                    "values": [
                        0.050759619454840005,
                        0.0646001478132481
                    ]
                },
                {
                    "type": "tuple",
                    "values": [
                        0.08096373472742112,
                        0.0324497641212835
                    ]
                }
            ]
        },
        "values_at_sigma_1": {
            "type": "list",
            "values": [
                {
                    "type": "tuple",
                    "values": [
                        0.08123310021097255,
                        0.08550940370664
                    ]
                },
                {
                    "type": "tuple",
                    "values": [
                        0.05576427402873847,
                        0.06161573254845
                    ]
                },
                {
                    "type": "tuple",
                    "values": [
                        0.01908861518069801,
                        0.05971137134057
                    ]
                },
                {
                    "type": "tuple",
                    "values": [
                        -0.08453672416073,
                        -0.03965519528231
                    ]
                },
                {
                    "type": "tuple",
                    "values": [
                        -0.07831871768416696,
                        -0.01846677545516
                    ]
                },
                {
                    "type": "tuple",
                    "values": [
                        0.04869898291691,
                        0.08931828899762
                    ]
                }
            ]
        },
        "log_evidence": -56.31081852884327,
        "values_at_sigma_3": {
            "type": "list",
            "values": [
                {
                    "type": "tuple",
                    "values": [
                        0.0689634129030343,
                        0.09300713780683662
                    ]
                },
                {
                    "type": "tuple",
                    "values": [
                        0.049196772941914615,
                        0.06937750207385311
                    ]
                },
                {
                    "type": "tuple",
                    "values": [
                        -0.01443068964375,
                        0.09613697699465
                    ]
                },
                {
                    "type": "tuple",
                    "values": [
                        -0.09950495206025,
                        0.09439431607881
                    ]
                },
                {
                    "type": "tuple",
                    "values": [
                        -0.09993165835712,
                        0.015428108910968096
                    ]
                },
                {
                    "type": "tuple",
                    "values": [
                        -0.013770471927912956,
                        0.09964302692079166
                    ]
                }
            ]
        },
        "errors_at_sigma_1": {
            "type": "list",
            "values": [
                {
                    "type": "tuple",
                    "values": [
                        0.0030355580751374456,
                        0.0012407454205300011
                    ]
                },
                {
                    "type": "tuple",
                    "values": [
                        0.0028612175894815253,
                        0.0029902409302300023
                    ]
                },
                {
                    "type": "tuple",
                    "values": [
                        0.02119643528612305,
                        0.019426320873748945
                    ]
                },
                {
                    "type": "tuple",
                    "values": [
                        0.019713490447476778,
                        0.02516803843094323
                    ]
                },
                {
                    "type": "tuple",
                    "values": [
                        0.029146678781886953,
                        0.03070526344712
                    ]
                },
                {
                    "type": "tuple",
                    "values": [
                        0.018494279882598157,
                        0.02212502619811184
                    ]
                }
            ]
        }
    }
}