{
    "type": "instance",
    "class_path": "autofit.non_linear.samples.summary.SamplesSummary",
    "arguments": {
        "errors_at_sigma_1": {
            "type": "list",
            "values": [
                {
                    "type": "tuple",
                    "values": [
                        0.001590930806477986,
                        0.009185627824297715
                    ]
                },
                {
                    "type": "tuple",
                    "values": [
                        0.004879424041989738,
                        0.0012399132933202661
                    ]
                },
                {
                    "type": "tuple",
                    "values": [
                        0.004069163037276964,
                        0.0035816832299103043
                    ]
                },
                {
                    "type": "tuple",
                    "values": [
                        0.007054774785981214,
                        0.009008776203343494
                    ]
                },
                {
                    "type": "tuple",
                    "values": [
                        0.0048979400653036895,
                        0.004907755051190003
                    ]
                },
                {
                    "type": "tuple",
                    "values": [
                        0.012888534423089733,
                        0.007666732672347815
                    ]
                }
            ]
        },
        "max_log_likelihood_sample": {
            "type": "instance",
            "class_path": "autofit.non_linear.samples.sample.Sample",
            "arguments": {
                "log_likelihood": -126.87665958362444,
                "log_prior": 0.0,
                "weight": 0.0009849390215349294,
                "kwargs": {
                    "type": "dict",
                    "arguments": {
                        "ellipses.0.ell_comps.ell_comps_0": -0.1795990612592,
                        "ellipses.0.ell_comps.ell_comps_1": -0.20079554066214,
                        "multipoles.0.multipole_3.multipole_comps.multipole_comps_0": 0.0025764568235,
                        "multipoles.0.multipole_3.multipole_comps.multipole_comps_1": -0.00734702842874,
                        "multipoles.0.multipole_4.multipole_comps.multipole_comps_0": -0.03961538384456,
                        "multipoles.0.multipole_4.multipole_comps.multipole_comps_1": 0.01606840023616
                    }
                }
            }
        },
        "model": null,
        "log_evidence": -152.18343273869345,
        "values_at_sigma_3": {
            "type": "list",
            "values": [
                {
                    "type": "tuple",
                    "values": [
                        -0.1922463903843524,
                        -0.17717036200622083
                    ]
                },
                {
                    "type": "tuple",
                    "values": [
                        -0.20108594038478478,
                        -0.19314820773426242
                    ]
                },
                {
                    "type": "tuple",
                    "values": [
                        -0.008418462769863496,
                        0.0143571737877819
                    ]
                },
                {
                    "type": "tuple",
                    "values": [
                        -0.02923901180711,
                        0.00341785301371
                    ]
                },
                {
                    "type": "tuple",
                    "values": [
                        -0.05219567768104,
                        -0.023728372030433414
                    ]
                },
                {
                    "type": "tuple",
                    "values": [
                        0.009572379074502965,
                        0.0455912594660815
                    ]
                }
            ]
        },
        "values_at_sigma_1": {
            "type": "list",
            "values": [
                {
                    "type": "tuple",
                    "values": [
                        -0.18979565200198,
                        -0.1790190933712043
                    ]
                },
                {
                    "type": "tuple",
                    "values": [
                        -0.20083660291354,
                        -0.19471726557823
                    ]
                },
                {
                    "type": "tuple",
                    "values": [
                        -0.0018622704994469643,
                        0.005788575767740304
                    ]
                },
                {
                    "type": "tuple",
                    "values": [
                        -0.020812249412186085,
                        -0.004748698422861376
                    ]
                },
                {
                    "type": "tuple",
                    "values": [
                        -0.04299545482034369,
                        -0.03318975970385
                    ]
                },
                {
                    "type": "tuple",
                    "values": [
                        0.017965079032049032,
                        0.03852034612748658
                    ]
                }
            ]
        },
        "errors_at_sigma_3": {
            "type": "list",
            "values": [
                {
                    "type": "tuple",
                    "values": [
                        0.0040416691888503775,
                        0.011034359189281195
                    ]
                },
                {
                    "type": "tuple",
                    "values": [
                        0.00512876151323452,
                        0.002808971137287841
                    ]
                },
                {
                    "type": "tuple",
                    "values": [
                        0.010625355307693495,
                        0.0121502812499519
                    ]
                },
                {
                    "type": "tuple",
                    "values": [
                        0.015481537180905128,
                        0.017175327639914872
                    ]
                },
                {
                    "type": "tuple",
                    "values": [
                        0.014098162925999996,
                        0.014369142724606588
                    ]
                },
                {
                    "type": "tuple",
                    "values": [
                        0.0212812343806358,
                        0.014737646010942736
                    ]
                }
            ]
        },
        "median_pdf_sample": {
            "type": "instance",
            "class_path": "autofit.non_linear.samples.sample.Sample",
            "arguments": {
                "log_likelihood": -126.87665958362444,
                "log_prior": 0.0,
                "weight": 0.0009849390215349294,
                "kwargs": {
                    "type": "dict",
                    "arguments": {
                        "ellipses.0.ell_comps.ell_comps_0": -0.18820472119550202,
                        "ellipses.0.ell_comps.ell_comps_1": -0.19595717887155026,
                        "multipoles.0.multipole_3.multipole_comps.multipole_comps_0": 0.00220689253783,
                        "multipoles.0.multipole_3.multipole_comps.multipole_comps_1": -0.013757474626204871,
                        "multipoles.0.multipole_4.multipole_comps.multipole_comps_0": -0.03809751475504,
                        "multipoles.0.multipole_4.multipole_comps.multipole_comps_1": 0.030853613455138765
                    }
                }
            }
        }
    }
}