{
    "type": "instance",
    "class_path": "autofit.non_linear.samples.summary.SamplesSummary",
    "arguments": {
        "values_at_sigma_1": {
            "type": "list",
            "values": [
                {
                    "type": "tuple",
                    "values": [
                        -0.023639661255202536,
                        -0.014885933851610604
                    ]
                },
                {
                    "type": "tuple",
                    "values": [
                        -0.011692391199129213,
                        0.0034094272438
                    ]
                },
                {
                    "type": "tuple",
                    "values": [
                        -0.02094542623614,
                        0.014491510409995332
                    ]
                },
                {
                    "type": "tuple",
                    "values": [
                        -0.02434355599609,
                        0.0143622436453925
                    ]
                },
                {
                    "type": "tuple",
                    "values": [
                        -0.04991405254816568,
                        -0.004266254122223346
                    ]
                },
                {
                    "type": "tuple",
                    "values": [
                        -0.028556770337812867,
                        0.02124559895711
                    ]
                }
            ]
        },
        "log_evidence": -64.67104043679335,
        "values_at_sigma_3": {
            "type": "list",
            "values": [
                {
                    "type": "tuple",
                    "values": [
                        -0.029130274287473452,
                        -0.0010424669885917932
                    ]
                },
                {
                    "type": "tuple",
                    "values": [
                        -0.03256236901529593,
                        0.01394763495323
                    ]
                },
                {
                    "type": "tuple",
                    "values": [
                        -0.05242002513921091,
                        0.04042457142094283
                    ]
                },
                {
                    "type": "tuple",
                    "values": [
                        -0.05095170737929,
                        0.049466530397624754
                    ]
                },
                {
                    "type": "tuple",
                    "values": [
                        -0.0829212099014735,
                        0.07094108985986
                    ]
                },
                {
                    "type": "tuple",
                    "values": [
                        -0.07063607279372,
                        0.09606897502780215
                    ]
                }
            ]
        },
        "model": null,
        "max_log_likelihood_sample": {
            "type": "instance",
            "class_path": "autofit.non_linear.samples.sample.Sample",
            "arguments": {
                "log_likelihood": -47.924138871262244,
                "log_prior": 0.0,
                "weight": 0.0010533701738139089,
                "kwargs": {
                    "type": "dict",
                    "arguments": {
                        "ellipses.0.ell_comps.ell_comps_0": -0.01880375447318,
                        "ellipses.0.ell_comps.ell_comps_1": -0.00259777371632,
                        "multipoles.0.multipole_3.multipole_comps.multipole_comps_0": 0.0054924578285,
                        "multipoles.0.multipole_3.multipole_comps.multipole_comps_1": 0.00814043692851,
                        "multipoles.0.multipole_4.multipole_comps.multipole_comps_0": -0.03948306544662,
                        "multipoles.0.multipole_4.multipole_comps.multipole_comps_1": -0.01124821125879
                    }
                }
            }
        },
        "errors_at_sigma_1": {
            "type": "list",
            "values": [
                {
                    "type": "tuple",
                    "values": [
                        0.004561499256054809,
                        0.004192228147537122
                    ]
                },
                {
                    "type": "tuple",
                    "values": [
                        0.006876297470736681,
                        0.008225520972192531
                    ]
                },
                {
                    "type": "tuple",
                    "values": [
                        0.02295068044403,
                        0.012486256202105332
                    ]
                },
                {
                    "type": "tuple",
                    "values": [
                        0.021618152525311865,
                        0.017087647116170637
                    ]
                },
                {
                    "type": "tuple",
                    "values": [
                        0.02702544038003568,
                        0.018622358045906652
                    ]
                },
                {
                    "type": "tuple",
                    "values": [
                        0.018914389910179054,
                        0.03088797938474381
                    ]
                }
            ]
        },
        "median_pdf_sample": {
            "type": "instance",
            "class_path": "autofit.non_linear.samples.sample.Sample",
            "arguments": {
                "log_likelihood": -47.924138871262244,
                "log_prior": 0.0,
                "weight": 0.0010533701738139089,
                "kwargs": {
                    "type": "dict",
                    "arguments": {
                        "ellipses.0.ell_comps.ell_comps_0": -0.019078161999147726,
                        "ellipses.0.ell_comps.ell_comps_1": -0.004816093728392532,
                        "multipoles.0.multipole_3.multipole_comps.multipole_comps_0": 0.00200525420789,
                        "multipoles.0.multipole_3.multipole_comps.multipole_comps_1": -0.002725403470778136,
                        "multipoles.0.multipole_4.multipole_comps.multipole_comps_0": -0.02288861216813,
                        "multipoles.0.multipole_4.multipole_comps.multipole_comps_1": -0.009642380427633811
                    }
                }
            }
        },
        "errors_at_sigma_3": {
            "type": "list",
            "values": [
                {
                    "type": "tuple",
                    "values": [
                        0.010052112288325726,
                        0.018035695010555932
                    ]
                },
                {
                    "type": "tuple",
                    "values": [
                        0.0277462752869034,
                        0.018763728681622533
                    ]
                },
                {
                    "type": "tuple",
                    "values": [
                        0.05442527934710091,
                        0.03841931721305283
                    ]
                },
                {
                    "type": "tuple",
                    "values": [
                        0.04822630390851187,
                        0.05219193386840289
                    ]
                },
                {
                    "type": "tuple",
                    "values": [
                        0.060032597733343504,
                        0.09382970202799
                    ]
                },
                {
                    "type": "tuple",
                    "values": [
                        0.06099369236608619,
                        0.10571135545543596
                    ]
                }
            ]
        }
    }
}