{
    "type": "instance",
    "class_path": "autofit.non_linear.samples.summary.SamplesSummary",
    "arguments": {
        "max_log_likelihood_sample": {
            "type": "instance",
            "class_path": "autofit.non_linear.samples.sample.Sample",
            "arguments": {
                "log_likelihood": -5.461002344534614,
                "log_prior": 0.0,
                "weight": 0.0010163859502289767,
                "kwargs": {
                    "type": "dict",
                    "arguments": {
                        "ellipses.0.ell_comps.ell_comps_0": 0.01813576962139,
                        "ellipses.0.ell_comps.ell_comps_1": 0.03179873874908,
                        "multipoles.0.multipole_3.multipole_comps.multipole_comps_0": -0.00029645867287,
                        "multipoles.0.multipole_3.multipole_comps.multipole_comps_1": 0.00103595420467,
                        "multipoles.0.multipole_4.multipole_comps.multipole_comps_0": -0.00107667630592,
                        "multipoles.0.multipole_4.multipole_comps.multipole_comps_1": -0.00011115116252
                    }
                }
            }
        },
        "values_at_sigma_1": {
            "type": "list",
            "values": [
                {
                    "type": "tuple",
                    "values": [
                        0.009495663425844847,
                        0.020553234216662723
                    ]
                },
                {
                    "type": "tuple",
                    "values": [
                        0.02424212473855623,
                        0.035636770269792964
                    ]
                },
                {
                    "type": "tuple",
                    "values": [
                        -0.00110612583298,
                        0.00153462616441
                    ]
                },
                {
                    "type": "tuple",
                    "values": [
                        -0.0005353625183404265,
                        0.00245436488993
                    ]
                },
                {
                    "type": "tuple",
                    "values": [
                        -0.00254758932483,
                        0.0011509924588331021
                    ]
                },
                {
                    "type": "tuple",
                    "values": [
                        -0.001987697560628886,
                        0.00205005580601
                    ]
                }
            ]
        },
        "errors_at_sigma_1": {
            "type": "list",
            "values": [
                {
                    "type": "tuple",
                    "values": [
                        0.00555211979644972,
                        0.005505450994368156
                    ]
                },
                {
                    "type": "tuple",
                    "values": [
                        0.005724683572932664,
                        0.005669961958304069
                    ]
                },
                {
                    "type": "tuple",
                    "values": [
                        0.0013875527876230586,
                        0.0012531992097669414
                    ]
                },
                {
                    "type": "tuple",
                    "values": [
                        0.0017114626811204265,
                        0.00127826472715
                    ]
                },
                {
                    "type": "tuple",
                    "values": [
                        0.0017785422674654588,
                        0.0019200395161976433
                    ]
                },
                {
                    "type": "tuple",
                    "values": [
                        0.002094125773628886,
                        0.00194362759301
                    ]
                }
            ]
        },
        "values_at_sigma_3": {
            "type": "list",
            "values": [
                {
                    "type": "tuple",
                    "values": [
                        -0.002420013498952107,
                        0.029298613895859277
                    ]
                },
                {
                    "type": "tuple",
                    "values": [
                        0.01391872544567,
                        0.04879269438063
                    ]
                },
                {
                    "type": "tuple",
                    "values": [
                        -0.00307322480639,
                        0.0043692918949
                    ]
                },
                {
                    "type": "tuple",
                    "values": [
                        -0.0032713119537355305,
                        0.005120754175120485
                    ]
                },
                {
                    "type": "tuple",
                    "values": [
                        -0.0065416821875106165,
                        0.0052183525036233625
                    ]
                },
                {
                    "type": "tuple",
                    "values": [
                        -0.005653456382451941,
                        0.006131392074836113
                    ]
                }
            ]
        },
        "errors_at_sigma_3": {
            "type": "list",
            "values": [
                {
                    "type": "tuple",
                    "values": [
                        0.017467796721246674,
                        0.01425083067356471
                    ]
                },
                {
                    "type": "tuple",
                    "values": [
                        0.016048082865818894,
                        0.018825886069141103
                    ]
                },
                {
                    "type": "tuple",
                    "values": [
                        0.0033546517610330588,
                        0.004087864940256942
                    ]
                },
                {
                    "type": "tuple",
                    "values": [
                        0.00444741211651553,
                        0.003944654012340485
                    ]
                },
                {
                    "type": "tuple",
                    "values": [
                        0.005772635130146075,
                        0.005987399560987904
                    ]
                },
                {
                    "type": "tuple",
                    "values": [
                        0.005759884595451941,
                        0.006024963861836113
                    ]
                }
            ]
        },
        "log_evidence": -29.30560574999115,
        "model": null,
        "median_pdf_sample": {
            "type": "instance",
            "class_path": "autofit.non_linear.samples.sample.Sample",
            "arguments": {
                "log_likelihood": -5.461002344534614,
                "log_prior": 0.0,
                "weight": 0.0010163859502289767,
                "kwargs": {
                    "type": "dict",
                    "arguments": {
                        "ellipses.0.ell_comps.ell_comps_0": 0.015047783222294567,
                        "ellipses.0.ell_comps.ell_comps_1": 0.029966808311488895,
                        "multipoles.0.multipole_3.multipole_comps.multipole_comps_0": 0.00028142695464305855,
                        "multipoles.0.multipole_3.multipole_comps.multipole_comps_1": 0.00117610016278,
                        "multipoles.0.multipole_4.multipole_comps.multipole_comps_0": -0.0007690470573645413,
                        "multipoles.0.multipole_4.multipole_comps.multipole_comps_1": 0.000106428213
                    }
                }
            }
        }
    }
}