{
    "type": "instance",
    "class_path": "autofit.non_linear.samples.summary.SamplesSummary",
    "arguments": {
        "errors_at_sigma_1": {
            "type": "list",
            "values": [
                {
                    "type": "tuple",
                    "values": [
                        0.006528462742094107,
                        0.005361662190365893
                    ]
                },
                {
                    "type": "tuple",
                    "values": [
                        0.005661022012700009,
                        0.004759858567617931
                    ]
                },
                {
                    "type": "tuple",
                    "values": [
                        0.016114626881433565,
                        0.014034995764677902
                    ]
                },
                {
                    "type": "tuple",
                    "values": [
                        0.011697599567293621,
                        0.013947670067104893
                    ]
                },
                {
                    "type": "tuple",
                    "values": [
                        0.013496054385930555,
                        0.012162729219276592
                    ]
                },
                {
                    "type": "tuple",
                    "values": [
                        0.015365647445208583,
                        0.01841447075203852
                    ]
                },
                {
                    "type": "tuple",
                    "values": [
                        0.011620048385512317,
                        0.011071651917097684
                    ]
                },
                {
                    "type": "tuple",
                    "values": [
                        0.013265644693150001,
                        0.015480035078639475
                    ]
                }
            ]
        },
        "median_pdf_sample": {
            "type": "instance",
            "class_path": "autofit.non_linear.samples.sample.Sample",
            "arguments": {
                "log_likelihood": -31.0565902005092,
                "log_prior": 0.0,
                "weight": 0.0010134400268876197,
                "kwargs": {
                    "type": "dict",
                    "arguments": {
                        "ellipses.0.ell_comps.ell_comps_0": 0.10643597074359411,
                        "ellipses.0.ell_comps.ell_comps_1": -0.102815628281,
                        "multipoles.0.multipole_1.multipole_comps.multipole_comps_0": 0.011409345310092099,
                        "multipoles.0.multipole_1.multipole_comps.multipole_comps_1": -0.0057296713072263784,
                        "multipoles.0.multipole_3.multipole_comps.multipole_comps_0": 0.013990854457640556,
                        "multipoles.0.multipole_3.multipole_comps.multipole_comps_1": -0.009279712619808521,
                        "multipoles.0.multipole_4.multipole_comps.multipole_comps_0": -0.009683174842217684,
                        "multipoles.0.multipole_4.multipole_comps.multipole_comps_1": 0.0102736730678
                    }
                }
            }
        },
        "errors_at_sigma_3": {
            "type": "list",
            "values": [
                {
                    "type": "tuple",
                    "values": [
                        0.016026734335559345,
                        0.01572028073050115
                    ]
                },
                {
                    "type": "tuple",
                    "values": [
                        0.01461947972714056,
                        0.014148919904806948
                    ]
                },
                {
                    "type": "tuple",
                    "values": [
                        0.04909281255028955,
                        0.0420108247917579
                    ]
                },
                {
                    "type": "tuple",
                    "values": [
                        0.029027855930213623,
                        0.05264433641840638
                    ]
                },
                {
                    "type": "tuple",
                    "values": [
                        0.04189317919040056,
                        0.04594834219783944
                    ]
                },
                {
                    "type": "tuple",
                    "values": [
                        0.04078019323280523,
                        0.05321148525808279
                    ]
                },
                {
                    "type": "tuple",
                    "values": [
                        0.04144466811806649,
                        0.034984945102095745
                    ]
                },
                {
                    "type": "tuple",
                    "values": [
                        0.03401579813615,
                        0.03946837865912
                    ]
                }
            ]
        },
        "values_at_sigma_1": {
            "type": "list",
            "values": [
                {
                    "type": "tuple",
                    "values": [
                        0.0999075080015,
                        0.11179763293396
                    ]
                },
                {
                    "type": "tuple",
                    "values": [
                        -0.1084766502937,
                        -0.09805576971338206
                    ]
                },
                {
                    "type": "tuple",
                    "values": [
                        -0.004705281571341464,
                        0.02544434107477
                    ]
                },
                {
                    "type": "tuple",
                    "values": [
                        -0.01742727087452,
                        0.008217998759878515
                    ]
                },
                {
                    "type": "tuple",
                    "values": [
                        0.00049480007171,
                        0.02615358367691715
                    ]
                },
                {
                    "type": "tuple",
                    "values": [
                        -0.024645360065017104,
                        0.00913475813223
                    ]
                },
                {
                    "type": "tuple",
                    "values": [
                        -0.02130322322773,
                        0.00138847707488
                    ]
                },
                {
                    "type": "tuple",
                    "values": [
                        -0.00299197162535,
                        0.025753708146439475
                    ]
                }
            ]
        },
        "values_at_sigma_3": {
            "type": "list",
            "values": [
                {
                    "type": "tuple",
                    "values": [
                        0.09040923640803476,
                        0.12215625147409526
                    ]
                },
                {
                    "type": "tuple",
                    "values": [
                        -0.11743510800814055,
                        -0.08866670837619305
                    ]
                },
                {
                    "type": "tuple",
                    "values": [
                        -0.03768346724019745,
                        0.05342017010185
                    ]
                },
                {
                    "type": "tuple",
                    "values": [
                        -0.03475752723744,
                        0.04691466511118
                    ]
                },
                {
                    "type": "tuple",
                    "values": [
                        -0.02790232473276,
                        0.05993919665548
                    ]
                },
                {
                    "type": "tuple",
                    "values": [
                        -0.05005990585261375,
                        0.04393177263827427
                    ]
                },
                {
                    "type": "tuple",
                    "values": [
                        -0.05112784296028417,
                        0.02530177025987806
                    ]
                },
                {
                    "type": "tuple",
                    "values": [
                        -0.02374212506835,
                        0.04974205172692
                    ]
                }
            ]
        },
        "log_evidence": -52.71371263833955,
        "model": null,
        "max_log_likelihood_sample": {
            "type": "instance",
            "class_path": "autofit.non_linear.samples.sample.Sample",
            "arguments": {
                "log_likelihood": -31.0565902005092,
                "log_prior": 0.0,
                "weight": 0.0010134400268876197,
                "kwargs": {
                    "type": "dict",
                    "arguments": {
                        "ellipses.0.ell_comps.ell_comps_0": 0.10746480033684,
                        "ellipses.0.ell_comps.ell_comps_1": -0.10029957362776,
                        "multipoles.0.multipole_1.multipole_comps.multipole_comps_0": 0.01876723228186,
                        "multipoles.0.multipole_1.multipole_comps.multipole_comps_1": -0.01109683075287,
                        "multipoles.0.multipole_3.multipole_comps.multipole_comps_0": 0.01711295254201,
                        "multipoles.0.multipole_3.multipole_comps.multipole_comps_1": -0.01177250344707,
                        "multipoles.0.multipole_4.multipole_comps.multipole_comps_0": -0.00655090175416,
                        "multipoles.0.multipole_4.multipole_comps.multipole_comps_1": -0.00066617636188
                    }
                }
            }
        }
    }
}