{
    "type": "instance",
    "class_path": "autofit.non_linear.samples.summary.SamplesSummary",
    "arguments": {
        "median_pdf_sample": {
            "type": "instance",
            "class_path": "autofit.non_linear.samples.sample.Sample",
            "arguments": {
                "log_likelihood": -21.312093419865086,
                "log_prior": 0.0,
                "weight": 0.0010506017601606815,
                "kwargs": {
                    "type": "dict",
                    "arguments": {
                        "ellipses.0.ell_comps.ell_comps_0": 0.08137770110731868,
                        "ellipses.0.ell_comps.ell_comps_1": 0.04468978961875,
                        "multipoles.0.multipole_1.multipole_comps.multipole_comps_0": -0.00232677544009,
                        "multipoles.0.multipole_1.multipole_comps.multipole_comps_1": -0.022727768394906894,
                        "multipoles.0.multipole_3.multipole_comps.multipole_comps_0": -0.01254084863263,
                        "multipoles.0.multipole_3.multipole_comps.multipole_comps_1": -0.006264161857304515,
                        "multipoles.0.multipole_4.multipole_comps.multipole_comps_0": -0.01434825865702,
                        "multipoles.0.multipole_4.multipole_comps.multipole_comps_1": -0.00354622554151477
                    }
                }
            }
        },
        "max_log_likelihood_sample": {
            "type": "instance",
            "class_path": "autofit.non_linear.samples.sample.Sample",
            "arguments": {
                "log_likelihood": -21.312093419865086,
                "log_prior": 0.0,
                "weight": 0.0010506017601606815,
                "kwargs": {
                    "type": "dict",
                    "arguments": {
                        "ellipses.0.ell_comps.ell_comps_0": 0.08092150049237,
                        "ellipses.0.ell_comps.ell_comps_1": 0.04790046202841,
                        "multipoles.0.multipole_1.multipole_comps.multipole_comps_0": -0.00345006548796,
                        "multipoles.0.multipole_1.multipole_comps.multipole_comps_1": -0.02761485218141,
                        "multipoles.0.multipole_3.multipole_comps.multipole_comps_0": -0.01714431367725,
                        "multipoles.0.multipole_3.multipole_comps.multipole_comps_1": -0.00463976421277,
                        "multipoles.0.multipole_4.multipole_comps.multipole_comps_0": -0.0157095409235,
                        "multipoles.0.multipole_4.multipole_comps.multipole_comps_1": 0.00131652969578
                    }
                }
            }
        },
        "errors_at_sigma_1": {
            "type": "list",
            "values": [
                {
                    "type": "tuple",
                    "values": [
                        0.00521036647500879,
                        0.004497313423739935
                    ]
                },
                {
                    "type": "tuple",
                    "values": [
                        0.0054124691958192805,
                        0.005379376216509996
                    ]
                },
                {
                    "type": "tuple",
                    "values": [
                        0.014300974346568325,
                        0.014745126141768445
                    ]
                },
                {
                    "type": "tuple",
                    "values": [
                        0.010612345094253108,
                        0.013807188153431993
                    ]
                },
                {
                    "type": "tuple",
                    "values": [
                        0.01104815055468,
                        0.013948196653232067
                    ]
                },
                {
                    "type": "tuple",
                    "values": [
                        0.015607298980543378,
                        0.01636225020683577
                    ]
                },
                {
                    "type": "tuple",
                    "values": [
                        0.012239905754231374,
                        0.01183016364963
                    ]
                },
                {
                    "type": "tuple",
                    "values": [
                        0.016646636334345228,
                        0.019463022469268832
                    ]
                }
            ]
        },
        "values_at_sigma_1": {
            "type": "list",
            "values": [
                {
                    "type": "tuple",
                    "values": [
                        0.07616733463230989,
                        0.08587501453105861
                    ]
                },
                {
                    "type": "tuple",
                    "values": [
                        0.03927732042293072,
                        0.05006916583526
                    ]
                },
                {
                    "type": "tuple",
                    "values": [
                        -0.016627749786658326,
                        0.012418350701678444
                    ]
                },
                {
                    "type": "tuple",
                    "values": [
                        -0.03334011348916,
                        -0.008920580241474902
                    ]
                },
                {
                    "type": "tuple",
                    "values": [
                        -0.02358899918731,
                        0.0014073480206020664
                    ]
                },
                {
                    "type": "tuple",
                    "values": [
                        -0.021871460837847894,
                        0.010098088349531253
                    ]
                },
                {
                    "type": "tuple",
                    "values": [
                        -0.026588164411251374,
                        -0.00251809500739
                    ]
                },
                {
                    "type": "tuple",
                    "values": [
                        -0.02019286187586,
                        0.01591679692775406
                    ]
                }
            ]
        },
        "errors_at_sigma_3": {
            "type": "list",
            "values": [
                {
                    "type": "tuple",
                    "values": [
                        0.015444079268987748,
                        0.01415310867580133
                    ]
                },
                {
                    "type": "tuple",
                    "values": [
                        0.016753910214810003,
                        0.02344556946451999
                    ]
                },
                {
                    "type": "tuple",
                    "values": [
                        0.040811379938650395,
                        0.04300860298895042
                    ]
                },
                {
                    "type": "tuple",
                    "values": [
                        0.03504366887892768,
                        0.0523385874706869
                    ]
                },
                {
                    "type": "tuple",
                    "values": [
                        0.029813912795669997,
                        0.04452925062742
                    ]
                },
                {
                    "type": "tuple",
                    "values": [
                        0.037983500475105486,
                        0.05216995609952551
                    ]
                },
                {
                    "type": "tuple",
                    "values": [
                        0.0356696112086,
                        0.06346094897077
                    ]
                },
                {
                    "type": "tuple",
                    "values": [
                        0.04499967762497396,
                        0.051851746667056844
                    ]
                }
            ]
        },
        "values_at_sigma_3": {
            "type": "list",
            "values": [
                {
                    "type": "tuple",
                    "values": [
                        0.06593362183833093,
                        0.09553080978312001
                    ]
                },
                {
                    "type": "tuple",
                    "values": [
                        0.02793587940394,
                        0.06813535908327
                    ]
                },
                {
                    "type": "tuple",
                    "values": [
                        -0.0431381553787404,
                        0.04068182754886042
                    ]
                },
                {
                    "type": "tuple",
                    "values": [
                        -0.057771437273834575,
                        0.02961081907578
                    ]
                },
                {
                    "type": "tuple",
                    "values": [
                        -0.0423547614283,
                        0.03198840199479
                    ]
                },
                {
                    "type": "tuple",
                    "values": [
                        -0.04424766233241,
                        0.04590579424222099
                    ]
                },
                {
                    "type": "tuple",
                    "values": [
                        -0.05001786986562,
                        0.04911269031375
                    ]
                },
                {
                    "type": "tuple",
                    "values": [
                        -0.048545903166488734,
                        0.048305521125542074
                    ]
                }
            ]
        },
        "model": null,
        "log_evidence": -43.47543147352492
    }
}