{
    "type": "instance",
    "class_path": "autofit.non_linear.samples.summary.SamplesSummary",
    "arguments": {
        "errors_at_sigma_1": {
            "type": "list",
            "values": [
                {
                    "type": "tuple",
                    "values": [
                        0.029956830215045284,
                        0.026402139397954855
                    ]
                },
                {
                    "type": "tuple",
                    "values": [
                        0.024063754367697185,
                        0.12835407486145528
                    ]
                },
                {
                    "type": "tuple",
                    "values": [
                        0.02721666336306436,
                        0.02460603374669
                    ]
                },
                {
                    "type": "tuple",
                    "values": [
                        0.023390508564570325,
                        0.02458361618430524
                    ]
                },
                {
                    "type": "tuple",
                    "values": [
                        0.029771723298121874,
                        0.03197020400178269
                    ]
                },
                {
                    "type": "tuple",
                    "values": [
                        0.040778854967539996,
                        0.03379090667252
                    ]
                }
            ]
        },
        "median_pdf_sample": {
            "type": "instance",
            "class_path": "autofit.non_linear.samples.sample.Sample",
            "arguments": {
                "log_likelihood": -10.243269853601896,
                "log_prior": 0.0,
                "weight": 0.0009741676201985455,
                "kwargs": {
                    "type": "dict",
                    "arguments": {
                        "ellipses.0.ell_comps.ell_comps_0": -0.05018889881282471,
                        "ellipses.0.ell_comps.ell_comps_1": -0.05253919766247067,
                        "multipoles.0.multipole_3.multipole_comps.multipole_comps_0": 0.00451592850549,
                        "multipoles.0.multipole_3.multipole_comps.multipole_comps_1": -0.01823145567019717,
                        "multipoles.0.multipole_4.multipole_comps.multipole_comps_0": -0.04045971075252597,
                        "multipoles.0.multipole_4.multipole_comps.multipole_comps_1": 0.02584317322378
                    }
                }
            }
        },
        "values_at_sigma_3": {
            "type": "list",
            "values": [
                {
                    "type": "tuple",
                    "values": [
                        -0.1792426361640586,
                        0.02064083197068
                    ]
                },
                {
                    "type": "tuple",
                    "values": [
                        -0.11092387854807233,
                        0.1381611144427838
                    ]
                },
                {
                    "type": "tuple",
                    "values": [
                        -0.07170691219677,
                        0.07696603133392532
                    ]
                },
                {
                    "type": "tuple",
                    "values": [
                        -0.09988445711257,
                        0.09448225796733235
                    ]
                },
                {
                    "type": "tuple",
                    "values": [
                        -0.09896404518957,
                        0.08470577622342
                    ]
                },
                {
                    "type": "tuple",
                    "values": [
                        -0.09249829580827643,
                        0.0976139865708621
                    ]
                }
            ]
        },
        "values_at_sigma_1": {
            "type": "list",
            "values": [
                {
                    "type": "tuple",
                    "values": [
                        -0.08014572902787,
                        -0.02378675941486986
                    ]
                },
                {
                    "type": "tuple",
                    "values": [
                        -0.07660295203016786,
                        0.07581487719898462
                    ]
                },
                {
                    "type": "tuple",
                    "values": [
                        -0.02270073485757436,
                        0.02912196225218
                    ]
                },
                {
                    "type": "tuple",
                    "values": [
                        -0.041621964234767495,
                        0.006352160514108073
                    ]
                },
                {
                    "type": "tuple",
                    "values": [
                        -0.07023143405064784,
                        -0.008489506750743284
                    ]
                },
                {
                    "type": "tuple",
                    "values": [
                        -0.01493568174376,
                        0.0596340798963
                    ]
                }
            ]
        },
        "model": null,
        "errors_at_sigma_3": {
            "type": "list",
            "values": [
                {
                    "type": "tuple",
                    "values": [
                        0.1290537373512339,
                        0.07082973078350471
                    ]
                },
                {
                    "type": "tuple",
                    "values": [
                        0.058384680885601656,
                        0.19070031210525448
                    ]
                },
                {
                    "type": "tuple",
                    "values": [
                        0.07622284070226,
                        0.07245010282843532
                    ]
                },
                {
                    "type": "tuple",
                    "values": [
                        0.08165300144237284,
                        0.11271371363752952
                    ]
                },
                {
                    "type": "tuple",
                    "values": [
                        0.05850433443704403,
                        0.12516548697594598
                    ]
                },
                {
                    "type": "tuple",
                    "values": [
                        0.11834146903205642,
                        0.0717708133470821
                    ]
                }
            ]
        },
        "max_log_likelihood_sample": {
            "type": "instance",
            "class_path": "autofit.non_linear.samples.sample.Sample",
            "arguments": {
                "log_likelihood": -10.243269853601896,
                "log_prior": 0.0,
                "weight": 0.0009741676201985455,
                "kwargs": {
                    "type": "dict",
                    "arguments": {
                        "ellipses.0.ell_comps.ell_comps_0": -0.05517806171955,
                        "ellipses.0.ell_comps.ell_comps_1": -0.05476457735915,
                        "multipoles.0.multipole_3.multipole_comps.multipole_comps_0": 0.00574118303682,
                        "multipoles.0.multipole_3.multipole_comps.multipole_comps_1": -0.02281575884757,
                        "multipoles.0.multipole_4.multipole_comps.multipole_comps_0": -0.04188200578471,
                        "multipoles.0.multipole_4.multipole_comps.multipole_comps_1": 0.02621419788948
                    }
                }
            }
        },
        "log_evidence": -23.061569508652486
    }
}