{
    "type": "instance",
    "class_path": "autofit.non_linear.samples.summary.SamplesSummary",
    "arguments": {
        "errors_at_sigma_1": {
            "type": "list",
            "values": [
                {
                    "type": "tuple",
                    "values": [
                        0.005038931305187008,
                        0.005530609081426472
                    ]
                },
                {
                    "type": "tuple",
                    "values": [
                        0.004306054766327769,
                        0.004004095158112252
                    ]
                }
            ]
        },
        "max_log_likelihood_sample": {
            "type": "instance",
            "class_path": "autofit.non_linear.samples.sample.Sample",
            "arguments": {
                "log_likelihood": -11.673733963729068,
                "log_prior": 0.0,
                "weight": 0.0009791260495334464,
                "kwargs": {
                    "type": "dict",
                    "arguments": {
                        "ellipses.0.ell_comps.ell_comps_0": -0.02966620623524,
                        "ellipses.0.ell_comps.ell_comps_1": -0.03733093306055
                    }
                }
            }
        },
        "model": null,
        "errors_at_sigma_3": {
            "type": "list",
            "values": [
                {
                    "type": "tuple",
                    "values": [
                        0.013338958205450373,
                        0.013636256420297112
                    ]
                },
                {
                    "type": "tuple",
                    "values": [
                        0.013801719929607749,
                        0.014627305792337675
                    ]
                }
            ]
        },
        "values_at_sigma_3": {
            "type": "list",
            "values": [
                {
                    "type": "tuple",
                    "values": [
                        -0.043566599986473366,
                        -0.01659138536072588
                    ]
                },
                {
                    "type": "tuple",
                    "values": [
                        -0.05165968801598,
                        -0.023230662294034574
                    ]
                }
            ]
        },
        "log_evidence": -20.940964647413637,
        "median_pdf_sample": {
            "type": "instance",
            "class_path": "autofit.non_linear.samples.sample.Sample",
            "arguments": {
                "log_likelihood": -11.673733963729068,
                "log_prior": 0.0,
                "weight": 0.0009791260495334464,
                "kwargs": {
                    "type": "dict",
                    "arguments": {
                        "ellipses.0.ell_comps.ell_comps_0": -0.030227641781022992,
                        "ellipses.0.ell_comps.ell_comps_1": -0.03785796808637225
                    }
                }
            }
        },
        "values_at_sigma_1": {
            "type": "list",
            "values": [
                {
                    "type": "tuple",
                    "values": [
                        -0.03526657308621,
                        -0.02469703269959652
                    ]
                },
                {
                    "type": "tuple",
                    "values": [
                        -0.04216402285270002,
                        -0.03385387292826
                    ]
                }
            ]
        }
    }
}