{
    "type": "instance",
    "class_path": "autofit.non_linear.samples.summary.SamplesSummary",
    "arguments": {
        "median_pdf_sample": {
            "type": "instance",
            "class_path": "autofit.non_linear.samples.sample.Sample",
            "arguments": {
                "log_likelihood": -23.816597711483418,
                "log_prior": 0.0,
                "weight": 0.0009861854577961472,
                "kwargs": {
                    "type": "dict",
                    "arguments": {
                        "ellipses.0.ell_comps.ell_comps_0": 0.02540440700818833,
                        "ellipses.0.ell_comps.ell_comps_1": 0.00480959199911623
                    }
                }
            }
        },
        "errors_at_sigma_1": {
            "type": "list",
            "values": [
                {
                    "type": "tuple",
                    "values": [
                        0.005940457230054128,
                        0.006358427501571673
                    ]
                },
                {
                    "type": "tuple",
                    "values": [
                        0.0070078085607338265,
                        0.006981131801743769
                    ]
                }
            ]
        },
        "values_at_sigma_1": {
            "type": "list",
            "values": [
                {
                    "type": "tuple",
                    "values": [
                        0.0194639497781342,
                        0.03176283450976
                    ]
                },
                {
                    "type": "tuple",
                    "values": [
                        -0.0021982165616175964,
                        0.01179072380086
                    ]
                }
            ]
        },
        "errors_at_sigma_3": {
            "type": "list",
            "values": [
                {
                    "type": "tuple",
                    "values": [
                        0.01409673794660833,
                        0.021230264662531674
                    ]
                },
                {
                    "type": "tuple",
                    "values": [
                        0.019450408989584056,
                        0.017890075949274904
                    ]
                }
            ]
        },
        "max_log_likelihood_sample": {
            "type": "instance",
            "class_path": "autofit.non_linear.samples.sample.Sample",
            "arguments": {
                "log_likelihood": -23.816597711483418,
                "log_prior": 0.0,
                "weight": 0.0009861854577961472,
                "kwargs": {
                    "type": "dict",
                    "arguments": {
                        "ellipses.0.ell_comps.ell_comps_0": 0.02314224511338,
                        "ellipses.0.ell_comps.ell_comps_1": 0.00445279750916
                    }
                }
            }
        },
        "log_evidence": -32.78133164714816,
        "model": null,
        "values_at_sigma_3": {
            "type": "list",
            "values": [
                {
                    "type": "tuple",
                    "values": [
                        0.01130766906158,
                        0.04663467167072
                    ]
                },
                {
                    "type": "tuple",
                    "values": [
                        -0.014640816990467825,
                        0.022699667948391133
                    ]
                }
            ]
        }
    }
}