{
    "type": "instance",
    "class_path": "autofit.non_linear.samples.summary.SamplesSummary",
    "arguments": {
        "errors_at_sigma_1": {
            "type": "list",
            "values": [
                {
                    "type": "tuple",
                    "values": [
                        0.003076658521437632,
                        0.002136030037704219
                    ]
                },
                {
                    "type": "tuple",
                    "values": [
                        0.001502683858962267,
                        0.0011760055735497155
                    ]
                }
            ]
        },
        "max_log_likelihood_sample": {
            "type": "instance",
            "class_path": "autofit.non_linear.samples.sample.Sample",
            "arguments": {
                "log_likelihood": -47.69352156630132,
                "log_prior": 0.0,
                "weight": 0.0009952590239976525,
                "kwargs": {
                    "type": "dict",
                    "arguments": {
                        "ellipses.0.ell_comps.ell_comps_0": -0.0353203757592,
                        "ellipses.0.ell_comps.ell_comps_1": -0.14101743531816
                    }
                }
            }
        },
        "model": null,
        "errors_at_sigma_3": {
            "type": "list",
            "values": [
                {
                    "type": "tuple",
                    "values": [
                        0.010386485112345148,
                        0.010260953921136289
                    ]
                },
                {
                    "type": "tuple",
                    "values": [
                        0.008332810289672116,
                        0.03076030696359533
                    ]
                }
            ]
        },
        "values_at_sigma_3": {
            "type": "list",
            "values": [
                {
                    "type": "tuple",
                    "values": [
                        -0.04722109312995887,
                        -0.026573654096477432
                    ]
                },
                {
                    "type": "tuple",
                    "values": [
                        -0.14943670867103,
                        -0.11034359141776257
                    ]
                }
            ]
        },
        "log_evidence": -59.35320727175294,
        "median_pdf_sample": {
            "type": "instance",
            "class_path": "autofit.non_linear.samples.sample.Sample",
            "arguments": {
                "log_likelihood": -47.69352156630132,
                "log_prior": 0.0,
                "weight": 0.0009952590239976525,
                "kwargs": {
                    "type": "dict",
                    "arguments": {
                        "ellipses.0.ell_comps.ell_comps_0": -0.03683460801761372,
                        "ellipses.0.ell_comps.ell_comps_1": -0.1411038983813579
                    }
                }
            }
        },
        "values_at_sigma_1": {
            "type": "list",
            "values": [
                {
                    "type": "tuple",
                    "values": [
                        -0.03991126653905135,
                        -0.0346985779799095
                    ]
                },
                {
                    "type": "tuple",
                    "values": [
                        -0.14260658224032016,
                        -0.13992789280780818
                    ]
                }
            ]
        }
    }
}