{
    "type": "instance",
    "class_path": "autofit.non_linear.samples.summary.SamplesSummary",
    "arguments": {
        "median_pdf_sample": {
            "type": "instance",
            "class_path": "autofit.non_linear.samples.sample.Sample",
            "arguments": {
                "log_likelihood": -26.59955370216484,
                "log_prior": 0.0,
                "weight": 0.0009888652358665355,
                "kwargs": {
                    "type": "dict",
                    "arguments": {
                        "ellipses.0.ell_comps.ell_comps_0": 0.0296221044563,
                        "ellipses.0.ell_comps.ell_comps_1": -0.03572824312522
                    }
                }
            }
        },
        "values_at_sigma_1": {
            "type": "list",
            "values": [
                {
                    "type": "tuple",
                    "values": [
                        0.0195420431405295,
                        0.035681274592065985
                    ]
                },
                {
                    "type": "tuple",
                    "values": [
                        -0.04498985645706,
                        -0.02897850997628556
                    ]
                }
            ]
        },
        "max_log_likelihood_sample": {
            "type": "instance",
            "class_path": "autofit.non_linear.samples.sample.Sample",
            "arguments": {
                "log_likelihood": -26.59955370216484,
                "log_prior": 0.0,
                "weight": 0.0009888652358665355,
                "kwargs": {
                    "type": "dict",
                    "arguments": {
                        "ellipses.0.ell_comps.ell_comps_0": 0.03403485561738,
                        "ellipses.0.ell_comps.ell_comps_1": -0.0322947203706
                    }
                }
            }
        },
        "model": null,
        "values_at_sigma_3": {
            "type": "list",
            "values": [
                {
                    "type": "tuple",
                    "values": [
                        0.002723363551795493,
                        0.044439156184829964
                    ]
                },
                {
                    "type": "tuple",
                    "values": [
                        -0.06509630459807,
                        -0.013336662749876356
                    ]
                }
            ]
        },
        "errors_at_sigma_1": {
            "type": "list",
            "values": [
                {
                    "type": "tuple",
                    "values": [
                        0.010080061315770501,
                        0.006059170135765984
                    ]
                },
                {
                    "type": "tuple",
                    "values": [
                        0.009261613331840002,
                        0.006749733148934442
                    ]
                }
            ]
        },
        "log_evidence": -36.343789263311905,
        "errors_at_sigma_3": {
            "type": "list",
            "values": [
                {
                    "type": "tuple",
                    "values": [
                        0.026898740904504507,
                        0.014817051728529963
                    ]
                },
                {
                    "type": "tuple",
                    "values": [
                        0.029368061472850003,
                        0.022391580375343646
                    ]
                }
            ]
        }
    }
}