{
    "type": "instance",
    "class_path": "autofit.non_linear.samples.summary.SamplesSummary",
    "arguments": {
        "median_pdf_sample": {
            "type": "instance",
            "class_path": "autofit.non_linear.samples.sample.Sample",
            "arguments": {
                "log_likelihood": -151.91405563584937,
                "log_prior": 0.0,
                "weight": 0.0008794057699933582,
                "kwargs": {
                    "type": "dict",
                    "arguments": {
                        "ellipses.ellipse_4.centre.centre_0": 0.0009459432404067247,
                        "ellipses.ellipse_4.centre.centre_1": -0.0005172089497800929,
                        "ellipses.ellipse_0.ell_comps.ell_comps_0": 0.03879855079996,
                        "ellipses.ellipse_0.ell_comps.ell_comps_1": -0.06342847338244292,
                        "multipoles.0.multipole_3.multipole_comps.multipole_comps_0": -0.00031723328076,
                        "multipoles.0.multipole_3.multipole_comps.multipole_comps_1": 0.00130911961298,
                        "multipoles.0.multipole_4.multipole_comps.multipole_comps_0": 0.002145431231992525,
                        "multipoles.0.multipole_4.multipole_comps.multipole_comps_1": -0.0004907893107050459,
                        "ellipses.ellipse_1.ell_comps.ell_comps_0": 0.05314598159896,
                        "ellipses.ellipse_1.ell_comps.ell_comps_1": -0.074787940281,
                        "multipoles.1.multipole_3.multipole_comps.multipole_comps_0": 0.00399545508388,
                        "multipoles.1.multipole_3.multipole_comps.multipole_comps_1": -0.00302317929429,
                        "multipoles.1.multipole_4.multipole_comps.multipole_comps_0": -0.00221440815634,
                        "multipoles.1.multipole_4.multipole_comps.multipole_comps_1": -0.00299596631044,
                        "ellipses.ellipse_2.ell_comps.ell_comps_0": 0.04759770116839,
                        "ellipses.ellipse_2.ell_comps.ell_comps_1": -0.07066229615939,
                        "multipoles.2.multipole_3.multipole_comps.multipole_comps_0": -0.00018731586063,
                        "multipoles.2.multipole_3.multipole_comps.multipole_comps_1": -0.003924317102601648,
                        "multipoles.2.multipole_4.multipole_comps.multipole_comps_0": 0.010190654972149655,
                        "multipoles.2.multipole_4.multipole_comps.multipole_comps_1": 0.00500161170188,
                        "ellipses.ellipse_3.ell_comps.ell_comps_0": 0.039505047522595024,
                        "ellipses.ellipse_3.ell_comps.ell_comps_1": -0.08533844042631,
                        "multipoles.3.multipole_3.multipole_comps.multipole_comps_0": 0.02318727726506883,
                        "multipoles.3.multipole_3.multipole_comps.multipole_comps_1": 0.013444996511872698,
                        "multipoles.3.multipole_4.multipole_comps.multipole_comps_0": 0.03708105433726,
                        "multipoles.3.multipole_4.multipole_comps.multipole_comps_1": 0.023245349007287454,
                        "ellipses.ellipse_4.ell_comps.ell_comps_0": 0.04651993205440856,
                        "ellipses.ellipse_4.ell_comps.ell_comps_1": -0.051440684489310134,
                        "multipoles.4.multipole_3.multipole_comps.multipole_comps_0": 0.0013377012505537988,
                        "multipoles.4.multipole_3.multipole_comps.multipole_comps_1": 0.03893987365061774,
                        "multipoles.4.multipole_4.multipole_comps.multipole_comps_0": -0.018682019043241824,
                        "multipoles.4.multipole_4.multipole_comps.multipole_comps_1": -0.013109452160095911
                    }
                }
            }
        },
        "errors_at_sigma_3": {
            "type": "list",
            "values": [
                {
                    "type": "tuple",
                    "values": [
                        0.0017582548320367246,
                        0.0017018779032210237
                    ]
                },
                {
                    "type": "tuple",
                    "values": [
                        0.0014490231756086542,
                        0.001219513230790093
                    ]
                },
                {
                    "type": "tuple",
                    "values": [
                        0.005886658555989972,
                        0.010697840638793248
                    ]
                },
                {
                    "type": "tuple",
                    "values": [
                        0.007635054217056958,
                        0.00790073285186823
                    ]
                },
                {
                    "type": "tuple",
                    "values": [
                        0.00211886663454,
                        0.0021341142438617757
                    ]
                },
                {
                    "type": "tuple",
                    "values": [
                        0.0023059840049970276,
                        0.0020961330928400005
                    ]
                },
                {
                    "type": "tuple",
                    "values": [
                        0.003396299424612525,
                        0.0022239611377797733
                    ]
                },
                {
                    "type": "tuple",
                    "values": [
                        0.002162429666974954,
                        0.002579352798325046
                    ]
                },
                {
                    "type": "tuple",
                    "values": [
                        0.007492371107540002,
                        0.0070558990778799985
                    ]
                },
                {
                    "type": "tuple",
                    "values": [
                        0.007815018193659998,
                        0.006569507945854758
                    ]
                },
                {
                    "type": "tuple",
                    "values": [
                        0.00829447543462,
                        0.005211440713699167
                    ]
                },
                {
                    "type": "tuple",
                    "values": [
                        0.00616281608922775,
                        0.005272921132525492
                    ]
                },
                {
                    "type": "tuple",
                    "values": [
                        0.0072413765273784255,
                        0.00744482391052
                    ]
                },
                {
                    "type": "tuple",
                    "values": [
                        0.00972163908612,
                        0.006943912743474441
                    ]
                },
                {
                    "type": "tuple",
                    "values": [
                        0.009733880765637096,
                        0.008417157606449038
                    ]
                },
                {
                    "type": "tuple",
                    "values": [
                        0.009386058155749999,
                        0.008093749864910668
                    ]
                },
                {
                    "type": "tuple",
                    "values": [
                        0.01641186838791,
                        0.014356677595001956
                    ]
                },
                {
                    "type": "tuple",
                    "values": [
                        0.011984593347604012,
                        0.012770983957121647
                    ]
                },
                {
                    "type": "tuple",
                    "values": [
                        0.021025553574654805,
                        0.019895656450952773
                    ]
                },
                {
                    "type": "tuple",
                    "values": [
                        0.0184429584298,
                        0.014817731005293199
                    ]
                },
                {
                    "type": "tuple",
                    "values": [
                        0.013078304639055023,
                        0.01283048522695411
                    ]
                },
                {
                    "type": "tuple",
                    "values": [
                        0.013812049056366016,
                        0.01150495414074
                    ]
                },
                {
                    "type": "tuple",
                    "values": [
                        0.03643903995374883,
                        0.03517021431446117
                    ]
                },
                {
                    "type": "tuple",
                    "values": [
                        0.053772865147222626,
                        0.04079307178696866
                    ]
                },
                {
                    "type": "tuple",
                    "values": [
                        0.04467023980508,
                        0.039145803351855885
                    ]
                },
                {
                    "type": "tuple",
                    "values": [
                        0.034954329177844884,
                        0.029278339585962543
                    ]
                },
                {
                    "type": "tuple",
                    "values": [
                        0.01518762187685787,
                        0.026816568313422634
                    ]
                },
                {
                    "type": "tuple",
                    "values": [
                        0.044727716633834014,
                        0.0066504992892416764
                    ]
                },
                {
                    "type": "tuple",
                    "values": [
                        0.033501011970887964,
                        0.0635714061828362
                    ]
                },
                {
                    "type": "tuple",
                    "values": [
                        0.03159559017894746,
                        0.043349121644594396
                    ]
                },
                {
                    "type": "tuple",
                    "values": [
                        0.04215235038955924,
                        0.08142387606216182
                    ]
                },
                {
                    "type": "tuple",
                    "values": [
                        0.06826527250800023,
                        0.03567161199475562
                    ]
                }
            ]
        },
        "values_at_sigma_3": {
            "type": "list",
            "values": [
                {
                    "type": "tuple",
                    "values": [
                        -0.00081231159163,
                        0.0026478211436277484
                    ]
                },
                {
                    "type": "tuple",
                    "values": [
                        -0.001966232125388747,
                        0.00070230428101
                    ]
                },
                {
                    "type": "tuple",
                    "values": [
                        0.03291189224397003,
                        0.04949639143875325
                    ]
                },
                {
                    "type": "tuple",
                    "values": [
                        -0.07106352759949988,
                        -0.055527740530574694
                    ]
                },
                {
                    "type": "tuple",
                    "values": [
                        -0.0024360999153,
                        0.001816880963101776
                    ]
                },
                {
                    "type": "tuple",
                    "values": [
                        -0.0009968643920170274,
                        0.00340525270582
                    ]
                },
                {
                    "type": "tuple",
                    "values": [
                        -0.00125086819262,
                        0.0043693923697722984
                    ]
                },
                {
                    "type": "tuple",
                    "values": [
                        -0.00265321897768,
                        0.00208856348762
                    ]
                },
                {
                    "type": "tuple",
                    "values": [
                        0.04565361049142,
                        0.06020188067684
                    ]
                },
                {
                    "type": "tuple",
                    "values": [
                        -0.08260295847466,
                        -0.06821843233514524
                    ]
                },
                {
                    "type": "tuple",
                    "values": [
                        -0.00429902035074,
                        0.009206895797579167
                    ]
                },
                {
                    "type": "tuple",
                    "values": [
                        -0.00918599538351775,
                        0.002249741838235492
                    ]
                },
                {
                    "type": "tuple",
                    "values": [
                        -0.009455784683718426,
                        0.00523041575418
                    ]
                },
                {
                    "type": "tuple",
                    "values": [
                        -0.01271760539656,
                        0.003947946433034441
                    ]
                },
                {
                    "type": "tuple",
                    "values": [
                        0.03786382040275291,
                        0.05601485877483904
                    ]
                },
                {
                    "type": "tuple",
                    "values": [
                        -0.08004835431514,
                        -0.06256854629447933
                    ]
                },
                {
                    "type": "tuple",
                    "values": [
                        -0.01659918424854,
                        0.014169361734371956
                    ]
                },
                {
                    "type": "tuple",
                    "values": [
                        -0.01590891045020566,
                        0.00884666685452
                    ]
                },
                {
                    "type": "tuple",
                    "values": [
                        -0.010834898602505152,
                        0.03008631142310243
                    ]
                },
                {
                    "type": "tuple",
                    "values": [
                        -0.01344134672792,
                        0.0198193427071732
                    ]
                },
                {
                    "type": "tuple",
                    "values": [
                        0.02642674288354,
                        0.052335532749549135
                    ]
                },
                {
                    "type": "tuple",
                    "values": [
                        -0.09915048948267602,
                        -0.07383348628557
                    ]
                },
                {
                    "type": "tuple",
                    "values": [
                        -0.01325176268868,
                        0.05835749157953
                    ]
                },
                {
                    "type": "tuple",
                    "values": [
                        -0.04032786863534993,
                        0.054238068298841355
                    ]
                },
                {
                    "type": "tuple",
                    "values": [
                        -0.00758918546782,
                        0.07622685768911588
                    ]
                },
                {
                    "type": "tuple",
                    "values": [
                        -0.011708980170557434,
                        0.05252368859325
                    ]
                },
                {
                    "type": "tuple",
                    "values": [
                        0.03133231017755069,
                        0.0733365003678312
                    ]
                },
                {
                    "type": "tuple",
                    "values": [
                        -0.09616840112314415,
                        -0.04479018520006846
                    ]
                },
                {
                    "type": "tuple",
                    "values": [
                        -0.03216331072033417,
                        0.06490910743339
                    ]
                },
                {
                    "type": "tuple",
                    "values": [
                        0.007344283471670277,
                        0.08228899529521214
                    ]
                },
                {
                    "type": "tuple",
                    "values": [
                        -0.06083436943280106,
                        0.06274185701892
                    ]
                },
                {
                    "type": "tuple",
                    "values": [
                        -0.08137472466809614,
                        0.022562159834659704
                    ]
                }
            ]
        },
        "values_at_sigma_1": {
            "type": "list",
            "values": [
                {
                    "type": "tuple",
                    "values": [
                        0.00031982267520990523,
                        0.00153864667351
                    ]
                },
                {
                    "type": "tuple",
                    "values": [
                        -0.00094423890174,
                        -9.935914322e-05
                    ]
                },
                {
                    "type": "tuple",
                    "values": [
                        0.036595257556849205,
                        0.04177757495604
                    ]
                },
                {
                    "type": "tuple",
                    "values": [
                        -0.06599014184395528,
                        -0.060670201524553734
                    ]
                },
                {
                    "type": "tuple",
                    "values": [
                        -0.0009588967625089169,
                        0.00031409031958612557
                    ]
                },
                {
                    "type": "tuple",
                    "values": [
                        0.00050701802049,
                        0.00203984046545
                    ]
                },
                {
                    "type": "tuple",
                    "values": [
                        0.00129749684148,
                        0.0029775167077019
                    ]
                },
                {
                    "type": "tuple",
                    "values": [
                        -0.00123064017173,
                        0.00025786027387
                    ]
                },
                {
                    "type": "tuple",
                    "values": [
                        0.051240395091933254,
                        0.05513643012429774
                    ]
                },
                {
                    "type": "tuple",
                    "values": [
                        -0.07699914052870725,
                        -0.0724406548781799
                    ]
                },
                {
                    "type": "tuple",
                    "values": [
                        0.00209875792745,
                        0.00593047219467
                    ]
                },
                {
                    "type": "tuple",
                    "values": [
                        -0.00501726331942,
                        -0.00129363438003
                    ]
                },
                {
                    "type": "tuple",
                    "values": [
                        -0.00483738969637508,
                        0.0001397053579
                    ]
                },
                {
                    "type": "tuple",
                    "values": [
                        -0.0057864662657468,
                        -0.0005420936069185266
                    ]
                },
                {
                    "type": "tuple",
                    "values": [
                        0.04451937774638,
                        0.05095373459187
                    ]
                },
                {
                    "type": "tuple",
                    "values": [
                        -0.0736686009320496,
                        -0.06755809406105
                    ]
                },
                {
                    "type": "tuple",
                    "values": [
                        -0.00615305830569564,
                        0.00554792413829
                    ]
                },
                {
                    "type": "tuple",
                    "values": [
                        -0.007916928788926015,
                        0.001197710486735716
                    ]
                },
                {
                    "type": "tuple",
                    "values": [
                        0.00408195640775,
                        0.01583619681537687
                    ]
                },
                {
                    "type": "tuple",
                    "values": [
                        -0.00045226419203594733,
                        0.01042142032947
                    ]
                },
                {
                    "type": "tuple",
                    "values": [
                        0.034254476529138704,
                        0.04457468504201
                    ]
                },
                {
                    "type": "tuple",
                    "values": [
                        -0.09392075471466971,
                        -0.08082309940867798
                    ]
                },
                {
                    "type": "tuple",
                    "values": [
                        0.009962875845148088,
                        0.03447478007219
                    ]
                },
                {
                    "type": "tuple",
                    "values": [
                        -0.00210915520849,
                        0.029030806995793624
                    ]
                },
                {
                    "type": "tuple",
                    "values": [
                        0.022894999501279233,
                        0.05460631884468
                    ]
                },
                {
                    "type": "tuple",
                    "values": [
                        0.01053098705812,
                        0.03708080335843077
                    ]
                },
                {
                    "type": "tuple",
                    "values": [
                        0.041522195372202024,
                        0.04910793152079
                    ]
                },
                {
                    "type": "tuple",
                    "values": [
                        -0.053809569317899875,
                        -0.049319533477790944
                    ]
                },
                {
                    "type": "tuple",
                    "values": [
                        -0.011518335837302022,
                        0.012752518456964288
                    ]
                },
                {
                    "type": "tuple",
                    "values": [
                        0.027315458123565086,
                        0.05403549225504412
                    ]
                },
                {
                    "type": "tuple",
                    "values": [
                        -0.03140268008045,
                        -0.0036834803235597717
                    ]
                },
                {
                    "type": "tuple",
                    "values": [
                        -0.04242077724173351,
                        -5.6685830948672944e-05
                    ]
                }
            ]
        },
        "model": null,
        "errors_at_sigma_1": {
            "type": "list",
            "values": [
                {
                    "type": "tuple",
                    "values": [
                        0.0006261205651968194,
                        0.0005927034331032753
                    ]
                },
                {
                    "type": "tuple",
                    "values": [
                        0.00042702995195990706,
                        0.0004178498065600929
                    ]
                },
                {
                    "type": "tuple",
                    "values": [
                        0.0022032932431107974,
                        0.00297902415608
                    ]
                },
                {
                    "type": "tuple",
                    "values": [
                        0.002561668461512359,
                        0.00275827185788919
                    ]
                },
                {
                    "type": "tuple",
                    "values": [
                        0.0006416634817489169,
                        0.0006313236003461255
                    ]
                },
                {
                    "type": "tuple",
                    "values": [
                        0.0008021015924899999,
                        0.00073072085247
                    ]
                },
                {
                    "type": "tuple",
                    "values": [
                        0.0008479343905125252,
                        0.0008320854757093749
                    ]
                },
                {
                    "type": "tuple",
                    "values": [
                        0.0007398508610249541,
                        0.0007486495845750459
                    ]
                },
                {
                    "type": "tuple",
                    "values": [
                        0.0019055865070267478,
                        0.0019904485253377374
                    ]
                },
                {
                    "type": "tuple",
                    "values": [
                        0.002211200247707254,
                        0.0023472854028201012
                    ]
                },
                {
                    "type": "tuple",
                    "values": [
                        0.0018966971564300002,
                        0.0019350171107899994
                    ]
                },
                {
                    "type": "tuple",
                    "values": [
                        0.00199408402513,
                        0.00172954491426
                    ]
                },
                {
                    "type": "tuple",
                    "values": [
                        0.00262298154003508,
                        0.00235411351424
                    ]
                },
                {
                    "type": "tuple",
                    "values": [
                        0.0027904999553068,
                        0.0024538727035214735
                    ]
                },
                {
                    "type": "tuple",
                    "values": [
                        0.003078323422010004,
                        0.0033560334234799954
                    ]
                },
                {
                    "type": "tuple",
                    "values": [
                        0.0030063047726596043,
                        0.003104202098340003
                    ]
                },
                {
                    "type": "tuple",
                    "values": [
                        0.00596574244506564,
                        0.00573523999892
                    ]
                },
                {
                    "type": "tuple",
                    "values": [
                        0.003992611686324367,
                        0.005122027589337364
                    ]
                },
                {
                    "type": "tuple",
                    "values": [
                        0.006108698564399655,
                        0.005645541843227216
                    ]
                },
                {
                    "type": "tuple",
                    "values": [
                        0.005453875893915947,
                        0.005419808627590001
                    ]
                },
                {
                    "type": "tuple",
                    "values": [
                        0.00525057099345632,
                        0.005069637519414978
                    ]
                },
                {
                    "type": "tuple",
                    "values": [
                        0.008582314288359705,
                        0.004515341017632027
                    ]
                },
                {
                    "type": "tuple",
                    "values": [
                        0.013224401419920742,
                        0.01128750280712117
                    ]
                },
                {
                    "type": "tuple",
                    "values": [
                        0.015554151720362699,
                        0.015585810483920926
                    ]
                },
                {
                    "type": "tuple",
                    "values": [
                        0.014186054835980767,
                        0.01752526450742
                    ]
                },
                {
                    "type": "tuple",
                    "values": [
                        0.012714361949167453,
                        0.013835454351143313
                    ]
                },
                {
                    "type": "tuple",
                    "values": [
                        0.004997736682206537,
                        0.002587999466381441
                    ]
                },
                {
                    "type": "tuple",
                    "values": [
                        0.00236888482858974,
                        0.00212115101151919
                    ]
                },
                {
                    "type": "tuple",
                    "values": [
                        0.01285603708785582,
                        0.01141481720641049
                    ]
                },
                {
                    "type": "tuple",
                    "values": [
                        0.011624415527052654,
                        0.015095618604426382
                    ]
                },
                {
                    "type": "tuple",
                    "values": [
                        0.012720661037208179,
                        0.014998538719682052
                    ]
                },
                {
                    "type": "tuple",
                    "values": [
                        0.0293113250816376,
                        0.013052766329147238
                    ]
                }
            ]
        },
        "log_evidence": -233.06021118565562,
        "max_log_likelihood_sample": {
            "type": "instance",
            "class_path": "autofit.non_linear.samples.sample.Sample",
            "arguments": {
                "log_likelihood": -151.91405563584937,
                "log_prior": 0.0,
                "weight": 0.0008794057699933582,
                "kwargs": {
                    "type": "dict",
                    "arguments": {
                        "ellipses.ellipse_4.centre.centre_0": 0.00155124463665,
                        "ellipses.ellipse_4.centre.centre_1": -5.822118322e-05,
                        "ellipses.ellipse_0.ell_comps.ell_comps_0": 0.03930110439125,
                        "ellipses.ellipse_0.ell_comps.ell_comps_1": -0.06355199123251,
                        "multipoles.0.multipole_3.multipole_comps.multipole_comps_0": -0.00036480847643,
                        "multipoles.0.multipole_3.multipole_comps.multipole_comps_1": 0.0011932611479,
                        "multipoles.0.multipole_4.multipole_comps.multipole_comps_0": 0.00132097495734,
                        "multipoles.0.multipole_4.multipole_comps.multipole_comps_1": -0.00030845367858,
                        "ellipses.ellipse_1.ell_comps.ell_comps_0": 0.05625157814986,
                        "ellipses.ellipse_1.ell_comps.ell_comps_1": -0.0768831368902,
                        "multipoles.1.multipole_3.multipole_comps.multipole_comps_0": 0.0041555935846,
                        "multipoles.1.multipole_3.multipole_comps.multipole_comps_1": -0.00175039296451,
                        "multipoles.1.multipole_4.multipole_comps.multipole_comps_0": 0.00015900453988,
                        "multipoles.1.multipole_4.multipole_comps.multipole_comps_1": -0.00209472735989,
                        "ellipses.ellipse_2.ell_comps.ell_comps_0": 0.04402332649907,
                        "ellipses.ellipse_2.ell_comps.ell_comps_1": -0.06693683165372,
                        "multipoles.2.multipole_3.multipole_comps.multipole_comps_0": 0.0039740320252,
                        "multipoles.2.multipole_3.multipole_comps.multipole_comps_1": -0.00494330078351,
                        "multipoles.2.multipole_4.multipole_comps.multipole_comps_0": 0.00821971501171,
                        "multipoles.2.multipole_4.multipole_comps.multipole_comps_1": -0.00810336260933,
                        "ellipses.ellipse_3.ell_comps.ell_comps_0": 0.04250088329744,
                        "ellipses.ellipse_3.ell_comps.ell_comps_1": -0.08188546848221,
                        "multipoles.3.multipole_3.multipole_comps.multipole_comps_0": 0.02818012656723,
                        "multipoles.3.multipole_3.multipole_comps.multipole_comps_1": -0.00024610676983,
                        "multipoles.3.multipole_4.multipole_comps.multipole_comps_0": 0.01610936358918,
                        "multipoles.3.multipole_4.multipole_comps.multipole_comps_1": 0.02479831140404,
                        "ellipses.ellipse_4.ell_comps.ell_comps_0": 0.04678842026118,
                        "ellipses.ellipse_4.ell_comps.ell_comps_1": -0.05141617894726,
                        "multipoles.4.multipole_3.multipole_comps.multipole_comps_0": -0.0004017063796,
                        "multipoles.4.multipole_3.multipole_comps.multipole_comps_1": 0.03337399237478,
                        "multipoles.4.multipole_4.multipole_comps.multipole_comps_0": -0.02145974440008,
                        "multipoles.4.multipole_4.multipole_comps.multipole_comps_1": -0.00299730344757
                    }
                }
            }
        }
    }
}