{
    "type": "instance",
    "class_path": "autofit.non_linear.samples.summary.SamplesSummary",
    "arguments": {
        "model": null,
        "errors_at_sigma_1": {
            "type": "list",
            "values": [
                {
                    "type": "tuple",
                    "values": [
                        0.003253511759565217,
                        0.010058923462066063
                    ]
                },
                {
                    "type": "tuple",
                    "values": [
                        0.01542621580575726,
                        0.00612559630713274
                    ]
                }
            ]
        },
        "log_evidence": -62.487960777137566,
        "errors_at_sigma_3": {
            "type": "list",
            "values": [
                {
                    "type": "tuple",
                    "values": [
                        0.010529516352442175,
                        0.05090555042900606
                    ]
                },
                {
                    "type": "tuple",
                    "values": [
                        0.02195638882681178,
                        0.04411877967621675
                    ]
                }
            ]
        },
        "median_pdf_sample": {
            "type": "instance",
            "class_path": "autofit.non_linear.samples.sample.Sample",
            "arguments": {
                "log_likelihood": -52.523852186300665,
                "log_prior": 0.0,
                "weight": 0.0010087700741838745,
                "kwargs": {
                    "type": "dict",
                    "arguments": {
                        "ellipses.0.ell_comps.ell_comps_0": -0.09487377171754606,
                        "ellipses.0.ell_comps.ell_comps_1": 0.05462441832859726
                    }
                }
            }
        },
        "max_log_likelihood_sample": {
            "type": "instance",
            "class_path": "autofit.non_linear.samples.sample.Sample",
            "arguments": {
                "log_likelihood": -52.523852186300665,
                "log_prior": 0.0,
                "weight": 0.0010087700741838745,
                "kwargs": {
                    "type": "dict",
                    "arguments": {
                        "ellipses.0.ell_comps.ell_comps_0": -0.0942157379766,
                        "ellipses.0.ell_comps.ell_comps_1": 0.03658722048786
                    }
                }
            }
        },
        "values_at_sigma_1": {
            "type": "list",
            "values": [
                {
                    "type": "tuple",
                    "values": [
                        -0.09812728347711128,
                        -0.08481484825548
                    ]
                },
                {
                    "type": "tuple",
                    "values": [
                        0.03919820252284,
                        0.06075001463573
                    ]
                }
            ]
        },
        "values_at_sigma_3": {
            "type": "list",
            "values": [
                {
                    "type": "tuple",
                    "values": [
                        -0.10540328806998824,
                        -0.04396822128854
                    ]
                },
                {
                    "type": "tuple",
                    "values": [
                        0.03266802950178548,
                        0.09874319800481401
                    ]
                }
            ]
        }
    }
}