{
    "type": "instance",
    "class_path": "autofit.non_linear.samples.summary.SamplesSummary",
    "arguments": {
        "model": null,
        "errors_at_sigma_1": {
            "type": "list",
            "values": [
                {
                    "type": "tuple",
                    "values": [
                        0.004448828168080857,
                        0.003292536999173701
                    ]
                },
                {
                    "type": "tuple",
                    "values": [
                        0.004497110069769175,
                        0.00476812226239591
                    ]
                },
                {
                    "type": "tuple",
                    "values": [
                        0.006093349936583834,
                        0.006326960420454981
                    ]
                },
                {
                    "type": "tuple",
                    "values": [
                        0.00517216553157801,
                        0.005629772190985243
                    ]
                },
                {
                    "type": "tuple",
                    "values": [
                        0.006674844432077068,
                        0.006569534772030001
                    ]
                },
                {
                    "type": "tuple",
                    "values": [
                        0.006030050285993253,
                        0.006048931059146745
                    ]
                },
                {
                    "type": "tuple",
                    "values": [
                        0.00691397122745001,
                        0.006741124813538425
                    ]
                },
                {
                    "type": "tuple",
                    "values": [
                        0.007117588315700805,
                        0.006221554120102781
                    ]
                }
            ]
        },
        "median_pdf_sample": {
            "type": "instance",
            "class_path": "autofit.non_linear.samples.sample.Sample",
            "arguments": {
                "log_likelihood": -19.798736396833466,
                "log_prior": 0.0,
                "weight": 0.001009840474611804,
                "kwargs": {
                    "type": "dict",
                    "arguments": {
                        "ellipses.0.ell_comps.ell_comps_0": -0.09265882676114519,
                        "ellipses.0.ell_comps.ell_comps_1": 0.04429567398760409,
                        "multipoles.0.multipole_1.multipole_comps.multipole_comps_0": 0.0034771288824394287,
                        "multipoles.0.multipole_1.multipole_comps.multipole_comps_1": -0.00021254572319723129,
                        "multipoles.0.multipole_3.multipole_comps.multipole_comps_0": 0.00645062834226,
                        "multipoles.0.multipole_3.multipole_comps.multipole_comps_1": -0.00668838436084,
                        "multipoles.0.multipole_4.multipole_comps.multipole_comps_0": -0.007051474030530953,
                        "multipoles.0.multipole_4.multipole_comps.multipole_comps_1": 0.0015758290593391165
                    }
                }
            }
        },
        "errors_at_sigma_3": {
            "type": "list",
            "values": [
                {
                    "type": "tuple",
                    "values": [
                        0.014554316117794813,
                        0.010832542041085386
                    ]
                },
                {
                    "type": "tuple",
                    "values": [
                        0.012388999275493355,
                        0.01361472017543551
                    ]
                },
                {
                    "type": "tuple",
                    "values": [
                        0.01835931477329059,
                        0.021295823551789085
                    ]
                },
                {
                    "type": "tuple",
                    "values": [
                        0.01660075035307455,
                        0.015234537995727231
                    ]
                },
                {
                    "type": "tuple",
                    "values": [
                        0.020110418533379998,
                        0.01956955616134
                    ]
                },
                {
                    "type": "tuple",
                    "values": [
                        0.021126506947935064,
                        0.017164465813892162
                    ]
                },
                {
                    "type": "tuple",
                    "values": [
                        0.019187243050343868,
                        0.017962336157599484
                    ]
                },
                {
                    "type": "tuple",
                    "values": [
                        0.01892465287625507,
                        0.02143924635497088
                    ]
                }
            ]
        },
        "log_evidence": -45.79453192943123,
        "max_log_likelihood_sample": {
            "type": "instance",
            "class_path": "autofit.non_linear.samples.sample.Sample",
            "arguments": {
                "log_likelihood": -19.798736396833466,
                "log_prior": 0.0,
                "weight": 0.001009840474611804,
                "kwargs": {
                    "type": "dict",
                    "arguments": {
                        "ellipses.0.ell_comps.ell_comps_0": -0.09370511111666,
                        "ellipses.0.ell_comps.ell_comps_1": 0.04284729806817,
                        "multipoles.0.multipole_1.multipole_comps.multipole_comps_0": 0.00266342321153,
                        "multipoles.0.multipole_1.multipole_comps.multipole_comps_1": -0.00076088729676,
                        "multipoles.0.multipole_3.multipole_comps.multipole_comps_0": 0.00883419046832,
                        "multipoles.0.multipole_3.multipole_comps.multipole_comps_1": -0.0091219852573,
                        "multipoles.0.multipole_4.multipole_comps.multipole_comps_0": -0.00542751086816,
                        "multipoles.0.multipole_4.multipole_comps.multipole_comps_1": -0.00296578682226
                    }
                }
            }
        },
        "values_at_sigma_3": {
            "type": "list",
            "values": [
                {
                    "type": "tuple",
                    "values": [
                        -0.10721314287894,
                        -0.0818262847200598
                    ]
                },
                {
                    "type": "tuple",
                    "values": [
                        0.031906674712110734,
                        0.0579103941630396
                    ]
                },
                {
                    "type": "tuple",
                    "values": [
                        -0.014882185890851161,
                        0.024772952434228515
                    ]
                },
                {
                    "type": "tuple",
                    "values": [
                        -0.016813296076271782,
                        0.01502199227253
                    ]
                },
                {
                    "type": "tuple",
                    "values": [
                        -0.01365979019112,
                        0.0260201845036
                    ]
                },
                {
                    "type": "tuple",
                    "values": [
                        -0.027814891308775062,
                        0.010476081453052163
                    ]
                },
                {
                    "type": "tuple",
                    "values": [
                        -0.026238717080874822,
                        0.01091086212706853
                    ]
                },
                {
                    "type": "tuple",
                    "values": [
                        -0.01734882381691595,
                        0.02301507541431
                    ]
                }
            ]
        },
        "values_at_sigma_1": {
            "type": "list",
            "values": [
                {
                    "type": "tuple",
                    "values": [
                        -0.09710765492922604,
                        -0.08936628976197149
                    ]
                },
                {
                    "type": "tuple",
                    "values": [
                        0.039798563917834914,
                        0.04906379625
                    ]
                },
                {
                    "type": "tuple",
                    "values": [
                        -0.0026162210541444053,
                        0.00980408930289441
                    ]
                },
                {
                    "type": "tuple",
                    "values": [
                        -0.005384711254775241,
                        0.005417226467788012
                    ]
                },
                {
                    "type": "tuple",
                    "values": [
                        -0.0002242160898170676,
                        0.01302016311429
                    ]
                },
                {
                    "type": "tuple",
                    "values": [
                        -0.012718434646833253,
                        -0.0006394533016932545
                    ]
                },
                {
                    "type": "tuple",
                    "values": [
                        -0.013965445257980963,
                        -0.0003103492169925275
                    ]
                },
                {
                    "type": "tuple",
                    "values": [
                        -0.005541759256361688,
                        0.007797383179441897
                    ]
                }
            ]
        }
    }
}