{
    "type": "instance",
    "class_path": "autofit.non_linear.samples.summary.SamplesSummary",
    "arguments": {
        "errors_at_sigma_3": {
            "type": "list",
            "values": [
                {
                    "type": "tuple",
                    "values": [
                        0.027439913086395977,
                        0.019512441066173072
                    ]
                },
                {
                    "type": "tuple",
                    "values": [
                        0.017006560384543,
                        0.016571207877848645
                    ]
                },
                {
                    "type": "tuple",
                    "values": [
                        0.050148948559946435,
                        0.04371589937907
                    ]
                },
                {
                    "type": "tuple",
                    "values": [
                        0.034858284904075616,
                        0.04178061518533345
                    ]
                },
                {
                    "type": "tuple",
                    "values": [
                        0.056529831698435715,
                        0.05312147655751416
                    ]
                },
                {
                    "type": "tuple",
                    "values": [
                        0.05580921217045104,
                        0.05184806626189897
                    ]
                }
            ]
        },
        "errors_at_sigma_1": {
            "type": "list",
            "values": [
                {
                    "type": "tuple",
                    "values": [
                        0.009349219777120086,
                        0.007889265161534023
                    ]
                },
                {
                    "type": "tuple",
                    "values": [
                        0.005342266953478114,
                        0.009208653693627
                    ]
                },
                {
                    "type": "tuple",
                    "values": [
                        0.014987655340789965,
                        0.01609132587308
                    ]
                },
                {
                    "type": "tuple",
                    "values": [
                        0.014251184265160349,
                        0.01755107662746841
                    ]
                },
                {
                    "type": "tuple",
                    "values": [
                        0.01802228918209571,
                        0.025343120785437823
                    ]
                },
                {
                    "type": "tuple",
                    "values": [
                        0.018641643463111035,
                        0.014194550593078965
                    ]
                }
            ]
        },
        "values_at_sigma_3": {
            "type": "list",
            "values": [
                {
                    "type": "tuple",
                    "values": [
                        -0.0120391242654,
                        0.03491322988716905
                    ]
                },
                {
                    "type": "tuple",
                    "values": [
                        -0.10212953774202,
                        -0.06855176947962835
                    ]
                },
                {
                    "type": "tuple",
                    "values": [
                        -0.036710085620486436,
                        0.05715476231853
                    ]
                },
                {
                    "type": "tuple",
                    "values": [
                        -0.026538675091235617,
                        0.05010022499817345
                    ]
                },
                {
                    "type": "tuple",
                    "values": [
                        -0.06926603277988,
                        0.040385275476069876
                    ]
                },
                {
                    "type": "tuple",
                    "values": [
                        -0.02654160381733,
                        0.08111567461502
                    ]
                }
            ]
        },
        "values_at_sigma_1": {
            "type": "list",
            "values": [
                {
                    "type": "tuple",
                    "values": [
                        0.006051569043875891,
                        0.02329005398253
                    ]
                },
                {
                    "type": "tuple",
                    "values": [
                        -0.09046524431095511,
                        -0.07591432366385
                    ]
                },
                {
                    "type": "tuple",
                    "values": [
                        -0.001548792401329964,
                        0.02953018881254
                    ]
                },
                {
                    "type": "tuple",
                    "values": [
                        -0.005931574452320348,
                        0.025870686440308408
                    ]
                },
                {
                    "type": "tuple",
                    "values": [
                        -0.03075849026354,
                        0.012606919703993535
                    ]
                },
                {
                    "type": "tuple",
                    "values": [
                        0.01062596489001,
                        0.0434621589462
                    ]
                }
            ]
        },
        "log_evidence": -45.838887704305264,
        "median_pdf_sample": {
            "type": "instance",
            "class_path": "autofit.non_linear.samples.sample.Sample",
            "arguments": {
                "log_likelihood": -29.41136317230965,
                "log_prior": 0.0,
                "weight": 0.0009743690361381337,
                "kwargs": {
                    "type": "dict",
                    "arguments": {
                        "ellipses.0.ell_comps.ell_comps_0": 0.015400788820995976,
                        "ellipses.0.ell_comps.ell_comps_1": -0.085122977357477,
                        "multipoles.0.multipole_3.multipole_comps.multipole_comps_0": 0.01343886293946,
                        "multipoles.0.multipole_3.multipole_comps.multipole_comps_1": 0.00831960981284,
                        "multipoles.0.multipole_4.multipole_comps.multipole_comps_0": -0.012736201081444288,
                        "multipoles.0.multipole_4.multipole_comps.multipole_comps_1": 0.029267608353121036
                    }
                }
            }
        },
        "max_log_likelihood_sample": {
            "type": "instance",
            "class_path": "autofit.non_linear.samples.sample.Sample",
            "arguments": {
                "log_likelihood": -29.41136317230965,
                "log_prior": 0.0,
                "weight": 0.0009743690361381337,
                "kwargs": {
                    "type": "dict",
                    "arguments": {
                        "ellipses.0.ell_comps.ell_comps_0": 0.01140041398658,
                        "ellipses.0.ell_comps.ell_comps_1": -0.08880119565586,
                        "multipoles.0.multipole_3.multipole_comps.multipole_comps_0": 0.01571044111102,
                        "multipoles.0.multipole_3.multipole_comps.multipole_comps_1": 0.00843187682813,
                        "multipoles.0.multipole_4.multipole_comps.multipole_comps_0": -0.01547768814643,
                        "multipoles.0.multipole_4.multipole_comps.multipole_comps_1": 0.03367396761408
                    }
                }
            }
        },
        "model": null
    }
}