{
    "type": "instance",
    "class_path": "autofit.non_linear.samples.summary.SamplesSummary",
    "arguments": {
        "log_evidence": -73.92881655563274,
        "errors_at_sigma_1": {
            "type": "list",
            "values": [
                {
                    "type": "tuple",
                    "values": [
                        0.0022691688507539137,
                        0.002358466845772733
                    ]
                },
                {
                    "type": "tuple",
                    "values": [
                        0.0035088295502599953,
                        0.0018218015869899962
                    ]
                }
            ]
        },
        "values_at_sigma_1": {
            "type": "list",
            "values": [
                {
                    "type": "tuple",
                    "values": [
                        0.08321654689146,
                        0.08784418258798665
                    ]
                },
                {
                    "type": "tuple",
                    "values": [
                        0.19862502328358,
                        0.20395565442083
                    ]
                }
            ]
        },
        "values_at_sigma_3": {
            "type": "list",
            "values": [
                {
                    "type": "tuple",
                    "values": [
                        0.0795327625262,
                        0.09243728061321368
                    ]
                },
                {
                    "type": "tuple",
                    "values": [
                        0.18997801472427633,
                        0.20834972759038
                    ]
                }
            ]
        },
        "errors_at_sigma_3": {
            "type": "list",
            "values": [
                {
                    "type": "tuple",
                    "values": [
                        0.005952953216013926,
                        0.006951564870999766
                    ]
                },
                {
                    "type": "tuple",
                    "values": [
                        0.012155838109563666,
                        0.006215874756540007
                    ]
                }
            ]
        },
        "max_log_likelihood_sample": {
            "type": "instance",
            "class_path": "autofit.non_linear.samples.sample.Sample",
            "arguments": {
                "log_likelihood": -62.96898363777048,
                "log_prior": 0.0,
                "weight": 0.0009839189126132405,
                "kwargs": {
                    "type": "dict",
                    "arguments": {
                        "ellipses.0.ell_comps.ell_comps_0": 0.08599485884063,
                        "ellipses.0.ell_comps.ell_comps_1": 0.20213385283384
                    }
                }
            }
        },
        "model": null,
        "median_pdf_sample": {
            "type": "instance",
            "class_path": "autofit.non_linear.samples.sample.Sample",
            "arguments": {
                "log_likelihood": -62.96898363777048,
                "log_prior": 0.0,
                "weight": 0.0009839189126132405,
                "kwargs": {
                    "type": "dict",
                    "arguments": {
                        "ellipses.0.ell_comps.ell_comps_0": 0.08548571574221392,
                        "ellipses.0.ell_comps.ell_comps_1": 0.20213385283384
                    }
                }
            }
        }
    }
}