{
    "type": "instance",
    "class_path": "autofit.non_linear.samples.summary.SamplesSummary",
    "arguments": {
        "errors_at_sigma_1": {
            "type": "list",
            "values": [
                {
                    "type": "tuple",
                    "values": [
                        0.003182327612358274,
                        0.0034251841486817175
                    ]
                },
                {
                    "type": "tuple",
                    "values": [
                        0.0023052175515231865,
                        0.005730870722229997
                    ]
                },
                {
                    "type": "tuple",
                    "values": [
                        0.02996430738344817,
                        0.03366726403810612
                    ]
                },
                {
                    "type": "tuple",
                    "values": [
                        0.022694381521602906,
                        0.023060605169357352
                    ]
                },
                {
                    "type": "tuple",
                    "values": [
                        0.060119542103241067,
                        0.01738491973998
                    ]
                },
                {
                    "type": "tuple",
                    "values": [
                        0.03408052293895271,
                        0.027720717389959768
                    ]
                },
                {
                    "type": "tuple",
                    "values": [
                        0.021056206074598013,
                        0.02304230935961199
                    ]
                },
                {
                    "type": "tuple",
                    "values": [
                        0.042274559777050004,
                        0.04470907642902982
                    ]
                }
            ]
        },
        "median_pdf_sample": {
            "type": "instance",
            "class_path": "autofit.non_linear.samples.sample.Sample",
            "arguments": {
                "log_likelihood": -70.96802071227455,
                "log_prior": 0.0,
                "weight": 0.0009384906537586811,
                "kwargs": {
                    "type": "dict",
                    "arguments": {
                        "ellipses.0.ell_comps.ell_comps_0": 0.08810303861555828,
                        "ellipses.0.ell_comps.ell_comps_1": 0.12735686834822,
                        "multipoles.0.multipole_1.multipole_comps.multipole_comps_0": 0.07726344308592,
                        "multipoles.0.multipole_1.multipole_comps.multipole_comps_1": 0.0287803086019585,
                        "multipoles.0.multipole_3.multipole_comps.multipole_comps_0": 0.01364805419551,
                        "multipoles.0.multipole_3.multipole_comps.multipole_comps_1": -0.009458451481269767,
                        "multipoles.0.multipole_4.multipole_comps.multipole_comps_0": 0.04363399074149801,
                        "multipoles.0.multipole_4.multipole_comps.multipole_comps_1": 0.01541356505934
                    }
                }
            }
        },
        "values_at_sigma_3": {
            "type": "list",
            "values": [
                {
                    "type": "tuple",
                    "values": [
                        0.07822334480119193,
                        0.09872541957035
                    ]
                },
                {
                    "type": "tuple",
                    "values": [
                        0.11851007742663044,
                        0.1422341559376319
                    ]
                },
                {
                    "type": "tuple",
                    "values": [
                        0.01777782324564,
                        0.13964433473743207
                    ]
                },
                {
                    "type": "tuple",
                    "values": [
                        -0.0342091608446,
                        0.06989449134114703
                    ]
                },
                {
                    "type": "tuple",
                    "values": [
                        -0.09205116245514922,
                        0.06229492668004
                    ]
                },
                {
                    "type": "tuple",
                    "values": [
                        -0.07560677022450792,
                        0.03659318457265656
                    ]
                },
                {
                    "type": "tuple",
                    "values": [
                        -0.00765543812224,
                        0.09955613847772
                    ]
                },
                {
                    "type": "tuple",
                    "values": [
                        -0.057657568852197076,
                        0.09091976806149
                    ]
                }
            ]
        },
        "model": null,
        "log_evidence": -94.63824178995259,
        "errors_at_sigma_3": {
            "type": "list",
            "values": [
                {
                    "type": "tuple",
                    "values": [
                        0.009879693814366347,
                        0.010622380954791719
                    ]
                },
                {
                    "type": "tuple",
                    "values": [
                        0.008846790921589548,
                        0.014877287589411897
                    ]
                },
                {
                    "type": "tuple",
                    "values": [
                        0.059485619840279995,
                        0.062380891651512074
                    ]
                },
                {
                    "type": "tuple",
                    "values": [
                        0.0629894694465585,
                        0.04111418273918853
                    ]
                },
                {
                    "type": "tuple",
                    "values": [
                        0.10569921665065922,
                        0.04864687248452999
                    ]
                },
                {
                    "type": "tuple",
                    "values": [
                        0.06614831874323815,
                        0.04605163605392633
                    ]
                },
                {
                    "type": "tuple",
                    "values": [
                        0.05128942886373801,
                        0.05592214773622199
                    ]
                },
                {
                    "type": "tuple",
                    "values": [
                        0.07307113391153708,
                        0.07550620300215001
                    ]
                }
            ]
        },
        "max_log_likelihood_sample": {
            "type": "instance",
            "class_path": "autofit.non_linear.samples.sample.Sample",
            "arguments": {
                "log_likelihood": -70.96802071227455,
                "log_prior": 0.0,
                "weight": 0.0009384906537586811,
                "kwargs": {
                    "type": "dict",
                    "arguments": {
                        "ellipses.0.ell_comps.ell_comps_0": 0.0905079783708,
                        "ellipses.0.ell_comps.ell_comps_1": 0.12428588788145,
                        "multipoles.0.multipole_1.multipole_comps.multipole_comps_0": 0.07680649907249,
                        "multipoles.0.multipole_1.multipole_comps.multipole_comps_1": -0.02219445714359,
                        "multipoles.0.multipole_3.multipole_comps.multipole_comps_0": -0.06215814065653,
                        "multipoles.0.multipole_3.multipole_comps.multipole_comps_1": -0.06232549600293,
                        "multipoles.0.multipole_4.multipole_comps.multipole_comps_0": 0.03871425071386,
                        "multipoles.0.multipole_4.multipole_comps.multipole_comps_1": 0.08018437600733
                    }
                }
            }
        },
        "values_at_sigma_1": {
            "type": "list",
            "values": [
                {
                    "type": "tuple",
                    "values": [
                        0.0849207110032,
                        0.09152822276424
                    ]
                },
                {
                    "type": "tuple",
                    "values": [
                        0.1250516507966968,
                        0.13308773907045
                    ]
                },
                {
                    "type": "tuple",
                    "values": [
                        0.04729913570247182,
                        0.11093070712402611
                    ]
                },
                {
                    "type": "tuple",
                    "values": [
                        0.006085927080355593,
                        0.051840913771315854
                    ]
                },
                {
                    "type": "tuple",
                    "values": [
                        -0.04647148790773106,
                        0.03103297393549
                    ]
                },
                {
                    "type": "tuple",
                    "values": [
                        -0.043538974420222476,
                        0.01826226590869
                    ]
                },
                {
                    "type": "tuple",
                    "values": [
                        0.0225777846669,
                        0.06667630010111
                    ]
                },
                {
                    "type": "tuple",
                    "values": [
                        -0.02686099471771,
                        0.06012264148836982
                    ]
                }
            ]
        }
    }
}