{
    "type": "instance",
    "class_path": "autofit.non_linear.samples.summary.SamplesSummary",
    "arguments": {
        "values_at_sigma_3": {
            "type": "list",
            "values": [
                {
                    "type": "tuple",
                    "values": [
                        0.01972951865409473,
                        0.04499708882339238
                    ]
                },
                {
                    "type": "tuple",
                    "values": [
                        -0.12454417832204558,
                        -0.1014393095736486
                    ]
                },
                {
                    "type": "tuple",
                    "values": [
                        -0.0036533513782364556,
                        0.002527568660754095
                    ]
                },
                {
                    "type": "tuple",
                    "values": [
                        -0.0055134821959047986,
                        0.00101910773403
                    ]
                },
                {
                    "type": "tuple",
                    "values": [
                        -0.00472015339209,
                        0.0015709555380049175
                    ]
                },
                {
                    "type": "tuple",
                    "values": [
                        -0.0050043293695186545,
                        0.00085862871717
                    ]
                },
                {
                    "type": "tuple",
                    "values": [
                        -0.00540373015257,
                        0.00157389210316
                    ]
                },
                {
                    "type": "tuple",
                    "values": [
                        -0.0033552751668020496,
                        0.00409639177651993
                    ]
                }
            ]
        },
        "errors_at_sigma_3": {
            "type": "list",
            "values": [
                {
                    "type": "tuple",
                    "values": [
                        0.01377396235199884,
                        0.011493607817298808
                    ]
                },
                {
                    "type": "tuple",
                    "values": [
                        0.011843650930213848,
                        0.011261217818183122
                    ]
                },
                {
                    "type": "tuple",
                    "values": [
                        0.002990332349186456,
                        0.003190587689804095
                    ]
                },
                {
                    "type": "tuple",
                    "values": [
                        0.0031540644168244927,
                        0.003378525513110306
                    ]
                },
                {
                    "type": "tuple",
                    "values": [
                        0.003307457863248553,
                        0.0029836510668463643
                    ]
                },
                {
                    "type": "tuple",
                    "values": [
                        0.0030136847704286544,
                        0.00284927331626
                    ]
                },
                {
                    "type": "tuple",
                    "values": [
                        0.003378021527514894,
                        0.003599600728215106
                    ]
                },
                {
                    "type": "tuple",
                    "values": [
                        0.00409516921574122,
                        0.00335649772758076
                    ]
                }
            ]
        },
        "log_evidence": -44.44528715607788,
        "model": null,
        "values_at_sigma_1": {
            "type": "list",
            "values": [
                {
                    "type": "tuple",
                    "values": [
                        0.02917591179174,
                        0.037243646621725655
                    ]
                },
                {
                    "type": "tuple",
                    "values": [
                        -0.11652227547264299,
                        -0.10907090683386952
                    ]
                },
                {
                    "type": "tuple",
                    "values": [
                        -0.001927467249356436,
                        0.00041606875809559017
                    ]
                },
                {
                    "type": "tuple",
                    "values": [
                        -0.00356349539874,
                        -0.0013123925469375542
                    ]
                },
                {
                    "type": "tuple",
                    "values": [
                        -0.0025164436248937367,
                        -0.00031529667704
                    ]
                },
                {
                    "type": "tuple",
                    "values": [
                        -0.0028937213573959073,
                        -0.00108504894942
                    ]
                },
                {
                    "type": "tuple",
                    "values": [
                        -0.00316696991645,
                        -0.0008246519968853486
                    ]
                },
                {
                    "type": "tuple",
                    "values": [
                        -0.00048892785586,
                        0.0019094067975045442
                    ]
                }
            ]
        },
        "median_pdf_sample": {
            "type": "instance",
            "class_path": "autofit.non_linear.samples.sample.Sample",
            "arguments": {
                "log_likelihood": -8.359125962252111,
                "log_prior": 0.0,
                "weight": 0.0009879565505193897,
                "kwargs": {
                    "type": "dict",
                    "arguments": {
                        "ellipses.0.ell_comps.ell_comps_0": 0.03350348100609357,
                        "ellipses.0.ell_comps.ell_comps_1": -0.11270052739183173,
                        "multipoles.0.multipole_1.multipole_comps.multipole_comps_0": -0.00066301902905,
                        "multipoles.0.multipole_1.multipole_comps.multipole_comps_1": -0.002359417779080306,
                        "multipoles.0.multipole_3.multipole_comps.multipole_comps_0": -0.0014126955288414468,
                        "multipoles.0.multipole_3.multipole_comps.multipole_comps_1": -0.00199064459909,
                        "multipoles.0.multipole_4.multipole_comps.multipole_comps_0": -0.002025708625055106,
                        "multipoles.0.multipole_4.multipole_comps.multipole_comps_1": 0.0007398940489391706
                    }
                }
            }
        },
        "errors_at_sigma_1": {
            "type": "list",
            "values": [
                {
                    "type": "tuple",
                    "values": [
                        0.004327569214353573,
                        0.0037401656156320837
                    ]
                },
                {
                    "type": "tuple",
                    "values": [
                        0.0038217480808112603,
                        0.0036296205579622043
                    ]
                },
                {
                    "type": "tuple",
                    "values": [
                        0.0012644482203064361,
                        0.00107908778714559
                    ]
                },
                {
                    "type": "tuple",
                    "values": [
                        0.0012040776196596942,
                        0.0010470252321427517
                    ]
                },
                {
                    "type": "tuple",
                    "values": [
                        0.00110374809605229,
                        0.001097398851801447
                    ]
                },
                {
                    "type": "tuple",
                    "values": [
                        0.0009030767583059073,
                        0.00090559564967
                    ]
                },
                {
                    "type": "tuple",
                    "values": [
                        0.001141261291394894,
                        0.0012010566281697574
                    ]
                },
                {
                    "type": "tuple",
                    "values": [
                        0.0012288219047991706,
                        0.0011695127485653735
                    ]
                }
            ]
        },
        "max_log_likelihood_sample": {
            "type": "instance",
            "class_path": "autofit.non_linear.samples.sample.Sample",
            "arguments": {
                "log_likelihood": -8.359125962252111,
                "log_prior": 0.0,
                "weight": 0.0009879565505193897,
                "kwargs": {
                    "type": "dict",
                    "arguments": {
                        "ellipses.0.ell_comps.ell_comps_0": 0.03385787666161,
                        "ellipses.0.ell_comps.ell_comps_1": -0.11341452526032,
                        "multipoles.0.multipole_1.multipole_comps.multipole_comps_0": 6.503084241e-05,
                        "multipoles.0.multipole_1.multipole_comps.multipole_comps_1": -0.00207970694698,
                        "multipoles.0.multipole_3.multipole_comps.multipole_comps_0": -0.00065040829379,
                        "multipoles.0.multipole_3.multipole_comps.multipole_comps_1": -0.00194981929855,
                        "multipoles.0.multipole_4.multipole_comps.multipole_comps_0": -0.00164055529331,
                        "multipoles.0.multipole_4.multipole_comps.multipole_comps_1": 0.00097427141455
                    }
                }
            }
        }
    }
}