{
    "type": "instance",
    "class_path": "autofit.non_linear.samples.summary.SamplesSummary",
    "arguments": {
        "values_at_sigma_1": {
            "type": "list",
            "values": [
                {
                    "type": "tuple",
                    "values": [
                        -0.01520578521192,
                        0.009772008201854318
                    ]
                },
                {
                    "type": "tuple",
                    "values": [
                        -0.14856805751004343,
                        -0.11526554262012
                    ]
                }
            ]
        },
        "errors_at_sigma_3": {
            "type": "list",
            "values": [
                {
                    "type": "tuple",
                    "values": [
                        0.275390022398354,
                        0.032467523058661275
                    ]
                },
                {
                    "type": "tuple",
                    "values": [
                        0.00983776822056065,
                        0.03925012081571898
                    ]
                }
            ]
        },
        "median_pdf_sample": {
            "type": "instance",
            "class_path": "autofit.non_linear.samples.sample.Sample",
            "arguments": {
                "log_likelihood": -37.59428241076708,
                "log_prior": 0.0,
                "weight": 0.000998642281345811,
                "kwargs": {
                    "type": "dict",
                    "arguments": {
                        "ellipses.0.ell_comps.ell_comps_0": -0.0054937405780112756,
                        "ellipses.0.ell_comps.ell_comps_1": -0.14336731294997898
                    }
                }
            }
        },
        "log_evidence": -46.82342443968648,
        "errors_at_sigma_1": {
            "type": "list",
            "values": [
                {
                    "type": "tuple",
                    "values": [
                        0.009712044633908724,
                        0.015265748779865595
                    ]
                },
                {
                    "type": "tuple",
                    "values": [
                        0.005200744560064446,
                        0.028101770329858985
                    ]
                }
            ]
        },
        "model": null,
        "values_at_sigma_3": {
            "type": "list",
            "values": [
                {
                    "type": "tuple",
                    "values": [
                        -0.28088376297636525,
                        0.02697378248065
                    ]
                },
                {
                    "type": "tuple",
                    "values": [
                        -0.15320508117053963,
                        -0.10411719213426
                    ]
                }
            ]
        },
        "max_log_likelihood_sample": {
            "type": "instance",
            "class_path": "autofit.non_linear.samples.sample.Sample",
            "arguments": {
                "log_likelihood": -37.59428241076708,
                "log_prior": 0.0,
                "weight": 0.000998642281345811,
                "kwargs": {
                    "type": "dict",
                    "arguments": {
                        "ellipses.0.ell_comps.ell_comps_0": 0.0104763667453,
                        "ellipses.0.ell_comps.ell_comps_1": -0.14869887020391
                    }
                }
            }
        }
    }
}