{
    "type": "instance",
    "class_path": "autofit.non_linear.samples.summary.SamplesSummary",
    "arguments": {
        "log_evidence": -37.54944247786802,
        "median_pdf_sample": {
            "type": "instance",
            "class_path": "autofit.non_linear.samples.sample.Sample",
            "arguments": {
                "log_likelihood": -19.58633676841169,
                "log_prior": 0.0,
                "weight": 0.0009683845503903154,
                "kwargs": {
                    "type": "dict",
                    "arguments": {
                        "ellipses.0.ell_comps.ell_comps_0": -0.009437215025515465,
                        "ellipses.0.ell_comps.ell_comps_1": -0.03182362277321,
                        "multipoles.0.multipole_3.multipole_comps.multipole_comps_0": 0.00031371484411206484,
                        "multipoles.0.multipole_3.multipole_comps.multipole_comps_1": -0.009846744915786238,
                        "multipoles.0.multipole_4.multipole_comps.multipole_comps_0": -0.0011651915252800077,
                        "multipoles.0.multipole_4.multipole_comps.multipole_comps_1": -0.01521160232506
                    }
                }
            }
        },
        "errors_at_sigma_1": {
            "type": "list",
            "values": [
                {
                    "type": "tuple",
                    "values": [
                        0.005382864502024534,
                        0.005365376451925466
                    ]
                },
                {
                    "type": "tuple",
                    "values": [
                        0.003936668553292312,
                        0.004058199215772142
                    ]
                },
                {
                    "type": "tuple",
                    "values": [
                        0.009879849682694581,
                        0.011277759816347935
                    ]
                },
                {
                    "type": "tuple",
                    "values": [
                        0.008097210659418463,
                        0.00876614440973389
                    ]
                },
                {
                    "type": "tuple",
                    "values": [
                        0.011570275816949992,
                        0.013304713023676125
                    ]
                },
                {
                    "type": "tuple",
                    "values": [
                        0.007585647065508594,
                        0.007836729373663899
                    ]
                }
            ]
        },
        "max_log_likelihood_sample": {
            "type": "instance",
            "class_path": "autofit.non_linear.samples.sample.Sample",
            "arguments": {
                "log_likelihood": -19.58633676841169,
                "log_prior": 0.0,
                "weight": 0.0009683845503903154,
                "kwargs": {
                    "type": "dict",
                    "arguments": {
                        "ellipses.0.ell_comps.ell_comps_0": -0.00928959790271,
                        "ellipses.0.ell_comps.ell_comps_1": -0.03135082748652,
                        "multipoles.0.multipole_3.multipole_comps.multipole_comps_0": -0.00087365241213,
                        "multipoles.0.multipole_3.multipole_comps.multipole_comps_1": -0.00990044556308,
                        "multipoles.0.multipole_4.multipole_comps.multipole_comps_0": -0.00508942335115,
                        "multipoles.0.multipole_4.multipole_comps.multipole_comps_1": -0.01892586138861
                    }
                }
            }
        },
        "values_at_sigma_3": {
            "type": "list",
            "values": [
                {
                    "type": "tuple",
                    "values": [
                        -0.024216645399397264,
                        0.005799695802069336
                    ]
                },
                {
                    "type": "tuple",
                    "values": [
                        -0.045606048427847,
                        -0.018714889497501965
                    ]
                },
                {
                    "type": "tuple",
                    "values": [
                        -0.023784169025941174,
                        0.0313222586317097
                    ]
                },
                {
                    "type": "tuple",
                    "values": [
                        -0.03306513362262704,
                        0.0163962413246981
                    ]
                },
                {
                    "type": "tuple",
                    "values": [
                        -0.03233716408608033,
                        0.034482979635728016
                    ]
                },
                {
                    "type": "tuple",
                    "values": [
                        -0.04242583575491,
                        0.011745804429053512
                    ]
                }
            ]
        },
        "model": null,
        "errors_at_sigma_3": {
            "type": "list",
            "values": [
                {
                    "type": "tuple",
                    "values": [
                        0.014779430373881798,
                        0.015236910827584802
                    ]
                },
                {
                    "type": "tuple",
                    "values": [
                        0.013782425654636998,
                        0.013108733275708034
                    ]
                },
                {
                    "type": "tuple",
                    "values": [
                        0.02409788387005324,
                        0.031008543787597632
                    ]
                },
                {
                    "type": "tuple",
                    "values": [
                        0.0232183887068408,
                        0.026242986240484337
                    ]
                },
                {
                    "type": "tuple",
                    "values": [
                        0.031171972560800325,
                        0.035648171161008026
                    ]
                },
                {
                    "type": "tuple",
                    "values": [
                        0.02721423342985,
                        0.02695740675411351
                    ]
                }
            ]
        },
        "values_at_sigma_1": {
            "type": "list",
            "values": [
                {
                    "type": "tuple",
                    "values": [
                        -0.01482007952754,
                        -0.00407183857359
                    ]
                },
                {
                    "type": "tuple",
                    "values": [
                        -0.03576029132650231,
                        -0.027765423557437857
                    ]
                },
                {
                    "type": "tuple",
                    "values": [
                        -0.009566134838582516,
                        0.01159147466046
                    ]
                },
                {
                    "type": "tuple",
                    "values": [
                        -0.0179439555752047,
                        -0.0010806005060523477
                    ]
                },
                {
                    "type": "tuple",
                    "values": [
                        -0.01273546734223,
                        0.012139521498396116
                    ]
                },
                {
                    "type": "tuple",
                    "values": [
                        -0.022797249390568593,
                        -0.0073748729513961
                    ]
                }
            ]
        }
    }
}