{
    "type": "instance",
    "class_path": "autofit.non_linear.samples.summary.SamplesSummary",
    "arguments": {
        "max_log_likelihood_sample": {
            "type": "instance",
            "class_path": "autofit.non_linear.samples.sample.Sample",
            "arguments": {
                "log_likelihood": -51.50331992502966,
                "log_prior": 0.0,
                "weight": 0.0009761701511035228,
                "kwargs": {
                    "type": "dict",
                    "arguments": {
                        "ellipses.0.ell_comps.ell_comps_0": -0.00406922974495,
                        "ellipses.0.ell_comps.ell_comps_1": 0.02818797723655
                    }
                }
            }
        },
        "errors_at_sigma_1": {
            "type": "list",
            "values": [
                {
                    "type": "tuple",
                    "values": [
                        0.00462228433226011,
                        0.03675227313581622
                    ]
                },
                {
                    "type": "tuple",
                    "values": [
                        0.006807490747519997,
                        0.0019163875699900017
                    ]
                }
            ]
        },
        "errors_at_sigma_3": {
            "type": "list",
            "values": [
                {
                    "type": "tuple",
                    "values": [
                        0.007932186494824118,
                        0.0474417758692592
                    ]
                },
                {
                    "type": "tuple",
                    "values": [
                        0.013856647120155009,
                        0.03440681025025934
                    ]
                }
            ]
        },
        "model": null,
        "median_pdf_sample": {
            "type": "instance",
            "class_path": "autofit.non_linear.samples.sample.Sample",
            "arguments": {
                "log_likelihood": -51.50331992502966,
                "log_prior": 0.0,
                "weight": 0.0009761701511035228,
                "kwargs": {
                    "type": "dict",
                    "arguments": {
                        "ellipses.0.ell_comps.ell_comps_0": -0.00018852901520989023,
                        "ellipses.0.ell_comps.ell_comps_1": 0.02752002388638
                    }
                }
            }
        },
        "log_evidence": -63.2761646243643,
        "values_at_sigma_1": {
            "type": "list",
            "values": [
                {
                    "type": "tuple",
                    "values": [
                        -0.00481081334747,
                        0.03656374412060633
                    ]
                },
                {
                    "type": "tuple",
                    "values": [
                        0.02071253313886,
                        0.02943641145637
                    ]
                }
            ]
        },
        "values_at_sigma_3": {
            "type": "list",
            "values": [
                {
                    "type": "tuple",
                    "values": [
                        -0.008120715510034009,
                        0.04725324685404931
                    ]
                },
                {
                    "type": "tuple",
                    "values": [
                        0.01366337676622499,
                        0.06192683413663934
                    ]
                }
            ]
        }
    }
}