{
    "type": "instance",
    "class_path": "autofit.non_linear.samples.summary.SamplesSummary",
    "arguments": {
        "max_log_likelihood_sample": {
            "type": "instance",
            "class_path": "autofit.non_linear.samples.sample.Sample",
            "arguments": {
                "log_likelihood": -13.580828160567313,
                "log_prior": 0.0,
                "weight": 0.0009615455711278623,
                "kwargs": {
                    "type": "dict",
                    "arguments": {
                        "ellipses.0.ell_comps.ell_comps_0": 0.01154346880553,
                        "ellipses.0.ell_comps.ell_comps_1": 0.07284130454372
                    }
                }
            }
        },
        "log_evidence": -21.25158998535653,
        "values_at_sigma_1": {
            "type": "list",
            "values": [
                {
                    "type": "tuple",
                    "values": [
                        0.00575797360563,
                        0.022524724999131163
                    ]
                },
                {
                    "type": "tuple",
                    "values": [
                        0.06837840099776091,
                        0.08727858377406385
                    ]
                }
            ]
        },
        "errors_at_sigma_3": {
            "type": "list",
            "values": [
                {
                    "type": "tuple",
                    "values": [
                        0.020121013038660637,
                        0.02395757622137968
                    ]
                },
                {
                    "type": "tuple",
                    "values": [
                        0.023516897596597267,
                        0.02195912658184712
                    ]
                }
            ]
        },
        "values_at_sigma_3": {
            "type": "list",
            "values": [
                {
                    "type": "tuple",
                    "values": [
                        -0.007936885296270638,
                        0.03614170396376968
                    ]
                },
                {
                    "type": "tuple",
                    "values": [
                        0.05379089878650781,
                        0.0992669229649522
                    ]
                }
            ]
        },
        "median_pdf_sample": {
            "type": "instance",
            "class_path": "autofit.non_linear.samples.sample.Sample",
            "arguments": {
                "log_likelihood": -13.580828160567313,
                "log_prior": 0.0,
                "weight": 0.0009615455711278623,
                "kwargs": {
                    "type": "dict",
                    "arguments": {
                        "ellipses.0.ell_comps.ell_comps_0": 0.01218412774239,
                        "ellipses.0.ell_comps.ell_comps_1": 0.07730779638310507
                    }
                }
            }
        },
        "model": null,
        "errors_at_sigma_1": {
            "type": "list",
            "values": [
                {
                    "type": "tuple",
                    "values": [
                        0.00642615413676,
                        0.010340597256741163
                    ]
                },
                {
                    "type": "tuple",
                    "values": [
                        0.008929395385344166,
                        0.009970787390958774
                    ]
                }
            ]
        }
    }
}