{
    "type": "instance",
    "class_path": "autoarray.structures.grids.irregular_2d.Grid2DIrregular",
    "arguments": {
        "values": {
            "type": "ndarray",
            "array": [
                [
                    1.24,
                    -0.28
                ],
                [
                    0.8,
                    -1.16
                ],
                [
                    -0.8,
                    -0.8
                ],
                [
                    -0.44,
                    1.76
                ]
            ],
            "dtype": "float64"
        }
    }
}