{
    "data_name": "J2300+0022",
    "redshift_lens": 0.228,
    "redshift_source": 0.463,
    "slope": 2.06,
    "slope_err": 0.13,
    "axis_ratio": 0.71,
    "position_angle": 87.8,
    "einstein_radius": 1.24,
    "log_Mein": 11.47,
    "Mein": 295120922666.6398,
    "marker": 1,
    "colour": "deeppink",
    "shear": 0.08,
    "sigma": 279.0,
    "sigma_err": 17.0,
    "log[M*/M]_chab": 11.4,
    "log[M*/M]_salp": 11.65,
    "log[Meff/M]": 11.36,
    "f_dm_chab": 11.36,
    "M200": NaN,
    "r_eff": 1.83,
    "gamma_shajib": 1.85,
    "shajib_ue": 0.13,
    "shajib_le": 0.14,
    "shear_shajib": 0.025,
    "shear_shajib_le": 0.018,
    "shear_shajib_ue": 0.02,
    "phi_shajib": 17.0,
    "phi_shajib_le": 12.0,
    "phi_shajib_ue": 25.0,
    "gamma_Barnabe": 1.923,
    "Barnabe_le": 0.043,
    "Barnabe_ue": 0.033,
    "RA": "\"230053.15\"",
    "DEC": "\"+002238.0\"",
    "subhalo_grid_dimensions_arcsec": 2.2,
    "mask_inner_radius": 0.6,
    "mask_outer_radius": 2.0,
    "scaled_annular": 0,
    "detect_delaunay": 0,
    "bpl_source_mask": 0,
    "mask_circular_radii": 3.5
}