{
    "type": "instance",
    "class_path": "autofit.non_linear.samples.summary.SamplesSummary",
    "arguments": {
        "log_evidence": -42.929432929431556,
        "max_log_likelihood_sample": {
            "type": "instance",
            "class_path": "autofit.non_linear.samples.sample.Sample",
            "arguments": {
                "log_likelihood": -26.576146789323925,
                "log_prior": 0.0,
                "weight": 0.000927187471663073,
                "kwargs": {
                    "type": "dict",
                    "arguments": {
                        "ellipses.0.ell_comps.ell_comps_0": -0.04392233242708,
                        "ellipses.0.ell_comps.ell_comps_1": -0.08099303333525,
                        "multipoles.0.multipole_1.multipole_comps.multipole_comps_0": 0.0546574743407,
                        "multipoles.0.multipole_1.multipole_comps.multipole_comps_1": -0.06699862573,
                        "multipoles.0.multipole_3.multipole_comps.multipole_comps_0": 0.0660495205811,
                        "multipoles.0.multipole_3.multipole_comps.multipole_comps_1": 0.03603243294,
                        "multipoles.0.multipole_4.multipole_comps.multipole_comps_0": -0.03213560811246,
                        "multipoles.0.multipole_4.multipole_comps.multipole_comps_1": -0.01336790198533
                    }
                }
            }
        },
        "median_pdf_sample": {
            "type": "instance",
            "class_path": "autofit.non_linear.samples.sample.Sample",
            "arguments": {
                "log_likelihood": -26.576146789323925,
                "log_prior": 0.0,
                "weight": 0.000927187471663073,
                "kwargs": {
                    "type": "dict",
                    "arguments": {
                        "ellipses.0.ell_comps.ell_comps_0": -0.0439274193467594,
                        "ellipses.0.ell_comps.ell_comps_1": -0.08071183854988678,
                        "multipoles.0.multipole_1.multipole_comps.multipole_comps_0": 0.032886169189818015,
                        "multipoles.0.multipole_1.multipole_comps.multipole_comps_1": -0.04393061136876642,
                        "multipoles.0.multipole_3.multipole_comps.multipole_comps_0": 0.05748086625353505,
                        "multipoles.0.multipole_3.multipole_comps.multipole_comps_1": -0.004926964668924999,
                        "multipoles.0.multipole_4.multipole_comps.multipole_comps_0": -0.04223930740822104,
                        "multipoles.0.multipole_4.multipole_comps.multipole_comps_1": 0.031079523815764513
                    }
                }
            }
        },
        "values_at_sigma_3": {
            "type": "list",
            "values": [
                {
                    "type": "tuple",
                    "values": [
                        -0.1016822066976473,
                        0.01697935245122
                    ]
                },
                {
                    "type": "tuple",
                    "values": [
                        -0.12122094257856,
                        0.016173806822403214
                    ]
                },
                {
                    "type": "tuple",
                    "values": [
                        -0.17108106144041,
                        0.17274790975714
                    ]
                },
                {
                    "type": "tuple",
                    "values": [
                        -0.18561946740237742,
                        0.09279858571834984
                    ]
                },
                {
                    "type": "tuple",
                    "values": [
                        -0.09910136032054,
                        0.09992801070971198
                    ]
                },
                {
                    "type": "tuple",
                    "values": [
                        -0.09488288936861414,
                        0.09356426498271
                    ]
                },
                {
                    "type": "tuple",
                    "values": [
                        -0.09869057168027,
                        0.0710494282120665
                    ]
                },
                {
                    "type": "tuple",
                    "values": [
                        -0.08420304765464262,
                        0.09940334370083
                    ]
                }
            ]
        },
        "errors_at_sigma_3": {
            "type": "list",
            "values": [
                {
                    "type": "tuple",
                    "values": [
                        0.0577547873508879,
                        0.0609067717979794
                    ]
                },
                {
                    "type": "tuple",
                    "values": [
                        0.04050910402867322,
                        0.09688564537229
                    ]
                },
                {
                    "type": "tuple",
                    "values": [
                        0.203967230630228,
                        0.13986174056732198
                    ]
                },
                {
                    "type": "tuple",
                    "values": [
                        0.141688856033611,
                        0.13672919708711626
                    ]
                },
                {
                    "type": "tuple",
                    "values": [
                        0.15658222657407506,
                        0.04244714445617693
                    ]
                },
                {
                    "type": "tuple",
                    "values": [
                        0.08995592469968913,
                        0.09849122965163501
                    ]
                },
                {
                    "type": "tuple",
                    "values": [
                        0.05645126427204896,
                        0.11328873562028755
                    ]
                },
                {
                    "type": "tuple",
                    "values": [
                        0.11528257147040713,
                        0.06832381988506549
                    ]
                }
            ]
        },
        "model": null,
        "errors_at_sigma_1": {
            "type": "list",
            "values": [
                {
                    "type": "tuple",
                    "values": [
                        0.042958136739890594,
                        0.011814101127879957
                    ]
                },
                {
                    "type": "tuple",
                    "values": [
                        0.014608711925873222,
                        0.02264453944009885
                    ]
                },
                {
                    "type": "tuple",
                    "values": [
                        0.06438661397885802,
                        0.07533814153742198
                    ]
                },
                {
                    "type": "tuple",
                    "values": [
                        0.02889349607727034,
                        0.0653158722279528
                    ]
                },
                {
                    "type": "tuple",
                    "values": [
                        0.10009956089825232,
                        0.031732253111624954
                    ]
                },
                {
                    "type": "tuple",
                    "values": [
                        0.04652621885599206,
                        0.047099275030955
                    ]
                },
                {
                    "type": "tuple",
                    "values": [
                        0.023844522545618967,
                        0.04677556517552098
                    ]
                },
                {
                    "type": "tuple",
                    "values": [
                        0.03157986082677451,
                        0.053913652453545485
                    ]
                }
            ]
        },
        "values_at_sigma_1": {
            "type": "list",
            "values": [
                {
                    "type": "tuple",
                    "values": [
                        -0.08688555608665,
                        -0.032113318218879444
                    ]
                },
                {
                    "type": "tuple",
                    "values": [
                        -0.09532055047576,
                        -0.05806729910978793
                    ]
                },
                {
                    "type": "tuple",
                    "values": [
                        -0.03150044478904,
                        0.10822431072724
                    ]
                },
                {
                    "type": "tuple",
                    "values": [
                        -0.07282410744603676,
                        0.021385260859186385
                    ]
                },
                {
                    "type": "tuple",
                    "values": [
                        -0.04261869464471727,
                        0.08921311936516
                    ]
                },
                {
                    "type": "tuple",
                    "values": [
                        -0.05145318352491706,
                        0.04217231036203
                    ]
                },
                {
                    "type": "tuple",
                    "values": [
                        -0.06608382995384,
                        0.004536257767299939
                    ]
                },
                {
                    "type": "tuple",
                    "values": [
                        -0.00050033701101,
                        0.08499317626931
                    ]
                }
            ]
        }
    }
}