{
    "type": "instance",
    "class_path": "autofit.non_linear.samples.summary.SamplesSummary",
    "arguments": {
        "median_pdf_sample": {
            "type": "instance",
            "class_path": "autofit.non_linear.samples.sample.Sample",
            "arguments": {
                "log_likelihood": -57.70406669775266,
                "log_prior": 0.0,
                "weight": 0.0009872050459565499,
                "kwargs": {
                    "type": "dict",
                    "arguments": {
                        "ellipses.0.ell_comps.ell_comps_0": -0.2661834429341,
                        "ellipses.0.ell_comps.ell_comps_1": -0.0006823933425648418
                    }
                }
            }
        },
        "errors_at_sigma_3": {
            "type": "list",
            "values": [
                {
                    "type": "tuple",
                    "values": [
                        0.004520666531865669,
                        0.01872878395535002
                    ]
                },
                {
                    "type": "tuple",
                    "values": [
                        0.007222941277215158,
                        0.03646023220272272
                    ]
                }
            ]
        },
        "model": null,
        "max_log_likelihood_sample": {
            "type": "instance",
            "class_path": "autofit.non_linear.samples.sample.Sample",
            "arguments": {
                "log_likelihood": -57.70406669775266,
                "log_prior": 0.0,
                "weight": 0.0009872050459565499,
                "kwargs": {
                    "type": "dict",
                    "arguments": {
                        "ellipses.0.ell_comps.ell_comps_0": -0.26626892101829,
                        "ellipses.0.ell_comps.ell_comps_1": -0.0015686416625
                    }
                }
            }
        },
        "errors_at_sigma_1": {
            "type": "list",
            "values": [
                {
                    "type": "tuple",
                    "values": [
                        0.0009754271976296636,
                        0.0014908198477099899
                    ]
                },
                {
                    "type": "tuple",
                    "values": [
                        0.002041799807009237,
                        0.0027584089507378144
                    ]
                }
            ]
        },
        "values_at_sigma_3": {
            "type": "list",
            "values": [
                {
                    "type": "tuple",
                    "values": [
                        -0.2707041094659657,
                        -0.24745465897875
                    ]
                },
                {
                    "type": "tuple",
                    "values": [
                        -0.00790533461978,
                        0.03577783886015788
                    ]
                }
            ]
        },
        "values_at_sigma_1": {
            "type": "list",
            "values": [
                {
                    "type": "tuple",
                    "values": [
                        -0.2671588701317297,
                        -0.26469262308639
                    ]
                },
                {
                    "type": "tuple",
                    "values": [
                        -0.002724193149574079,
                        0.0020760156081729726
                    ]
                }
            ]
        },
        "log_evidence": -69.46719698954986
    }
}