{
    "type": "instance",
    "class_path": "autofit.non_linear.samples.summary.SamplesSummary",
    "arguments": {
        "values_at_sigma_1": {
            "type": "list",
            "values": [
                {
                    "type": "tuple",
                    "values": [
                        -0.17188682369291,
                        -0.1693731367455272
                    ]
                },
                {
                    "type": "tuple",
                    "values": [
                        -0.19730424144265,
                        -0.19673146251853776
                    ]
                }
            ]
        },
        "median_pdf_sample": {
            "type": "instance",
            "class_path": "autofit.non_linear.samples.sample.Sample",
            "arguments": {
                "log_likelihood": -199.3290444730804,
                "log_prior": 0.0,
                "weight": 0.0009953078978825235,
                "kwargs": {
                    "type": "dict",
                    "arguments": {
                        "ellipses.0.ell_comps.ell_comps_0": -0.1707269506279792,
                        "ellipses.0.ell_comps.ell_comps_1": -0.19691050405576271
                    }
                }
            }
        },
        "model": null,
        "log_evidence": -212.90516626097107,
        "errors_at_sigma_3": {
            "type": "list",
            "values": [
                {
                    "type": "tuple",
                    "values": [
                        0.003935562582170787,
                        0.003796096317657871
                    ]
                },
                {
                    "type": "tuple",
                    "values": [
                        0.0018946968879133275,
                        0.0003476953606879607
                    ]
                }
            ]
        },
        "errors_at_sigma_1": {
            "type": "list",
            "values": [
                {
                    "type": "tuple",
                    "values": [
                        0.0011598730649307887,
                        0.0013538138824520096
                    ]
                },
                {
                    "type": "tuple",
                    "values": [
                        0.00039373738688727733,
                        0.00017904153722494986
                    ]
                }
            ]
        },
        "max_log_likelihood_sample": {
            "type": "instance",
            "class_path": "autofit.non_linear.samples.sample.Sample",
            "arguments": {
                "log_likelihood": -199.3290444730804,
                "log_prior": 0.0,
                "weight": 0.0009953078978825235,
                "kwargs": {
                    "type": "dict",
                    "arguments": {
                        "ellipses.0.ell_comps.ell_comps_0": -0.17097056845998,
                        "ellipses.0.ell_comps.ell_comps_1": -0.19666479029146
                    }
                }
            }
        },
        "values_at_sigma_3": {
            "type": "list",
            "values": [
                {
                    "type": "tuple",
                    "values": [
                        -0.17466251321015,
                        -0.16693085431032134
                    ]
                },
                {
                    "type": "tuple",
                    "values": [
                        -0.19880520094367604,
                        -0.19656280869507475
                    ]
                }
            ]
        }
    }
}