{
    "type": "instance",
    "class_path": "autofit.non_linear.samples.summary.SamplesSummary",
    "arguments": {
        "values_at_sigma_1": {
            "type": "list",
            "values": [
                {
                    "type": "tuple",
                    "values": [
                        0.08105150265902844,
                        0.08574366459587
                    ]
                },
                {
                    "type": "tuple",
                    "values": [
                        0.1877477210274,
                        0.19167498883911444
                    ]
                },
                {
                    "type": "tuple",
                    "values": [
                        0.0066734251322,
                        0.018185366897395326
                    ]
                },
                {
                    "type": "tuple",
                    "values": [
                        -0.013562145734885811,
                        0.0008174730487386842
                    ]
                },
                {
                    "type": "tuple",
                    "values": [
                        -0.0028201624439270242,
                        0.00977009677523
                    ]
                },
                {
                    "type": "tuple",
                    "values": [
                        -0.00534184813494,
                        0.00602241889914
                    ]
                },
                {
                    "type": "tuple",
                    "values": [
                        -0.006572308018812469,
                        0.00573485949114
                    ]
                },
                {
                    "type": "tuple",
                    "values": [
                        0.00203587556459,
                        0.01573437588086
                    ]
                }
            ]
        },
        "values_at_sigma_3": {
            "type": "list",
            "values": [
                {
                    "type": "tuple",
                    "values": [
                        0.07674466906104,
                        0.09081896547062697
                    ]
                },
                {
                    "type": "tuple",
                    "values": [
                        0.18323535263819016,
                        0.19593394619777563
                    ]
                },
                {
                    "type": "tuple",
                    "values": [
                        -0.006886334899479473,
                        0.03193136613226
                    ]
                },
                {
                    "type": "tuple",
                    "values": [
                        -0.02755697126654,
                        0.0146995092264
                    ]
                },
                {
                    "type": "tuple",
                    "values": [
                        -0.015829975765428595,
                        0.02165173560094
                    ]
                },
                {
                    "type": "tuple",
                    "values": [
                        -0.01715832655666,
                        0.022169386534054317
                    ]
                },
                {
                    "type": "tuple",
                    "values": [
                        -0.020566425864319657,
                        0.019112940091169362
                    ]
                },
                {
                    "type": "tuple",
                    "values": [
                        -0.008949684865696427,
                        0.028976928456037904
                    ]
                }
            ]
        },
        "max_log_likelihood_sample": {
            "type": "instance",
            "class_path": "autofit.non_linear.samples.sample.Sample",
            "arguments": {
                "log_likelihood": -33.93259813308373,
                "log_prior": 0.0,
                "weight": 0.0009232948677353146,
                "kwargs": {
                    "type": "dict",
                    "arguments": {
                        "ellipses.0.ell_comps.ell_comps_0": 0.08281912852334,
                        "ellipses.0.ell_comps.ell_comps_1": 0.19006795806032,
                        "multipoles.0.multipole_1.multipole_comps.multipole_comps_0": 0.01470843113545,
                        "multipoles.0.multipole_1.multipole_comps.multipole_comps_1": -0.00526231946057,
                        "multipoles.0.multipole_3.multipole_comps.multipole_comps_0": 0.00576872345138,
                        "multipoles.0.multipole_3.multipole_comps.multipole_comps_1": 0.00030187634653,
                        "multipoles.0.multipole_4.multipole_comps.multipole_comps_0": 0.0009239267404,
                        "multipoles.0.multipole_4.multipole_comps.multipole_comps_1": 0.01115408135883
                    }
                }
            }
        },
        "median_pdf_sample": {
            "type": "instance",
            "class_path": "autofit.non_linear.samples.sample.Sample",
            "arguments": {
                "log_likelihood": -33.93259813308373,
                "log_prior": 0.0,
                "weight": 0.0009232948677353146,
                "kwargs": {
                    "type": "dict",
                    "arguments": {
                        "ellipses.0.ell_comps.ell_comps_0": 0.08341774109233059,
                        "ellipses.0.ell_comps.ell_comps_1": 0.18958213891308,
                        "multipoles.0.multipole_1.multipole_comps.multipole_comps_0": 0.01266946198157,
                        "multipoles.0.multipole_1.multipole_comps.multipole_comps_1": -0.00631462459163,
                        "multipoles.0.multipole_3.multipole_comps.multipole_comps_0": 0.0032438773933492473,
                        "multipoles.0.multipole_3.multipole_comps.multipole_comps_1": 0.0004330240309831412,
                        "multipoles.0.multipole_4.multipole_comps.multipole_comps_0": -0.000654406761530901,
                        "multipoles.0.multipole_4.multipole_comps.multipole_comps_1": 0.008691489695199275
                    }
                }
            }
        },
        "model": null,
        "errors_at_sigma_1": {
            "type": "list",
            "values": [
                {
                    "type": "tuple",
                    "values": [
                        0.0023662384333021508,
                        0.002325923503539412
                    ]
                },
                {
                    "type": "tuple",
                    "values": [
                        0.0018344178856800064,
                        0.0020928499260344235
                    ]
                },
                {
                    "type": "tuple",
                    "values": [
                        0.00599603684937,
                        0.005515904915825326
                    ]
                },
                {
                    "type": "tuple",
                    "values": [
                        0.0072475211432558116,
                        0.007132097640368684
                    ]
                },
                {
                    "type": "tuple",
                    "values": [
                        0.006064039837276271,
                        0.006526219381880753
                    ]
                },
                {
                    "type": "tuple",
                    "values": [
                        0.005774872165923141,
                        0.005589394868156859
                    ]
                },
                {
                    "type": "tuple",
                    "values": [
                        0.005917901257281567,
                        0.006389266252670901
                    ]
                },
                {
                    "type": "tuple",
                    "values": [
                        0.006655614130609275,
                        0.007042886185660726
                    ]
                }
            ]
        },
        "errors_at_sigma_3": {
            "type": "list",
            "values": [
                {
                    "type": "tuple",
                    "values": [
                        0.006673072031290597,
                        0.007401224378296378
                    ]
                },
                {
                    "type": "tuple",
                    "values": [
                        0.006346786274889854,
                        0.006351807284695615
                    ]
                },
                {
                    "type": "tuple",
                    "values": [
                        0.019555796881049473,
                        0.01926190415069
                    ]
                },
                {
                    "type": "tuple",
                    "values": [
                        0.02124234667491,
                        0.021014133818030002
                    ]
                },
                {
                    "type": "tuple",
                    "values": [
                        0.019073853158777843,
                        0.018407858207590753
                    ]
                },
                {
                    "type": "tuple",
                    "values": [
                        0.01759135058764314,
                        0.021736362503071177
                    ]
                },
                {
                    "type": "tuple",
                    "values": [
                        0.019912019102788756,
                        0.019767346852700263
                    ]
                },
                {
                    "type": "tuple",
                    "values": [
                        0.0176411745608957,
                        0.02028543876083863
                    ]
                }
            ]
        },
        "log_evidence": -61.159784212132344
    }
}