{
    "type": "instance",
    "class_path": "autofit.non_linear.samples.summary.SamplesSummary",
    "arguments": {
        "median_pdf_sample": {
            "type": "instance",
            "class_path": "autofit.non_linear.samples.sample.Sample",
            "arguments": {
                "log_likelihood": -66.09520165431992,
                "log_prior": 0.0,
                "weight": 0.0009843788515661864,
                "kwargs": {
                    "type": "dict",
                    "arguments": {
                        "ellipses.0.ell_comps.ell_comps_0": -0.10814300007396123,
                        "ellipses.0.ell_comps.ell_comps_1": 0.02310770867716953
                    }
                }
            }
        },
        "errors_at_sigma_3": {
            "type": "list",
            "values": [
                {
                    "type": "tuple",
                    "values": [
                        0.010780585299296763,
                        0.011196661185246468
                    ]
                },
                {
                    "type": "tuple",
                    "values": [
                        0.00997712488835953,
                        0.013745818858034945
                    ]
                }
            ]
        },
        "model": null,
        "max_log_likelihood_sample": {
            "type": "instance",
            "class_path": "autofit.non_linear.samples.sample.Sample",
            "arguments": {
                "log_likelihood": -66.09520165431992,
                "log_prior": 0.0,
                "weight": 0.0009843788515661864,
                "kwargs": {
                    "type": "dict",
                    "arguments": {
                        "ellipses.0.ell_comps.ell_comps_0": -0.10712357333259,
                        "ellipses.0.ell_comps.ell_comps_1": 0.02261387692079
                    }
                }
            }
        },
        "errors_at_sigma_1": {
            "type": "list",
            "values": [
                {
                    "type": "tuple",
                    "values": [
                        0.0037792494636572777,
                        0.0029419745414807075
                    ]
                },
                {
                    "type": "tuple",
                    "values": [
                        0.003590074066279529,
                        0.0049264869069467025
                    ]
                }
            ]
        },
        "values_at_sigma_3": {
            "type": "list",
            "values": [
                {
                    "type": "tuple",
                    "values": [
                        -0.11892358537325799,
                        -0.09694633888871476
                    ]
                },
                {
                    "type": "tuple",
                    "values": [
                        0.01313058378881,
                        0.036853527535204475
                    ]
                }
            ]
        },
        "values_at_sigma_1": {
            "type": "list",
            "values": [
                {
                    "type": "tuple",
                    "values": [
                        -0.1119222495376185,
                        -0.10520102553248052
                    ]
                },
                {
                    "type": "tuple",
                    "values": [
                        0.01951763461089,
                        0.028034195584116232
                    ]
                }
            ]
        },
        "log_evidence": -76.38641279364896
    }
}