{
    "type": "instance",
    "class_path": "autofit.non_linear.samples.summary.SamplesSummary",
    "arguments": {
        "values_at_sigma_3": {
            "type": "list",
            "values": [
                {
                    "type": "tuple",
                    "values": [
                        0.12423941589306,
                        0.17455979533717744
                    ]
                },
                {
                    "type": "tuple",
                    "values": [
                        -0.16912166463399358,
                        -0.11120814508262201
                    ]
                },
                {
                    "type": "tuple",
                    "values": [
                        -0.09673735136752255,
                        0.09510412301509
                    ]
                },
                {
                    "type": "tuple",
                    "values": [
                        -0.09612901201762,
                        0.08895447317080651
                    ]
                },
                {
                    "type": "tuple",
                    "values": [
                        -0.09858863265151,
                        0.07486262621107596
                    ]
                },
                {
                    "type": "tuple",
                    "values": [
                        -0.0636641700239315,
                        0.09967724036875
                    ]
                }
            ]
        },
        "model": null,
        "median_pdf_sample": {
            "type": "instance",
            "class_path": "autofit.non_linear.samples.sample.Sample",
            "arguments": {
                "log_likelihood": -50.05150319215297,
                "log_prior": 0.0,
                "weight": 0.001055854636442186,
                "kwargs": {
                    "type": "dict",
                    "arguments": {
                        "ellipses.0.ell_comps.ell_comps_0": 0.14791112529348274,
                        "ellipses.0.ell_comps.ell_comps_1": -0.14593849699413558,
                        "multipoles.0.multipole_3.multipole_comps.multipole_comps_0": 0.013321635768909577,
                        "multipoles.0.multipole_3.multipole_comps.multipole_comps_1": -0.006248320248429129,
                        "multipoles.0.multipole_4.multipole_comps.multipole_comps_0": -0.02615972972894,
                        "multipoles.0.multipole_4.multipole_comps.multipole_comps_1": 0.05130701909066
                    }
                }
            }
        },
        "log_evidence": -65.98965328975153,
        "errors_at_sigma_3": {
            "type": "list",
            "values": [
                {
                    "type": "tuple",
                    "values": [
                        0.023671709400422736,
                        0.0266486700436947
                    ]
                },
                {
                    "type": "tuple",
                    "values": [
                        0.023183167639858004,
                        0.034730351911513566
                    ]
                },
                {
                    "type": "tuple",
                    "values": [
                        0.11005898713643213,
                        0.08178248724618042
                    ]
                },
                {
                    "type": "tuple",
                    "values": [
                        0.08988069176919088,
                        0.09520279341923564
                    ]
                },
                {
                    "type": "tuple",
                    "values": [
                        0.07242890292257,
                        0.10102235594001596
                    ]
                },
                {
                    "type": "tuple",
                    "values": [
                        0.1149711891145915,
                        0.04837022127809
                    ]
                }
            ]
        },
        "values_at_sigma_1": {
            "type": "list",
            "values": [
                {
                    "type": "tuple",
                    "values": [
                        0.14195617360066,
                        0.15840476228556
                    ]
                },
                {
                    "type": "tuple",
                    "values": [
                        -0.15244549964297,
                        -0.12762325802988
                    ]
                },
                {
                    "type": "tuple",
                    "values": [
                        -0.03305541556290835,
                        0.05394816868020693
                    ]
                },
                {
                    "type": "tuple",
                    "values": [
                        -0.04547925206480662,
                        0.02707094308504
                    ]
                },
                {
                    "type": "tuple",
                    "values": [
                        -0.06649911315346542,
                        0.026699824151308827
                    ]
                },
                {
                    "type": "tuple",
                    "values": [
                        0.02587236836679023,
                        0.07678944294269685
                    ]
                }
            ]
        },
        "max_log_likelihood_sample": {
            "type": "instance",
            "class_path": "autofit.non_linear.samples.sample.Sample",
            "arguments": {
                "log_likelihood": -50.05150319215297,
                "log_prior": 0.0,
                "weight": 0.001055854636442186,
                "kwargs": {
                    "type": "dict",
                    "arguments": {
                        "ellipses.0.ell_comps.ell_comps_0": 0.14363097172633,
                        "ellipses.0.ell_comps.ell_comps_1": -0.14971402601715,
                        "multipoles.0.multipole_3.multipole_comps.multipole_comps_0": 0.04443128174008,
                        "multipoles.0.multipole_3.multipole_comps.multipole_comps_1": -0.02347610547243,
                        "multipoles.0.multipole_4.multipole_comps.multipole_comps_0": -0.03541510637215,
                        "multipoles.0.multipole_4.multipole_comps.multipole_comps_1": 0.05065156899607
                    }
                }
            }
        },
        "errors_at_sigma_1": {
            "type": "list",
            "values": [
                {
                    "type": "tuple",
                    "values": [
                        0.00595495169282273,
                        0.010493636992077254
                    ]
                },
                {
                    "type": "tuple",
                    "values": [
                        0.006507002648834415,
                        0.018315238964255576
                    ]
                },
                {
                    "type": "tuple",
                    "values": [
                        0.04637705133181792,
                        0.04062653291129735
                    ]
                },
                {
                    "type": "tuple",
                    "values": [
                        0.0392309318163775,
                        0.03331926333346913
                    ]
                },
                {
                    "type": "tuple",
                    "values": [
                        0.04033938342452542,
                        0.05285955388024883
                    ]
                },
                {
                    "type": "tuple",
                    "values": [
                        0.025434650723869773,
                        0.025482423852036848
                    ]
                }
            ]
        }
    }
}