{
    "type": "instance",
    "class_path": "autofit.non_linear.samples.summary.SamplesSummary",
    "arguments": {
        "median_pdf_sample": {
            "type": "instance",
            "class_path": "autofit.non_linear.samples.sample.Sample",
            "arguments": {
                "log_likelihood": -37.57855624961349,
                "log_prior": 0.0,
                "weight": 0.0009908314387808584,
                "kwargs": {
                    "type": "dict",
                    "arguments": {
                        "ellipses.0.ell_comps.ell_comps_0": 0.08752131341486871,
                        "ellipses.0.ell_comps.ell_comps_1": 0.05778756340376,
                        "multipoles.0.multipole_1.multipole_comps.multipole_comps_0": 0.020780937912457723,
                        "multipoles.0.multipole_1.multipole_comps.multipole_comps_1": -0.029143859093774586,
                        "multipoles.0.multipole_3.multipole_comps.multipole_comps_0": 0.07619006615541266,
                        "multipoles.0.multipole_3.multipole_comps.multipole_comps_1": -0.06718390078984353,
                        "multipoles.0.multipole_4.multipole_comps.multipole_comps_0": -0.03528802084067184,
                        "multipoles.0.multipole_4.multipole_comps.multipole_comps_1": 0.04542021602903883
                    }
                }
            }
        },
        "max_log_likelihood_sample": {
            "type": "instance",
            "class_path": "autofit.non_linear.samples.sample.Sample",
            "arguments": {
                "log_likelihood": -37.57855624961349,
                "log_prior": 0.0,
                "weight": 0.0009908314387808584,
                "kwargs": {
                    "type": "dict",
                    "arguments": {
                        "ellipses.0.ell_comps.ell_comps_0": 0.0878695071578,
                        "ellipses.0.ell_comps.ell_comps_1": 0.05819883966583,
                        "multipoles.0.multipole_1.multipole_comps.multipole_comps_0": 0.00709427918654,
                        "multipoles.0.multipole_1.multipole_comps.multipole_comps_1": -0.02692685753209,
                        "multipoles.0.multipole_3.multipole_comps.multipole_comps_0": 0.08157907169349,
                        "multipoles.0.multipole_3.multipole_comps.multipole_comps_1": -0.07948915095305,
                        "multipoles.0.multipole_4.multipole_comps.multipole_comps_0": -0.03496799238157,
                        "multipoles.0.multipole_4.multipole_comps.multipole_comps_1": 0.05668446610791
                    }
                }
            }
        },
        "errors_at_sigma_1": {
            "type": "list",
            "values": [
                {
                    "type": "tuple",
                    "values": [
                        0.004611485427644141,
                        0.001547169875281293
                    ]
                },
                {
                    "type": "tuple",
                    "values": [
                        0.002547321258070001,
                        0.0038161909664085544
                    ]
                },
                {
                    "type": "tuple",
                    "values": [
                        0.02577215313413216,
                        0.03569953782750228
                    ]
                },
                {
                    "type": "tuple",
                    "values": [
                        0.01930012360384086,
                        0.022659928141436754
                    ]
                },
                {
                    "type": "tuple",
                    "values": [
                        0.024141528878802658,
                        0.016221212071442476
                    ]
                },
                {
                    "type": "tuple",
                    "values": [
                        0.02065803320410417,
                        0.02887421193123088
                    ]
                },
                {
                    "type": "tuple",
                    "values": [
                        0.02206864731878816,
                        0.01983314747591486
                    ]
                },
                {
                    "type": "tuple",
                    "values": [
                        0.02019132194233408,
                        0.02016211636876148
                    ]
                }
            ]
        },
        "values_at_sigma_1": {
            "type": "list",
            "values": [
                {
                    "type": "tuple",
                    "values": [
                        0.08290982798722457,
                        0.08906848329015
                    ]
                },
                {
                    "type": "tuple",
                    "values": [
                        0.05524024214569,
                        0.06160375437016855
                    ]
                },
                {
                    "type": "tuple",
                    "values": [
                        -0.004991215221674436,
                        0.05648047573996
                    ]
                },
                {
                    "type": "tuple",
                    "values": [
                        -0.04844398269761545,
                        -0.006483930952337831
                    ]
                },
                {
                    "type": "tuple",
                    "values": [
                        0.05204853727661,
                        0.09241127822685513
                    ]
                },
                {
                    "type": "tuple",
                    "values": [
                        -0.0878419339939477,
                        -0.03830968885861265
                    ]
                },
                {
                    "type": "tuple",
                    "values": [
                        -0.05735666815946,
                        -0.015454873364756984
                    ]
                },
                {
                    "type": "tuple",
                    "values": [
                        0.025228894086704753,
                        0.06558233239780031
                    ]
                }
            ]
        },
        "errors_at_sigma_3": {
            "type": "list",
            "values": [
                {
                    "type": "tuple",
                    "values": [
                        0.010368825606822507,
                        0.01615335695769128
                    ]
                },
                {
                    "type": "tuple",
                    "values": [
                        0.008265522757690477,
                        0.0086343610245041
                    ]
                },
                {
                    "type": "tuple",
                    "values": [
                        0.11983690689573978,
                        0.081173362111185
                    ]
                },
                {
                    "type": "tuple",
                    "values": [
                        0.1161223505909543,
                        0.08203951929275534
                    ]
                },
                {
                    "type": "tuple",
                    "values": [
                        0.15811171097237264,
                        0.023552804304552644
                    ]
                },
                {
                    "type": "tuple",
                    "values": [
                        0.032676685155976465,
                        0.09977748909008367
                    ]
                },
                {
                    "type": "tuple",
                    "values": [
                        0.05246850319879315,
                        0.06617019410790184
                    ]
                },
                {
                    "type": "tuple",
                    "values": [
                        0.10542881107971287,
                        0.05356730834728903
                    ]
                }
            ]
        },
        "values_at_sigma_3": {
            "type": "list",
            "values": [
                {
                    "type": "tuple",
                    "values": [
                        0.0771524878080462,
                        0.10367467037256
                    ]
                },
                {
                    "type": "tuple",
                    "values": [
                        0.04952204064606952,
                        0.0664219244282641
                    ]
                },
                {
                    "type": "tuple",
                    "values": [
                        -0.09905596898328206,
                        0.10195430002364272
                    ]
                },
                {
                    "type": "tuple",
                    "values": [
                        -0.1452662096847289,
                        0.05289566019898075
                    ]
                },
                {
                    "type": "tuple",
                    "values": [
                        -0.08192164481696,
                        0.0997428704599653
                    ]
                },
                {
                    "type": "tuple",
                    "values": [
                        -0.09986058594582,
                        0.032593588300240145
                    ]
                },
                {
                    "type": "tuple",
                    "values": [
                        -0.08775652403946499,
                        0.03088217326723
                    ]
                },
                {
                    "type": "tuple",
                    "values": [
                        -0.06000859505067404,
                        0.09898752437632787
                    ]
                }
            ]
        },
        "model": null,
        "log_evidence": -57.89476455469895
    }
}