{
    "type": "instance",
    "class_path": "autofit.non_linear.samples.summary.SamplesSummary",
    "arguments": {
        "errors_at_sigma_1": {
            "type": "list",
            "values": [
                {
                    "type": "tuple",
                    "values": [
                        0.025828131554084303,
                        0.020510060198947078
                    ]
                },
                {
                    "type": "tuple",
                    "values": [
                        0.01607907864643285,
                        0.012366178833944988
                    ]
                },
                {
                    "type": "tuple",
                    "values": [
                        0.013940909745381752,
                        0.015270636998868246
                    ]
                },
                {
                    "type": "tuple",
                    "values": [
                        0.015020096944802327,
                        0.014169390816
                    ]
                },
                {
                    "type": "tuple",
                    "values": [
                        0.01881457007649079,
                        0.013553126427869638
                    ]
                },
                {
                    "type": "tuple",
                    "values": [
                        0.018330643882626323,
                        0.015041287735900001
                    ]
                },
                {
                    "type": "tuple",
                    "values": [
                        0.021912081054669404,
                        0.01905514821968
                    ]
                },
                {
                    "type": "tuple",
                    "values": [
                        0.019730916245355154,
                        0.019778988894340002
                    ]
                }
            ]
        },
        "max_log_likelihood_sample": {
            "type": "instance",
            "class_path": "autofit.non_linear.samples.sample.Sample",
            "arguments": {
                "log_likelihood": -19.776508394190817,
                "log_prior": 0.0,
                "weight": 0.0010265201395845609,
                "kwargs": {
                    "type": "dict",
                    "arguments": {
                        "ellipses.0.ell_comps.ell_comps_0": 0.06867508955571,
                        "ellipses.0.ell_comps.ell_comps_1": -0.1065491820872,
                        "multipoles.0.multipole_1.multipole_comps.multipole_comps_0": -0.01329263687589,
                        "multipoles.0.multipole_1.multipole_comps.multipole_comps_1": -0.00986028903639,
                        "multipoles.0.multipole_3.multipole_comps.multipole_comps_0": -0.01204149692613,
                        "multipoles.0.multipole_3.multipole_comps.multipole_comps_1": 0.00758531821005,
                        "multipoles.0.multipole_4.multipole_comps.multipole_comps_0": 0.02864110113884,
                        "multipoles.0.multipole_4.multipole_comps.multipole_comps_1": -0.01871481923091
                    }
                }
            }
        },
        "model": null,
        "values_at_sigma_1": {
            "type": "list",
            "values": [
                {
                    "type": "tuple",
                    "values": [
                        0.058655000876678624,
                        0.10499319262971
                    ]
                },
                {
                    "type": "tuple",
                    "values": [
                        -0.1316719553555735,
                        -0.10322669787519566
                    ]
                },
                {
                    "type": "tuple",
                    "values": [
                        -0.02357502781679,
                        0.00563651892746
                    ]
                },
                {
                    "type": "tuple",
                    "values": [
                        -0.010764353804562327,
                        0.01842513395624
                    ]
                },
                {
                    "type": "tuple",
                    "values": [
                        -0.019647540049494153,
                        0.012720156454866273
                    ]
                },
                {
                    "type": "tuple",
                    "values": [
                        -0.014566259674866324,
                        0.01880567194366
                    ]
                },
                {
                    "type": "tuple",
                    "values": [
                        -0.000508515985629407,
                        0.04045871328872
                    ]
                },
                {
                    "type": "tuple",
                    "values": [
                        -0.037051313257605155,
                        0.00245859188209
                    ]
                }
            ]
        },
        "median_pdf_sample": {
            "type": "instance",
            "class_path": "autofit.non_linear.samples.sample.Sample",
            "arguments": {
                "log_likelihood": -19.776508394190817,
                "log_prior": 0.0,
                "weight": 0.0010265201395845609,
                "kwargs": {
                    "type": "dict",
                    "arguments": {
                        "ellipses.0.ell_comps.ell_comps_0": 0.08448313243076293,
                        "ellipses.0.ell_comps.ell_comps_1": -0.11559287670914065,
                        "multipoles.0.multipole_1.multipole_comps.multipole_comps_0": -0.009634118071408246,
                        "multipoles.0.multipole_1.multipole_comps.multipole_comps_1": 0.00425574314024,
                        "multipoles.0.multipole_3.multipole_comps.multipole_comps_0": -0.0008329699730033652,
                        "multipoles.0.multipole_3.multipole_comps.multipole_comps_1": 0.00376438420776,
                        "multipoles.0.multipole_4.multipole_comps.multipole_comps_0": 0.02140356506904,
                        "multipoles.0.multipole_4.multipole_comps.multipole_comps_1": -0.01732039701225
                    }
                }
            }
        },
        "values_at_sigma_3": {
            "type": "list",
            "values": [
                {
                    "type": "tuple",
                    "values": [
                        0.03794930317333324,
                        0.12943899015850704
                    ]
                },
                {
                    "type": "tuple",
                    "values": [
                        -0.15129968339750402,
                        -0.08486337566503042
                    ]
                },
                {
                    "type": "tuple",
                    "values": [
                        -0.05327464192419,
                        0.05312897763766
                    ]
                },
                {
                    "type": "tuple",
                    "values": [
                        -0.04253269658841033,
                        0.04094992752185275
                    ]
                },
                {
                    "type": "tuple",
                    "values": [
                        -0.044652262149137485,
                        0.03692981485722345
                    ]
                },
                {
                    "type": "tuple",
                    "values": [
                        -0.06073502114858,
                        0.05030068813476206
                    ]
                },
                {
                    "type": "tuple",
                    "values": [
                        -0.03520706274439015,
                        0.06919910067062567
                    ]
                },
                {
                    "type": "tuple",
                    "values": [
                        -0.07214218424366,
                        0.04073038465101028
                    ]
                }
            ]
        },
        "errors_at_sigma_3": {
            "type": "list",
            "values": [
                {
                    "type": "tuple",
                    "values": [
                        0.04653382925742969,
                        0.04495585772774412
                    ]
                },
                {
                    "type": "tuple",
                    "values": [
                        0.035706806688363374,
                        0.030729501044110222
                    ]
                },
                {
                    "type": "tuple",
                    "values": [
                        0.043640523852781755,
                        0.06276309570906825
                    ]
                },
                {
                    "type": "tuple",
                    "values": [
                        0.04678843972865033,
                        0.03669418438161275
                    ]
                },
                {
                    "type": "tuple",
                    "values": [
                        0.04381929217613412,
                        0.03776278483022682
                    ]
                },
                {
                    "type": "tuple",
                    "values": [
                        0.06449940535634001,
                        0.04653630392700206
                    ]
                },
                {
                    "type": "tuple",
                    "values": [
                        0.05661062781343015,
                        0.04779553560158567
                    ]
                },
                {
                    "type": "tuple",
                    "values": [
                        0.054821787231410006,
                        0.05805078166326028
                    ]
                }
            ]
        },
        "log_evidence": -39.2008985565961
    }
}