{
    "type": "instance",
    "class_path": "autofit.non_linear.samples.summary.SamplesSummary",
    "arguments": {
        "log_evidence": -48.795586154552865,
        "values_at_sigma_1": {
            "type": "list",
            "values": [
                {
                    "type": "tuple",
                    "values": [
                        -0.1731129675903,
                        -0.16548330841252215
                    ]
                },
                {
                    "type": "tuple",
                    "values": [
                        0.04803069098665258,
                        0.05802855839655
                    ]
                },
                {
                    "type": "tuple",
                    "values": [
                        -0.010932214516190265,
                        0.0037032007724491865
                    ]
                },
                {
                    "type": "tuple",
                    "values": [
                        -0.00518489384698,
                        0.006429167844831297
                    ]
                },
                {
                    "type": "tuple",
                    "values": [
                        -0.012014361813550015,
                        -0.00122997441643
                    ]
                },
                {
                    "type": "tuple",
                    "values": [
                        -0.006541633892953812,
                        0.004317521409223805
                    ]
                }
            ]
        },
        "max_log_likelihood_sample": {
            "type": "instance",
            "class_path": "autofit.non_linear.samples.sample.Sample",
            "arguments": {
                "log_likelihood": -28.534318149506294,
                "log_prior": 0.0,
                "weight": 0.0010518909606878433,
                "kwargs": {
                    "type": "dict",
                    "arguments": {
                        "ellipses.0.ell_comps.ell_comps_0": -0.1655934979313,
                        "ellipses.0.ell_comps.ell_comps_1": 0.05223563804582,
                        "multipoles.0.multipole_3.multipole_comps.multipole_comps_0": -0.00204410341197,
                        "multipoles.0.multipole_3.multipole_comps.multipole_comps_1": 0.00252919104245,
                        "multipoles.0.multipole_4.multipole_comps.multipole_comps_0": -0.00417882928365,
                        "multipoles.0.multipole_4.multipole_comps.multipole_comps_1": 0.00099684860101
                    }
                }
            }
        },
        "model": null,
        "values_at_sigma_3": {
            "type": "list",
            "values": [
                {
                    "type": "tuple",
                    "values": [
                        -0.18110789955706,
                        -0.15858363804899542
                    ]
                },
                {
                    "type": "tuple",
                    "values": [
                        0.038866827232360984,
                        0.06630312502640508
                    ]
                },
                {
                    "type": "tuple",
                    "values": [
                        -0.02194074847816,
                        0.016510598330098564
                    ]
                },
                {
                    "type": "tuple",
                    "values": [
                        -0.01682607766038,
                        0.015192332461112845
                    ]
                },
                {
                    "type": "tuple",
                    "values": [
                        -0.020093572367529396,
                        0.00885530907164501
                    ]
                },
                {
                    "type": "tuple",
                    "values": [
                        -0.01734874598297,
                        0.01505520999754928
                    ]
                }
            ]
        },
        "median_pdf_sample": {
            "type": "instance",
            "class_path": "autofit.non_linear.samples.sample.Sample",
            "arguments": {
                "log_likelihood": -28.534318149506294,
                "log_prior": 0.0,
                "weight": 0.0010518909606878433,
                "kwargs": {
                    "type": "dict",
                    "arguments": {
                        "ellipses.0.ell_comps.ell_comps_0": -0.16932277679910288,
                        "ellipses.0.ell_comps.ell_comps_1": 0.05317203364317026,
                        "multipoles.0.multipole_3.multipole_comps.multipole_comps_0": -0.00347017697974,
                        "multipoles.0.multipole_3.multipole_comps.multipole_comps_1": 0.00023949084388,
                        "multipoles.0.multipole_4.multipole_comps.multipole_comps_0": -0.006240430896409034,
                        "multipoles.0.multipole_4.multipole_comps.multipole_comps_1": -0.00086197743362
                    }
                }
            }
        },
        "errors_at_sigma_3": {
            "type": "list",
            "values": [
                {
                    "type": "tuple",
                    "values": [
                        0.011785122757957123,
                        0.010739138750107458
                    ]
                },
                {
                    "type": "tuple",
                    "values": [
                        0.014305206410809276,
                        0.013131091383234816
                    ]
                },
                {
                    "type": "tuple",
                    "values": [
                        0.01847057149842,
                        0.019980775309838564
                    ]
                },
                {
                    "type": "tuple",
                    "values": [
                        0.017065568504259998,
                        0.014952841617232844
                    ]
                },
                {
                    "type": "tuple",
                    "values": [
                        0.013853141471120363,
                        0.015095739968054044
                    ]
                },
                {
                    "type": "tuple",
                    "values": [
                        0.01648676854935,
                        0.01591718743116928
                    ]
                }
            ]
        },
        "errors_at_sigma_1": {
            "type": "list",
            "values": [
                {
                    "type": "tuple",
                    "values": [
                        0.0037901907911971344,
                        0.0038394683865807244
                    ]
                },
                {
                    "type": "tuple",
                    "values": [
                        0.005141342656517681,
                        0.0048565247533797415
                    ]
                },
                {
                    "type": "tuple",
                    "values": [
                        0.007462037536450266,
                        0.007173377752189186
                    ]
                },
                {
                    "type": "tuple",
                    "values": [
                        0.00542438469086,
                        0.006189677000951297
                    ]
                },
                {
                    "type": "tuple",
                    "values": [
                        0.005773930917140981,
                        0.005010456479979034
                    ]
                },
                {
                    "type": "tuple",
                    "values": [
                        0.005679656459333812,
                        0.005179498842843805
                    ]
                }
            ]
        }
    }
}