{
    "type": "instance",
    "class_path": "autofit.non_linear.samples.summary.SamplesSummary",
    "arguments": {
        "max_log_likelihood_sample": {
            "type": "instance",
            "class_path": "autofit.non_linear.samples.sample.Sample",
            "arguments": {
                "log_likelihood": -43.69167508043223,
                "log_prior": 0.0,
                "weight": 0.0010311422171687624,
                "kwargs": {
                    "type": "dict",
                    "arguments": {
                        "ellipses.0.ell_comps.ell_comps_0": 0.14572872331379,
                        "ellipses.0.ell_comps.ell_comps_1": -0.0223069065011,
                        "multipoles.0.multipole_3.multipole_comps.multipole_comps_0": 0.00727222874529,
                        "multipoles.0.multipole_3.multipole_comps.multipole_comps_1": 0.00261238854641,
                        "multipoles.0.multipole_4.multipole_comps.multipole_comps_0": -0.00252576174733,
                        "multipoles.0.multipole_4.multipole_comps.multipole_comps_1": 0.02127237314084
                    }
                }
            }
        },
        "median_pdf_sample": {
            "type": "instance",
            "class_path": "autofit.non_linear.samples.sample.Sample",
            "arguments": {
                "log_likelihood": -43.69167508043223,
                "log_prior": 0.0,
                "weight": 0.0010311422171687624,
                "kwargs": {
                    "type": "dict",
                    "arguments": {
                        "ellipses.0.ell_comps.ell_comps_0": 0.14462121944903833,
                        "ellipses.0.ell_comps.ell_comps_1": -0.02506501965025916,
                        "multipoles.0.multipole_3.multipole_comps.multipole_comps_0": 0.007329335681479111,
                        "multipoles.0.multipole_3.multipole_comps.multipole_comps_1": 0.00449130718494,
                        "multipoles.0.multipole_4.multipole_comps.multipole_comps_0": 0.004041096732620325,
                        "multipoles.0.multipole_4.multipole_comps.multipole_comps_1": 0.00965567018412
                    }
                }
            }
        },
        "values_at_sigma_1": {
            "type": "list",
            "values": [
                {
                    "type": "tuple",
                    "values": [
                        0.14150433578906,
                        0.14692461047716943
                    ]
                },
                {
                    "type": "tuple",
                    "values": [
                        -0.03090354336247348,
                        -0.02038040017377135
                    ]
                },
                {
                    "type": "tuple",
                    "values": [
                        0.0005935604095500794,
                        0.0150294600131
                    ]
                },
                {
                    "type": "tuple",
                    "values": [
                        -0.00400637111208,
                        0.01477105642621353
                    ]
                },
                {
                    "type": "tuple",
                    "values": [
                        -0.00594964821407,
                        0.01400338893651
                    ]
                },
                {
                    "type": "tuple",
                    "values": [
                        -0.00496857298316,
                        0.024413367874812884
                    ]
                }
            ]
        },
        "log_evidence": -63.43894865693257,
        "errors_at_sigma_3": {
            "type": "list",
            "values": [
                {
                    "type": "tuple",
                    "values": [
                        0.013684420596162927,
                        0.005941366641489115
                    ]
                },
                {
                    "type": "tuple",
                    "values": [
                        0.016993101634710843,
                        0.01284141053612916
                    ]
                },
                {
                    "type": "tuple",
                    "values": [
                        0.027631834627689113,
                        0.021597671777687295
                    ]
                },
                {
                    "type": "tuple",
                    "values": [
                        0.03329207328663784,
                        0.02574418768069562
                    ]
                },
                {
                    "type": "tuple",
                    "values": [
                        0.03689340715879527,
                        0.030162208633459676
                    ]
                },
                {
                    "type": "tuple",
                    "values": [
                        0.042079371667420006,
                        0.0400654044919532
                    ]
                }
            ]
        },
        "model": null,
        "values_at_sigma_3": {
            "type": "list",
            "values": [
                {
                    "type": "tuple",
                    "values": [
                        0.1309367988528754,
                        0.15056258609052744
                    ]
                },
                {
                    "type": "tuple",
                    "values": [
                        -0.04205812128497,
                        -0.01222360911413
                    ]
                },
                {
                    "type": "tuple",
                    "values": [
                        -0.02030249894621,
                        0.028927007459166407
                    ]
                },
                {
                    "type": "tuple",
                    "values": [
                        -0.02880076610169784,
                        0.03023549486563562
                    ]
                },
                {
                    "type": "tuple",
                    "values": [
                        -0.032852310426174945,
                        0.03420330536608
                    ]
                },
                {
                    "type": "tuple",
                    "values": [
                        -0.0324237014833,
                        0.0497210746760732
                    ]
                }
            ]
        },
        "errors_at_sigma_1": {
            "type": "list",
            "values": [
                {
                    "type": "tuple",
                    "values": [
                        0.0031168836599783367,
                        0.0023033910281310965
                    ]
                },
                {
                    "type": "tuple",
                    "values": [
                        0.0058385237122143205,
                        0.0046846194764878085
                    ]
                },
                {
                    "type": "tuple",
                    "values": [
                        0.006735775271929032,
                        0.007700124331620889
                    ]
                },
                {
                    "type": "tuple",
                    "values": [
                        0.00849767829702,
                        0.01027974924127353
                    ]
                },
                {
                    "type": "tuple",
                    "values": [
                        0.009990744946690324,
                        0.009962292203889675
                    ]
                },
                {
                    "type": "tuple",
                    "values": [
                        0.014624243167280001,
                        0.014757697690692883
                    ]
                }
            ]
        }
    }
}