{
    "type": "instance",
    "class_path": "autofit.non_linear.samples.summary.SamplesSummary",
    "arguments": {
        "values_at_sigma_3": {
            "type": "list",
            "values": [
                {
                    "type": "tuple",
                    "values": [
                        -0.08967677831234416,
                        0.01883554377867
                    ]
                },
                {
                    "type": "tuple",
                    "values": [
                        -0.03140173869154,
                        0.07925551352725
                    ]
                },
                {
                    "type": "tuple",
                    "values": [
                        -0.16005152135612352,
                        0.15624918361298373
                    ]
                },
                {
                    "type": "tuple",
                    "values": [
                        -0.19838218305278738,
                        0.09703457121308
                    ]
                },
                {
                    "type": "tuple",
                    "values": [
                        -0.0996381003037926,
                        0.09997033041518
                    ]
                },
                {
                    "type": "tuple",
                    "values": [
                        -0.08660156908887318,
                        0.09865376619411403
                    ]
                },
                {
                    "type": "tuple",
                    "values": [
                        -0.09889781899927931,
                        0.09930201055802149
                    ]
                },
                {
                    "type": "tuple",
                    "values": [
                        -0.09987076034778465,
                        0.09812694744348
                    ]
                }
            ]
        },
        "max_log_likelihood_sample": {
            "type": "instance",
            "class_path": "autofit.non_linear.samples.sample.Sample",
            "arguments": {
                "log_likelihood": -36.40687354420288,
                "log_prior": 0.0,
                "weight": 0.0009378557370446389,
                "kwargs": {
                    "type": "dict",
                    "arguments": {
                        "ellipses.0.ell_comps.ell_comps_0": -0.01352601979912,
                        "ellipses.0.ell_comps.ell_comps_1": 0.03667015379618,
                        "multipoles.0.multipole_1.multipole_comps.multipole_comps_0": 0.00571604237618,
                        "multipoles.0.multipole_1.multipole_comps.multipole_comps_1": 0.00021459048764,
                        "multipoles.0.multipole_3.multipole_comps.multipole_comps_0": 0.08307182083517,
                        "multipoles.0.multipole_3.multipole_comps.multipole_comps_1": 0.07601872890167,
                        "multipoles.0.multipole_4.multipole_comps.multipole_comps_0": -0.00453866115926,
                        "multipoles.0.multipole_4.multipole_comps.multipole_comps_1": 0.04526585119122
                    }
                }
            }
        },
        "values_at_sigma_1": {
            "type": "list",
            "values": [
                {
                    "type": "tuple",
                    "values": [
                        -0.07119807867754,
                        0.00074126978997
                    ]
                },
                {
                    "type": "tuple",
                    "values": [
                        -0.017332190817249234,
                        0.04181892530057
                    ]
                },
                {
                    "type": "tuple",
                    "values": [
                        -0.06746263598005232,
                        0.06301916273256
                    ]
                },
                {
                    "type": "tuple",
                    "values": [
                        -0.14768038441751516,
                        0.00481880671243
                    ]
                },
                {
                    "type": "tuple",
                    "values": [
                        -0.01948275436491,
                        0.09253324957788
                    ]
                },
                {
                    "type": "tuple",
                    "values": [
                        -0.03078353124603,
                        0.07002703362328948
                    ]
                },
                {
                    "type": "tuple",
                    "values": [
                        -0.06717626796363,
                        0.041287682281349
                    ]
                },
                {
                    "type": "tuple",
                    "values": [
                        -0.07666228989633676,
                        0.06896268878542
                    ]
                }
            ]
        },
        "median_pdf_sample": {
            "type": "instance",
            "class_path": "autofit.non_linear.samples.sample.Sample",
            "arguments": {
                "log_likelihood": -36.40687354420288,
                "log_prior": 0.0,
                "weight": 0.0009378557370446389,
                "kwargs": {
                    "type": "dict",
                    "arguments": {
                        "ellipses.0.ell_comps.ell_comps_0": -0.01489005931513,
                        "ellipses.0.ell_comps.ell_comps_1": 0.03008050551403,
                        "multipoles.0.multipole_1.multipole_comps.multipole_comps_0": 0.01080413526697,
                        "multipoles.0.multipole_1.multipole_comps.multipole_comps_1": -0.0523178322783689,
                        "multipoles.0.multipole_3.multipole_comps.multipole_comps_0": 0.06929593339976475,
                        "multipoles.0.multipole_3.multipole_comps.multipole_comps_1": 0.00782456677134,
                        "multipoles.0.multipole_4.multipole_comps.multipole_comps_0": 0.00545418656665,
                        "multipoles.0.multipole_4.multipole_comps.multipole_comps_1": 0.02486725628620919
                    }
                }
            }
        },
        "model": null,
        "log_evidence": -51.79916304520821,
        "errors_at_sigma_3": {
            "type": "list",
            "values": [
                {
                    "type": "tuple",
                    "values": [
                        0.07478671899721416,
                        0.0337256030938
                    ]
                },
                {
                    "type": "tuple",
                    "values": [
                        0.06148224420557,
                        0.049175008013219994
                    ]
                },
                {
                    "type": "tuple",
                    "values": [
                        0.17085565662309352,
                        0.14544504834601374
                    ]
                },
                {
                    "type": "tuple",
                    "values": [
                        0.14606435077441848,
                        0.1493524034914489
                    ]
                },
                {
                    "type": "tuple",
                    "values": [
                        0.16893403370355736,
                        0.030674397015415245
                    ]
                },
                {
                    "type": "tuple",
                    "values": [
                        0.09442613586021317,
                        0.09082919942277404
                    ]
                },
                {
                    "type": "tuple",
                    "values": [
                        0.10435200556592931,
                        0.09384782399137148
                    ]
                },
                {
                    "type": "tuple",
                    "values": [
                        0.12473801663399384,
                        0.07325969115727081
                    ]
                }
            ]
        },
        "errors_at_sigma_1": {
            "type": "list",
            "values": [
                {
                    "type": "tuple",
                    "values": [
                        0.05630801936240999,
                        0.0156313291051
                    ]
                },
                {
                    "type": "tuple",
                    "values": [
                        0.04741269633127923,
                        0.01173841978654
                    ]
                },
                {
                    "type": "tuple",
                    "values": [
                        0.07826677124702232,
                        0.05221502746559
                    ]
                },
                {
                    "type": "tuple",
                    "values": [
                        0.09536255213914627,
                        0.0571366389907989
                    ]
                },
                {
                    "type": "tuple",
                    "values": [
                        0.08877868776467475,
                        0.023237316178115253
                    ]
                },
                {
                    "type": "tuple",
                    "values": [
                        0.03860809801737,
                        0.06220246685194948
                    ]
                },
                {
                    "type": "tuple",
                    "values": [
                        0.07263045453028,
                        0.035833495714699
                    ]
                },
                {
                    "type": "tuple",
                    "values": [
                        0.10152954618254595,
                        0.044095432499210815
                    ]
                }
            ]
        }
    }
}