{
    "type": "instance",
    "class_path": "autofit.non_linear.samples.summary.SamplesSummary",
    "arguments": {
        "values_at_sigma_1": {
            "type": "list",
            "values": [
                {
                    "type": "tuple",
                    "values": [
                        0.04170816616388668,
                        0.05109619213808703
                    ]
                },
                {
                    "type": "tuple",
                    "values": [
                        -0.07480607845142,
                        -0.06753401473489522
                    ]
                },
                {
                    "type": "tuple",
                    "values": [
                        -0.010255464913388171,
                        0.012095455372809812
                    ]
                },
                {
                    "type": "tuple",
                    "values": [
                        -0.0058654638754870436,
                        0.01603994854269
                    ]
                },
                {
                    "type": "tuple",
                    "values": [
                        -0.003926462525359758,
                        0.01992570921925124
                    ]
                },
                {
                    "type": "tuple",
                    "values": [
                        -0.003346193386841769,
                        0.019027316198564397
                    ]
                },
                {
                    "type": "tuple",
                    "values": [
                        -0.00904605909042,
                        0.01307530372574
                    ]
                },
                {
                    "type": "tuple",
                    "values": [
                        -0.020070184250863973,
                        0.012324545972413429
                    ]
                }
            ]
        },
        "max_log_likelihood_sample": {
            "type": "instance",
            "class_path": "autofit.non_linear.samples.sample.Sample",
            "arguments": {
                "log_likelihood": -27.379452451323775,
                "log_prior": 0.0,
                "weight": 0.0010521712024712518,
                "kwargs": {
                    "type": "dict",
                    "arguments": {
                        "ellipses.0.ell_comps.ell_comps_0": 0.04499865150566,
                        "ellipses.0.ell_comps.ell_comps_1": -0.06769830188587,
                        "multipoles.0.multipole_1.multipole_comps.multipole_comps_0": 0.00411345546553,
                        "multipoles.0.multipole_1.multipole_comps.multipole_comps_1": 0.00731255156172,
                        "multipoles.0.multipole_3.multipole_comps.multipole_comps_0": 0.00494217310574,
                        "multipoles.0.multipole_3.multipole_comps.multipole_comps_1": -0.00305614996008,
                        "multipoles.0.multipole_4.multipole_comps.multipole_comps_0": -0.00452994126374,
                        "multipoles.0.multipole_4.multipole_comps.multipole_comps_1": -0.01745336975842
                    }
                }
            }
        },
        "errors_at_sigma_1": {
            "type": "list",
            "values": [
                {
                    "type": "tuple",
                    "values": [
                        0.004553737571688886,
                        0.004834288402511461
                    ]
                },
                {
                    "type": "tuple",
                    "values": [
                        0.004077543310229997,
                        0.003194520406294782
                    ]
                },
                {
                    "type": "tuple",
                    "values": [
                        0.011318955194490395,
                        0.011031965091707589
                    ]
                },
                {
                    "type": "tuple",
                    "values": [
                        0.012060479385817044,
                        0.009844933032359999
                    ]
                },
                {
                    "type": "tuple",
                    "values": [
                        0.011473061139774761,
                        0.012379110604836235
                    ]
                },
                {
                    "type": "tuple",
                    "values": [
                        0.01254634511282177,
                        0.009827164472584396
                    ]
                },
                {
                    "type": "tuple",
                    "values": [
                        0.011035491633127668,
                        0.011085871183032331
                    ]
                },
                {
                    "type": "tuple",
                    "values": [
                        0.01722083967697118,
                        0.015173890546306221
                    ]
                }
            ]
        },
        "model": null,
        "median_pdf_sample": {
            "type": "instance",
            "class_path": "autofit.non_linear.samples.sample.Sample",
            "arguments": {
                "log_likelihood": -27.379452451323775,
                "log_prior": 0.0,
                "weight": 0.0010521712024712518,
                "kwargs": {
                    "type": "dict",
                    "arguments": {
                        "ellipses.0.ell_comps.ell_comps_0": 0.046261903735575566,
                        "ellipses.0.ell_comps.ell_comps_1": -0.07072853514119,
                        "multipoles.0.multipole_1.multipole_comps.multipole_comps_0": 0.001063490281102224,
                        "multipoles.0.multipole_1.multipole_comps.multipole_comps_1": 0.00619501551033,
                        "multipoles.0.multipole_3.multipole_comps.multipole_comps_0": 0.007546598614415002,
                        "multipoles.0.multipole_3.multipole_comps.multipole_comps_1": 0.00920015172598,
                        "multipoles.0.multipole_4.multipole_comps.multipole_comps_0": 0.0019894325427076676,
                        "multipoles.0.multipole_4.multipole_comps.multipole_comps_1": -0.0028493445738927933
                    }
                }
            }
        },
        "errors_at_sigma_3": {
            "type": "list",
            "values": [
                {
                    "type": "tuple",
                    "values": [
                        0.013734344482813743,
                        0.012848966968089862
                    ]
                },
                {
                    "type": "tuple",
                    "values": [
                        0.013686603324087332,
                        0.009631745723813367
                    ]
                },
                {
                    "type": "tuple",
                    "values": [
                        0.03435033487989918,
                        0.031781241215757774
                    ]
                },
                {
                    "type": "tuple",
                    "values": [
                        0.03529346077912125,
                        0.03276266908396084
                    ]
                },
                {
                    "type": "tuple",
                    "values": [
                        0.036708133596405,
                        0.0332940809779542
                    ]
                },
                {
                    "type": "tuple",
                    "values": [
                        0.031080745278337825,
                        0.030051421097538757
                    ]
                },
                {
                    "type": "tuple",
                    "values": [
                        0.03307362314388923,
                        0.036949224827786516
                    ]
                },
                {
                    "type": "tuple",
                    "values": [
                        0.044015320482592615,
                        0.03947779513757496
                    ]
                }
            ]
        },
        "log_evidence": -51.73423725086581,
        "values_at_sigma_3": {
            "type": "list",
            "values": [
                {
                    "type": "tuple",
                    "values": [
                        0.03252755925276182,
                        0.05911087070366543
                    ]
                },
                {
                    "type": "tuple",
                    "values": [
                        -0.08441513846527733,
                        -0.06109678941737663
                    ]
                },
                {
                    "type": "tuple",
                    "values": [
                        -0.03328684459879695,
                        0.03284473149686
                    ]
                },
                {
                    "type": "tuple",
                    "values": [
                        -0.029098445268791254,
                        0.03895768459429084
                    ]
                },
                {
                    "type": "tuple",
                    "values": [
                        -0.02916153498199,
                        0.0408406795923692
                    ]
                },
                {
                    "type": "tuple",
                    "values": [
                        -0.021880593552357826,
                        0.03925157282351876
                    ]
                },
                {
                    "type": "tuple",
                    "values": [
                        -0.03108419060118156,
                        0.038938657370494185
                    ]
                },
                {
                    "type": "tuple",
                    "values": [
                        -0.046864665056485406,
                        0.03662845056368217
                    ]
                }
            ]
        }
    }
}