{
    "type": "instance",
    "class_path": "autofit.non_linear.samples.summary.SamplesSummary",
    "arguments": {
        "values_at_sigma_1": {
            "type": "list",
            "values": [
                {
                    "type": "tuple",
                    "values": [
                        0.03797204281440276,
                        0.048288652838841074
                    ]
                },
                {
                    "type": "tuple",
                    "values": [
                        -0.07560931836093383,
                        -0.06546045603710836
                    ]
                },
                {
                    "type": "tuple",
                    "values": [
                        -0.02075450090058,
                        0.007070912833468757
                    ]
                },
                {
                    "type": "tuple",
                    "values": [
                        -0.00577060288849,
                        0.01449438280113
                    ]
                },
                {
                    "type": "tuple",
                    "values": [
                        -0.01546693986708,
                        0.00658241763117
                    ]
                },
                {
                    "type": "tuple",
                    "values": [
                        -0.015984956056834792,
                        0.00750219131712009
                    ]
                },
                {
                    "type": "tuple",
                    "values": [
                        -0.0013426348245702284,
                        0.028617423003628236
                    ]
                },
                {
                    "type": "tuple",
                    "values": [
                        -0.017978394206025976,
                        0.006803183208513856
                    ]
                }
            ]
        },
        "max_log_likelihood_sample": {
            "type": "instance",
            "class_path": "autofit.non_linear.samples.sample.Sample",
            "arguments": {
                "log_likelihood": -29.81317103345624,
                "log_prior": 0.0,
                "weight": 0.0010038395759471067,
                "kwargs": {
                    "type": "dict",
                    "arguments": {
                        "ellipses.0.ell_comps.ell_comps_0": 0.04536757270084,
                        "ellipses.0.ell_comps.ell_comps_1": -0.07412885367762,
                        "multipoles.0.multipole_1.multipole_comps.multipole_comps_0": -0.0205299302267,
                        "multipoles.0.multipole_1.multipole_comps.multipole_comps_1": 0.00020838845774,
                        "multipoles.0.multipole_3.multipole_comps.multipole_comps_0": -0.00975360208961,
                        "multipoles.0.multipole_3.multipole_comps.multipole_comps_1": 0.00260649742226,
                        "multipoles.0.multipole_4.multipole_comps.multipole_comps_0": 0.02085484255691,
                        "multipoles.0.multipole_4.multipole_comps.multipole_comps_1": 0.00183419528072
                    }
                }
            }
        },
        "errors_at_sigma_1": {
            "type": "list",
            "values": [
                {
                    "type": "tuple",
                    "values": [
                        0.0050168058294465315,
                        0.005299804194991785
                    ]
                },
                {
                    "type": "tuple",
                    "values": [
                        0.005377399608723826,
                        0.004771462715101649
                    ]
                },
                {
                    "type": "tuple",
                    "values": [
                        0.013058632597620003,
                        0.014766781136428757
                    ]
                },
                {
                    "type": "tuple",
                    "values": [
                        0.00937333952889,
                        0.01089164616073
                    ]
                },
                {
                    "type": "tuple",
                    "values": [
                        0.008762998709706343,
                        0.013286358788543656
                    ]
                },
                {
                    "type": "tuple",
                    "values": [
                        0.010330163604282037,
                        0.013156983769672843
                    ]
                },
                {
                    "type": "tuple",
                    "values": [
                        0.015232913438547465,
                        0.014727144389651
                    ]
                },
                {
                    "type": "tuple",
                    "values": [
                        0.01135514379697523,
                        0.013426433617564602
                    ]
                }
            ]
        },
        "model": null,
        "median_pdf_sample": {
            "type": "instance",
            "class_path": "autofit.non_linear.samples.sample.Sample",
            "arguments": {
                "log_likelihood": -29.81317103345624,
                "log_prior": 0.0,
                "weight": 0.0010038395759471067,
                "kwargs": {
                    "type": "dict",
                    "arguments": {
                        "ellipses.0.ell_comps.ell_comps_0": 0.04298884864384929,
                        "ellipses.0.ell_comps.ell_comps_1": -0.07023191875221,
                        "multipoles.0.multipole_1.multipole_comps.multipole_comps_0": -0.00769586830296,
                        "multipoles.0.multipole_1.multipole_comps.multipole_comps_1": 0.0036027366404,
                        "multipoles.0.multipole_3.multipole_comps.multipole_comps_0": -0.006703941157373656,
                        "multipoles.0.multipole_3.multipole_comps.multipole_comps_1": -0.005654792452552754,
                        "multipoles.0.multipole_4.multipole_comps.multipole_comps_0": 0.013890278613977236,
                        "multipoles.0.multipole_4.multipole_comps.multipole_comps_1": -0.0066232504090507445
                    }
                }
            }
        },
        "errors_at_sigma_3": {
            "type": "list",
            "values": [
                {
                    "type": "tuple",
                    "values": [
                        0.013256868000059291,
                        0.014207202843815998
                    ]
                },
                {
                    "type": "tuple",
                    "values": [
                        0.015676513943458273,
                        0.014774241517129874
                    ]
                },
                {
                    "type": "tuple",
                    "values": [
                        0.03290751129589325,
                        0.03646805222753569
                    ]
                },
                {
                    "type": "tuple",
                    "values": [
                        0.02896134035748934,
                        0.03001644781463763
                    ]
                },
                {
                    "type": "tuple",
                    "values": [
                        0.030422848075949114,
                        0.02967054587313366
                    ]
                },
                {
                    "type": "tuple",
                    "values": [
                        0.03164287642676836,
                        0.03604122245966275
                    ]
                },
                {
                    "type": "tuple",
                    "values": [
                        0.04123329711043164,
                        0.03640604701190598
                    ]
                },
                {
                    "type": "tuple",
                    "values": [
                        0.03754023596823926,
                        0.03430199791460102
                    ]
                }
            ]
        },
        "log_evidence": -52.78177842965747,
        "values_at_sigma_3": {
            "type": "list",
            "values": [
                {
                    "type": "tuple",
                    "values": [
                        0.02973198064379,
                        0.05719605148766529
                    ]
                },
                {
                    "type": "tuple",
                    "values": [
                        -0.08590843269566828,
                        -0.05545767723508013
                    ]
                },
                {
                    "type": "tuple",
                    "values": [
                        -0.04060337959885325,
                        0.02877218392457569
                    ]
                },
                {
                    "type": "tuple",
                    "values": [
                        -0.02535860371708934,
                        0.03361918445503763
                    ]
                },
                {
                    "type": "tuple",
                    "values": [
                        -0.03712678923332277,
                        0.02296660471576
                    ]
                },
                {
                    "type": "tuple",
                    "values": [
                        -0.03729766887932111,
                        0.03038643000711
                    ]
                },
                {
                    "type": "tuple",
                    "values": [
                        -0.0273430184964544,
                        0.050296325625883216
                    ]
                },
                {
                    "type": "tuple",
                    "values": [
                        -0.04416348637729,
                        0.02767874750555028
                    ]
                }
            ]
        }
    }
}