{
    "type": "instance",
    "class_path": "autofit.non_linear.samples.summary.SamplesSummary",
    "arguments": {
        "values_at_sigma_3": {
            "type": "list",
            "values": [
                {
                    "type": "tuple",
                    "values": [
                        0.011002097448233234,
                        0.0281382629087182
                    ]
                },
                {
                    "type": "tuple",
                    "values": [
                        -0.09987804850758,
                        -0.08000432523391895
                    ]
                }
            ]
        },
        "values_at_sigma_1": {
            "type": "list",
            "values": [
                {
                    "type": "tuple",
                    "values": [
                        0.01670283392119918,
                        0.022194479149397095
                    ]
                },
                {
                    "type": "tuple",
                    "values": [
                        -0.09361906473719275,
                        -0.0871539154326
                    ]
                }
            ]
        },
        "max_log_likelihood_sample": {
            "type": "instance",
            "class_path": "autofit.non_linear.samples.sample.Sample",
            "arguments": {
                "log_likelihood": -20.83925398514326,
                "log_prior": 0.0,
                "weight": 0.0009768886110828221,
                "kwargs": {
                    "type": "dict",
                    "arguments": {
                        "ellipses.0.ell_comps.ell_comps_0": 0.01980109456003,
                        "ellipses.0.ell_comps.ell_comps_1": -0.09038765544741
                    }
                }
            }
        },
        "model": null,
        "errors_at_sigma_1": {
            "type": "list",
            "values": [
                {
                    "type": "tuple",
                    "values": [
                        0.0030949048501291085,
                        0.002396740378068807
                    ]
                },
                {
                    "type": "tuple",
                    "values": [
                        0.0028041507715789865,
                        0.0036609985330137707
                    ]
                }
            ]
        },
        "errors_at_sigma_3": {
            "type": "list",
            "values": [
                {
                    "type": "tuple",
                    "values": [
                        0.008795641323095054,
                        0.00834052413738991
                    ]
                },
                {
                    "type": "tuple",
                    "values": [
                        0.009063134541966236,
                        0.010810588731694812
                    ]
                }
            ]
        },
        "log_evidence": -30.97115071720919,
        "median_pdf_sample": {
            "type": "instance",
            "class_path": "autofit.non_linear.samples.sample.Sample",
            "arguments": {
                "log_likelihood": -20.83925398514326,
                "log_prior": 0.0,
                "weight": 0.0009768886110828221,
                "kwargs": {
                    "type": "dict",
                    "arguments": {
                        "ellipses.0.ell_comps.ell_comps_0": 0.019797738771328288,
                        "ellipses.0.ell_comps.ell_comps_1": -0.09081491396561377
                    }
                }
            }
        }
    }
}