{
    "type": "collection",
    "arguments": {
        "ellipses": {
            "type": "collection",
            "arguments": {
                "0": {
                    "type": "instance",
                    "class_path": "autogalaxy.ellipse.ellipse.ellipse.Ellipse",
                    "arguments": {
                        "major_axis": 0.25,
                        "centre": {
                            "type": "tuple",
                            "values": [
                                0.00234998573649,
                                0.00299764731051
                            ]
                        },
                        "ell_comps": {
                            "type": "tuple",
                            "values": [
                                -0.01861625532915,
                                -0.10210257732816
                            ]
                        }
                    }
                },
                "1": {
                    "type": "instance",
                    "class_path": "autogalaxy.ellipse.ellipse.ellipse.Ellipse",
                    "arguments": {
                        "major_axis": 0.5,
                        "centre": {
                            "type": "tuple",
                            "values": [
                                0.00234998573649,
                                0.00299764731051
                            ]
                        },
                        "ell_comps": {
                            "type": "tuple",
                            "values": [
                                -0.0046211174428,
                                -0.10450098669721
                            ]
                        }
                    }
                },
                "2": {
                    "type": "instance",
                    "class_path": "autogalaxy.ellipse.ellipse.ellipse.Ellipse",
                    "arguments": {
                        "major_axis": 0.75,
                        "centre": {
                            "type": "tuple",
                            "values": [
                                0.00234998573649,
                                0.00299764731051
                            ]
                        },
                        "ell_comps": {
                            "type": "tuple",
                            "values": [
                                0.02197165636067,
                                -0.05727957036075
                            ]
                        }
                    }
                },
                "3": {
                    "type": "instance",
                    "class_path": "autogalaxy.ellipse.ellipse.ellipse.Ellipse",
                    "arguments": {
                        "major_axis": 1.0,
                        "centre": {
                            "type": "tuple",
                            "values": [
                                0.00234998573649,
                                0.00299764731051
                            ]
                        },
                        "ell_comps": {
                            "type": "tuple",
                            "values": [
                                0.03005737022534,
                                -0.07575851269544
                            ]
                        }
                    }
                },
                "4": {
                    "type": "instance",
                    "class_path": "autogalaxy.ellipse.ellipse.ellipse.Ellipse",
                    "arguments": {
                        "major_axis": 1.25,
                        "centre": {
                            "type": "tuple",
                            "values": [
                                0.00234998573649,
                                0.00299764731051
                            ]
                        },
                        "ell_comps": {
                            "type": "tuple",
                            "values": [
                                -0.05137187737566,
                                -0.01242941539454
                            ]
                        }
                    }
                },
                "5": {
                    "type": "instance",
                    "class_path": "autogalaxy.ellipse.ellipse.ellipse.Ellipse",
                    "arguments": {
                        "major_axis": 1.5,
                        "centre": {
                            "type": "tuple",
                            "values": [
                                0.00234998573649,
                                0.00299764731051
                            ]
                        },
                        "ell_comps": {
                            "type": "tuple",
                            "values": [
                                0.03996396194007,
                                -0.09582292460124
                            ]
                        }
                    }
                }
            }
        },
        "dummy_0": {
            "lower_limit": -0.1,
            "upper_limit": 0.1,
            "type": "Uniform",
            "id": 68
        }
    }
}