{
    "type": "instance",
    "class_path": "autofit.non_linear.samples.summary.SamplesSummary",
    "arguments": {
        "max_log_likelihood_sample": {
            "type": "instance",
            "class_path": "autofit.non_linear.samples.sample.Sample",
            "arguments": {
                "log_likelihood": -25.878313238404658,
                "log_prior": 0.0,
                "weight": 0.0010375778008075202,
                "kwargs": {
                    "type": "dict",
                    "arguments": {
                        "ellipses.0.ell_comps.ell_comps_0": -0.09518077056025,
                        "ellipses.0.ell_comps.ell_comps_1": -0.05660565721333,
                        "multipoles.0.multipole_1.multipole_comps.multipole_comps_0": 0.0143654404621,
                        "multipoles.0.multipole_1.multipole_comps.multipole_comps_1": 0.00775714613756,
                        "multipoles.0.multipole_3.multipole_comps.multipole_comps_0": -0.00144972027336,
                        "multipoles.0.multipole_3.multipole_comps.multipole_comps_1": -0.0364944458773,
                        "multipoles.0.multipole_4.multipole_comps.multipole_comps_0": -0.00080063305937,
                        "multipoles.0.multipole_4.multipole_comps.multipole_comps_1": -0.01633910779395
                    }
                }
            }
        },
        "log_evidence": -46.06355798399968,
        "values_at_sigma_3": {
            "type": "list",
            "values": [
                {
                    "type": "tuple",
                    "values": [
                        -0.1098176398689,
                        -0.08669898645637301
                    ]
                },
                {
                    "type": "tuple",
                    "values": [
                        -0.08558522768896049,
                        -0.02962835071590714
                    ]
                },
                {
                    "type": "tuple",
                    "values": [
                        -0.034894872858745915,
                        0.08805160999246414
                    ]
                },
                {
                    "type": "tuple",
                    "values": [
                        -0.05507961763087627,
                        0.08051363830821
                    ]
                },
                {
                    "type": "tuple",
                    "values": [
                        -0.0571965999497,
                        0.04262683281847929
                    ]
                },
                {
                    "type": "tuple",
                    "values": [
                        -0.09726020227306,
                        0.009606029779785457
                    ]
                },
                {
                    "type": "tuple",
                    "values": [
                        -0.08305708234647,
                        0.026154624568045612
                    ]
                },
                {
                    "type": "tuple",
                    "values": [
                        -0.08207009626347102,
                        0.029125953046143297
                    ]
                }
            ]
        },
        "errors_at_sigma_1": {
            "type": "list",
            "values": [
                {
                    "type": "tuple",
                    "values": [
                        0.00412356909767958,
                        0.004212497066082052
                    ]
                },
                {
                    "type": "tuple",
                    "values": [
                        0.007537161749739993,
                        0.008095959817800001
                    ]
                },
                {
                    "type": "tuple",
                    "values": [
                        0.023918154499776655,
                        0.020450239700584766
                    ]
                },
                {
                    "type": "tuple",
                    "values": [
                        0.02691412350794785,
                        0.022412039864844396
                    ]
                },
                {
                    "type": "tuple",
                    "values": [
                        0.018805266083883682,
                        0.017481994898392632
                    ]
                },
                {
                    "type": "tuple",
                    "values": [
                        0.02587628457517,
                        0.018248649788569996
                    ]
                },
                {
                    "type": "tuple",
                    "values": [
                        0.025970537886139847,
                        0.02030373335316
                    ]
                },
                {
                    "type": "tuple",
                    "values": [
                        0.02189298974964,
                        0.015574569283972082
                    ]
                }
            ]
        },
        "values_at_sigma_1": {
            "type": "list",
            "values": [
                {
                    "type": "tuple",
                    "values": [
                        -0.10280961888219958,
                        -0.09447355271843795
                    ]
                },
                {
                    "type": "tuple",
                    "values": [
                        -0.06469091639722,
                        -0.04905779482968
                    ]
                },
                {
                    "type": "tuple",
                    "values": [
                        0.00504060366659858,
                        0.04940899786696
                    ]
                },
                {
                    "type": "tuple",
                    "values": [
                        -0.018333123985252244,
                        0.03099303938754
                    ]
                },
                {
                    "type": "tuple",
                    "values": [
                        -0.024904012716756314,
                        0.01138324826552
                    ]
                },
                {
                    "type": "tuple",
                    "values": [
                        -0.06682162777037,
                        -0.02269669340663
                    ]
                },
                {
                    "type": "tuple",
                    "values": [
                        -0.05370103033673985,
                        -0.00742675909744
                    ]
                },
                {
                    "type": "tuple",
                    "values": [
                        -0.0321859222,
                        0.0052816368336120805
                    ]
                }
            ]
        },
        "errors_at_sigma_3": {
            "type": "list",
            "values": [
                {
                    "type": "tuple",
                    "values": [
                        0.01113159008438,
                        0.011987063328146988
                    ]
                },
                {
                    "type": "tuple",
                    "values": [
                        0.028431473041480484,
                        0.02752540393157286
                    ]
                },
                {
                    "type": "tuple",
                    "values": [
                        0.06385363102512115,
                        0.05909285182608891
                    ]
                },
                {
                    "type": "tuple",
                    "values": [
                        0.06366061715357188,
                        0.0719326387855144
                    ]
                },
                {
                    "type": "tuple",
                    "values": [
                        0.05109785331682737,
                        0.04872557945135192
                    ]
                },
                {
                    "type": "tuple",
                    "values": [
                        0.05631485907786,
                        0.05055137297498545
                    ]
                },
                {
                    "type": "tuple",
                    "values": [
                        0.05532658989587,
                        0.05388511701864561
                    ]
                },
                {
                    "type": "tuple",
                    "values": [
                        0.07177716381311101,
                        0.0394188854965033
                    ]
                }
            ]
        },
        "median_pdf_sample": {
            "type": "instance",
            "class_path": "autofit.non_linear.samples.sample.Sample",
            "arguments": {
                "log_likelihood": -25.878313238404658,
                "log_prior": 0.0,
                "weight": 0.0010375778008075202,
                "kwargs": {
                    "type": "dict",
                    "arguments": {
                        "ellipses.0.ell_comps.ell_comps_0": -0.09868604978452,
                        "ellipses.0.ell_comps.ell_comps_1": -0.05715375464748,
                        "multipoles.0.multipole_1.multipole_comps.multipole_comps_0": 0.028958758166375234,
                        "multipoles.0.multipole_1.multipole_comps.multipole_comps_1": 0.008580999522695604,
                        "multipoles.0.multipole_3.multipole_comps.multipole_comps_0": -0.006098746632872632,
                        "multipoles.0.multipole_3.multipole_comps.multipole_comps_1": -0.0409453431952,
                        "multipoles.0.multipole_4.multipole_comps.multipole_comps_0": -0.0277304924506,
                        "multipoles.0.multipole_4.multipole_comps.multipole_comps_1": -0.01029293245036
                    }
                }
            }
        },
        "model": null
    }
}