{
    "type": "instance",
    "class_path": "autofit.non_linear.samples.summary.SamplesSummary",
    "arguments": {
        "log_evidence": -42.7973711029944,
        "max_log_likelihood_sample": {
            "type": "instance",
            "class_path": "autofit.non_linear.samples.sample.Sample",
            "arguments": {
                "log_likelihood": -25.334187728607738,
                "log_prior": 0.0,
                "weight": 0.0009272817364802825,
                "kwargs": {
                    "type": "dict",
                    "arguments": {
                        "ellipses.0.ell_comps.ell_comps_0": -0.05479955893316,
                        "ellipses.0.ell_comps.ell_comps_1": -0.04544070284307,
                        "multipoles.0.multipole_1.multipole_comps.multipole_comps_0": 0.00782198516029,
                        "multipoles.0.multipole_1.multipole_comps.multipole_comps_1": 0.00170193595365,
                        "multipoles.0.multipole_3.multipole_comps.multipole_comps_0": 0.039690493867,
                        "multipoles.0.multipole_3.multipole_comps.multipole_comps_1": 0.00216009643617,
                        "multipoles.0.multipole_4.multipole_comps.multipole_comps_0": 0.02726320903284,
                        "multipoles.0.multipole_4.multipole_comps.multipole_comps_1": 0.09438829895424
                    }
                }
            }
        },
        "median_pdf_sample": {
            "type": "instance",
            "class_path": "autofit.non_linear.samples.sample.Sample",
            "arguments": {
                "log_likelihood": -25.334187728607738,
                "log_prior": 0.0,
                "weight": 0.0009272817364802825,
                "kwargs": {
                    "type": "dict",
                    "arguments": {
                        "ellipses.0.ell_comps.ell_comps_0": -0.035787589058226564,
                        "ellipses.0.ell_comps.ell_comps_1": -0.05530656185268028,
                        "multipoles.0.multipole_1.multipole_comps.multipole_comps_0": 0.013666078118020395,
                        "multipoles.0.multipole_1.multipole_comps.multipole_comps_1": 0.01167685300516,
                        "multipoles.0.multipole_3.multipole_comps.multipole_comps_0": 0.017993045080771437,
                        "multipoles.0.multipole_3.multipole_comps.multipole_comps_1": -0.018830073147739355,
                        "multipoles.0.multipole_4.multipole_comps.multipole_comps_0": 0.03487705305407753,
                        "multipoles.0.multipole_4.multipole_comps.multipole_comps_1": 0.00022338653686
                    }
                }
            }
        },
        "values_at_sigma_3": {
            "type": "list",
            "values": [
                {
                    "type": "tuple",
                    "values": [
                        -0.07272553081286413,
                        0.01365342840202894
                    ]
                },
                {
                    "type": "tuple",
                    "values": [
                        -0.08297165511443456,
                        -0.0018202427062553568
                    ]
                },
                {
                    "type": "tuple",
                    "values": [
                        -0.15742529615323678,
                        0.13952936373497618
                    ]
                },
                {
                    "type": "tuple",
                    "values": [
                        -0.15152989647100817,
                        0.19193743689062
                    ]
                },
                {
                    "type": "tuple",
                    "values": [
                        -0.0947592340756768,
                        0.09893295240551762
                    ]
                },
                {
                    "type": "tuple",
                    "values": [
                        -0.09711726456938649,
                        0.09842079368721798
                    ]
                },
                {
                    "type": "tuple",
                    "values": [
                        -0.09683929538086,
                        0.09968764056854
                    ]
                },
                {
                    "type": "tuple",
                    "values": [
                        -0.09901014883782,
                        0.09959783244838279
                    ]
                }
            ]
        },
        "errors_at_sigma_3": {
            "type": "list",
            "values": [
                {
                    "type": "tuple",
                    "values": [
                        0.03693794175463757,
                        0.049441017460255504
                    ]
                },
                {
                    "type": "tuple",
                    "values": [
                        0.027665093261754287,
                        0.05348631914642492
                    ]
                },
                {
                    "type": "tuple",
                    "values": [
                        0.17109137427125717,
                        0.12586328561695578
                    ]
                },
                {
                    "type": "tuple",
                    "values": [
                        0.16320674947616817,
                        0.18026058388546
                    ]
                },
                {
                    "type": "tuple",
                    "values": [
                        0.11275227915644823,
                        0.08093990732474618
                    ]
                },
                {
                    "type": "tuple",
                    "values": [
                        0.07828719142164714,
                        0.11725086683495733
                    ]
                },
                {
                    "type": "tuple",
                    "values": [
                        0.13171634843493754,
                        0.06481058751446248
                    ]
                },
                {
                    "type": "tuple",
                    "values": [
                        0.09923353537468001,
                        0.09937444591152278
                    ]
                }
            ]
        },
        "model": null,
        "errors_at_sigma_1": {
            "type": "list",
            "values": [
                {
                    "type": "tuple",
                    "values": [
                        0.015413348511973714,
                        0.014845231344606562
                    ]
                },
                {
                    "type": "tuple",
                    "values": [
                        0.009910849686209727,
                        0.01289254234558028
                    ]
                },
                {
                    "type": "tuple",
                    "values": [
                        0.05908514105695283,
                        0.046032406736781994
                    ]
                },
                {
                    "type": "tuple",
                    "values": [
                        0.05433841640521,
                        0.05386045515264995
                    ]
                },
                {
                    "type": "tuple",
                    "values": [
                        0.0466728674611568,
                        0.046328319838818556
                    ]
                },
                {
                    "type": "tuple",
                    "values": [
                        0.04822629007714653,
                        0.06925723755305037
                    ]
                },
                {
                    "type": "tuple",
                    "values": [
                        0.06628387999592752,
                        0.0368059380652686
                    ]
                },
                {
                    "type": "tuple",
                    "values": [
                        0.06356800872172001,
                        0.06621838343566917
                    ]
                }
            ]
        },
        "values_at_sigma_1": {
            "type": "list",
            "values": [
                {
                    "type": "tuple",
                    "values": [
                        -0.05120093757020028,
                        -0.02094235771362
                    ]
                },
                {
                    "type": "tuple",
                    "values": [
                        -0.06521741153889,
                        -0.0424140195071
                    ]
                },
                {
                    "type": "tuple",
                    "values": [
                        -0.045419062938932435,
                        0.05969848485480239
                    ]
                },
                {
                    "type": "tuple",
                    "values": [
                        -0.04266156340005,
                        0.06553730815780995
                    ]
                },
                {
                    "type": "tuple",
                    "values": [
                        -0.02867982238038536,
                        0.06432136491959
                    ]
                },
                {
                    "type": "tuple",
                    "values": [
                        -0.06705636322488588,
                        0.05042716440531101
                    ]
                },
                {
                    "type": "tuple",
                    "values": [
                        -0.03140682694185,
                        0.07168299111934613
                    ]
                },
                {
                    "type": "tuple",
                    "values": [
                        -0.06334462218486,
                        0.06644176997252918
                    ]
                }
            ]
        }
    }
}