{
    "type": "instance",
    "class_path": "autofit.non_linear.samples.summary.SamplesSummary",
    "arguments": {
        "log_evidence": -58.61256847312991,
        "errors_at_sigma_1": {
            "type": "list",
            "values": [
                {
                    "type": "tuple",
                    "values": [
                        0.0016634911144999959,
                        0.0020131756862727113
                    ]
                },
                {
                    "type": "tuple",
                    "values": [
                        0.0017664525478330584,
                        0.0016614527048665895
                    ]
                }
            ]
        },
        "values_at_sigma_1": {
            "type": "list",
            "values": [
                {
                    "type": "tuple",
                    "values": [
                        0.08817694013758,
                        0.0918536069383527
                    ]
                },
                {
                    "type": "tuple",
                    "values": [
                        0.19326370608410035,
                        0.1966916113368
                    ]
                }
            ]
        },
        "values_at_sigma_3": {
            "type": "list",
            "values": [
                {
                    "type": "tuple",
                    "values": [
                        0.08409981374546,
                        0.09517150728774197
                    ]
                },
                {
                    "type": "tuple",
                    "values": [
                        0.18924256914631,
                        0.20016088458309025
                    ]
                }
            ]
        },
        "errors_at_sigma_3": {
            "type": "list",
            "values": [
                {
                    "type": "tuple",
                    "values": [
                        0.005740617506619999,
                        0.005331076035661977
                    ]
                },
                {
                    "type": "tuple",
                    "values": [
                        0.005787589485623412,
                        0.00513072595115685
                    ]
                }
            ]
        },
        "max_log_likelihood_sample": {
            "type": "instance",
            "class_path": "autofit.non_linear.samples.sample.Sample",
            "arguments": {
                "log_likelihood": -47.21277219890514,
                "log_prior": 0.0,
                "weight": 0.0009790969820082478,
                "kwargs": {
                    "type": "dict",
                    "arguments": {
                        "ellipses.0.ell_comps.ell_comps_0": 0.08956288328041,
                        "ellipses.0.ell_comps.ell_comps_1": 0.19496034834691
                    }
                }
            }
        },
        "model": null,
        "median_pdf_sample": {
            "type": "instance",
            "class_path": "autofit.non_linear.samples.sample.Sample",
            "arguments": {
                "log_likelihood": -47.21277219890514,
                "log_prior": 0.0,
                "weight": 0.0009790969820082478,
                "kwargs": {
                    "type": "dict",
                    "arguments": {
                        "ellipses.0.ell_comps.ell_comps_0": 0.08984043125208,
                        "ellipses.0.ell_comps.ell_comps_1": 0.1950301586319334
                    }
                }
            }
        }
    }
}