{
    "type": "instance",
    "class_path": "autofit.non_linear.samples.summary.SamplesSummary",
    "arguments": {
        "median_pdf_sample": {
            "type": "instance",
            "class_path": "autofit.non_linear.samples.sample.Sample",
            "arguments": {
                "log_likelihood": -61.937257216688636,
                "log_prior": 0.0,
                "weight": 0.0009861011574779062,
                "kwargs": {
                    "type": "dict",
                    "arguments": {
                        "ellipses.0.ell_comps.ell_comps_0": -0.24187120452697164,
                        "ellipses.0.ell_comps.ell_comps_1": 0.017133885624740348
                    }
                }
            }
        },
        "errors_at_sigma_3": {
            "type": "list",
            "values": [
                {
                    "type": "tuple",
                    "values": [
                        0.008671326297608362,
                        0.015511415001977835
                    ]
                },
                {
                    "type": "tuple",
                    "values": [
                        0.02401131850501035,
                        0.008684745299169988
                    ]
                }
            ]
        },
        "model": null,
        "max_log_likelihood_sample": {
            "type": "instance",
            "class_path": "autofit.non_linear.samples.sample.Sample",
            "arguments": {
                "log_likelihood": -61.937257216688636,
                "log_prior": 0.0,
                "weight": 0.0009861011574779062,
                "kwargs": {
                    "type": "dict",
                    "arguments": {
                        "ellipses.0.ell_comps.ell_comps_0": -0.24280784767211,
                        "ellipses.0.ell_comps.ell_comps_1": 0.01812686366531
                    }
                }
            }
        },
        "errors_at_sigma_1": {
            "type": "list",
            "values": [
                {
                    "type": "tuple",
                    "values": [
                        0.00255988844728397,
                        0.0030199527557216443
                    ]
                },
                {
                    "type": "tuple",
                    "values": [
                        0.0051334990179903485,
                        0.002488114736868517
                    ]
                }
            ]
        },
        "values_at_sigma_3": {
            "type": "list",
            "values": [
                {
                    "type": "tuple",
                    "values": [
                        -0.25054253082458,
                        -0.2263597895249938
                    ]
                },
                {
                    "type": "tuple",
                    "values": [
                        -0.00687743288027,
                        0.025818630923910336
                    ]
                }
            ]
        },
        "values_at_sigma_1": {
            "type": "list",
            "values": [
                {
                    "type": "tuple",
                    "values": [
                        -0.2444310929742556,
                        -0.23885125177125
                    ]
                },
                {
                    "type": "tuple",
                    "values": [
                        0.01200038660675,
                        0.019622000361608865
                    ]
                }
            ]
        },
        "log_evidence": -73.0411997829062
    }
}