{
    "type": "instance",
    "class_path": "autofit.non_linear.samples.summary.SamplesSummary",
    "arguments": {
        "log_evidence": -40.287932688309674,
        "values_at_sigma_1": {
            "type": "list",
            "values": [
                {
                    "type": "tuple",
                    "values": [
                        -0.03827035770309492,
                        -0.03007868175463
                    ]
                },
                {
                    "type": "tuple",
                    "values": [
                        -0.02365994259078063,
                        -0.01419941537938
                    ]
                },
                {
                    "type": "tuple",
                    "values": [
                        -0.0008388351092865918,
                        0.006951743314662769
                    ]
                },
                {
                    "type": "tuple",
                    "values": [
                        -0.00692671642327,
                        0.00035863594073099863
                    ]
                },
                {
                    "type": "tuple",
                    "values": [
                        -0.00704548095262,
                        0.00102053767488
                    ]
                },
                {
                    "type": "tuple",
                    "values": [
                        -0.0026250246590632377,
                        0.00495349928585
                    ]
                },
                {
                    "type": "tuple",
                    "values": [
                        -0.00324801405627,
                        0.00596216270814
                    ]
                },
                {
                    "type": "tuple",
                    "values": [
                        -0.00600438490794,
                        0.00355973349161
                    ]
                }
            ]
        },
        "model": null,
        "errors_at_sigma_3": {
            "type": "list",
            "values": [
                {
                    "type": "tuple",
                    "values": [
                        0.011941488617305915,
                        0.013050380372559775
                    ]
                },
                {
                    "type": "tuple",
                    "values": [
                        0.01230873855308644,
                        0.0152014810813
                    ]
                },
                {
                    "type": "tuple",
                    "values": [
                        0.013485345928602442,
                        0.012005148646770356
                    ]
                },
                {
                    "type": "tuple",
                    "values": [
                        0.01132217152613483,
                        0.009946754170910767
                    ]
                },
                {
                    "type": "tuple",
                    "values": [
                        0.010499914445023645,
                        0.01136659478687332
                    ]
                },
                {
                    "type": "tuple",
                    "values": [
                        0.014082076612515268,
                        0.011879834745599853
                    ]
                },
                {
                    "type": "tuple",
                    "values": [
                        0.013873200505195513,
                        0.01348142983262655
                    ]
                },
                {
                    "type": "tuple",
                    "values": [
                        0.01358930560109924,
                        0.01615909577334859
                    ]
                }
            ]
        },
        "values_at_sigma_3": {
            "type": "list",
            "values": [
                {
                    "type": "tuple",
                    "values": [
                        -0.0460965552258631,
                        -0.021104686235997414
                    ]
                },
                {
                    "type": "tuple",
                    "values": [
                        -0.031148785651496442,
                        -0.00363856601711
                    ]
                },
                {
                    "type": "tuple",
                    "values": [
                        -0.010509283246676208,
                        0.01498121132869659
                    ]
                },
                {
                    "type": "tuple",
                    "values": [
                        -0.014421659005415597,
                        0.00684726669163
                    ]
                },
                {
                    "type": "tuple",
                    "values": [
                        -0.013613404268048319,
                        0.008253104963848647
                    ]
                },
                {
                    "type": "tuple",
                    "values": [
                        -0.01272711301268903,
                        0.013234798345426091
                    ]
                },
                {
                    "type": "tuple",
                    "values": [
                        -0.012985256315055514,
                        0.01436937402276655
                    ]
                },
                {
                    "type": "tuple",
                    "values": [
                        -0.01531965699957,
                        0.014428744374877825
                    ]
                }
            ]
        },
        "errors_at_sigma_1": {
            "type": "list",
            "values": [
                {
                    "type": "tuple",
                    "values": [
                        0.004115291094537732,
                        0.004076384853927188
                    ]
                },
                {
                    "type": "tuple",
                    "values": [
                        0.004819895492370628,
                        0.0046406317190300014
                    ]
                },
                {
                    "type": "tuple",
                    "values": [
                        0.0038148977912128255,
                        0.003975680632736536
                    ]
                },
                {
                    "type": "tuple",
                    "values": [
                        0.0038272289439892342,
                        0.0034581234200117645
                    ]
                },
                {
                    "type": "tuple",
                    "values": [
                        0.003931991129595327,
                        0.004134027497904673
                    ]
                },
                {
                    "type": "tuple",
                    "values": [
                        0.003979988258889476,
                        0.003598535686023761
                    ]
                },
                {
                    "type": "tuple",
                    "values": [
                        0.00413595824641,
                        0.005074218518
                    ]
                },
                {
                    "type": "tuple",
                    "values": [
                        0.004274033509469238,
                        0.005290084890080762
                    ]
                }
            ]
        },
        "max_log_likelihood_sample": {
            "type": "instance",
            "class_path": "autofit.non_linear.samples.sample.Sample",
            "arguments": {
                "log_likelihood": -13.042042507214315,
                "log_prior": 0.0,
                "weight": 0.0010239227249081624,
                "kwargs": {
                    "type": "dict",
                    "arguments": {
                        "ellipses.0.ell_comps.ell_comps_0": -0.03310671531877,
                        "ellipses.0.ell_comps.ell_comps_1": -0.01975730452813,
                        "multipoles.0.multipole_1.multipole_comps.multipole_comps_0": 0.00198251180503,
                        "multipoles.0.multipole_1.multipole_comps.multipole_comps_1": -0.00562819284639,
                        "multipoles.0.multipole_3.multipole_comps.multipole_comps_0": -0.00359482115612,
                        "multipoles.0.multipole_3.multipole_comps.multipole_comps_1": -0.00118246095466,
                        "multipoles.0.multipole_4.multipole_comps.multipole_comps_0": 0.00189663411686,
                        "multipoles.0.multipole_4.multipole_comps.multipole_comps_1": -0.00483441223396
                    }
                }
            }
        },
        "median_pdf_sample": {
            "type": "instance",
            "class_path": "autofit.non_linear.samples.sample.Sample",
            "arguments": {
                "log_likelihood": -13.042042507214315,
                "log_prior": 0.0,
                "weight": 0.0010239227249081624,
                "kwargs": {
                    "type": "dict",
                    "arguments": {
                        "ellipses.0.ell_comps.ell_comps_0": -0.03415506660855719,
                        "ellipses.0.ell_comps.ell_comps_1": -0.01884004709841,
                        "multipoles.0.multipole_1.multipole_comps.multipole_comps_0": 0.0029760626819262336,
                        "multipoles.0.multipole_1.multipole_comps.multipole_comps_1": -0.003099487479280766,
                        "multipoles.0.multipole_3.multipole_comps.multipole_comps_0": -0.0031134898230246733,
                        "multipoles.0.multipole_3.multipole_comps.multipole_comps_1": 0.0013549635998262386,
                        "multipoles.0.multipole_4.multipole_comps.multipole_comps_0": 0.00088794419014,
                        "multipoles.0.multipole_4.multipole_comps.multipole_comps_1": -0.0017303513984707622
                    }
                }
            }
        }
    }
}