{
    "type": "instance",
    "class_path": "autofit.non_linear.samples.summary.SamplesSummary",
    "arguments": {
        "values_at_sigma_3": {
            "type": "list",
            "values": [
                {
                    "type": "tuple",
                    "values": [
                        -0.015392662318928864,
                        0.020078237464121376
                    ]
                },
                {
                    "type": "tuple",
                    "values": [
                        0.03036019595169578,
                        0.06947170995223885
                    ]
                },
                {
                    "type": "tuple",
                    "values": [
                        -0.02056039256498,
                        0.00220228179037
                    ]
                },
                {
                    "type": "tuple",
                    "values": [
                        -0.00794492532334,
                        0.01456286942626
                    ]
                },
                {
                    "type": "tuple",
                    "values": [
                        -0.009029385561281416,
                        0.013979570342371997
                    ]
                },
                {
                    "type": "tuple",
                    "values": [
                        -0.007077551443981961,
                        0.012231033242573514
                    ]
                },
                {
                    "type": "tuple",
                    "values": [
                        -0.00897226211806,
                        0.015895875885363682
                    ]
                },
                {
                    "type": "tuple",
                    "values": [
                        -0.01849069354642,
                        0.00991827224458408
                    ]
                }
            ]
        },
        "max_log_likelihood_sample": {
            "type": "instance",
            "class_path": "autofit.non_linear.samples.sample.Sample",
            "arguments": {
                "log_likelihood": -7.3435432535347225,
                "log_prior": 0.0,
                "weight": 0.0010403406706970442,
                "kwargs": {
                    "type": "dict",
                    "arguments": {
                        "ellipses.0.ell_comps.ell_comps_0": 0.00837827482212,
                        "ellipses.0.ell_comps.ell_comps_1": 0.05238161973643,
                        "multipoles.0.multipole_1.multipole_comps.multipole_comps_0": -0.01079045792479,
                        "multipoles.0.multipole_1.multipole_comps.multipole_comps_1": 0.00156226848769,
                        "multipoles.0.multipole_3.multipole_comps.multipole_comps_0": 0.00471443582303,
                        "multipoles.0.multipole_3.multipole_comps.multipole_comps_1": 0.00237540530715,
                        "multipoles.0.multipole_4.multipole_comps.multipole_comps_0": 0.0050362144819,
                        "multipoles.0.multipole_4.multipole_comps.multipole_comps_1": -0.00455262972907
                    }
                }
            }
        },
        "values_at_sigma_1": {
            "type": "list",
            "values": [
                {
                    "type": "tuple",
                    "values": [
                        -0.001576999217201598,
                        0.009692628803276426
                    ]
                },
                {
                    "type": "tuple",
                    "values": [
                        0.04225107580502,
                        0.05654676314347675
                    ]
                },
                {
                    "type": "tuple",
                    "values": [
                        -0.013619037936366332,
                        -0.00620334461336308
                    ]
                },
                {
                    "type": "tuple",
                    "values": [
                        -0.0006146469664685657,
                        0.006860177143669949
                    ]
                },
                {
                    "type": "tuple",
                    "values": [
                        -0.000488419062144195,
                        0.00674999217917
                    ]
                },
                {
                    "type": "tuple",
                    "values": [
                        -0.00021979645372807033,
                        0.006028868430992841
                    ]
                },
                {
                    "type": "tuple",
                    "values": [
                        0.0013800427000155231,
                        0.008135379389217878
                    ]
                },
                {
                    "type": "tuple",
                    "values": [
                        -0.00912059818566,
                        0.00053824912350349
                    ]
                }
            ]
        },
        "median_pdf_sample": {
            "type": "instance",
            "class_path": "autofit.non_linear.samples.sample.Sample",
            "arguments": {
                "log_likelihood": -7.3435432535347225,
                "log_prior": 0.0,
                "weight": 0.0010403406706970442,
                "kwargs": {
                    "type": "dict",
                    "arguments": {
                        "ellipses.0.ell_comps.ell_comps_0": 0.004275328193241896,
                        "ellipses.0.ell_comps.ell_comps_1": 0.04963998552920049,
                        "multipoles.0.multipole_1.multipole_comps.multipole_comps_0": -0.009867481322029801,
                        "multipoles.0.multipole_1.multipole_comps.multipole_comps_1": 0.00318265155002,
                        "multipoles.0.multipole_3.multipole_comps.multipole_comps_0": 0.0031587810871342922,
                        "multipoles.0.multipole_3.multipole_comps.multipole_comps_1": 0.0029109085263373507,
                        "multipoles.0.multipole_4.multipole_comps.multipole_comps_0": 0.004802140150298849,
                        "multipoles.0.multipole_4.multipole_comps.multipole_comps_1": -0.004543481836471432
                    }
                }
            }
        },
        "model": null,
        "log_evidence": -34.5028880003946,
        "errors_at_sigma_3": {
            "type": "list",
            "values": [
                {
                    "type": "tuple",
                    "values": [
                        0.01966799051217076,
                        0.01580290927087948
                    ]
                },
                {
                    "type": "tuple",
                    "values": [
                        0.019279789577504706,
                        0.019831724423038363
                    ]
                },
                {
                    "type": "tuple",
                    "values": [
                        0.0106929112429502,
                        0.012069763112399802
                    ]
                },
                {
                    "type": "tuple",
                    "values": [
                        0.01112757687336,
                        0.01138021787624
                    ]
                },
                {
                    "type": "tuple",
                    "values": [
                        0.012188166648415709,
                        0.010820789255237705
                    ]
                },
                {
                    "type": "tuple",
                    "values": [
                        0.009988459970319313,
                        0.009320124716236163
                    ]
                },
                {
                    "type": "tuple",
                    "values": [
                        0.013774402268358847,
                        0.011093735735064832
                    ]
                },
                {
                    "type": "tuple",
                    "values": [
                        0.013947211709948566,
                        0.014461754081055512
                    ]
                }
            ]
        },
        "errors_at_sigma_1": {
            "type": "list",
            "values": [
                {
                    "type": "tuple",
                    "values": [
                        0.0058523274104434935,
                        0.005417300610034531
                    ]
                },
                {
                    "type": "tuple",
                    "values": [
                        0.0073889097241804855,
                        0.006906777614276265
                    ]
                },
                {
                    "type": "tuple",
                    "values": [
                        0.003751556614336531,
                        0.003664136708666721
                    ]
                },
                {
                    "type": "tuple",
                    "values": [
                        0.0037972985164885656,
                        0.0036775255936499487
                    ]
                },
                {
                    "type": "tuple",
                    "values": [
                        0.0036472001492784873,
                        0.0035912110920357076
                    ]
                },
                {
                    "type": "tuple",
                    "values": [
                        0.003130704980065421,
                        0.0031179599046554903
                    ]
                },
                {
                    "type": "tuple",
                    "values": [
                        0.0034220974502833256,
                        0.0033332392389190295
                    ]
                },
                {
                    "type": "tuple",
                    "values": [
                        0.004577116349188568,
                        0.005081730959974922
                    ]
                }
            ]
        }
    }
}