{
    "type": "instance",
    "class_path": "autofit.non_linear.samples.summary.SamplesSummary",
    "arguments": {
        "values_at_sigma_1": {
            "type": "list",
            "values": [
                {
                    "type": "tuple",
                    "values": [
                        -0.02211555403798929,
                        -0.01542775107402
                    ]
                },
                {
                    "type": "tuple",
                    "values": [
                        0.008746661667681514,
                        0.01737316086662
                    ]
                }
            ]
        },
        "errors_at_sigma_3": {
            "type": "list",
            "values": [
                {
                    "type": "tuple",
                    "values": [
                        0.010154440496681714,
                        0.008250849474861122
                    ]
                },
                {
                    "type": "tuple",
                    "values": [
                        0.00947908441801,
                        0.010847907756899998
                    ]
                }
            ]
        },
        "median_pdf_sample": {
            "type": "instance",
            "class_path": "autofit.non_linear.samples.sample.Sample",
            "arguments": {
                "log_likelihood": -4.815307157664088,
                "log_prior": 0.0,
                "weight": 0.0009828591766293008,
                "kwargs": {
                    "type": "dict",
                    "arguments": {
                        "ellipses.0.ell_comps.ell_comps_0": -0.01862189414714,
                        "ellipses.0.ell_comps.ell_comps_1": 0.01296931164116
                    }
                }
            }
        },
        "log_evidence": -14.455051887913553,
        "errors_at_sigma_1": {
            "type": "list",
            "values": [
                {
                    "type": "tuple",
                    "values": [
                        0.00349365989084929,
                        0.0031941430731200014
                    ]
                },
                {
                    "type": "tuple",
                    "values": [
                        0.004222649973478487,
                        0.004403849225459999
                    ]
                }
            ]
        },
        "model": null,
        "values_at_sigma_3": {
            "type": "list",
            "values": [
                {
                    "type": "tuple",
                    "values": [
                        -0.028776334643821715,
                        -0.01037104467227888
                    ]
                },
                {
                    "type": "tuple",
                    "values": [
                        0.00349022722315,
                        0.02381721939806
                    ]
                }
            ]
        },
        "max_log_likelihood_sample": {
            "type": "instance",
            "class_path": "autofit.non_linear.samples.sample.Sample",
            "arguments": {
                "log_likelihood": -4.815307157664088,
                "log_prior": 0.0,
                "weight": 0.0009828591766293008,
                "kwargs": {
                    "type": "dict",
                    "arguments": {
                        "ellipses.0.ell_comps.ell_comps_0": -0.01915039502024,
                        "ellipses.0.ell_comps.ell_comps_1": 0.01396473989183
                    }
                }
            }
        }
    }
}