{
    "type": "instance",
    "class_path": "autofit.non_linear.samples.summary.SamplesSummary",
    "arguments": {
        "median_pdf_sample": {
            "type": "instance",
            "class_path": "autofit.non_linear.samples.sample.Sample",
            "arguments": {
                "log_likelihood": -19.403533203853232,
                "log_prior": 0.0,
                "weight": 0.0010222692687652693,
                "kwargs": {
                    "type": "dict",
                    "arguments": {
                        "ellipses.0.ell_comps.ell_comps_0": 0.07490483225012,
                        "ellipses.0.ell_comps.ell_comps_1": -0.11428186403846541,
                        "multipoles.0.multipole_3.multipole_comps.multipole_comps_0": -0.004009471380304705,
                        "multipoles.0.multipole_3.multipole_comps.multipole_comps_1": 0.0011207414884722344,
                        "multipoles.0.multipole_4.multipole_comps.multipole_comps_0": 0.023138062389896987,
                        "multipoles.0.multipole_4.multipole_comps.multipole_comps_1": -0.02085676653004
                    }
                }
            }
        },
        "errors_at_sigma_3": {
            "type": "list",
            "values": [
                {
                    "type": "tuple",
                    "values": [
                        0.03573564348481048,
                        0.05356554845757959
                    ]
                },
                {
                    "type": "tuple",
                    "values": [
                        0.03545956142409745,
                        0.0280002486244319
                    ]
                },
                {
                    "type": "tuple",
                    "values": [
                        0.04252426598662432,
                        0.04780219400022471
                    ]
                },
                {
                    "type": "tuple",
                    "values": [
                        0.039997997082542515,
                        0.045526021916932766
                    ]
                },
                {
                    "type": "tuple",
                    "values": [
                        0.05122931251952993,
                        0.054423568779755474
                    ]
                },
                {
                    "type": "tuple",
                    "values": [
                        0.038684332514460004,
                        0.057382795675448045
                    ]
                }
            ]
        },
        "values_at_sigma_3": {
            "type": "list",
            "values": [
                {
                    "type": "tuple",
                    "values": [
                        0.03916918876530952,
                        0.1284703807076996
                    ]
                },
                {
                    "type": "tuple",
                    "values": [
                        -0.14974142546256286,
                        -0.08628161541403351
                    ]
                },
                {
                    "type": "tuple",
                    "values": [
                        -0.04653373736692903,
                        0.04379272261992
                    ]
                },
                {
                    "type": "tuple",
                    "values": [
                        -0.03887725559407028,
                        0.046646763405405
                    ]
                },
                {
                    "type": "tuple",
                    "values": [
                        -0.02809125012963295,
                        0.07756163116965246
                    ]
                },
                {
                    "type": "tuple",
                    "values": [
                        -0.0595410990445,
                        0.03652602914540805
                    ]
                }
            ]
        },
        "errors_at_sigma_1": {
            "type": "list",
            "values": [
                {
                    "type": "tuple",
                    "values": [
                        0.015072439663889999,
                        0.024577447461337776
                    ]
                },
                {
                    "type": "tuple",
                    "values": [
                        0.012756700397356574,
                        0.008794841664856598
                    ]
                },
                {
                    "type": "tuple",
                    "values": [
                        0.016986594920703327,
                        0.01981389113149761
                    ]
                },
                {
                    "type": "tuple",
                    "values": [
                        0.014830466271160834,
                        0.013738342616018398
                    ]
                },
                {
                    "type": "tuple",
                    "values": [
                        0.021216238652656986,
                        0.019671057313700845
                    ]
                },
                {
                    "type": "tuple",
                    "values": [
                        0.013297944117134298,
                        0.0186332162891172
                    ]
                }
            ]
        },
        "model": null,
        "max_log_likelihood_sample": {
            "type": "instance",
            "class_path": "autofit.non_linear.samples.sample.Sample",
            "arguments": {
                "log_likelihood": -19.403533203853232,
                "log_prior": 0.0,
                "weight": 0.0010222692687652693,
                "kwargs": {
                    "type": "dict",
                    "arguments": {
                        "ellipses.0.ell_comps.ell_comps_0": 0.07075942511784,
                        "ellipses.0.ell_comps.ell_comps_1": -0.11272436358475,
                        "multipoles.0.multipole_3.multipole_comps.multipole_comps_0": -0.00827465920915,
                        "multipoles.0.multipole_3.multipole_comps.multipole_comps_1": -0.00043737874852,
                        "multipoles.0.multipole_4.multipole_comps.multipole_comps_0": 0.02581601570586,
                        "multipoles.0.multipole_4.multipole_comps.multipole_comps_1": -0.02508599667088
                    }
                }
            }
        },
        "values_at_sigma_1": {
            "type": "list",
            "values": [
                {
                    "type": "tuple",
                    "values": [
                        0.05983239258623,
                        0.09948227971145777
                    ]
                },
                {
                    "type": "tuple",
                    "values": [
                        -0.12703856443582198,
                        -0.10548702237360881
                    ]
                },
                {
                    "type": "tuple",
                    "values": [
                        -0.02099606630100803,
                        0.015804419751192907
                    ]
                },
                {
                    "type": "tuple",
                    "values": [
                        -0.0137097247826886,
                        0.014859084104490633
                    ]
                },
                {
                    "type": "tuple",
                    "values": [
                        0.00192182373724,
                        0.04280911970359783
                    ]
                },
                {
                    "type": "tuple",
                    "values": [
                        -0.0341547106471743,
                        -0.0022235502409228007
                    ]
                }
            ]
        },
        "log_evidence": -34.787837737684775
    }
}