{
    "type": "instance",
    "class_path": "autofit.non_linear.samples.summary.SamplesSummary",
    "arguments": {
        "model": null,
        "median_pdf_sample": {
            "type": "instance",
            "class_path": "autofit.non_linear.samples.sample.Sample",
            "arguments": {
                "log_likelihood": -14.291403017769033,
                "log_prior": 0.0,
                "weight": 0.0009982637257851233,
                "kwargs": {
                    "type": "dict",
                    "arguments": {
                        "ellipses.0.ell_comps.ell_comps_0": -0.02460340700255432,
                        "ellipses.0.ell_comps.ell_comps_1": 0.005871935994671562,
                        "multipoles.0.multipole_3.multipole_comps.multipole_comps_0": -0.020899267765170867,
                        "multipoles.0.multipole_3.multipole_comps.multipole_comps_1": 0.00025969088807,
                        "multipoles.0.multipole_4.multipole_comps.multipole_comps_0": 0.02639976194083,
                        "multipoles.0.multipole_4.multipole_comps.multipole_comps_1": -0.04299815215545456
                    }
                }
            }
        },
        "errors_at_sigma_1": {
            "type": "list",
            "values": [
                {
                    "type": "tuple",
                    "values": [
                        0.02184815997526568,
                        0.010017498725484318
                    ]
                },
                {
                    "type": "tuple",
                    "values": [
                        0.02297864033900319,
                        0.016602717108678437
                    ]
                },
                {
                    "type": "tuple",
                    "values": [
                        0.05448573363553913,
                        0.06856070315977086
                    ]
                },
                {
                    "type": "tuple",
                    "values": [
                        0.06811540670470063,
                        0.06587875936618297
                    ]
                },
                {
                    "type": "tuple",
                    "values": [
                        0.10316732440997928,
                        0.05640726483881034
                    ]
                },
                {
                    "type": "tuple",
                    "values": [
                        0.03937572046751544,
                        0.060737359633956024
                    ]
                }
            ]
        },
        "errors_at_sigma_3": {
            "type": "list",
            "values": [
                {
                    "type": "tuple",
                    "values": [
                        0.1425548735769657,
                        0.050762577258874314
                    ]
                },
                {
                    "type": "tuple",
                    "values": [
                        0.06518251683373155,
                        0.10825735404410844
                    ]
                },
                {
                    "type": "tuple",
                    "values": [
                        0.07795707024485413,
                        0.1110812867987435
                    ]
                },
                {
                    "type": "tuple",
                    "values": [
                        0.09933478909839,
                        0.09717341774464237
                    ]
                },
                {
                    "type": "tuple",
                    "values": [
                        0.12562660162608,
                        0.07325189034177555
                    ]
                },
                {
                    "type": "tuple",
                    "values": [
                        0.05687779188866544,
                        0.14204567482216038
                    ]
                }
            ]
        },
        "values_at_sigma_3": {
            "type": "list",
            "values": [
                {
                    "type": "tuple",
                    "values": [
                        -0.16715828057952,
                        0.02615917025632
                    ]
                },
                {
                    "type": "tuple",
                    "values": [
                        -0.05931058083906,
                        0.11412929003878
                    ]
                },
                {
                    "type": "tuple",
                    "values": [
                        -0.098856338010025,
                        0.09018201903357263
                    ]
                },
                {
                    "type": "tuple",
                    "values": [
                        -0.09907509821032,
                        0.09743310863271237
                    ]
                },
                {
                    "type": "tuple",
                    "values": [
                        -0.09922683968525,
                        0.09965165228260556
                    ]
                },
                {
                    "type": "tuple",
                    "values": [
                        -0.09987594404412,
                        0.09904752266670583
                    ]
                }
            ]
        },
        "max_log_likelihood_sample": {
            "type": "instance",
            "class_path": "autofit.non_linear.samples.sample.Sample",
            "arguments": {
                "log_likelihood": -14.291403017769033,
                "log_prior": 0.0,
                "weight": 0.0009982637257851233,
                "kwargs": {
                    "type": "dict",
                    "arguments": {
                        "ellipses.0.ell_comps.ell_comps_0": -0.02037131454912,
                        "ellipses.0.ell_comps.ell_comps_1": -0.007059205852,
                        "multipoles.0.multipole_3.multipole_comps.multipole_comps_0": -0.03838883667342,
                        "multipoles.0.multipole_3.multipole_comps.multipole_comps_1": -0.04254495694782,
                        "multipoles.0.multipole_4.multipole_comps.multipole_comps_0": -0.08324304674932,
                        "multipoles.0.multipole_4.multipole_comps.multipole_comps_1": -0.09698374824052
                    }
                }
            }
        },
        "log_evidence": -28.393020119083456,
        "values_at_sigma_1": {
            "type": "list",
            "values": [
                {
                    "type": "tuple",
                    "values": [
                        -0.04645156697782,
                        -0.01458590827707
                    ]
                },
                {
                    "type": "tuple",
                    "values": [
                        -0.01710670434433163,
                        0.02247465310335
                    ]
                },
                {
                    "type": "tuple",
                    "values": [
                        -0.07538500140071,
                        0.0476614353946
                    ]
                },
                {
                    "type": "tuple",
                    "values": [
                        -0.06785571581663064,
                        0.06613845025425297
                    ]
                },
                {
                    "type": "tuple",
                    "values": [
                        -0.07676756246914927,
                        0.08280702677964034
                    ]
                },
                {
                    "type": "tuple",
                    "values": [
                        -0.08237387262297,
                        0.017739207478501468
                    ]
                }
            ]
        }
    }
}