{
    "type": "instance",
    "class_path": "autofit.non_linear.samples.summary.SamplesSummary",
    "arguments": {
        "values_at_sigma_3": {
            "type": "list",
            "values": [
                {
                    "type": "tuple",
                    "values": [
                        -0.07596630216360319,
                        0.00539569295144
                    ]
                },
                {
                    "type": "tuple",
                    "values": [
                        -0.12631152503235296,
                        -0.09002573914901
                    ]
                },
                {
                    "type": "tuple",
                    "values": [
                        -0.05887799873111,
                        0.09921095839897136
                    ]
                },
                {
                    "type": "tuple",
                    "values": [
                        -0.09818346632891,
                        0.06579101396051
                    ]
                },
                {
                    "type": "tuple",
                    "values": [
                        -0.09824206405179278,
                        0.07875333492469
                    ]
                },
                {
                    "type": "tuple",
                    "values": [
                        -0.08299730897834,
                        0.07910572519208867
                    ]
                }
            ]
        },
        "values_at_sigma_1": {
            "type": "list",
            "values": [
                {
                    "type": "tuple",
                    "values": [
                        -0.05415073094876,
                        -0.03238556130431
                    ]
                },
                {
                    "type": "tuple",
                    "values": [
                        -0.12196332535930449,
                        -0.1083892875429923
                    ]
                },
                {
                    "type": "tuple",
                    "values": [
                        0.00347079635911,
                        0.05926849537917
                    ]
                },
                {
                    "type": "tuple",
                    "values": [
                        -0.04490259655305,
                        0.02941635279929381
                    ]
                },
                {
                    "type": "tuple",
                    "values": [
                        -0.07065822078970842,
                        0.01451118897035
                    ]
                },
                {
                    "type": "tuple",
                    "values": [
                        -0.006529236225565103,
                        0.03782235971625927
                    ]
                }
            ]
        },
        "errors_at_sigma_3": {
            "type": "list",
            "values": [
                {
                    "type": "tuple",
                    "values": [
                        0.03784675794930519,
                        0.04351523716573799
                    ]
                },
                {
                    "type": "tuple",
                    "values": [
                        0.007720206410127342,
                        0.028565579473215613
                    ]
                },
                {
                    "type": "tuple",
                    "values": [
                        0.08872976063449001,
                        0.06935919649559136
                    ]
                },
                {
                    "type": "tuple",
                    "values": [
                        0.10217000554274,
                        0.06180447474668
                    ]
                },
                {
                    "type": "tuple",
                    "values": [
                        0.058200504918932784,
                        0.11879489405755
                    ]
                },
                {
                    "type": "tuple",
                    "values": [
                        0.10347670436491882,
                        0.05862632980550984
                    ]
                }
            ]
        },
        "model": null,
        "errors_at_sigma_1": {
            "type": "list",
            "values": [
                {
                    "type": "tuple",
                    "values": [
                        0.016031186734462008,
                        0.005733982909987993
                    ]
                },
                {
                    "type": "tuple",
                    "values": [
                        0.003372006737078867,
                        0.010202031079233315
                    ]
                },
                {
                    "type": "tuple",
                    "values": [
                        0.02638096554427,
                        0.029416733475789998
                    ]
                },
                {
                    "type": "tuple",
                    "values": [
                        0.04888913576688,
                        0.025429813585463812
                    ]
                },
                {
                    "type": "tuple",
                    "values": [
                        0.03061666165684842,
                        0.054552748103209994
                    ]
                },
                {
                    "type": "tuple",
                    "values": [
                        0.02700863161214393,
                        0.017342964329680438
                    ]
                }
            ]
        },
        "max_log_likelihood_sample": {
            "type": "instance",
            "class_path": "autofit.non_linear.samples.sample.Sample",
            "arguments": {
                "log_likelihood": -39.13038054812148,
                "log_prior": 0.0,
                "weight": 0.0009996023556051081,
                "kwargs": {
                    "type": "dict",
                    "arguments": {
                        "ellipses.0.ell_comps.ell_comps_0": -0.03342303023365,
                        "ellipses.0.ell_comps.ell_comps_1": -0.1209386866419,
                        "multipoles.0.multipole_3.multipole_comps.multipole_comps_0": -2.539192678e-05,
                        "multipoles.0.multipole_3.multipole_comps.multipole_comps_1": 0.01836750337086,
                        "multipoles.0.multipole_4.multipole_comps.multipole_comps_0": -0.06811329323221,
                        "multipoles.0.multipole_4.multipole_comps.multipole_comps_1": 0.02455895185627
                    }
                }
            }
        },
        "log_evidence": -56.467249655386055,
        "median_pdf_sample": {
            "type": "instance",
            "class_path": "autofit.non_linear.samples.sample.Sample",
            "arguments": {
                "log_likelihood": -39.13038054812148,
                "log_prior": 0.0,
                "weight": 0.0009996023556051081,
                "kwargs": {
                    "type": "dict",
                    "arguments": {
                        "ellipses.0.ell_comps.ell_comps_0": -0.038119544214297994,
                        "ellipses.0.ell_comps.ell_comps_1": -0.11859131862222562,
                        "multipoles.0.multipole_3.multipole_comps.multipole_comps_0": 0.02985176190338,
                        "multipoles.0.multipole_3.multipole_comps.multipole_comps_1": 0.00398653921383,
                        "multipoles.0.multipole_4.multipole_comps.multipole_comps_0": -0.04004155913286,
                        "multipoles.0.multipole_4.multipole_comps.multipole_comps_1": 0.02047939538657883
                    }
                }
            }
        }
    }
}