{
    "type": "instance",
    "class_path": "autofit.non_linear.samples.summary.SamplesSummary",
    "arguments": {
        "model": null,
        "errors_at_sigma_1": {
            "type": "list",
            "values": [
                {
                    "type": "tuple",
                    "values": [
                        0.0036663045760789437,
                        0.0034734869526118796
                    ]
                },
                {
                    "type": "tuple",
                    "values": [
                        0.002571270296479994,
                        0.0028576455847389715
                    ]
                }
            ]
        },
        "log_evidence": -41.496810664285796,
        "errors_at_sigma_3": {
            "type": "list",
            "values": [
                {
                    "type": "tuple",
                    "values": [
                        0.011026123878409996,
                        0.008998199854810075
                    ]
                },
                {
                    "type": "tuple",
                    "values": [
                        0.0078949696294799,
                        0.011651748914046925
                    ]
                }
            ]
        },
        "median_pdf_sample": {
            "type": "instance",
            "class_path": "autofit.non_linear.samples.sample.Sample",
            "arguments": {
                "log_likelihood": -30.925064621417977,
                "log_prior": 0.0,
                "weight": 0.0009843186426402612,
                "kwargs": {
                    "type": "dict",
                    "arguments": {
                        "ellipses.0.ell_comps.ell_comps_0": -0.03159701095851,
                        "ellipses.0.ell_comps.ell_comps_1": 0.06398850132216
                    }
                }
            }
        },
        "max_log_likelihood_sample": {
            "type": "instance",
            "class_path": "autofit.non_linear.samples.sample.Sample",
            "arguments": {
                "log_likelihood": -30.925064621417977,
                "log_prior": 0.0,
                "weight": 0.0009843186426402612,
                "kwargs": {
                    "type": "dict",
                    "arguments": {
                        "ellipses.0.ell_comps.ell_comps_0": -0.03115360733943,
                        "ellipses.0.ell_comps.ell_comps_1": 0.06318724251442
                    }
                }
            }
        },
        "values_at_sigma_1": {
            "type": "list",
            "values": [
                {
                    "type": "tuple",
                    "values": [
                        -0.035263315534588946,
                        -0.028123524005898123
                    ]
                },
                {
                    "type": "tuple",
                    "values": [
                        0.06141723102568,
                        0.06684614690689897
                    ]
                }
            ]
        },
        "values_at_sigma_3": {
            "type": "list",
            "values": [
                {
                    "type": "tuple",
                    "values": [
                        -0.04262313483692,
                        -0.022598811103699927
                    ]
                },
                {
                    "type": "tuple",
                    "values": [
                        0.056093531692680096,
                        0.07564025023620692
                    ]
                }
            ]
        }
    }
}