{
    "type": "instance",
    "class_path": "autofit.non_linear.samples.summary.SamplesSummary",
    "arguments": {
        "max_log_likelihood_sample": {
            "type": "instance",
            "class_path": "autofit.non_linear.samples.sample.Sample",
            "arguments": {
                "log_likelihood": -22.990543158182106,
                "log_prior": 0.0,
                "weight": 0.0009881198794156353,
                "kwargs": {
                    "type": "dict",
                    "arguments": {
                        "ellipses.0.ell_comps.ell_comps_0": -0.01753128214803,
                        "ellipses.0.ell_comps.ell_comps_1": 0.07196877577743
                    }
                }
            }
        },
        "log_evidence": -31.30977009490878,
        "values_at_sigma_1": {
            "type": "list",
            "values": [
                {
                    "type": "tuple",
                    "values": [
                        -0.02131471554787372,
                        -0.006718772723549471
                    ]
                },
                {
                    "type": "tuple",
                    "values": [
                        0.06374165750929,
                        0.07802922177295
                    ]
                }
            ]
        },
        "errors_at_sigma_3": {
            "type": "list",
            "values": [
                {
                    "type": "tuple",
                    "values": [
                        0.017598913328697972,
                        0.02658226399836911
                    ]
                },
                {
                    "type": "tuple",
                    "values": [
                        0.016740656514217925,
                        0.024818657713633896
                    ]
                }
            ]
        },
        "values_at_sigma_3": {
            "type": "list",
            "values": [
                {
                    "type": "tuple",
                    "values": [
                        -0.033248493206309196,
                        0.01093268412075789
                    ]
                },
                {
                    "type": "tuple",
                    "values": [
                        0.05382169594924818,
                        0.0953810101771
                    ]
                }
            ]
        },
        "median_pdf_sample": {
            "type": "instance",
            "class_path": "autofit.non_linear.samples.sample.Sample",
            "arguments": {
                "log_likelihood": -22.990543158182106,
                "log_prior": 0.0,
                "weight": 0.0009881198794156353,
                "kwargs": {
                    "type": "dict",
                    "arguments": {
                        "ellipses.0.ell_comps.ell_comps_0": -0.015649579877611224,
                        "ellipses.0.ell_comps.ell_comps_1": 0.07056235246346611
                    }
                }
            }
        },
        "model": null,
        "errors_at_sigma_1": {
            "type": "list",
            "values": [
                {
                    "type": "tuple",
                    "values": [
                        0.0056651356702624965,
                        0.008930807154061752
                    ]
                },
                {
                    "type": "tuple",
                    "values": [
                        0.006820694954176101,
                        0.007466869309483898
                    ]
                }
            ]
        }
    }
}