{
    "type": "instance",
    "class_path": "autofit.non_linear.samples.summary.SamplesSummary",
    "arguments": {
        "values_at_sigma_1": {
            "type": "list",
            "values": [
                {
                    "type": "tuple",
                    "values": [
                        -0.2937768846329888,
                        -0.26965325792631656
                    ]
                },
                {
                    "type": "tuple",
                    "values": [
                        -0.09017021329628,
                        -0.07728182522014986
                    ]
                },
                {
                    "type": "tuple",
                    "values": [
                        -0.01029143326536965,
                        0.00630621818974
                    ]
                },
                {
                    "type": "tuple",
                    "values": [
                        0.00013102981946789662,
                        0.02078503127196
                    ]
                },
                {
                    "type": "tuple",
                    "values": [
                        -0.041015135935168825,
                        -0.00782664567397
                    ]
                },
                {
                    "type": "tuple",
                    "values": [
                        -0.0007520461179721153,
                        0.027747153934243908
                    ]
                }
            ]
        },
        "errors_at_sigma_1": {
            "type": "list",
            "values": [
                {
                    "type": "tuple",
                    "values": [
                        0.022035480665458795,
                        0.0020881460412134345
                    ]
                },
                {
                    "type": "tuple",
                    "values": [
                        0.005456605283048532,
                        0.007431782793081612
                    ]
                },
                {
                    "type": "tuple",
                    "values": [
                        0.008950090822444867,
                        0.0076475606326647854
                    ]
                },
                {
                    "type": "tuple",
                    "values": [
                        0.011097909681072105,
                        0.009556091771419998
                    ]
                },
                {
                    "type": "tuple",
                    "values": [
                        0.017399884994458825,
                        0.015788605266740002
                    ]
                },
                {
                    "type": "tuple",
                    "values": [
                        0.013630022251341672,
                        0.014869177800874352
                    ]
                }
            ]
        },
        "median_pdf_sample": {
            "type": "instance",
            "class_path": "autofit.non_linear.samples.sample.Sample",
            "arguments": {
                "log_likelihood": -66.97601434201303,
                "log_prior": 0.0,
                "weight": 0.001032614715235299,
                "kwargs": {
                    "type": "dict",
                    "arguments": {
                        "ellipses.0.ell_comps.ell_comps_0": -0.27174140396753,
                        "ellipses.0.ell_comps.ell_comps_1": -0.08471360801323147,
                        "multipoles.0.multipole_3.multipole_comps.multipole_comps_0": -0.0013413424429247849,
                        "multipoles.0.multipole_3.multipole_comps.multipole_comps_1": 0.01122893950054,
                        "multipoles.0.multipole_4.multipole_comps.multipole_comps_0": -0.02361525094071,
                        "multipoles.0.multipole_4.multipole_comps.multipole_comps_1": 0.012877976133369556
                    }
                }
            }
        },
        "values_at_sigma_3": {
            "type": "list",
            "values": [
                {
                    "type": "tuple",
                    "values": [
                        -0.3052843915345458,
                        -0.2635567300416507
                    ]
                },
                {
                    "type": "tuple",
                    "values": [
                        -0.09701401285401905,
                        -0.0699430071510655
                    ]
                },
                {
                    "type": "tuple",
                    "values": [
                        -0.03736947400134,
                        0.020063410328910267
                    ]
                },
                {
                    "type": "tuple",
                    "values": [
                        -0.02633951976479,
                        0.04407280985823
                    ]
                },
                {
                    "type": "tuple",
                    "values": [
                        -0.06456549504139043,
                        0.00899970929014735
                    ]
                },
                {
                    "type": "tuple",
                    "values": [
                        -0.03859922683457,
                        0.0597647010381094
                    ]
                }
            ]
        },
        "errors_at_sigma_3": {
            "type": "list",
            "values": [
                {
                    "type": "tuple",
                    "values": [
                        0.03354298756701579,
                        0.008184673925879293
                    ]
                },
                {
                    "type": "tuple",
                    "values": [
                        0.01230040484078758,
                        0.014770600862165972
                    ]
                },
                {
                    "type": "tuple",
                    "values": [
                        0.036028131558415215,
                        0.021404752771835053
                    ]
                },
                {
                    "type": "tuple",
                    "values": [
                        0.03756845926533,
                        0.03284387035769
                    ]
                },
                {
                    "type": "tuple",
                    "values": [
                        0.04095024410068043,
                        0.03261496023085735
                    ]
                },
                {
                    "type": "tuple",
                    "values": [
                        0.051477202967939555,
                        0.04688672490473984
                    ]
                }
            ]
        },
        "model": null,
        "max_log_likelihood_sample": {
            "type": "instance",
            "class_path": "autofit.non_linear.samples.sample.Sample",
            "arguments": {
                "log_likelihood": -66.97601434201303,
                "log_prior": 0.0,
                "weight": 0.001032614715235299,
                "kwargs": {
                    "type": "dict",
                    "arguments": {
                        "ellipses.0.ell_comps.ell_comps_0": -0.2701001574541,
                        "ellipses.0.ell_comps.ell_comps_1": -0.08622061159262,
                        "multipoles.0.multipole_3.multipole_comps.multipole_comps_0": 0.00351028547238,
                        "multipoles.0.multipole_3.multipole_comps.multipole_comps_1": 0.00793894910979,
                        "multipoles.0.multipole_4.multipole_comps.multipole_comps_0": -0.02796510857926,
                        "multipoles.0.multipole_4.multipole_comps.multipole_comps_1": 0.00797368232541
                    }
                }
            }
        },
        "log_evidence": -87.73046265004902
    }
}