{
    "data_name": "J0029-0055",
    "redshift_lens": 0.227,
    "redshift_source": 0.931,
    "slope": 2.38,
    "slope_err": 0.23,
    "axis_ratio": 0.89,
    "position_angle": 25.4,
    "einstein_radius": 0.96,
    "log_Mein": 11.08,
    "Mein": 120226443461.7418,
    "marker": "+",
    "colour": "lightcoral",
    "shear": 0.01,
    "sigma": 229.0,
    "sigma_err": 18.0,
    "log[M*/M]_chab": 11.33,
    "log[M*/M]_salp": 11.58,
    "log[Meff/M]": 11.13,
    "f_dm_chab": 11.13,
    "M200": 10400000000000.0,
    "r_eff": 2.16,
    "gamma_shajib": 2.47,
    "shajib_ue": 0.07,
    "shajib_le": 0.09,
    "shear_shajib": 0.002,
    "shear_shajib_le": 0.001,
    "shear_shajib_ue": 0.002,
    "phi_shajib": -22.0,
    "phi_shajib_le": 63.0,
    "phi_shajib_ue": 79.0,
    "gamma_Barnabe": NaN,
    "Barnabe_le": NaN,
    "Barnabe_ue": NaN,
    "RA": "\"002907.77\"",
    "DEC": "\"-005550.5\"",
    "subhalo_grid_dimensions_arcsec": 2.0,
    "mask_inner_radius": 0.4,
    "mask_outer_radius": 1.5,
    "scaled_annular": 1,
    "detect_delaunay": 0,
    "bpl_source_mask": 0,
    "mask_circular_radii": 3.5
}