{
    "type": "instance",
    "class_path": "autofit.non_linear.samples.summary.SamplesSummary",
    "arguments": {
        "model": null,
        "log_evidence": 52727.31949932052,
        "max_log_likelihood_sample": {
            "type": "instance",
            "class_path": "autofit.non_linear.samples.sample.Sample",
            "arguments": {
                "log_likelihood": 52766.67428760076,
                "log_prior": 2.4059929395216852,
                "weight": 3.21425625194757e-05,
                "kwargs": {
                    "type": "dict",
                    "arguments": {
                        "galaxies.lens.mass.ell_comps.ell_comps_0": 0.034335815638801115,
                        "galaxies.lens.mass.ell_comps.ell_comps_1": 0.06878737312574251,
                        "galaxies.lens.mass.einstein_radius": 0.979262983493176,
                        "galaxies.lens.mass.centre.centre_0": -0.003650793915950218,
                        "galaxies.lens.mass.centre.centre_1": -0.004396094516653085,
                        "galaxies.lens.mass.slope": 2.64348732907697,
                        "galaxies.lens.shear.gamma_1": -0.01129944501844,
                        "galaxies.lens.shear.gamma_2": -0.03351224542366
                    }
                }
            }
        },
        "median_pdf_sample": {
            "type": "instance",
            "class_path": "autofit.non_linear.samples.sample.Sample",
            "arguments": {
                "log_likelihood": 52766.67428760076,
                "log_prior": 2.4059929395216852,
                "weight": 3.21425625194757e-05,
                "kwargs": {
                    "type": "dict",
                    "arguments": {
                        "galaxies.lens.mass.ell_comps.ell_comps_0": 0.05382834835363772,
                        "galaxies.lens.mass.ell_comps.ell_comps_1": 0.11400721868361499,
                        "galaxies.lens.mass.einstein_radius": 0.9929723799050657,
                        "galaxies.lens.mass.centre.centre_0": -0.011658039707068557,
                        "galaxies.lens.mass.centre.centre_1": -0.005494233575304693,
                        "galaxies.lens.mass.slope": 2.5621152980782913,
                        "galaxies.lens.shear.gamma_1": 0.006616630704723675,
                        "galaxies.lens.shear.gamma_2": -0.025553334478160196
                    }
                }
            }
        },
        "errors_at_sigma_3": {
            "type": "list",
            "values": [
                {
                    "type": "tuple",
                    "values": [
                        0.04321189086467179,
                        0.06295260524555427
                    ]
                },
                {
                    "type": "tuple",
                    "values": [
                        0.07036462659853493,
                        0.10498891151499934
                    ]
                },
                {
                    "type": "tuple",
                    "values": [
                        0.024902402249055267,
                        0.08442655275950395
                    ]
                },
                {
                    "type": "tuple",
                    "values": [
                        0.01527217689983689,
                        0.015708479303632894
                    ]
                },
                {
                    "type": "tuple",
                    "values": [
                        0.013022956835211076,
                        0.014208183609490149
                    ]
                },
                {
                    "type": "tuple",
                    "values": [
                        0.24521380539496374,
                        0.3697449553957073
                    ]
                },
                {
                    "type": "tuple",
                    "values": [
                        0.04255167149230687,
                        0.021228380039165114
                    ]
                },
                {
                    "type": "tuple",
                    "values": [
                        0.0204313617006137,
                        0.02288360414147521
                    ]
                }
            ]
        },
        "values_at_sigma_1": {
            "type": "list",
            "values": [
                {
                    "type": "tuple",
                    "values": [
                        0.03922023260147267,
                        0.0720775375464069
                    ]
                },
                {
                    "type": "tuple",
                    "values": [
                        0.07558524784738997,
                        0.14484057773270778
                    ]
                },
                {
                    "type": "tuple",
                    "values": [
                        0.9802183946902701,
                        1.0103137553537698
                    ]
                },
                {
                    "type": "tuple",
                    "values": [
                        -0.01774229142568827,
                        -0.003543369611423146
                    ]
                },
                {
                    "type": "tuple",
                    "values": [
                        -0.010747891946157148,
                        -0.0007644009910084413
                    ]
                },
                {
                    "type": "tuple",
                    "values": [
                        2.4329988597957017,
                        2.769358463618272
                    ]
                },
                {
                    "type": "tuple",
                    "values": [
                        -0.01565887700309547,
                        0.01754858764840697
                    ]
                },
                {
                    "type": "tuple",
                    "values": [
                        -0.036873836807076746,
                        -0.014170181672043307
                    ]
                }
            ]
        },
        "values_at_sigma_3": {
            "type": "list",
            "values": [
                {
                    "type": "tuple",
                    "values": [
                        0.010616457488965931,
                        0.11678095359919198
                    ]
                },
                {
                    "type": "tuple",
                    "values": [
                        0.04364259208508006,
                        0.21899613019861433
                    ]
                },
                {
                    "type": "tuple",
                    "values": [
                        0.9680699776560104,
                        1.0773989326645697
                    ]
                },
                {
                    "type": "tuple",
                    "values": [
                        -0.026930216606905446,
                        0.004050439596564337
                    ]
                },
                {
                    "type": "tuple",
                    "values": [
                        -0.01851719041051577,
                        0.008713950034185456
                    ]
                },
                {
                    "type": "tuple",
                    "values": [
                        2.3169014926833276,
                        2.9318602534739986
                    ]
                },
                {
                    "type": "tuple",
                    "values": [
                        -0.035935040787583195,
                        0.02784501074388879
                    ]
                },
                {
                    "type": "tuple",
                    "values": [
                        -0.0459846961787739,
                        -0.002669730336684988
                    ]
                }
            ]
        },
        "errors_at_sigma_1": {
            "type": "list",
            "values": [
                {
                    "type": "tuple",
                    "values": [
                        0.01460811575216505,
                        0.01824918919276918
                    ]
                },
                {
                    "type": "tuple",
                    "values": [
                        0.03842197083622502,
                        0.03083335904909279
                    ]
                },
                {
                    "type": "tuple",
                    "values": [
                        0.012753985214795649,
                        0.017341375448704066
                    ]
                },
                {
                    "type": "tuple",
                    "values": [
                        0.006084251718619713,
                        0.008114670095645411
                    ]
                },
                {
                    "type": "tuple",
                    "values": [
                        0.005253658370852455,
                        0.004729832584296252
                    ]
                },
                {
                    "type": "tuple",
                    "values": [
                        0.12911643828258956,
                        0.2072431655399809
                    ]
                },
                {
                    "type": "tuple",
                    "values": [
                        0.022275507707819144,
                        0.010931956943683296
                    ]
                },
                {
                    "type": "tuple",
                    "values": [
                        0.01132050232891655,
                        0.011383152806116889
                    ]
                }
            ]
        }
    }
}