{
    "type": "instance",
    "class_path": "autofit.non_linear.samples.summary.SamplesSummary",
    "arguments": {
        "errors_at_sigma_1": {
            "type": "list",
            "values": [
                {
                    "type": "tuple",
                    "values": [
                        0.002727892073081245,
                        0.0029842530734643657
                    ]
                },
                {
                    "type": "tuple",
                    "values": [
                        0.003569306893230012,
                        0.00292720180082362
                    ]
                }
            ]
        },
        "log_evidence": -45.6339689242306,
        "max_log_likelihood_sample": {
            "type": "instance",
            "class_path": "autofit.non_linear.samples.sample.Sample",
            "arguments": {
                "log_likelihood": -35.20404454771179,
                "log_prior": 0.0,
                "weight": 0.0009787322998849705,
                "kwargs": {
                    "type": "dict",
                    "arguments": {
                        "ellipses.0.ell_comps.ell_comps_0": -0.13993756941329,
                        "ellipses.0.ell_comps.ell_comps_1": 0.12808029913625
                    }
                }
            }
        },
        "values_at_sigma_1": {
            "type": "list",
            "values": [
                {
                    "type": "tuple",
                    "values": [
                        -0.14255159747707125,
                        -0.13683945233052563
                    ]
                },
                {
                    "type": "tuple",
                    "values": [
                        0.12353468675415,
                        0.13003119544820363
                    ]
                }
            ]
        },
        "errors_at_sigma_3": {
            "type": "list",
            "values": [
                {
                    "type": "tuple",
                    "values": [
                        0.007283893563883287,
                        0.008397825481934074
                    ]
                },
                {
                    "type": "tuple",
                    "values": [
                        0.010865622712310008,
                        0.007803348641665764
                    ]
                }
            ]
        },
        "model": null,
        "values_at_sigma_3": {
            "type": "list",
            "values": [
                {
                    "type": "tuple",
                    "values": [
                        -0.1471075989678733,
                        -0.13142587992205593
                    ]
                },
                {
                    "type": "tuple",
                    "values": [
                        0.11623837093507,
                        0.13490734228904577
                    ]
                }
            ]
        },
        "median_pdf_sample": {
            "type": "instance",
            "class_path": "autofit.non_linear.samples.sample.Sample",
            "arguments": {
                "log_likelihood": -35.20404454771179,
                "log_prior": 0.0,
                "weight": 0.0009787322998849705,
                "kwargs": {
                    "type": "dict",
                    "arguments": {
                        "ellipses.0.ell_comps.ell_comps_0": -0.13982370540399,
                        "ellipses.0.ell_comps.ell_comps_1": 0.12710399364738
                    }
                }
            }
        }
    }
}