{
    "type": "instance",
    "class_path": "autofit.non_linear.samples.summary.SamplesSummary",
    "arguments": {
        "errors_at_sigma_1": {
            "type": "list",
            "values": [
                {
                    "type": "tuple",
                    "values": [
                        0.002146209365729332,
                        0.002095258071225861
                    ]
                },
                {
                    "type": "tuple",
                    "values": [
                        0.0019815417016144227,
                        0.0022055857486250052
                    ]
                }
            ]
        },
        "errors_at_sigma_3": {
            "type": "list",
            "values": [
                {
                    "type": "tuple",
                    "values": [
                        0.006587188920900239,
                        0.005599653523976747
                    ]
                },
                {
                    "type": "tuple",
                    "values": [
                        0.005632927701280432,
                        0.0056397329244227
                    ]
                }
            ]
        },
        "max_log_likelihood_sample": {
            "type": "instance",
            "class_path": "autofit.non_linear.samples.sample.Sample",
            "arguments": {
                "log_likelihood": -25.034177252482866,
                "log_prior": 0.0,
                "weight": 0.0009833171754570723,
                "kwargs": {
                    "type": "dict",
                    "arguments": {
                        "ellipses.0.ell_comps.ell_comps_0": 0.07303870672594,
                        "ellipses.0.ell_comps.ell_comps_1": 0.08762450853186
                    }
                }
            }
        },
        "median_pdf_sample": {
            "type": "instance",
            "class_path": "autofit.non_linear.samples.sample.Sample",
            "arguments": {
                "log_likelihood": -25.034177252482866,
                "log_prior": 0.0,
                "weight": 0.0009833171754570723,
                "kwargs": {
                    "type": "dict",
                    "arguments": {
                        "ellipses.0.ell_comps.ell_comps_0": 0.07269539006759956,
                        "ellipses.0.ell_comps.ell_comps_1": 0.08762501180899343
                    }
                }
            }
        },
        "values_at_sigma_1": {
            "type": "list",
            "values": [
                {
                    "type": "tuple",
                    "values": [
                        0.07054918070187023,
                        0.07479064813882542
                    ]
                },
                {
                    "type": "tuple",
                    "values": [
                        0.08564347010737901,
                        0.08983059755761844
                    ]
                }
            ]
        },
        "values_at_sigma_3": {
            "type": "list",
            "values": [
                {
                    "type": "tuple",
                    "values": [
                        0.06610820114669932,
                        0.07829504359157631
                    ]
                },
                {
                    "type": "tuple",
                    "values": [
                        0.081992084107713,
                        0.09326474473341613
                    ]
                }
            ]
        },
        "log_evidence": -36.16553094722056,
        "model": null
    }
}