{
    "type": "instance",
    "class_path": "autofit.non_linear.samples.summary.SamplesSummary",
    "arguments": {
        "max_log_likelihood_sample": {
            "type": "instance",
            "class_path": "autofit.non_linear.samples.sample.Sample",
            "arguments": {
                "log_likelihood": -31.712901333996065,
                "log_prior": 0.0,
                "weight": 0.0009916476742237866,
                "kwargs": {
                    "type": "dict",
                    "arguments": {
                        "ellipses.0.ell_comps.ell_comps_0": -0.11235579417124,
                        "ellipses.0.ell_comps.ell_comps_1": -0.04869759963253,
                        "multipoles.0.multipole_1.multipole_comps.multipole_comps_0": 0.05645288558114,
                        "multipoles.0.multipole_1.multipole_comps.multipole_comps_1": 0.0133178334481,
                        "multipoles.0.multipole_3.multipole_comps.multipole_comps_0": 0.02599198710837,
                        "multipoles.0.multipole_3.multipole_comps.multipole_comps_1": -0.06546427273849,
                        "multipoles.0.multipole_4.multipole_comps.multipole_comps_0": 0.06820679372436,
                        "multipoles.0.multipole_4.multipole_comps.multipole_comps_1": 0.00378316575648
                    }
                }
            }
        },
        "log_evidence": -52.16523084700673,
        "values_at_sigma_3": {
            "type": "list",
            "values": [
                {
                    "type": "tuple",
                    "values": [
                        -0.1269479394133,
                        -0.07813075958801
                    ]
                },
                {
                    "type": "tuple",
                    "values": [
                        -0.07274707464799426,
                        -0.007776119056933478
                    ]
                },
                {
                    "type": "tuple",
                    "values": [
                        -0.05574549122797,
                        0.14231615162257
                    ]
                },
                {
                    "type": "tuple",
                    "values": [
                        -0.025735424842579104,
                        0.09795860740731957
                    ]
                },
                {
                    "type": "tuple",
                    "values": [
                        -0.04838435572060205,
                        0.09887709382617
                    ]
                },
                {
                    "type": "tuple",
                    "values": [
                        -0.09890393105252042,
                        0.04295956782919
                    ]
                },
                {
                    "type": "tuple",
                    "values": [
                        -0.07216885373421124,
                        0.09941195909147012
                    ]
                },
                {
                    "type": "tuple",
                    "values": [
                        -0.08813243730733389,
                        0.05126171532843
                    ]
                }
            ]
        },
        "errors_at_sigma_1": {
            "type": "list",
            "values": [
                {
                    "type": "tuple",
                    "values": [
                        0.003378351405707275,
                        0.0030648993155627247
                    ]
                },
                {
                    "type": "tuple",
                    "values": [
                        0.0073035762935575455,
                        0.009618426985372457
                    ]
                },
                {
                    "type": "tuple",
                    "values": [
                        0.029668783599502677,
                        0.026080050867276813
                    ]
                },
                {
                    "type": "tuple",
                    "values": [
                        0.01677177344873139,
                        0.03203255171642061
                    ]
                },
                {
                    "type": "tuple",
                    "values": [
                        0.018522448333042913,
                        0.014315868741677437
                    ]
                },
                {
                    "type": "tuple",
                    "values": [
                        0.014421504345097223,
                        0.018045182096604814
                    ]
                },
                {
                    "type": "tuple",
                    "values": [
                        0.048957868392519574,
                        0.0251087421177371
                    ]
                },
                {
                    "type": "tuple",
                    "values": [
                        0.01858903124931886,
                        0.019743592777006682
                    ]
                }
            ]
        },
        "values_at_sigma_1": {
            "type": "list",
            "values": [
                {
                    "type": "tuple",
                    "values": [
                        -0.11744680373591,
                        -0.11100355301464
                    ]
                },
                {
                    "type": "tuple",
                    "values": [
                        -0.05472363290802,
                        -0.03780162962909
                    ]
                },
                {
                    "type": "tuple",
                    "values": [
                        0.016959764375290506,
                        0.07270859884207
                    ]
                },
                {
                    "type": "tuple",
                    "values": [
                        0.00847432456179,
                        0.057278649726941994
                    ]
                },
                {
                    "type": "tuple",
                    "values": [
                        0.019897696992349747,
                        0.0527360140670701
                    ]
                },
                {
                    "type": "tuple",
                    "values": [
                        -0.06456241823401329,
                        -0.032095731792311254
                    ]
                },
                {
                    "type": "tuple",
                    "values": [
                        0.00409553781774,
                        0.07816214832799667
                    ]
                },
                {
                    "type": "tuple",
                    "values": [
                        -0.04053222084083554,
                        -0.00219959681451
                    ]
                }
            ]
        },
        "errors_at_sigma_3": {
            "type": "list",
            "values": [
                {
                    "type": "tuple",
                    "values": [
                        0.01287948708309726,
                        0.03593769274219273
                    ]
                },
                {
                    "type": "tuple",
                    "values": [
                        0.02532701803353181,
                        0.03964393755752898
                    ]
                },
                {
                    "type": "tuple",
                    "values": [
                        0.10237403920276318,
                        0.09568760364777681
                    ]
                },
                {
                    "type": "tuple",
                    "values": [
                        0.050981522853100494,
                        0.07271250939679819
                    ]
                },
                {
                    "type": "tuple",
                    "values": [
                        0.08680450104599471,
                        0.06045694850077735
                    ]
                },
                {
                    "type": "tuple",
                    "values": [
                        0.04876301716360435,
                        0.09310048171810606
                    ]
                },
                {
                    "type": "tuple",
                    "values": [
                        0.1252222599444708,
                        0.046358552881210546
                    ]
                },
                {
                    "type": "tuple",
                    "values": [
                        0.0661892477158172,
                        0.07320490491994668
                    ]
                }
            ]
        },
        "median_pdf_sample": {
            "type": "instance",
            "class_path": "autofit.non_linear.samples.sample.Sample",
            "arguments": {
                "log_likelihood": -31.712901333996065,
                "log_prior": 0.0,
                "weight": 0.0009916476742237866,
                "kwargs": {
                    "type": "dict",
                    "arguments": {
                        "ellipses.0.ell_comps.ell_comps_0": -0.11406845233020273,
                        "ellipses.0.ell_comps.ell_comps_1": -0.047420056614462455,
                        "multipoles.0.multipole_1.multipole_comps.multipole_comps_0": 0.04662854797479318,
                        "multipoles.0.multipole_1.multipole_comps.multipole_comps_1": 0.025246098010521387,
                        "multipoles.0.multipole_3.multipole_comps.multipole_comps_0": 0.03842014532539266,
                        "multipoles.0.multipole_3.multipole_comps.multipole_comps_1": -0.05014091388891607,
                        "multipoles.0.multipole_4.multipole_comps.multipole_comps_0": 0.05305340621025957,
                        "multipoles.0.multipole_4.multipole_comps.multipole_comps_1": -0.02194318959151668
                    }
                }
            }
        },
        "model": null
    }
}