{
    "type": "instance",
    "class_path": "autofit.non_linear.samples.summary.SamplesSummary",
    "arguments": {
        "values_at_sigma_1": {
            "type": "list",
            "values": [
                {
                    "type": "tuple",
                    "values": [
                        0.00933674129326,
                        0.021548595406450818
                    ]
                },
                {
                    "type": "tuple",
                    "values": [
                        -0.15650569029189412,
                        -0.14684238270999
                    ]
                }
            ]
        },
        "errors_at_sigma_3": {
            "type": "list",
            "values": [
                {
                    "type": "tuple",
                    "values": [
                        0.01928772925966928,
                        0.017576246423970723
                    ]
                },
                {
                    "type": "tuple",
                    "values": [
                        0.009539453738070247,
                        0.012476811319489994
                    ]
                }
            ]
        },
        "median_pdf_sample": {
            "type": "instance",
            "class_path": "autofit.non_linear.samples.sample.Sample",
            "arguments": {
                "log_likelihood": -38.66119480054115,
                "log_prior": 0.0,
                "weight": 0.0009934837251344543,
                "kwargs": {
                    "type": "dict",
                    "arguments": {
                        "ellipses.0.ell_comps.ell_comps_0": 0.015502257341029278,
                        "ellipses.0.ell_comps.ell_comps_1": -0.15148738406733
                    }
                }
            }
        },
        "log_evidence": -48.756643697413416,
        "errors_at_sigma_1": {
            "type": "list",
            "values": [
                {
                    "type": "tuple",
                    "values": [
                        0.0061655160477692775,
                        0.00604633806542154
                    ]
                },
                {
                    "type": "tuple",
                    "values": [
                        0.0050183062245641175,
                        0.004645001357340001
                    ]
                }
            ]
        },
        "model": null,
        "values_at_sigma_3": {
            "type": "list",
            "values": [
                {
                    "type": "tuple",
                    "values": [
                        -0.00378547191864,
                        0.033078503765
                    ]
                },
                {
                    "type": "tuple",
                    "values": [
                        -0.16102683780540025,
                        -0.13901057274784
                    ]
                }
            ]
        },
        "max_log_likelihood_sample": {
            "type": "instance",
            "class_path": "autofit.non_linear.samples.sample.Sample",
            "arguments": {
                "log_likelihood": -38.66119480054115,
                "log_prior": 0.0,
                "weight": 0.0009934837251344543,
                "kwargs": {
                    "type": "dict",
                    "arguments": {
                        "ellipses.0.ell_comps.ell_comps_0": 0.02072591062648,
                        "ellipses.0.ell_comps.ell_comps_1": -0.15678049923187
                    }
                }
            }
        }
    }
}