{
    "type": "instance",
    "class_path": "autofit.non_linear.samples.summary.SamplesSummary",
    "arguments": {
        "errors_at_sigma_1": {
            "type": "list",
            "values": [
                {
                    "type": "tuple",
                    "values": [
                        0.0013386564594800032,
                        0.0013469941053033258
                    ]
                },
                {
                    "type": "tuple",
                    "values": [
                        0.0009729362415812071,
                        0.001342154131988793
                    ]
                }
            ]
        },
        "errors_at_sigma_3": {
            "type": "list",
            "values": [
                {
                    "type": "tuple",
                    "values": [
                        0.012074977061769993,
                        0.004520174433489996
                    ]
                },
                {
                    "type": "tuple",
                    "values": [
                        0.0028345813711812134,
                        0.019878754713890015
                    ]
                }
            ]
        },
        "max_log_likelihood_sample": {
            "type": "instance",
            "class_path": "autofit.non_linear.samples.sample.Sample",
            "arguments": {
                "log_likelihood": -85.37510455428657,
                "log_prior": 0.0,
                "weight": 0.0009767310308483582,
                "kwargs": {
                    "type": "dict",
                    "arguments": {
                        "ellipses.0.ell_comps.ell_comps_0": 0.09743444393491,
                        "ellipses.0.ell_comps.ell_comps_1": 0.12084765560159
                    }
                }
            }
        },
        "median_pdf_sample": {
            "type": "instance",
            "class_path": "autofit.non_linear.samples.sample.Sample",
            "arguments": {
                "log_likelihood": -85.37510455428657,
                "log_prior": 0.0,
                "weight": 0.0009767310308483582,
                "kwargs": {
                    "type": "dict",
                    "arguments": {
                        "ellipses.0.ell_comps.ell_comps_0": 0.09750521388538,
                        "ellipses.0.ell_comps.ell_comps_1": 0.12070275573493121
                    }
                }
            }
        },
        "values_at_sigma_1": {
            "type": "list",
            "values": [
                {
                    "type": "tuple",
                    "values": [
                        0.0961665574259,
                        0.09885220799068332
                    ]
                },
                {
                    "type": "tuple",
                    "values": [
                        0.11972981949335,
                        0.12204490986692
                    ]
                }
            ]
        },
        "values_at_sigma_3": {
            "type": "list",
            "values": [
                {
                    "type": "tuple",
                    "values": [
                        0.08543023682361,
                        0.10202538831887
                    ]
                },
                {
                    "type": "tuple",
                    "values": [
                        0.11786817436375,
                        0.14058151044882122
                    ]
                }
            ]
        },
        "log_evidence": -97.31271957097658,
        "model": null
    }
}