{
    "type": "instance",
    "class_path": "autofit.non_linear.samples.summary.SamplesSummary",
    "arguments": {
        "values_at_sigma_1": {
            "type": "list",
            "values": [
                {
                    "type": "tuple",
                    "values": [
                        -0.015224550522112586,
                        -0.00842454505175
                    ]
                },
                {
                    "type": "tuple",
                    "values": [
                        -0.02188083340006231,
                        -0.01071082990359
                    ]
                },
                {
                    "type": "tuple",
                    "values": [
                        0.03506652815633,
                        0.0762423499363619
                    ]
                },
                {
                    "type": "tuple",
                    "values": [
                        -0.09977003239334775,
                        -0.07226904033907
                    ]
                },
                {
                    "type": "tuple",
                    "values": [
                        -0.035210997834521106,
                        0.03081970469627096
                    ]
                },
                {
                    "type": "tuple",
                    "values": [
                        0.06271171378957202,
                        0.08756927696704
                    ]
                },
                {
                    "type": "tuple",
                    "values": [
                        -0.03628776195286,
                        -0.012543122690958588
                    ]
                },
                {
                    "type": "tuple",
                    "values": [
                        0.00393536010996,
                        0.04886325060404
                    ]
                }
            ]
        },
        "median_pdf_sample": {
            "type": "instance",
            "class_path": "autofit.non_linear.samples.sample.Sample",
            "arguments": {
                "log_likelihood": -45.65512031831135,
                "log_prior": 0.0,
                "weight": 0.0009992350714219773,
                "kwargs": {
                    "type": "dict",
                    "arguments": {
                        "ellipses.0.ell_comps.ell_comps_0": -0.012300322654529587,
                        "ellipses.0.ell_comps.ell_comps_1": -0.017414486306731872,
                        "multipoles.0.multipole_1.multipole_comps.multipole_comps_0": 0.04879187381806,
                        "multipoles.0.multipole_1.multipole_comps.multipole_comps_1": -0.08862471494628,
                        "multipoles.0.multipole_3.multipole_comps.multipole_comps_0": 0.0021662201897795796,
                        "multipoles.0.multipole_3.multipole_comps.multipole_comps_1": 0.07652307401975995,
                        "multipoles.0.multipole_4.multipole_comps.multipole_comps_0": -0.02546850925260822,
                        "multipoles.0.multipole_4.multipole_comps.multipole_comps_1": 0.031820818130218996
                    }
                }
            }
        },
        "max_log_likelihood_sample": {
            "type": "instance",
            "class_path": "autofit.non_linear.samples.sample.Sample",
            "arguments": {
                "log_likelihood": -45.65512031831135,
                "log_prior": 0.0,
                "weight": 0.0009992350714219773,
                "kwargs": {
                    "type": "dict",
                    "arguments": {
                        "ellipses.0.ell_comps.ell_comps_0": -0.01285336315102,
                        "ellipses.0.ell_comps.ell_comps_1": -0.02020243446202,
                        "multipoles.0.multipole_1.multipole_comps.multipole_comps_0": 0.04544320735408,
                        "multipoles.0.multipole_1.multipole_comps.multipole_comps_1": -0.08967685688108,
                        "multipoles.0.multipole_3.multipole_comps.multipole_comps_0": 0.02079494705439,
                        "multipoles.0.multipole_3.multipole_comps.multipole_comps_1": 0.07368965043611,
                        "multipoles.0.multipole_4.multipole_comps.multipole_comps_0": -0.02880011085914,
                        "multipoles.0.multipole_4.multipole_comps.multipole_comps_1": 0.02588013279231
                    }
                }
            }
        },
        "model": null,
        "log_evidence": -69.13325466847425,
        "errors_at_sigma_3": {
            "type": "list",
            "values": [
                {
                    "type": "tuple",
                    "values": [
                        0.008032314653061963,
                        0.012520138199278063
                    ]
                },
                {
                    "type": "tuple",
                    "values": [
                        0.010236326528798127,
                        0.015547996038131872
                    ]
                },
                {
                    "type": "tuple",
                    "values": [
                        0.04233962115171285,
                        0.06856369373954
                    ]
                },
                {
                    "type": "tuple",
                    "values": [
                        0.02577805865907999,
                        0.052150308490390006
                    ]
                },
                {
                    "type": "tuple",
                    "values": [
                        0.07750535483201958,
                        0.06731375946335043
                    ]
                },
                {
                    "type": "tuple",
                    "values": [
                        0.040630735876449955,
                        0.02296405742678781
                    ]
                },
                {
                    "type": "tuple",
                    "values": [
                        0.03034286300698178,
                        0.05563228846811892
                    ]
                },
                {
                    "type": "tuple",
                    "values": [
                        0.06545053771947801,
                        0.05406858816152275
                    ]
                }
            ]
        },
        "values_at_sigma_3": {
            "type": "list",
            "values": [
                {
                    "type": "tuple",
                    "values": [
                        -0.02033263730759155,
                        0.0002198155447484763
                    ]
                },
                {
                    "type": "tuple",
                    "values": [
                        -0.02765081283553,
                        -0.0018664902686
                    ]
                },
                {
                    "type": "tuple",
                    "values": [
                        0.006452252666347151,
                        0.1173555675576
                    ]
                },
                {
                    "type": "tuple",
                    "values": [
                        -0.11440277360536,
                        -0.03647440645589
                    ]
                },
                {
                    "type": "tuple",
                    "values": [
                        -0.07533913464224,
                        0.06947997965313
                    ]
                },
                {
                    "type": "tuple",
                    "values": [
                        0.03589233814331,
                        0.09948713144654776
                    ]
                },
                {
                    "type": "tuple",
                    "values": [
                        -0.05581137225959,
                        0.030163779215510698
                    ]
                },
                {
                    "type": "tuple",
                    "values": [
                        -0.033629719589259005,
                        0.08588940629174174
                    ]
                }
            ]
        },
        "errors_at_sigma_1": {
            "type": "list",
            "values": [
                {
                    "type": "tuple",
                    "values": [
                        0.0029242278675829982,
                        0.003875777602779587
                    ]
                },
                {
                    "type": "tuple",
                    "values": [
                        0.004466347093330436,
                        0.006703656403141873
                    ]
                },
                {
                    "type": "tuple",
                    "values": [
                        0.013725345661730004,
                        0.027450476118301904
                    ]
                },
                {
                    "type": "tuple",
                    "values": [
                        0.011145317447067746,
                        0.016355674607210005
                    ]
                },
                {
                    "type": "tuple",
                    "values": [
                        0.03737721802430068,
                        0.02865348450649138
                    ]
                },
                {
                    "type": "tuple",
                    "values": [
                        0.013811360230187933,
                        0.011046202947280051
                    ]
                },
                {
                    "type": "tuple",
                    "values": [
                        0.010819252700251782,
                        0.012925386561649632
                    ]
                },
                {
                    "type": "tuple",
                    "values": [
                        0.027885458020258998,
                        0.017042432473821006
                    ]
                }
            ]
        }
    }
}