{
    "type": "instance",
    "class_path": "autofit.non_linear.samples.summary.SamplesSummary",
    "arguments": {
        "errors_at_sigma_1": {
            "type": "list",
            "values": [
                {
                    "type": "tuple",
                    "values": [
                        0.015706245932305827,
                        0.006838173510247262
                    ]
                },
                {
                    "type": "tuple",
                    "values": [
                        0.020166859677600374,
                        0.003418679691141409
                    ]
                }
            ]
        },
        "max_log_likelihood_sample": {
            "type": "instance",
            "class_path": "autofit.non_linear.samples.sample.Sample",
            "arguments": {
                "log_likelihood": -37.76708917077903,
                "log_prior": 0.0,
                "weight": 0.0010015486373063536,
                "kwargs": {
                    "type": "dict",
                    "arguments": {
                        "ellipses.0.ell_comps.ell_comps_0": -0.01418419595244,
                        "ellipses.0.ell_comps.ell_comps_1": -0.04662339377508
                    }
                }
            }
        },
        "model": null,
        "errors_at_sigma_3": {
            "type": "list",
            "values": [
                {
                    "type": "tuple",
                    "values": [
                        0.030183863811503283,
                        0.016101327003799897
                    ]
                },
                {
                    "type": "tuple",
                    "values": [
                        0.03880442851122,
                        0.008973069647718143
                    ]
                }
            ]
        },
        "values_at_sigma_3": {
            "type": "list",
            "values": [
                {
                    "type": "tuple",
                    "values": [
                        -0.04963965640389318,
                        -0.00335446558859
                    ]
                },
                {
                    "type": "tuple",
                    "values": [
                        -0.08733325338584,
                        -0.039555755226901856
                    ]
                }
            ]
        },
        "log_evidence": -48.172830821915184,
        "median_pdf_sample": {
            "type": "instance",
            "class_path": "autofit.non_linear.samples.sample.Sample",
            "arguments": {
                "log_likelihood": -37.76708917077903,
                "log_prior": 0.0,
                "weight": 0.0010015486373063536,
                "kwargs": {
                    "type": "dict",
                    "arguments": {
                        "ellipses.0.ell_comps.ell_comps_0": -0.019455792592389897,
                        "ellipses.0.ell_comps.ell_comps_1": -0.04852882487462
                    }
                }
            }
        },
        "values_at_sigma_1": {
            "type": "list",
            "values": [
                {
                    "type": "tuple",
                    "values": [
                        -0.035162038524695724,
                        -0.012617619082142635
                    ]
                },
                {
                    "type": "tuple",
                    "values": [
                        -0.06869568455222037,
                        -0.04511014518347859
                    ]
                }
            ]
        }
    }
}