{
    "type": "instance",
    "class_path": "autofit.non_linear.samples.summary.SamplesSummary",
    "arguments": {
        "values_at_sigma_1": {
            "type": "list",
            "values": [
                {
                    "type": "tuple",
                    "values": [
                        -0.04917602674969,
                        0.0079646615991
                    ]
                },
                {
                    "type": "tuple",
                    "values": [
                        -0.15161747098929185,
                        -0.11310646680385
                    ]
                }
            ]
        },
        "errors_at_sigma_3": {
            "type": "list",
            "values": [
                {
                    "type": "tuple",
                    "values": [
                        0.07043629561196618,
                        0.17584291108634864
                    ]
                },
                {
                    "type": "tuple",
                    "values": [
                        0.029475669087335926,
                        0.19617908933682585
                    ]
                }
            ]
        },
        "model": null,
        "max_log_likelihood_sample": {
            "type": "instance",
            "class_path": "autofit.non_linear.samples.sample.Sample",
            "arguments": {
                "log_likelihood": -16.962322566605913,
                "log_prior": 0.0,
                "weight": 0.00100613230978042,
                "kwargs": {
                    "type": "dict",
                    "arguments": {
                        "ellipses.0.ell_comps.ell_comps_0": -0.04589710521496,
                        "ellipses.0.ell_comps.ell_comps_1": -0.14403062655715
                    }
                }
            }
        },
        "log_evidence": -25.313792717303485,
        "median_pdf_sample": {
            "type": "instance",
            "class_path": "autofit.non_linear.samples.sample.Sample",
            "arguments": {
                "log_likelihood": -16.962322566605913,
                "log_prior": 0.0,
                "weight": 0.00100613230978042,
                "kwargs": {
                    "type": "dict",
                    "arguments": {
                        "ellipses.0.ell_comps.ell_comps_0": -0.03222425638742866,
                        "ellipses.0.ell_comps.ell_comps_1": -0.14157500263633674
                    }
                }
            }
        },
        "values_at_sigma_3": {
            "type": "list",
            "values": [
                {
                    "type": "tuple",
                    "values": [
                        -0.10266055199939485,
                        0.14361865469892
                    ]
                },
                {
                    "type": "tuple",
                    "values": [
                        -0.17105067172367266,
                        0.0546040867004891
                    ]
                }
            ]
        },
        "errors_at_sigma_1": {
            "type": "list",
            "values": [
                {
                    "type": "tuple",
                    "values": [
                        0.016951770362261344,
                        0.040188917986528655
                    ]
                },
                {
                    "type": "tuple",
                    "values": [
                        0.010042468352955108,
                        0.028468535832486735
                    ]
                }
            ]
        }
    }
}