{
    "type": "instance",
    "class_path": "autofit.non_linear.samples.summary.SamplesSummary",
    "arguments": {
        "values_at_sigma_3": {
            "type": "list",
            "values": [
                {
                    "type": "tuple",
                    "values": [
                        -0.45660475489623,
                        -0.441148002050448
                    ]
                },
                {
                    "type": "tuple",
                    "values": [
                        0.025915277280597306,
                        0.03728436541789802
                    ]
                },
                {
                    "type": "tuple",
                    "values": [
                        -0.00142855333048,
                        0.02453265510059
                    ]
                },
                {
                    "type": "tuple",
                    "values": [
                        -0.02545111910909,
                        -0.00790930483428
                    ]
                },
                {
                    "type": "tuple",
                    "values": [
                        -0.017675123531520988,
                        0.00495844678595
                    ]
                },
                {
                    "type": "tuple",
                    "values": [
                        -0.01092786693828,
                        0.01029137081622
                    ]
                },
                {
                    "type": "tuple",
                    "values": [
                        -0.027646464031843825,
                        -0.007386318470755985
                    ]
                },
                {
                    "type": "tuple",
                    "values": [
                        0.000999141990481201,
                        0.020390806706516253
                    ]
                }
            ]
        },
        "log_evidence": -160.02703099886386,
        "max_log_likelihood_sample": {
            "type": "instance",
            "class_path": "autofit.non_linear.samples.sample.Sample",
            "arguments": {
                "log_likelihood": -129.3321236283672,
                "log_prior": 0.0,
                "weight": 0.0009688394909290617,
                "kwargs": {
                    "type": "dict",
                    "arguments": {
                        "ellipses.0.ell_comps.ell_comps_0": -0.44969919494059,
                        "ellipses.0.ell_comps.ell_comps_1": 0.03160965714237,
                        "multipoles.0.multipole_1.multipole_comps.multipole_comps_0": 0.01072876405998,
                        "multipoles.0.multipole_1.multipole_comps.multipole_comps_1": -0.01668623145976,
                        "multipoles.0.multipole_3.multipole_comps.multipole_comps_0": -0.00485092229472,
                        "multipoles.0.multipole_3.multipole_comps.multipole_comps_1": -0.00013513892327,
                        "multipoles.0.multipole_4.multipole_comps.multipole_comps_0": -0.01825096397157,
                        "multipoles.0.multipole_4.multipole_comps.multipole_comps_1": 0.01056631570758
                    }
                }
            }
        },
        "values_at_sigma_1": {
            "type": "list",
            "values": [
                {
                    "type": "tuple",
                    "values": [
                        -0.45111695372375193,
                        -0.4455583161074594
                    ]
                },
                {
                    "type": "tuple",
                    "values": [
                        0.030133535458053598,
                        0.034042733807250244
                    ]
                },
                {
                    "type": "tuple",
                    "values": [
                        0.005597217239340156,
                        0.015151296607472999
                    ]
                },
                {
                    "type": "tuple",
                    "values": [
                        -0.01923337145846,
                        -0.013306085825962748
                    ]
                },
                {
                    "type": "tuple",
                    "values": [
                        -0.00932680106956,
                        -0.001269700643405553
                    ]
                },
                {
                    "type": "tuple",
                    "values": [
                        -0.0038286413497593307,
                        0.0031165975036454006
                    ]
                },
                {
                    "type": "tuple",
                    "values": [
                        -0.020969748661559637,
                        -0.013811775286318693
                    ]
                },
                {
                    "type": "tuple",
                    "values": [
                        0.008053083734425655,
                        0.01434320116504
                    ]
                }
            ]
        },
        "errors_at_sigma_1": {
            "type": "list",
            "values": [
                {
                    "type": "tuple",
                    "values": [
                        0.0023602605999219484,
                        0.0031983770163706016
                    ]
                },
                {
                    "type": "tuple",
                    "values": [
                        0.0020647994246563994,
                        0.001844398924540247
                    ]
                },
                {
                    "type": "tuple",
                    "values": [
                        0.0048648257652798435,
                        0.004689253602852999
                    ]
                },
                {
                    "type": "tuple",
                    "values": [
                        0.0029823841839210045,
                        0.002944901448576249
                    ]
                },
                {
                    "type": "tuple",
                    "values": [
                        0.003813567055119503,
                        0.004243533371034943
                    ]
                },
                {
                    "type": "tuple",
                    "values": [
                        0.0032538908406525026,
                        0.0036913480127522286
                    ]
                },
                {
                    "type": "tuple",
                    "values": [
                        0.003723104060728278,
                        0.003434869314512666
                    ]
                },
                {
                    "type": "tuple",
                    "values": [
                        0.0030965874575858716,
                        0.0031935299730284743
                    ]
                }
            ]
        },
        "model": null,
        "median_pdf_sample": {
            "type": "instance",
            "class_path": "autofit.non_linear.samples.sample.Sample",
            "arguments": {
                "log_likelihood": -129.3321236283672,
                "log_prior": 0.0,
                "weight": 0.0009688394909290617,
                "kwargs": {
                    "type": "dict",
                    "arguments": {
                        "ellipses.0.ell_comps.ell_comps_0": -0.44875669312383,
                        "ellipses.0.ell_comps.ell_comps_1": 0.03219833488271,
                        "multipoles.0.multipole_1.multipole_comps.multipole_comps_0": 0.01046204300462,
                        "multipoles.0.multipole_1.multipole_comps.multipole_comps_1": -0.016250987274538997,
                        "multipoles.0.multipole_3.multipole_comps.multipole_comps_0": -0.005513234014440496,
                        "multipoles.0.multipole_3.multipole_comps.multipole_comps_1": -0.000574750509106828,
                        "multipoles.0.multipole_4.multipole_comps.multipole_comps_0": -0.01724664460083136,
                        "multipoles.0.multipole_4.multipole_comps.multipole_comps_1": 0.011149671192011526
                    }
                }
            }
        },
        "errors_at_sigma_3": {
            "type": "list",
            "values": [
                {
                    "type": "tuple",
                    "values": [
                        0.007848061772399995,
                        0.007608691073381968
                    ]
                },
                {
                    "type": "tuple",
                    "values": [
                        0.006283057602112691,
                        0.005086030535188024
                    ]
                },
                {
                    "type": "tuple",
                    "values": [
                        0.0118905963351,
                        0.014070612095969999
                    ]
                },
                {
                    "type": "tuple",
                    "values": [
                        0.009200131834551002,
                        0.008341682440258997
                    ]
                },
                {
                    "type": "tuple",
                    "values": [
                        0.012161889517080492,
                        0.010471680800390498
                    ]
                },
                {
                    "type": "tuple",
                    "values": [
                        0.010353116429173172,
                        0.010866121325326829
                    ]
                },
                {
                    "type": "tuple",
                    "values": [
                        0.010399819431012466,
                        0.009860326130075373
                    ]
                },
                {
                    "type": "tuple",
                    "values": [
                        0.010150529201530326,
                        0.009241135514504726
                    ]
                }
            ]
        }
    }
}