{
    "type": "instance",
    "class_path": "autofit.non_linear.samples.summary.SamplesSummary",
    "arguments": {
        "values_at_sigma_3": {
            "type": "list",
            "values": [
                {
                    "type": "tuple",
                    "values": [
                        -0.0676217467025674,
                        -0.019790034401714517
                    ]
                },
                {
                    "type": "tuple",
                    "values": [
                        -0.15175986752568327,
                        -0.09831273394704
                    ]
                },
                {
                    "type": "tuple",
                    "values": [
                        -0.0626948957057591,
                        0.09799245801694616
                    ]
                },
                {
                    "type": "tuple",
                    "values": [
                        -0.09943249940987,
                        0.09127750693767
                    ]
                },
                {
                    "type": "tuple",
                    "values": [
                        -0.07299044979904053,
                        0.09960641545068
                    ]
                },
                {
                    "type": "tuple",
                    "values": [
                        -0.09339183826421,
                        0.09518259434564
                    ]
                }
            ]
        },
        "values_at_sigma_1": {
            "type": "list",
            "values": [
                {
                    "type": "tuple",
                    "values": [
                        -0.046961316346719836,
                        -0.03936778869708
                    ]
                },
                {
                    "type": "tuple",
                    "values": [
                        -0.1403482829928427,
                        -0.1358143544993
                    ]
                },
                {
                    "type": "tuple",
                    "values": [
                        -0.00893068264044,
                        0.06774604548806135
                    ]
                },
                {
                    "type": "tuple",
                    "values": [
                        -0.04598459354663,
                        -0.00521471419175
                    ]
                },
                {
                    "type": "tuple",
                    "values": [
                        0.014563255103224657,
                        0.0726100001457615
                    ]
                },
                {
                    "type": "tuple",
                    "values": [
                        -0.04839474584877597,
                        0.00393873732730467
                    ]
                }
            ]
        },
        "errors_at_sigma_3": {
            "type": "list",
            "values": [
                {
                    "type": "tuple",
                    "values": [
                        0.024647940540672923,
                        0.023183771760179963
                    ]
                },
                {
                    "type": "tuple",
                    "values": [
                        0.013692016852463462,
                        0.039755116726179804
                    ]
                },
                {
                    "type": "tuple",
                    "values": [
                        0.0934505081266391,
                        0.06723684559606616
                    ]
                },
                {
                    "type": "tuple",
                    "values": [
                        0.07516263948119391,
                        0.1155473668663461
                    ]
                },
                {
                    "type": "tuple",
                    "values": [
                        0.11432405851969116,
                        0.05827280673002937
                    ]
                },
                {
                    "type": "tuple",
                    "values": [
                        0.06828954553609001,
                        0.12028488707376
                    ]
                }
            ]
        },
        "model": null,
        "errors_at_sigma_1": {
            "type": "list",
            "values": [
                {
                    "type": "tuple",
                    "values": [
                        0.003987510184825356,
                        0.0036060174648144816
                    ]
                },
                {
                    "type": "tuple",
                    "values": [
                        0.0022804323196228826,
                        0.0022534961739198167
                    ]
                },
                {
                    "type": "tuple",
                    "values": [
                        0.03968629506132,
                        0.03699043306718135
                    ]
                },
                {
                    "type": "tuple",
                    "values": [
                        0.0217147336179539,
                        0.019055145736926103
                    ]
                },
                {
                    "type": "tuple",
                    "values": [
                        0.026770353617425975,
                        0.031276391425110864
                    ]
                },
                {
                    "type": "tuple",
                    "values": [
                        0.02329245312065597,
                        0.02904103005542467
                    ]
                }
            ]
        },
        "max_log_likelihood_sample": {
            "type": "instance",
            "class_path": "autofit.non_linear.samples.sample.Sample",
            "arguments": {
                "log_likelihood": -45.54104230014996,
                "log_prior": 0.0,
                "weight": 0.0009776682588991596,
                "kwargs": {
                    "type": "dict",
                    "arguments": {
                        "ellipses.0.ell_comps.ell_comps_0": -0.03957478421541,
                        "ellipses.0.ell_comps.ell_comps_1": -0.13930777788236,
                        "multipoles.0.multipole_3.multipole_comps.multipole_comps_0": 0.02165724486588,
                        "multipoles.0.multipole_3.multipole_comps.multipole_comps_1": -0.04141672803676,
                        "multipoles.0.multipole_4.multipole_comps.multipole_comps_0": 0.03064552330041,
                        "multipoles.0.multipole_4.multipole_comps.multipole_comps_1": -0.02307534695208
                    }
                }
            }
        },
        "log_evidence": -62.66033565477297,
        "median_pdf_sample": {
            "type": "instance",
            "class_path": "autofit.non_linear.samples.sample.Sample",
            "arguments": {
                "log_likelihood": -45.54104230014996,
                "log_prior": 0.0,
                "weight": 0.0009776682588991596,
                "kwargs": {
                    "type": "dict",
                    "arguments": {
                        "ellipses.0.ell_comps.ell_comps_0": -0.04297380616189448,
                        "ellipses.0.ell_comps.ell_comps_1": -0.1380678506732198,
                        "multipoles.0.multipole_3.multipole_comps.multipole_comps_0": 0.03075561242088,
                        "multipoles.0.multipole_3.multipole_comps.multipole_comps_1": -0.024269859928676103,
                        "multipoles.0.multipole_4.multipole_comps.multipole_comps_0": 0.04133360872065063,
                        "multipoles.0.multipole_4.multipole_comps.multipole_comps_1": -0.02510229272812
                    }
                }
            }
        }
    }
}