{
    "type": "instance",
    "class_path": "autofit.non_linear.samples.summary.SamplesSummary",
    "arguments": {
        "model": null,
        "errors_at_sigma_1": {
            "type": "list",
            "values": [
                {
                    "type": "tuple",
                    "values": [
                        0.0024933146958298555,
                        0.0028992002926096078
                    ]
                },
                {
                    "type": "tuple",
                    "values": [
                        0.004588350784678119,
                        0.0034827008587978853
                    ]
                }
            ]
        },
        "log_evidence": -27.332031903098,
        "errors_at_sigma_3": {
            "type": "list",
            "values": [
                {
                    "type": "tuple",
                    "values": [
                        0.008190380836478592,
                        0.00849846659421703
                    ]
                },
                {
                    "type": "tuple",
                    "values": [
                        0.010979821295922954,
                        0.009399950497266926
                    ]
                }
            ]
        },
        "median_pdf_sample": {
            "type": "instance",
            "class_path": "autofit.non_linear.samples.sample.Sample",
            "arguments": {
                "log_likelihood": -17.198053181744488,
                "log_prior": 0.0,
                "weight": 0.0009828851034590395,
                "kwargs": {
                    "type": "dict",
                    "arguments": {
                        "ellipses.0.ell_comps.ell_comps_0": -0.027571069916789308,
                        "ellipses.0.ell_comps.ell_comps_1": 0.08339367282761811
                    }
                }
            }
        },
        "max_log_likelihood_sample": {
            "type": "instance",
            "class_path": "autofit.non_linear.samples.sample.Sample",
            "arguments": {
                "log_likelihood": -17.198053181744488,
                "log_prior": 0.0,
                "weight": 0.0009828851034590395,
                "kwargs": {
                    "type": "dict",
                    "arguments": {
                        "ellipses.0.ell_comps.ell_comps_0": -0.02747947548791,
                        "ellipses.0.ell_comps.ell_comps_1": 0.0828158164901
                    }
                }
            }
        },
        "values_at_sigma_1": {
            "type": "list",
            "values": [
                {
                    "type": "tuple",
                    "values": [
                        -0.030064384612619163,
                        -0.0246718696241797
                    ]
                },
                {
                    "type": "tuple",
                    "values": [
                        0.07880532204294,
                        0.086876373686416
                    ]
                }
            ]
        },
        "values_at_sigma_3": {
            "type": "list",
            "values": [
                {
                    "type": "tuple",
                    "values": [
                        -0.0357614507532679,
                        -0.01907260332257228
                    ]
                },
                {
                    "type": "tuple",
                    "values": [
                        0.07241385153169516,
                        0.09279362332488504
                    ]
                }
            ]
        }
    }
}