{
    "type": "instance",
    "class_path": "autofit.non_linear.samples.summary.SamplesSummary",
    "arguments": {
        "values_at_sigma_3": {
            "type": "list",
            "values": [
                {
                    "type": "tuple",
                    "values": [
                        -0.01422571080081978,
                        0.037736783393432484
                    ]
                },
                {
                    "type": "tuple",
                    "values": [
                        -0.12568658766887,
                        -0.07958952421038
                    ]
                },
                {
                    "type": "tuple",
                    "values": [
                        -0.10501381609313755,
                        0.05434610019121
                    ]
                },
                {
                    "type": "tuple",
                    "values": [
                        -0.09970506123296549,
                        0.06102175050255336
                    ]
                },
                {
                    "type": "tuple",
                    "values": [
                        -0.06500759530538,
                        0.09834373574459
                    ]
                },
                {
                    "type": "tuple",
                    "values": [
                        -0.049935303501190735,
                        0.050417629076089675
                    ]
                },
                {
                    "type": "tuple",
                    "values": [
                        -0.06505196725654494,
                        0.0608234006337
                    ]
                },
                {
                    "type": "tuple",
                    "values": [
                        -0.011156467637635491,
                        0.09848889602404112
                    ]
                }
            ]
        },
        "errors_at_sigma_3": {
            "type": "list",
            "values": [
                {
                    "type": "tuple",
                    "values": [
                        0.038229229679818726,
                        0.013733264514433536
                    ]
                },
                {
                    "type": "tuple",
                    "values": [
                        0.019659214349689827,
                        0.026437849108800177
                    ]
                },
                {
                    "type": "tuple",
                    "values": [
                        0.08394495166258754,
                        0.07541496462176
                    ]
                },
                {
                    "type": "tuple",
                    "values": [
                        0.09088087301672662,
                        0.06984593871879223
                    ]
                },
                {
                    "type": "tuple",
                    "values": [
                        0.07623562359778,
                        0.08711570745219001
                    ]
                },
                {
                    "type": "tuple",
                    "values": [
                        0.06362425512436272,
                        0.03672867745291769
                    ]
                },
                {
                    "type": "tuple",
                    "values": [
                        0.06331226040288494,
                        0.06256310748736
                    ]
                },
                {
                    "type": "tuple",
                    "values": [
                        0.06876398050043549,
                        0.040881383161241125
                    ]
                }
            ]
        },
        "log_evidence": -54.45675123341713,
        "model": null,
        "values_at_sigma_1": {
            "type": "list",
            "values": [
                {
                    "type": "tuple",
                    "values": [
                        0.008290660037228385,
                        0.02894088163515
                    ]
                },
                {
                    "type": "tuple",
                    "values": [
                        -0.10891562542266889,
                        -0.1028715602822339
                    ]
                },
                {
                    "type": "tuple",
                    "values": [
                        -0.05805508106458,
                        -0.00036316151803647025
                    ]
                },
                {
                    "type": "tuple",
                    "values": [
                        -0.06617336429880843,
                        0.01980009292556
                    ]
                },
                {
                    "type": "tuple",
                    "values": [
                        -0.02555903290416957,
                        0.03782698762517997
                    ]
                },
                {
                    "type": "tuple",
                    "values": [
                        -0.0015238314410547132,
                        0.02713477951246
                    ]
                },
                {
                    "type": "tuple",
                    "values": [
                        -0.0197317388524,
                        0.018801978491559117
                    ]
                },
                {
                    "type": "tuple",
                    "values": [
                        0.03509614432089908,
                        0.07780619946815064
                    ]
                }
            ]
        },
        "median_pdf_sample": {
            "type": "instance",
            "class_path": "autofit.non_linear.samples.sample.Sample",
            "arguments": {
                "log_likelihood": -33.989358231451156,
                "log_prior": 0.0,
                "weight": 0.0010496988564636725,
                "kwargs": {
                    "type": "dict",
                    "arguments": {
                        "ellipses.0.ell_comps.ell_comps_0": 0.024003518878998948,
                        "ellipses.0.ell_comps.ell_comps_1": -0.10602737331918018,
                        "multipoles.0.multipole_1.multipole_comps.multipole_comps_0": -0.02106886443055,
                        "multipoles.0.multipole_1.multipole_comps.multipole_comps_1": -0.008824188216238876,
                        "multipoles.0.multipole_3.multipole_comps.multipole_comps_0": 0.0112280282924,
                        "multipoles.0.multipole_3.multipole_comps.multipole_comps_1": 0.013688951623171986,
                        "multipoles.0.multipole_4.multipole_comps.multipole_comps_0": -0.00173970685366,
                        "multipoles.0.multipole_4.multipole_comps.multipole_comps_1": 0.0576075128628
                    }
                }
            }
        },
        "errors_at_sigma_1": {
            "type": "list",
            "values": [
                {
                    "type": "tuple",
                    "values": [
                        0.015712858841770563,
                        0.004937362756151052
                    ]
                },
                {
                    "type": "tuple",
                    "values": [
                        0.0028882521034887115,
                        0.003155813036946273
                    ]
                },
                {
                    "type": "tuple",
                    "values": [
                        0.03698621663403,
                        0.020705702912513533
                    ]
                },
                {
                    "type": "tuple",
                    "values": [
                        0.05734917608256956,
                        0.028624281141798873
                    ]
                },
                {
                    "type": "tuple",
                    "values": [
                        0.03678706119656957,
                        0.02659895933277997
                    ]
                },
                {
                    "type": "tuple",
                    "values": [
                        0.0152127830642267,
                        0.013445827889288013
                    ]
                },
                {
                    "type": "tuple",
                    "values": [
                        0.01799203199874,
                        0.020541685345219118
                    ]
                },
                {
                    "type": "tuple",
                    "values": [
                        0.022511368541900917,
                        0.020198686605350638
                    ]
                }
            ]
        },
        "max_log_likelihood_sample": {
            "type": "instance",
            "class_path": "autofit.non_linear.samples.sample.Sample",
            "arguments": {
                "log_likelihood": -33.989358231451156,
                "log_prior": 0.0,
                "weight": 0.0010496988564636725,
                "kwargs": {
                    "type": "dict",
                    "arguments": {
                        "ellipses.0.ell_comps.ell_comps_0": 0.02675569531529,
                        "ellipses.0.ell_comps.ell_comps_1": -0.10747504316997,
                        "multipoles.0.multipole_1.multipole_comps.multipole_comps_0": -0.01023944844565,
                        "multipoles.0.multipole_1.multipole_comps.multipole_comps_1": -0.00795337334691,
                        "multipoles.0.multipole_3.multipole_comps.multipole_comps_0": 0.02951267775804,
                        "multipoles.0.multipole_3.multipole_comps.multipole_comps_1": 0.01005040783291,
                        "multipoles.0.multipole_4.multipole_comps.multipole_comps_0": 0.00352465413304,
                        "multipoles.0.multipole_4.multipole_comps.multipole_comps_1": 0.06649691307423
                    }
                }
            }
        }
    }
}