{
    "type": "instance",
    "class_path": "autofit.non_linear.samples.summary.SamplesSummary",
    "arguments": {
        "log_evidence": -66.0687858869935,
        "model": null,
        "errors_at_sigma_3": {
            "type": "list",
            "values": [
                {
                    "type": "tuple",
                    "values": [
                        0.019285384323896856,
                        0.006737878777395512
                    ]
                },
                {
                    "type": "tuple",
                    "values": [
                        0.006960154991212775,
                        0.02447622056766833
                    ]
                }
            ]
        },
        "max_log_likelihood_sample": {
            "type": "instance",
            "class_path": "autofit.non_linear.samples.sample.Sample",
            "arguments": {
                "log_likelihood": -55.02470190632622,
                "log_prior": 0.0,
                "weight": 0.000987197667646044,
                "kwargs": {
                    "type": "dict",
                    "arguments": {
                        "ellipses.0.ell_comps.ell_comps_0": -0.0987064564311,
                        "ellipses.0.ell_comps.ell_comps_1": 0.04372034362883
                    }
                }
            }
        },
        "values_at_sigma_3": {
            "type": "list",
            "values": [
                {
                    "type": "tuple",
                    "values": [
                        -0.11736804734168374,
                        -0.09134478424039137
                    ]
                },
                {
                    "type": "tuple",
                    "values": [
                        0.03544428109102,
                        0.0668806566499011
                    ]
                }
            ]
        },
        "median_pdf_sample": {
            "type": "instance",
            "class_path": "autofit.non_linear.samples.sample.Sample",
            "arguments": {
                "log_likelihood": -55.02470190632622,
                "log_prior": 0.0,
                "weight": 0.000987197667646044,
                "kwargs": {
                    "type": "dict",
                    "arguments": {
                        "ellipses.0.ell_comps.ell_comps_0": -0.09808266301778688,
                        "ellipses.0.ell_comps.ell_comps_1": 0.04240443608223277
                    }
                }
            }
        },
        "errors_at_sigma_1": {
            "type": "list",
            "values": [
                {
                    "type": "tuple",
                    "values": [
                        0.001720816431492092,
                        0.0014165754185420931
                    ]
                },
                {
                    "type": "tuple",
                    "values": [
                        0.0020589436654901636,
                        0.0024018622913707516
                    ]
                }
            ]
        },
        "values_at_sigma_1": {
            "type": "list",
            "values": [
                {
                    "type": "tuple",
                    "values": [
                        -0.09980347944927898,
                        -0.09666608759924479
                    ]
                },
                {
                    "type": "tuple",
                    "values": [
                        0.04034549241674261,
                        0.044806298373603524
                    ]
                }
            ]
        }
    }
}