{
    "type": "instance",
    "class_path": "autofit.non_linear.samples.summary.SamplesSummary",
    "arguments": {
        "errors_at_sigma_1": {
            "type": "list",
            "values": [
                {
                    "type": "tuple",
                    "values": [
                        0.0041227668903514765,
                        0.004856818526891137
                    ]
                },
                {
                    "type": "tuple",
                    "values": [
                        0.004502641589880001,
                        0.005836866445579056
                    ]
                }
            ]
        },
        "max_log_likelihood_sample": {
            "type": "instance",
            "class_path": "autofit.non_linear.samples.sample.Sample",
            "arguments": {
                "log_likelihood": -22.13429650250002,
                "log_prior": 0.0,
                "weight": 0.000986284726239709,
                "kwargs": {
                    "type": "dict",
                    "arguments": {
                        "ellipses.0.ell_comps.ell_comps_0": -0.03096273791116,
                        "ellipses.0.ell_comps.ell_comps_1": -0.05742706621017
                    }
                }
            }
        },
        "model": null,
        "errors_at_sigma_3": {
            "type": "list",
            "values": [
                {
                    "type": "tuple",
                    "values": [
                        0.011543065940181837,
                        0.018159679965518524
                    ]
                },
                {
                    "type": "tuple",
                    "values": [
                        0.011665533632801234,
                        0.02215825405604647
                    ]
                }
            ]
        },
        "values_at_sigma_3": {
            "type": "list",
            "values": [
                {
                    "type": "tuple",
                    "values": [
                        -0.04117449241172036,
                        -0.01147174650602
                    ]
                },
                {
                    "type": "tuple",
                    "values": [
                        -0.06785923955294124,
                        -0.034035451864093534
                    ]
                }
            ]
        },
        "log_evidence": -32.01192740107762,
        "median_pdf_sample": {
            "type": "instance",
            "class_path": "autofit.non_linear.samples.sample.Sample",
            "arguments": {
                "log_likelihood": -22.13429650250002,
                "log_prior": 0.0,
                "weight": 0.000986284726239709,
                "kwargs": {
                    "type": "dict",
                    "arguments": {
                        "ellipses.0.ell_comps.ell_comps_0": -0.029631426471538522,
                        "ellipses.0.ell_comps.ell_comps_1": -0.05619370592014
                    }
                }
            }
        },
        "values_at_sigma_1": {
            "type": "list",
            "values": [
                {
                    "type": "tuple",
                    "values": [
                        -0.03375419336189,
                        -0.024774607944647385
                    ]
                },
                {
                    "type": "tuple",
                    "values": [
                        -0.06069634751002,
                        -0.05035683947456095
                    ]
                }
            ]
        }
    }
}