{
    "type": "instance",
    "class_path": "autofit.non_linear.samples.summary.SamplesSummary",
    "arguments": {
        "values_at_sigma_3": {
            "type": "list",
            "values": [
                {
                    "type": "tuple",
                    "values": [
                        -0.09877561075538,
                        -0.07806909215089
                    ]
                },
                {
                    "type": "tuple",
                    "values": [
                        -0.07308570377077,
                        -0.05046097207464784
                    ]
                }
            ]
        },
        "values_at_sigma_1": {
            "type": "list",
            "values": [
                {
                    "type": "tuple",
                    "values": [
                        -0.09757265531480465,
                        -0.09586298032977464
                    ]
                },
                {
                    "type": "tuple",
                    "values": [
                        -0.05307113584654629,
                        -0.0519029665278
                    ]
                }
            ]
        },
        "median_pdf_sample": {
            "type": "instance",
            "class_path": "autofit.non_linear.samples.sample.Sample",
            "arguments": {
                "log_likelihood": -107.32548439735777,
                "log_prior": 0.0,
                "weight": 0.000996230040410652,
                "kwargs": {
                    "type": "dict",
                    "arguments": {
                        "ellipses.0.ell_comps.ell_comps_0": -0.09683379760323,
                        "ellipses.0.ell_comps.ell_comps_1": -0.05240359706596612
                    }
                }
            }
        },
        "log_evidence": -120.22688992777077,
        "max_log_likelihood_sample": {
            "type": "instance",
            "class_path": "autofit.non_linear.samples.sample.Sample",
            "arguments": {
                "log_likelihood": -107.32548439735777,
                "log_prior": 0.0,
                "weight": 0.000996230040410652,
                "kwargs": {
                    "type": "dict",
                    "arguments": {
                        "ellipses.0.ell_comps.ell_comps_0": -0.09709569525049,
                        "ellipses.0.ell_comps.ell_comps_1": -0.05283937208281
                    }
                }
            }
        },
        "model": null,
        "errors_at_sigma_3": {
            "type": "list",
            "values": [
                {
                    "type": "tuple",
                    "values": [
                        0.0019418131521499876,
                        0.018764705452340005
                    ]
                },
                {
                    "type": "tuple",
                    "values": [
                        0.020682106704803888,
                        0.0019426249913182744
                    ]
                }
            ]
        },
        "errors_at_sigma_1": {
            "type": "list",
            "values": [
                {
                    "type": "tuple",
                    "values": [
                        0.000738857711574642,
                        0.0009708172734553683
                    ]
                },
                {
                    "type": "tuple",
                    "values": [
                        0.0006675387805801722,
                        0.0005006305381661177
                    ]
                }
            ]
        }
    }
}