{
    "type": "instance",
    "class_path": "autofit.non_linear.samples.summary.SamplesSummary",
    "arguments": {
        "values_at_sigma_3": {
            "type": "list",
            "values": [
                {
                    "type": "tuple",
                    "values": [
                        -0.47742332483633,
                        -0.45700394551092904
                    ]
                },
                {
                    "type": "tuple",
                    "values": [
                        0.01269549666914,
                        0.04049668766051
                    ]
                },
                {
                    "type": "tuple",
                    "values": [
                        -0.0367671360336032,
                        0.034131278515220714
                    ]
                },
                {
                    "type": "tuple",
                    "values": [
                        -0.02151088240989,
                        0.00821296523932
                    ]
                },
                {
                    "type": "tuple",
                    "values": [
                        -0.01612500807477739,
                        0.04354689496652636
                    ]
                },
                {
                    "type": "tuple",
                    "values": [
                        -0.04661382730954602,
                        -0.00545633585286
                    ]
                },
                {
                    "type": "tuple",
                    "values": [
                        -0.03528946028462,
                        0.01166068272326
                    ]
                },
                {
                    "type": "tuple",
                    "values": [
                        0.02085243924456,
                        0.06411334741463588
                    ]
                }
            ]
        },
        "log_evidence": -114.78863618184853,
        "max_log_likelihood_sample": {
            "type": "instance",
            "class_path": "autofit.non_linear.samples.sample.Sample",
            "arguments": {
                "log_likelihood": -89.06570756690321,
                "log_prior": 0.0,
                "weight": 0.0010529244118068807,
                "kwargs": {
                    "type": "dict",
                    "arguments": {
                        "ellipses.0.ell_comps.ell_comps_0": -0.46229910447199,
                        "ellipses.0.ell_comps.ell_comps_1": 0.0250504176329,
                        "multipoles.0.multipole_1.multipole_comps.multipole_comps_0": -0.01469740358144,
                        "multipoles.0.multipole_1.multipole_comps.multipole_comps_1": -0.00790622375024,
                        "multipoles.0.multipole_3.multipole_comps.multipole_comps_0": 0.0217754857405,
                        "multipoles.0.multipole_3.multipole_comps.multipole_comps_1": -0.02180001571056,
                        "multipoles.0.multipole_4.multipole_comps.multipole_comps_0": -0.00630773484459,
                        "multipoles.0.multipole_4.multipole_comps.multipole_comps_1": 0.04230905194113
                    }
                }
            }
        },
        "values_at_sigma_1": {
            "type": "list",
            "values": [
                {
                    "type": "tuple",
                    "values": [
                        -0.4723196979706524,
                        -0.46190342221333713
                    ]
                },
                {
                    "type": "tuple",
                    "values": [
                        0.022152458217143456,
                        0.03040402208361
                    ]
                },
                {
                    "type": "tuple",
                    "values": [
                        -0.017171631908908427,
                        0.01079148527118
                    ]
                },
                {
                    "type": "tuple",
                    "values": [
                        -0.01123551448601,
                        -0.00032591880497
                    ]
                },
                {
                    "type": "tuple",
                    "values": [
                        0.005700658594802223,
                        0.028322145458413633
                    ]
                },
                {
                    "type": "tuple",
                    "values": [
                        -0.03294699795955,
                        -0.01931071258650011
                    ]
                },
                {
                    "type": "tuple",
                    "values": [
                        -0.02055817227312,
                        -0.00337401672574
                    ]
                },
                {
                    "type": "tuple",
                    "values": [
                        0.03243391804207,
                        0.04707159612974089
                    ]
                }
            ]
        },
        "errors_at_sigma_1": {
            "type": "list",
            "values": [
                {
                    "type": "tuple",
                    "values": [
                        0.00670273035521235,
                        0.0037135454021028913
                    ]
                },
                {
                    "type": "tuple",
                    "values": [
                        0.00359500461400223,
                        0.004656559252464314
                    ]
                },
                {
                    "type": "tuple",
                    "values": [
                        0.011092757435120261,
                        0.016870359744968165
                    ]
                },
                {
                    "type": "tuple",
                    "values": [
                        0.005379789374957005,
                        0.005529806306082995
                    ]
                },
                {
                    "type": "tuple",
                    "values": [
                        0.012478747592527779,
                        0.010142739271083633
                    ]
                },
                {
                    "type": "tuple",
                    "values": [
                        0.007451780804802414,
                        0.006184504568247477
                    ]
                },
                {
                    "type": "tuple",
                    "values": [
                        0.008898092479719998,
                        0.00828606306766
                    ]
                },
                {
                    "type": "tuple",
                    "values": [
                        0.006682461195919677,
                        0.007955216891751216
                    ]
                }
            ]
        },
        "model": null,
        "median_pdf_sample": {
            "type": "instance",
            "class_path": "autofit.non_linear.samples.sample.Sample",
            "arguments": {
                "log_likelihood": -89.06570756690321,
                "log_prior": 0.0,
                "weight": 0.0010529244118068807,
                "kwargs": {
                    "type": "dict",
                    "arguments": {
                        "ellipses.0.ell_comps.ell_comps_0": -0.46561696761544,
                        "ellipses.0.ell_comps.ell_comps_1": 0.025747462831145686,
                        "multipoles.0.multipole_1.multipole_comps.multipole_comps_0": -0.0060788744737881656,
                        "multipoles.0.multipole_1.multipole_comps.multipole_comps_1": -0.005855725111052995,
                        "multipoles.0.multipole_3.multipole_comps.multipole_comps_0": 0.01817940618733,
                        "multipoles.0.multipole_3.multipole_comps.multipole_comps_1": -0.025495217154747587,
                        "multipoles.0.multipole_4.multipole_comps.multipole_comps_0": -0.0116600797934,
                        "multipoles.0.multipole_4.multipole_comps.multipole_comps_1": 0.039116379237989676
                    }
                }
            }
        },
        "errors_at_sigma_3": {
            "type": "list",
            "values": [
                {
                    "type": "tuple",
                    "values": [
                        0.011806357220889963,
                        0.008613022104510981
                    ]
                },
                {
                    "type": "tuple",
                    "values": [
                        0.013051966162005687,
                        0.014749224829364312
                    ]
                },
                {
                    "type": "tuple",
                    "values": [
                        0.030688261559815036,
                        0.04021015298900888
                    ]
                },
                {
                    "type": "tuple",
                    "values": [
                        0.015655157298837003,
                        0.014068690350372996
                    ]
                },
                {
                    "type": "tuple",
                    "values": [
                        0.03430441426210739,
                        0.02536748877919636
                    ]
                },
                {
                    "type": "tuple",
                    "values": [
                        0.02111861015479843,
                        0.020038881301887586
                    ]
                },
                {
                    "type": "tuple",
                    "values": [
                        0.02362938049122,
                        0.02332076251666
                    ]
                },
                {
                    "type": "tuple",
                    "values": [
                        0.018263939993429675,
                        0.024996968176646206
                    ]
                }
            ]
        }
    }
}