{
    "type": "instance",
    "class_path": "autofit.non_linear.samples.summary.SamplesSummary",
    "arguments": {
        "values_at_sigma_3": {
            "type": "list",
            "values": [
                {
                    "type": "tuple",
                    "values": [
                        -0.4552776614423757,
                        -0.4436907237576244
                    ]
                },
                {
                    "type": "tuple",
                    "values": [
                        0.0018042463526333852,
                        0.02708794621135
                    ]
                }
            ]
        },
        "log_evidence": -128.14388282064007,
        "errors_at_sigma_3": {
            "type": "list",
            "values": [
                {
                    "type": "tuple",
                    "values": [
                        0.003043667670082517,
                        0.008543270014668758
                    ]
                },
                {
                    "type": "tuple",
                    "values": [
                        0.016500174164800156,
                        0.00878352569391646
                    ]
                }
            ]
        },
        "values_at_sigma_1": {
            "type": "list",
            "values": [
                {
                    "type": "tuple",
                    "values": [
                        -0.45305290805739,
                        -0.44930701552380575
                    ]
                },
                {
                    "type": "tuple",
                    "values": [
                        0.01114928132177,
                        0.021286371667155808
                    ]
                }
            ]
        },
        "errors_at_sigma_1": {
            "type": "list",
            "values": [
                {
                    "type": "tuple",
                    "values": [
                        0.0008189142850968389,
                        0.002926978248487422
                    ]
                },
                {
                    "type": "tuple",
                    "values": [
                        0.007155139195663542,
                        0.002981951149722266
                    ]
                }
            ]
        },
        "median_pdf_sample": {
            "type": "instance",
            "class_path": "autofit.non_linear.samples.sample.Sample",
            "arguments": {
                "log_likelihood": -117.0780488843307,
                "log_prior": 0.0,
                "weight": 0.0009776427496412765,
                "kwargs": {
                    "type": "dict",
                    "arguments": {
                        "ellipses.0.ell_comps.ell_comps_0": -0.4522339937722932,
                        "ellipses.0.ell_comps.ell_comps_1": 0.018304420517433542
                    }
                }
            }
        },
        "model": null,
        "max_log_likelihood_sample": {
            "type": "instance",
            "class_path": "autofit.non_linear.samples.sample.Sample",
            "arguments": {
                "log_likelihood": -117.0780488843307,
                "log_prior": 0.0,
                "weight": 0.0009776427496412765,
                "kwargs": {
                    "type": "dict",
                    "arguments": {
                        "ellipses.0.ell_comps.ell_comps_0": -0.45259686306391,
                        "ellipses.0.ell_comps.ell_comps_1": 0.01928855978989
                    }
                }
            }
        }
    }
}