{
    "type": "instance",
    "class_path": "autofit.non_linear.samples.summary.SamplesSummary",
    "arguments": {
        "median_pdf_sample": {
            "type": "instance",
            "class_path": "autofit.non_linear.samples.sample.Sample",
            "arguments": {
                "log_likelihood": -46.7984410991039,
                "log_prior": 0.0,
                "weight": 0.0009838976038399388,
                "kwargs": {
                    "type": "dict",
                    "arguments": {
                        "ellipses.0.ell_comps.ell_comps_0": 0.1555980705024602,
                        "ellipses.0.ell_comps.ell_comps_1": -0.027387491736683405
                    }
                }
            }
        },
        "model": null,
        "log_evidence": -56.68056646377656,
        "errors_at_sigma_3": {
            "type": "list",
            "values": [
                {
                    "type": "tuple",
                    "values": [
                        0.567733813084604,
                        0.011895191523331738
                    ]
                },
                {
                    "type": "tuple",
                    "values": [
                        0.1420595504138701,
                        0.00745768679694727
                    ]
                }
            ]
        },
        "values_at_sigma_1": {
            "type": "list",
            "values": [
                {
                    "type": "tuple",
                    "values": [
                        0.15275750951362,
                        0.15855122152767
                    ]
                },
                {
                    "type": "tuple",
                    "values": [
                        -0.029948686599606488,
                        -0.02542897328051214
                    ]
                }
            ]
        },
        "max_log_likelihood_sample": {
            "type": "instance",
            "class_path": "autofit.non_linear.samples.sample.Sample",
            "arguments": {
                "log_likelihood": -46.7984410991039,
                "log_prior": 0.0,
                "weight": 0.0009838976038399388,
                "kwargs": {
                    "type": "dict",
                    "arguments": {
                        "ellipses.0.ell_comps.ell_comps_0": 0.1564002944471,
                        "ellipses.0.ell_comps.ell_comps_1": -0.02721553306983
                    }
                }
            }
        },
        "errors_at_sigma_1": {
            "type": "list",
            "values": [
                {
                    "type": "tuple",
                    "values": [
                        0.002840560988840196,
                        0.0029531510252098214
                    ]
                },
                {
                    "type": "tuple",
                    "values": [
                        0.002561194862923083,
                        0.001958518456171267
                    ]
                }
            ]
        },
        "values_at_sigma_3": {
            "type": "list",
            "values": [
                {
                    "type": "tuple",
                    "values": [
                        -0.4121357425821438,
                        0.16749326202579193
                    ]
                },
                {
                    "type": "tuple",
                    "values": [
                        -0.1694470421505535,
                        -0.019929804939736135
                    ]
                }
            ]
        }
    }
}