{
    "type": "instance",
    "class_path": "autofit.non_linear.samples.summary.SamplesSummary",
    "arguments": {
        "median_pdf_sample": {
            "type": "instance",
            "class_path": "autofit.non_linear.samples.sample.Sample",
            "arguments": {
                "log_likelihood": 36076.03941552069,
                "log_prior": 0.4470352058507639,
                "weight": 3.335557749574024e-05,
                "kwargs": {
                    "type": "dict",
                    "arguments": {
                        "galaxies.lens.mass.ell_comps.ell_comps_0": -0.03083650305105437,
                        "galaxies.lens.mass.ell_comps.ell_comps_1": 0.0778204418532263,
                        "galaxies.lens.mass.einstein_radius": 1.4279413371483005,
                        "galaxies.lens.mass.centre.centre_0": -0.07807369988176202,
                        "galaxies.lens.mass.centre.centre_1": 0.14589990303242242,
                        "galaxies.lens.mass.slope": 2.0159658455377296,
                        "galaxies.lens.shear.gamma_1": 0.05012334358571111,
                        "galaxies.lens.shear.gamma_2": -0.06991374627077791
                    }
                }
            }
        },
        "errors_at_sigma_3": {
            "type": "list",
            "values": [
                {
                    "type": "tuple",
                    "values": [
                        0.07517515267048665,
                        0.0666841475805715
                    ]
                },
                {
                    "type": "tuple",
                    "values": [
                        0.08945781662204233,
                        0.09501210099599476
                    ]
                },
                {
                    "type": "tuple",
                    "values": [
                        0.03548081022982341,
                        0.03655111241621234
                    ]
                },
                {
                    "type": "tuple",
                    "values": [
                        0.07303570451013561,
                        0.04763893565435374
                    ]
                },
                {
                    "type": "tuple",
                    "values": [
                        0.07018843851277108,
                        0.0551419879004266
                    ]
                },
                {
                    "type": "tuple",
                    "values": [
                        0.19745602503433735,
                        0.17681166906101176
                    ]
                },
                {
                    "type": "tuple",
                    "values": [
                        0.04444001990100554,
                        0.04671142983645265
                    ]
                },
                {
                    "type": "tuple",
                    "values": [
                        0.04365971118254615,
                        0.04248891109650817
                    ]
                }
            ]
        },
        "errors_at_sigma_1": {
            "type": "list",
            "values": [
                {
                    "type": "tuple",
                    "values": [
                        0.02365996752629356,
                        0.01934314444211878
                    ]
                },
                {
                    "type": "tuple",
                    "values": [
                        0.038149900142615045,
                        0.03457383433708901
                    ]
                },
                {
                    "type": "tuple",
                    "values": [
                        0.012628145220246578,
                        0.010915498208992513
                    ]
                },
                {
                    "type": "tuple",
                    "values": [
                        0.029146757057912753,
                        0.019948054828295536
                    ]
                },
                {
                    "type": "tuple",
                    "values": [
                        0.020951111947604892,
                        0.01906720274755061
                    ]
                },
                {
                    "type": "tuple",
                    "values": [
                        0.06752290071726996,
                        0.07466844054459187
                    ]
                },
                {
                    "type": "tuple",
                    "values": [
                        0.01568180034326913,
                        0.015995933691797158
                    ]
                },
                {
                    "type": "tuple",
                    "values": [
                        0.014003713489408973,
                        0.01304136566500224
                    ]
                }
            ]
        },
        "model": null,
        "log_evidence": 36048.97261320769,
        "values_at_sigma_1": {
            "type": "list",
            "values": [
                {
                    "type": "tuple",
                    "values": [
                        -0.05449647057734793,
                        -0.011493358608935593
                    ]
                },
                {
                    "type": "tuple",
                    "values": [
                        0.039670541710611254,
                        0.1123942761903153
                    ]
                },
                {
                    "type": "tuple",
                    "values": [
                        1.415313191928054,
                        1.438856835357293
                    ]
                },
                {
                    "type": "tuple",
                    "values": [
                        -0.10722045693967477,
                        -0.058125645053466485
                    ]
                },
                {
                    "type": "tuple",
                    "values": [
                        0.12494879108481753,
                        0.16496710577997303
                    ]
                },
                {
                    "type": "tuple",
                    "values": [
                        1.9484429448204597,
                        2.0906342860823215
                    ]
                },
                {
                    "type": "tuple",
                    "values": [
                        0.03444154324244198,
                        0.06611927727750827
                    ]
                },
                {
                    "type": "tuple",
                    "values": [
                        -0.08391745976018689,
                        -0.05687238060577567
                    ]
                }
            ]
        },
        "max_log_likelihood_sample": {
            "type": "instance",
            "class_path": "autofit.non_linear.samples.sample.Sample",
            "arguments": {
                "log_likelihood": 36076.03941552069,
                "log_prior": 0.4470352058507639,
                "weight": 3.335557749574024e-05,
                "kwargs": {
                    "type": "dict",
                    "arguments": {
                        "galaxies.lens.mass.ell_comps.ell_comps_0": -0.031881110373277725,
                        "galaxies.lens.mass.ell_comps.ell_comps_1": 0.09108159692085235,
                        "galaxies.lens.mass.einstein_radius": 1.4247780863952504,
                        "galaxies.lens.mass.centre.centre_0": -0.06416361389244235,
                        "galaxies.lens.mass.centre.centre_1": 0.14595090901147031,
                        "galaxies.lens.mass.slope": 2.10002349511802,
                        "galaxies.lens.shear.gamma_1": 0.05262827167956,
                        "galaxies.lens.shear.gamma_2": -0.07676644736098
                    }
                }
            }
        },
        "values_at_sigma_3": {
            "type": "list",
            "values": [
                {
                    "type": "tuple",
                    "values": [
                        -0.10601165572154102,
                        0.03584764452951713
                    ]
                },
                {
                    "type": "tuple",
                    "values": [
                        -0.011637374768816034,
                        0.17283254284922106
                    ]
                },
                {
                    "type": "tuple",
                    "values": [
                        1.392460526918477,
                        1.4644924495645129
                    ]
                },
                {
                    "type": "tuple",
                    "values": [
                        -0.15110940439189763,
                        -0.030434764227408283
                    ]
                },
                {
                    "type": "tuple",
                    "values": [
                        0.07571146451965134,
                        0.20104189093284902
                    ]
                },
                {
                    "type": "tuple",
                    "values": [
                        1.8185098205033923,
                        2.1927775145987414
                    ]
                },
                {
                    "type": "tuple",
                    "values": [
                        0.005683323684705577,
                        0.09683477342216376
                    ]
                },
                {
                    "type": "tuple",
                    "values": [
                        -0.11357345745332406,
                        -0.027424835174269743
                    ]
                }
            ]
        }
    }
}