{
    "type": "instance",
    "class_path": "autofit.non_linear.samples.summary.SamplesSummary",
    "arguments": {
        "max_log_likelihood_sample": {
            "type": "instance",
            "class_path": "autofit.non_linear.samples.sample.Sample",
            "arguments": {
                "log_likelihood": -8.25602613886223,
                "log_prior": 0.0,
                "weight": 0.001054558842650586,
                "kwargs": {
                    "type": "dict",
                    "arguments": {
                        "ellipses.0.ell_comps.ell_comps_0": -0.07000433057627,
                        "ellipses.0.ell_comps.ell_comps_1": -0.00149104492003,
                        "multipoles.0.multipole_1.multipole_comps.multipole_comps_0": -0.00410656742495,
                        "multipoles.0.multipole_1.multipole_comps.multipole_comps_1": -0.00244029543429,
                        "multipoles.0.multipole_3.multipole_comps.multipole_comps_0": -0.00235000367091,
                        "multipoles.0.multipole_3.multipole_comps.multipole_comps_1": 0.01797361560586,
                        "multipoles.0.multipole_4.multipole_comps.multipole_comps_0": -0.01689564472764,
                        "multipoles.0.multipole_4.multipole_comps.multipole_comps_1": -0.01158536786263
                    }
                }
            }
        },
        "errors_at_sigma_1": {
            "type": "list",
            "values": [
                {
                    "type": "tuple",
                    "values": [
                        0.024618578321071533,
                        0.019240173168219507
                    ]
                },
                {
                    "type": "tuple",
                    "values": [
                        0.021648221429223315,
                        0.023752227224495173
                    ]
                },
                {
                    "type": "tuple",
                    "values": [
                        0.01577883223135,
                        0.012895463077736792
                    ]
                },
                {
                    "type": "tuple",
                    "values": [
                        0.011968052579265316,
                        0.011139838353891204
                    ]
                },
                {
                    "type": "tuple",
                    "values": [
                        0.016635851218348565,
                        0.01515736517156
                    ]
                },
                {
                    "type": "tuple",
                    "values": [
                        0.017720601557489148,
                        0.013352814674820461
                    ]
                },
                {
                    "type": "tuple",
                    "values": [
                        0.016726221757465992,
                        0.016797113731394572
                    ]
                },
                {
                    "type": "tuple",
                    "values": [
                        0.011162794488979482,
                        0.012732960760287338
                    ]
                }
            ]
        },
        "log_evidence": -27.355059353165643,
        "median_pdf_sample": {
            "type": "instance",
            "class_path": "autofit.non_linear.samples.sample.Sample",
            "arguments": {
                "log_likelihood": -8.25602613886223,
                "log_prior": 0.0,
                "weight": 0.001054558842650586,
                "kwargs": {
                    "type": "dict",
                    "arguments": {
                        "ellipses.0.ell_comps.ell_comps_0": -0.07028889237252847,
                        "ellipses.0.ell_comps.ell_comps_1": 0.0016862998805567855,
                        "multipoles.0.multipole_1.multipole_comps.multipole_comps_0": 0.0003567792527,
                        "multipoles.0.multipole_1.multipole_comps.multipole_comps_1": 0.0022700282108153173,
                        "multipoles.0.multipole_3.multipole_comps.multipole_comps_0": 0.00397501912501,
                        "multipoles.0.multipole_3.multipole_comps.multipole_comps_1": 0.006903526316789148,
                        "multipoles.0.multipole_4.multipole_comps.multipole_comps_0": -0.012965453896884006,
                        "multipoles.0.multipole_4.multipole_comps.multipole_comps_1": -0.007245946428392723
                    }
                }
            }
        },
        "values_at_sigma_3": {
            "type": "list",
            "values": [
                {
                    "type": "tuple",
                    "values": [
                        -0.13570802883635513,
                        -0.012364155578596471
                    ]
                },
                {
                    "type": "tuple",
                    "values": [
                        -0.05610157854545,
                        0.07185239664887
                    ]
                },
                {
                    "type": "tuple",
                    "values": [
                        -0.05049791899106,
                        0.03812105909385785
                    ]
                },
                {
                    "type": "tuple",
                    "values": [
                        -0.03047738005634414,
                        0.03819007463440733
                    ]
                },
                {
                    "type": "tuple",
                    "values": [
                        -0.04423659035139894,
                        0.03897823483117
                    ]
                },
                {
                    "type": "tuple",
                    "values": [
                        -0.03923522812409335,
                        0.043247372249381535
                    ]
                },
                {
                    "type": "tuple",
                    "values": [
                        -0.05193348792995853,
                        0.02961697863182
                    ]
                },
                {
                    "type": "tuple",
                    "values": [
                        -0.0409824486456,
                        0.04283121189447488
                    ]
                }
            ]
        },
        "errors_at_sigma_3": {
            "type": "list",
            "values": [
                {
                    "type": "tuple",
                    "values": [
                        0.06541913646382666,
                        0.057924736793932
                    ]
                },
                {
                    "type": "tuple",
                    "values": [
                        0.05778787842600678,
                        0.07016609676831322
                    ]
                },
                {
                    "type": "tuple",
                    "values": [
                        0.05085469824376,
                        0.03776427984115785
                    ]
                },
                {
                    "type": "tuple",
                    "values": [
                        0.03274740826715946,
                        0.03592004642359201
                    ]
                },
                {
                    "type": "tuple",
                    "values": [
                        0.048211609476408936,
                        0.03500321570616
                    ]
                },
                {
                    "type": "tuple",
                    "values": [
                        0.0461387544408825,
                        0.036343845932592385
                    ]
                },
                {
                    "type": "tuple",
                    "values": [
                        0.03896803403307452,
                        0.04258243252870401
                    ]
                },
                {
                    "type": "tuple",
                    "values": [
                        0.03373650221720728,
                        0.0500771583228676
                    ]
                }
            ]
        },
        "model": null,
        "values_at_sigma_1": {
            "type": "list",
            "values": [
                {
                    "type": "tuple",
                    "values": [
                        -0.0949074706936,
                        -0.051048719204308965
                    ]
                },
                {
                    "type": "tuple",
                    "values": [
                        -0.01996192154866653,
                        0.02543852710505196
                    ]
                },
                {
                    "type": "tuple",
                    "values": [
                        -0.01542205297865,
                        0.013252242330436792
                    ]
                },
                {
                    "type": "tuple",
                    "values": [
                        -0.00969802436845,
                        0.01340986656470652
                    ]
                },
                {
                    "type": "tuple",
                    "values": [
                        -0.012660832093338565,
                        0.01913238429657
                    ]
                },
                {
                    "type": "tuple",
                    "values": [
                        -0.0108170752407,
                        0.020256340991609608
                    ]
                },
                {
                    "type": "tuple",
                    "values": [
                        -0.02969167565435,
                        0.003831659834510566
                    ]
                },
                {
                    "type": "tuple",
                    "values": [
                        -0.018408740917372206,
                        0.005487014331894614
                    ]
                }
            ]
        }
    }
}