{
    "type": "instance",
    "class_path": "autofit.non_linear.samples.summary.SamplesSummary",
    "arguments": {
        "model": null,
        "max_log_likelihood_sample": {
            "type": "instance",
            "class_path": "autofit.non_linear.samples.sample.Sample",
            "arguments": {
                "log_likelihood": -3.439228654653668,
                "log_prior": 0.0,
                "weight": 0.0009780347567305114,
                "kwargs": {
                    "type": "dict",
                    "arguments": {
                        "ellipses.0.ell_comps.ell_comps_0": -0.02023516319333,
                        "ellipses.0.ell_comps.ell_comps_1": -0.03087766773272,
                        "multipoles.0.multipole_1.multipole_comps.multipole_comps_0": -0.00076928190971,
                        "multipoles.0.multipole_1.multipole_comps.multipole_comps_1": -0.00442298344086,
                        "multipoles.0.multipole_3.multipole_comps.multipole_comps_0": 1.041898752e-05,
                        "multipoles.0.multipole_3.multipole_comps.multipole_comps_1": 0.00595526678077,
                        "multipoles.0.multipole_4.multipole_comps.multipole_comps_0": 0.00079646062637,
                        "multipoles.0.multipole_4.multipole_comps.multipole_comps_1": 0.00241948414102
                    }
                }
            }
        },
        "log_evidence": -27.77204101473721,
        "values_at_sigma_3": {
            "type": "list",
            "values": [
                {
                    "type": "tuple",
                    "values": [
                        -0.0649326473902904,
                        0.02199894886607948
                    ]
                },
                {
                    "type": "tuple",
                    "values": [
                        -0.07111752640271,
                        0.019705681811589965
                    ]
                },
                {
                    "type": "tuple",
                    "values": [
                        -0.01516157310319,
                        0.01414115620978201
                    ]
                },
                {
                    "type": "tuple",
                    "values": [
                        -0.01768971113737107,
                        0.0124971023254
                    ]
                },
                {
                    "type": "tuple",
                    "values": [
                        -0.014791752417162888,
                        0.018067295754010525
                    ]
                },
                {
                    "type": "tuple",
                    "values": [
                        -0.010813771157217041,
                        0.01813011520685549
                    ]
                },
                {
                    "type": "tuple",
                    "values": [
                        -0.01997676801728,
                        0.01731714409971
                    ]
                },
                {
                    "type": "tuple",
                    "values": [
                        -0.01226560087363,
                        0.019088676219904146
                    ]
                }
            ]
        },
        "errors_at_sigma_1": {
            "type": "list",
            "values": [
                {
                    "type": "tuple",
                    "values": [
                        0.014927538270057349,
                        0.016585705933263972
                    ]
                },
                {
                    "type": "tuple",
                    "values": [
                        0.013115903594640863,
                        0.015932939575033563
                    ]
                },
                {
                    "type": "tuple",
                    "values": [
                        0.004795998467298767,
                        0.004955945975215769
                    ]
                },
                {
                    "type": "tuple",
                    "values": [
                        0.005460700795536257,
                        0.005580758479625731
                    ]
                },
                {
                    "type": "tuple",
                    "values": [
                        0.004843233005833729,
                        0.005423918806318185
                    ]
                },
                {
                    "type": "tuple",
                    "values": [
                        0.005650623468998046,
                        0.005426520618655093
                    ]
                },
                {
                    "type": "tuple",
                    "values": [
                        0.004608993405804266,
                        0.004856963845835735
                    ]
                },
                {
                    "type": "tuple",
                    "values": [
                        0.004811702327126111,
                        0.005271742847703041
                    ]
                }
            ]
        },
        "values_at_sigma_1": {
            "type": "list",
            "values": [
                {
                    "type": "tuple",
                    "values": [
                        -0.03768878917229132,
                        -0.00617554496897
                    ]
                },
                {
                    "type": "tuple",
                    "values": [
                        -0.047043234373357695,
                        -0.01799439120368327
                    ]
                },
                {
                    "type": "tuple",
                    "values": [
                        -0.00406245169528,
                        0.0056894927472345355
                    ]
                },
                {
                    "type": "tuple",
                    "values": [
                        -0.009631165452574792,
                        0.001410293822587196
                    ]
                },
                {
                    "type": "tuple",
                    "values": [
                        -0.0056411351639343455,
                        0.004626016648217568
                    ]
                },
                {
                    "type": "tuple",
                    "values": [
                        -0.0008547510816,
                        0.010222393006053139
                    ]
                },
                {
                    "type": "tuple",
                    "values": [
                        -0.00689079506854,
                        0.0025751621831
                    ]
                },
                {
                    "type": "tuple",
                    "values": [
                        -0.00023434417975,
                        0.009849100995079152
                    ]
                }
            ]
        },
        "errors_at_sigma_3": {
            "type": "list",
            "values": [
                {
                    "type": "tuple",
                    "values": [
                        0.04217139648805642,
                        0.044760199768313455
                    ]
                },
                {
                    "type": "tuple",
                    "values": [
                        0.03719019562399317,
                        0.0536330125903068
                    ]
                },
                {
                    "type": "tuple",
                    "values": [
                        0.015895119875208766,
                        0.013407609437763243
                    ]
                },
                {
                    "type": "tuple",
                    "values": [
                        0.013519246480332535,
                        0.016667566982438535
                    ]
                },
                {
                    "type": "tuple",
                    "values": [
                        0.013993850259062272,
                        0.01886519791211114
                    ]
                },
                {
                    "type": "tuple",
                    "values": [
                        0.015609643544615087,
                        0.013334242819457444
                    ]
                },
                {
                    "type": "tuple",
                    "values": [
                        0.017694966354544265,
                        0.019598945762445735
                    ]
                },
                {
                    "type": "tuple",
                    "values": [
                        0.01684295902100611,
                        0.014511318072528034
                    ]
                }
            ]
        },
        "median_pdf_sample": {
            "type": "instance",
            "class_path": "autofit.non_linear.samples.sample.Sample",
            "arguments": {
                "log_likelihood": -3.439228654653668,
                "log_prior": 0.0,
                "weight": 0.0009780347567305114,
                "kwargs": {
                    "type": "dict",
                    "arguments": {
                        "ellipses.0.ell_comps.ell_comps_0": -0.022761250902233972,
                        "ellipses.0.ell_comps.ell_comps_1": -0.03392733077871683,
                        "multipoles.0.multipole_1.multipole_comps.multipole_comps_0": 0.0007335467720187665,
                        "multipoles.0.multipole_1.multipole_comps.multipole_comps_1": -0.004170464657038535,
                        "multipoles.0.multipole_3.multipole_comps.multipole_comps_0": -0.0007979021581006162,
                        "multipoles.0.multipole_3.multipole_comps.multipole_comps_1": 0.004795872387398046,
                        "multipoles.0.multipole_4.multipole_comps.multipole_comps_0": -0.0022818016627357347,
                        "multipoles.0.multipole_4.multipole_comps.multipole_comps_1": 0.0045773581473761114
                    }
                }
            }
        }
    }
}