{
    "type": "instance",
    "class_path": "autofit.non_linear.samples.summary.SamplesSummary",
    "arguments": {
        "errors_at_sigma_1": {
            "type": "list",
            "values": [
                {
                    "type": "tuple",
                    "values": [
                        0.010904710466606848,
                        0.008701747364221968
                    ]
                },
                {
                    "type": "tuple",
                    "values": [
                        0.005586802443972305,
                        0.02437607158683
                    ]
                },
                {
                    "type": "tuple",
                    "values": [
                        0.0429520385741026,
                        0.06688662329499521
                    ]
                },
                {
                    "type": "tuple",
                    "values": [
                        0.07191256192709994,
                        0.051779951520098066
                    ]
                },
                {
                    "type": "tuple",
                    "values": [
                        0.05289316393081961,
                        0.05255919219890354
                    ]
                },
                {
                    "type": "tuple",
                    "values": [
                        0.034395516454016964,
                        0.07213856573842303
                    ]
                },
                {
                    "type": "tuple",
                    "values": [
                        0.027940157016459053,
                        0.019670434230220316
                    ]
                },
                {
                    "type": "tuple",
                    "values": [
                        0.038654584480152604,
                        0.0373926991396879
                    ]
                }
            ]
        },
        "log_evidence": -65.17517080997081,
        "median_pdf_sample": {
            "type": "instance",
            "class_path": "autofit.non_linear.samples.sample.Sample",
            "arguments": {
                "log_likelihood": -44.905866988837815,
                "log_prior": 0.0,
                "weight": 0.0010631813659617642,
                "kwargs": {
                    "type": "dict",
                    "arguments": {
                        "ellipses.0.ell_comps.ell_comps_0": -0.03926338606695,
                        "ellipses.0.ell_comps.ell_comps_1": -0.13950038867504,
                        "multipoles.0.multipole_1.multipole_comps.multipole_comps_0": -0.02983115385605521,
                        "multipoles.0.multipole_1.multipole_comps.multipole_comps_1": -0.02665404229190807,
                        "multipoles.0.multipole_3.multipole_comps.multipole_comps_0": 0.008704857592086456,
                        "multipoles.0.multipole_3.multipole_comps.multipole_comps_1": -0.02721233028496304,
                        "multipoles.0.multipole_4.multipole_comps.multipole_comps_0": 0.04580716751932,
                        "multipoles.0.multipole_4.multipole_comps.multipole_comps_1": -0.007150402236577393
                    }
                }
            }
        },
        "max_log_likelihood_sample": {
            "type": "instance",
            "class_path": "autofit.non_linear.samples.sample.Sample",
            "arguments": {
                "log_likelihood": -44.905866988837815,
                "log_prior": 0.0,
                "weight": 0.0010631813659617642,
                "kwargs": {
                    "type": "dict",
                    "arguments": {
                        "ellipses.0.ell_comps.ell_comps_0": -0.03917939176688,
                        "ellipses.0.ell_comps.ell_comps_1": -0.14005836419083,
                        "multipoles.0.multipole_1.multipole_comps.multipole_comps_0": -0.0295646835825,
                        "multipoles.0.multipole_1.multipole_comps.multipole_comps_1": 0.00912906435964,
                        "multipoles.0.multipole_3.multipole_comps.multipole_comps_0": -0.01343930508308,
                        "multipoles.0.multipole_3.multipole_comps.multipole_comps_1": -0.01553221707668,
                        "multipoles.0.multipole_4.multipole_comps.multipole_comps_0": 0.04261896887123,
                        "multipoles.0.multipole_4.multipole_comps.multipole_comps_1": -0.00659748318895
                    }
                }
            }
        },
        "values_at_sigma_1": {
            "type": "list",
            "values": [
                {
                    "type": "tuple",
                    "values": [
                        -0.05016809653355685,
                        -0.03056163870272803
                    ]
                },
                {
                    "type": "tuple",
                    "values": [
                        -0.1450871911190123,
                        -0.11512431708821
                    ]
                },
                {
                    "type": "tuple",
                    "values": [
                        -0.07278319243015781,
                        0.03705546943894
                    ]
                },
                {
                    "type": "tuple",
                    "values": [
                        -0.09856660421900801,
                        0.02512590922819
                    ]
                },
                {
                    "type": "tuple",
                    "values": [
                        -0.04418830633873315,
                        0.06126404979099
                    ]
                },
                {
                    "type": "tuple",
                    "values": [
                        -0.06160784673898,
                        0.04492623545346
                    ]
                },
                {
                    "type": "tuple",
                    "values": [
                        0.017867010502860946,
                        0.06547760174954032
                    ]
                },
                {
                    "type": "tuple",
                    "values": [
                        -0.04580498671673,
                        0.03024229690311051
                    ]
                }
            ]
        },
        "errors_at_sigma_3": {
            "type": "list",
            "values": [
                {
                    "type": "tuple",
                    "values": [
                        0.04295765088933,
                        0.04303904762934
                    ]
                },
                {
                    "type": "tuple",
                    "values": [
                        0.022770113922719992,
                        0.040296142678151015
                    ]
                },
                {
                    "type": "tuple",
                    "values": [
                        0.13906169491825765,
                        0.11464429045730176
                    ]
                },
                {
                    "type": "tuple",
                    "values": [
                        0.14860230806175193,
                        0.14905388220239438
                    ]
                },
                {
                    "type": "tuple",
                    "values": [
                        0.10519655070440646,
                        0.09107922027215354
                    ]
                },
                {
                    "type": "tuple",
                    "values": [
                        0.07013357396287892,
                        0.12559824447767923
                    ]
                },
                {
                    "type": "tuple",
                    "values": [
                        0.11109634821779896,
                        0.05318909273882
                    ]
                },
                {
                    "type": "tuple",
                    "values": [
                        0.0920683671552226,
                        0.10441478063882739
                    ]
                }
            ]
        },
        "model": null,
        "values_at_sigma_3": {
            "type": "list",
            "values": [
                {
                    "type": "tuple",
                    "values": [
                        -0.08222103695628,
                        0.00377566156239
                    ]
                },
                {
                    "type": "tuple",
                    "values": [
                        -0.16227050259776,
                        -0.09920424599688898
                    ]
                },
                {
                    "type": "tuple",
                    "values": [
                        -0.16889284877431285,
                        0.08481313660124655
                    ]
                },
                {
                    "type": "tuple",
                    "values": [
                        -0.17525635035366,
                        0.12239983991048631
                    ]
                },
                {
                    "type": "tuple",
                    "values": [
                        -0.09649169311232,
                        0.09978407786424
                    ]
                },
                {
                    "type": "tuple",
                    "values": [
                        -0.09734590424784197,
                        0.0983859141927162
                    ]
                },
                {
                    "type": "tuple",
                    "values": [
                        -0.06528918069847896,
                        0.09899626025814
                    ]
                },
                {
                    "type": "tuple",
                    "values": [
                        -0.0992187693918,
                        0.09726437840225
                    ]
                }
            ]
        }
    }
}