{
    "type": "instance",
    "class_path": "autofit.non_linear.samples.summary.SamplesSummary",
    "arguments": {
        "model": null,
        "errors_at_sigma_3": {
            "type": "list",
            "values": [
                {
                    "type": "tuple",
                    "values": [
                        0.05393299288414871,
                        0.00801750158370261
                    ]
                },
                {
                    "type": "tuple",
                    "values": [
                        0.058459530220939276,
                        0.05603400252301175
                    ]
                }
            ]
        },
        "max_log_likelihood_sample": {
            "type": "instance",
            "class_path": "autofit.non_linear.samples.sample.Sample",
            "arguments": {
                "log_likelihood": -50.92116341571816,
                "log_prior": 0.0,
                "weight": 0.0009881798510243231,
                "kwargs": {
                    "type": "dict",
                    "arguments": {
                        "ellipses.0.ell_comps.ell_comps_0": -0.12530449317984,
                        "ellipses.0.ell_comps.ell_comps_1": 0.00218756838411
                    }
                }
            }
        },
        "log_evidence": -62.65338018412448,
        "median_pdf_sample": {
            "type": "instance",
            "class_path": "autofit.non_linear.samples.sample.Sample",
            "arguments": {
                "log_likelihood": -50.92116341571816,
                "log_prior": 0.0,
                "weight": 0.0009881798510243231,
                "kwargs": {
                    "type": "dict",
                    "arguments": {
                        "ellipses.0.ell_comps.ell_comps_0": -0.1265022617380678,
                        "ellipses.0.ell_comps.ell_comps_1": 0.0021245267020693825
                    }
                }
            }
        },
        "values_at_sigma_3": {
            "type": "list",
            "values": [
                {
                    "type": "tuple",
                    "values": [
                        -0.18043525462221652,
                        -0.1184847601543652
                    ]
                },
                {
                    "type": "tuple",
                    "values": [
                        -0.05633500351886989,
                        0.058158529225081135
                    ]
                }
            ]
        },
        "errors_at_sigma_1": {
            "type": "list",
            "values": [
                {
                    "type": "tuple",
                    "values": [
                        0.0364691921865522,
                        0.003089467165039772
                    ]
                },
                {
                    "type": "tuple",
                    "values": [
                        0.0026511389168569345,
                        0.003394818818220617
                    ]
                }
            ]
        },
        "values_at_sigma_1": {
            "type": "list",
            "values": [
                {
                    "type": "tuple",
                    "values": [
                        -0.16297145392462,
                        -0.12341279457302803
                    ]
                },
                {
                    "type": "tuple",
                    "values": [
                        -0.000526612214787552,
                        0.00551934552029
                    ]
                }
            ]
        }
    }
}