{
    "type": "instance",
    "class_path": "autofit.non_linear.samples.summary.SamplesSummary",
    "arguments": {
        "errors_at_sigma_1": {
            "type": "list",
            "values": [
                {
                    "type": "tuple",
                    "values": [
                        0.0025092447250171235,
                        0.002652858561467464
                    ]
                },
                {
                    "type": "tuple",
                    "values": [
                        0.003441428877128852,
                        0.0036266137308155616
                    ]
                }
            ]
        },
        "model": null,
        "log_evidence": -73.98863778354242,
        "errors_at_sigma_3": {
            "type": "list",
            "values": [
                {
                    "type": "tuple",
                    "values": [
                        0.008906989670871501,
                        0.009415484996197154
                    ]
                },
                {
                    "type": "tuple",
                    "values": [
                        0.010238950543226169,
                        0.011407884258597678
                    ]
                }
            ]
        },
        "max_log_likelihood_sample": {
            "type": "instance",
            "class_path": "autofit.non_linear.samples.sample.Sample",
            "arguments": {
                "log_likelihood": -63.027246426258536,
                "log_prior": 0.0,
                "weight": 0.0009910975169591116,
                "kwargs": {
                    "type": "dict",
                    "arguments": {
                        "ellipses.0.ell_comps.ell_comps_0": -0.25442548952063,
                        "ellipses.0.ell_comps.ell_comps_1": -0.08245542717848
                    }
                }
            }
        },
        "values_at_sigma_1": {
            "type": "list",
            "values": [
                {
                    "type": "tuple",
                    "values": [
                        -0.2567616885686056,
                        -0.251599585282121
                    ]
                },
                {
                    "type": "tuple",
                    "values": [
                        -0.08621540180639885,
                        -0.07914735919845443
                    ]
                }
            ]
        },
        "median_pdf_sample": {
            "type": "instance",
            "class_path": "autofit.non_linear.samples.sample.Sample",
            "arguments": {
                "log_likelihood": -63.027246426258536,
                "log_prior": 0.0,
                "weight": 0.0009910975169591116,
                "kwargs": {
                    "type": "dict",
                    "arguments": {
                        "ellipses.0.ell_comps.ell_comps_0": -0.25425244384358847,
                        "ellipses.0.ell_comps.ell_comps_1": -0.08277397292927
                    }
                }
            }
        },
        "values_at_sigma_3": {
            "type": "list",
            "values": [
                {
                    "type": "tuple",
                    "values": [
                        -0.26315943351446,
                        -0.24483695884739132
                    ]
                },
                {
                    "type": "tuple",
                    "values": [
                        -0.09301292347249616,
                        -0.07136608867067232
                    ]
                }
            ]
        }
    }
}