{
    "type": "instance",
    "class_path": "autofit.non_linear.samples.summary.SamplesSummary",
    "arguments": {
        "errors_at_sigma_3": {
            "type": "list",
            "values": [
                {
                    "type": "tuple",
                    "values": [
                        0.012836675041303897,
                        0.015654001029253156
                    ]
                },
                {
                    "type": "tuple",
                    "values": [
                        0.016576567913887577,
                        0.016311634675351745
                    ]
                },
                {
                    "type": "tuple",
                    "values": [
                        0.003543650763696709,
                        0.00423953757699
                    ]
                },
                {
                    "type": "tuple",
                    "values": [
                        0.003940122810899361,
                        0.008169738120724516
                    ]
                },
                {
                    "type": "tuple",
                    "values": [
                        0.004785439849416265,
                        0.005164616368268715
                    ]
                },
                {
                    "type": "tuple",
                    "values": [
                        0.00525851274560564,
                        0.0051333271126867575
                    ]
                }
            ]
        },
        "median_pdf_sample": {
            "type": "instance",
            "class_path": "autofit.non_linear.samples.sample.Sample",
            "arguments": {
                "log_likelihood": -3.9567191457644255,
                "log_prior": 0.0,
                "weight": 0.0010282948333615173,
                "kwargs": {
                    "type": "dict",
                    "arguments": {
                        "ellipses.0.ell_comps.ell_comps_0": -0.13236316271981427,
                        "ellipses.0.ell_comps.ell_comps_1": 0.00817009359318,
                        "multipoles.0.multipole_3.multipole_comps.multipole_comps_0": -0.0003658599368,
                        "multipoles.0.multipole_3.multipole_comps.multipole_comps_1": -0.0022116758378245157,
                        "multipoles.0.multipole_4.multipole_comps.multipole_comps_0": -5.795679060686076e-05,
                        "multipoles.0.multipole_4.multipole_comps.multipole_comps_1": -0.00117644222635
                    }
                }
            }
        },
        "model": null,
        "errors_at_sigma_1": {
            "type": "list",
            "values": [
                {
                    "type": "tuple",
                    "values": [
                        0.005278215494870037,
                        0.004063821754286268
                    ]
                },
                {
                    "type": "tuple",
                    "values": [
                        0.005688168712103672,
                        0.006332779163976421
                    ]
                },
                {
                    "type": "tuple",
                    "values": [
                        0.0013917416677583228,
                        0.00150389061248
                    ]
                },
                {
                    "type": "tuple",
                    "values": [
                        0.0013617747176954843,
                        0.0015847085871845156
                    ]
                },
                {
                    "type": "tuple",
                    "values": [
                        0.0017705962708500363,
                        0.0018452106565380517
                    ]
                },
                {
                    "type": "tuple",
                    "values": [
                        0.0018788772296774272,
                        0.002010421338802071
                    ]
                }
            ]
        },
        "values_at_sigma_3": {
            "type": "list",
            "values": [
                {
                    "type": "tuple",
                    "values": [
                        -0.14519983776111817,
                        -0.11670916169056111
                    ]
                },
                {
                    "type": "tuple",
                    "values": [
                        -0.008406474320707576,
                        0.024481728268531747
                    ]
                },
                {
                    "type": "tuple",
                    "values": [
                        -0.003909510700496709,
                        0.00387367764019
                    ]
                },
                {
                    "type": "tuple",
                    "values": [
                        -0.006151798648723876,
                        0.0059580622829
                    ]
                },
                {
                    "type": "tuple",
                    "values": [
                        -0.0048433966400231255,
                        0.0051066595776618545
                    ]
                },
                {
                    "type": "tuple",
                    "values": [
                        -0.00643495497195564,
                        0.003956884886336757
                    ]
                }
            ]
        },
        "values_at_sigma_1": {
            "type": "list",
            "values": [
                {
                    "type": "tuple",
                    "values": [
                        -0.1376413782146843,
                        -0.128299340965528
                    ]
                },
                {
                    "type": "tuple",
                    "values": [
                        0.0024819248810763273,
                        0.014502872757156421
                    ]
                },
                {
                    "type": "tuple",
                    "values": [
                        -0.0017576016045583228,
                        0.00113803067568
                    ]
                },
                {
                    "type": "tuple",
                    "values": [
                        -0.00357345055552,
                        -0.00062696725064
                    ]
                },
                {
                    "type": "tuple",
                    "values": [
                        -0.0018285530614568972,
                        0.0017872538659311908
                    ]
                },
                {
                    "type": "tuple",
                    "values": [
                        -0.003055319456027427,
                        0.0008339791124520712
                    ]
                }
            ]
        },
        "max_log_likelihood_sample": {
            "type": "instance",
            "class_path": "autofit.non_linear.samples.sample.Sample",
            "arguments": {
                "log_likelihood": -3.9567191457644255,
                "log_prior": 0.0,
                "weight": 0.0010282948333615173,
                "kwargs": {
                    "type": "dict",
                    "arguments": {
                        "ellipses.0.ell_comps.ell_comps_0": -0.1335670411047,
                        "ellipses.0.ell_comps.ell_comps_1": 0.00698568701211,
                        "multipoles.0.multipole_3.multipole_comps.multipole_comps_0": -0.00064221283922,
                        "multipoles.0.multipole_3.multipole_comps.multipole_comps_1": -0.00268071216984,
                        "multipoles.0.multipole_4.multipole_comps.multipole_comps_0": 0.0005643937771,
                        "multipoles.0.multipole_4.multipole_comps.multipole_comps_1": -0.00071598302906
                    }
                }
            }
        },
        "log_evidence": -29.40460620256572
    }
}