{
    "type": "instance",
    "class_path": "autofit.non_linear.samples.summary.SamplesSummary",
    "arguments": {
        "errors_at_sigma_3": {
            "type": "list",
            "values": [
                {
                    "type": "tuple",
                    "values": [
                        0.002394983785169805,
                        0.0015594847521331373
                    ]
                },
                {
                    "type": "tuple",
                    "values": [
                        0.002104973816000206,
                        0.0032937547638263918
                    ]
                },
                {
                    "type": "tuple",
                    "values": [
                        0.013210840243229993,
                        0.006296236737255642
                    ]
                },
                {
                    "type": "tuple",
                    "values": [
                        0.015712631389401842,
                        0.007258049515178007
                    ]
                },
                {
                    "type": "tuple",
                    "values": [
                        0.0026411250658299997,
                        0.00323292750622312
                    ]
                },
                {
                    "type": "tuple",
                    "values": [
                        0.004922023335350001,
                        0.0021691668683763523
                    ]
                },
                {
                    "type": "tuple",
                    "values": [
                        0.0026921976825162964,
                        0.005642003409285515
                    ]
                },
                {
                    "type": "tuple",
                    "values": [
                        0.0039005675154347086,
                        0.002999848977865292
                    ]
                },
                {
                    "type": "tuple",
                    "values": [
                        0.004606656366932446,
                        0.0025604803877199997
                    ]
                },
                {
                    "type": "tuple",
                    "values": [
                        0.003970633177565247,
                        0.002648342425472935
                    ]
                },
                {
                    "type": "tuple",
                    "values": [
                        0.0075956063744611335,
                        0.008001488143781488
                    ]
                },
                {
                    "type": "tuple",
                    "values": [
                        0.007800672764642455,
                        0.011396919355439485
                    ]
                },
                {
                    "type": "tuple",
                    "values": [
                        0.007684919469456537,
                        0.00937615453662
                    ]
                },
                {
                    "type": "tuple",
                    "values": [
                        0.0068992504568680365,
                        0.0068982917446919634
                    ]
                },
                {
                    "type": "tuple",
                    "values": [
                        0.00634474491171556,
                        0.0050373374253891295
                    ]
                },
                {
                    "type": "tuple",
                    "values": [
                        0.005599969735799787,
                        0.005832364973079847
                    ]
                },
                {
                    "type": "tuple",
                    "values": [
                        0.011054068059135254,
                        0.010161181906926487
                    ]
                },
                {
                    "type": "tuple",
                    "values": [
                        0.005734812103761575,
                        0.008147532349812154
                    ]
                },
                {
                    "type": "tuple",
                    "values": [
                        0.02744679254311197,
                        0.0148916532605268
                    ]
                },
                {
                    "type": "tuple",
                    "values": [
                        0.007570809757524579,
                        0.007930776227215728
                    ]
                },
                {
                    "type": "tuple",
                    "values": [
                        0.009873796545153336,
                        0.009127592367118652
                    ]
                },
                {
                    "type": "tuple",
                    "values": [
                        0.017731746428824947,
                        0.010644404101415353
                    ]
                },
                {
                    "type": "tuple",
                    "values": [
                        0.008373849805492262,
                        0.011658510272324556
                    ]
                },
                {
                    "type": "tuple",
                    "values": [
                        0.008754700800247043,
                        0.013486438857454618
                    ]
                },
                {
                    "type": "tuple",
                    "values": [
                        0.005350248573495954,
                        0.011791945338664046
                    ]
                },
                {
                    "type": "tuple",
                    "values": [
                        0.00943637489751089,
                        0.009531785805847504
                    ]
                },
                {
                    "type": "tuple",
                    "values": [
                        0.022738599698414463,
                        0.01254476807071353
                    ]
                },
                {
                    "type": "tuple",
                    "values": [
                        0.012750479487347033,
                        0.009443276966430658
                    ]
                },
                {
                    "type": "tuple",
                    "values": [
                        0.02273748152800556,
                        0.014689910897608502
                    ]
                },
                {
                    "type": "tuple",
                    "values": [
                        0.019571420295269995,
                        0.025244875859766865
                    ]
                },
                {
                    "type": "tuple",
                    "values": [
                        0.01811678298385761,
                        0.008428449670028499
                    ]
                },
                {
                    "type": "tuple",
                    "values": [
                        0.015942414330593603,
                        0.01087754317481449
                    ]
                },
                {
                    "type": "tuple",
                    "values": [
                        0.01652348035009022,
                        0.008983096015805853
                    ]
                },
                {
                    "type": "tuple",
                    "values": [
                        0.017412002526571296,
                        0.01016501733896246
                    ]
                },
                {
                    "type": "tuple",
                    "values": [
                        0.005561891631849003,
                        0.036285314329231766
                    ]
                },
                {
                    "type": "tuple",
                    "values": [
                        0.013655152181445104,
                        0.00638714951015448
                    ]
                },
                {
                    "type": "tuple",
                    "values": [
                        0.015074268576756904,
                        0.041205526938199864
                    ]
                },
                {
                    "type": "tuple",
                    "values": [
                        0.02716348600963,
                        0.010759795176347139
                    ]
                },
                {
                    "type": "tuple",
                    "values": [
                        0.014644903247377133,
                        0.015869231173460015
                    ]
                },
                {
                    "type": "tuple",
                    "values": [
                        0.01044169832599005,
                        0.009112144097623075
                    ]
                },
                {
                    "type": "tuple",
                    "values": [
                        0.004532797661484804,
                        0.00677274558867
                    ]
                },
                {
                    "type": "tuple",
                    "values": [
                        0.009608906539239999,
                        0.01110258329941145
                    ]
                }
            ]
        },
        "model": null,
        "max_log_likelihood_sample": {
            "type": "instance",
            "class_path": "autofit.non_linear.samples.sample.Sample",
            "arguments": {
                "log_likelihood": -231.32541213867864,
                "log_prior": 0.0,
                "weight": 0.0011000683384780152,
                "kwargs": {
                    "type": "dict",
                    "arguments": {
                        "ellipses.ellipse_4.centre.centre_0": -0.00385924329178,
                        "ellipses.ellipse_4.centre.centre_1": 0.00284405704071,
                        "ellipses.ellipse_0.ell_comps.ell_comps_0": -0.12903467695431,
                        "ellipses.ellipse_0.ell_comps.ell_comps_1": 0.00674199406975,
                        "multipoles.0.multipole_1.multipole_comps.multipole_comps_0": 0.00115060223616,
                        "multipoles.0.multipole_1.multipole_comps.multipole_comps_1": -0.00267206627734,
                        "multipoles.0.multipole_3.multipole_comps.multipole_comps_0": -0.00260946417541,
                        "multipoles.0.multipole_3.multipole_comps.multipole_comps_1": -0.00472709828576,
                        "multipoles.0.multipole_4.multipole_comps.multipole_comps_0": 0.00074624232177,
                        "multipoles.0.multipole_4.multipole_comps.multipole_comps_1": -0.00238502868942,
                        "ellipses.ellipse_1.ell_comps.ell_comps_0": -0.22951762314156,
                        "ellipses.ellipse_1.ell_comps.ell_comps_1": 0.00309853415586,
                        "multipoles.1.multipole_1.multipole_comps.multipole_comps_0": 0.01076047460662,
                        "multipoles.1.multipole_1.multipole_comps.multipole_comps_1": -0.00134023687212,
                        "multipoles.1.multipole_3.multipole_comps.multipole_comps_0": -0.02527746052225,
                        "multipoles.1.multipole_3.multipole_comps.multipole_comps_1": -0.01473561174809,
                        "multipoles.1.multipole_4.multipole_comps.multipole_comps_0": -0.00285027167925,
                        "multipoles.1.multipole_4.multipole_comps.multipole_comps_1": -0.03485484961996,
                        "ellipses.ellipse_2.ell_comps.ell_comps_0": -0.18074958102704,
                        "ellipses.ellipse_2.ell_comps.ell_comps_1": 0.0158303411877,
                        "multipoles.2.multipole_1.multipole_comps.multipole_comps_0": 0.01860756980545,
                        "multipoles.2.multipole_1.multipole_comps.multipole_comps_1": 0.01265849896615,
                        "multipoles.2.multipole_3.multipole_comps.multipole_comps_0": 0.01137209670538,
                        "multipoles.2.multipole_3.multipole_comps.multipole_comps_1": 0.00820531408524,
                        "multipoles.2.multipole_4.multipole_comps.multipole_comps_0": 0.03073938046947,
                        "multipoles.2.multipole_4.multipole_comps.multipole_comps_1": -0.03838063445602,
                        "ellipses.ellipse_3.ell_comps.ell_comps_0": -0.19880021194473,
                        "ellipses.ellipse_3.ell_comps.ell_comps_1": -0.02717841366146,
                        "multipoles.3.multipole_1.multipole_comps.multipole_comps_0": -0.04080580886483,
                        "multipoles.3.multipole_1.multipole_comps.multipole_comps_1": -0.02425944793392,
                        "multipoles.3.multipole_3.multipole_comps.multipole_comps_0": -0.0071534367749,
                        "multipoles.3.multipole_3.multipole_comps.multipole_comps_1": 0.01015686168263,
                        "multipoles.3.multipole_4.multipole_comps.multipole_comps_0": 0.02131450459033,
                        "multipoles.3.multipole_4.multipole_comps.multipole_comps_1": -0.07012828335318,
                        "ellipses.ellipse_4.ell_comps.ell_comps_0": -0.28766229589823,
                        "ellipses.ellipse_4.ell_comps.ell_comps_1": -0.01069554797152,
                        "multipoles.4.multipole_1.multipole_comps.multipole_comps_0": 0.02871557065644,
                        "multipoles.4.multipole_1.multipole_comps.multipole_comps_1": -0.01316180907557,
                        "multipoles.4.multipole_3.multipole_comps.multipole_comps_0": -0.06299643065562,
                        "multipoles.4.multipole_3.multipole_comps.multipole_comps_1": 0.0208174737436,
                        "multipoles.4.multipole_4.multipole_comps.multipole_comps_0": 0.00731262590007,
                        "multipoles.4.multipole_4.multipole_comps.multipole_comps_1": 0.01879778426273
                    }
                }
            }
        },
        "log_evidence": -308.74875077054725,
        "median_pdf_sample": {
            "type": "instance",
            "class_path": "autofit.non_linear.samples.sample.Sample",
            "arguments": {
                "log_likelihood": -231.32541213867864,
                "log_prior": 0.0,
                "weight": 0.0011000683384780152,
                "kwargs": {
                    "type": "dict",
                    "arguments": {
                        "ellipses.ellipse_4.centre.centre_0": -0.003430530383010195,
                        "ellipses.ellipse_4.centre.centre_1": 0.002975510446473716,
                        "ellipses.ellipse_0.ell_comps.ell_comps_0": -0.12088363967089,
                        "ellipses.ellipse_0.ell_comps.ell_comps_1": 0.0015811513608625007,
                        "multipoles.0.multipole_1.multipole_comps.multipole_comps_0": 0.0014902620604,
                        "multipoles.0.multipole_1.multipole_comps.multipole_comps_1": -0.00184113253425,
                        "multipoles.0.multipole_3.multipole_comps.multipole_comps_0": -0.00211778049639,
                        "multipoles.0.multipole_3.multipole_comps.multipole_comps_1": -0.004255305376885292,
                        "multipoles.0.multipole_4.multipole_comps.multipole_comps_0": 0.00147192880698,
                        "multipoles.0.multipole_4.multipole_comps.multipole_comps_1": -0.00342909239242,
                        "ellipses.ellipse_1.ell_comps.ell_comps_0": -0.22728938963639844,
                        "ellipses.ellipse_1.ell_comps.ell_comps_1": 0.009977843534350515,
                        "multipoles.1.multipole_1.multipole_comps.multipole_comps_0": 0.01214131025009,
                        "multipoles.1.multipole_1.multipole_comps.multipole_comps_1": -0.004758739778451963,
                        "multipoles.1.multipole_3.multipole_comps.multipole_comps_0": -0.0272521059057737,
                        "multipoles.1.multipole_3.multipole_comps.multipole_comps_1": -0.0153607800308,
                        "multipoles.1.multipole_4.multipole_comps.multipole_comps_0": -0.004021948233224746,
                        "multipoles.1.multipole_4.multipole_comps.multipole_comps_1": -0.03294643829726843,
                        "ellipses.ellipse_2.ell_comps.ell_comps_0": -0.18003157350305804,
                        "ellipses.ellipse_2.ell_comps.ell_comps_1": 0.013622557492735452,
                        "multipoles.2.multipole_1.multipole_comps.multipole_comps_0": 0.016507345822728402,
                        "multipoles.2.multipole_1.multipole_comps.multipole_comps_1": 0.009936182773544648,
                        "multipoles.2.multipole_3.multipole_comps.multipole_comps_0": 0.01303013113126,
                        "multipoles.2.multipole_3.multipole_comps.multipole_comps_1": 0.011917046523087043,
                        "multipoles.2.multipole_4.multipole_comps.multipole_comps_0": 0.032077118529835955,
                        "multipoles.2.multipole_4.multipole_comps.multipole_comps_1": -0.0349502647199075,
                        "ellipses.ellipse_3.ell_comps.ell_comps_0": -0.20418607581944878,
                        "ellipses.ellipse_3.ell_comps.ell_comps_1": -0.02978559475313,
                        "multipoles.3.multipole_1.multipole_comps.multipole_comps_0": -0.04645823972011913,
                        "multipoles.3.multipole_1.multipole_comps.multipole_comps_1": -0.02322004406736,
                        "multipoles.3.multipole_3.multipole_comps.multipole_comps_0": -0.01200152193705,
                        "multipoles.3.multipole_3.multipole_comps.multipole_comps_1": 0.006724629449773602,
                        "multipoles.3.multipole_4.multipole_comps.multipole_comps_0": 0.017362040594294147,
                        "multipoles.3.multipole_4.multipole_comps.multipole_comps_1": -0.0719659863199287,
                        "ellipses.ellipse_4.ell_comps.ell_comps_0": -0.28780884948098,
                        "ellipses.ellipse_4.ell_comps.ell_comps_1": -0.013526317768434897,
                        "multipoles.4.multipole_1.multipole_comps.multipole_comps_0": 0.03595981009951014,
                        "multipoles.4.multipole_1.multipole_comps.multipole_comps_1": -0.0149991664636,
                        "multipoles.4.multipole_3.multipole_comps.multipole_comps_0": -0.06509788232825287,
                        "multipoles.4.multipole_3.multipole_comps.multipole_comps_1": 0.01885998719717005,
                        "multipoles.4.multipole_4.multipole_comps.multipole_comps_0": 0.00701571164647,
                        "multipoles.4.multipole_4.multipole_comps.multipole_comps_1": 0.02223066013771
                    }
                }
            }
        },
        "values_at_sigma_1": {
            "type": "list",
            "values": [
                {
                    "type": "tuple",
                    "values": [
                        -0.004051476102908341,
                        -0.0029710808179758868
                    ]
                },
                {
                    "type": "tuple",
                    "values": [
                        0.0022790415174698255,
                        0.003934003252654178
                    ]
                },
                {
                    "type": "tuple",
                    "values": [
                        -0.12495403402138,
                        -0.11869229915859894
                    ]
                },
                {
                    "type": "tuple",
                    "values": [
                        -0.004603890539412879,
                        0.004514894503900088
                    ]
                },
                {
                    "type": "tuple",
                    "values": [
                        0.0008568570043308621,
                        0.0022648721681055414
                    ]
                },
                {
                    "type": "tuple",
                    "values": [
                        -0.00313106595391,
                        -0.0008988660968503493
                    ]
                },
                {
                    "type": "tuple",
                    "values": [
                        -0.0033593658496912197,
                        0.00017100279457
                    ]
                },
                {
                    "type": "tuple",
                    "values": [
                        -0.00552486106006509,
                        -0.00308002362500936
                    ]
                },
                {
                    "type": "tuple",
                    "values": [
                        0.0004931747464171632,
                        0.00208047705825471
                    ]
                },
                {
                    "type": "tuple",
                    "values": [
                        -0.0047032072054884275,
                        -0.00248136455358866
                    ]
                },
                {
                    "type": "tuple",
                    "values": [
                        -0.22951760875652763,
                        -0.2250342008671425
                    ]
                },
                {
                    "type": "tuple",
                    "values": [
                        0.006654517799721121,
                        0.014175476626416512
                    ]
                },
                {
                    "type": "tuple",
                    "values": [
                        0.009401564191966255,
                        0.01540622119579
                    ]
                },
                {
                    "type": "tuple",
                    "values": [
                        -0.007207041893473006,
                        -0.00220702521007288
                    ]
                },
                {
                    "type": "tuple",
                    "values": [
                        -0.028861781041144,
                        -0.025868720371129427
                    ]
                },
                {
                    "type": "tuple",
                    "values": [
                        -0.01709258167802,
                        -0.01380645496291
                    ]
                },
                {
                    "type": "tuple",
                    "values": [
                        -0.0070449493784239476,
                        -0.0011636074172873484
                    ]
                },
                {
                    "type": "tuple",
                    "values": [
                        -0.03503539130795,
                        -0.02983452941641
                    ]
                },
                {
                    "type": "tuple",
                    "values": [
                        -0.1858024480816327,
                        -0.17531658052708
                    ]
                },
                {
                    "type": "tuple",
                    "values": [
                        0.01155493878313,
                        0.01664578581451
                    ]
                },
                {
                    "type": "tuple",
                    "values": [
                        0.012671347039537746,
                        0.019943404425265092
                    ]
                },
                {
                    "type": "tuple",
                    "values": [
                        0.006061185728041794,
                        0.01395525478334408
                    ]
                },
                {
                    "type": "tuple",
                    "values": [
                        0.010600389550767714,
                        0.01766671244415569
                    ]
                },
                {
                    "type": "tuple",
                    "values": [
                        0.009517097281492711,
                        0.015478156401242555
                    ]
                },
                {
                    "type": "tuple",
                    "values": [
                        0.03021461153623,
                        0.0360874589616344
                    ]
                },
                {
                    "type": "tuple",
                    "values": [
                        -0.037603627330832376,
                        -0.030744974654897488
                    ]
                },
                {
                    "type": "tuple",
                    "values": [
                        -0.22196641852840696,
                        -0.20135465074948
                    ]
                },
                {
                    "type": "tuple",
                    "values": [
                        -0.03296532189524385,
                        -0.02742853003312
                    ]
                },
                {
                    "type": "tuple",
                    "values": [
                        -0.051361704759454715,
                        -0.04249716912867
                    ]
                },
                {
                    "type": "tuple",
                    "values": [
                        -0.02813340061752,
                        -0.01779106961791
                    ]
                },
                {
                    "type": "tuple",
                    "values": [
                        -0.01643306664826819,
                        -0.009014279289144271
                    ]
                },
                {
                    "type": "tuple",
                    "values": [
                        0.00372926042872,
                        0.00938174790946
                    ]
                },
                {
                    "type": "tuple",
                    "values": [
                        0.013790474614958208,
                        0.019816886067487154
                    ]
                },
                {
                    "type": "tuple",
                    "values": [
                        -0.07512877757682598,
                        -0.0686539980598165
                    ]
                },
                {
                    "type": "tuple",
                    "values": [
                        -0.28905515176776214,
                        -0.2850808262059059
                    ]
                },
                {
                    "type": "tuple",
                    "values": [
                        -0.01703018727270701,
                        -0.011379411660901886
                    ]
                },
                {
                    "type": "tuple",
                    "values": [
                        0.03037029961125814,
                        0.04597253258137
                    ]
                },
                {
                    "type": "tuple",
                    "values": [
                        -0.020565738360652272,
                        -0.011382529863037468
                    ]
                },
                {
                    "type": "tuple",
                    "values": [
                        -0.06839946131276335,
                        -0.06145090419784638
                    ]
                },
                {
                    "type": "tuple",
                    "values": [
                        0.01505334899205176,
                        0.02161075164425253
                    ]
                },
                {
                    "type": "tuple",
                    "values": [
                        0.0054408251499036536,
                        0.00869864034133496
                    ]
                },
                {
                    "type": "tuple",
                    "values": [
                        0.019967089238675607,
                        0.02464552889528
                    ]
                }
            ]
        },
        "values_at_sigma_3": {
            "type": "list",
            "values": [
                {
                    "type": "tuple",
                    "values": [
                        -0.00582551416818,
                        -0.0018710456308770576
                    ]
                },
                {
                    "type": "tuple",
                    "values": [
                        0.0008705366304735094,
                        0.006269265210300108
                    ]
                },
                {
                    "type": "tuple",
                    "values": [
                        -0.13409447991412,
                        -0.11458740293363436
                    ]
                },
                {
                    "type": "tuple",
                    "values": [
                        -0.014131480028539341,
                        0.008839200876040508
                    ]
                },
                {
                    "type": "tuple",
                    "values": [
                        -0.00115086300543,
                        0.00472318956662312
                    ]
                },
                {
                    "type": "tuple",
                    "values": [
                        -0.0067631558696,
                        0.00032803433412635234
                    ]
                },
                {
                    "type": "tuple",
                    "values": [
                        -0.004809978178906296,
                        0.0035242229128955153
                    ]
                },
                {
                    "type": "tuple",
                    "values": [
                        -0.00815587289232,
                        -0.00125545639902
                    ]
                },
                {
                    "type": "tuple",
                    "values": [
                        -0.0031347275599524463,
                        0.0040324091947
                    ]
                },
                {
                    "type": "tuple",
                    "values": [
                        -0.007399725569985247,
                        -0.0007807499669470652
                    ]
                },
                {
                    "type": "tuple",
                    "values": [
                        -0.23488499601085958,
                        -0.21928790149261695
                    ]
                },
                {
                    "type": "tuple",
                    "values": [
                        0.00217717076970806,
                        0.02137476288979
                    ]
                },
                {
                    "type": "tuple",
                    "values": [
                        0.0044563907806334626,
                        0.02151746478671
                    ]
                },
                {
                    "type": "tuple",
                    "values": [
                        -0.01165799023532,
                        0.00213955196624
                    ]
                },
                {
                    "type": "tuple",
                    "values": [
                        -0.03359685081748926,
                        -0.02221476848038457
                    ]
                },
                {
                    "type": "tuple",
                    "values": [
                        -0.020960749766599788,
                        -0.009528415057720153
                    ]
                },
                {
                    "type": "tuple",
                    "values": [
                        -0.01507601629236,
                        0.006139233673701741
                    ]
                },
                {
                    "type": "tuple",
                    "values": [
                        -0.03868125040103,
                        -0.024798905947456273
                    ]
                },
                {
                    "type": "tuple",
                    "values": [
                        -0.20747836604617,
                        -0.16513992024253124
                    ]
                },
                {
                    "type": "tuple",
                    "values": [
                        0.006051747735210873,
                        0.02155333371995118
                    ]
                },
                {
                    "type": "tuple",
                    "values": [
                        0.006633549277575066,
                        0.025634938189847054
                    ]
                },
                {
                    "type": "tuple",
                    "values": [
                        -0.0077955636552803,
                        0.02058058687496
                    ]
                },
                {
                    "type": "tuple",
                    "values": [
                        0.0046562813257677365,
                        0.024688641403584555
                    ]
                },
                {
                    "type": "tuple",
                    "values": [
                        0.00316234572284,
                        0.02540348538054166
                    ]
                },
                {
                    "type": "tuple",
                    "values": [
                        0.02672686995634,
                        0.0438690638685
                    ]
                },
                {
                    "type": "tuple",
                    "values": [
                        -0.04438663961741839,
                        -0.02541847891406
                    ]
                },
                {
                    "type": "tuple",
                    "values": [
                        -0.22692467551786324,
                        -0.19164130774873525
                    ]
                },
                {
                    "type": "tuple",
                    "values": [
                        -0.042536074240477034,
                        -0.020342317786699343
                    ]
                },
                {
                    "type": "tuple",
                    "values": [
                        -0.06919572124812469,
                        -0.03176832882251063
                    ]
                },
                {
                    "type": "tuple",
                    "values": [
                        -0.04279146436263,
                        0.0020248317924068645
                    ]
                },
                {
                    "type": "tuple",
                    "values": [
                        -0.03011830492090761,
                        -0.0035730722670215
                    ]
                },
                {
                    "type": "tuple",
                    "values": [
                        -0.00921778488082,
                        0.017602172624588092
                    ]
                },
                {
                    "type": "tuple",
                    "values": [
                        0.0008385602442039274,
                        0.0263451366101
                    ]
                },
                {
                    "type": "tuple",
                    "values": [
                        -0.0893779888465,
                        -0.061800968980966244
                    ]
                },
                {
                    "type": "tuple",
                    "values": [
                        -0.293370741112829,
                        -0.25152353515174825
                    ]
                },
                {
                    "type": "tuple",
                    "values": [
                        -0.02718146994988,
                        -0.007139168258280417
                    ]
                },
                {
                    "type": "tuple",
                    "values": [
                        0.020885541522753234,
                        0.07716533703771
                    ]
                },
                {
                    "type": "tuple",
                    "values": [
                        -0.04216265247323,
                        -0.004239371287252861
                    ]
                },
                {
                    "type": "tuple",
                    "values": [
                        -0.07974278557563,
                        -0.04922865115479285
                    ]
                },
                {
                    "type": "tuple",
                    "values": [
                        0.00841828887118,
                        0.027972131294793125
                    ]
                },
                {
                    "type": "tuple",
                    "values": [
                        0.002482913984985196,
                        0.01378845723514
                    ]
                },
                {
                    "type": "tuple",
                    "values": [
                        0.01262175359847,
                        0.03333324343712145
                    ]
                }
            ]
        },
        "errors_at_sigma_1": {
            "type": "list",
            "values": [
                {
                    "type": "tuple",
                    "values": [
                        0.0006209457198981458,
                        0.0004594495650343082
                    ]
                },
                {
                    "type": "tuple",
                    "values": [
                        0.0006964689290038903,
                        0.0009584928061804623
                    ]
                },
                {
                    "type": "tuple",
                    "values": [
                        0.004070394350490003,
                        0.0021913405122910568
                    ]
                },
                {
                    "type": "tuple",
                    "values": [
                        0.00618504190027538,
                        0.002933743143037587
                    ]
                },
                {
                    "type": "tuple",
                    "values": [
                        0.0006334050560691378,
                        0.0007746101077055415
                    ]
                },
                {
                    "type": "tuple",
                    "values": [
                        0.0012899334196600002,
                        0.0009422664373996508
                    ]
                },
                {
                    "type": "tuple",
                    "values": [
                        0.0012415853533012198,
                        0.00228878329096
                    ]
                },
                {
                    "type": "tuple",
                    "values": [
                        0.0012695556831797978,
                        0.001175281751875932
                    ]
                },
                {
                    "type": "tuple",
                    "values": [
                        0.0009787540605628367,
                        0.00060854825127471
                    ]
                },
                {
                    "type": "tuple",
                    "values": [
                        0.0012741148130684275,
                        0.0009477278388313401
                    ]
                },
                {
                    "type": "tuple",
                    "values": [
                        0.002228219120129188,
                        0.002255188769255956
                    ]
                },
                {
                    "type": "tuple",
                    "values": [
                        0.003323325734629394,
                        0.004197633092065996
                    ]
                },
                {
                    "type": "tuple",
                    "values": [
                        0.002739746058123745,
                        0.0032649109457000003
                    ]
                },
                {
                    "type": "tuple",
                    "values": [
                        0.0024483021150210425,
                        0.002551714568379083
                    ]
                },
                {
                    "type": "tuple",
                    "values": [
                        0.0016096751353702997,
                        0.0013833855346442742
                    ]
                },
                {
                    "type": "tuple",
                    "values": [
                        0.0017318016472199996,
                        0.0015543250678900014
                    ]
                },
                {
                    "type": "tuple",
                    "values": [
                        0.0030230011451992016,
                        0.0028583408159373975
                    ]
                },
                {
                    "type": "tuple",
                    "values": [
                        0.0020889530106815712,
                        0.003111908880858428
                    ]
                },
                {
                    "type": "tuple",
                    "values": [
                        0.00577087457857467,
                        0.0047149929759780496
                    ]
                },
                {
                    "type": "tuple",
                    "values": [
                        0.002067618709605451,
                        0.003023228321774549
                    ]
                },
                {
                    "type": "tuple",
                    "values": [
                        0.0038359987831906566,
                        0.0034360586025366895
                    ]
                },
                {
                    "type": "tuple",
                    "values": [
                        0.0038749970455028548,
                        0.004019072009799432
                    ]
                },
                {
                    "type": "tuple",
                    "values": [
                        0.0024297415804922853,
                        0.004636581312895689
                    ]
                },
                {
                    "type": "tuple",
                    "values": [
                        0.0023999492415943315,
                        0.0035611098781555117
                    ]
                },
                {
                    "type": "tuple",
                    "values": [
                        0.0018625069936059543,
                        0.004010340431798445
                    ]
                },
                {
                    "type": "tuple",
                    "values": [
                        0.0026533626109248726,
                        0.004205290065010015
                    ]
                },
                {
                    "type": "tuple",
                    "values": [
                        0.017780342708958174,
                        0.0028314250699687793
                    ]
                },
                {
                    "type": "tuple",
                    "values": [
                        0.0031797271421138487,
                        0.002357064720010002
                    ]
                },
                {
                    "type": "tuple",
                    "values": [
                        0.004903465039335586,
                        0.00396107059144913
                    ]
                },
                {
                    "type": "tuple",
                    "values": [
                        0.004913356550159998,
                        0.005428974449450001
                    ]
                },
                {
                    "type": "tuple",
                    "values": [
                        0.004431544711218189,
                        0.0029872426479057284
                    ]
                },
                {
                    "type": "tuple",
                    "values": [
                        0.0029953690210536023,
                        0.0026571184596863974
                    ]
                },
                {
                    "type": "tuple",
                    "values": [
                        0.0035715659793359392,
                        0.0024548454731930063
                    ]
                },
                {
                    "type": "tuple",
                    "values": [
                        0.0031627912568972794,
                        0.0033119882601121975
                    ]
                },
                {
                    "type": "tuple",
                    "values": [
                        0.0012463022867821305,
                        0.0027280232750740985
                    ]
                },
                {
                    "type": "tuple",
                    "values": [
                        0.0035038695042721116,
                        0.0021469061075330108
                    ]
                },
                {
                    "type": "tuple",
                    "values": [
                        0.005589510488251997,
                        0.01001272248185986
                    ]
                },
                {
                    "type": "tuple",
                    "values": [
                        0.005566571897052272,
                        0.0036166366005625315
                    ]
                },
                {
                    "type": "tuple",
                    "values": [
                        0.0033015789845104865,
                        0.0036469781304064863
                    ]
                },
                {
                    "type": "tuple",
                    "values": [
                        0.0038066382051182898,
                        0.0027507644470824814
                    ]
                },
                {
                    "type": "tuple",
                    "values": [
                        0.0015748864965663464,
                        0.001682928694864961
                    ]
                },
                {
                    "type": "tuple",
                    "values": [
                        0.0022635708990343915,
                        0.0024148687575700004
                    ]
                }
            ]
        }
    }
}