{
    "type": "instance",
    "class_path": "autofit.non_linear.samples.summary.SamplesSummary",
    "arguments": {
        "model": null,
        "errors_at_sigma_3": {
            "type": "list",
            "values": [
                {
                    "type": "tuple",
                    "values": [
                        0.015694141938923267,
                        0.019299660656179288
                    ]
                },
                {
                    "type": "tuple",
                    "values": [
                        0.03600665182584645,
                        0.020086273892181327
                    ]
                }
            ]
        },
        "max_log_likelihood_sample": {
            "type": "instance",
            "class_path": "autofit.non_linear.samples.sample.Sample",
            "arguments": {
                "log_likelihood": -44.90134926192752,
                "log_prior": 0.0,
                "weight": 0.0009820927945098825,
                "kwargs": {
                    "type": "dict",
                    "arguments": {
                        "ellipses.0.ell_comps.ell_comps_0": -0.09904503264275,
                        "ellipses.0.ell_comps.ell_comps_1": -0.0072761102166
                    }
                }
            }
        },
        "log_evidence": -54.33268920246234,
        "median_pdf_sample": {
            "type": "instance",
            "class_path": "autofit.non_linear.samples.sample.Sample",
            "arguments": {
                "log_likelihood": -44.90134926192752,
                "log_prior": 0.0,
                "weight": 0.0009820927945098825,
                "kwargs": {
                    "type": "dict",
                    "arguments": {
                        "ellipses.0.ell_comps.ell_comps_0": -0.09824464307053682,
                        "ellipses.0.ell_comps.ell_comps_1": -0.020448750097104316
                    }
                }
            }
        },
        "values_at_sigma_3": {
            "type": "list",
            "values": [
                {
                    "type": "tuple",
                    "values": [
                        -0.11393878500946009,
                        -0.07894498241435753
                    ]
                },
                {
                    "type": "tuple",
                    "values": [
                        -0.05645540192295077,
                        -0.0003624762049229872
                    ]
                }
            ]
        },
        "errors_at_sigma_1": {
            "type": "list",
            "values": [
                {
                    "type": "tuple",
                    "values": [
                        0.0030182056273929253,
                        0.007015550468306819
                    ]
                },
                {
                    "type": "tuple",
                    "values": [
                        0.02603523792231568,
                        0.015648204262224318
                    ]
                }
            ]
        },
        "values_at_sigma_1": {
            "type": "list",
            "values": [
                {
                    "type": "tuple",
                    "values": [
                        -0.10126284869792974,
                        -0.09122909260223
                    ]
                },
                {
                    "type": "tuple",
                    "values": [
                        -0.04648398801942,
                        -0.00480054583488
                    ]
                }
            ]
        }
    }
}