{
    "type": "instance",
    "class_path": "autofit.non_linear.samples.summary.SamplesSummary",
    "arguments": {
        "log_evidence": -85.0838631573268,
        "errors_at_sigma_1": {
            "type": "list",
            "values": [
                {
                    "type": "tuple",
                    "values": [
                        0.0020080179506070245,
                        0.0019260371483329763
                    ]
                },
                {
                    "type": "tuple",
                    "values": [
                        0.0015956457536546453,
                        0.0014994462708636525
                    ]
                }
            ]
        },
        "values_at_sigma_1": {
            "type": "list",
            "values": [
                {
                    "type": "tuple",
                    "values": [
                        0.09367365535422,
                        0.09760771045316
                    ]
                },
                {
                    "type": "tuple",
                    "values": [
                        0.20647645478243534,
                        0.20957154680695364
                    ]
                }
            ]
        },
        "values_at_sigma_3": {
            "type": "list",
            "values": [
                {
                    "type": "tuple",
                    "values": [
                        0.08485786927025,
                        0.10138429852324982
                    ]
                },
                {
                    "type": "tuple",
                    "values": [
                        0.19898899957353117,
                        0.21439685461136
                    ]
                }
            ]
        },
        "errors_at_sigma_3": {
            "type": "list",
            "values": [
                {
                    "type": "tuple",
                    "values": [
                        0.010823804034577014,
                        0.005702625218422797
                    ]
                },
                {
                    "type": "tuple",
                    "values": [
                        0.009083100962558821,
                        0.0063247540752700004
                    ]
                }
            ]
        },
        "max_log_likelihood_sample": {
            "type": "instance",
            "class_path": "autofit.non_linear.samples.sample.Sample",
            "arguments": {
                "log_likelihood": -73.52778806289614,
                "log_prior": 0.0,
                "weight": 0.000988509107719656,
                "kwargs": {
                    "type": "dict",
                    "arguments": {
                        "ellipses.0.ell_comps.ell_comps_0": 0.09672510244657,
                        "ellipses.0.ell_comps.ell_comps_1": 0.20840380611615
                    }
                }
            }
        },
        "model": null,
        "median_pdf_sample": {
            "type": "instance",
            "class_path": "autofit.non_linear.samples.sample.Sample",
            "arguments": {
                "log_likelihood": -73.52778806289614,
                "log_prior": 0.0,
                "weight": 0.000988509107719656,
                "kwargs": {
                    "type": "dict",
                    "arguments": {
                        "ellipses.0.ell_comps.ell_comps_0": 0.09568167330482702,
                        "ellipses.0.ell_comps.ell_comps_1": 0.20807210053609
                    }
                }
            }
        }
    }
}