{
    "type": "instance",
    "class_path": "autofit.non_linear.samples.summary.SamplesSummary",
    "arguments": {
        "log_evidence": -34.86693879040658,
        "max_log_likelihood_sample": {
            "type": "instance",
            "class_path": "autofit.non_linear.samples.sample.Sample",
            "arguments": {
                "log_likelihood": -20.034306686332812,
                "log_prior": 0.0,
                "weight": 0.0010456361393907762,
                "kwargs": {
                    "type": "dict",
                    "arguments": {
                        "ellipses.0.ell_comps.ell_comps_0": -0.05604022170717,
                        "ellipses.0.ell_comps.ell_comps_1": 0.02258994051953,
                        "multipoles.0.multipole_3.multipole_comps.multipole_comps_0": -0.03139908055439,
                        "multipoles.0.multipole_3.multipole_comps.multipole_comps_1": -0.03074539420764,
                        "multipoles.0.multipole_4.multipole_comps.multipole_comps_0": -0.0149713671825,
                        "multipoles.0.multipole_4.multipole_comps.multipole_comps_1": -0.02592989444354
                    }
                }
            }
        },
        "errors_at_sigma_1": {
            "type": "list",
            "values": [
                {
                    "type": "tuple",
                    "values": [
                        0.010920354123016777,
                        0.012223808383658354
                    ]
                },
                {
                    "type": "tuple",
                    "values": [
                        0.008007533683540003,
                        0.01082366161824
                    ]
                },
                {
                    "type": "tuple",
                    "values": [
                        0.015673620722611824,
                        0.01522204709643277
                    ]
                },
                {
                    "type": "tuple",
                    "values": [
                        0.016041346014376328,
                        0.01798969547476413
                    ]
                },
                {
                    "type": "tuple",
                    "values": [
                        0.015789382348332295,
                        0.01786731720224714
                    ]
                },
                {
                    "type": "tuple",
                    "values": [
                        0.015827218679449886,
                        0.019652246756214138
                    ]
                }
            ]
        },
        "values_at_sigma_1": {
            "type": "list",
            "values": [
                {
                    "type": "tuple",
                    "values": [
                        -0.05336083825469499,
                        -0.030216675748019856
                    ]
                },
                {
                    "type": "tuple",
                    "values": [
                        0.02587158601269,
                        0.04470278131447
                    ]
                },
                {
                    "type": "tuple",
                    "values": [
                        -0.02599058916454,
                        0.004905078654504596
                    ]
                },
                {
                    "type": "tuple",
                    "values": [
                        -0.04330679279968633,
                        -0.009275751310545869
                    ]
                },
                {
                    "type": "tuple",
                    "values": [
                        -0.026706846851962295,
                        0.006949852698617138
                    ]
                },
                {
                    "type": "tuple",
                    "values": [
                        -0.02432689091376754,
                        0.011152574521896483
                    ]
                }
            ]
        },
        "values_at_sigma_3": {
            "type": "list",
            "values": [
                {
                    "type": "tuple",
                    "values": [
                        -0.06284255410768828,
                        -0.00758004655682
                    ]
                },
                {
                    "type": "tuple",
                    "values": [
                        0.00842682317776,
                        0.05518999945990181
                    ]
                },
                {
                    "type": "tuple",
                    "values": [
                        -0.06867805519342775,
                        0.03186708502803786
                    ]
                },
                {
                    "type": "tuple",
                    "values": [
                        -0.06870513867270023,
                        0.024892916755103304
                    ]
                },
                {
                    "type": "tuple",
                    "values": [
                        -0.06351003947194,
                        0.038330446720760726
                    ]
                },
                {
                    "type": "tuple",
                    "values": [
                        -0.05007958894149,
                        0.05515120295997378
                    ]
                }
            ]
        },
        "model": null,
        "median_pdf_sample": {
            "type": "instance",
            "class_path": "autofit.non_linear.samples.sample.Sample",
            "arguments": {
                "log_likelihood": -20.034306686332812,
                "log_prior": 0.0,
                "weight": 0.0010456361393907762,
                "kwargs": {
                    "type": "dict",
                    "arguments": {
                        "ellipses.0.ell_comps.ell_comps_0": -0.04244048413167821,
                        "ellipses.0.ell_comps.ell_comps_1": 0.03387911969623,
                        "multipoles.0.multipole_3.multipole_comps.multipole_comps_0": -0.010316968441928176,
                        "multipoles.0.multipole_3.multipole_comps.multipole_comps_1": -0.02726544678531,
                        "multipoles.0.multipole_4.multipole_comps.multipole_comps_0": -0.01091746450363,
                        "multipoles.0.multipole_4.multipole_comps.multipole_comps_1": -0.008499672234317655
                    }
                }
            }
        },
        "errors_at_sigma_3": {
            "type": "list",
            "values": [
                {
                    "type": "tuple",
                    "values": [
                        0.020402069976010073,
                        0.03486043757485821
                    ]
                },
                {
                    "type": "tuple",
                    "values": [
                        0.025452296518470002,
                        0.021310879763671804
                    ]
                },
                {
                    "type": "tuple",
                    "values": [
                        0.05836108675149957,
                        0.04218405346996604
                    ]
                },
                {
                    "type": "tuple",
                    "values": [
                        0.04143969188739023,
                        0.052158363540413304
                    ]
                },
                {
                    "type": "tuple",
                    "values": [
                        0.052592574968310005,
                        0.04924791122439073
                    ]
                },
                {
                    "type": "tuple",
                    "values": [
                        0.04157991670717234,
                        0.06365087519429144
                    ]
                }
            ]
        }
    }
}