{
    "type": "instance",
    "class_path": "autofit.non_linear.samples.summary.SamplesSummary",
    "arguments": {
        "values_at_sigma_1": {
            "type": "list",
            "values": [
                {
                    "type": "tuple",
                    "values": [
                        -0.12893022032880702,
                        -0.12143904013803
                    ]
                },
                {
                    "type": "tuple",
                    "values": [
                        0.11725410000689,
                        0.12618337312147
                    ]
                },
                {
                    "type": "tuple",
                    "values": [
                        -0.01582690748073,
                        -0.0041885351788
                    ]
                },
                {
                    "type": "tuple",
                    "values": [
                        -0.00539294758818399,
                        0.004633117457880074
                    ]
                },
                {
                    "type": "tuple",
                    "values": [
                        -0.024174900353169902,
                        -0.00844070028983
                    ]
                },
                {
                    "type": "tuple",
                    "values": [
                        -0.007029860759159813,
                        0.005991546545680124
                    ]
                }
            ]
        },
        "median_pdf_sample": {
            "type": "instance",
            "class_path": "autofit.non_linear.samples.sample.Sample",
            "arguments": {
                "log_likelihood": -24.093964602951942,
                "log_prior": 0.0,
                "weight": 0.0009787598551603918,
                "kwargs": {
                    "type": "dict",
                    "arguments": {
                        "ellipses.0.ell_comps.ell_comps_0": -0.1252624410277434,
                        "ellipses.0.ell_comps.ell_comps_1": 0.12184414987345922,
                        "multipoles.0.multipole_3.multipole_comps.multipole_comps_0": -0.010546384380528795,
                        "multipoles.0.multipole_3.multipole_comps.multipole_comps_1": -3.840944462367928e-05,
                        "multipoles.0.multipole_4.multipole_comps.multipole_comps_0": -0.016406074179542447,
                        "multipoles.0.multipole_4.multipole_comps.multipole_comps_1": -0.0009821656083501406
                    }
                }
            }
        },
        "max_log_likelihood_sample": {
            "type": "instance",
            "class_path": "autofit.non_linear.samples.sample.Sample",
            "arguments": {
                "log_likelihood": -24.093964602951942,
                "log_prior": 0.0,
                "weight": 0.0009787598551603918,
                "kwargs": {
                    "type": "dict",
                    "arguments": {
                        "ellipses.0.ell_comps.ell_comps_0": -0.12565509252684,
                        "ellipses.0.ell_comps.ell_comps_1": 0.12317448176536,
                        "multipoles.0.multipole_3.multipole_comps.multipole_comps_0": -0.0145275294751,
                        "multipoles.0.multipole_3.multipole_comps.multipole_comps_1": 0.00174567644748,
                        "multipoles.0.multipole_4.multipole_comps.multipole_comps_0": -0.01908713217179,
                        "multipoles.0.multipole_4.multipole_comps.multipole_comps_1": -0.00258593438381
                    }
                }
            }
        },
        "model": null,
        "errors_at_sigma_3": {
            "type": "list",
            "values": [
                {
                    "type": "tuple",
                    "values": [
                        0.010816851205887129,
                        0.0128883057977634
                    ]
                },
                {
                    "type": "tuple",
                    "values": [
                        0.0138380956133006,
                        0.014001505469210793
                    ]
                },
                {
                    "type": "tuple",
                    "values": [
                        0.014648253287434427,
                        0.019639333131132964
                    ]
                },
                {
                    "type": "tuple",
                    "values": [
                        0.016683668038916324,
                        0.016056254380156912
                    ]
                },
                {
                    "type": "tuple",
                    "values": [
                        0.023051304946908924,
                        0.0231842320926538
                    ]
                },
                {
                    "type": "tuple",
                    "values": [
                        0.017318092178884394,
                        0.024087387594460143
                    ]
                }
            ]
        },
        "log_evidence": -44.434856037235456,
        "values_at_sigma_3": {
            "type": "list",
            "values": [
                {
                    "type": "tuple",
                    "values": [
                        -0.13607929223363052,
                        -0.11237413522998
                    ]
                },
                {
                    "type": "tuple",
                    "values": [
                        0.10800605426015862,
                        0.13584565534267
                    ]
                },
                {
                    "type": "tuple",
                    "values": [
                        -0.025194637667963222,
                        0.009092948750604169
                    ]
                },
                {
                    "type": "tuple",
                    "values": [
                        -0.01672207748354,
                        0.016017844935533234
                    ]
                },
                {
                    "type": "tuple",
                    "values": [
                        -0.03945737912645137,
                        0.006778157913111355
                    ]
                },
                {
                    "type": "tuple",
                    "values": [
                        -0.018300257787234535,
                        0.02310522198611
                    ]
                }
            ]
        },
        "errors_at_sigma_1": {
            "type": "list",
            "values": [
                {
                    "type": "tuple",
                    "values": [
                        0.0036677793010636284,
                        0.003823400889713391
                    ]
                },
                {
                    "type": "tuple",
                    "values": [
                        0.004590049866569218,
                        0.004339223248010768
                    ]
                },
                {
                    "type": "tuple",
                    "values": [
                        0.005280523100201204,
                        0.006357849201728795
                    ]
                },
                {
                    "type": "tuple",
                    "values": [
                        0.00535453814356031,
                        0.004671526902503754
                    ]
                },
                {
                    "type": "tuple",
                    "values": [
                        0.007768826173627456,
                        0.007965373889712447
                    ]
                },
                {
                    "type": "tuple",
                    "values": [
                        0.0060476951508096725,
                        0.006973712154030264
                    ]
                }
            ]
        }
    }
}