{
    "type": "instance",
    "class_path": "autofit.non_linear.samples.summary.SamplesSummary",
    "arguments": {
        "log_evidence": -32.371834773867185,
        "values_at_sigma_3": {
            "type": "list",
            "values": [
                {
                    "type": "tuple",
                    "values": [
                        0.00094261790787,
                        0.023264206172410876
                    ]
                },
                {
                    "type": "tuple",
                    "values": [
                        -0.10415416103096375,
                        -0.08492773628253096
                    ]
                },
                {
                    "type": "tuple",
                    "values": [
                        -0.0006988175641828267,
                        0.00447456647427
                    ]
                },
                {
                    "type": "tuple",
                    "values": [
                        -0.003726064649537433,
                        0.00088577582584
                    ]
                },
                {
                    "type": "tuple",
                    "values": [
                        -0.004093587838859448,
                        0.00242271935043
                    ]
                },
                {
                    "type": "tuple",
                    "values": [
                        -0.00446968607566,
                        0.0019226304123820279
                    ]
                }
            ]
        },
        "errors_at_sigma_3": {
            "type": "list",
            "values": [
                {
                    "type": "tuple",
                    "values": [
                        0.01194056142574289,
                        0.010381026838797987
                    ]
                },
                {
                    "type": "tuple",
                    "values": [
                        0.009645902248062083,
                        0.009580522500370711
                    ]
                },
                {
                    "type": "tuple",
                    "values": [
                        0.0022759341699314104,
                        0.002897449868521416
                    ]
                },
                {
                    "type": "tuple",
                    "values": [
                        0.0023097310034712296,
                        0.0023021094719062035
                    ]
                },
                {
                    "type": "tuple",
                    "values": [
                        0.00313422623302906,
                        0.003382080956260388
                    ]
                },
                {
                    "type": "tuple",
                    "values": [
                        0.0032116067092369796,
                        0.003180709778805048
                    ]
                }
            ]
        },
        "median_pdf_sample": {
            "type": "instance",
            "class_path": "autofit.non_linear.samples.sample.Sample",
            "arguments": {
                "log_likelihood": -4.4035458502832565,
                "log_prior": 0.0,
                "weight": 0.0010258464612118996,
                "kwargs": {
                    "type": "dict",
                    "arguments": {
                        "ellipses.0.ell_comps.ell_comps_0": 0.012883179333612889,
                        "ellipses.0.ell_comps.ell_comps_1": -0.09450825878290167,
                        "multipoles.0.multipole_3.multipole_comps.multipole_comps_0": 0.0015771166057485838,
                        "multipoles.0.multipole_3.multipole_comps.multipole_comps_1": -0.0014163336460662032,
                        "multipoles.0.multipole_4.multipole_comps.multipole_comps_0": -0.0009593616058303882,
                        "multipoles.0.multipole_4.multipole_comps.multipole_comps_1": -0.0012580793664230202
                    }
                }
            }
        },
        "errors_at_sigma_1": {
            "type": "list",
            "values": [
                {
                    "type": "tuple",
                    "values": [
                        0.003343346566231869,
                        0.0037375309918727534
                    ]
                },
                {
                    "type": "tuple",
                    "values": [
                        0.003040386579874932,
                        0.00322418220204386
                    ]
                },
                {
                    "type": "tuple",
                    "values": [
                        0.0008711145007147045,
                        0.0008827383753814164
                    ]
                },
                {
                    "type": "tuple",
                    "values": [
                        0.0008275502730898084,
                        0.0008096566626530348
                    ]
                },
                {
                    "type": "tuple",
                    "values": [
                        0.0011713066670416008,
                        0.0010906505221499475
                    ]
                },
                {
                    "type": "tuple",
                    "values": [
                        0.001112579611786556,
                        0.0010497159757376427
                    ]
                }
            ]
        },
        "model": null,
        "max_log_likelihood_sample": {
            "type": "instance",
            "class_path": "autofit.non_linear.samples.sample.Sample",
            "arguments": {
                "log_likelihood": -4.4035458502832565,
                "log_prior": 0.0,
                "weight": 0.0010258464612118996,
                "kwargs": {
                    "type": "dict",
                    "arguments": {
                        "ellipses.0.ell_comps.ell_comps_0": 0.01393536191135,
                        "ellipses.0.ell_comps.ell_comps_1": -0.09459504291301,
                        "multipoles.0.multipole_3.multipole_comps.multipole_comps_0": 0.00173853091043,
                        "multipoles.0.multipole_3.multipole_comps.multipole_comps_1": -0.00133895486653,
                        "multipoles.0.multipole_4.multipole_comps.multipole_comps_0": -0.00122304273194,
                        "multipoles.0.multipole_4.multipole_comps.multipole_comps_1": -0.00084161713754
                    }
                }
            }
        },
        "values_at_sigma_1": {
            "type": "list",
            "values": [
                {
                    "type": "tuple",
                    "values": [
                        0.00953983276738102,
                        0.016620710325485642
                    ]
                },
                {
                    "type": "tuple",
                    "values": [
                        -0.0975486453627766,
                        -0.09128407658085781
                    ]
                },
                {
                    "type": "tuple",
                    "values": [
                        0.0007060021050338793,
                        0.00245985498113
                    ]
                },
                {
                    "type": "tuple",
                    "values": [
                        -0.0022438839191560116,
                        -0.0006066769834131684
                    ]
                },
                {
                    "type": "tuple",
                    "values": [
                        -0.002130668272871989,
                        0.00013128891631955923
                    ]
                },
                {
                    "type": "tuple",
                    "values": [
                        -0.002370658978209576,
                        -0.00020836339068537756
                    ]
                }
            ]
        }
    }
}