{
    "type": "instance",
    "class_path": "autofit.non_linear.samples.summary.SamplesSummary",
    "arguments": {
        "log_evidence": -99.9301252440215,
        "errors_at_sigma_1": {
            "type": "list",
            "values": [
                {
                    "type": "tuple",
                    "values": [
                        0.002354320973620011,
                        0.002877281487897773
                    ]
                },
                {
                    "type": "tuple",
                    "values": [
                        0.0020319895760738532,
                        0.004899507443357834
                    ]
                },
                {
                    "type": "tuple",
                    "values": [
                        0.03724544108647619,
                        0.013228408154248273
                    ]
                },
                {
                    "type": "tuple",
                    "values": [
                        0.007243090377370004,
                        0.014357568292612477
                    ]
                },
                {
                    "type": "tuple",
                    "values": [
                        0.008678797809992249,
                        0.033224426458658946
                    ]
                },
                {
                    "type": "tuple",
                    "values": [
                        0.008054022522440401,
                        0.010117400804377754
                    ]
                }
            ]
        },
        "values_at_sigma_1": {
            "type": "list",
            "values": [
                {
                    "type": "tuple",
                    "values": [
                        0.08062838378413,
                        0.08585998624564778
                    ]
                },
                {
                    "type": "tuple",
                    "values": [
                        0.11413791300220615,
                        0.12106941002163783
                    ]
                },
                {
                    "type": "tuple",
                    "values": [
                        -0.025811593219436036,
                        0.024662256021288426
                    ]
                },
                {
                    "type": "tuple",
                    "values": [
                        -0.085823577693,
                        -0.06422291902301752
                    ]
                },
                {
                    "type": "tuple",
                    "values": [
                        -0.06144710610871225,
                        -0.019543881840061055
                    ]
                },
                {
                    "type": "tuple",
                    "values": [
                        -0.0239040929081904,
                        -0.005732669581372245
                    ]
                }
            ]
        },
        "max_log_likelihood_sample": {
            "type": "instance",
            "class_path": "autofit.non_linear.samples.sample.Sample",
            "arguments": {
                "log_likelihood": -79.47449517294075,
                "log_prior": 0.0,
                "weight": 0.0010429199401345546,
                "kwargs": {
                    "type": "dict",
                    "arguments": {
                        "ellipses.0.ell_comps.ell_comps_0": 0.08294793500382,
                        "ellipses.0.ell_comps.ell_comps_1": 0.11495754722525,
                        "multipoles.0.multipole_3.multipole_comps.multipole_comps_0": 0.01773508528739,
                        "multipoles.0.multipole_3.multipole_comps.multipole_comps_1": -0.08038885209116,
                        "multipoles.0.multipole_4.multipole_comps.multipole_comps_0": -0.05459018585896,
                        "multipoles.0.multipole_4.multipole_comps.multipole_comps_1": -0.01953075346442
                    }
                }
            }
        },
        "model": null,
        "values_at_sigma_3": {
            "type": "list",
            "values": [
                {
                    "type": "tuple",
                    "values": [
                        0.07721362356694159,
                        0.09626372164218
                    ]
                },
                {
                    "type": "tuple",
                    "values": [
                        0.10869231636265,
                        0.12787003613449346
                    ]
                },
                {
                    "type": "tuple",
                    "values": [
                        -0.05159540319291,
                        0.040665852456643115
                    ]
                },
                {
                    "type": "tuple",
                    "values": [
                        -0.09678360583818213,
                        -0.02379701582479257
                    ]
                },
                {
                    "type": "tuple",
                    "values": [
                        -0.08328452671714585,
                        0.011848809136653173
                    ]
                },
                {
                    "type": "tuple",
                    "values": [
                        -0.045670876118326875,
                        0.016445573451196065
                    ]
                }
            ]
        },
        "errors_at_sigma_3": {
            "type": "list",
            "values": [
                {
                    "type": "tuple",
                    "values": [
                        0.00576908119080842,
                        0.013281016884429994
                    ]
                },
                {
                    "type": "tuple",
                    "values": [
                        0.007477586215629994,
                        0.011700133556213466
                    ]
                },
                {
                    "type": "tuple",
                    "values": [
                        0.06302925105995015,
                        0.029232004589602963
                    ]
                },
                {
                    "type": "tuple",
                    "values": [
                        0.01820311852255213,
                        0.054783471490837427
                    ]
                },
                {
                    "type": "tuple",
                    "values": [
                        0.030516218418425854,
                        0.06461711743537317
                    ]
                },
                {
                    "type": "tuple",
                    "values": [
                        0.029820805732576876,
                        0.03229564383694607
                    ]
                }
            ]
        },
        "median_pdf_sample": {
            "type": "instance",
            "class_path": "autofit.non_linear.samples.sample.Sample",
            "arguments": {
                "log_likelihood": -79.47449517294075,
                "log_prior": 0.0,
                "weight": 0.0010429199401345546,
                "kwargs": {
                    "type": "dict",
                    "arguments": {
                        "ellipses.0.ell_comps.ell_comps_0": 0.08298270475775,
                        "ellipses.0.ell_comps.ell_comps_1": 0.11616990257828,
                        "multipoles.0.multipole_3.multipole_comps.multipole_comps_0": 0.011433847867040154,
                        "multipoles.0.multipole_3.multipole_comps.multipole_comps_1": -0.07858048731563,
                        "multipoles.0.multipole_4.multipole_comps.multipole_comps_0": -0.05276830829872,
                        "multipoles.0.multipole_4.multipole_comps.multipole_comps_1": -0.01585007038575
                    }
                }
            }
        }
    }
}