{
    "type": "instance",
    "class_path": "autofit.non_linear.samples.summary.SamplesSummary",
    "arguments": {
        "values_at_sigma_3": {
            "type": "list",
            "values": [
                {
                    "type": "tuple",
                    "values": [
                        0.1045159621105462,
                        0.1203521851289
                    ]
                },
                {
                    "type": "tuple",
                    "values": [
                        -0.12394983367912854,
                        -0.09896481864751
                    ]
                },
                {
                    "type": "tuple",
                    "values": [
                        -0.024180965544802667,
                        0.016795831605065155
                    ]
                },
                {
                    "type": "tuple",
                    "values": [
                        -0.03005463075157,
                        0.016496751574814297
                    ]
                },
                {
                    "type": "tuple",
                    "values": [
                        -0.02462625747974,
                        0.025577007472918294
                    ]
                },
                {
                    "type": "tuple",
                    "values": [
                        -0.01145849293919,
                        0.047079490065680636
                    ]
                }
            ]
        },
        "model": null,
        "median_pdf_sample": {
            "type": "instance",
            "class_path": "autofit.non_linear.samples.sample.Sample",
            "arguments": {
                "log_likelihood": -25.748261455522275,
                "log_prior": 0.0,
                "weight": 0.001018719459953239,
                "kwargs": {
                    "type": "dict",
                    "arguments": {
                        "ellipses.0.ell_comps.ell_comps_0": 0.11197577044566,
                        "ellipses.0.ell_comps.ell_comps_1": -0.11149556700244441,
                        "multipoles.0.multipole_3.multipole_comps.multipole_comps_0": -0.00284266999079,
                        "multipoles.0.multipole_3.multipole_comps.multipole_comps_1": -0.0087576990104,
                        "multipoles.0.multipole_4.multipole_comps.multipole_comps_0": -0.00021460469873042678,
                        "multipoles.0.multipole_4.multipole_comps.multipole_comps_1": 0.018845598286555396
                    }
                }
            }
        },
        "log_evidence": -45.22224359163287,
        "errors_at_sigma_3": {
            "type": "list",
            "values": [
                {
                    "type": "tuple",
                    "values": [
                        0.007459808335113796,
                        0.008376414683240005
                    ]
                },
                {
                    "type": "tuple",
                    "values": [
                        0.012454266676684131,
                        0.01253074835493441
                    ]
                },
                {
                    "type": "tuple",
                    "values": [
                        0.021338295554012666,
                        0.019638501595855156
                    ]
                },
                {
                    "type": "tuple",
                    "values": [
                        0.02129693174117,
                        0.0252544505852143
                    ]
                },
                {
                    "type": "tuple",
                    "values": [
                        0.024411652781009572,
                        0.02579161217164872
                    ]
                },
                {
                    "type": "tuple",
                    "values": [
                        0.030304091225745396,
                        0.02823389177912524
                    ]
                }
            ]
        },
        "values_at_sigma_1": {
            "type": "list",
            "values": [
                {
                    "type": "tuple",
                    "values": [
                        0.10787482579287734,
                        0.11499777399939
                    ]
                },
                {
                    "type": "tuple",
                    "values": [
                        -0.11521712247786024,
                        -0.10757376132617734
                    ]
                },
                {
                    "type": "tuple",
                    "values": [
                        -0.01048640962809284,
                        0.00405198783648
                    ]
                },
                {
                    "type": "tuple",
                    "values": [
                        -0.015337048224423454,
                        -0.001231146940310596
                    ]
                },
                {
                    "type": "tuple",
                    "values": [
                        -0.008379424340057394,
                        0.009550984037891367
                    ]
                },
                {
                    "type": "tuple",
                    "values": [
                        0.0077126428454,
                        0.02931472981334
                    ]
                }
            ]
        },
        "max_log_likelihood_sample": {
            "type": "instance",
            "class_path": "autofit.non_linear.samples.sample.Sample",
            "arguments": {
                "log_likelihood": -25.748261455522275,
                "log_prior": 0.0,
                "weight": 0.001018719459953239,
                "kwargs": {
                    "type": "dict",
                    "arguments": {
                        "ellipses.0.ell_comps.ell_comps_0": 0.11091314079246,
                        "ellipses.0.ell_comps.ell_comps_1": -0.11163064008533,
                        "multipoles.0.multipole_3.multipole_comps.multipole_comps_0": -0.00388020129319,
                        "multipoles.0.multipole_3.multipole_comps.multipole_comps_1": -0.00807179689974,
                        "multipoles.0.multipole_4.multipole_comps.multipole_comps_0": 0.00091773621576,
                        "multipoles.0.multipole_4.multipole_comps.multipole_comps_1": 0.02002211951845
                    }
                }
            }
        },
        "errors_at_sigma_1": {
            "type": "list",
            "values": [
                {
                    "type": "tuple",
                    "values": [
                        0.0041009446527826565,
                        0.0030220035537300016
                    ]
                },
                {
                    "type": "tuple",
                    "values": [
                        0.003721555475415833,
                        0.0039218056762670706
                    ]
                },
                {
                    "type": "tuple",
                    "values": [
                        0.007643739637302841,
                        0.006894657827269999
                    ]
                },
                {
                    "type": "tuple",
                    "values": [
                        0.006579349214023455,
                        0.007526552070089404
                    ]
                },
                {
                    "type": "tuple",
                    "values": [
                        0.008164819641326967,
                        0.009765588736621793
                    ]
                },
                {
                    "type": "tuple",
                    "values": [
                        0.011132955441155397,
                        0.010469131526784605
                    ]
                }
            ]
        }
    }
}