{
    "type": "instance",
    "class_path": "autofit.non_linear.samples.summary.SamplesSummary",
    "arguments": {
        "values_at_sigma_3": {
            "type": "list",
            "values": [
                {
                    "type": "tuple",
                    "values": [
                        0.05393350765021507,
                        0.07123346960748
                    ]
                },
                {
                    "type": "tuple",
                    "values": [
                        -0.05570636416086885,
                        -0.039410382708519334
                    ]
                },
                {
                    "type": "tuple",
                    "values": [
                        -0.00302357218821,
                        0.0010460430486467947
                    ]
                },
                {
                    "type": "tuple",
                    "values": [
                        -0.00147525304024,
                        0.002426814204354404
                    ]
                },
                {
                    "type": "tuple",
                    "values": [
                        -0.0011817818196,
                        0.004048290546456453
                    ]
                },
                {
                    "type": "tuple",
                    "values": [
                        -0.002769670828459741,
                        0.0026725758926020465
                    ]
                }
            ]
        },
        "model": null,
        "median_pdf_sample": {
            "type": "instance",
            "class_path": "autofit.non_linear.samples.sample.Sample",
            "arguments": {
                "log_likelihood": -4.914782075394677,
                "log_prior": 0.0,
                "weight": 0.0010241441763231278,
                "kwargs": {
                    "type": "dict",
                    "arguments": {
                        "ellipses.0.ell_comps.ell_comps_0": 0.06210777596073,
                        "ellipses.0.ell_comps.ell_comps_1": -0.047556324564977326,
                        "multipoles.0.multipole_3.multipole_comps.multipole_comps_0": -0.0008494251050992463,
                        "multipoles.0.multipole_3.multipole_comps.multipole_comps_1": 0.00038081352390213443,
                        "multipoles.0.multipole_4.multipole_comps.multipole_comps_0": 0.00140426268023,
                        "multipoles.0.multipole_4.multipole_comps.multipole_comps_1": 5.699958191765067e-05
                    }
                }
            }
        },
        "log_evidence": -33.16031506359315,
        "errors_at_sigma_3": {
            "type": "list",
            "values": [
                {
                    "type": "tuple",
                    "values": [
                        0.008174268310514932,
                        0.009125693646750005
                    ]
                },
                {
                    "type": "tuple",
                    "values": [
                        0.008150039595891521,
                        0.008145941856457992
                    ]
                },
                {
                    "type": "tuple",
                    "values": [
                        0.002174147083110754,
                        0.001895468153746041
                    ]
                },
                {
                    "type": "tuple",
                    "values": [
                        0.0018560665641421344,
                        0.0020460006804522693
                    ]
                },
                {
                    "type": "tuple",
                    "values": [
                        0.0025860444998300003,
                        0.0026440278662264536
                    ]
                },
                {
                    "type": "tuple",
                    "values": [
                        0.0028266704103773917,
                        0.002615576310684396
                    ]
                }
            ]
        },
        "values_at_sigma_1": {
            "type": "list",
            "values": [
                {
                    "type": "tuple",
                    "values": [
                        0.05892102313229058,
                        0.06531974271348613
                    ]
                },
                {
                    "type": "tuple",
                    "values": [
                        -0.05051505419495,
                        -0.04460190378385
                    ]
                },
                {
                    "type": "tuple",
                    "values": [
                        -0.00159746701126,
                        -0.00018896927830499327
                    ]
                },
                {
                    "type": "tuple",
                    "values": [
                        -0.0003066625682563961,
                        0.001057125818942107
                    ]
                },
                {
                    "type": "tuple",
                    "values": [
                        0.00056217387802,
                        0.0022935703135403755
                    ]
                },
                {
                    "type": "tuple",
                    "values": [
                        -0.00096002272463,
                        0.0009568369624598553
                    ]
                }
            ]
        },
        "max_log_likelihood_sample": {
            "type": "instance",
            "class_path": "autofit.non_linear.samples.sample.Sample",
            "arguments": {
                "log_likelihood": -4.914782075394677,
                "log_prior": 0.0,
                "weight": 0.0010241441763231278,
                "kwargs": {
                    "type": "dict",
                    "arguments": {
                        "ellipses.0.ell_comps.ell_comps_0": 0.06317000976956,
                        "ellipses.0.ell_comps.ell_comps_1": -0.04833943850211,
                        "multipoles.0.multipole_3.multipole_comps.multipole_comps_0": -0.00116502292786,
                        "multipoles.0.multipole_3.multipole_comps.multipole_comps_1": 4.109452017e-05,
                        "multipoles.0.multipole_4.multipole_comps.multipole_comps_0": 0.00171495601856,
                        "multipoles.0.multipole_4.multipole_comps.multipole_comps_1": 0.00020185993404
                    }
                }
            }
        },
        "errors_at_sigma_1": {
            "type": "list",
            "values": [
                {
                    "type": "tuple",
                    "values": [
                        0.0031867528284394223,
                        0.003211966752756132
                    ]
                },
                {
                    "type": "tuple",
                    "values": [
                        0.0029587296299726715,
                        0.0029544207811273288
                    ]
                },
                {
                    "type": "tuple",
                    "values": [
                        0.0007480419061607538,
                        0.000660455826794253
                    ]
                },
                {
                    "type": "tuple",
                    "values": [
                        0.0006874760921585306,
                        0.0006763122950399726
                    ]
                },
                {
                    "type": "tuple",
                    "values": [
                        0.00084208880221,
                        0.0008893076333103755
                    ]
                },
                {
                    "type": "tuple",
                    "values": [
                        0.0010170223065476508,
                        0.0008998373805422046
                    ]
                }
            ]
        }
    }
}