{
    "data_name": "J0755+3445",
    "redshift_lens": 0.7224,
    "redshift_source": 2.6347,
    "velocity_dispersion": 272,
    "velocity_dispersion_error": 52,
    "slope_ritondale_map": 1.898,
    "slope_ritondale_multinest": 1.834,
    "slope_ritondale_error": 0.01,
    "r_dev": 0.27,
    "r_eff": 2.89,
    "slope": 1.72,
    "slope_err": 0.28,
    "r_ein": 2.05,
    "PA": 105,
    "q_SIE": 0.494,
    "dRA": 0.07,
    "dDEC": -0.16,
    "subhalo_grid_dimensions_arcsec": 4.0,
    "mask_inner_radius": 0.8,
    "mask_outer_radius": 4.0,
    "scaled_annular": 1,
    "detect_delaunay": 0,
    "bpl_source_mask": 0,
    "mask_circular_radii": 4.0
}