{
    "type": "instance",
    "class_path": "autofit.non_linear.samples.summary.SamplesSummary",
    "arguments": {
        "max_log_likelihood_sample": {
            "type": "instance",
            "class_path": "autofit.non_linear.samples.sample.Sample",
            "arguments": {
                "log_likelihood": -32.88155804747887,
                "log_prior": 0.0,
                "weight": 0.001053690409921499,
                "kwargs": {
                    "type": "dict",
                    "arguments": {
                        "ellipses.0.ell_comps.ell_comps_0": -0.00628817139482,
                        "ellipses.0.ell_comps.ell_comps_1": -0.01771090234916,
                        "multipoles.0.multipole_3.multipole_comps.multipole_comps_0": -0.00227048082036,
                        "multipoles.0.multipole_3.multipole_comps.multipole_comps_1": -0.0088586101693,
                        "multipoles.0.multipole_4.multipole_comps.multipole_comps_0": -0.02445138806034,
                        "multipoles.0.multipole_4.multipole_comps.multipole_comps_1": 0.09753287592894
                    }
                }
            }
        },
        "values_at_sigma_1": {
            "type": "list",
            "values": [
                {
                    "type": "tuple",
                    "values": [
                        -0.006169234371935873,
                        0.0001298249777620072
                    ]
                },
                {
                    "type": "tuple",
                    "values": [
                        -0.021120549255714938,
                        -0.016737888308566904
                    ]
                },
                {
                    "type": "tuple",
                    "values": [
                        -0.01876533923697766,
                        0.017167371114440083
                    ]
                },
                {
                    "type": "tuple",
                    "values": [
                        -0.00988758622269,
                        0.044562112135128264
                    ]
                },
                {
                    "type": "tuple",
                    "values": [
                        -0.02615831747491064,
                        0.028375841910740805
                    ]
                },
                {
                    "type": "tuple",
                    "values": [
                        0.05273263044593707,
                        0.09131645535450496
                    ]
                }
            ]
        },
        "errors_at_sigma_1": {
            "type": "list",
            "values": [
                {
                    "type": "tuple",
                    "values": [
                        0.0035076407838983965,
                        0.0027914185657994836
                    ]
                },
                {
                    "type": "tuple",
                    "values": [
                        0.002537631136553288,
                        0.0018450298105947456
                    ]
                },
                {
                    "type": "tuple",
                    "values": [
                        0.021304194597130472,
                        0.014628515754287268
                    ]
                },
                {
                    "type": "tuple",
                    "values": [
                        0.024927961542030003,
                        0.029521736815788263
                    ]
                },
                {
                    "type": "tuple",
                    "values": [
                        0.025868941476110397,
                        0.028665217909541046
                    ]
                },
                {
                    "type": "tuple",
                    "values": [
                        0.021730173873083708,
                        0.016853651035484182
                    ]
                }
            ]
        },
        "values_at_sigma_3": {
            "type": "list",
            "values": [
                {
                    "type": "tuple",
                    "values": [
                        -0.07148925099078,
                        0.013016454173757313
                    ]
                },
                {
                    "type": "tuple",
                    "values": [
                        -0.03078709806581,
                        0.10449237625878278
                    ]
                },
                {
                    "type": "tuple",
                    "values": [
                        -0.09210194647304,
                        0.07682245111085
                    ]
                },
                {
                    "type": "tuple",
                    "values": [
                        -0.09257710543083,
                        0.07570023824225239
                    ]
                },
                {
                    "type": "tuple",
                    "values": [
                        -0.08425049526328166,
                        0.09926621236282
                    ]
                },
                {
                    "type": "tuple",
                    "values": [
                        -0.09183526087563033,
                        0.09966408739406
                    ]
                }
            ]
        },
        "errors_at_sigma_3": {
            "type": "list",
            "values": [
                {
                    "type": "tuple",
                    "values": [
                        0.06882765740274253,
                        0.015678047761794787
                    ]
                },
                {
                    "type": "tuple",
                    "values": [
                        0.012204179946648349,
                        0.12307529437794443
                    ]
                },
                {
                    "type": "tuple",
                    "values": [
                        0.09464080183319282,
                        0.07428359575069718
                    ]
                },
                {
                    "type": "tuple",
                    "values": [
                        0.10761748075017,
                        0.06065986292291239
                    ]
                },
                {
                    "type": "tuple",
                    "values": [
                        0.08396111926448141,
                        0.09955558836162025
                    ]
                },
                {
                    "type": "tuple",
                    "values": [
                        0.16629806519465112,
                        0.02520128307503923
                    ]
                }
            ]
        },
        "log_evidence": -50.35378140633559,
        "model": null,
        "median_pdf_sample": {
            "type": "instance",
            "class_path": "autofit.non_linear.samples.sample.Sample",
            "arguments": {
                "log_likelihood": -32.88155804747887,
                "log_prior": 0.0,
                "weight": 0.001053690409921499,
                "kwargs": {
                    "type": "dict",
                    "arguments": {
                        "ellipses.0.ell_comps.ell_comps_0": -0.002661593588037476,
                        "ellipses.0.ell_comps.ell_comps_1": -0.01858291811916165,
                        "multipoles.0.multipole_3.multipole_comps.multipole_comps_0": 0.0025388553601528147,
                        "multipoles.0.multipole_3.multipole_comps.multipole_comps_1": 0.01504037531934,
                        "multipoles.0.multipole_4.multipole_comps.multipole_comps_0": -0.0002893759988002417,
                        "multipoles.0.multipole_4.multipole_comps.multipole_comps_1": 0.07446280431902078
                    }
                }
            }
        }
    }
}