{
    "type": "instance",
    "class_path": "autofit.non_linear.samples.summary.SamplesSummary",
    "arguments": {
        "log_evidence": -238.24812514831578,
        "values_at_sigma_3": {
            "type": "list",
            "values": [
                {
                    "type": "tuple",
                    "values": [
                        -0.0035593992767185235,
                        0.00019854603575
                    ]
                },
                {
                    "type": "tuple",
                    "values": [
                        -0.0023754166261863267,
                        0.000234396771
                    ]
                },
                {
                    "type": "tuple",
                    "values": [
                        0.00277140216347,
                        0.018719435246567336
                    ]
                },
                {
                    "type": "tuple",
                    "values": [
                        -0.10241218637373,
                        -0.08912037877432
                    ]
                },
                {
                    "type": "tuple",
                    "values": [
                        -0.0010358317632123387,
                        0.0036905476779840398
                    ]
                },
                {
                    "type": "tuple",
                    "values": [
                        -0.004018219052469053,
                        0.00131024128891
                    ]
                },
                {
                    "type": "tuple",
                    "values": [
                        -0.002896896770479082,
                        0.002097715476777591
                    ]
                },
                {
                    "type": "tuple",
                    "values": [
                        -0.0028655203662673514,
                        0.00147133194172346
                    ]
                },
                {
                    "type": "tuple",
                    "values": [
                        0.015156206421639245,
                        0.03432382207003
                    ]
                },
                {
                    "type": "tuple",
                    "values": [
                        -0.145502366325158,
                        -0.12781201621276
                    ]
                },
                {
                    "type": "tuple",
                    "values": [
                        -0.008773788918136374,
                        0.0060206751052226
                    ]
                },
                {
                    "type": "tuple",
                    "values": [
                        -0.01023956930162306,
                        0.002276995181777225
                    ]
                },
                {
                    "type": "tuple",
                    "values": [
                        0.00457564008468023,
                        0.02258737224223
                    ]
                },
                {
                    "type": "tuple",
                    "values": [
                        -0.005310417312212449,
                        0.01059782688269783
                    ]
                },
                {
                    "type": "tuple",
                    "values": [
                        -0.00351386251415,
                        0.02116242780821
                    ]
                },
                {
                    "type": "tuple",
                    "values": [
                        -0.10923250648346938,
                        -0.09738080454382665
                    ]
                },
                {
                    "type": "tuple",
                    "values": [
                        -0.027089689435676204,
                        0.008678265617974268
                    ]
                },
                {
                    "type": "tuple",
                    "values": [
                        -0.036558547780885714,
                        0.00213422361299
                    ]
                },
                {
                    "type": "tuple",
                    "values": [
                        -0.01894453765254457,
                        0.03113020993256351
                    ]
                },
                {
                    "type": "tuple",
                    "values": [
                        -0.02775268823680564,
                        0.01391137950624
                    ]
                },
                {
                    "type": "tuple",
                    "values": [
                        -0.006208528189347135,
                        0.028272397811189866
                    ]
                },
                {
                    "type": "tuple",
                    "values": [
                        -0.15839537383041835,
                        -0.1207087006791586
                    ]
                },
                {
                    "type": "tuple",
                    "values": [
                        -0.056991861628780414,
                        0.02419445831210931
                    ]
                },
                {
                    "type": "tuple",
                    "values": [
                        -0.014899633820930435,
                        0.05682679164448
                    ]
                },
                {
                    "type": "tuple",
                    "values": [
                        -0.014270945919037836,
                        0.08554532643534
                    ]
                },
                {
                    "type": "tuple",
                    "values": [
                        -0.09305422484799575,
                        0.02371828836509
                    ]
                },
                {
                    "type": "tuple",
                    "values": [
                        -0.05059631042546,
                        -0.02934028705778
                    ]
                },
                {
                    "type": "tuple",
                    "values": [
                        -0.18232124092644394,
                        -0.17225219119506
                    ]
                },
                {
                    "type": "tuple",
                    "values": [
                        -0.04254428884442,
                        0.008578107797106082
                    ]
                },
                {
                    "type": "tuple",
                    "values": [
                        -0.06491333119659,
                        0.01476116240493831
                    ]
                },
                {
                    "type": "tuple",
                    "values": [
                        0.032187137185452915,
                        0.096866049819841
                    ]
                },
                {
                    "type": "tuple",
                    "values": [
                        0.031886863655776164,
                        0.09869960038675
                    ]
                }
            ]
        },
        "errors_at_sigma_3": {
            "type": "list",
            "values": [
                {
                    "type": "tuple",
                    "values": [
                        0.0019065914817185236,
                        0.0018513538307499999
                    ]
                },
                {
                    "type": "tuple",
                    "values": [
                        0.0013460567284663267,
                        0.00126375666872
                    ]
                },
                {
                    "type": "tuple",
                    "values": [
                        0.008530420018554667,
                        0.007417613064542668
                    ]
                },
                {
                    "type": "tuple",
                    "values": [
                        0.007054911597287439,
                        0.006236896002122558
                    ]
                },
                {
                    "type": "tuple",
                    "values": [
                        0.0025360894956323386,
                        0.00219028994556404
                    ]
                },
                {
                    "type": "tuple",
                    "values": [
                        0.0025291318974590537,
                        0.00279932844392
                    ]
                },
                {
                    "type": "tuple",
                    "values": [
                        0.0024375527105518985,
                        0.0025570595367047744
                    ]
                },
                {
                    "type": "tuple",
                    "values": [
                        0.0019073705202073514,
                        0.00242948178778346
                    ]
                },
                {
                    "type": "tuple",
                    "values": [
                        0.0095711110476521,
                        0.009596504600738655
                    ]
                },
                {
                    "type": "tuple",
                    "values": [
                        0.008362079985245713,
                        0.009328270127152288
                    ]
                },
                {
                    "type": "tuple",
                    "values": [
                        0.007739213464906374,
                        0.0070552505584526
                    ]
                },
                {
                    "type": "tuple",
                    "values": [
                        0.006307840143913061,
                        0.006208724339487225
                    ]
                },
                {
                    "type": "tuple",
                    "values": [
                        0.008892898636732063,
                        0.009118833520817708
                    ]
                },
                {
                    "type": "tuple",
                    "values": [
                        0.00805136461677245,
                        0.00785687957813783
                    ]
                },
                {
                    "type": "tuple",
                    "values": [
                        0.010253071083499024,
                        0.014423219238860975
                    ]
                },
                {
                    "type": "tuple",
                    "values": [
                        0.005079730035839378,
                        0.006771971903803353
                    ]
                },
                {
                    "type": "tuple",
                    "values": [
                        0.01917459477887755,
                        0.01659336027477292
                    ]
                },
                {
                    "type": "tuple",
                    "values": [
                        0.020770199434255714,
                        0.01792257195962
                    ]
                },
                {
                    "type": "tuple",
                    "values": [
                        0.029008169916609428,
                        0.021066577668498655
                    ]
                },
                {
                    "type": "tuple",
                    "values": [
                        0.01996706235086726,
                        0.02169700539217838
                    ]
                },
                {
                    "type": "tuple",
                    "values": [
                        0.013363242055597656,
                        0.021117683944939347
                    ]
                },
                {
                    "type": "tuple",
                    "values": [
                        0.026998045959716332,
                        0.010688627191543412
                    ]
                },
                {
                    "type": "tuple",
                    "values": [
                        0.05167689358071041,
                        0.02950942636017931
                    ]
                },
                {
                    "type": "tuple",
                    "values": [
                        0.03655867002208759,
                        0.035167755443322846
                    ]
                },
                {
                    "type": "tuple",
                    "values": [
                        0.039754719912152355,
                        0.06006155244222548
                    ]
                },
                {
                    "type": "tuple",
                    "values": [
                        0.030086131864215743,
                        0.08668638134887001
                    ]
                },
                {
                    "type": "tuple",
                    "values": [
                        0.010348007229502798,
                        0.010908016138177202
                    ]
                },
                {
                    "type": "tuple",
                    "values": [
                        0.005611884631553932,
                        0.004457165099830018
                    ]
                },
                {
                    "type": "tuple",
                    "values": [
                        0.022638378903824707,
                        0.028484017737701373
                    ]
                },
                {
                    "type": "tuple",
                    "values": [
                        0.04704953203782959,
                        0.03262496156369872
                    ]
                },
                {
                    "type": "tuple",
                    "values": [
                        0.03997573045047711,
                        0.024703182183910974
                    ]
                },
                {
                    "type": "tuple",
                    "values": [
                        0.035998602852176355,
                        0.030814133878797487
                    ]
                }
            ]
        },
        "median_pdf_sample": {
            "type": "instance",
            "class_path": "autofit.non_linear.samples.sample.Sample",
            "arguments": {
                "log_likelihood": -156.77664397033797,
                "log_prior": 0.0,
                "weight": 0.0010246796575585405,
                "kwargs": {
                    "type": "dict",
                    "arguments": {
                        "ellipses.ellipse_4.centre.centre_0": -0.001652807795,
                        "ellipses.ellipse_4.centre.centre_1": -0.00102935989772,
                        "ellipses.ellipse_0.ell_comps.ell_comps_0": 0.011301822182024667,
                        "ellipses.ellipse_0.ell_comps.ell_comps_1": -0.09535727477644255,
                        "multipoles.0.multipole_3.multipole_comps.multipole_comps_0": 0.00150025773242,
                        "multipoles.0.multipole_3.multipole_comps.multipole_comps_1": -0.00148908715501,
                        "multipoles.0.multipole_4.multipole_comps.multipole_comps_0": -0.0004593440599271836,
                        "multipoles.0.multipole_4.multipole_comps.multipole_comps_1": -0.00095814984606,
                        "ellipses.ellipse_1.ell_comps.ell_comps_0": 0.024727317469291344,
                        "ellipses.ellipse_1.ell_comps.ell_comps_1": -0.1371402863399123,
                        "multipoles.1.multipole_3.multipole_comps.multipole_comps_0": -0.00103457545323,
                        "multipoles.1.multipole_3.multipole_comps.multipole_comps_1": -0.00393172915771,
                        "multipoles.1.multipole_4.multipole_comps.multipole_comps_0": 0.013468538721412293,
                        "multipoles.1.multipole_4.multipole_comps.multipole_comps_1": 0.00274094730456,
                        "ellipses.ellipse_2.ell_comps.ell_comps_0": 0.0067392085693490245,
                        "ellipses.ellipse_2.ell_comps.ell_comps_1": -0.10415277644763,
                        "multipoles.2.multipole_3.multipole_comps.multipole_comps_0": -0.007915094656798653,
                        "multipoles.2.multipole_3.multipole_comps.multipole_comps_1": -0.01578834834663,
                        "multipoles.2.multipole_4.multipole_comps.multipole_comps_0": 0.010063632264064856,
                        "multipoles.2.multipole_4.multipole_comps.multipole_comps_1": -0.007785625885938381,
                        "ellipses.ellipse_3.ell_comps.ell_comps_0": 0.007154713866250521,
                        "ellipses.ellipse_3.ell_comps.ell_comps_1": -0.13139732787070202,
                        "multipoles.3.multipole_3.multipole_comps.multipole_comps_0": -0.00531496804807,
                        "multipoles.3.multipole_3.multipole_comps.multipole_comps_1": 0.021659036201157156,
                        "multipoles.3.multipole_4.multipole_comps.multipole_comps_0": 0.02548377399311452,
                        "multipoles.3.multipole_4.multipole_comps.multipole_comps_1": -0.06296809298378,
                        "ellipses.ellipse_4.ell_comps.ell_comps_0": -0.0402483031959572,
                        "ellipses.ellipse_4.ell_comps.ell_comps_1": -0.17670935629489,
                        "multipoles.4.multipole_3.multipole_comps.multipole_comps_0": -0.019905909940595292,
                        "multipoles.4.multipole_3.multipole_comps.multipole_comps_1": -0.017863799158760407,
                        "multipoles.4.multipole_4.multipole_comps.multipole_comps_0": 0.07216286763593002,
                        "multipoles.4.multipole_4.multipole_comps.multipole_comps_1": 0.06788546650795252
                    }
                }
            }
        },
        "errors_at_sigma_1": {
            "type": "list",
            "values": [
                {
                    "type": "tuple",
                    "values": [
                        0.0006269021919486353,
                        0.0006057142100066844
                    ]
                },
                {
                    "type": "tuple",
                    "values": [
                        0.00047662994970982956,
                        0.0004522709093104268
                    ]
                },
                {
                    "type": "tuple",
                    "values": [
                        0.0024588396083246675,
                        0.002588761671155333
                    ]
                },
                {
                    "type": "tuple",
                    "values": [
                        0.00219829015480745,
                        0.002301422042402551
                    ]
                },
                {
                    "type": "tuple",
                    "values": [
                        0.0008381794144264714,
                        0.0007978709503499999
                    ]
                },
                {
                    "type": "tuple",
                    "values": [
                        0.0006404282220308772,
                        0.00069012212903129
                    ]
                },
                {
                    "type": "tuple",
                    "values": [
                        0.0008677490455428164,
                        0.0008728660364202506
                    ]
                },
                {
                    "type": "tuple",
                    "values": [
                        0.0007019409095353737,
                        0.0007361649284773495
                    ]
                },
                {
                    "type": "tuple",
                    "values": [
                        0.0034466423543213394,
                        0.0036272209514781432
                    ]
                },
                {
                    "type": "tuple",
                    "values": [
                        0.003063460447857713,
                        0.0035328950582718954
                    ]
                },
                {
                    "type": "tuple",
                    "values": [
                        0.0021806659501978536,
                        0.0026213696994603374
                    ]
                },
                {
                    "type": "tuple",
                    "values": [
                        0.0020119828864171114,
                        0.0017990641831768539
                    ]
                },
                {
                    "type": "tuple",
                    "values": [
                        0.0035615194965249158,
                        0.002739933038109349
                    ]
                },
                {
                    "type": "tuple",
                    "values": [
                        0.00306020243205853,
                        0.0027237223108473934
                    ]
                },
                {
                    "type": "tuple",
                    "values": [
                        0.0038127072290190245,
                        0.0042062187129009755
                    ]
                },
                {
                    "type": "tuple",
                    "values": [
                        0.0017433519004469156,
                        0.0017301858613107263
                    ]
                },
                {
                    "type": "tuple",
                    "values": [
                        0.006262680625861347,
                        0.005511933957953778
                    ]
                },
                {
                    "type": "tuple",
                    "values": [
                        0.00599690249361633,
                        0.00555856145373
                    ]
                },
                {
                    "type": "tuple",
                    "values": [
                        0.009227297263714856,
                        0.008386742208657871
                    ]
                },
                {
                    "type": "tuple",
                    "values": [
                        0.006784267631999323,
                        0.006068997383966557
                    ]
                },
                {
                    "type": "tuple",
                    "values": [
                        0.004691214608984016,
                        0.007312705105729478
                    ]
                },
                {
                    "type": "tuple",
                    "values": [
                        0.008115387715838501,
                        0.0031718305548053827
                    ]
                },
                {
                    "type": "tuple",
                    "values": [
                        0.01170912154809,
                        0.01069356168541
                    ]
                },
                {
                    "type": "tuple",
                    "values": [
                        0.008405285580614638,
                        0.010129398514236342
                    ]
                },
                {
                    "type": "tuple",
                    "values": [
                        0.01605967675189452,
                        0.019690667539857525
                    ]
                },
                {
                    "type": "tuple",
                    "values": [
                        0.013157006708160876,
                        0.04204045609298006
                    ]
                },
                {
                    "type": "tuple",
                    "values": [
                        0.002558227449786739,
                        0.002553267482137203
                    ]
                },
                {
                    "type": "tuple",
                    "values": [
                        0.0017004556563952333,
                        0.0013809304183508841
                    ]
                },
                {
                    "type": "tuple",
                    "values": [
                        0.008200667517888366,
                        0.008031817306375292
                    ]
                },
                {
                    "type": "tuple",
                    "values": [
                        0.012040792955797772,
                        0.010791700327383453
                    ]
                },
                {
                    "type": "tuple",
                    "values": [
                        0.00714118465620002,
                        0.007530219720899983
                    ]
                },
                {
                    "type": "tuple",
                    "values": [
                        0.010026871820752521,
                        0.010619261126224216
                    ]
                }
            ]
        },
        "model": null,
        "max_log_likelihood_sample": {
            "type": "instance",
            "class_path": "autofit.non_linear.samples.sample.Sample",
            "arguments": {
                "log_likelihood": -156.77664397033797,
                "log_prior": 0.0,
                "weight": 0.0010246796575585405,
                "kwargs": {
                    "type": "dict",
                    "arguments": {
                        "ellipses.ellipse_4.centre.centre_0": -0.00183217460636,
                        "ellipses.ellipse_4.centre.centre_1": -0.00108283254192,
                        "ellipses.ellipse_0.ell_comps.ell_comps_0": 0.01070511939171,
                        "ellipses.ellipse_0.ell_comps.ell_comps_1": -0.0934758456696,
                        "multipoles.0.multipole_3.multipole_comps.multipole_comps_0": 0.00232347759858,
                        "multipoles.0.multipole_3.multipole_comps.multipole_comps_1": -0.00156796695706,
                        "multipoles.0.multipole_4.multipole_comps.multipole_comps_0": -0.0004343610844,
                        "multipoles.0.multipole_4.multipole_comps.multipole_comps_1": -0.00110706863259,
                        "ellipses.ellipse_1.ell_comps.ell_comps_0": 0.02797878899519,
                        "ellipses.ellipse_1.ell_comps.ell_comps_1": -0.1363149382161,
                        "multipoles.1.multipole_3.multipole_comps.multipole_comps_0": 0.00121974727281,
                        "multipoles.1.multipole_3.multipole_comps.multipole_comps_1": -0.00257959488411,
                        "multipoles.1.multipole_4.multipole_comps.multipole_comps_0": 0.01290015816409,
                        "multipoles.1.multipole_4.multipole_comps.multipole_comps_1": 0.00021350852302,
                        "ellipses.ellipse_2.ell_comps.ell_comps_0": 0.00617406298662,
                        "ellipses.ellipse_2.ell_comps.ell_comps_1": -0.10321692679377,
                        "multipoles.2.multipole_3.multipole_comps.multipole_comps_0": -0.00913070781053,
                        "multipoles.2.multipole_3.multipole_comps.multipole_comps_1": -0.01280586128578,
                        "multipoles.2.multipole_4.multipole_comps.multipole_comps_0": 0.01254026258727,
                        "multipoles.2.multipole_4.multipole_comps.multipole_comps_1": -0.01203555324205,
                        "ellipses.ellipse_3.ell_comps.ell_comps_0": 0.002478685111,
                        "ellipses.ellipse_3.ell_comps.ell_comps_1": -0.12930205750566,
                        "multipoles.3.multipole_3.multipole_comps.multipole_comps_0": 0.00924862733383,
                        "multipoles.3.multipole_3.multipole_comps.multipole_comps_1": 0.01056721627852,
                        "multipoles.3.multipole_4.multipole_comps.multipole_comps_0": 0.04251987177237,
                        "multipoles.3.multipole_4.multipole_comps.multipole_comps_1": -0.07883869805397,
                        "ellipses.ellipse_4.ell_comps.ell_comps_0": -0.03864594139188,
                        "ellipses.ellipse_4.ell_comps.ell_comps_1": -0.17634374645694,
                        "multipoles.4.multipole_3.multipole_comps.multipole_comps_0": -0.02343354670836,
                        "multipoles.4.multipole_3.multipole_comps.multipole_comps_1": -0.02571648528873,
                        "multipoles.4.multipole_4.multipole_comps.multipole_comps_0": 0.08026101287306,
                        "multipoles.4.multipole_4.multipole_comps.multipole_comps_1": 0.06780481603745
                    }
                }
            }
        },
        "values_at_sigma_1": {
            "type": "list",
            "values": [
                {
                    "type": "tuple",
                    "values": [
                        -0.0022797099869486352,
                        -0.0010470935849933155
                    ]
                },
                {
                    "type": "tuple",
                    "values": [
                        -0.0015059898474298295,
                        -0.0005770889884095732
                    ]
                },
                {
                    "type": "tuple",
                    "values": [
                        0.0088429825737,
                        0.01389058385318
                    ]
                },
                {
                    "type": "tuple",
                    "values": [
                        -0.09755556493125,
                        -0.09305585273404
                    ]
                },
                {
                    "type": "tuple",
                    "values": [
                        0.0006620783179935285,
                        0.00229812868277
                    ]
                },
                {
                    "type": "tuple",
                    "values": [
                        -0.002129515377040877,
                        -0.0007989650259787099
                    ]
                },
                {
                    "type": "tuple",
                    "values": [
                        -0.00132709310547,
                        0.000413521976493067
                    ]
                },
                {
                    "type": "tuple",
                    "values": [
                        -0.0016600907555953737,
                        -0.00022198491758265056
                    ]
                },
                {
                    "type": "tuple",
                    "values": [
                        0.021280675114970005,
                        0.028354538420769487
                    ]
                },
                {
                    "type": "tuple",
                    "values": [
                        -0.14020374678777,
                        -0.1336073912816404
                    ]
                },
                {
                    "type": "tuple",
                    "values": [
                        -0.0032152414034278534,
                        0.0015867942462303374
                    ]
                },
                {
                    "type": "tuple",
                    "values": [
                        -0.005943712044127111,
                        -0.002132664974533146
                    ]
                },
                {
                    "type": "tuple",
                    "values": [
                        0.009907019224887377,
                        0.016208471759521642
                    ]
                },
                {
                    "type": "tuple",
                    "values": [
                        -0.00031925512749853024,
                        0.005464669615407394
                    ]
                },
                {
                    "type": "tuple",
                    "values": [
                        0.00292650134033,
                        0.01094542728225
                    ]
                },
                {
                    "type": "tuple",
                    "values": [
                        -0.10589612834807692,
                        -0.10242259058631928
                    ]
                },
                {
                    "type": "tuple",
                    "values": [
                        -0.01417777528266,
                        -0.002403160698844875
                    ]
                },
                {
                    "type": "tuple",
                    "values": [
                        -0.02178525084024633,
                        -0.0102297868929
                    ]
                },
                {
                    "type": "tuple",
                    "values": [
                        0.00083633500035,
                        0.018450374472722728
                    ]
                },
                {
                    "type": "tuple",
                    "values": [
                        -0.014569893517937704,
                        -0.001716628501971824
                    ]
                },
                {
                    "type": "tuple",
                    "values": [
                        0.002463499257266505,
                        0.01446741897198
                    ]
                },
                {
                    "type": "tuple",
                    "values": [
                        -0.13951271558654052,
                        -0.12822549731589664
                    ]
                },
                {
                    "type": "tuple",
                    "values": [
                        -0.01702408959616,
                        0.00537859363734
                    ]
                },
                {
                    "type": "tuple",
                    "values": [
                        0.013253750620542518,
                        0.0317884347153935
                    ]
                },
                {
                    "type": "tuple",
                    "values": [
                        0.00942409724122,
                        0.045174441532972044
                    ]
                },
                {
                    "type": "tuple",
                    "values": [
                        -0.07612509969194088,
                        -0.020927636890799944
                    ]
                },
                {
                    "type": "tuple",
                    "values": [
                        -0.04280653064574394,
                        -0.03769503571382
                    ]
                },
                {
                    "type": "tuple",
                    "values": [
                        -0.17840981195128525,
                        -0.17532842587653913
                    ]
                },
                {
                    "type": "tuple",
                    "values": [
                        -0.028106577458483658,
                        -0.01187409263422
                    ]
                },
                {
                    "type": "tuple",
                    "values": [
                        -0.02990459211455818,
                        -0.007072098831376954
                    ]
                },
                {
                    "type": "tuple",
                    "values": [
                        0.06502168297973,
                        0.07969308735683
                    ]
                },
                {
                    "type": "tuple",
                    "values": [
                        0.0578585946872,
                        0.07850472763417674
                    ]
                }
            ]
        }
    }
}