{
    "type": "instance",
    "class_path": "autofit.non_linear.samples.summary.SamplesSummary",
    "arguments": {
        "median_pdf_sample": {
            "type": "instance",
            "class_path": "autofit.non_linear.samples.sample.Sample",
            "arguments": {
                "log_likelihood": -52.85215696775869,
                "log_prior": 0.0,
                "weight": 0.0009854945799705579,
                "kwargs": {
                    "type": "dict",
                    "arguments": {
                        "ellipses.0.ell_comps.ell_comps_0": 0.1684817478107215,
                        "ellipses.0.ell_comps.ell_comps_1": -0.02762740605006
                    }
                }
            }
        },
        "model": null,
        "log_evidence": -62.904894706315936,
        "errors_at_sigma_3": {
            "type": "list",
            "values": [
                {
                    "type": "tuple",
                    "values": [
                        0.010150142556283354,
                        0.008469813673673582
                    ]
                },
                {
                    "type": "tuple",
                    "values": [
                        0.008286988592200926,
                        0.008124364863400003
                    ]
                }
            ]
        },
        "values_at_sigma_1": {
            "type": "list",
            "values": [
                {
                    "type": "tuple",
                    "values": [
                        0.16357837359095,
                        0.17175062410444
                    ]
                },
                {
                    "type": "tuple",
                    "values": [
                        -0.030271832052823997,
                        -0.025316219526646217
                    ]
                }
            ]
        },
        "max_log_likelihood_sample": {
            "type": "instance",
            "class_path": "autofit.non_linear.samples.sample.Sample",
            "arguments": {
                "log_likelihood": -52.85215696775869,
                "log_prior": 0.0,
                "weight": 0.0009854945799705579,
                "kwargs": {
                    "type": "dict",
                    "arguments": {
                        "ellipses.0.ell_comps.ell_comps_0": 0.16902878380801,
                        "ellipses.0.ell_comps.ell_comps_1": -0.02755208976541
                    }
                }
            }
        },
        "errors_at_sigma_1": {
            "type": "list",
            "values": [
                {
                    "type": "tuple",
                    "values": [
                        0.004903374219771495,
                        0.003268876293718498
                    ]
                },
                {
                    "type": "tuple",
                    "values": [
                        0.0026444260027639957,
                        0.0023111865234137843
                    ]
                }
            ]
        },
        "values_at_sigma_3": {
            "type": "list",
            "values": [
                {
                    "type": "tuple",
                    "values": [
                        0.15833160525443815,
                        0.1769515614843951
                    ]
                },
                {
                    "type": "tuple",
                    "values": [
                        -0.03591439464226093,
                        -0.01950304118666
                    ]
                }
            ]
        }
    }
}