{
    "type": "instance",
    "class_path": "autofit.non_linear.samples.summary.SamplesSummary",
    "arguments": {
        "values_at_sigma_1": {
            "type": "list",
            "values": [
                {
                    "type": "tuple",
                    "values": [
                        0.01225881867762,
                        0.019251280523344693
                    ]
                },
                {
                    "type": "tuple",
                    "values": [
                        0.022379770191162964,
                        0.02618187053997
                    ]
                },
                {
                    "type": "tuple",
                    "values": [
                        -0.02525905549548,
                        0.021973251298204644
                    ]
                },
                {
                    "type": "tuple",
                    "values": [
                        -0.04692886239075994,
                        -0.005591161010126982
                    ]
                },
                {
                    "type": "tuple",
                    "values": [
                        -0.03087889158361,
                        0.005139898250255729
                    ]
                },
                {
                    "type": "tuple",
                    "values": [
                        -0.07234100906086381,
                        -0.01681847910784436
                    ]
                },
                {
                    "type": "tuple",
                    "values": [
                        -0.09789269914463,
                        -0.06909632861695
                    ]
                },
                {
                    "type": "tuple",
                    "values": [
                        -0.09150362459151,
                        -0.02018771124569105
                    ]
                }
            ]
        },
        "median_pdf_sample": {
            "type": "instance",
            "class_path": "autofit.non_linear.samples.sample.Sample",
            "arguments": {
                "log_likelihood": -43.41996492167931,
                "log_prior": 0.0,
                "weight": 0.0010147233737783984,
                "kwargs": {
                    "type": "dict",
                    "arguments": {
                        "ellipses.0.ell_comps.ell_comps_0": 0.016997321947942616,
                        "ellipses.0.ell_comps.ell_comps_1": 0.024455454564668473,
                        "multipoles.0.multipole_1.multipole_comps.multipole_comps_0": -0.00161244837207,
                        "multipoles.0.multipole_1.multipole_comps.multipole_comps_1": -0.02717118959209529,
                        "multipoles.0.multipole_3.multipole_comps.multipole_comps_0": -0.017080003403106055,
                        "multipoles.0.multipole_3.multipole_comps.multipole_comps_1": -0.04450253577399643,
                        "multipoles.0.multipole_4.multipole_comps.multipole_comps_0": -0.08980407809271,
                        "multipoles.0.multipole_4.multipole_comps.multipole_comps_1": -0.06124443448679214
                    }
                }
            }
        },
        "max_log_likelihood_sample": {
            "type": "instance",
            "class_path": "autofit.non_linear.samples.sample.Sample",
            "arguments": {
                "log_likelihood": -43.41996492167931,
                "log_prior": 0.0,
                "weight": 0.0010147233737783984,
                "kwargs": {
                    "type": "dict",
                    "arguments": {
                        "ellipses.0.ell_comps.ell_comps_0": 0.01845953046467,
                        "ellipses.0.ell_comps.ell_comps_1": 0.02239273671196,
                        "multipoles.0.multipole_1.multipole_comps.multipole_comps_0": 0.00866863500689,
                        "multipoles.0.multipole_1.multipole_comps.multipole_comps_1": -0.02408328069001,
                        "multipoles.0.multipole_3.multipole_comps.multipole_comps_0": -0.01320248918859,
                        "multipoles.0.multipole_3.multipole_comps.multipole_comps_1": -0.0849552108728,
                        "multipoles.0.multipole_4.multipole_comps.multipole_comps_0": -0.07461249100711,
                        "multipoles.0.multipole_4.multipole_comps.multipole_comps_1": -0.09963185704537
                    }
                }
            }
        },
        "model": null,
        "log_evidence": -66.38589865339739,
        "errors_at_sigma_3": {
            "type": "list",
            "values": [
                {
                    "type": "tuple",
                    "values": [
                        0.01348296297048214,
                        0.007932772300377384
                    ]
                },
                {
                    "type": "tuple",
                    "values": [
                        0.006583319130928474,
                        0.01791923958474153
                    ]
                },
                {
                    "type": "tuple",
                    "values": [
                        0.06859035968851,
                        0.10156489414969
                    ]
                },
                {
                    "type": "tuple",
                    "values": [
                        0.051721583137934096,
                        0.11806070458577424
                    ]
                },
                {
                    "type": "tuple",
                    "values": [
                        0.07830857549192068,
                        0.11303916372721606
                    ]
                },
                {
                    "type": "tuple",
                    "values": [
                        0.053080932301410866,
                        0.13693361110417643
                    ]
                },
                {
                    "type": "tuple",
                    "values": [
                        0.010167166881769996,
                        0.09224586372337
                    ]
                },
                {
                    "type": "tuple",
                    "values": [
                        0.03871835535639786,
                        0.10054210344025555
                    ]
                }
            ]
        },
        "values_at_sigma_3": {
            "type": "list",
            "values": [
                {
                    "type": "tuple",
                    "values": [
                        0.003514358977460475,
                        0.02493009424832
                    ]
                },
                {
                    "type": "tuple",
                    "values": [
                        0.01787213543374,
                        0.04237469414941
                    ]
                },
                {
                    "type": "tuple",
                    "values": [
                        -0.07020280806058,
                        0.09995244577762
                    ]
                },
                {
                    "type": "tuple",
                    "values": [
                        -0.07889277273002938,
                        0.09088951499367895
                    ]
                },
                {
                    "type": "tuple",
                    "values": [
                        -0.09538857889502673,
                        0.09595916032411
                    ]
                },
                {
                    "type": "tuple",
                    "values": [
                        -0.0975834680754073,
                        0.09243107533018
                    ]
                },
                {
                    "type": "tuple",
                    "values": [
                        -0.09997124497448,
                        0.00244178563066
                    ]
                },
                {
                    "type": "tuple",
                    "values": [
                        -0.09996278984319,
                        0.039297668953463406
                    ]
                }
            ]
        },
        "errors_at_sigma_1": {
            "type": "list",
            "values": [
                {
                    "type": "tuple",
                    "values": [
                        0.0047385032703226165,
                        0.002253958575402077
                    ]
                },
                {
                    "type": "tuple",
                    "values": [
                        0.002075684373505509,
                        0.0017264159753015255
                    ]
                },
                {
                    "type": "tuple",
                    "values": [
                        0.02364660712341,
                        0.023585699670274643
                    ]
                },
                {
                    "type": "tuple",
                    "values": [
                        0.01975767279866465,
                        0.021580028581968308
                    ]
                },
                {
                    "type": "tuple",
                    "values": [
                        0.013798888180503944,
                        0.022219901653361785
                    ]
                },
                {
                    "type": "tuple",
                    "values": [
                        0.02783847328686738,
                        0.027684056666152073
                    ]
                },
                {
                    "type": "tuple",
                    "values": [
                        0.00808862105192,
                        0.02070774947576
                    ]
                },
                {
                    "type": "tuple",
                    "values": [
                        0.030259190104717858,
                        0.04105672324110109
                    ]
                }
            ]
        }
    }
}