{
    "type": "instance",
    "class_path": "autofit.non_linear.samples.summary.SamplesSummary",
    "arguments": {
        "model": null,
        "errors_at_sigma_3": {
            "type": "list",
            "values": [
                {
                    "type": "tuple",
                    "values": [
                        0.06840558719513933,
                        0.0945840605613716
                    ]
                },
                {
                    "type": "tuple",
                    "values": [
                        0.11853893126669,
                        0.09247085610541
                    ]
                },
                {
                    "type": "tuple",
                    "values": [
                        0.11401863073047,
                        0.13852266980393
                    ]
                },
                {
                    "type": "tuple",
                    "values": [
                        0.12747317043011833,
                        0.1745095901798
                    ]
                },
                {
                    "type": "tuple",
                    "values": [
                        0.08245537333689071,
                        0.10764344645360929
                    ]
                },
                {
                    "type": "tuple",
                    "values": [
                        0.09799889376985955,
                        0.08406171727495045
                    ]
                },
                {
                    "type": "tuple",
                    "values": [
                        0.10456148099434001,
                        0.09041098708275999
                    ]
                },
                {
                    "type": "tuple",
                    "values": [
                        0.09221277381623999,
                        0.10611252263498244
                    ]
                }
            ]
        },
        "errors_at_sigma_1": {
            "type": "list",
            "values": [
                {
                    "type": "tuple",
                    "values": [
                        0.028867996372923022,
                        0.03317006034031881
                    ]
                },
                {
                    "type": "tuple",
                    "values": [
                        0.04328711805805,
                        0.03621165435708081
                    ]
                },
                {
                    "type": "tuple",
                    "values": [
                        0.03592589378941855,
                        0.041289169278349996
                    ]
                },
                {
                    "type": "tuple",
                    "values": [
                        0.04672028696202479,
                        0.05386559129931538
                    ]
                },
                {
                    "type": "tuple",
                    "values": [
                        0.037314776980690696,
                        0.03122483146178505
                    ]
                },
                {
                    "type": "tuple",
                    "values": [
                        0.031748716210688956,
                        0.030369406488659375
                    ]
                },
                {
                    "type": "tuple",
                    "values": [
                        0.06872295454857202,
                        0.04088470326329759
                    ]
                },
                {
                    "type": "tuple",
                    "values": [
                        0.05141001478376917,
                        0.06640806323233
                    ]
                }
            ]
        },
        "values_at_sigma_3": {
            "type": "list",
            "values": [
                {
                    "type": "tuple",
                    "values": [
                        -0.06928086011251813,
                        0.09370878764399279
                    ]
                },
                {
                    "type": "tuple",
                    "values": [
                        -0.06242539577678,
                        0.14858439159532
                    ]
                },
                {
                    "type": "tuple",
                    "values": [
                        -0.13277763058739,
                        0.11976366994701
                    ]
                },
                {
                    "type": "tuple",
                    "values": [
                        -0.11516801463301832,
                        0.1868147459769
                    ]
                },
                {
                    "type": "tuple",
                    "values": [
                        -0.09442163260534,
                        0.09567718718516
                    ]
                },
                {
                    "type": "tuple",
                    "values": [
                        -0.09397879792713,
                        0.08808181311768
                    ]
                },
                {
                    "type": "tuple",
                    "values": [
                        -0.09924901546191,
                        0.09572345261519
                    ]
                },
                {
                    "type": "tuple",
                    "values": [
                        -0.098443177013,
                        0.09988211943822245
                    ]
                }
            ]
        },
        "log_evidence": -24.318077711166712,
        "values_at_sigma_1": {
            "type": "list",
            "values": [
                {
                    "type": "tuple",
                    "values": [
                        -0.029743269290301827,
                        0.03229478742294
                    ]
                },
                {
                    "type": "tuple",
                    "values": [
                        0.01282641743186,
                        0.09232518984699081
                    ]
                },
                {
                    "type": "tuple",
                    "values": [
                        -0.05468489364633855,
                        0.02253016942143
                    ]
                },
                {
                    "type": "tuple",
                    "values": [
                        -0.03441513116492477,
                        0.0661707470964154
                    ]
                },
                {
                    "type": "tuple",
                    "values": [
                        -0.04928103624914,
                        0.01925857219333575
                    ]
                },
                {
                    "type": "tuple",
                    "values": [
                        -0.0277286203679594,
                        0.034389502331388926
                    ]
                },
                {
                    "type": "tuple",
                    "values": [
                        -0.06341048901614202,
                        0.04619716879572759
                    ]
                },
                {
                    "type": "tuple",
                    "values": [
                        -0.05764041798052917,
                        0.06017766003557
                    ]
                }
            ]
        },
        "max_log_likelihood_sample": {
            "type": "instance",
            "class_path": "autofit.non_linear.samples.sample.Sample",
            "arguments": {
                "log_likelihood": -9.80931048651236,
                "log_prior": 0.0,
                "weight": 0.0009771110442479047,
                "kwargs": {
                    "type": "dict",
                    "arguments": {
                        "ellipses.0.ell_comps.ell_comps_0": 0.0101779794579,
                        "ellipses.0.ell_comps.ell_comps_1": 0.07627675814685,
                        "multipoles.0.multipole_1.multipole_comps.multipole_comps_0": -0.03804518419207,
                        "multipoles.0.multipole_1.multipole_comps.multipole_comps_1": 0.01856076525152,
                        "multipoles.0.multipole_3.multipole_comps.multipole_comps_0": 0.00610224996824,
                        "multipoles.0.multipole_3.multipole_comps.multipole_comps_1": -0.02617134854688,
                        "multipoles.0.multipole_4.multipole_comps.multipole_comps_0": -0.07376479337518,
                        "multipoles.0.multipole_4.multipole_comps.multipole_comps_1": 0.02969299444397
                    }
                }
            }
        },
        "median_pdf_sample": {
            "type": "instance",
            "class_path": "autofit.non_linear.samples.sample.Sample",
            "arguments": {
                "log_likelihood": -9.80931048651236,
                "log_prior": 0.0,
                "weight": 0.0009771110442479047,
                "kwargs": {
                    "type": "dict",
                    "arguments": {
                        "ellipses.0.ell_comps.ell_comps_0": -0.0008752729173788058,
                        "ellipses.0.ell_comps.ell_comps_1": 0.05611353548991,
                        "multipoles.0.multipole_1.multipole_comps.multipole_comps_0": -0.01875899985692,
                        "multipoles.0.multipole_1.multipole_comps.multipole_comps_1": 0.012305155797100021,
                        "multipoles.0.multipole_3.multipole_comps.multipole_comps_0": -0.011966259268449303,
                        "multipoles.0.multipole_3.multipole_comps.multipole_comps_1": 0.0040200958427295515,
                        "multipoles.0.multipole_4.multipole_comps.multipole_comps_0": 0.00531246553243,
                        "multipoles.0.multipole_4.multipole_comps.multipole_comps_1": -0.00623040319676
                    }
                }
            }
        }
    }
}