{
    "type": "instance",
    "class_path": "autofit.non_linear.samples.summary.SamplesSummary",
    "arguments": {
        "values_at_sigma_1": {
            "type": "list",
            "values": [
                {
                    "type": "tuple",
                    "values": [
                        -0.18491642198147504,
                        -0.18148205644112855
                    ]
                },
                {
                    "type": "tuple",
                    "values": [
                        -0.19901377723991,
                        -0.19594142818493
                    ]
                }
            ]
        },
        "median_pdf_sample": {
            "type": "instance",
            "class_path": "autofit.non_linear.samples.sample.Sample",
            "arguments": {
                "log_likelihood": -185.39585012486725,
                "log_prior": 0.0,
                "weight": 0.0009827247121109869,
                "kwargs": {
                    "type": "dict",
                    "arguments": {
                        "ellipses.0.ell_comps.ell_comps_0": -0.1834227524659466,
                        "ellipses.0.ell_comps.ell_comps_1": -0.19777151474228
                    }
                }
            }
        },
        "model": null,
        "log_evidence": -196.92277452185317,
        "errors_at_sigma_3": {
            "type": "list",
            "values": [
                {
                    "type": "tuple",
                    "values": [
                        0.004460699196083384,
                        0.005060483518492032
                    ]
                },
                {
                    "type": "tuple",
                    "values": [
                        0.004151527035822361,
                        0.005035661927749985
                    ]
                }
            ]
        },
        "errors_at_sigma_1": {
            "type": "list",
            "values": [
                {
                    "type": "tuple",
                    "values": [
                        0.0014936695155284285,
                        0.001940696024818056
                    ]
                },
                {
                    "type": "tuple",
                    "values": [
                        0.0012422624976300145,
                        0.001830086557350008
                    ]
                }
            ]
        },
        "max_log_likelihood_sample": {
            "type": "instance",
            "class_path": "autofit.non_linear.samples.sample.Sample",
            "arguments": {
                "log_likelihood": -185.39585012486725,
                "log_prior": 0.0,
                "weight": 0.0009827247121109869,
                "kwargs": {
                    "type": "dict",
                    "arguments": {
                        "ellipses.0.ell_comps.ell_comps_0": -0.18287644229077,
                        "ellipses.0.ell_comps.ell_comps_1": -0.19824080361191
                    }
                }
            }
        },
        "values_at_sigma_3": {
            "type": "list",
            "values": [
                {
                    "type": "tuple",
                    "values": [
                        -0.18788345166203,
                        -0.17836226894745458
                    ]
                },
                {
                    "type": "tuple",
                    "values": [
                        -0.20192304177810236,
                        -0.19273585281453
                    ]
                }
            ]
        }
    }
}