{
    "type": "instance",
    "class_path": "autofit.non_linear.samples.summary.SamplesSummary",
    "arguments": {
        "errors_at_sigma_1": {
            "type": "list",
            "values": [
                {
                    "type": "tuple",
                    "values": [
                        0.0029260091076503264,
                        0.002507247465822149
                    ]
                },
                {
                    "type": "tuple",
                    "values": [
                        0.001970991276631792,
                        0.00241120216835998
                    ]
                }
            ]
        },
        "log_evidence": -31.026136044959518,
        "max_log_likelihood_sample": {
            "type": "instance",
            "class_path": "autofit.non_linear.samples.sample.Sample",
            "arguments": {
                "log_likelihood": -20.26332678418137,
                "log_prior": 0.0,
                "weight": 0.0009812029346056806,
                "kwargs": {
                    "type": "dict",
                    "arguments": {
                        "ellipses.0.ell_comps.ell_comps_0": -0.08879410506147,
                        "ellipses.0.ell_comps.ell_comps_1": 0.07223912042046
                    }
                }
            }
        },
        "values_at_sigma_1": {
            "type": "list",
            "values": [
                {
                    "type": "tuple",
                    "values": [
                        -0.09170489002404,
                        -0.08627163345056753
                    ]
                },
                {
                    "type": "tuple",
                    "values": [
                        0.0702392797222182,
                        0.07462147316720998
                    ]
                }
            ]
        },
        "errors_at_sigma_3": {
            "type": "list",
            "values": [
                {
                    "type": "tuple",
                    "values": [
                        0.0077260043004328816,
                        0.007154174557412893
                    ]
                },
                {
                    "type": "tuple",
                    "values": [
                        0.007070277871139993,
                        0.007328557979105643
                    ]
                }
            ]
        },
        "model": null,
        "values_at_sigma_3": {
            "type": "list",
            "values": [
                {
                    "type": "tuple",
                    "values": [
                        -0.09650488521682256,
                        -0.08162470635897678
                    ]
                },
                {
                    "type": "tuple",
                    "values": [
                        0.06513999312771,
                        0.07953882897795564
                    ]
                }
            ]
        },
        "median_pdf_sample": {
            "type": "instance",
            "class_path": "autofit.non_linear.samples.sample.Sample",
            "arguments": {
                "log_likelihood": -20.26332678418137,
                "log_prior": 0.0,
                "weight": 0.0009812029346056806,
                "kwargs": {
                    "type": "dict",
                    "arguments": {
                        "ellipses.0.ell_comps.ell_comps_0": -0.08877888091638968,
                        "ellipses.0.ell_comps.ell_comps_1": 0.07221027099885
                    }
                }
            }
        }
    }
}