{
    "type": "collection",
    "arguments": {
        "ellipses": {
            "type": "collection",
            "arguments": {
                "0": {
                    "type": "instance",
                    "class_path": "autogalaxy.ellipse.ellipse.ellipse.Ellipse",
                    "arguments": {
                        "centre": {
                            "type": "tuple",
                            "values": [
                                -0.00051448141998,
                                -0.00346098630806
                            ]
                        },
                        "ell_comps": {
                            "type": "tuple",
                            "values": [
                                -0.05545477722486,
                                -0.07088569368589
                            ]
                        },
                        "major_axis": 0.25
                    }
                },
                "1": {
                    "type": "instance",
                    "class_path": "autogalaxy.ellipse.ellipse.ellipse.Ellipse",
                    "arguments": {
                        "centre": {
                            "type": "tuple",
                            "values": [
                                -0.00051448141998,
                                -0.00346098630806
                            ]
                        },
                        "ell_comps": {
                            "type": "tuple",
                            "values": [
                                -0.08466547552165,
                                -0.08000338955579
                            ]
                        },
                        "major_axis": 0.5
                    }
                },
                "2": {
                    "type": "instance",
                    "class_path": "autogalaxy.ellipse.ellipse.ellipse.Ellipse",
                    "arguments": {
                        "centre": {
                            "type": "tuple",
                            "values": [
                                -0.00051448141998,
                                -0.00346098630806
                            ]
                        },
                        "ell_comps": {
                            "type": "tuple",
                            "values": [
                                -0.10738688844771,
                                -0.1165342598403
                            ]
                        },
                        "major_axis": 0.75
                    }
                },
                "3": {
                    "type": "instance",
                    "class_path": "autogalaxy.ellipse.ellipse.ellipse.Ellipse",
                    "arguments": {
                        "centre": {
                            "type": "tuple",
                            "values": [
                                -0.00051448141998,
                                -0.00346098630806
                            ]
                        },
                        "ell_comps": {
                            "type": "tuple",
                            "values": [
                                -0.11187071036491,
                                -0.13416139957722
                            ]
                        },
                        "major_axis": 1.0
                    }
                },
                "4": {
                    "type": "instance",
                    "class_path": "autogalaxy.ellipse.ellipse.ellipse.Ellipse",
                    "arguments": {
                        "centre": {
                            "type": "tuple",
                            "values": [
                                -0.00051448141998,
                                -0.00346098630806
                            ]
                        },
                        "ell_comps": {
                            "type": "tuple",
                            "values": [
                                -0.09949674296414,
                                -0.12469846086424
                            ]
                        },
                        "major_axis": 1.25
                    }
                },
                "5": {
                    "type": "instance",
                    "class_path": "autogalaxy.ellipse.ellipse.ellipse.Ellipse",
                    "arguments": {
                        "centre": {
                            "type": "tuple",
                            "values": [
                                -0.00051448141998,
                                -0.00346098630806
                            ]
                        },
                        "ell_comps": {
                            "type": "tuple",
                            "values": [
                                -0.08375763194482,
                                -0.10837267318362
                            ]
                        },
                        "major_axis": 1.5
                    }
                },
                "6": {
                    "type": "instance",
                    "class_path": "autogalaxy.ellipse.ellipse.ellipse.Ellipse",
                    "arguments": {
                        "centre": {
                            "type": "tuple",
                            "values": [
                                -0.00051448141998,
                                -0.00346098630806
                            ]
                        },
                        "ell_comps": {
                            "type": "tuple",
                            "values": [
                                -0.07348473988125,
                                -0.08851038193992
                            ]
                        },
                        "major_axis": 1.75
                    }
                },
                "7": {
                    "type": "instance",
                    "class_path": "autogalaxy.ellipse.ellipse.ellipse.Ellipse",
                    "arguments": {
                        "centre": {
                            "type": "tuple",
                            "values": [
                                -0.00051448141998,
                                -0.00346098630806
                            ]
                        },
                        "ell_comps": {
                            "type": "tuple",
                            "values": [
                                -0.06366341470837,
                                -0.09409554487425
                            ]
                        },
                        "major_axis": 2.0
                    }
                },
                "8": {
                    "type": "instance",
                    "class_path": "autogalaxy.ellipse.ellipse.ellipse.Ellipse",
                    "arguments": {
                        "centre": {
                            "type": "tuple",
                            "values": [
                                -0.00051448141998,
                                -0.00346098630806
                            ]
                        },
                        "ell_comps": {
                            "type": "tuple",
                            "values": [
                                -0.03943415882751,
                                -0.04123185659814
                            ]
                        },
                        "major_axis": 2.25
                    }
                },
                "9": {
                    "type": "instance",
                    "class_path": "autogalaxy.ellipse.ellipse.ellipse.Ellipse",
                    "arguments": {
                        "centre": {
                            "type": "tuple",
                            "values": [
                                -0.00051448141998,
                                -0.00346098630806
                            ]
                        },
                        "ell_comps": {
                            "type": "tuple",
                            "values": [
                                -0.02135498242781,
                                -0.08958509749855
                            ]
                        },
                        "major_axis": 2.5
                    }
                },
                "10": {
                    "type": "instance",
                    "class_path": "autogalaxy.ellipse.ellipse.ellipse.Ellipse",
                    "arguments": {
                        "centre": {
                            "type": "tuple",
                            "values": [
                                -0.00051448141998,
                                -0.00346098630806
                            ]
                        },
                        "ell_comps": {
                            "type": "tuple",
                            "values": [
                                -0.03299665047355,
                                -0.07032319351012
                            ]
                        },
                        "major_axis": 2.75
                    }
                },
                "11": {
                    "type": "instance",
                    "class_path": "autogalaxy.ellipse.ellipse.ellipse.Ellipse",
                    "arguments": {
                        "centre": {
                            "type": "tuple",
                            "values": [
                                -0.00051448141998,
                                -0.00346098630806
                            ]
                        },
                        "ell_comps": {
                            "type": "tuple",
                            "values": [
                                -0.05695963852404,
                                -0.06936989433317
                            ]
                        },
                        "major_axis": 3.0
                    }
                }
            }
        },
        "dummy_0": {
            "lower_limit": -0.1,
            "upper_limit": 0.1,
            "type": "Uniform",
            "id": 104
        }
    }
}