{
    "type": "instance",
    "class_path": "autofit.non_linear.samples.summary.SamplesSummary",
    "arguments": {
        "model": null,
        "median_pdf_sample": {
            "type": "instance",
            "class_path": "autofit.non_linear.samples.sample.Sample",
            "arguments": {
                "log_likelihood": -213.70815126255917,
                "log_prior": 0.0,
                "weight": 0.0009649746689821963,
                "kwargs": {
                    "type": "dict",
                    "arguments": {
                        "ellipses.ellipse_4.centre.centre_0": 0.0004685062592378735,
                        "ellipses.ellipse_4.centre.centre_1": 0.0002834607822182063,
                        "ellipses.ellipse_0.ell_comps.ell_comps_0": -0.000770570170968574,
                        "ellipses.ellipse_0.ell_comps.ell_comps_1": -0.03766409373457,
                        "ellipses.ellipse_1.ell_comps.ell_comps_0": -0.006543861260792883,
                        "ellipses.ellipse_1.ell_comps.ell_comps_1": -0.038172023395179555,
                        "ellipses.ellipse_2.ell_comps.ell_comps_0": -0.021907376040396095,
                        "ellipses.ellipse_2.ell_comps.ell_comps_1": -0.02601178779326,
                        "ellipses.ellipse_3.ell_comps.ell_comps_0": 0.0014801580181959843,
                        "ellipses.ellipse_3.ell_comps.ell_comps_1": 0.04258889389289395,
                        "ellipses.ellipse_4.ell_comps.ell_comps_0": -0.01813991954288177,
                        "ellipses.ellipse_4.ell_comps.ell_comps_1": 0.07189754462543867
                    }
                }
            }
        },
        "values_at_sigma_3": {
            "type": "list",
            "values": [
                {
                    "type": "tuple",
                    "values": [
                        -0.0010274269431049547,
                        0.002015383074864051
                    ]
                },
                {
                    "type": "tuple",
                    "values": [
                        -0.00120797180439,
                        0.0018747636913618152
                    ]
                },
                {
                    "type": "tuple",
                    "values": [
                        -0.006720398378568237,
                        0.0054997592780687676
                    ]
                },
                {
                    "type": "tuple",
                    "values": [
                        -0.044352091469433315,
                        -0.03049233723137069
                    ]
                },
                {
                    "type": "tuple",
                    "values": [
                        -0.01390462011944,
                        0.00022310212182871376
                    ]
                },
                {
                    "type": "tuple",
                    "values": [
                        -0.04605915748434,
                        -0.03002715502607
                    ]
                },
                {
                    "type": "tuple",
                    "values": [
                        -0.02989977863309,
                        -0.010117361189952611
                    ]
                },
                {
                    "type": "tuple",
                    "values": [
                        -0.03765108190278,
                        -0.015286919479753943
                    ]
                },
                {
                    "type": "tuple",
                    "values": [
                        -0.0168062730813358,
                        0.00861248627336
                    ]
                },
                {
                    "type": "tuple",
                    "values": [
                        -0.008025028017914267,
                        0.051335803819361016
                    ]
                },
                {
                    "type": "tuple",
                    "values": [
                        -0.024918377169549734,
                        0.00027520491385460747
                    ]
                },
                {
                    "type": "tuple",
                    "values": [
                        0.05012947430752,
                        0.08836641825228042
                    ]
                }
            ]
        },
        "values_at_sigma_1": {
            "type": "list",
            "values": [
                {
                    "type": "tuple",
                    "values": [
                        -5.847391929e-05,
                        0.0010384951304956542
                    ]
                },
                {
                    "type": "tuple",
                    "values": [
                        -0.00026629487675721466,
                        0.0008045972510895075
                    ]
                },
                {
                    "type": "tuple",
                    "values": [
                        -0.002500718507530806,
                        0.0012357151498
                    ]
                },
                {
                    "type": "tuple",
                    "values": [
                        -0.040260324842762554,
                        -0.03514696927391
                    ]
                },
                {
                    "type": "tuple",
                    "values": [
                        -0.00913027646558,
                        -0.00426054959665
                    ]
                },
                {
                    "type": "tuple",
                    "values": [
                        -0.04064602726031981,
                        -0.03588065608565093
                    ]
                },
                {
                    "type": "tuple",
                    "values": [
                        -0.025107163094238584,
                        -0.016251386360123528
                    ]
                },
                {
                    "type": "tuple",
                    "values": [
                        -0.029835973000053383,
                        -0.021890368939858736
                    ]
                },
                {
                    "type": "tuple",
                    "values": [
                        -0.0010396785469221808,
                        0.0036419066787463914
                    ]
                },
                {
                    "type": "tuple",
                    "values": [
                        0.04044854306536325,
                        0.04479711905536
                    ]
                },
                {
                    "type": "tuple",
                    "values": [
                        -0.02091463465216,
                        -0.01330773773349
                    ]
                },
                {
                    "type": "tuple",
                    "values": [
                        0.06998109788128422,
                        0.07376005322943517
                    ]
                }
            ]
        },
        "errors_at_sigma_1": {
            "type": "list",
            "values": [
                {
                    "type": "tuple",
                    "values": [
                        0.0005269801785278735,
                        0.0005699888712577807
                    ]
                },
                {
                    "type": "tuple",
                    "values": [
                        0.000549755658975421,
                        0.0005211364688713011
                    ]
                },
                {
                    "type": "tuple",
                    "values": [
                        0.001730148336562232,
                        0.002006285320768574
                    ]
                },
                {
                    "type": "tuple",
                    "values": [
                        0.0025962311081925565,
                        0.002517124460659999
                    ]
                },
                {
                    "type": "tuple",
                    "values": [
                        0.002586415204787117,
                        0.0022833116641428827
                    ]
                },
                {
                    "type": "tuple",
                    "values": [
                        0.0024740038651402535,
                        0.0022913673095286274
                    ]
                },
                {
                    "type": "tuple",
                    "values": [
                        0.0031997870538424886,
                        0.005655989680272568
                    ]
                },
                {
                    "type": "tuple",
                    "values": [
                        0.003824185206793382,
                        0.0041214188534012645
                    ]
                },
                {
                    "type": "tuple",
                    "values": [
                        0.002519836565118165,
                        0.002161748660550407
                    ]
                },
                {
                    "type": "tuple",
                    "values": [
                        0.002140350827530696,
                        0.0022082251624660487
                    ]
                },
                {
                    "type": "tuple",
                    "values": [
                        0.0027747151092782293,
                        0.004832181809391772
                    ]
                },
                {
                    "type": "tuple",
                    "values": [
                        0.0019164467441544486,
                        0.0018625086039965044
                    ]
                }
            ]
        },
        "log_evidence": -272.9425473166666,
        "max_log_likelihood_sample": {
            "type": "instance",
            "class_path": "autofit.non_linear.samples.sample.Sample",
            "arguments": {
                "log_likelihood": -213.70815126255917,
                "log_prior": 0.0,
                "weight": 0.0009649746689821963,
                "kwargs": {
                    "type": "dict",
                    "arguments": {
                        "ellipses.ellipse_4.centre.centre_0": 0.00019698652251,
                        "ellipses.ellipse_4.centre.centre_1": 6.649790821e-05,
                        "ellipses.ellipse_0.ell_comps.ell_comps_0": -0.00054861324787,
                        "ellipses.ellipse_0.ell_comps.ell_comps_1": -0.03825672930269,
                        "ellipses.ellipse_1.ell_comps.ell_comps_0": -0.00576934303917,
                        "ellipses.ellipse_1.ell_comps.ell_comps_1": -0.04002412166246,
                        "ellipses.ellipse_2.ell_comps.ell_comps_0": -0.02162869860823,
                        "ellipses.ellipse_2.ell_comps.ell_comps_1": -0.02597100765137,
                        "ellipses.ellipse_3.ell_comps.ell_comps_0": 0.00274451070695,
                        "ellipses.ellipse_3.ell_comps.ell_comps_1": 0.04332699520541,
                        "ellipses.ellipse_4.ell_comps.ell_comps_0": -0.01901097014433,
                        "ellipses.ellipse_4.ell_comps.ell_comps_1": 0.07148892924574
                    }
                }
            }
        },
        "errors_at_sigma_3": {
            "type": "list",
            "values": [
                {
                    "type": "tuple",
                    "values": [
                        0.0014959332023428283,
                        0.0015468768156261777
                    ]
                },
                {
                    "type": "tuple",
                    "values": [
                        0.0014914325866082065,
                        0.0015913029091436089
                    ]
                },
                {
                    "type": "tuple",
                    "values": [
                        0.005949828207599663,
                        0.006270329449037342
                    ]
                },
                {
                    "type": "tuple",
                    "values": [
                        0.006687997734863317,
                        0.0071717565031993065
                    ]
                },
                {
                    "type": "tuple",
                    "values": [
                        0.007360758858647118,
                        0.006766963382621597
                    ]
                },
                {
                    "type": "tuple",
                    "values": [
                        0.007887134089160447,
                        0.008144868369109555
                    ]
                },
                {
                    "type": "tuple",
                    "values": [
                        0.007992402592693904,
                        0.011790014850443484
                    ]
                },
                {
                    "type": "tuple",
                    "values": [
                        0.011639294109519999,
                        0.010724868313506058
                    ]
                },
                {
                    "type": "tuple",
                    "values": [
                        0.018286431099531784,
                        0.007132328255164016
                    ]
                },
                {
                    "type": "tuple",
                    "values": [
                        0.05061392191080821,
                        0.008746909926467067
                    ]
                },
                {
                    "type": "tuple",
                    "values": [
                        0.006778457626667962,
                        0.01841512445673638
                    ]
                },
                {
                    "type": "tuple",
                    "values": [
                        0.021768070317918664,
                        0.016468873626841754
                    ]
                }
            ]
        }
    }
}