{
    "type": "instance",
    "class_path": "autofit.non_linear.samples.summary.SamplesSummary",
    "arguments": {
        "values_at_sigma_1": {
            "type": "list",
            "values": [
                {
                    "type": "tuple",
                    "values": [
                        0.013126102832312619,
                        0.030557557782359347
                    ]
                },
                {
                    "type": "tuple",
                    "values": [
                        0.015768585724195504,
                        0.03145993315287595
                    ]
                }
            ]
        },
        "values_at_sigma_3": {
            "type": "list",
            "values": [
                {
                    "type": "tuple",
                    "values": [
                        -0.00100190320631,
                        0.04360968339776456
                    ]
                },
                {
                    "type": "tuple",
                    "values": [
                        0.001711065758552119,
                        0.046209907991568246
                    ]
                }
            ]
        },
        "model": null,
        "median_pdf_sample": {
            "type": "instance",
            "class_path": "autofit.non_linear.samples.sample.Sample",
            "arguments": {
                "log_likelihood": -2.6997344421027742,
                "log_prior": 0.0,
                "weight": 0.000980409542165831,
                "kwargs": {
                    "type": "dict",
                    "arguments": {
                        "ellipses.0.ell_comps.ell_comps_0": 0.02118679230485882,
                        "ellipses.0.ell_comps.ell_comps_1": 0.02427366239103
                    }
                }
            }
        },
        "max_log_likelihood_sample": {
            "type": "instance",
            "class_path": "autofit.non_linear.samples.sample.Sample",
            "arguments": {
                "log_likelihood": -2.6997344421027742,
                "log_prior": 0.0,
                "weight": 0.000980409542165831,
                "kwargs": {
                    "type": "dict",
                    "arguments": {
                        "ellipses.0.ell_comps.ell_comps_0": 0.02023676059371,
                        "ellipses.0.ell_comps.ell_comps_1": 0.02312135754792
                    }
                }
            }
        },
        "errors_at_sigma_3": {
            "type": "list",
            "values": [
                {
                    "type": "tuple",
                    "values": [
                        0.02218869551116882,
                        0.02242289109290574
                    ]
                },
                {
                    "type": "tuple",
                    "values": [
                        0.022562596632477883,
                        0.021936245600538244
                    ]
                }
            ]
        },
        "errors_at_sigma_1": {
            "type": "list",
            "values": [
                {
                    "type": "tuple",
                    "values": [
                        0.008060689472546203,
                        0.009370765477500525
                    ]
                },
                {
                    "type": "tuple",
                    "values": [
                        0.008505076666834498,
                        0.007186270761845949
                    ]
                }
            ]
        },
        "log_evidence": -11.148787352090576
    }
}