{
    "type": "instance",
    "class_path": "autofit.non_linear.samples.summary.SamplesSummary",
    "arguments": {
        "model": null,
        "errors_at_sigma_3": {
            "type": "list",
            "values": [
                {
                    "type": "tuple",
                    "values": [
                        0.06827011441122288,
                        0.010882417270864392
                    ]
                },
                {
                    "type": "tuple",
                    "values": [
                        0.05433315900214222,
                        0.007673426890617938
                    ]
                }
            ]
        },
        "max_log_likelihood_sample": {
            "type": "instance",
            "class_path": "autofit.non_linear.samples.sample.Sample",
            "arguments": {
                "log_likelihood": -52.039023091733284,
                "log_prior": 0.0,
                "weight": 0.0010037125177745202,
                "kwargs": {
                    "type": "dict",
                    "arguments": {
                        "ellipses.0.ell_comps.ell_comps_0": -0.18521584450451,
                        "ellipses.0.ell_comps.ell_comps_1": 0.08745220578227
                    }
                }
            }
        },
        "log_evidence": -64.33151607951956,
        "median_pdf_sample": {
            "type": "instance",
            "class_path": "autofit.non_linear.samples.sample.Sample",
            "arguments": {
                "log_likelihood": -52.039023091733284,
                "log_prior": 0.0,
                "weight": 0.0010037125177745202,
                "kwargs": {
                    "type": "dict",
                    "arguments": {
                        "ellipses.0.ell_comps.ell_comps_0": -0.18404614169937367,
                        "ellipses.0.ell_comps.ell_comps_1": 0.08845205843098222
                    }
                }
            }
        },
        "values_at_sigma_3": {
            "type": "list",
            "values": [
                {
                    "type": "tuple",
                    "values": [
                        -0.25231625611059655,
                        -0.17316372442850927
                    ]
                },
                {
                    "type": "tuple",
                    "values": [
                        0.03411889942884,
                        0.09612548532160016
                    ]
                }
            ]
        },
        "errors_at_sigma_1": {
            "type": "list",
            "values": [
                {
                    "type": "tuple",
                    "values": [
                        0.002058890099576327,
                        0.0027534002936050184
                    ]
                },
                {
                    "type": "tuple",
                    "values": [
                        0.0022220333551722232,
                        0.003271909810619117
                    ]
                }
            ]
        },
        "values_at_sigma_1": {
            "type": "list",
            "values": [
                {
                    "type": "tuple",
                    "values": [
                        -0.18610503179895,
                        -0.18129274140576865
                    ]
                },
                {
                    "type": "tuple",
                    "values": [
                        0.08623002507581,
                        0.09172396824160134
                    ]
                }
            ]
        }
    }
}