{
    "type": "instance",
    "class_path": "autofit.non_linear.samples.summary.SamplesSummary",
    "arguments": {
        "median_pdf_sample": {
            "type": "instance",
            "class_path": "autofit.non_linear.samples.sample.Sample",
            "arguments": {
                "log_likelihood": -8.978307311729512,
                "log_prior": 0.0,
                "weight": 0.0009790354449423296,
                "kwargs": {
                    "type": "dict",
                    "arguments": {
                        "ellipses.0.ell_comps.ell_comps_0": 0.05017499887726,
                        "ellipses.0.ell_comps.ell_comps_1": -0.008310566607661373
                    }
                }
            }
        },
        "errors_at_sigma_1": {
            "type": "list",
            "values": [
                {
                    "type": "tuple",
                    "values": [
                        0.0029147185106745757,
                        0.004420558230291513
                    ]
                },
                {
                    "type": "tuple",
                    "values": [
                        0.003110518684657613,
                        0.004170968265732102
                    ]
                }
            ]
        },
        "values_at_sigma_1": {
            "type": "list",
            "values": [
                {
                    "type": "tuple",
                    "values": [
                        0.047260280366585423,
                        0.05459555710755151
                    ]
                },
                {
                    "type": "tuple",
                    "values": [
                        -0.011421085292318986,
                        -0.004139598341929271
                    ]
                }
            ]
        },
        "errors_at_sigma_3": {
            "type": "list",
            "values": [
                {
                    "type": "tuple",
                    "values": [
                        0.010699636884185279,
                        0.012522073622520002
                    ]
                },
                {
                    "type": "tuple",
                    "values": [
                        0.010803792064877646,
                        0.012907061923351372
                    ]
                }
            ]
        },
        "max_log_likelihood_sample": {
            "type": "instance",
            "class_path": "autofit.non_linear.samples.sample.Sample",
            "arguments": {
                "log_likelihood": -8.978307311729512,
                "log_prior": 0.0,
                "weight": 0.0009790354449423296,
                "kwargs": {
                    "type": "dict",
                    "arguments": {
                        "ellipses.0.ell_comps.ell_comps_0": 0.05052032184321,
                        "ellipses.0.ell_comps.ell_comps_1": -0.00718911674665
                    }
                }
            }
        },
        "log_evidence": -18.94849933819094,
        "model": null,
        "values_at_sigma_3": {
            "type": "list",
            "values": [
                {
                    "type": "tuple",
                    "values": [
                        0.03947536199307472,
                        0.06269707249978
                    ]
                },
                {
                    "type": "tuple",
                    "values": [
                        -0.01911435867253902,
                        0.00459649531569
                    ]
                }
            ]
        }
    }
}