{
    "type": "instance",
    "class_path": "autofit.non_linear.samples.summary.SamplesSummary",
    "arguments": {
        "values_at_sigma_3": {
            "type": "list",
            "values": [
                {
                    "type": "tuple",
                    "values": [
                        -0.13835933437870096,
                        -0.12942992145630583
                    ]
                },
                {
                    "type": "tuple",
                    "values": [
                        -0.0388636544813,
                        -0.02918547808332
                    ]
                }
            ]
        },
        "values_at_sigma_1": {
            "type": "list",
            "values": [
                {
                    "type": "tuple",
                    "values": [
                        -0.1350797321292424,
                        -0.13240444162951
                    ]
                },
                {
                    "type": "tuple",
                    "values": [
                        -0.03589045857542443,
                        -0.03273113541722173
                    ]
                }
            ]
        },
        "median_pdf_sample": {
            "type": "instance",
            "class_path": "autofit.non_linear.samples.sample.Sample",
            "arguments": {
                "log_likelihood": -72.29743596751983,
                "log_prior": 0.0,
                "weight": 0.0009833441317948477,
                "kwargs": {
                    "type": "dict",
                    "arguments": {
                        "ellipses.0.ell_comps.ell_comps_0": -0.1336670691173815,
                        "ellipses.0.ell_comps.ell_comps_1": -0.034535150537256636
                    }
                }
            }
        },
        "log_evidence": -83.33054939725099,
        "max_log_likelihood_sample": {
            "type": "instance",
            "class_path": "autofit.non_linear.samples.sample.Sample",
            "arguments": {
                "log_likelihood": -72.29743596751983,
                "log_prior": 0.0,
                "weight": 0.0009833441317948477,
                "kwargs": {
                    "type": "dict",
                    "arguments": {
                        "ellipses.0.ell_comps.ell_comps_0": -0.13378375727808,
                        "ellipses.0.ell_comps.ell_comps_1": -0.03455477276437
                    }
                }
            }
        },
        "model": null,
        "errors_at_sigma_3": {
            "type": "list",
            "values": [
                {
                    "type": "tuple",
                    "values": [
                        0.004692265261319467,
                        0.004237147661075663
                    ]
                },
                {
                    "type": "tuple",
                    "values": [
                        0.004328503944043362,
                        0.005349672453936635
                    ]
                }
            ]
        },
        "errors_at_sigma_1": {
            "type": "list",
            "values": [
                {
                    "type": "tuple",
                    "values": [
                        0.0014126630118609096,
                        0.0012626274878714816
                    ]
                },
                {
                    "type": "tuple",
                    "values": [
                        0.0013553080381677948,
                        0.0018040151200349047
                    ]
                }
            ]
        }
    }
}