{
    "type": "instance",
    "class_path": "autofit.non_linear.samples.summary.SamplesSummary",
    "arguments": {
        "errors_at_sigma_1": {
            "type": "list",
            "values": [
                {
                    "type": "tuple",
                    "values": [
                        0.009643451022985704,
                        0.005275115940226099
                    ]
                },
                {
                    "type": "tuple",
                    "values": [
                        0.0034056213681846054,
                        0.004807317173757333
                    ]
                }
            ]
        },
        "max_log_likelihood_sample": {
            "type": "instance",
            "class_path": "autofit.non_linear.samples.sample.Sample",
            "arguments": {
                "log_likelihood": -34.002161523327715,
                "log_prior": 0.0,
                "weight": 0.0009936966581089912,
                "kwargs": {
                    "type": "dict",
                    "arguments": {
                        "ellipses.0.ell_comps.ell_comps_0": -0.01670782376342,
                        "ellipses.0.ell_comps.ell_comps_1": -0.05267770032565
                    }
                }
            }
        },
        "model": null,
        "errors_at_sigma_3": {
            "type": "list",
            "values": [
                {
                    "type": "tuple",
                    "values": [
                        0.019722004259331478,
                        0.011674565543321018
                    ]
                },
                {
                    "type": "tuple",
                    "values": [
                        0.008606212401536667,
                        0.0173762211272684
                    ]
                }
            ]
        },
        "values_at_sigma_3": {
            "type": "list",
            "values": [
                {
                    "type": "tuple",
                    "values": [
                        -0.03915051762236577,
                        -0.007753947819713276
                    ]
                },
                {
                    "type": "tuple",
                    "values": [
                        -0.060432364781695065,
                        -0.03444993125289
                    ]
                }
            ]
        },
        "log_evidence": -43.46815489628031,
        "median_pdf_sample": {
            "type": "instance",
            "class_path": "autofit.non_linear.samples.sample.Sample",
            "arguments": {
                "log_likelihood": -34.002161523327715,
                "log_prior": 0.0,
                "weight": 0.0009936966581089912,
                "kwargs": {
                    "type": "dict",
                    "arguments": {
                        "ellipses.0.ell_comps.ell_comps_0": -0.019428513363034295,
                        "ellipses.0.ell_comps.ell_comps_1": -0.0518261523801584
                    }
                }
            }
        },
        "values_at_sigma_1": {
            "type": "list",
            "values": [
                {
                    "type": "tuple",
                    "values": [
                        -0.02907196438602,
                        -0.014153397422808196
                    ]
                },
                {
                    "type": "tuple",
                    "values": [
                        -0.055231773748343004,
                        -0.047018835206401065
                    ]
                }
            ]
        }
    }
}