{
    "type": "instance",
    "class_path": "autofit.non_linear.samples.summary.SamplesSummary",
    "arguments": {
        "values_at_sigma_3": {
            "type": "list",
            "values": [
                {
                    "type": "tuple",
                    "values": [
                        0.06798779459652982,
                        0.09270023806241845
                    ]
                },
                {
                    "type": "tuple",
                    "values": [
                        -0.10200747639371,
                        -0.07777131052976184
                    ]
                }
            ]
        },
        "model": null,
        "median_pdf_sample": {
            "type": "instance",
            "class_path": "autofit.non_linear.samples.sample.Sample",
            "arguments": {
                "log_likelihood": -2.55485425035517,
                "log_prior": 0.0,
                "weight": 0.0009894156626181452,
                "kwargs": {
                    "type": "dict",
                    "arguments": {
                        "ellipses.0.ell_comps.ell_comps_0": 0.07943059933457,
                        "ellipses.0.ell_comps.ell_comps_1": -0.08980465030091554
                    }
                }
            }
        },
        "errors_at_sigma_1": {
            "type": "list",
            "values": [
                {
                    "type": "tuple",
                    "values": [
                        0.0037852341232761932,
                        0.004797812948227995
                    ]
                },
                {
                    "type": "tuple",
                    "values": [
                        0.004644687474448697,
                        0.004441996267215545
                    ]
                }
            ]
        },
        "max_log_likelihood_sample": {
            "type": "instance",
            "class_path": "autofit.non_linear.samples.sample.Sample",
            "arguments": {
                "log_likelihood": -2.55485425035517,
                "log_prior": 0.0,
                "weight": 0.0009894156626181452,
                "kwargs": {
                    "type": "dict",
                    "arguments": {
                        "ellipses.0.ell_comps.ell_comps_0": 0.07994838918923,
                        "ellipses.0.ell_comps.ell_comps_1": -0.08993610696947
                    }
                }
            }
        },
        "errors_at_sigma_3": {
            "type": "list",
            "values": [
                {
                    "type": "tuple",
                    "values": [
                        0.011442804738040185,
                        0.013269638727848448
                    ]
                },
                {
                    "type": "tuple",
                    "values": [
                        0.012202826092794453,
                        0.0120333397711537
                    ]
                }
            ]
        },
        "values_at_sigma_1": {
            "type": "list",
            "values": [
                {
                    "type": "tuple",
                    "values": [
                        0.07564536521129381,
                        0.084228412282798
                    ]
                },
                {
                    "type": "tuple",
                    "values": [
                        -0.09444933777536424,
                        -0.0853626540337
                    ]
                }
            ]
        },
        "log_evidence": -12.746030984126891
    }
}