{
    "type": "instance",
    "class_path": "autofit.non_linear.samples.summary.SamplesSummary",
    "arguments": {
        "errors_at_sigma_3": {
            "type": "list",
            "values": [
                {
                    "type": "tuple",
                    "values": [
                        0.0023718494100256142,
                        0.0019503811144456408
                    ]
                },
                {
                    "type": "tuple",
                    "values": [
                        0.0014742046712941667,
                        0.00164157461498
                    ]
                },
                {
                    "type": "tuple",
                    "values": [
                        0.006874768652187151,
                        0.0076393614981628485
                    ]
                },
                {
                    "type": "tuple",
                    "values": [
                        0.008687050218859266,
                        0.006823253196552262
                    ]
                },
                {
                    "type": "tuple",
                    "values": [
                        0.002039787388410162,
                        0.0018610670022358809
                    ]
                },
                {
                    "type": "tuple",
                    "values": [
                        0.00246228967667,
                        0.0022611932407200002
                    ]
                },
                {
                    "type": "tuple",
                    "values": [
                        0.002020192110091742,
                        0.0023899364212267215
                    ]
                },
                {
                    "type": "tuple",
                    "values": [
                        0.00181810439276,
                        0.00267094883756
                    ]
                },
                {
                    "type": "tuple",
                    "values": [
                        0.009373277472394118,
                        0.006036315559372757
                    ]
                },
                {
                    "type": "tuple",
                    "values": [
                        0.011033565953285765,
                        0.009412567945488795
                    ]
                },
                {
                    "type": "tuple",
                    "values": [
                        0.006921358385666295,
                        0.007020413393379255
                    ]
                },
                {
                    "type": "tuple",
                    "values": [
                        0.004962076203090001,
                        0.005281986841349251
                    ]
                },
                {
                    "type": "tuple",
                    "values": [
                        0.007745156702257764,
                        0.008776668935849436
                    ]
                },
                {
                    "type": "tuple",
                    "values": [
                        0.011218307489309416,
                        0.009294785832921263
                    ]
                },
                {
                    "type": "tuple",
                    "values": [
                        0.006338952477782397,
                        0.008283852965140124
                    ]
                },
                {
                    "type": "tuple",
                    "values": [
                        0.006413831612544413,
                        0.008613186055814251
                    ]
                },
                {
                    "type": "tuple",
                    "values": [
                        0.011679276636760392,
                        0.015080397743019005
                    ]
                },
                {
                    "type": "tuple",
                    "values": [
                        0.01696873777502543,
                        0.013568250163196186
                    ]
                },
                {
                    "type": "tuple",
                    "values": [
                        0.00710145923779212,
                        0.01272492155067
                    ]
                },
                {
                    "type": "tuple",
                    "values": [
                        0.020700440607370002,
                        0.013987688120135178
                    ]
                },
                {
                    "type": "tuple",
                    "values": [
                        0.008608163166065656,
                        0.0118371014392736
                    ]
                },
                {
                    "type": "tuple",
                    "values": [
                        0.015386146337376255,
                        0.018057224673810005
                    ]
                },
                {
                    "type": "tuple",
                    "values": [
                        0.017534347415215014,
                        0.03372265987586513
                    ]
                },
                {
                    "type": "tuple",
                    "values": [
                        0.03572080944436011,
                        0.033990184306639894
                    ]
                },
                {
                    "type": "tuple",
                    "values": [
                        0.02836758113811299,
                        0.01695247652814297
                    ]
                },
                {
                    "type": "tuple",
                    "values": [
                        0.0259747371827,
                        0.02895480939803
                    ]
                },
                {
                    "type": "tuple",
                    "values": [
                        0.025886136660223366,
                        0.010815051561075387
                    ]
                },
                {
                    "type": "tuple",
                    "values": [
                        0.0047869950932106775,
                        0.03013197649315444
                    ]
                },
                {
                    "type": "tuple",
                    "values": [
                        0.023616470959689443,
                        0.056533691819041686
                    ]
                },
                {
                    "type": "tuple",
                    "values": [
                        0.020538437339484315,
                        0.025546889956785168
                    ]
                },
                {
                    "type": "tuple",
                    "values": [
                        0.016327616671521755,
                        0.042365876430935256
                    ]
                },
                {
                    "type": "tuple",
                    "values": [
                        0.06592164821600463,
                        0.021921057198876485
                    ]
                }
            ]
        },
        "errors_at_sigma_1": {
            "type": "list",
            "values": [
                {
                    "type": "tuple",
                    "values": [
                        0.00065857544682,
                        0.0006208688887
                    ]
                },
                {
                    "type": "tuple",
                    "values": [
                        0.0005509950555254741,
                        0.0006147372365200001
                    ]
                },
                {
                    "type": "tuple",
                    "values": [
                        0.0022017834594739508,
                        0.002600754035862844
                    ]
                },
                {
                    "type": "tuple",
                    "values": [
                        0.002661332195960278,
                        0.002757296306682852
                    ]
                },
                {
                    "type": "tuple",
                    "values": [
                        0.0007386224796241195,
                        0.0008022945793938539
                    ]
                },
                {
                    "type": "tuple",
                    "values": [
                        0.000827372678191804,
                        0.0007296388049278817
                    ]
                },
                {
                    "type": "tuple",
                    "values": [
                        0.000815646227243861,
                        0.0009033161750910448
                    ]
                },
                {
                    "type": "tuple",
                    "values": [
                        0.0006994212423373023,
                        0.0007598826489300004
                    ]
                },
                {
                    "type": "tuple",
                    "values": [
                        0.002761697627299966,
                        0.0024635436086337843
                    ]
                },
                {
                    "type": "tuple",
                    "values": [
                        0.004167059536730688,
                        0.004050159113119317
                    ]
                },
                {
                    "type": "tuple",
                    "values": [
                        0.0021999122062162954,
                        0.0026770476115707802
                    ]
                },
                {
                    "type": "tuple",
                    "values": [
                        0.0019217974384293996,
                        0.0018638680367811696
                    ]
                },
                {
                    "type": "tuple",
                    "values": [
                        0.003167296092316745,
                        0.004141432950722236
                    ]
                },
                {
                    "type": "tuple",
                    "values": [
                        0.004494289925797052,
                        0.0037565626007220994
                    ]
                },
                {
                    "type": "tuple",
                    "values": [
                        0.002112769956369274,
                        0.0029314200885101234
                    ]
                },
                {
                    "type": "tuple",
                    "values": [
                        0.002004862432346266,
                        0.0028673620504642977
                    ]
                },
                {
                    "type": "tuple",
                    "values": [
                        0.004760311178223014,
                        0.007092912381659219
                    ]
                },
                {
                    "type": "tuple",
                    "values": [
                        0.004557203447265025,
                        0.0046107048584645705
                    ]
                },
                {
                    "type": "tuple",
                    "values": [
                        0.002641265980319999,
                        0.003223444776701863
                    ]
                },
                {
                    "type": "tuple",
                    "values": [
                        0.00548539748594,
                        0.00497503825076
                    ]
                },
                {
                    "type": "tuple",
                    "values": [
                        0.0035581932123927434,
                        0.002618907143994348
                    ]
                },
                {
                    "type": "tuple",
                    "values": [
                        0.004409334767387349,
                        0.0038963061693200046
                    ]
                },
                {
                    "type": "tuple",
                    "values": [
                        0.006462925820925013,
                        0.013566125577724988
                    ]
                },
                {
                    "type": "tuple",
                    "values": [
                        0.01745884074763436,
                        0.01119309886962696
                    ]
                },
                {
                    "type": "tuple",
                    "values": [
                        0.007615622545309994,
                        0.0074170385712712394
                    ]
                },
                {
                    "type": "tuple",
                    "values": [
                        0.009308969997997057,
                        0.006836521434773812
                    ]
                },
                {
                    "type": "tuple",
                    "values": [
                        0.009126705964,
                        0.002405592099977092
                    ]
                },
                {
                    "type": "tuple",
                    "values": [
                        0.0017177840881499873,
                        0.025462933939885884
                    ]
                },
                {
                    "type": "tuple",
                    "values": [
                        0.006465345845831843,
                        0.009566851756350001
                    ]
                },
                {
                    "type": "tuple",
                    "values": [
                        0.005849638319399997,
                        0.010592119203850905
                    ]
                },
                {
                    "type": "tuple",
                    "values": [
                        0.004724001284228185,
                        0.00647669735151237
                    ]
                },
                {
                    "type": "tuple",
                    "values": [
                        0.009220954336623524,
                        0.007531530013885006
                    ]
                }
            ]
        },
        "values_at_sigma_3": {
            "type": "list",
            "values": [
                {
                    "type": "tuple",
                    "values": [
                        -0.0024643480891056143,
                        0.0018578824353656408
                    ]
                },
                {
                    "type": "tuple",
                    "values": [
                        -0.0009898863414141666,
                        0.00212589294486
                    ]
                },
                {
                    "type": "tuple",
                    "values": [
                        0.02665255826687,
                        0.04116668841722
                    ]
                },
                {
                    "type": "tuple",
                    "values": [
                        -0.11805269444934899,
                        -0.10254239103393746
                    ]
                },
                {
                    "type": "tuple",
                    "values": [
                        -0.006416175328716043,
                        -0.00251532093807
                    ]
                },
                {
                    "type": "tuple",
                    "values": [
                        -0.00322221196393,
                        0.00150127095346
                    ]
                },
                {
                    "type": "tuple",
                    "values": [
                        -0.0033527004829427866,
                        0.001057428048375677
                    ]
                },
                {
                    "type": "tuple",
                    "values": [
                        0.00028770576831,
                        0.00477675899863
                    ]
                },
                {
                    "type": "tuple",
                    "values": [
                        0.011111607479582097,
                        0.026521200511348972
                    ]
                },
                {
                    "type": "tuple",
                    "values": [
                        -0.08417666274141508,
                        -0.06373052884264052
                    ]
                },
                {
                    "type": "tuple",
                    "values": [
                        -0.00791004438195,
                        0.006031727397095551
                    ]
                },
                {
                    "type": "tuple",
                    "values": [
                        -0.00286438349711,
                        0.0073796795473292515
                    ]
                },
                {
                    "type": "tuple",
                    "values": [
                        -0.00997368099444,
                        0.0065481446436672
                    ]
                },
                {
                    "type": "tuple",
                    "values": [
                        -0.01928242117769904,
                        0.001230672144531638
                    ]
                },
                {
                    "type": "tuple",
                    "values": [
                        0.004900448744167479,
                        0.01952325418709
                    ]
                },
                {
                    "type": "tuple",
                    "values": [
                        -0.08636436810343946,
                        -0.0713373504350808
                    ]
                },
                {
                    "type": "tuple",
                    "values": [
                        -0.00997517791264961,
                        0.016784496467129786
                    ]
                },
                {
                    "type": "tuple",
                    "values": [
                        -0.01880002427935,
                        0.011736963658871617
                    ]
                },
                {
                    "type": "tuple",
                    "values": [
                        -0.02345073634286212,
                        -0.0036243555544
                    ]
                },
                {
                    "type": "tuple",
                    "values": [
                        -0.02111327075578,
                        0.013574857971725177
                    ]
                },
                {
                    "type": "tuple",
                    "values": [
                        0.04630968206425,
                        0.06675494666958925
                    ]
                },
                {
                    "type": "tuple",
                    "values": [
                        -0.10826583590944626,
                        -0.07482246489826
                    ]
                },
                {
                    "type": "tuple",
                    "values": [
                        -0.03371137567587,
                        0.017545631615210146
                    ]
                },
                {
                    "type": "tuple",
                    "values": [
                        -0.09864981127239,
                        -0.02893881752139
                    ]
                },
                {
                    "type": "tuple",
                    "values": [
                        -0.07406157584800299,
                        -0.02874151818174703
                    ]
                },
                {
                    "type": "tuple",
                    "values": [
                        -0.00542011892079,
                        0.04950942765994
                    ]
                },
                {
                    "type": "tuple",
                    "values": [
                        -0.028497104421183365,
                        0.008204083800115386
                    ]
                },
                {
                    "type": "tuple",
                    "values": [
                        -0.16660516410718068,
                        -0.13168619252081556
                    ]
                },
                {
                    "type": "tuple",
                    "values": [
                        -0.05218846185441944,
                        0.027961700924311685
                    ]
                },
                {
                    "type": "tuple",
                    "values": [
                        -0.07197986682167432,
                        -0.025894539525404832
                    ]
                },
                {
                    "type": "tuple",
                    "values": [
                        -0.031462604748889046,
                        0.02723088835356796
                    ]
                },
                {
                    "type": "tuple",
                    "values": [
                        -0.006447812685370163,
                        0.08139489272951095
                    ]
                }
            ]
        },
        "values_at_sigma_1": {
            "type": "list",
            "values": [
                {
                    "type": "tuple",
                    "values": [
                        -0.0007510741259,
                        0.00052837020962
                    ]
                },
                {
                    "type": "tuple",
                    "values": [
                        -6.667672564547407e-05,
                        0.0010990555664
                    ]
                },
                {
                    "type": "tuple",
                    "values": [
                        0.0313255434595832,
                        0.03612808095492
                    ]
                },
                {
                    "type": "tuple",
                    "values": [
                        -0.11202697642645,
                        -0.10660834792380687
                    ]
                },
                {
                    "type": "tuple",
                    "values": [
                        -0.00511501041993,
                        -0.003574093360912027
                    ]
                },
                {
                    "type": "tuple",
                    "values": [
                        -0.001587294965451804,
                        -3.0283482332118254e-05
                    ]
                },
                {
                    "type": "tuple",
                    "values": [
                        -0.002148154600094906,
                        -0.00042919219776
                    ]
                },
                {
                    "type": "tuple",
                    "values": [
                        0.0014063889187326975,
                        0.00286569281
                    ]
                },
                {
                    "type": "tuple",
                    "values": [
                        0.01772318732467625,
                        0.02294842856061
                    ]
                },
                {
                    "type": "tuple",
                    "values": [
                        -0.07731015632486,
                        -0.06909293767501
                    ]
                },
                {
                    "type": "tuple",
                    "values": [
                        -0.0031885982025,
                        0.001688361615287076
                    ]
                },
                {
                    "type": "tuple",
                    "values": [
                        0.00017589526755060057,
                        0.00396156074276117
                    ]
                },
                {
                    "type": "tuple",
                    "values": [
                        -0.005395820384498981,
                        0.00191290865854
                    ]
                },
                {
                    "type": "tuple",
                    "values": [
                        -0.012558403614186676,
                        -0.004307551087667525
                    ]
                },
                {
                    "type": "tuple",
                    "values": [
                        0.009126631265580602,
                        0.01417082131046
                    ]
                },
                {
                    "type": "tuple",
                    "values": [
                        -0.08195539892324132,
                        -0.07708317444043075
                    ]
                },
                {
                    "type": "tuple",
                    "values": [
                        -0.003056212454112232,
                        0.00879701110577
                    ]
                },
                {
                    "type": "tuple",
                    "values": [
                        -0.006388489951589594,
                        0.00277941835414
                    ]
                },
                {
                    "type": "tuple",
                    "values": [
                        -0.01899054308539,
                        -0.013125832328368137
                    ]
                },
                {
                    "type": "tuple",
                    "values": [
                        -0.00589822763435,
                        0.00456220810235
                    ]
                },
                {
                    "type": "tuple",
                    "values": [
                        0.05135965201792291,
                        0.05753675237431
                    ]
                },
                {
                    "type": "tuple",
                    "values": [
                        -0.09728902433945735,
                        -0.08898338340275
                    ]
                },
                {
                    "type": "tuple",
                    "values": [
                        -0.02263995408158,
                        -0.00261090268293
                    ]
                },
                {
                    "type": "tuple",
                    "values": [
                        -0.08038784257566425,
                        -0.051735902958402934
                    ]
                },
                {
                    "type": "tuple",
                    "values": [
                        -0.0533096172552,
                        -0.03827695613861876
                    ]
                },
                {
                    "type": "tuple",
                    "values": [
                        0.011245648263912944,
                        0.027391139696683813
                    ]
                },
                {
                    "type": "tuple",
                    "values": [
                        -0.01173767372496,
                        -0.000205375660982908
                    ]
                },
                {
                    "type": "tuple",
                    "values": [
                        -0.16353595310212,
                        -0.13635523507408412
                    ]
                },
                {
                    "type": "tuple",
                    "values": [
                        -0.03503733674056184,
                        -0.01900513913838
                    ]
                },
                {
                    "type": "tuple",
                    "values": [
                        -0.05729106780159,
                        -0.040849310278339095
                    ]
                },
                {
                    "type": "tuple",
                    "values": [
                        -0.019858989361595476,
                        -0.008658290725854922
                    ]
                },
                {
                    "type": "tuple",
                    "values": [
                        0.05025288119401094,
                        0.06700536554451947
                    ]
                }
            ]
        },
        "log_evidence": -275.8953965843765,
        "median_pdf_sample": {
            "type": "instance",
            "class_path": "autofit.non_linear.samples.sample.Sample",
            "arguments": {
                "log_likelihood": -187.94757403655916,
                "log_prior": 0.0,
                "weight": 0.0011425183559537618,
                "kwargs": {
                    "type": "dict",
                    "arguments": {
                        "ellipses.ellipse_4.centre.centre_0": -9.249867908e-05,
                        "ellipses.ellipse_4.centre.centre_1": 0.00048431832988,
                        "ellipses.ellipse_0.ell_comps.ell_comps_0": 0.03352732691905715,
                        "ellipses.ellipse_0.ell_comps.ell_comps_1": -0.10936564423048972,
                        "multipoles.0.multipole_3.multipole_comps.multipole_comps_0": -0.004376387940305881,
                        "multipoles.0.multipole_3.multipole_comps.multipole_comps_1": -0.00075992228726,
                        "multipoles.0.multipole_4.multipole_comps.multipole_comps_0": -0.0013325083728510448,
                        "multipoles.0.multipole_4.multipole_comps.multipole_comps_1": 0.00210581016107,
                        "ellipses.ellipse_1.ell_comps.ell_comps_0": 0.020484884951976215,
                        "ellipses.ellipse_1.ell_comps.ell_comps_1": -0.07314309678812932,
                        "multipoles.1.multipole_3.multipole_comps.multipole_comps_0": -0.0009886859962837044,
                        "multipoles.1.multipole_3.multipole_comps.multipole_comps_1": 0.00209769270598,
                        "multipoles.1.multipole_4.multipole_comps.multipole_comps_0": -0.0022285242921822363,
                        "multipoles.1.multipole_4.multipole_comps.multipole_comps_1": -0.008064113688389624,
                        "ellipses.ellipse_2.ell_comps.ell_comps_0": 0.011239401221949876,
                        "ellipses.ellipse_2.ell_comps.ell_comps_1": -0.07995053649089505,
                        "multipoles.2.multipole_3.multipole_comps.multipole_comps_0": 0.0017040987241107818,
                        "multipoles.2.multipole_3.multipole_comps.multipole_comps_1": -0.00183128650432457,
                        "multipoles.2.multipole_4.multipole_comps.multipole_comps_0": -0.01634927710507,
                        "multipoles.2.multipole_4.multipole_comps.multipole_comps_1": -0.00041283014841,
                        "ellipses.ellipse_3.ell_comps.ell_comps_0": 0.054917845230315655,
                        "ellipses.ellipse_3.ell_comps.ell_comps_1": -0.09287968957207,
                        "multipoles.3.multipole_3.multipole_comps.multipole_comps_0": -0.016177028260654987,
                        "multipoles.3.multipole_3.multipole_comps.multipole_comps_1": -0.06292900182802989,
                        "multipoles.3.multipole_4.multipole_comps.multipole_comps_0": -0.04569399470989,
                        "multipoles.3.multipole_4.multipole_comps.multipole_comps_1": 0.02055461826191,
                        "ellipses.ellipse_4.ell_comps.ell_comps_0": -0.00261096776096,
                        "ellipses.ellipse_4.ell_comps.ell_comps_1": -0.16181816901397,
                        "multipoles.4.multipole_3.multipole_comps.multipole_comps_0": -0.02857199089473,
                        "multipoles.4.multipole_3.multipole_comps.multipole_comps_1": -0.05144142948219,
                        "multipoles.4.multipole_4.multipole_comps.multipole_comps_0": -0.015134988077367292,
                        "multipoles.4.multipole_4.multipole_comps.multipole_comps_1": 0.05947383553063446
                    }
                }
            }
        },
        "max_log_likelihood_sample": {
            "type": "instance",
            "class_path": "autofit.non_linear.samples.sample.Sample",
            "arguments": {
                "log_likelihood": -187.94757403655916,
                "log_prior": 0.0,
                "weight": 0.0011425183559537618,
                "kwargs": {
                    "type": "dict",
                    "arguments": {
                        "ellipses.ellipse_4.centre.centre_0": -0.00101941883072,
                        "ellipses.ellipse_4.centre.centre_1": 0.00103206982605,
                        "ellipses.ellipse_0.ell_comps.ell_comps_0": 0.02965904910125,
                        "ellipses.ellipse_0.ell_comps.ell_comps_1": -0.11054123914515,
                        "multipoles.0.multipole_3.multipole_comps.multipole_comps_0": -0.00495466795355,
                        "multipoles.0.multipole_3.multipole_comps.multipole_comps_1": -0.00105818511096,
                        "multipoles.0.multipole_4.multipole_comps.multipole_comps_0": -0.0004878683011,
                        "multipoles.0.multipole_4.multipole_comps.multipole_comps_1": 0.00117701654688,
                        "ellipses.ellipse_1.ell_comps.ell_comps_0": 0.02479588319992,
                        "ellipses.ellipse_1.ell_comps.ell_comps_1": -0.07595636228126,
                        "multipoles.1.multipole_3.multipole_comps.multipole_comps_0": 0.00011043493079,
                        "multipoles.1.multipole_3.multipole_comps.multipole_comps_1": 0.00296162019617,
                        "multipoles.1.multipole_4.multipole_comps.multipole_comps_0": -0.00287778741107,
                        "multipoles.1.multipole_4.multipole_comps.multipole_comps_1": -0.00720806535878,
                        "ellipses.ellipse_2.ell_comps.ell_comps_0": 0.0093618439458,
                        "ellipses.ellipse_2.ell_comps.ell_comps_1": -0.0839898144676,
                        "multipoles.2.multipole_3.multipole_comps.multipole_comps_0": 0.01004141454703,
                        "multipoles.2.multipole_3.multipole_comps.multipole_comps_1": -0.01119155166883,
                        "multipoles.2.multipole_4.multipole_comps.multipole_comps_0": -0.01396538906891,
                        "multipoles.2.multipole_4.multipole_comps.multipole_comps_1": 0.01106574040857,
                        "ellipses.ellipse_3.ell_comps.ell_comps_0": 0.05660393818968,
                        "ellipses.ellipse_3.ell_comps.ell_comps_1": -0.09277495399099,
                        "multipoles.3.multipole_3.multipole_comps.multipole_comps_0": -0.01311106651499,
                        "multipoles.3.multipole_3.multipole_comps.multipole_comps_1": -0.08382850681325,
                        "multipoles.3.multipole_4.multipole_comps.multipole_comps_0": -0.03470695907419,
                        "multipoles.3.multipole_4.multipole_comps.multipole_comps_1": 0.01653993668951,
                        "ellipses.ellipse_4.ell_comps.ell_comps_0": -0.00548679085719,
                        "ellipses.ellipse_4.ell_comps.ell_comps_1": -0.13547288621912,
                        "multipoles.4.multipole_3.multipole_comps.multipole_comps_0": -0.02952396060017,
                        "multipoles.4.multipole_3.multipole_comps.multipole_comps_1": -0.04424623021863,
                        "multipoles.4.multipole_4.multipole_comps.multipole_comps_0": -0.01788578218716,
                        "multipoles.4.multipole_4.multipole_comps.multipole_comps_1": 0.07673759686852
                    }
                }
            }
        },
        "model": null
    }
}