{
    "type": "instance",
    "class_path": "autofit.non_linear.samples.summary.SamplesSummary",
    "arguments": {
        "values_at_sigma_1": {
            "type": "list",
            "values": [
                {
                    "type": "tuple",
                    "values": [
                        -0.05498883988503,
                        0.011605114068362314
                    ]
                },
                {
                    "type": "tuple",
                    "values": [
                        -0.07909959412087,
                        -0.011118760523633664
                    ]
                }
            ]
        },
        "errors_at_sigma_3": {
            "type": "list",
            "values": [
                {
                    "type": "tuple",
                    "values": [
                        0.027798989667281927,
                        0.10422318842049441
                    ]
                },
                {
                    "type": "tuple",
                    "values": [
                        0.0866131681239542,
                        0.02844975049437734
                    ]
                }
            ]
        },
        "log_evidence": -27.9607125272587,
        "median_pdf_sample": {
            "type": "instance",
            "class_path": "autofit.non_linear.samples.sample.Sample",
            "arguments": {
                "log_likelihood": -19.78505037112046,
                "log_prior": 0.0,
                "weight": 0.0009878848901589679,
                "kwargs": {
                    "type": "dict",
                    "arguments": {
                        "ellipses.0.ell_comps.ell_comps_0": -0.046301214036057144,
                        "ellipses.0.ell_comps.ell_comps_1": -0.023927221859946682
                    }
                }
            }
        },
        "values_at_sigma_3": {
            "type": "list",
            "values": [
                {
                    "type": "tuple",
                    "values": [
                        -0.07410020370333907,
                        0.05792197438443726
                    ]
                },
                {
                    "type": "tuple",
                    "values": [
                        -0.11054038998390088,
                        0.0045225286344306595
                    ]
                }
            ]
        },
        "max_log_likelihood_sample": {
            "type": "instance",
            "class_path": "autofit.non_linear.samples.sample.Sample",
            "arguments": {
                "log_likelihood": -19.78505037112046,
                "log_prior": 0.0,
                "weight": 0.0009878848901589679,
                "kwargs": {
                    "type": "dict",
                    "arguments": {
                        "ellipses.0.ell_comps.ell_comps_0": -0.05137187737566,
                        "ellipses.0.ell_comps.ell_comps_1": -0.01242941539454
                    }
                }
            }
        },
        "model": null,
        "errors_at_sigma_1": {
            "type": "list",
            "values": [
                {
                    "type": "tuple",
                    "values": [
                        0.008687625848972855,
                        0.05790632810441946
                    ]
                },
                {
                    "type": "tuple",
                    "values": [
                        0.05517237226092332,
                        0.012808461336313018
                    ]
                }
            ]
        }
    }
}