{
    "type": "instance",
    "class_path": "autofit.non_linear.samples.summary.SamplesSummary",
    "arguments": {
        "errors_at_sigma_3": {
            "type": "list",
            "values": [
                {
                    "type": "tuple",
                    "values": [
                        0.011841036266860644,
                        0.016437800969690275
                    ]
                },
                {
                    "type": "tuple",
                    "values": [
                        0.015216026731750001,
                        0.016178922127669998
                    ]
                },
                {
                    "type": "tuple",
                    "values": [
                        0.024524474487080644,
                        0.02009305259647936
                    ]
                },
                {
                    "type": "tuple",
                    "values": [
                        0.01937290747524444,
                        0.016559067813685706
                    ]
                },
                {
                    "type": "tuple",
                    "values": [
                        0.01901257601513627,
                        0.018120882007298555
                    ]
                },
                {
                    "type": "tuple",
                    "values": [
                        0.02223523970939256,
                        0.02117111789170339
                    ]
                },
                {
                    "type": "tuple",
                    "values": [
                        0.022527651848531727,
                        0.02250730743740547
                    ]
                },
                {
                    "type": "tuple",
                    "values": [
                        0.021246620180448525,
                        0.027383003351481472
                    ]
                }
            ]
        },
        "model": null,
        "max_log_likelihood_sample": {
            "type": "instance",
            "class_path": "autofit.non_linear.samples.sample.Sample",
            "arguments": {
                "log_likelihood": -23.245873729051347,
                "log_prior": 0.0,
                "weight": 0.0010210501660344218,
                "kwargs": {
                    "type": "dict",
                    "arguments": {
                        "ellipses.0.ell_comps.ell_comps_0": -0.21977129592718,
                        "ellipses.0.ell_comps.ell_comps_1": 0.02771452646647,
                        "multipoles.0.multipole_1.multipole_comps.multipole_comps_0": 0.0099926241198,
                        "multipoles.0.multipole_1.multipole_comps.multipole_comps_1": 0.00720388951898,
                        "multipoles.0.multipole_3.multipole_comps.multipole_comps_0": -0.00593599350663,
                        "multipoles.0.multipole_3.multipole_comps.multipole_comps_1": 0.00103889448865,
                        "multipoles.0.multipole_4.multipole_comps.multipole_comps_0": 0.01233879265034,
                        "multipoles.0.multipole_4.multipole_comps.multipole_comps_1": -0.00532460297265
                    }
                }
            }
        },
        "log_evidence": -47.124813186132194,
        "median_pdf_sample": {
            "type": "instance",
            "class_path": "autofit.non_linear.samples.sample.Sample",
            "arguments": {
                "log_likelihood": -23.245873729051347,
                "log_prior": 0.0,
                "weight": 0.0010210501660344218,
                "kwargs": {
                    "type": "dict",
                    "arguments": {
                        "ellipses.0.ell_comps.ell_comps_0": -0.22225351892911027,
                        "ellipses.0.ell_comps.ell_comps_1": 0.02654650523575,
                        "multipoles.0.multipole_1.multipole_comps.multipole_comps_0": 0.008534669519180643,
                        "multipoles.0.multipole_1.multipole_comps.multipole_comps_1": 0.007377173483704439,
                        "multipoles.0.multipole_3.multipole_comps.multipole_comps_0": -0.005156766589266981,
                        "multipoles.0.multipole_3.multipole_comps.multipole_comps_1": -0.0011367521944,
                        "multipoles.0.multipole_4.multipole_comps.multipole_comps_0": 0.010696196304973834,
                        "multipoles.0.multipole_4.multipole_comps.multipole_comps_1": -0.008527523170301475
                    }
                }
            }
        },
        "values_at_sigma_1": {
            "type": "list",
            "values": [
                {
                    "type": "tuple",
                    "values": [
                        -0.22650988521392482,
                        -0.21679532604007665
                    ]
                },
                {
                    "type": "tuple",
                    "values": [
                        0.02146271689899,
                        0.03182245425168
                    ]
                },
                {
                    "type": "tuple",
                    "values": [
                        0.00028063358985181775,
                        0.01588172428386144
                    ]
                },
                {
                    "type": "tuple",
                    "values": [
                        0.00194071631721,
                        0.012644682196192388
                    ]
                },
                {
                    "type": "tuple",
                    "values": [
                        -0.01098566808935,
                        0.00156803048528
                    ]
                },
                {
                    "type": "tuple",
                    "values": [
                        -0.007502627498818499,
                        0.00579318185295
                    ]
                },
                {
                    "type": "tuple",
                    "values": [
                        0.004041545142126097,
                        0.017032105969981278
                    ]
                },
                {
                    "type": "tuple",
                    "values": [
                        -0.0156515925246857,
                        4.055710322752254e-05
                    ]
                }
            ]
        },
        "values_at_sigma_3": {
            "type": "list",
            "values": [
                {
                    "type": "tuple",
                    "values": [
                        -0.23409455519597092,
                        -0.20581571795942
                    ]
                },
                {
                    "type": "tuple",
                    "values": [
                        0.011330478504,
                        0.04272542736342
                    ]
                },
                {
                    "type": "tuple",
                    "values": [
                        -0.0159898049679,
                        0.02862772211566
                    ]
                },
                {
                    "type": "tuple",
                    "values": [
                        -0.01199573399154,
                        0.023936241297390144
                    ]
                },
                {
                    "type": "tuple",
                    "values": [
                        -0.024169342604403253,
                        0.012964115418031573
                    ]
                },
                {
                    "type": "tuple",
                    "values": [
                        -0.02337199190379256,
                        0.02003436569730339
                    ]
                },
                {
                    "type": "tuple",
                    "values": [
                        -0.011831455543557893,
                        0.033203503742379306
                    ]
                },
                {
                    "type": "tuple",
                    "values": [
                        -0.02977414335075,
                        0.01885548018118
                    ]
                }
            ]
        },
        "errors_at_sigma_1": {
            "type": "list",
            "values": [
                {
                    "type": "tuple",
                    "values": [
                        0.0042563662848145445,
                        0.005458192889033625
                    ]
                },
                {
                    "type": "tuple",
                    "values": [
                        0.005083788336760001,
                        0.005275949015930002
                    ]
                },
                {
                    "type": "tuple",
                    "values": [
                        0.008254035929328826,
                        0.007347054764680798
                    ]
                },
                {
                    "type": "tuple",
                    "values": [
                        0.005436457166494439,
                        0.005267508712487949
                    ]
                },
                {
                    "type": "tuple",
                    "values": [
                        0.005828901500083019,
                        0.006724797074546981
                    ]
                },
                {
                    "type": "tuple",
                    "values": [
                        0.006365875304418499,
                        0.00692993404735
                    ]
                },
                {
                    "type": "tuple",
                    "values": [
                        0.006654651162847737,
                        0.006335909665007444
                    ]
                },
                {
                    "type": "tuple",
                    "values": [
                        0.007124069354384225,
                        0.008568080273528997
                    ]
                }
            ]
        }
    }
}