{
    "type": "instance",
    "class_path": "autofit.non_linear.samples.summary.SamplesSummary",
    "arguments": {
        "values_at_sigma_3": {
            "type": "list",
            "values": [
                {
                    "type": "tuple",
                    "values": [
                        -0.004748238830934264,
                        0.03352360800776236
                    ]
                },
                {
                    "type": "tuple",
                    "values": [
                        -0.09683932777513,
                        -0.06930303085708021
                    ]
                },
                {
                    "type": "tuple",
                    "values": [
                        -0.020005645713579785,
                        0.05684061771908
                    ]
                },
                {
                    "type": "tuple",
                    "values": [
                        -0.04041578418018738,
                        0.03139526878170884
                    ]
                },
                {
                    "type": "tuple",
                    "values": [
                        -0.027830398491032235,
                        0.06568463204953784
                    ]
                },
                {
                    "type": "tuple",
                    "values": [
                        -0.03695358930346966,
                        0.057812057278881356
                    ]
                },
                {
                    "type": "tuple",
                    "values": [
                        -0.06097192438943,
                        0.03828940019770591
                    ]
                },
                {
                    "type": "tuple",
                    "values": [
                        -0.009499492776528277,
                        0.07186481093930976
                    ]
                }
            ]
        },
        "errors_at_sigma_3": {
            "type": "list",
            "values": [
                {
                    "type": "tuple",
                    "values": [
                        0.020536603607147635,
                        0.017735243231548986
                    ]
                },
                {
                    "type": "tuple",
                    "values": [
                        0.010518067621180002,
                        0.01701822929686979
                    ]
                },
                {
                    "type": "tuple",
                    "values": [
                        0.043851588613688944,
                        0.03299467481897084
                    ]
                },
                {
                    "type": "tuple",
                    "values": [
                        0.03916745493914738,
                        0.03264359802274884
                    ]
                },
                {
                    "type": "tuple",
                    "values": [
                        0.05653041199972918,
                        0.0369846185408409
                    ]
                },
                {
                    "type": "tuple",
                    "values": [
                        0.03799634199298416,
                        0.056769304589366854
                    ]
                },
                {
                    "type": "tuple",
                    "values": [
                        0.03833257280585587,
                        0.06092875178128004
                    ]
                },
                {
                    "type": "tuple",
                    "values": [
                        0.044717209730758274,
                        0.03664709398507976
                    ]
                }
            ]
        },
        "log_evidence": -48.09919896500575,
        "model": null,
        "values_at_sigma_1": {
            "type": "list",
            "values": [
                {
                    "type": "tuple",
                    "values": [
                        0.00683706920736,
                        0.02220824529269
                    ]
                },
                {
                    "type": "tuple",
                    "values": [
                        -0.09041722730578,
                        -0.07983055845614902
                    ]
                },
                {
                    "type": "tuple",
                    "values": [
                        0.00996519882679,
                        0.03657681578522
                    ]
                },
                {
                    "type": "tuple",
                    "values": [
                        -0.01459438652114,
                        0.01090736259451
                    ]
                },
                {
                    "type": "tuple",
                    "values": [
                        0.01402173636813,
                        0.04295677552122
                    ]
                },
                {
                    "type": "tuple",
                    "values": [
                        -0.014192574763148138,
                        0.0158601009542621
                    ]
                },
                {
                    "type": "tuple",
                    "values": [
                        -0.03521843664567,
                        -0.0065748366235393735
                    ]
                },
                {
                    "type": "tuple",
                    "values": [
                        0.02161266045667,
                        0.050243405583283295
                    ]
                }
            ]
        },
        "median_pdf_sample": {
            "type": "instance",
            "class_path": "autofit.non_linear.samples.sample.Sample",
            "arguments": {
                "log_likelihood": -26.65777815471818,
                "log_prior": 0.0,
                "weight": 0.000949812194932838,
                "kwargs": {
                    "type": "dict",
                    "arguments": {
                        "ellipses.0.ell_comps.ell_comps_0": 0.01578836477621337,
                        "ellipses.0.ell_comps.ell_comps_1": -0.08632126015395,
                        "multipoles.0.multipole_1.multipole_comps.multipole_comps_0": 0.02384594290010916,
                        "multipoles.0.multipole_1.multipole_comps.multipole_comps_1": -0.00124832924104,
                        "multipoles.0.multipole_3.multipole_comps.multipole_comps_0": 0.02870001350869694,
                        "multipoles.0.multipole_3.multipole_comps.multipole_comps_1": 0.0010427526895145024,
                        "multipoles.0.multipole_4.multipole_comps.multipole_comps_0": -0.02263935158357413,
                        "multipoles.0.multipole_4.multipole_comps.multipole_comps_1": 0.03521771695423
                    }
                }
            }
        },
        "errors_at_sigma_1": {
            "type": "list",
            "values": [
                {
                    "type": "tuple",
                    "values": [
                        0.00895129556885337,
                        0.006419880516476628
                    ]
                },
                {
                    "type": "tuple",
                    "values": [
                        0.004095967151829999,
                        0.006490701697800985
                    ]
                },
                {
                    "type": "tuple",
                    "values": [
                        0.013880744073319158,
                        0.01273087288511084
                    ]
                },
                {
                    "type": "tuple",
                    "values": [
                        0.0133460572801,
                        0.01215569183555
                    ]
                },
                {
                    "type": "tuple",
                    "values": [
                        0.014678277140566938,
                        0.014256762012523062
                    ]
                },
                {
                    "type": "tuple",
                    "values": [
                        0.01523532745266264,
                        0.014817348264747596
                    ]
                },
                {
                    "type": "tuple",
                    "values": [
                        0.012579085062095874,
                        0.016064514960034755
                    ]
                },
                {
                    "type": "tuple",
                    "values": [
                        0.013605056497559997,
                        0.015025688629053298
                    ]
                }
            ]
        },
        "max_log_likelihood_sample": {
            "type": "instance",
            "class_path": "autofit.non_linear.samples.sample.Sample",
            "arguments": {
                "log_likelihood": -26.65777815471818,
                "log_prior": 0.0,
                "weight": 0.000949812194932838,
                "kwargs": {
                    "type": "dict",
                    "arguments": {
                        "ellipses.0.ell_comps.ell_comps_0": 0.00943267804108,
                        "ellipses.0.ell_comps.ell_comps_1": -0.09013618436767,
                        "multipoles.0.multipole_1.multipole_comps.multipole_comps_0": 0.02223480529095,
                        "multipoles.0.multipole_1.multipole_comps.multipole_comps_1": -0.00852274319816,
                        "multipoles.0.multipole_3.multipole_comps.multipole_comps_0": 0.03408272407159,
                        "multipoles.0.multipole_3.multipole_comps.multipole_comps_1": 0.00862112278056,
                        "multipoles.0.multipole_4.multipole_comps.multipole_comps_0": -0.01453038466613,
                        "multipoles.0.multipole_4.multipole_comps.multipole_comps_1": 0.03562799567632
                    }
                }
            }
        }
    }
}