{
    "type": "instance",
    "class_path": "autofit.non_linear.samples.summary.SamplesSummary",
    "arguments": {
        "values_at_sigma_1": {
            "type": "list",
            "values": [
                {
                    "type": "tuple",
                    "values": [
                        -0.020975498621371078,
                        -0.011876112487113772
                    ]
                },
                {
                    "type": "tuple",
                    "values": [
                        -0.06332544494519869,
                        -0.05531026851857683
                    ]
                }
            ]
        },
        "errors_at_sigma_3": {
            "type": "list",
            "values": [
                {
                    "type": "tuple",
                    "values": [
                        0.013735961195935974,
                        0.01564333661133215
                    ]
                },
                {
                    "type": "tuple",
                    "values": [
                        0.01094686406514351,
                        0.015048214733006493
                    ]
                }
            ]
        },
        "median_pdf_sample": {
            "type": "instance",
            "class_path": "autofit.non_linear.samples.sample.Sample",
            "arguments": {
                "log_likelihood": -21.555893622921765,
                "log_prior": 0.0,
                "weight": 0.0009813495647419952,
                "kwargs": {
                    "type": "dict",
                    "arguments": {
                        "ellipses.0.ell_comps.ell_comps_0": -0.01653673749815021,
                        "ellipses.0.ell_comps.ell_comps_1": -0.059017892474146495
                    }
                }
            }
        },
        "log_evidence": -31.061808999038302,
        "errors_at_sigma_1": {
            "type": "list",
            "values": [
                {
                    "type": "tuple",
                    "values": [
                        0.004438761123220867,
                        0.004660625011036439
                    ]
                },
                {
                    "type": "tuple",
                    "values": [
                        0.0043075524710521965,
                        0.0037076239555696652
                    ]
                }
            ]
        },
        "model": null,
        "values_at_sigma_3": {
            "type": "list",
            "values": [
                {
                    "type": "tuple",
                    "values": [
                        -0.030272698694086185,
                        -0.0008934008868180614
                    ]
                },
                {
                    "type": "tuple",
                    "values": [
                        -0.06996475653929,
                        -0.04396967774114
                    ]
                }
            ]
        },
        "max_log_likelihood_sample": {
            "type": "instance",
            "class_path": "autofit.non_linear.samples.sample.Sample",
            "arguments": {
                "log_likelihood": -21.555893622921765,
                "log_prior": 0.0,
                "weight": 0.0009813495647419952,
                "kwargs": {
                    "type": "dict",
                    "arguments": {
                        "ellipses.0.ell_comps.ell_comps_0": -0.0160164129039,
                        "ellipses.0.ell_comps.ell_comps_1": -0.06144424097464
                    }
                }
            }
        }
    }
}