{
    "type": "instance",
    "class_path": "autofit.non_linear.samples.summary.SamplesSummary",
    "arguments": {
        "median_pdf_sample": {
            "type": "instance",
            "class_path": "autofit.non_linear.samples.sample.Sample",
            "arguments": {
                "log_likelihood": -46.15892362947387,
                "log_prior": 0.0,
                "weight": 0.0010415323995278075,
                "kwargs": {
                    "type": "dict",
                    "arguments": {
                        "ellipses.0.ell_comps.ell_comps_0": -0.20971761490780866,
                        "ellipses.0.ell_comps.ell_comps_1": 0.13723861462778922,
                        "multipoles.0.multipole_1.multipole_comps.multipole_comps_0": -0.019435680436478933,
                        "multipoles.0.multipole_1.multipole_comps.multipole_comps_1": 0.14584134559156,
                        "multipoles.0.multipole_3.multipole_comps.multipole_comps_0": 0.01154596624238,
                        "multipoles.0.multipole_3.multipole_comps.multipole_comps_1": 0.08273595275598364,
                        "multipoles.0.multipole_4.multipole_comps.multipole_comps_0": 0.06666926081538037,
                        "multipoles.0.multipole_4.multipole_comps.multipole_comps_1": -0.07116930576021861
                    }
                }
            }
        },
        "log_evidence": -69.8753850041916,
        "values_at_sigma_3": {
            "type": "list",
            "values": [
                {
                    "type": "tuple",
                    "values": [
                        -0.2539673174503256,
                        -0.17348193022515457
                    ]
                },
                {
                    "type": "tuple",
                    "values": [
                        0.09120046292955124,
                        0.15649515712161685
                    ]
                },
                {
                    "type": "tuple",
                    "values": [
                        -0.1498105996972,
                        0.02681375044254
                    ]
                },
                {
                    "type": "tuple",
                    "values": [
                        -0.16469907851493,
                        0.19769803749856
                    ]
                },
                {
                    "type": "tuple",
                    "values": [
                        -0.08591766524368,
                        0.05352642404517
                    ]
                },
                {
                    "type": "tuple",
                    "values": [
                        -0.03199759940489317,
                        0.09995468979726066
                    ]
                },
                {
                    "type": "tuple",
                    "values": [
                        -0.01288523873798,
                        0.09909118577234445
                    ]
                },
                {
                    "type": "tuple",
                    "values": [
                        -0.09845933770843,
                        0.04141592209459
                    ]
                }
            ]
        },
        "errors_at_sigma_3": {
            "type": "list",
            "values": [
                {
                    "type": "tuple",
                    "values": [
                        0.04424970254251692,
                        0.03623568468265409
                    ]
                },
                {
                    "type": "tuple",
                    "values": [
                        0.04603815169823798,
                        0.019256542493827633
                    ]
                },
                {
                    "type": "tuple",
                    "values": [
                        0.1303749192607211,
                        0.046249430879018935
                    ]
                },
                {
                    "type": "tuple",
                    "values": [
                        0.31054042410648997,
                        0.051856691906999985
                    ]
                },
                {
                    "type": "tuple",
                    "values": [
                        0.09746363148605999,
                        0.04198045780279
                    ]
                },
                {
                    "type": "tuple",
                    "values": [
                        0.1147335521608768,
                        0.01721873704127702
                    ]
                },
                {
                    "type": "tuple",
                    "values": [
                        0.07955449955336037,
                        0.03242192495696408
                    ]
                },
                {
                    "type": "tuple",
                    "values": [
                        0.02729003194821139,
                        0.11258522785480862
                    ]
                }
            ]
        },
        "errors_at_sigma_1": {
            "type": "list",
            "values": [
                {
                    "type": "tuple",
                    "values": [
                        0.0013454018985903093,
                        0.0018868681630786477
                    ]
                },
                {
                    "type": "tuple",
                    "values": [
                        0.0027688759503649574,
                        0.0021895710859407835
                    ]
                },
                {
                    "type": "tuple",
                    "values": [
                        0.01610944687253213,
                        0.015554562205698933
                    ]
                },
                {
                    "type": "tuple",
                    "values": [
                        0.011413571718162874,
                        0.012640210426139997
                    ]
                },
                {
                    "type": "tuple",
                    "values": [
                        0.01486570662901,
                        0.012527863078682252
                    ]
                },
                {
                    "type": "tuple",
                    "values": [
                        0.013436806841146648,
                        0.011934695441715673
                    ]
                },
                {
                    "type": "tuple",
                    "values": [
                        0.017402324875776955,
                        0.015086068574049635
                    ]
                },
                {
                    "type": "tuple",
                    "values": [
                        0.010966498836819341,
                        0.011409642085371131
                    ]
                }
            ]
        },
        "values_at_sigma_1": {
            "type": "list",
            "values": [
                {
                    "type": "tuple",
                    "values": [
                        -0.21106301680639897,
                        -0.20783074674473
                    ]
                },
                {
                    "type": "tuple",
                    "values": [
                        0.13446973867742426,
                        0.13942818571373
                    ]
                },
                {
                    "type": "tuple",
                    "values": [
                        -0.03554512730901106,
                        -0.00388111823078
                    ]
                },
                {
                    "type": "tuple",
                    "values": [
                        0.13442777387339713,
                        0.1584815560177
                    ]
                },
                {
                    "type": "tuple",
                    "values": [
                        -0.00331974038663,
                        0.02407382932106225
                    ]
                },
                {
                    "type": "tuple",
                    "values": [
                        0.06929914591483699,
                        0.09467064819769931
                    ]
                },
                {
                    "type": "tuple",
                    "values": [
                        0.049266935939603414,
                        0.08175532938943
                    ]
                },
                {
                    "type": "tuple",
                    "values": [
                        -0.08213580459703795,
                        -0.05975966367484748
                    ]
                }
            ]
        },
        "model": null,
        "max_log_likelihood_sample": {
            "type": "instance",
            "class_path": "autofit.non_linear.samples.sample.Sample",
            "arguments": {
                "log_likelihood": -46.15892362947387,
                "log_prior": 0.0,
                "weight": 0.0010415323995278075,
                "kwargs": {
                    "type": "dict",
                    "arguments": {
                        "ellipses.0.ell_comps.ell_comps_0": -0.2105694785049,
                        "ellipses.0.ell_comps.ell_comps_1": 0.13658234807683,
                        "multipoles.0.multipole_1.multipole_comps.multipole_comps_0": -0.02222212506384,
                        "multipoles.0.multipole_1.multipole_comps.multipole_comps_1": 0.13716448177614,
                        "multipoles.0.multipole_3.multipole_comps.multipole_comps_0": 0.02158836712857,
                        "multipoles.0.multipole_3.multipole_comps.multipole_comps_1": 0.09745424868023,
                        "multipoles.0.multipole_4.multipole_comps.multipole_comps_0": 0.05645418634936,
                        "multipoles.0.multipole_4.multipole_comps.multipole_comps_1": -0.07099765261117
                    }
                }
            }
        }
    }
}