{
    "type": "instance",
    "class_path": "autofit.non_linear.samples.summary.SamplesSummary",
    "arguments": {
        "errors_at_sigma_1": {
            "type": "list",
            "values": [
                {
                    "type": "tuple",
                    "values": [
                        0.003143309466122096,
                        0.0023108609408407643
                    ]
                },
                {
                    "type": "tuple",
                    "values": [
                        0.004493625237168591,
                        0.009174357432973734
                    ]
                }
            ]
        },
        "log_evidence": -59.22863109060044,
        "max_log_likelihood_sample": {
            "type": "instance",
            "class_path": "autofit.non_linear.samples.sample.Sample",
            "arguments": {
                "log_likelihood": -49.14243280144077,
                "log_prior": 0.0,
                "weight": 0.0009871544309014504,
                "kwargs": {
                    "type": "dict",
                    "arguments": {
                        "ellipses.0.ell_comps.ell_comps_0": -0.1300472952865,
                        "ellipses.0.ell_comps.ell_comps_1": 0.12663919310523
                    }
                }
            }
        },
        "values_at_sigma_1": {
            "type": "list",
            "values": [
                {
                    "type": "tuple",
                    "values": [
                        -0.132838032010162,
                        -0.12738386160319914
                    ]
                },
                {
                    "type": "tuple",
                    "values": [
                        0.1254532418481825,
                        0.13912122451832482
                    ]
                }
            ]
        },
        "errors_at_sigma_3": {
            "type": "list",
            "values": [
                {
                    "type": "tuple",
                    "values": [
                        0.014534788203942633,
                        0.007080006248879903
                    ]
                },
                {
                    "type": "tuple",
                    "values": [
                        0.009719192521315631,
                        0.013937650608912333
                    ]
                }
            ]
        },
        "model": null,
        "values_at_sigma_3": {
            "type": "list",
            "values": [
                {
                    "type": "tuple",
                    "values": [
                        -0.14422951074798254,
                        -0.12261471629516
                    ]
                },
                {
                    "type": "tuple",
                    "values": [
                        0.12022767456403545,
                        0.14388451769426341
                    ]
                }
            ]
        },
        "median_pdf_sample": {
            "type": "instance",
            "class_path": "autofit.non_linear.samples.sample.Sample",
            "arguments": {
                "log_likelihood": -49.14243280144077,
                "log_prior": 0.0,
                "weight": 0.0009871544309014504,
                "kwargs": {
                    "type": "dict",
                    "arguments": {
                        "ellipses.0.ell_comps.ell_comps_0": -0.1296947225440399,
                        "ellipses.0.ell_comps.ell_comps_1": 0.12994686708535108
                    }
                }
            }
        }
    }
}