{
    "type": "instance",
    "class_path": "autofit.non_linear.samples.summary.SamplesSummary",
    "arguments": {
        "values_at_sigma_3": {
            "type": "list",
            "values": [
                {
                    "type": "tuple",
                    "values": [
                        -0.12612886353399472,
                        -0.09050475009269
                    ]
                },
                {
                    "type": "tuple",
                    "values": [
                        -0.1481675545146025,
                        -0.11143985626499187
                    ]
                }
            ]
        },
        "errors_at_sigma_3": {
            "type": "list",
            "values": [
                {
                    "type": "tuple",
                    "values": [
                        0.01485839600728403,
                        0.020765717434020683
                    ]
                },
                {
                    "type": "tuple",
                    "values": [
                        0.014043481060251162,
                        0.02268421718935948
                    ]
                }
            ]
        },
        "values_at_sigma_1": {
            "type": "list",
            "values": [
                {
                    "type": "tuple",
                    "values": [
                        -0.1168756659350949,
                        -0.10668976961146978
                    ]
                },
                {
                    "type": "tuple",
                    "values": [
                        -0.13882734490855,
                        -0.1266317501673143
                    ]
                }
            ]
        },
        "errors_at_sigma_1": {
            "type": "list",
            "values": [
                {
                    "type": "tuple",
                    "values": [
                        0.005605198408384207,
                        0.0045806979152409055
                    ]
                },
                {
                    "type": "tuple",
                    "values": [
                        0.00470327145419866,
                        0.007492323287037056
                    ]
                }
            ]
        },
        "log_evidence": -27.46816337825475,
        "max_log_likelihood_sample": {
            "type": "instance",
            "class_path": "autofit.non_linear.samples.sample.Sample",
            "arguments": {
                "log_likelihood": -18.223108426934036,
                "log_prior": 0.0,
                "weight": 0.000984954679727864,
                "kwargs": {
                    "type": "dict",
                    "arguments": {
                        "ellipses.0.ell_comps.ell_comps_0": -0.11187071036491,
                        "ellipses.0.ell_comps.ell_comps_1": -0.13416139957722
                    }
                }
            }
        },
        "model": null,
        "median_pdf_sample": {
            "type": "instance",
            "class_path": "autofit.non_linear.samples.sample.Sample",
            "arguments": {
                "log_likelihood": -18.223108426934036,
                "log_prior": 0.0,
                "weight": 0.000984954679727864,
                "kwargs": {
                    "type": "dict",
                    "arguments": {
                        "ellipses.0.ell_comps.ell_comps_0": -0.11127046752671069,
                        "ellipses.0.ell_comps.ell_comps_1": -0.13412407345435134
                    }
                }
            }
        }
    }
}