{
    "type": "instance",
    "class_path": "autofit.non_linear.samples.summary.SamplesSummary",
    "arguments": {
        "values_at_sigma_1": {
            "type": "list",
            "values": [
                {
                    "type": "tuple",
                    "values": [
                        -0.01301804269781,
                        0.01183016180623
                    ]
                },
                {
                    "type": "tuple",
                    "values": [
                        -0.19980051308872598,
                        -0.15272961716568
                    ]
                },
                {
                    "type": "tuple",
                    "values": [
                        -0.04082193797650788,
                        0.06951851130065081
                    ]
                },
                {
                    "type": "tuple",
                    "values": [
                        -0.02719338795952098,
                        0.10697468298843
                    ]
                },
                {
                    "type": "tuple",
                    "values": [
                        -0.0177243465226,
                        0.05663521010506
                    ]
                },
                {
                    "type": "tuple",
                    "values": [
                        -0.026376437083759845,
                        0.04111813837018
                    ]
                },
                {
                    "type": "tuple",
                    "values": [
                        -0.058566240198302054,
                        0.04471246081112806
                    ]
                },
                {
                    "type": "tuple",
                    "values": [
                        -0.042267149008208216,
                        0.08594113212719
                    ]
                }
            ]
        },
        "errors_at_sigma_3": {
            "type": "list",
            "values": [
                {
                    "type": "tuple",
                    "values": [
                        0.022294005591439733,
                        0.017848893059949703
                    ]
                },
                {
                    "type": "tuple",
                    "values": [
                        0.04015076190874001,
                        0.019311571454830007
                    ]
                },
                {
                    "type": "tuple",
                    "values": [
                        0.12859747430021,
                        0.09734672256961224
                    ]
                },
                {
                    "type": "tuple",
                    "values": [
                        0.09265374007100703,
                        0.17939105242313602
                    ]
                },
                {
                    "type": "tuple",
                    "values": [
                        0.08574149084877,
                        0.06292569291262999
                    ]
                },
                {
                    "type": "tuple",
                    "values": [
                        0.09045299881898322,
                        0.05888533110619
                    ]
                },
                {
                    "type": "tuple",
                    "values": [
                        0.0895290301290339,
                        0.0901610761828161
                    ]
                },
                {
                    "type": "tuple",
                    "values": [
                        0.1122246939033,
                        0.06834656025059
                    ]
                }
            ]
        },
        "log_evidence": -65.21313978731962,
        "model": null,
        "values_at_sigma_3": {
            "type": "list",
            "values": [
                {
                    "type": "tuple",
                    "values": [
                        -0.020027790313932318,
                        0.020115108337457117
                    ]
                },
                {
                    "type": "tuple",
                    "values": [
                        -0.2095015702586,
                        -0.15003923689503
                    ]
                },
                {
                    "type": "tuple",
                    "values": [
                        -0.09636775147126,
                        0.12957644539856225
                    ]
                },
                {
                    "type": "tuple",
                    "values": [
                        -0.07934582782860305,
                        0.19269896466554
                    ]
                },
                {
                    "type": "tuple",
                    "values": [
                        -0.07130152832957,
                        0.07736565543183
                    ]
                },
                {
                    "type": "tuple",
                    "values": [
                        -0.07116003916730322,
                        0.07817829075787
                    ]
                },
                {
                    "type": "tuple",
                    "values": [
                        -0.08502940235978,
                        0.09466070395207
                    ]
                },
                {
                    "type": "tuple",
                    "values": [
                        -0.08068356649355,
                        0.09988768766034
                    ]
                }
            ]
        },
        "max_log_likelihood_sample": {
            "type": "instance",
            "class_path": "autofit.non_linear.samples.sample.Sample",
            "arguments": {
                "log_likelihood": -44.874230848588425,
                "log_prior": 0.0,
                "weight": 0.0008430254967925146,
                "kwargs": {
                    "type": "dict",
                    "arguments": {
                        "ellipses.0.ell_comps.ell_comps_0": 0.00474741422773,
                        "ellipses.0.ell_comps.ell_comps_1": -0.16706976519739,
                        "multipoles.0.multipole_1.multipole_comps.multipole_comps_0": -0.02550980874309,
                        "multipoles.0.multipole_1.multipole_comps.multipole_comps_1": 0.09251023835312,
                        "multipoles.0.multipole_3.multipole_comps.multipole_comps_0": 0.03460566695793,
                        "multipoles.0.multipole_3.multipole_comps.multipole_comps_1": 0.06117174443039,
                        "multipoles.0.multipole_4.multipole_comps.multipole_comps_0": 0.07292259183713,
                        "multipoles.0.multipole_4.multipole_comps.multipole_comps_1": -0.04524140535428
                    }
                }
            }
        },
        "median_pdf_sample": {
            "type": "instance",
            "class_path": "autofit.non_linear.samples.sample.Sample",
            "arguments": {
                "log_likelihood": -44.874230848588425,
                "log_prior": 0.0,
                "weight": 0.0008430254967925146,
                "kwargs": {
                    "type": "dict",
                    "arguments": {
                        "ellipses.0.ell_comps.ell_comps_0": 0.0022662152775074157,
                        "ellipses.0.ell_comps.ell_comps_1": -0.16935080834986,
                        "multipoles.0.multipole_1.multipole_comps.multipole_comps_0": 0.03222972282895,
                        "multipoles.0.multipole_1.multipole_comps.multipole_comps_1": 0.01330791224240398,
                        "multipoles.0.multipole_3.multipole_comps.multipole_comps_0": 0.0144399625192,
                        "multipoles.0.multipole_3.multipole_comps.multipole_comps_1": 0.01929295965168,
                        "multipoles.0.multipole_4.multipole_comps.multipole_comps_0": 0.00449962776925391,
                        "multipoles.0.multipole_4.multipole_comps.multipole_comps_1": 0.03154112740975
                    }
                }
            }
        },
        "errors_at_sigma_1": {
            "type": "list",
            "values": [
                {
                    "type": "tuple",
                    "values": [
                        0.015284257975317416,
                        0.009563946528722583
                    ]
                },
                {
                    "type": "tuple",
                    "values": [
                        0.03044970473886599,
                        0.016621191184179984
                    ]
                },
                {
                    "type": "tuple",
                    "values": [
                        0.07305166080545789,
                        0.037288788471700814
                    ]
                },
                {
                    "type": "tuple",
                    "values": [
                        0.04050130020192496,
                        0.09366677074602603
                    ]
                },
                {
                    "type": "tuple",
                    "values": [
                        0.032164309041799996,
                        0.042195247585860005
                    ]
                },
                {
                    "type": "tuple",
                    "values": [
                        0.04566939673543985,
                        0.021825178718500003
                    ]
                },
                {
                    "type": "tuple",
                    "values": [
                        0.06306586796755596,
                        0.04021283304187415
                    ]
                },
                {
                    "type": "tuple",
                    "values": [
                        0.07380827641795822,
                        0.05440000471744
                    ]
                }
            ]
        }
    }
}