{
    "type": "instance",
    "class_path": "autofit.non_linear.samples.summary.SamplesSummary",
    "arguments": {
        "values_at_sigma_3": {
            "type": "list",
            "values": [
                {
                    "type": "tuple",
                    "values": [
                        -0.13748720446360355,
                        -0.12975091404645178
                    ]
                },
                {
                    "type": "tuple",
                    "values": [
                        -0.0323022496828,
                        -0.02454133378411001
                    ]
                }
            ]
        },
        "values_at_sigma_1": {
            "type": "list",
            "values": [
                {
                    "type": "tuple",
                    "values": [
                        -0.13492785002454327,
                        -0.13246773666188608
                    ]
                },
                {
                    "type": "tuple",
                    "values": [
                        -0.0294797900876,
                        -0.026238523445290513
                    ]
                }
            ]
        },
        "median_pdf_sample": {
            "type": "instance",
            "class_path": "autofit.non_linear.samples.sample.Sample",
            "arguments": {
                "log_likelihood": -47.4494954117162,
                "log_prior": 0.0,
                "weight": 0.0009774211731010756,
                "kwargs": {
                    "type": "dict",
                    "arguments": {
                        "ellipses.0.ell_comps.ell_comps_0": -0.13363300786403,
                        "ellipses.0.ell_comps.ell_comps_1": -0.02821163657372
                    }
                }
            }
        },
        "log_evidence": -58.76115197982108,
        "max_log_likelihood_sample": {
            "type": "instance",
            "class_path": "autofit.non_linear.samples.sample.Sample",
            "arguments": {
                "log_likelihood": -47.4494954117162,
                "log_prior": 0.0,
                "weight": 0.0009774211731010756,
                "kwargs": {
                    "type": "dict",
                    "arguments": {
                        "ellipses.0.ell_comps.ell_comps_0": -0.13395575370862,
                        "ellipses.0.ell_comps.ell_comps_1": -0.02840232622918
                    }
                }
            }
        },
        "model": null,
        "errors_at_sigma_3": {
            "type": "list",
            "values": [
                {
                    "type": "tuple",
                    "values": [
                        0.003854196599573534,
                        0.0038820938175782305
                    ]
                },
                {
                    "type": "tuple",
                    "values": [
                        0.004090613109080002,
                        0.003670302789609989
                    ]
                }
            ]
        },
        "errors_at_sigma_1": {
            "type": "list",
            "values": [
                {
                    "type": "tuple",
                    "values": [
                        0.0012948421605132598,
                        0.001165271202143936
                    ]
                },
                {
                    "type": "tuple",
                    "values": [
                        0.0012681535138799986,
                        0.001973113128429488
                    ]
                }
            ]
        }
    }
}