{
    "type": "instance",
    "class_path": "autofit.non_linear.samples.summary.SamplesSummary",
    "arguments": {
        "values_at_sigma_3": {
            "type": "list",
            "values": [
                {
                    "type": "tuple",
                    "values": [
                        -0.12883573805374224,
                        -0.11054819451930595
                    ]
                },
                {
                    "type": "tuple",
                    "values": [
                        -0.027979623586328033,
                        -0.009779479520171582
                    ]
                }
            ]
        },
        "values_at_sigma_1": {
            "type": "list",
            "values": [
                {
                    "type": "tuple",
                    "values": [
                        -0.1227814917386531,
                        -0.11653502500975
                    ]
                },
                {
                    "type": "tuple",
                    "values": [
                        -0.02242158165231115,
                        -0.01588012461077
                    ]
                }
            ]
        },
        "median_pdf_sample": {
            "type": "instance",
            "class_path": "autofit.non_linear.samples.sample.Sample",
            "arguments": {
                "log_likelihood": -6.817079907582777,
                "log_prior": 0.0,
                "weight": 0.000979292054483221,
                "kwargs": {
                    "type": "dict",
                    "arguments": {
                        "ellipses.0.ell_comps.ell_comps_0": -0.11979433501322606,
                        "ellipses.0.ell_comps.ell_comps_1": -0.0187719661977
                    }
                }
            }
        },
        "log_evidence": -17.634490244181137,
        "max_log_likelihood_sample": {
            "type": "instance",
            "class_path": "autofit.non_linear.samples.sample.Sample",
            "arguments": {
                "log_likelihood": -6.817079907582777,
                "log_prior": 0.0,
                "weight": 0.000979292054483221,
                "kwargs": {
                    "type": "dict",
                    "arguments": {
                        "ellipses.0.ell_comps.ell_comps_0": -0.11973264783935,
                        "ellipses.0.ell_comps.ell_comps_1": -0.01892769554709
                    }
                }
            }
        },
        "model": null,
        "errors_at_sigma_3": {
            "type": "list",
            "values": [
                {
                    "type": "tuple",
                    "values": [
                        0.009041403040516177,
                        0.009246140493920113
                    ]
                },
                {
                    "type": "tuple",
                    "values": [
                        0.009207657388628034,
                        0.008992486677528418
                    ]
                }
            ]
        },
        "errors_at_sigma_1": {
            "type": "list",
            "values": [
                {
                    "type": "tuple",
                    "values": [
                        0.0029871567254270426,
                        0.003259310003476054
                    ]
                },
                {
                    "type": "tuple",
                    "values": [
                        0.0036496154546111492,
                        0.0028918415869300003
                    ]
                }
            ]
        }
    }
}