{
    "type": "instance",
    "class_path": "autofit.non_linear.samples.summary.SamplesSummary",
    "arguments": {
        "errors_at_sigma_3": {
            "type": "list",
            "values": [
                {
                    "type": "tuple",
                    "values": [
                        0.011695213180831388,
                        0.008629982001999742
                    ]
                },
                {
                    "type": "tuple",
                    "values": [
                        0.029841864002442764,
                        0.019692149168513307
                    ]
                },
                {
                    "type": "tuple",
                    "values": [
                        0.06255262443655953,
                        0.06927551030451934
                    ]
                },
                {
                    "type": "tuple",
                    "values": [
                        0.039102311468876966,
                        0.06945537723598999
                    ]
                },
                {
                    "type": "tuple",
                    "values": [
                        0.12423862895612381,
                        0.057471661333266776
                    ]
                },
                {
                    "type": "tuple",
                    "values": [
                        0.06098381774821,
                        0.07478046983755714
                    ]
                },
                {
                    "type": "tuple",
                    "values": [
                        0.03459024408797563,
                        0.06562694369931436
                    ]
                },
                {
                    "type": "tuple",
                    "values": [
                        0.06628756672818797,
                        0.06706307484371406
                    ]
                }
            ]
        },
        "model": null,
        "max_log_likelihood_sample": {
            "type": "instance",
            "class_path": "autofit.non_linear.samples.sample.Sample",
            "arguments": {
                "log_likelihood": -31.239064947724646,
                "log_prior": 0.0,
                "weight": 0.0010414288900506866,
                "kwargs": {
                    "type": "dict",
                    "arguments": {
                        "ellipses.0.ell_comps.ell_comps_0": -0.22147044608945,
                        "ellipses.0.ell_comps.ell_comps_1": 0.01116455513682,
                        "multipoles.0.multipole_1.multipole_comps.multipole_comps_0": -0.02184110377169,
                        "multipoles.0.multipole_1.multipole_comps.multipole_comps_1": -0.02941712207345,
                        "multipoles.0.multipole_3.multipole_comps.multipole_comps_0": 0.04368688868838,
                        "multipoles.0.multipole_3.multipole_comps.multipole_comps_1": -0.01006367971856,
                        "multipoles.0.multipole_4.multipole_comps.multipole_comps_0": -0.01436088332767,
                        "multipoles.0.multipole_4.multipole_comps.multipole_comps_1": 0.01405622124888
                    }
                }
            }
        },
        "log_evidence": -53.394170719522975,
        "median_pdf_sample": {
            "type": "instance",
            "class_path": "autofit.non_linear.samples.sample.Sample",
            "arguments": {
                "log_likelihood": -31.239064947724646,
                "log_prior": 0.0,
                "weight": 0.0010414288900506866,
                "kwargs": {
                    "type": "dict",
                    "arguments": {
                        "ellipses.0.ell_comps.ell_comps_0": -0.22097788087249862,
                        "ellipses.0.ell_comps.ell_comps_1": 0.01030433908882,
                        "multipoles.0.multipole_1.multipole_comps.multipole_comps_0": -0.016991077763523117,
                        "multipoles.0.multipole_1.multipole_comps.multipole_comps_1": -0.00645726995224,
                        "multipoles.0.multipole_3.multipole_comps.multipole_comps_0": 0.03702398552073322,
                        "multipoles.0.multipole_3.multipole_comps.multipole_comps_1": 0.0115690789344,
                        "multipoles.0.multipole_4.multipole_comps.multipole_comps_0": -0.011768316632284365,
                        "multipoles.0.multipole_4.multipole_comps.multipole_comps_1": 0.014090893812937016
                    }
                }
            }
        },
        "values_at_sigma_1": {
            "type": "list",
            "values": [
                {
                    "type": "tuple",
                    "values": [
                        -0.22354036172274,
                        -0.21844454764555857
                    ]
                },
                {
                    "type": "tuple",
                    "values": [
                        0.004654502642542281,
                        0.01577263141111
                    ]
                },
                {
                    "type": "tuple",
                    "values": [
                        -0.03869978419758,
                        0.0025343555899215503
                    ]
                },
                {
                    "type": "tuple",
                    "values": [
                        -0.0245256087221,
                        0.01530958650503
                    ]
                },
                {
                    "type": "tuple",
                    "values": [
                        0.016721122206343662,
                        0.05550510149025
                    ]
                },
                {
                    "type": "tuple",
                    "values": [
                        -0.008983651830949603,
                        0.03308046185037
                    ]
                },
                {
                    "type": "tuple",
                    "values": [
                        -0.025511245279411014,
                        0.005362491576588803
                    ]
                },
                {
                    "type": "tuple",
                    "values": [
                        -0.0029067057698094877,
                        0.03463495926901091
                    ]
                }
            ]
        },
        "values_at_sigma_3": {
            "type": "list",
            "values": [
                {
                    "type": "tuple",
                    "values": [
                        -0.23267309405333,
                        -0.21234789887049887
                    ]
                },
                {
                    "type": "tuple",
                    "values": [
                        -0.019537524913622765,
                        0.029996488257333306
                    ]
                },
                {
                    "type": "tuple",
                    "values": [
                        -0.07954370220008264,
                        0.05228443254099622
                    ]
                },
                {
                    "type": "tuple",
                    "values": [
                        -0.04555958142111696,
                        0.06299810728375
                    ]
                },
                {
                    "type": "tuple",
                    "values": [
                        -0.08721464343539058,
                        0.094495646854
                    ]
                },
                {
                    "type": "tuple",
                    "values": [
                        -0.04941473881381,
                        0.08634954877195714
                    ]
                },
                {
                    "type": "tuple",
                    "values": [
                        -0.04635856072026,
                        0.05385862706703
                    ]
                },
                {
                    "type": "tuple",
                    "values": [
                        -0.052196672915250965,
                        0.08115396865665107
                    ]
                }
            ]
        },
        "errors_at_sigma_1": {
            "type": "list",
            "values": [
                {
                    "type": "tuple",
                    "values": [
                        0.002562480850241383,
                        0.002533333226940049
                    ]
                },
                {
                    "type": "tuple",
                    "values": [
                        0.00564983644627772,
                        0.005468292322289998
                    ]
                },
                {
                    "type": "tuple",
                    "values": [
                        0.021708706434056885,
                        0.019525433353444668
                    ]
                },
                {
                    "type": "tuple",
                    "values": [
                        0.01806833876986,
                        0.02176685645727
                    ]
                },
                {
                    "type": "tuple",
                    "values": [
                        0.02030286331438956,
                        0.01848111596951678
                    ]
                },
                {
                    "type": "tuple",
                    "values": [
                        0.0205527307653496,
                        0.021511382915970004
                    ]
                },
                {
                    "type": "tuple",
                    "values": [
                        0.013742928647126649,
                        0.017130808208873166
                    ]
                },
                {
                    "type": "tuple",
                    "values": [
                        0.016997599582746506,
                        0.020544065456073894
                    ]
                }
            ]
        }
    }
}