{
    "type": "instance",
    "class_path": "autofit.non_linear.samples.summary.SamplesSummary",
    "arguments": {
        "model": null,
        "errors_at_sigma_3": {
            "type": "list",
            "values": [
                {
                    "type": "tuple",
                    "values": [
                        0.01875856852955539,
                        0.02921813916172082
                    ]
                },
                {
                    "type": "tuple",
                    "values": [
                        0.025117346783977475,
                        0.008432280796165259
                    ]
                }
            ]
        },
        "max_log_likelihood_sample": {
            "type": "instance",
            "class_path": "autofit.non_linear.samples.sample.Sample",
            "arguments": {
                "log_likelihood": -45.47174877858893,
                "log_prior": 0.0,
                "weight": 0.0009834907582626574,
                "kwargs": {
                    "type": "dict",
                    "arguments": {
                        "ellipses.0.ell_comps.ell_comps_0": -0.1065151293241,
                        "ellipses.0.ell_comps.ell_comps_1": 0.00826116042359
                    }
                }
            }
        },
        "log_evidence": -56.5064514907087,
        "median_pdf_sample": {
            "type": "instance",
            "class_path": "autofit.non_linear.samples.sample.Sample",
            "arguments": {
                "log_likelihood": -45.47174877858893,
                "log_prior": 0.0,
                "weight": 0.0009834907582626574,
                "kwargs": {
                    "type": "dict",
                    "arguments": {
                        "ellipses.0.ell_comps.ell_comps_0": -0.10686317854365,
                        "ellipses.0.ell_comps.ell_comps_1": 0.008153141322832822
                    }
                }
            }
        },
        "values_at_sigma_3": {
            "type": "list",
            "values": [
                {
                    "type": "tuple",
                    "values": [
                        -0.1256217470732054,
                        -0.07764503938192918
                    ]
                },
                {
                    "type": "tuple",
                    "values": [
                        -0.016964205461144653,
                        0.01658542211899808
                    ]
                }
            ]
        },
        "errors_at_sigma_1": {
            "type": "list",
            "values": [
                {
                    "type": "tuple",
                    "values": [
                        0.00264610397227813,
                        0.0026907070468361882
                    ]
                },
                {
                    "type": "tuple",
                    "values": [
                        0.002626114037992822,
                        0.0024500365946071787
                    ]
                }
            ]
        },
        "values_at_sigma_1": {
            "type": "list",
            "values": [
                {
                    "type": "tuple",
                    "values": [
                        -0.10950928251592813,
                        -0.10417247149681381
                    ]
                },
                {
                    "type": "tuple",
                    "values": [
                        0.00552702728484,
                        0.01060317791744
                    ]
                }
            ]
        }
    }
}