{
    "type": "instance",
    "class_path": "autofit.non_linear.samples.summary.SamplesSummary",
    "arguments": {
        "log_evidence": -58.46075782261096,
        "values_at_sigma_3": {
            "type": "list",
            "values": [
                {
                    "type": "tuple",
                    "values": [
                        0.05517659806240763,
                        0.09058184560689865
                    ]
                },
                {
                    "type": "tuple",
                    "values": [
                        0.040029346357214106,
                        0.07839732056182
                    ]
                }
            ]
        },
        "median_pdf_sample": {
            "type": "instance",
            "class_path": "autofit.non_linear.samples.sample.Sample",
            "arguments": {
                "log_likelihood": -48.14799893473436,
                "log_prior": 0.0,
                "weight": 0.0009924321213633108,
                "kwargs": {
                    "type": "dict",
                    "arguments": {
                        "ellipses.0.ell_comps.ell_comps_0": 0.07932466370502571,
                        "ellipses.0.ell_comps.ell_comps_1": 0.06723147189451038
                    }
                }
            }
        },
        "errors_at_sigma_1": {
            "type": "list",
            "values": [
                {
                    "type": "tuple",
                    "values": [
                        0.01774516987173571,
                        0.004154444938664292
                    ]
                },
                {
                    "type": "tuple",
                    "values": [
                        0.013418308874745911,
                        0.004006257070845315
                    ]
                }
            ]
        },
        "values_at_sigma_1": {
            "type": "list",
            "values": [
                {
                    "type": "tuple",
                    "values": [
                        0.06157949383329,
                        0.08347910864369
                    ]
                },
                {
                    "type": "tuple",
                    "values": [
                        0.05381316301976447,
                        0.0712377289653557
                    ]
                }
            ]
        },
        "errors_at_sigma_3": {
            "type": "list",
            "values": [
                {
                    "type": "tuple",
                    "values": [
                        0.02414806564261808,
                        0.011257181901872942
                    ]
                },
                {
                    "type": "tuple",
                    "values": [
                        0.027202125537296278,
                        0.011165848667309616
                    ]
                }
            ]
        },
        "max_log_likelihood_sample": {
            "type": "instance",
            "class_path": "autofit.non_linear.samples.sample.Sample",
            "arguments": {
                "log_likelihood": -48.14799893473436,
                "log_prior": 0.0,
                "weight": 0.0009924321213633108,
                "kwargs": {
                    "type": "dict",
                    "arguments": {
                        "ellipses.0.ell_comps.ell_comps_0": 0.08155797210475,
                        "ellipses.0.ell_comps.ell_comps_1": 0.06869036391212
                    }
                }
            }
        },
        "model": null
    }
}