{
    "type": "instance",
    "class_path": "autofit.non_linear.samples.summary.SamplesSummary",
    "arguments": {
        "median_pdf_sample": {
            "type": "instance",
            "class_path": "autofit.non_linear.samples.sample.Sample",
            "arguments": {
                "log_likelihood": -43.451636285290725,
                "log_prior": 0.0,
                "weight": 0.001051614735451069,
                "kwargs": {
                    "type": "dict",
                    "arguments": {
                        "ellipses.0.ell_comps.ell_comps_0": 0.06271966232025279,
                        "ellipses.0.ell_comps.ell_comps_1": -0.09354924661242654,
                        "multipoles.0.multipole_3.multipole_comps.multipole_comps_0": -0.02543376774107975,
                        "multipoles.0.multipole_3.multipole_comps.multipole_comps_1": -0.00045771724463323886,
                        "multipoles.0.multipole_4.multipole_comps.multipole_comps_0": 0.06406676040361,
                        "multipoles.0.multipole_4.multipole_comps.multipole_comps_1": -0.04773717275258
                    }
                }
            }
        },
        "max_log_likelihood_sample": {
            "type": "instance",
            "class_path": "autofit.non_linear.samples.sample.Sample",
            "arguments": {
                "log_likelihood": -43.451636285290725,
                "log_prior": 0.0,
                "weight": 0.001051614735451069,
                "kwargs": {
                    "type": "dict",
                    "arguments": {
                        "ellipses.0.ell_comps.ell_comps_0": 0.05665482961181,
                        "ellipses.0.ell_comps.ell_comps_1": -0.09354513445834,
                        "multipoles.0.multipole_3.multipole_comps.multipole_comps_0": -0.07280150159799,
                        "multipoles.0.multipole_3.multipole_comps.multipole_comps_1": 0.00830347517257,
                        "multipoles.0.multipole_4.multipole_comps.multipole_comps_0": 0.0855407547154,
                        "multipoles.0.multipole_4.multipole_comps.multipole_comps_1": -0.06491033077797
                    }
                }
            }
        },
        "values_at_sigma_3": {
            "type": "list",
            "values": [
                {
                    "type": "tuple",
                    "values": [
                        0.04273472742206,
                        0.08354211518549
                    ]
                },
                {
                    "type": "tuple",
                    "values": [
                        -0.10596815621586404,
                        -0.0629771107628539
                    ]
                },
                {
                    "type": "tuple",
                    "values": [
                        -0.0948157378263872,
                        0.07399870902434025
                    ]
                },
                {
                    "type": "tuple",
                    "values": [
                        -0.0770625316994723,
                        0.0752330853048
                    ]
                },
                {
                    "type": "tuple",
                    "values": [
                        -0.06749559335234663,
                        0.09989886421726
                    ]
                },
                {
                    "type": "tuple",
                    "values": [
                        -0.09834268467261,
                        0.04483615575577
                    ]
                }
            ]
        },
        "model": null,
        "log_evidence": -59.905637439212825,
        "errors_at_sigma_1": {
            "type": "list",
            "values": [
                {
                    "type": "tuple",
                    "values": [
                        0.006248835412012793,
                        0.004788679058577203
                    ]
                },
                {
                    "type": "tuple",
                    "values": [
                        0.005826654603633463,
                        0.00397867609171472
                    ]
                },
                {
                    "type": "tuple",
                    "values": [
                        0.023158746396800253,
                        0.03456074774160371
                    ]
                },
                {
                    "type": "tuple",
                    "values": [
                        0.025765238489759673,
                        0.02626262584333324
                    ]
                },
                {
                    "type": "tuple",
                    "values": [
                        0.052279100161070374,
                        0.021899991615109998
                    ]
                },
                {
                    "type": "tuple",
                    "values": [
                        0.01714382789369249,
                        0.025209817834729944
                    ]
                }
            ]
        },
        "errors_at_sigma_3": {
            "type": "list",
            "values": [
                {
                    "type": "tuple",
                    "values": [
                        0.019984934898192794,
                        0.020822452865237207
                    ]
                },
                {
                    "type": "tuple",
                    "values": [
                        0.0124189096034375,
                        0.03057213584957265
                    ]
                },
                {
                    "type": "tuple",
                    "values": [
                        0.06938197008530746,
                        0.09943247676542
                    ]
                },
                {
                    "type": "tuple",
                    "values": [
                        0.07660481445483906,
                        0.07569080254943324
                    ]
                },
                {
                    "type": "tuple",
                    "values": [
                        0.13156235375595665,
                        0.03583210381365
                    ]
                },
                {
                    "type": "tuple",
                    "values": [
                        0.050605511920029995,
                        0.09257332850835
                    ]
                }
            ]
        },
        "values_at_sigma_1": {
            "type": "list",
            "values": [
                {
                    "type": "tuple",
                    "values": [
                        0.05647082690824,
                        0.06750834137883
                    ]
                },
                {
                    "type": "tuple",
                    "values": [
                        -0.09937590121606,
                        -0.08957057052071182
                    ]
                },
                {
                    "type": "tuple",
                    "values": [
                        -0.04859251413788,
                        0.009126980000523966
                    ]
                },
                {
                    "type": "tuple",
                    "values": [
                        -0.02622295573439291,
                        0.0258049085987
                    ]
                },
                {
                    "type": "tuple",
                    "values": [
                        0.01178766024253963,
                        0.08596675201872
                    ]
                },
                {
                    "type": "tuple",
                    "values": [
                        -0.06488100064627249,
                        -0.022527354917850056
                    ]
                }
            ]
        }
    }
}