{
    "type": "instance",
    "class_path": "autofit.non_linear.samples.summary.SamplesSummary",
    "arguments": {
        "errors_at_sigma_3": {
            "type": "list",
            "values": [
                {
                    "type": "tuple",
                    "values": [
                        0.01641486273377038,
                        0.02035687212877464
                    ]
                },
                {
                    "type": "tuple",
                    "values": [
                        0.0237045773890721,
                        0.020010779349988364
                    ]
                },
                {
                    "type": "tuple",
                    "values": [
                        0.06686563300131017,
                        0.05180906496469999
                    ]
                },
                {
                    "type": "tuple",
                    "values": [
                        0.05642273314911632,
                        0.041064084478978885
                    ]
                },
                {
                    "type": "tuple",
                    "values": [
                        0.046282920216249655,
                        0.07561635161947954
                    ]
                },
                {
                    "type": "tuple",
                    "values": [
                        0.06730691291970592,
                        0.04641953037583421
                    ]
                }
            ]
        },
        "errors_at_sigma_1": {
            "type": "list",
            "values": [
                {
                    "type": "tuple",
                    "values": [
                        0.005428171576552485,
                        0.006247396078526629
                    ]
                },
                {
                    "type": "tuple",
                    "values": [
                        0.004197403265830846,
                        0.00491727953743
                    ]
                },
                {
                    "type": "tuple",
                    "values": [
                        0.020599095043948395,
                        0.01989439313385
                    ]
                },
                {
                    "type": "tuple",
                    "values": [
                        0.01791944664656387,
                        0.015637717877183495
                    ]
                },
                {
                    "type": "tuple",
                    "values": [
                        0.01646791501380357,
                        0.018929694891249536
                    ]
                },
                {
                    "type": "tuple",
                    "values": [
                        0.018707743629290532,
                        0.015337754533851874
                    ]
                }
            ]
        },
        "values_at_sigma_3": {
            "type": "list",
            "values": [
                {
                    "type": "tuple",
                    "values": [
                        -0.012085375864037894,
                        0.024686358998507123
                    ]
                },
                {
                    "type": "tuple",
                    "values": [
                        -0.1024519273563921,
                        -0.05873657061733163
                    ]
                },
                {
                    "type": "tuple",
                    "values": [
                        -0.07202849445759017,
                        0.04664620350841999
                    ]
                },
                {
                    "type": "tuple",
                    "values": [
                        -0.05887823039064,
                        0.0386085872374552
                    ]
                },
                {
                    "type": "tuple",
                    "values": [
                        -0.04179916425744919,
                        0.08010010757828
                    ]
                },
                {
                    "type": "tuple",
                    "values": [
                        -0.04602246348155779,
                        0.06770397981398234
                    ]
                }
            ]
        },
        "values_at_sigma_1": {
            "type": "list",
            "values": [
                {
                    "type": "tuple",
                    "values": [
                        -0.00109868470682,
                        0.010576882948259115
                    ]
                },
                {
                    "type": "tuple",
                    "values": [
                        -0.08294475323315084,
                        -0.07383007042989
                    ]
                },
                {
                    "type": "tuple",
                    "values": [
                        -0.025761956500228396,
                        0.01473153167757
                    ]
                },
                {
                    "type": "tuple",
                    "values": [
                        -0.020374943888087558,
                        0.013182220635659811
                    ]
                },
                {
                    "type": "tuple",
                    "values": [
                        -0.011984159055003102,
                        0.02341345085005
                    ]
                },
                {
                    "type": "tuple",
                    "values": [
                        0.0025767058088575928,
                        0.036622203972
                    ]
                }
            ]
        },
        "log_evidence": -48.470685293761704,
        "median_pdf_sample": {
            "type": "instance",
            "class_path": "autofit.non_linear.samples.sample.Sample",
            "arguments": {
                "log_likelihood": -32.53051920157941,
                "log_prior": 0.0,
                "weight": 0.0010370429084323386,
                "kwargs": {
                    "type": "dict",
                    "arguments": {
                        "ellipses.0.ell_comps.ell_comps_0": 0.004329486869732485,
                        "ellipses.0.ell_comps.ell_comps_1": -0.07874734996732,
                        "multipoles.0.multipole_3.multipole_comps.multipole_comps_0": -0.00516286145628,
                        "multipoles.0.multipole_3.multipole_comps.multipole_comps_1": -0.0024554972415236857,
                        "multipoles.0.multipole_4.multipole_comps.multipole_comps_0": 0.004483755958800466,
                        "multipoles.0.multipole_4.multipole_comps.multipole_comps_1": 0.021284449438148126
                    }
                }
            }
        },
        "max_log_likelihood_sample": {
            "type": "instance",
            "class_path": "autofit.non_linear.samples.sample.Sample",
            "arguments": {
                "log_likelihood": -32.53051920157941,
                "log_prior": 0.0,
                "weight": 0.0010370429084323386,
                "kwargs": {
                    "type": "dict",
                    "arguments": {
                        "ellipses.0.ell_comps.ell_comps_0": 0.00920415041338,
                        "ellipses.0.ell_comps.ell_comps_1": -0.08098420481596,
                        "multipoles.0.multipole_3.multipole_comps.multipole_comps_0": 0.0033634320776,
                        "multipoles.0.multipole_3.multipole_comps.multipole_comps_1": 0.00423014846889,
                        "multipoles.0.multipole_4.multipole_comps.multipole_comps_0": -0.00707604374061,
                        "multipoles.0.multipole_4.multipole_comps.multipole_comps_1": 0.02499105593137
                    }
                }
            }
        },
        "model": null
    }
}