{
    "type": "instance",
    "class_path": "autofit.non_linear.samples.summary.SamplesSummary",
    "arguments": {
        "max_log_likelihood_sample": {
            "type": "instance",
            "class_path": "autofit.non_linear.samples.sample.Sample",
            "arguments": {
                "log_likelihood": -44.64048344462694,
                "log_prior": 0.0,
                "weight": 0.0010091823882562468,
                "kwargs": {
                    "type": "dict",
                    "arguments": {
                        "ellipses.0.ell_comps.ell_comps_0": 0.10757928221885,
                        "ellipses.0.ell_comps.ell_comps_1": 0.06213534082924,
                        "multipoles.0.multipole_3.multipole_comps.multipole_comps_0": -0.01900571363804,
                        "multipoles.0.multipole_3.multipole_comps.multipole_comps_1": -0.06893352006051,
                        "multipoles.0.multipole_4.multipole_comps.multipole_comps_0": -0.09175413975024,
                        "multipoles.0.multipole_4.multipole_comps.multipole_comps_1": -0.02836797832871
                    }
                }
            }
        },
        "model": null,
        "median_pdf_sample": {
            "type": "instance",
            "class_path": "autofit.non_linear.samples.sample.Sample",
            "arguments": {
                "log_likelihood": -44.64048344462694,
                "log_prior": 0.0,
                "weight": 0.0010091823882562468,
                "kwargs": {
                    "type": "dict",
                    "arguments": {
                        "ellipses.0.ell_comps.ell_comps_0": 0.10885307201614966,
                        "ellipses.0.ell_comps.ell_comps_1": 0.05473556617806,
                        "multipoles.0.multipole_3.multipole_comps.multipole_comps_0": -0.02388715998129081,
                        "multipoles.0.multipole_3.multipole_comps.multipole_comps_1": -0.03068459337000325,
                        "multipoles.0.multipole_4.multipole_comps.multipole_comps_0": -0.02853686955482015,
                        "multipoles.0.multipole_4.multipole_comps.multipole_comps_1": -0.03049670536011
                    }
                }
            }
        },
        "errors_at_sigma_3": {
            "type": "list",
            "values": [
                {
                    "type": "tuple",
                    "values": [
                        0.025048166991819665,
                        0.025184676097523895
                    ]
                },
                {
                    "type": "tuple",
                    "values": [
                        0.021626742285179995,
                        0.05226187126296025
                    ]
                },
                {
                    "type": "tuple",
                    "values": [
                        0.07366296863091937,
                        0.11825986186808082
                    ]
                },
                {
                    "type": "tuple",
                    "values": [
                        0.06922765048340675,
                        0.10878955014071325
                    ]
                },
                {
                    "type": "tuple",
                    "values": [
                        0.07122023605359322,
                        0.1225971537720869
                    ]
                },
                {
                    "type": "tuple",
                    "values": [
                        0.06881347379410001,
                        0.10449649558891176
                    ]
                }
            ]
        },
        "values_at_sigma_1": {
            "type": "list",
            "values": [
                {
                    "type": "tuple",
                    "values": [
                        0.10524078830273419,
                        0.11999131631599123
                    ]
                },
                {
                    "type": "tuple",
                    "values": [
                        0.047977557064869475,
                        0.07275398574250837
                    ]
                },
                {
                    "type": "tuple",
                    "values": [
                        -0.05410378775907262,
                        0.006459797668404452
                    ]
                },
                {
                    "type": "tuple",
                    "values": [
                        -0.07685005511398663,
                        0.02465091995494
                    ]
                },
                {
                    "type": "tuple",
                    "values": [
                        -0.07647013565136,
                        0.024617841683496393
                    ]
                },
                {
                    "type": "tuple",
                    "values": [
                        -0.07546690762020279,
                        0.005500410383051958
                    ]
                }
            ]
        },
        "log_evidence": -60.63190818684708,
        "values_at_sigma_3": {
            "type": "list",
            "values": [
                {
                    "type": "tuple",
                    "values": [
                        0.08380490502433,
                        0.13403774811367355
                    ]
                },
                {
                    "type": "tuple",
                    "values": [
                        0.03310882389288,
                        0.10699743744102025
                    ]
                },
                {
                    "type": "tuple",
                    "values": [
                        -0.09755012861221019,
                        0.09437270188679
                    ]
                },
                {
                    "type": "tuple",
                    "values": [
                        -0.09991224385341,
                        0.07810495677071
                    ]
                },
                {
                    "type": "tuple",
                    "values": [
                        -0.09975710560841337,
                        0.09406028421726674
                    ]
                },
                {
                    "type": "tuple",
                    "values": [
                        -0.09931017915421,
                        0.07399979022880177
                    ]
                }
            ]
        },
        "errors_at_sigma_1": {
            "type": "list",
            "values": [
                {
                    "type": "tuple",
                    "values": [
                        0.0036122837134154734,
                        0.011138244299841574
                    ]
                },
                {
                    "type": "tuple",
                    "values": [
                        0.006758009113190522,
                        0.01801841956444837
                    ]
                },
                {
                    "type": "tuple",
                    "values": [
                        0.030216627777781807,
                        0.030346957649695264
                    ]
                },
                {
                    "type": "tuple",
                    "values": [
                        0.04616546174398338,
                        0.05533551332494325
                    ]
                },
                {
                    "type": "tuple",
                    "values": [
                        0.04793326609653985,
                        0.05315471123831654
                    ]
                },
                {
                    "type": "tuple",
                    "values": [
                        0.044970202260092795,
                        0.03599711574316196
                    ]
                }
            ]
        }
    }
}