{
    "type": "instance",
    "class_path": "autofit.non_linear.samples.summary.SamplesSummary",
    "arguments": {
        "errors_at_sigma_1": {
            "type": "list",
            "values": [
                {
                    "type": "tuple",
                    "values": [
                        0.026632950973651162,
                        0.027401189313590493
                    ]
                },
                {
                    "type": "tuple",
                    "values": [
                        0.02370260156832643,
                        0.026230961127747032
                    ]
                },
                {
                    "type": "tuple",
                    "values": [
                        0.019122257089795536,
                        0.017274512759475336
                    ]
                },
                {
                    "type": "tuple",
                    "values": [
                        0.015338874480722561,
                        0.015872936551445282
                    ]
                },
                {
                    "type": "tuple",
                    "values": [
                        0.024126769520156993,
                        0.0226889804751906
                    ]
                },
                {
                    "type": "tuple",
                    "values": [
                        0.012460468625434939,
                        0.01275785614901255
                    ]
                },
                {
                    "type": "tuple",
                    "values": [
                        0.011058857091875708,
                        0.010864929760260694
                    ]
                },
                {
                    "type": "tuple",
                    "values": [
                        0.008207490803260057,
                        0.006863319035303695
                    ]
                },
                {
                    "type": "tuple",
                    "values": [
                        0.00484286827223308,
                        0.004653362583310434
                    ]
                },
                {
                    "type": "tuple",
                    "values": [
                        0.04994564210714558,
                        0.047072462903120726
                    ]
                },
                {
                    "type": "tuple",
                    "values": [
                        0.015151895041063124,
                        0.016371831930208608
                    ]
                },
                {
                    "type": "tuple",
                    "values": [
                        0.018454319690316245,
                        0.01654077428898178
                    ]
                }
            ]
        },
        "values_at_sigma_1": {
            "type": "list",
            "values": [
                {
                    "type": "tuple",
                    "values": [
                        -0.0894970109360529,
                        -0.03546287064881125
                    ]
                },
                {
                    "type": "tuple",
                    "values": [
                        -0.18473289135202858,
                        -0.13479932865595512
                    ]
                },
                {
                    "type": "tuple",
                    "values": [
                        1.158984723668382,
                        1.1953814935176528
                    ]
                },
                {
                    "type": "tuple",
                    "values": [
                        -0.07651927776728776,
                        -0.045307466735119914
                    ]
                },
                {
                    "type": "tuple",
                    "values": [
                        0.003761800287280937,
                        0.05057755028262853
                    ]
                },
                {
                    "type": "tuple",
                    "values": [
                        0.004198052599741532,
                        0.02941637737418902
                    ]
                },
                {
                    "type": "tuple",
                    "values": [
                        -0.0030285386041986272,
                        0.018895248247937774
                    ]
                },
                {
                    "type": "tuple",
                    "values": [
                        -0.014652579520548563,
                        0.0004182303180151898
                    ]
                },
                {
                    "type": "tuple",
                    "values": [
                        -0.02475035990696874,
                        -0.015254129051425225
                    ]
                },
                {
                    "type": "tuple",
                    "values": [
                        1.9668290600101097,
                        2.063847165020376
                    ]
                },
                {
                    "type": "tuple",
                    "values": [
                        -0.10465510877739356,
                        -0.07313138180612183
                    ]
                },
                {
                    "type": "tuple",
                    "values": [
                        -0.051870633876915595,
                        -0.01687553989761757
                    ]
                }
            ]
        },
        "median_pdf_sample": {
            "type": "instance",
            "class_path": "autofit.non_linear.samples.sample.Sample",
            "arguments": {
                "log_likelihood": -30007.189188042383,
                "log_prior": 3.7977447816180665,
                "weight": 5.468384464852416e-05,
                "kwargs": {
                    "type": "dict",
                    "arguments": {
                        "galaxies.lens.mass.ell_comps.ell_comps_0": -0.06286405996240174,
                        "galaxies.lens.mass.ell_comps.ell_comps_1": -0.16103028978370215,
                        "galaxies.lens.multipole_4.einstein_radius": 1.1781069807581774,
                        "galaxies.lens.multipole_4.centre.centre_0": -0.061180403286565196,
                        "galaxies.lens.multipole_4.centre.centre_1": 0.02788856980743793,
                        "galaxies.lens.multipole_3.multipole_comps.multipole_comps_0": 0.01665852122517647,
                        "galaxies.lens.multipole_3.multipole_comps.multipole_comps_1": 0.00803031848767708,
                        "galaxies.lens.multipole_4.multipole_comps.multipole_comps_0": -0.006445088717288505,
                        "galaxies.lens.multipole_4.multipole_comps.multipole_comps_1": -0.01990749163473566,
                        "galaxies.lens.multipole_4.slope": 2.0167747021172553,
                        "galaxies.lens.shear.gamma_1": -0.08950321373633044,
                        "galaxies.lens.shear.gamma_2": -0.03341631418659935
                    }
                }
            }
        },
        "max_log_likelihood_sample": {
            "type": "instance",
            "class_path": "autofit.non_linear.samples.sample.Sample",
            "arguments": {
                "log_likelihood": -30007.189188042383,
                "log_prior": 3.7977447816180665,
                "weight": 5.468384464852416e-05,
                "kwargs": {
                    "type": "dict",
                    "arguments": {
                        "galaxies.lens.mass.ell_comps.ell_comps_0": -0.030748551744528063,
                        "galaxies.lens.mass.ell_comps.ell_comps_1": -0.18060389385159115,
                        "galaxies.lens.multipole_4.einstein_radius": 1.1883381260198695,
                        "galaxies.lens.multipole_4.centre.centre_0": -0.0711732438408034,
                        "galaxies.lens.multipole_4.centre.centre_1": 0.05612597117555979,
                        "galaxies.lens.multipole_3.multipole_comps.multipole_comps_0": 0.03163988450105,
                        "galaxies.lens.multipole_3.multipole_comps.multipole_comps_1": 0.0158822421923,
                        "galaxies.lens.multipole_4.multipole_comps.multipole_comps_0": -0.01140140026542,
                        "galaxies.lens.multipole_4.multipole_comps.multipole_comps_1": -0.02016665754238,
                        "galaxies.lens.multipole_4.slope": 2.05439243662469,
                        "galaxies.lens.shear.gamma_1": -0.09091530180024,
                        "galaxies.lens.shear.gamma_2": -0.01827660967624
                    }
                }
            }
        },
        "errors_at_sigma_3": {
            "type": "list",
            "values": [
                {
                    "type": "tuple",
                    "values": [
                        0.07566950861434521,
                        0.07942514863001367
                    ]
                },
                {
                    "type": "tuple",
                    "values": [
                        0.06799596421303802,
                        0.08069454738267534
                    ]
                },
                {
                    "type": "tuple",
                    "values": [
                        0.05117521858529628,
                        0.056307339468309126
                    ]
                },
                {
                    "type": "tuple",
                    "values": [
                        0.04948342807448591,
                        0.058653262841814005
                    ]
                },
                {
                    "type": "tuple",
                    "values": [
                        0.07481831028395455,
                        0.05973937089187773
                    ]
                },
                {
                    "type": "tuple",
                    "values": [
                        0.032761272674213575,
                        0.03310011295644584
                    ]
                },
                {
                    "type": "tuple",
                    "values": [
                        0.03394634052294242,
                        0.032342162799032036
                    ]
                },
                {
                    "type": "tuple",
                    "values": [
                        0.020616416648893833,
                        0.01711287974791382
                    ]
                },
                {
                    "type": "tuple",
                    "values": [
                        0.015451441126599165,
                        0.013201674955112964
                    ]
                },
                {
                    "type": "tuple",
                    "values": [
                        0.1582687091930446,
                        0.14054798720009876
                    ]
                },
                {
                    "type": "tuple",
                    "values": [
                        0.04038133646338293,
                        0.04893923174173089
                    ]
                },
                {
                    "type": "tuple",
                    "values": [
                        0.052322325924959515,
                        0.051156508641963125
                    ]
                }
            ]
        },
        "log_evidence": -30044.57828419532,
        "values_at_sigma_3": {
            "type": "list",
            "values": [
                {
                    "type": "tuple",
                    "values": [
                        -0.13853356857674695,
                        0.01656108866761193
                    ]
                },
                {
                    "type": "tuple",
                    "values": [
                        -0.22902625399674018,
                        -0.08033574240102681
                    ]
                },
                {
                    "type": "tuple",
                    "values": [
                        1.1269317621728812,
                        1.2344143202264866
                    ]
                },
                {
                    "type": "tuple",
                    "values": [
                        -0.11066383136105111,
                        -0.0025271404447511944
                    ]
                },
                {
                    "type": "tuple",
                    "values": [
                        -0.046929740476516615,
                        0.08762794069931566
                    ]
                },
                {
                    "type": "tuple",
                    "values": [
                        -0.016102751449037105,
                        0.04975863418162231
                    ]
                },
                {
                    "type": "tuple",
                    "values": [
                        -0.02591602203526534,
                        0.040372481286709117
                    ]
                },
                {
                    "type": "tuple",
                    "values": [
                        -0.027061505366182338,
                        0.010667791030625314
                    ]
                },
                {
                    "type": "tuple",
                    "values": [
                        -0.035358932761334824,
                        -0.006705816679622694
                    ]
                },
                {
                    "type": "tuple",
                    "values": [
                        1.8585059929242107,
                        2.157322689317354
                    ]
                },
                {
                    "type": "tuple",
                    "values": [
                        -0.12988455019971337,
                        -0.04056398199459955
                    ]
                },
                {
                    "type": "tuple",
                    "values": [
                        -0.08573864011155886,
                        0.017740194455363772
                    ]
                }
            ]
        },
        "model": null
    }
}