{
    "type": "instance",
    "class_path": "autofit.non_linear.samples.summary.SamplesSummary",
    "arguments": {
        "model": null,
        "errors_at_sigma_3": {
            "type": "list",
            "values": [
                {
                    "type": "tuple",
                    "values": [
                        0.010457163506307092,
                        0.012591859657312111
                    ]
                },
                {
                    "type": "tuple",
                    "values": [
                        0.011419922087086434,
                        0.008873048774833012
                    ]
                }
            ]
        },
        "max_log_likelihood_sample": {
            "type": "instance",
            "class_path": "autofit.non_linear.samples.sample.Sample",
            "arguments": {
                "log_likelihood": -25.211506500103162,
                "log_prior": 0.0,
                "weight": 0.0009802976407745775,
                "kwargs": {
                    "type": "dict",
                    "arguments": {
                        "ellipses.0.ell_comps.ell_comps_0": -0.05165408606937,
                        "ellipses.0.ell_comps.ell_comps_1": -0.09412306507278
                    }
                }
            }
        },
        "log_evidence": -35.00632029716461,
        "median_pdf_sample": {
            "type": "instance",
            "class_path": "autofit.non_linear.samples.sample.Sample",
            "arguments": {
                "log_likelihood": -25.211506500103162,
                "log_prior": 0.0,
                "weight": 0.0009802976407745775,
                "kwargs": {
                    "type": "dict",
                    "arguments": {
                        "ellipses.0.ell_comps.ell_comps_0": -0.05148128292870211,
                        "ellipses.0.ell_comps.ell_comps_1": -0.09446271124973
                    }
                }
            }
        },
        "values_at_sigma_3": {
            "type": "list",
            "values": [
                {
                    "type": "tuple",
                    "values": [
                        -0.0619384464350092,
                        -0.03888942327139
                    ]
                },
                {
                    "type": "tuple",
                    "values": [
                        -0.10588263333681644,
                        -0.085589662474897
                    ]
                }
            ]
        },
        "errors_at_sigma_1": {
            "type": "list",
            "values": [
                {
                    "type": "tuple",
                    "values": [
                        0.00396236830416271,
                        0.004160573041012111
                    ]
                },
                {
                    "type": "tuple",
                    "values": [
                        0.003012099225524728,
                        0.00258916079431
                    ]
                }
            ]
        },
        "values_at_sigma_1": {
            "type": "list",
            "values": [
                {
                    "type": "tuple",
                    "values": [
                        -0.05544365123286482,
                        -0.04732070988769
                    ]
                },
                {
                    "type": "tuple",
                    "values": [
                        -0.09747481047525473,
                        -0.09187355045542
                    ]
                }
            ]
        }
    }
}