{
    "type": "instance",
    "class_path": "autofit.non_linear.samples.summary.SamplesSummary",
    "arguments": {
        "errors_at_sigma_1": {
            "type": "list",
            "values": [
                {
                    "type": "tuple",
                    "values": [
                        0.0028176170528208117,
                        0.003195701108199181
                    ]
                },
                {
                    "type": "tuple",
                    "values": [
                        0.002147673477402842,
                        0.0023328261859697497
                    ]
                },
                {
                    "type": "tuple",
                    "values": [
                        0.0041434449976382945,
                        0.0032234602538767703
                    ]
                },
                {
                    "type": "tuple",
                    "values": [
                        0.003965903733649966,
                        0.004037189930630615
                    ]
                },
                {
                    "type": "tuple",
                    "values": [
                        0.005081817440749105,
                        0.006255772469979032
                    ]
                },
                {
                    "type": "tuple",
                    "values": [
                        0.00505851649207,
                        0.004796874249330456
                    ]
                }
            ]
        },
        "log_evidence": -76.66851747923381,
        "median_pdf_sample": {
            "type": "instance",
            "class_path": "autofit.non_linear.samples.sample.Sample",
            "arguments": {
                "log_likelihood": -53.794942685394915,
                "log_prior": 0.0,
                "weight": 0.0010340492570373957,
                "kwargs": {
                    "type": "dict",
                    "arguments": {
                        "ellipses.0.ell_comps.ell_comps_0": -0.11504756304996919,
                        "ellipses.0.ell_comps.ell_comps_1": -0.03441524561487975,
                        "multipoles.0.multipole_3.multipole_comps.multipole_comps_0": -0.003304191635370496,
                        "multipoles.0.multipole_3.multipole_comps.multipole_comps_1": -0.000576523006020034,
                        "multipoles.0.multipole_4.multipole_comps.multipole_comps_0": -0.00136882968471,
                        "multipoles.0.multipole_4.multipole_comps.multipole_comps_1": -0.00998682711425
                    }
                }
            }
        },
        "max_log_likelihood_sample": {
            "type": "instance",
            "class_path": "autofit.non_linear.samples.sample.Sample",
            "arguments": {
                "log_likelihood": -53.794942685394915,
                "log_prior": 0.0,
                "weight": 0.0010340492570373957,
                "kwargs": {
                    "type": "dict",
                    "arguments": {
                        "ellipses.0.ell_comps.ell_comps_0": -0.11656316710383,
                        "ellipses.0.ell_comps.ell_comps_1": -0.03497722865489,
                        "multipoles.0.multipole_3.multipole_comps.multipole_comps_0": -0.00383857177958,
                        "multipoles.0.multipole_3.multipole_comps.multipole_comps_1": 0.00028003654715,
                        "multipoles.0.multipole_4.multipole_comps.multipole_comps_0": -0.00491095083335,
                        "multipoles.0.multipole_4.multipole_comps.multipole_comps_1": -0.00880031686551
                    }
                }
            }
        },
        "model": null,
        "errors_at_sigma_3": {
            "type": "list",
            "values": [
                {
                    "type": "tuple",
                    "values": [
                        0.0072773219395308175,
                        0.008336398929559313
                    ]
                },
                {
                    "type": "tuple",
                    "values": [
                        0.0072104483467854835,
                        0.006522045138059748
                    ]
                },
                {
                    "type": "tuple",
                    "values": [
                        0.011174980793879505,
                        0.008934806929156922
                    ]
                },
                {
                    "type": "tuple",
                    "values": [
                        0.010403796454930161,
                        0.010533224986928269
                    ]
                },
                {
                    "type": "tuple",
                    "values": [
                        0.015427441518529999,
                        0.01723820738984985
                    ]
                },
                {
                    "type": "tuple",
                    "values": [
                        0.0140006663703386,
                        0.013660092026340845
                    ]
                }
            ]
        },
        "values_at_sigma_1": {
            "type": "list",
            "values": [
                {
                    "type": "tuple",
                    "values": [
                        -0.11786518010279,
                        -0.11185186194177
                    ]
                },
                {
                    "type": "tuple",
                    "values": [
                        -0.03656291909228259,
                        -0.03208241942891
                    ]
                },
                {
                    "type": "tuple",
                    "values": [
                        -0.007447636633008791,
                        -8.073138149372543e-05
                    ]
                },
                {
                    "type": "tuple",
                    "values": [
                        -0.00454242673967,
                        0.003460666924610581
                    ]
                },
                {
                    "type": "tuple",
                    "values": [
                        -0.006450647125459105,
                        0.004886942785269032
                    ]
                },
                {
                    "type": "tuple",
                    "values": [
                        -0.01504534360632,
                        -0.005189952864919544
                    ]
                }
            ]
        },
        "values_at_sigma_3": {
            "type": "list",
            "values": [
                {
                    "type": "tuple",
                    "values": [
                        -0.1223248849895,
                        -0.10671116412040987
                    ]
                },
                {
                    "type": "tuple",
                    "values": [
                        -0.04162569396166523,
                        -0.02789320047682
                    ]
                },
                {
                    "type": "tuple",
                    "values": [
                        -0.01447917242925,
                        0.005630615293786426
                    ]
                },
                {
                    "type": "tuple",
                    "values": [
                        -0.010980319460950195,
                        0.009956701980908235
                    ]
                },
                {
                    "type": "tuple",
                    "values": [
                        -0.01679627120324,
                        0.01586937770513985
                    ]
                },
                {
                    "type": "tuple",
                    "values": [
                        -0.0239874934845886,
                        0.0036732649120908446
                    ]
                }
            ]
        }
    }
}